training/actor/actor_loss,training/actor/bc_flow_loss,training/actor/distill_loss,training/actor/mse,training/actor/q,training/actor/q_loss,training/critic/bcfm_loss,training/critic/critic_loss,training/critic/dcfm_loss,training/critic/q_max,training/critic/q_mean,training/critic/q_min,training/critic/q_std,training/critic/q_std_max,training/critic/q_std_min,training/critic/weight,training/grad/max,training/grad/min,training/grad/norm,validation/actor/actor_loss,validation/actor/bc_flow_loss,validation/actor/distill_loss,validation/actor/mse,validation/actor/q,validation/actor/q_loss,validation/critic/bcfm_loss,validation/critic/critic_loss,validation/critic/dcfm_loss,validation/critic/q_max,validation/critic/q_mean,validation/critic/q_min,validation/critic/q_std,validation/critic/q_std_max,validation/critic/q_std_min,validation/critic/weight,time/epoch_time,time/total_time,exploration/prev_button_states,exploration/button_states,exploration/prev_qpos,exploration/prev_qvel,exploration/qpos,exploration/qvel,exploration/control,exploration/time,exploration/success,exploration/total.timesteps,exploration/episode.final_reward,exploration/episode.return,exploration/episode.length,exploration/episode.duration,step
122.04559,0.067421496,0.2696173,0.0031594534,-119.282,119.282,[7.16676831e-01 3.40705931e-01 7.40156323e-02 3.26090723e-01
 5.44174075e-01 1.79570585e-01 6.69553459e-01 3.47135961e-01
 5.29444143e-02 1.35516256e-01 4.28831857e-03 8.93903673e-01
 9.45223123e-02 1.99634910e-01 9.12666991e-02 2.84274369e-01
 4.00469303e-01 1.49110728e-03 2.21117511e-02 2.99442410e-02
 7.45095730e-01 1.43282741e-01 9.59829807e-01 2.55218111e-02
 1.14526443e-01 1.48384500e+00 6.77132085e-02 5.15019260e-02
 3.82108986e-01 1.53033035e-02 4.91867065e-02 3.56007725e-01
 2.09198952e-01 1.56583130e+00 1.73904514e+00 4.60886419e-01
 1.05554350e-01 1.78171784e-01 1.06986213e+00 4.66631055e-02
 1.13681495e+00 3.26388717e-01 2.36685443e+00 1.07128143e-01
 4.07649279e-01 4.70060229e-01 8.71519685e-01 5.86516932e-02
 2.53529148e+01 8.99344832e-02 1.36703610e-01 4.88730483e-02
 3.59630473e-02 4.60894674e-01 2.31396532e+00 1.14349306e-01
 1.53521061e-01 1.25661659e+00 7.29705453e-01 1.89665016e-02
 3.84746134e-01 1.38247348e-02 2.69056845e+00 2.63810698e-02
 3.24740171e-01 1.26174152e-01 2.87488937e-01 6.99234530e-02
 7.85573199e-02 2.28970237e-02 7.70792961e-02 1.02832043e+00
 8.18133801e-02 1.01822451e-01 4.95825056e-03 2.17375115e-01
 9.20214597e-03 1.31280040e-02 4.30233598e-01 3.47433472e+00
 2.13200831e+00 3.30862068e-02 6.66856289e-01 2.01614559e-01
 4.19015484e-03 2.84309722e-02 7.46641576e-01 7.88038611e-01
 3.83308791e-02 2.15427075e-02 8.83454978e-02 5.91639102e-01
 1.69679299e-02 7.52899647e+00 4.62134838e-01 6.54689372e-01
 2.91786551e-01 8.29540007e-03 7.59756088e-01 9.76505399e-01
 6.88113645e-02 2.91509479e-02 1.50335097e+00 3.52677315e-01
 4.22232710e-02 3.15550761e-03 2.20512529e-03 1.55533981e-02
 8.22944492e-02 5.75351268e-02 6.07859269e-02 1.42965345e-02
 6.99042529e-02 9.20421630e-02 6.49219751e-02 4.85512733e-01
 1.83934495e-02 1.03384256e+00 4.94963024e-04 3.98263335e-01
 3.63181925e+00 9.50460255e-01 3.46755460e-02 3.69595408e-01
 2.39680111e-01 1.12208617e+00 3.57864213e+00 1.85337309e-02
 3.24646771e-01 1.62410021e-01 1.79946214e-01 1.13922343e-01
 9.84255150e-02 8.84213522e-02 9.08140391e-02 3.80335498e+00
 5.02097893e+00 4.55208957e-01 4.52580023e+00 4.75032508e-01
 2.05432661e-02 3.08167413e-02 1.76797688e-01 3.51472059e-04
 2.85104290e-02 1.54659557e+00 1.93375796e-01 4.64055613e-02
 2.14942470e-01 2.75188744e-01 6.21608162e+00 8.43814492e-01
 4.44696732e-02 3.92843299e-02 1.59962714e+00 2.51239054e-02
 1.16540894e-01 1.30266368e+00 2.95123696e+00 1.21943581e+00
 3.66099104e-02 7.34534621e-01 1.26973027e-02 1.94228962e-01
 1.21701920e+00 5.01684904e-01 2.40502357e-02 3.33855331e-01
 1.69086301e+00 1.14145294e-01 2.58556128e-01 1.42430706e+01
 6.86205029e-02 2.09896162e-01 1.83720849e-02 5.66333979e-02
 6.20304823e-01 3.06759030e-01 1.06519219e-02 2.36052930e-01
 9.93074849e-03 2.46365480e-02 4.14626040e-02 1.21512794e+00
 4.26160604e-01 4.73211497e-01 7.72542357e-02 1.94905922e-01
 4.40938631e-03 2.33747387e+00 3.51984203e-01 5.65786719e-01
 1.20866850e-01 2.51647741e-01 4.56193238e-02 2.04600450e-02
 4.03086782e-01 3.87412608e-02 5.21373987e-01 4.30286303e-02
 3.57947230e+00 3.07991914e-02 1.91991580e+00 2.30772346e-02
 6.63535595e-02 5.05978227e-01 6.52112365e-01 2.29473040e-02
 5.22697009e-02 2.41413355e-01 2.39447560e-02 2.42596775e-01
 2.64670610e-01 2.54273272e+00 1.76749401e+01 1.81918705e+00
 4.25740778e-01 1.07015714e-01 1.62870288e-02 1.86007880e-02
 1.82636455e-02 2.95217056e-02 1.78100020e-01 1.04323208e-01
 1.66871667e-01 2.18982678e-02 1.30486414e-01 7.11940861e+00
 2.68347323e-01 6.13948591e-02 7.12782666e-02 3.68949329e-03
 2.04000273e-03 8.41965750e-02 3.02564781e-02 3.52871902e-02
 1.11408327e-02 3.71034563e-01 9.50171985e-03 1.65579125e-01
 2.11251155e-01 7.19142139e-01 6.81016222e-02 3.43351513e-01
 2.90627480e-02 6.72345310e-02 3.19393545e-01 5.00851929e-01
 4.32828069e-02 4.71223779e-02 1.24320221e+00 3.15756574e-02
 5.01368940e-02 6.47472560e-01 6.37411499e+00 3.12006921e-01],0.62222797,[5.72859645e-01 2.05964763e-02 5.96355833e-02 2.56380618e-01
 7.18163908e-01 2.40070224e-02 6.43073916e-01 5.34883082e-01
 1.44938212e-02 5.96631281e-02 2.21787230e-03 4.19372879e-02
 1.51648894e-02 8.11014026e-02 1.28993616e-01 5.99937439e-01
 5.39574735e-02 2.65988074e-02 2.44708955e-02 1.18766263e-01
 3.36731941e-01 2.46949762e-01 1.16679922e-01 1.32335648e-02
 8.59454181e-03 3.74989323e-02 8.06941688e-02 4.49926704e-02
 1.38186812e-01 1.77641772e-02 1.58443656e-02 1.66673154e-01
 3.86354625e-01 6.49655282e-01 7.88425565e-01 4.33699131e-01
 5.20180725e-03 1.81185395e-01 9.95388851e-02 6.27007522e-03
 8.92341584e-02 8.32981229e-01 9.07865725e-03 2.15982571e-02
 2.89204895e-01 5.63668370e-01 2.31174439e-01 4.47359610e+00
 5.61657524e+00 1.13049597e-02 4.81262105e-04 3.31111834e-03
 3.14325392e-02 1.98954254e-01 1.81063879e+00 1.86150111e-02
 6.50845021e-02 4.36628461e-01 1.21723875e-01 3.24713278e+00
 7.56882876e-02 1.11200381e-02 5.68308681e-02 1.06756352e-02
 6.92590028e-02 5.17096836e-03 2.45796740e-02 8.21572542e-02
 1.29432539e-02 2.37223506e-02 8.90769586e-02 4.75688726e-02
 3.83588299e-02 1.94535702e-02 2.30852216e-02 4.62462485e-01
 8.91109277e-03 1.66810416e-02 2.37276088e-02 1.10788655e+00
 5.45168817e-01 4.54838835e-02 1.95642635e-01 1.47860408e-01
 2.83351801e-02 7.86400214e-03 6.42384440e-02 1.77690715e-01
 1.30369216e-02 1.97526105e-02 2.87762076e-01 1.80883799e-02
 1.46236457e-02 3.73783633e-02 5.93790472e-01 2.10500956e+00
 2.11365238e-01 4.90778387e-02 5.43859005e-02 8.69179010e-01
 6.34658486e-02 5.86363487e-03 1.52381267e-02 1.47330493e-01
 4.55265716e-02 3.26211080e-02 5.60441799e-02 2.07452439e-02
 1.46869332e-01 5.84872533e-03 5.73104024e-02 5.15916478e-03
 1.31312069e-02 2.42574036e-01 4.37904708e-03 3.45681310e-02
 2.41365898e-02 1.01649612e-01 9.60116088e-02 1.17276795e-02
 2.75531679e-01 1.02104314e-01 6.12226576e-02 2.30240710e-02
 1.48986951e-01 8.26441646e-02 2.47029972e+00 1.59924049e-02
 1.73024699e-01 9.02726897e-04 1.80959985e-01 2.64608171e-02
 2.12273486e-02 4.90752608e-02 6.53301328e-02 2.61575818e+00
 8.68251622e-01 4.78018969e-02 2.05573454e-01 2.93559819e-01
 3.45269516e-02 5.48825134e-04 7.92589597e-03 1.41817955e-02
 5.16977757e-02 1.24532199e+00 2.53854305e-01 1.37553979e-02
 1.00448225e-02 5.39605498e-01 6.60007477e-01 3.36461738e-02
 9.15414095e-02 2.12898329e-02 1.93982154e-01 2.55630881e-01
 2.34425329e-02 4.22839746e-02 7.63367489e-02 5.93469083e-01
 9.63554624e-03 1.54963315e-01 2.07099244e-02 2.30602864e-02
 2.27004617e-01 1.09335892e-02 8.12091827e-02 2.35063821e-01
 1.80697128e-01 1.48725405e-01 1.19186151e+00 1.06415665e+00
 2.98258901e-01 4.98667033e-03 1.55533738e-02 1.40050221e-02
 3.18728924e-01 6.45349324e-02 1.97239164e-02 3.79407499e-03
 4.87896660e-03 7.45457225e-03 3.90502334e-01 3.30424428e-01
 2.96557724e-01 1.90219134e-01 2.96390206e-01 4.15877402e-02
 2.04161435e-01 2.22004867e+00 3.02673101e-01 5.35835743e-01
 6.73664212e-02 1.48147285e-01 2.33624373e-02 2.85002366e-02
 2.62706339e-01 1.17661897e-02 3.81190896e-01 2.89585814e-02
 5.56331873e-01 3.16391662e-02 2.73312116e-03 1.10175982e-01
 5.22857867e-02 5.21012604e-01 5.43167144e-02 1.30363856e-03
 1.41362064e-02 5.71581796e-02 2.58596204e-02 8.94168541e-02
 2.47790307e-01 1.26354039e-01 4.68466854e+00 6.52665719e-02
 8.27010944e-02 2.91268528e-01 3.16108018e-02 4.52254042e-02
 1.39577789e-02 8.84897728e-03 2.39807554e-03 1.52195944e-02
 1.87365353e-01 4.85950559e-02 6.30349964e-02 2.34644938e+00
 1.67629798e-03 1.45365344e-02 1.38233546e-02 2.87478492e-02
 1.21452129e-02 5.04727401e-02 1.15159899e-01 3.36910523e-02
 1.25410082e-02 1.51474448e-02 9.76978838e-02 2.16959622e-02
 4.02584046e-01 1.37563312e+00 5.06660566e-02 2.62230694e-01
 3.89957130e-02 1.21379606e-02 8.63715559e-02 1.85318328e-02
 2.38351822e-02 6.34547770e-02 2.31614709e-01 5.88557869e-03
 9.39786527e-03 3.65872800e-01 2.05101166e-03 2.16034889e-01],-75.36034,-130.27498,-191.54572,0.873136,3.9307098,0.6102816,0.90880316,16.090515,-14.327574,174.15865,157.58156,1.0046438,0.36960688,0.10355737,-152.88084,152.88084,[7.86920357e+00 9.70331192e+01 5.91526756e+01 3.70611787e+00
 2.68988556e+02 1.57251328e+02 4.81160583e+02 3.65502167e+02
 5.52216148e+01 1.00133276e+00 2.43281345e+01 4.42025337e+01
 3.65736206e+02 7.05538513e+02 1.41607265e+01 1.27263924e+02
 6.40303345e+01 1.04162671e+03 7.28776245e+02 4.13729591e+01
 1.55920837e+02 1.85097498e+03 4.50830383e+01 1.39221481e+02
 8.17090149e+01 7.48462057e+00 4.66550781e+02 2.17664429e+02
 1.37766438e+01 2.01782166e+02 1.24123352e+02 1.27785530e+01
 4.64573288e+00 2.83731537e+02 9.70522156e+01 2.48057261e-01
 1.62123703e+02 6.14920921e+01 5.36975250e+01 2.23237122e+02
 1.40284134e+02 2.01837695e+03 1.46772110e+02 3.54146729e+01
 6.77304611e+01 2.81402344e+02 5.42931786e+01 1.18445786e+02
 4.32065125e+01 1.78426991e+01 2.89050079e+02 7.01529503e+00
 3.34750290e+01 7.23536987e+02 1.90862476e+03 1.03326502e+01
 2.61422157e+01 1.46054077e+02 3.07391548e+01 5.63370483e+02
 3.16317520e+01 1.23537376e+02 5.23884430e+01 8.62032394e+01
 2.38659988e+02 2.01288185e+01 1.86204132e+02 1.06375107e+02
 1.56238213e+01 3.77776184e+01 3.82886719e+02 1.84517688e+03
 1.03048813e+02 2.03776596e+02 2.60427570e+01 1.17046021e+02
 2.10354595e+01 2.69896790e+02 4.50736160e+01 2.09574432e+02
 2.11377899e+02 5.35784817e+00 5.87686920e+01 2.34764366e+01
 5.45824146e+00 1.60975235e+02 6.68553772e+01 2.96122475e+01
 7.49675064e+01 4.84811829e+02 1.47141373e+02 1.94961838e+02
 2.96488098e+02 6.20067505e+02 1.72281981e+00 1.48495044e+03
 4.75184021e+02 5.01423462e+02 1.61717163e+03 1.46943388e+01
 8.89489975e+01 1.39941320e+01 1.68783035e+02 2.69615765e+01
 2.55670605e+01 1.79293396e+02 5.71076059e+00 1.04217316e+02
 1.52821503e+02 1.54077873e+01 4.00466431e+02 1.25123100e+01
 6.51505737e+01 5.02201915e-01 1.79948378e+00 1.22845261e+02
 8.05606384e+01 7.98542738e+00 3.32307037e+02 2.54327011e+00
 5.45481110e+01 5.08025894e+01 9.18825302e+01 2.69687500e+02
 3.01457367e+02 1.75464478e+01 4.08694649e+00 1.04772926e+02
 5.71796379e+01 1.81197647e+02 1.10509682e+01 9.30707321e+01
 2.46645153e-01 1.10924244e+01 8.71072205e+02 2.52474670e+01
 2.90573635e+01 4.19517365e+01 7.94471741e+01 6.37003441e+01
 3.06089497e+01 2.03909454e+01 2.38406315e+01 3.13509727e+00
 1.74748878e+01 4.14507942e+01 2.33414124e+02 1.57611526e+02
 1.28948536e+01 4.15556793e+01 1.62044067e+01 1.41352692e+01
 1.64981842e+01 7.74039764e+01 1.30026831e+03 5.16326675e+01
 2.06323975e+02 6.08169651e+00 2.58776436e+01 1.43901306e+02
 4.13869400e+01 1.88674974e+00 1.14989906e+02 8.43828964e+01
 3.21753998e+01 6.54282074e+01 4.36663513e+02 2.13049759e+02
 1.73857605e+02 4.69736816e+02 6.21100464e+01 3.06549759e+01
 2.23709152e+02 7.21859646e+00 1.28985291e+02 2.74620667e+02
 1.11115344e+03 1.69421463e+02 4.31266441e+01 2.58681976e+02
 5.46298485e+01 2.28021126e+01 4.27338123e+00 3.72422104e+01
 1.35077728e+02 2.52458954e+01 2.38640854e+02 4.38973236e+01
 2.37361860e+00 2.90625427e+02 3.62585640e+01 6.62175369e+01
 1.14365520e+01 2.36934158e+02 4.21336823e+01 1.49781509e+02
 1.63638138e+02 5.92021370e+00 1.13380051e+02 5.83708153e+01
 2.36879166e+02 3.86997681e+01 3.72036171e+01 1.47018692e+02
 3.01099033e+01 4.27315857e+02 1.64705296e+01 1.47624359e+02
 1.93020287e+01 4.23433571e+01 1.67369022e+01 1.91418381e+01
 1.41101465e+01 1.33168793e+02 3.12001686e+01 3.86221504e+00
 1.35128906e+02 1.23479332e+02 3.57518363e+00 4.35345306e+01
 3.01292816e+02 3.50149002e+01 3.97103143e+00 1.31975906e+02
 3.64226341e+01 1.95046997e+02 7.28264189e+00 8.15374832e+01
 5.98257690e+02 5.16332626e+01 6.76880035e+01 3.38085266e+02
 1.03066750e+01 2.01081970e+02 1.02428604e+02 8.97000580e+01
 2.70738007e+02 4.71536926e+02 1.75413223e+02 3.99831009e+01
 8.23109894e+01 2.99383148e+02 2.98381775e+02 2.25984550e+00
 1.07516279e+01 7.62779665e+00 7.82336349e+01 3.94187164e+02
 3.25729053e+03 2.17084396e+02 1.63343826e+02 4.21604252e+00
 2.85235157e+01 4.16313286e+01 6.97502441e+01 4.45383682e+01],214.54704,[3.11379647e-03 3.65161552e+01 2.97386436e+01 2.49554176e+01
 3.75777313e+02 1.28278229e+02 2.83240631e+02 2.30775085e+02
 3.05860634e+01 1.72743887e-01 2.56151390e+01 3.23358994e+01
 1.95209076e+02 3.89236259e+01 1.49014330e+01 1.84817307e+02
 2.31362396e+02 1.04843774e+03 1.09991064e+03 2.11604538e+01
 3.04109924e+02 8.01514435e+01 2.01450233e+01 9.50238953e+01
 3.11746807e+01 7.26329851e+00 2.60118408e+02 1.20760963e+02
 1.33120596e+00 2.40560440e+02 6.39054918e+00 2.04543266e+01
 9.04629517e+00 2.69902161e+02 2.40970554e+01 1.27557799e-01
 1.11149216e+02 4.17786255e+01 4.40728378e+01 5.93215828e+01
 1.15738708e+02 2.35143799e+03 6.60967102e+01 2.34097157e+01
 7.03795929e+01 1.01190930e+03 1.66233826e+01 4.48985558e+01
 3.09304047e+01 8.01127167e+01 2.76572479e+02 1.00378597e+00
 2.12891221e-01 6.76280457e+02 1.05767712e+03 3.69268131e+00
 3.60393524e+01 7.77175903e+01 2.82046165e+01 5.32895569e+02
 1.52278996e+01 6.91718216e+01 5.72534256e+01 2.43985023e+01
 1.02518715e+02 3.11264496e+01 1.12114685e+02 8.99741058e+01
 1.36093473e+01 3.74230695e+00 4.65115082e+02 5.17741394e+02
 1.38792480e+02 1.85513138e+02 5.14372711e+01 3.53074837e+01
 7.77129269e+00 4.33101685e+02 9.56752014e+01 1.68501770e+02
 8.31861877e+01 9.59667873e+00 3.91491890e+01 2.86604748e+01
 1.96270251e+00 1.50677765e+02 5.39662361e+01 8.91401672e+01
 7.11889601e+00 4.56667725e+02 8.89486790e+00 7.72200394e+01
 7.17796402e+01 3.95426422e+02 1.50296539e-01 7.60618408e+02
 2.05673492e+02 3.35573547e+02 8.81473145e+02 1.31474371e+01
 6.72586899e+01 1.12110305e+00 5.27553215e+01 1.13289795e+02
 2.91515598e+01 2.34855713e+02 5.28618622e+00 5.02481308e+01
 2.25988770e+01 1.33231440e+01 1.67948853e+02 8.45019817e+00
 5.47985954e+01 1.82059212e+01 2.05201759e+01 9.80834885e+01
 4.13160553e+01 7.13497996e-01 6.31200562e+02 3.12536240e+00
 9.65673351e+00 5.38987846e+01 3.82252622e+00 1.37988251e+02
 3.81874268e+02 9.24265766e+00 3.49612951e+00 1.71482334e+01
 6.01250572e+01 1.45977173e+02 1.44527864e+01 1.10668175e+02
 7.76814163e-01 2.33942103e+00 8.28862549e+02 1.34190440e+00
 1.90629101e+01 1.87910020e+00 6.00682945e+01 1.27827759e+01
 4.31985855e+00 4.06974030e+00 5.82391548e+00 3.72414494e+00
 6.82537079e+00 1.93014469e+01 1.75615753e+02 6.48151245e+01
 2.42678690e+00 4.25514603e+01 5.97185183e+00 1.14330816e+00
 1.47813272e+00 5.50500870e+01 1.13570837e+03 2.16598969e+01
 3.07847351e+02 2.76756840e+01 2.91329885e+00 8.94200516e+01
 2.69430618e+01 8.77040505e-01 7.89473495e+01 6.09898415e+01
 1.86506824e+01 1.91002331e+01 1.93784637e+02 1.61064240e+02
 7.15633698e+01 2.83408844e+02 1.34707611e+02 2.95119915e+01
 1.19111099e+02 2.33845215e+01 1.50824814e+01 1.14299820e+02
 1.29330566e+03 1.21538330e+02 1.43018656e+01 3.76728088e+02
 9.03356457e+00 3.36921883e+01 9.47677040e+00 7.21073532e+01
 6.06993599e+01 3.71729660e+00 1.97508224e+02 2.78193607e+01
 4.70577621e+01 1.81765793e+02 1.04929752e+01 1.27064972e+01
 1.81531429e+01 1.77832153e+02 4.82703209e+01 1.11521431e+02
 6.33184204e+01 1.82371826e+01 2.45251350e+01 7.15148849e+01
 2.90520386e+02 6.12798958e+01 1.32205696e+01 4.07768555e+01
 7.77247143e+00 8.36156433e+02 1.37697716e+01 5.89285812e+01
 2.33530693e+01 7.59521914e+00 1.95804691e+01 2.33566360e+01
 8.37528992e+00 9.57528458e+01 1.95027676e+01 2.96921492e-01
 1.46669067e+02 5.48407135e+01 1.20813932e+01 6.17398834e+01
 2.19000488e+02 1.21710310e+01 1.25844228e+00 1.52465027e+02
 2.21107655e+01 8.41131668e+01 2.09172935e+01 3.20298462e+01
 7.04354492e+02 3.00152493e+01 1.35732746e+01 5.89673691e+01
 8.03637028e+00 2.58261475e+02 5.87071648e+01 5.93147316e+01
 1.86191071e+02 4.22208923e+02 1.41450500e+02 2.86199074e+01
 8.59929962e+01 3.05405304e+02 1.61150085e+02 3.93082657e+01
 3.75504255e+00 9.53065681e+00 3.83298378e+01 4.30932999e+00
 2.25349838e+02 1.18307373e+02 9.67080688e+01 6.52790260e+00
 1.42009144e+01 5.33260612e+01 1.13294010e+01 3.26599426e+01],-18.331285,-159.03241,-279.4195,1.4039567,3.4591162,0.795431,0.94267106,0.018916214971542358,472.90539598464966,0.0,0.0,-0.3300743649628029,-0.003796776369105728,-0.33012284417390697,-0.0007730761973964436,-1.2092893063761494,37.59999999999999,0.0,24750.0,-2.0,-1500.0,750.0,10.403713464736938,25000
115.16805,0.06078207,0.36238727,0.0017067569,-111.4834,111.4834,[1.71919852e-01 5.97037733e-01 1.47953099e-02 2.44894642e-02
 3.27127352e-02 2.84572244e-01 1.57206273e+00 1.01083636e+00
 5.89566417e-02 2.42589414e-02 6.54899888e-03 1.21331543e-01
 3.22608277e-02 3.43764834e-02 6.80362210e-02 1.23442508e-01
 1.23741716e-01 4.73050997e-02 2.16360390e-02 4.50404137e-02
 3.08836028e-02 7.55594373e-02 5.60764447e-02 1.01289037e-03
 5.75609412e-03 2.33744504e-04 1.39578080e+00 8.05615112e-02
 5.87810762e-03 4.16095555e-02 2.22027153e-02 3.58857326e-02
 5.71660232e-03 2.02912316e-02 5.24660461e-02 1.46759912e-01
 1.50736913e-01 4.77211513e-02 1.13208555e-02 8.95570614e-04
 9.95050192e-01 2.49571037e-02 1.20054753e-02 2.15133190e+00
 2.41318345e-02 6.84078783e-03 2.58379787e-01 8.90934095e-03
 9.16293636e-02 4.29188758e-02 4.58414480e-03 8.83509964e-03
 4.80641723e-01 6.83506370e-01 2.97885239e-01 4.05292772e-02
 4.02341522e-02 1.71808861e-02 5.58544882e-03 1.91142894e-02
 3.60972323e-02 8.00644141e-03 2.75216363e-02 5.74256666e-03
 7.92900100e-03 2.58641034e-01 8.22893232e-02 1.41161168e-02
 6.58785878e-03 1.45408269e-02 8.99041742e-02 5.59565187e-01
 3.34839970e-02 7.62833841e-03 1.77959464e-02 2.70534873e+00
 1.63622219e-02 1.87540576e-02 2.36593522e-02 3.75562161e-02
 6.05420992e-02 5.94492733e-01 2.96570063e-01 1.15568144e-02
 3.64482045e+00 3.79877426e-02 4.26543392e-02 5.31618930e-02
 1.46889842e+00 1.05224829e-02 7.29610324e-01 2.35879794e-01
 2.60440558e-02 2.55636871e-02 2.14121137e-02 1.82089470e-02
 2.47799754e-02 3.83060835e-02 1.95027366e-02 2.41339020e-02
 7.17792213e-02 5.82592078e-02 7.87921483e-04 7.63220200e-03
 1.99640840e-02 3.47855804e-03 5.60097513e-04 9.12888423e-02
 3.63688976e-01 3.07062045e-02 1.08618647e-01 1.28049832e-02
 2.45341603e-02 1.42177194e-01 1.17636146e-02 6.04964700e-03
 2.36467123e-01 8.26632828e-02 3.13350037e-02 3.72165740e-02
 1.11812586e-02 2.10561864e-02 6.71276599e-02 1.00522809e-01
 2.96562240e-02 5.64583912e-02 1.20529927e-01 1.63655031e+00
 7.05047399e-02 1.67562664e-01 1.05007148e+00 5.66436127e-02
 1.83208678e-02 3.35029587e-02 6.09911084e-02 6.55248761e-02
 3.86335910e-03 4.02048826e-02 1.39543470e-02 1.03143245e-01
 1.43055582e+01 3.29314709e-01 3.81831080e-02 3.19653130e+00
 1.87196523e-01 5.92321344e-03 6.16117775e-01 2.03327388e-02
 5.88452183e-02 1.40835606e-02 1.14786029e-02 1.84875038e-02
 6.93181574e-01 9.44552422e+00 1.94059253e-01 1.34647891e-01
 1.91106796e-02 2.64824219e-02 8.66498530e-01 1.01357242e-02
 1.00564880e+01 2.00753286e-02 5.78473229e-03 4.70920652e-02
 8.23297165e-03 5.89662138e-03 1.52566740e-02 1.07748136e-02
 5.32762671e-04 5.07989898e-04 1.91072822e-02 5.26383743e-02
 1.78736150e-02 2.07081532e+00 1.44121964e-02 4.81489450e-01
 3.01255509e-02 1.60740316e-02 9.62520763e-03 2.22151875e-02
 1.78642809e-01 2.30609715e-01 1.71027184e-02 2.98428955e-03
 4.64558043e-03 2.98681927e+00 5.54106385e-03 5.15423017e-03
 1.46672246e-03 5.55040091e-02 1.36386991e-01 3.11378203e-03
 7.42177188e-01 1.43621583e-02 2.72823069e-02 2.07674736e-03
 3.14332708e-03 1.77550986e-02 8.82050246e-02 1.31604940e-01
 5.77425063e-02 6.45719618e-02 1.01764053e-01 1.51148543e-01
 2.17372328e-01 2.66410597e-02 1.50658429e-01 1.18289459e-02
 2.27644706e+00 1.48707733e-01 1.57040544e-02 2.79577196e-01
 1.62500143e-01 1.71506708e-03 1.43580241e-02 1.91411600e-02
 1.45645404e+00 3.83486366e-03 1.06509760e-01 2.66790129e-02
 1.48952724e-02 2.64854357e-02 4.50902730e-02 8.61087218e-02
 8.58439505e-03 1.95549075e-02 1.42091846e+00 3.52452626e-03
 3.88832539e-02 2.01592147e-02 7.20742578e-03 1.24120172e-02
 1.23202808e-01 2.59386376e-02 1.62540972e-01 1.27355963e-01
 4.45983000e-03 7.99100399e-02 4.26469371e-02 2.57230949e+00
 3.86079703e-03 3.79586518e-01 2.25215741e-02 8.23602825e-02
 1.18033811e-01 1.77414175e-02 4.95249093e-01 8.00627191e-03
 1.58862048e-03 4.60416600e-02 5.54916620e-01 1.51419807e-02
 7.78007600e-03 8.60828534e-02 3.56867462e-02 3.21241766e-01],0.30515826,[7.45929927e-02 2.94964582e-01 8.45320988e-03 9.12003033e-03
 6.23379424e-02 6.23893589e-02 2.40007237e-01 1.03040576e+00
 1.78360799e-03 1.01377466e-03 1.23131601e-02 5.60003400e-01
 2.49116449e-03 2.05001468e-03 1.44535694e-02 7.01473355e-02
 3.92987579e-02 3.51670012e-02 2.93282536e-03 2.53578008e-04
 1.81786455e-02 2.26540603e-02 2.75202282e-03 6.24549855e-03
 2.79651955e-03 2.95342952e-02 2.19398141e-01 2.68615689e-03
 8.04389641e-03 7.25099817e-04 3.38770151e-02 1.27480729e-02
 2.57649086e-02 3.48201804e-02 4.79939795e+00 1.85609698e-01
 2.46252000e-01 1.46747343e-02 2.53449436e-02 1.00611011e-02
 3.30784142e-01 3.40248714e-03 7.93925952e-03 2.21380353e-01
 3.04159010e-03 2.23172475e-02 6.44172192e-01 2.87886383e-03
 3.72434268e-03 1.82799902e-02 4.17966582e-03 3.38719264e-02
 8.69844973e-01 9.19840217e-01 3.61613669e-02 4.14939746e-02
 1.76186524e-02 1.33409537e-03 3.61166522e-02 1.46385608e-02
 1.02187470e-01 2.13840399e-02 6.50428142e-03 1.89609476e-03
 7.40449526e-04 1.09415561e-01 8.88168532e-03 1.51779095e-04
 1.31508932e-02 6.33189455e-02 2.61178426e-02 1.22307992e+00
 7.30921235e-03 1.08012056e-04 6.81046955e-03 3.32587183e-01
 9.64766368e-03 1.15299568e-01 9.36077558e-04 1.71390399e-02
 4.06925194e-03 3.24560910e-01 1.47408819e+00 6.50040433e-03
 7.96551049e-01 5.69256470e-02 2.21230481e-02 1.19688790e-02
 5.35403252e-01 1.26557634e-03 3.26361418e-01 3.48989852e-02
 3.05571081e-03 4.23070304e-02 1.44562847e-03 3.80049236e-02
 6.82600774e-04 5.54351602e-03 1.74081549e-02 8.13830793e-02
 1.29451230e-02 1.72857232e-02 1.02583282e-02 1.52248926e-02
 2.72342213e-03 5.31970570e-03 1.08620171e-02 2.06811935e-01
 1.08916864e-01 7.92795618e-04 3.47706467e-01 7.68897729e-03
 3.42904520e-03 1.71811610e-01 1.14430618e-02 4.35213596e-02
 5.98965436e-02 2.35758051e-01 3.74588300e-04 1.65463723e-02
 2.79579684e-02 1.43203944e-01 4.03004944e-01 4.25553769e-02
 4.90373583e-04 8.32254346e-03 6.48675263e-02 1.54067898e+00
 9.15610194e-02 1.69576593e-02 3.46989691e-01 5.01875803e-02
 9.51837806e-04 2.66458333e-01 5.78889064e-03 9.04196594e-03
 4.56610695e-03 3.42629198e-03 8.57543107e-03 2.02145442e-01
 5.87953925e-01 3.71850163e-01 3.01372111e-02 8.32632542e-01
 9.73331481e-02 6.43361919e-03 5.92088997e-01 9.76019204e-02
 9.60613340e-02 1.24315149e-03 2.05494780e-02 1.63565972e-03
 6.57891512e-01 3.27880192e+00 5.03992513e-02 6.30616546e-02
 3.97024006e-02 6.59174565e-03 5.30968845e-01 1.10594612e-02
 6.19799197e-01 9.83364601e-03 4.10895934e-03 8.59398842e-01
 5.18310405e-02 1.00082055e-01 5.51501568e-03 5.62892435e-03
 2.51083821e-03 8.83027073e-03 2.09032791e-03 1.84521452e-03
 1.38255954e-02 4.72948365e-02 5.60358614e-02 8.07525516e-01
 1.25200814e-03 4.40454995e-03 1.43510895e-02 1.93333104e-02
 1.75894827e-01 5.72901189e-01 3.79946008e-02 9.15058423e-03
 1.03460684e-01 1.34729827e-02 6.44028652e-03 5.13323396e-03
 5.21009937e-02 2.68789288e-03 3.67634803e-01 5.06018335e-03
 5.54911256e-01 2.18185247e-03 1.03511405e-03 1.64610823e-03
 8.70208628e-03 2.04344816e-03 2.57289093e-02 1.98277339e-01
 2.84118205e-01 3.22555425e-04 5.81996515e-02 7.17161819e-02
 7.13967383e-02 5.97045012e-03 3.34262215e-02 6.55548694e-03
 2.96438545e-01 8.25503394e-02 1.05340150e-03 1.78245604e-01
 8.88580754e-02 3.87198967e-03 4.08643149e-02 1.63647756e-02
 2.28347689e-01 2.18205270e-03 1.94321573e-01 9.23906341e-02
 3.09893722e-03 3.02629955e-02 1.17277086e-01 6.61707371e-02
 1.00999875e-02 9.06627718e-03 8.80353749e-01 7.50036270e-04
 5.43605052e-02 1.19536743e-03 4.29242710e-03 1.52327167e-03
 2.09244996e-01 6.66658133e-02 1.22214250e-01 8.64409655e-02
 6.76328875e-03 2.78015211e-02 4.85946238e-03 7.70136118e-01
 1.10519901e-02 1.97389752e-01 7.58029614e-03 2.04945609e-01
 4.88884263e-02 3.32658663e-02 8.28186423e-02 6.97275158e-03
 1.40159056e-02 2.22412334e-03 2.37878218e-01 1.23352394e-03
 1.11428872e-02 3.18972915e-02 2.34089792e-02 1.94493774e-02],-84.41885,-129.66748,-252.72858,0.9963652,2.700516,0.8338326,0.9245385,5.984397,-6.4352417,63.932144,158.27142,1.3971105,0.4349412,0.088726774,-152.5249,152.5249,[2.28533401e+02 2.97189960e+01 7.10565735e+02 1.01180628e-01
 3.12356167e+01 8.18254280e+00 1.10002295e+03 2.29660568e+01
 9.11739197e+01 1.41846631e+03 2.40684143e+02 1.00986359e+02
 6.85343079e+02 1.54885483e+01 2.06352005e+01 3.22703186e+02
 5.89785538e+01 1.39682205e+02 6.57873077e+01 2.52743591e+02
 6.21511307e+01 1.21645775e+01 4.60282631e+01 9.43708984e+02
 2.63816338e+01 1.41751633e+02 7.21377563e+00 1.37114490e+03
 5.92565308e+01 1.42900665e+02 7.68348923e+01 3.92007202e+02
 4.17052856e+02 5.21529388e+01 1.64553714e+00 2.88684654e+00
 8.51676273e+00 4.27368965e+01 5.49563171e+02 4.23581085e+02
 2.67434196e+01 6.41649017e+01 7.06960815e+02 6.61443726e+02
 1.95346893e+02 1.83668365e+01 1.47863647e+02 8.24009766e+02
 2.09721832e+02 1.19690075e+01 1.15226282e+03 5.70787537e+02
 7.58172424e+02 2.12705231e+02 6.34341919e+02 1.28804512e+01
 1.63534794e+01 3.26358452e+01 2.49664307e+02 4.27109222e+01
 1.22488535e+04 4.26369568e+02 3.14758568e+01 1.34119064e+02
 2.27993866e+02 1.16300647e+03 6.28632324e+02 1.14074936e+02
 1.17464058e+02 1.91841125e+02 7.91138733e+02 2.09950943e+01
 5.73738403e+02 4.94395733e+00 1.46299146e+03 2.40413101e+02
 1.28898270e+02 2.44374812e-01 3.24344864e+01 2.85810791e+02
 3.18062439e+02 1.61567154e+02 6.60288086e+02 7.88986435e+01
 2.36584061e+02 2.05273376e+02 8.21626465e+02 1.58962193e+01
 1.55132570e+01 2.25635803e+02 2.18882812e+02 4.41642120e+02
 6.12057068e+02 7.22460480e+01 5.74811935e+01 3.72392883e+02
 3.72481262e+02 1.29709121e+04 2.68701385e+02 6.67262459e+00
 4.23582458e+01 1.92809921e+02 1.73850870e+00 5.74510841e+01
 3.43545303e+01 3.47814270e+02 3.14522076e+00 2.05720734e+02
 1.12738647e+02 2.61871613e+02 5.36437073e+02 3.63268375e+00
 2.78792725e+01 3.05036346e+02 5.24423279e+02 5.10665436e+01
 2.91525635e+02 4.18305511e+01 2.32858551e+02 3.47970724e+00
 3.55424843e+01 9.94679016e+02 5.71337776e+01 9.60244293e+01
 7.47311859e+01 4.72911410e-02 1.11532639e+02 5.31699295e+01
 1.52184708e+02 1.63198029e+02 1.80960037e+02 2.92434814e+02
 4.04537720e+02 6.62105713e+01 2.09896576e+02 5.40528679e+01
 8.64520020e+02 1.41962280e+02 2.07097824e+02 3.51394226e+02
 6.89684570e+02 4.17881432e+01 9.02478714e+01 3.20262939e+03
 3.09945374e+02 4.92105627e+00 6.08173767e+02 9.78220596e+01
 3.45656067e+02 6.01800823e+00 4.08584991e+02 1.81316662e+00
 2.99968109e+02 3.39620239e+02 4.10085815e+02 3.68938049e+02
 1.21940727e+02 3.90991241e+02 7.12489471e+01 1.36210876e+02
 5.19074402e+01 1.05610388e+03 2.83929801e+00 1.10248145e+03
 5.60118794e-01 7.23947388e+02 8.13584290e+02 2.19630642e+01
 3.22333618e+02 2.51197632e+02 1.21294205e+02 1.52031975e+01
 1.67736115e+02 1.38386993e+02 6.01519203e+01 2.44306519e+02
 1.71556992e+02 2.31343323e+02 5.06077614e+01 3.90767883e+02
 5.84212875e+00 1.71730927e+02 2.89895821e+01 8.95797424e+01
 1.75846558e+02 5.48711357e+01 5.98399902e+02 7.74617493e+02
 7.43374023e+01 7.19353714e+01 2.13496429e+02 1.57201797e+02
 2.18381596e+00 4.06856812e+02 5.33409166e+00 2.62903564e+02
 1.02973793e+02 1.71509720e+02 3.93147247e+02 5.52796143e+02
 5.23464890e+01 1.53137054e+02 1.23817091e+01 8.49315033e+01
 9.41588745e+01 1.36486566e+00 1.68613602e+02 2.05297527e+01
 5.83259544e+01 2.31468628e+02 3.83115265e+02 3.13093079e+02
 2.18311691e+02 9.45067024e+00 5.53828247e+02 3.36511879e+01
 8.03521240e+02 1.27431870e+01 5.60595398e+02 4.64364655e+02
 1.46993959e+00 3.51156521e+00 6.24066811e+01 2.15354276e+00
 1.16575222e+01 1.80230698e+02 5.50870399e+01 2.06748398e+02
 1.25104389e+01 4.89842911e+01 1.42909031e+01 3.16394104e+02
 2.51867256e+01 1.03583374e+02 6.22262421e+01 1.47029007e+02
 2.85671234e+02 6.04162537e+02 2.99108582e+02 5.98090332e+02
 1.04638843e+03 1.26739723e+02 1.96567383e+02 2.11893868e+00
 5.23126125e+00 1.17060699e+02 3.11308838e+02 2.66336914e+02
 8.59399597e+02 2.07581940e+01 2.39464874e+02 1.91827515e+02
 1.20990771e+03 6.22971069e+02 1.10831543e+03 3.61295223e+00],347.12177,[1.90251877e+02 1.90780926e+01 4.55274994e+02 1.19206849e-02
 5.31341858e+01 1.58537638e+00 8.99823486e+02 3.42651329e+01
 5.10002661e+00 2.12663086e+02 1.99971893e+02 7.98371887e+01
 8.83046326e+02 9.35783291e+00 2.89185734e+01 2.29583664e+01
 8.24338379e+01 8.77631607e+01 3.86984787e+01 2.12088211e+02
 7.32481909e+00 2.40336442e+00 2.19001874e-01 4.46487335e+02
 9.37171936e+00 6.11082153e+01 1.73009071e+01 9.59806885e+02
 8.87936711e-01 1.50524689e+02 6.84496002e+01 4.06052338e+02
 2.47184586e+02 1.64710951e+00 2.01495481e+00 1.17176609e+01
 7.76780963e-01 1.13273640e+01 3.74633942e+02 6.93326950e+01
 1.48620697e+02 3.91816216e+01 7.13637695e+01 5.59648987e+02
 1.45582397e+02 4.62372589e+00 7.66754961e+00 3.56445648e+02
 2.57332703e+02 7.38821840e+00 9.81260559e+02 2.31589005e+02
 3.36167664e+02 2.00382080e+02 4.88844757e+02 2.05519600e+01
 2.44855428e+00 4.02603607e+01 1.61890678e+01 5.40817375e+01
 1.23206530e+01 3.43492554e+02 7.36088276e+00 8.00625801e+00
 2.16063385e+02 8.05900940e+02 3.74817535e+02 1.05306597e+01
 1.10935181e+02 1.91784698e+02 6.82443909e+02 4.54640579e+00
 2.87112152e+02 1.78559357e+02 2.42239990e+03 1.92555862e+02
 8.33665695e+01 5.90105094e-02 3.51643491e+00 7.67910719e+00
 6.64088821e+01 1.39566254e+02 5.18098816e+02 6.87722244e+01
 1.24929466e+02 2.74840317e+01 2.08669952e+02 1.23635422e+02
 6.27206078e+01 1.09060120e+02 1.06784752e+02 4.27737946e+02
 8.11777039e+01 4.22689724e+00 3.20999336e+01 1.71444901e+02
 1.27431183e+02 2.93251648e+01 2.91429348e+01 1.21685104e+01
 1.48290358e+01 5.36579180e+00 1.52025425e+00 2.44083900e+01
 7.62213612e+00 2.43725662e+02 2.57503653e+00 4.26743126e+01
 5.72100449e+01 1.15815117e+02 2.47853546e+02 1.29635085e-03
 2.27427025e+01 3.22641754e+02 2.47256973e+02 1.89661236e+01
 1.76278046e+02 4.05240974e+01 7.08136063e+01 5.59957123e+00
 2.63775730e+01 1.47061316e+03 7.91279678e+01 7.25134506e+01
 7.80153732e+01 1.98683456e-01 1.89508118e+02 4.48277359e+01
 1.03997707e+01 1.60137756e+02 6.75882111e+01 3.37121277e+02
 4.08601913e+01 1.47457333e+01 2.49321198e+02 1.49344711e+01
 6.16722473e+02 2.60110138e+02 2.49864365e+02 2.66032898e+02
 5.04282440e+02 6.65275421e+01 7.04079041e+02 3.37539209e+03
 1.91151199e+02 1.63073292e+01 4.37262451e+02 3.37992744e+01
 1.92684586e+02 1.80222178e+00 4.47008934e+01 2.94535637e+00
 3.19647331e+01 1.07257584e+02 2.88931866e+01 2.53316345e+02
 7.36874695e+01 2.16057556e+02 5.11872101e+01 7.32673035e+01
 6.32919922e+01 7.87674255e+02 5.70279884e+01 1.47316303e+01
 5.05697727e-01 2.40862656e+01 1.23214539e+02 6.67539062e+01
 1.66539871e+02 2.32869291e+00 6.56523943e+00 3.43540993e+01
 3.17386436e+01 6.93935699e+01 3.41190834e+01 1.76424652e+02
 6.58978043e+01 4.22384501e+00 8.38044739e+00 3.15097382e+02
 5.99985075e+00 2.15582657e+01 1.19161291e+01 1.20628609e+02
 1.08979446e+02 7.94549103e+01 3.83720154e+02 4.63217285e+02
 2.08285370e+01 2.59623230e+02 1.36162148e+01 1.29533615e+01
 1.78819323e+00 1.48170944e+02 2.43215156e+00 1.85498047e+02
 5.74919815e+01 9.16037903e+01 1.56007721e+02 1.45728226e+02
 9.09279022e+01 7.26741648e+00 1.80424938e+01 3.22707901e+01
 1.43008862e+01 4.57320094e-01 1.71702789e+02 5.50502443e+00
 2.99440823e+01 3.22121216e+02 2.06467758e+02 2.81587830e+02
 2.06485153e+02 1.88694439e+01 4.74547241e+02 1.19911709e+01
 5.35113892e+02 6.98213863e+00 6.54370667e+02 2.10185242e+02
 1.82856905e+00 1.19849667e-01 2.01594955e+02 1.16667032e+00
 5.24869394e+00 9.28408737e+01 3.02444725e+01 1.96618149e+02
 2.38337541e+00 3.53089867e+01 1.09864979e+01 5.30298233e+01
 1.26521538e+02 1.08577354e+02 1.04209595e+02 4.07508965e+01
 2.22825256e+02 3.01622955e+02 1.17159515e+02 3.28520721e+02
 8.58914246e+02 8.70923233e+01 3.05889759e+01 1.89928198e+00
 1.96634173e+00 3.39507532e+00 1.61868439e+02 2.04362000e+02
 6.18133362e+02 1.19870453e+01 3.41437302e+01 1.03888330e+01
 9.44787842e+02 4.23862518e+02 1.93833472e+03 9.29494202e-01],-73.04747,-158.77914,-292.6786,1.9878027,7.5090523,0.6057714,0.95700943,0.014153358116149902,826.7393684387207,0.5,0.5,0.002293620918421677,-0.0003220845348034875,0.0021566426308784513,-0.002070749101718262,26.269837494524293,37.59999999999999,0.0,49500.0,-1.0,-810.0,750.0,10.370041847229004,50000
112.364456,0.046271432,0.27733204,0.0009761224,-109.54486,109.54486,[9.6154422e-01 5.2369907e-03 9.1572397e-04 4.9055856e-02 2.1001224e-03
 3.4040561e+00 5.4427177e-02 1.1191305e+00 7.1740821e-03 7.8614261e-03
 1.6487712e-02 2.0480670e-02 2.8900695e-03 1.3993952e-02 1.7903984e-02
 1.8962195e+00 2.8528059e-03 1.4637627e-02 1.0864582e-02 1.1571482e-02
 4.8219323e-02 3.9825463e-01 4.3383259e-03 2.4256641e-02 4.3403953e-03
 5.5779237e-03 1.7864921e-03 6.9876970e-04 1.6769025e-02 1.0241555e-01
 6.6365175e-02 3.6534395e-03 1.4345360e-03 2.3385786e-02 1.6851364e-02
 2.4252464e-01 2.5509949e+00 3.4973513e-02 3.1123064e-02 2.7643195e-01
 1.2813650e-02 5.6578778e-03 1.7853558e-02 5.3640641e-03 5.8735753e-03
 1.1661857e-02 2.2310708e-03 1.4313441e-03 2.7150759e-01 1.3138112e-02
 2.8786194e-01 7.5318692e-03 4.3578044e-01 7.4511552e-03 9.7113341e-02
 4.7190965e-04 4.6624213e-02 2.8675243e-02 1.4939200e-02 1.7550117e-03
 1.7357854e-02 5.1286328e-03 1.6502643e-02 1.6989565e-02 8.7861512e-03
 9.0039894e-03 8.7825861e-03 3.5090086e-03 3.4098703e-02 6.0726392e-01
 1.4926293e-02 1.0022835e-03 1.2631029e-01 4.2207055e-03 2.4865381e-02
 2.5934336e-04 3.4663016e-03 1.6797814e+00 2.3919437e-03 3.5222849e-01
 1.2149895e-03 8.8006365e-01 1.7825224e-02 1.1840092e-03 2.7874780e-03
 7.8362562e-03 8.8294717e-03 4.1157273e-03 2.4893600e-03 1.1773338e-03
 4.4010580e-02 6.6457707e-03 3.3026808e-03 5.4942579e-03 9.5858378e-03
 5.4613170e-03 2.0460377e-03 2.4336029e-02 3.3401459e-02 1.2297730e-02
 5.1200342e+00 1.0726997e-02 3.6432403e-03 8.8853538e-01 3.2811705e-03
 6.5662799e+00 6.2549002e-03 3.4754970e-03 1.4578060e-02 4.6225432e-02
 5.9203245e-03 6.2072599e-01 6.5516189e-02 8.0128852e-03 4.6706349e-03
 1.9492325e-01 1.4948780e-02 1.4178359e-03 1.8874146e-02 1.1604326e-03
 9.1305227e+00 4.8544798e-03 5.4799962e-01 8.7122032e-03 1.0371256e+01
 4.6872359e-02 9.6828500e-03 2.6678238e-03 9.1348283e-02 2.5040960e-01
 1.0801483e-01 6.8194247e-03 2.2184905e-03 1.1826848e-02 5.6988085e-03
 9.2811212e-03 4.2145597e-03 1.7108634e-02 4.8068710e-02 9.9237766e-03
 2.9069644e-03 2.0422056e-01 3.3797596e-02 2.1459484e-02 2.8959785e+00
 1.6248159e-03 1.2767430e-02 2.2296109e-03 5.9501730e-02 2.3929527e-02
 9.1538596e-01 6.5684006e-02 1.6468992e-03 2.1830872e-03 3.2418709e-02
 3.7200160e-02 3.3223547e-02 9.7701710e-01 5.7359282e-03 4.6079406e-03
 3.3647699e+00 3.0203201e-02 1.9516293e-03 9.3421526e-03 4.1073840e-03
 1.4406383e-01 6.2743418e-02 9.0951256e-02 1.4585467e-02 1.4313531e-02
 2.7181788e-03 3.4525262e-03 2.9222390e-03 6.4352928e-03 7.0061442e-03
 1.2987886e-02 1.3542815e-01 3.3617080e-03 1.0780859e-02 8.2531339e-03
 9.1355331e-03 8.1523629e-03 1.3084528e-03 3.9511457e-02 3.9550483e-02
 4.9003124e-02 5.2114806e+00 1.4981699e-01 9.8564380e-01 4.2280601e-03
 1.2094710e-02 1.3050992e-02 8.4786123e-01 1.8984748e-03 6.9285305e-03
 2.7475219e+00 4.7302539e-03 1.1999818e-02 5.4729071e-02 1.9762697e-02
 9.6279420e-03 3.1092560e-03 3.1059253e-01 5.0904509e-03 4.9416780e-02
 7.1099158e-03 1.7618493e-03 5.5644262e-01 1.6817806e-02 1.1882676e-02
 4.4070282e-03 3.3237848e-02 1.3044734e-02 1.1777775e-03 7.2977473e-03
 3.9157127e-03 6.9589093e-03 6.9721439e-03 2.6086417e-03 5.7514478e-02
 1.4751330e-02 7.7538371e-02 6.8801786e-03 1.0046539e+00 4.9054883e-03
 4.5725363e-03 1.1826502e-03 4.2797253e-03 5.5749115e-04 5.0107781e-03
 2.6796911e-02 3.4079957e-03 1.0779400e-03 3.5030395e-03 2.0558344e-02
 7.5125918e-03 9.9209929e-04 6.2939607e-02 9.9868746e-03 4.6513498e-02
 6.0008592e-03 5.0148644e-02 2.5949856e-02 4.5304275e-03 1.2327520e-02
 1.1305073e-01 3.2918662e-02 2.9293143e-03 2.9303072e-02 6.3024266e-03
 4.6629153e-02 8.4464913e-03 1.1753649e-02 3.7475456e-03 2.4936082e-02
 4.8840586e-03],0.19201696,[6.66872919e-01 2.42344360e-03 1.63758500e-03 2.40855329e-02
 2.67789001e-05 2.09121838e-01 3.52975428e-02 1.61303356e-01
 2.21296353e-03 9.91178909e-04 9.04499670e-04 2.87829246e-03
 4.54097171e-04 1.87964900e-03 2.19929591e-02 4.11090076e-01
 3.36086610e-03 3.33731659e-02 1.26248342e-05 2.54711625e-03
 5.77061903e-03 6.02640510e-01 3.13924742e-03 1.81848519e-02
 2.81969574e-03 2.40294088e-04 1.66283431e-03 1.20022018e-02
 7.65095232e-03 1.16606904e-02 1.66596770e-02 3.07149440e-03
 3.78340739e-03 5.51929325e-03 6.27258234e-03 7.89500959e-03
 5.72557449e-02 9.45806096e-04 1.96588915e-02 1.96992651e-01
 1.50614390e-02 1.94572681e-03 4.22504097e-02 1.01793557e-06
 1.99441845e-03 9.64959676e-04 2.84970272e-04 2.72443809e-04
 4.91196439e-02 1.13052619e-03 5.60489297e-02 2.82622594e-02
 1.11415312e-01 5.92699088e-03 4.43768594e-03 7.72991451e-04
 2.68951893e-01 3.66374552e-02 8.28742236e-03 5.90272248e-03
 1.98919908e-03 3.41527397e-04 1.14596719e-02 2.04582475e-02
 1.95766822e-03 3.54360091e-05 1.84073788e-03 2.56743119e-03
 1.69824474e-02 2.51079917e-01 2.15305318e-03 1.61484629e-03
 1.48249902e-02 3.09981930e-04 8.14609602e-03 6.60782738e-04
 2.72790925e-03 1.72764018e-01 2.17597298e-02 2.00669244e-01
 2.90942639e-02 3.81269567e-02 1.86080486e-03 3.73766350e-04
 2.25172332e-03 2.06531864e-03 6.75496471e-04 2.98833707e-03
 2.16890592e-04 1.56994201e-02 5.79508319e-02 5.84310666e-03
 1.11986883e-05 2.84839934e-03 1.52555341e-03 2.60140002e-03
 5.08163311e-03 3.70903453e-03 1.01534426e-01 3.82444635e-02
 1.31969258e-01 7.35800155e-03 6.10970426e-04 3.17943275e-01
 7.82534759e-03 8.56175363e-01 1.75726134e-04 9.61144688e-05
 3.47418385e-03 7.62385689e-03 1.24034844e-03 5.94809413e-01
 9.73413349e-04 2.14489177e-03 1.84516851e-02 2.38532685e-02
 1.75728984e-02 7.06629944e-05 7.42804841e-05 7.30800093e-04
 1.52471673e+00 9.40137263e-03 6.52936101e-02 2.17759283e-03
 1.43917322e-01 8.06279853e-03 1.21567445e-03 2.84739072e-04
 2.49589887e-02 4.66040559e-02 4.21140939e-02 2.33188993e-03
 2.65553035e-03 6.54290710e-03 1.21841831e-02 2.12758803e-03
 9.57907469e-04 1.84688903e-02 1.57176163e-02 2.09221616e-05
 9.18323291e-04 7.21011870e-03 9.11705662e-03 1.32724429e-02
 3.96790385e-01 8.30378849e-04 2.08098604e-03 1.54328183e-03
 9.95176006e-03 4.75914276e-04 2.00260454e-03 2.61751562e-02
 1.52327702e-04 2.09186063e-03 3.69992182e-02 2.92902738e-02
 4.94740158e-03 1.36272401e-01 2.47562327e-03 4.14207280e-02
 1.39390004e+00 1.67023949e-02 2.69521552e-04 4.08393238e-03
 3.59157613e-03 4.51885201e-02 2.51066554e-02 8.72360542e-03
 4.68515977e-03 1.85704865e-02 1.63673330e-03 9.76236130e-04
 1.91170000e-03 1.36527955e-03 2.75565265e-03 1.77683309e-03
 1.03848100e-01 2.54700240e-03 3.26054497e-03 1.97260659e-02
 6.35008886e-03 1.38366595e-03 2.75483984e-03 3.45389545e-02
 1.06274523e-02 2.40516872e-03 1.34892261e+00 4.05360401e-01
 8.64241302e-01 5.88114234e-03 9.07886424e-04 8.02215654e-04
 7.94816792e-01 2.47994019e-03 5.00168651e-03 6.71919361e-02
 3.27896536e-03 1.31543912e-02 1.13655239e-01 1.24926143e-03
 9.56045836e-03 1.97279267e-02 2.40897611e-02 5.97463874e-03
 2.28137206e-02 1.65557768e-03 6.31741136e-02 3.79638113e-02
 2.14824732e-03 8.32898542e-03 1.82670215e-03 6.09526969e-03
 1.83763774e-03 1.45325437e-03 2.39840359e-03 6.57640048e-05
 2.79469043e-03 1.69800641e-03 2.15713517e-04 9.05822031e-03
 1.43388256e-01 2.55454518e-02 5.57069026e-04 1.94091067e-01
 4.48934094e-04 4.82160272e-03 3.58958263e-04 1.32748839e-02
 4.26250463e-03 3.32498108e-03 2.94284988e-02 3.36129824e-03
 8.33308441e-04 3.29074450e-04 1.25817070e-03 1.13241025e-03
 9.73867252e-03 5.41620106e-02 3.15280631e-04 3.98766175e-02
 5.50765218e-03 1.78029031e-01 2.61758640e-03 6.60886336e-03
 5.17667495e-02 2.91084778e-02 8.17113593e-02 1.74790761e-03
 6.45740377e-03 1.11673120e-02 1.30490400e-02 1.60307065e-03
 1.02046775e-02 2.04540212e-02 1.06415264e-02 3.21321795e-03],-82.48709,-126.198105,-275.27304,1.039078,2.4527917,0.944051,0.92707634,7.4912996,-11.981078,71.01363,177.03856,1.9153336,0.45007992,0.10321853,-170.62242,170.62242,[1.35731348e+03 1.73027008e+02 9.14802551e+02 1.74910767e+02
 6.46265137e+02 9.00169678e+01 7.00343752e+00 2.06544266e+02
 7.00275452e+02 8.32015324e+00 6.79216309e+02 1.33728052e+03
 7.89660339e+01 5.39557648e+01 1.70605237e+03 1.26740698e+03
 5.24546127e+01 1.07010658e+02 2.18999146e+02 1.17104980e+02
 2.68105804e+02 6.44046860e+01 7.14051514e+02 1.54356369e+02
 1.93287918e+02 6.63184204e+01 4.83361603e+02 7.43717422e+01
 2.80078522e+02 6.70124483e+00 2.70233035e+00 1.44930078e+03
 7.95358124e+01 4.45956818e+02 1.12833252e+03 5.97264137e+01
 1.55532959e+02 7.30281006e+02 1.72903366e+01 7.45075684e+02
 6.45237207e+00 7.83875061e+02 3.16364336e+00 2.08630844e+02
 1.54636890e+03 6.10615082e+01 1.48541943e+03 7.37257507e+02
 6.10027542e+01 2.02332809e+02 4.39493286e+02 3.57664490e+01
 1.60267239e+01 2.37930908e+02 6.34282837e+02 1.57667184e+00
 4.84467743e+02 1.66388474e+02 5.76668472e+01 1.91392136e+00
 7.58118286e+02 2.76103935e+01 1.45349045e+02 5.00709951e-01
 3.24458847e+01 1.66519165e+02 3.51206093e+01 3.10495720e+01
 4.75029602e+01 7.37254211e+02 5.31777222e+02 2.09296509e+02
 1.14480676e+03 2.44157379e+02 2.40483154e+03 1.71889999e+02
 1.79671204e+02 8.66298065e+01 4.83310638e+02 1.10755115e+03
 3.78431152e+02 6.38086060e+02 4.36488007e+02 1.57823364e+02
 2.61209869e+01 6.75508789e+02 2.63330872e+02 2.09492822e+03
 1.25226074e+02 4.49972717e+02 8.69872856e+00 5.48410645e+02
 4.02059631e+02 2.18931793e+02 7.52702713e+01 1.59970646e+01
 6.89419174e+01 2.52475479e+02 3.91036301e+01 5.47297217e+03
 5.79917789e-01 4.34980316e+02 1.56559334e+01 2.06506271e+02
 5.87106285e+01 1.72747459e+01 3.43154449e+01 2.48296326e+02
 2.69938660e+02 5.55745789e+02 8.35714417e+01 6.58159546e+02
 3.79576874e+01 1.30431395e+01 1.02400098e+04 6.93391235e+02
 1.97005875e+02 6.67281437e+00 2.22885544e+02 4.10540104e+00
 4.56004578e+02 1.65992227e+04 2.55558815e+01 1.29655762e+01
 1.23058936e+03 5.87243225e+02 3.55933533e+01 4.65136200e+02
 3.71932449e+01 9.46501255e+00 4.79071533e+03 1.19054675e+00
 2.48344162e+02 1.66119061e+01 4.41761055e+01 4.26146030e+00
 1.44027603e+02 2.47738846e+02 1.36611743e+03 6.50038338e+00
 7.16541595e+01 7.89809509e+02 2.10528275e+02 7.66996307e+01
 4.37410069e+00 7.08719238e+02 3.28408020e+02 1.53697958e+01
 5.67753784e+02 2.00425293e+02 6.60152531e+00 4.66131477e+01
 9.17719803e+01 3.12863922e+02 1.19601955e+01 2.87400421e+02
 3.30832092e+02 1.88666089e+03 2.91350806e+03 3.48267487e+02
 1.68072067e+02 3.37593174e+00 3.91158447e+01 5.32927795e+02
 4.00787964e+02 7.12923767e+02 5.20806837e+00 4.11381531e+00
 4.41108942e+00 3.27605972e+01 1.33398712e+02 1.01463219e+02
 9.48546371e+01 3.75918030e+02 1.06402481e+02 2.23759251e+01
 1.62328835e+01 4.02870361e+02 4.68784046e+00 2.83607819e+02
 8.37716675e+00 3.51936218e+02 3.71517505e+03 3.40315277e+02
 1.66301804e+01 2.24297388e+03 1.48346167e+03 1.07916727e+01
 1.96437317e+03 1.89490700e+00 7.70895264e+02 9.47307663e+01
 2.37328930e+01 8.71608067e+00 7.06813574e+00 3.04327726e+00
 3.16609100e+02 2.53146167e+03 7.50034526e-02 3.07875946e+02
 6.21362000e+02 1.85682929e+00 1.85249400e+00 9.09746399e+01
 1.82143125e+04 4.89013596e+01 4.09850540e+01 1.33536835e+01
 5.30875874e+00 4.73511169e+02 1.35083145e+02 8.39809418e+00
 1.41595602e-01 5.99862194e+00 3.84365753e+02 1.12438103e+02
 5.42438416e+02 4.58062897e+02 7.12061707e+02 8.20626297e+01
 5.85448532e+01 2.31305618e+01 2.00852432e+01 2.37251740e+01
 1.00142807e+02 5.10057068e+00 5.65261169e+02 9.88305725e+02
 5.45318108e+01 5.45996887e+02 7.94785767e+02 8.95452637e+02
 4.84656342e+02 8.89517746e+01 4.45381279e+01 1.03234192e+03
 2.30976510e+00 2.55815259e+03 9.56198883e+01 1.43417572e+02
 6.25358391e+01 7.20934927e-01 1.64985382e+02 1.68635762e+04
 8.04625916e+02 3.64286270e+01 6.83666553e+03 9.69303589e+02
 8.49360596e+02 1.04969592e+03 2.77563354e+02 1.68322792e+01
 1.46924902e+03 1.96426926e+01 7.13982971e+02 5.61900663e+00],705.7438,[5.96926880e+01 1.76814072e+02 6.45018921e+02 2.38018341e+02
 1.30435266e+03 6.25155334e+01 1.80489767e+00 3.79924896e+02
 3.78159576e+02 3.00980957e+02 2.00939221e+03 1.16687183e+03
 7.59487762e+01 6.51210356e+00 1.45093945e+03 1.79996057e+03
 4.04279900e+01 8.21962738e+01 1.37272430e+02 1.35379364e+02
 4.50429230e+01 1.05094471e+01 4.68767029e+02 1.42589127e+02
 1.00303162e+02 9.57889099e+01 7.04559753e+02 1.34352859e+02
 3.01085815e+02 2.04977846e+00 2.99220145e-01 1.00250500e+03
 2.38868973e+02 6.36872437e+02 6.94297485e+02 2.56487679e+00
 5.22718262e+02 7.24640656e+01 5.86470566e+01 4.50985840e+02
 3.53287292e+00 4.39425354e+02 4.36097431e+00 1.37508087e+02
 2.31333374e+03 1.46728878e+01 1.13655322e+03 8.56693909e+02
 6.30675049e+01 9.91950378e+01 6.82257614e+01 1.12159662e+01
 1.01314373e+01 6.56234169e+00 6.50372009e+01 1.42905104e+00
 5.17022461e+02 2.55485687e+02 1.54644613e+01 5.78844175e-03
 9.29031250e+02 3.89478951e+01 3.51050507e+02 4.00595903e-01
 1.74555480e+00 1.55085526e+02 3.24464583e+00 1.15513191e+01
 4.65282555e+01 6.67575317e+02 1.35385590e+02 1.28943085e+02
 1.33639600e+03 4.02195549e+01 5.00484766e+03 1.79651279e+01
 1.20951111e+02 2.83012352e+01 8.74824448e+01 1.76333350e+03
 1.61571381e+02 7.93214539e+02 5.62391615e+00 2.02824092e+00
 2.06835914e+00 6.25455200e+02 2.77070679e+02 8.25273804e+02
 6.79278717e+01 4.51357727e+02 9.38057542e-01 8.03621399e+02
 2.49540466e+02 8.54850590e-01 1.33317963e+02 2.91518993e+01
 4.86640091e+01 3.18553429e+01 2.45733142e-01 6.78701050e+02
 1.56876171e+00 6.81710754e+02 2.51831646e+01 6.06091957e+01
 1.39585457e+01 2.58131351e+01 3.02404556e+01 2.07842926e+02
 2.07813721e+02 3.68199493e+02 5.80294342e+01 1.16860191e+02
 9.21866760e+01 1.14619553e+02 6.16415771e+03 2.98552429e+02
 1.35184494e+02 1.06073511e+00 5.34617554e+02 7.84037769e-01
 4.50573639e+02 4.26272087e+01 2.38068829e+01 1.55432510e+01
 7.56234009e+02 2.66568268e+02 1.08148670e+01 3.29819061e+02
 1.02342486e+00 1.70232773e+01 3.91593188e+03 6.97018281e-02
 3.25380173e+01 9.37726617e-01 6.89156485e+00 4.27055568e-01
 2.08287781e+02 1.00747266e+03 1.00593201e+03 1.81853592e+00
 4.13287697e+01 1.54021088e+02 1.51760773e+02 3.72966309e+01
 7.43890810e+00 4.89744995e+02 2.45641907e+02 9.06050324e-01
 7.01195984e+02 1.23943489e+02 1.91646690e+01 1.89623089e+01
 1.25822029e+01 2.69582581e+02 4.72611952e+00 9.55098022e+02
 8.57852844e+02 1.50014917e+03 9.37225525e+02 6.25537262e+01
 6.21636658e+01 3.41363621e+00 1.58564224e+01 4.45434174e+02
 7.33179749e+02 4.24888916e+02 1.57300129e+01 7.76933432e+00
 1.00241993e-02 2.92670670e+01 2.89632454e+01 2.34740051e+02
 3.79325523e+01 4.78630920e+02 1.91715225e+02 6.65627098e+00
 1.68872225e+00 2.60069672e+02 1.56277275e+01 1.85885239e+02
 2.01358080e+00 2.24166155e+00 1.54911316e+02 2.03402069e+02
 3.63735318e+00 3.50773779e+03 9.15301270e+02 2.47476997e+01
 1.72658154e+03 2.13392496e+00 8.74546661e+01 1.40786400e+01
 1.57420912e+01 8.27962577e-01 8.42467728e+01 2.43892574e+00
 9.66620102e+01 4.05655835e+03 1.40407130e-01 2.32849762e+02
 4.02702393e+02 1.71719551e+01 1.25344014e+00 7.59989777e+01
 8.37025391e+03 7.97091599e+01 3.28051300e+01 4.31847687e+01
 1.61846781e+00 4.04127686e+02 1.11240311e+01 1.07846413e+01
 5.52239120e-02 2.14013081e+01 3.21254089e+02 3.37852287e+01
 5.00420868e+02 2.85063080e+02 3.04053009e+02 4.80540199e+01
 1.25541710e+02 1.40289545e+01 6.37379694e+00 3.82023468e+01
 9.42092438e+01 2.41855316e+01 1.31960697e+01 1.11099084e+03
 2.84819722e+00 5.96243347e+02 2.22918655e+02 5.11645447e+02
 3.01558350e+02 4.62586975e+00 2.71378565e+00 9.43351685e+02
 9.57016587e-01 2.32012436e+02 3.57487373e+01 5.37088299e+00
 4.15854111e+01 8.82978857e-01 6.11156769e+01 3.38635254e+01
 7.94436707e+02 4.46512642e+01 5.59370703e+03 1.08202553e+02
 5.90592529e+02 1.46891528e+03 1.22662338e+02 2.70078640e+01
 5.42995167e+00 4.56308136e+01 5.07218781e+02 1.12432933e+00],-84.94258,-186.55206,-314.795,2.0612574,6.1619,0.95139265,0.9563042,0.014997388134002686,1201.6741120815277,0.5,0.5,-0.05677427146941197,0.0040156358492690085,-0.05649070999493119,0.004553945707573055,10.306498831027222,37.59999999999999,0.0,75000.0,-1.0,-784.0,750.0,10.223941564559937,75000
114.688515,0.047770955,0.27528343,0.0012971164,-111.88791,111.88791,[1.10628560e-01 4.89601865e-02 1.50263742e-01 9.39387903e-02
 2.01973505e-02 2.49221753e-02 1.06001301e-02 3.33331674e-02
 1.55247808e-01 8.40701759e-02 2.08755597e-01 2.59367991e-02
 7.46255293e-02 2.30840780e-02 3.12015088e-03 2.30274778e-02
 3.39042619e-02 1.39697483e-02 3.09957424e-04 3.34309153e-02
 4.81552988e-01 2.07842439e-02 4.62861508e-02 2.26833463e-01
 4.95404065e-01 1.81250181e-02 2.07984596e-02 2.54765339e-02
 5.06540667e-03 2.78016850e-02 7.62591076e+00 7.43800583e+01
 1.11387670e-02 9.51831713e-02 6.80464227e-03 3.44319455e-02
 9.91861820e-02 6.41204491e-02 4.58892900e-04 3.31305750e-02
 2.93503672e-01 5.23599721e-02 1.11066246e+01 8.79134238e-02
 1.69390514e-01 4.35988456e-02 1.81421027e-01 1.08295798e-01
 3.92441154e-02 7.49990463e-01 1.84557810e-02 2.59760213e+00
 2.76727676e-02 1.90569051e-02 3.96850798e-03 1.71334036e-02
 1.52287081e-01 2.31695831e-01 1.91309899e-02 7.82596786e-03
 1.28371000e-01 4.41757031e-02 5.67571111e-02 5.79520464e+00
 1.49163045e-02 4.14042212e-02 2.03694806e-01 5.34428453e+00
 3.48951183e-02 1.63064098e+00 8.32942314e-05 1.41269132e-01
 1.39234457e-02 3.97801548e-02 3.54510434e-02 3.95121634e-01
 3.25940922e-02 8.81631300e-02 3.91189158e-02 4.83984500e-03
 1.54549196e-01 3.82615998e-02 5.66563290e-03 1.24727711e-01
 1.98792927e-02 2.14664787e-02 7.62641788e-01 2.20949069e-01
 2.87438110e-02 4.07000273e-01 3.58555913e-01 2.51207724e-02
 4.96199317e-02 6.74192756e-02 1.25109822e-01 2.97400892e-01
 4.82533053e-02 2.55592299e+00 3.50333788e-02 8.02553073e-02
 1.62309036e-02 6.03682324e-02 1.98129475e-01 2.08119191e-02
 2.27570478e-02 1.97035465e-02 2.98593733e-02 3.53282988e-02
 9.25379172e-02 1.22931278e+00 5.12483995e-03 4.14673030e-01
 8.64047110e-02 2.76684240e-02 3.03375497e-02 1.12503208e-03
 5.18958410e-03 7.78005198e-02 2.49381140e-02 2.74062872e+00
 9.58713237e-03 2.26025488e-02 2.01913029e-01 5.57252206e-02
 2.01889545e-01 5.83390854e-02 9.76598501e-01 3.85751911e-02
 1.55679937e-02 1.82053614e-02 4.67814833e-01 3.80604416e-02
 1.37979865e-01 3.86428332e+00 3.79680172e-02 3.42346989e-02
 1.55414259e-02 8.38992298e-02 1.12327911e-01 1.44488346e-02
 9.51515555e-01 5.06739132e-03 3.15872505e-02 3.87430154e-02
 3.30083370e-02 2.07528174e-01 8.51144123e+00 1.22311580e+00
 6.56366423e-02 2.40199976e-02 1.11495731e-02 3.56933847e-02
 1.15072548e-01 3.79870713e-01 8.98465067e-02 4.13646078e+00
 2.45384812e+00 3.96373495e-02 3.00749578e-02 3.58645581e-02
 1.86782721e-02 4.06886227e-02 1.82682037e-01 1.62992626e-02
 4.27553728e-02 1.60437413e-02 3.06997746e-02 6.38299435e-02
 2.42016930e-02 4.33072448e-02 2.38346577e+00 2.80453563e-02
 5.81923611e-02 2.25327826e+00 2.16641165e-02 1.18895367e-01
 2.27653570e-02 3.33544388e-02 6.05592728e-02 8.50477695e-01
 2.66124383e-02 7.87988186e-01 1.94389280e-02 3.20375264e-02
 3.17215100e-02 2.77225301e-02 2.84526981e-02 5.57492487e-02
 3.21842581e-02 4.30215560e-02 3.25589105e-02 3.90564129e-02
 9.40704346e-02 2.48967767e-01 1.70763507e-02 1.12688534e-01
 7.78133124e-02 3.67329195e-02 9.17881541e-03 3.70418094e-02
 1.51831852e-02 2.17414692e-01 6.55014589e-02 6.99262321e-01
 2.69418135e-02 5.20166792e-02 1.46229401e+01 1.94132432e-01
 2.22220086e-02 2.26851888e-02 1.90051049e-02 4.56735468e+00
 1.81266088e-02 2.52426833e-01 1.60456449e-02 3.84599939e-02
 3.65318023e-02 4.58099581e-02 1.59379587e-01 5.81724476e-03
 3.23100947e-02 6.11878216e-01 1.66275278e-01 1.80618346e+00
 4.60753730e-03 2.29590479e-02 5.93208112e-02 1.84877850e-02
 4.39715654e-01 1.82939202e-01 1.57854259e+00 5.19836321e-03
 1.17098382e-02 2.80781295e-02 2.76787728e-02 3.63095016e+01
 2.38391142e-02 1.51853589e-02 6.47454858e-02 2.13189190e-03
 2.23672576e-02 1.99945513e-02 3.23120862e-01 5.53724095e-02
 3.25239711e-02 1.72120053e-02 1.31984189e-01 1.32967293e-01
 1.29320216e-03 2.79605426e-02 4.90997322e-02 6.77028894e-01
 8.46151188e-02 3.98449451e-02 3.58509794e-02 2.15122178e-02],1.1023124,[3.23064104e-02 3.76603417e-02 1.60353363e-01 1.09099135e-01
 2.08112895e-02 2.37683821e-02 7.26099778e-03 2.10881792e-02
 4.37320247e-02 2.97573656e-02 8.30033422e-02 2.03576721e-02
 2.32560486e-01 1.89597048e-02 7.58462586e-03 2.03379169e-02
 9.08907223e-03 1.44672738e-02 4.48784151e-04 2.32612696e-02
 3.39059800e-01 1.79540217e-02 6.47065416e-02 1.43199921e-01
 1.12154138e+00 1.79917011e-02 2.15331540e-02 3.20424549e-02
 2.46205064e-03 2.39970069e-02 2.40964365e+00 4.33501701e+01
 2.57968754e-02 8.43403935e-02 1.06582511e-02 3.11870873e-02
 9.30329263e-02 7.25405887e-02 1.57812610e-02 2.92510390e-02
 2.95269400e-01 4.28767130e-03 2.31191206e+00 2.60592811e-02
 1.10525548e-01 1.82034243e-02 1.41767561e-01 1.37687743e-01
 2.96380930e-02 7.45832562e-01 2.45546550e-02 1.43064903e-02
 3.33217867e-02 1.34545527e-02 7.94784352e-03 6.25322526e-03
 4.96039912e-02 8.49137008e-02 1.80896632e-02 2.28429101e-02
 2.49693729e-02 3.67703997e-02 4.72516194e-02 4.99373496e-01
 2.27350090e-02 4.64971438e-02 2.08832324e-01 1.01075256e+00
 3.70452330e-02 6.47571385e-02 8.46125651e-03 1.44589931e-01
 1.37256086e-02 2.40216181e-02 3.92894223e-02 7.88012087e-01
 8.90479237e-03 3.98332030e-02 3.20963822e-02 1.77615918e-02
 1.56156734e-01 3.26688364e-02 3.58441402e-03 1.32039815e-01
 1.78963095e-02 1.37988552e-02 1.01276971e-01 2.85195291e-01
 3.73283145e-03 6.52196929e-02 7.56415427e-02 1.86803285e-02
 4.42164429e-02 6.54448196e-02 1.51082531e-01 4.16044593e-01
 2.79482529e-02 7.49420881e-01 4.58483584e-02 5.99068962e-02
 1.46192964e-02 5.51304705e-02 3.43692780e-01 1.91693436e-02
 3.19208093e-02 2.47358382e-02 3.00640687e-02 3.25923488e-02
 1.89729199e-01 1.09853005e+00 1.32811461e-02 6.97791502e-02
 9.93687361e-02 3.70783806e-02 2.21454352e-02 1.01472740e-03
 3.12518934e-03 6.60203546e-02 2.17918549e-02 3.00381154e-01
 7.66684301e-03 2.14316603e-02 1.50648013e-01 6.79672360e-02
 3.61163795e-01 1.06478080e-01 9.61006105e-01 1.93408914e-02
 1.43520832e-02 1.78197790e-02 1.88852474e-01 2.94376537e-02
 2.72271894e-02 1.61319718e-01 3.64637151e-02 2.17703879e-02
 2.11319160e-02 4.45202962e-02 3.87425311e-02 1.61786322e-02
 1.09057450e+00 7.29491992e-04 2.27320008e-02 3.97745930e-02
 2.08604205e-02 2.03121483e-01 1.03155613e+01 1.49970853e+00
 4.21107374e-02 4.43877801e-02 7.39220530e-03 2.24764980e-02
 1.51078463e-01 8.44827771e-01 9.33168903e-02 1.98697269e-01
 7.98965216e+00 2.50775293e-02 8.72628111e-03 5.21871746e-02
 1.97683387e-02 2.25636996e-02 1.49979398e-01 1.09949112e-02
 2.67687831e-02 1.53995510e-02 3.07626110e-02 2.87834227e-01
 2.91371867e-02 6.62715081e-03 2.85038209e+00 2.40146946e-02
 3.43435369e-02 1.06502428e+01 1.94563046e-02 8.07382166e-02
 1.23973461e-02 2.42282785e-02 5.82382120e-02 1.32451117e+00
 2.31121145e-02 1.78631234e+00 1.68626253e-02 3.02327257e-02
 3.47096100e-02 1.72582120e-02 2.16373913e-02 3.93824019e-02
 1.57313012e-02 2.83283405e-02 2.47614812e-02 3.67964543e-02
 6.92957491e-02 8.79094899e-02 2.46415865e-02 1.94938272e-01
 1.34133160e-01 2.33279541e-02 5.66568598e-03 2.33223010e-02
 1.94192175e-02 1.27322420e-01 9.84229222e-02 6.87447071e-01
 2.56786346e-02 4.99065444e-02 4.71401062e+01 5.59806973e-02
 7.28289457e-03 1.98495425e-02 2.21210308e-02 3.29338551e+00
 8.11760593e-03 1.34955823e-01 1.21160867e-02 2.78043933e-02
 2.22029425e-02 7.78309181e-02 1.18730679e-01 8.17025919e-03
 2.78917141e-02 1.47933781e-01 2.20214903e-01 3.55875731e-01
 2.26502004e-03 2.12907735e-02 5.48539013e-02 1.50992610e-02
 3.60131226e-02 1.59832656e-01 7.25234866e-01 4.84670792e-03
 7.15415478e-02 2.03024372e-02 2.17681993e-02 2.65611725e+01
 6.61085546e-02 1.50976973e-02 3.14171463e-02 6.21392578e-03
 2.57733054e-02 1.64782982e-02 1.52273488e+00 2.53581166e-01
 2.08794177e-02 2.21271981e-02 1.36606947e-01 2.89676599e-02
 5.99848572e-03 2.02355999e-02 5.32538071e-02 3.05293322e-01
 9.62961465e-02 1.50755816e-03 2.88059376e-02 1.78716779e-02],-76.91116,-127.96257,-298.49,1.062329,3.5304356,0.96634555,0.9283077,6.4910965,-7.2197843,112.08847,171.93623,1.5590261,0.4159526,0.12189819,-166.21768,166.21768,[2.07175049e+02 1.12745384e+02 1.88744217e+02 8.73989441e+02
 2.64172852e+02 6.12391602e+03 1.99187469e+02 3.66496765e+02
 1.27938866e+02 5.35264038e+02 2.81915302e+01 3.27693825e+01
 1.92616028e+03 3.38371735e+01 1.19063438e+02 1.68337930e+04
 3.80903130e+01 2.19402523e+01 3.36717534e+00 4.60177917e+01
 1.73922699e+02 8.75405579e+01 1.87738327e+02 1.02429718e+02
 1.56974878e+01 1.76726685e+02 6.09439774e+01 5.48653564e+02
 1.59697952e+02 1.04448257e+02 1.06190894e+03 2.60229028e+03
 1.08205559e+02 8.85859528e+01 4.42468796e+01 4.11414032e+02
 3.27279205e+01 2.31905499e+01 3.05196667e+01 1.03591089e+01
 1.21374972e-01 2.10431396e+02 6.79486267e+02 5.74781006e+02
 2.61555882e+01 2.75907898e+01 1.17922844e+02 6.80296631e+02
 2.11748926e+03 5.92290726e+01 1.08554810e+03 8.07811340e+02
 5.49369995e+02 6.15939665e+00 4.00224781e+00 1.77144067e+03
 5.61318016e+00 1.29305359e+02 2.35365820e+00 4.40845520e+02
 1.75189380e+03 9.85524597e+01 1.31730497e+00 4.03113556e+00
 8.50167084e+00 2.36311607e+01 4.14318466e+01 2.91931427e+02
 6.96044731e+00 7.20299011e+02 4.37218590e+01 2.46006641e+03
 5.71948181e+02 2.46881787e+03 1.49485693e+01 9.09544312e+02
 5.28408661e+01 7.30477844e+02 1.89788013e+03 1.45685638e+02
 2.62775917e+01 2.12025635e+02 5.38331116e+02 5.20425598e+02
 2.94805115e+02 7.49107666e+01 1.34225941e+00 4.85276451e+01
 8.43692566e+02 2.65470856e+02 5.23995094e+01 1.81899731e+03
 3.71204956e+02 9.48595047e+01 1.22189581e+00 3.19614830e+01
 2.64855456e+00 4.29961929e+01 2.98390930e+02 1.10735382e+02
 2.81699121e+03 5.42857178e+02 3.48934288e+01 3.84979614e+02
 6.94907284e+00 8.24618912e+00 2.09902100e+03 8.44198322e+00
 7.40960932e+00 1.04194527e+02 1.41735077e+01 6.83449402e+01
 1.72533173e+02 8.94998550e+00 3.83115463e+01 8.45595837e+00
 1.91928665e+02 2.39829941e+01 9.21621895e+00 4.33331982e+03
 1.10495728e+02 2.43434024e+00 5.54430923e+01 8.02178528e+02
 1.91146641e+01 2.96672688e+01 4.46829109e+01 3.13710602e+02
 9.64906616e+02 9.36682007e+02 1.37686783e+02 6.08799194e+02
 7.42713261e+00 1.03804188e+01 2.68398730e+03 3.29534210e+02
 3.07980347e+02 1.61359656e+00 9.15297241e+01 4.75500916e+02
 1.13097237e+02 7.20382263e+02 1.65140152e+02 1.56370880e+02
 9.75350830e+02 3.69625244e+01 4.05636263e+00 6.77110748e+01
 1.48431961e+02 5.93660011e+01 6.77958008e+02 3.36435699e+02
 1.06338348e+02 2.19927032e+02 6.52941227e+00 8.35926592e-01
 1.91584835e+01 1.29177994e+02 6.16244324e+02 2.32646265e+03
 1.35644501e+02 1.57041968e+03 1.18609400e+01 6.42848755e+02
 7.28739929e+01 2.15058346e+01 1.61528540e+03 1.03162927e+03
 2.18096695e+01 6.81720047e+01 1.79007629e+03 3.54797241e+02
 2.69121655e+03 3.64899841e+02 1.56441788e+02 1.83561050e+02
 4.64592209e+01 2.74524689e+02 3.99697304e+01 1.25796997e+03
 2.03277344e+02 3.16214323e+00 2.27091843e+02 3.34153442e+02
 1.22839453e+04 8.09871197e+00 3.03143036e+02 5.20958481e+01
 1.77268934e+00 7.96578903e+01 2.09897280e+00 2.86924097e+03
 7.59520325e+02 2.97911682e+02 2.73062988e+02 1.49158936e+03
 2.33884692e+03 2.23341675e+02 1.77376526e+02 6.53427649e+00
 2.55076199e+01 2.73444916e+02 1.18505278e+01 1.83582336e+02
 3.29437027e+01 2.04280357e+01 1.31783676e+01 3.59317322e+02
 6.23208275e+01 2.17762192e+02 8.84680762e+03 1.02053284e+03
 2.32107690e+03 1.29482349e+03 4.56661110e+01 3.98962158e+02
 3.67603973e+02 1.99896622e+02 1.21395836e+01 1.33067230e+02
 4.43632240e+01 4.74234581e+01 8.25577576e+02 3.80227930e+03
 9.51838074e+01 7.41613159e+01 2.37174911e+02 1.09113586e+03
 1.15047157e+02 2.73854767e+02 8.08373230e+02 3.60775391e+02
 1.53530487e+02 4.81130707e+02 1.05700325e+02 3.81020844e+02
 2.83547058e+01 6.88433655e+02 9.03945801e+02 6.13383675e+01
 2.21484879e+02 1.72265442e+02 2.27175430e+02 7.60297729e+02
 2.42917816e+02 6.48198624e+01 4.22694550e+02 4.95764496e+02
 4.56166649e+00 3.38780344e-01 7.51383114e+00 1.40320024e+01
 1.29930511e-01 2.14144562e+02 1.45468998e+01 8.67121429e+01],673.4625,[1.95870224e+02 9.39657135e+01 1.11007164e+02 5.96877197e+02
 5.93348045e+01 4.09307324e+03 1.42696716e+02 1.19389954e+02
 1.15905006e+02 4.66676086e+02 7.85046864e+00 1.47110186e+01
 1.67076721e+02 7.87459488e+01 1.80740261e+00 1.07566116e+02
 7.70487854e+02 3.55477066e+01 1.80795717e+00 1.11395454e+01
 1.35210876e+01 2.98898869e+01 1.07465126e+02 7.53167419e+01
 1.36504612e+01 1.28086380e+02 1.41644144e+00 5.66297363e+02
 1.19807373e+02 1.02476974e+02 6.25899292e+02 1.81266602e+03
 1.52205017e+02 2.83621883e+01 1.17158203e+01 1.99854927e+01
 7.26780472e+01 3.57134604e+00 7.23971248e-01 1.11341333e+01
 1.82479531e-01 1.13595600e+01 7.23627319e+02 1.81963959e+02
 1.17942352e+01 8.19240093e+00 2.75562897e+01 6.28668274e+02
 3.22616943e+02 4.76504639e+02 3.43411560e+02 5.02391418e+02
 3.10931549e+02 2.80211598e-01 1.52857625e+00 1.05162158e+03
 1.42255697e+01 5.62500305e+01 1.12430465e+00 4.76601257e+02
 1.04002185e+03 1.36450472e+01 3.69614303e-01 1.90365338e+00
 3.82829928e+00 3.10870361e+01 2.54931378e+00 4.49977448e+02
 1.27710485e+00 5.99353882e+02 2.47951660e+01 6.42785791e+03
 4.64920746e+02 2.12008057e+03 2.40785669e+03 1.07779282e+02
 1.91866493e+00 6.26784546e+02 1.62110535e+03 6.33530006e+01
 4.73283463e+01 2.22156769e+02 2.19804459e+02 2.01645660e+02
 6.49373322e+01 2.85843994e+02 4.79113370e-01 3.71224747e+01
 7.77664185e+02 1.77702469e+02 3.06167698e+01 4.23974854e+03
 1.39419495e+02 4.18916359e+01 9.33418083e+00 5.71946564e+01
 7.74148035e+00 5.20771790e+01 4.54582489e+02 2.05246067e+01
 4.30585693e+03 2.10067108e+02 1.31404114e+01 2.69973888e+01
 7.10220957e+00 1.72268772e+01 2.49765552e+03 5.51345229e-01
 2.92517877e+00 1.03152481e+02 1.52167740e+01 3.08412361e+01
 1.83363831e+02 2.52961755e-01 1.33050404e+01 8.83637428e+00
 5.99083900e+01 1.18579826e+01 2.62813854e+01 3.99430005e+03
 8.59825592e+01 2.51384640e+00 4.70271263e+01 4.29012787e+02
 3.11825619e+01 9.39833641e+00 2.38721733e+01 1.27431686e+02
 6.99298523e+02 9.03903259e+02 8.82837830e+02 5.64606689e+02
 3.73185015e+00 1.98721495e-02 2.32469653e+03 5.28448792e+02
 2.02086334e+02 2.08115559e+01 2.53618701e+03 2.25444077e+02
 2.72028065e+01 2.74864319e+02 4.61653709e+01 4.57078857e+02
 9.58520264e+02 3.35259771e+00 5.73258400e-01 4.60705841e+02
 1.19668991e+02 2.26322803e+01 1.26320808e+02 3.11822998e+02
 1.98605423e+01 1.46612396e+02 1.56354219e-01 1.35451055e+00
 1.79773956e+02 1.34911316e+02 1.22290686e+03 1.92110107e+03
 1.27950928e+02 1.00167068e+02 1.14943085e+02 3.95796753e+02
 6.22714386e+01 4.86871195e+00 1.06861963e+03 5.62963318e+02
 5.41495743e+01 4.20923853e+00 1.70179272e+03 5.10495270e+02
 1.00443188e+03 3.93857788e+02 9.41382766e-01 1.78737049e+01
 1.55494980e+02 3.81940491e+02 1.25914249e+01 6.00649597e+02
 1.07713852e+02 2.67379191e-02 2.82859283e+02 2.56718231e+02
 6.79234314e+02 6.41757774e+00 1.91053040e+02 1.35218216e+02
 1.38848281e+00 4.13041077e+01 9.22851410e+01 1.22896716e+03
 7.22627075e+02 1.49656572e+01 9.50209106e+02 7.09888672e+02
 5.24393005e+01 2.36229889e+02 9.83206253e+01 2.37887688e+01
 8.51377845e-01 1.15070023e+02 4.55278540e+00 1.79582642e+02
 3.39954834e+01 1.28968811e+01 1.82196426e+01 1.98111008e+02
 3.09329926e+02 1.81427994e+02 7.44261865e+03 5.56659203e+01
 1.70232825e+03 1.09827039e+03 2.92332029e+00 2.01560287e+02
 2.16245712e+02 1.76773468e+02 1.41202240e+01 3.52251015e+01
 1.72339523e+02 5.02144165e+01 1.74273407e+02 3.69668115e+03
 1.11073427e+01 1.21283508e+02 2.01123215e+02 1.01039169e+02
 5.33184319e+01 3.31644104e+02 5.34161926e+02 9.97204132e+01
 1.04310196e+02 2.16353470e+02 5.85856247e+01 1.86422394e+02
 4.76846436e+02 1.01360938e+03 1.15306934e+03 3.11689972e+02
 1.63773819e+02 5.99194031e+01 9.80410309e+01 5.49502319e+02
 5.66600159e+02 8.02090225e+01 2.79331116e+02 3.31847168e+02
 1.88590813e+00 3.55809718e-01 4.03739595e+00 8.95623779e+00
 2.68221527e-01 1.28447113e+02 2.27832546e+01 1.45897522e+02],-95.60785,-181.1314,-319.2904,2.1406283,9.587027,0.79187906,0.95671284,0.014617974796295166,1567.1235189437866,0.5,0.5,-0.10470561898432008,-0.035114438591144985,-0.10661468192901445,-0.03496222675609859,35.53955798303944,37.59999999999999,0.0,99750.0,-1.0,-768.0,750.0,12.417578935623169,100000
113.25181,0.027250875,0.20929371,0.0011374196,-111.13162,111.13162,[3.82997580e-02 3.66316110e-01 4.17449065e-02 3.50409523e-02
 9.70833935e-03 3.18882279e-02 7.20852464e-02 3.43891531e-02
 3.35957669e-02 1.64922327e-01 2.01022066e-02 7.14609176e-02
 1.39706349e+00 5.69908805e-02 8.65630060e-02 2.61642933e-02
 4.41950411e-02 5.84879443e-02 9.33860522e-03 2.47777626e-02
 2.23173380e-01 2.60487460e-02 4.62507270e-03 7.14760363e-01
 1.31077719e+00 8.17306805e-03 5.51473312e-02 2.26817690e-02
 2.17612348e-02 1.78617388e-02 1.42756123e-02 2.58164164e-02
 8.30056816e-02 3.64480540e-02 4.57369164e-02 2.28321031e-02
 7.56516634e-03 7.99561664e-02 3.63682322e-02 3.42314877e-02
 2.42766976e-01 2.01425906e-02 1.08606726e-01 7.29963034e-02
 3.23564947e-01 9.54787538e-04 2.85203271e-02 9.30055007e-02
 3.33730616e-02 2.81690769e-02 2.90162377e-02 7.67106056e-01
 1.54430121e-02 2.13897135e-02 4.33894247e-02 6.97713941e-02
 1.68852918e-02 1.26572382e+00 5.34761176e-02 6.80268183e-02
 2.82227397e-01 2.70921528e-01 2.58167032e-02 4.74999286e-02
 1.76565635e+00 5.62749878e-02 4.33465764e-02 1.14037022e-02
 4.80164774e-04 2.20614430e-02 2.20914464e-02 5.59721112e-01
 1.36289746e-01 4.86297533e-02 6.73734546e-02 2.18597800e-03
 2.47641727e-02 1.93523802e-02 2.76834480e-02 1.59978658e-01
 1.14503175e-01 6.09068945e-02 3.17202285e-02 5.04807159e-02
 4.22358029e-02 5.37338480e-02 1.36067543e+01 2.09964097e-01
 2.48181764e-02 5.87518774e-02 1.67532321e-02 3.40918228e-02
 9.82225835e-02 1.35913312e-01 9.93422512e-03 1.56208314e-03
 2.39175223e-02 2.53289454e-02 5.01464605e-02 1.84883982e-01
 5.75902201e-02 2.06692703e-02 1.42624574e-02 3.76693569e-02
 4.12305593e-02 4.88103852e-02 1.11413542e-02 4.04644236e-02
 9.76922363e-02 4.27152775e-02 3.02211735e-02 3.87903303e-02
 4.44693230e-02 2.58005168e-02 7.69338459e-02 2.57544935e-01
 2.15258050e+00 3.45734954e-02 3.12631577e-02 3.45263839e-01
 2.91541722e-02 4.65156995e-02 2.49055941e-02 4.32682522e-02
 7.03622550e-02 3.18352990e-02 1.30058285e-02 2.71862559e-02
 2.41033044e-02 5.28321862e-02 2.18962729e-02 1.94026828e-01
 3.25458422e-02 4.66433093e-02 4.69248518e-02 8.41510445e-02
 4.72266413e-02 1.67803671e-02 1.15489382e-02 4.66248915e-02
 1.60090290e-02 4.84147966e-02 6.41783625e-02 1.44185558e-01
 5.03355563e-02 2.10538171e-02 1.18626565e-01 3.15638408e-02
 9.20401871e-01 4.02654149e-03 3.97219583e-02 7.91872814e-02
 1.26288291e-02 2.95497682e-02 2.20899582e-02 6.57443255e-02
 3.10920943e-02 8.16183239e-02 1.19151045e-02 3.18155624e-04
 3.98578979e-02 1.52905989e+00 3.61507908e-02 4.05005142e-02
 2.95256078e-02 4.09541130e-02 3.38058546e-02 7.60454983e-02
 3.31810676e-02 2.41991263e-02 2.05526464e-02 4.49064636e+00
 3.87733281e-02 1.41796812e-01 2.49036010e-02 2.57385205e-02
 3.30358967e-02 1.10778943e-01 5.71121264e+00 3.27370912e-01
 4.73477319e-03 3.55190854e-03 1.10636204e-02 1.42847896e-02
 1.67954230e+00 1.54335409e-01 4.22622636e-02 5.72319031e+00
 3.42573784e-02 5.29910028e-02 6.10728152e-02 1.88554935e-02
 2.50125706e-01 9.19344835e-03 1.87351182e-02 4.18792740e-02
 3.70064825e-02 1.25308651e-02 2.60605868e-02 3.02171595e-02
 4.54323962e-02 2.72458754e-02 4.58506346e-02 4.00601067e-02
 5.39985020e-03 4.75904047e-02 4.90898304e-02 1.92159712e-02
 3.44482996e-02 3.10620070e-02 4.30721045e-02 5.30308522e-02
 3.70398350e-02 2.41942257e-02 4.12936509e-02 6.82352260e-02
 5.27634144e-01 1.72145441e-02 5.57120517e-02 1.31972032e-02
 4.00618389e-02 6.04623675e-01 4.16849703e-02 7.49650300e-02
 5.29877692e-02 9.02002990e-01 6.61348104e-02 6.23255298e-02
 3.27780545e-02 8.02779049e-02 3.64631921e-01 5.79615030e-03
 3.39666642e-02 6.13825116e-03 5.15515208e-02 3.24121229e-02
 1.72885414e-02 4.40710932e-02 3.81444134e-02 1.27561009e-02
 4.20988500e-02 1.13129295e-01 2.36173905e-02 5.89400493e-02
 3.12272497e-02 1.82847783e-01 2.43497808e-02 3.94666940e-02
 1.10598311e-01 4.24829870e-03 2.56400481e-02 3.54227982e-02
 4.39333171e-02 4.71373200e-02 5.25755547e-02 8.71470645e-02],0.3459297,[3.72715630e-02 1.63094476e-01 3.48480791e-02 3.28010693e-02
 1.48077160e-01 4.67555448e-02 6.04236722e-02 4.24081050e-02
 1.91099733e-01 2.45267957e-01 3.09269596e-02 8.38407576e-02
 4.18059731e+00 4.88702357e-02 7.97211528e-02 2.91008223e-02
 3.61636393e-02 6.03675768e-02 1.75739303e-02 2.22397093e-02
 9.48038846e-02 8.12977478e-02 2.19600759e-02 8.68648648e-01
 2.28124619e-01 1.71173736e-02 7.88441449e-02 2.90666968e-02
 3.38819399e-02 2.96839029e-02 9.85483453e-02 3.08962408e-02
 2.57755443e-02 8.33481178e-02 2.83260494e-02 2.97911577e-02
 4.94391583e-02 6.26691654e-02 4.29077148e-02 2.52892282e-02
 2.77076244e-01 3.10344771e-02 1.58714443e-01 1.74567878e-01
 9.36825871e-02 2.32590348e-01 3.57535183e-02 5.43722548e-02
 5.30476458e-02 4.09504250e-02 2.78746039e-02 1.19039729e-01
 1.42989345e-02 2.90251337e-02 3.44722271e-02 3.13102081e-02
 4.36193235e-02 1.14362316e+01 3.17202695e-02 1.57196999e-01
 3.59297156e-01 2.81904966e-01 3.74373272e-02 4.42044325e-02
 1.32582653e+00 2.56880485e-02 3.25112455e-02 1.67546511e-01
 9.83046442e-02 4.52626869e-02 5.88182509e-02 2.35403985e-01
 8.33032504e-02 5.21372408e-02 1.35222077e-01 5.36395535e-02
 9.93672982e-02 3.11330743e-02 1.97712202e-02 8.55410323e-02
 1.61928520e-01 1.29358649e-01 3.87453809e-02 1.31050915e-01
 3.63951214e-02 3.63747142e-02 7.71297407e+00 1.22141495e-01
 2.70716865e-02 1.27262056e-01 3.85411270e-02 4.10927758e-02
 9.17949080e-02 2.85336673e-01 8.90175346e-03 4.90173474e-02
 3.59025337e-02 2.89100278e-02 1.24930769e-01 1.19391888e-01
 1.41405091e-01 3.59586366e-02 3.16299535e-02 4.99143712e-02
 3.10938545e-02 4.08791676e-02 1.99596900e-02 3.46654132e-02
 1.57438204e-01 2.91441754e-03 3.94783728e-02 2.19623432e-01
 4.93872091e-02 4.33321595e-02 8.61753449e-02 6.12470150e-01
 8.98550689e-01 4.87907901e-02 8.76942277e-02 2.95443320e+00
 1.46357149e-01 3.60786170e-02 2.79596262e-02 5.13242520e-02
 6.36144131e-02 3.88925523e-02 4.69332710e-02 2.33293511e-02
 4.42516655e-02 3.10724452e-02 1.18407898e-01 8.18424225e-02
 1.39000723e-02 3.88127640e-02 1.21392801e-01 1.65124863e-01
 1.44136310e-01 2.29681209e-02 1.77277178e-02 4.37961146e-02
 7.97732770e-02 3.69625986e-02 1.12638474e-01 9.57109630e-02
 3.97269279e-02 3.77478525e-02 1.04382783e-01 4.07162420e-02
 8.84397566e-01 1.02811167e-02 4.67702672e-02 1.10436216e-01
 3.03618368e-02 2.72755176e-02 3.41455005e-02 2.51962636e-02
 3.82162482e-02 7.72013143e-02 1.99582521e-02 2.96155363e-03
 1.18056417e-01 3.89129877e+00 2.72911154e-02 3.53498347e-02
 1.17918611e-01 4.97239679e-02 3.28895375e-02 4.60342877e-02
 1.47417694e-01 4.58856598e-02 2.21089736e-01 2.13935041e+00
 4.25504670e-02 1.00696422e-01 3.63744162e-02 3.88847291e-02
 4.37767357e-02 4.74401079e-02 1.96411109e+00 3.26508641e-01
 3.81140448e-02 2.16518000e-01 2.65561398e-02 3.00327688e-02
 8.50024402e-01 4.47088003e-01 3.99180651e-02 7.79739022e-01
 3.50254923e-02 1.43528417e-01 5.73993884e-02 1.34943277e-02
 2.50620455e-01 7.32155964e-02 1.09251305e-01 2.31718644e-02
 2.96805277e-02 2.91365050e-02 3.02941222e-02 4.33267914e-02
 4.03216556e-02 1.10974628e-02 1.50616750e-01 4.27239612e-02
 1.24463491e-01 4.58384901e-02 3.49659845e-02 7.58424401e-02
 4.27665561e-02 4.57889512e-02 2.85041332e-02 3.96465138e-02
 3.71416137e-02 2.35448480e-02 4.19153050e-02 1.25764942e+00
 1.70282555e+00 1.96738485e-02 1.39461860e-01 4.29387018e-02
 1.65438041e-01 1.30588853e+00 1.65739492e-01 3.02653722e-02
 4.39881310e-02 4.39416826e-01 1.51480347e-01 5.00179082e-02
 3.11677456e-02 1.18678018e-01 2.50862420e-01 3.69890332e-02
 3.61922234e-02 4.55597974e-03 2.95702629e-02 2.17410419e-02
 1.50545672e-01 1.04036048e-01 3.92020568e-02 2.16587838e-02
 3.73461209e-02 6.71550035e-02 1.52483255e-01 5.05376793e-02
 3.82624343e-02 2.30935767e-01 1.23732332e-02 3.99920195e-02
 1.22893058e-01 1.35532059e-02 4.07810360e-02 4.96921688e-02
 2.50259675e-02 4.21820693e-02 5.39779253e-02 1.96119905e+00],-86.04109,-122.612015,-303.1507,1.0377376,3.324379,0.9130012,0.9273982,8.337129,-9.46258,95.71366,175.6687,1.9206898,0.37690425,0.13218737,-169.97897,169.97897,[1.90046799e+02 3.84463096e+00 2.29860802e+01 3.99605293e+01
 9.62262390e+02 1.45877051e+03 3.08819214e+03 1.40343704e+02
 1.65494666e+03 1.66965698e+02 1.94620560e+02 5.83223486e+00
 1.16617175e+03 6.94006491e+00 1.49174866e+02 3.29837500e+03
 4.03920746e+00 2.74889600e+03 2.63428450e+00 4.78653760e+03
 2.66554291e+02 1.07052966e+03 1.23444817e+02 4.37635612e+00
 8.53255859e+03 1.82318125e+04 5.59419537e+00 5.65811882e+01
 1.14396645e+02 1.11427026e+03 4.59825586e+03 7.42303848e+00
 7.43284893e+00 1.30922562e+02 7.10267517e+02 2.19017017e+03
 2.90967554e+03 1.51571936e+03 9.98263168e+00 4.17330933e+02
 1.19427853e+01 4.70564697e+02 3.47718849e+01 3.31428284e+02
 2.04008652e+02 1.02515671e+02 1.92352264e+02 5.28451385e+01
 2.58403854e+01 4.39954468e+02 3.84119105e+00 1.92345337e+02
 5.22066016e+03 3.37090950e+01 5.38474274e+01 1.80954773e+03
 9.37001228e+00 6.84064209e+02 1.29407935e+03 4.19054321e+02
 1.47553491e+03 2.54445526e+02 1.48314368e+03 3.52140093e+00
 8.87653613e+03 1.81809097e+02 2.46533057e+03 1.24737167e+02
 2.24081329e+02 1.58119080e+02 5.86593750e+02 8.23825455e+01
 1.75379602e+03 2.27141445e+04 7.71499573e+02 3.05191288e+01
 9.23298874e+01 1.34036331e+02 1.46325500e+02 2.15517166e+02
 1.77324688e+04 1.43430771e+02 2.37697418e+02 1.36929840e+02
 2.82099581e+00 5.56764648e+02 3.25729767e+02 3.04179859e+01
 9.48050110e+02 8.30418777e+00 3.31231299e+03 7.81045837e+01
 1.51076038e+03 8.10053711e+01 5.47967672e+00 3.77009460e+02
 1.50971542e+02 4.57198944e+01 1.47926379e+03 5.92773132e+01
 4.49311310e+02 7.06298340e+02 4.04851818e+00 1.85213882e+02
 2.90465126e+01 1.86590561e+02 1.06413374e+01 5.71960083e+02
 1.53631079e+03 1.75430127e+03 5.87197638e+00 4.37341003e+02
 2.92543579e+02 1.31376076e+00 4.77161804e+02 1.23417692e+01
 3.75223328e+02 7.42418671e+01 2.61963043e+02 1.46864188e+00
 1.68487939e+03 2.18117749e+03 6.19613586e+02 1.41556644e+01
 3.46063428e+03 9.87837952e+02 3.91342773e+02 2.91514225e+01
 4.87667542e+01 1.05608856e+02 2.10124785e+04 2.76375628e+00
 5.86919289e+01 5.46464111e+02 1.32901428e+02 1.05529274e+02
 3.07923608e+03 5.99785400e+02 3.27083588e+02 3.06347198e+02
 8.18543762e+02 5.59745239e+02 1.07258120e+01 6.64159119e+02
 2.75355387e+00 1.83609650e+02 5.96777773e+00 4.28917511e+02
 5.41327429e+00 4.93345245e+02 3.09821960e+02 1.15482399e+02
 2.37253815e+02 1.90793872e+03 1.71931213e+02 1.79264197e+03
 7.95770073e+00 2.72073944e+02 1.38918549e+02 9.64072952e+01
 3.67332886e+02 6.22590675e+01 3.42292356e+00 1.19355766e+02
 5.91388062e+02 1.36089160e+03 1.36527039e+02 1.70203384e+02
 5.88838037e+03 3.55035484e-01 4.91620819e+02 2.38457947e+01
 1.37918182e+02 1.03317764e+02 1.19056885e+02 3.75766205e+02
 1.24845142e+03 8.75043518e+02 2.59946753e+03 4.05648041e+01
 2.76321583e+01 1.10704333e+03 3.35619922e+03 1.64305084e+02
 3.54849339e+00 1.48394641e+03 3.04072437e+03 2.35878408e-01
 3.54548706e+02 1.96012461e+04 1.66512009e+02 2.33547089e+02
 4.21172241e+02 5.77808411e+02 1.01314713e+02 3.57035294e+01
 4.07404388e+02 2.36294775e+03 1.09981750e+03 1.15512028e+01
 1.57777643e+00 1.26393356e+01 4.73664429e+02 4.44162079e+02
 6.54678497e+01 2.98312321e+01 5.61721649e+01 3.40199921e+02
 2.25968094e+02 3.63468437e+01 1.95522107e+03 1.26641512e+00
 2.69940777e+01 1.03446579e+00 9.59421768e+01 7.93013763e+01
 2.19473114e+01 1.60789871e+02 1.71931496e+01 8.18289280e+00
 2.93051338e+01 3.51928345e+02 4.70744019e+01 1.92790009e+02
 4.27664719e+01 1.52735453e+01 7.82553673e+00 5.46220322e+01
 5.85410614e+01 1.93779419e+02 6.61428680e+01 5.62991882e+02
 1.39053253e+02 1.83744519e+03 6.12279785e+02 5.51046371e+01
 1.58034039e+00 4.46417542e+01 1.46008957e+02 5.31917656e+04
 1.17567917e+02 6.48103118e-01 1.05566151e-01 1.96697121e+01
 1.08871822e+01 3.00377960e+02 2.65107483e+02 1.34757339e+02
 2.63413794e+03 4.98826294e+02 2.48617477e+01 4.08686743e+03
 2.41588654e+02 1.79730713e+00 6.50497437e+01 8.12746887e+01],1460.6698,[1.11805546e+00 2.14986071e-01 1.04648895e+02 3.01210365e+01
 4.67819183e+02 8.67341492e+02 3.13359351e+03 1.37423752e+02
 9.94930542e+02 7.40216370e+01 1.98771225e+02 1.36481552e+01
 8.54666016e+02 6.28638935e+00 5.51677513e+01 9.46088196e+02
 1.70316063e-02 1.41989282e+03 9.65545893e-01 3.45651685e+03
 1.22374321e+02 1.36524646e+03 6.40129242e+01 1.92690301e+00
 4.78289307e+03 1.82013535e+02 1.02726325e-01 3.26243362e+01
 7.10437698e+01 7.70907349e+02 6.97382202e+02 7.13370681e-01
 7.38796387e+01 7.58136749e+01 4.65099091e+02 1.44815222e+03
 2.56991162e+03 1.59635437e+03 9.84136009e+00 6.18546724e+00
 2.36842871e+00 8.42566772e+02 2.99118786e+01 3.22779114e+02
 3.00865906e+02 3.08681850e+01 3.13587093e+00 2.64887428e+01
 2.71792355e+01 5.95167664e+02 2.55914215e+02 6.69512482e+01
 5.53490112e+02 8.06748772e+00 3.00022449e+01 1.06092017e+03
 2.11213703e+01 7.92201782e+02 3.72463760e+01 4.90385651e+02
 6.79994812e+01 1.34163284e+02 2.30070776e+03 4.32941961e+00
 1.46063750e+04 8.59858627e+01 2.34971176e+02 2.23836761e+02
 8.54258728e+01 7.37604675e+01 1.03913250e+01 2.90881023e+01
 1.15161438e+03 2.91785176e+04 5.43742676e+02 1.31613770e+01
 7.30658436e+00 2.93942165e+01 1.15395309e+02 5.37151031e+01
 2.16684570e+04 1.87460434e+02 4.51953278e+01 5.81658173e+01
 1.70592546e-01 1.90537903e+02 3.17448761e+02 2.85942764e+01
 2.52177441e+03 4.23680954e+01 2.16299927e+03 1.40744461e+02
 1.12619617e+03 1.46358841e+02 5.49288094e-01 1.18517065e+03
 1.47610596e+02 1.32680416e+00 5.63428154e+01 5.95544434e+01
 1.41859909e+02 8.15238586e+02 3.03216219e+00 3.32024345e+01
 3.84841967e+00 7.80430984e+01 1.65554390e+01 1.63197266e+02
 3.15872754e+03 8.66782959e+02 4.02135706e+00 3.83708382e+01
 3.34929016e+02 1.34743347e+03 3.93945953e+02 1.47174921e+01
 1.58294693e+02 1.41367004e+02 3.34132263e+02 1.18084002e+01
 1.38292773e+03 1.94648145e+03 6.27450439e+02 1.96917648e+01
 2.42526685e+03 6.86499878e+02 3.54694244e+02 7.64092779e+00
 1.63651943e+00 1.22148178e+02 3.54586411e+01 2.26466107e+00
 6.24993362e+01 5.38932251e+02 3.84868393e+01 2.90623817e+01
 9.55229102e+03 8.79447021e+02 2.54209023e+01 4.24348358e+02
 2.59469574e+02 4.86950958e+02 2.30468979e+01 6.78961121e+02
 2.81781316e+00 4.53574066e+01 4.29272652e+00 5.23899231e+02
 9.45061684e+00 4.08679443e+02 3.33331048e-01 4.44146118e+02
 6.94352722e+01 1.43082031e+03 4.03596687e+01 8.98163757e+02
 6.43554211e-01 4.47312927e+02 1.49076675e+02 2.93435135e+01
 8.16470703e+02 2.86495113e+01 1.52317256e-01 1.43596100e+02
 4.84074799e+02 2.86060303e+03 3.40781708e+01 7.76888123e+01
 4.12764014e+03 7.08114982e-01 4.74429993e+02 2.18859148e+00
 1.77671448e+02 4.83328629e+01 7.43187332e+01 4.51184723e+02
 1.09636182e+03 3.92276825e+02 2.91254785e+03 4.98901224e+00
 2.48848381e+01 6.62722778e+02 1.41809644e+03 1.59096466e+02
 2.91886592e+00 4.45246704e+02 1.02557153e+03 1.62574673e+01
 1.45925781e+02 2.03332291e+02 9.52092590e+01 6.18079758e+01
 1.53162140e+02 1.40656555e+02 9.75779648e+01 3.79162079e+02
 3.88950439e+02 3.24499390e+03 9.03875427e+02 9.22690582e+00
 1.30979455e+00 1.02280068e+00 3.41956696e+02 5.25343384e+02
 4.70925026e+01 1.85300808e+01 8.39152679e+01 3.61717834e+02
 1.93989716e+02 4.95307350e+00 9.39159058e+02 4.15384912e+00
 1.05287163e+02 9.07223970e-02 3.86523972e+01 5.55145111e+01
 2.10832863e+01 7.50397797e+01 2.12204385e+00 9.14979458e-01
 3.26028752e+00 3.13372253e+02 5.48189020e+00 5.88375854e+01
 3.02766323e+01 1.62606754e+01 1.26383713e+02 1.12691320e-01
 1.06792107e+02 8.13482117e+02 3.31931076e+01 5.77104126e+02
 8.87562180e+01 1.21162830e+03 5.27314758e+02 2.16394691e+01
 1.92545044e+00 1.54157524e+01 7.41778336e+01 4.71816094e+04
 3.05779915e+01 2.28678513e+00 8.64928722e-01 1.02713409e+02
 4.86291265e+00 1.10505676e+02 3.58789703e+02 1.20924011e+02
 5.48512207e+03 1.50460831e+02 1.15887785e+01 9.66925171e+02
 4.53746277e+02 8.18454802e-01 1.67658067e+00 2.89958267e+01],-101.82985,-189.72156,-320.2534,2.0983264,5.764937,0.9685478,0.95645577,0.01683291139602661,1987.94633436203,0.5,0.5,0.020262427419225553,-0.00039516418728324294,0.020293720683080742,0.00044307767671825874,29.53090258042746,37.59999999999999,0.0,124500.0,-1.0,-865.0,750.0,12.083404541015625,125000
108.438354,0.036766574,0.16202587,0.0008690866,-106.78133,106.78133,[1.41897192e-03 8.60228494e-04 5.96340634e-02 2.60631810e-03
 1.37372855e-02 6.92424830e-03 4.38245583e+00 5.14970571e-02
 2.71444255e-03 2.76288111e-03 2.99335690e-04 1.82472542e-03
 1.16981745e-01 8.44006613e-03 8.90632570e-02 3.38146575e-02
 8.70964141e-05 5.87102491e-03 1.42392353e-03 4.63464949e-03
 1.34695228e-02 1.36377458e-02 2.77547026e+00 3.60996439e-03
 7.99424015e-03 2.75480049e-03 2.25269527e-04 1.16524426e-03
 3.42535935e-02 1.61338039e-03 1.01827108e-03 3.16947279e-03
 1.02566695e-03 3.01058521e-03 7.28337467e-03 9.40077659e-03
 1.07221648e-01 1.52151249e-02 4.96821851e-03 3.39037599e-03
 1.46485316e-02 1.79211283e-03 3.69851268e-03 2.22201616e-01
 5.02063036e-01 7.15902448e-02 2.05362507e-04 9.10510682e-03
 2.32905284e-01 1.03443325e-03 1.63895078e-04 1.46789495e-02
 5.62835950e-04 7.63784919e-04 5.08490577e-03 6.81719976e-04
 1.78450439e-02 3.69247142e-03 4.05003130e-03 6.65310249e-02
 1.18935155e-02 1.66883273e-03 7.92288184e-02 2.53677485e-04
 8.43704585e-03 6.88252598e-02 1.72025897e-02 9.62401275e-04
 1.28099127e-02 8.13196227e-03 1.30389128e-02 4.97765560e-03
 5.40690683e-03 1.12382602e-03 3.14416476e-02 7.57557154e-02
 3.18679679e-03 3.71240755e-03 1.39166608e-01 1.11939968e-03
 8.78602546e-03 3.52630625e-03 2.30479464e-01 1.09801898e-02
 1.09810918e-03 3.09260387e-04 5.58061583e-04 6.11129275e-04
 7.00934045e-03 1.60336748e-01 3.49848568e-02 2.75560189e-04
 1.01852987e-03 2.17498885e-03 3.30377631e-02 3.38282553e-05
 6.55483920e-03 1.10582169e-02 3.95300746e-01 4.58578207e-03
 2.43482403e-02 3.00389412e-03 2.21213396e-03 9.21270624e-02
 4.90985904e-03 3.22676683e-03 2.32543121e-03 1.90517097e-03
 1.46075869e-02 1.07246488e-02 9.01883759e-04 5.28790429e-03
 6.74814871e-03 2.35596905e-03 4.10345942e-03 9.05658351e-04
 4.64102812e-03 2.32217554e-03 1.52296107e-02 1.19535737e-02
 5.08045852e-01 4.35094148e-01 5.89675410e-03 1.88415591e-03
 2.73055494e-01 9.38466072e-01 9.99524817e-03 4.88222868e-04
 4.53056418e-04 9.34207067e-02 2.64647184e-03 3.22194491e-03
 5.49214929e-02 9.00138542e-03 9.76883471e-02 2.46999785e-02
 5.50847617e-05 4.23634704e-03 1.80373836e+00 3.68334237e-03
 2.42945785e-03 1.10022597e-01 6.18980499e-03 4.41086106e-03
 1.31113012e-03 1.88547582e-03 6.59860857e-03 7.43309595e-03
 5.78916864e-04 8.21236521e-03 1.64768798e-03 1.92371733e-03
 2.00690702e-02 3.53109930e-03 3.49024602e-04 1.42468326e-03
 2.15008743e-02 1.43683597e-01 9.13974922e-03 2.54034647e-03
 4.34978493e-03 4.95230103e+00 3.27281564e-01 3.48255271e-04
 4.67348436e-04 7.16758287e-03 4.97906585e-04 1.19325705e-04
 1.86553225e-02 7.79099111e-03 1.49692246e-03 2.46080685e+00
 2.05866946e-03 3.02249612e-03 1.40985521e-03 4.74905014e+00
 9.56562406e-04 2.09808000e-04 3.30268443e-01 8.21435649e-04
 1.87659869e-04 4.88656670e-01 6.23100263e-04 3.42924637e-03
 1.31081883e-02 1.30485445e-02 1.49492593e-03 2.29342422e-03
 2.73512723e-03 7.00642471e-04 1.30801578e-03 4.01220545e-02
 5.92840137e-03 3.94377932e-02 1.30579863e-02 1.58371795e-02
 3.04898666e-03 1.30923523e-04 1.31106619e-02 1.14781618e+00
 8.41688458e-03 2.75665615e-03 1.45849079e-01 2.40598130e-03
 1.59755468e+00 1.51482236e-04 5.12310164e-03 4.98793367e-03
 2.61380058e-02 4.11435030e-03 1.13277091e-03 2.83235032e-03
 9.73358631e-01 9.09466296e-03 2.85184294e-01 4.58260439e-03
 3.64511530e-03 5.83934411e-03 3.01170745e-04 1.39379082e-02
 7.09473789e-02 2.48453231e-04 1.47495028e-02 5.86061291e-02
 4.08799164e-02 3.02416757e-02 1.55268516e-02 1.19187208e-02
 2.39442056e-03 2.76375003e-02 2.27207714e-03 4.43617906e-03
 1.51481360e-01 1.03737426e-03 2.02232134e-03 8.42035841e-03
 1.19334824e-01 2.38231057e-03 6.82119280e-03 3.07142735e-04
 7.43127987e-03 1.22712111e+00 1.20248757e-01 1.94802089e-03
 1.16393925e-03 1.82194591e-01 4.35860944e-04 9.87024605e-03
 9.28529189e-04 8.27039927e-02 8.23870394e-03 1.33993113e-02
 3.00041214e-03 5.57662570e-05 1.28081925e-02 6.38669431e-02],0.11159098,[1.31177623e-03 1.99416012e-04 1.44910842e-01 2.08573905e-03
 1.78799555e-02 3.03574209e-03 6.55854046e-01 2.84667853e-02
 4.85752663e-03 2.58316612e-03 9.86133236e-05 2.37426534e-03
 1.04412297e-03 2.05119257e-03 6.93299919e-02 2.05965266e-02
 2.39932269e-04 5.22601884e-03 2.35700049e-03 2.86691939e-04
 4.83224285e-05 6.74296357e-03 4.62340057e-01 2.38942972e-04
 6.83148392e-04 1.38551672e-03 4.68012877e-04 2.44744867e-03
 2.52434015e-02 1.30868342e-03 5.25504956e-03 2.20551295e-03
 2.29285331e-03 4.38951142e-03 9.10892268e-04 1.46601535e-03
 8.32564682e-02 4.03678603e-03 8.14434432e-04 2.08274880e-03
 1.67539157e-03 3.18930787e-03 2.50304490e-03 1.61573470e-01
 1.73825666e-01 1.59442991e-01 4.14492155e-04 5.76368999e-03
 1.45678461e-01 1.20585784e-03 2.50334386e-03 3.38966050e-03
 6.72762375e-03 5.10896672e-04 2.69592856e-03 3.33568198e-03
 2.31981985e-02 1.26141240e-03 2.57309387e-03 1.10983126e-01
 1.36948959e-03 2.67122476e-03 3.87940034e-02 1.06145418e-03
 1.11822435e-03 1.76953450e-02 3.47637106e-04 2.90854950e-05
 6.35644048e-02 2.55101966e-03 7.88412523e-03 5.67581691e-03
 8.87308328e-04 9.52352595e-04 7.72906542e-02 2.70205140e-02
 2.15292035e-04 4.49144002e-03 2.45601572e-02 1.06799742e-03
 4.31095716e-03 1.68007100e-03 6.13648780e-02 3.94379422e-02
 7.00221048e-04 3.29719682e-04 1.36106112e-03 9.38643701e-04
 8.97031929e-03 2.79639270e-02 3.76916351e-03 1.48222898e-04
 9.12726449e-04 6.12690300e-03 7.81722460e-03 6.33949530e-05
 1.12271460e-03 2.51047802e-03 3.36982310e-01 2.73136348e-02
 5.13625937e-03 1.52015383e-03 7.86154356e-04 6.42777085e-02
 1.05359696e-03 3.72902490e-04 7.20761833e-04 9.36530903e-03
 1.29141631e-02 1.37355579e-02 1.71750085e-03 2.12372933e-03
 1.29061495e-03 4.28551808e-03 1.47109199e-03 8.15303647e-04
 4.41983808e-03 4.08823718e-04 5.35339175e-04 1.67981000e-03
 1.96593928e+00 1.09748960e-01 1.07273748e-02 6.19941484e-03
 4.37560044e-02 2.17148945e-01 4.49294671e-02 1.18124648e-03
 1.50681776e-03 3.49140842e-03 2.08878424e-03 5.35144052e-03
 5.64135090e-02 1.69144198e-03 4.27450091e-02 5.93078183e-03
 1.53617095e-03 1.68109196e-03 1.93206556e-02 7.70979887e-03
 3.05635156e-03 1.97130237e-02 1.48549583e-03 1.30540924e-03
 3.98284057e-03 1.07352203e-03 5.49036684e-03 1.86869595e-02
 9.32649709e-04 6.14209101e-03 5.25569369e-04 1.71023258e-03
 5.95667679e-03 1.09040854e-03 1.08422013e-03 6.05238928e-03
 3.55414907e-03 1.67584801e+00 1.04674802e-03 4.04175895e-04
 8.28365155e-04 2.52003558e-02 1.20310232e-01 4.76613757e-04
 1.06108491e-03 6.41219225e-03 5.37466723e-04 3.29420087e-03
 1.17971585e-03 3.88777838e-03 1.83128286e-05 4.53373075e-01
 1.32946880e-03 3.19711422e-03 1.74797163e-03 7.47642934e-01
 3.89096513e-03 2.64810980e-03 5.01264393e-01 2.13161111e-04
 7.38855102e-04 1.75895929e-01 1.15422322e-03 1.96928298e-03
 6.81595318e-03 1.23995151e-02 1.92918302e-03 2.10754760e-03
 7.30393745e-04 9.36758355e-04 6.73712324e-03 6.74784258e-02
 6.80173398e-04 6.60953373e-02 1.58348959e-03 4.58464585e-02
 2.74680718e-03 5.67997340e-05 1.32456254e-02 1.42187759e-01
 2.37626419e-03 9.82198515e-04 1.36850148e-01 1.23172859e-03
 2.38839149e-01 9.88355139e-04 9.62093996e-04 7.46363832e-04
 7.74981081e-03 8.65925220e-04 9.14603297e-04 3.22842668e-03
 4.34516311e-01 2.82437284e-03 9.29640055e-01 4.32308437e-03
 9.86988656e-04 1.07233948e-03 8.78171995e-04 1.04416562e-02
 6.74725249e-02 3.62735963e-03 1.93915539e-03 8.05273950e-02
 6.46933587e-03 2.77332440e-02 5.49881952e-03 6.67878939e-03
 3.32863280e-03 1.53298024e-03 1.13377254e-03 1.86536927e-04
 2.74425745e-01 5.28645003e-04 1.28671830e-03 5.21026598e-03
 2.38326117e-02 2.95618852e-03 2.61385227e-03 1.48534705e-03
 3.62813985e-03 2.60031968e-01 5.65281585e-02 1.86228030e-03
 2.23070965e-04 7.73722529e-02 9.06854926e-04 2.43606092e-03
 4.57315007e-04 8.24574083e-02 5.07942494e-03 1.65735427e-02
 4.65430785e-05 4.58874041e-04 2.61778478e-03 7.22135007e-02],-90.31632,-118.46089,-322.51538,1.0303578,1.4416041,0.98620784,0.92748404,2.0044193,-1.102036,19.998116,180.3761,1.9283608,0.43570167,0.16739808,-174.09073,174.09073,[2.77754272e+02 9.00338554e+00 2.36866307e+00 1.15898824e+00
 1.05235643e+01 1.14778955e+03 8.17115009e-02 2.40407944e+01
 2.45500830e+03 3.64920349e+01 2.83779785e+02 2.46763096e+01
 9.39137697e-01 1.66529688e+03 2.48492889e+02 5.84000732e+02
 3.08115771e+03 3.85913635e+02 5.54544830e+01 6.19976318e+02
 1.22955002e-01 1.93041916e+02 1.10718887e+04 6.74788361e+01
 3.46207786e+00 1.25723289e+02 2.12707443e+02 1.43572058e+03
 2.59800342e+03 1.36557245e+00 1.30849939e+03 8.82787476e+01
 1.23122382e+00 3.66811681e+00 2.04440765e+01 3.07830505e+01
 2.06612335e+02 2.99771729e+03 1.48871045e+03 1.04512413e+02
 1.27847207e+00 5.11372986e+01 4.13209057e+00 2.73579248e+03
 1.72681915e+02 5.72310303e+02 2.36120178e+02 3.32586136e+01
 3.27537030e-01 2.12769562e+02 4.61202148e+02 1.18360698e-01
 1.24131638e+02 6.78092270e+01 9.42901516e+00 4.73774841e+02
 3.98199344e+00 5.08457994e+00 2.90115601e+02 2.11228223e+03
 3.97392883e+01 1.21688501e+03 1.29412632e+01 5.49839233e+02
 2.42735176e+01 1.18041679e+02 9.58610107e+02 1.95524948e+02
 7.74980957e+02 1.94560898e+02 9.63090057e+01 5.56021631e+03
 2.54305935e+01 1.42116623e+02 5.03384766e+02 4.96590729e+01
 4.06997559e+03 3.23533363e+01 8.85925484e+00 3.83833599e+00
 5.06369019e+01 1.91420288e+01 2.63115906e+02 2.10180103e+03
 9.37729073e+00 1.28911400e+01 8.54858521e+02 3.89965546e+02
 1.12339211e+01 5.44370850e+02 8.36933231e+00 2.40286346e+02
 3.93742737e+02 1.03501701e+01 2.18487816e+01 2.40877136e+02
 7.76187378e+02 5.82988770e+02 3.28323145e+03 1.11387073e+03
 6.08500595e+01 6.10268936e+01 1.63759232e+02 6.20440903e+01
 3.23210632e+02 3.50835498e+03 2.95594597e+01 8.10292969e+01
 5.54214020e+01 4.59356079e+01 6.70867777e+00 6.50687866e+01
 5.26734424e+03 1.34470381e+04 9.29278259e+01 3.00873322e+02
 1.26572876e+01 7.05146503e+00 3.97961328e+03 3.98515259e+02
 1.12732132e+02 2.01480627e+00 9.09231472e+00 2.78144958e+02
 1.80196631e+03 2.37031689e+03 2.90741897e+00 2.98487915e+02
 6.14620850e+02 5.19417822e+03 2.22436523e+02 3.59484625e+00
 2.80909393e+02 3.77748985e+01 6.39514236e+01 1.79194812e+03
 1.69253601e+02 5.63901626e-02 1.26057255e+00 3.16007078e-01
 4.33139453e+03 6.93383008e+03 9.04538193e+01 1.04222498e+03
 5.99857712e+00 7.47805359e+02 2.81142273e+01 1.70778760e+03
 1.82896194e+01 7.30036944e-02 2.01416229e+02 3.31441641e+00
 2.26769028e+02 7.55715942e+01 2.00778702e+02 4.50279176e-01
 2.04854675e+02 1.13570728e+03 5.99506836e+01 3.68647186e+02
 3.76919632e+01 5.75110986e+03 1.30755640e+03 1.12169456e+01
 4.24077911e+02 1.16228561e+02 1.04489103e-02 1.74871044e+01
 4.79141998e+00 2.43522858e+02 5.27111149e+00 1.00463348e+02
 5.77260494e+00 1.07009979e+02 6.44671387e+02 2.25760307e+01
 7.22863541e+01 1.19155903e+01 1.25152922e+01 6.07420593e+02
 2.04699414e+04 7.29469971e+02 1.06565361e+01 3.33033600e+01
 2.45824757e+01 1.67652817e+02 3.32886200e+02 4.87674522e+00
 1.89195633e+01 9.57974339e+00 1.05028427e+02 1.46225529e+01
 1.80045929e+01 9.21441528e+02 2.31439041e+02 5.33207886e+02
 1.66505139e+03 4.03357010e+01 3.97969961e+00 2.09971411e+03
 9.21793442e+01 1.41441453e+00 1.66963452e+03 1.53866028e+02
 4.01460915e+01 4.92695084e+01 2.02255630e+01 3.07552307e+02
 2.43534668e+03 2.07987701e+02 2.50340033e+00 1.25231361e+01
 6.22011414e+02 2.43839096e+02 1.86506790e+02 1.22537303e+00
 1.00130774e+03 2.45921497e+01 8.48522110e+01 5.46241341e+01
 3.42488739e+02 2.16877701e+02 1.38873520e+02 1.39325356e+00
 1.05990814e+02 1.22205826e+02 3.83778691e-01 8.94993042e+02
 3.43394051e+01 3.75701180e+01 1.26062334e+00 2.32141693e+02
 8.69061432e+01 5.12668252e-01 2.96698364e+02 2.02450592e+02
 5.02485504e+02 3.63655029e+02 2.43125854e+02 2.44936028e+01
 1.41634872e+02 1.32373848e+01 2.87371397e+00 2.76286279e+03
 5.58577423e+01 4.57935257e+01 9.12147331e+00 1.06392407e+03
 7.59551562e+03 1.34088348e+02 7.44153929e+00 5.28855530e+02
 2.97133141e+01 7.48589355e+02 1.06615936e+02 4.19494354e+02],823.6793,[1.70344040e+02 4.12084084e+01 8.89671981e-01 1.39917541e+00
 3.51359677e+00 2.62159454e+02 2.31752507e-02 1.83632660e+01
 1.52391956e+03 2.06199036e+01 4.59293213e+01 5.32875967e+00
 1.60184614e-02 1.16301123e+03 2.08488007e+02 3.56689484e+02
 1.38111182e+03 1.61847019e+00 7.31058578e+01 4.42970245e+02
 1.00476056e-01 2.12995529e+02 1.12419219e+04 5.00930061e+01
 5.21827240e+01 8.36845398e+01 1.62962761e+01 1.42385059e+03
 1.33173340e+02 4.48269904e-01 1.88862476e+03 7.50845642e+01
 6.88866615e-01 3.67019057e-01 7.21299505e+00 2.37833357e+00
 1.25172058e+02 1.51480530e+03 7.94178467e+02 1.28196655e+02
 1.17022049e+00 3.35843849e+01 5.36304474e+00 1.34499353e+03
 1.17909584e+02 6.42538879e+02 2.85650146e+02 1.12462263e+01
 5.80430269e-01 1.92937717e+01 4.33571533e+02 4.44532074e-02
 2.04431244e+02 7.36246262e+01 1.18896770e+01 2.90970367e+02
 3.73825073e+00 7.87917137e-01 2.62643799e+02 1.11863159e+03
 3.87260208e+01 7.16573792e+02 1.04057350e+01 3.34558868e+02
 1.98987103e+01 7.83467712e+01 1.64710831e+02 2.00629272e+02
 1.07127588e+03 2.20101013e+01 8.15561447e+01 2.76943555e+03
 2.16969604e+01 2.24360611e+02 3.81511292e+02 6.33129539e+01
 2.27264551e+03 4.80494003e+01 7.76638627e-01 1.25713959e+01
 5.20985832e+01 6.07192749e+02 8.80966309e+02 5.53858887e+02
 3.19415259e+00 3.64580688e+01 3.66584534e+02 3.32861267e+02
 5.61234760e+00 2.81963074e+02 3.96658421e+00 1.07793689e+00
 7.49861069e+01 1.98337197e+00 3.23488503e+01 1.71227814e+02
 2.01795593e+02 3.90497551e+01 1.82366516e+03 1.56962936e+02
 3.87010765e+01 5.02937746e+00 1.14839645e+02 2.66751823e+01
 1.95013580e+02 3.47440527e+03 1.10886669e+00 5.47894249e+01
 3.61172676e+01 1.09322189e+02 1.26717041e+02 6.57229462e+01
 4.24221094e+03 1.04272705e+04 7.92488403e+01 4.07271500e+01
 1.73844795e+01 3.18671912e-01 2.80105713e+03 3.93117447e+01
 8.75657349e+01 2.93051362e-01 1.98907182e-01 1.51989517e+02
 5.02686719e+03 1.86898682e+03 7.94661492e-02 4.27877106e+02
 7.11086578e+01 5.47833984e+03 1.46615265e+02 3.22262868e-02
 1.73908417e+02 3.12955093e+00 5.00990410e+01 1.12431152e+03
 2.49988266e+02 1.91422373e-01 1.42281938e+00 2.02685148e-01
 1.71032043e+03 5.17493115e+03 4.23751945e+01 4.53996674e+02
 3.04388851e-01 7.30320740e+02 6.11585121e+01 2.91147270e+01
 3.37581038e+00 1.23325527e-01 3.06610016e+02 8.56825709e-02
 4.29318428e+00 7.91536713e+01 5.78154602e+02 2.52660483e-01
 3.51376099e+02 8.25035828e+02 4.45256271e+01 1.75877960e+02
 2.74461818e+00 2.82295288e+03 1.47506866e+02 1.93246675e+00
 2.23546005e+02 6.47083435e+01 1.76391192e-02 3.17103386e+01
 9.79853272e-01 2.74670166e+02 2.31087990e+01 4.22193985e+01
 1.89220161e+01 1.83011597e+02 3.47775659e+03 2.37888050e+00
 5.42664146e+00 4.24582901e+01 8.26683521e+00 1.44617505e+03
 5.72065659e+01 4.83584290e+02 1.11808510e+01 1.36646013e+01
 2.44331150e+01 3.58841553e+02 6.57339417e+02 7.30408967e-01
 1.00018711e+01 1.80201168e+01 7.48892365e+01 2.68093276e+00
 3.51568580e-01 3.79156189e+02 4.39314453e+03 7.44158875e+02
 1.38286035e+03 9.22907352e+00 2.42934394e+00 1.07877734e+03
 1.61028996e+01 7.66685128e-01 1.64130463e+02 4.54416656e+01
 6.13367176e+00 8.28557739e+01 5.80336857e+00 5.67291992e+02
 5.77334351e+02 9.26884766e+01 2.27158356e+00 1.12800474e+01
 2.91834625e+02 2.73004303e+02 5.47952576e+01 5.06651211e+00
 2.87469513e+02 1.86028748e+01 8.10094604e+01 2.40911522e+01
 2.06515457e+02 2.58261200e+02 1.83045959e+02 3.17645001e+00
 2.66420822e+01 2.32970795e+02 1.19154358e+01 7.87130859e+02
 4.86296539e+01 3.90915662e-01 1.42480910e-01 3.48192177e+01
 9.33820248e+00 5.90512335e-01 3.26965485e+02 1.18937759e+02
 4.32570435e+02 1.41791061e+02 4.10241638e+02 5.68144381e-01
 9.47974548e+01 1.07487947e-01 1.01726460e+00 2.57026001e+03
 1.47705736e+01 4.26714020e+01 1.99008167e+00 2.17898120e+03
 3.80938745e+03 1.56807724e+02 7.35711157e-02 1.69248993e+02
 1.14296589e+01 9.41145935e+02 1.29709641e+02 3.27940399e+02],-102.16394,-196.30261,-325.20483,2.2438412,12.8599205,0.7325698,0.9550022,0.015349381580352784,2371.6809179782867,0.5,0.5,-0.005118484133222587,-0.0015762144695566649,-0.005161731740312252,-0.00041112395789635333,36.076707594798556,37.59999999999999,0.0,150000.0,-1.0,-770.0,750.0,12.651169538497925,150000
112.718376,0.036826372,0.17048565,0.0010169613,-110.97669,110.97669,[5.29227257e-02 1.01902150e-02 4.34547806e+00 2.41748738e+00
 1.72467399e-02 5.89626878e-02 9.97549109e-03 2.89648538e-03
 5.72291911e-02 2.15760060e-02 2.29122019e+00 9.53599252e-03
 2.90795183e-03 1.25308568e-02 4.46234345e-02 7.14154914e-03
 4.07254510e-03 1.10265389e-02 3.89644178e-03 4.82486057e+00
 5.68735600e-03 5.71986334e-03 1.86537597e-02 7.33359903e-03
 1.22728874e-03 5.25619695e-03 6.96465664e-04 1.13219144e-02
 7.43140638e-01 5.29971113e-03 9.43912342e-02 3.98367681e-02
 3.34376478e+00 6.19630292e-02 4.28270362e-03 2.25568041e-02
 5.22206072e-03 3.80545855e-03 2.24126391e-02 9.94026661e-03
 1.38049070e-02 3.28381181e+00 1.30444882e-04 7.75375590e-03
 5.30015025e-03 2.01877087e-01 1.24342134e-02 2.83263731e+00
 4.19581588e-03 1.65059557e-03 1.11039868e-02 6.83629885e-03
 1.80498231e-02 3.67468712e-03 2.95318023e-04 1.35655692e-02
 4.97276336e-03 2.20318008e-02 7.98150077e-02 2.65432335e-03
 1.67668656e-01 1.71822105e-02 9.51560040e-04 2.12465343e-03
 1.18683167e-02 7.89267756e-03 3.37540150e+00 2.23705638e-03
 2.30609756e-02 7.41721457e-03 8.47690366e-03 2.35767603e-01
 4.05590057e-01 5.49884558e+00 2.15212200e-02 2.53504179e-02
 1.10216718e-03 2.03217298e-01 3.51443887e-02 4.80251200e-03
 1.59533601e-02 3.56429629e-02 3.67387444e-01 1.24281826e+01
 1.17767215e+00 4.24589217e-03 5.26600517e-02 6.72211545e-03
 7.83753209e-03 8.35638586e-03 3.58950710e+00 1.48456953e-02
 1.32758282e-02 4.77288589e-02 4.65105586e-02 7.15316040e-03
 1.18716297e+01 5.17548025e-02 7.66074471e-03 1.51041159e-02
 1.02037229e-01 4.41301048e-01 6.84143882e-03 1.71686336e-02
 1.18898153e+00 4.85520298e-03 4.25496418e-03 1.89283893e-01
 8.44087452e-02 9.51870251e-03 1.16525032e-02 1.40369520e-01
 7.26431934e-03 5.33885732e-02 7.07717687e-02 9.94034484e-03
 1.78598426e-02 1.83447562e-02 5.35763334e-03 1.00136161e-01
 1.29476637e-02 1.21595720e-02 2.92730052e-03 2.67976761e-01
 2.24406626e-02 1.83119029e-02 2.43850797e-02 1.66677088e-01
 3.68247507e-03 5.44942217e-04 4.83946223e-03 6.80207694e-03
 1.61250308e-03 3.02533098e-02 4.66411468e-03 1.02894567e-03
 8.62383723e-01 9.52178612e-03 6.62189070e-03 1.15368599e-02
 1.99699365e-02 1.79550778e-02 1.99944898e-02 4.24779207e-03
 1.57327235e-01 7.65596051e-03 7.21677020e-03 6.48039579e-03
 1.00523606e-01 6.25462607e-02 9.16459598e-03 1.16285384e-02
 6.50081178e-03 1.29609229e-02 2.88873594e-02 6.14181906e-03
 1.57667741e-01 1.10548513e-03 5.70635404e-03 1.40218120e-02
 3.14302370e-03 1.07317260e-02 7.10069761e-03 7.79696822e-01
 2.11967975e-02 8.34376737e-03 1.90639426e-03 3.03874025e-03
 1.06060356e-02 1.02596022e-02 2.09777534e-01 6.36211177e-03
 5.80196476e+00 1.85274407e-01 8.52756575e-03 8.68436933e-01
 3.22811417e-02 2.78291851e-03 3.78079829e-03 6.02974615e-04
 1.16473576e-03 3.30258324e-03 4.38540848e-03 2.09516078e-01
 6.72826862e+00 6.11045361e-02 3.18291178e-03 9.19518434e-03
 2.55686659e-02 7.47439191e-02 3.46656442e-01 6.09924598e-03
 4.23867535e-03 4.52886224e-01 7.41316471e-04 1.29019384e+01
 1.09829557e+00 4.00492363e-03 6.78474233e-02 7.49029219e-03
 1.01683261e-02 8.82802997e-03 1.05466740e-02 1.90549772e-02
 8.32409970e-03 8.42963755e-01 5.51578403e-02 2.93247472e-03
 1.66385481e-03 2.45198458e-02 1.17469663e-02 2.05400549e-02
 2.30430198e+00 1.24937929e-02 4.77490155e-03 1.66097537e-01
 3.49324420e-02 3.16149229e-03 9.31161456e-03 1.67006087e-02
 1.98732875e-02 6.57795754e-04 3.20441797e-02 1.71708846e+00
 5.46082342e-03 2.48226598e-02 3.57273668e-02 5.66410162e-02
 7.38446489e-02 1.23230249e-01 6.70660380e-03 2.64592702e-03
 2.44742632e-03 2.59340584e-01 4.96069808e-03 1.26105808e-02
 8.17503572e-01 1.69308901e+00 1.58524588e-02 5.05578332e-03
 5.91425970e-03 1.21963862e-03 1.25198007e-01 9.06743575e-03
 1.06093986e-02 2.99223000e-03 1.78341717e-02 1.49830501e-03
 9.52972623e-04 1.53281894e-02 8.77792388e-02 2.16976464e-01
 4.91996574e+00 3.23583968e-02 2.84998957e-03 1.24161888e-03],0.36896658,[9.09451470e-02 7.55577581e-03 9.98828650e-01 1.13797677e+00
 2.08942145e-02 3.02146822e-02 3.74302571e-03 1.45864417e-03
 6.83002323e-02 2.10207012e-02 2.68342286e-01 6.46774890e-03
 2.86336569e-03 1.11887492e-02 4.84703928e-02 6.57347962e-03
 2.73371302e-03 6.54180907e-03 3.07579641e-04 1.74435321e-02
 5.42821363e-06 4.62631416e-03 1.88578963e-02 9.79414443e-04
 1.27418258e-04 2.01933272e-02 3.02462326e-03 1.59929730e-02
 5.65327168e-01 2.56123603e-04 6.95793778e-02 4.19718474e-02
 3.44989359e-01 1.00323837e-02 3.70859005e-03 1.91524737e-02
 3.33523634e-03 3.07492632e-03 1.73376873e-02 7.50966952e-04
 1.34701654e-02 2.90962625e-02 4.86444077e-03 7.41852494e-03
 4.03705053e-03 5.36800809e-02 1.29918549e-02 4.06810999e-01
 9.19487420e-03 2.36061658e-03 5.84785407e-03 7.82247931e-02
 9.56931245e-03 2.38608872e-03 7.15116505e-03 1.45430574e-02
 1.87743902e-02 8.26592091e-03 8.23348910e-02 2.66888668e-03
 1.16098989e-02 1.75972786e-02 2.03313131e-04 1.95922470e-03
 1.16846282e-02 7.38532189e-03 1.15392947e+00 2.85192626e-03
 1.64919198e-02 8.42059217e-03 5.38952183e-03 2.13782907e-01
 6.19665086e-01 9.42310631e-01 1.96827985e-02 2.24335212e-02
 7.59441406e-03 3.04525524e-01 1.45180589e-02 5.83430612e-03
 1.61831100e-02 3.27371918e-02 4.10508811e-01 4.75400639e+00
 3.63793820e-01 2.44094827e-03 5.03365546e-02 4.86426800e-03
 2.78559476e-02 7.63550028e-03 4.18847680e-01 1.30978934e-02
 4.88018524e-03 2.47174548e-03 1.95517251e-03 9.75103490e-03
 1.22136917e+01 3.58312838e-02 3.35925282e-03 3.50890332e-04
 8.09880048e-02 2.81668723e-01 3.77777987e-03 1.26506807e-02
 1.19113848e-01 6.24553300e-04 2.48066783e-02 1.43122077e-01
 1.10475361e-01 4.41323267e-03 1.01902988e-02 8.25639516e-02
 2.05930090e-03 4.99753989e-02 5.97444884e-02 1.32748974e-03
 7.45388027e-03 1.63364783e-02 4.83117253e-03 1.18553946e-02
 1.25013106e-02 1.15609458e-02 6.93098176e-03 2.42574755e-02
 1.83624476e-02 6.42939936e-03 9.71825887e-03 2.08548263e-01
 4.85090073e-03 2.71541297e-01 4.82489401e-03 7.61383586e-03
 2.27738929e-04 1.23667642e-02 5.28993225e-03 1.27329607e-03
 2.21709758e-01 1.26801599e-02 4.83785756e-03 9.84514318e-03
 1.04309078e-02 1.66481044e-02 1.88637190e-02 4.79802210e-03
 2.19075292e-01 1.49752675e-02 6.17081020e-03 9.23569128e-03
 7.76513889e-02 5.37567958e-02 3.15230852e-03 1.82046229e-03
 5.76190883e-03 5.43334149e-03 2.87698563e-02 5.61526790e-03
 3.16354930e-01 1.63274049e-03 8.70154763e-04 6.82450414e-01
 2.68803863e-03 1.41025269e-02 2.90466715e-02 2.08181828e-01
 8.82320255e-02 7.42855296e-03 1.46261370e-03 1.42121874e-03
 1.27185509e-03 1.03054121e-02 5.79034491e-03 6.70767250e-03
 4.21033233e-01 7.70425424e-02 5.68704028e-03 6.34290695e-01
 2.08288692e-02 2.34733569e-03 9.69146960e-04 4.02120233e-04
 1.16809388e-03 2.80160364e-03 8.07869993e-03 3.21174383e-01
 1.90119088e+00 4.49138768e-02 1.05862413e-03 3.04052699e-03
 1.37962876e-02 2.43097823e-02 3.33925277e-01 5.03411237e-03
 1.23212533e-02 2.10781083e-01 1.92272514e-02 9.31702495e-01
 1.02093244e+00 1.26026710e-03 2.26991549e-02 1.60354078e-02
 9.99779347e-03 8.17630533e-03 5.74825006e-03 1.20783728e-02
 1.12127382e-02 3.52210477e-02 5.83907738e-02 1.20787579e-03
 3.62260500e-03 2.98569482e-02 1.52952326e-02 1.15919346e-02
 2.65767479e+00 1.16068423e-02 6.06016070e-03 1.56125158e-01
 3.35625024e-04 3.65003431e-03 9.21450555e-03 1.12203574e-02
 4.63309214e-02 3.91810713e-03 3.11653875e-02 1.82577729e+00
 4.15575225e-03 1.05058658e-03 1.22138881e-03 6.38442487e-02
 4.64447448e-03 2.54017591e-01 6.84228493e-03 9.42548830e-03
 7.68377737e-04 3.75591987e-03 8.29167292e-03 1.18799545e-02
 9.96189594e-01 1.57920763e-01 9.51396115e-03 1.14541932e-03
 1.67618413e-03 8.75648111e-03 7.62097359e-01 6.05359813e-03
 5.62322373e-03 4.48893569e-03 4.13875282e-02 1.02002523e-03
 2.59878486e-03 1.50205689e-02 4.67529073e-02 3.18439245e-01
 1.67777628e-01 2.04049293e-02 3.05543747e-03 1.12043577e-03],-92.966156,-120.54181,-329.78574,1.0498178,1.4888391,0.98039544,0.9287779,11.079777,-9.376576,98.84943,199.57018,2.108463,0.408175,0.21415098,-193.37996,193.37996,[4.62410614e+02 3.10981232e+02 1.79452956e-01 5.11908951e+01
 1.08119397e+03 1.15240433e+02 3.44187561e+02 6.98541784e+00
 1.10916445e+04 3.34958363e+00 1.80615875e+02 9.30226669e+01
 1.10529394e+01 1.32834610e+02 4.48345137e+00 1.64530548e+02
 3.40451367e+03 3.56834912e+00 1.43954067e+01 8.02427216e+01
 6.42028442e+02 2.57829781e+01 4.44602295e+02 2.80981470e+03
 1.32023425e+03 1.03735083e+03 1.67172062e+00 6.95040649e+02
 2.98802719e+01 2.11899512e+03 2.03473396e+01 4.27525330e+02
 9.56900215e+00 1.40622046e+03 5.97785950e+02 5.18658867e+01
 2.44425293e+03 1.56914883e+01 9.05933960e+02 2.33119030e+01
 4.49666142e-01 9.94610500e+00 1.46640703e-01 8.52466919e+02
 2.02321930e+01 4.27976532e+02 9.61864807e+02 3.85459671e+01
 1.72671356e+02 7.63650227e+00 6.30808167e+02 1.16192961e+01
 3.92684822e+01 1.71534497e+03 9.51599884e+00 4.74106836e+00
 1.34391272e+00 3.71430874e+00 1.98702049e+01 1.23455139e+02
 2.38216904e+02 3.06847706e+01 1.27350586e+03 2.68879852e+02
 6.87097839e+02 1.58763576e+00 1.09180090e+03 1.38983246e+02
 5.70636902e+02 5.67454300e+01 5.70333557e+02 6.90540969e-02
 5.43553894e+02 4.10483017e+01 4.09953766e+01 2.76703662e+03
 1.29560840e+03 1.13386255e+03 1.08793173e+01 3.05496292e+01
 5.17000580e+01 2.25241714e+02 3.75901556e+00 2.73873779e+02
 3.79819260e+01 6.71770447e+02 9.03859558e+01 1.42584062e+00
 7.37969513e+01 4.70663086e+02 1.87772026e+01 2.86461353e+00
 1.61913232e+03 2.15908768e+02 7.81448746e+00 1.09758594e+03
 4.66315536e+01 2.87590015e+03 2.29458752e+01 8.82705566e+02
 1.35451279e+01 3.39710693e+02 3.35205197e+00 6.19327197e+03
 2.56848999e+02 1.30215156e+00 3.27347488e+01 5.15044212e+00
 6.21327295e+03 1.34811841e+03 3.25522675e+02 5.33441086e+01
 2.18150543e+02 7.11112928e+00 9.23853970e+00 1.89883690e+01
 2.00238513e+03 2.45335317e+00 1.11757126e+02 1.90740824e+00
 5.17806702e+02 4.68150635e+02 7.37892285e+03 3.08495453e+02
 1.52705994e+02 9.86598778e+00 1.87720627e+02 7.55529633e+01
 5.79556732e+01 3.74870330e-01 3.97717896e+01 1.75880413e+01
 9.62796875e+02 1.21300980e+02 1.62620087e+01 1.29949231e+03
 1.13759656e+03 4.21651758e+03 1.84622177e+02 4.02597229e+02
 1.15766869e+02 5.12937939e+03 2.06946125e+01 2.92992188e+02
 1.11271814e+03 2.17130029e+03 6.06883179e+02 8.90326023e-01
 1.67077694e+01 9.01434570e+02 3.09095483e+03 6.51747417e+00
 2.91972144e+03 1.86169604e+03 3.03943329e+02 2.80260124e+01
 5.95491257e+01 1.35229309e+02 1.09030289e+02 1.78454685e+01
 7.28528900e+01 3.04759766e+02 1.21811371e+01 5.84569893e+01
 1.24254310e+00 1.79736182e+03 1.39572315e+01 2.02243201e+03
 2.26167154e+00 5.29101318e+03 6.20498657e+00 1.83222144e+03
 1.89343987e+01 2.71422211e+02 3.58661385e+01 5.22469864e+01
 3.84316778e+00 2.72813916e+03 3.77513037e+03 4.37196827e+00
 1.06932898e+01 4.42415100e+02 1.23308777e+02 1.91849274e+02
 5.08756055e+03 4.84445923e+02 3.47771645e+01 4.42116280e+01
 9.46161880e+01 3.55782837e+02 5.82576843e+02 3.27980133e+02
 2.59853592e+01 4.43805084e+01 1.98375562e+03 1.05165942e+03
 9.25499058e+00 3.71094475e+01 5.66381409e+02 4.94346313e+02
 1.13755159e+01 1.04207803e+04 7.16396332e+01 2.53642712e+01
 1.66191578e+01 1.94949341e+00 9.25718498e+00 1.17059546e+03
 4.23120215e+03 3.36312332e+01 1.56513309e+00 1.95036469e+02
 3.61849642e+00 1.11383618e+03 4.57770395e+00 4.77070996e+03
 7.57137012e+00 1.93033676e+01 1.00641785e+03 4.35015625e+02
 3.85518761e+01 6.02678967e+00 2.94205048e+02 2.32630768e+01
 3.89598298e+00 9.72654438e+00 2.86805553e+01 1.41434612e+01
 1.29073950e+03 3.49254486e+02 6.95548725e+00 3.29469719e+01
 7.65197296e+01 6.38765930e+02 3.12916846e+03 3.12672138e+00
 1.10370674e+02 2.08746313e+03 2.92544975e+01 4.81263542e+00
 1.22891986e+00 9.06101532e+01 1.31916294e+01 2.87971437e-01
 3.94404292e+00 5.12783394e+01 2.20537624e+01 2.79878638e+03
 1.51635876e+01 3.60267830e+00 6.99370575e+01 2.07967148e+02
 2.02855930e+01 2.90589867e+01 5.49445740e+02 2.93723846e+02],952.1125,[9.09944946e+02 1.93263916e+02 3.26040955e+01 8.68555546e+00
 1.66330383e+03 2.77932625e+01 1.29029129e+02 5.51420021e+00
 1.04455781e+04 2.63686836e-01 3.18193390e+02 2.79359406e+02
 6.04623032e+00 3.12227192e+01 7.88257456e+00 1.97636414e+02
 2.25679932e+03 1.99178123e+00 3.79527855e+01 8.14419708e+01
 1.52228662e+03 2.47493038e+01 9.63841370e+02 2.21249512e+03
 4.39956421e+02 2.95731079e+02 1.60990119e+00 3.19866180e+02
 3.72527623e+00 2.90622070e+03 4.02502537e+00 5.03635651e+02
 1.54582131e+00 1.25796985e+03 3.05666046e+02 2.46101646e+01
 2.40342896e+02 1.90763569e+01 2.05393140e+03 1.20051050e+00
 4.49708998e-01 9.89114344e-01 1.26889840e-01 1.61260452e+02
 2.58419561e+00 2.30949158e+02 5.10549902e+03 5.21057777e+01
 1.45058792e+02 1.05078590e+00 3.80902954e+02 1.07609558e+01
 2.81928082e+01 1.37144824e+03 1.45901308e+01 6.43244076e+00
 1.33100224e+01 6.42388000e+01 9.57012475e-01 4.07595123e+02
 2.88607605e+02 2.47313995e+01 1.65642847e+03 3.11339813e+02
 5.16768433e+02 1.68433249e+00 2.89429297e+03 2.46348526e+02
 5.87641357e+02 9.25042877e+01 8.62494446e+02 1.24393244e+01
 2.75615234e+02 2.92674789e+01 1.13578415e+02 1.88099927e+03
 7.83994507e+02 1.03529041e+03 7.67410457e-01 1.13357124e+01
 2.06513550e+02 4.87456360e+02 2.23012962e+01 7.01107056e+02
 7.93390036e-01 6.54196289e+02 2.57150917e+01 1.31464934e+00
 3.33969482e+02 1.29918625e+02 9.09961319e+00 6.44019556e+00
 1.84317456e+03 2.27160034e+01 9.21003056e+00 8.27710022e+02
 3.12530975e+01 3.41370557e+03 4.80330620e+01 2.00313232e+03
 5.56832135e-01 6.52748657e+02 6.77922440e+00 3.47307495e+03
 1.25876741e+01 6.47607803e+01 3.40925354e+02 9.62508392e+00
 2.88749951e+03 6.91082153e+02 6.75443848e+02 4.57786598e+01
 2.52525452e+02 1.63119984e+00 8.26366425e+00 6.09102964e+00
 1.50930054e+02 1.22106779e+00 1.01079547e+03 4.48586655e+00
 4.56059448e+02 6.56254349e+01 3.79031641e+03 3.57468475e+02
 1.35513947e+02 8.94325924e+00 2.63796753e+02 1.67900109e+00
 3.79396248e+00 2.08683443e+00 1.25842371e+01 1.70713291e+01
 1.59665234e+03 1.19467804e+02 3.20081592e-01 1.63221655e+03
 7.00431702e+02 5.09924756e+03 2.34650787e+02 4.10259430e+02
 1.24242668e+02 1.97818433e+03 1.27342665e+00 4.71903900e+02
 6.65621240e+03 2.89571442e+02 7.33555481e+02 9.44407654e+00
 1.03839417e+02 1.45071143e+03 1.37428394e+03 3.42752686e+01
 6.83580566e+03 8.21925476e+02 1.42816635e+02 3.34641194e+00
 1.08255518e+03 2.68949249e+02 2.80188007e+01 2.88945541e+01
 2.13483024e+00 3.17321259e+02 7.54123783e+00 5.74295883e+01
 2.81907463e+00 5.36636505e+01 7.22837019e+00 2.83700488e+03
 4.42807913e+00 1.86856995e+03 3.90055150e-01 5.26716699e+03
 1.21615419e+01 1.34080719e+02 8.22874451e+00 4.74623537e+00
 4.47680969e+01 1.07143933e+03 4.54149536e+02 1.09888583e-01
 7.01245904e-01 6.86370850e+02 8.33973694e+02 1.15827400e+02
 5.12394922e+03 3.13444366e+02 2.52268620e+01 3.97514153e+01
 3.32450745e+02 2.42519257e+02 2.89127319e+02 7.12407715e+02
 1.53480682e+01 4.06813889e+01 1.23407153e+03 1.07482593e+03
 6.55838394e+00 2.96626091e+01 5.06156403e+02 1.06245837e+03
 4.46297121e+00 5.72594629e+03 2.66483421e+01 7.75553513e+01
 5.31225204e+00 5.12681961e-01 5.00470161e+00 6.16299133e+02
 2.36063257e+03 1.74491310e+01 1.09191895e+01 1.37524689e+02
 5.93580866e+00 9.12147034e+02 4.54120219e-01 4.38458057e+03
 4.96481018e+01 1.05227219e+02 7.19410339e+02 9.40979080e+01
 6.68861618e+01 1.47514701e+00 1.21287842e+03 7.79211640e-01
 7.76052189e+00 3.05257678e-01 3.10020294e+01 6.61554527e+00
 1.57587415e+03 3.61429138e+02 9.41672206e-01 4.42217598e+01
 2.26475632e+02 5.53779541e+02 2.33972583e+03 8.85436440e+00
 1.02069674e+01 6.13711975e+02 4.15567398e+00 1.16132283e+00
 1.23936105e+00 1.21412430e+02 4.42662907e+00 5.07842958e-01
 4.25804329e+01 1.17045959e+02 2.34283662e+00 2.97106323e+03
 7.65590608e-01 5.09543180e-01 1.39500595e+02 3.52347809e+02
 7.61398745e+00 2.31323566e+01 2.14884741e+03 1.87912793e+03],-102.157745,-200.16562,-325.51605,2.3404512,20.817627,1.0129921,0.9554932,0.016246542253494263,2777.8445081710815,0.5,0.5,0.011435055902251528,0.002611642102931813,0.011564806713064944,0.002726520644944322,36.05323904817864,37.59999999999999,0.0,174750.0,-1.0,-787.0,750.0,12.081149339675903,175000
107.675934,0.052231766,0.13551824,0.0010999708,-106.26852,106.26852,[2.39439532e-02 1.25278309e-01 1.22947730e-02 2.24735886e-02
 5.25973178e-03 3.95727390e-03 8.29477422e-03 1.22325365e-02
 1.14641432e-03 1.64366215e-02 5.23268604e+00 1.10738715e-02
 3.81654059e-03 9.05973837e-03 3.78113508e-01 5.25252568e-03
 2.21438357e-04 2.59489869e-04 7.10485131e-03 6.37036283e-03
 5.35557326e-03 4.81641665e-03 1.27601221e-01 2.05078745e+00
 1.15238214e+00 6.11565769e-01 4.20894660e-02 9.31088924e-02
 5.66615537e-03 1.79853231e-01 2.58430168e-02 3.07447091e-03
 7.98667967e-03 1.01216370e-03 4.89271991e-03 1.49235642e-03
 3.52533930e-03 1.70295010e-03 1.49637669e-01 1.19524188e-02
 5.70227541e-02 2.04793457e-02 1.12792142e-02 3.37284349e-04
 1.28044248e-01 3.81013229e-02 1.40325595e-02 7.36375391e-01
 1.51626002e-02 8.63501523e-03 8.32999647e-02 1.74283125e-02
 4.00630292e-03 5.54178027e-04 8.49020260e-04 3.51395132e-03
 7.75142398e-04 9.98968817e-03 2.84762052e-03 3.14927213e-02
 1.30926836e-02 5.33124395e-02 3.85492155e-03 1.10537016e+00
 1.63889781e-04 1.14493193e-02 1.19937882e-02 7.80144520e-03
 1.00505641e-02 5.06795524e-03 9.76087525e-04 1.35186557e-02
 1.89638324e-03 2.55994569e-03 4.32333816e-03 3.07825148e-01
 1.30335393e-04 6.37218473e-04 4.80292947e-04 4.06748615e-03
 1.60544496e-02 1.41336955e-03 6.68668933e-03 6.15080912e-03
 5.00231842e-03 2.77636782e-03 6.19071070e-04 4.46568578e-02
 7.07366038e-04 5.62321806e+00 3.30714532e-03 7.25807846e-02
 4.02183505e-04 8.68133095e-04 3.38733662e-03 2.34743161e-03
 1.92759885e-03 1.36882183e-03 2.92397081e-03 1.27096893e-03
 1.05357887e-02 3.64154135e-03 8.84703081e-03 4.24230751e-03
 5.13013601e-01 2.42576059e-02 6.09106664e-03 2.35885056e-03
 4.58092429e-04 1.51036978e-01 2.76964414e-03 1.24693681e-02
 4.23835684e-03 9.62696690e-03 5.20162866e-05 1.25790849e-01
 3.37912142e-03 1.07942298e-02 3.56421247e-02 2.00435817e-02
 7.43373390e-03 1.03529263e-03 2.66829550e-01 2.84282304e-03
 2.11255997e-02 5.73894940e-03 6.67110551e-04 2.54797302e-02
 1.38330890e-03 2.72791041e-03 1.38945449e-02 1.38472542e-02
 1.91601273e-03 9.31011606e-03 1.18397865e-02 2.17602961e-03
 2.11836211e-03 4.59367875e-04 5.32182027e-03 1.11703239e-02
 3.97734810e-03 6.80600479e-03 3.23839509e-03 1.48127861e-02
 5.84840914e-03 3.51660943e-04 1.61916250e-03 5.28927241e-03
 5.55690029e-04 4.51951893e-03 4.50714782e-04 3.29749007e-03
 6.19209604e-03 1.19445658e+00 1.84148829e-02 3.86527181e+00
 9.68473614e-04 6.29121438e-03 1.88039877e-02 1.67663749e-02
 1.46374051e-02 2.29653926e-03 1.11257867e-03 5.96506521e-03
 1.06900558e-03 1.35337085e-01 7.36498684e-02 4.76872455e-03
 2.38536503e-02 1.28932158e-03 1.06281061e-02 6.36431505e-04
 4.00555460e-03 1.25471698e-02 1.71241874e-04 2.58073257e-03
 3.69355362e-03 2.43484944e-01 3.70938778e-02 3.81371239e-03
 2.18299334e-03 2.68240124e-02 1.23769837e-03 3.46191716e-03
 2.25676849e-01 1.84413814e-03 4.09094198e-03 2.15163745e-04
 1.54454843e-04 4.73629544e-03 1.31059214e-01 6.34277146e-03
 1.22141764e-02 7.79624470e-03 4.40523215e-03 3.85695894e-04
 1.90001447e-03 1.49509893e-03 1.15499461e+00 2.56052818e-02
 1.65585969e-02 2.38867983e-01 4.43272293e-02 1.58174289e-03
 5.04134074e-02 4.13426990e-03 8.20704736e-06 1.06758089e-04
 7.60183856e-03 3.63445142e-03 1.97241008e-02 3.72009329e-03
 1.80862211e-02 2.92500434e-03 1.60307050e+00 5.16283559e-03
 5.72445337e-03 1.60533283e-03 4.50736005e-03 1.48401689e-02
 4.86869225e-03 7.56833761e-04 5.32830767e-02 7.28768051e-01
 6.45092651e-02 7.37827048e-02 2.58123782e-03 9.74205974e-03
 5.99823236e-01 1.65235321e-03 1.59659470e-03 1.68513097e-02
 6.02633040e-03 9.69126001e-02 3.72498529e-03 4.93972935e-03
 4.24527610e-03 5.85003383e-03 8.83085653e-02 9.61481244e-04
 5.71129983e-03 2.31359880e-02 8.26874468e-03 5.48615959e-03
 4.12170589e-03 4.21838369e-03 6.88174820e+00 4.13634209e-03
 3.22324544e-01 3.22821923e-03 6.04153872e-02 8.66407435e-03
 9.08078346e-03 7.79163372e-03 1.16802147e-03 4.38308656e-01],0.18069917,[3.36602330e-02 5.46498522e-02 8.41099769e-03 7.66607374e-02
 2.14535594e-02 3.56191350e-03 1.25140753e-02 7.33336480e-03
 2.55171303e-03 2.50936486e-02 9.80872631e-01 2.28918251e-03
 2.29624705e-03 5.60087152e-04 7.47465193e-01 2.63698050e-03
 3.12719215e-03 1.53972907e-03 2.48915749e-03 1.34341884e-02
 4.46673948e-04 1.12016909e-02 7.48348832e-02 1.72652274e-01
 7.92359233e-01 1.68646336e-01 5.38341068e-02 9.63866413e-02
 2.41067447e-03 1.64468586e-01 2.62695029e-02 4.40890621e-03
 2.56584622e-02 3.39297485e-03 6.61280751e-03 3.55920265e-03
 7.81889167e-03 1.48251653e-04 2.81027049e-01 2.33895588e-03
 3.63946050e-01 1.63308531e-02 6.38259947e-02 1.94341713e-03
 7.04089552e-02 5.74973114e-02 2.38849297e-02 4.20263112e-01
 1.54422149e-02 3.72461835e-03 7.93169588e-02 9.87958442e-03
 2.22931267e-04 2.47176830e-03 4.98458883e-03 1.24645121e-02
 6.17383141e-03 6.20463956e-03 2.94274837e-02 2.16044970e-02
 3.06116510e-03 4.22404334e-02 1.57881808e-03 1.82403535e-01
 1.81190995e-03 4.65380587e-03 1.19909495e-02 7.71002099e-03
 1.50193898e-02 1.07619027e-02 5.46645606e-04 1.19295930e-02
 2.42716959e-03 1.13796466e-03 3.38156824e-05 3.43113840e-01
 2.23605474e-03 1.84246548e-03 3.94071732e-03 5.34639182e-03
 1.80866178e-02 4.78857663e-03 1.46973459e-03 4.59391065e-03
 6.00226223e-03 2.74285255e-03 6.02746615e-04 5.36983311e-01
 3.05386144e-03 2.03261590e+00 6.20583305e-04 3.35754417e-02
 5.05837670e-04 7.11306115e-04 4.24503628e-03 9.20038496e-04
 1.77654810e-03 1.76751055e-03 9.32683819e-04 6.48847315e-03
 1.51312724e-03 1.18322819e-02 7.67880026e-03 2.38266215e-03
 2.56639481e+00 4.13197614e-02 3.54396296e-04 1.20217819e-03
 3.30448733e-04 1.17354065e-01 3.54198064e-03 1.38721243e-03
 5.47243468e-03 1.03072580e-02 6.33694511e-03 9.98963639e-02
 4.71856119e-03 2.50698649e-04 1.52423438e-02 3.03943176e-03
 3.15725617e-02 3.01868413e-02 4.17325139e-01 7.23591307e-04
 2.17259373e-03 4.98792250e-03 6.77427393e-04 6.37343600e-02
 1.44762849e-03 6.60489500e-03 9.67505202e-03 5.34252310e-03
 2.43560784e-03 1.52609535e-02 6.15188805e-03 1.64631102e-03
 3.40190297e-03 8.83167796e-03 5.18839154e-03 2.46689934e-03
 1.09758433e-02 5.68674086e-03 2.29252619e-04 1.90383568e-02
 1.76253612e-03 1.24317417e-02 2.31853058e-03 1.46034593e-02
 5.18548116e-03 2.50141253e-03 2.79262615e-03 7.27596786e-03
 5.26897795e-03 3.70462000e-01 1.12864576e-01 1.59848773e+00
 1.21361308e-03 8.74782167e-03 1.62740387e-02 2.79435515e-03
 7.61170546e-03 2.84770280e-01 3.55488830e-03 1.12964632e-02
 3.85599816e-03 4.51164544e-01 6.45557269e-02 3.48788826e-03
 1.25218034e-01 7.39309657e-03 1.02111716e-02 4.01510904e-03
 1.04944482e-02 8.53671134e-03 2.41127913e-04 2.09451560e-03
 3.13692191e-03 2.85845608e-01 4.42736689e-03 8.77132174e-03
 2.38719443e-03 5.26635302e-03 1.90991932e-03 1.04626047e-03
 6.16208389e-02 1.17042214e-02 7.96895009e-03 6.79237593e-04
 4.06278716e-03 4.43763146e-03 1.32146090e-01 6.25174865e-03
 1.46390973e-02 2.11484693e-02 4.00860747e-03 7.83766154e-06
 3.28756543e-03 2.89003015e-03 1.10816467e+00 2.74959188e-02
 1.47316558e-03 3.84873122e-01 6.97846264e-02 1.17218494e-03
 1.79878592e-01 3.06755677e-03 2.51699530e-04 1.08241406e-03
 1.45069999e-03 3.24554997e-03 1.71872601e-02 2.78742344e-04
 1.77727081e-02 7.37952907e-03 8.18068013e-02 2.96680653e-03
 4.39465139e-03 2.84623727e-03 2.66030105e-03 7.60129988e-02
 2.16335338e-03 1.41769438e-03 2.33340442e-01 9.40688014e-01
 2.31397495e-01 6.67278320e-02 7.83780182e-04 2.51219645e-02
 2.42886126e-01 1.14214625e-02 3.14153079e-03 7.65646389e-03
 7.66363740e-03 1.27321944e-01 2.29291734e-03 6.48316054e-04
 1.46447273e-04 8.08823761e-03 1.02393992e-01 1.72754051e-03
 1.04109542e-02 7.91375991e-03 5.11979684e-03 7.37729855e-03
 7.36956159e-03 8.07195995e-03 5.71925163e+00 1.26717258e-02
 2.94944406e-01 3.22018052e-03 3.27914143e+00 1.23677161e-02
 6.97879447e-03 6.80173282e-03 1.54179544e-03 5.47254026e-01],-94.290085,-115.918785,-307.20535,1.0486459,1.6255447,0.9864638,0.9286266,1.513946,-1.5366098,26.47479,190.83261,2.969654,0.3849283,0.29200622,-184.01367,184.01367,[5.79868896e+02 9.18755436e+00 2.08134031e+00 1.00564814e+00
 2.29196808e+02 3.15536559e-01 1.02206558e+02 5.37969933e+01
 1.25558405e+01 1.72514927e+00 1.10140930e+03 8.23631477e+00
 1.57619110e+02 4.88354297e+03 2.12635620e+02 4.28469727e+03
 8.11910629e+00 7.26505615e+02 2.70768982e+02 2.43235913e+03
 6.01720428e+00 7.43563795e+00 5.24635410e+00 3.00276270e+03
 1.74795532e+02 4.49436096e+02 1.94257263e+02 7.72384705e+02
 2.44246246e+02 9.03251648e+00 1.99653594e+04 1.21011688e+02
 5.23633995e+01 3.02228184e+01 1.27641678e+01 1.14840949e+00
 5.34476566e+00 7.92111664e+01 3.20614791e+00 1.39275415e+03
 4.07164941e+03 5.07124084e+02 6.44304657e+00 4.19034180e+02
 1.07513657e+02 1.25929725e+00 1.17965866e+02 1.24255135e+02
 2.25083523e+01 1.49878143e+02 1.10212736e+01 7.11571407e+00
 7.47509289e+00 1.48638229e+01 1.83821526e+01 3.47354774e+01
 9.26006165e+02 3.83594227e+00 3.97787833e+00 2.76125977e+02
 1.47161707e+03 2.32244625e+01 1.82689610e+01 1.56972529e+04
 2.12772522e+02 1.90290203e+01 2.05676603e+00 7.06494019e+02
 2.07574139e+01 1.05662636e+02 1.59071827e+01 2.29851807e+03
 3.09933130e+03 4.16985938e+03 2.05657500e+04 1.49294415e+01
 5.88626671e+01 5.60117422e+04 1.14075348e+02 6.39508301e+02
 7.81418213e+02 1.44068069e+02 7.05474365e+02 1.29993140e+03
 5.19045898e+02 6.82641220e+01 4.54521338e+03 3.77235222e+01
 6.41037273e+00 6.06314707e+00 2.66394226e+02 3.46204956e+02
 1.53338791e+02 3.93519897e+02 5.02905579e+01 7.31098986e+00
 3.41525803e+01 1.20704308e+01 1.01388252e+00 2.90277743e+00
 4.99679337e+01 2.61320329e+00 3.67979383e+00 4.41073877e+03
 2.06096992e+01 3.91445923e+00 2.26860107e+02 8.57981445e+03
 4.39488888e+00 8.01949310e+00 5.34710884e-01 3.13410034e+02
 8.59563599e+02 2.29419321e-01 4.84956741e+01 2.28982910e+02
 1.04964157e+02 4.19682026e+00 1.66164032e+02 6.13717842e+00
 5.07132355e+02 1.80242676e+02 6.37849365e+02 1.26854393e+02
 1.28826992e+04 2.22809805e+04 1.13488159e+03 8.98015213e+00
 6.69346130e+02 4.90192261e+01 2.22179047e+02 9.72089081e+01
 1.33593521e+02 5.17572754e+03 2.09023516e+04 4.43026209e+00
 3.35086899e+01 1.63950336e+00 1.40246606e+03 8.06097507e-01
 3.74938477e+03 6.29829369e+01 1.78459473e+02 7.01705780e+01
 3.21668892e+01 1.23522705e+03 3.51738191e+00 2.88378394e+03
 2.54313034e+02 5.55057287e+00 4.71714661e+02 1.33940140e+02
 4.89314346e+01 2.36651516e+00 4.89272095e+02 1.82646545e+02
 3.82549703e-01 1.73332863e+01 1.54710455e+01 1.60168652e+03
 5.63744965e+01 7.23647404e+00 1.66566868e+01 2.65456467e+01
 7.68355408e+01 7.28855664e+03 5.06505432e+02 8.00464233e+02
 4.04657104e+02 1.84115479e+03 2.04870224e+02 7.08860703e+01
 4.81868835e+02 2.39396400e+01 1.46026199e+02 1.07616494e+04
 3.43037033e+01 1.49441544e+02 2.12008008e+04 2.04008460e+00
 2.06375244e+02 5.33232849e+02 2.28093799e+03 8.45828400e+01
 6.14631176e+00 9.79940491e+02 1.05637260e+02 8.10200787e+00
 4.17767969e+03 3.33763306e+02 3.79149963e+02 1.27848755e+03
 7.31940460e+01 4.03103821e+02 3.00635925e+02 1.11795635e+01
 3.23955116e+01 3.53087139e+00 7.17498589e+00 5.43681055e+03
 4.28170242e+01 1.53146782e+01 8.68593652e+03 5.23464966e+01
 1.16529763e+00 6.66908340e+01 4.09157715e+02 2.34986401e+01
 6.52326233e+02 4.05124487e+03 6.85571432e+00 3.66683846e+01
 4.70799589e+00 1.13087354e+03 3.10449341e+02 3.22508860e+00
 4.37675095e+01 4.39091992e+03 1.45466537e+02 7.00813782e+02
 7.60820007e+02 1.72031482e+03 1.00796898e+02 8.49157095e-01
 1.34029358e+03 1.63902264e+01 2.34786362e+02 1.75433472e+03
 2.66523712e+02 6.02275772e+01 4.48452721e+01 2.51805854e+00
 9.12788696e+02 1.97112429e+00 7.30747521e-01 2.20817871e+01
 2.83293819e+00 1.88284993e+00 1.31995300e+02 2.12542862e+02
 2.06444168e+01 3.45648010e+02 1.35182037e+01 6.14863539e+00
 1.50569093e+00 1.72084741e+03 1.68682959e+03 1.22247772e+02
 2.36974438e+03 1.36813818e+03 3.75721455e+00 2.23227859e+00
 7.22082443e+01 1.09109277e+03 2.50211644e+00 3.12701630e+02],1464.8003,[8.57041138e+02 8.03021049e+00 5.56682467e-01 1.45934410e+01
 2.15361963e+03 1.88409519e+00 1.24537132e+02 9.67037582e+01
 1.09548683e+01 6.27615261e+00 1.13621948e+03 2.57998734e+01
 3.55653992e+02 3.54352026e+03 1.14554886e+02 2.79468848e+03
 1.59261644e+00 4.59047318e+01 2.34876060e+01 5.01208789e+03
 8.23480701e+00 1.82156773e+01 1.87094843e+00 5.48329346e+02
 4.82494125e+01 6.54835083e+02 1.80247177e+02 1.02358905e+03
 9.74443207e+01 5.13958206e+01 9.15706152e+03 2.70661499e+02
 4.99921455e+01 6.99116516e+01 2.80865252e-01 1.75801353e+01
 1.72279873e+01 1.48538494e+01 3.31387782e+00 9.78856445e+02
 3.23184961e+03 1.65170959e+02 2.54298496e+00 2.88989716e+01
 7.69207001e+01 6.12078667e+00 3.10020390e+01 7.22479553e+01
 2.63794661e+00 7.65396271e+01 5.88752403e+01 8.55039501e+00
 1.31954241e+00 2.17113724e+01 1.07602370e+00 2.84377885e+00
 4.92301392e+02 1.28213072e+00 1.10771656e+00 2.34500153e+02
 6.13391650e+03 7.93309097e+01 2.19176197e+01 4.26485596e+03
 2.59598694e+02 2.39934502e+01 2.60513020e+00 1.07410034e+03
 2.26014061e+01 3.49203125e+02 1.98601856e+01 2.29442090e+03
 1.36544031e+03 1.08535266e+03 6.09345589e+01 2.75868168e+01
 5.64924583e+01 2.65053281e+04 8.53213596e+00 4.12495361e+02
 1.08439941e+03 1.37483856e+02 1.91228561e+01 3.63791504e+02
 1.84970276e+03 4.15327454e+00 4.51607227e+03 2.82556629e+01
 9.21953011e+00 8.38481009e-01 3.12998623e-01 3.31276306e+02
 5.94445877e+01 4.14943359e+02 3.74695206e+01 2.35662878e-01
 4.88529930e+01 9.55415845e-01 1.22428980e+01 2.31497803e+01
 5.04458122e+01 1.14270306e+00 8.24099422e-01 5.97607959e+03
 1.02675467e+01 2.21677169e-01 1.37448101e+01 2.19200586e+03
 2.40982819e+01 7.36292505e+00 3.42981720e+01 2.23843445e+02
 1.17724866e+03 1.03716564e+01 1.11962147e+01 6.77199554e+01
 1.64318457e+03 1.27226152e+01 1.14105827e+02 3.05205822e-01
 4.38906555e+02 5.73253899e+01 3.50103516e+02 3.71952286e+01
 1.11659707e+04 1.61542832e+04 1.36714951e+02 6.95563936e+00
 3.27294250e+02 1.47254813e+00 3.82190323e+01 5.67939806e+00
 1.30580750e+02 3.51532129e+03 1.63703537e+00 2.84520578e+00
 2.03744793e+01 6.97460994e-02 1.01996191e+03 1.15088427e+00
 2.05423096e+03 3.41076899e+00 5.45043678e+01 7.57814865e+01
 5.98588347e-01 2.54086133e+03 2.53084874e+00 5.63215771e+03
 6.67166214e+01 7.62401760e-01 5.29159088e+01 8.69438858e+01
 4.61700296e+00 3.21528530e+00 1.66143127e+02 3.30527802e+02
 3.20982337e-01 5.93812037e+00 2.59115100e+00 2.02503589e+03
 2.04855614e+01 6.71989346e+00 1.33689566e+01 7.48829937e+00
 1.13178268e+02 5.32534961e+03 1.77872360e+02 9.89219360e+02
 5.29354065e+02 9.56877502e+02 2.94862823e+02 1.77602234e+02
 3.22024231e+02 2.73286572e+01 1.62719040e+02 6.29763086e+03
 5.27882576e+00 9.27595901e+01 4.44397278e+01 1.88200581e+00
 2.54904480e+02 3.33108154e+02 3.97980176e+03 4.52887802e+01
 1.28533816e+00 1.42441406e+03 7.16292267e+01 6.01861429e+00
 4.53390564e+02 1.01947937e+03 1.51366081e+01 2.02212467e+01
 1.03118484e+02 3.64652191e+02 1.40962097e+02 1.92345333e+01
 1.04778722e-01 2.53984785e+00 5.25907135e+01 2.21357251e+03
 1.72357025e+01 5.13027668e-01 3.25569604e+03 7.34250402e+00
 1.31975876e+02 2.12287560e+01 2.22655609e+02 2.67609997e+01
 1.15353320e+03 1.25411963e+03 7.52088356e+00 2.42148666e+01
 2.10935664e+00 3.39212817e+03 6.09408569e+00 1.76401639e+00
 4.83333540e+00 3.68948706e+03 1.43378586e+02 3.82067139e+02
 6.65170532e+02 2.84033081e+03 1.42433929e+02 4.72064018e+00
 4.09430420e+03 2.32014313e+01 3.40308136e+02 5.68529053e+03
 2.40194916e+02 2.27386475e+01 1.07773582e+02 3.86653256e+00
 2.54330933e+03 4.69420147e+00 1.18318081e+00 4.55078850e+01
 8.50244582e-01 1.41550744e+00 9.99076996e+01 4.76997498e+02
 2.14257507e+01 1.53954453e+02 2.52019176e+01 3.09083748e+00
 1.59695017e+00 1.81792896e+03 1.64651526e+03 5.11888855e+02
 9.86911194e+02 2.68791797e+03 9.16044354e-01 1.66698724e-01
 2.69741001e+01 4.91329315e+02 8.50329876e+00 4.74118347e+02],-102.010635,-193.20015,-325.8616,2.277151,22.196968,0.99452436,0.95342016,0.015295686111450196,3160.236699104309,0.5,0.5,0.031047933884811318,-0.0011467470426800624,0.03100716186138297,-0.0011376794499518875,36.07414971617617,37.59999999999999,0.0,199500.0,-1.0,-833.0,750.0,11.227713823318481,200000
108.29024,0.04446141,0.15228136,0.0013889432,-106.72296,106.72296,[1.69247817e-02 4.91054654e-01 2.11762381e-03 1.04218042e-02
 1.23939011e-04 1.02498161e-04 1.32976603e-02 3.01789423e-03
 8.07832752e-04 2.06596032e-02 6.53155148e-04 7.27806147e-03
 1.37200162e-01 1.17556914e-03 5.41931316e-02 1.62437675e-04
 1.67246461e-02 2.17253640e-02 1.97193818e-04 1.00480746e-02
 9.90381837e-03 3.17859324e-03 1.19287404e-03 3.63036126e-01
 2.51179386e-04 8.61793943e-03 3.74856894e-03 1.54290469e-02
 2.79527437e-02 3.56262946e-03 5.97109087e-04 2.08196836e-03
 2.61896290e-03 4.22819182e-02 1.30241774e-02 4.84193163e-03
 4.59976401e-03 2.26405193e-03 1.64555293e-02 1.28815677e-02
 2.89044094e+00 4.57384530e-03 1.32050482e-03 6.16658069e-02
 3.18851578e-03 3.80384061e-03 3.79210268e-03 4.14926652e-03
 7.42814898e-01 2.08111778e-02 4.91530704e+00 2.91571952e-03
 9.69736895e-04 1.08046979e-02 9.49824462e-04 4.77213319e-03
 8.33475590e+00 3.49653559e-03 2.87297973e-03 1.17662549e-03
 2.99626756e+00 1.34905111e-02 2.18474895e-01 2.58185584e-02
 7.43561704e-03 9.94602084e-01 8.05639289e-03 3.55238374e-03
 2.87284603e+01 5.50496206e-03 2.27823034e-02 6.63270473e+00
 3.52583034e-03 4.08336380e-03 2.04044301e-02 1.35665564e-02
 2.21112698e-01 1.30706523e-02 1.35279000e-01 3.12703568e-03
 5.24108391e-03 1.26752146e-02 8.64794664e-03 1.90450251e-02
 4.04345430e-03 3.23638623e-03 9.96047398e-04 2.37877667e-03
 2.99158692e-03 6.94578812e-02 1.12408735e-02 1.24280639e-02
 2.03306694e-03 1.49500761e-02 4.59785175e+00 4.76068491e-03
 2.29682773e-03 1.58394128e-01 1.30439904e-02 1.61922369e-02
 1.54955871e-03 1.71957350e+00 3.67567763e-02 2.99109635e-03
 1.98903400e-03 3.26856689e+01 9.66680273e-02 2.00807080e-02
 2.51990497e-01 1.28086181e-02 6.85694686e-04 2.46061757e-02
 5.21181058e-03 3.61348060e-03 2.98052386e-04 4.70625050e-03
 8.76866805e-04 4.17228192e-02 3.26585863e-03 6.40070345e-03
 4.08315472e-03 1.34123256e-02 6.89933309e-04 1.47123099e-03
 1.60460663e-03 2.23826274e-01 1.27498396e-02 1.61494892e-02
 2.07320284e-02 5.36836870e-03 1.86850922e-03 9.20672202e-04
 2.01409388e+00 1.51899196e-02 1.16775322e+00 1.30898855e-03
 4.07905221e-01 1.71783217e-03 1.60053950e-02 2.98724335e-04
 4.38229181e-05 3.38896401e-02 4.99937963e-03 9.30886157e-03
 6.85113389e-03 4.09533310e+00 4.36313683e-04 9.69616603e-03
 3.04171108e-02 2.71235913e-01 2.42400868e-03 1.02239810e-02
 2.20341235e-03 1.16284943e+00 5.09354733e-02 8.40015709e-04
 1.16320699e-03 1.10600581e-02 1.69260800e-02 5.16773108e-03
 6.76164448e-01 2.03456450e+00 5.14778774e-03 3.16470675e-03
 7.26912695e-04 7.25246072e-02 2.59020424e-04 2.23007128e-02
 1.50713444e+00 3.06257829e-02 1.28090894e-03 1.08926594e-02
 2.58988231e-01 2.07942026e-03 4.22273390e-03 6.99218421e-04
 1.51011650e-03 7.96410081e-04 8.60368018e-04 1.77618489e-02
 8.61587760e-04 4.35001180e-02 1.38711580e-03 1.21438348e+00
 3.47844907e-03 2.95881820e+00 2.52219150e-03 3.52965705e-02
 1.71232410e-02 1.26556884e-02 3.54293594e-03 1.98508836e-02
 4.80768085e-03 3.79344702e+00 5.71738601e-01 5.20049129e-03
 1.36986952e-02 3.92026663e-01 8.39061849e-03 8.87538888e-04
 5.41030228e-01 4.29050345e-03 4.16665003e-02 5.24329860e-03
 9.81927011e-03 4.14576475e-03 2.74963770e-03 1.79602113e-02
 9.98006910e-02 2.36492231e-02 1.38393324e-03 1.44460471e-02
 8.09521019e-01 4.11931472e-03 4.01369156e-03 1.27202133e-03
 4.49676609e+00 1.20892213e-03 1.00866240e-02 2.01484794e-03
 1.01478919e-02 4.04266757e-05 9.60420445e-03 1.11598516e+00
 1.99628319e-03 3.05250548e-02 3.88113201e-01 4.85868007e-03
 5.57739854e-01 2.01591896e-03 1.21816552e+00 8.57802574e-03
 1.98997231e-03 2.83697357e+01 2.29134830e-03 1.14429859e-03
 1.10692568e-02 3.59707337e-04 1.74575090e+00 1.47202576e-03
 7.47816684e-03 2.73210853e-01 2.44151452e-04 2.25186497e-02
 8.54136869e-02 1.12903798e-02 7.65340403e-03 2.30353279e-03
 2.15603001e-02 5.22900652e-03 1.38546050e-01 1.60498475e-03
 2.54953563e-01 2.68458426e-02 3.69831175e-02 7.82151642e+01],1.1119003,[1.96072645e-02 1.22802034e-02 2.85720685e-03 1.08538019e-02
 1.98867696e-04 1.88207487e-03 3.73281585e-03 1.24408980e-03
 7.90440477e-03 1.30348697e-01 3.62205086e-03 5.31047583e-03
 5.34487292e-02 9.17000521e-04 3.46849635e-02 1.01580343e-04
 9.25638992e-03 1.36123002e-02 1.34409009e-03 3.91808059e-03
 1.32439807e-02 3.20923165e-03 3.23653826e-03 5.33060655e-02
 3.09139723e-05 2.77701952e-03 8.84077884e-03 1.65870991e-02
 1.16525568e-01 1.42894778e-03 6.33985177e-03 2.45291181e-03
 4.88041714e-03 1.82361808e-02 3.56057961e-03 9.40040278e-04
 1.14461770e-02 7.30389822e-03 6.04639668e-03 2.17458047e-02
 4.60941315e-01 3.38426256e-03 4.50919662e-03 5.80703057e-02
 7.42915832e-03 6.13374310e-03 9.13161784e-04 1.64719582e-01
 4.35556948e-01 3.38866957e-04 8.60415399e-02 1.89339975e-03
 5.72968973e-03 1.37166204e-02 3.02381627e-03 8.00069887e-03
 1.35233459e+01 3.96532472e-03 7.12611305e-04 3.65082012e-03
 2.79561877e-01 1.27047375e-02 1.22969851e-01 7.10204476e-03
 2.36300053e-03 1.49192438e-01 1.34893344e-05 5.83591126e-03
 4.19644318e+01 6.14622515e-03 3.24464962e-02 2.17782640e+00
 1.32834609e-03 5.47165982e-03 9.34616663e-03 2.83789486e-02
 4.22856838e-01 2.78886873e-04 1.11600593e-01 8.48747790e-04
 3.93201783e-03 3.81057896e-03 7.86758959e-03 1.78689510e-02
 1.15304370e-03 3.33788339e-03 2.19896575e-03 5.08228503e-03
 1.59129966e-04 5.26244985e-03 1.33786537e-03 4.17567324e-03
 2.13431777e-03 4.15665470e-03 1.42949009e-02 1.11099966e-02
 4.02894337e-03 3.05741072e-01 1.72727443e-02 1.41641311e-02
 1.66720827e-03 1.12752214e-01 1.60226643e-01 1.24483276e-02
 4.74885479e-03 2.56854701e+00 2.43653189e-02 1.63276214e-04
 6.93010986e-02 5.17318606e-01 2.95926863e-03 1.14801414e-02
 5.59546053e-03 7.56735401e-03 1.12358481e-04 2.26121955e-02
 4.95722983e-03 5.41934790e-03 4.96405875e-03 8.37720279e-03
 1.46758631e-02 6.99638901e-03 2.51458259e-05 6.77256519e-03
 1.89334783e-03 5.08062959e-01 1.22235510e-02 1.05524492e-02
 3.50476173e-03 1.12236594e-03 3.13184783e-03 3.19229322e-03
 2.30532861e+00 6.06106175e-03 7.46357858e-01 1.67736132e-03
 6.83897197e-01 1.79397198e-03 6.57343119e-03 2.36785528e-03
 2.65524304e-03 5.50703369e-02 5.59903961e-03 1.20991189e-02
 5.15998399e-04 4.85783052e+00 1.85631937e-03 3.38326953e-02
 2.81778574e-02 9.50891003e-02 1.12807495e-03 9.66147427e-03
 2.44662631e-03 4.23837137e+00 4.60915677e-02 1.71110476e-03
 5.83607377e-03 3.06285429e-03 4.68379706e-02 3.39232245e-03
 2.72553086e-01 4.47762519e-01 2.19825888e-03 3.63070448e-03
 1.64474174e-03 3.86077315e-02 1.62775745e-04 1.09304674e-04
 8.86829078e-01 6.75964355e-02 5.79846185e-03 5.16196433e-03
 1.13330150e+00 2.54191947e-03 2.02281214e-03 2.18994077e-03
 1.62101607e-03 2.28136149e-03 5.30393701e-03 4.03227331e-03
 1.26585853e-03 4.88947518e-03 4.14480688e-03 2.53466487e-01
 2.11354811e-03 1.18054414e+00 1.82227232e-03 4.51043695e-02
 1.42235151e-02 2.03821831e-03 1.49967847e-03 4.51880042e-03
 8.59981496e-03 8.55234265e-02 3.37115750e-02 2.87315599e-03
 1.79769937e-03 6.79499209e-01 9.05203749e-04 1.07582309e-04
 5.12862802e-01 1.09295128e-02 4.42257384e-03 1.18248118e-03
 6.80946978e-03 1.91510143e-03 6.02096878e-03 5.05105499e-03
 1.14429533e-01 1.62665732e-03 5.20333461e-03 8.05622153e-03
 3.45075220e-01 3.97312408e-03 1.32586528e-03 3.98250483e-03
 1.69733500e+00 2.85689626e-03 3.42804380e-03 4.07977402e-03
 6.74787303e-03 1.78893574e-03 7.98808038e-03 5.16076863e-01
 3.54305655e-03 1.13274101e-02 6.98860109e-01 4.39007906e-03
 2.06719831e-01 6.62416080e-03 1.03135991e+00 1.70422681e-02
 3.82385030e-03 4.60485115e+01 8.52704048e-03 6.81387167e-03
 9.98733286e-03 1.65079907e-03 2.32307270e-01 3.06491414e-03
 8.51007737e-03 2.28260547e-01 3.03004822e-03 9.79895703e-03
 4.76018190e+00 6.43972494e-03 4.17039990e-01 4.56618238e-03
 1.52012873e-02 4.87536658e-03 1.49397349e+00 1.33373099e-03
 7.59055912e-02 6.98816613e-04 2.63997470e-03 3.89222946e+01],-94.57866,-117.66377,-313.70026,1.0745801,1.9309521,0.96074146,0.92994565,29.159416,-22.926258,215.28993,171.65637,2.2586389,0.42435333,0.27921358,-165.1542,165.1542,[2.66725525e+02 6.79809875e+01 5.80197876e+02 3.22546148e+00
 1.65664330e+01 1.42771816e+01 1.31167700e+03 4.19429626e+01
 6.58075049e+03 2.81644556e+03 1.32651539e+01 4.08812666e+00
 1.82605152e+01 2.12363586e+02 6.44707775e+00 3.96460609e+01
 3.66753159e+01 7.44534851e+02 5.53568935e+00 3.30460701e+01
 2.24107780e+01 2.04253937e+02 2.39309921e+02 4.16469307e+01
 5.01188622e+01 2.35127612e+03 1.47246325e+00 3.14259692e+03
 1.43271322e+01 8.27186432e+01 2.97049093e+00 6.18923903e+00
 6.02727661e+02 2.57872314e+02 1.16008215e+01 9.30270576e+00
 8.23330994e+01 2.56995106e+00 7.64374084e+01 1.45990038e+00
 1.13699921e+02 1.27236092e+02 3.54470611e+00 3.62072540e+02
 2.14642372e+01 9.76194992e+01 4.13397169e+00 6.08868456e+00
 7.71944946e+02 3.64327278e+01 2.31157227e+02 1.02975264e+01
 3.76736908e+01 1.60961115e+00 7.32928162e+02 2.05086060e+01
 2.76885803e+02 8.30909424e+02 7.29657974e+01 1.28021288e+01
 1.60347462e+00 2.23447204e+00 3.48480865e+02 3.54805511e+02
 2.51575342e+03 6.50431290e-02 4.72173187e+02 7.55690979e+02
 5.09258795e+00 5.11844521e+01 1.46411713e+02 1.02277145e+02
 2.62987549e+02 7.33605518e+03 4.66791107e+02 1.21949188e+02
 9.56525024e+02 2.40208912e+01 1.00197792e+00 3.50272430e+02
 1.75904114e+02 2.50483704e+01 2.72223797e+01 3.06389679e+02
 3.98794055e+00 2.43300751e+02 2.74952679e+01 2.13153534e+02
 1.85593530e+03 4.07459564e+02 2.05719062e+04 1.16006355e+01
 1.88307922e+02 5.16916084e+01 4.73591328e-01 4.03573822e+02
 2.54005884e+03 8.21962769e+02 5.04437683e+02 1.98324160e+04
 7.26258993e+00 1.08623099e+00 1.82822533e+01 4.12016296e+00
 9.56956116e+02 5.29306641e+03 2.69202876e+00 5.16694145e+01
 2.94892349e+01 6.91438446e+01 3.64157829e+01 4.14872456e+00
 1.19639233e+03 2.96095729e+00 5.42857285e+01 7.22650146e+01
 8.60256165e+02 2.06181982e+03 3.17031128e+02 8.14695892e+01
 4.54523861e-01 5.18627380e+02 6.27325916e+00 1.48951626e+01
 1.02027625e+03 3.85970345e+01 1.84425488e+01 3.23285004e+02
 9.88716662e-01 1.06629016e+03 4.02325749e-01 6.72936859e+01
 1.77636662e+01 5.67234182e+00 2.07179213e+00 7.79494858e+00
 2.87777066e+00 3.22682587e+02 5.18615845e+02 7.41604883e+03
 2.21415000e+04 1.24409208e+01 1.94383270e+02 7.48671007e+00
 1.19513100e+02 3.89727139e+00 1.40572083e+00 1.70650696e+02
 1.83765839e+02 2.98344336e+03 2.67393818e+01 2.88919811e+01
 2.79124237e+02 9.26193945e+03 1.36296734e-01 1.00106773e+02
 4.55431442e+01 6.62370396e+00 1.63693035e+00 1.12702429e+03
 3.96330347e+03 5.77428627e+01 1.36777821e+01 2.53409134e+02
 3.20175830e+03 1.29882383e+01 3.11240820e+03 1.20130341e+02
 2.87524929e+01 2.24138756e+01 4.67038940e+02 2.08267665e+00
 5.44516602e+01 1.73587296e+02 8.24419308e+00 1.68265854e+02
 7.81496620e+00 6.91549873e+00 5.87236214e+00 6.26889038e+02
 1.55076777e+04 5.44125366e+00 2.93352271e+03 5.85316650e+02
 2.66825623e+02 7.33981018e+02 1.88344223e+02 1.78231836e+03
 1.35672928e+02 6.75308704e-02 2.57869415e+02 4.15806656e+01
 4.22329254e+01 9.50057864e-01 5.87188721e+01 8.64214993e+00
 3.66163879e+02 1.40335977e+00 1.68297119e+03 1.44232010e+02
 7.53427207e-01 2.83029056e+00 2.18610489e+02 3.15710850e+01
 1.08612051e+01 2.53057861e+01 2.96153584e+01 5.26769876e+00
 1.03812424e+02 4.20706978e+01 1.99954529e+01 9.35944580e+02
 2.43634912e+03 7.73105392e+01 9.35572815e+01 5.90554619e+01
 8.20138794e+02 3.62901880e+03 2.15595741e+01 4.27215672e+00
 2.39930640e+03 3.42998169e+02 5.85296936e+02 3.08794891e+02
 8.37786579e+00 1.71628403e+02 1.67099701e+02 5.72424841e+00
 5.46514130e+00 2.81293823e+02 1.31740751e+01 3.04303932e+00
 6.38545647e+01 5.52426243e+00 1.88007172e+02 1.18871677e+00
 2.40636093e+02 2.59189026e+02 3.98701324e+01 1.42738171e+01
 2.57187103e+02 4.47469604e+02 1.62542400e+01 3.16001930e+01
 1.71633148e+02 1.26185318e+02 6.01239824e+00 1.35915665e+02
 1.33851967e+01 2.04618994e+03 7.94305878e+01 1.75576172e+02
 6.86191511e+00 2.34623833e+01 2.62196789e+01 7.17101514e-01],813.86273,[3.87712433e+02 1.25883436e+01 5.59411194e+02 2.34194249e-01
 9.39866543e+00 1.46923971e+00 2.00681366e+02 1.93115158e+01
 2.82521655e+03 1.87842419e+03 3.09381943e+01 1.25611031e+00
 4.70768509e+01 3.62568703e+01 1.80427325e+00 1.05147200e+01
 1.08288605e+02 1.73717556e+01 5.24277306e+00 2.31121521e+01
 3.70299225e+01 6.04975464e+02 6.33970356e+00 6.11615419e+00
 7.13113695e-02 2.27741357e+03 9.28035259e+00 1.83533521e+03
 1.09302483e+01 9.17570801e+01 8.66708815e-01 4.48938751e+00
 4.23267792e+02 5.73409042e+01 1.82561893e+01 3.01322460e+00
 1.41452804e-01 1.25728917e+00 2.40103245e+00 7.70855522e+00
 1.17968140e+01 2.18288498e+01 2.10549855e+00 4.67970886e+02
 3.65050011e+01 6.46905136e+00 2.00684428e-01 1.79977560e+00
 1.80769272e+01 6.52675629e+01 3.77745743e+01 4.81241035e+00
 1.60312176e+00 9.69313011e-02 9.66701477e+02 7.90531397e+00
 6.39577393e+02 6.27725586e+02 3.06106300e+01 3.27901363e+00
 3.33898258e+00 1.20917149e+01 5.90635376e+02 3.87072327e+02
 1.48644250e+03 3.43033886e+00 1.85933472e+02 2.90875336e+02
 4.76089430e+00 2.58413944e+01 2.50370346e+02 1.07349348e+01
 1.70918365e+02 4.93857910e+03 1.49131042e+02 2.93328190e+00
 6.17560234e+01 2.83107548e+01 9.98825550e-01 1.04103308e+03
 2.09399662e+01 2.66159897e+01 4.92256880e+00 2.72667511e+02
 1.01348996e-01 2.67783722e+02 9.68089104e-01 2.13979321e+01
 1.78186133e+03 4.11833496e+02 1.19933281e+01 5.76750183e+00
 2.40256042e+01 9.08948822e+01 1.07940884e+01 4.26089630e+02
 5.37764941e+03 8.75052414e+01 2.95357727e+02 9.35054688e+03
 6.43750095e+00 1.17551155e+01 3.51216202e+01 1.65678203e+00
 4.71550507e+02 1.48085022e+02 4.73802567e+00 3.04717369e+01
 7.09365234e+01 5.49379539e+01 3.25555725e+01 5.70550537e+00
 2.21251099e+03 3.46501184e+00 1.73533421e+01 6.22446680e+00
 2.58135071e+02 1.35655908e+03 3.28200928e+02 1.11512232e+01
 3.49637699e+00 1.11755334e+03 4.80865049e+00 4.20205927e+00
 3.49356836e+03 1.38441153e+01 2.97151928e+01 7.34512863e+01
 2.65814853e+00 4.87888092e+02 1.23116474e+01 3.49721527e+01
 3.85303192e+01 5.63001871e+00 4.05508995e-01 7.55452442e+00
 3.02619481e+00 8.08813705e+01 5.41939270e+02 4.99034863e+03
 1.62057838e+01 3.67495704e+00 9.37135773e+01 5.69202852e+00
 6.63377075e+01 4.08412552e+00 2.03886062e-01 1.34200485e+02
 4.72336912e+00 5.24020459e+03 4.59943085e+01 1.17390594e+01
 1.18857697e+02 4.01749707e+03 7.79729366e+00 4.14407120e+01
 2.38376312e+02 7.76913166e+00 5.82718365e-02 8.33420593e+02
 2.75341553e+03 3.57732162e+01 1.18926945e+01 1.34488083e+02
 1.74743176e+03 5.14349174e+00 1.85440332e+03 3.72516251e+01
 1.08924866e+00 2.49913311e+01 4.88721619e+02 1.98712635e+00
 7.87528000e+01 6.56380653e+00 1.59943831e+00 1.06655411e+02
 4.11438584e-01 9.48210955e-01 1.56279492e+00 6.68979263e+01
 1.16210732e+04 3.47868423e+01 2.92732568e+03 2.81812561e+02
 2.72524200e+02 3.18010349e+01 3.61733627e+01 2.40474170e+03
 6.43853333e+02 7.93341398e-02 2.74143494e+02 2.73261642e+01
 1.76381416e+01 9.28470552e-01 5.56797714e+01 1.05045410e+02
 1.92905350e+02 9.40317869e-01 1.39157263e+03 1.35005131e+01
 5.88550806e-01 2.47164822e+00 9.82363708e+02 3.55449505e-02
 1.39352226e+01 5.43288612e+01 3.63004799e+01 3.96612406e+00
 1.83020767e+02 3.59657104e+02 6.05180359e+00 9.56999023e+02
 2.34253076e+03 4.68184128e+01 8.54632339e+01 1.16362209e+01
 6.39451660e+02 2.03188135e+03 1.11885905e+00 2.61884403e+00
 1.44551184e+03 9.72190781e+01 8.21454895e+02 2.21556900e+02
 2.15814285e+01 3.18411285e+02 9.84700928e+01 3.66114736e+00
 1.13375390e+00 3.52551231e+01 6.95693493e+00 2.36937594e+00
 2.06533504e+00 7.41985464e+00 4.96887350e+00 4.16724968e+00
 1.17853897e+02 1.85581646e+01 9.83244934e+01 9.59097576e+00
 3.01187549e+03 4.13613831e+02 3.63936752e-01 1.69613132e+01
 6.59863968e+01 8.74915504e+00 3.99126244e+00 3.66605804e+02
 3.59054375e+01 2.27217041e+03 4.98243828e+01 4.69074249e+01
 2.60987377e+00 1.80539379e+01 1.78848175e+02 6.47738934e-01],-101.21919,-178.38446,-320.5808,2.441936,14.25785,1.0218121,0.9549226,0.016057294788360595,3561.669108390808,0.5,0.5,0.022806482737028216,0.0008324908125123213,0.022895482300027935,0.0013322191893823925,36.0795849526538,37.59999999999999,0.0,225000.0,-1.0,-770.0,750.0,11.820913314819336,225000
109.98532,0.03925177,0.14437167,0.0015123572,-108.50235,108.50235,[3.89802717e-02 3.20536159e-02 2.34927610e-02 3.53299268e-03
 1.78021584e-02 1.40545527e-02 1.05155576e-02 2.16190182e-02
 4.05287966e-02 6.30809367e-01 1.10597881e-02 8.18285406e-01
 9.89635289e-02 5.30079566e-02 8.63142777e-03 1.00556381e-01
 2.97351740e-02 1.30292960e-02 8.81476142e-03 8.07464421e-01
 1.67286828e-01 1.03912344e-02 4.72423732e-02 1.34478929e-02
 1.31109990e-02 2.92806476e-02 1.56459566e-02 1.66760478e-02
 2.11267546e-02 1.95622072e-02 2.40217060e-01 2.57667769e-02
 1.72798745e-02 9.71990265e-03 1.45893898e-02 1.38663538e-02
 2.88249999e-02 1.91657022e-02 4.50760610e-02 8.89871828e-03
 2.96974927e-02 3.40176970e-02 2.36343332e-02 1.05666462e-02
 1.09254057e-02 2.94351578e-03 1.62527971e-02 1.61362682e-02
 1.22182602e-02 4.07835515e-03 1.61393732e-02 9.84146976e+00
 1.85621157e-02 1.61037557e-02 4.79404703e-02 1.55157419e-02
 3.41333114e-02 1.40365505e+00 2.90033203e-02 2.17193365e-02
 1.24650318e-02 1.83352530e-02 1.08720809e-02 1.02439960e-02
 4.68621776e-02 1.81521997e-02 2.54461095e-02 1.07994668e-01
 1.74026079e-02 3.24769095e-02 2.50532795e-02 4.50137183e-02
 8.30854475e-03 4.89317812e-02 4.76146676e-02 3.37291136e-02
 3.55114021e+01 2.09870648e+00 1.62528172e-01 2.40672622e-02
 1.31266899e-02 3.26722860e-02 4.73946691e-01 1.51593005e-03
 6.07694387e-02 8.11200868e-03 1.81455091e-02 1.91869941e-02
 4.01548147e-02 1.20385485e-02 2.41095573e-02 5.04823253e-02
 2.17593387e-02 2.03504115e-02 2.10155994e-02 3.97462797e+00
 2.36035362e-02 2.95696054e-02 5.71512897e-03 1.19228270e-02
 1.75988805e-02 9.70230624e-02 4.97659296e-03 1.00550437e-02
 7.03630030e-01 1.95663795e-02 1.07470900e-02 3.40405107e-02
 4.80646133e-01 1.33404825e-02 7.23276064e-02 1.93171874e-02
 2.03242563e-02 1.08347135e-02 2.90230289e-02 3.27221930e-01
 7.10720122e-02 5.92603028e-01 2.28158869e-02 1.60040230e-01
 1.00924039e+00 9.83341690e-03 2.02573836e-02 6.02703430e-02
 1.54114023e-01 6.91699386e-02 2.33858377e-02 1.64327063e-02
 2.00557023e-01 3.43977101e-03 1.58445500e-02 3.52707654e-02
 1.94138940e-02 7.73102604e-03 1.29861742e-01 3.83098498e-02
 9.24578667e-01 3.36764976e-02 6.93527237e-03 2.09740438e-02
 6.28067553e-02 1.88078173e-02 1.71963107e-02 2.81872228e-02
 1.06253298e-02 2.86861751e-02 4.10549855e-03 4.08711004e+00
 1.25340344e-02 1.03178071e-02 3.16199362e-01 3.69636528e-02
 1.08959265e-02 2.04713657e-01 9.75370109e-01 6.60912514e-01
 3.06009650e-02 1.29941761e-01 2.16964353e-02 2.15015020e-02
 1.46779967e-02 1.33385928e-02 5.05628027e-02 3.52850884e-01
 4.68363810e+00 3.27868666e-03 5.24708740e-02 3.87846380e-02
 1.30763138e-02 7.99340196e-03 3.91181223e-02 1.00894524e-02
 4.08184719e+00 1.68445945e-01 1.27300974e-02 1.39376931e-02
 2.60853972e-02 3.72409582e-01 3.03677171e-02 1.84518900e-02
 1.50237381e-02 1.80742498e-02 1.00819310e-02 1.37044918e-02
 5.50872609e-02 2.51934119e-02 2.06100997e-02 2.05443595e-02
 4.37571965e-02 1.54874735e-02 1.92083567e-02 2.25158278e-02
 2.98208687e-02 2.13224571e-02 1.43524039e+00 5.62644042e-02
 7.73267651e+00 2.25389719e-01 2.59770621e-02 3.95413525e-02
 1.50339007e+00 2.56725568e-02 9.28843487e-03 1.52684813e-02
 5.26678422e-03 9.87781677e-03 1.57119203e-02 4.50932086e-02
 7.52302349e-01 2.75077913e-02 1.61720254e-02 5.05416930e-01
 2.69610286e-02 1.93567993e-03 2.29065381e-02 2.17291117e+00
 3.22449112e+00 1.59131244e-01 2.51796916e-02 8.70150048e-04
 1.93140619e-02 3.51728015e-02 1.52628319e-02 1.43705383e-02
 1.69397032e+00 4.63357568e-02 3.15654278e-02 7.65907299e-03
 1.89874116e-02 2.58203242e-02 1.27440510e+01 1.92158803e-01
 3.72216152e-03 5.66083658e-03 1.84333678e-02 2.13093292e-02
 1.81983970e-02 3.97404246e-02 1.46361440e-02 2.32694317e-02
 8.35015532e-03 1.44819375e-02 2.16608029e-02 6.74432237e-03
 1.37255229e-02 2.84473915e-02 4.94117513e-02 2.81222034e-02
 2.33071717e-03 2.15356778e-02 1.19200274e-02 2.49032043e-02
 1.22821191e-02 2.06713378e-02 4.49046612e-01 8.41424242e-03],0.42172924,[3.99446189e-02 9.11881402e-03 2.42078491e-02 1.20231998e-03
 3.28332931e-02 1.69126168e-02 7.94657506e-03 2.23826282e-02
 3.30765769e-02 6.18946910e-01 3.43595003e-03 8.58062506e-01
 9.55170989e-02 3.29430215e-02 8.44224170e-03 1.02793597e-01
 2.13956796e-02 1.31533761e-02 1.02134971e-02 8.69531706e-02
 1.42488435e-01 1.01554729e-02 4.56887409e-02 1.55725786e-02
 1.19464956e-02 1.91074945e-02 1.54990479e-02 1.65517274e-02
 1.56493094e-02 3.84060259e-04 1.57719821e-01 1.18746888e-02
 8.40372033e-03 6.64692465e-03 2.17663962e-02 5.35166729e-03
 2.12236196e-02 1.49790244e-02 5.14870062e-02 5.51719125e-03
 2.05121879e-02 2.55832653e-02 1.61255822e-02 1.07600763e-02
 1.14855487e-02 1.38049270e-03 2.32596509e-02 1.55892232e-02
 1.17993951e-02 4.37538140e-03 8.72544479e-03 1.98538375e+00
 1.47604905e-02 2.09894329e-02 1.84413210e-01 1.49878040e-02
 2.06492823e-02 9.06362772e-01 3.84037755e-02 2.27600560e-02
 7.28072366e-03 1.04117971e-02 8.00610334e-03 8.38916376e-03
 4.60411049e-02 1.52175128e-02 3.45565602e-02 1.94472104e-01
 1.15002915e-02 3.29347476e-02 1.53893996e-02 8.41273814e-02
 9.56662651e-03 6.39337301e-02 3.11950818e-02 3.29923965e-02
 1.50114622e+01 2.11609602e+00 1.42573938e-01 5.06759547e-02
 2.83002555e-02 3.06660756e-02 2.91768461e-01 1.86808617e-03
 6.00684509e-02 7.77688809e-03 1.68054514e-02 2.14081649e-02
 3.90181057e-02 9.39910486e-03 1.95673238e-02 4.38693650e-02
 1.65922865e-02 1.35245109e-02 1.92693062e-02 1.53665289e-01
 1.62097719e-02 2.64544077e-02 6.10757619e-03 8.34669545e-03
 1.50707010e-02 7.28691220e-02 8.58412124e-03 1.05259046e-02
 1.06182523e-01 1.39174089e-02 6.97156880e-03 2.35144347e-02
 3.44784558e-01 1.30864717e-02 4.78340201e-02 3.16160433e-02
 1.59718376e-02 1.13500878e-02 2.86016054e-02 4.00393456e-01
 3.38812731e-02 4.04829048e-02 2.46805958e-02 1.69118774e+00
 4.75968122e-01 9.93413385e-03 1.11514814e-02 3.49946320e-02
 7.91434109e-01 1.14507005e-01 2.68221647e-02 1.46759097e-02
 1.15948051e-01 1.34158600e-03 2.05843374e-02 2.32399516e-02
 1.41180279e-02 7.12453248e-03 4.72699665e-02 2.70494670e-02
 1.06309974e+00 2.13863440e-02 5.91194723e-03 1.87010281e-02
 1.72688477e-02 1.12148551e-02 2.23255642e-02 8.01781192e-02
 9.23170242e-03 1.12579949e-02 4.17662552e-03 1.19667184e+00
 1.24315284e-02 1.02614891e-02 1.86050355e-01 3.45710963e-02
 9.01338086e-03 4.71650064e-01 8.50384593e-01 1.93352491e-01
 6.46623895e-02 1.74660191e-01 1.73173789e-02 1.39206834e-02
 1.48690492e-02 1.54398670e-02 4.49640229e-02 4.53833230e-02
 8.08346033e-01 3.12740542e-03 4.56799641e-02 3.48453373e-02
 1.24265719e-02 4.31702565e-03 3.57124247e-02 1.67270768e-02
 4.40087825e-01 1.85930520e-01 9.47603583e-03 1.87544338e-02
 2.12032497e-02 2.61647344e-01 5.45725860e-02 1.03067728e-02
 1.17356088e-02 2.03868337e-02 1.01781543e-02 1.53782787e-02
 1.96070340e-03 2.33163685e-02 1.78096425e-02 1.74218062e-02
 2.22122036e-02 1.15107819e-02 1.07545722e-02 2.49538552e-02
 1.56843644e-02 2.41844952e-02 9.15779889e-01 3.81081291e-02
 1.10640469e+01 9.35164332e-01 2.97243893e-02 3.63424197e-02
 1.43457222e+00 1.93296764e-02 9.87297203e-03 1.04186470e-02
 6.78947661e-03 9.64178890e-03 6.88007288e-03 8.76774080e-03
 1.93931878e-01 1.20398514e-02 1.04501955e-02 4.33070272e-01
 1.97560117e-02 5.39964661e-02 1.15868542e-02 4.12865132e-01
 2.82680726e+00 1.22828081e-01 2.32802015e-02 3.56626697e-04
 1.96693223e-02 2.28382498e-02 1.42624211e-02 1.08910259e-02
 2.64497072e-01 2.28346679e-02 3.58950458e-02 8.74219928e-03
 1.72196999e-02 2.59861629e-02 6.23929322e-01 2.52594184e-02
 4.12440151e-02 5.67689911e-03 1.25243887e-02 1.09711429e-02
 2.10855603e-02 2.68114842e-02 1.51649229e-02 5.48198959e-03
 8.63570534e-03 1.44535676e-02 1.25185456e-02 6.41056197e-03
 6.56430703e-03 2.35099699e-02 3.45239863e-02 1.41879059e-02
 1.32041844e-03 1.58155654e-02 1.29889101e-02 1.61902700e-02
 1.14772255e-02 9.89317521e-03 4.95439589e-01 6.30425848e-03],-95.265274,-120.93739,-336.0658,1.0731535,1.8437905,0.9868882,0.9298419,15.250186,-19.59713,143.33345,166.22557,2.5040162,0.40811688,0.2753783,-159.64038,159.64038,[5.83213867e+02 9.21462536e-01 6.00450928e+02 6.47833496e+02
 7.01446533e+01 4.71781387e+01 1.67988834e+01 8.05642822e+02
 1.01168633e+02 2.42216141e+02 1.21661644e+02 1.72621667e+03
 3.45945969e+01 1.67956689e+03 7.64699585e+02 2.15939590e+02
 2.71869545e+01 7.48498383e+01 1.40014529e+00 9.39519024e+00
 1.07447424e+03 1.34026636e+03 4.62756119e+01 7.62569580e+01
 2.55041321e+02 1.51683693e+01 9.09499931e+00 6.01524353e+01
 3.45167607e-01 2.09303085e+02 1.09544891e+02 1.15351601e+01
 3.00142761e+02 1.26267627e+03 2.80704663e+03 2.61400269e+02
 2.00472266e+03 1.94138765e+00 1.59228973e+01 6.33945894e+00
 6.71535187e+01 5.00617798e+02 2.42031082e+02 7.02463388e-01
 9.89746094e+03 1.27213913e+02 3.42799592e+00 1.78245854e+00
 2.83452587e+01 2.24094355e+04 4.22342072e+02 3.53424340e-01
 2.80255493e+03 2.81152295e+03 8.37611938e+02 1.04053757e+02
 5.39252777e+01 8.35954208e+01 7.79344101e+01 3.46546483e+00
 3.73475189e+02 3.33644989e+02 4.01054001e+01 8.08588745e+02
 5.79758167e+00 1.75489883e+01 7.48098183e+00 6.94202148e+02
 1.50689869e+01 2.81422710e+01 5.83700195e+02 9.29551029e+00
 5.10014629e+00 4.63245821e+00 3.46172256e+01 1.07531261e+01
 1.94890735e+03 1.70739001e+03 1.37787903e+02 1.25912295e+04
 5.70337341e+02 1.50349808e+02 9.56960220e+01 8.07445312e+02
 3.55112085e+03 1.39499533e+00 3.39532257e+02 9.51014941e+03
 1.74651416e+03 2.23519268e+01 4.49927051e+03 6.38894043e+02
 1.82939301e+01 4.34225928e+03 1.34494583e+02 2.61394653e+01
 5.94065399e+01 3.55411263e+01 9.85732239e+02 2.60938168e+01
 3.53744926e+01 1.62520897e+00 2.20181541e+01 1.35022717e+01
 9.44239502e+01 3.06698389e+03 2.78193550e+01 2.39974197e+02
 1.80558643e+03 1.70847778e+02 8.08406639e+00 2.17044968e+02
 1.12493610e+01 7.15848637e+00 1.17413300e+02 7.38096161e+01
 9.98129120e+01 1.74831467e+02 2.05998802e+00 3.46551392e+02
 2.64875355e+01 3.22663999e+00 3.40947998e+02 5.08404114e+02
 1.66516626e+00 1.09910564e+01 1.67506665e+03 6.59164185e+02
 1.99541504e+04 1.51916065e+01 5.92623779e+02 2.43443896e+03
 1.32839670e+01 5.06914703e+02 1.15911636e+02 2.23352325e+02
 5.22258043e+00 2.96178802e+02 1.10131279e+04 6.35441933e+01
 8.86602832e+03 5.19015455e+00 8.14190674e+01 1.92813477e+02
 8.65570801e+02 9.65462952e+01 2.68773010e+02 2.32922070e+03
 1.68841290e+00 5.62704506e+01 7.75977325e+01 5.86524658e+03
 1.23855391e+01 9.41808167e+02 4.35768166e+01 1.95585651e+01
 7.01043701e+00 2.05695679e+02 1.41418045e+02 7.78009338e+02
 4.47768860e+02 6.22473136e-02 5.65029180e+04 1.30805832e+02
 1.40501133e+04 4.39205093e+01 3.30713562e+02 2.77659180e+03
 1.21703923e+00 3.21731567e+02 4.86345711e+01 3.42849195e-01
 6.94183960e+01 6.64114441e+02 1.42160530e+01 1.65996704e+02
 1.35119397e+03 1.06640405e+03 2.58645821e+00 8.13635647e-01
 8.39114844e+03 6.34354055e-01 1.70043970e+03 4.48879662e+01
 4.17379517e+02 5.79217627e+03 4.91593857e+01 1.75355688e+03
 6.09579224e+02 9.21164780e+01 7.36702576e+02 5.81172867e+01
 1.07984607e+03 5.97470779e+01 2.57793522e+01 1.22204084e+01
 1.66828812e+02 1.38297821e+02 4.04650970e+02 2.53083276e+03
 8.64541626e+01 9.66974735e+00 1.38562069e+01 3.37955640e+03
 2.78559437e+01 6.10744553e+01 4.20681458e+02 2.14803359e+04
 1.67939758e+02 2.38843689e+01 1.03300638e+01 7.32843704e+01
 7.06372261e+00 2.19647095e+02 5.06637543e+02 2.22639648e+03
 1.07391014e+01 1.88609009e+03 1.22207910e+03 5.32484375e+03
 1.13452168e+01 2.05768299e+01 1.61625854e+02 7.38916992e+02
 8.48231983e+00 1.25276774e-01 2.20083084e+01 1.12206707e+01
 1.90101013e+01 1.73121527e-01 2.09233055e+01 6.29167236e+02
 3.41490027e-03 1.24402809e+02 3.29635815e+03 1.23157482e+01
 4.59573593e+01 8.50375938e+00 8.65788727e+01 1.26509504e+01
 2.25303242e+04 1.43895981e+02 1.55109116e+02 2.97024536e+02
 2.58605170e+00 2.59330535e+00 7.83300293e+03 2.57808032e+03
 4.48191559e+02 5.38562059e+00 1.95164886e+02 2.00464905e+02
 3.28371887e+01 1.10569809e+02 1.64958839e+01 1.27536716e+01],1699.1482,[3.24454784e+00 2.46546478e+01 1.08233902e+02 4.45844238e+02
 9.38463745e+01 3.67099953e+00 1.77428150e+00 6.03735107e+02
 8.18098373e+01 1.77168289e+02 1.33878311e+02 2.35647034e+02
 5.77762184e+01 2.05065216e+02 5.25483887e+02 5.31025635e+02
 2.48773456e+00 2.03419876e+02 4.39743996e+00 5.27518463e+00
 8.33879639e+02 8.45719719e+00 9.17830658e+00 3.02487297e+01
 1.58598560e+03 1.05099583e+00 1.78570499e+01 5.57154512e+00
 3.26165378e-01 2.04312096e+01 4.01044693e+01 3.17279797e+01
 1.74691681e+02 2.03107437e+02 7.29436133e+03 9.97360413e+02
 1.04057117e+03 3.08257103e+00 6.67475581e-01 3.59519929e-01
 3.24156990e+01 1.14296472e+03 8.29751129e+01 8.85537529e+00
 8.19767090e+03 2.30254912e+00 6.92865372e-01 1.04507536e-01
 2.97987556e+01 1.77934766e+04 3.90910309e+02 3.18329662e-01
 4.91974487e+02 2.44588791e+02 3.08110046e+02 2.94127541e+01
 5.19968510e+00 1.54306326e+01 6.72880402e+01 4.79679337e+01
 1.31819504e+02 3.46830786e+03 2.29936310e+02 1.53315857e+02
 9.83887768e+00 3.18585229e+00 5.40526619e+01 1.47012109e+03
 1.90732288e+01 7.51518631e+00 1.71378345e+01 1.82170892e+00
 2.72369080e+01 1.56702793e+00 2.74951172e+01 2.80828152e+01
 1.20766785e+03 1.49579724e+03 2.19260845e+01 7.91570508e+03
 5.70656372e+02 5.84315948e+01 7.83503571e+01 1.68499222e+02
 1.88286670e+03 3.23764729e+00 2.53641296e+02 5.50956885e+03
 1.54192615e+03 1.55131817e+01 1.08339478e+03 2.16092010e+02
 1.43124599e+01 4.24413232e+03 7.39132385e+01 7.15772057e+00
 3.13312620e-01 1.71455574e+01 1.88471375e+03 1.15664864e+01
 5.15832176e+01 1.19811904e+00 1.26784360e+00 5.09615779e-01
 1.93458385e+01 1.75845752e+03 1.65064278e+01 4.05594849e+02
 2.31936084e+03 1.65160770e+01 1.01549740e+01 2.28146957e+02
 8.45136414e+01 5.63919067e+00 1.95000629e+01 7.26691365e-01
 8.70726929e+01 5.36103935e+01 1.39966404e+00 1.79220333e+01
 7.64664698e+00 1.18740330e+01 7.96760511e+00 1.74871558e+03
 3.11260676e+00 1.10359125e+01 1.58187183e+03 1.13416828e-01
 1.07254521e+04 1.83870637e+00 3.48163483e+02 7.33675354e+02
 2.97793941e+01 5.72382874e+02 6.56920547e+01 1.95726135e+02
 1.04414597e+02 3.36741852e+02 5.52304492e+03 3.66231489e+00
 7.13500830e+03 1.39085031e+00 8.21207581e+01 1.05629482e+01
 1.65018103e+03 8.25091370e+02 8.76317383e+02 1.71321094e+03
 1.01901519e+00 6.21468735e+01 3.23732681e+01 2.44125781e+03
 5.19084501e+00 2.50805206e+02 1.79161358e+01 1.28330746e+01
 4.96621418e+00 1.66136131e+01 6.12612610e+01 8.30410034e+02
 3.91414612e+02 5.81282496e-01 4.43425078e+04 4.15625989e-01
 4.74282422e+03 2.20489349e+01 1.83498932e+02 2.23797998e+03
 1.95441498e+02 1.51358185e+02 8.80523834e+01 7.37337112e-01
 2.81113262e+01 1.16033826e+03 2.63310833e+01 6.36716664e-01
 1.54050623e+03 6.72634735e+01 2.08127871e-01 1.49343383e+00
 7.67848096e+03 3.22709036e+00 3.64881531e+02 4.52150879e+01
 5.90802612e+01 3.11009863e+03 9.05309067e+01 1.39533813e+03
 7.27287216e+01 4.62551880e+02 6.19245262e+01 6.33999062e+01
 2.75675781e+03 3.55328903e+01 8.20429039e+00 1.63021195e+00
 9.52262688e+00 1.57922487e+01 1.81001343e+02 8.59493347e+02
 2.81340637e+01 2.37545261e+01 1.68192139e+01 5.72126562e+03
 8.00570369e-01 2.33168121e+02 5.74032471e+02 3.98244453e+04
 1.17750854e+02 1.85061669e+00 6.67097902e+00 2.67182274e+01
 9.98458564e-01 3.16501465e+02 1.10351906e+02 3.06515869e+03
 7.29566336e-01 1.58313977e+03 5.94023743e+02 3.79185498e+03
 7.33340561e-01 4.11563301e+00 8.81846237e+01 7.57558777e+02
 8.48447514e+00 1.78110078e-01 1.30350745e+00 1.81374817e+01
 6.63420486e+00 2.18201256e+00 4.06893873e+00 1.68123621e+03
 2.67525625e+00 3.85223633e+02 3.73780371e+03 1.04611988e+01
 1.37895069e+01 2.47255135e+01 8.63616943e+01 4.80366516e+00
 2.66490936e+02 1.78253536e+01 1.35007126e+02 2.32105637e+00
 4.09247017e+01 4.55261230e+00 8.32309570e+03 2.91168994e+03
 1.07140984e+02 4.24752563e+02 2.04547291e+01 7.74266541e+02
 5.85974854e+02 1.05040619e+02 1.35403812e+00 2.69145260e+01],-104.17578,-176.23586,-330.2747,2.9556725,95.91933,1.0086478,0.9577366,0.015300912313461304,3944.191953420639,0.5,0.5,0.025770022323999636,-0.0018710054275033483,0.025684131980924948,-0.0016110999098506668,36.06983902190619,37.59999999999999,0.0,249750.0,-1.0,-854.0,750.0,13.021459579467773,250000
104.73079,0.041359603,0.0951334,0.00071504025,-103.7381,103.7381,[2.86355638e-03 1.35242343e-02 2.52860832e+00 2.28657923e-03
 3.35296383e-03 3.86143033e-03 2.00202707e-02 1.45125389e-03
 1.52722895e-02 3.80955078e-03 5.59316296e-03 2.31556725e-02
 2.28052028e-02 5.54148061e-03 2.31769681e-03 5.93046546e-02
 4.39968484e-04 6.68276567e-03 1.76082868e-02 7.21144006e-02
 7.89434649e-03 4.71327407e-03 9.55785438e-03 8.16625822e-03
 5.90110803e-03 8.47670343e-03 2.73076631e-03 3.68931843e-03
 1.57593936e-01 7.20578153e-03 3.47375777e-03 1.23033607e-02
 1.59630626e-02 3.80009902e-03 1.22375377e-02 1.35304499e-03
 8.42433656e-04 3.15053458e-03 1.41988546e-02 1.11144176e-02
 1.56601705e-02 4.41878510e+00 1.11233238e-02 2.18759687e-03
 6.54317811e-03 1.22189317e-02 1.91286160e-03 3.13198008e-02
 6.65637385e-03 1.99564523e-03 5.06955246e-03 1.84977753e-03
 1.44895446e-02 2.62498045e+00 6.23658020e-03 6.33796491e-03
 1.40970014e-03 6.05520001e-03 2.07366375e-03 1.34958187e-04
 8.06961441e-04 1.84118189e-02 7.70193618e-03 8.33299942e-03
 1.02716964e-02 4.09171963e-03 1.36898761e-03 6.54229568e-03
 3.30238137e-03 3.19741778e-02 1.79307535e-05 1.64793395e-02
 3.78257856e-02 6.30454719e-03 5.61462808e-03 3.51538248e-02
 4.02686244e-04 1.10628521e-02 9.70417410e-02 6.50333380e-03
 1.26966438e-03 5.81562473e-03 4.15447116e-01 2.88890768e-02
 2.11024404e-01 1.59309641e-03 5.05519332e-04 9.18409321e-03
 5.05697075e-03 3.42761934e-01 1.84629932e-02 4.23345268e-02
 1.15446998e-02 8.64793081e-03 2.23972034e-02 1.43023506e-02
 1.51099578e-01 3.82971135e-03 7.78842543e-04 6.99678808e-03
 1.28378230e-03 1.53686805e-03 4.87328786e-03 3.81994620e-03
 9.31858085e-03 3.12318606e-03 6.95127854e-03 1.90325677e-02
 1.51343895e-02 1.33546758e-02 7.36335758e-03 4.42099245e-03
 4.85351589e-03 4.01066674e-04 1.10977818e-03 4.99643348e-02
 1.20554660e-02 2.40163156e-03 9.61581827e-05 2.60163797e-03
 3.67598003e-03 3.04021128e-03 7.94519112e-03 1.40024768e-03
 1.10393353e-02 1.40873408e-02 4.97558355e-01 1.34791434e-03
 3.96719202e-03 3.86902362e-01 7.35207880e-03 4.95300163e-04
 1.37998688e+02 9.41060390e-03 4.44430304e+00 3.05275712e-03
 3.89370043e-03 6.06359588e-03 2.88766646e-03 1.50908260e-02
 7.39551801e-03 5.78292906e-01 3.84637876e-03 1.70564264e-01
 6.43152464e-03 1.23086083e+00 5.19777229e-03 2.69122235e-03
 4.67477739e-03 1.08147360e-01 8.57496168e-03 2.88493023e-03
 7.34437443e-03 1.39405746e-02 6.36026636e-03 9.30148959e-02
 7.64025608e-03 6.33319560e-03 3.50946486e-01 2.74901837e-02
 4.44537215e-03 4.90351673e-03 1.54957518e-01 4.58440371e-03
 2.48624710e-03 6.59470970e-04 3.91872425e-04 1.36895655e-02
 5.92723608e-01 6.81819068e-03 1.73047017e-02 3.72395711e-03
 1.20313596e-02 1.64744109e-02 4.13199615e+00 2.28989273e-02
 1.28658284e-02 1.29541066e-02 1.94420218e-02 9.50918905e-03
 4.04912420e-03 3.73682263e-03 7.47797545e-03 9.59064066e-03
 1.52385496e-02 2.08323523e-02 2.58800108e-02 5.83549263e-05
 9.28206090e-03 4.79585631e-03 4.79458552e-03 4.51664347e-03
 1.03927981e-02 1.85741037e-01 2.85336319e-02 2.44828220e-03
 1.71559374e-03 2.50844620e-02 4.97978320e-03 2.18793121e-03
 6.02744427e-03 4.02362831e-03 3.92331881e-03 1.15339300e-02
 5.66187128e-03 8.31156317e-03 1.87310457e-01 1.04537344e+00
 3.01819175e-01 2.38620732e-02 1.04798404e-02 9.23299231e-03
 5.37272729e-02 2.19000891e-01 1.83796883e-03 5.60316205e-01
 4.84053325e-03 6.79680146e-03 1.50524662e-03 1.14519172e-03
 2.70073419e-03 1.30621926e-03 4.27734293e-03 5.98801374e-02
 2.09940653e-02 8.36197194e-03 6.59765303e-03 4.34830133e-03
 2.53490172e-02 5.40754050e-02 1.33119486e-02 8.65961239e-03
 1.21566299e-02 5.44028729e-03 1.67782861e-03 1.13846622e-02
 2.32180138e-03 9.75765586e-02 2.43231916e+00 9.36653093e-03
 4.81184293e-03 3.91311385e-03 9.96840537e-01 6.30614255e-03
 1.55255990e-02 1.25357192e-02 1.59542739e+00 1.37634138e-02
 1.94818771e-04 3.61976982e-03 1.33034978e-02 1.04027927e+00
 2.40856960e-01 1.25159146e-02 1.80661026e-03 1.59445789e-03],1.1562726,[1.3743682e-02 1.4399148e-03 2.6517520e+00 1.2434219e-03 2.6960080e-03
 1.9251332e-02 2.1855976e-02 1.6192722e-03 2.1545637e-02 2.2941774e-03
 1.1308019e-02 3.0924872e-02 2.3932592e-03 4.5027127e-03 2.5591583e-03
 6.6838086e-02 6.8947498e-05 2.8383944e-02 6.1036157e-03 2.0159153e-02
 6.5874504e-03 3.6594141e-03 1.1378001e-02 4.4330615e-03 2.4866126e-03
 9.7053917e-03 1.9068080e-03 3.8238070e-03 9.7548848e-01 6.9573498e-03
 3.2199537e-03 1.2035948e-02 1.1216199e-02 3.7833927e-03 8.7871123e-03
 7.1543810e-04 1.4884314e-03 4.2004540e-04 3.3982437e-02 2.7508046e-03
 1.1155042e-02 1.9258328e+02 1.7681196e-02 8.5209805e-04 5.5924593e-03
 9.5719555e-03 2.0810589e-03 2.0146545e-02 7.0766290e-03 1.8158602e-03
 5.0561070e-03 4.1721305e-03 1.1288304e-02 5.3484571e-01 4.2495562e-04
 8.2980888e-03 1.9743785e-03 1.3668661e-02 2.0604988e-03 2.2423733e-04
 4.7644164e-04 1.7346352e-02 8.7430403e-03 6.5638013e-03 1.1387100e-02
 3.6563373e-03 3.8596550e-03 6.9949212e-03 6.5975315e-03 2.8657759e-02
 2.8534309e-04 8.3408970e-03 7.4621597e-03 4.0432583e-03 7.9139210e-03
 8.8918395e-03 2.6299438e-04 2.8784680e-03 7.7673793e-02 6.3017663e-03
 5.1402237e-04 7.8840470e-03 8.5053891e-01 2.2228066e-02 1.1331327e-01
 2.4389955e-03 1.8005804e-03 7.6095546e-03 5.2776160e-03 1.6093287e-01
 1.2731476e-02 5.6690974e-03 1.1652844e-02 8.1771305e-03 7.9165343e-03
 6.8347156e-03 4.0543079e-02 3.0834593e-03 7.8737159e-04 2.1123432e-03
 1.9199597e-03 1.1438342e-03 8.4312763e-03 3.4254501e-03 4.2864904e-03
 5.1195896e-03 7.6675001e-03 4.3236098e-04 1.3153447e-02 5.6386925e-03
 4.4527841e-03 5.2468800e-03 5.3548650e-03 7.5283693e-04 3.0387000e-03
 1.2491161e-02 1.0121954e-02 4.3609058e-03 1.7874903e-04 3.9948779e-03
 7.4949833e-03 1.8234458e-03 7.5791460e-03 2.1404577e-03 7.1503902e-03
 7.5931847e-03 4.2578809e-02 1.5773359e-03 3.6484560e-03 4.8112077e-01
 4.7864253e-03 1.3064796e-03 6.3713880e+00 8.9362543e-03 5.9253526e-01
 2.1162648e-03 5.3260066e-03 3.4637172e-03 3.2075918e-03 1.5609343e-02
 8.2636261e-03 9.3253446e-01 6.2325625e-03 1.3039082e-01 8.3862226e-03
 8.2481220e-02 7.6685334e-03 2.2864428e-03 4.1183326e-03 6.9714323e-02
 4.4375956e-03 3.4336054e-03 1.1915395e-02 1.2804560e-03 3.5058917e-03
 5.4741371e-03 8.7866951e-03 2.5843955e-03 2.1065180e-01 6.7888815e-03
 6.1219656e-03 4.5942590e-03 1.1389762e-01 7.1080942e-03 5.1262025e-03
 5.4182718e-05 3.7604244e-05 1.2253171e-02 1.4452617e+00 1.2622937e-02
 1.0711839e-02 2.3955451e-03 9.1104163e-03 1.6003894e-02 1.7438117e+00
 2.5350485e-02 1.0309101e-03 3.7453143e-04 1.0662540e-02 1.6872725e-03
 1.1859743e-03 3.7697065e-03 4.8833461e-03 1.2305303e-02 1.7161286e-02
 1.2615446e-03 2.3063723e-02 2.6653663e-03 3.0557851e-03 4.9374406e-03
 4.5378874e-03 3.4810130e-03 4.8501563e-04 4.2446919e-02 2.5813406e-02
 2.1478818e-03 1.1693393e-03 1.8663911e-02 4.3810601e-03 1.7160245e-03
 4.0359674e-03 1.4451407e-02 5.3250189e-03 8.8057015e-03 6.1395778e-03
 8.5422909e-03 2.3077428e-01 6.3081455e-01 2.4378800e-01 4.5591518e-03
 1.3194650e-02 1.0325814e-02 5.4808304e-02 1.9850612e-01 8.7630115e-03
 4.8068866e-01 2.9682959e-03 6.4921528e-03 3.6758650e-04 1.3702668e-03
 1.1464907e-03 3.9020113e-03 4.9957023e-03 1.4414546e-02 1.9642135e-02
 6.4253826e-03 1.7296786e-03 5.7668630e-03 7.7113984e-03 1.7739575e-01
 7.6749632e-03 2.5199221e-03 7.8719221e-03 5.2314070e-03 2.3154381e-03
 1.0242462e-02 2.0884229e-03 1.1843336e-02 2.9681504e+00 4.0383018e-03
 8.7700421e-03 6.1514331e-03 8.3080328e-01 5.9922021e-03 1.0641902e-03
 1.0144640e-02 2.0087978e-01 5.0085508e-03 1.5443475e-03 6.1471062e-03
 2.3139752e-02 4.7841984e-01 2.1372257e-01 2.1837102e-02 1.4006372e-03
 1.4137535e-05],-95.84381,-112.48146,-320.84753,1.0797977,4.654394,0.9990739,0.92964697,50.968124,-54.35374,514.09894,150.88068,2.0490234,0.43210307,0.27886352,-144.51062,144.51062,[3.67426529e+01 3.21898575e+01 4.72131157e+00 7.92637444e+00
 5.14964905e+01 5.91324158e+01 4.27638092e+01 1.23124893e+02
 1.07739404e+03 5.81773400e-01 3.25133896e+01 9.65910816e+00
 1.40127146e+00 1.52419235e+02 2.12671600e+02 9.22974110e+00
 1.12294970e+01 9.24348068e+00 1.95680237e+03 4.02807587e+02
 1.98648796e+01 2.52224731e+02 2.56888000e+02 1.74099884e+01
 7.93547656e+03 4.38282871e+00 2.59920990e+02 4.38959579e+01
 8.09843636e+00 2.17458223e+04 4.09223175e+01 2.25279760e+00
 1.06073288e+02 2.89595032e+01 2.14462318e+01 1.13190109e+02
 4.00849243e+02 4.33213654e+01 2.79798950e+02 4.98376083e+01
 2.41411224e+02 4.39493561e+00 2.40612396e+02 5.75266314e+00
 3.22267029e+02 7.59135208e+01 1.05699356e+02 3.09737663e+01
 5.00442383e+02 9.67682724e+01 1.04320927e+01 2.00542539e+04
 2.11916504e+03 1.79076710e+01 8.13003113e+02 1.85039628e+00
 2.43905371e+03 4.29155908e+03 2.15392265e+01 1.07035637e+01
 3.60708618e+02 5.09689636e+01 7.00341919e+02 7.78014832e+01
 5.70933495e+01 1.16122074e+01 7.94999390e+01 5.84047966e+01
 2.46082282e+00 4.08990335e+00 6.80761572e+03 2.71964691e+02
 1.04096313e+02 8.08211441e+01 1.96487904e+00 7.25041771e+00
 5.93930847e+02 2.93143082e+01 3.92148476e+01 3.99929639e+03
 6.57491608e+01 5.38608704e+01 1.18678789e+01 1.70041809e+01
 1.09356453e+02 2.67877159e+01 9.70085144e-01 1.65271011e+02
 1.27514534e+02 6.52410583e+01 3.34937012e+03 2.51662933e+02
 1.32176895e+02 3.01977478e+02 1.11976212e+02 3.63989807e+02
 1.37288256e+01 1.60225716e+01 3.28050499e+01 4.12640381e+02
 3.16657143e+01 1.48654846e+02 2.10323853e+02 3.96658765e+03
 6.46858521e+01 9.72482147e+01 2.57167816e+01 6.11313248e+00
 8.81809937e+02 2.13488342e+02 1.87678699e+01 5.78430542e+02
 1.20960258e+02 1.51935883e+01 1.01209774e+01 2.66364670e+01
 6.09299088e+01 6.37359524e+00 1.70376190e+02 5.13779785e+02
 6.31522799e+00 5.76339483e+00 2.54518799e+02 1.09077978e+00
 1.89568291e+01 4.54970169e+00 3.11172668e+02 3.53378021e+02
 2.89003983e+01 4.61256934e+03 9.21634216e+01 7.73640347e+00
 8.70170236e-01 3.09231018e+02 1.17377907e+02 3.15867577e+01
 9.66970673e+01 7.70420990e+01 1.74058685e+02 6.34861298e+01
 1.20535446e+02 3.45266438e+00 1.25775452e+03 3.56737701e+02
 3.91877651e+00 8.17987442e+01 2.16104736e+01 1.53631287e+01
 3.84811211e+01 1.31075241e+02 8.65292511e+01 5.84587097e+02
 1.54176497e+00 4.05720367e+01 4.65014696e+00 4.68856277e+01
 2.48753164e+04 2.55437012e+01 4.28962280e+02 5.40144806e+01
 4.97598038e+01 5.55324197e-01 8.36360455e-01 8.12225464e+02
 5.49030029e+03 2.48907806e+02 2.22869930e+01 1.61250809e+02
 4.83307373e+02 7.71184540e+01 9.14904175e+01 5.54149933e+01
 4.17622772e+02 1.48276932e+02 6.23488808e+00 1.15825592e+02
 5.03267555e+01 3.36056000e+02 1.68175926e+01 1.99210617e+02
 2.14071312e+01 3.86516577e+03 1.36152637e+03 4.82670927e+00
 2.00629444e+01 3.51136536e+02 5.93539162e+01 2.37372627e+01
 1.40035057e+01 2.84647491e+02 2.08166862e+00 3.13637853e+00
 7.70930624e+00 1.15853493e+02 4.72123642e+01 8.53887200e-01
 2.19419312e+02 3.70459564e+02 2.37422424e+02 1.68612701e+02
 2.08789795e+03 7.81985626e+01 1.12133850e+02 6.53399467e-01
 5.30054512e+01 1.84592310e+03 1.01115952e+02 8.06400604e+01
 7.72441483e+01 3.38385925e+01 3.11014740e+02 6.95311546e+00
 7.19982147e+01 8.07721252e+01 4.39377051e+03 1.97692833e+01
 2.25808830e+01 9.48502159e+00 7.45699951e+02 3.52352524e+00
 2.33597984e+01 1.55035339e+02 1.01670418e+02 8.59653711e+03
 2.59162744e+03 1.52992570e+00 5.46275377e+00 9.27359390e+00
 2.30330896e+00 4.79249840e+01 1.92340317e+02 4.20528625e+02
 3.70827019e-01 8.26412695e+03 1.25360699e+01 1.31182861e+01
 7.03518200e+00 6.56154099e+01 7.74714851e+00 4.14832497e+01
 3.99159217e+00 2.01371403e+01 4.91828857e+03 6.04269524e+01
 5.53938675e+01 9.37303619e+01 1.24014380e+03 2.13081523e+04
 4.87401438e+00 1.86530507e+00 1.32156265e+02 3.45780220e+01
 3.16916809e+01 5.82194443e+01 4.49558044e+02 3.35546875e+03],975.6116,[3.54207134e+00 1.95621204e+01 4.41576767e+00 7.91385829e-01
 1.69765320e+01 3.02000031e+02 7.20391693e+01 2.98378448e+02
 4.04792145e+02 1.29170001e+00 2.42491646e+01 3.15878563e+01
 3.33562584e+01 5.86668945e+02 7.13363113e+01 1.51476612e+01
 1.38274336e+01 3.15137148e+00 1.58444763e+03 2.50654999e+02
 3.24594796e-01 7.89344635e+01 9.20041046e+01 5.55976248e+00
 2.93154199e+03 1.14726019e+00 2.38198090e+02 1.79343736e+00
 8.17017365e+00 1.08992462e+02 6.01270866e+00 5.09507561e+00
 7.32158661e+00 2.95003605e+01 5.80109787e+00 1.10278290e+02
 2.04344330e+01 3.87534599e+01 7.21482971e+02 1.81064911e+01
 1.39934402e+02 2.72676438e-01 1.58987176e+00 4.05524349e+00
 4.62295914e+01 7.13542509e+00 6.92943215e-01 2.27250347e+01
 1.43498566e+02 7.17776537e+00 2.24707451e+01 1.85358978e+02
 3.19820532e+03 2.05778861e+00 2.43476294e+03 1.35291249e-01
 5.31992676e+03 9.25500610e+02 9.82959366e+00 9.19318020e-01
 2.43810028e+02 1.65166628e+00 1.96958405e+02 2.73266663e+02
 9.50019455e+00 2.92641640e+01 3.97272606e+01 3.85815072e+00
 1.11300063e+00 4.67080259e+00 4.41474707e+03 1.44108032e+02
 2.68984558e+02 2.60765781e+01 2.87951303e+00 2.17638912e+01
 2.16886658e+02 9.16413879e+00 3.14857411e+00 4.63062549e+03
 9.94578934e+00 1.40766220e+01 5.10278778e+01 6.27107048e+00
 2.49257278e+01 4.39525127e+00 1.06792331e+00 2.01884674e+02
 7.06662781e+02 1.02120571e+01 2.54823120e+03 1.93751434e+02
 4.64660149e+01 5.28385277e+01 1.08479042e+02 2.74876740e+02
 6.22028828e+00 8.37586021e+00 2.47941685e+01 1.95042102e+03
 3.24379234e+01 2.44956341e+01 5.10528229e+02 1.17386426e+03
 5.29069519e+00 3.26032352e+00 2.41503030e-01 4.87617397e+00
 1.17566870e+03 5.88782578e+01 3.31011200e+01 6.35696106e+02
 1.24306557e+02 4.52966957e+01 4.91935921e+00 8.40380669e+00
 8.28272400e+01 3.13112755e+01 1.79884319e+01 1.08783093e+03
 2.13907671e+00 1.73886826e+02 1.00218468e+02 1.63901978e+01
 7.56969910e+01 1.60931206e+01 7.64427567e+01 3.69583855e+01
 1.58857083e+00 2.79199561e+03 8.01851196e+01 1.21274929e+01
 5.91457605e-01 6.60242737e+02 3.87957621e+00 1.05776413e+02
 2.09479866e+01 4.41421318e+01 3.67401123e+02 3.45842433e+00
 3.04585052e+02 7.48893881e+00 1.61814392e+02 5.62920288e+02
 1.43298693e+01 1.74884453e+01 5.79312754e+00 8.85225677e+01
 4.31174994e+00 1.19888481e+02 3.53117294e+01 5.93512451e+02
 4.69678879e+00 1.28171167e+01 1.22836044e+02 2.24264088e+01
 4.38773906e+04 2.28326492e+01 5.96906982e+02 7.82959843e+00
 1.65995102e+01 6.20784664e+00 1.05674064e+00 2.56174121e+03
 3.94751660e+03 1.51711472e+02 7.87278519e+01 1.86664429e+02
 1.04816483e+02 7.63862038e+00 5.24219246e+01 6.13728447e+01
 2.72334625e+02 4.84647598e+01 9.95709038e+00 5.04220123e+01
 9.73878956e+00 4.65816956e+01 3.03245506e+01 3.74180237e+02
 8.59417542e+02 8.55473083e+02 1.47023108e+03 4.06426620e+00
 1.09679794e+01 2.74393250e+02 5.70109177e+01 7.02826405e+00
 1.69650574e+01 2.61494141e+02 1.05408287e+00 1.98275590e+00
 8.34479427e+00 4.45643902e+00 1.20302591e+01 3.69679909e+01
 5.99247932e+00 1.21028328e+01 6.01896477e+00 1.84397717e+01
 2.54304092e+02 5.17195415e+00 2.29508667e+02 7.74281616e+01
 6.58474541e+00 1.58489027e+01 2.55861133e+03 1.80007324e+01
 3.45373421e+01 1.45981655e+01 5.52280884e+01 1.31906996e+01
 6.95342445e+00 6.59276676e+00 7.89516479e+02 1.36990957e+01
 3.75127563e+01 4.18680525e+00 2.28108643e+03 1.19606733e-01
 1.61230755e+01 4.73003540e+01 2.24167767e+01 3.28044580e+03
 1.11536731e+03 7.02980232e+00 6.63871155e+01 1.49064505e+00
 1.89167953e+00 1.69628353e+01 2.98319763e+02 3.39457970e+01
 2.30855465e+00 1.27596348e+04 3.99691772e+00 7.72461557e+00
 6.45963383e+00 1.63042533e+00 5.34992933e-01 1.04023315e+02
 3.46724415e+00 2.44816284e+01 3.32529004e+03 9.46469345e+01
 1.16098509e+01 2.56066303e+01 2.45287323e+02 1.76696250e+04
 2.72441244e+00 3.07830071e+00 3.92631226e+01 1.43088198e+01
 3.46405482e+00 1.25247741e+00 4.17440796e+02 2.06508960e+03],-102.81731,-161.56107,-328.4259,2.6575155,29.941626,1.0316777,0.9566468,0.01645281925201416,4355.512465715408,0.5,0.5,0.033544035528599914,0.00037069650354461784,0.033586570096447554,0.0008156400593179234,27.40991048094292,37.59999999999999,0.0,274500.0,-1.0,-830.0,750.0,11.313106060028076,275000
105.250786,0.038806815,0.11951369,0.0009952995,-104.016846,104.016846,[1.51844346e-04 2.42626341e-03 7.72748608e-03 1.11285076e-01
 6.29750013e-01 2.07802106e-04 4.43363388e-04 1.19581483e-02
 7.06023443e-03 1.40909795e-02 5.79993963e-01 4.20505647e-03
 1.43915704e-02 6.74186870e-02 5.02696540e-03 3.69222797e-02
 3.12440321e-02 7.70185655e-03 5.69377951e-02 1.13105886e-02
 3.33011290e-03 2.42683925e-02 2.41721096e-03 1.85282733e-02
 5.47579862e-03 1.03143733e-02 2.35406738e-02 6.11871071e-02
 7.46030500e-03 1.13071175e-02 4.10533138e-02 2.64663771e-02
 3.39619000e-03 1.28473774e-01 6.81762576e-01 2.03162413e-02
 4.12927428e-03 5.28141065e-03 6.21635513e-03 2.36787391e-03
 3.67646627e-02 3.19146132e-03 1.36265252e-03 1.74974315e-02
 1.76989473e-02 5.54301023e-01 1.75108854e-02 1.62858572e-02
 3.59199867e-02 1.08785764e-03 4.79670148e-03 1.96513184e-03
 3.70463659e-03 2.93705195e-01 2.10776739e-02 1.00549329e-02
 8.46550334e-04 1.40123069e+00 1.18582346e-03 3.92493568e-02
 7.12131895e-03 3.95231741e-03 1.02127241e-02 2.64459383e-03
 8.21181834e-01 5.56004159e-02 5.12880236e-02 1.46271456e-02
 1.03572300e-02 1.06299408e-02 1.85070664e-01 1.02058668e-02
 5.83161553e-03 7.03424448e-04 2.08952911e-02 1.13710444e-02
 8.26802664e-03 1.24617675e-02 4.18360144e-01 1.02365179e+01
 7.42554152e-03 9.36162192e-03 7.48064555e-03 6.23016544e-02
 5.80759160e-03 1.57615310e-03 1.20732522e+00 4.51014102e-01
 3.48820095e-03 1.66415726e-03 2.13337326e+00 1.24381408e-02
 2.43661022e+00 2.06725188e-02 8.42665508e-02 4.37929928e-01
 6.61450148e-01 2.21563410e-03 1.35119865e-03 3.20313429e-03
 4.73757181e-03 1.28454631e-02 4.56260517e-03 2.05023214e-03
 9.02262796e-03 4.66321129e-04 1.50500610e-03 4.84816693e-02
 3.67267639e-05 1.80575624e-02 2.47782618e-02 1.42621830e-01
 2.10129656e-06 1.12617910e-02 1.86823662e-02 1.37815624e-02
 6.82945102e-02 1.41608464e-02 2.85122919e+00 1.51612842e-03
 1.08093098e-02 1.13291591e-02 1.53680116e-01 1.07450390e+00
 8.38205975e-04 2.42295489e-02 6.60075014e-03 6.44204579e-03
 2.28907084e+00 8.19987443e-04 5.47585823e-02 6.72181100e-02
 9.34732892e-03 5.79322968e-03 9.98998620e-03 2.63403207e-02
 2.69598439e-02 2.44276181e-01 3.11012030e-01 2.02795549e-04
 1.04339868e-02 3.30400246e-04 3.59428674e-02 4.09232527e-01
 4.37559932e-03 6.68438897e-02 2.17990228e-03 1.72825828e-01
 2.29317117e-02 3.19062383e-03 9.39621963e-03 1.83548480e-02
 2.43879687e-02 2.56800605e-03 1.99247268e-04 1.25801368e-02
 7.58104229e+00 9.68779251e-03 3.32068801e-02 1.67135019e-02
 2.59061381e-02 4.70772851e-03 4.76816863e-01 1.06095308e-02
 4.91499761e-03 3.50384086e-01 6.61965832e-03 1.15119882e-01
 3.59420037e+00 1.60998181e-02 2.31834967e-03 9.92323831e-03
 5.77617958e-02 1.01602008e-03 4.40412499e-02 5.15297346e-04
 4.27813316e-03 2.58199498e-03 1.44599695e-02 5.55995293e-03
 2.80808473e+00 2.22305153e-02 1.08043924e-02 1.53584275e-02
 8.80974624e-03 4.01368588e-02 3.52195278e-03 5.32919765e-01
 2.19954811e-02 1.05817961e-02 2.05250066e-02 5.11460286e-03
 8.80733598e-03 7.24203710e-04 7.39070727e-03 1.35384817e-02
 1.48734311e-03 5.58073640e-01 5.97005844e-01 1.39443353e-02
 3.34096253e-01 1.09624632e-01 3.85787571e-05 6.38334220e-03
 2.04513781e-02 1.49018308e-02 8.04916397e-03 8.92203152e-02
 1.32178832e-02 9.14192386e-03 1.80618884e-03 1.75999478e-03
 5.48286131e-03 1.02990307e-03 4.71243203e-01 2.78927619e-05
 4.67468977e-01 2.87892763e-04 8.94284062e-03 3.54468897e-02
 1.33926980e-02 2.44989358e-02 1.27396942e-03 2.53352919e-03
 6.49996009e-03 1.44184148e-02 1.26024941e-03 3.72253126e-03
 2.61477865e-02 9.89021640e-03 5.10090962e-04 4.73051006e-03
 1.52890827e-03 2.17989981e-02 1.62227321e-02 8.52960628e-03
 1.10200513e-03 9.47663467e-03 2.95605540e-01 4.71731368e-03
 3.18317139e-03 1.09768044e-02 4.37096599e-03 7.05799866e+00
 1.86455809e-02 8.10838677e-03 2.27466971e-01 2.87880725e-03
 1.79100898e-03 6.58650242e-04 1.09928194e-03 1.06698319e-01
 2.02121997e+00 2.57430747e-02 1.67109370e-02 6.49181381e-03],0.2807136,[7.76441116e-03 3.33840260e-03 1.10440897e-02 1.84136629e-02
 1.80893445e+00 6.15804316e-03 1.20294327e-03 2.91142054e-03
 4.14159987e-03 4.35044803e-03 3.17445785e-01 2.38734437e-03
 8.27431772e-03 3.53352427e-02 4.68228245e-03 1.73377804e-02
 9.35588777e-03 2.42978451e-03 4.59242426e-02 1.85710378e-02
 5.14472974e-03 9.56613477e-03 6.37834333e-03 1.21428743e-02
 5.66498935e-03 1.76503472e-02 9.74730682e-03 4.68162820e-02
 1.09310122e-02 1.05856145e-02 4.77189243e-01 1.05626564e-02
 2.68469867e-03 5.42698577e-02 6.92713857e-01 1.52424239e-02
 7.56682875e-03 5.08619845e-03 1.13621410e-02 3.17314966e-03
 6.44087791e-01 1.08397854e-02 1.32135274e-02 6.30855002e-03
 4.59101470e-03 6.18690252e-01 9.12545435e-03 4.16183751e-03
 2.09829003e-01 1.48899760e-02 7.65406340e-03 1.66202039e-02
 9.28135403e-03 1.10448770e-01 2.27928907e-02 1.14478273e-02
 4.42753211e-02 1.56452924e-01 6.72213361e-03 1.63086988e-02
 8.42354633e-03 2.14417242e-02 9.15136281e-03 1.05823064e-02
 6.23844087e-01 2.35755946e-02 1.24733597e-02 1.01331715e-02
 1.09615806e-03 9.15936101e-03 1.98308825e+00 7.27773923e-03
 9.31682717e-03 6.26711734e-03 1.38564557e-02 9.81688313e-03
 2.97994935e-03 1.09947827e-02 1.21570802e+00 6.99569225e-01
 1.70011702e-03 1.29530691e-02 1.05603859e-02 5.72176129e-02
 9.42815654e-03 5.38885733e-03 1.81833339e+00 3.13193172e-01
 7.21493317e-03 7.21412711e-03 3.12797159e-01 1.92535538e-02
 2.28758201e-01 2.69120112e-02 3.79180424e-02 3.15557897e-01
 1.75530165e-01 4.95954510e-03 1.42592676e-02 1.69498520e-03
 1.12694334e-02 1.47557883e-02 1.92459859e-02 4.58654109e-03
 9.64938663e-03 1.06031802e-02 1.13040172e-02 2.32111961e-02
 5.42831514e-03 8.50279815e-03 1.04911271e-02 5.04301041e-02
 7.27894111e-03 6.82427585e-02 5.14177606e-02 1.21339876e-02
 4.98851687e-02 2.13159975e-02 1.30169916e+00 1.44462020e-03
 1.65294427e-02 1.41541868e-01 2.93578565e-01 1.09200931e+00
 1.34071521e-03 4.62016463e-03 1.63323469e-02 1.06658302e-02
 8.97967696e-01 1.57931857e-02 4.48307283e-02 3.96448597e-02
 7.79746706e-03 6.37624878e-03 1.08976969e-02 1.81591511e-02
 1.43842874e-02 4.09134656e-01 6.84003174e-01 5.83374058e-04
 5.70869772e-03 7.41669035e-04 8.65968108e-01 6.08482957e-01
 2.04841178e-02 6.26507401e-02 1.58947948e-02 1.74900070e-01
 2.59736367e-03 4.04469320e-04 4.48820367e-03 1.55673791e-02
 3.97028215e-03 4.07221634e-03 5.35265822e-03 1.85878053e-02
 1.24587715e-01 7.55467638e-03 2.10899040e-02 1.03071053e-02
 5.93902059e-02 8.48175492e-03 3.57554853e-01 5.89938695e-03
 2.04573339e-03 3.68895948e-01 7.40275439e-03 1.46214157e-01
 6.77262497e+00 6.52422290e-03 2.70852842e-03 1.82464835e-03
 4.83151339e-03 2.50189239e-03 1.73766896e-01 4.74476740e-02
 1.76406112e-02 1.63105763e-02 6.02352619e-02 1.20807914e-02
 4.14052725e-01 6.58893306e-03 1.18309353e-02 9.37775150e-03
 2.46820003e-02 3.15870009e-02 1.32248551e-02 7.06647635e-01
 8.49266164e-03 1.99509580e-02 1.40244290e-02 1.41083058e-02
 2.87906080e-03 5.47028438e-04 2.22910978e-02 7.39865983e-03
 1.34813413e-02 4.69551235e-01 2.29427838e+00 2.17881761e-02
 4.20399219e-01 4.21717733e-01 5.81359025e-03 7.44830165e-03
 1.82501748e-02 1.39859878e-02 8.08021985e-03 9.69554633e-02
 1.84510574e-02 4.13155928e-03 1.44976480e-02 5.91018517e-03
 1.01540238e-02 2.48999614e-03 5.68397492e-02 9.86999646e-03
 2.97081351e-01 7.82158785e-03 3.20139714e-03 1.44094834e-02
 1.35333631e-02 1.26783159e-02 2.25028954e-03 8.12402461e-03
 8.26437026e-03 9.81105492e-03 5.10601560e-04 4.82016942e-03
 1.36452448e-02 2.03136932e-02 1.61667429e-02 1.07909124e-02
 1.10382587e-02 2.06621811e-02 1.31353941e-02 6.62883138e-03
 1.00108155e-03 2.08775955e-03 3.42646301e-01 1.81804709e-02
 9.23428126e-03 4.49191332e-02 4.05475497e-03 7.36459541e+00
 1.27047077e-02 3.42912339e-02 2.47625306e-01 3.32549680e-03
 6.50008023e-03 1.65756717e-02 1.09703774e-02 3.69685218e-02
 2.72938991e+00 1.73137207e-02 1.62002854e-02 8.07389803e-03],-95.999535,-113.40094,-280.09174,1.079763,2.1515625,0.8612494,0.93026817,5.8206606,-6.186999,45.09432,142.57962,2.42453,0.43418264,0.30421817,-135.81326,135.81326,[2.96474171e+01 1.35053520e+01 6.63215820e+03 1.13332634e+01
 2.04990112e+02 4.98583746e+00 1.33256283e+01 3.49364128e+01
 2.26124115e+01 2.50216141e+01 4.91612988e+03 9.26442871e+02
 1.56058319e+02 1.29011879e+01 1.23377454e+00 1.05601379e+02
 1.64112797e+01 1.49158142e+03 2.08422589e+00 3.02269306e+01
 1.10472534e+02 3.58849106e+01 2.13373318e+01 1.22640137e+02
 6.63510315e+02 2.09539337e+02 6.45107651e+00 2.67236328e+00
 1.48032017e+01 2.27364845e+01 5.39375019e+00 2.31009560e+01
 4.74594593e+00 5.39281988e+00 1.22471260e+02 1.58790454e+03
 2.27843189e+01 2.29032097e+01 8.41376495e+01 2.13749638e+01
 9.96548004e+01 4.79163818e+01 5.18418091e+02 4.71641541e+02
 8.54779129e+01 6.75890884e+01 7.06560612e+00 7.18831873e+00
 1.46742821e+01 3.76978638e+02 4.74181824e+01 1.84354919e+02
 7.01801109e+00 9.39447403e+00 3.66308045e+00 2.54452400e+01
 3.49990034e+00 1.52074512e+03 3.99590187e+01 6.59529572e+01
 3.68321457e+01 8.52255096e+01 1.29813263e+02 3.92070801e+02
 4.15058060e+01 1.08489075e+01 4.22917252e+01 8.56195641e+00
 1.55423120e+03 4.14892387e+00 3.35221786e+01 2.29029541e+02
 1.34997162e+02 1.76046997e+02 1.53548317e+01 2.58924194e+02
 7.17279959e+00 4.85628510e+01 2.76839111e+02 3.41949725e+00
 3.01369238e+03 3.25131798e+01 3.19391594e+01 3.66489182e+01
 1.24795628e+01 1.92277584e+01 9.67496414e+01 1.31458527e+02
 4.19928360e+01 1.61122551e+01 2.19138470e+01 4.52702103e+01
 1.35772552e+02 2.03647251e+01 1.50404419e+03 3.26132278e+01
 8.87751694e+01 4.62892342e+00 2.89112213e+02 1.10495590e+02
 3.30142441e+01 4.60838699e+00 2.21621655e+03 5.89794846e+01
 3.88304443e+01 4.38350639e+01 1.94772987e+01 1.08343903e+02
 4.52298343e-01 5.47436218e+02 1.41924170e+03 6.31256943e+01
 1.26122227e+01 1.03811478e+02 9.41332817e+00 6.77369232e+01
 1.54980576e+02 8.20285461e+02 5.48924255e+02 4.78629379e+01
 2.00232697e+00 7.97313080e+01 1.85500360e+00 8.08150330e+01
 1.56956635e+01 4.20457916e+01 5.12402229e+01 8.78431549e+01
 3.38875961e+01 1.84849930e+01 3.64190788e+01 1.93155746e+01
 1.56252031e+01 3.23045883e+01 1.04667976e+02 5.00463600e+01
 1.49059949e+03 3.01210254e+03 1.95797653e+02 4.33853226e+01
 2.10391693e+01 3.71327362e+01 7.02585678e+01 6.12845497e+01
 1.01906128e+02 4.54701691e+01 3.18973980e+01 4.94523096e+00
 8.10797155e-01 3.86271172e+01 1.04831667e+01 5.61501503e+00
 3.24417839e+01 6.21180487e+00 3.45299263e+01 7.32719650e+01
 3.48199219e+02 8.93979931e+00 2.86986389e+01 2.89943047e+01
 5.37278605e+00 5.48845577e+00 1.27735762e+04 4.13267059e+01
 1.59234570e+03 1.11138763e+02 8.00640869e+02 3.03769341e+01
 8.07282448e+00 2.17182144e+02 1.63451061e+01 5.34196091e+00
 2.68849213e+02 1.83675293e+02 2.73137779e+01 9.56858368e+01
 2.11837939e+03 4.23083832e+02 1.08914902e+02 8.84493065e+00
 8.63811218e+02 6.06237640e+01 7.65192556e+00 2.60687622e+02
 3.74094543e+01 4.82936935e+01 8.28492661e+01 2.06529541e+01
 7.40165820e+03 8.99036050e-01 5.61808929e+01 3.01444244e+01
 9.40236628e-01 6.32869415e+01 2.84687948e+00 1.60915012e+01
 2.32363968e+02 3.49711952e+01 6.18309364e+01 5.26035522e+02
 1.71896072e+02 4.26281891e+01 2.46983738e+01 2.69469940e+02
 4.32991455e+02 6.17304785e+03 3.45991158e+00 3.03667334e+03
 3.67561340e+01 6.21357040e+01 2.12651172e+04 2.07706589e+02
 6.39706268e+01 2.19431458e+02 5.63178833e+02 2.56360378e+01
 3.06496382e+00 3.77552652e+00 2.75999878e+02 1.79892313e+00
 4.84353485e+01 1.78135090e+01 1.21168098e+01 3.98454712e+02
 6.79142380e+00 1.17077112e+01 3.51271477e+01 1.61217320e+00
 7.73696442e+01 1.70955448e+01 1.27086258e+01 2.57357941e+01
 3.23611946e+01 6.72724342e+00 2.90025665e+02 3.51673508e+01
 2.80791111e+01 1.18253448e+02 3.59007629e+02 2.04550751e+02
 5.58111343e+01 2.98050140e+02 6.96325445e+00 6.59838867e+01
 1.31600967e+02 6.04474592e+00 9.47891006e+01 2.19524829e+03
 1.90917473e+01 8.36579895e+01 1.61312160e+01 1.12596855e+01
 4.87093866e-01 3.81888855e+02 1.87621948e+02 5.83972664e+01],502.46082,[3.36733589e+01 1.51949441e+00 5.24881592e+03 2.88270454e+01
 2.51152393e+03 1.72632904e+01 1.68264937e+00 1.26413965e+01
 1.10716888e+02 4.03845787e+00 1.05487744e+03 1.65107458e+03
 1.12667923e+02 6.71456480e+00 1.60266542e+00 9.22963047e+00
 1.29689102e+01 1.01020325e+03 2.78070164e+00 2.53664818e+01
 6.97124023e+01 2.24251246e+00 1.66501923e+01 1.38145142e+02
 2.40380219e+02 1.86774597e+01 1.31360519e+00 2.46040797e+00
 2.11544228e+01 3.24920502e+01 2.29190612e+00 9.08750343e+00
 1.28630466e+01 4.28929663e+00 7.66475677e+01 6.94125366e+02
 1.41780350e+02 4.80620956e+01 9.20666809e+02 6.30332422e+00
 4.16605425e+00 3.00972626e+02 1.03350182e+02 1.34237256e+03
 5.55395794e+00 2.30114317e+00 1.68036556e+01 1.98884735e+01
 8.71993065e+00 1.79498779e+02 1.13027512e+02 3.37030602e+01
 1.45751743e+01 8.40948391e+00 3.02905178e+00 1.99771690e+01
 2.61980438e+00 3.16764893e+03 2.73319459e+00 8.01563835e+00
 1.41034288e+01 2.51176949e+01 1.17484177e+02 5.37089294e+02
 3.27298927e+00 4.88899422e+00 5.20779648e+01 7.16690898e-01
 1.52663696e+03 4.27344894e+00 1.09326763e+01 1.98287716e+01
 2.12147274e+01 5.72860413e+01 2.67259827e+01 1.13554070e+02
 1.04174652e+01 7.72758722e+00 1.14128015e+03 8.45304298e+00
 2.00442383e+03 4.08809586e+01 3.58364272e+00 2.44575143e+00
 7.66091406e-01 9.14233017e+00 1.23655975e+02 9.83547134e+01
 8.16801071e+00 1.85793533e+01 2.20677261e+01 5.79067932e+02
 7.09812698e+01 1.17787895e+01 5.29963232e+03 5.37543869e+01
 5.73214340e+01 7.66274452e-01 9.46067810e+01 4.72451599e+02
 6.01445293e+00 1.84276848e+01 2.52317041e+03 2.15927868e+01
 4.03531227e+01 4.84872866e+00 5.28703194e+01 3.38665886e+01
 2.55336714e+00 3.32512115e+02 1.54255359e+03 1.42698793e+01
 5.49257517e+00 1.64285457e+00 5.41917706e+00 2.44160156e+01
 3.15893230e+01 7.12800842e+02 8.10736389e+01 3.14253311e+01
 2.27932930e+00 1.49604740e+01 3.76976929e+01 1.81075077e+01
 4.03126144e+00 1.21713200e+01 2.43828201e+00 2.35650349e+01
 1.67666874e+01 1.96067524e+00 5.89218216e+01 3.67481303e+00
 6.99612761e+00 1.49591637e+01 6.66527634e+01 6.01037121e+00
 1.44355920e+03 2.14751562e+03 8.39906387e+01 2.20966034e+01
 1.32178288e+01 2.11867690e-01 6.38062668e+00 6.23371811e+01
 7.55816956e+01 1.29174967e+01 3.91558563e+02 1.32785723e-01
 1.69289360e+01 1.09101906e+01 1.06819315e+01 1.74525795e+01
 1.64116249e+01 1.10111876e+01 1.54682741e+01 2.99586525e+01
 1.78751541e+02 1.01069479e+01 3.45013962e+01 1.40664041e+00
 3.88632622e+01 9.97631454e+00 5.27326270e+03 8.85401993e+01
 5.39697607e+03 3.47257881e+01 2.03938965e+02 4.64258881e+01
 1.06249485e+01 2.35193436e+02 5.62801208e+01 2.05973854e+01
 6.23961182e+02 2.29068832e+01 5.42618990e+00 8.09404526e+01
 3.25548877e+03 2.54047241e+02 1.81451969e+01 6.54295623e-01
 1.46013330e+03 1.62574172e+00 1.25643349e+01 6.76936401e+02
 2.72820312e+02 3.25666016e+02 2.57995758e+02 3.58499646e+00
 6.43383984e+03 6.47468328e-01 2.26846199e+01 1.15932055e-01
 5.42342234e+00 3.26578445e+01 3.68759006e-01 2.12363110e+01
 4.82234726e+01 8.88089180e+00 3.00786419e+01 5.84298218e+02
 2.52090942e+02 4.91399622e+00 7.95067430e-01 4.15553070e+02
 6.92669983e+01 2.29818335e+03 1.71967715e-01 5.40469604e+02
 7.76984358e+00 1.59151583e+01 2.36873550e+02 1.21972418e+01
 6.64784241e+00 8.99947433e+01 2.77390503e+02 7.07418537e+00
 3.08809257e+00 1.39430976e+00 5.22259295e-01 3.90942383e+00
 5.20788330e+02 1.53636670e+00 1.57908708e-01 4.58180161e+01
 3.38867264e+01 1.02771606e+01 7.61061401e+01 4.10194683e+00
 1.50039167e+01 2.13442764e+01 1.68789810e+02 1.00767303e+02
 1.78614214e-01 1.38543165e+00 1.42701584e+02 3.70851212e+01
 1.06398621e+01 1.37990707e+02 7.54024231e+02 8.94240356e+02
 9.97761459e+01 1.45143295e+02 7.25638819e+00 1.74457226e+01
 8.83018723e+01 1.39435406e+01 5.53526163e+00 6.29962158e+02
 3.04016876e+01 2.34332790e+01 4.43376255e+00 8.80372047e+00
 9.84816074e-01 7.49215603e-01 5.32291222e+00 2.18208733e+01],-104.8409,-147.12378,-332.34702,2.2719212,15.812384,1.0558014,0.9525671,0.015104219360351563,4733.117986917496,0.5,0.5,-0.08923353182920385,0.0002705718475780299,-0.08918145178884568,0.0007287886238933756,3.710407246374421,37.59999999999999,0.0,300000.0,-1.0,-768.0,750.0,10.250417232513428,300000
105.784035,0.039385986,0.12428651,0.001091669,-104.501785,104.501785,[1.09837251e-03 1.00712506e-02 4.65587425e+00 5.14535792e-03
 6.29942305e-03 1.60168819e-02 2.05608420e-02 3.84542197e-02
 2.44129170e-03 1.05419189e-01 2.48649158e-03 2.10819533e-03
 1.06854190e-03 3.14281322e-02 6.47460693e-04 7.55379442e-03
 8.34393315e-03 2.58325450e-02 1.58306696e-02 1.57359382e-03
 3.55030894e-02 1.49852615e-02 3.59153412e-02 1.81558775e-03
 1.93786900e-02 2.57612132e-02 2.51592547e-02 5.08159213e-03
 1.89638026e-02 7.40095647e-03 1.62197128e-02 2.79019377e-03
 1.65952723e-02 3.07995267e-03 1.42974602e-02 2.98552178e-02
 8.10609479e-03 6.52574142e-03 6.73707947e-03 2.16415077e-02
 9.13799333e-04 3.78548689e-02 3.20523651e-03 4.46004141e-03
 9.20811901e-04 1.37131028e-02 4.93369430e-01 4.91875648e-01
 5.33377333e-03 2.04079561e-02 9.60124657e-02 8.97104014e-03
 3.12092621e-03 1.05332378e-02 1.43805752e-02 1.11833792e-02
 2.76360486e-04 2.57283151e-02 2.43559194e+00 3.32558644e-03
 4.18778434e-02 8.07461143e-03 3.45564960e-03 9.39501263e-03
 2.03421339e-02 1.37417507e-03 6.40316214e-03 2.77037639e-03
 1.69467134e-03 3.51369055e-03 5.44734159e-03 7.65920896e-03
 4.25095484e-03 1.36930598e-02 1.42931724e-02 1.61686931e-02
 1.18860044e-02 2.13420745e-02 3.93324569e-02 2.55136401e-03
 5.23033319e-03 3.70059349e-03 1.83254424e-02 1.57003815e-04
 2.64933566e-03 6.29552873e-03 1.44444183e-02 6.00182172e-03
 1.75970420e-03 1.53336171e-02 4.47396422e-03 2.24653929e-02
 2.43869871e-02 7.70207681e-03 5.91117702e-03 6.23646285e-03
 1.52770709e-02 4.72362735e-04 2.03285888e-02 2.64847541e+00
 6.16180524e-03 2.72237062e+00 8.19420675e-04 5.69007639e-03
 2.40880367e-03 1.15314975e-01 2.68485785e+00 5.69389714e-03
 1.69896614e-03 2.65288912e-02 4.56282496e-03 1.28610348e-02
 8.33343063e-03 7.26094609e-03 1.43852830e-02 1.15905348e-02
 8.71263072e-03 5.78204682e-03 3.59672168e-03 1.01435967e-02
 2.16125720e-03 1.19861262e-02 1.07053909e-02 2.05032527e-02
 1.12437084e-02 3.05913948e-03 7.17563182e-03 2.56126765e-02
 6.02872763e-03 1.94697685e+01 6.02646060e-02 2.94163562e-02
 3.66858914e-02 1.43428864e-02 8.03544000e-03 2.07973197e-02
 1.96127733e-03 4.77749913e-04 1.44116338e-02 6.37783716e-03
 7.39086187e-03 4.84037492e-03 1.87057033e-01 6.02354482e-03
 4.09898628e-03 1.32854462e+00 2.70252349e-04 2.10323893e-02
 5.76182222e-03 4.47365222e-03 8.11082311e-03 1.61184259e-02
 5.28043183e-03 3.83569092e-01 4.29145899e-03 3.00970506e-02
 2.02033459e-03 1.34973014e-02 2.67646313e-02 6.58235420e-03
 2.38633119e-02 1.97755639e-02 3.57380688e-01 1.31134251e-02
 1.36567801e-02 1.70255713e-02 2.00319104e-02 2.62916833e-02
 1.55916577e-02 5.42785134e-03 3.85588175e-03 1.23661468e-02
 4.72611237e+00 2.73811687e-02 1.66772436e-02 4.91075125e-03
 7.69488094e-03 1.86895505e-02 4.74661775e-03 1.39865270e-02
 8.09774175e-03 4.01217677e-03 7.31133204e-03 4.57683653e-02
 8.57980251e-01 1.24072023e-02 1.83939049e-03 2.65852734e-03
 1.21208327e-02 1.39328688e-02 1.93522731e-03 2.63088616e-03
 1.50584206e-02 5.48800128e-03 2.25472567e-03 3.14560742e-03
 1.04500275e+01 4.08290476e-01 9.09866113e-03 3.15796654e-03
 3.66337644e-03 3.59497988e-03 1.13184345e+00 1.19222496e-02
 4.89288010e-03 2.21940899e+00 1.33613143e-02 2.26353556e-02
 3.10410876e-02 8.78907181e-03 2.17425823e-02 5.64993545e-03
 6.33349800e+00 3.84117151e-03 1.64429601e-02 1.22317243e-02
 3.21652330e-02 1.00484133e-01 2.21305271e-03 6.81496598e-03
 4.82346397e-03 2.25293566e-03 3.20044928e-05 2.54087150e-02
 7.97369766e+00 1.34469554e-01 6.12678588e-04 7.62336925e-02
 3.95786837e-02 3.99109304e-01 1.46220298e-02 8.40705645e-04
 4.51526046e-02 1.13475546e-02 7.21463980e-03 3.18401605e-02
 4.66296300e-02 3.62296123e-04 2.01504994e-02 6.30320003e-03
 1.99667644e-02 1.60465464e-02 1.47441053e-03 1.62004137e+00
 3.00190505e-03 5.76471305e-03 5.80801163e-04 2.35701665e-01
 3.62118296e-02 9.66252200e-03 1.70500576e-03 1.73263311e-01
 2.35220170e+00 1.04042720e-02 3.29718040e-03 1.01253562e-01],0.23871031,[3.65511514e-04 5.52434474e-03 3.16494179e+00 8.11212522e-04
 6.69538742e-03 3.98551673e-03 1.29037825e-02 2.13592686e-02
 1.28907175e-03 7.45116100e-02 1.25444727e-02 2.33851327e-03
 1.77044189e-03 1.91184320e-02 1.92803622e-04 1.26027176e-03
 8.73082131e-03 5.85710071e-02 5.96101070e-03 1.97362155e-03
 1.33037325e-02 3.84114450e-03 3.88171896e-02 2.36034184e-03
 2.17784755e-02 1.74547788e-02 1.16195437e-02 2.24166200e-03
 1.07530765e-02 5.84786572e-03 9.89935827e-03 6.20351778e-03
 5.67339547e-03 2.57910998e-03 3.05144349e-03 2.29548719e-02
 2.61767511e-03 4.86276811e-03 4.71283973e-04 2.88666133e-03
 2.43800646e-03 4.46868762e-02 6.96318829e-03 5.29393670e-04
 1.07082073e-04 4.65262216e-03 9.89900976e-02 2.32416347e-01
 4.18492034e-03 1.44780017e-02 1.54799268e-01 7.27880187e-03
 2.81926873e-03 1.10670682e-02 1.22287162e-02 8.10914300e-03
 2.72985268e-03 2.25234613e-01 2.23231840e+00 8.43272638e-03
 7.43792281e-02 1.73719823e-02 3.35816527e-04 5.61075937e-03
 2.70788185e-02 2.97016790e-03 2.84597091e-03 4.00170125e-03
 1.82830263e-05 9.11215320e-04 1.02024199e-03 7.99706951e-03
 7.04366807e-03 1.54804513e-02 1.35785472e-02 5.66808460e-03
 3.38933244e-03 9.63604357e-03 6.13490120e-02 4.05112095e-03
 8.25774681e-04 6.27042912e-03 8.88995454e-03 2.03630701e-03
 1.07229128e-03 7.53507484e-03 4.91611240e-03 1.34762516e-03
 1.73063995e-03 8.33403505e-03 3.90125928e-03 1.49824154e-02
 1.20486915e-02 4.53786924e-04 3.48446448e-03 1.50490575e-03
 1.56914331e-02 7.62734562e-04 1.14567373e-02 7.36880779e-01
 4.99122834e-04 1.89856184e+00 1.15436548e-03 2.65285629e-03
 2.39364849e-03 1.48671284e-01 5.16298175e-01 4.08355240e-03
 4.21732257e-04 1.87417734e-02 4.47678519e-03 4.72793868e-03
 9.58233420e-03 1.02821430e-02 1.14521303e-03 6.06098212e-03
 3.53189209e-03 2.83675757e-03 1.45494798e-03 4.98347171e-03
 1.38005579e-03 6.67497283e-03 1.63065977e-02 7.44280592e-03
 3.97059228e-03 1.17393676e-04 6.70669368e-03 1.00017441e-02
 1.50970113e-03 1.48524022e+00 1.91107523e-02 1.60038862e-02
 4.71685342e-02 4.54022083e-03 5.29841892e-03 1.36763090e-04
 2.23868550e-03 5.20347059e-03 9.58696660e-03 3.06514092e-03
 1.01804035e-03 3.70971626e-03 1.57325327e-01 2.20999261e-03
 4.93642315e-03 4.68530774e-01 3.29946331e-03 2.60272250e-02
 2.71170354e-03 4.35150834e-03 1.18051022e-02 1.46383205e-02
 4.28715535e-03 2.21050531e-01 7.10678380e-03 1.14031625e-03
 2.65690964e-03 8.70047417e-03 3.62919131e-03 5.23988670e-03
 1.71766449e-02 2.36388445e-02 2.78528142e+00 2.37052748e-03
 4.71868087e-03 9.90191251e-02 2.82034725e-02 6.75625307e-03
 7.43520726e-03 2.43028998e-03 4.68475185e-03 9.38456878e-03
 1.37107566e-01 1.86239537e-02 8.48766230e-03 5.25620952e-03
 5.04966173e-03 9.95825417e-03 2.29759724e-03 1.08560473e-02
 5.98173123e-03 1.86653878e-03 8.14167969e-03 4.57199886e-02
 1.11527465e-01 1.37758264e-02 1.29210821e-03 3.63028795e-03
 6.04172656e-03 2.89812125e-03 2.82950280e-03 1.15833292e-03
 1.77300721e-02 1.02696067e-04 9.20136459e-03 2.38646660e-03
 4.01810825e-01 7.50876293e-02 5.62859885e-03 9.23101907e-04
 6.73776143e-04 2.82866508e-03 1.50714648e+00 6.59228396e-03
 5.90323284e-03 3.29099238e-01 2.89264717e-03 1.77928712e-02
 3.45557146e-02 1.47666559e-02 2.46512964e-02 3.77762620e-03
 2.01797915e+00 3.29337735e-03 6.83897920e-03 1.00161191e-02
 3.03743724e-02 5.32088429e-02 1.88987819e-04 2.35009380e-03
 6.88806549e-03 3.38956015e-05 2.48237629e-03 1.23717738e-02
 9.54307020e-02 6.26582146e-01 1.51524576e-03 2.68637110e-02
 2.34906860e-02 8.84357452e-01 1.39598018e-02 1.76677131e-04
 5.87880686e-02 8.13789386e-03 1.35336071e-04 2.07196120e-02
 8.79060626e-02 1.44349842e-03 3.60004976e-02 7.38028262e-04
 1.39372554e-02 2.62824399e-03 1.35162729e-03 2.57821798e-01
 6.36737561e-03 2.81794579e-03 1.30798132e-03 8.47899467e-02
 7.68618658e-03 1.83690456e-03 2.48620147e-03 1.73577084e-03
 8.47700953e-01 2.43945187e-03 5.43021713e-04 1.11392327e-02],-95.759926,-111.79198,-330.46948,1.0890449,4.1929708,1.0012109,0.9302863,6.1899433,-2.8556824,40.95502,137.45732,2.686169,0.42840943,0.28658238,-130.48706,130.48706,[4.13935471e+01 9.28144226e+01 5.49648666e+00 3.93335266e+01
 3.69764185e+00 1.37061000e+00 1.11961914e+04 1.47103790e+02
 1.89450378e+02 4.20037041e+01 2.98173962e+01 1.70870679e+03
 1.72417465e+02 4.62646341e+00 7.77824402e+01 4.19855042e+01
 8.49568272e+00 8.80284363e+02 1.64874935e+01 3.00390453e+01
 4.40207787e+01 2.53601456e+01 1.46674895e+00 3.93076111e+02
 2.38686256e+01 9.74697685e+00 5.44202232e+00 2.87599349e+00
 1.67027652e+00 3.82691154e+01 4.37414062e+03 2.34573593e+02
 1.68285236e+01 1.84176294e+03 2.44466782e+02 1.54350672e+01
 2.28950787e+00 4.18596029e+00 8.43226440e+02 7.66659180e+02
 3.79421501e+01 1.50737190e+00 1.10837870e+01 7.90520813e+02
 9.04382141e+02 2.57525330e+01 5.41166191e+01 1.85177402e+01
 5.54805717e+01 8.07283974e+00 1.05340862e+01 1.23074048e+03
 1.77263916e+02 1.22994595e+01 4.04065819e+01 5.10938072e+00
 2.60029449e+01 6.36643333e+01 3.20649796e+01 7.20924301e+01
 5.54578686e+00 8.27395020e+01 2.84112492e+01 1.52861304e+03
 6.58186264e+01 1.37415698e+03 1.21783862e+03 6.00346279e+00
 9.65650787e+01 2.02230011e+02 1.81247253e+01 3.16315861e+01
 1.88785038e+01 3.92343597e+01 1.62771816e+01 1.74574341e+02
 1.12368560e+00 3.45267906e+01 5.78024864e+00 2.85273376e+02
 4.60773239e+01 4.83604355e+01 2.55452559e+04 1.34710608e+01
 3.28010559e+02 1.53364410e+02 2.29910721e+02 7.11413765e+00
 7.40573311e+00 1.22859756e+02 3.33200741e+00 1.68825645e+01
 2.20896445e+04 1.50610695e+01 2.52772427e+00 5.76699305e+00
 3.04517770e+00 6.01729469e+01 4.98435974e+01 1.33607745e+00
 2.39938259e+01 2.48537006e+01 9.75369202e+02 1.13457537e+01
 1.03547516e+01 6.20922089e+01 2.25388535e+04 2.67367744e+01
 4.73691406e+02 2.65526123e+02 1.16570911e+01 6.21230841e+00
 3.63648682e+01 7.82133961e+00 6.23906250e+01 6.03310165e+01
 1.45884476e+02 6.72309647e+01 1.26568932e+02 3.89527618e+02
 1.24915349e+00 4.04571259e+02 9.96650410e+00 1.84285645e+02
 1.46788607e+01 1.26777275e+02 1.31469860e+01 1.62958031e+01
 1.97158093e+03 1.04781006e+03 1.32551624e+03 5.91392994e+00
 1.31769165e+03 1.81135118e+00 1.05379372e+01 1.83620167e+01
 7.91999359e+01 3.30099579e+02 1.90407124e+01 2.78011475e+02
 5.34202003e+01 4.42409630e+01 1.01171322e+01 2.12982845e+01
 3.11758137e+00 1.38522744e+00 4.51998174e-01 4.72342186e+01
 3.05981323e+03 3.97165146e+01 1.03560388e-01 1.20461667e+00
 3.37599220e+01 1.56413853e+00 1.95986748e+01 1.24568808e+00
 1.13682579e+02 9.78512669e+00 7.97293018e+03 1.09005666e+00
 1.16380821e+02 4.22903786e+01 1.09292252e+02 2.02452374e+01
 1.82477093e+01 2.05283508e+01 1.97685661e+01 1.98844261e+01
 1.93394935e+00 1.30473003e-01 1.21806900e+02 7.21664581e+01
 1.32373550e+02 1.08393393e+01 3.44254456e+01 8.21100342e+02
 2.14355423e+02 3.19738293e+00 1.24093353e+02 2.89067764e+01
 1.84240082e+02 1.91561719e+03 1.89013500e+01 7.59806671e+01
 5.14973221e+01 1.06391592e+01 4.59834808e+02 3.36760855e+00
 6.27053857e-01 5.56539536e+01 4.29957199e+00 4.45923996e+00
 1.24990768e+02 1.06061240e+04 3.40074646e+02 4.02749084e+02
 2.60423923e+00 1.17564631e+01 2.63755310e+02 1.09598074e+01
 1.21883011e+01 2.19032192e+01 1.72797546e+01 2.01097667e-01
 1.80450611e+01 1.74723072e+01 2.50042381e+01 8.83810425e+00
 3.70692778e+00 1.84277908e+02 2.06153464e+00 1.80121841e+02
 4.14380722e+01 6.47887497e+01 9.39640015e+02 2.49760990e+01
 1.76107068e+03 3.99971313e+01 1.26299590e+04 3.08749976e+03
 9.68926880e+02 7.16762329e+02 1.26662121e+01 3.57197714e+00
 2.39546394e+01 4.04828405e+00 2.60336533e+01 1.14679746e+04
 1.19909325e+01 4.08320999e+00 7.56556625e+01 9.08429932e+02
 4.43104858e+01 3.34351654e+01 2.85485306e+01 6.40256195e+01
 2.47502632e+01 9.58737087e+00 8.94058514e+00 1.16795120e+01
 3.90233276e+02 1.93872948e+01 5.37775024e+02 8.15403175e+00
 7.86293259e+01 5.96123596e+02 1.57025098e+03 9.71271515e+00
 1.04440125e+02 8.08289551e+02 1.70661316e+01 3.64443245e+01
 1.42962219e+02 6.60633301e+02 1.09813128e+01 3.68994637e+01],898.10474,[4.27277374e+00 2.48366213e+00 4.27630997e+00 4.83804464e-01
 2.19915714e+01 6.59794712e+00 3.68368628e+03 1.68820419e+01
 3.23061981e+01 1.53204559e+02 2.92352180e+01 2.06585251e+02
 1.13619957e+02 5.34347687e+01 8.44054184e+01 8.23688965e+01
 2.02925053e+01 8.51006714e+02 6.31716681e+00 1.95811729e+01
 2.30403671e+01 7.92202988e+01 1.17497396e+01 7.96723127e-01
 1.16467361e+02 7.20651388e+00 5.28000534e-01 2.42499352e+00
 3.86589909e+00 3.63234482e+01 8.74376221e+02 3.57026367e+01
 6.41265106e+00 7.06041260e+03 6.68106613e+01 4.01670218e+00
 3.51251030e+01 4.02665234e+00 2.09382129e+03 7.08569580e+02
 3.46121216e+01 1.01340950e-01 6.58692408e+00 6.28659607e+02
 5.33140991e+02 8.93030739e+00 1.06979246e+01 8.83322144e+00
 1.36782227e+01 2.99298644e+00 1.02299061e+01 3.36488152e+01
 2.51150799e+01 5.63440285e+01 9.18518448e+00 3.80820084e+00
 2.66446571e+01 7.26216888e+01 1.43534362e+00 2.70827484e+01
 3.03712128e+02 1.58501511e+01 2.10467186e+01 9.08648315e+02
 2.81066818e+01 2.43735400e+03 2.30581909e+02 2.17742500e+01
 8.23192215e+00 1.36300116e+01 5.41458368e+00 3.91642456e+02
 6.06070662e+00 9.42330933e+00 4.67625332e+00 1.92611908e+02
 1.05562897e+01 7.86550856e+00 6.03756762e+00 1.80105392e+02
 1.98372894e+02 2.55010185e+01 2.96404037e+01 1.86747494e+01
 2.89691345e+02 2.48986786e+02 4.32480652e+02 1.87483549e+00
 2.53462672e-01 8.73039429e+02 1.22764373e+00 1.76436653e+01
 2.94189336e+04 6.61376724e+01 1.76112902e+00 2.64072456e+01
 1.98218594e+01 2.85329247e+01 2.55311966e+01 6.01402569e+00
 7.51252985e+00 3.15908194e+00 4.39515411e+02 9.86260986e+00
 5.62615871e+00 8.86297684e+01 3.84652461e+04 2.93827667e+01
 1.48599091e+02 1.63710617e+02 4.52773428e+00 3.29869032e+00
 2.29622021e+01 7.41749927e-02 8.74658489e+00 7.81937027e+00
 5.68183403e+01 4.29362366e+02 1.48309441e+01 3.51670166e+02
 1.67160568e+01 2.15708008e+02 3.46563911e+01 1.62931091e+02
 6.68957353e-01 9.75060959e+01 1.24496222e+00 4.25076675e+00
 8.75297485e+02 3.87513245e+02 3.46043518e+02 7.53954649e+00
 5.77964966e+02 2.44391322e+00 3.00286293e+00 8.13742638e+00
 1.25941830e+01 1.68708847e+02 1.33888853e+00 1.42459457e+02
 2.24679031e+02 2.75226593e+01 4.25415897e+00 5.64449768e+01
 8.42680740e+00 3.77074165e+01 3.40889752e-01 1.78864166e+02
 3.44941626e+03 7.50547943e+01 1.24144812e+01 6.46443176e+00
 1.84127121e+01 9.69496155e+00 5.31360149e-01 8.17732275e-01
 1.11368532e+01 1.69542351e+01 4.39890137e+03 1.28141129e+00
 8.48692627e+01 7.58122559e+01 1.95020924e+01 1.66237938e+00
 1.65902653e+01 3.99203181e+00 3.66477356e+01 7.19444799e+00
 9.50307846e-01 4.26387906e-01 3.52697945e+01 1.48269272e+02
 3.19246729e+03 2.10243340e+01 2.16527271e+01 1.10679993e+03
 9.80926514e+01 1.11305275e+01 1.16441288e+01 4.49345970e+00
 1.16288254e+02 1.69769470e+03 7.76981735e+01 1.83347645e+01
 1.88543625e+01 2.77478147e+00 6.41176758e+01 1.91977763e+00
 2.07466102e+00 2.70039673e+01 7.38853812e-01 1.48546815e+00
 8.82420349e+01 3.14193652e+03 3.84726410e+02 1.46905228e+02
 2.85678887e+00 8.00351906e+00 1.11826506e+01 8.06905210e-01
 3.06495512e-03 2.30222645e+01 7.58195892e-02 2.04590750e+00
 8.08725166e+00 6.07273722e+00 6.73636246e+00 2.13040695e+01
 4.88420963e+00 1.03447952e+02 2.92755580e+00 2.97431526e+01
 3.20815706e+00 6.97540131e+01 1.99239404e+03 9.84437615e-02
 1.43228162e+03 1.24795982e+02 7.57989893e+03 4.70834521e+03
 2.22430389e+02 7.26235352e+01 3.08990459e+01 3.68980622e+00
 7.34082127e+00 4.01672888e+00 1.69447780e+00 6.04321045e+03
 1.61473351e+01 1.22819042e+01 1.11737915e+02 1.03205579e+03
 6.26849136e+01 2.17809544e+01 1.35587826e+01 3.11001854e+01
 6.37840080e+01 2.34011984e+00 9.78061676e+00 5.85080814e+00
 3.29070984e+02 3.05307503e+01 6.69848022e+02 1.54165401e+01
 1.93193264e+01 1.05044080e+03 6.46924500e+02 4.38982677e+00
 1.29214813e+02 4.16664001e+02 9.17505741e+00 2.62771358e+01
 3.47130661e+01 8.52463379e+01 1.22822247e+01 3.54528666e+00],-104.18767,-150.87631,-321.98608,2.5162125,18.750637,1.0168833,0.95440656,0.01633769426345825,5141.560379266739,0.5,0.5,0.0368731126431091,-0.0038027895607645377,0.03652772410682501,-0.005889093958670231,11.16259152367722,37.59999999999999,0.0,324750.0,-1.0,-757.0,750.0,10.29769253730774,325000
103.870384,0.033107147,0.060723763,0.0006317681,-103.23004,103.23004,[2.35209167e-02 1.47096347e-02 1.56907700e-02 1.59420958e-03
 1.25110839e-02 1.83974355e-02 1.29558332e-02 1.74760856e-02
 2.96287169e-03 1.60913207e-02 8.79459095e+00 3.12643424e-02
 4.99539834e-04 1.16746128e-01 5.82585763e-03 1.77751333e-02
 1.31245144e-03 3.17730308e-01 5.94070414e-04 2.17113756e-02
 2.22533438e-02 1.25218928e-02 7.84598663e-03 5.25350213e-01
 1.82914548e-02 2.89963298e-02 2.47291327e-02 6.63986653e-02
 5.97634427e-02 2.28896574e-03 4.43433784e-03 8.69709477e-02
 4.09132056e-03 2.75336790e+00 1.49982776e-02 3.70851532e-03
 1.03454525e-03 5.84318256e+00 3.54407635e-03 7.86639936e-03
 8.71914346e-03 4.21195896e-03 8.64902139e-03 1.59112215e-01
 6.59374148e-02 1.89241543e-01 8.92734155e-02 1.16006294e-02
 8.86043254e-03 1.82938818e-02 1.80125646e-02 1.12416251e-02
 1.23927537e-02 1.48906863e+00 4.69734566e-03 2.11464986e-02
 5.05570650e-01 1.74494013e-02 4.34283400e-04 2.53546023e+00
 1.31891053e-02 1.52044958e-02 1.93592273e-02 1.11390296e-02
 5.29160947e-02 4.00104141e-03 1.94749120e-03 1.74354464e-02
 3.35107967e-02 6.48505334e-03 1.15620531e-02 5.80190169e-03
 7.70539569e-04 2.26354171e-02 2.54643607e+00 3.42433266e-02
 4.62804288e-02 1.08396979e-02 4.96073961e-02 1.38192764e-02
 2.35224533e+00 8.57228860e-02 1.75365601e-02 5.72824210e-04
 9.48419515e-03 8.13043956e-03 1.41105428e-03 1.04227699e-02
 6.43633585e-03 1.69896483e+00 1.37640201e-02 9.49868560e-03
 1.05395382e-02 1.46472597e+00 1.72595784e-01 2.09509358e-02
 7.93896770e+00 1.74507499e+00 7.96482246e-03 1.25824679e-02
 2.62039006e-02 8.91076983e-04 1.56177115e-03 3.20503977e-03
 1.07825613e-02 1.06060905e-02 1.28599396e-02 2.19599623e-03
 9.64615215e-03 3.61180981e-03 1.12543032e-02 6.04419620e-04
 1.64047703e-02 4.95829619e-02 5.48529299e-03 5.32722799e-03
 6.15651906e-03 9.88616701e-03 1.44358985e-02 9.56620323e-04
 2.13396728e-01 1.48168898e+00 6.71925489e-03 1.20778941e-02
 4.44797985e-03 1.56214035e+00 7.90717173e-03 1.01028066e-02
 4.34094574e-03 7.21141044e-03 1.22285001e-02 3.46862003e-02
 4.09118161e-02 9.89551563e-03 9.76932198e-02 2.15600654e-02
 2.77339369e-02 1.32787451e-02 3.56405646e-01 2.34656353e-02
 4.53587063e-03 1.05612716e-02 2.10594423e-02 1.98033601e-02
 1.57651845e-02 4.31565847e-03 2.66219163e-03 3.55575371e+00
 5.91908395e-03 6.50575943e-03 4.46381420e-03 2.99507496e-03
 1.30603397e-02 1.14428382e-02 1.01847909e-02 2.65279710e-02
 6.72318367e-03 2.03806543e+00 4.13069502e-04 8.71512201e-03
 1.13475882e-02 5.61175719e-02 1.36842839e-02 1.03280712e-02
 9.15897824e-03 8.76393355e-03 3.09432950e-02 1.76321045e-02
 3.24353911e-02 2.67089866e-02 2.58921757e-02 1.92715712e-02
 4.04718332e-02 3.27410325e-02 1.90881249e-02 4.88566197e-02
 1.46621121e-02 2.90899277e-02 9.78400372e-03 1.14749146e+01
 1.43304411e-02 3.30292445e-04 1.47942156e-02 2.34738439e-02
 1.56501681e-02 3.37015698e-03 6.05714694e-03 1.50931394e-02
 3.43607366e-03 3.17653394e+00 2.59399042e-03 3.52395372e-03
 1.06509048e-02 8.96488130e-01 6.23491267e-03 3.63403410e-02
 4.14815471e-02 1.17424391e-02 9.56935622e-03 3.69706094e-01
 1.61358323e-02 7.94674549e-03 1.79313906e-02 2.04702318e-02
 8.13011639e-03 3.03602181e-02 1.67307556e-01 1.67588377e-03
 1.25302162e+02 1.12218535e+00 1.53460288e-02 2.89706793e-03
 2.06120275e-02 1.53103867e-03 8.25958559e-04 3.15185613e-03
 2.58573219e-02 4.39999683e-04 8.74813832e-03 1.50127113e-02
 1.23843681e-02 6.79836422e-02 5.02792239e-01 1.23297675e-02
 6.50042947e-03 1.45690218e-02 5.69619238e-03 6.00044072e-01
 1.18068391e-02 1.42765455e+01 9.58413165e-03 2.07233503e-02
 7.85508752e-03 1.86375603e-02 1.78769510e-03 1.44803179e-02
 9.11432318e-03 5.79383806e-04 2.17186064e-02 1.71625352e+00
 4.91961278e-03 4.73822653e-03 3.71184461e-02 1.36701660e-02
 1.10533275e-02 2.24060118e-02 1.72725879e-03 3.47287059e-02
 1.41429538e-02 2.03782357e-02 3.52182821e-03 2.03550830e-02
 7.62269087e-03 4.19422332e-03 2.01785341e-02 7.02929031e-03],0.7636216,[2.38051564e-02 1.12700798e-02 2.25170865e-03 4.13515419e-03
 1.21354666e-02 1.37143303e-02 3.74466553e-03 1.72638670e-02
 3.08894529e-03 8.92161764e-03 4.67267811e-01 4.08056788e-02
 5.13338484e-03 1.32465854e-01 7.09361816e-03 1.02395806e-02
 4.45775036e-03 2.98051143e+00 8.46192334e-03 9.71459970e-03
 2.64939070e+00 2.66532134e-03 2.78007530e-04 1.16496229e+00
 6.72618393e-03 3.85536859e-03 1.02558313e-02 8.48914832e-02
 1.51932267e-02 1.53552671e-03 7.79692200e-04 3.77553135e-01
 3.12327081e-03 3.86530447e+00 1.10856444e-02 1.66783202e-03
 1.76105276e-03 1.38366818e+00 5.93060255e-03 5.70256088e-04
 2.68084276e-03 6.24595303e-03 6.42405823e-04 2.31668025e-01
 2.25525238e-02 3.57992083e-01 1.08755350e-01 1.04282368e-02
 2.91423546e-03 8.35003238e-03 2.96459533e-03 7.44533306e-03
 1.14572588e-02 1.12277555e+00 7.70863146e-03 3.21939848e-02
 1.63323355e+00 7.06723332e-03 6.56434917e-04 2.14447945e-01
 1.00504169e-02 2.91456329e-03 1.20302960e-02 5.09787770e-03
 8.17319006e-03 4.71587852e-03 5.64548001e-03 8.26861616e-03
 9.14702378e-03 1.14806928e-03 1.17864944e-02 5.22783212e-03
 1.88922673e-03 3.03077104e-04 2.25029922e+00 5.58548048e-03
 1.44588463e-02 7.58855511e-03 1.77794956e-02 1.71484165e-02
 7.46785688e+00 7.68766761e-01 6.44683326e-03 2.76242127e-03
 3.08854715e-03 6.13007322e-03 7.15130009e-03 1.57614239e-02
 6.50220085e-04 1.54894125e+00 6.65566232e-03 2.10200623e-03
 9.90448706e-03 2.27831937e-02 4.71845269e-02 3.23576927e-02
 3.23219299e-02 1.09687614e+00 4.52286284e-03 1.78020820e-03
 1.05796205e-02 5.46962628e-03 4.31613298e-04 3.45032243e-03
 4.39117709e-03 1.08891935e-03 1.68291815e-02 2.14671739e-03
 9.78417322e-03 1.59964385e-03 8.58736504e-03 1.75055154e-02
 2.59356666e-03 2.58875359e-02 5.13978861e-03 4.13026940e-03
 1.76104647e-03 1.15870871e-02 4.73661395e-03 6.25308836e-04
 6.03874326e-02 5.08806203e-03 1.23111764e-03 1.50295682e-02
 2.72153644e-03 6.96213722e-01 1.70666771e-03 1.49862412e-02
 1.24076307e-02 5.45389252e-03 1.47274919e-02 5.45734242e-02
 6.21062890e-03 6.44642580e-03 5.43949723e-01 1.50554208e-02
 3.64148021e-02 1.06672812e-02 8.53142068e-02 4.64377590e-02
 3.62613541e-03 1.17307957e-02 5.20414906e-03 1.88408364e-02
 6.63940888e-03 2.95958132e-04 2.99127446e-03 3.57082105e+00
 6.23785798e-03 2.35780561e-03 5.38872695e-03 3.27379927e-02
 2.26012468e-02 4.22142353e-03 1.05552096e-02 8.13870411e-03
 4.59941523e-03 9.81190562e-01 6.01985725e-04 5.84318116e-03
 8.87942687e-03 2.92681586e-02 4.53288807e-03 1.19702555e-02
 4.08671610e-03 7.07728416e-03 9.66678280e-03 1.32078836e-02
 2.60231551e-02 3.22778672e-01 5.16014732e-03 6.60965312e-03
 1.08333025e-02 4.89410907e-02 1.49154952e-02 2.63687428e-02
 1.60240773e-02 3.56858689e-03 6.73256000e-05 9.79809475e+00
 1.47384498e-02 3.87539668e-03 4.32626903e-03 8.90116487e-03
 1.07509841e-04 4.14679945e-03 3.21148615e-03 7.39109097e-03
 2.60985503e-03 1.05007315e+00 3.77199263e-03 8.29624198e-03
 9.89601482e-03 8.80295515e-01 8.47132504e-03 1.62956975e-02
 1.19594976e-01 6.74346089e-03 1.58495195e-02 2.16896605e+00
 1.71052362e-03 3.01385857e-02 1.20430756e-02 8.78407247e-03
 1.46967079e-03 2.18704529e-02 6.00919276e-02 3.08749522e-03
 3.86203880e+01 3.82915473e+00 5.82507998e-02 4.84687556e-03
 1.03241745e-02 1.75499264e-03 6.12055068e-04 3.58193927e-03
 2.30598841e-02 9.61943646e-04 8.46096838e-04 3.44450213e-03
 1.35987131e-02 5.29570766e-02 5.75659931e-01 6.71213318e-04
 9.01423395e-03 5.91974799e-03 4.66638478e-03 4.16865706e-01
 1.14797875e-02 3.07890987e+00 5.53109800e-04 5.48946578e-03
 7.21220765e-03 3.06999125e-03 1.59535743e-03 6.98563829e-03
 5.77748811e-04 1.32800196e-05 6.65611923e-02 9.12993371e-01
 3.21690761e-03 2.75359047e-03 1.64077766e-02 4.43126122e-03
 1.10501237e-02 5.65766031e-03 2.77425279e-05 1.15570258e-02
 1.52040599e-02 3.40181068e-02 7.54158618e-03 2.80303117e-02
 8.09486490e-03 1.33428536e-03 2.28697481e-03 1.18338736e-04],-95.42587,-109.150116,-310.84042,1.1109362,7.6819296,1.0005286,0.93080795,2.603599,-3.7609665,75.92128,134.86186,2.3513474,0.38341904,0.31557313,-128.67633,128.67633,[6.81339355e+02 2.07334843e+01 1.45001211e+01 2.18642101e+01
 2.53083935e+01 9.39440441e+00 3.10998438e+03 3.32728271e+01
 4.33222466e+01 9.58396530e+01 2.17573318e+01 5.82097015e+01
 2.36214232e+00 6.38266792e+01 6.49735212e+00 8.60636139e+00
 6.48061142e+01 5.38993774e+02 7.87712326e+01 7.08377838e+01
 9.59553719e+00 2.05111561e+01 1.12119541e+01 1.45338501e+03
 1.30980186e+01 1.34391586e+02 1.84717369e+01 2.19581437e+00
 2.44011879e+01 1.25359302e+03 3.41560650e+00 9.53429508e+00
 3.45337701e+00 8.53557968e+01 3.43653076e+02 1.09398718e+01
 3.71654358e+02 2.55030060e+00 4.86327678e-01 1.62199234e+02
 1.46990299e+01 4.99139748e+01 3.50125885e+01 2.36707478e+01
 6.70385742e+01 3.42253375e+00 5.24969368e+01 2.40825882e+01
 6.64550171e+01 1.51831245e+01 1.32363787e+01 3.37160540e+00
 2.03797417e+01 1.65961094e+01 1.38981552e+01 3.75872894e+02
 1.95795364e+01 6.52269268e+00 2.80917072e+00 2.01414251e+00
 5.02141190e+01 1.31272497e+01 1.26277580e+02 4.60066452e+01
 2.52592063e+00 1.19997757e+02 2.28555069e+01 6.45987177e+00
 1.06338751e+00 1.02934593e+02 1.29510899e+01 4.30631332e+01
 1.72824158e+03 1.02847435e+02 1.75593300e+01 6.75203133e+00
 2.27600822e+01 5.36412525e+00 2.17900024e+02 1.23552430e+00
 1.66199097e+03 8.82322502e+00 2.25518131e+00 5.45424561e+02
 2.16237926e+01 6.74014449e-01 1.48721752e+01 9.49784660e+00
 1.23239380e+02 8.41226482e+00 3.79596424e+00 3.27526426e+00
 1.39071326e+03 1.51000696e+03 1.05589476e+01 1.60542660e+01
 3.87321594e+02 6.38877821e+00 2.00500698e+01 4.27824020e+01
 2.17287857e+02 2.48155951e-01 4.03036232e+01 9.97383881e+01
 8.71129608e+01 7.10654907e+01 6.95568008e+01 5.54735985e+01
 1.55645218e+02 6.39343910e+01 8.16682053e+01 2.17477627e+01
 2.65875149e+00 1.42823534e+01 4.19404266e+02 4.18483913e-01
 2.78683472e+01 1.17206848e+02 8.85211658e+00 8.13285065e+00
 1.73674240e+01 1.80059891e+01 1.47153795e+00 3.21762238e+01
 3.48517494e+01 1.11846094e+01 1.59629440e+01 4.01144066e+01
 7.16158724e+00 8.53323822e+01 5.23479271e+00 2.82150055e+02
 2.27199497e+01 4.09281433e+02 1.17547083e+00 6.06447716e+01
 2.64550762e+01 3.85070443e+00 4.20310593e+00 9.16228180e+01
 9.48061657e+00 2.69815845e+03 4.38340454e+02 2.26705298e-01
 1.15762695e+02 1.04709539e+01 9.48531952e+01 1.51542892e+01
 1.61094299e+02 7.81556091e+01 3.45950203e+01 2.12353851e+02
 2.18633976e+01 6.91136475e+02 7.63829956e+01 7.39658508e+02
 3.45192322e+02 4.46074575e-01 9.51726746e+02 2.15130692e+01
 4.82918167e+00 2.67034569e+01 1.04443497e+02 1.34721130e+02
 7.90825500e+01 1.09982910e+01 8.27407932e+00 2.56942505e+02
 6.41284037e+00 9.74751663e+01 2.43658199e+01 2.85510406e+01
 4.96759094e+02 1.75119457e+01 4.56845093e+01 1.44159956e+01
 7.19594097e+00 1.37575012e+03 3.93272888e+02 2.27340412e+01
 6.61790674e+03 5.27086105e+01 1.15920076e+01 3.85753632e+01
 6.96586418e+00 1.18710537e+01 1.44239844e+03 6.66820850e+03
 1.97744116e+03 4.29493561e+01 5.28014697e+03 1.39059486e+01
 7.13439331e+02 5.54378738e+01 1.31869621e+01 1.88734829e+00
 1.02814770e+01 4.08221931e+01 1.24991280e+02 1.32512436e+02
 9.15840626e+00 4.19612217e+00 3.46001291e+00 4.40877588e+03
 2.18270836e+01 9.28864479e+00 3.56813312e+00 3.35832062e+01
 5.10626251e+02 4.07745743e+01 9.45202576e+02 1.66325035e+01
 1.39018879e+01 4.21278858e+00 1.16515255e+01 4.84538391e+02
 3.77230377e+01 1.73816414e+01 4.93307520e+03 7.85591221e+00
 7.37842789e+01 2.59677429e+02 1.78487915e+03 8.94136429e+00
 3.21668530e+00 7.51812696e+00 7.35591936e+00 2.57839909e+01
 1.31458788e+01 1.97584106e+02 2.79131775e+01 4.37952042e+01
 3.22462106e+00 1.37197189e+01 4.55201874e+01 2.55648365e+01
 9.41293907e+00 1.29854798e+00 2.32956066e+01 5.72097702e+01
 3.62265816e+01 1.53864222e+01 3.05679774e+00 2.64142265e+01
 3.22224998e+00 2.55621323e+02 1.16866219e+00 1.22697456e+02
 9.28406143e+00 2.14189355e+04 2.74572811e+01 3.08375015e+01
 1.98384247e+01 1.31177101e+01 3.43582489e+02 4.54838800e+00],477.7575,[2.01440018e+02 2.61908150e+01 2.35138083e+00 5.94170380e+00
 4.40787458e+00 1.19629645e+00 4.70498901e+02 9.60375023e+00
 2.22082367e+01 6.77135897e+00 8.95132065e+00 3.30181193e+00
 3.40727973e+00 2.40630455e+01 3.85741539e+01 3.47187728e-01
 6.65222263e+00 7.91449219e+02 4.93611908e+01 5.34012909e+01
 7.34711647e-01 7.44532251e+00 4.28100395e+00 7.61312805e+02
 3.64590979e+00 4.16880310e+02 4.89446402e+00 1.85483704e+01
 7.20850039e+00 1.00726855e+03 6.08593166e-01 1.98071327e+01
 5.39325953e+00 4.27643204e+01 1.73199109e+03 8.52774353e+01
 2.57515576e+03 2.36530733e+00 2.04387932e+01 1.66727142e+02
 2.33933091e+00 6.98838329e+00 2.11610622e+01 3.00165672e+01
 2.71894598e+00 5.42650223e+00 2.56536865e+01 1.40437794e+01
 2.64089127e+01 6.34148693e+00 7.70951366e+00 4.49551761e-01
 2.74867458e+01 1.08333302e+01 6.45805693e+00 6.44213562e+02
 6.40308475e+00 1.21834974e+01 5.53945255e+00 7.33331060e+00
 3.73761559e+01 2.33608913e+00 8.67973785e+01 5.49118042e+01
 8.60621643e+00 4.19380493e+01 5.64000130e+01 3.17083812e+00
 3.14100685e+01 3.77003326e+01 4.21888113e+00 3.31323832e-01
 9.43741089e+02 1.45756683e+02 9.07059574e+00 6.88085318e+00
 4.27254105e+01 6.70609512e+01 1.93349045e+02 4.16488571e+01
 1.61877625e+03 8.71377945e+00 1.54211340e+01 3.57241150e+02
 8.65923786e+00 3.91093159e+00 8.09172821e+01 5.76892710e+00
 6.38249731e+00 5.41833830e+00 2.77332473e+00 6.43045008e-01
 1.73032983e+03 1.57428870e+03 5.01853585e-01 2.08544403e-01
 2.58394989e+02 1.12696638e+01 9.23808575e-01 3.12145748e+01
 1.31464844e+02 5.73635817e-01 4.05249214e+00 8.14394150e+01
 5.14608765e+01 6.40361691e+00 1.68383530e+02 1.04649040e+02
 7.96761322e+01 4.17013741e+00 1.88969345e+01 1.11936426e+01
 1.17365141e+01 1.58831015e+01 1.47220856e+02 5.17563915e+00
 4.64783516e+01 1.85289879e+01 2.34679031e+01 2.47927046e+00
 4.52819061e+01 2.89138718e+01 3.34597445e+00 1.37597418e+00
 9.87043228e+01 7.14558792e+01 5.86474562e+00 6.12880278e+00
 1.07558603e+01 6.10520697e+00 5.67228651e+00 1.76570816e+01
 5.11801910e+00 1.56891907e+02 7.86578655e+00 6.82666922e+00
 2.40015583e+01 2.26745868e+00 4.33179951e+00 1.32833084e+02
 8.93437042e+01 2.93075928e+02 1.84982880e+02 1.20272088e+00
 1.32321884e+02 2.47101345e+01 6.22326813e+01 2.50673103e+01
 9.98694611e+01 2.13454971e+01 7.70637655e+00 1.57588882e+02
 4.89750824e+01 8.83861267e+02 4.90756226e+01 2.12873032e+02
 5.80360657e+02 2.36787300e+01 1.06642212e+03 1.16153911e-01
 3.45458603e+01 1.70652509e+00 1.07289032e+02 5.26551533e+00
 1.31635475e+00 3.28201065e+01 3.66004205e+00 9.28941116e+01
 1.00236950e+01 5.14008808e+00 1.86478043e+00 1.10924988e+01
 2.11377502e+02 3.97364402e+00 5.40030479e+00 1.74224257e+00
 3.32414722e+00 6.83187622e+02 8.32865479e+02 1.75601120e+01
 7.51606543e+03 1.29093895e+01 1.74084721e+01 1.08505806e+02
 1.29599476e+01 3.96726966e+00 1.27011182e+03 1.46486133e+03
 1.68490747e+03 1.27301727e+02 4.51061865e+03 5.28965616e+00
 2.26367310e+02 2.37614384e+01 2.58678780e+01 2.23221391e-01
 5.37273325e-02 9.67454720e+00 3.20335808e+01 9.98020840e+00
 4.67573881e+00 1.58800054e+00 3.21315885e+00 1.88520923e+03
 9.83993149e+00 3.14787827e+01 1.64556944e+00 5.71386957e+00
 3.55628845e+02 7.48779106e+00 4.87925110e+02 4.85622883e+00
 4.80530396e+01 1.33604968e+00 1.74646549e+01 1.85563583e+02
 1.13506470e+02 3.53903694e+01 4.30297363e+03 1.70461864e+01
 5.40312462e+01 1.33208542e+02 1.81409839e+03 3.10102081e+00
 2.63044572e+00 1.77611530e+00 6.07983494e+00 3.22463188e+01
 4.89791775e+00 1.08509796e+02 3.81138229e+01 3.03310347e+00
 1.84245837e+00 1.00290918e+00 1.93687267e+01 5.87233391e+01
 2.03174629e+01 3.29174423e+00 1.62210140e+01 3.06206299e+02
 7.43355484e+01 3.60957742e-01 1.16348391e+01 2.47790680e+01
 2.79259872e+00 3.85410538e+01 7.55379200e+00 4.25910606e+01
 9.94478893e+00 2.71134336e+04 1.10161142e+01 1.58514762e+00
 8.29461575e+00 4.35041046e+00 2.57297729e+02 1.69546165e+01],-103.50116,-143.27579,-321.16547,2.3057363,21.693796,1.0411427,0.9527642,0.014777233438491822,5510.991250991821,0.5,0.5,0.04399229557987138,0.0002184282940834119,0.044015627886311526,0.0003357014496723816,36.109644101820145,37.59999999999999,0.0,349500.0,-1.0,-1254.0,750.0,11.079807996749878,350000
102.5232,0.038343396,0.05007553,0.001083479,-101.9841,101.9841,[1.64725296e-02 1.11205138e-01 9.13357913e-01 1.38130143e-01
 1.45168483e-01 1.71371505e-01 1.70827001e-01 7.71479309e-02
 2.24252835e-01 7.45850131e-02 3.26375604e-01 6.99151605e-02
 2.11777717e-01 2.22513944e-01 6.04645252e-01 1.63415119e-01
 2.24818558e-01 2.97810972e-01 2.55054627e-02 1.58758664e+00
 4.88576181e-02 2.43672371e-01 3.45159285e-02 1.65308386e-01
 1.81512058e-01 4.52225842e-02 1.39159992e-01 6.16588406e-02
 4.64087501e-02 8.86141211e-02 1.57137424e-01 2.59171501e-02
 1.53378770e-01 5.35889305e-02 1.53744295e-01 1.55086964e-01
 2.59679481e-02 8.26488957e-02 1.06942549e-01 2.44800285e-01
 1.61091626e-01 5.72533421e-02 8.22709054e-02 6.02148250e-02
 7.40254819e-02 2.32003003e-01 6.61337599e-02 3.04244757e-02
 1.52373180e-01 7.14399219e-02 1.13224626e-01 1.71207532e-01
 7.80043378e-02 8.84228498e-02 4.32938412e-02 5.85573986e-02
 1.57992929e-01 8.64024833e-02 3.38329338e-02 2.51462907e-01
 2.20180184e-01 8.98409933e-02 4.42218110e-02 1.37262747e-01
 7.58549720e-02 1.97620630e-01 2.39604339e-01 1.77725006e+02
 4.02750969e-01 1.09784745e-01 2.03317976e+00 1.78311020e-01
 8.00275356e-02 5.67052513e-02 4.29027945e-01 2.10381970e-01
 1.99991778e-01 1.14072412e-01 7.88847730e-02 1.51232347e-01
 1.61937833e-01 7.53642097e-02 4.51711603e-02 2.19002485e-01
 8.65398496e-02 8.33625197e-01 9.38506573e-02 1.86766103e-01
 6.95029199e-01 4.83079143e-02 2.54038602e-01 5.22730052e-02
 7.56939054e-02 8.54478106e-02 2.63277054e-01 5.65050393e-02
 8.38206261e-02 1.42479971e-01 3.15452851e-02 2.66341627e-01
 2.26205662e-01 1.21733427e+00 9.27910358e-02 1.92351371e-01
 7.28955939e-02 1.76813245e-01 3.26884873e-02 1.62048727e-01
 7.14682713e-02 4.77877706e-01 2.23376215e-01 1.49226069e-01
 1.50008768e-01 9.92015600e-02 1.01816639e-01 2.12758154e-01
 2.02537216e-02 2.27472574e-01 2.00211838e-01 1.24341890e-01
 1.72311187e-01 4.17687260e-02 3.89111415e-02 9.14182568e+00
 2.05232650e-01 1.50644407e-01 6.54231119e+00 1.84380352e+00
 1.59051567e-01 2.15440363e-01 2.49792729e-02 9.93526876e-02
 1.54351458e-01 2.00109035e-01 1.87804803e-01 2.30632454e-01
 1.45605493e+00 2.47708082e+00 8.32449794e-02 9.40614492e-02
 1.36485964e-01 6.94001839e-02 7.10667223e-02 1.11939497e-01
 1.94972932e-01 5.68049669e-01 7.33693093e-02 1.32535324e-01
 3.04820585e+00 2.94977009e-01 2.80640163e-02 9.10808668e-02
 4.54287171e-01 1.83949098e-01 1.12466566e-01 1.72125608e-01
 7.16933012e-02 4.42477763e-02 1.81211695e-01 7.79537857e-02
 7.48154759e-01 1.97680712e-01 2.26724386e-01 8.49693716e-02
 1.49994448e-01 2.38956034e-01 1.26117021e-01 1.60401195e-01
 6.05383664e-02 1.69984639e-01 5.10387532e-02 1.13295630e-01
 2.83867598e-01 7.53381670e-01 5.86469620e-02 8.85580555e-02
 4.34159338e-02 3.13683450e-01 1.11855060e-01 1.00356355e-01
 2.19202131e-01 2.56959856e-01 1.56084538e-01 1.48026243e-01
 2.01776326e-01 3.78722399e-02 7.18591064e-02 1.04541712e-01
 6.78456053e-02 3.62522341e-02 2.75799841e-01 1.56939781e+00
 2.02142924e-01 5.12489825e-02 1.29429474e-01 1.10839915e+00
 8.71356875e-02 3.08007360e-01 6.90293536e-02 1.14020839e-01
 7.39497709e+00 1.03135549e-01 3.85717303e-02 6.22092560e-02
 4.67247441e-02 2.40435734e-01 2.49013036e-01 1.49693787e-01
 1.11931533e-01 2.42426485e-01 1.31856337e-01 2.37242907e-01
 4.02471945e-02 1.25454426e-01 4.01181467e-02 7.11436123e-02
 1.91611089e-02 5.89838386e-01 1.45454839e-01 1.46351051e+00
 6.81622922e-02 9.69047919e-02 5.30274920e-02 1.99316517e-01
 1.07104227e-01 9.90807861e-02 2.95683909e-02 9.44158211e-02
 5.31596851e+00 4.48319577e-02 2.19962433e-01 1.86705738e-01
 9.04032141e-02 1.98323622e-01 6.17158897e-02 7.79711753e-02
 8.32560658e-02 5.94072267e-02 2.83488083e+01 3.72040495e-02
 6.70763403e-02 6.15210533e-02 6.55278750e-03 6.99486285e-02
 3.94707471e-02 1.38173014e-01 6.69186637e-02 1.27770230e-01
 4.24211398e-02 6.49246424e-02 1.10929474e-01 7.78866634e-02
 1.77723095e-02 1.95827633e-01 2.42974475e-01 5.67890257e-02],1.458097,[4.51576188e-02 1.27940580e-01 9.39777184e+00 1.25957727e-01
 1.38136372e-01 1.35039687e-01 9.97103378e-02 5.99362180e-02
 2.42831200e-01 1.05254352e-01 1.94193482e-01 6.89067692e-02
 1.49944171e-01 2.26765737e-01 3.61482954e+00 1.01748623e-01
 4.72169518e-01 1.53070438e+00 6.24358952e-02 9.42620337e-01
 1.07283026e-01 2.08387613e-01 2.94146575e-02 9.91642177e-02
 1.46450579e-01 5.95365576e-02 1.03908554e-01 7.44400620e-02
 8.23178142e-02 6.03920817e-02 1.50660634e-01 6.27815500e-02
 6.03766628e-02 9.50209200e-02 9.37610790e-02 1.36211023e-01
 4.32178099e-03 7.66193569e-02 8.18791986e-02 2.10593328e-01
 7.95954466e-02 4.57486436e-02 8.27892646e-02 6.28486127e-02
 8.23104382e-02 1.69926420e-01 5.60941026e-02 6.44947290e-02
 8.64139348e-02 3.33765931e-02 1.03855759e-01 1.31312490e-01
 9.70104262e-02 9.78888944e-02 2.83635575e-02 7.72245526e-02
 1.47870675e-01 4.90976796e-02 7.00501949e-02 1.56495675e-01
 1.87844068e-01 9.09779519e-02 7.63011128e-02 1.68308690e-01
 5.39978445e-02 1.43432230e-01 2.05604285e-01 1.12208298e+02
 3.22048128e-01 9.44387019e-02 1.55089724e+00 1.36919558e-01
 7.49984831e-02 1.85339246e-02 1.31891263e+00 2.02609718e-01
 1.57710016e-01 9.06130970e-02 1.30996093e-01 1.22699000e-01
 1.55974314e-01 7.44123384e-02 4.21416014e-02 1.52326748e-01
 8.96146223e-02 5.93638372e+00 9.39421132e-02 2.01395082e+00
 8.95166695e-01 7.23220855e-02 1.38466775e-01 7.83562884e-02
 3.19689251e-02 8.00502598e-02 1.78160071e-01 6.57038093e-02
 9.46660265e-02 8.38952363e-02 5.19820973e-02 1.51428774e-01
 2.54249752e-01 2.83335567e-01 6.00528810e-03 1.44277364e-01
 5.01569659e-02 1.70435399e-01 2.59124767e-02 1.54743999e-01
 5.18866181e-02 1.82308227e-01 1.72507197e-01 9.15770531e-02
 9.44019705e-02 6.10552952e-02 1.07457027e-01 1.39598802e-01
 6.78135604e-02 1.45676613e-01 1.67023554e-01 6.49201274e-02
 1.08971305e-01 4.42615375e-02 2.41117924e-02 1.20379391e+01
 1.77567631e-01 1.22815482e-01 1.20583820e+01 1.39160728e+00
 1.62019581e-01 2.00100720e-01 2.91846879e-02 7.55586252e-02
 8.74080360e-02 1.94342002e-01 1.62247479e-01 1.83465749e-01
 1.37952244e+00 8.85205150e-01 1.09387480e-01 5.34629598e-02
 1.12530462e-01 1.12602249e-01 7.10429400e-02 9.33860242e-02
 1.49185449e-01 1.11998582e+00 7.94289559e-02 1.09694563e-01
 5.66798091e-01 6.86339438e-01 5.26564419e-02 8.06219280e-02
 3.64384115e-01 6.84131742e-01 8.26949105e-02 1.16625488e-01
 8.92597660e-02 5.77290431e-02 1.05005190e-01 9.75399762e-02
 1.30794513e+00 1.70871288e-01 1.86452240e-01 1.00627013e-01
 1.45909116e-01 1.91123724e-01 8.00186247e-02 1.46473199e-01
 7.20681846e-02 1.42172977e-01 8.30806941e-02 1.37813389e-01
 2.32642114e-01 2.93394774e-01 5.38431406e-02 9.71486494e-02
 9.74114835e-02 1.85511649e-01 9.36059654e-02 8.74411911e-02
 1.45162791e-01 2.75568783e-01 1.36752695e-01 1.31455258e-01
 1.41331628e-01 7.66546056e-02 4.56614532e-02 8.89030397e-02
 8.33794400e-02 5.89961372e-02 2.00277358e-01 2.88927943e-01
 1.47725821e-01 1.06981620e-01 1.11808963e-01 6.83790386e-01
 1.36374637e-01 2.44654059e-01 4.71991897e-02 8.30072239e-02
 1.23900776e+01 7.02563673e-02 3.98624688e-02 7.38024265e-02
 7.54383877e-02 1.45257592e-01 1.03197706e+00 7.77806342e-02
 1.01609461e-01 1.42472893e-01 8.18716437e-02 1.33156255e-01
 2.77890619e-02 6.71831220e-02 3.62112857e-02 8.12554955e-02
 1.54702980e-02 2.71693021e-02 1.44701481e-01 4.48198140e-01
 5.47936819e-02 7.11214468e-02 4.56142016e-02 1.05712071e-01
 1.17229909e-01 9.09962952e-02 3.83955091e-02 7.50438273e-02
 3.83012891e-02 3.39012742e-02 9.42063034e-02 1.01532154e-01
 9.32127237e-02 1.79055706e-01 2.26986613e-02 7.89733231e-02
 7.34319389e-02 8.08532983e-02 3.02080154e+01 4.14654091e-02
 8.45835358e-02 6.66832253e-02 2.62682214e-02 6.69368058e-02
 7.56310225e-02 1.24025173e-01 6.03407137e-02 1.22954056e-01
 1.97085291e-02 6.40880540e-02 1.51048735e-01 1.08964711e-01
 2.85879597e-02 1.32718891e-01 1.74318820e-01 5.87649718e-02],-96.47953,-107.63078,-336.8562,1.0938873,9.39029,0.9923745,0.92936885,53.201546,-34.126427,322.82758,142.56036,2.5130556,0.415864,0.3160008,-135.88867,135.88867,[8.88644028e+00 1.37031631e+01 5.93417511e+01 9.41971054e+01
 1.02244606e+02 3.79536377e+02 1.68604810e+03 5.62672729e+02
 3.69354874e-01 7.81176186e+00 3.06315063e+02 2.82758728e+02
 7.22681808e+00 6.53381042e+01 3.59237442e+01 8.43824100e+00
 3.51249695e+02 5.83542585e-01 4.17142906e+01 5.77711725e+00
 3.96495247e+00 1.04707546e+01 1.54348736e+01 6.26238012e+00
 4.16951084e+00 4.59711879e-01 8.26748466e+00 8.84405365e+01
 3.91063156e+01 1.53169083e+02 1.18994398e+01 7.23024063e+01
 1.28412809e+01 3.54265938e+01 2.32514858e+01 9.89913635e+01
 8.99074707e+01 2.23371429e+02 1.97993542e+03 4.79595642e+02
 1.23147815e+03 3.89199951e+03 2.09129791e+01 5.22047882e+01
 1.38909149e+02 3.50836229e+00 5.75513039e+01 6.18172348e-01
 5.21029854e+01 6.81552429e+01 1.78829212e+01 3.79729401e+02
 5.26963174e-01 2.93875317e+03 1.09805267e+02 6.30512094e+00
 1.33664932e+02 6.63581360e+02 5.82472992e+00 1.52632217e+02
 2.45019035e+01 3.01765594e+01 2.77735863e+01 1.27248678e+01
 3.28203345e+03 4.42757373e+03 7.85920906e+00 3.92002335e+01
 9.00269032e+00 8.04281044e+00 5.22800796e-02 2.33411774e-01
 2.81020813e+02 1.69173121e-01 3.57387042e+00 7.24715881e+01
 1.46943116e+00 2.46787781e+02 1.00305533e+00 1.22368187e+02
 2.21940840e+04 1.09381568e+00 7.32261887e+01 1.90699368e+01
 1.30353149e+03 4.00388184e+02 3.25417358e+02 3.23004379e+01
 1.85723801e+01 1.52378271e+03 1.78478203e+01 1.20197510e+03
 2.87434753e+02 5.86335632e+02 2.66033707e+01 2.98926758e+02
 4.78384056e+01 2.05618683e+02 1.07822504e+01 5.96359497e+02
 8.85555267e+01 7.90867844e+01 2.91074467e+01 8.76035889e+02
 8.39812317e+01 7.71638823e+00 1.18016861e+02 6.79380005e+02
 3.58364773e+00 1.97539978e+01 7.86640778e+01 2.65390415e+01
 1.25099564e+01 2.27771711e+00 5.25340319e-01 2.32569824e+03
 1.37103271e+01 3.34981903e+02 3.77928810e+01 7.13171997e+01
 3.54261786e-01 3.21508598e+00 6.79925003e+01 9.21966476e+01
 1.41035833e+01 3.47813568e+01 1.85026550e+01 6.89499044e+00
 2.79058899e+02 2.16525459e+00 3.12854338e+00 5.07518768e+01
 8.41360474e+02 3.51937532e+00 1.56746912e+01 3.06157646e+01
 8.42846632e-01 1.47755493e+02 2.40359764e+01 2.39842558e+00
 4.85905121e+02 6.27959251e+01 3.20318069e+01 1.67549158e+03
 1.09103668e+02 2.06596161e+02 1.70279007e+02 1.14977676e+02
 1.90878162e+01 5.52664042e-01 1.98806259e+02 2.75556698e+01
 1.66851559e+01 2.97431641e+01 1.32751393e+00 3.50894470e+01
 3.36505938e+00 8.17551804e+00 2.42249451e+01 3.17489563e+02
 5.54516846e+02 7.87171509e+02 5.11299896e+00 4.41018799e+02
 3.73959160e+01 4.89734726e+01 4.19330454e+00 2.70581055e+02
 5.11158323e+00 2.87431488e+01 4.50587921e+01 1.32759827e+02
 1.77619057e+01 3.80919861e+02 4.35459277e+03 2.93834457e+01
 5.60358238e+00 1.77008972e+01 7.64192123e+01 1.55996399e+01
 2.25133072e+02 4.84096718e+01 5.63246460e+01 1.06734467e+01
 8.14505997e+01 2.08023457e+04 2.23777773e+04 1.44748516e+01
 1.72250729e+01 4.59169388e+01 3.64754438e+00 2.35529785e+01
 2.57685303e+02 8.20994091e+00 1.74960220e+02 3.70436102e-01
 6.56310425e+01 1.66545517e+02 9.28024826e+01 7.58185425e+01
 2.95101257e+02 9.86620117e+02 5.32849304e+02 5.79575195e+01
 2.40382812e+03 1.53647339e+02 1.13279057e+01 5.04694700e-01
 5.78892708e+01 2.24281063e+01 1.29040405e+02 5.70946106e+02
 1.56018604e+03 4.94271851e+01 5.79889526e+02 1.92639185e+03
 6.72453046e-01 8.99149323e+01 7.99593811e+01 2.92982837e+03
 1.83798877e+03 5.62846863e+02 5.03094391e+02 2.65548553e+02
 2.71456718e+01 3.58477020e+01 8.67603882e+02 4.61809387e+01
 1.11816269e+02 6.45389497e-01 4.65052567e+01 5.54357758e+01
 1.11666136e+01 1.24090815e+00 1.78722046e+03 4.34726715e+02
 2.89412280e+03 1.81730347e+01 4.30883694e+00 8.26839905e+01
 4.85581970e+01 9.18435593e+01 7.57469940e+01 2.12394829e+01
 1.68359818e+02 2.36250973e+01 7.92531281e+01 1.14474640e+02
 2.17350117e+04 2.66210365e+00 1.13077995e+02 1.35978165e+02
 5.64037323e+01 1.58762636e+01 3.59726855e+03 7.87051773e+00],718.1852,[3.58143959e+01 1.15085030e+01 2.16857529e+00 6.63278809e+01
 7.83366699e+01 3.17052246e+02 7.88032898e+02 8.49392883e+02
 2.49913826e+01 3.52217269e+00 1.20379234e+02 4.40253677e+01
 1.58496189e+00 4.41499901e+00 4.18441124e+01 2.20957589e+00
 9.24322662e+01 3.85081983e+00 1.29922028e+01 5.69415614e-02
 3.05131841e+00 1.01801624e+01 2.43938007e+01 5.35420799e+00
 1.04949868e+00 2.37516618e+00 5.75659851e+02 1.33853668e+02
 2.24096565e+01 1.83575623e+02 1.16816454e+01 2.07325531e+02
 5.58712830e+02 1.67318954e+01 3.91491394e+01 2.48855877e+01
 5.41126556e+01 7.30735703e+01 7.27822021e+02 5.43221436e+01
 5.69888367e+02 6.75740784e+02 3.71860199e+02 1.93186707e+02
 1.14114933e+01 3.04613161e+00 8.77542686e+00 2.20776138e+01
 2.23013077e+01 4.62480021e+00 4.82075930e+00 2.40681519e+02
 1.26278138e+00 1.58136377e+03 8.43703651e+00 2.49684677e+01
 1.12315018e+02 1.03136792e+03 4.42815542e+00 1.81501282e+02
 1.10199804e+01 1.78730929e+00 8.05587311e+01 2.64108734e+01
 7.07344666e+02 7.18575781e+03 3.14483452e+00 1.33705883e+01
 7.13994312e+00 5.59373093e+00 1.51997519e+01 1.61790371e+01
 3.14571472e+02 2.88447678e-01 5.80970812e+00 6.73351288e+01
 7.38186166e-02 1.17935648e+01 1.76761854e+00 2.70554321e+02
 1.29084473e+03 1.66418514e+01 2.97403698e+01 7.05544815e+01
 3.89604492e+02 7.52928619e+01 2.46560097e+01 2.79493885e+01
 1.50861340e+01 4.19869934e+02 6.74607315e+01 8.51341187e+02
 6.24883423e+02 4.64945129e+02 3.98403702e+01 9.71772995e+01
 4.25177765e+01 1.90514114e+02 1.03424416e+01 8.07717285e+01
 7.63754272e+01 3.83805351e+01 5.32343626e+00 7.49499512e+02
 6.73691702e+00 3.43644676e+01 2.84612064e+01 1.18894501e+02
 2.43461347e+00 3.20143585e+01 8.10578384e+01 4.02741051e+01
 5.30439758e+00 1.75117760e+01 5.45348823e-01 3.08674170e+03
 1.12698345e+01 1.87364340e+00 3.96350174e+01 2.60636845e+01
 3.26421404e+00 2.41910973e+01 9.07895756e+00 8.21938705e+01
 1.98913898e+01 1.44885513e+02 1.11186424e+02 2.67100887e+01
 5.00815613e+02 5.11858034e+00 6.98976612e+00 9.11545277e+00
 2.04394690e+03 4.10143967e+01 3.00885735e+01 9.31043386e-01
 1.95270348e+01 1.46491302e+02 4.83648157e+00 7.29063034e+01
 8.60346680e+01 6.11794615e+00 1.56622572e+01 1.03339462e+02
 9.99058151e+00 6.66348495e+01 2.14742859e+02 7.35849686e+01
 3.57497482e+01 1.14470434e+00 6.65849075e+01 4.27174835e+01
 3.26050609e-01 4.13513947e+01 4.32083273e+00 1.99484825e+01
 2.08654571e+00 7.34333038e+00 1.83266430e+01 2.81678497e+02
 4.47379211e+02 5.81764832e+02 1.76413460e+01 8.17311035e+02
 5.20509338e+00 6.27331238e+01 1.93630695e+00 2.89589294e+02
 1.54531991e+00 1.72099197e+02 1.01546814e+02 2.53252930e+02
 1.04332614e+00 1.44512161e+02 9.03595996e+03 5.49612923e+01
 2.20392303e+01 2.05550575e+01 2.69142853e+02 2.97583256e+01
 9.55989838e+01 3.92580872e+01 1.79385586e+01 1.34062271e+01
 1.77526264e+01 7.57875519e+01 3.81077891e+04 1.28626785e+01
 5.29127884e+01 8.80461812e-01 9.88204956e+00 2.11781907e+00
 2.27438622e+01 1.22365036e+01 5.55765305e+01 5.42672443e+00
 1.14390274e+02 1.81227989e+01 3.99786110e+01 8.18261108e+01
 7.61058960e+01 1.17463770e+03 1.71239288e+02 9.80435867e+01
 2.70584167e+02 1.08263069e+02 2.46657944e+00 1.80950470e+01
 5.18804054e+01 1.65609875e+01 2.87599792e+02 3.88444099e+01
 1.12099634e+03 2.96855599e-01 1.35822433e+02 1.12180127e+03
 2.51457834e+00 9.90955353e+01 2.93979931e+00 3.23370605e+03
 2.23808105e+03 1.24288684e+03 3.35200531e+02 5.15536987e+02
 4.36932983e+02 9.52576828e+00 9.89100525e+02 1.37057175e+02
 1.17952057e+02 5.20140505e+00 5.21091919e+01 3.25925331e+01
 1.64994446e+02 5.13833761e-01 2.69706201e+03 2.49450958e+02
 2.95855322e+03 6.26642265e+01 1.07192683e+00 2.26069992e+02
 3.26878128e+01 4.39972687e+01 3.96687050e+01 3.23286772e+00
 5.26445236e+01 2.82574524e+02 4.71979637e+01 1.35007370e+02
 2.31322308e+01 8.70882034e-01 1.13375082e+01 1.18356049e+02
 2.03641129e+01 5.73194218e+00 3.81656830e+02 5.76790886e+01],-104.61766,-148.58833,-319.9606,2.8579354,50.552883,1.0387385,0.95659775,0.016475668087005617,5922.88299202919,0.5,0.5,-0.03388175148065271,0.0005541569772105107,-0.03386970258416459,-8.819747752285228e-05,36.08338170963565,37.59999999999999,0.0,375000.0,-1.0,-756.0,750.0,11.336560010910034,375000
104.59005,0.05312248,0.09002699,0.001771396,-103.63666,103.63666,[1.39424950e-03 1.62568800e-02 3.71006841e-04 2.05133669e-03
 1.09304741e-01 1.57528043e-01 3.02829351e-02 2.48604679e+00
 2.88068914e+00 2.46850494e-03 9.97047126e-03 8.76729900e-04
 8.70552659e-03 1.38444698e+00 7.25519843e-04 5.35306893e-03
 8.92472686e-04 5.14244149e-03 1.92989130e-03 3.70975374e-03
 7.00249011e-03 6.77038729e-01 5.79171814e-03 1.63062615e-03
 1.90786691e-03 9.71990228e-02 1.42372493e-03 4.50999197e-03
 1.84606458e-03 2.84453202e-03 9.10873897e-03 8.02067202e-03
 2.33421102e-03 1.02950986e-02 8.55076592e-03 6.39667585e-02
 1.29742455e-03 3.23348418e-02 4.97871451e-03 4.02908446e-03
 4.60432423e-03 3.57769895e-03 2.06380133e-02 2.85639078e-03
 2.10369229e-02 1.07294060e-02 1.53467000e+00 4.95219661e-04
 8.67033191e-03 2.35487358e-04 1.09582930e-03 4.17892914e-03
 1.26994699e-01 7.03332946e-03 5.89037836e-01 9.22284275e-03
 1.32337969e-04 2.60507618e-03 2.47926568e-03 8.02484155e-03
 1.12858973e-02 8.30505567e-04 2.95832939e-03 7.93118868e-03
 1.74103051e-01 3.59430001e-03 1.89946927e-02 4.81722411e-03
 4.26056888e-03 1.98779494e-01 3.60898278e-03 5.42282418e-04
 9.75243933e-03 3.00656131e-04 6.69760210e-03 8.30126740e-03
 5.39863994e-03 2.41849959e-01 2.09223782e-03 1.28783397e-02
 4.61700838e-03 1.05853472e-02 2.25153044e-02 1.45329651e-03
 1.37573138e-01 2.86707561e-03 8.62655789e-03 2.69631706e-02
 3.66899243e-04 2.22691987e-03 2.38217473e+00 1.18296884e-04
 4.34426824e-03 3.67743056e-03 1.21007627e-03 3.84676689e-03
 7.78746605e-03 2.74913525e-03 6.40402082e-03 4.10551019e-03
 1.44082736e-02 1.01067079e-02 3.60014383e-06 5.80710080e-03
 7.53080100e-02 6.18528202e-03 3.45926406e-03 7.19591463e-03
 1.52541650e-03 5.40645700e-03 1.08010313e-02 6.72590104e-05
 1.46766449e-03 1.30000291e-03 2.92804211e-01 6.07945607e-04
 2.40300968e-03 4.92059648e-01 1.63294026e-03 1.55415207e-01
 2.12988467e-03 1.91988833e-02 1.10994861e-01 2.08214343e-01
 2.50065684e+00 2.19957083e-02 4.90895519e-03 6.70631230e-03
 3.60630095e-01 2.41394504e-03 7.50999339e-03 9.59550787e-04
 5.21336317e-01 4.68276702e-02 2.14885071e-01 4.92197287e-04
 7.36845843e-03 5.77416830e-03 1.45798526e-03 1.04407026e-02
 8.46721046e-03 7.49560148e-02 3.91673879e-04 4.41838335e-03
 5.84122445e-03 1.27007980e-02 1.34826479e-02 1.00290459e-02
 6.34472165e-03 1.73189249e-02 4.44624340e-03 1.60881722e+00
 5.67463739e-03 9.41090100e-03 2.79597053e-03 9.52174794e-03
 1.54236914e-03 4.30990849e-03 1.34919491e-02 9.61789954e-03
 9.96265002e-03 1.20291822e-01 2.38123653e-03 2.26051712e+00
 6.99346978e-03 4.18751873e-03 1.78205222e-03 6.74171431e-04
 2.05339137e-02 1.33713093e-02 7.74093950e-03 3.67708504e-03
 4.81444364e-03 1.12241618e-02 2.58289650e-02 1.20006269e-02
 8.19791198e-01 1.57079622e-02 9.28377919e-03 1.84475724e-03
 5.11510111e-03 7.41099007e-03 3.98202159e-04 8.27795081e-03
 8.07295460e-03 9.59944213e-04 3.01259779e-03 4.56132740e-03
 1.14075586e-01 7.86565896e-03 2.97342706e-02 3.85230454e-03
 8.36654659e-03 2.53134617e-03 7.56395340e+00 2.34872242e-03
 1.89486280e-01 1.98243320e-01 1.41255753e-02 6.15540566e-03
 9.81834412e-01 1.78302638e-02 3.30990239e-04 9.47022159e-03
 9.46106680e-04 7.24298880e-02 1.44370757e-02 1.55343534e-02
 5.93899889e-03 3.45719885e-03 7.78274436e-04 6.83485065e-04
 2.99898922e-01 9.18121576e-01 9.25523400e-01 2.49805744e-03
 1.03309043e-02 1.73803680e-02 4.08992171e-03 6.94127232e-02
 3.76033902e-01 6.41429238e-03 3.38448435e-02 4.20516776e-03
 5.95444860e-03 1.49835192e-04 2.66995979e-03 4.73881699e-03
 6.23554457e-03 7.49668013e-03 2.04106164e+00 3.21345478e-01
 4.88668960e-03 1.16322259e-03 8.11142940e-03 4.81174234e-03
 7.06133572e-03 6.21521031e-04 3.46084964e-03 8.39028716e-01
 5.55042364e-03 5.47203943e-02 7.59691238e-01 1.73133239e-03
 4.51405672e-03 2.46046390e-03 5.27285412e-03 5.81972487e-03
 1.49880769e-02 5.57809696e-03 7.05222460e-03 4.00004148e-01
 4.49787360e-03 4.98017389e-03 5.29300690e-01 3.74537008e-03],0.24344987,[1.52069202e-04 1.25534702e-02 1.24312798e-03 3.15345824e-03
 5.72258085e-02 5.70415795e-01 7.07154069e-03 2.28278375e+00
 4.61417818e+00 2.68881978e-03 2.21507670e-03 1.28196576e-03
 1.04669074e-04 7.62443617e-02 1.69779211e-02 6.43188134e-03
 6.94530923e-03 5.52233600e-04 1.04782265e-03 4.28734114e-03
 3.93158710e-03 1.27029872e+00 5.63097000e-03 1.69500848e-03
 2.56997719e-03 1.44045085e-01 3.88900563e-03 4.45291214e-03
 1.28555228e-03 3.78324254e-03 5.58249932e-03 1.42859584e-02
 2.41142069e-03 2.66103307e-04 8.56492668e-03 7.89846331e-02
 5.04144991e-04 4.37323786e-02 4.17368207e-03 4.08087950e-03
 2.09488291e-02 2.12485995e-03 2.54783058e-03 9.46233515e-04
 4.45261365e-03 5.72451577e-03 1.13556527e-01 7.14823836e-05
 3.06888309e-04 6.18401100e-04 1.18499680e-04 3.82999238e-03
 1.63738616e-02 1.08451163e-03 6.74431741e-01 7.67179579e-03
 6.42362284e-06 1.56805757e-03 2.64633680e-03 2.72968560e-02
 6.79185661e-03 2.93517718e-04 1.56753627e-03 2.04151147e-05
 2.31491718e-02 3.08367610e-03 8.68555531e-03 9.10165347e-03
 4.82885772e-03 2.22544980e+00 3.55562952e-04 9.33636911e-04
 9.86645091e-03 2.59299821e-04 1.48015120e-03 9.37570538e-03
 5.70581248e-03 2.60490319e-03 2.79605645e-03 6.96227187e-04
 7.80993723e-05 1.11817867e-02 1.86314993e-02 1.75700197e-03
 4.01619449e-02 5.05870674e-03 5.08116651e-03 1.56370223e-01
 4.29738313e-03 2.05645012e-03 1.92851698e+00 1.35812839e-03
 7.39176432e-03 8.13742355e-03 1.26937870e-03 2.18436355e-04
 1.80883557e-02 6.12758845e-03 9.25787725e-03 9.97395255e-04
 6.47026580e-03 1.00671081e-02 7.17827538e-03 4.67259111e-03
 9.11970556e-01 1.86004657e-02 4.11549211e-03 3.01783578e-03
 2.76668882e-03 6.23436086e-03 2.75036460e-03 4.32870351e-03
 1.66777754e-03 1.76691974e-04 2.63240516e-01 2.67290568e-04
 2.99527613e-03 1.44881815e-01 1.72537961e-03 2.43150681e-01
 2.37722252e-03 1.80959329e-02 1.06094897e-01 2.34293714e-01
 7.38142538e+00 1.08222393e-02 6.87805703e-03 2.54566106e-03
 1.98299959e-02 1.80155411e-03 2.87112058e-03 2.55167973e-03
 1.70483828e-01 4.23048250e-02 1.69786975e-01 3.25104129e-03
 4.86690551e-05 4.46473109e-03 7.26408064e-02 1.01075191e-02
 5.05592208e-03 1.22434743e-01 6.97677082e-04 4.42439318e-03
 5.56749757e-03 4.25865036e-03 1.69690815e-04 9.13465628e-04
 1.83533225e-03 2.49076309e-03 5.33878803e-03 6.09188139e-01
 1.12582417e-02 8.33677128e-04 3.76154715e-03 4.67525888e-03
 1.99895492e-03 5.61253075e-03 5.94839966e-03 5.52838109e-03
 6.49105117e-04 1.52187362e-01 4.15959023e-03 3.28643143e-01
 3.40823270e-03 5.22990664e-03 1.47919077e-03 3.12783814e-04
 1.64822303e-02 5.41490549e-03 4.93744062e-03 4.70675249e-03
 7.21019180e-03 2.93555716e-03 2.19401773e-02 1.66621013e-03
 1.97964203e+00 4.59249690e-03 6.43452303e-03 9.02089349e-04
 6.12572487e-03 2.59606168e-02 2.49953056e-03 9.93438531e-04
 5.99504635e-03 4.62152110e-03 2.04852270e-03 4.90009040e-03
 1.74991801e-01 3.44884419e-03 3.34137827e-02 8.88990995e-04
 6.59505650e-03 6.17996231e-03 2.07825780e-01 3.11412907e-04
 6.25751615e-02 3.89643145e+00 1.50515474e-02 6.77675533e-04
 3.09616178e-01 3.76305729e-03 1.36629678e-04 2.28581601e-04
 1.10726850e-03 2.45282575e-02 1.14745004e-02 1.55551452e-02
 3.66461487e-03 3.50604998e-04 1.50296595e-02 8.34355887e-04
 4.62268777e-02 2.55260491e+00 1.65997410e+00 6.83879480e-03
 7.17721507e-03 1.42965512e-03 1.65079231e-03 3.76505814e-02
 6.17112294e-02 1.36674875e-02 5.44957491e-03 2.78104120e-03
 6.07902650e-03 5.30198449e-04 6.92049158e-04 4.49028146e-03
 1.36794755e-04 4.39494755e-03 3.06481171e+00 5.29552817e-01
 4.18657530e-03 1.35262730e-04 1.64000914e-02 3.63323651e-03
 4.63145692e-03 5.27078239e-03 1.75537472e-03 2.71863103e+00
 7.80392671e-03 2.27019005e-02 1.16219223e+00 1.36338430e-03
 2.35129916e-03 2.61372630e-03 3.61930020e-03 4.74298745e-03
 7.50744715e-03 4.21340484e-03 1.41809788e-03 8.20114315e-02
 1.71082513e-03 3.48730525e-03 9.36441183e-01 2.61826371e-03],-96.19946,-110.61636,-312.83344,1.059871,2.3738706,1.0076311,0.92918676,10.197005,-6.7119946,61.953987,142.47522,2.2286537,0.40165398,0.299764,-136.23003,136.23003,[1.55338097e+00 4.39066391e+01 1.27380638e+01 2.68590426e+00
 1.45773201e+01 5.83862686e+00 1.10279640e+02 3.87221832e+02
 8.15144806e+01 4.89146118e+01 1.52729050e+02 1.35164627e+02
 6.25072174e+01 3.03010834e+02 2.56506012e+02 7.21571875e+00
 2.07308984e+03 4.07015753e+00 2.39388657e+02 1.32204552e+01
 2.99959221e+01 1.02395282e+03 8.50813599e+01 1.44831253e+02
 1.03846397e+02 3.39502983e+01 8.00182953e+01 1.60837378e+03
 3.59547472e+00 2.16461548e+02 4.32009792e+00 2.17330894e+01
 4.24945526e+01 2.08803711e+01 9.58536758e+01 9.06038147e+02
 3.35869598e+02 1.92969635e+02 1.47518082e+02 4.15067596e+02
 1.28438065e+02 1.30392838e+01 2.37713933e+00 2.39435287e+02
 2.80668526e+01 1.12884502e+01 6.42964859e+01 4.05393524e+01
 3.00820099e+02 2.10518188e+02 1.25047560e+01 8.87659607e+01
 2.08314180e+00 5.42224121e+01 2.12624023e+04 7.15967102e+01
 5.21278648e+01 6.66156158e+01 1.77261200e+01 4.13000565e+01
 6.18274193e+01 1.05371240e+03 7.64367523e+01 1.90819763e+02
 6.08007202e+01 1.13287158e+03 5.83044434e+02 6.17111855e+01
 7.17375040e+00 5.86188507e+01 4.43881750e+00 2.06983368e+02
 1.01274185e+02 1.99892635e+01 9.56592407e+02 5.27736168e+01
 1.63347740e+01 2.16554520e+02 1.36477203e+02 2.42707958e+01
 3.10651123e+02 3.37471771e+01 4.15582542e+01 8.55082092e+01
 1.15239395e+02 1.04267677e+02 6.22915955e+01 6.35871460e+02
 7.79378479e+02 4.73990234e+03 4.93221283e+01 1.34341145e+01
 1.39391994e+01 1.31074305e+01 2.05938843e+02 9.12389221e+01
 3.24124481e+02 1.47506547e+00 7.60141134e+00 3.35593536e+02
 2.40253662e+03 2.15433276e+03 1.54653732e+02 1.10047783e+02
 2.31092578e+03 2.43267487e+02 4.66253510e+02 5.23357391e+01
 6.40899506e+01 4.14020119e+01 5.85253239e+00 9.61766205e+01
 1.54063745e+03 1.80300674e+01 2.94915161e+02 2.04762222e+02
 5.69673462e+02 1.41128225e+01 1.32672943e+02 6.46622925e+01
 4.34968781e+02 8.77974091e+01 2.39796387e+03 3.76938965e+02
 8.23432827e+00 5.56722641e-01 2.24833889e+01 2.19530487e+01
 4.61394539e+01 6.90900391e+03 1.88371029e+01 2.90649033e+00
 3.45734558e+01 4.71578217e+01 3.10599899e+01 1.29909814e+03
 1.26209827e+03 1.78233383e+02 6.58194946e+02 1.00167382e+00
 3.21945923e+02 2.29484158e+01 8.27449977e-01 1.00749062e+02
 1.18285730e+03 5.22092590e+02 2.07265698e+03 1.25425854e+01
 7.59717712e+01 2.19945984e+01 5.30266479e+02 5.36956825e+01
 8.87584686e+00 1.61663609e+01 1.48715552e+03 2.31624680e+01
 6.41102966e+02 4.59516869e+01 5.49045105e+01 6.68604326e+00
 4.01721252e+02 5.36971760e+00 1.13857864e+02 2.29636383e+01
 1.09324487e+03 7.55838318e+02 9.67327423e+01 1.44499054e+02
 1.11010239e+02 1.03903704e+01 1.99935989e+02 2.23321797e+04
 6.69983101e+00 2.59915085e+01 3.90574379e+01 4.44561529e+00
 4.14429665e+00 3.27028008e+01 2.03118095e+01 1.39479599e+02
 3.15185108e+01 4.17459564e+01 2.70745230e+00 9.47901917e+01
 5.17094775e+03 9.76237259e+01 4.50408058e+01 4.88289928e+00
 3.30159645e+01 1.13383514e+02 3.02150764e+01 1.65417358e+02
 2.73471756e+01 9.13048458e+00 3.52034302e+02 3.45915131e+02
 1.90887476e+03 3.63282593e+02 1.78652821e+01 1.00580273e+01
 2.38822632e+01 6.10802002e+01 3.48341103e+01 6.31111002e+00
 3.87411957e+01 2.87735996e+01 5.07628489e+00 4.02514982e+00
 2.69515717e+02 2.26576135e-01 2.98666596e+00 9.10709763e+01
 6.58181458e+01 1.50881176e+01 3.21735268e+01 1.35913305e+01
 6.98398590e+01 4.87216187e+01 2.46140308e+03 3.06780205e+01
 3.50380478e+01 2.03202801e+01 7.76855713e+02 1.98249245e+00
 7.54660225e+00 2.36189484e+02 2.54809439e-01 4.49195862e+01
 4.55373871e+02 4.02613068e+00 1.19071350e+01 3.98990295e+02
 5.64158440e+00 1.71098083e+02 2.52110059e+03 4.00975019e-01
 1.26852620e+00 3.04171124e+01 3.55980568e+01 1.06849372e-01
 1.74319541e+00 1.51906929e+01 2.73877106e+01 1.32303101e+02
 7.77737854e+02 2.08321190e+01 8.14916229e+00 2.96037655e+01
 8.59749756e+02 3.12151451e+01 1.25443062e+02 2.06308098e+01
 5.47793055e+00 2.01524067e+01 2.63704254e+02 1.89672737e+01],617.139,[6.7776018e-01 9.1115007e+00 1.7308474e+00 1.8848768e+01 8.9936237e+00
 3.3408475e+00 7.0350174e+01 7.3955341e+02 8.7305222e+01 3.5223064e+01
 1.5098351e+02 3.3229779e+02 2.2543192e+02 2.4883206e+02 3.5110149e+01
 3.8477684e+01 1.7693663e+03 3.6282982e+01 1.7930490e+02 9.0913643e+01
 8.0149612e+00 1.0314552e+03 9.5148191e+00 6.9908997e+01 7.1414902e+01
 1.4274251e+01 8.4272743e+01 9.3384113e+02 2.5569611e+00 4.9524515e+02
 1.0016840e+00 1.9473583e+01 9.2543655e+01 8.8105106e+00 4.0733847e+02
 1.2916199e+03 1.8308853e+02 1.2878893e+02 8.8072296e+01 1.5649253e+03
 1.7105254e+02 4.0441116e+01 1.9393698e+00 9.1606735e+01 5.2659088e+01
 8.8412247e+01 1.6375717e+01 5.6372360e+01 3.0548395e+02 3.0703110e+02
 1.6860916e+01 1.8560062e+01 1.6786623e+01 2.2477135e-01 5.8324957e+02
 2.4979725e+01 1.8521358e+02 2.3051920e+01 2.5954285e+00 1.1745125e+01
 3.1626678e+01 9.5740002e+02 3.7430286e+01 1.5795908e+02 2.0348248e+01
 2.7942877e+02 4.4471411e+02 1.7153704e+01 3.1331654e+01 2.5219687e+02
 9.5961285e-01 1.6102338e+02 9.3534164e+01 3.3866997e+01 2.2314661e+03
 1.4009671e+01 1.5497766e+01 1.0428831e+01 5.6189949e+01 1.9215332e+01
 5.6500423e+01 1.3300836e+00 6.0516491e+00 1.9522438e+02 4.2840351e+01
 1.0860050e+03 1.0782215e+01 7.1329285e+02 7.4745288e+02 5.0000888e+02
 8.8182125e+00 6.4823470e+00 2.9522722e+01 4.2146745e+00 3.6399890e+02
 9.8890884e+01 5.2649292e+02 1.5073656e+01 7.0080438e+00 1.5737634e+02
 9.8438995e+01 3.0560168e+03 5.5532635e+02 2.7719379e+01 1.9930463e+03
 2.4620796e+02 1.4782782e+03 5.3570526e+01 4.5961919e+00 9.0994606e+01
 1.0200775e+01 2.4275703e+01 2.9793921e+02 1.9597439e+01 3.8707840e+01
 2.4070981e+02 3.3781342e+02 1.8634520e+01 6.6705345e+01 1.1988039e+00
 2.3233562e+02 6.0012165e+01 4.8745480e+00 6.1582932e+01 1.4805866e+01
 7.0904932e+00 3.0207350e+00 9.4274387e+00 2.3552048e+01 3.1200979e+03
 4.3159565e+01 6.0871468e+00 1.4594186e+01 8.4299484e+01 1.4683619e+01
 9.1971362e+02 1.6599453e+03 1.4443893e+02 8.9113182e+01 4.0477238e+00
 2.7345706e+02 8.2532135e+01 2.3424487e+00 3.8710297e+02 7.5471252e+02
 3.6566928e+02 1.9419132e+03 3.6781268e+00 2.3105806e+02 1.4665883e+01
 5.6059143e+02 1.0526276e+02 3.4776535e+01 3.1545799e+01 2.3833954e+02
 1.9985407e+01 7.6631421e+02 5.4550243e+01 1.0583643e+02 1.4362550e+00
 4.6181195e+02 2.1461571e+01 5.9429386e+01 4.1314068e+00 1.2045996e+03
 1.2334780e+03 2.0771698e+01 1.4979778e+02 3.4316944e+01 1.0396007e+02
 8.5957802e+01 3.6487977e+04 2.4183960e+00 9.2931271e+00 2.9395278e+00
 4.8369937e+00 1.3414226e+01 1.4560068e+01 1.9929688e+01 1.4228703e+02
 3.4154303e+00 4.4979267e+00 2.7925570e+00 1.1574381e+02 3.0932942e+03
 2.1667534e+01 5.2612662e+00 4.3641148e+00 3.8378273e+01 2.3012768e+01
 2.3542093e+02 5.2910355e+01 1.0012528e+01 2.2518381e+01 1.1325388e+02
 3.5811282e+02 1.5472108e+03 1.2090441e+02 1.0649078e+01 6.0345989e-01
 8.8060093e+00 2.3009015e+02 7.9185242e+01 2.5360458e+01 9.3464622e+01
 2.7503439e+01 1.6025574e+01 8.5130721e-01 3.3311383e+02 5.2520913e-01
 2.1279871e+02 5.2868317e+01 2.6452972e+01 5.6589451e+00 6.5775635e+01
 1.7669792e+01 1.6248903e+01 2.5056322e+01 2.1747739e+03 2.5110062e+01
 1.6397972e+01 1.0197077e+00 7.8436630e+01 6.2557154e+00 2.2389166e+01
 5.8291950e+01 1.1630459e+01 1.8503193e+01 1.6271216e+02 4.2995155e+01
 2.5649164e+00 2.1081047e+02 3.9250984e+01 2.3118199e+02 3.9018052e+03
 1.2885447e+00 1.4541382e+01 2.5062761e+01 2.8001366e+00 8.6111528e-01
 2.5064685e+00 2.0364594e+01 5.9936348e+01 1.7800186e+01 5.4754797e+02
 2.5519915e+00 1.1714907e+01 7.6169515e-01 3.0401091e+03 1.1936320e+01
 8.4170296e+01 1.3622788e+00 4.5882421e+00 1.7467714e+01 2.0117133e+02
 5.3630672e+00],-104.84277,-151.40273,-327.81354,2.6127539,23.081614,1.0368907,0.95876694,0.014799449310302734,6292.869263648987,0.5,0.5,-0.06021257803088233,-0.0009195098334464311,-0.06025946222366345,-0.0008666096924579686,-0.19840734700450335,37.59999999999999,0.0,399750.0,-1.0,-761.0,750.0,10.330507278442383,400000
103.69762,0.03619177,0.06831803,0.000978056,-102.97824,102.97824,[8.38790089e-03 1.34023884e-02 6.00247504e-03 1.58606619e-02
 6.23679999e-03 4.06520721e-03 6.78147256e-01 1.26057088e-01
 4.53592138e-03 2.75259372e-03 1.13835000e-02 1.18271238e-03
 1.22127784e-02 1.84299913e-03 8.70759890e-04 2.38341396e-03
 7.39411684e-03 1.89629309e-02 1.26045451e-01 1.13375932e-02
 1.44525489e-04 1.31795183e-04 6.10777922e-03 9.89359990e-03
 4.90888022e-03 5.79922320e-03 1.47642987e-03 7.47465575e-03
 2.00233795e-02 1.77914160e-03 1.51668936e-02 1.82392634e-02
 4.64451872e-03 1.93254021e-03 5.98242646e-03 5.88229066e-03
 1.47544034e-03 1.91883557e-03 2.57999655e-02 1.30616652e-04
 4.64035245e-03 3.06884816e-04 5.09925466e-03 1.55356247e-04
 8.50351353e-04 6.47946959e-03 2.03085248e-04 1.60449725e-02
 3.55690792e-02 9.97473486e-04 3.02976836e-03 7.11231306e-03
 3.31986934e-01 8.63004941e-04 1.84385432e-03 7.04756260e-01
 2.29271632e-02 2.09729839e-03 3.70407589e-02 3.57993180e-03
 4.17246763e-03 3.52658145e-03 3.23924376e-03 1.36048840e-02
 9.31162504e-05 8.17447249e-03 3.61064496e-03 3.17225326e-03
 1.27554277e-03 2.06431840e-04 5.67535963e-03 4.43048859e+00
 6.63515553e-03 8.25912517e-04 1.62657211e-03 1.70823489e-03
 3.18615930e-03 4.44160216e-03 2.61783028e+00 1.34133035e-03
 6.84104767e-03 1.51100825e-03 1.13131905e+01 5.23265958e-01
 1.49350073e-02 7.38026807e-04 3.32241133e-03 8.37649871e-03
 5.62123023e-03 9.18446109e-03 1.78519927e-04 1.68617181e-02
 8.16486310e-03 9.89404623e-04 4.72522341e-03 2.69225007e-03
 2.23948201e-03 1.75390393e-04 5.64326113e-03 4.29522293e-03
 1.46517083e-02 2.16143671e-05 1.34877935e-02 7.30579020e-03
 8.17824677e-02 2.55625020e-03 9.66812717e-04 4.99723572e-03
 2.27829139e-03 3.85385081e-02 3.88270034e-03 4.31220699e-03
 2.45948362e+00 5.65078156e-03 1.30256176e-01 1.30165950e-03
 1.96914445e-03 3.15637684e+00 9.82201565e-03 2.74127279e-03
 8.68020230e-04 7.51803219e-01 4.29803878e-03 4.80663148e-04
 4.77173403e-02 4.20003943e-03 3.46052530e-03 1.60607137e-03
 1.02697186e-01 1.51806185e-03 4.42601566e-04 2.35927524e-04
 7.28255254e-04 4.32092138e-03 5.21938363e-03 7.63060991e-03
 8.13380070e-03 3.87928740e-04 4.35975799e-03 2.15500291e-03
 8.89841318e-01 9.63395834e-03 6.75703492e-03 1.33438944e-03
 3.80727928e-03 8.37646704e-03 5.31569356e-04 7.69589901e-01
 4.09981422e-03 1.74163654e-03 1.18646473e-02 7.83693604e-03
 1.52771259e-02 6.71986118e-03 3.25905439e-03 4.41023055e-03
 3.55577357e-02 1.26421510e-04 1.70768052e-02 5.63472366e+00
 4.47552744e-03 4.15140670e-03 6.45712838e-02 9.67685715e-04
 1.36970822e-03 1.66908884e-03 1.97676290e-03 1.85716269e-03
 3.48059507e-03 2.09794170e-03 8.27667827e-04 3.49156233e-03
 1.20791397e-03 1.56625998e+00 9.45094274e-04 1.25296068e+00
 1.16345063e-02 2.26147193e-03 4.44464944e-03 3.60711128e-03
 1.16613232e-01 6.45805150e-03 1.69213233e-03 3.46063310e-03
 2.59379297e-01 2.14371586e+00 6.31124973e-02 5.23277186e-03
 7.57490343e-04 1.83370151e-02 2.38109659e-03 9.32227122e-04
 6.75220609e-01 1.57559048e-02 4.28311620e-03 1.01080188e-03
 3.55477357e+00 9.03318461e-04 1.36298746e-01 1.02335503e-02
 2.26402772e-03 1.64143112e-03 2.73488928e-03 2.71516433e-03
 7.77638168e-04 2.59093125e-03 8.24067742e-03 2.72831472e-04
 2.38444686e+00 5.08308597e-03 2.54291630e+00 6.02131942e-04
 1.06557133e-03 5.23793569e-04 1.50997948e-04 2.98942685e-01
 1.55153507e-02 1.14336871e-01 1.22744218e-03 4.26522672e-01
 2.15910398e-03 3.18416685e-04 5.32769971e-03 2.19878694e-03
 6.86491607e-03 1.89434038e-04 1.37150660e-03 3.67857097e-03
 7.87283294e-03 1.26946182e-03 1.76067627e-03 1.86469890e-02
 7.03265751e-03 4.16261517e-03 4.67385538e-03 1.90995750e-04
 1.40639674e-02 7.76589382e-04 2.62475722e-02 3.95775447e-03
 1.28910112e+00 2.21887254e-03 1.44215114e-03 1.81128234e-02
 7.59029249e-03 2.56819651e-03 3.53497011e-03 2.44168565e-02
 6.67322893e-04 2.87277520e-01 5.74565027e-04 1.08912331e-03
 8.77966106e-01 1.29230935e-02 3.95176094e-03 5.57591114e-03],0.19371241,[4.40359488e-03 2.35422049e-03 7.89107475e-03 6.24153949e-03
 1.85404252e-03 1.79149210e-03 2.67965198e-01 9.42298844e-02
 1.03427563e-03 3.24726012e-03 1.70268328e-03 1.53463986e-03
 2.21350323e-02 2.42628832e-03 3.37272026e-02 9.85337142e-03
 1.33713300e-04 2.23029647e-02 3.09432484e-02 1.60181592e-03
 1.02597661e-03 2.24742340e-03 1.98118971e-03 6.03135268e-04
 5.39963320e-03 5.65285387e-04 1.87350647e-03 1.22186658e-03
 4.54988470e-03 1.21045043e-03 1.47623010e-03 1.44818816e-02
 3.41002503e-03 4.90256725e-03 1.99498259e-03 2.27579754e-03
 2.55568838e-03 3.00799799e-03 1.52226463e-02 8.36400548e-04
 1.57681713e-03 3.95188555e-02 2.44229159e-04 2.51404988e-03
 2.24752491e-03 2.65442440e-03 9.08018276e-03 1.46347494e-03
 3.48635227e-03 2.80777947e-03 2.00296380e-03 7.78015610e-03
 5.37092745e-01 5.67535078e-03 1.74998213e-03 1.42605186e+00
 1.99378859e-02 2.52189720e-03 4.05706652e-03 1.91958621e-04
 4.06837417e-03 2.82945693e-04 7.38338393e-04 2.63509732e-02
 5.25664829e-04 6.21521426e-03 3.45754763e-03 9.45283216e-04
 2.91564094e-04 4.36033029e-03 1.78329647e-03 3.39679450e-01
 1.21885503e-03 3.00669624e-03 2.08940450e-03 2.28915131e-03
 2.77208048e-03 6.85031060e-03 8.62687469e-01 1.09759904e-03
 7.37249898e-03 1.96414301e-03 5.62538326e-01 4.68787521e-01
 3.81013611e-03 4.22858866e-04 2.72687059e-03 2.23653228e-03
 5.46875549e-03 8.61115812e-04 2.23548012e-03 4.07978706e-03
 1.33865722e-03 7.65382499e-03 2.50310637e-04 1.70656107e-03
 3.04361456e-04 5.21605508e-03 5.94209973e-03 5.12955058e-03
 7.19363149e-03 8.60506902e-04 2.50873808e-03 1.03941597e-02
 3.55563723e-02 5.16947359e-03 3.03727435e-03 2.10341904e-03
 3.54338903e-03 8.66808114e-04 5.64419013e-03 3.84225394e-03
 1.40774369e+00 4.67276294e-03 1.14481360e-01 3.48754809e-04
 3.04651749e-03 2.78251022e-01 2.43009627e-03 2.76956311e-03
 1.60685345e-03 7.76464343e-01 7.40445638e-03 1.32773700e-03
 2.68699020e-01 1.51427509e-03 1.86719447e-02 8.53893161e-03
 2.36352324e-01 1.99427316e-03 1.12309726e-03 4.94207349e-03
 7.84864277e-03 2.77365581e-03 1.34486239e-03 5.74987102e-03
 6.72119786e-04 6.51569664e-03 5.82381664e-03 6.16855267e-03
 4.78216028e+00 2.82135257e-03 1.41823702e-02 5.13641455e-04
 5.07156923e-03 4.90675401e-03 3.05167516e-03 6.40015677e-03
 1.02941785e-03 5.57606807e-03 7.21718557e-03 1.00009586e-03
 1.31555060e-02 1.34538645e-02 1.12975948e-03 3.54466634e-03
 7.33015127e-03 1.05669536e-03 6.07176917e-04 3.25472808e+00
 6.51181675e-04 7.18522537e-03 6.80538313e-03 8.17970431e-04
 3.82278627e-03 2.46730167e-03 5.94804715e-03 7.39943993e-04
 7.14822067e-03 5.69841312e-03 5.19884191e-03 3.96049535e-03
 4.17189579e-03 2.76383698e-01 5.08508272e-03 2.48268321e-02
 2.39801244e-03 2.12710630e-03 3.76660284e-03 3.44029954e-03
 1.73804909e-01 1.27000473e-02 1.18846330e-03 8.03577993e-03
 4.21231240e-02 1.58420146e+00 1.00441249e-02 5.05864760e-03
 2.75502615e-02 1.13040034e-03 3.85267031e-03 1.17634353e-03
 2.69283414e-01 1.84856262e-02 6.46393932e-03 1.00041938e-03
 1.28258064e-01 1.14480183e-02 8.81787837e-02 1.11543080e-02
 9.13118769e-04 2.60103261e-03 2.52418499e-03 2.21595960e-03
 2.88100028e-03 4.31812659e-04 3.36995209e-03 2.13184394e-03
 1.83871120e-01 4.69470397e-03 7.38169774e-02 4.79577808e-03
 2.17210539e-02 1.49033242e-03 8.17862165e-04 4.52301443e-01
 8.89022183e-03 1.60316920e+00 8.75800103e-03 4.59506735e-02
 3.06601403e-03 5.13979816e-04 5.16407378e-03 2.87205284e-03
 1.72719592e-03 2.04750244e-03 1.75878638e-03 2.44314712e-03
 2.11177301e-03 2.82995636e-04 1.93688343e-03 1.69847328e-02
 1.02427462e-03 1.65946223e-03 2.01417832e-03 6.80221058e-03
 1.93970520e-02 4.66537720e-04 7.63135999e-02 5.63573651e-03
 2.41268778e+00 6.17553992e-03 1.97257195e-03 6.83559384e-03
 4.79641953e-04 4.65537980e-03 4.69160313e-03 4.39643720e-03
 2.28530541e-03 1.14844823e+00 2.58721272e-03 3.65263806e-03
 1.16758890e-01 1.75776170e-03 4.20634355e-03 8.61700717e-03],-96.779236,-109.894135,-311.60742,1.0735923,1.9550912,1.0039573,0.92998326,3.3719358,-2.320242,27.88224,147.66096,2.5289638,0.40963912,0.3289075,-141.03561,141.03561,[1.56974646e+03 6.09288254e+01 1.63855057e+01 2.87230892e+01
 6.05153370e+00 1.01049179e+02 7.04382038e+00 1.63224542e+00
 8.67091492e+02 2.24849487e+02 3.33219814e+00 4.19171104e+01
 1.40889221e+02 9.75595627e+01 1.43482056e+01 3.65214729e+01
 2.94452393e+02 2.70651321e+01 1.78185211e+02 3.19273560e+02
 4.54157837e+02 2.85738794e+03 5.67230186e+01 7.24301529e+00
 1.74085140e+01 2.23987236e+01 1.98971664e+02 1.12938492e+02
 6.35534477e+01 8.31981754e+00 6.73756653e+02 1.86520706e+02
 7.95104126e+02 3.67421509e+02 1.15204029e+01 3.13346497e+02
 8.97177734e+01 1.29474670e+02 5.44409131e+03 1.24667688e+03
 1.01805878e+02 8.70867004e+01 5.59847679e+01 5.74001465e+02
 1.00146584e+02 2.61464481e+01 6.13440247e+02 7.77827606e+01
 3.49321213e+01 2.20453796e+01 3.64312401e+01 1.46391327e+02
 3.06189178e+02 2.84381604e+00 2.06431543e+04 8.65424347e+00
 8.31031990e+00 1.45791687e+02 5.38620186e+00 1.51251478e+01
 4.92711914e+03 1.94965405e+03 7.35708984e+02 1.93421574e+01
 3.63950539e+01 2.91613617e+02 1.32842960e+01 2.98538971e+01
 6.47784119e+01 7.03505173e+01 1.65743820e+02 9.15768127e+01
 2.34822998e+03 2.22588438e+04 1.28167973e+01 1.28552723e+00
 1.79579220e+01 1.33279800e+02 3.82406387e+01 2.26715515e+02
 3.15607662e+01 5.02983826e+02 1.76591064e+02 2.08074448e+02
 1.74143356e+02 1.98587322e+01 5.40896759e+01 4.51900125e-01
 8.31417274e+00 2.47239838e+01 3.92081618e-01 2.21483906e+04
 1.02113426e+00 9.83907471e+01 3.88977814e+01 4.86601944e+01
 2.38735565e+02 3.39496851e+00 1.01711647e+02 7.36878586e+00
 5.54560738e+01 1.45908499e+00 1.91632307e+00 3.36468781e+02
 6.61632919e+01 5.88854713e+01 2.55247241e+03 1.08185875e+02
 4.53837109e+00 1.07862671e+03 4.05502653e+00 4.04696838e+02
 3.03799763e+01 4.38957262e+00 3.41014557e+01 3.02108955e+01
 2.14173019e+02 2.79893188e+02 2.11910229e+01 2.34329300e+01
 2.60730190e+01 3.23236465e+01 7.25139008e+01 8.05917931e+00
 1.03480771e+04 2.14485474e+01 3.68686342e+00 1.15189362e+00
 3.03645081e+02 7.71931000e+01 4.30193901e+00 8.31717606e+01
 2.15003564e+03 2.17537070e+04 6.84953232e+01 3.69546013e+01
 7.27397705e+02 5.54880905e+00 7.33143188e+02 1.12340843e+02
 3.47067857e+00 9.00075378e+01 9.04318714e+00 1.61345749e+01
 8.26020630e+02 1.19559002e+01 1.69630280e+02 2.40937531e+02
 7.89751892e+01 1.52348003e+01 2.27432129e+03 1.10967369e+02
 8.44507217e+00 4.10972290e+01 1.61012299e+02 8.54685688e+00
 2.13122985e-04 1.27433578e+02 4.09019470e+01 6.01662369e+01
 4.92704071e+02 4.04739136e+02 2.92380280e+02 2.06217545e+02
 8.38401001e+02 1.26919495e+02 7.59571865e-02 3.72496979e+02
 1.60601111e+03 2.61890125e+01 2.55012573e+03 5.27897682e+01
 4.92483215e+01 2.91841850e+01 8.50485718e+02 1.00481421e+03
 1.40354340e+02 2.04594004e+04 6.30142746e+01 3.92511520e+01
 7.25921509e+02 6.05372429e+00 1.22745255e+02 1.75551927e+00
 3.13462402e+03 2.65973717e-01 2.13211945e+02 3.37018219e+02
 3.35042419e+01 7.01971283e+01 1.12702656e+00 1.34407898e+02
 9.67832642e+02 9.35151367e+02 2.57823925e+01 1.48846765e+03
 3.90913086e+01 2.13903313e+01 1.04674091e+01 5.88477783e+02
 2.03966284e+00 6.05903091e+01 3.78774309e+00 4.07445431e+00
 1.01048393e+02 2.37348541e+02 2.96781464e+01 7.58294556e+02
 2.72728577e+01 6.30046753e+02 2.27401009e+01 8.29006910e-01
 9.77359985e+02 1.70830887e+02 6.90577240e+01 1.40414762e+01
 4.30576752e+02 2.81063976e+01 1.19306046e+02 1.50200357e+01
 2.15566376e+02 1.00168896e+00 1.58688951e+00 7.49239075e+02
 2.34715576e+01 3.07965576e+02 1.12225361e+01 7.24695146e-01
 2.70810928e+01 4.71009369e+01 3.07070751e+01 3.77577057e+01
 2.81541138e+01 2.64465599e+01 6.48374481e+01 1.81154480e+01
 2.95900879e+01 7.19356995e+01 8.15299332e-01 1.66232662e+01
 1.24989899e+02 2.15490234e+04 1.98639786e+02 3.64188306e+03
 3.22370415e+01 3.44618645e+01 1.15591393e+02 1.54428136e+00
 4.69663353e+01 1.93269482e+01 8.88682365e+00 7.58670044e+00
 5.61972809e+00 1.10778625e+02 3.33008919e+01 1.06328754e+01],1385.0255,[1.74429443e+03 1.25678768e+01 3.16165943e+01 2.50464993e+01
 2.09519215e+01 3.22582340e+00 9.90084534e+01 5.26434708e+00
 9.22468445e+02 7.53338623e+02 2.30679035e-01 3.58919716e+01
 1.10788757e+02 8.67017288e+01 2.61823893e-01 7.86604462e+01
 3.46206879e+02 6.09999180e+00 8.84901657e+01 3.66469431e+00
 4.15223312e+01 2.22838403e+03 4.00631065e+01 3.38562546e+01
 1.84034312e+00 1.10042458e+01 1.82314636e+02 1.36870972e+02
 8.15931702e+00 2.40675879e+00 1.50371109e+02 1.07103394e+03
 6.36379761e+02 1.22390610e+02 2.74049830e+00 4.91863060e+01
 2.39750862e+01 9.70107483e+02 2.42986206e+03 1.04804114e+03
 6.32648010e+01 6.33870178e+02 5.71469212e+00 7.52533569e+02
 2.14359894e+02 2.51482391e+01 8.11494690e+02 1.56625259e+02
 8.57365417e+00 6.15685797e+00 5.64373970e+01 1.57914963e+01
 1.30407276e+01 4.82861221e-01 1.07594109e+05 4.52767181e+00
 1.36681852e+01 7.11174088e+01 1.08662479e-01 1.31691498e+02
 1.47814014e+03 4.32763135e+03 1.08753064e+03 4.84925880e+01
 4.19305191e+01 1.77850128e+02 1.12129283e+00 1.39389000e+01
 9.47845001e+01 2.14145050e+02 1.45961807e+02 1.57444029e+01
 1.64560645e+03 1.11895996e+04 3.17465153e+01 4.04114962e+00
 1.13998222e+01 1.31569328e+01 2.57053490e+01 1.05778183e+02
 2.04800491e+01 6.63817505e+02 3.34217163e+02 1.45084595e+02
 6.16751099e+02 7.23536205e+00 6.97889948e+00 6.56339765e-01
 1.37735844e+01 2.80560589e+01 3.10828495e+00 1.06775220e+03
 1.46505141e+00 4.05913506e+01 5.85833054e+01 5.14895897e+01
 4.52852516e+01 3.92832232e+00 1.37379059e+02 6.98678637e+00
 4.23719635e+01 1.41399825e+00 1.17114592e+00 1.47775421e+02
 7.79915619e+01 4.20293808e+01 2.65762305e+03 1.63520355e+01
 1.51231861e+00 3.41494812e+02 4.34834023e+01 2.23358691e+03
 2.71135330e+01 2.76139374e+01 1.26376282e+03 1.18455160e+00
 6.93595276e+01 2.44567612e+02 1.71599317e+00 7.84994507e+00
 1.75149727e+01 1.25940918e+02 2.38471584e+01 1.46387804e+00
 1.02877324e+04 8.90561390e+00 6.12563610e+00 1.30729580e+00
 1.30118484e+02 1.48648941e+02 1.44476051e+01 5.88794098e+01
 1.63143347e+03 5.54119766e+04 7.50562820e+01 1.75377426e+02
 1.98217529e+02 7.12934351e+00 3.59729126e+02 1.04079053e+03
 5.13028763e-02 3.87271919e+01 7.05425491e+01 5.25839996e+00
 3.06602356e+02 8.15523338e+00 2.47674847e+00 1.68560257e+02
 5.65822315e+00 2.80244648e-02 2.12334424e+03 1.10309509e+02
 2.21288013e+00 2.81112137e+01 7.62828827e+01 1.39999795e+00
 4.87254486e+01 1.13690081e+01 3.82872009e+02 3.39519310e+01
 1.89809448e+02 5.25790100e+01 3.02764496e+02 1.53887573e+02
 1.22747803e+03 1.56836939e+01 1.00576944e+01 1.55949402e+02
 3.43837891e+03 1.03238144e+01 2.57671313e+03 7.77890320e+01
 3.09532905e+00 2.42007756e+00 1.39072241e+03 2.10514258e+03
 5.13498116e+01 4.38330078e+01 4.15605087e+01 5.68303986e+01
 1.48475000e+03 2.41835332e+00 1.34092529e+02 4.52359691e-02
 3.46301611e+03 1.93102348e+00 1.07609253e+02 1.43020065e+02
 3.21148949e+01 4.70557800e+02 1.00514622e+01 1.69951370e+02
 4.09821686e+02 1.27872078e+02 1.58594122e+01 4.09463440e+02
 3.88020554e+01 1.45951824e+01 1.61198463e+01 1.62151703e+02
 2.07067490e+00 2.21280499e+01 2.55309010e+01 3.87819710e+01
 6.79740238e+00 1.59148483e+01 3.60293350e+01 4.85822510e+02
 5.91992615e+02 7.36627991e+02 2.11814308e+01 4.96818590e+00
 1.98187598e+03 1.01994652e+02 1.37110535e+02 4.69914019e-01
 2.84687225e+02 3.68247299e+01 6.25475922e+01 9.98926926e+00
 1.62392712e+01 1.23296881e+00 2.69434757e+01 6.03159607e+02
 1.66322632e+01 3.59608551e+02 5.16822147e+00 5.58142543e-01
 2.68138046e+01 3.80826630e+02 1.22805777e+01 2.28880882e+00
 1.02088735e-01 1.49045935e+01 4.17614975e+01 4.05418217e-01
 1.04771500e+02 1.92225937e+02 6.02697492e-01 3.45227194e+00
 3.31730614e+01 3.61485863e+01 1.01518379e+02 4.73270605e+03
 1.57901537e+00 1.09661636e+01 5.59555969e+01 8.90780067e+00
 2.58895206e+01 1.55773453e+02 5.67438173e+00 7.75612879e+00
 2.16164520e+02 1.61434135e+01 3.02126312e+00 1.03180893e+02],-104.25523,-155.25508,-334.4126,2.449584,23.304527,0.98678684,0.956632,0.01671868681907654,6710.8364634513855,0.5,0.5,-0.01296525466040868,-0.002477299954356101,-0.012954247620730702,-0.0002280213142284339,7.289069614366049,37.59999999999999,0.0,424500.0,-1.0,-1096.0,750.0,10.42747163772583,425000
104.09726,0.043676015,0.06674679,0.00079393963,-103.386116,103.386116,[5.51979477e-03 1.80916116e-02 7.84177259e-02 3.04525020e-03
 1.16715813e+00 4.40939236e-03 2.92356014e-01 1.42069524e-02
 1.99120119e-02 7.23464563e-02 2.37719412e-03 1.37481056e-02
 1.69990328e-03 5.45417611e-03 3.43646026e+00 7.97935389e-03
 1.61292385e-02 5.48125291e-03 6.00999407e-03 7.42065534e-03
 1.60883088e-03 4.57258476e-03 8.77660930e-01 2.79058760e-04
 6.51836395e-02 9.85119864e-03 1.90956593e-01 9.39776422e-04
 2.35257903e-03 6.03135326e-04 5.98598085e-03 1.93958404e-04
 1.41972005e-01 1.70244067e-03 1.15852403e-02 4.16760240e-03
 1.86645659e-03 2.02724878e-02 9.20044724e-03 2.31441557e-01
 9.12941433e-03 5.23415655e-02 1.31277659e-04 9.04375128e-03
 1.31125832e-02 2.58258078e-03 1.56204507e-03 1.46449376e-02
 6.18789252e-03 3.05229425e-03 9.81347752e-04 1.85212796e-03
 5.89346467e-03 5.07031195e-02 3.23010445e-01 6.67828252e-04
 2.37194169e-03 2.09589712e-02 1.25704706e-03 2.58918875e-03
 1.31077059e-02 2.17316137e-03 1.51937259e-02 1.88498269e-03
 7.39824492e-03 3.29252938e-03 2.01030932e-02 8.79413933e-02
 7.01413723e-03 1.61225232e-03 1.05729103e-01 1.08280987e-03
 6.39994070e-03 6.62142318e-03 4.98410702e+00 1.93322860e-02
 2.09027342e-03 1.72643680e-02 6.83400873e-03 3.01095773e-03
 5.93358874e-02 1.13991394e+01 1.05585810e-02 3.06072794e-02
 2.13603163e-03 2.34929934e-01 5.99461561e-03 3.32569680e-03
 7.55948946e-03 1.78335160e-02 7.99828582e-03 7.22585060e-03
 3.75495628e-02 1.83215383e-02 6.91864863e-02 1.47655280e-03
 5.58225536e+00 8.59764591e-03 4.07109968e-03 5.58561683e-02
 1.88122392e-02 2.38187145e-03 9.78545472e-03 8.64471961e-03
 1.32344896e-03 6.68138824e-03 1.47049157e-02 1.86899677e-03
 1.72750127e+00 6.61478266e-02 9.58686695e-03 1.47545692e-02
 3.91267997e-04 8.46902002e-03 1.31108351e-02 1.32040353e-04
 9.45112854e-03 4.90569890e-01 2.52155866e-02 2.46598907e-02
 1.87950442e-04 4.02757525e-03 2.22243126e-02 2.89931208e-01
 2.30289325e-02 2.03674706e-03 2.08840966e-02 2.70916638e-03
 2.07175128e-02 7.00797558e-01 4.75358784e-01 2.16049366e-02
 8.60821735e-03 4.08293027e-03 5.56127405e+00 1.24715483e-02
 1.15314797e-02 4.36845055e+01 5.22301756e-02 1.29823042e-02
 2.44909860e-02 2.10650787e-01 7.92546198e-03 6.17555454e-02
 3.42514925e-03 1.80620681e-02 3.07700515e-01 1.43350121e-02
 9.63818841e-03 2.13854597e-03 6.80288851e-01 9.68489289e-01
 4.79769544e-04 2.01492105e-03 5.58068696e-03 1.57200433e-02
 1.53285339e-02 1.77802872e-02 1.19122695e-02 2.17772857e-03
 1.67959859e-03 2.02344861e-02 1.70440180e-03 9.81453992e-03
 2.17143167e-03 7.88125396e-03 3.60561430e-01 8.26839730e-03
 1.88281089e-02 3.26062832e-03 2.53761977e-01 1.55259101e-02
 7.44334236e-03 3.00199818e-02 1.73827522e-02 8.25108960e-03
 4.01164341e+00 4.76658856e-03 2.09751073e-03 1.18543841e-02
 4.37984951e-02 1.42476829e-02 1.14695001e+00 1.44416292e-03
 2.44293880e+00 1.10649108e-03 2.15955835e-04 2.13496108e-03
 6.01220317e-03 1.56343561e-02 5.32080978e-03 1.25668291e-03
 1.31069366e-02 6.45656977e-03 3.82383689e-02 1.38771730e-02
 1.08439298e-02 6.20838394e-03 1.42638791e+00 7.30818894e-04
 4.28306963e-03 1.51225515e-02 4.98572830e-03 9.74410796e-04
 7.59016676e-03 1.25512481e-02 1.07944617e-03 8.07902403e-03
 5.09009659e-02 1.04960976e-02 1.41657947e-03 6.53145742e-03
 3.65878195e-02 1.49701126e-02 2.29969667e-03 3.24946098e+01
 9.96644702e-03 9.57778096e-01 4.49722782e-02 2.37652455e-02
 3.64232510e-01 1.41212186e-02 4.40472551e-03 1.11614936e-05
 2.11831555e-03 1.15949318e-01 4.00626585e-02 5.16586425e-03
 1.19070031e-01 8.55999812e-03 1.07486807e-02 7.97940046e-03
 9.99574736e-03 1.48551594e-02 4.87599820e-02 5.77346515e-03
 4.41229437e-04 6.69406261e-03 1.90158505e-02 2.21618358e-02
 4.08865884e-02 2.12144153e-03 1.26050021e-02 1.06087746e-02
 5.12753706e-03 1.29761733e-02 6.99972268e-03 2.50904937e-03
 5.13099432e-02 1.30461482e-02 7.86133051e-01 7.82856159e-03
 3.76237369e+00 1.91499013e-03 4.66509372e-01 8.43814388e-03],0.5746045,[5.78629971e-03 1.17028067e-02 4.89840090e-01 4.75506857e-03
 1.65494943e+00 1.18571159e-04 1.32511914e-01 1.07333511e-02
 2.06243545e-02 6.56614304e-02 3.17152031e-03 1.92175410e-03
 4.49645752e-03 4.75846324e-03 5.57868600e-01 3.45811713e-07
 2.08962057e-02 2.75342958e-04 7.68458657e-03 1.33266021e-03
 4.42796666e-03 2.01611314e-03 1.05930686e+00 3.34443757e-03
 6.08032681e-02 5.87591063e-03 2.85766780e-01 1.19629093e-02
 2.39307294e-03 7.77610857e-03 6.96811918e-03 3.08256177e-03
 7.36032128e-02 5.22204721e-03 9.75981168e-03 5.66536933e-03
 7.20057869e-03 1.83086190e-02 7.61833834e-03 3.68654132e-01
 3.31667392e-03 2.93792766e-02 4.50933934e-04 7.46149663e-03
 1.35704884e-02 4.13755327e-03 1.27681973e-03 7.49512250e-03
 9.07010399e-03 4.41265805e-03 6.69945497e-04 5.07362653e-03
 3.23135499e-03 7.51319304e-02 2.54640222e-01 1.56481983e-04
 8.04220233e-03 2.92833126e-03 4.34954185e-04 1.81164406e-03
 4.08460479e-03 7.70657614e-04 8.04434903e-03 4.01965925e-04
 3.95811768e-03 9.00484063e-03 2.73536220e-02 2.03727174e+00
 2.45454162e-03 5.17668435e-03 3.31025235e-02 1.57644099e-04
 1.08340383e-03 1.82427140e-03 6.55471385e-02 2.25147679e-02
 1.92151056e-03 1.10330675e-02 1.52461836e-02 4.57555288e-04
 4.22988012e-02 7.12583733e+00 7.81529117e-03 3.53410691e-02
 5.82527043e-03 1.68533608e-01 2.66406359e-03 5.10727288e-04
 1.20937615e-03 1.69209391e-02 2.80052540e-03 2.04215874e-03
 1.06272519e-01 1.25734601e-02 5.86820990e-02 3.02271009e-03
 2.29283571e+00 6.99136872e-03 6.13113400e-03 1.16951205e-02
 5.74223278e-03 6.46528788e-04 1.12023484e-02 1.28595736e-02
 3.29899299e-03 9.03074909e-03 3.23900883e-03 7.42058561e-04
 5.62324166e-01 7.87196972e-04 3.90626304e-03 3.62416655e-02
 7.24554120e-04 9.46240220e-03 2.97635980e-03 4.23999154e-05
 6.91070594e-03 5.04229248e-01 5.78130828e-03 9.96767282e-02
 4.23499034e-04 6.04079291e-03 1.78313944e-02 4.13155824e-01
 5.59231034e-03 5.01922378e-03 7.69807026e-03 2.51511578e-03
 6.49097143e-03 4.35190439e-01 3.19247335e-01 2.35258341e-02
 1.05778622e-02 2.23030709e-03 6.13901663e+00 8.93093087e-03
 1.64138041e-02 1.66035500e+01 5.05092442e-02 7.51142483e-03
 2.19127685e-02 2.19748601e-01 8.91174190e-03 5.13599291e-02
 6.37824042e-03 1.25130592e-02 1.26853377e-01 1.12559246e-02
 3.97300906e-03 5.96705591e-03 4.55055386e-01 3.62581670e-01
 7.85988348e-04 6.51085807e-04 8.06898461e-04 5.43101504e-03
 5.42278178e-02 2.23319307e-02 1.07912859e-02 4.89732949e-03
 4.94880509e-03 3.24226357e-03 2.16202741e-03 8.14331975e-03
 4.37411014e-03 5.16338972e-03 2.99116313e-01 4.54318058e-03
 4.23413841e-03 4.45562461e-03 7.12658465e-01 5.24075050e-03
 6.44136220e-03 2.14490443e-02 1.25232516e-02 9.21319239e-03
 2.90152848e-01 1.99320447e-03 5.07374993e-03 4.36562859e-03
 1.83280662e-01 9.79522616e-03 1.19821936e-01 3.07139591e-03
 1.83955133e+00 2.91414419e-03 3.42988642e-04 4.59737517e-03
 4.72197123e-03 1.69191249e-02 5.38170163e-04 1.03850220e-03
 2.90582189e-03 5.45372255e-03 4.48374897e-02 1.56614929e-02
 9.14241653e-03 6.02334924e-03 7.24387944e-01 3.05814028e-04
 3.78877437e-03 1.21337315e-02 1.50778908e-02 1.71744172e-02
 1.81120378e-03 1.80525531e-03 1.51989213e-03 5.09875640e-03
 1.34674251e-01 6.18099002e-03 4.99800034e-03 2.13534338e-03
 2.34361440e-02 6.52279891e-03 6.19289372e-03 3.24376488e+01
 6.05555903e-03 1.64140493e-01 4.35270332e-02 1.84880402e-02
 1.07803032e-01 5.05556818e-03 2.24866089e-03 4.93723550e-04
 3.70634813e-03 1.37470827e-01 2.35775185e+00 6.38929429e-03
 1.40504792e-01 9.04656760e-03 1.14487391e-02 4.91911918e-03
 6.66858256e-03 1.13297012e-02 6.14414215e-02 5.59157878e-03
 1.26279541e-04 8.13469291e-03 2.24429183e-02 3.53689492e-02
 4.20816801e-02 2.75285193e-03 7.71807600e-03 5.16927894e-03
 4.67754435e-03 1.73144136e-02 2.29160395e-03 1.18971355e-02
 8.84872675e-02 4.06544376e-03 8.27780485e-01 1.08568175e-02
 4.53119159e-01 5.13635855e-03 6.04642272e-01 2.09172373e-04],-96.03498,-108.98335,-311.9052,1.0775311,4.2638617,0.9956192,0.9296886,3.6405513,-6.683819,52.751488,152.05333,2.6692493,0.4684082,0.40162992,-144.7,144.7,[4.23497467e+01 3.78830757e+01 7.36856384e+02 3.40705414e+01
 3.82729126e+02 1.42301453e+03 1.64361324e+01 2.62194042e+01
 5.32196045e-01 3.87505302e+01 7.33333921e+00 7.60027841e-02
 6.05512190e+00 6.42618322e+00 1.01778558e+03 4.05818176e+02
 8.31887817e+01 3.73113937e+01 1.77596954e+02 2.58148041e+02
 9.26084976e+01 3.20043297e+01 1.72969467e+02 1.76323257e+02
 2.14836288e+02 2.72269764e+01 1.69859375e+02 1.28524890e+03
 9.79004456e+02 3.53426671e+00 1.06900093e+02 3.86566544e+01
 8.95211487e+01 6.59118271e+00 4.30696678e+01 5.54919006e+02
 9.08167934e+00 2.96798172e+01 3.42559875e+02 6.55968201e+02
 1.76133404e+01 3.61027832e+01 1.64759331e+01 2.49896679e+01
 2.67485352e+01 4.61182556e+02 1.10940826e+02 4.96418419e+01
 1.11198952e+02 1.51783972e+01 2.74528296e+03 5.62038956e+01
 1.29716675e+02 2.27360497e+01 1.42735672e+02 5.75866852e+01
 7.86348057e+00 1.25803841e+02 1.95956909e+02 1.75085983e+01
 8.98980103e+01 9.46469021e+00 3.05950134e+02 1.58346954e+02
 7.20172424e+01 9.43493729e+01 1.12883325e+03 1.48765850e+01
 5.89118652e+01 8.11969566e+00 7.38897514e+00 2.81507416e+01
 1.65301086e+02 4.19815918e+02 6.95802307e+02 6.65949249e+01
 1.80191975e+01 7.88272095e+00 1.07379959e+02 1.34092331e+01
 7.95248604e+00 3.05732956e+01 3.88167648e+01 5.31214676e+01
 1.54840866e+02 1.11705408e+03 1.36621069e+03 1.96819214e+02
 1.67688977e+03 3.55454330e+01 2.32355518e+01 1.75860538e+01
 2.78347564e+00 2.02396317e+01 2.41672241e+02 1.63568707e+01
 2.81010240e-01 1.27969116e+03 1.40765076e+01 1.36682758e+01
 6.15115417e+02 2.36535675e+02 6.18075609e+00 6.00568970e+02
 1.64306250e+03 4.56364594e+02 1.42675183e+03 1.14313784e+01
 1.09616425e+02 9.34564972e+00 6.88874512e+02 7.31204910e+01
 4.17076797e+01 1.12399796e+02 2.08313885e+01 1.28683147e+01
 1.84203887e+00 2.13438015e+01 5.41087952e+01 9.35867119e+00
 4.20042229e+01 6.77586572e+03 5.08922272e+01 6.80504680e-01
 3.00442433e+00 1.54035215e+01 3.53687744e+02 3.10448112e+01
 8.01663971e+01 1.43109970e+02 2.06587906e+02 6.14031029e+00
 3.51277710e+02 9.90069747e-01 4.10567841e+02 2.06092501e+00
 1.43058679e+03 1.38813135e+03 3.21643372e+02 7.69269348e+02
 1.57914200e+01 1.62713718e+01 2.77971783e+01 2.92401981e+01
 3.95928879e+01 2.51599827e+01 2.45757031e+03 3.24617996e+01
 2.92877865e+00 2.20840073e+02 1.37686729e+01 7.14938812e+01
 4.76862488e+01 1.73747616e+01 2.85512142e+01 4.52189789e+01
 1.35221596e+01 1.03877869e+02 8.44668579e+02 1.15124664e+02
 1.77830676e+03 6.69848389e+02 2.13440018e+01 1.37816858e+00
 3.25943832e+01 1.47270157e+02 1.19143018e+03 1.29209473e+03
 1.85867329e+01 9.72970276e+01 3.25698120e+02 5.81954041e+02
 8.62677078e+01 1.49030590e+01 1.77150440e+01 7.50803375e+00
 3.10251522e+01 1.76404247e+01 1.57984180e+03 2.92090039e+04
 4.20826569e+01 1.17660271e+02 2.94838257e+02 1.35079224e+02
 3.98199609e+03 5.60055399e+00 1.47989998e+01 4.74850616e+02
 3.10471924e+02 1.05912523e+01 3.66169849e+03 1.73924973e+02
 5.14479065e+02 3.05793247e+01 3.54440527e+03 6.04463684e+02
 2.88518882e+00 2.87846252e+02 8.98807449e+01 4.74408960e+00
 1.67719849e+02 7.77397060e+00 1.45083115e+02 5.60985840e+02
 3.03707447e+01 4.66643105e+01 1.51479340e+01 2.89067192e+01
 2.36644028e+02 5.26471405e+01 2.03470886e+02 2.29127312e+00
 2.91346680e+03 3.23622644e-01 6.90799713e+01 6.18373203e+00
 1.19642754e+01 3.50257538e+02 1.76825012e+02 6.12679100e+01
 7.37454844e+00 5.02443199e+01 1.77971134e+01 4.51793213e+03
 2.84451782e+02 4.27991058e+02 2.06078796e+01 1.07887566e+02
 1.42163525e+03 2.35480469e+02 1.17857771e+01 1.55328018e+02
 2.58316833e+02 4.61383728e+02 2.13541870e+01 3.15533813e+02
 1.19289276e+02 1.03952499e+02 1.65546932e+01 2.07501621e+01
 1.45037582e+02 1.56098596e+03 9.77382660e+01 2.84245586e+00
 3.48046017e+00 8.18845901e+01 2.37000992e+02 2.72386312e+00
 7.28510193e+02 2.27834949e+01 4.62952347e+01 1.41001778e+01
 2.07450049e+03 4.43000580e+02 1.62936795e+00 1.59993744e+01],595.4391,[2.06960201e+00 6.38385658e+01 1.70419998e+02 2.06238251e+02
 6.96230774e+01 6.12650146e+02 3.95846915e+00 1.10888453e+01
 5.11013889e+00 4.17018661e+01 2.28615475e+00 1.32063770e+01
 1.07713137e+01 2.85718679e+00 1.63213425e+02 4.95939758e+02
 1.50797241e+02 2.49988136e+01 2.79047363e+02 1.72016434e+02
 6.35406303e+01 4.89434021e+02 3.16183167e+02 1.84940079e+02
 6.14250122e+02 1.74818945e+00 5.19145279e+01 2.42592125e+01
 3.98948547e+02 1.99884844e+00 1.17360603e+02 2.81201706e+01
 2.29366760e+02 8.58768559e+00 3.18963289e+00 8.13932495e+02
 5.19417465e-01 9.18550193e-01 4.98624420e+02 1.28789949e+01
 2.72542362e+01 5.76732826e+00 5.96539307e+00 6.57573120e+02
 8.50111365e-01 4.17320900e+01 3.85206532e+00 1.27864151e+01
 9.94479179e+00 1.55592978e-01 1.74149304e+03 1.37991791e+01
 1.45517059e+02 3.78386726e+01 2.22305679e+01 3.29041107e+02
 1.66701698e+00 1.11752602e+02 4.46422882e+01 1.29617691e+00
 1.27337914e+02 5.34663868e+00 5.69883789e+02 1.52597685e+01
 1.35868587e+01 5.89415131e+01 5.33293457e+02 2.75290155e+00
 1.35758774e+02 1.39632058e+00 8.02552795e+00 4.82977829e+01
 9.10037460e+01 4.72760773e+02 1.79109998e+03 2.41965881e+02
 3.40069275e+02 6.34885063e+01 8.05177498e+00 4.90647815e-02
 1.74757938e+01 2.06840076e+01 6.52867661e+01 3.10581264e+01
 7.85222397e+01 4.97824860e+02 8.45578918e+02 4.41800446e+02
 4.17719824e+03 4.88020897e+01 1.93800526e+01 9.95470047e+00
 1.01471043e+00 1.23139553e+01 7.60442781e+00 1.95512462e+00
 6.95529318e+00 8.20516479e+02 1.21301221e+03 1.45393887e+01
 5.79170593e+02 4.07569408e+00 2.74783909e-01 5.99601624e+02
 1.18173926e+03 3.14490021e+02 9.39540161e+02 6.71400738e+00
 1.45845123e+02 3.27527308e+00 1.94075272e+02 6.04607605e+02
 1.40785942e+01 1.73434692e+02 2.46978416e+01 2.07567096e+00
 9.61827564e+00 1.72792221e+02 5.55107002e+01 8.39245033e+00
 4.79252739e+01 5.06135596e+03 1.58619709e+01 4.90627003e+00
 8.31606674e+00 1.99152660e+00 2.16645782e+02 6.22823429e+00
 9.63978882e+01 8.05374832e+01 2.54350861e+02 2.02868214e+01
 1.00239935e+01 2.05965370e-01 1.49275711e+02 2.12714157e+02
 1.00309601e+03 7.17510376e+02 4.04499550e+01 1.05153955e+03
 3.19187946e+01 7.15352726e+00 3.83262138e+01 2.39524670e+01
 6.68221188e+00 7.41213608e+00 2.44729639e+03 2.05780163e+01
 7.02828020e-02 3.20475525e+02 2.92004156e+00 7.07304535e+01
 1.12644363e+02 1.65310402e+01 2.09605637e+01 9.26201534e+00
 1.20320930e+01 9.68622589e+01 2.83716248e+02 6.11391602e+01
 5.95869141e+02 5.01235413e+02 1.41103916e+01 1.14061758e-01
 8.82422028e+01 1.52616196e+02 1.22470734e+02 1.33504932e+03
 1.74694133e+00 1.01500745e+03 8.08790405e+02 2.93058739e+01
 2.10050774e+01 1.86221638e+01 5.78317356e+00 5.76225877e-01
 4.13810692e+01 1.44061066e+02 1.47844971e+03 3.03975391e+04
 4.62338295e+01 3.65086365e+02 3.49306824e+02 1.17165619e+02
 2.39720581e+03 7.36892402e-01 2.48382931e+01 2.47827744e+02
 1.39403107e+02 5.82961464e+01 2.32247681e+03 6.12845032e+02
 2.95351776e+02 1.67807560e+01 2.01170752e+03 7.83342529e+02
 3.97815168e-01 1.72258644e+01 2.96087875e+01 2.65285835e+01
 2.12254524e+01 2.63982010e+00 1.17638779e+02 1.22945447e+03
 1.68926640e+01 9.60442200e+01 1.03131247e+00 9.17232323e+00
 6.97975159e+02 1.09383995e+02 2.11597534e+02 2.09886599e-02
 1.18378247e+03 2.54070206e+01 1.07882698e+02 5.83241348e+01
 2.70358086e-01 7.71047745e+01 8.14438019e+01 4.04150162e+01
 4.17361526e+01 5.67700958e+00 1.87799721e+01 5.46396912e+02
 1.15963791e+02 8.08838379e+02 9.52045135e+01 7.51372147e+01
 5.54386353e+02 8.32926178e+01 4.01295166e+01 2.07007313e+01
 2.25343018e+02 1.94616425e+02 4.89761114e+00 1.93597168e+02
 2.05617859e+02 2.00314960e+01 9.84875183e+01 4.21786919e+01
 1.35070190e+02 2.60719421e+02 1.32486786e+02 1.05328033e+02
 1.98294866e+00 7.10073185e+00 2.15994766e+02 3.62783581e-01
 1.70504990e+02 1.92618237e+01 2.46612167e+00 2.29322791e+00
 1.90874854e+03 3.28015961e+02 2.88680339e+00 5.53560019e-01],-101.91176,-155.55055,-333.86398,2.6344974,34.083313,1.0136518,0.9600137,0.015046257123947143,7086.992923974991,0.5,0.5,-0.00021237817675348706,0.004843342125469624,5.29711994563465e-05,0.004947596845739251,-0.16705481608030087,37.59999999999999,0.0,450000.0,-1.0,-774.0,750.0,11.260018110275269,450000
104.75993,0.038614538,0.060571562,0.0020121695,-104.1156,104.1156,[2.3498863e-03 2.3137242e-02 2.1979287e-03 6.3403795e-04 4.9321973e-03
 3.9042206e+00 3.9266017e-03 2.2595145e-02 3.7281010e-02 1.1431847e-03
 6.6554830e-03 1.3060656e-01 1.9003175e-02 6.9335285e-03 7.4138963e-03
 3.4954192e-03 8.6256594e-04 3.0040930e-03 6.3313385e-03 6.0192407e-03
 3.9074171e-02 2.2766747e-02 1.7427700e-02 1.0471805e-02 1.2154921e-02
 5.3825398e-04 1.9248589e+00 3.3356652e-03 1.7304574e-03 7.0208218e-03
 8.2215579e-04 1.6514864e-03 5.6572971e-03 1.7102044e-03 1.2523477e-04
 1.3113073e-03 1.4401228e-02 6.2433430e-03 3.0707328e-03 2.6778453e-03
 6.6316515e-02 4.4210628e-03 1.6856687e-03 4.8420755e-03 7.6016404e-02
 1.5437372e+00 5.6495992e-03 3.5090197e-02 5.5613235e-04 1.1964920e-03
 4.5932294e-04 8.3180936e-03 3.0698695e-03 1.5952394e-03 1.9094273e-03
 1.4455532e-02 8.7090489e-03 2.5239598e-05 3.3664382e-03 4.2097750e-01
 4.0499598e-02 1.5053489e-02 1.4933276e-03 4.7244490e-03 1.0633827e-02
 3.8887240e-04 4.8633438e-04 1.9594964e-03 4.1173834e-02 2.0680856e-03
 9.2456136e-03 2.8329046e-04 3.5751034e-02 1.0048283e-02 1.0768710e-02
 1.6574555e-03 1.6016103e-02 2.1955471e-02 9.8099280e-04 1.8682642e-01
 3.8242098e-03 2.3376602e-03 5.3815674e-03 1.6919174e-04 4.6440773e-02
 1.9531401e-03 2.8073270e-02 5.1795873e-03 2.8474333e-02 1.7042358e-03
 1.5351946e-02 5.6236824e-03 8.4053520e-03 1.1217889e-03 1.1938661e-02
 1.8924927e+01 6.0682455e-03 8.5734215e-04 1.2038520e-03 1.7377576e-03
 5.0785518e-03 3.1741843e-02 1.3511616e-03 2.2718341e-03 1.4034957e-02
 2.3956506e-03 4.2480849e-02 1.2560057e-02 7.6848315e-04 1.3985734e-02
 2.4553149e-03 2.2574816e-02 3.0111786e-02 1.5270490e-02 3.2220939e-03
 1.0581645e-03 3.9516091e-03 1.1394941e-04 6.2070591e-03 4.3251348e-04
 4.2074178e-03 9.0189114e-02 7.5730868e-04 1.2320713e-03 2.7644727e-04
 7.7382720e-04 6.2038761e-04 2.1053812e-02 1.5608731e-03 5.1111812e-03
 2.2065276e-03 1.3479739e-02 1.5431008e-02 1.1661377e-02 1.6061170e-03
 2.0676211e-01 1.5038979e+00 6.5612961e-03 5.3837325e-02 9.8831847e-02
 2.4805658e-03 9.5013287e-03 7.4095479e-03 2.1549769e-02 2.7829655e-03
 2.5837051e-03 1.4630538e-02 2.9252199e-03 2.1937275e+00 4.6349922e-03
 1.4099828e-02 3.5590972e-03 5.5517957e-02 4.3442261e-01 7.4848318e-03
 1.4764329e-02 8.2136057e-03 2.0089202e-02 1.6498255e-02 4.4167344e-04
 2.1992045e-02 1.1426939e-03 8.6270098e-05 1.1771265e-02 8.9225382e-02
 1.6417770e-02 4.0828218e+00 1.8580320e-01 3.5620648e-02 7.0570651e-03
 3.6336347e-02 7.9213607e-04 2.4033433e-03 6.3662805e-02 4.6017491e-03
 7.3011676e-03 3.5918190e-04 2.0598769e-02 6.0837250e-03 3.0000824e-03
 2.7311603e-03 5.8336678e-04 9.3870955e-03 4.9279490e-04 1.0111221e-03
 5.5939578e-03 6.2318228e-02 2.3761496e-03 3.9645191e-03 3.9964290e-03
 1.0412701e-03 6.0880120e-04 1.8923746e-03 2.4983563e-02 2.8457408e+00
 5.3054770e-04 3.1911454e-04 5.3461082e-03 4.0277379e-04 5.5975541e-03
 3.4209010e-03 5.1551615e-04 7.8926077e-03 8.8600265e-03 6.2900297e-02
 2.3070034e-03 9.2900768e-03 1.8798614e-02 2.7726677e-03 8.2816280e-02
 2.8366441e-01 1.7832275e-03 7.0021633e-04 1.0630381e-03 1.0425790e-03
 6.7272070e-03 1.5219875e-03 6.5505709e-03 2.7654186e-02 1.2903585e-02
 2.9886989e-03 2.1082375e-02 1.8257215e-03 2.7723871e-03 2.6906691e-03
 2.2746332e-03 3.8133453e+01 2.1860325e-03 2.3508493e-02 4.1746777e-03
 2.4118898e-03 1.2015829e-02 1.6538301e-03 1.0229326e+00 2.9426750e-03
 6.1484659e-04 1.0391259e-02 2.3192610e-03 1.6342876e+01 4.9644783e-03
 1.7662405e-03 7.1105156e-03 4.8860805e-03 5.6705723e-04 8.2938746e-03
 3.4110220e-03 4.0897359e-03 1.8762729e-01 1.4469521e-03 3.1502782e-03
 5.7240553e+00 2.3799790e-03 2.9005120e-03 2.3564148e-01 1.0511365e-02
 1.7615007e-03],0.33278325,[1.05543574e-03 8.28558207e-03 2.32407148e-03 4.47862735e-03
 5.00251725e-03 1.52102079e+01 9.80328070e-04 3.14998347e-03
 1.56809226e-01 2.56388681e-03 3.85637442e-03 5.43877125e-01
 3.00345803e-03 6.98669301e-03 7.36470567e-03 6.03952119e-03
 5.31696994e-03 2.65507493e-03 1.81223056e-03 1.51761798e-02
 3.14683542e-02 2.99247354e-02 1.79898576e-04 1.16952248e-02
 5.82187902e-03 3.10828015e-02 2.24869061e+00 1.82591425e-03
 2.46157311e-03 4.16670367e-03 4.73330123e-03 1.06673327e-03
 1.15548796e-03 5.38998283e-03 8.27641226e-03 6.55906880e-03
 5.55543322e-03 7.07975822e-04 1.98389823e-03 9.66657186e-04
 4.49640043e-02 8.00404046e-03 2.60591786e-03 2.24204212e-02
 5.25620468e-02 9.25318748e-02 7.76150636e-03 6.82586506e-02
 2.05742829e-02 1.13349000e-03 3.14679579e-04 8.51895660e-03
 3.14357202e-03 1.08677335e-02 1.97502458e-03 2.39849705e-02
 1.13888718e-02 6.14480767e-03 5.25902212e-03 5.26604354e-01
 4.73195920e-03 7.48993037e-03 3.44395405e-03 3.07137915e-03
 8.71505029e-03 3.38622485e-03 2.71072984e-03 2.27171555e-03
 2.63814569e-01 1.60582606e-02 6.65266823e-04 4.62972093e-06
 7.01856613e-02 2.87792506e-03 5.10665402e-03 3.14021157e-03
 3.05195525e-03 7.73013569e-03 2.64009321e-03 6.70732617e-01
 5.57825482e-03 1.02034286e-02 2.46429094e-03 3.96080781e-03
 9.17544961e-02 3.50917946e-03 2.73926295e-02 1.71489315e-03
 1.72555391e-02 1.71767408e-03 2.74044778e-02 5.99206658e-03
 1.77940167e-03 1.12576282e-03 4.51160653e-04 2.26901960e+00
 1.08862231e-02 9.69075714e-04 2.81174481e-03 4.74358210e-03
 1.87375657e-02 2.10106835e-01 1.10695511e-03 1.03622209e-02
 2.01741941e-02 2.50410475e-03 4.12530303e-02 4.01311833e-03
 3.92209098e-04 1.72183122e-02 1.89992622e-03 2.53782310e-02
 9.05917771e-03 4.67093587e-02 6.62446138e-04 2.89703952e-03
 2.30392162e-03 4.67381347e-03 2.81283678e-03 8.48026248e-05
 2.34768074e-03 3.13811526e-02 8.14906554e-04 1.20410929e-03
 3.27581703e-03 1.05766980e-02 6.24512695e-03 3.53418738e-02
 1.11815426e-03 1.41097838e-03 1.96144916e-03 1.37788448e-02
 2.42523709e-03 1.62822809e-02 1.38868415e-03 2.23698094e-01
 3.06239724e+00 1.10158334e-02 3.37699205e-02 4.25587967e-02
 6.51187263e-03 5.22579160e-03 1.51762832e-03 3.45324259e-03
 1.16965384e-03 4.47209319e-03 4.72533423e-03 7.93735962e-03
 2.83350926e-02 4.85684071e-03 4.41049039e-03 4.39007673e-03
 3.29543836e-03 8.10272157e-01 4.78775054e-03 1.49260256e-02
 3.34597155e-02 2.52104597e-03 4.50941063e-02 1.05438894e-03
 3.05865761e-02 5.84022375e-03 8.10626987e-03 6.84106490e-03
 4.10243385e-02 1.71351638e-02 4.33612242e-02 1.79339498e-01
 2.57245973e-02 5.57220727e-03 1.72019936e-03 2.39526713e-03
 3.26707726e-03 3.00040580e-02 1.48187345e-03 1.50323026e-02
 1.04435189e-02 3.03067872e-03 3.00392359e-02 1.42524973e-03
 4.86386195e-03 6.98607229e-03 9.39368084e-03 4.34183341e-04
 1.31040649e-03 4.57445916e-04 8.98962319e-02 6.66479627e-03
 1.65933056e-03 6.13687839e-03 1.72332162e-03 2.94669159e-03
 1.79242250e-03 2.66572088e-03 3.65599871e+00 3.87899159e-03
 1.63162984e-02 4.86393599e-03 8.73318058e-04 2.98102060e-03
 3.11934412e-03 5.36842411e-03 2.19378178e-03 3.77221219e-03
 8.50634463e-03 1.50868227e-03 5.87637676e-03 2.13066693e-02
 5.03549818e-03 3.21945041e-01 4.89017703e-02 7.71660416e-04
 8.00838880e-03 1.74516393e-03 1.69398054e-03 7.22504500e-03
 2.99131637e-03 1.08801760e-03 1.37809366e-02 4.31015566e-02
 1.10173803e-02 1.98765397e-02 1.88700343e-03 3.42096575e-03
 2.93240231e-03 6.96790451e-03 1.17055762e+00 1.55413616e-03
 2.08934359e-02 5.44014038e-04 9.30552895e-04 2.18075216e-02
 3.44121014e-03 3.06825310e-01 9.93382186e-04 7.31662009e-03
 3.17104557e-03 2.13546306e-03 3.40779483e-01 3.37423617e-03
 3.00315442e-03 2.03101188e-02 4.34599491e-03 3.00571148e-04
 9.83115099e-03 2.19914387e-03 7.68672209e-03 2.12755516e-01
 3.34972050e-03 4.54936270e-03 8.28773499e-01 2.87744729e-03
 2.43229256e-03 3.08776045e+00 4.72792797e-03 1.24056102e-03],-96.412186,-109.01778,-329.14142,1.0539963,2.2148466,1.00316,0.928769,2.6355047,-2.5758996,33.076103,142.89491,2.8170376,0.47476277,0.36885545,-135.33025,135.33025,[5.19073608e+02 1.08973992e+00 7.26629486e+01 1.03607903e+02
 1.76596710e+02 1.18669920e+01 6.81071777e+01 2.21959336e+04
 1.71140112e+03 4.45994225e+01 1.72520294e+01 1.28457480e+04
 2.31694092e+03 1.33045483e+03 2.34312267e+01 1.00447617e+04
 2.18752575e+01 3.13110180e+01 5.14730215e-01 1.83302405e+03
 6.86700684e+02 5.68043530e-01 6.99215317e+00 6.16839172e+02
 2.17076699e+04 2.94901221e+03 4.84681702e+01 2.95217133e+01
 4.30334568e+00 2.75667343e+01 1.17493591e+01 3.16942749e+01
 5.19402237e+01 2.53754473e+00 6.69483328e+00 4.67570724e+01
 1.23372583e+03 2.39786896e+02 2.49546533e+03 1.11746423e+03
 6.94989700e+01 7.02608948e+01 1.98940945e+01 4.58386169e+02
 1.21554695e+02 1.05947021e+03 5.57584839e+01 2.59800293e+02
 3.95201721e+02 3.90020752e+01 4.45407028e+01 6.94613886e+00
 1.17125830e+04 9.53684311e+01 6.50653458e+00 1.83959579e+01
 3.01060730e+02 3.01256990e+00 2.07296777e+04 1.94545105e+02
 9.90681641e+02 7.81073242e+02 2.53787498e+01 1.93991985e+01
 3.23947678e+01 8.75700226e+01 1.86209393e+01 2.54811783e+02
 3.46740150e+01 6.54474926e+00 4.53112304e-01 2.36808968e+01
 1.08666553e+03 1.16306381e+02 1.91947823e+01 6.58829956e+02
 2.21278061e+02 1.15035095e+03 1.81335430e+01 1.65124039e+02
 2.74950562e+02 1.90394955e+01 3.08157253e+01 3.73170471e+02
 4.96634613e+02 8.74165878e+01 8.72410355e+01 1.22703123e+00
 6.58207238e-01 6.83999062e+00 3.32078949e+02 6.04380875e+01
 5.48455095e+00 2.52279472e+01 2.69452496e+01 4.92251099e+02
 4.94079399e+01 4.73708954e+01 7.08700657e-01 4.63621497e-01
 1.93712598e+03 1.92862183e+03 8.29638367e+01 2.99051910e+02
 2.29825645e+04 3.09418213e+02 2.60194778e+01 3.19366665e+01
 1.14495955e+01 3.06124237e+02 2.07809448e+01 4.05473633e+01
 1.87758350e+01 3.02454300e+01 8.13573837e+00 7.57155304e+01
 1.24092789e+01 8.48431015e+01 3.71550217e+01 3.80303253e+02
 4.89570885e+01 1.33452728e+02 5.82128477e+00 6.52754898e+01
 4.02558022e+01 3.40809441e+01 3.47224236e+00 1.00922371e+02
 7.04005203e+01 2.77575951e+01 3.34432125e+00 1.08218982e+03
 7.92705460e+01 1.87770462e+01 1.52243776e+01 1.62944629e+03
 3.01202369e+00 9.36883911e+02 3.64613129e+02 1.79920532e+02
 5.09057220e+02 6.57829857e+00 4.02260400e+03 7.85553074e+00
 1.05573486e+02 4.21220551e+01 2.06565613e+02 3.17964453e+03
 2.83136005e+01 2.47463074e+02 8.00169110e-01 3.12415985e+02
 2.75656986e+01 6.78548574e-01 3.45729713e+01 8.05637988e+03
 1.99107094e+01 5.48521118e+02 8.51170635e+00 2.40765877e+01
 3.50704842e+01 2.14338562e+02 1.44899766e+04 6.85001144e+01
 2.18314316e+04 6.04687881e+01 1.89192104e+01 3.02646561e+01
 5.14915619e+01 4.35602112e+01 6.27161713e+01 3.00572395e+01
 8.80562496e+00 4.61826820e+01 1.28340894e+03 3.55770378e+01
 4.34885025e+01 1.97745514e+01 2.09422791e+02 1.19524561e+03
 2.48767776e+01 4.24479246e+00 3.48037491e+01 1.21168579e+02
 1.63941504e+03 2.23768223e+04 5.51442993e+02 4.15954010e+02
 6.66586456e+01 9.41932392e+00 3.00213337e+01 8.66277008e+01
 1.06544182e+02 2.67973289e+01 3.10872620e+02 4.65317780e+02
 1.76640236e+00 2.65486755e+01 1.75852539e+02 2.26539490e+02
 9.28547478e+00 4.41372871e+01 1.95349808e+02 1.70777930e+03
 4.38502884e+01 2.94395684e+04 4.45496464e+00 2.03067551e+02
 6.08314395e-01 6.01600098e+02 1.32977285e+01 1.86078110e+02
 2.72262478e+00 1.11906456e+02 2.14279297e+02 7.95701694e+00
 5.86525195e+03 6.31511154e+01 1.17054169e+02 3.45021706e+01
 6.61232376e+01 1.15951691e+02 2.80533619e+01 3.21240883e+01
 4.21066856e+00 7.17346072e-02 2.02000198e+02 3.88038406e+01
 7.16444731e+00 4.25085419e+02 5.32690491e+02 1.62249374e+00
 3.13413353e+01 1.55122711e+02 1.14883919e+02 1.27604443e+03
 2.23941391e+02 1.87183868e+02 1.15830788e+02 1.44311450e+03
 2.27799301e+02 5.74081787e+02 5.63485107e+01 1.01892914e+02
 1.68330002e+01 1.07460899e+02 3.93992676e+02 2.72706604e+01
 4.13286476e+01 3.69293365e+02 1.87968750e+02 1.57079626e+03
 2.76797962e+01 7.06931233e-01 2.72092891e+00 6.11737610e+02],1118.9182,[5.60863892e+02 7.11720610e+00 5.06516609e+01 7.39736786e+01
 1.27836628e+01 1.46525764e+01 1.23344059e+01 5.33079453e+01
 1.68185303e+03 5.91682091e+01 7.00533867e+00 3.68098193e+03
 2.99299707e+03 3.18066284e+02 1.97658424e+01 1.32952087e+02
 3.01625872e+00 1.48555651e+01 6.04737639e-01 2.61579834e+03
 7.10878662e+02 2.67597107e+02 5.18974733e+00 2.44616867e+02
 1.43713598e+01 2.75122339e+03 2.86777229e+01 9.67426071e+01
 2.66514540e+00 2.45733662e+01 5.08660853e-01 8.91777420e+00
 8.52341385e+01 1.42840004e+00 3.58305001e+00 4.32679462e+00
 5.27822399e+00 4.41212578e+01 4.16955176e+03 2.05040552e+03
 1.24352856e+01 4.16020470e+01 1.20384512e+01 4.84362305e+02
 5.10755882e+01 1.09506128e+03 1.51444983e+00 3.88648285e+02
 1.73485767e+03 3.53084030e+01 6.18463707e+01 1.69941635e+01
 4.76308691e+03 1.13486832e+02 6.20042801e+00 5.69658130e-02
 1.16624756e+03 8.23773265e-01 7.93568707e+00 9.08525467e+01
 5.58008484e+02 2.00344940e+02 4.29335642e+00 6.43342743e+01
 2.67156372e+01 2.01413956e+01 1.72664680e+01 3.88988525e+02
 1.67732716e+01 5.00942993e+00 4.11487184e-03 1.58342819e+01
 4.04985291e+02 2.27002930e+02 6.66446686e+01 3.36904663e+02
 1.14361130e+02 8.69006348e+02 4.31155434e+01 4.64026154e+02
 3.82661804e+02 1.97093544e+01 7.92394447e+00 3.06699524e+02
 1.21882690e+02 1.33728194e+00 1.31994263e+02 3.60738993e+00
 8.60263443e+00 2.34292722e+00 4.80512421e+02 8.97069641e+02
 9.47017097e+00 4.57336273e+01 2.99387054e+01 1.87609421e+02
 1.10387260e+02 1.42943401e+01 8.22425961e-01 3.39092195e-01
 5.56012573e+02 2.81879541e+03 8.20456848e+01 4.21124969e+02
 5.40652771e+02 4.24809601e+02 8.19069564e-01 1.74097955e-01
 9.40180779e+00 4.13773621e+02 2.67005944e+00 1.40179932e+02
 8.81048393e+00 4.93622169e+01 2.72382946e+01 1.23298206e+01
 3.78394914e+00 3.32323608e+01 1.17910519e+01 8.81295105e+02
 6.12228870e+00 3.04831657e+01 9.40718746e+00 2.74022408e+01
 1.15223770e+02 3.09654121e+01 1.41850910e+01 5.50893921e+02
 1.20772232e+02 7.78018761e+00 4.27904358e+01 5.73785248e+01
 2.77899590e+01 1.94764595e+01 2.46373322e+02 5.62585022e+02
 2.05926666e+01 8.18291687e+02 3.60866577e+02 3.47667419e+02
 2.80850800e+02 7.98398852e-01 2.93449048e+03 7.42919683e-01
 3.02838318e+02 3.59219437e+01 1.48769836e+02 1.40334106e+03
 7.52702560e+01 4.21336182e+02 6.43379748e-01 1.58885315e+02
 1.82751536e+00 2.06122899e+00 2.00021410e+00 1.22410010e+03
 1.64405422e+01 1.71607788e+03 1.73992908e+00 5.01900911e+00
 7.13872433e+00 8.43520813e+01 5.74839697e+03 1.62385998e+01
 3.14250039e+04 5.94913216e+01 1.68577090e-01 1.35532999e+00
 8.67904186e+00 2.83626442e+01 3.12966690e+01 1.69843597e+01
 1.08521056e+00 6.48952408e+01 5.53452454e+02 3.49976182e+00
 2.26629581e+01 4.15941763e+00 3.98956680e+01 1.33326648e+03
 1.61370411e+01 1.79644470e+01 2.82544632e+01 2.13767014e+01
 3.41048291e+03 1.11604297e+03 5.90590515e+02 9.61233521e+01
 9.50676441e-01 1.79373951e+01 2.47220039e+01 2.76459045e+01
 2.63615379e+01 1.79471302e+00 7.98483047e+01 2.82691345e+02
 3.98419321e-01 5.38564980e-01 2.40897797e+02 1.58633102e+02
 1.88306522e+00 2.39566860e+01 2.82788544e+01 7.21797607e+02
 1.21418716e+02 1.80069531e+04 4.82830763e-01 5.53388672e+02
 5.28059006e+00 3.72784149e+02 8.34781113e+01 4.98595520e+02
 3.93468332e+00 1.07898735e+02 2.63940643e+02 1.26816673e+01
 8.07411719e+03 6.11100540e+01 1.72782043e+02 1.30774088e+01
 1.34065933e+02 1.17787613e+02 6.63262787e+01 9.07286453e+00
 1.87603581e+00 2.15825185e-01 4.17472626e+02 8.33401585e+00
 8.31353188e+00 9.64687744e+02 1.36737646e+03 8.54505420e-01
 1.28823042e+00 2.20137711e+02 9.17511673e+01 3.67147119e+03
 2.43351044e+02 1.04840141e+02 1.82909546e+01 2.17949097e+03
 1.77425751e+02 5.87682556e+02 5.08361244e+01 1.50017822e+02
 4.40005243e-01 7.33002615e+00 4.98783081e+02 1.74393635e+01
 6.99501495e+01 1.32484595e+03 2.12192974e+01 3.28633569e+03
 4.83558846e+00 1.51486549e+01 1.25429564e+01 6.00887085e+02],-101.606674,-148.8381,-340.3805,2.3211384,11.962467,0.99265224,0.95729554,0.016537910985946654,7500.440731525421,0.5,0.5,-0.048252673796619856,-0.0012249622085850097,-0.04831852219330164,-0.001288074162765068,-0.3801028979051286,37.59999999999999,0.0,474750.0,-1.0,-763.0,750.0,10.387566566467285,475000
104.60371,0.03678105,0.05943593,0.0009401824,-103.972565,103.972565,[3.40299797e-03 3.78736038e+01 5.90790529e-03 1.59125179e-01
 1.16726430e-02 3.78064699e-02 4.09530522e-03 1.41878188e+00
 1.13498569e+00 1.55024771e-02 6.31418359e-03 7.56655075e-03
 5.87691832e-03 7.40149058e-04 1.25726510e-04 1.07993810e-02
 4.49647720e-04 2.24923491e-02 5.51785296e-03 2.12219711e-02
 6.91814441e-03 4.90958214e-01 1.21033168e-03 2.02730414e-04
 3.57969385e-03 4.17353585e-05 2.73791666e-04 8.02468881e-03
 1.35834897e-02 2.50679441e-03 2.16465313e-02 1.40471030e-02
 8.02526549e-02 1.07013428e+00 3.07606533e-04 1.47426385e-03
 1.42583635e-03 9.98560712e-03 3.80364433e-03 2.27196161e-02
 3.17670056e-04 3.78117803e-03 1.80170946e-02 2.17266288e-02
 9.27184708e-04 7.62921385e-03 1.71752088e-03 9.32355132e-03
 5.83415013e-03 8.62781517e-03 5.29126171e-03 2.22059293e-03
 1.03303306e-02 4.03953774e-04 1.21427849e-02 4.25986573e-02
 2.21984519e-04 2.03615967e-02 8.87209356e-01 1.29323360e-03
 1.33916922e-03 3.73111037e-03 4.97402623e-03 7.68068526e-03
 2.33221576e-01 2.85352743e-03 3.88002279e-03 4.77161169e+00
 2.78808594e-01 2.35680968e-01 1.65365939e-03 8.63510009e-04
 2.69598444e-04 7.54034705e-03 1.39322970e-02 1.00595015e-03
 5.08478144e-03 7.70509522e-03 1.23466831e-02 2.44703982e-03
 5.08567900e-05 7.70089722e+01 4.20548692e-02 3.56450230e-01
 3.42674111e-03 3.89888883e-02 3.65151197e-01 1.72083080e-03
 5.09876118e-04 4.55105631e-03 8.57427251e-03 4.50921338e-03
 8.26221483e-04 2.26262235e-03 6.58589415e-03 5.90146892e-03
 2.18137284e-03 1.65055797e-01 3.34910350e-04 2.39806890e+00
 7.20429793e-03 4.22615558e-03 3.71366483e-03 3.10356403e-03
 3.01799038e-03 1.41673023e-03 3.64417732e-02 4.19077218e-01
 9.28830355e-03 3.57109401e-03 8.87740016e-01 7.36610964e-03
 1.38541404e-03 2.27615142e+00 6.26105163e-03 3.65299173e-03
 3.91192967e-03 1.00743789e-02 1.18519496e-02 2.44576600e-03
 3.65456985e-03 1.37848873e-02 1.04022911e-02 4.68017627e-03
 4.84256307e-04 7.07059226e-04 2.84339511e-03 1.10270400e-02
 1.33237708e-02 1.97448984e-01 1.89114399e-02 8.30553845e-03
 2.02979036e-02 1.09472321e-02 1.96469901e-03 4.67180274e-03
 7.03558000e-03 2.54751300e-03 9.26938187e-03 8.54638498e-03
 8.37143976e-03 6.80360245e-04 4.87042218e-03 6.11546159e-01
 1.04097892e-02 2.65754201e-03 7.86773022e-03 3.33496416e-03
 1.89370848e-02 1.01693170e-02 1.78228896e-02 1.58182457e-02
 2.13046949e-02 1.42249092e-03 7.05161504e-03 8.62062350e-03
 3.05347168e-03 4.18396294e-03 2.21204292e-02 6.02867678e-02
 2.86893477e-03 8.14554766e-02 1.34051288e-03 3.43476683e-02
 1.21203670e-03 5.72671771e-01 7.46381993e-04 1.12027273e-01
 1.12865458e-03 6.46031871e-02 3.45029026e-01 2.64110863e-02
 3.66142811e-03 4.21955111e-03 1.10644996e-01 9.73880105e-03
 4.65919916e-03 2.72643119e-01 4.63641621e-03 1.09086570e-03
 6.56969612e-03 2.83146743e-04 6.80277124e-04 2.24533165e-03
 2.75899284e-02 3.63032287e-03 3.50577873e-03 3.34106684e-02
 9.16686375e-04 2.13290844e-03 3.69596388e-03 1.88588835e-02
 5.55203930e-02 7.12230522e-03 2.94817728e-04 6.73233357e-04
 1.82551742e-02 2.79715518e-03 6.19212724e-03 2.77884770e-03
 7.38542061e-03 7.64320850e-01 1.28296167e-01 1.81794856e-02
 1.92020200e-02 2.23695636e-02 1.88841224e-02 6.16516583e-02
 9.57728028e-02 1.20893860e+00 2.55500898e-03 8.78108316e-04
 4.85862931e-03 9.58414935e-03 4.06661537e-03 1.53424479e-02
 7.87261873e-04 3.57116222e-01 1.66505333e-02 6.19144237e-04
 5.05206175e-03 2.39632884e-03 5.69325313e-03 5.37919807e+00
 1.52767228e-04 4.37292410e-03 4.24091984e-03 1.97067449e-04
 9.85453650e-03 9.06849001e-03 3.71420011e-03 3.18041816e-03
 4.87763109e-03 4.51852679e-01 2.09119096e-02 1.38046872e-02
 4.28511435e-03 3.73435742e-03 3.38658900e-03 3.25625995e-03
 7.20086647e-03 8.33537721e-04 5.75677608e-04 1.15759097e-01
 1.44904270e-03 2.44169092e+00 1.56332669e-03 1.31286592e+01
 4.15773131e-03 3.12698563e-03 3.73533752e-04 6.46073371e-04
 1.12122567e-02 4.76317573e-03 3.13950004e-03 3.73416091e-03],0.719859,[3.53796803e-03 1.36605492e+01 6.65488187e-03 1.48065776e-01
 5.51596796e-03 1.03464007e-01 4.43983590e-03 2.04534316e+00
 2.81676769e+00 1.62277650e-02 1.38525781e-03 4.66907816e-03
 4.99124965e-03 5.26819611e-04 2.35418323e-03 2.67807348e-03
 5.33392746e-03 3.01207379e-02 3.08043929e-03 1.35356989e-02
 5.94855100e-03 2.30006099e-01 8.53663497e-03 1.53454882e-03
 5.55732381e-03 1.59735442e-04 1.45756640e-04 7.65296957e-03
 2.69575864e-02 4.59417934e-04 1.19406218e-02 1.22139417e-02
 7.63128400e-02 1.28011853e-01 2.45830882e-03 2.80898460e-03
 2.39700545e-03 1.13452720e-02 7.47608766e-03 2.45395396e-02
 2.29143444e-03 4.87690698e-03 2.35989988e-02 1.65044218e-02
 2.63316394e-03 7.31949182e-03 5.42588113e-03 1.11521315e-02
 4.25479468e-03 1.17689068e-03 7.11098686e-03 8.47568922e-03
 1.71403866e-03 7.06754997e-03 8.45057704e-03 6.56810179e-02
 3.90123692e-04 7.60225439e-03 2.36848974e+00 1.64385070e-03
 2.36973213e-03 3.62373539e-03 1.00424131e-02 5.78666572e-03
 1.73303142e-01 6.05072035e-03 3.90865132e-02 4.49404776e-01
 6.99027956e-01 1.37010503e+00 1.70169072e-03 2.38892215e-04
 6.78719080e-04 7.45201157e-03 2.27653682e-02 1.63387042e-03
 7.68854748e-03 8.53888877e-03 9.75649897e-03 5.80863096e-03
 2.02622847e-04 4.02539558e+01 4.80962768e-02 7.09222019e-01
 5.33569790e-03 3.16845514e-02 4.56484228e-01 2.32740445e-03
 1.11808302e-03 3.45296529e-03 7.19581731e-03 4.09332756e-03
 1.12250843e-03 1.01662809e-02 2.14116857e-03 8.59168917e-03
 2.14493182e-03 2.12324366e-01 1.93656934e-03 3.41688365e-01
 5.59760071e-03 8.34896811e-04 4.95570712e-03 9.34694707e-03
 1.73714943e-03 1.17151090e-03 7.40686208e-02 9.97742712e-01
 1.11216796e-05 2.59746872e-02 9.53650594e-01 5.57011832e-03
 2.59341230e-03 2.25028563e+00 1.69710256e-03 3.87365394e-03
 5.46208816e-03 3.27362912e-03 1.22231292e-02 1.94411702e-03
 6.41900394e-03 1.74258184e-02 8.39989353e-03 3.59464735e-02
 6.54277671e-03 9.55574797e-04 5.67527779e-04 9.64726042e-03
 1.00433212e-02 2.61144310e-01 1.91148035e-02 1.07449908e-02
 8.73377547e-03 4.49201372e-03 9.41354968e-03 1.49904657e-03
 1.39911026e-02 2.37432588e-02 1.18702240e-02 9.54052992e-03
 1.17378011e-02 1.27913542e-02 2.82313768e-03 1.67234349e+00
 9.05313529e-03 6.44117873e-03 1.54415462e-02 2.71355128e-03
 1.53731173e-02 6.30047917e-03 2.06171852e-02 2.22774800e-02
 2.06935592e-02 1.13100279e-02 5.41494228e-03 1.14113344e-02
 5.70679549e-03 5.98950777e-03 2.89511364e-02 1.77730061e-02
 5.00017963e-03 1.06339641e-01 4.87730606e-03 6.29483610e-02
 2.08493788e-03 5.36545694e-01 4.54415567e-04 2.96171457e-02
 3.98972165e-03 5.09322435e-02 5.48346713e-02 3.76973003e-02
 4.98434994e-03 1.64124090e-03 9.99262184e-02 4.32559894e-03
 4.96324431e-03 2.59222925e-01 1.24881277e-03 1.75141962e-03
 4.33359807e-03 3.80841317e-03 6.89200312e-03 1.40536651e-02
 3.44673544e-02 4.52251174e-03 4.73691523e-03 2.88937241e-02
 3.89880314e-02 1.95155898e-03 4.53701708e-03 9.03524924e-03
 6.67126551e-02 4.93287249e-03 3.11241136e-04 3.34179797e-03
 3.15799774e-03 7.44628441e-03 4.50572791e-03 2.62479880e-03
 9.53060947e-03 7.84868240e-01 1.53738722e-01 8.20567645e-03
 1.40430024e-02 1.00746285e-02 7.04459706e-03 1.63026631e-01
 9.16062519e-02 2.86379337e-01 2.46309838e-03 1.08324096e-03
 5.83849661e-03 9.72483493e-03 6.67825621e-03 2.39055306e-02
 7.91395269e-03 6.39060259e-01 1.42595898e-02 4.66648536e-03
 5.61577361e-03 6.89813227e-04 1.65923173e-03 1.99567242e+01
 4.26643575e-03 2.93119345e-03 1.04693212e-02 9.01865121e-03
 1.12310592e-02 8.48523527e-03 1.93440448e-03 5.89370355e-03
 8.62714089e-03 1.16370237e+00 2.60840226e-02 5.29997889e-03
 4.02838411e-03 4.69670538e-03 4.82046604e-03 1.22492183e-02
 4.83162608e-03 3.58706922e-04 5.47935371e-04 2.04389229e-01
 3.20783933e-03 7.17071056e+00 2.53952900e-03 7.17225647e+00
 4.46440652e-03 3.56120290e-04 7.74745131e-04 1.64756388e-03
 1.95608325e-02 1.01793222e-02 1.32180983e-03 1.05067738e-03],-96.46781,-108.98265,-320.45813,1.0828528,5.7396183,0.9548985,0.9294194,10.800089,-20.04352,84.953094,164.27014,2.6628463,0.4498067,0.36615694,-157.10922,157.10922,[4.99953320e+03 2.38015614e+01 3.70577319e+03 1.29932056e+03
 5.00367432e+02 9.83408966e+01 9.21915283e+01 2.61764258e+03
 2.96925087e+01 2.85512676e+01 1.15405340e+01 3.07252750e+01
 8.96153259e+02 1.12801886e+01 6.28128548e+01 1.23979568e+02
 2.17413979e+01 3.94136715e+00 8.70356369e+00 2.71304188e+01
 4.24208212e+00 6.03826237e+00 5.07990234e+02 6.71612310e+00
 6.16109436e+02 1.26067996e+00 4.68167152e+01 2.21106586e+01
 4.28599548e+02 9.02340088e+01 1.07910299e+00 3.70057526e+02
 6.84968376e+00 1.27186523e+03 7.60164118e+00 9.12004232e-01
 7.78196955e+00 4.83025017e+01 4.69816864e+02 9.27665466e+02
 5.75223885e+01 9.42160797e+00 1.49714136e+01 3.36104805e+04
 3.20815460e+02 2.28843799e+03 5.01279373e+01 6.62892914e+00
 2.27141056e+01 1.87397461e+02 5.67653770e+01 1.30897308e+02
 3.90996003e+00 2.15367637e+04 9.40741882e+02 7.91740751e+00
 4.53016901e+00 4.12817210e-01 1.85646619e+03 5.22480698e+01
 7.79029160e+01 1.75909489e-01 1.31917831e+02 1.97702465e+01
 1.28896118e+02 6.35308456e+01 1.30394258e+01 5.89013443e+01
 1.92320053e+02 8.16506386e+00 1.28473114e+02 1.35431982e+03
 3.02907288e+02 2.15108978e+02 4.63604889e+01 2.46811768e+02
 3.80332812e+03 9.03464890e+01 4.10732422e+01 1.69535913e+03
 2.37863342e+02 2.01309967e+02 1.86515102e+01 1.86682327e+02
 2.57524023e+03 6.02910137e+00 6.94992065e+01 2.74696565e+00
 4.85543108e+00 1.16860580e+02 1.56191378e+01 4.86770706e+01
 7.43413115e+00 2.04992599e+02 1.00229979e+01 4.38208435e+02
 4.60908737e+01 2.57353163e+00 6.34333153e+01 1.01158051e+02
 1.18040869e+03 2.00214787e+01 6.66926270e+01 1.35368188e+03
 3.23841949e+02 8.78401489e+01 2.70898402e-01 1.75834846e+01
 3.36968346e+01 3.57609619e+02 6.67060566e+00 1.78667102e+03
 7.19913769e+00 7.21101837e+01 5.78501221e+03 1.24656567e+03
 3.90419159e+02 5.25683746e+01 1.21927722e+03 9.45005989e+00
 2.96732950e+00 1.33827562e+01 3.89773598e+01 2.03839893e+01
 4.17117691e+01 2.21742988e+04 1.85148678e+01 3.92818451e+02
 8.57028275e+01 2.43356186e+02 2.78407936e+01 1.00294257e+03
 2.13026810e+01 4.59581940e+02 1.52908472e+03 9.19153137e+01
 6.16442680e+01 5.84487244e+02 1.42657324e+03 4.18284531e+01
 3.68362091e+02 5.50785027e+01 1.92249756e+02 1.41421986e+01
 3.61763763e+01 1.22267128e+02 2.05603638e+01 1.54722076e+02
 4.66367401e+02 1.13303766e+01 8.53211975e+01 8.23938370e+00
 9.77989685e+02 2.42662231e+02 1.25723200e+01 5.31124115e+01
 4.54729881e+01 1.32521572e+01 1.48836868e+02 1.34628198e+03
 6.09494257e+00 4.37007713e+01 1.57989661e+03 3.93783630e+02
 3.79702644e+01 1.11858101e+01 9.73447266e+01 7.38808594e+01
 9.40478821e+01 1.20573784e+02 3.81435089e+01 1.57523682e+02
 8.96536636e+00 1.36142288e+02 4.29547302e+02 1.73871326e+01
 7.61725545e-01 1.08807526e+02 4.82840996e+01 1.05464673e+03
 1.88086395e+01 1.10413084e+01 8.41029816e+01 2.96253906e+02
 9.20116723e-01 1.06272497e+01 7.34217024e+00 1.36330051e+01
 8.42961693e+00 1.80725342e+03 1.01215302e+02 1.95424835e+02
 2.52200580e+00 3.99136009e+01 1.86284668e+02 5.99609985e+02
 5.02394409e+02 5.62680664e+02 4.35847819e-01 1.01065391e+04
 1.69944077e+01 3.73032495e+03 6.00976562e+02 6.29377060e+01
 6.59737301e+00 1.72674316e+03 1.01286934e+02 1.03913517e+01
 2.50607033e+01 4.85342178e+01 4.24671593e+01 2.22009644e+03
 6.12476234e+01 2.82725868e+01 9.04775574e+02 2.39634058e+03
 5.02108841e+01 2.00839734e+00 5.40550661e+00 9.77684509e+02
 1.81927307e+02 1.42314056e+02 3.67823935e+00 2.23918137e+02
 1.28500574e+03 1.47435535e+03 2.43635416e+00 7.69825821e+01
 7.48570862e+01 3.56722534e+02 3.84320946e+01 5.59712982e+00
 3.80710999e+02 2.01402197e+03 4.92361069e+01 2.04924965e+00
 4.78504944e+01 1.92649288e+01 9.06712830e+02 1.41476035e-01
 1.57156387e+02 5.66741753e+01 2.56352612e+03 9.33381653e+01
 2.16429932e+03 1.34273605e+02 2.71910787e+00 3.06759155e+02
 4.41371346e+00 5.40036850e+01 3.99278229e+02 2.34193984e+04
 7.64204323e-01 6.99582958e+00 1.73327637e+02 9.09000587e+00],896.0447,[5.26309961e+03 1.47019167e+01 2.97312476e+03 2.65614380e+03
 4.22028198e+02 1.54872574e+02 5.81343262e+02 3.94087256e+03
 4.88753204e+01 2.95512962e+01 2.73439717e+00 2.03351402e+01
 4.84444092e+02 8.19569778e+00 2.36872803e+02 1.00159302e+02
 5.02155800e+01 3.70336390e+00 9.66014957e+00 3.31824613e+00
 6.44582081e+00 1.13906479e+00 3.03708252e+02 1.29559746e+01
 1.68485425e+03 5.27776003e-01 7.15350494e+01 2.19605350e+00
 1.55387817e+03 5.66400566e+01 3.34421997e+01 5.18403748e+02
 3.66908798e+01 2.03006836e+03 2.68540382e+01 1.12238235e+01
 6.41574326e+01 5.21733379e+00 4.18950806e+02 1.24028943e+03
 5.63002930e+01 6.64989929e+01 7.42316132e+01 2.52032812e+04
 1.92621246e+02 3.43686256e+01 3.83422318e+01 3.00382781e+00
 8.70102882e+00 4.54362854e+02 4.87938385e+01 5.33403053e+01
 1.22528970e+00 1.48378479e+00 4.26208008e+02 1.73112488e+02
 2.14397049e+00 1.07195158e+01 1.30759583e+02 1.56815207e+00
 1.73429504e+02 2.46676713e-01 1.33610931e+02 2.11121979e+01
 7.69965057e+01 1.65852966e+02 4.29741631e+01 5.81545372e+01
 2.18157440e+02 3.16320705e+00 2.08315849e+00 1.55148499e+03
 3.29195374e+02 2.55387554e+01 5.08338203e+01 1.36464737e+02
 3.74814502e+03 1.15897797e+02 3.12977676e+01 1.54448853e+03
 3.27919891e+02 4.33934259e+00 4.45732832e+00 4.06946182e+01
 2.89876172e+03 9.18185791e+02 8.86970758e-01 3.08427448e+01
 6.92687631e-01 1.65177811e+02 2.60874748e+01 3.71565056e+01
 3.65806770e+00 2.01398895e+02 3.83433266e+01 1.68493213e+03
 1.67662582e+02 3.23184662e+01 1.30777874e+01 1.66082947e+02
 1.86725197e+01 2.58307552e+01 1.61063904e+02 1.88535364e+03
 9.36505066e+02 1.36539017e+02 3.22069943e-01 1.25957298e+01
 2.81354084e+01 1.02777271e+03 9.56428242e+00 4.60656509e+01
 3.55132599e+01 1.60336578e+02 6.17757617e+03 1.08162415e+02
 2.00409033e+03 2.25522110e+02 7.15483459e+02 5.51300507e+01
 3.87720847e+00 1.02671919e+01 5.68166771e+01 1.15395679e+01
 9.11795044e+01 1.67317200e+01 2.02430668e+01 8.35820251e+02
 4.37252197e+02 2.10891846e+02 1.27793884e+01 5.42586243e+02
 2.78469791e+01 1.06036766e+02 1.78012781e+03 1.88020630e+01
 6.70725098e+01 1.59200180e+02 1.96167212e+03 2.68366814e+00
 4.48595703e+02 3.07054176e+01 5.93051270e+02 9.81240387e+01
 3.56056261e+00 4.54599731e+02 2.51719654e-01 7.72942810e+01
 1.00757275e+03 1.13562794e+01 1.20960083e+02 1.10223210e+00
 4.41268463e+02 9.43792725e+00 2.98786392e+01 1.74514179e+01
 1.25085316e+01 1.46527367e+01 2.36736786e+02 1.10442188e+03
 2.11343803e+01 1.98803577e+01 1.45615894e+03 3.97125149e+00
 6.01966171e+01 4.24143171e+00 1.31284454e+02 1.27027252e+02
 1.04116310e+02 3.73747749e+01 3.70079651e+01 2.51764023e+02
 4.26326799e+00 2.18426300e+02 5.56008057e+02 1.37019100e+01
 1.11714315e+00 1.43447327e+02 3.25302963e+01 6.91236191e+01
 1.45929108e+01 2.81839333e+01 8.96842728e+01 3.95938080e+02
 2.81727076e+00 6.50565262e+01 4.09827828e-01 1.07321959e+01
 4.73013344e+01 6.97073120e+02 2.69866272e+02 7.09146202e-01
 9.96758521e-01 1.80150280e+01 2.40024017e+02 4.34159088e+02
 1.24143945e+03 2.08111420e+02 1.25911102e+01 1.72347910e+04
 1.49034061e+01 8.85954163e+02 1.24557495e+03 3.03731308e+01
 3.58807755e+00 7.46268234e+01 3.54445496e+01 1.08826313e+01
 1.22093267e+01 2.32350197e+01 7.42287521e+01 1.73359497e+03
 2.08397865e+01 2.06251919e-01 7.60756226e+02 3.13312427e+03
 1.15042725e+01 2.89597969e+01 1.02383041e+01 3.06819183e+02
 9.02406769e+01 1.34596634e+02 1.09253645e+00 1.01527496e+02
 2.01940323e+02 3.06275586e+03 2.03351021e+00 1.90476379e+01
 3.79902458e+01 7.64165955e+01 4.61019379e+02 3.12030983e+01
 8.12664490e+02 5.62987610e+02 3.39021378e+01 1.15581036e+00
 1.46101732e+01 5.46168208e-01 2.60404877e+02 1.92238820e+00
 4.58293457e+01 3.23733444e+01 3.26379211e+02 8.06731644e+01
 4.35992615e+02 1.29446808e+02 4.88291025e+00 1.15957451e+02
 5.06284523e+00 9.04427624e+00 4.48005798e+02 1.07405045e+02
 3.41050625e+00 1.49039297e+01 1.33043030e+02 4.76651287e+00],-102.96876,-169.72412,-341.0899,2.6484075,20.609343,1.0448878,0.9591453,0.015053972787857056,7876.790087223053,0.5,0.5,0.06410524705415599,-0.0006353483672491956,0.06410145279043786,-7.032615005181211e-05,36.09403882480669,37.59999999999999,0.0,499500.0,-1.0,-762.0,750.0,12.005280256271362,500000
103.10567,0.012220261,0.040974658,0.0005978995,-102.6837,102.6837,[1.0125047e-03 4.0884694e-04 6.6450151e-04 3.7227583e-05 8.0937898e-04
 5.6666904e-05 2.3222440e-03 3.7647464e-04 5.3248657e-03 6.5983098e-04
 1.3247953e-01 2.4439073e-03 1.3686046e-03 6.6597131e-04 8.0765467e-03
 5.0718739e-04 2.0402272e-03 2.0663332e-02 2.4744525e-04 1.3571666e-03
 2.6323084e-02 2.7551628e-03 2.0644613e-02 1.3966230e-05 6.9802656e-04
 1.4382396e-03 3.7547579e-04 1.9275611e-03 6.9644349e-04 8.4268360e-04
 6.9128661e-03 8.1734010e-04 8.0810656e-04 1.7018919e-03 4.7741361e-02
 1.3918909e-03 2.3459608e-05 2.8550858e-05 9.2575006e-04 2.8824550e-04
 1.8402678e-04 3.8957312e-03 4.2358000e-04 2.0570928e-02 1.5495368e-03
 2.3850836e-03 3.9389431e-03 1.5647383e-03 8.9900181e-02 1.3612185e-03
 4.1777559e-04 2.4971092e-04 2.1279599e-03 5.4331175e-03 2.7009296e-01
 2.3316786e-02 4.8286706e-04 4.9357471e-04 3.2091799e+00 2.1674185e-01
 3.2158736e-03 6.8100402e-05 1.6950876e-03 1.3962074e-03 3.1628937e-03
 1.3601289e-02 9.7140158e-03 4.6487795e-03 9.2548002e-03 2.1836774e-03
 8.7763228e-02 1.4772551e-04 1.0431254e-01 1.3982080e-01 6.1914050e-03
 1.3746388e+00 1.2809716e-03 5.9458433e-04 2.3259022e-03 1.1830374e-03
 3.2941476e-03 6.4190646e-04 5.5904733e-04 6.1571100e-03 3.8479243e-03
 1.3451441e-02 1.0313330e-02 6.7059259e-04 4.1584461e-03 3.7950050e-04
 1.1642911e-03 1.2609791e-03 3.9865822e-03 9.5039053e-04 1.9235933e-01
 3.3188439e-03 2.4570251e-04 4.7416952e-03 1.2478151e-04 2.4480076e-04
 8.3907630e-04 2.9812549e-04 1.1890971e-03 6.1158683e-02 3.1135990e-03
 4.6957037e-01 4.3308334e-03 1.0459713e-04 3.0004932e-03 1.4972398e-03
 1.8787235e-03 3.3638611e-02 4.0751547e-03 2.9086976e-03 2.0180959e-01
 6.9631590e-03 1.6220997e-03 1.8566092e-03 3.1742394e+00 5.5930717e-03
 1.5857012e+00 2.7066788e-03 1.7568202e-01 1.3889978e-03 9.6741278e-04
 2.8583913e-03 2.6067789e-03 5.1463777e-03 3.9486876e-03 2.2697198e-04
 4.7039246e-04 2.0393424e-03 2.1624523e-03 2.4936399e-03 1.0434209e-02
 1.1397982e-03 1.3696479e-03 1.0611771e-03 1.1822993e-03 7.6460516e-01
 1.4878653e-03 7.3449651e-04 7.4010855e-03 3.3941685e-04 5.1042862e-04
 4.0039333e-04 4.0363689e-04 2.0032119e-02 3.8771566e-03 9.3541399e-05
 1.1356373e-03 2.4954067e-03 6.1136490e-04 2.4184101e-04 1.7259605e-03
 2.8241375e-03 3.9312793e-03 8.2365010e-04 1.0978200e-03 2.0326530e-03
 6.6830689e-04 7.1561402e-03 4.1014194e-03 6.8553910e-03 1.4244251e-01
 4.0353421e-04 1.5735859e-03 4.9306322e-03 3.2717085e-03 7.3928852e-04
 4.9882405e-04 1.1738630e-02 1.2245898e-03 2.5547878e-03 1.1822465e-03
 4.7229435e-03 3.4324438e-03 9.8389166e-04 6.3844658e-03 9.0719602e-04
 5.6701573e-03 7.3579990e-04 1.6159262e-03 2.9129258e-03 5.7975121e-05
 1.1499519e-02 5.1451419e-03 1.8671681e-03 1.5506736e-04 4.7492612e-02
 1.3837244e-03 3.6962673e-02 8.9418273e-03 9.0918884e-02 6.1799623e-03
 3.1818994e-03 1.5227070e+00 1.1284940e+00 2.0623151e-03 1.2670076e-03
 3.1074411e-03 2.6463444e-04 8.1686955e-03 6.0328236e-03 1.3783254e-04
 4.3321052e-04 6.7501762e-03 2.8552436e-03 7.6860981e-04 9.7804866e-04
 3.0060394e-02 2.3974463e-02 1.8704741e-04 1.8223930e-02 4.0005855e-02
 4.6395212e-02 5.5803370e-04 6.6924477e-03 7.4154101e-03 4.6644253e-03
 6.9081578e-03 1.2972119e-04 4.4742000e-04 8.8728790e-04 4.6273218e-03
 7.9877023e-04 2.5237375e-03 1.1647232e-01 2.7140924e-03 3.9179542e-04
 6.1175786e-03 4.2281672e-03 2.1868648e-03 4.8952427e-02 8.7275007e-04
 4.0653092e-04 1.6874116e-02 3.0752388e-04 2.1176350e-03 1.0304356e-03
 4.0294761e-03 6.3139331e-03 2.3257323e-03 2.1252318e-03 1.8746783e-03
 3.2134593e-04 7.4659393e-04 7.7124132e-04 2.3722399e-03 7.1786309e-04
 4.1342266e-03 1.3566320e-03 2.6965272e-01 9.9050347e-03 2.9069593e-03
 1.4763584e-03],0.121839784,[4.68671788e-04 7.92981882e-04 3.98500403e-03 1.21547049e-03
 1.53763383e-03 7.24397891e-04 1.39908679e-03 4.64971468e-04
 2.42516515e-04 7.94642256e-04 1.43164083e-01 9.69241955e-04
 8.20774410e-04 8.78094521e-04 4.15719021e-03 1.30486325e-04
 1.87041680e-03 6.11988944e-04 5.56766579e-04 1.02785707e-03
 7.88447261e-02 1.17819076e-02 2.23801639e-02 2.18616915e-05
 8.75168596e-04 3.68196634e-04 3.10673437e-04 4.49065259e-03
 4.78056318e-04 1.49167655e-03 1.42726698e-03 9.17550467e-04
 4.42856271e-03 1.43153220e-03 8.64772964e-03 7.14395428e-04
 5.94282581e-04 2.23773951e-03 3.16156598e-04 3.20891151e-04
 6.84095372e-04 9.65044019e-04 1.59028964e-03 1.11901108e-02
 2.70817254e-04 4.08142863e-04 1.13425553e-02 2.42128794e-04
 6.95986673e-02 4.03718092e-03 6.12699077e-04 4.28053376e-04
 3.99791228e-04 1.12208596e-04 7.23772794e-02 2.20861961e-03
 1.85531867e-03 4.78608184e-04 2.03336298e-01 2.67731071e-01
 7.82571093e-04 4.43809957e-04 8.31055280e-04 8.51817953e-04
 2.08529935e-04 4.97253705e-03 1.04374476e-01 3.48081952e-03
 2.97030620e-03 1.46660046e-03 2.13197060e-02 5.30553807e-04
 2.39294693e-02 4.96220350e-01 1.38669764e-03 4.91153717e-01
 1.18008279e-03 8.55716062e-04 2.47570802e-04 8.88729119e-04
 9.48176312e-04 1.25334458e-03 1.45416660e-03 8.62386450e-03
 1.74306519e-03 3.24603228e-04 1.98086072e-03 2.72716885e-03
 4.39831056e-04 5.28070377e-04 3.29569401e-03 1.08295353e-03
 1.78262708e-03 1.56339398e-03 2.86779981e-02 2.13967101e-03
 6.44457759e-05 4.55344841e-03 8.50806246e-05 4.56376292e-04
 1.60088064e-03 4.68703511e-04 2.94366037e-04 7.80251846e-02
 1.07460259e-03 1.20375717e+00 3.33465636e-04 2.77567306e-05
 2.04793457e-03 9.04824876e-04 1.56617211e-03 2.03304254e-02
 1.40694110e-03 4.89595404e-04 4.55402470e+00 1.68078137e-03
 5.79390733e-04 4.58269438e-04 1.45975798e-01 1.95034454e-03
 1.10000324e+00 8.07967270e-04 1.26576757e+00 9.79067991e-04
 1.43522839e-03 6.58217177e-04 2.31413229e-04 1.55067793e-03
 3.04275937e-03 1.84198900e-04 2.93970399e-04 2.42780638e-03
 5.27435739e-04 1.74633949e-03 8.93997494e-03 7.76787347e-04
 8.91760574e-04 3.34994541e-03 1.94116100e-03 2.54487872e-01
 2.50479579e-03 3.61333392e-03 1.74039882e-03 8.34483886e-04
 7.94168853e-04 2.57497013e-04 8.06147058e-04 8.51390883e-03
 1.01681007e-03 3.11813375e-04 1.30016881e-04 1.55209401e-03
 1.37282186e-03 2.24094652e-03 2.90025957e-04 2.11546710e-03
 1.39181560e-04 2.05855491e-03 9.14312259e-04 1.36241922e-03
 4.78018599e-04 6.47121167e-04 4.47355676e-04 1.35898183e-04
 1.42211020e+00 8.70528165e-04 8.40563152e-04 2.04369705e-03
 6.82123064e-04 1.45407743e-03 8.03280855e-04 5.82383072e-04
 1.15581905e-03 6.70127629e-04 1.25186262e-03 2.53442861e-03
 2.33565690e-03 8.66091112e-04 1.31518394e-03 1.24955014e-03
 6.37888303e-03 2.74575478e-03 9.35207237e-04 1.23542547e-03
 2.80461099e-04 2.56142113e-03 3.22757382e-03 2.51915865e-03
 8.31289799e-05 1.35921896e-01 3.53708630e-03 3.29286559e-03
 2.52440758e-03 3.00163776e-02 7.13008456e-03 8.96253623e-05
 1.33696520e+00 5.37816882e-01 5.00986469e-04 3.45855078e-04
 1.47634582e-03 2.93164165e-04 5.01526054e-03 4.30771208e-04
 1.40773389e-03 4.84964403e-04 1.10539421e-03 3.10918782e-03
 5.38362423e-04 1.60232652e-03 2.75713298e-03 7.52740875e-02
 1.04514183e-04 3.28620058e-03 4.55672368e-02 3.46668600e-03
 3.36175144e-04 5.94010064e-03 4.47506609e-04 5.20344474e-04
 8.44208337e-03 6.91169873e-04 5.19477879e-04 1.08532817e-03
 1.63739873e-03 4.09493223e-04 4.94140685e-02 4.62228775e-01
 1.42605742e-03 1.10238371e-03 1.35228690e-03 1.85812882e-04
 1.06281717e-03 4.14146006e-01 9.29313537e-04 8.51855846e-04
 3.08642676e-03 7.56155525e-04 1.10496301e-03 4.89014899e-03
 2.87118659e-04 3.32639087e-04 7.32346496e-04 7.14028720e-04
 1.21907331e-03 5.40109468e-05 1.14835857e-04 1.16542040e-04
 6.19606406e-04 1.03943306e-03 1.28139334e-03 2.30531732e-04
 9.42735767e+00 9.03753005e-03 4.54544835e-03 1.69482222e-03],-96.587234,-105.78537,-365.50232,1.0386317,1.4419038,0.9973778,0.92811257,2.1604598,-1.6853871,20.5542,171.97653,2.7380981,0.5071005,0.40647513,-164.16743,164.16743,[2.50666404e+00 4.28581573e+02 1.32952271e+03 1.36464508e+02
 3.41373405e+01 9.65195370e+00 1.20009900e+03 4.14262657e+01
 4.44979150e+03 3.76155078e+03 9.54397392e+00 4.01214943e+01
 5.48671722e+00 8.88136597e+01 2.49585831e+02 1.30443192e+01
 2.05950108e+01 8.20441406e+02 4.19084091e+01 4.21831970e+02
 1.99611038e+02 2.12335701e+01 1.44232225e+00 6.58795471e+02
 3.59253454e+00 4.75399536e+02 1.93128113e+02 2.76829132e+02
 2.23665314e+01 2.96766167e+01 4.98106384e+01 8.28617935e+01
 3.25904932e+03 1.64478198e+03 7.29465210e+02 7.78099518e+01
 1.43063965e+02 4.32178993e+01 4.28639946e+01 1.52230493e+03
 3.96769428e+00 3.03166828e+01 1.52913681e+02 5.20965385e+01
 1.33798547e+03 8.33638000e+01 4.54495508e+03 1.20786074e+04
 3.96430445e+00 5.15335815e+02 1.13162854e+03 2.95020142e+03
 4.08503990e+01 3.08298413e+03 3.19033127e+01 3.26896286e+01
 1.21392956e+01 5.04229065e+02 2.26322192e+03 2.11247635e+00
 6.65239716e+00 2.83676208e+02 9.85282837e+02 5.66296673e+00
 1.64034653e+00 5.35559509e+02 1.17372818e+02 2.17786914e+04
 2.83128021e+02 1.51707306e+01 3.91893005e+01 1.49427891e+01
 1.12823898e+02 1.20627365e+02 3.81279182e+00 7.26351261e+00
 2.69997253e+02 2.70623999e+03 3.25823486e+02 3.62648582e+01
 3.35273719e+00 4.44752228e+02 3.06496010e+01 7.61603775e+01
 4.95443802e+01 1.90831888e+00 4.97276001e+01 5.78576465e+03
 4.57636621e+03 5.76901674e+00 3.09293518e+02 3.23789764e+02
 1.68187675e+01 4.43704254e+02 1.59667993e+03 3.17166367e+01
 8.44382172e+01 5.22400017e+01 2.13230811e+03 1.45937943e+02
 2.84747562e+01 1.35926285e+02 1.26810904e+01 1.97761383e+01
 4.41618701e+03 3.03857971e+02 1.23942467e+02 3.95131378e+02
 4.69310638e+02 7.16441803e+01 1.29149805e+03 2.16553076e+03
 1.78460510e+03 1.25247086e+02 2.82992004e+02 6.87340820e+02
 2.11338928e+02 3.00372833e+02 4.11098576e+00 2.65193939e+00
 1.16749678e+01 5.22869385e+03 9.91863022e+01 9.52055130e+01
 1.83452570e+00 5.81183044e+02 4.90433289e+02 7.51717896e+02
 5.90572168e+03 1.25109436e+02 8.50396729e+01 9.68501740e+01
 1.61555135e+00 1.14534435e+01 1.91318939e+02 1.99881714e+02
 1.00234280e+01 2.86048248e+02 4.79165840e+01 4.17070198e+01
 1.26337700e+01 3.10772114e+01 3.11321449e+01 4.69069386e+00
 1.53297081e+01 4.09052673e+02 1.50018188e+02 2.18849731e+02
 8.09661255e+01 5.75187187e+01 1.32052597e+02 1.30110748e+02
 6.60633945e+00 1.42505200e+03 2.60428925e+01 5.73781860e+02
 2.21389914e+00 1.05753258e+02 2.83604288e+00 4.88608475e+01
 4.40096436e+02 1.14247952e+01 3.16117767e+02 4.32997246e+01
 8.50230157e-01 1.00449683e+03 1.33707714e+01 3.66772644e+02
 1.37108704e+02 3.45907745e+01 1.21363668e+01 3.02911911e+01
 3.00511303e+01 1.25912170e+02 1.99724884e+01 2.04210587e+02
 4.41190987e+01 9.74975510e+01 3.23208160e+01 1.01901917e+02
 6.93136292e+01 1.05419090e+02 1.44924164e+02 1.21757460e+01
 5.49010925e+02 3.74665771e+02 1.59586829e+03 2.38780716e+02
 4.36861603e+02 1.47240875e+02 9.13964844e+02 6.32383667e+02
 3.23859978e+00 6.76461077e+00 2.29467354e+01 1.01748749e+02
 9.18568573e+01 4.13570752e+03 2.52095776e+01 4.23135300e+01
 1.53873672e+02 2.17247498e+02 3.08271393e+02 3.62949463e+03
 5.52891617e+01 1.25207312e+03 6.13667374e+01 7.14553680e+01
 1.20847673e+01 4.36093102e+01 4.55207329e+01 2.59093990e+01
 1.45484818e+02 1.91050587e+01 2.47234974e+01 1.81780701e+02
 1.23380232e+01 1.95718441e+01 2.03208420e+02 1.14563257e+03
 1.56042648e+02 9.04024353e+02 1.14033818e+00 3.19387283e+01
 5.04919195e+00 5.25753708e+01 4.88542824e+01 2.41333904e+01
 5.32400818e+01 4.07063049e+02 3.76441193e+01 2.25028534e+01
 5.99663086e+01 3.71939911e+02 2.40724316e+01 4.96766357e+02
 4.04417419e+01 6.32012320e+00 5.98203491e+02 5.00742401e+02
 3.72376404e+01 1.13104919e+02 3.64598999e+01 2.86360425e+03
 2.31808257e+00 5.55659943e+01 2.69483203e+03 3.77742627e+03
 1.47655884e+02 4.22088966e+01 2.04580860e+01 5.45127411e+01
 1.90303357e+03 1.46059942e+00 3.73300018e+02 1.33247261e+01],683.1683,[5.69657946e+00 3.54840149e+02 9.10618408e+02 2.05748367e+01
 2.07665604e+02 3.65681114e+01 1.09919529e+01 2.15605202e+01
 9.43310974e+02 2.94155212e+02 1.49653358e+01 2.95157967e+01
 5.41817236e+00 4.93464203e+01 7.24479004e+02 5.82246513e+01
 1.48524494e+01 5.16407280e+01 5.69552612e+00 1.92751807e+03
 2.01648529e+02 3.77772369e+01 1.55481231e+00 3.82540833e+02
 4.58419418e+00 2.92791214e+01 9.36246185e+01 2.19549118e+02
 2.12374115e+02 5.94026855e+02 1.98795280e+01 2.96102734e+01
 2.33168457e+03 1.04639795e+03 3.16156036e+02 4.95247574e+01
 1.57391068e+02 1.91258850e+01 1.01681433e+01 7.14588135e+02
 2.15952702e+01 2.78605835e+02 3.52684937e+02 2.68443451e+02
 2.02748840e+03 9.12356415e+01 5.43048926e+03 3.72064404e+03
 2.41886063e+01 1.95677414e+01 1.18700745e+03 1.42653223e+03
 3.07515574e+00 9.15731628e+02 7.00270844e+01 4.04141808e+00
 1.16292405e+00 4.50879395e+02 1.62561060e+03 1.05795670e+01
 1.78242195e+00 3.03309288e+01 4.38071289e+02 2.92743622e+02
 1.03765905e+00 1.04642700e+03 1.80975250e+02 2.37410698e+01
 3.94515930e+02 3.56785321e+00 2.72063866e+01 7.99672842e-01
 5.54935684e+01 2.90207397e+02 9.06263441e-02 3.45718193e+01
 1.06167404e+02 3.07907959e+03 2.30889868e+03 9.83916016e+01
 1.67463646e+01 1.02332648e+03 1.36449614e+01 3.39074615e+02
 9.53995819e+01 1.67848575e+00 4.19850426e+01 2.19056958e+03
 7.08432800e+02 9.40135956e+00 2.52552395e+01 2.97799053e+01
 1.73755703e+01 3.19700867e+02 7.47451782e-01 4.27744007e+00
 3.47565689e+01 4.53707085e+01 4.14534332e+02 3.71210999e+02
 4.82035408e+01 1.77360641e+02 6.10989571e+00 1.17695961e+01
 1.33763306e+03 1.89716415e+01 2.99659637e+02 3.74526550e+02
 3.24140045e+02 8.19637146e+01 9.65610840e+02 4.37495575e+02
 2.51046313e+03 3.24680061e+01 5.15054245e+01 2.50111435e+02
 2.81721588e+02 2.41405773e+01 4.89918089e+00 8.48947838e-03
 5.31675577e+00 9.45207031e+03 1.89598175e+02 4.92793846e+01
 1.03663257e+03 2.29146436e+03 2.49410522e+02 5.09481232e+02
 3.11786011e+02 1.76429642e+02 9.35942383e+01 1.58204056e+02
 2.01978397e+01 1.60853138e+01 5.55222473e+01 2.78157496e+00
 2.13581872e+00 2.23481703e+00 4.20670395e+01 1.68907349e+02
 1.35068115e+02 1.69761982e+01 1.07508148e+02 3.24402571e+00
 7.87515688e+00 2.15064106e+01 2.14303528e+02 7.38255920e+01
 8.33220005e+00 5.62924728e+01 1.35615036e+02 1.38561417e+02
 1.83792114e+01 1.77078659e+02 5.20366402e+01 1.01595581e+02
 1.93379879e+00 1.36255188e+02 7.45611286e+00 1.33566332e+01
 8.44265289e+01 4.68348503e+01 9.65486938e+02 1.57249098e+01
 2.31066494e+01 1.63821777e+03 4.12957153e+01 4.50249054e+02
 1.69809711e+00 4.93284225e+01 3.56584549e+01 6.10677986e+01
 7.49211073e+00 2.08630786e+03 4.60287571e-01 1.69898422e+02
 6.65892944e+02 1.24489510e+02 2.85611000e+01 1.06993210e+02
 1.11884109e+02 8.44030151e+01 1.42376282e+02 2.99036694e+00
 9.50215149e+02 3.65584351e+02 1.33612659e+03 4.69475922e+02
 1.00326587e+03 2.15776398e+02 5.33822021e+01 6.09997139e+01
 1.34445831e+02 6.50227249e-01 2.26116505e+01 7.69571960e+02
 3.40647736e+01 1.81233923e+03 7.53894472e+00 2.78643951e+01
 1.47893152e+01 7.81090149e+02 2.75864075e+02 1.24123907e+01
 5.01031952e+01 1.80207861e+03 1.53079163e+02 3.40008728e+02
 5.38511324e+00 1.08589687e+01 7.69323425e+01 8.16673374e+00
 1.82159424e+01 9.84537506e+01 2.48960514e+01 1.10780922e+02
 5.59077530e+01 1.56373048e+00 6.78128052e+01 1.03155273e+03
 1.33003494e+02 1.10428479e+03 3.34235859e+00 2.19162202e+00
 1.56669199e+00 6.97387552e+00 1.87560444e+01 7.92352533e+00
 1.11666751e+00 8.85165100e+02 4.48530273e+01 2.90534454e+02
 2.11010909e+00 4.73831360e+02 1.94372349e+01 5.25613159e+02
 5.65232391e+01 4.55953074e+00 1.01766901e+01 5.45253479e+02
 6.11143410e-02 1.01972588e+02 1.59163132e+01 3.45902313e+02
 1.34136536e+02 3.12858490e+02 2.33928784e+03 2.53547925e+03
 7.14152527e+01 6.70426712e+01 1.42617874e+01 1.60725815e+02
 1.71042725e+03 1.17588878e+00 2.24089462e+02 8.19888458e+01],-102.74143,-177.6482,-340.75378,2.752267,22.717499,1.0347033,0.96211004,0.016115845165252687,8279.686258077621,0.5,0.5,-0.008894383145652328,0.0012219071571457792,-0.008790122121796511,0.0019352239462427894,-0.2226807376318873,37.59999999999999,0.0,525000.0,-1.0,-771.0,750.0,10.326913833618164,525000
103.33046,0.02853604,0.045524653,0.000552242,-102.84668,102.84668,[2.1264961e-03 6.6331164e-03 4.9030767e-03 1.2106395e-03 2.0482133e-03
 1.0542860e-02 9.9772750e-04 6.2906072e-03 7.3994598e-03 2.2838959e-03
 3.9660549e-03 3.2627201e-03 3.6081099e-03 4.6020579e-03 2.8704293e-04
 5.4892544e-03 6.3438662e-03 1.2274480e-01 3.8720989e-03 4.0803533e-03
 1.7043427e-03 4.8676520e-03 1.3273892e-03 1.4961070e-01 7.6085711e-03
 1.6164431e-02 3.4862231e-03 1.7335361e-03 1.2630841e-04 1.5143421e-02
 3.6037315e-03 7.3796315e-03 2.8146715e-03 1.7833442e-03 3.8079512e-03
 2.4200971e-01 2.1129556e+00 1.0178718e-03 5.0149541e-03 1.1968869e-02
 9.9321948e-03 4.5765885e-03 3.1111469e-03 5.3918790e-03 8.1988829e-01
 9.6376017e-03 5.2444171e-03 1.9518454e+00 7.0519438e+00 1.8449006e+00
 4.0033972e-03 3.3162881e-03 4.8179879e+00 5.7091359e-03 3.6110580e-03
 5.8269054e-01 7.0641856e-03 1.3442750e-03 3.7357528e-03 2.7242403e-02
 9.6740657e-03 6.2844527e-01 5.4581894e-04 3.4758335e-03 1.2130925e-03
 2.0269586e-03 2.5249752e-03 2.2303709e-03 3.3175079e-03 6.3819950e-03
 4.9366732e-04 2.4630062e-02 1.0715497e+00 6.2252157e-03 6.3957437e-03
 8.1199249e-03 2.9050633e-03 1.0289267e-03 2.4121946e-03 5.6810644e-03
 1.2687589e-03 4.6552531e-03 1.2310348e-03 5.6228847e-03 2.8566653e-03
 1.6883206e-02 7.5811325e-03 7.0406813e-03 3.8934499e-03 2.1980359e-04
 5.1025052e+00 3.3751398e-03 9.7269920e-04 9.4456784e-03 3.3482381e-03
 1.7559629e-02 6.8509961e-03 9.7650615e-03 1.1086900e-02 8.9578470e-03
 4.1409545e-03 2.9614216e-03 1.5333772e-02 5.0288928e-03 9.7483434e-02
 9.2317378e-03 7.5230992e-04 1.8896952e-02 3.6391513e-03 1.4640823e-02
 2.4805074e+00 2.3908149e-03 4.6877288e-03 7.5675175e-03 5.4503530e-03
 3.5577177e-03 5.3557819e-01 4.0692966e-03 2.1771700e-03 1.5410158e-04
 1.7798578e-03 1.6250499e-03 3.0740472e-03 2.6149205e-03 3.2662344e-03
 3.0152448e-03 1.1453798e-02 4.8709732e-02 7.8230882e-03 1.4501460e-02
 8.3954427e-03 6.5016225e-03 3.3181873e-03 2.1296170e-02 7.3426142e-02
 1.1603292e-03 7.2077001e-03 1.4008223e-03 3.7876740e-03 5.6896675e-03
 3.0604727e-03 1.0872893e-02 1.6497970e-02 1.8604781e-02 3.0647480e-04
 3.5363280e-03 1.8831927e-01 4.7023764e+00 2.0763632e-03 3.1283218e-03
 2.6185627e-03 7.3925816e-03 6.9696577e-03 6.2703440e-04 2.8438402e-02
 3.6387322e-03 4.5471184e-04 4.3265321e-03 3.5047520e-02 8.8279753e-04
 9.7003644e-03 9.4738789e-03 3.2674205e-03 3.2127732e-03 5.6231292e-03
 3.8429588e-02 6.7410874e-03 6.9833626e-03 9.3497541e-03 9.8920735e-03
 1.5478021e-01 2.9462986e-03 1.1366950e-03 1.3121613e+01 6.8759769e-03
 1.2384066e-03 2.7280815e+00 4.9263039e-03 2.7792251e+00 4.4739088e-03
 4.6085551e-02 4.9542799e-03 2.9557853e-03 2.5104219e-03 1.8287025e-02
 3.6358063e-03 2.6265441e-03 2.1422617e-02 9.9304235e-03 1.0223991e-02
 3.4212985e-03 3.6301885e-03 4.0503889e-03 2.1604139e-02 2.1333159e-03
 6.3965302e-03 6.1877463e-03 9.9913962e-03 2.3872058e-03 2.7488200e-03
 4.3130689e+00 3.9133714e-03 9.6473759e-03 3.8103051e-03 6.1007938e-03
 5.5962256e-03 2.6177818e-01 1.2967820e-02 5.3479815e+00 4.5429133e-03
 2.6680306e-03 4.2741224e-03 3.2456547e-03 4.1797198e-03 1.5240186e+01
 8.1599746e-03 5.9608519e-03 4.8861033e-03 5.3891987e-03 4.2723166e-03
 5.5431379e-03 2.7585134e-04 6.7794649e-03 1.4296931e-03 1.1397300e-03
 7.5447261e-03 3.9255945e-03 2.2285898e+00 1.1990669e-03 3.8357324e-03
 1.5043393e-03 1.0169225e-03 8.2010627e-03 5.8975875e-02 1.1313993e-02
 4.9943244e-03 6.6592628e-03 5.0141327e-03 1.6960718e-03 1.6931924e-03
 3.3576828e-03 1.3826671e-03 1.3355649e-02 1.4531037e-02 1.1931431e+01
 3.5351838e-03 8.7177167e-03 7.1614855e-03 3.6650226e-03 4.3566958e-03
 2.3642380e-03 5.1817419e-03 3.2700254e-03 7.4138731e-04 1.2522507e-03
 2.5138715e-03],0.28608942,[1.84788648e-03 1.87282125e-03 6.82774326e-03 1.87570695e-03
 2.18606181e-03 3.98146501e-03 1.09078654e-04 6.51091849e-03
 1.08996723e-02 8.92402837e-04 3.90634453e-03 3.30526056e-03
 3.05237295e-03 4.00944427e-03 1.22427242e-03 5.09052863e-03
 4.86045470e-03 9.79593098e-02 3.55734397e-03 1.14379171e-03
 1.29957055e-03 3.95874213e-03 1.48162362e-03 1.24458313e-01
 7.61825638e-03 1.44044384e-02 3.00102052e-03 6.31021243e-03
 1.29616470e-04 1.66242383e-02 7.75211863e-03 1.02215391e-02
 2.58932286e-03 1.69028435e-03 4.41325456e-03 4.29197311e-01
 6.20026708e-01 8.68274947e-04 4.84560058e-03 1.17416918e-01
 1.05976481e-02 5.81257325e-03 3.97605076e-03 6.97857328e-03
 4.15467739e+00 9.67887603e-03 7.44614797e-03 7.55647182e-01
 1.22543895e+00 3.02060485e-01 5.67667000e-03 3.09060561e-05
 8.68403733e-01 1.06955776e-02 4.46785521e-03 1.98153520e+00
 6.49213232e-03 1.47561589e-03 6.79618865e-03 1.33424588e-02
 9.31436568e-03 8.15647006e-01 1.53515534e-03 2.95158126e-03
 1.25848036e-03 2.27530189e-02 2.49626022e-03 1.13468850e-03
 7.39797542e-04 5.62140578e-03 6.87177817e-04 1.50540844e-02
 1.16555893e+00 3.46941524e-03 9.88452043e-03 5.89920301e-03
 2.94199679e-03 1.77872623e-03 1.65484170e-03 5.35028521e-03
 1.64259039e-03 3.68663133e-03 2.42467783e-03 5.38189244e-03
 3.07817431e-03 1.37313912e-02 6.36900589e-03 4.11066040e-03
 2.93701352e-03 3.11269250e-04 1.38026744e-01 4.01384616e-03
 2.26642308e-03 8.83027259e-03 3.20002087e-03 1.76656451e-02
 6.85038650e-03 1.04324818e-02 1.09982230e-02 1.16943531e-02
 3.95547273e-03 4.65415139e-03 3.02343983e-02 8.60949606e-03
 6.88728765e-02 5.62384818e-03 2.11520959e-03 1.84141576e-01
 4.33758320e-03 2.05688290e-02 5.75267673e-01 1.73968775e-03
 5.25024952e-03 8.35361518e-03 6.89467276e-03 4.45153750e-03
 8.77660871e-01 4.76918975e-03 7.58199766e-03 2.07842072e-03
 1.01825944e-03 8.48943193e-04 2.48939288e-03 2.65761092e-03
 3.60903749e-03 7.85438903e-03 1.41140046e-02 5.45237679e-03
 8.35147779e-03 1.15112271e-02 1.00780632e-02 7.58417044e-03
 2.87976605e-03 2.02734899e-02 5.09525836e-02 2.52637686e-03
 6.41992316e-03 1.86389126e-03 3.57475458e-03 6.02380559e-03
 3.07721738e-03 1.36430170e-02 7.46068060e-02 1.57467574e-02
 1.53728551e-03 3.47307092e-03 4.21679229e-01 3.53379667e-01
 2.86811078e-03 2.73717591e-03 2.71303905e-03 1.57258008e-03
 6.84421416e-03 6.62485254e-04 5.15052527e-02 7.48389494e-03
 2.99143721e-04 4.17722296e-03 2.24228315e-02 1.06446980e-03
 5.23414603e-03 1.09849535e-02 4.49293619e-03 3.45086725e-03
 4.64021135e-03 4.75618467e-02 1.53147266e-03 9.37320851e-03
 9.11782496e-03 1.04876189e-02 1.86009690e-01 2.87486287e-03
 2.72239908e-03 1.24032533e+00 9.91402566e-03 1.28008495e-03
 6.05577946e-01 2.72879587e-03 5.13509810e-01 6.17842749e-03
 1.12017781e-01 6.27875468e-03 3.17713036e-03 3.57737811e-03
 1.84541326e-02 9.44495108e-03 1.39012141e-03 1.24803461e-01
 1.16119068e-02 8.87521356e-03 3.11785843e-03 3.20966542e-03
 3.53990216e-03 2.78967693e-02 2.05188338e-03 6.25392934e-03
 6.44220272e-03 1.12257255e-02 2.62208353e-03 1.46740361e-03
 2.44532990e+00 4.12001554e-03 8.97782855e-03 4.05799830e-03
 8.66477005e-03 4.07644361e-03 4.09996986e+00 9.65300668e-03
 2.67733783e-01 4.48278943e-03 3.57842213e-03 3.94518580e-03
 3.16601386e-03 1.89978455e-04 1.60578656e+00 1.96244824e-03
 1.18693933e-02 7.43528642e-03 9.07298736e-03 7.41328765e-03
 5.46623860e-03 8.58800311e-04 3.67460260e-03 2.96041276e-03
 1.70870032e-03 4.19589749e-04 8.29495303e-03 8.98270607e-01
 3.21325636e-03 7.09713029e-04 4.54906747e-03 2.09297985e-03
 1.23626832e-02 7.69699961e-02 1.16979582e-02 5.09933988e-03
 1.97416116e-02 4.16907715e-03 1.09103462e-03 1.26100192e-03
 1.02399811e-02 3.57664470e-03 1.33907534e-02 1.34983463e-02
 1.22630072e+00 3.56785255e-03 1.45679014e-02 6.62774406e-03
 1.18543650e-03 8.22442584e-03 1.46661163e-03 7.42764212e-03
 3.58350668e-03 3.36206565e-03 2.64456868e-03 1.85344834e-03],-96.87891,-106.31266,-364.44366,1.0675215,2.4634273,1.0014331,0.9291708,3.462357,-6.392635,32.37169,169.78674,3.278806,0.5920125,0.45181552,-160.58781,160.58781,[2.37718639e+01 2.11260469e+04 1.59612637e+01 4.80559473e+03
 2.27853489e+01 3.22144501e+02 1.98098413e+03 7.25630112e+01
 8.50766406e+03 3.39016914e+00 2.12046250e+04 7.80505859e+02
 4.08926086e+02 2.23839813e+02 3.67892242e+02 2.56096466e+02
 6.54678154e+00 7.09216309e+02 2.19700775e+01 2.10617218e+01
 2.22045350e+00 1.51867228e+01 6.45271225e+01 3.13029995e+01
 1.05933628e+01 1.33436562e+04 2.58284943e+02 2.89667871e+03
 8.17390442e+01 3.08205420e+03 2.08871460e+02 5.36383545e+02
 1.16027512e+02 3.81024683e+03 7.64725647e+01 1.05853901e+01
 5.41896210e+01 5.55826599e+02 9.81183228e+02 2.53249072e+03
 3.86087265e+01 1.70253235e+02 1.19561852e+02 2.24616299e+01
 1.51860123e+02 2.68489704e+01 1.85535851e+01 2.17913246e+00
 6.82581940e+01 1.34169903e+01 3.09713345e+01 2.26766262e+01
 6.93324127e+01 1.06365299e+01 8.82615891e+01 9.79654297e+02
 1.21687202e+02 8.35896492e+00 7.84061737e+01 4.77676819e+02
 1.56134964e+02 9.99411240e+01 7.02523010e+02 1.72415466e+02
 3.38691483e+01 3.41437263e+01 5.07071762e+01 1.46537491e+02
 1.94728256e+02 3.53826025e+03 1.86400940e+02 3.32082009e+00
 1.06193047e+01 5.23506287e+02 1.07122749e+02 6.26885414e+01
 1.82440686e+03 1.47052503e+00 3.48882246e+00 1.57929640e+01
 5.26636848e+01 3.47489380e+02 3.49651306e+02 2.43529644e+01
 6.76941729e+00 4.84636993e+01 5.30287354e+02 1.38697958e+00
 4.16253853e+01 6.45379877e+00 7.19501404e+02 5.08861961e+01
 1.32052860e+01 4.95951080e+00 6.98146133e+01 1.13299597e+03
 3.21027802e+02 8.95512817e+02 2.51593666e+01 1.72575645e+01
 3.41524609e+03 1.54455948e+02 5.83406982e+02 4.28742371e+01
 2.46847534e+03 2.09951401e+01 6.83553467e+02 1.54023657e+03
 4.17788887e+00 1.80819977e+02 1.86722321e+02 1.16072246e+04
 1.56456924e+02 2.10206445e+03 2.14153760e+03 1.96100876e+02
 9.96561337e+00 6.36096777e+03 2.39723267e+02 5.33322983e+01
 6.51920288e+02 5.15845070e+01 8.26970825e+01 9.91909790e+01
 2.75223351e+01 4.12375412e+01 7.92999695e+02 1.34839844e+02
 1.58635178e+01 1.31393127e+01 1.33024500e+03 2.99124870e+01
 6.20363331e+00 8.60794739e+02 2.68482494e+00 3.78680344e+01
 1.88875049e+03 7.77283192e+00 5.26631534e-01 1.67362439e+03
 1.05111353e+03 3.48215342e+00 2.46765186e+03 1.02224861e+02
 1.02341174e+03 3.27865906e+01 6.40983658e+01 4.11016907e+02
 3.40998955e+01 5.03521912e+02 8.68822937e+02 5.67896004e+01
 2.40893078e+00 2.33200607e+01 2.79437470e+00 2.05483353e+02
 4.22132129e+03 9.64448395e+01 1.86155045e+02 1.07254958e+00
 7.12077026e+02 9.05155258e+01 2.39597473e+01 3.37723816e+02
 3.70516968e+01 2.24777557e+02 3.62429085e+01 1.29195986e+04
 2.32142639e+01 1.49253311e+02 9.05361557e+00 8.25197388e+02
 1.85459309e+01 1.49923901e+03 5.37449074e+00 6.54642029e+02
 6.15657898e+02 2.38311493e+02 7.08725548e+00 3.52348289e+01
 4.04739647e+01 5.11458435e+02 6.37890053e+01 3.81365723e+02
 1.20571899e+03 5.81258430e+01 2.69416094e+00 3.46507263e+01
 2.91222290e+02 4.59743622e+02 6.60871460e+02 2.82053680e+02
 3.12479401e+02 9.07072983e+01 2.51874039e+02 1.15892700e+03
 5.73091087e+01 3.11123295e+01 2.85875732e+02 6.89666176e+00
 9.81397583e+02 3.11283112e+01 1.83474838e+02 2.53908447e+02
 1.54996606e+03 9.22721176e+01 2.72554077e+02 9.56995010e+01
 4.97825890e+01 5.07425110e+02 6.54094391e+01 9.92847290e+01
 8.43092346e+02 5.82042465e+01 1.64577227e+04 2.64832245e+02
 1.58029902e+00 1.88677856e+02 5.76345154e+02 5.66298218e+02
 3.32236084e+02 1.35613794e+03 5.39193878e+01 7.51985407e+00
 5.21948535e+03 7.15690155e+01 5.99405823e+02 1.37837925e+01
 3.02312107e+01 2.05371399e+02 4.24747101e+02 2.45717506e+01
 5.60414200e+01 6.34572649e+00 1.30195691e+03 7.90684326e+02
 5.88092756e+00 8.37623901e+01 2.58220264e+03 1.62359482e+02
 4.83355446e+01 2.20932153e+03 1.34040985e+02 3.71185570e+01
 2.25267220e+01 5.38578415e+01 4.63085861e+01 6.83553391e+01
 1.04353020e+02 1.48232203e+01 8.46417809e+00 1.50586081e+01
 9.73074112e+01 8.20098877e+00 6.56265306e+00 5.78081970e+01],1047.4714,[2.78024139e+01 2.02048125e+04 1.60706215e+01 1.00018369e+04
 8.76210449e+02 2.81350525e+02 6.53370056e+02 1.89175415e+02
 2.23235254e+03 9.60629654e+00 2.33690643e+01 2.32277100e+02
 1.26971375e+02 3.72979012e+01 6.08956543e+02 2.50386688e+02
 3.94003201e+00 1.79823776e+02 3.21922951e+01 1.93732128e+01
 3.65666795e+00 4.91099930e+00 8.98145294e+00 4.60826569e+01
 1.00633942e+02 1.45177759e+03 5.79027893e+02 1.02441138e+03
 9.35233917e+01 1.44271155e+03 4.01673164e+01 4.05600372e+02
 1.56603256e+02 2.56258911e+03 3.20900993e+01 1.25196297e+02
 2.30531635e+01 1.11142456e+03 3.35271057e+02 2.76754077e+03
 1.09999588e+02 1.57727936e+02 8.49249649e+01 1.82323647e+01
 2.99617340e+02 2.68563032e+00 4.31965351e+00 2.09177322e+01
 1.61959953e+01 4.52389812e+00 3.54987144e+01 6.66850052e+01
 2.89661045e+01 9.30246174e-01 8.10822144e+01 3.06119238e+03
 1.26775017e+01 6.18148708e+00 1.47511206e+03 6.53015076e+02
 9.67420654e+01 5.03981552e+01 4.08431732e+02 1.91346252e+02
 8.22632122e+00 4.76131392e+00 1.08986679e+02 2.63822388e+02
 1.06988785e+02 3.43924414e+03 6.52749390e+02 6.33870363e+00
 9.01314855e-01 3.80405914e+02 9.82662430e+01 1.54742676e+02
 2.63739014e+02 8.38923073e+00 6.32336855e+00 1.38334808e+01
 4.88017273e+01 2.28811938e+03 4.83208740e+02 2.35209584e+00
 2.83780212e+01 4.43467484e+01 5.24176865e+01 2.50647753e-01
 2.18064957e+01 7.01019526e+00 1.62932654e+03 6.17907486e+01
 3.32148209e+01 2.23727264e+01 8.17346115e+01 8.29703369e+01
 6.21932251e+02 1.32463672e+03 2.18242397e+01 1.94217873e+01
 3.41189990e+03 1.28450226e+02 8.18899658e+02 4.73765984e+01
 1.26402832e+03 3.71083183e+01 4.99569580e+02 5.82166626e+02
 8.90789604e+00 4.19592957e+02 1.52546967e+02 8.14738037e+03
 3.58504822e+02 1.74319019e+03 1.15857690e+03 2.42368134e+02
 1.84088783e+01 2.90432373e+03 1.29700119e+02 2.67462006e+01
 3.36757317e+01 4.59840469e+01 1.20693161e+02 7.00692844e+00
 1.30518932e+01 7.53729401e+01 2.24982959e+03 2.98041096e+01
 5.03965712e+00 2.47144604e+01 1.11266089e+03 1.44528255e+01
 5.17381430e+00 1.45550339e+02 2.99710727e+00 4.05496559e+01
 2.17638721e+03 1.95469494e+01 2.90183783e-01 1.93590137e+03
 2.38326797e+02 2.95915909e+01 3.83285706e+02 4.30359955e+02
 2.46393945e+03 7.61651421e+00 2.10573395e+02 8.35772095e+02
 1.24947338e+01 2.15297119e+03 2.57421387e+02 2.69709595e+02
 3.46151805e+00 3.25928535e+01 1.08514603e+02 1.14690659e+02
 4.28244141e+02 8.39789963e+01 1.86659546e+03 1.51158559e+00
 9.44275635e+02 1.16081932e+02 2.32186737e+01 1.07947836e+01
 4.11335802e+00 1.54097490e+01 8.14598541e+01 1.18789355e+03
 6.37265549e+01 6.46464968e+00 9.10824871e+00 9.69376221e+02
 8.62924767e+00 2.86671826e+03 1.51600037e+02 6.51527039e+02
 8.15751160e+02 6.45124912e+00 3.30193214e+01 4.13649712e+01
 1.75212536e+01 3.60408478e+02 2.01285057e+01 3.51419189e+02
 8.61695312e+02 3.98563690e+01 4.75364761e+01 2.91221657e+01
 1.91957690e+03 5.40397278e+02 4.50139740e+02 2.72127441e+02
 3.68766205e+02 1.18430614e+00 8.57115295e+02 2.20331958e+03
 6.96246185e+01 3.39216881e+01 1.13007874e+02 1.53135824e+00
 1.19799878e+03 1.72731733e+00 1.39732285e+02 5.47512329e+02
 4.08261200e+02 2.47931004e+01 3.24966943e+03 2.11395920e+02
 6.33324547e+01 8.95759811e+01 2.00576935e+01 1.02790649e+02
 3.48301666e+02 1.04438004e+02 1.96195742e+04 2.30565643e+02
 1.96435380e+00 1.58384973e+03 7.06401306e+02 4.00733130e+03
 1.14508610e+01 1.19400708e+03 3.63393860e+01 2.34565780e-01
 2.55717117e+02 1.27075500e+02 1.58494897e+03 1.40554113e+01
 7.98291445e+00 4.88468750e+02 3.60042816e+02 1.12929144e+01
 3.48846207e+01 4.54832420e+01 4.89921631e+02 2.56749756e+02
 2.19571213e+02 2.19465942e+01 1.10631140e+03 1.46018021e+02
 4.70783005e+01 1.82316849e+02 1.37060791e+02 8.77362919e+00
 6.15676498e+00 1.99458545e+03 4.53661728e+00 1.54918121e+02
 5.08122482e+01 2.22552013e+00 5.48744965e+00 1.33088005e+00
 5.20428658e+01 6.57374430e+00 6.24169800e+02 9.39860458e+01],-104.93951,-173.68811,-336.39575,2.854909,17.169884,0.9765034,0.9612007,0.01488081768989563,8651.706752300262,0.5,0.5,0.03461201652553417,0.005789193424770949,0.034976687638943016,0.006109072487172677,35.047795412923094,37.59999999999999,0.0,549750.0,-1.0,-763.0,750.0,11.408926486968994,550000
103.00996,0.023213556,0.04507193,0.00053099665,-102.536026,102.536026,[3.24811041e-02 2.21617937e+00 3.52045447e-02 9.58073605e-03
 6.80540362e-03 2.39218045e-02 1.20996386e-02 1.61629096e-02
 2.28367038e-02 5.74208021e-01 8.01897720e-02 7.90813100e-03
 1.00095406e+01 2.19863338e+01 1.32646617e-02 6.80940505e-03
 8.99704918e-03 1.33010577e-02 2.00879779e-02 1.23617485e-01
 1.57242212e-02 9.34155472e-03 1.12062450e-02 3.46679759e+00
 7.98962358e-03 4.14198451e-03 2.23481450e-02 1.78056620e-02
 1.73916854e-02 1.04484865e-02 2.13089250e-02 1.37537280e-02
 3.07702813e-02 1.31954793e-02 3.53717208e-02 1.12511124e-02
 1.67966988e-02 2.54047997e-02 2.25081518e-02 3.91230881e-02
 3.18171531e-02 2.13232338e-02 4.95072193e-02 2.00277809e-02
 2.54845321e-02 2.64016334e-02 1.06155211e-02 2.10820548e-02
 4.60935354e+00 1.19754970e-02 1.03028826e-02 2.46955790e-02
 4.83069569e-01 1.03758946e-02 9.65664163e-02 5.25053218e-02
 1.20324945e+00 4.63454612e-03 4.11666092e-03 1.06566455e-02
 2.31292378e-02 3.95218563e+00 2.99952347e-02 7.66328443e-03
 8.13151337e-03 5.05639240e-02 3.41711715e-02 2.45835166e-02
 5.04666753e-03 7.35306367e-03 7.97611848e-03 1.97444931e-02
 9.33298655e-03 1.43694729e-02 2.02609133e-02 3.49436849e-02
 5.04124016e-02 7.58249015e-02 2.24241950e-02 6.36285394e-02
 1.75446756e-02 9.69552808e-03 1.30192656e-02 1.27001712e-02
 7.09996745e-03 5.17488969e-03 5.77756390e-03 1.25085544e-02
 8.85530468e-03 6.74672946e-02 3.59121487e-02 5.49478978e-02
 6.43801468e-04 1.46957906e-02 2.54794247e-02 3.99591029e-02
 4.64442298e-02 2.81387102e-02 3.65838148e-02 5.86608648e-02
 1.84614360e-02 8.43519345e-03 1.13886762e-02 4.99751233e-02
 2.57975645e-02 3.08536412e-03 8.24933872e-03 2.54166014e-02
 1.26355197e-02 1.02872793e-02 7.12014642e-03 3.77856311e-04
 7.04530068e-03 1.48895448e-02 6.53326104e-04 8.12558085e-03
 9.03580897e-03 1.13985417e-02 2.30845585e-02 7.54341530e-03
 1.19044162e-01 4.43016067e-02 5.51611748e+01 9.87139797e+00
 2.22444478e-02 2.83052698e-02 3.58501193e-03 1.78375803e-02
 4.89751287e-02 6.47441983e-01 5.44917071e-03 8.46262742e-03
 4.81229089e-03 2.66911536e-02 8.57764389e-03 1.77603047e-02
 2.66361609e-02 2.75817905e-02 3.87615198e-03 1.08380392e-01
 2.42152154e-01 8.06468364e-04 4.22263145e-01 2.10212525e-02
 5.40029556e-02 2.48031188e-02 8.90046451e-03 2.20050141e-02
 2.57910248e-02 3.45286690e-02 2.36242190e-02 2.43608421e-03
 5.91807533e-03 1.82527341e-02 3.69953830e-03 2.62831040e-02
 8.23316537e-03 7.75510306e-03 5.26458304e-03 4.66950703e-03
 4.32589203e-02 1.76008157e-02 8.46184790e-03 9.25676376e-02
 3.44319432e-03 1.14092082e-02 8.75202119e-02 2.28958856e-02
 2.14361530e-02 3.81445070e-03 4.05189618e-02 3.55543792e-02
 1.42592322e-02 2.77449079e-02 6.02444401e-03 6.04883302e-03
 2.81869698e+00 2.05059797e-02 2.07142718e-02 1.27716763e-02
 2.79437657e-02 1.99079849e-02 2.43883461e-01 1.79846585e-02
 8.03394988e-03 8.76650680e-04 1.43298790e-01 1.62088834e-02
 1.03865024e-02 2.24624015e-02 1.37844449e-02 4.26483393e-01
 3.51775112e-03 1.65684782e-02 4.88701105e-01 3.63296866e-02
 2.98334026e+00 1.75796244e-02 2.19410714e-02 1.26265809e-02
 2.82779813e+00 3.05642113e-02 3.68489400e-02 6.02948591e-02
 1.61012784e-02 9.61081311e-03 9.08616185e-03 9.48454142e-02
 1.19265366e+00 2.74013877e-02 1.21779712e-02 9.55052208e-03
 7.36048259e-03 2.70130374e-02 1.22174779e-02 2.15360485e-02
 1.55467298e-02 5.11840470e-02 1.18501671e-02 2.56716646e-02
 2.31595710e-02 2.43623815e-02 1.88482776e-02 9.85263139e-02
 9.42527130e-03 9.26642306e-03 1.56809501e-02 2.00904533e-02
 4.66593914e-02 1.22420102e-01 9.51175392e-03 1.94353163e-02
 9.11594927e-03 8.81360099e-03 9.21856239e-03 7.27389431e+00
 2.94020143e-03 9.85108390e-02 5.43957949e-02 9.68548376e-03
 2.69656591e-02 8.02854169e-03 1.88993644e-02 2.78828107e-02
 3.04099619e-02 7.14704370e+00 2.81755980e-02 2.49212421e-02
 4.53107171e-02 2.09836382e-02 8.36998272e+00 2.59920787e-02
 7.01130927e-03 1.32559277e-02 1.66552328e-02 1.46688335e-03],0.7738112,[3.18366289e-02 3.24543738e+00 3.70308906e-02 8.72312114e-03
 7.18725845e-03 8.36951286e-03 1.31353512e-02 1.67170260e-02
 2.30668820e-02 5.02091110e-01 6.39983639e-02 1.12874256e-02
 5.47233677e+00 3.13638020e+01 1.83145944e-02 6.41720043e-03
 9.46410652e-03 1.92109644e-02 1.08887833e-02 7.62712806e-02
 1.28471367e-02 5.59583260e-03 1.39138903e-02 5.43911171e+00
 7.80624803e-03 2.81836395e-03 2.24249698e-02 1.74623504e-02
 2.23830510e-02 2.31708679e-03 2.05226354e-02 1.51944160e-02
 2.95121633e-02 2.12154258e-03 3.67851257e-02 1.39421243e-02
 1.41747640e-02 2.35472247e-02 2.34103203e-02 2.81075165e-02
 3.20565924e-02 1.92237906e-02 9.79196131e-02 2.73330342e-02
 3.37210968e-02 2.66212001e-02 8.11319891e-03 1.63305681e-02
 6.95964277e-01 1.82175008e-03 1.15889475e-01 2.57863216e-02
 3.04825521e+00 1.19417394e-02 7.42011890e-02 2.42666788e-02
 4.22914171e+00 4.78910003e-03 9.39078163e-03 1.10230222e-02
 2.73665152e-02 2.24978304e+00 3.38299833e-02 7.80771300e-03
 9.45077278e-03 5.28247692e-02 2.89406795e-02 2.72029079e-02
 4.72236238e-03 9.03889909e-03 9.23103187e-04 2.08242387e-02
 6.87154941e-03 1.97100863e-02 1.34439552e-02 3.96859944e-02
 5.88131323e-02 7.74165019e-02 3.46545875e-03 5.54415844e-02
 1.75880324e-02 1.09864511e-02 1.42939650e-02 1.01502845e-02
 1.03276772e-02 6.58148015e-03 5.08527504e-03 1.64092910e-02
 1.25110438e-02 6.78220317e-02 3.56980376e-02 4.60543409e-02
 2.77665444e-03 1.81241948e-02 6.27708659e-02 3.80992070e-02
 4.95886654e-02 2.56124660e-02 3.53858024e-02 8.19750130e-02
 1.82007775e-02 9.28578340e-03 1.76674090e-02 5.03907688e-02
 2.68415138e-02 1.50693292e-02 7.06949178e-03 2.08784267e-02
 1.06032770e-02 8.42961948e-03 6.63147820e-03 5.29084541e-03
 8.21981393e-03 1.48932636e-02 1.74081931e-03 8.04791041e-03
 2.82916985e-03 1.14000468e-02 2.00393703e-02 6.70874165e-03
 3.35100628e-02 5.35257421e-02 2.66934204e+01 7.40475774e-01
 2.26569213e-02 2.99368519e-02 2.18894542e-03 1.75723378e-02
 4.53269184e-02 6.68544769e-01 4.80884220e-03 1.84858982e-02
 1.32423639e-03 2.40119919e-02 2.91225244e-03 2.14010831e-02
 4.93573993e-02 2.75198855e-02 1.99587783e-03 1.16503268e-01
 2.60750502e-02 9.55604541e-04 7.75434196e-01 2.33760551e-02
 3.69148776e-02 2.13746782e-02 9.33432207e-03 2.23658141e-02
 2.73822360e-02 2.17583627e-02 2.40980256e-02 2.41908012e-03
 4.58721444e-03 1.90506168e-02 2.68271030e-03 2.65056416e-02
 7.05034751e-03 1.20099634e-03 3.40479077e-03 4.79171518e-03
 4.32440639e-02 2.22074389e-02 1.15387738e-02 1.29459396e-01
 2.70125736e-03 1.14816399e-02 6.62213936e-02 2.73573641e-02
 1.87932104e-02 4.81989048e-03 6.07935078e-02 3.51380184e-02
 1.57508869e-02 3.29607986e-02 7.93621875e-03 4.88881767e-03
 2.91429114e+00 8.34530033e-03 2.00781971e-02 1.23803169e-02
 2.85658650e-02 2.37211436e-02 1.77629519e+00 1.90332420e-02
 7.93748163e-03 1.59803603e-04 1.76177517e-01 2.06212346e-02
 1.27451252e-02 6.64745197e-02 1.31141227e-02 4.28960234e-01
 2.79499753e-03 2.45542321e-02 1.30796909e-01 3.95037159e-02
 3.42792797e+00 1.88329704e-02 5.15857292e-03 1.42140361e-02
 4.06334966e-01 3.41561064e-02 3.23201418e-02 6.36179522e-02
 2.19988823e-02 9.05922148e-03 1.13357343e-02 9.78199393e-02
 1.63004756e-01 2.67401822e-02 1.36866476e-02 3.23711941e-03
 1.87869091e-03 2.86250412e-02 1.30766202e-02 2.01609936e-02
 9.34449024e-03 4.45182696e-02 4.88987099e-03 2.53426731e-02
 2.41204482e-02 2.21694633e-02 4.45778854e-03 3.88970315e-01
 9.27844457e-03 7.58880470e-03 1.51151419e-02 1.31749194e-02
 5.13301939e-02 2.47623473e-01 1.38670076e-02 2.21010149e-02
 9.72307660e-03 9.96708218e-03 5.91821596e-03 5.78713417e+00
 3.59968538e-03 3.13466936e-02 4.54839841e-02 1.06237065e-02
 2.50580236e-02 1.62832923e-02 2.40781866e-02 3.87001447e-02
 2.95389872e-02 4.91013050e+00 2.84009650e-02 2.51038596e-02
 4.59374487e-02 2.20054481e-02 2.17758636e+01 2.70279981e-02
 1.99722056e-03 1.40919499e-02 1.47111733e-02 1.96434977e-03],-97.394554,-107.2462,-259.05307,1.0543721,2.017201,0.9316653,0.928772,14.615506,-17.707558,122.53037,170.2273,2.969731,0.45803735,0.40937182,-162.67719,162.67719,[2.32020068e+03 3.12781250e+02 2.34952417e+03 3.33516350e+01
 2.11370106e+01 6.22501678e+01 1.10767136e+02 1.84940308e+03
 1.60046112e+02 6.96045914e+01 1.64091827e+02 1.87114258e+01
 1.41414169e+02 1.59341202e+02 3.61307861e+02 5.96053406e+02
 4.36263924e+01 4.76787415e+01 1.45998169e+02 1.88110443e+02
 1.28967987e+02 2.84368872e+03 2.50458325e+03 2.91002734e+03
 3.16972046e+01 1.74901619e+01 1.07579810e+03 2.21600008e+00
 7.09522852e+03 2.26217961e+00 2.08338287e+02 8.28720825e+02
 2.11997528e+02 3.27291412e+01 1.91153564e+03 1.88190643e+02
 1.40043140e+03 8.89426708e+00 3.02080597e+02 1.89366272e+03
 2.25433960e+02 1.51079041e+02 2.02565250e+01 2.91536102e+02
 2.24854932e+03 1.24437309e+02 3.46867714e+01 1.21698694e+01
 1.09558411e+03 1.92706797e+04 1.09102600e+02 1.91407336e+03
 4.96273834e+02 3.18236145e+02 1.35712387e+02 2.55663452e+01
 3.64652954e+02 1.16700233e+02 7.51829624e+00 6.98424011e+02
 8.26379585e+00 4.62442169e+02 2.30028931e+02 1.88709354e+00
 8.99505768e+01 3.80938797e+01 6.25645703e+03 1.41020898e+03
 6.88114014e+02 2.96721509e+03 4.48613815e+01 7.43138428e+02
 3.11529785e-01 1.21470344e+00 3.76693420e+02 8.56727905e+01
 3.13572407e+01 9.60475525e+02 8.85345764e+01 1.24935388e+03
 1.43136063e+01 2.07104639e+03 5.45285840e+03 5.57059509e+02
 1.61596680e+01 1.83748074e+01 1.46296036e+02 8.99046631e+02
 8.72534119e+02 2.12495410e+03 1.44625809e+02 3.77211151e+02
 3.50643044e+01 5.38584595e+01 8.72407104e+02 2.42723404e+02
 6.84469223e-01 3.12656714e+03 9.05036255e+02 3.51738853e+01
 2.25381012e+01 1.35146790e+02 7.08833984e+02 8.50297356e+00
 1.22714508e+00 1.64131374e+01 1.03482018e+01 6.88517475e+00
 2.08599815e+01 2.78486519e+01 2.22152649e+02 1.32049942e+01
 3.63746277e+02 8.95454941e+01 1.13023056e+02 1.06634277e+02
 1.55654712e+03 3.81469955e+01 2.81256485e+00 4.75658646e+01
 7.68981400e+01 2.26218567e+01 1.09061142e+02 1.77232730e+00
 7.78804626e+01 5.82539215e+01 3.13367577e+01 9.27390366e+01
 1.71970593e+03 1.28082550e+02 1.43881958e+02 6.90580762e+03
 5.09537659e+02 1.05505676e+03 1.53477821e+01 6.43644165e+02
 2.68778610e+01 1.04141617e+00 2.55330925e+01 2.11696930e+01
 3.46831482e+02 4.08961639e+02 5.56967773e+03 4.67206097e+00
 1.91405835e+03 2.56401764e+02 2.27416412e+02 2.03707434e+03
 2.22063694e+01 8.53886871e+01 3.35929626e+02 3.50641429e-01
 2.81806592e+03 6.03590298e+00 7.67801361e+01 1.27646952e+01
 6.16665955e+01 4.96441772e+02 4.94302673e+02 3.72013989e+03
 1.43041534e+02 3.27011032e+01 6.74379578e+01 2.13792729e+00
 5.50526550e+02 5.44541992e+03 7.31704941e+01 6.79053688e+00
 2.21027832e+02 6.13784668e+03 2.31188538e+02 1.08384277e+02
 1.48688116e+01 8.51712585e+02 9.24963150e+01 9.00975647e+01
 2.21157990e+02 6.76105225e+02 1.60283289e+03 1.82433899e+03
 8.08399582e+00 4.37593880e+01 3.44578278e+02 1.95828796e+02
 1.28430542e+03 8.16684937e+02 6.38291809e+02 1.31324177e+01
 3.30931625e+01 4.88590355e+01 9.01407528e+00 8.94934158e+01
 1.95725918e+01 4.43861115e+02 6.14080582e+01 9.04236317e+00
 5.08965186e+03 4.80347557e+01 9.31158295e+01 2.55338974e+02
 3.36937012e+03 5.38500443e+01 3.58586388e+01 8.39908868e-02
 1.59684985e+03 1.22764503e+02 2.43409439e+02 8.57167206e+01
 2.20324199e+04 6.16729431e+02 1.01385999e+03 2.95746765e+02
 2.26276276e+02 3.32177043e-01 3.28285938e+03 2.07377453e+01
 3.03860303e+03 2.18585117e+04 4.21610742e+03 1.45996887e+02
 1.98778926e+04 6.36121826e+02 3.53943140e+03 1.87155685e+01
 1.50171814e+02 5.46629238e+00 3.03848686e+01 1.16648514e+02
 1.87590008e+01 1.15498447e+01 1.26703528e+03 3.26013696e+03
 3.98439453e+02 3.16397018e+01 7.83848938e+02 1.26886365e+03
 5.67783117e+00 3.34606232e+02 7.18388367e+01 1.81563263e+01
 2.80490952e+01 5.72204542e+00 9.95430527e+01 3.06884766e+03
 5.18822479e+00 4.64019727e+03 4.41596069e+01 3.54165816e+00
 2.75379505e+01 1.83732853e+01 2.64183521e+03 2.97834412e+02
 1.33858020e+03 5.07098926e+03 1.44631378e+02 1.25649048e+03],1350.8616,[3.59974976e+03 2.46506405e+00 1.76510669e+03 6.15011063e+01
 2.54693565e+01 4.80020935e+02 1.14572266e+02 2.49017969e+03
 1.23006561e+02 8.61169052e+01 1.74387924e+02 7.12498856e+01
 1.67024231e+02 1.10062271e+02 5.19421265e+02 3.85626038e+02
 3.26428711e+02 2.29676991e+01 3.17230778e+01 2.64644897e+02
 6.41731201e+02 2.16860352e+03 6.63704785e+03 4.95103760e+03
 8.70985489e+01 1.49099808e+02 1.11953931e+03 1.19300628e+00
 4.03919092e+03 2.63391185e+00 5.19281540e+01 8.63227356e+02
 8.47773071e+02 1.06965322e+01 2.90980762e+03 1.35429060e+00
 2.79884319e+01 2.11018896e+00 1.70539474e+02 1.35998376e+03
 2.34427795e+02 1.04521484e+02 2.04445534e+01 3.34738464e+02
 2.23755444e+03 3.53224945e+01 3.39463882e+01 2.25427055e+00
 1.50933521e+03 2.30362949e+04 1.68103638e+02 5.95148682e+02
 8.28790833e+02 2.33357666e+02 1.05045738e+02 1.05381340e+02
 6.18245178e+02 1.14433037e+02 1.02071533e+02 9.57797729e+02
 1.01189178e+02 6.01696716e+02 1.48605118e+02 1.00538921e+00
 1.21251511e+02 7.62450504e+00 6.75792773e+03 1.90874451e+03
 1.25560104e+02 2.08774878e+03 4.94477959e+01 5.18045044e+02
 2.41610676e-01 3.78522453e+01 2.86833954e+02 1.48008362e+02
 1.85552307e+02 1.27922632e+03 1.55756559e+01 1.80965161e+03
 3.07404366e+01 1.95318201e+03 1.35924060e+03 6.57280090e+02
 3.17484222e+02 7.99552441e-01 2.08885117e+02 1.27418982e+03
 6.20703613e+02 3.09295557e+03 6.43103455e+02 1.49574066e+02
 3.58973122e+01 4.37645645e+01 8.78379150e+02 6.18243164e+02
 1.36137810e+01 4.79050977e+03 8.70236084e+02 9.20358276e+01
 1.72307510e+02 1.74415054e+02 1.26199188e+02 1.70226135e+01
 2.42019939e+00 8.32971573e+00 4.52766953e+01 5.41978121e+00
 1.86970978e+01 4.60254097e+01 2.28153229e+01 1.51954708e+01
 3.28676117e+02 7.54622269e+01 1.67861633e+02 3.06762390e+02
 2.27910864e+03 4.93917580e+01 1.95031242e+01 6.81096802e+01
 7.29495697e+01 4.34053764e+01 1.88048767e+02 1.33940554e+00
 8.88393860e+01 6.45102081e+01 5.04567719e+01 1.70092972e+02
 2.19915283e+03 2.09674667e+02 1.00727982e+02 3.16436987e+03
 9.06283691e+02 3.97472473e+02 8.21214104e+00 5.49732910e+02
 4.90061684e+01 7.41570330e+00 6.53439522e+00 1.82525134e+00
 4.85063843e+02 2.60150482e+02 2.29814233e+03 6.45216274e+00
 1.09679863e+02 5.07763031e+02 2.75333313e+02 2.75427002e+03
 1.00263321e+02 5.29356623e+00 2.39035571e+03 4.65267258e+01
 1.01259473e+03 8.00471723e-01 4.16795082e+01 2.14552250e+01
 1.92775253e+02 4.47271515e+02 6.25179749e+02 1.97134485e+03
 4.60366425e+02 2.19723511e+01 5.46166153e+01 2.39055672e+01
 3.44200562e+02 5.78172021e+03 2.38849548e+02 7.07162428e+00
 7.65548401e+01 5.20074609e+03 5.14898315e+02 1.16000122e+02
 3.07722321e+01 1.15577966e+03 1.05004517e+02 2.17137718e+01
 6.73583832e+01 9.47649048e+02 1.72984631e+03 1.97590466e+03
 1.72391701e+01 5.46384506e+01 3.69476501e+02 2.28384781e+02
 2.22078564e+03 1.04763953e+03 5.66844727e+02 9.37828217e+01
 4.35800781e+01 5.10987129e+01 4.23436852e+01 7.27626724e+01
 5.05720406e+01 5.07179199e+02 6.10067368e+01 1.03973846e+01
 5.60860791e+03 5.47491112e+01 4.78029137e+01 5.36987190e+01
 5.10258984e+03 6.58991623e+01 1.47107182e+01 8.32315683e-02
 2.61014111e+03 1.42374634e+02 2.08364502e+02 9.00568604e+02
 1.45038867e+03 5.63941650e+02 7.90692200e+02 2.06838455e+01
 2.08573410e+02 1.89026511e+00 2.91567773e+03 9.50391197e+00
 2.71988892e+03 7.83275425e-01 5.14140674e+03 5.23167267e+01
 1.09653750e+04 1.31291992e+03 2.72839990e+03 8.94445679e+02
 1.15503464e+02 1.18928766e+01 3.56096535e+01 9.91882782e+01
 2.57797852e+01 1.19117470e+01 8.83785583e+02 2.52116162e+03
 9.54547852e+02 2.58349915e+01 7.95732300e+02 8.14483521e+02
 1.30519638e+01 3.91620728e+02 7.56440277e+01 2.17686939e+01
 2.61981153e+00 2.62865353e+00 1.94826767e+02 1.11365503e+03
 3.49374437e+00 4.87595117e+03 4.19387360e+01 1.58063383e+01
 1.51312389e+01 1.58596392e+01 1.66609399e+03 1.79903717e+02
 1.72894214e+03 8.04750244e+03 1.85748489e+02 1.41788025e+03],-101.89846,-175.1693,-343.11536,2.7082095,29.891651,1.0529773,0.96113485,0.015842120361328125,9047.759794473648,0.5,0.5,-0.025260437346187974,0.01179881634712232,-0.024629707625587756,0.011667305143858631,-0.30143580205802883,37.59999999999999,0.0,574500.0,-1.0,-771.0,750.0,10.392167329788208,575000
106.09061,0.024644278,0.06332512,0.00081495394,-105.43271,105.43271,[1.1857180e-02 1.5221594e-05 1.0206618e-03 8.4643632e-02 1.7676849e-02
 1.0821420e-03 2.9914624e-03 1.4429070e-01 7.3951069e-04 3.4141787e-03
 1.6611826e-04 2.2578311e+00 5.4110130e-03 2.9981674e-03 4.7263922e-05
 6.0884311e-04 2.2974100e-03 3.1200470e-03 9.8513909e-02 1.2085405e-03
 5.8715662e-04 6.7677735e-03 4.8966671e-04 4.0577874e-03 1.0580220e-03
 5.1520468e-04 5.1433649e-03 3.0900571e-03 1.4256949e-03 1.4975853e-03
 1.8606894e-02 7.8967735e-03 3.3221275e-03 2.2738781e-03 2.5719621e-03
 3.9597885e-03 8.2845492e-03 3.5824860e-03 3.5635834e-03 6.2107178e-03
 2.5652060e-03 2.7936995e-03 1.9365456e+00 8.2798634e-04 1.4488003e-02
 4.3264939e-03 4.3519917e-03 1.2053889e-03 2.4952404e-03 6.3373642e-03
 3.6409316e-03 2.2762807e-03 3.4790398e-03 1.0930720e-01 1.8271694e-03
 1.2507366e-03 4.4519576e-04 3.0551669e-03 7.3051173e-04 4.3390146e-03
 5.9472471e-03 5.5822432e-03 3.0782830e-04 5.6132791e-03 7.6294236e-05
 9.1505708e-04 1.7084661e-03 9.3607428e-03 1.2091296e-02 1.0456094e-03
 1.3370981e-03 2.5715474e-03 1.4592314e-03 4.4415053e-03 3.6413488e-03
 1.0873610e-03 1.7106701e-03 1.1724525e-03 1.0535387e-01 1.9104867e-03
 1.9995023e+00 9.2284480e-04 1.8459992e-03 3.9797679e-01 2.1118375e-03
 1.6823062e-03 1.4105089e-02 2.0402952e-03 3.7028483e-04 1.1438227e-03
 2.1293908e-02 2.5690896e-03 4.5015768e-05 2.4764882e-03 9.0752564e-02
 1.2983084e-03 1.4100410e-03 3.7386746e-04 6.6890940e-03 2.6521063e+01
 3.0621164e-03 1.0346269e-02 3.3242851e-03 5.6190416e-03 1.3200019e-02
 5.0003738e+00 2.7274445e-01 3.2341206e-03 1.1019052e-03 3.2528671e-03
 1.1009129e-03 1.7268362e-03 2.1707178e-03 1.8268697e+00 9.3679997e-04
 3.6004535e-03 1.0494243e-03 7.6612952e-04 1.7970493e-03 2.9534590e-03
 9.9152746e-04 4.1468358e-03 3.6977424e-04 1.7231940e-03 2.8330606e-01
 1.5788697e-01 7.3819002e-03 2.4140058e+00 1.2728334e-03 1.2038045e-03
 9.0597570e-03 6.1817613e-04 2.3785536e-03 2.4359620e-03 2.0385825e-03
 7.3439797e-04 3.9927019e-03 9.9558360e-04 6.7573413e-02 1.5533506e-03
 4.4461675e-02 7.2619645e-03 4.0565763e-04 5.7076868e-03 6.2239007e-04
 2.5596193e-03 1.0466948e-02 4.1193616e-01 4.4844970e-03 2.5253916e+00
 2.7411282e-03 4.3397760e-03 2.1228366e-02 3.3112490e+00 2.6128726e-04
 1.8231701e-03 2.0770051e-03 8.3289342e-06 4.1693677e-03 3.1432249e-03
 1.0294383e-02 4.5939507e-03 2.7335295e-03 1.8640645e-03 2.7282555e-03
 2.1133229e-01 2.2148760e-03 1.8394186e-01 3.5561465e-03 7.5178584e-03
 1.7057383e-04 1.8743346e-03 2.2711817e-03 2.2621106e-03 1.0177878e-02
 2.1192057e-03 9.8304404e-03 3.4905083e-03 3.2191400e-03 6.1462119e-02
 3.3766311e-01 2.3978513e-03 5.4239976e-04 7.4832062e-03 1.5060755e-04
 4.6782214e-03 1.0762514e-02 2.1302077e-04 3.7954322e-03 4.5703729e-03
 3.2780459e-03 5.2573839e-03 2.8174305e-03 1.0515509e-02 5.1289659e+00
 2.8217735e-03 4.7012079e-03 1.3877318e-04 2.0701723e-04 4.4012111e-01
 4.3591526e-03 9.2956694e-03 1.1577918e-03 8.3261896e-03 6.8596490e-03
 1.8081393e-03 2.5108043e-04 2.5507573e-03 9.2816219e-04 4.3678656e-03
 9.9143060e-03 3.6719670e-03 5.8063250e-03 3.9503485e-02 2.2708854e-01
 3.7780164e-03 8.2331087e-04 7.9705771e-03 3.0734809e-03 3.6098640e-03
 3.3064284e+00 9.7189576e-04 6.2658644e-04 1.1327771e-02 2.0432273e-01
 5.9971022e-03 1.6978554e-02 1.2362360e-03 1.1391556e-02 4.0919718e-01
 1.6173788e-03 3.0617375e-04 8.7840209e-04 4.2808917e-03 2.2774638e-04
 1.0369823e-03 3.9586346e-03 6.3321497e-03 1.9634543e-01 4.5290124e-03
 4.4841552e-04 6.9402211e-04 9.3514137e-03 1.2976979e-03 1.4605451e-02
 1.5634017e-03 1.4310637e-03 3.3205044e-03 1.6239610e-02 5.4389346e-01
 4.9450258e-03 3.0347353e-01 7.7634520e-04 1.1617716e-03 1.6505742e-03
 3.6494836e-04],0.30266878,[7.6831736e-02 1.6152703e-03 3.1631126e-03 9.8869644e-02 7.9682041e-03
 8.3931081e-05 1.1570910e-03 4.0257284e-01 7.8367611e-04 3.2430752e-03
 1.0494576e-03 6.8127662e-02 3.8624168e-03 3.4940331e-03 7.1421784e-04
 7.8942749e-04 1.6923414e-03 4.7663553e-03 3.5176132e-02 1.2208284e-03
 1.0410366e-03 3.5044122e-03 3.5753084e-04 3.8794945e-03 1.5138306e-03
 5.4436794e-04 7.6129111e-03 2.2535382e-03 2.1225368e-03 6.8113871e-04
 5.4943627e-03 9.3686003e-03 3.4382197e-03 2.4448603e-03 9.1108825e-04
 8.0524158e-04 9.0314224e-03 1.8120301e-03 7.0047998e-03 3.5786852e-03
 5.9396151e-04 1.8774737e-03 2.1739554e+00 1.3831654e-04 7.8087342e-03
 6.2368233e-03 3.1886217e-03 3.0295574e-03 7.8307308e-04 5.0083837e-03
 7.3142379e-04 3.9838655e-03 9.5256569e-04 1.7641264e-01 2.6387657e-04
 1.9912787e-03 1.9912404e-04 2.5294630e-03 1.3994265e-03 3.6572493e-03
 5.3372788e-03 1.9312522e-03 1.4987739e-03 1.8121027e-03 4.2759260e-04
 8.5138559e-04 6.1740709e-04 4.7476706e-03 1.0168351e-02 9.8651147e-04
 2.9017841e-03 3.5888343e-03 4.6861926e-03 5.3362986e-03 4.1355612e-03
 1.0536691e-03 2.5558780e-04 1.4831100e-03 1.1029324e-01 3.8415324e-03
 3.1587657e-01 5.2806851e-03 1.0788729e-03 1.3744184e-01 1.0680633e-03
 2.3882459e-03 1.4674744e-02 2.0975876e-03 3.7075044e-04 5.0375995e-05
 7.3112492e-03 3.5952136e-03 5.9711048e-05 1.2952891e-03 1.7719771e-01
 3.5369076e-04 4.4784148e-04 1.0204730e-03 5.5922070e-03 3.6754574e+01
 3.4894382e-03 4.9965666e-03 9.5349416e-04 8.6910063e-03 9.3958573e-04
 6.6355407e-01 5.0323509e-02 4.2152684e-03 1.0641289e-03 1.4679615e-03
 5.8314163e-04 2.2678128e-03 1.3098267e-03 2.2843039e-01 1.4097143e-03
 3.3792267e-03 9.0013054e-04 1.4751249e-03 2.8139902e-03 2.7397607e-04
 8.4202562e-05 4.4865540e-04 6.1069528e-04 1.9811708e-03 4.1540682e-01
 1.5477763e-01 1.2812838e-03 9.7900294e-02 9.7230077e-04 9.4010687e-04
 9.4857644e-03 2.3008353e-04 3.9840965e-03 2.9287417e-03 1.7480117e-03
 1.5408325e-03 7.6171914e-03 1.0415923e-03 4.9289055e-03 1.2115436e-03
 3.3427238e-02 1.1190582e-03 1.6931468e-04 6.0623663e-04 1.8688815e-04
 3.5329522e-03 4.6696109e-03 1.5237222e-03 1.9490237e-03 2.1877217e+00
 3.9968598e-03 6.2501943e-03 6.1269747e-03 8.2239425e-01 4.5209494e-04
 1.0662745e-03 4.4011953e-03 3.3812830e-04 2.9666736e-03 3.4707219e-03
 1.1393999e-02 2.5935393e-02 2.7590529e-03 4.3489533e-03 8.2070334e-03
 1.8695632e-01 8.9003530e-05 1.6356774e-02 1.2626583e-03 7.9291072e-03
 3.8373400e-04 2.1256921e-03 3.2460121e-03 4.9900231e-03 2.3757789e-02
 1.4552278e-03 1.9859578e-03 7.0453947e-03 4.3458566e-03 7.6077521e-02
 7.1664417e-01 4.4150744e-03 7.3847949e-04 6.1613657e-03 7.4105337e-05
 2.1239074e-03 8.0887566e-04 2.2188836e-04 1.9603239e-03 1.9805185e-02
 1.2598732e-01 8.6439466e-03 4.8402376e-03 5.8150908e-05 1.3879490e+00
 1.6457664e-03 2.1849701e-03 4.3361919e-04 3.8479181e-04 6.0288854e-02
 3.7261576e-03 5.6301858e-03 3.9349362e-04 8.1518851e-03 1.0723367e-02
 7.3839002e-04 1.4924533e-03 2.2870656e-03 3.0691905e-03 4.4180388e-03
 1.1148373e-02 1.9979319e-03 5.3830217e-03 9.0875000e-02 6.3889772e-02
 4.7506033e-03 1.3781989e-03 1.3952443e-02 7.4267182e-03 7.4418786e-04
 5.1334631e-01 2.1186454e-04 6.3230516e-05 1.1578931e-02 1.1498830e-01
 7.5802961e-03 1.0199799e-01 5.1522453e-04 9.5481426e-03 2.3465268e-01
 1.7066416e-04 4.5181048e-04 8.3284569e-04 7.8676327e-05 1.8616044e-04
 1.0041479e-04 3.2820017e-04 5.9024576e-04 4.4215243e-02 3.8697498e-03
 9.4187242e-04 7.9543242e-04 9.3225790e-03 9.0652965e-03 1.0067410e-02
 2.7451722e-05 3.9274967e-03 6.2734634e-03 9.9328846e-02 5.5377835e-01
 2.0612907e-03 3.9990731e-03 5.2112836e-04 2.7606946e-03 1.7831696e-03
 1.0339735e-04],-96.563736,-111.52844,-318.4853,1.0558505,2.5500822,0.9447715,0.9286798,1.2912909,-1.2984391,21.612621,173.78355,3.8197136,0.4674817,0.45677182,-165.28902,165.28902,[1.16652212e+01 1.29637909e+01 1.70897179e+01 1.74151123e+02
 1.85861526e+02 6.96736389e+02 1.28467636e+02 7.25803375e+00
 3.70811272e+01 5.19534302e+01 3.89400177e+01 1.88014191e+02
 6.40118774e+02 5.21269379e+01 5.52611450e+02 3.03299774e+02
 1.51165314e+02 1.39912996e+01 4.88139526e+02 5.88883057e+01
 3.64931122e+02 9.15109406e+01 7.93927155e+01 1.05940697e+02
 3.05363916e+03 3.91767502e+00 3.67892456e+01 2.15937576e+01
 1.79892212e+02 3.19068909e+01 7.63561487e+00 6.95492096e+01
 5.26592590e+02 1.17854149e+02 1.54299713e+02 3.93117142e+01
 2.27570145e+02 5.23525162e+01 4.60721741e+01 8.76330643e+01
 1.09610559e+03 4.05651016e+01 2.86957016e+01 1.00296991e+03
 2.23827578e+04 1.15379248e+03 2.19570068e+02 3.17772532e+00
 3.11142761e+02 6.29715942e+02 9.99872208e+00 4.24478607e+01
 7.88676500e-01 3.19817676e+03 4.00116730e+01 3.24931488e+02
 2.61872009e+02 7.06917572e+01 7.95535938e+03 8.48362160e+00
 1.28701866e-01 1.57361984e+02 6.75406837e+00 2.00003471e+01
 1.38349175e+00 2.27836044e+02 1.53995085e+00 2.00548697e+00
 5.19575867e+02 6.93151062e+02 3.60893173e+01 9.66809235e+01
 7.24448586e+00 2.67570587e+02 4.05780127e+03 9.92755699e+00
 1.16533569e+02 3.62729311e-01 4.36051788e+02 6.31462708e+01
 1.73691177e+01 8.04228425e-01 7.53715210e+01 1.47144019e+03
 1.42462744e+03 9.01006470e+01 1.04052353e+02 1.72622490e+01
 2.49730518e+03 2.71251659e+01 7.14705467e+00 3.50606804e+01
 1.53152847e+02 3.04517871e+03 9.85982990e+00 2.90916276e+00
 7.16747498e+02 1.06300564e+01 1.29378910e+01 2.85083618e+03
 8.87185991e-01 1.13373432e+01 6.97177963e+01 7.47731543e+00
 5.42283177e-01 1.92373776e+00 2.70165491e+00 3.94842285e+02
 1.50969467e+01 3.36359497e+02 1.21156025e+01 2.64389210e+01
 2.71257874e+02 2.82231323e+02 7.96564819e+02 3.76383057e+02
 5.73101006e+01 8.40609253e+02 6.45667496e+01 3.13662672e+00
 5.93856764e+00 1.45048499e+00 9.73845541e-01 2.68698578e+01
 3.00870117e+03 7.18277836e+00 9.76521873e+00 9.89154041e-01
 3.74737625e+01 9.03752041e+00 7.21987076e+01 2.56069984e+01
 8.46369629e+02 1.46497101e+02 7.01388794e+02 2.44275303e+01
 4.29043007e+00 1.71475647e+02 1.56608032e+02 2.97449609e+03
 4.13464264e+02 6.86634961e+03 9.79706645e-01 3.02296777e+03
 2.01514197e+03 1.82078133e+01 1.43903427e+01 1.32192955e+01
 3.67498512e+01 1.87228931e+03 2.87913239e+02 1.30469236e+01
 1.23037882e+01 9.31675720e+00 2.63767395e+02 1.46712952e+01
 6.94905930e+01 1.48552383e+02 1.34976416e+01 1.14218867e+00
 6.07238388e+00 7.75200684e+02 4.60466385e+01 1.29534863e+03
 2.51425732e+03 1.24732361e+02 5.88097763e+01 1.89353317e+02
 6.67655487e+01 1.85817993e+02 2.04652863e+01 1.05385933e+02
 9.28052673e+01 7.11254597e+00 1.82977428e+01 1.18629318e+02
 1.68196655e+02 1.98822235e+02 3.03049194e+02 4.42457085e+01
 9.19814209e+02 6.74799538e+00 7.82105398e+00 1.59891624e+01
 3.94866714e+01 4.86062256e+02 2.12106003e+02 1.74113525e+02
 5.07884644e+02 5.25911331e+01 7.02181015e+01 5.46415024e+01
 6.91406708e+01 9.48582554e+00 3.05416046e+02 5.66386032e+01
 1.33679333e+01 8.58120789e+02 1.32839099e+03 9.16108322e+00
 7.38984985e+01 1.14928749e+02 1.05536146e+01 1.59671082e+02
 4.32340622e+00 1.75574890e+02 3.06487000e+02 8.00784149e+01
 1.02492714e+02 1.68578854e+01 8.96301041e+01 3.74170423e-01
 3.29599991e+01 3.79017868e+01 1.55902920e+01 1.46862256e+03
 2.41206837e+00 3.20710083e+02 7.21973114e+01 1.01396045e+03
 5.74459991e+01 1.42535614e+02 1.84766560e+01 5.27936058e+01
 2.12182812e+03 4.38663063e+01 6.89677835e-01 1.14929268e+02
 5.62086906e+01 4.74933154e+03 4.15177612e+01 3.12429053e+03
 3.88895378e+01 1.17235291e+02 3.86923752e+01 2.72365856e+01
 1.87826410e-01 4.99557861e+02 1.72481659e+02 2.60610986e+03
 3.99627954e+03 7.34665604e+01 7.83020813e+02 1.02791638e+03
 1.72332611e+02 2.32464629e+04 2.62607910e+02 1.86983612e+02
 1.65135583e+03 5.87581482e+02 2.51580982e+01 8.15210495e+01
 2.42839893e+03 1.92278656e+02 1.00415831e+01 3.85257721e+01],707.73364,[1.37171688e+01 1.39157991e+01 1.68291302e+01 4.88135132e+02
 7.06563293e+02 9.33099243e+02 9.02009964e+01 1.90212202e+00
 2.10419495e+02 4.95517616e+01 4.06035957e+01 9.54169083e+00
 2.12462036e+02 2.92946911e+01 4.79329620e+02 2.66104919e+02
 1.01903419e+01 3.35816307e+01 8.11162186e+00 7.92070236e+01
 1.48859619e+02 5.39167175e+01 1.06303879e+02 4.55873795e+01
 2.28233325e+03 6.03162041e+01 1.15070038e+02 2.63145008e+01
 2.50523782e+00 9.16318130e+00 9.45785999e+00 8.35236511e+01
 1.78449121e+03 4.11065430e+02 6.39508606e+02 3.70344591e+00
 5.19097168e+02 9.79343832e-01 3.27410767e+02 7.11258728e+02
 7.01125854e+02 5.29598236e+00 1.54301331e+02 1.00567688e+03
 1.10483718e+00 1.99300995e+02 8.25781128e+02 2.01075172e+01
 3.26756811e+00 1.32932922e+03 2.56434679e+00 5.74005661e+01
 9.11955833e-02 1.16093826e+02 2.31636490e+02 6.38015442e+02
 4.01406006e+02 7.29938126e+01 7.14306494e+03 3.19629765e+01
 3.70750874e-01 2.49614166e+02 1.56008011e+02 2.89137888e+00
 4.55177975e+00 1.96250244e+02 3.13617319e-01 2.42393036e+01
 7.36250366e+02 3.22879639e+02 7.59947662e+01 1.21323944e+02
 2.49458103e+01 1.44301254e+02 2.35284326e+03 6.85107660e+00
 2.94206772e+01 4.57737625e-01 5.42459106e+02 7.32616119e+01
 1.40878506e+01 8.10622330e+01 1.13339071e+01 3.67601001e+03
 3.94385840e+03 1.06781662e+02 1.10890900e+02 1.02797356e+01
 2.64252686e+03 1.15096986e+00 2.90530243e+01 8.77274246e+01
 2.75497528e+02 2.89373706e+03 7.38791466e-01 2.09493599e+01
 5.52566223e+02 1.58053041e+00 6.55723095e+00 5.14661621e+02
 2.06739807e+01 6.77664566e+00 1.25544525e+02 2.70015597e+00
 1.18212736e+00 2.32318726e+01 6.88760614e+00 5.34667908e+02
 3.88860855e+01 6.72941566e-01 6.14187622e+01 1.38458233e+01
 6.53577087e+02 2.03569489e+01 1.51728186e+03 1.41994944e+01
 2.65301697e+02 4.10901172e+03 2.35107956e+01 2.43886042e+00
 9.43642426e+00 1.36490870e+00 3.01729202e+00 2.29362106e+01
 8.17401306e+02 1.84209194e+01 1.24410362e+01 1.95384324e+00
 1.70777740e+01 1.19635353e+01 6.52520142e+01 4.96326408e+01
 8.47616150e+02 1.82506592e+02 7.79856750e+02 1.48069360e+03
 2.21712375e+00 1.63802147e+01 1.37145386e+02 4.66297754e+03
 6.64596176e+01 5.07149805e+03 2.40337181e+01 1.20854248e+03
 1.93941333e+03 1.03009903e+02 1.78260345e+01 7.25743055e+00
 6.40441990e+00 1.34955676e+03 9.78066101e+01 3.28777275e+01
 2.36063328e+01 3.32390928e+00 3.07827942e+02 5.23910065e+01
 1.25448318e+02 1.77100723e+02 2.42656364e+01 7.32762575e+00
 3.32978773e+00 8.12645935e+02 4.56498871e+01 3.91149292e+02
 2.61656934e+03 1.11356232e+02 1.19629051e+02 2.81312439e+02
 1.15503006e+02 2.21000305e+02 5.39028503e+02 8.18555298e+01
 3.91230655e+00 6.67808819e+00 4.64869022e+00 4.09897156e+01
 1.81515778e+02 1.11837341e+02 3.20573334e+02 2.49825535e+01
 3.18407104e+02 1.32196355e+00 2.15980187e-01 9.85040855e+00
 9.39589214e+00 4.72149506e+02 4.80485229e+02 1.25739698e+01
 5.07420197e+02 2.00229340e+01 1.61608490e+02 3.67972374e+00
 7.75506210e+00 1.38904142e+01 9.97721481e+00 6.84092178e+01
 5.62181473e+00 1.33773242e+03 1.39558643e+03 1.04981661e+01
 8.26458130e+01 6.69562073e+01 5.07279778e+01 2.00532684e+02
 8.90317631e+00 2.74974884e+02 3.72972534e+02 3.66278748e+02
 1.16730354e+02 5.69249153e-01 8.14924850e+01 7.66020060e+00
 1.00042084e+02 1.74156837e+01 3.93754807e+01 9.22838806e+02
 2.96371689e+01 1.34773773e+02 5.16834641e+01 6.10192383e+02
 2.79210138e+00 2.57740021e+02 2.01096554e+01 2.74060688e+01
 2.80308057e+03 1.95077858e+01 2.74409962e+00 1.43139847e+02
 3.20727020e+02 7.23288452e+02 3.37852936e+01 2.24991162e+03
 3.43655319e+01 1.40661652e+02 3.36864395e+01 9.87534428e+00
 2.72770852e-01 1.44740662e+02 1.59664490e+02 2.96572845e+02
 2.82098364e+03 1.13444710e+02 1.85082581e+02 9.05630127e+02
 1.06004433e+02 5.73716406e+03 2.99944214e+02 9.86304474e+01
 6.01376343e+02 1.18257837e+03 9.12952805e+01 1.15807007e+02
 1.90972131e+03 1.97813782e+02 3.99763947e+01 3.83574367e+00],-103.01297,-173.44469,-340.38867,2.8128471,20.495258,0.9084254,0.960283,0.015076998538970947,9424.684804439545,0.5,0.5,-0.02660347232614275,-0.004110592600821065,-0.026818709482535317,-0.003729572586065412,20.444169535620855,37.59999999999999,0.0,600000.0,-1.0,-761.0,750.0,11.019201517105103,600000
106.7124,0.02937339,0.071784414,0.0009702807,-105.96519,105.96519,[1.37049472e-02 5.28497435e-03 3.97948455e-03 5.61235286e-03
 5.78267686e-03 2.88607888e-02 5.19873574e-03 1.39216101e-02
 2.92090513e-03 6.00800896e-03 8.45217332e-03 5.59422327e-03
 6.29098015e-03 6.81976557e-01 5.42203803e-03 1.52065102e-02
 5.32016438e-03 2.12511301e+00 6.24738224e-02 3.64036346e-03
 1.42760658e+00 3.21433181e-05 4.37180430e-01 8.22330941e-04
 5.49473241e-02 3.16800387e-03 6.05496280e-02 9.02083889e-03
 2.37024594e-02 7.44213438e+00 3.54631245e-03 4.09125350e-02
 6.42884064e+00 5.07686054e-03 5.44413412e-03 1.89170428e-03
 1.47304917e-03 2.54873216e-01 6.23397923e+00 3.77961099e-02
 7.78295398e-02 1.38058085e-02 4.92995093e-03 6.10839427e-01
 1.32079376e-03 6.57939631e-03 1.95509456e-02 1.42637819e-01
 2.66864849e-03 1.75860599e-02 3.06496164e-03 2.21887350e+00
 9.97026348e+00 5.85232489e-03 6.90161076e-04 1.21921618e-02
 8.94446075e-02 2.19232892e-03 6.51624566e-03 1.06432724e+00
 6.97248010e-03 8.81463755e-03 4.39838693e-03 5.81761729e-03
 2.32203072e-03 2.14695116e-04 1.02508375e-02 5.15465997e-03
 1.95641732e+00 3.81367700e-03 1.17204832e-02 1.12728216e-03
 3.09137767e-03 1.13257347e-03 1.69543712e-03 1.32174604e-03
 5.55405393e-03 3.28741455e-03 5.84067358e-03 2.19468784e+00
 2.06126362e-01 6.16380107e-03 9.36030388e-01 6.63512230e-01
 2.00389978e-03 7.33796554e-03 4.95688710e-03 1.12713967e-02
 2.53727916e-03 1.77762914e-03 3.98751302e-03 5.83432429e-03
 4.98686612e-01 2.81623173e+00 2.17924011e-04 6.22531831e-01
 5.92832128e-03 9.81993414e-03 9.10859406e-02 5.44657232e-03
 2.95113446e-03 2.81740492e-03 1.27531895e-02 1.53665058e-02
 1.42625358e-04 4.67066513e-03 4.99422941e-03 1.17295748e-02
 1.57226995e-02 2.66508432e-03 1.62408384e-03 1.73954898e-03
 8.65535159e-03 3.95434583e-03 5.29910438e-03 3.10468092e-03
 6.11278554e-03 5.05263498e-03 2.24636612e-03 3.13904975e-03
 1.01054218e-02 8.45418498e-03 4.25237324e-03 4.32556346e-02
 9.30080563e-03 2.46057194e-03 3.19627998e-03 1.14626242e-02
 2.29487754e-03 2.10770080e-03 6.90784073e-03 2.69090408e-03
 2.43330941e-01 6.13364816e-01 5.73886514e-01 7.61571899e-03
 5.25947753e-03 5.14633860e-03 3.11674058e-01 3.57832434e-03
 5.46329934e-03 3.37472325e-03 3.28118703e-03 1.30406441e-02
 1.35359019e-01 6.60314038e-03 1.88205624e-03 8.46111309e-03
 5.37241157e-03 3.87318153e-03 5.22227678e-03 1.50420135e-02
 7.59405084e-03 4.77227475e-03 6.09909277e-03 1.09972000e-01
 2.38215458e-03 1.50148720e-02 7.07306666e-03 1.14532337e-02
 2.14883359e-03 6.73211552e-03 8.89898539e-02 1.10372677e-01
 2.03928235e-03 1.33395001e-01 6.59570517e-03 4.61117597e-04
 4.73896474e-01 4.94448328e-03 8.66521336e-03 2.22996832e-03
 1.62774473e-02 1.77973366e+00 6.36136299e-03 5.21959458e-03
 4.20683064e-03 7.34421005e-03 1.11517925e-02 8.40424746e-03
 2.89216219e-03 1.06598726e-02 1.81434420e-03 5.08726668e-03
 4.04965249e-04 8.32957588e-03 1.89771759e-03 2.14993418e-03
 6.24814164e-03 5.72430249e-03 3.69708806e-01 3.37040350e-02
 2.04118958e-04 1.79528487e+00 3.02942703e-03 5.08274026e-02
 1.65818110e-02 4.65334654e-01 6.89330045e-03 2.72147008e-03
 3.92822840e-04 3.23869318e-01 4.95169451e-03 9.70719934e-01
 6.87187188e-04 2.07102932e-02 4.65230457e-03 3.08124814e-03
 9.28993628e-04 7.52263889e-03 5.21220493e+00 2.48226833e+00
 4.49116249e-03 1.43748964e-03 3.63033894e-03 1.37557397e-02
 1.24992886e+01 9.81981866e-03 3.18548828e-03 7.53456354e-03
 6.97947713e-03 3.58772390e-02 3.34470044e-03 7.65848812e-03
 7.20377639e-03 1.79453800e-03 3.12107918e-03 1.93206919e-03
 7.35423621e-03 1.27465236e+00 5.76074375e-03 2.63426256e+00
 2.12959107e-03 1.02536440e+00 4.31166962e-03 1.89920072e-04
 2.02698819e-03 1.36361301e-01 2.95841508e-03 3.83129832e-03
 2.69768566e-01 1.61427562e-03 2.49767266e-02 1.75110921e-02
 2.14118813e-03 2.03894102e-03 3.30515921e-01 4.30782698e-02
 7.75961962e-04 1.52290511e+00 7.92516582e-03 4.07629739e-03
 6.47888239e-03 7.43903033e-03 4.02279850e-03 7.29913451e-03],0.45392448,[3.13128019e-03 1.10943336e-02 5.12083760e-03 5.14201773e-03
 5.99101279e-03 1.96765214e-01 3.85897560e-03 3.90255358e-03
 5.22106094e-03 7.89793488e-03 4.92717233e-03 5.02232928e-03
 6.53329305e-03 1.10095525e+00 2.07899278e-03 2.03351825e-01
 3.46010970e-03 3.86017263e-01 6.86955750e-02 3.11311451e-03
 4.88128567e+00 2.22931267e-04 1.36703825e+00 2.24963878e-03
 1.27770463e-02 3.44309723e-03 4.54355180e-02 3.66679672e-03
 9.42851789e-03 1.65535569e-01 2.82422383e-03 5.80060855e-02
 3.30886960e-01 9.43787221e-04 2.13086070e-03 7.57038419e-04
 3.97549383e-03 3.89150524e+00 2.60729134e-01 4.94032763e-02
 5.73720708e-02 8.10682960e-03 5.07332198e-03 1.25205040e+00
 5.83137677e-04 3.38241993e-03 1.76998693e-02 1.87218264e-02
 5.64027112e-03 1.93769503e-02 4.23952146e-03 7.70790160e-01
 2.47410178e-01 3.57021694e-03 2.05228990e-03 5.82527835e-03
 5.76595366e-02 4.23923507e-03 6.29785063e-04 6.19579315e-01
 5.65983355e-03 4.30503627e-03 4.05193865e-03 2.68350565e-03
 1.99009292e-03 7.07369822e-04 7.73163512e-03 3.83908767e-03
 4.23434782e+00 4.16769739e-03 3.45567428e-03 4.07713698e-04
 3.64317372e-03 1.01194310e-03 4.56976518e-03 2.34964071e-03
 4.74783871e-03 1.61930686e-03 8.09181074e-04 1.87199414e-01
 5.52340269e-01 4.26645763e-03 4.73626316e-01 5.37267148e-01
 4.10349295e-03 1.10786045e-02 4.19636676e-03 5.69187058e-03
 1.59310503e-03 1.49819558e-03 3.00876843e-03 7.45994970e-03
 1.73915431e-01 9.41852093e-01 6.50967564e-03 6.67638683e+00
 4.69365669e-03 1.02031464e-02 3.36978808e-02 6.35028025e-03
 2.74674338e-03 1.11896452e-03 4.47223429e-03 1.34911658e-02
 2.38371338e-03 3.28839268e-03 4.68952954e-03 6.36493787e-03
 1.55289024e-02 3.12933675e-03 4.16309852e-03 1.24124531e-03
 1.92039870e-02 3.52445641e-03 4.84707998e-03 4.77556232e-03
 7.09512085e-03 2.87878979e-03 1.65370619e-03 6.63051708e-03
 1.38724912e-02 1.78864487e-02 1.52410753e-03 1.60730556e-02
 4.42511309e-03 3.95308714e-03 2.61347811e-03 1.13289729e-02
 2.46152328e-03 2.03897944e-03 4.55765426e-03 3.48810572e-04
 1.35557860e-01 2.55199760e-01 1.18119850e+01 4.07606503e-03
 5.44089172e-03 5.45190414e-03 8.92810673e-02 4.36929474e-03
 6.04741089e-03 3.68147297e-03 3.05437599e-03 6.45143073e-03
 7.19029009e-01 6.83340337e-03 1.75221637e-03 6.62067067e-03
 3.57873458e-03 2.18021800e-04 4.45541274e-03 2.29027886e-02
 5.91018796e-03 3.02751455e-03 4.25364403e-03 1.28417999e-01
 6.56858459e-03 8.20763130e-03 4.84414678e-03 1.58826751e-03
 1.51042640e-03 3.33937956e-03 7.46875927e-02 7.78119778e-03
 3.23253707e-03 5.85173145e-02 4.87836171e-03 3.57414712e-04
 4.52050477e-01 5.51664364e-03 2.62200274e-03 4.34536021e-03
 1.78626310e-02 1.67772722e+00 6.11026585e-03 9.29307565e-03
 5.62149798e-03 1.04196398e-02 4.98509454e-03 6.40764367e-03
 2.59307330e-03 8.55944585e-03 2.72206566e-03 4.68468061e-03
 8.73177778e-03 5.09649934e-03 1.86353014e-03 2.24826741e-03
 4.37251804e-03 7.99003150e-03 3.15006375e-01 4.40836884e-02
 5.22408634e-04 2.04420701e-01 1.78123871e-03 2.54312567e-02
 1.05390809e-02 4.25128222e-01 5.57185523e-03 4.17711027e-03
 1.04838982e-03 2.41564333e-01 4.09451826e-03 8.51268888e-01
 8.56695988e-04 3.76225449e-02 4.38812422e-03 2.30644201e-03
 5.11601241e-03 1.20960763e-02 1.45959721e+01 8.23792256e-03
 4.67820000e-03 3.13027820e-04 3.04363761e-03 6.40727638e-04
 1.00454502e+01 4.16023610e-03 1.33918831e-03 7.27306399e-03
 3.62150045e-03 3.52912545e-02 5.75872837e-03 4.75919864e-04
 7.23452400e-03 9.67070053e-04 4.29517729e-03 3.18408106e-03
 6.00419287e-03 1.33914375e+00 4.67297621e-03 4.26183164e-01
 2.92868866e-03 3.03394914e+00 4.37595695e-03 1.01037149e-04
 3.12551670e-03 1.13132179e-01 7.49261410e-04 3.87025159e-03
 2.45489836e-01 1.09008327e-03 1.41616501e-02 1.36625934e-02
 6.05735113e-04 2.22451822e-03 1.34989470e-01 1.90176547e-01
 2.17156042e-03 1.08833766e+00 9.19736829e-03 3.84430424e-03
 4.56263963e-03 6.08210173e-03 3.36853461e-03 7.26386812e-03],-97.330215,-113.55883,-337.6968,1.0647832,2.432483,0.9092386,0.92917144,1.6105852,-1.080475,28.82919,163.33478,3.256923,0.48741513,0.41810712,-155.2037,155.2037,[6.57740051e+02 3.14763123e+02 1.39675562e+03 9.06193237e+02
 2.77514221e+02 3.29647875e+00 7.59086914e+01 1.12146973e+02
 6.51629883e+02 2.74042145e+02 1.88011200e+02 2.75104408e+01
 4.52048645e+02 5.25063095e+01 1.82808647e+01 9.26678027e+03
 1.09018646e+02 6.94570160e+00 4.31164795e+03 5.28378723e+02
 4.28388405e+00 5.40556213e+02 8.00632227e+03 2.42071884e+02
 1.51333276e+03 2.66716957e+00 8.08326855e+03 4.89434113e+02
 1.98460770e+02 1.93738699e-01 3.64546165e+01 7.17777252e+00
 1.18233063e+02 1.37025738e+01 2.94293938e+01 9.15194750e-01
 3.40002808e+02 1.84703857e+02 1.30991697e+01 2.27240372e+01
 2.67578661e-01 9.51521973e+02 9.27945251e+01 8.79386978e+01
 1.85600624e+01 7.76912308e+00 5.39742184e+00 1.69299390e+03
 2.57455750e+02 3.66052856e+01 6.32960968e+01 3.30131866e+02
 4.58154755e+01 2.19464016e+01 9.10209846e+00 5.06104431e+01
 1.21460116e+00 1.11864722e+03 5.16280842e+00 8.48554871e+02
 3.61343750e+03 4.43905060e+02 1.29234467e+01 1.59211816e+03
 8.80143642e+00 1.26229012e+02 8.60219727e+01 1.94073367e+00
 6.77145459e+03 4.04254189e+01 2.14431458e+02 7.22072449e+01
 1.24386223e+02 3.34357719e+01 2.13565765e+02 1.01819897e+03
 2.30273682e+03 1.66295679e+03 7.04194212e+00 5.90839722e+02
 1.79385529e+01 7.12467773e+02 9.38728638e+01 2.43659512e+04
 8.88811493e+01 5.13672409e+01 2.28165817e+00 6.95212483e-01
 1.13413750e+02 1.27654171e+01 1.95418873e+01 1.00928174e+03
 8.33051682e+01 4.00749236e-01 2.40596466e+02 2.51168957e+01
 1.29232941e+01 6.45595856e+01 4.93625565e+01 1.04493484e+02
 4.55014990e+03 8.55303669e+00 1.01191216e+01 2.48407559e+04
 1.70466736e+02 2.52859717e+03 4.34437637e+01 1.80314720e-01
 3.27682838e+01 2.87260354e-01 5.72892822e+02 2.15562454e+02
 2.61525928e+03 1.11062765e+01 2.22326758e+04 6.56241272e+02
 3.12830389e-01 1.41425734e+01 1.27787537e+03 4.03488452e+03
 6.26201172e+02 8.48083618e+02 1.66595578e+00 2.68316689e+01
 2.68047104e+01 2.21110229e+01 2.13183521e+03 2.61855011e+02
 7.76190796e+02 1.31429153e+02 1.95163498e+01 2.33980972e+02
 1.48987137e+02 5.84912964e+02 1.59326859e+02 3.24605026e+01
 1.19297813e+02 6.50731689e+02 4.52473335e+01 3.27337952e+01
 1.34321484e+03 1.60426620e+02 3.09054985e+01 1.91973999e+02
 5.97871387e+03 3.47283006e-01 3.32998180e+00 8.37241352e-01
 1.48668518e+02 1.00577354e+02 5.93397949e+02 6.92480445e-01
 7.85313010e-01 8.15024292e+02 1.09574676e+00 3.35396500e+01
 2.38243580e+01 1.21670508e+00 2.27017670e+02 1.14866772e+01
 5.69289703e+01 7.68755054e+00 7.92639355e+03 1.67152011e+00
 3.26444885e+02 2.72202606e+01 2.74246887e+02 5.89314697e+02
 4.05325813e+01 2.27243851e+02 5.66708789e+03 4.71485615e+00
 5.86082191e+01 1.36572754e+03 7.67218994e+03 1.76481743e+01
 4.09691589e+02 1.54486399e+01 2.83807080e+03 8.08352417e+02
 1.56000931e+02 1.04440994e+01 4.51046973e+03 1.11580383e+02
 1.49112642e+00 2.64124817e+02 1.67573757e+01 1.08793440e+01
 3.68972931e+01 1.59070778e+00 2.01005402e+01 1.44986771e+02
 1.66698799e+01 6.27969284e+01 1.02951538e+02 6.13835716e+01
 1.20396130e+03 2.84692307e+01 5.15335655e+01 1.91714279e+02
 1.65667404e+02 1.13866113e+03 2.36466504e+03 3.12052202e+00
 1.41241112e+01 4.08031250e+02 2.23266373e+01 4.17051697e+02
 1.45090380e+01 1.97276497e+01 6.38017090e+02 2.00565216e+02
 1.71595879e+01 2.50138741e+01 2.08046621e+04 5.52978859e+01
 2.97180724e+00 1.69784451e+00 8.23666211e+03 4.05819607e+00
 5.38899414e+02 3.66314240e+01 8.19545269e+00 1.40861526e+02
 3.44634735e+02 1.57083435e+02 5.86386169e+02 2.29926085e+00
 7.77581299e+02 1.59952783e+03 5.39213324e+00 2.09978981e+01
 1.59043671e+02 4.60222314e+03 1.62870944e-01 3.47636833e+01
 6.24866600e+01 6.23622925e+02 5.05162158e+03 2.10226758e+04
 1.89362085e+03 1.09611366e+02 3.03573990e+01 3.35030270e+00
 3.88338447e-01 3.27162537e+02 1.79070526e+02 9.45088730e+01
 2.77773666e+01 9.66118042e+02 2.43761597e+02 1.62120956e+02
 5.65453682e+01 4.80482269e+02 3.29061012e+01 1.27817497e+02],1204.293,[1.50586365e+02 1.21332901e+02 2.30503662e+03 5.78781967e+01
 2.56056305e+02 2.45179405e+01 9.38030624e+00 3.98225899e+01
 9.93824921e+01 1.11727936e+02 8.30100403e+01 5.32285423e+01
 1.77088684e+02 3.94729729e+01 9.97597885e+00 5.90889258e+03
 1.38239319e+02 5.34438896e+00 2.27051147e+03 2.08193945e+03
 2.62582130e+01 1.85579956e+03 4.65014648e+03 1.55779037e+02
 2.31975952e+03 1.00163853e+00 1.83006104e+03 5.34311340e+02
 5.98527734e+03 2.05546319e-01 1.92796799e+02 6.27480745e+00
 8.33572083e+01 4.88211708e+01 4.28941498e+01 6.00321412e-01
 5.23628662e+02 1.16905394e+01 1.38418436e+00 1.20855923e+01
 1.70186787e+01 8.22953247e+02 4.27449646e+01 4.32537727e+01
 2.48359985e+01 8.08949757e+00 1.78791833e+00 1.75167648e+02
 2.44891846e+02 8.62256851e+01 1.73985641e+02 5.87197083e+02
 1.21994431e+02 1.24413307e+02 1.63898354e+01 7.24881554e+00
 7.04419756e+00 7.89775269e+02 8.42085242e-01 1.02969368e+02
 3.22582153e+02 1.15539757e+02 2.94340324e+01 8.06548950e+02
 4.25930786e+01 3.65120649e+00 2.34490223e+01 1.71792075e-01
 6.24839453e+03 3.77357140e+01 6.25765930e+02 6.08395844e+01
 6.73775787e+01 3.46815033e+01 1.43460022e+02 2.52774597e+02
 4.62764258e+03 1.31215479e+03 5.29983093e+02 1.29468103e+03
 3.61634750e+01 6.54648315e+02 5.09047937e+00 1.03991707e+02
 9.45780869e+01 1.53950958e+01 2.64728603e+01 2.31929660e+00
 1.26774368e+02 9.82325554e+00 9.08846893e+01 7.16482239e+02
 4.43953857e+01 2.38934541e+00 2.88130371e+02 8.56202087e+01
 5.07634735e+00 1.00657997e+02 6.64457417e+00 5.05354156e+02
 6.60105664e+03 7.31009245e+00 4.54614925e+00 4.15147803e+03
 2.45618347e+02 4.89855127e+03 7.25551319e+00 1.51023651e+02
 5.60597610e+00 9.60589170e-01 4.82449036e+01 3.32321045e+02
 1.89068329e+02 3.84723306e+00 5.05754364e+02 1.85915466e+03
 1.02083340e-01 1.43220711e+01 1.35494214e+03 1.58544519e+03
 2.26813794e+03 2.10798340e+03 5.94730148e+01 1.18255367e+01
 8.17253952e+01 1.22348137e+01 8.92242188e+02 8.52539917e+02
 1.49422089e+02 5.49986687e+01 2.64978390e+01 2.48045425e+02
 2.53497375e+02 2.64235199e+02 5.29776993e+01 9.89414024e+00
 4.45374260e+01 6.51034790e+02 1.61953087e+01 1.62507286e+01
 4.14498145e+03 1.82262527e+02 5.52474403e+01 3.96663025e+02
 7.87708740e+03 2.58426237e+00 3.53225350e+00 1.89803104e+01
 1.39215832e+01 2.92824287e+01 4.66742218e+02 2.04958496e+02
 5.43030441e-01 2.64638184e+02 1.28541708e+00 6.32872391e+00
 1.15175619e+01 4.51855808e-01 1.43286697e+02 9.79135513e-01
 3.71747589e+02 1.52584591e+01 1.64150820e+04 2.28587227e+01
 2.64889435e+02 5.36816902e+01 4.68267029e+02 4.98879211e+02
 9.87144775e+01 3.91907349e+02 1.20180249e+03 7.95050383e+00
 8.35389709e+01 7.83572083e+02 5.82581104e+03 1.69576454e+01
 3.53053406e+02 4.65336647e+01 8.52672852e+02 4.49120850e+02
 6.64096924e+02 1.45216689e-01 4.23007324e+03 2.96865597e+01
 7.27319717e+01 8.87708130e+02 7.56478357e+00 4.37790756e+01
 6.45446062e+00 3.50740933e+00 1.11706406e-01 2.02107072e+00
 8.86880398e+00 3.05497253e+02 6.26665039e+01 2.91656860e+02
 3.06553931e+03 9.99806046e-01 6.56913605e+01 3.05470703e+02
 5.38309288e+01 2.60906494e+02 2.26160229e+03 2.35212650e+01
 1.56929722e+01 3.28803635e+01 6.60795975e+00 3.68769836e+02
 1.44643831e+00 2.47086277e+01 1.86908661e+02 3.77856873e+02
 7.59480438e+01 4.48963699e+01 3.13131752e+01 2.91790638e+01
 1.58851767e+00 8.93444824e+00 4.92388818e+03 7.09039640e+00
 1.21747742e+03 3.04329491e+01 1.59872675e+00 2.57054047e+02
 4.63290680e+02 1.46322144e+02 1.13310938e+03 1.06066238e+02
 3.48933130e+03 2.30562256e+03 1.96949780e+00 3.24310417e+01
 2.25590744e+02 2.49235938e+03 5.79694443e+01 4.60753858e-01
 1.04562283e+01 6.77033630e+02 1.05383574e+04 3.11804891e-01
 3.03022192e+03 3.10315033e+02 3.99628754e+01 1.33677425e+01
 4.06960831e+01 3.45463104e+02 2.79681396e+02 1.27630264e+02
 6.02007332e+01 2.28340430e+03 3.36836426e+02 3.40390564e+02
 8.06096497e+01 2.78742828e+02 2.09136627e+02 1.56204025e+02],-102.202415,-165.86499,-344.8199,2.804778,30.179981,1.0151597,0.960989,0.016591627225875854,9839.475517749786,0.5,0.5,0.01754487243440908,-0.00015791603183121174,0.017460530040586425,-0.0010271810145318404,35.98057687225886,37.59999999999999,0.0,624750.0,-1.0,-762.0,750.0,12.903355598449707,625000
102.85468,0.026508585,0.041377574,0.00072139496,-102.4144,102.4144,[3.11241718e-03 2.12398882e-04 4.91265964e-04 1.33723719e-03
 1.69927925e-02 3.24909389e-03 1.16974786e-02 7.45388214e-03
 1.50280911e-03 1.02422889e-02 2.74957091e-01 6.95674587e-03
 5.51924761e-03 4.81386809e-03 1.49421453e-01 1.01569458e-03
 1.00758916e-03 2.33680778e-03 2.27440731e-03 2.92934058e-03
 1.88553557e-02 3.43838692e+00 2.14874675e-03 2.66025662e-02
 4.35574353e-03 4.03657672e-04 1.49827369e-03 7.07099307e-03
 4.03598556e-03 2.95553473e-04 4.03936952e-02 4.12945636e-03
 1.78302685e-03 7.15025351e-04 1.75579276e-04 3.37414443e-03
 2.59341905e-03 1.11743901e-03 1.02282222e-02 1.11856731e-03
 5.22752875e-04 8.20640707e-06 2.21271443e+00 3.22248810e-03
 6.37161138e-04 3.05221789e-03 3.26175359e-03 6.22530142e-03
 2.76961088e-01 7.73232616e-03 2.27197423e-03 3.61625291e-03
 1.89337833e-03 5.45282662e-03 7.16756331e-04 1.10302726e-03
 1.27432609e+00 1.48068694e-03 5.86402602e-05 1.77842868e-03
 1.38100842e-03 3.74556333e-03 5.21237147e-04 6.90603536e-03
 2.15945346e-03 5.60633233e-03 2.01075766e-02 1.01476740e-02
 2.37831175e-02 9.12487602e+00 8.29180703e-03 2.58210488e-03
 3.92028270e-03 5.40922023e-03 1.48287998e-03 5.70579410e-01
 2.97064055e-03 2.99679232e-04 6.24457840e-03 3.90624976e+00
 2.72694416e-03 2.04545353e-03 3.23299144e-04 2.35694321e-03
 7.93712214e-03 2.92490353e-03 1.41863152e-02 1.35701674e-03
 1.74390757e-03 3.34457145e-03 1.35061191e-03 3.81830730e-03
 4.21808939e-03 5.85960515e-04 2.29428848e-03 2.35001463e-03
 7.38502480e-03 4.12081897e-01 4.37416695e-03 1.65846013e-03
 4.31806920e-03 1.90315361e-04 7.45348446e-03 3.19319917e-03
 7.69457221e-03 9.50009096e-03 3.24420654e-03 1.45282899e-03
 3.78865786e-02 1.01268943e-02 4.72732913e-03 2.22927213e+00
 6.80123687e-01 1.02470974e-02 2.33573336e-02 4.00767382e-03
 1.10576125e-02 6.24721408e-01 6.40137121e-03 2.69143656e-03
 5.90223074e-03 8.88606347e-03 1.54465740e-03 9.19546583e-04
 2.00539641e-03 5.66725899e-03 3.60216643e-03 1.36189591e-02
 5.62795158e-03 6.99303346e-05 2.76934989e-02 2.74453592e-03
 8.50405693e+00 1.27281668e-03 1.83345797e-03 7.92618934e-03
 1.26533792e-03 1.70800416e-03 3.48447915e-03 5.24554926e-04
 3.85776535e-03 9.62527748e-03 1.91864115e-03 4.10559680e-03
 2.10545235e-03 1.26634426e-02 1.95341953e-03 4.24012470e+00
 8.18292737e-01 1.39503992e+00 1.77379511e-03 6.41036732e-03
 2.45151389e-03 1.65559538e-02 9.22628678e-05 1.84613327e-03
 1.57703400e+00 1.87764270e-03 4.02313308e-04 4.05313432e-01
 1.01051410e-04 5.73930156e-04 1.05125387e-03 7.94607447e-04
 4.59657470e-03 9.44345351e-03 2.27520708e-04 3.33952624e-03
 3.04014742e-01 4.43598488e-03 7.70971132e-03 3.49057489e-03
 5.78303880e-04 6.09680265e-03 3.12086381e-02 2.49791448e-03
 5.25776111e-03 1.54634449e-03 3.98710836e-03 1.22996140e-03
 2.11789995e-03 6.71677757e-04 1.31729292e-03 1.50728249e-03
 3.41215427e-03 1.17907859e-03 2.12750607e-03 3.51965334e-03
 5.34413289e-03 6.55716867e-04 4.27783583e-04 1.76147185e-03
 5.61728764e+00 3.17204860e-04 4.72132233e-04 4.52424167e-03
 2.44191103e-03 3.45185236e-03 6.30162284e-03 8.54991958e-04
 7.27197975e-02 2.14229082e-03 2.98264110e-03 9.21225082e-03
 7.18250638e-03 1.30938017e-03 1.12326164e-03 8.55364895e-04
 9.60450852e-05 1.56768952e-02 3.39445914e-03 4.51497361e-03
 3.57084232e-03 6.08464815e-02 2.11003935e-03 5.40628396e-02
 1.27636292e-03 2.08031433e-03 3.08720919e-04 3.45499015e+00
 1.51255369e-01 4.35286434e-03 1.78380031e-03 1.22759007e-02
 7.94790406e-03 1.40233571e-03 3.70853511e-03 8.61845724e-03
 2.47831107e-04 2.17584483e-02 3.97087447e-03 1.20803260e-03
 1.29880942e-03 5.41303353e-03 4.96126292e-03 5.09742240e-04
 1.10712950e-04 4.43679886e-03 9.30771325e-03 8.11212230e-03
 2.49612262e-03 1.64696155e-03 1.49626285e-05 3.72619368e-04
 6.11246843e-03 4.28025844e-04 4.67644632e-01 1.78387642e+00
 8.70414138e-01 2.01920187e-03 3.95966351e-01 5.23037985e-02
 1.49527052e-03 2.16860533e+00 6.94250036e-03 2.14360794e-03],0.24351054,[4.68989194e-04 1.78835168e-03 1.00224349e-03 2.98416708e-03
 2.95827328e-03 8.02073628e-05 2.67457054e-03 9.60190222e-03
 2.71619065e-03 1.35249225e-03 6.01284951e-02 3.35137011e-04
 1.69275631e-03 4.75763169e-04 3.66476811e-02 1.28262467e-03
 1.21110724e-03 7.00794626e-04 1.57552422e-03 1.96229760e-03
 1.98038947e-02 1.12052431e+01 8.20243382e-04 6.52896473e-03
 6.80138683e-03 2.91396223e-04 2.85543874e-03 7.89121352e-03
 6.15366874e-03 3.09901778e-04 5.92859723e-02 8.06857180e-03
 7.43657001e-04 1.59181748e-03 1.87279470e-03 3.81951826e-03
 4.06301301e-03 1.77316368e-03 1.10002365e-02 1.16948900e-03
 3.48636089e-03 4.50136256e-04 5.41134596e-01 8.28298042e-04
 5.31986007e-04 5.00919204e-03 3.52246338e-04 3.14745912e-03
 7.05364197e-02 1.08542498e-02 2.16997601e-03 3.36740911e-03
 2.65775714e-03 8.30208044e-03 1.10863545e-03 6.66201999e-03
 6.15126014e-01 2.63106311e-04 4.22422402e-03 3.56740830e-03
 7.21166667e-04 7.56896473e-03 4.24670428e-03 1.01458170e-02
 7.40028918e-04 1.95059227e-04 1.94249954e-02 8.70938704e-04
 2.68754393e-01 1.74730563e+00 3.48736672e-03 3.96421924e-03
 3.65141430e-04 3.74268100e-04 8.57147388e-03 1.66354012e+00
 1.61541207e-03 5.19709475e-03 6.90153614e-03 1.57258832e+00
 4.38664015e-03 1.90246664e-03 2.35631783e-03 2.36150646e-03
 7.87227321e-03 3.09964688e-03 1.64822210e-02 4.23266785e-04
 2.69697071e-03 5.18191746e-03 9.05527850e-04 4.21503745e-03
 1.26265129e-03 2.73181405e-03 1.52267935e-03 5.55923488e-03
 1.05717499e-02 1.46918967e-01 6.66041579e-03 2.76579801e-03
 8.76463484e-03 3.81639739e-03 5.24225179e-03 2.74954364e-03
 3.67778796e-03 1.33883732e-04 3.20531172e-03 2.12266156e-03
 1.50820717e-01 7.27442047e-03 3.17533873e-03 4.00201946e-01
 3.52093756e-01 1.79852312e-03 2.21244860e-02 3.14617553e-03
 3.57102393e-03 1.05146229e+00 4.65991208e-03 6.90084137e-03
 4.53339098e-03 7.37091177e-04 1.64888846e-03 4.26602224e-03
 2.00736616e-03 4.78120637e-04 3.90494615e-03 2.67551653e-03
 3.68041568e-04 1.36513321e-03 8.76488909e-03 8.99994047e-05
 9.03935373e-01 7.14242924e-06 1.58477831e-03 5.08309156e-03
 9.66274762e-04 2.31262413e-03 2.80721230e-03 2.32745335e-03
 1.95003790e-03 1.10598793e-03 4.77735093e-03 5.63034788e-03
 6.29731128e-03 9.28949006e-03 4.02706303e-03 2.25693369e+00
 3.81890982e-01 2.13265848e+00 2.48855096e-04 3.73939727e-03
 3.80229461e-03 2.67140456e-02 3.50270944e-04 2.26931646e-04
 1.25691593e+00 2.18840595e-03 4.77007416e-04 3.52212834e+00
 4.25035600e-04 8.04495532e-04 2.71294755e-03 1.03043218e-03
 6.03929278e-04 7.07184104e-03 3.13906558e-03 1.49869686e-03
 8.40253592e-01 6.42946735e-03 3.34980339e-03 3.67610785e-03
 1.02209323e-03 8.82614462e-04 3.06689888e-02 2.06534564e-03
 1.92831643e-03 6.44864340e-04 4.47825436e-03 2.12301523e-03
 1.32574537e-03 2.52563250e-03 4.29479522e-04 1.21917343e-03
 4.73198015e-04 3.43756983e-04 4.16428829e-03 4.04125266e-03
 5.43530146e-03 1.53932115e-03 3.50359478e-04 6.93185907e-03
 5.21395147e-01 1.08933123e-03 3.02285049e-03 3.27585195e-03
 4.26328322e-03 1.28285366e-03 4.10879869e-03 2.01436807e-03
 5.86940497e-02 1.10915396e-03 9.73534770e-05 2.49386323e-03
 4.03265981e-03 2.63968972e-03 1.18454290e-03 9.81370569e-04
 1.67397084e-04 3.47431749e-02 1.84041588e-03 1.01014599e-02
 4.17034468e-03 3.46227139e-02 1.33683756e-02 2.62002479e-02
 2.00889679e-03 8.26649193e-04 2.34587234e-04 1.68573213e+00
 3.73311155e-03 2.94886343e-03 2.06381083e-05 8.34496226e-03
 5.08971000e-03 4.13859170e-03 7.24202814e-03 3.30110197e-03
 1.90988835e-03 4.69152862e-03 3.77834565e-03 1.09973038e-03
 1.20872376e-03 9.85002145e-03 1.35500869e-03 9.91096720e-04
 2.01526610e-03 8.31953529e-03 9.27994866e-03 6.49286713e-03
 1.61850033e-03 9.70536843e-04 5.81017230e-05 2.78224994e-04
 3.92093323e-03 1.81968231e-03 1.57773420e-02 8.95264626e-01
 6.14265501e-01 4.85599041e-03 4.52299654e-01 1.23970509e-02
 4.39509423e-03 4.23688352e-01 5.50084328e-03 4.02126880e-03],-97.71462,-106.718735,-329.84143,1.0457982,1.7689748,0.93617535,0.92835194,1.4532632,-3.6724496,24.295013,164.44514,3.2377288,0.48843002,0.43318167,-156.32312,156.32312,[1.25160591e+02 4.32227203e+02 7.19955158e+00 8.27814270e+02
 1.84722473e+02 6.32059822e+01 5.17722900e+02 9.51095505e+01
 2.02182938e+02 7.48767805e+00 6.15447426e+00 1.45388049e+03
 3.30812569e+01 1.96983889e-01 7.43270996e+02 5.72592163e+02
 5.75783447e+02 5.84181885e+02 6.92663184e+03 3.63537292e+01
 2.17081432e+01 9.35619751e+02 1.55494194e+01 3.06873340e+03
 8.69204640e-01 7.10085205e+02 4.57842712e+01 4.63838625e+00
 1.19241972e+01 1.94559113e+02 4.37529834e+03 1.60268811e+03
 1.87189713e+02 5.02909241e+01 2.48668365e+01 3.21913452e+01
 6.26479416e+01 9.50743198e+00 6.40271240e+02 7.78094435e+00
 2.99658413e+01 3.62926270e+02 1.75916934e+00 1.83279171e+01
 4.19630219e+02 3.22800789e+01 1.51787961e+00 1.52218701e+03
 1.96837196e+01 3.79637146e+01 3.04301090e+01 1.06303589e+03
 1.74492683e+01 3.20947876e+01 4.27685471e+01 3.52713013e+01
 2.69737671e+02 3.19818054e+02 8.21337097e+02 5.07158887e+03
 3.63458667e+03 2.38712158e+01 5.12796688e+00 1.04994629e+03
 1.56076593e+01 2.27215782e-01 2.86839409e+01 4.03546333e+00
 1.11965513e+00 7.97404575e+00 3.12790344e+02 4.79323364e+02
 5.44299756e+03 5.69745827e+01 7.07687759e+01 1.85556427e+02
 1.11402795e+03 1.20586319e+01 3.76535248e+02 1.26173496e+00
 9.83045425e+01 4.41473503e+01 2.21867104e+01 5.17257263e+02
 4.07904243e+01 4.24045227e+02 3.72838640e+00 1.71373489e+02
 2.62752319e+02 5.90453262e+01 1.23988060e+02 2.11111522e+00
 1.01746284e+02 4.34148312e+00 6.13716553e+02 3.67454605e+01
 9.63558121e+01 1.11472702e+02 2.04556255e+01 6.03955793e+00
 5.28640318e+00 2.65156651e+01 4.42300377e+01 1.16481190e+01
 1.99896812e+00 2.31605854e+01 8.78064823e+00 7.19013643e+00
 9.67195702e+00 4.75154305e+01 7.47134644e+02 1.62820190e+02
 3.97600136e+01 1.63083057e+01 9.32309448e+02 8.26063061e+00
 2.74155811e+03 2.42464771e+03 2.22307510e+01 6.78409805e+01
 3.74162750e+01 2.88273258e+01 2.17541504e+01 6.09990601e+02
 8.59568665e+02 1.63706161e+02 8.76294708e+00 4.07714806e+01
 2.94234668e+03 1.30899734e+02 2.17919375e+04 6.82528000e+01
 2.43515869e+02 1.07842455e+01 1.34390020e+01 1.14889053e+02
 1.44411484e+02 7.81273389e+03 4.10492287e+01 1.54707432e+01
 2.12884102e+01 1.07840668e+02 3.15434204e+02 3.57864456e+01
 4.24065018e+01 3.75358200e+01 3.92104316e+00 9.24847031e+00
 4.07291641e+01 7.75709152e+00 4.77973461e+00 1.45721863e+02
 5.00619736e+01 8.66685772e+00 1.19809828e+01 1.15401449e+01
 1.68751621e+01 4.53978462e+01 2.18340179e+02 2.80044617e+02
 1.29257305e+04 2.09916565e+02 2.76347473e+02 4.28553429e+01
 1.02743591e+03 1.17042715e+04 2.53164482e+00 1.92492126e+03
 1.09026995e+01 9.52922974e+01 1.55334892e+01 3.81678131e+02
 1.90250244e+02 4.81363297e+01 4.42077002e+03 3.77128235e+02
 2.77459583e+01 3.10273071e+02 3.66601471e+02 2.90866638e+02
 5.69673157e+01 8.65693665e+02 1.18006182e+01 1.03284766e+03
 1.14349487e+03 2.97400379e+00 2.88817871e+03 1.20602293e+01
 6.06176758e+03 4.40795837e+02 1.70169239e+01 3.16072044e+01
 1.91380261e+03 2.01371055e+04 4.30423813e+01 3.40205688e+02
 1.21330070e+01 2.44231567e+02 3.78522835e+01 4.36403137e+02
 2.83189430e+01 1.11810165e+02 1.68530807e+02 1.87653397e+02
 2.19889771e+02 2.05782788e+03 5.11161566e+00 3.46407410e+02
 7.76531799e+02 4.44901367e+03 1.58091259e+01 3.70577209e+02
 1.25254379e+02 2.74347687e+02 2.34534457e-01 1.28701462e+02
 4.13252652e-01 1.45133301e+02 7.65591431e+01 3.09158350e+03
 2.11442031e+04 2.27522011e+01 1.77872276e+01 2.80529559e-01
 1.29627228e+02 2.54105640e+03 1.29854752e+02 6.45962753e+01
 1.26579437e+01 4.34321838e+02 1.67903101e+03 1.03497040e+00
 6.76815338e+01 1.42953932e+00 9.58756836e+02 2.47434326e+02
 1.31081533e+01 6.13129349e+01 1.73666687e+01 1.75315619e+00
 4.41042095e-01 4.43129015e+00 1.62074878e+03 6.21396942e+01
 2.81382713e+01 2.63302856e+02 1.25354927e+02 3.52835250e+00
 1.65127579e+02 6.12015610e+01 2.24950488e+03 1.74430180e+01
 5.51309570e+03 2.23316818e+02 1.07035141e+02 2.05869923e+01],885.16077,[1.50666285e+01 1.83614990e+02 7.65177765e+01 1.29899185e+02
 5.83858073e-01 1.37851810e+01 4.80244812e+02 6.44566309e+03
 6.81263184e+02 8.03240013e+00 4.02496185e+01 1.84745093e+03
 2.22037704e+02 3.85402822e+00 7.09437561e+02 1.22287317e+03
 5.72410950e+02 8.71333923e+02 4.12862451e+03 3.30241547e+01
 3.58717275e+00 2.64650757e+03 1.51976814e+01 2.08745801e+03
 4.79092121e+00 5.95966125e+02 8.56869698e+00 4.72763681e+00
 1.47275438e+01 1.12053062e+02 8.07483582e+02 1.45172461e+03
 4.09254341e+01 1.47847412e+02 2.89839478e+02 1.17951546e+01
 1.06146927e+02 1.57316923e+01 8.36788513e+02 8.30188942e+00
 3.67386866e+00 1.83875122e+02 7.89042902e+00 1.72428162e+02
 3.23477753e+02 7.24373322e+01 2.70141006e+00 1.74815466e+03
 2.53467979e+01 1.57891321e+01 1.28980169e+01 3.27609277e+03
 1.00670227e+02 2.80913925e+01 7.82353134e+01 2.38876414e+00
 2.94437351e+01 3.34628906e+02 3.47738525e+02 3.69768018e+03
 3.93804565e+03 2.62846470e-01 4.28624821e+00 5.00720215e+02
 3.29832382e+01 3.63551080e-01 7.16661096e-01 3.52144790e+00
 5.77359295e+00 1.89820039e+00 5.77889343e+02 3.30960156e+03
 1.11290796e+03 6.08874664e+01 7.09080353e+01 2.24746292e+02
 4.63182648e+02 1.19084854e+01 3.70916107e+02 2.77053595e-01
 1.25049805e+02 2.27604160e+01 1.43464706e+02 2.01181244e+02
 2.02174854e+01 1.29164958e+00 4.92885256e+00 1.25337646e+03
 4.03754486e+02 3.91097794e+01 8.62473450e+01 1.80878677e+01
 2.22818100e+02 4.23909140e+00 5.06280899e+01 3.75286713e+01
 1.61680237e+02 1.14217575e+02 1.89336133e+00 1.10457659e+01
 7.68261814e+00 2.76749001e+01 9.58247147e+01 1.88199997e+00
 9.45171833e+00 1.92378569e+00 1.91060677e+01 3.65696311e+00
 1.11723385e+01 3.80382652e+01 2.70393604e+03 1.08115518e+00
 2.86335716e+01 2.96118069e+01 8.23767273e+02 4.25346069e+01
 1.90620142e+03 1.22552173e+03 1.60692549e+00 1.11497459e+02
 9.71353683e+01 2.42502041e+01 4.25674248e+01 3.15470947e+02
 7.94269775e+02 1.53723328e+02 6.10579252e+00 5.52449532e+01
 2.38906836e+03 2.28894556e+03 2.18344727e+02 2.55096836e+01
 5.65671616e+01 6.15412369e+01 2.92498722e+01 1.14623001e+02
 7.50655151e+02 8.66287988e+03 7.13149726e-01 1.55407654e+02
 4.69671440e+00 2.90598877e+02 2.23727692e+02 2.96031219e+02
 1.37954742e+02 1.93594727e+02 4.52050400e+00 5.18905735e+00
 4.46866226e+00 7.46171761e+00 7.44814014e+00 2.96072510e+02
 7.92683563e+01 2.52189493e+00 6.97592545e+00 4.12203169e+00
 1.55489960e+01 1.27384892e+01 6.65057434e+02 1.89584442e+02
 1.27358047e+04 1.11506405e+01 8.41008606e+01 6.23207245e+01
 3.98060242e+02 3.14533973e+00 2.03246808e+00 2.63466016e+03
 5.90343571e+00 1.40806595e+02 4.05037956e+01 8.50309814e+02
 2.95033997e+02 2.34323349e+01 1.54490918e+03 3.33845093e+02
 4.33505020e+01 1.73777130e+02 1.85071030e+02 9.74433975e+01
 9.19622726e+01 8.43771484e+02 3.45396004e+01 1.13622241e+03
 4.77126984e+02 5.45302582e+01 3.69944360e+03 1.14287243e+01
 9.14396191e+03 4.83472351e+02 3.69542837e+00 4.11771240e+01
 9.42817764e+01 5.36110926e+00 2.91202998e+00 8.77462769e+00
 1.06858969e+01 1.32337769e+02 6.21903152e+01 2.61477997e+02
 3.74406505e+00 1.41721283e+02 2.42840912e+02 7.22708664e+01
 1.25037365e+01 1.21098315e+03 1.02022877e+01 2.53693222e+02
 8.09934814e+02 5.66933777e+02 1.22008644e+02 4.49858368e+02
 4.27895432e+01 2.01676422e+02 4.49182034e-01 3.64305359e+02
 7.43760633e+00 2.12345123e+02 6.26374435e+01 1.05925256e+03
 3.84239426e+01 2.19059634e+00 6.31961060e+00 3.78730154e+00
 1.24690430e+02 1.16874426e+03 1.00002716e+02 2.69636192e+01
 3.00117254e+00 3.31597504e+02 2.12760147e+02 1.35445986e+01
 1.52147903e+02 5.89372456e-01 6.17817383e+01 6.55384827e+02
 1.04004955e+01 1.94931412e+01 6.57692528e+00 2.73511715e+01
 6.95745230e+00 3.11433372e+01 7.42339844e+02 4.63658762e+00
 3.53424644e+01 6.43026657e+01 6.41302414e+01 2.52669811e+01
 1.55646133e+02 2.36288567e+01 7.80844299e+02 1.40904312e+01
 2.30477734e+03 2.69320892e+02 5.07113037e+01 1.65480156e+01],-103.41093,-170.24742,-351.13464,3.188721,117.2248,1.0522187,0.96014404,0.014753761863708496,10208.319613695145,0.5,0.5,-0.019924161187338942,0.000265332994428682,-0.01995411029735669,-0.0022066699049297367,36.074054188830026,37.59999999999999,0.0,649500.0,-1.0,-762.0,750.0,11.452009439468384,650000
103.439476,0.03651431,0.061090942,0.000696356,-102.79205,102.79205,[4.20127669e-03 2.54855335e-01 1.38945645e-03 4.67715552e-03
 1.09827220e-02 3.62934801e-03 8.49649892e-04 2.06505787e-03
 7.49386754e-03 3.34631681e+00 1.49356062e-03 2.45410111e-03
 1.52758928e-03 3.50434473e-03 1.56713743e-02 3.58578190e-03
 3.51189333e-03 7.45625049e-03 2.98562832e-02 1.88366720e-03
 6.42682845e-03 8.91833473e-03 7.11725152e-04 2.90678572e-02
 4.79919277e-03 5.75100631e-03 2.32055038e-03 4.19475418e-03
 2.50471057e-03 2.30681221e-03 6.81228586e-04 3.83144757e-03
 5.55602042e-03 7.21768616e-03 3.65935685e-03 6.22339640e-03
 1.22588566e-02 5.38063794e-03 4.00002021e-03 1.59542233e-01
 2.86872266e-03 5.04632480e-03 4.04672697e-03 6.26998488e-03
 2.77530891e-03 6.71803474e-01 1.67632222e+00 5.45251556e-03
 3.44363227e-03 2.29761377e-03 1.87774934e-03 1.49252568e-03
 7.96694134e-04 2.03445926e-03 2.41870340e-03 6.43795403e-03
 1.58418398e-02 1.26220286e-03 8.81331414e-03 7.95228966e-03
 2.17247615e-03 3.07668722e-03 1.99300796e-01 1.19826868e-02
 2.18104385e-03 2.12588464e-03 1.46611652e+01 2.39348644e-03
 2.35100603e-03 2.65784387e-04 9.01153404e-03 2.01484398e-03
 1.98060367e-03 3.27908481e-03 1.25878421e-03 1.59436688e-02
 2.10759440e-03 2.78498279e-03 4.33187280e-03 5.51877841e-02
 2.36316681e+00 2.89830309e-03 8.05034116e-03 7.70196784e-03
 1.55028980e-03 1.79244094e-02 2.47960072e-02 1.26157713e-04
 3.98446992e-03 1.03824195e-02 7.37452321e-03 5.27637731e-03
 2.25888658e-03 3.39866616e-02 6.77311607e-03 6.95775962e-03
 2.69762264e-03 1.32748904e-03 2.04650732e-03 4.55497950e-03
 3.56254191e-03 3.35010560e-03 2.26388156e-01 2.68267118e-03
 5.18172141e-03 1.01976106e-02 6.76895306e-03 2.95114564e-03
 1.22134644e-03 1.98674202e-03 9.61673504e-04 3.31879035e-03
 1.49941002e-03 3.07412624e-01 1.43609964e-03 1.80552900e-03
 1.59883872e-02 6.61574863e-03 3.26327793e-03 1.56778321e-02
 3.53324064e-03 5.39747125e-04 4.72779293e-03 9.68495570e-03
 2.19134439e-04 3.97360243e-04 1.10154916e-02 2.23649107e-03
 5.78253437e-03 4.41033812e-03 1.73122045e-02 6.08174410e-03
 5.39161870e-03 3.20410635e-03 2.91304663e-02 2.31170878e-02
 2.23599025e-04 3.68763285e-04 4.68252413e-03 5.35120303e-03
 8.11889209e-03 4.57675988e-03 7.99605902e-03 1.15335640e-02
 7.82319636e-04 2.81569781e-03 5.15843369e-03 4.75824904e-03
 9.32671223e-03 8.20908602e-03 8.24069753e-02 9.64775274e-04
 5.17263532e-01 3.49337840e-03 6.59170747e-03 2.90215854e-03
 7.73994485e-04 2.89692497e-03 1.70879555e-03 2.21236190e-03
 1.84706673e-02 4.52171545e-03 6.41403813e-03 3.17955986e-02
 1.99125847e-03 1.66891143e-03 1.12778665e-02 1.24499807e-03
 8.07993347e-04 3.43259773e-03 5.50700258e-03 2.40312278e-01
 3.26679531e-03 1.07251201e-02 2.96780630e-03 5.13383839e-03
 7.29285646e-03 7.28247873e-03 2.69991644e-02 7.03900680e-03
 1.81302801e-03 1.71483476e-02 5.55186823e-04 5.09267673e-03
 1.95327820e-03 3.20980325e-03 4.71549854e-03 2.78622222e+00
 1.07315695e-03 3.68509092e-03 1.05697513e-02 7.51256594e-04
 4.09784634e-03 3.56122595e-03 8.47135205e-03 2.05187360e-04
 7.04310427e-04 5.29045064e-04 7.09044654e-03 3.37875588e-03
 6.27398305e-03 5.55978483e-03 1.31362700e-03 2.69672871e-02
 1.65235694e-03 2.69899936e-03 3.12082726e-03 5.83736133e-03
 1.40106535e+00 2.08582194e-03 5.67867246e-04 3.44808586e-03
 1.10167009e-03 2.89228791e-03 3.18401540e-03 2.75804568e-03
 4.01132274e-03 5.93751483e-03 2.13068277e-02 5.80231333e-03
 7.90680200e-03 1.66109484e-03 3.10721435e-03 1.34506794e-02
 1.54300453e-03 2.91814981e-03 8.27258825e-03 1.18638445e-02
 8.28629173e-03 4.50165462e+00 2.05662008e-03 3.78682581e-03
 5.42738999e-04 2.27199146e-03 9.05255787e-03 5.01693040e-03
 8.85014609e-03 2.16190130e-01 5.09226602e-03 8.11139584e-01
 9.44079757e-02 5.49924731e-01 1.07299816e-03 3.33718862e-03
 5.23359468e-03 5.30664157e-03 3.73911555e-03 6.12995587e-03
 2.62497249e-03 1.01007428e-02 2.83101038e-03 6.97621517e-03
 3.31081916e-03 5.98886574e-04 1.53495576e-02 7.43932500e-02],0.16596034,[6.60616020e-03 8.09531733e-02 1.44848670e-03 4.29530116e-03
 1.82938222e-02 8.40913784e-03 9.42264963e-03 1.18608894e-02
 6.27313554e-03 7.32800841e-01 1.44464932e-02 4.15279716e-03
 1.49487332e-03 2.50039436e-03 5.09337895e-03 8.16882309e-03
 7.16265105e-03 4.27721860e-03 1.06894961e-02 5.86081855e-03
 5.10110520e-03 6.83283433e-03 8.80528241e-04 2.06647944e-02
 1.25241652e-03 4.46234457e-03 8.36079661e-03 3.06688552e-03
 6.39045238e-03 6.02568791e-04 5.97760372e-04 4.75981180e-03
 6.35784166e-03 8.68225587e-04 6.25523133e-03 7.51813268e-03
 1.39669999e-02 5.88320848e-03 6.05090195e-03 2.65284255e-02
 1.69377215e-03 5.28751407e-03 2.77400832e-03 8.17309890e-04
 7.79186655e-03 5.32703686e+00 1.25358276e+01 7.25563429e-03
 6.64385222e-03 2.00749980e-03 1.73375825e-03 1.49244326e-03
 5.94060961e-03 1.65815023e-03 8.44498165e-03 6.43242907e-04
 1.25515275e-02 1.68376323e-03 1.04764365e-02 2.28380831e-03
 1.76060491e-03 1.06609729e-03 2.23022729e-01 3.65178920e-02
 1.31380814e-03 6.09118119e-03 2.35727000e+00 2.70140846e-03
 6.28491212e-03 3.12741671e-04 5.94393630e-03 7.06286076e-03
 4.62060003e-03 3.98129970e-03 8.85682472e-04 6.94501400e-03
 1.44683151e-03 9.13014822e-03 8.48999526e-03 1.33457426e-02
 4.22609866e-01 1.26551166e-02 1.09331068e-02 4.18186886e-03
 1.52144558e-03 1.51266232e-02 2.80365404e-02 7.03933765e-05
 6.66972436e-03 5.07832319e-03 1.08945807e-02 8.52154288e-03
 2.22682720e-03 1.93924382e-02 1.00239469e-02 1.17940716e-02
 1.76074042e-03 1.45305647e-03 1.78661314e-03 1.92203792e-03
 5.11610927e-03 1.12401787e-03 4.15911376e-01 8.29648785e-03
 2.16701999e-03 6.12208387e-03 4.15816263e-04 8.30511283e-03
 7.73543818e-03 2.07277900e-03 1.10253599e-03 3.27375857e-03
 9.68649343e-04 6.13504872e-02 1.48192327e-03 3.50958412e-03
 6.31905813e-03 6.88479748e-03 4.46103141e-03 2.03365330e-02
 4.18688450e-03 4.63999482e-03 4.32844460e-03 4.55271453e-03
 3.25572328e-03 4.74998378e-05 7.98898342e-04 7.02197291e-03
 4.86173574e-03 5.24995662e-03 1.81047358e-02 7.30256783e-03
 3.64074251e-03 8.36192351e-03 6.45691808e-03 6.38541300e-03
 2.93891244e-02 3.95994028e-03 7.18852971e-03 5.03042713e-03
 5.39588137e-03 6.17457088e-03 3.70423961e-03 5.05537773e-03
 6.47824490e-04 1.29625062e-03 7.35148881e-03 3.09124636e-03
 6.16263505e-03 2.72671832e-03 9.50650722e-02 8.97001999e-04
 3.71312499e-02 1.18630985e-03 6.10337732e-03 1.97300012e-03
 3.89379507e-04 1.18760811e-03 2.51014973e-03 4.29081265e-05
 1.39133884e-02 6.50815293e-03 8.65692459e-03 1.19390234e-01
 3.96090280e-03 1.74083805e-04 9.14672576e-03 3.64110270e-03
 1.28338486e-03 7.37731624e-03 7.73133757e-03 2.11250708e-01
 1.72677077e-03 1.18768238e-03 3.10863787e-03 6.09379215e-03
 7.33910874e-03 4.85720253e-03 3.64917368e-02 7.07997475e-03
 4.89840109e-04 4.53485735e-03 1.22177345e-03 5.05729951e-03
 6.72557205e-03 2.25371076e-03 1.59858074e-03 8.91611755e-01
 2.62423477e-04 5.40952431e-04 4.80025122e-03 9.06859117e-04
 7.38281058e-03 1.17394626e-02 5.28380368e-03 8.16685800e-03
 2.24698335e-03 7.57357397e-04 1.99198723e-03 1.03056617e-03
 1.45137785e-02 4.56002541e-03 1.74521422e-03 2.86425259e-02
 1.65071595e-03 7.77286617e-03 2.84741283e-03 1.28809204e-02
 1.32007495e-01 1.21275801e-03 5.22612419e-04 7.37861451e-03
 9.78815486e-04 2.66534812e-03 2.19096849e-03 1.14233466e-03
 3.57155362e-03 9.53916088e-03 2.40672403e-03 5.68422396e-03
 8.25170428e-03 4.94114589e-03 3.08434851e-03 5.69528434e-03
 1.26679055e-03 8.08776543e-03 6.85199210e-03 1.18073951e-02
 4.35433164e-03 3.29770982e-01 7.37187732e-03 1.71002757e-04
 6.91849086e-03 2.11946690e-03 1.02334889e-02 1.21734315e-03
 6.10212050e-03 1.91642493e-01 2.47923983e-03 7.56779730e-01
 7.64034912e-02 1.41090542e-01 8.01553251e-04 6.63678348e-03
 5.63048292e-03 1.31977373e-03 2.59950897e-03 4.05118614e-03
 1.62939215e-03 5.25507554e-02 5.42759895e-04 5.63571975e-03
 8.49732570e-03 5.66443719e-04 5.99841811e-02 4.69814166e-02],-97.73663,-107.45073,-328.17255,1.0418217,2.3785164,0.94151425,0.92803323,3.054719,-2.0121748,25.278309,153.93283,3.13422,0.48305637,0.43783173,-145.96805,145.96805,[1.41553687e+03 1.44344666e+02 5.93550659e+02 1.82965561e+02
 1.74713281e+03 1.04071541e+02 2.02474995e+01 1.26374939e+02
 2.76493797e+01 7.10765820e+03 1.11669807e+02 1.64335718e+03
 7.86984558e+01 2.11287369e+02 3.40849991e+01 2.86744003e+01
 3.64106102e+01 3.99725708e+03 2.29550873e+02 2.28641212e-01
 1.34605865e+02 5.80401917e+02 1.59160654e+04 4.97165771e+02
 1.76462646e+02 3.59801865e+00 3.37664533e+00 9.77315332e+03
 2.57072559e+03 3.58303650e+02 1.48393250e+02 1.01061592e+01
 2.53322235e+02 3.00210693e+03 1.24407263e+03 2.91963226e+02
 1.90024719e+01 8.99395752e+01 5.12107086e+01 2.12129974e+02
 1.80708023e+02 1.93605820e+02 8.00301697e+02 8.71329975e+00
 4.82380104e+01 5.28095770e+00 2.05128670e+01 3.23191738e+00
 1.32042198e+01 2.00077469e+02 9.47840210e+02 1.99197388e+02
 4.39499878e+02 1.60786247e+00 2.27871338e+02 3.76760620e+02
 1.65275916e+03 2.21466602e+04 1.61791626e+02 2.48115864e+01
 3.61113892e+01 7.60867691e+00 1.44242525e+01 4.09837112e+01
 4.32389069e+01 8.58349380e+01 1.56231128e+03 5.46668625e+00
 3.20244827e+01 2.03724463e+03 1.78732239e+03 3.25484955e+02
 1.67631283e+01 3.46683846e+01 7.52630043e+00 2.86934143e+02
 8.46014786e+00 4.57177238e+01 3.21521973e+02 1.56489162e+01
 3.15096405e+02 1.05838501e+03 1.72550751e+02 2.62470932e+01
 8.08536530e+01 7.31597595e+02 3.81203308e+01 1.11573553e+01
 2.31841445e+00 7.08100830e+02 8.46516418e+01 2.64583225e+01
 6.59805393e+00 6.76179934e+00 3.56666870e+02 6.81157684e+01
 2.07789322e+02 5.62095680e+01 7.33435645e+03 8.25306763e+02
 4.89083242e+00 4.34558296e+01 4.99025000e+03 5.13192334e+03
 3.17518408e+03 1.98117614e+00 6.17996094e+02 7.03270996e+02
 1.01198438e+04 4.53509570e+03 8.13638916e+01 8.88480225e+02
 8.29360962e+00 5.22891016e+03 1.64824276e+01 1.12386597e+03
 1.01470734e+03 1.70383575e+02 3.88601196e+02 8.13467529e+02
 4.27370167e+00 6.32089844e+01 1.22848148e+01 3.80755005e+01
 5.34588818e+03 2.25965546e+02 1.77484543e+02 8.44550488e+03
 1.35941284e+02 5.09924438e+02 2.08194942e+01 1.92022110e+02
 2.48073984e+04 6.10059052e+01 2.81314545e+01 8.65877136e+02
 7.53629017e+00 3.24459038e+01 1.23989553e+01 2.27120728e+02
 1.00050079e+02 2.09260235e+01 3.23964783e+02 1.18960381e+01
 7.12126007e+01 5.84051562e+03 9.24882584e+01 1.89141846e+01
 2.00731653e+03 9.56012115e+01 1.45335193e+03 1.64976158e+01
 1.71368561e+02 5.24720886e+02 1.67720146e+01 3.33317291e+02
 4.18632751e+02 1.23701906e+01 4.31046028e+01 1.48834181e+00
 5.34550056e+01 5.93597998e+03 2.04387894e+01 5.63088264e+01
 2.00194580e+02 4.19431162e+00 4.02447166e+01 2.71132088e+01
 6.78899689e+01 3.18745375e+00 1.18252173e+03 2.57251685e+03
 2.64579906e+01 6.37035339e+02 2.86357819e+02 2.56264229e+01
 8.41705513e+00 3.70433998e+00 2.10874924e+02 3.45821509e+03
 7.73702637e+02 7.26538324e+00 1.30222120e+01 2.30659515e+02
 3.06761902e+02 1.76171069e+03 6.41769695e+00 7.01080608e+00
 2.90561963e+03 7.19750061e+01 3.89469872e+01 4.41886871e+02
 7.17681885e-01 1.57566956e+03 6.55272217e+02 2.00802454e+03
 1.39014267e+02 3.25102637e+03 2.08756752e+01 2.07727979e+03
 5.92265686e+02 2.35414108e+02 3.34653882e+03 7.17468359e+03
 9.68829346e+01 8.50205536e+01 2.08398193e+02 2.41165015e+03
 1.51198755e+03 9.95173073e+00 4.04413940e+02 1.71374374e+02
 2.07578850e+01 7.52934912e+03 2.07723141e+00 1.72131421e+03
 1.16501495e+02 7.81415272e+00 1.95360889e+03 1.48104492e+02
 4.62655678e+01 2.53759613e+02 7.25650940e+01 3.67051201e+01
 1.85134851e+03 4.47489319e+02 1.56321831e+01 5.79965973e+00
 2.70418915e+02 3.50525220e+03 1.96103210e+02 1.62045231e+01
 2.11449188e+02 2.30562561e+02 2.38450642e+01 4.70914404e+03
 2.05279179e+01 4.98626758e+03 2.23712207e+03 6.56019897e+01
 4.85989723e+01 1.93951492e+01 1.29660282e+01 2.50255280e+01
 8.90963989e+02 1.92917519e+01 4.55661535e+00 4.78029938e+01
 4.27596729e+03 1.90722179e+01 1.24226776e+02 1.04923926e+03
 1.02256451e+01 7.70244971e+03 9.55838013e+02 1.00725861e+02],1273.5461,[4.3984331e+03 6.3092888e+01 1.0885203e+02 5.3881996e+01 4.2602612e+02
 5.1947590e+01 3.7365093e+00 7.3145172e+01 7.3504845e+01 3.0166406e+03
 2.5704211e+02 3.2927156e+03 2.4373188e+01 2.8482285e+02 1.9772623e+01
 1.4805340e+01 4.5213608e+01 5.9654572e+02 2.9553754e+02 2.2150681e+00
 2.7030632e+01 5.4193695e+02 9.2417168e+03 1.8426634e+02 1.0077451e+02
 3.1703925e+00 6.2561164e+00 4.5893320e+03 2.7042900e+03 1.3569402e+03
 1.1187234e+01 3.3610237e-01 2.8674539e+02 2.0193601e+03 6.0686966e+01
 3.8402911e+02 1.0472378e+01 8.8607765e+01 8.0872910e+01 2.9397906e+02
 5.4562347e+02 3.8774219e+02 8.5020972e+02 1.3340363e+02 1.2608739e+01
 5.9572773e+00 4.3012604e+02 3.1915180e+01 6.4927769e+00 2.1149725e+02
 8.0246301e+02 8.3215839e+02 1.0633672e+03 4.2150974e-01 7.5466590e+00
 8.9905225e+02 3.4514517e+02 3.6893417e+01 1.4698247e+02 2.5612803e+01
 4.6056595e+01 1.2740659e+01 5.4067106e+00 1.2268770e+01 9.7153786e+01
 7.6108253e+01 1.3223931e+03 9.9850883e+00 3.1909353e+01 1.5197141e+03
 1.8315938e+03 5.4645180e+01 1.3972327e+01 4.3511071e+00 1.9983126e+01
 1.3896449e+03 3.2792845e+00 6.9018570e+01 1.6277931e+02 9.2847080e+00
 1.1145749e+02 5.0541107e+01 2.0528827e+02 4.0859837e+01 1.3138379e+02
 3.3234088e+02 1.1352008e+01 1.0586328e+02 1.0739523e+00 1.3234521e+02
 2.3676695e+01 3.9104660e+01 2.0099930e+01 5.6651182e+00 9.5751282e+02
 2.1293001e+01 5.3329956e+02 1.2533986e+01 2.6301777e+03 6.8261188e+02
 1.7428791e+01 5.1512489e+00 4.3043799e+03 5.3779707e+03 9.0599319e+01
 5.2438054e+00 4.2337765e+01 2.0224705e+03 5.4635532e+03 6.0061768e+02
 1.3045410e+01 1.1417552e+03 8.1070118e+00 4.6467988e+03 3.0109867e+01
 9.7183569e+02 2.4235044e+03 2.4373749e+02 4.3724805e+02 1.8032774e+02
 8.1799936e+00 1.2194719e+01 2.6113577e+01 3.6227158e+01 1.9772997e+03
 2.2163414e+02 1.3018015e+02 7.6584810e+03 6.5337906e+00 6.8173157e+02
 1.3368096e+01 2.1004716e+02 9.5996768e+03 2.2197405e+01 2.0863483e+01
 5.6229358e+02 3.7236633e+01 1.3918275e+00 5.1943507e+00 5.1836037e+01
 2.0306401e+02 1.0680487e+01 5.6107233e+02 1.3672085e+00 1.3976517e+02
 3.9314143e+03 1.2644761e+02 5.3551006e+00 2.0757053e+03 5.8589382e+00
 1.1566758e+03 1.0871477e+01 1.9962430e+02 2.4156232e+02 4.0458694e+01
 1.6573987e+02 6.7691101e+02 2.3384859e+01 2.3662201e+01 6.8512816e+00
 4.5519821e+01 5.6859873e+03 2.1236320e+01 2.5131893e+00 2.3000621e+02
 7.8648168e-01 8.1986504e+01 3.0337180e+02 8.3264198e+01 2.1366703e+01
 7.7535297e+02 1.5489956e+03 3.6322468e+01 5.9602606e+02 4.8923816e+02
 1.0206635e+00 3.3016960e+01 7.2766107e-01 4.1839410e+02 3.8322036e+03
 1.1097629e+01 7.1833336e+01 1.1022565e+01 1.2612172e+01 3.4041934e+02
 3.8123281e+03 3.6244797e+01 3.9427418e+01 1.4730369e+03 6.6560112e+01
 3.0736055e+01 9.0855872e+02 3.3610050e+01 1.5809091e+03 1.8728363e+03
 2.0451685e+03 2.2152173e+02 2.6561855e+03 1.1884044e+01 2.6211331e+03
 2.5672249e+03 2.7985858e+02 2.4484382e+03 6.4362002e+03 1.5473825e+02
 9.7818542e+01 3.9529490e+00 1.6920640e+03 6.5343146e+02 3.9430594e+00
 1.2709923e+03 3.4743555e+02 1.5918820e+02 5.9799561e+03 4.1172543e+00
 1.7475022e+03 1.3233446e+02 5.4621911e-01 7.2905603e+02 4.2993018e+02
 2.1075750e+01 2.4979366e+02 1.0129561e+02 2.0388557e+01 1.5537309e+02
 1.5545198e+03 7.2678083e-01 1.6427055e+01 1.7172450e+02 5.2553896e+03
 3.1461148e+02 2.3627489e+00 5.3946906e+02 2.2249779e+02 9.2823639e+00
 6.0967188e+02 1.4446103e+01 2.6758750e+03 1.8504236e+03 1.9104986e+01
 2.4048855e+01 2.5295074e+01 1.4241761e+01 4.2185268e+01 3.3653568e+01
 1.6286072e+01 1.4132277e+01 1.5945559e+01 1.6239612e+03 1.9292815e+00
 1.2811871e+02 6.7303345e+02 2.6239725e+01 6.4349268e+03 2.3449133e+02
 1.7985914e+01],-102.03859,-159.23799,-347.03717,2.7206328,14.231675,1.1006457,0.9617647,0.016113288345336915,10611.151865005493,0.5,0.5,0.027312825309788926,0.0002466260141894012,0.027422393043110962,0.0008539949985119331,25.382547862952947,37.59999999999999,0.0,675000.0,-1.0,-760.0,750.0,11.513530731201172,675000
103.648445,0.043592025,0.05985823,0.0005402508,-103.00627,103.00627,[1.51630500e-02 2.27014627e-02 1.97401252e-02 1.59343742e-02
 3.16352695e-02 1.74320750e-02 1.97573990e-01 1.97854359e-02
 2.59012431e-02 8.60850140e-03 2.73650270e-02 2.15274859e-02
 3.89370210e-02 7.14639425e-02 4.42576520e-02 8.86343181e-01
 8.71530175e-03 3.50101106e-02 3.18192057e-02 2.43103616e-02
 2.59844959e-02 1.35807069e-02 7.00349092e-01 2.05027270e+00
 2.21157037e-02 1.62526034e-02 1.33061120e-02 2.42911521e-02
 4.99502532e-02 4.78490382e-01 4.13968191e-02 1.97068956e-02
 4.08482067e-02 5.49537688e-02 1.78706702e-02 1.80087872e-02
 5.32101393e-02 5.05994819e-02 6.05158173e-02 2.35513970e-02
 2.17822082e-02 5.52858673e-02 4.84474450e-02 1.83867365e-02
 8.50444846e-03 2.26664320e-02 1.81124099e-02 2.69617420e-02
 8.26014206e-02 4.83808182e-02 1.08963633e-02 1.30181573e-02
 4.09171768e-02 4.94265109e-02 5.46026766e-01 6.17185980e-03
 2.88921222e-02 2.37861667e-02 3.14358063e-02 2.58313194e-02
 7.26089180e-02 5.36615774e-03 4.47353572e-01 6.09342456e-02
 4.41480353e-02 2.82616541e-02 1.95118356e+00 1.57746077e-02
 3.78761068e-02 4.35502827e-02 1.18198201e-01 8.48998595e-03
 8.08922690e-04 2.07928158e-02 4.21832204e-01 4.46398035e-02
 2.14358233e-02 5.91452539e-01 1.91538818e-02 5.70780970e-02
 2.70675495e-02 5.51603399e-02 8.29466432e-03 4.27423455e-02
 6.50654733e-03 1.32396258e-02 1.48343109e-02 4.75487374e-02
 3.22273597e-02 3.15956436e-02 1.74928345e-02 9.46361292e-03
 2.30383849e+00 1.66227166e-02 6.14253208e-02 2.79177986e-02
 1.99578870e-02 2.23037284e-02 4.45842929e-02 3.37193124e-02
 3.94528881e-02 4.78961691e-02 7.79617503e-02 2.17270628e-02
 3.01609486e-02 2.83685885e-02 3.64317000e-02 4.95334268e-01
 2.79331654e-02 4.12840694e-02 8.33465010e-02 5.44409752e-02
 2.61655059e-02 3.24285142e-02 2.87522059e-02 1.69933606e-02
 6.63547069e-02 3.35977644e-01 3.03146429e-02 2.79441085e-02
 1.91162455e+00 8.09955969e-03 4.13860381e-02 2.40953751e-02
 2.10640207e-02 1.21977637e-02 3.21397707e-02 6.92404062e-02
 2.34378669e-02 4.96670753e-02 1.32929385e-02 1.05155865e-02
 6.11943528e-02 3.35208811e-02 1.41159034e+00 7.46499449e-02
 2.76131220e-02 3.85259613e-02 2.49629505e-02 3.50012064e+00
 2.00130567e-02 2.73115821e-02 1.54786287e-02 4.01302315e-02
 1.33719156e-02 2.14760005e-02 4.58966233e-02 3.25609110e-02
 9.83541086e-02 3.83599810e-02 7.98821524e-02 1.85116380e-02
 1.39652351e-02 2.57130452e-02 6.95578456e-02 5.43446466e-02
 1.24177337e-02 2.17541512e-02 2.37226523e-02 1.78826936e-02
 4.41605039e-02 1.60900541e-02 3.80598307e-02 5.05191553e-03
 2.51119789e-02 3.78224663e-02 5.04198782e-02 1.90474186e-02
 1.89519487e-02 5.56385592e-02 6.90511288e-03 1.32373767e-02
 4.50275280e-03 6.72068670e-02 1.67848015e+00 7.87258819e-02
 1.33925192e-02 4.00805362e-02 4.23873328e-02 6.62485808e-02
 7.03201666e-02 2.62715183e-02 4.03230451e-02 6.43726904e-03
 5.24760261e-02 1.03290472e+01 2.25365348e-02 2.94749849e-02
 4.50182766e-01 2.63059847e-02 2.17662677e-02 1.55041125e-02
 3.19634020e-01 1.59918022e+00 3.41318846e-02 4.17838339e-03
 1.37130981e-02 2.02563256e-02 1.82943821e-01 7.20637846e+00
 1.10670257e+00 6.29006624e-02 2.50776000e-02 1.13208666e-02
 2.01755562e+01 1.06368950e-02 1.32295843e-02 1.44595224e-02
 1.24972977e-01 1.51766278e-02 2.62712128e-02 2.29371749e-02
 1.84291089e+00 2.04594880e-02 1.65684782e-02 2.10684240e-02
 1.51700117e-02 6.91868365e-02 2.30668932e-02 4.43033129e-02
 3.86567020e+00 2.26877872e-02 2.02440638e-02 4.11757082e-02
 2.36661807e-02 2.19780281e-02 2.76085939e-02 4.24829796e-02
 4.04714122e-02 1.52879050e-02 2.59902924e-02 2.43076645e-02
 3.23886611e-02 1.99915357e-02 5.67752570e-02 6.49724528e-02
 4.01674844e-02 2.39957310e-02 2.15287246e-02 4.36012298e-02
 2.18140632e-02 4.54730876e-02 1.30330147e-02 2.45830268e-02
 2.20829789e-02 4.25931290e-02 8.29912066e-01 2.00147908e-02
 5.46622351e-02 2.87840869e-02 2.88758650e-02 2.47847028e-02
 5.02366200e-02 3.58546823e-02 3.14021595e-02 6.99333027e-02],0.3836503,[1.10440897e-02 2.01977454e-02 2.15619057e-02 1.65453106e-02
 2.94325985e-02 1.56543367e-02 8.11599419e-02 1.99417919e-02
 2.35036723e-02 2.44522672e-02 2.28168070e-02 1.81571674e-02
 3.94689552e-02 8.09891969e-02 4.32502478e-02 5.28837919e-01
 9.40677151e-03 3.09248455e-02 1.79824337e-01 2.34506056e-02
 2.49307491e-02 5.26734628e-03 2.04938126e+00 4.86044502e+00
 2.68457308e-02 1.73996370e-02 1.11012291e-02 2.55669113e-02
 3.93629484e-02 4.83436197e-01 4.53388467e-02 3.41116078e-02
 3.97529788e-02 5.18720113e-02 1.70148257e-02 1.63912140e-02
 4.65278141e-02 4.86723892e-02 4.87132408e-02 2.65162997e-02
 2.06469130e-02 5.84948435e-02 4.86351326e-02 1.84479747e-02
 1.07803065e-02 2.35230494e-02 2.63829995e-02 2.45709177e-02
 7.97342882e-02 3.68554331e-02 1.63427331e-02 1.55264763e-02
 4.38810997e-02 5.21881506e-02 2.09102556e-01 7.23947026e-03
 3.03509794e-02 2.64684595e-02 2.51978897e-02 2.78724134e-02
 8.95409659e-03 8.71809602e-01 1.58321476e+00 6.01254180e-02
 4.43447866e-02 3.03944796e-02 6.31212354e-01 1.11762428e+00
 3.77099216e-02 4.57449146e-02 6.53751194e-02 8.39518942e-03
 6.87736459e-03 2.14625802e-02 5.24805880e+00 4.12250496e-02
 2.38888953e-02 6.46589756e-01 1.87124349e-02 5.20448126e-02
 2.67401896e-02 5.09998873e-02 8.70151166e-03 4.05451395e-02
 1.30302878e-02 1.60194710e-02 1.53909009e-02 4.37867530e-02
 3.78998779e-02 4.61231768e-02 1.56250484e-02 1.01473527e-02
 1.56561518e+00 1.88901443e-02 6.08579665e-02 3.24661620e-02
 2.15166993e-02 2.45913602e-02 2.39453837e-02 3.95968854e-02
 3.54583897e-02 4.47729751e-02 7.21651018e-02 2.42655016e-02
 2.61468310e-02 2.83465702e-02 4.32298630e-02 2.49090433e-01
 3.26855257e-02 3.47675830e-02 8.20073783e-02 5.14559075e-02
 2.69427784e-02 2.92639174e-02 3.71372290e-02 1.61396489e-02
 3.20173018e-02 4.81797218e+00 3.39099616e-02 2.51530781e-02
 1.30185664e+00 1.03103314e-02 3.99387404e-02 2.28941962e-02
 1.42004378e-02 6.03414257e-04 2.95756049e-02 8.36831629e-02
 2.60198526e-02 5.71398921e-02 7.49621494e-03 1.23213604e-02
 8.29141289e-02 3.84232104e-02 1.08315825e+00 7.61598200e-02
 2.17630174e-02 3.43447477e-02 2.81714108e-02 2.16769028e+00
 2.12149359e-02 3.11265886e-02 1.48336934e-02 3.62060592e-02
 2.11863387e-02 2.83858310e-02 4.58518118e-02 3.06333974e-02
 9.21125039e-02 4.04611640e-02 4.05533090e-02 1.88544504e-02
 1.52203431e-02 3.02858911e-02 6.97837099e-02 4.75372970e-02
 1.22277346e-02 2.24066637e-02 2.42449455e-02 1.99693758e-02
 4.15282547e-02 2.00435836e-02 4.30532433e-02 8.96647386e-03
 2.96706930e-02 4.09004837e-02 4.43266667e-02 2.24981904e-02
 2.06419863e-02 4.04514261e-02 6.54259697e-03 1.65338628e-02
 2.55393935e-03 6.47519901e-02 6.25648975e-01 8.56461003e-02
 1.99332200e-02 3.48072536e-02 3.58384103e-02 5.08315973e-02
 2.32397635e-02 2.74401996e-02 3.80558483e-02 1.06068654e-02
 4.83468622e-02 3.79059792e-01 2.72054672e-02 2.87936106e-02
 1.37521887e+00 2.39186119e-02 2.18164884e-02 1.53059596e-02
 2.96191990e-01 7.69348815e-02 4.02335525e-02 9.08523798e-03
 1.56526938e-02 2.22030468e-02 2.19133568e+00 7.68166399e+00
 8.18397403e-01 6.71035945e-02 2.51922067e-02 9.85244755e-04
 1.37586308e+01 1.01017412e-02 1.47046074e-02 1.42297707e-02
 1.53152466e+00 1.54629191e-02 2.52155680e-02 2.40152925e-02
 4.29846823e-01 2.02997513e-02 1.99880600e-02 2.19145380e-02
 2.13108025e-02 6.51650131e-02 2.31182482e-02 3.90822850e-02
 1.38269275e-01 2.24273726e-02 1.88009366e-02 3.42092887e-02
 2.34971866e-02 2.44223960e-02 3.02742086e-02 4.10350226e-02
 2.91000772e-02 1.41692441e-02 2.69466322e-02 2.58540604e-02
 8.82017054e-03 1.74779184e-02 5.75445965e-02 6.41534850e-02
 3.80911604e-02 2.54747346e-02 2.51117069e-02 4.18314226e-02
 2.07048785e-02 5.14070652e-02 1.56936161e-02 2.48951856e-02
 2.36263387e-02 4.67219353e-02 7.52718270e-01 2.08722856e-02
 5.09619378e-02 3.38786840e-02 3.39542911e-03 2.77129598e-02
 5.25350347e-02 3.24648395e-02 3.14948857e-02 6.96643442e-02],-96.3739,-108.95167,-331.46088,1.0429006,2.4025726,0.93889046,0.9280082,6.697551,-4.0375633,47.96297,154.01495,3.2764008,0.4822056,0.46991244,-145.9165,145.9165,[1.69935608e+01 2.36378622e+00 1.62306213e+01 7.13025570e+00
 4.59209564e+02 4.20107079e+01 6.16833000e+01 2.64158916e+00
 1.04750305e+03 6.47313477e+02 6.44783173e+01 2.74621582e+02
 1.62317612e+02 2.87740387e+02 1.25896814e+03 2.12454102e+02
 1.56591077e+03 7.24637695e+03 3.03928871e+01 2.64216095e+02
 1.34481519e+03 2.59542999e+01 8.33434265e+02 6.62570410e+03
 1.24654370e+03 2.71539402e+01 3.06204932e+03 9.41141129e+00
 1.34793825e+01 1.06777779e+02 2.28155000e+04 8.85300977e+03
 1.38176231e+01 1.79693389e+00 3.95435638e+01 2.96308777e+02
 2.25713574e+03 1.23071277e+03 2.90578796e+02 1.63666672e+02
 2.66188354e+01 1.70798721e+01 9.35786915e+00 2.67414093e+02
 1.32142852e+04 5.50889015e+00 1.16865735e+03 6.39539146e+00
 4.57749100e+01 4.25632248e+01 1.43287949e+02 5.01608350e+03
 6.69840942e+02 2.77035980e+01 5.22071114e+01 7.34062052e+00
 3.86222382e+01 1.34595850e+03 2.81686401e+02 8.21519792e-01
 6.09957099e-01 2.06617374e+01 1.59437910e+04 1.24020874e+02
 3.49647850e-02 1.14260596e+03 1.04104956e+03 1.07163086e+03
 1.54829569e+01 2.25284042e+01 3.88144971e+03 2.23935156e+04
 6.30840186e+03 4.58722839e+01 3.01144226e+02 4.23514844e+03
 5.34301819e+02 1.22202039e+03 1.29241314e+01 1.57414541e+01
 3.39458374e+02 2.20423450e+01 6.57267151e+01 7.59238892e+01
 9.80714264e+01 3.17294922e+02 1.75260040e+02 1.03123462e+03
 1.68659378e+02 2.42301123e+03 2.99821899e+02 2.63717499e+02
 6.35517822e+02 1.65694275e+01 1.09118774e+03 2.04799240e+02
 9.89709961e+02 1.93880859e+03 1.52339075e+03 3.48012915e+03
 2.81707993e+01 1.98428558e+02 3.06405830e+01 2.52582123e+02
 3.72926445e+01 3.08430695e+02 5.53662158e+03 8.44732895e+01
 1.24726868e+03 4.51784515e+00 3.53185701e+00 6.50337753e+01
 9.14502239e+00 1.89884094e+02 8.15782623e+01 1.43909721e+01
 2.95401031e+02 6.10903263e-01 1.25956299e+02 3.61484604e+01
 2.53703356e+00 1.82512222e+02 3.52203033e+02 9.07500229e+01
 2.87744560e+01 1.64804224e+03 2.29796973e+03 3.98573151e+01
 1.91916577e+03 1.72973892e+02 2.35745029e+01 3.85439262e+01
 3.77757996e+02 2.93849907e+01 1.34693616e+03 1.43032732e+01
 1.16348792e+03 2.75773544e+01 8.89413357e-01 6.76373352e+02
 7.10768356e+01 1.79519920e+01 8.22070999e+01 1.04386841e+03
 3.50354065e+02 2.27385283e+00 3.47016431e+03 5.25424072e+03
 8.37766235e+02 3.63712109e+03 1.07838264e+02 1.84156714e+03
 1.84966919e+02 5.47309509e+02 1.16075699e+02 5.35713844e+01
 2.38708527e+02 3.99895050e+02 4.39847565e+00 5.09646362e+02
 4.12610359e+01 3.16762848e+01 1.77966370e+03 6.38710876e+02
 1.15436234e+02 2.18656509e+02 3.32366211e+02 3.56130249e+02
 7.55800293e+02 6.68859863e+02 1.88993195e+02 5.03379745e+01
 8.65479767e-01 2.48011436e+01 1.25430405e+00 1.74720288e+03
 1.77812266e+00 7.24392395e+02 9.01923656e-01 3.54866791e+01
 2.89505768e+01 5.02677631e+00 3.65327332e+02 8.36149139e+01
 5.54231226e-01 2.62072945e+00 2.72393524e+02 5.92790747e+00
 6.74466248e+01 5.06588459e+00 3.10242920e+02 1.44088154e+01
 1.99299836e+00 3.44632492e+01 3.55039978e+01 1.39477295e+02
 9.00043297e+00 1.39833618e+02 6.28584229e+03 2.15385265e+01
 6.10017383e+03 7.63984756e+01 8.74103699e+02 2.60660000e+04
 1.56397827e+02 3.41421967e+01 2.49878143e+02 1.71722246e+04
 5.88484955e+01 4.16866779e+00 7.77935913e+02 8.65352051e+03
 5.88650818e+02 2.66150513e+03 5.86030293e+00 2.21817773e+04
 1.03447744e+04 1.77163849e+01 4.68738098e+01 1.49719507e+03
 4.62751648e+02 1.80447388e+02 1.35028448e+01 1.71510950e+03
 2.63577942e+02 2.82538357e+01 3.56569552e+00 5.22939026e-01
 6.73637772e+01 9.58699036e+01 2.96498375e+01 1.90630283e+01
 2.20240574e+01 8.26443481e+01 3.32941152e-02 1.15285950e+03
 1.68558545e+03 2.01129077e+03 1.74863224e+01 5.11957855e+01
 1.28558578e+02 1.03734949e+03 5.03009583e+02 1.92342949e+00
 1.25885677e+01 1.37736015e+01 1.06778944e+00 9.25596905e+00
 9.85395874e+02 1.43022705e+02 2.06167383e+03 6.74452438e+01
 3.54828548e+00 1.24585915e+01 1.07660088e+02 5.40096729e+03],1624.8292,[1.51893587e+01 2.73390532e+00 3.73379737e-01 2.90983906e+01
 3.76097321e+02 6.05885620e+01 1.97306061e+01 9.55423260e+00
 3.67886938e+03 3.36830658e+02 5.82416649e+01 3.70591583e+02
 1.41008209e+02 4.09760742e+01 6.68580872e+02 1.69106995e+02
 2.75363696e+03 1.98745288e+03 1.38327713e+01 1.83143005e+02
 7.43997742e+02 5.62133598e+01 7.43284424e+02 4.84404541e+03
 4.80535156e+02 4.29180336e+01 5.07512158e+03 1.04692020e+01
 4.28884735e+01 5.02157364e+01 2.00403976e+01 7.57868018e+03
 1.11560488e+01 6.48265934e+00 1.34958124e+00 4.32466278e+02
 9.37365112e+02 3.39327240e+02 1.51786728e+02 2.62300507e+02
 2.17667904e+01 8.88752365e+00 1.99654436e+00 9.97063065e+01
 6.67400488e+03 1.02635651e+01 1.44101599e+03 6.32075357e+00
 4.72670937e+00 9.36613464e+00 2.09781708e+02 5.91825049e+03
 2.00160815e+03 5.71139383e+00 3.09727573e+01 1.94197906e+02
 2.86329803e+01 6.82236206e+02 1.14164429e+02 3.53385472e+00
 6.42039537e+00 4.64055786e+01 1.42380938e+04 1.04972067e+01
 1.13478632e+01 2.59467554e+03 1.98828906e-01 1.18514490e+01
 4.29923706e+01 3.41822386e+00 3.78978149e+03 2.20101348e+04
 6.08224121e+03 8.10286560e+01 1.04554558e+02 4.67798975e+03
 9.52110657e+02 1.78058350e+03 3.42538452e+01 5.60197771e-01
 8.07290771e+02 1.05933708e+02 5.92131958e+01 1.01149139e+01
 2.24464844e+02 2.01380005e+02 3.80679398e+01 9.75688477e+02
 2.14570862e+02 1.85979639e+03 3.60857544e+02 4.23999634e+02
 6.33558731e+01 6.87834978e-01 6.98674683e+02 2.93129181e+02
 1.46188489e+03 4.49841016e+03 1.66638184e+03 3.44906714e+03
 2.19944801e+01 8.28105530e+02 6.64498234e+00 6.85109177e+01
 5.44336557e-01 3.82018860e+02 7.02636816e+03 2.40914154e+02
 1.44771252e+03 6.66849077e-01 1.45735717e+00 1.92555542e+02
 1.64897095e+02 1.12385544e+02 5.88282166e+01 3.23358459e+01
 1.58195312e+02 1.37288320e+00 1.91027298e+02 8.94252014e+00
 7.54462624e+00 2.10048859e+02 2.45504578e+02 6.68293991e+01
 1.94887447e+00 2.10966577e+03 8.94414673e+02 1.21957624e+00
 4.54722687e+02 4.26814789e+02 2.99469357e+01 6.65082550e+01
 1.25061264e+02 4.47277546e+00 1.12388818e+03 4.72537079e+01
 5.75568542e+02 3.64028687e+02 3.85264587e+00 1.64715259e+03
 1.51475433e+02 9.16455746e+00 1.48509159e+01 1.18794897e+03
 1.28525391e+02 2.62634039e-01 3.05626562e+03 5.94900732e+03
 6.29478638e+02 1.68534753e+03 7.64524612e+01 1.11201855e+03
 5.18485260e+01 4.33233215e+02 5.30034668e+02 2.75658588e+01
 1.00488663e+02 5.45910339e+02 6.90127319e+02 2.71494293e+02
 5.70225334e+01 1.47510195e+01 1.30369702e+03 2.77935719e+00
 5.71129684e+01 3.67196411e+02 5.11986481e+02 6.56054810e+02
 4.85800171e+02 3.59671289e+03 1.73327675e+01 2.97112137e-01
 2.33251929e+00 4.93833496e+02 8.90111160e+00 2.79278711e+03
 5.40054274e+00 1.72406677e+02 3.33546251e-02 6.16312408e+00
 6.31265211e+00 2.02951355e+01 2.22701025e+03 4.71287880e+01
 4.01678896e+00 3.12302322e+01 3.39126770e+02 1.67995524e+00
 1.15955582e+01 4.77645683e+00 2.72006531e+02 1.87476361e+00
 2.69899964e-01 1.10755367e+01 1.01653130e+02 1.00276737e+01
 2.50197738e-01 6.90499649e+01 2.00944543e+03 8.06263447e+00
 3.34351147e+03 6.13454857e+01 1.09501050e+03 1.48961094e+04
 3.29377785e+01 3.57580719e+01 9.51895020e+02 1.03722891e+04
 1.04702057e+02 1.81674731e+00 9.14825806e+02 2.38189233e+03
 1.89127966e+03 4.59377881e+03 2.71869678e+01 2.05206797e+04
 8.70110254e+03 9.01539445e-01 1.80195675e+01 3.00264893e+03
 9.20086914e+02 4.24225159e+01 3.32188654e+00 7.78280884e+02
 1.04354736e+02 6.74983740e+00 7.95507126e+01 1.58827078e+00
 4.25555954e+01 3.86270638e+01 2.02884865e+00 6.70689964e+00
 1.11383200e+01 8.87051697e+01 2.39339781e+00 2.79851868e+02
 1.00821484e+03 1.18510278e+03 2.84934497e+00 5.53623230e+02
 5.35040951e+00 1.36628345e+03 9.26356812e+01 2.16210508e+00
 1.05021248e+02 6.08525760e-02 4.88119751e-01 2.07215738e+00
 1.60051245e+03 3.55537910e+01 2.18886523e+03 2.00813013e+03
 1.57815647e+00 1.70251389e+01 1.54906570e+02 4.34802148e+03],-101.839645,-154.21571,-343.2002,2.7015882,39.379944,1.0197103,0.9597689,0.015285931482315064,10993.300196170807,0.5,0.5,0.01550256218065468,-0.00040766210336380584,0.015473843674739926,-0.00036928507144582133,36.15087261982607,37.59999999999999,0.0,699750.0,-1.0,-801.0,750.0,11.443698406219482,700000
104.20112,0.030195493,0.05398642,0.0009845489,-103.63106,103.63106,[5.73827401e-02 2.88002775e-03 4.02770122e-04 8.41547363e-03
 6.89077191e-03 2.51480588e-03 2.03035865e-03 9.76583004e-01
 6.98331967e-02 1.70985702e-02 1.56115927e-02 2.61287973e-03
 2.89221108e-03 1.82660669e-03 5.68111008e-03 1.53694851e-02
 1.74133122e+00 2.79587880e-03 3.14846798e-03 6.02868199e-03
 3.13348436e+00 6.75962213e-03 3.01932939e-03 3.86110158e-03
 1.13708377e-02 1.74145261e-03 3.08822747e-03 1.33695416e-02
 4.35587764e-03 1.15658659e-02 6.52788673e-03 1.36400834e-02
 1.08691193e-02 3.60915833e-03 8.69417284e-03 5.12076309e-03
 7.38301128e-03 4.82829195e-03 7.94985332e-03 1.30110257e-03
 4.35814261e-03 2.41802214e-03 4.86116915e-04 4.70343698e-03
 5.46781253e-03 1.34067866e-03 5.98004945e-02 1.95093313e-03
 1.35304406e-03 1.41664420e-03 6.01463020e-03 9.57443099e-03
 2.40014773e-03 6.50491752e-03 7.90697895e-03 1.66709796e-02
 2.57580192e-04 3.08139715e-04 5.59410639e-03 6.61965972e-03
 3.31629440e-03 5.72571158e-03 3.70968848e-01 7.86754303e-03
 4.68977029e-03 5.75707853e-03 2.04782980e-03 1.92999887e+00
 3.63296643e-02 2.70849355e-02 2.20779539e-03 3.80263687e-03
 8.95568228e-04 5.83285582e-04 2.96471873e-04 1.31541038e+00
 3.87470913e+00 6.72944472e-04 8.44342448e-03 9.44767892e-03
 5.51640056e-03 4.06225100e-02 7.89773767e-04 7.60343578e-03
 3.75136780e-03 1.02351708e-02 2.56749662e-03 9.00309067e-03
 2.62177084e-03 3.63004999e-03 5.76084992e-03 4.65402659e-03
 5.62884752e-03 2.13070074e-03 8.41939263e-03 4.82930848e-03
 8.17250088e-03 1.89984543e-03 3.60843958e-03 1.27466442e-02
 9.24119377e-04 4.01676307e-03 6.00113440e-03 2.12620795e-02
 3.72514012e-03 4.20032814e-03 4.13209107e-03 4.50966181e-03
 4.91568772e-03 2.90804962e-03 4.15834738e-03 3.14806495e-03
 8.38336535e-03 2.21777172e-03 2.37084366e-03 1.03989914e-02
 3.23517364e-03 1.09357620e-02 4.84774937e-04 1.97696546e-03
 5.31197665e-03 4.82441578e-03 1.22464756e-02 9.26644541e-03
 1.04731815e-02 2.85691605e-03 9.58386040e+00 6.29784353e-03
 2.82298550e-02 6.71344623e-03 8.20404947e-01 5.43811470e-02
 4.30412637e-03 8.36820866e-04 2.10684957e-04 1.60964811e-03
 1.61151327e-02 2.07513291e-03 9.69436765e-02 2.79685971e-03
 1.42975459e-02 6.35753199e-03 4.80034426e-02 3.74353048e-03
 1.06015783e-02 4.23831819e-03 1.04861856e-02 5.52439690e-03
 3.25720990e-03 4.41799080e-03 3.22744437e-03 4.90893796e-03
 2.86651286e-03 3.68997548e-03 8.42598975e-02 2.23872904e-03
 2.45952511e+00 7.47413666e-04 7.79256504e-03 3.28884716e-03
 3.76652577e-04 6.79275751e-01 5.69172204e-02 1.25102233e-02
 3.22114583e-03 3.45302895e-02 2.06876174e-03 2.28524581e-03
 5.46870939e-03 3.72901011e+00 1.71945083e+00 8.43232404e-03
 4.52299416e-03 2.01894622e-02 9.80840623e-03 1.28822895e-02
 7.44883949e-03 2.33633388e-02 2.19950033e-03 1.43504527e-04
 9.65047441e-03 1.09804026e-03 4.44480032e-03 2.58582644e-03
 9.87712853e-03 2.33157561e-03 3.01877433e-03 1.96316955e-03
 3.56770074e-03 3.09951883e-03 2.13548355e-03 3.88419209e-03
 8.11028352e-04 1.89774528e-01 9.32188937e-04 2.20464393e-02
 1.04496535e-02 6.81477552e-03 9.72747896e-03 6.49534073e-03
 1.04292426e-02 6.07825583e-03 4.96173985e-02 8.44863057e-03
 6.02700654e-03 8.54981504e-03 2.39421427e-03 1.56627432e-03
 4.47329655e-02 7.02060387e-03 5.17141167e-03 2.29894300e-03
 2.32208776e-03 4.32293024e-03 8.94349813e-03 6.03240915e-06
 3.72109120e-03 2.33296584e-03 7.19311118e-01 3.09661869e-02
 4.95399581e-03 1.48491631e-03 6.81469589e-03 2.75662681e-03
 3.15104518e-03 5.03693242e-03 8.89086747e-04 1.72198154e-02
 9.61050391e-03 1.43144093e-03 5.95953781e-04 8.45177889e-01
 5.20994980e-03 2.55242712e-03 1.33909518e-03 1.55715626e-02
 6.07884598e+00 1.02243584e-03 1.19949365e+00 1.36329699e-02
 2.53914436e-03 4.84187203e-03 4.03985567e-03 7.08437350e-04
 9.92544927e-04 6.52901269e-03 8.49905014e+00 5.17558567e-02
 8.13296530e-03 1.72754563e-03 9.65798646e-03 4.48291423e-03
 3.98142543e-03 5.63946879e-03 4.02204739e-03 2.28130165e-03],0.17123906,[8.12029541e-02 1.61521812e-03 1.85024017e-03 1.47304563e-02
 5.28363138e-03 3.08564981e-03 2.70055328e-03 1.50684810e+00
 4.45873439e-02 2.96698734e-02 7.20325671e-03 2.51417886e-03
 3.50357126e-03 1.65160419e-03 5.89644117e-03 3.72632919e-03
 5.98058271e+00 1.63053302e-03 3.56988469e-03 1.89318694e-03
 8.06654036e-01 3.27669270e-03 4.82653221e-03 3.36720934e-03
 1.24176284e-02 2.19046557e-03 2.50597810e-03 4.13864898e-03
 5.48608974e-03 5.00155892e-03 2.62328074e-03 1.32754575e-02
 3.74663249e-03 4.37247846e-03 3.43321147e-03 1.35751744e-03
 4.13873605e-03 3.62078147e-03 2.43970472e-03 2.12090136e-03
 1.29840942e-03 2.99124187e-03 2.04994832e-03 5.53868152e-03
 4.43165563e-03 3.98350973e-03 5.94326779e-02 4.04930860e-03
 1.65112899e-03 2.18211208e-03 4.53807088e-03 3.96266114e-03
 3.93827073e-03 3.34223290e-03 2.75983429e-03 3.37207541e-02
 3.24032223e-03 4.81079565e-03 6.16988819e-03 4.47951350e-03
 3.19709349e-03 8.74788128e-03 1.21537045e-01 3.24813300e-03
 7.74923246e-03 7.33093079e-03 2.72378069e-03 8.95229578e-02
 1.70411356e-02 5.66795468e-02 3.60155874e-03 4.57271282e-03
 4.16523684e-03 6.43702177e-03 2.58169277e-03 3.79740775e-01
 3.18204641e-01 4.14905255e-04 4.51692753e-03 2.35998561e-03
 7.98335671e-03 1.66443605e-02 4.72052861e-03 1.06731225e-02
 4.14551748e-03 5.39473956e-03 3.76412203e-03 6.66121161e-03
 6.29202463e-03 4.28063283e-03 2.91314488e-03 4.28193074e-04
 6.38246909e-03 4.07143403e-03 3.13358498e-03 4.97904141e-03
 3.49748787e-03 6.34552073e-03 2.72710924e-03 9.15120542e-03
 2.88075069e-03 5.30964369e-03 4.51422762e-03 8.28481838e-03
 2.31045205e-03 5.14771324e-03 1.46884751e-03 4.69349045e-03
 2.07741023e-03 3.34507646e-03 4.31587268e-03 3.62237100e-03
 5.54812001e-03 2.68889801e-03 2.60840449e-03 4.27397853e-03
 2.64124246e-03 3.61748948e-03 3.30447871e-03 5.65537997e-03
 3.04052280e-03 2.01202626e-03 4.45186626e-03 2.31973603e-02
 3.98528250e-03 2.49109836e-03 4.97927725e-01 3.61225754e-03
 2.20711648e-01 5.33959828e-03 1.06047845e+00 2.30264962e-02
 3.20592267e-03 4.90094628e-03 3.14185186e-03 5.22136409e-03
 1.04387663e-02 3.28569626e-03 3.83849777e-02 5.01580629e-03
 1.68957897e-02 4.84433398e-03 1.38317302e-01 1.77181815e-03
 4.38435981e-03 4.56027919e-03 5.89962164e-03 1.69728603e-03
 1.87078933e-03 3.98408389e-03 1.06400368e-03 4.91529331e-03
 2.85548158e-03 7.81092420e-03 1.18792012e-01 4.27549612e-03
 1.41196102e-01 2.77129048e-03 7.74691813e-03 6.32607564e-03
 1.02847628e-03 1.01155388e+00 4.98547032e-03 4.36054636e-03
 2.16195174e-03 1.44317048e-04 6.41213637e-03 2.35178880e-03
 2.84415949e-03 3.69115710e-01 1.21485734e+00 3.27773113e-03
 2.45261402e-03 4.92148101e-03 3.76467826e-03 3.02589010e-03
 5.39357681e-03 2.55244933e-02 2.61130813e-03 1.41101168e-03
 3.35778599e-03 6.94376789e-03 4.28702869e-03 7.73514621e-03
 6.17679581e-03 2.92520155e-03 6.56903302e-03 1.87557284e-03
 2.46926397e-03 2.16669682e-03 4.34950273e-03 5.61419874e-03
 3.38360714e-03 6.08322769e-02 2.09438102e-03 6.37248717e-03
 4.98896511e-03 4.08170233e-03 4.59867343e-03 3.71280732e-03
 4.63383971e-03 8.01218767e-03 5.71380734e-01 3.83990305e-03
 4.12842352e-03 4.26836871e-03 5.00796176e-03 3.03027383e-03
 3.41010801e-02 2.09457963e-03 4.58567590e-03 2.50769267e-03
 4.39357851e-03 4.86620516e-03 3.25685227e-03 2.44164630e-03
 2.01635668e-03 3.25956801e-03 1.51590037e+00 4.51977411e-03
 3.64879472e-03 2.54998356e-03 2.75524007e-03 3.40528134e-03
 2.55833636e-03 3.93596618e-03 9.00718383e-03 4.01153229e-03
 6.69980980e-03 2.63300864e-03 3.04517476e-03 9.17782485e-01
 3.85136926e-03 2.25661811e-03 4.94403113e-03 3.23589193e-03
 1.27525121e-01 3.41799413e-03 1.39374053e+00 4.51341644e-03
 1.82944117e-03 3.90710775e-03 2.70809536e-03 4.68382286e-03
 3.34127806e-03 4.20075422e-03 6.81480885e-01 4.06456962e-02
 4.40679118e-03 4.31139907e-03 4.52712039e-03 3.50220804e-03
 5.01848804e-03 3.59501946e-03 2.17165146e-02 1.26167051e-02],-97.92379,-110.278824,-330.12033,1.0422637,1.8481302,1.0028377,0.92812324,1.0446266,-1.6640596,20.020088,149.87291,3.4043248,0.48079005,0.46932444,-141.66069,141.66069,[5.55800323e+01 7.84844666e+01 8.02549553e+00 1.56125504e+02
 6.93538513e+01 4.29134583e+02 9.97473083e+02 3.68691650e+02
 5.38546631e+02 7.51349568e-01 4.44177551e+02 3.99443245e+01
 1.32876083e+02 2.13449688e+01 5.54615967e+03 2.50228271e+03
 8.33672523e+00 8.52856934e+02 4.08468294e+00 1.11773828e+03
 1.06038918e+02 5.09267853e+02 1.57016125e+01 1.47776016e+02
 4.64999268e+03 2.53217480e+03 1.40868958e+03 2.57722607e+01
 2.22825851e+02 4.15504227e+01 8.54644165e+01 2.39548893e+01
 1.19840660e+02 9.78226318e+02 2.47999268e+01 9.09230042e+01
 2.87289352e+01 2.62568150e+01 2.89036560e+00 2.50528488e+02
 3.92589455e+01 3.03495073e+00 7.91957617e+00 2.67791538e+01
 2.42111267e+02 2.46934776e+01 5.21581650e+01 6.79819155e+00
 1.41424007e+01 5.23241455e+03 2.87276520e+02 4.66869080e+02
 2.24298897e+01 1.44973392e+01 9.68144703e+00 2.95589172e+02
 3.31428375e+01 9.38366165e+01 7.79333267e+01 4.72003906e+03
 5.54411987e+02 3.88883438e+01 1.60730316e+02 3.63753510e+01
 2.66701775e+01 1.02301257e+03 2.17851406e+04 3.56149530e+00
 1.33366461e+01 1.64951096e+02 1.47470446e+01 1.95921753e+02
 5.92658203e+03 2.16036163e+02 4.00488647e+02 8.13716431e+01
 4.17971344e+01 3.54781677e+02 2.31696198e+02 2.15158477e+04
 1.10012455e+01 6.65652588e+02 3.79671539e+02 9.78656934e+03
 5.82586792e+02 3.69369598e+02 2.15891445e+04 7.48422241e+00
 5.95873528e+01 1.15751709e+02 6.60221558e+02 3.72674866e+01
 1.10471191e+02 2.04642754e+01 9.91718369e+01 1.36063757e+01
 5.26513910e+00 7.81271820e+01 1.70769811e+00 4.78368555e+03
 2.43871632e+01 1.82240906e+02 4.22587708e+02 7.41419144e+01
 4.34716034e+01 4.45922585e+01 3.89824600e+01 2.06006912e+02
 3.28583330e-01 1.00490829e+02 6.31018127e+02 3.22667551e+00
 2.50151807e+03 2.05912132e+01 9.92198563e+01 1.10302551e+02
 6.79841553e+02 2.34365578e+01 1.14864891e+02 7.55252075e+01
 5.32161865e+01 1.76307953e+02 2.74577713e+01 2.73625803e+00
 2.08625220e+03 8.78301544e+01 3.82347679e+01 4.12758911e+02
 4.63272972e+01 1.96616688e+01 1.16207466e+02 3.21475296e+01
 1.24283290e+00 8.27108249e-02 9.67504883e+01 1.84828772e+03
 8.26667773e+03 6.97888794e+02 1.17853767e+02 1.66771317e+01
 1.55961823e+02 4.83352995e+00 2.66042500e+01 6.52468994e+02
 4.79685010e+03 5.48142204e+01 1.25477249e+02 1.24805260e+01
 2.64170135e+02 3.57417774e+00 3.16977539e+02 1.13204016e+03
 3.84781708e+02 3.92344856e+01 5.18975449e+01 2.01524582e+01
 4.94237671e+01 1.89284687e+01 5.22535339e+02 2.77277496e+02
 1.73099838e+02 1.01634009e+03 1.09647961e+03 1.44740028e+01
 1.81487747e+02 2.92197046e+03 1.17417157e+00 6.80889343e+02
 1.22246962e+01 3.27384705e+02 4.50651779e+01 1.21984653e+01
 4.27771568e+01 9.97768372e+02 2.51025940e+02 5.22359497e+02
 1.11569586e+01 3.92050873e+02 1.18778442e+03 2.94668762e+02
 2.99934788e+01 1.63270630e+02 2.64396973e+01 9.49237109e+03
 4.63733673e+02 5.97667114e+02 2.02478638e+01 3.33709198e+02
 8.41959000e+00 5.76575661e+00 6.82325134e+01 3.25656665e+03
 2.21910686e+01 3.71506844e+01 3.53547668e+00 2.44842458e+00
 9.52602615e+01 1.61672039e+01 1.38146818e-01 3.75596191e+03
 2.90243034e+01 3.59250366e+02 2.70079858e+03 7.18726540e+00
 1.41678486e+01 1.09305884e+03 1.19875046e+02 1.80101538e+03
 8.57474232e+00 1.21230240e+01 1.58930817e+01 1.00011621e+03
 3.87052856e+02 6.56882644e-01 5.80568359e+02 1.40551538e+01
 9.36287022e+00 1.03354504e+03 3.70729752e+01 4.52135681e+02
 5.29254227e+01 1.08142109e+01 1.68931915e+02 3.83266382e+03
 1.49052628e+02 4.70104218e+02 1.51710968e+02 1.59558975e+02
 3.02865295e+02 3.10147023e+00 8.76811600e+01 2.09294624e+01
 1.21348228e+01 3.26539368e+02 4.40093262e+03 5.17415657e+01
 3.88736801e+01 3.37940765e+02 2.13064893e+03 4.22438850e+01
 5.14182472e+00 7.38893330e-01 9.48442936e+00 1.20175898e+00
 2.62355309e+01 4.10887756e+01 3.19946742e+00 3.17187317e+02
 1.34081384e+03 8.23744202e+02 3.66562033e+00 7.47360229e+00
 4.03617363e+01 3.94035759e+01 1.24427719e+02 5.74528320e+03],818.8925,[4.73365097e+01 3.39135513e+01 5.05831337e+00 7.85376205e+01
 7.19848299e+00 3.19573273e+02 3.06999695e+02 3.17240936e+02
 2.40739243e+02 9.86441970e-01 4.61705994e+02 1.28032618e+01
 1.60226715e+02 5.08301888e+01 6.14643738e+02 1.42478223e+03
 1.32540417e+01 6.32071167e+02 2.00748425e+01 6.55450500e+02
 9.02763214e+01 1.94457336e+02 1.24895012e+00 1.16755325e+02
 6.59125000e+02 3.60872119e+03 1.13589575e+03 1.29173956e+01
 1.29874439e+01 9.55386658e+01 8.21429138e+01 2.81059685e+01
 1.23245514e+02 1.02678333e+03 2.91410179e+01 7.98752594e+01
 7.60414457e+00 3.98767471e+01 3.13220501e+01 1.90444241e+01
 5.20572662e+01 5.10929108e+00 4.33003902e+00 3.11159182e+00
 1.40702774e+02 6.50017319e+01 1.71731110e+01 5.00502777e+00
 2.25607204e+01 1.10698120e+03 4.32288628e+01 3.24659607e+02
 8.06630611e+00 2.65366287e+01 6.49356842e-01 1.66065369e+02
 4.34091663e+00 2.62701664e+01 1.35938644e+01 1.66613297e+02
 7.29321655e+02 1.04719009e+01 3.27920990e+02 5.86757851e+01
 6.01723824e+01 1.81539841e+02 6.68244839e+00 1.04938224e-01
 1.63387268e+02 7.84215393e+01 2.49751396e+01 4.81854095e+02
 3.17745459e+03 1.02797501e+02 5.03144562e+02 6.11486959e+00
 7.24164276e+01 5.79195099e+01 1.03280777e+02 1.01935792e+00
 2.10816841e+01 8.18424683e+02 1.35920288e+02 4.53858398e+03
 1.74086829e+03 1.62438950e+02 2.34640808e+01 9.88230586e-01
 2.55698757e+01 3.16140381e+02 5.81077614e+01 4.76316757e+01
 9.11114120e+01 9.42144470e+01 4.07817650e+01 3.43300343e+00
 7.62160480e-01 1.12883896e+02 3.70357666e+01 3.38333130e+03
 3.36392331e+00 2.14808941e+01 1.80198240e+00 2.78375378e+01
 2.37830238e+01 1.07001793e+02 1.17814999e+01 2.83181519e+02
 2.30068877e-01 1.30296555e+02 8.40549927e+02 4.56364584e+00
 3.70968018e+02 4.52651901e+01 2.45113449e+01 2.36927017e+02
 2.92882904e+02 2.41583767e+01 1.97814606e+02 5.08088165e+02
 4.89701614e+01 2.78188507e+02 4.15355606e+01 3.00360513e+00
 6.27585632e+02 1.54485998e+01 2.42762566e+01 7.73772659e+01
 1.11552267e+01 2.05833015e+01 8.42575836e+01 4.31413507e+00
 3.87676430e+00 1.66466564e-01 1.07078323e+02 1.37736475e+03
 4.15403174e+03 2.53849075e+02 8.23504639e+01 2.74775925e+01
 3.16481689e+02 4.23752785e+00 1.57258587e+01 7.34047180e+02
 4.01075610e+03 1.16394329e+01 3.51829987e+01 6.24947190e-01
 7.37030457e+02 3.01420832e+00 6.80698547e+02 5.73399963e+02
 1.23676727e+02 3.64008911e+02 9.79395580e+00 2.00832901e+01
 1.21506622e+02 3.27871323e+01 6.50080505e+02 3.81356873e+02
 4.50939827e+01 9.27664307e+02 5.65474609e+02 1.14247930e+00
 5.72304726e+01 4.84284271e+02 7.48698235e+00 8.32869507e+02
 2.59311256e+01 9.21652374e+01 1.15301880e+02 2.35400524e+01
 6.90110703e+01 2.76705505e+02 4.83539772e+01 5.31243347e+02
 7.18559027e+00 1.22366951e+02 1.22793182e+02 4.84760010e+02
 8.40422440e+00 8.74549683e+02 3.31452866e+01 7.89305029e+03
 1.19560986e+03 7.59668121e+01 1.88686333e+01 3.05365540e+02
 1.05846767e+01 1.09750786e+01 2.36376705e+01 7.72805359e+02
 6.38749170e+00 4.25207672e+01 6.47107649e+00 2.63289165e+00
 1.33442657e+02 6.80490303e+00 4.59625237e-02 4.81155420e+03
 2.92243462e+01 1.63083344e+02 2.03185864e+03 1.65225735e+01
 1.58643761e+01 4.37579384e+01 1.64887146e+02 9.97940613e+02
 8.88538647e+00 6.66605175e-01 1.47077999e+01 1.86297754e+03
 8.13886658e+02 2.84493470e+00 1.87095428e+02 4.59435320e+00
 3.35478640e+00 1.84606665e+03 9.27955780e+01 9.54528748e+02
 7.32915802e+01 2.48218060e+00 5.66158524e+01 4.72735498e+03
 3.99297447e+01 1.36859619e+02 2.97628613e+01 8.56913757e+01
 2.92720123e+02 7.65513992e+01 9.23481750e+00 1.05336105e+02
 1.63002968e-01 1.64413672e+03 1.72570337e+03 8.88428402e+00
 5.84795094e+00 1.19202438e+02 8.28461035e+03 2.07527142e+01
 1.08738737e+01 9.07884407e+00 8.25345516e+00 2.66122246e+00
 1.57256718e+01 2.49012508e+01 1.93099022e+00 1.01239426e+02
 1.50386499e+03 1.02077911e+02 3.20420933e+00 8.58656788e+00
 2.74618864e+00 6.88344421e+01 8.66586685e+00 5.90746533e+03],-101.79194,-152.30127,-328.45343,2.3254278,10.148913,0.97327924,0.9589616,0.016454354629516603,11404.659091949463,0.5,0.5,-0.05253205754654952,-0.0019181927922798739,-0.05264120138931522,-0.0020190391557247224,-0.2900365533911043,37.59999999999999,0.0,724500.0,-1.0,-757.0,750.0,10.240626573562622,725000
102.22114,0.023649663,0.036684554,0.00080207776,-101.83064,101.83064,[3.03174998e-03 4.59843588e+00 7.58087728e-03 3.33186984e-03
 3.48217227e-03 7.40818866e-03 8.83162022e-03 4.79758391e-03
 1.10111712e-03 2.39390619e-02 6.70481026e-01 4.48933896e-03
 1.39227062e-02 6.66330457e-02 7.24111963e-03 5.51784644e-03
 1.72289927e-03 5.78219071e-03 4.00985649e-04 1.98114756e-03
 2.53534317e+01 1.17484741e-02 2.64494032e-01 4.57989285e-03
 3.91207963e-01 1.33133959e-03 1.32830604e-03 1.37166004e-03
 1.73350144e-03 1.44592766e-03 1.72031112e-03 2.92561529e-03
 3.56250525e-01 3.83979297e+00 4.12953179e-03 2.49024341e-03
 1.67951128e-03 3.76023818e-04 4.49538417e-03 2.14845151e-01
 3.77758034e-03 2.79757118e+00 2.30136258e-03 3.78581695e-03
 7.90951890e-04 1.14063511e-03 1.99735863e-03 4.51009069e-03
 1.02854431e+00 7.51756178e-03 1.98004046e-03 2.86695687e-03
 6.95138192e-03 1.36142795e-03 1.37067467e-01 1.34237693e-03
 3.46972840e-04 1.75779453e-03 3.52041167e-03 3.04342806e-03
 1.68145727e-03 8.39678466e-01 2.45287130e-03 2.75398744e-03
 1.83382235e-03 3.66401635e-02 1.15329889e-03 2.84511503e-03
 2.30501662e-03 1.04810772e-02 5.80549426e-03 8.02426040e-03
 5.40979579e-02 4.95896395e-03 3.82077415e-04 2.60010362e-04
 8.42053890e-02 1.09144049e-02 2.17113830e-03 4.65473998e-03
 6.00156212e+00 6.69119537e-01 1.38847739e-03 2.58614833e-04
 9.49792797e-04 7.57156406e-03 2.91007431e-03 1.77891285e-04
 3.58407455e-03 1.84477540e-03 2.51473952e-03 1.61240832e-03
 4.05275635e-03 1.32435247e-01 4.18308098e-03 7.35093234e-03
 2.76906204e+00 2.68230587e-03 3.71164270e-02 2.56595705e-02
 1.00872051e-02 2.24941433e-03 1.18303695e-04 2.15203757e-03
 1.85542423e-02 9.76812001e-03 1.09559367e-03 3.32742755e-04
 3.85414481e-01 1.40234060e-03 5.97972423e-02 2.78496300e-04
 2.46099895e-03 4.72231826e-04 1.11050578e-02 2.28602276e-03
 1.49060506e-03 6.43621851e-03 6.44903332e-02 3.35389562e-03
 2.07213510e-04 2.73466669e-03 5.52963838e-03 2.78314389e-03
 2.50530522e-03 1.40279727e-02 1.12343696e-04 2.35771923e-03
 2.78424588e-04 1.93878601e-04 1.20288832e-03 1.22912647e-03
 3.46633652e-03 5.05745551e-03 3.70089151e-03 4.87772841e-03
 4.51876502e-03 2.99636461e-03 2.11795885e-03 3.10754823e-03
 1.58865023e-02 3.15195229e-03 4.08485222e+00 3.66512388e-02
 4.07760032e-03 2.70639779e-03 4.09815134e-03 5.37659798e-04
 1.08197546e-02 2.72916630e-03 7.52432563e-04 9.88755748e-03
 7.16026989e-04 9.31352028e-04 3.43608949e-03 4.35829628e-04
 3.57968081e-03 4.67196165e-04 3.45543958e-06 5.42549714e-02
 1.91755388e-02 3.74812912e-03 1.31195295e+00 3.12663266e-04
 1.95299871e-02 2.34803408e-01 2.36756518e-03 1.39475917e-03
 5.32935746e-03 3.90104055e-02 4.60055890e-06 3.44436914e-01
 1.06792850e-03 5.39574260e-03 2.31070933e-03 3.19261570e-03
 4.49849665e-03 4.98528220e-03 1.05195271e-04 4.73325048e-03
 6.15870237e-01 2.71777669e-03 7.05912826e-04 9.08000977e-04
 1.19763479e-01 6.52351475e-04 4.13301960e-03 6.81069791e-01
 1.73631597e+00 2.98303226e-03 5.06591517e-03 6.12665899e-04
 1.30642729e-04 2.20214971e-03 2.69785919e-03 2.65243724e-02
 7.27701525e-04 3.85292061e-03 3.15862731e-03 2.10979779e-04
 1.81081402e-03 2.25366908e-03 2.84192013e-03 5.45667950e-03
 3.78476322e-01 1.61245130e-02 1.74808130e-03 2.23240000e-04
 3.30449268e-03 2.47615948e-03 2.35005864e-03 1.64847728e-02
 3.52988660e-01 3.20872082e-03 1.67027698e-03 1.47460704e-03
 1.26266503e-03 2.75177932e+00 1.94232892e-02 5.84362913e-03
 4.60823951e-03 3.81485280e-03 2.08569895e-02 1.32433414e+00
 6.91856584e-03 4.87996126e-03 2.60293179e+01 7.45487050e-04
 8.82891536e-01 4.49135900e-02 9.04077943e-03 1.48838910e-03
 2.02076626e-04 2.33013462e-03 1.68632716e-02 2.11276789e-03
 3.17271007e-03 3.13731888e-03 1.50107243e-03 9.36200144e-04
 3.02323389e+00 5.05831099e+00 2.90206657e-03 9.69800167e-03
 1.88647509e+00 3.13504040e-03 3.74153676e-03 3.66403256e-03
 4.91741206e-03 1.15223462e-03 2.42345586e-01 2.10051448e-03
 1.20079482e-03 5.41733313e+00 2.37267930e-03 3.40976715e-02],0.33458993,[3.1145646e-03 1.1374125e+00 4.8786341e-03 3.3851864e-04 3.7602955e-03
 9.8892981e-03 5.2681211e-03 6.0429033e-03 6.2126416e-04 1.1086205e-02
 4.3312329e-01 2.1204362e-03 1.1476630e-02 6.0619358e-02 1.5158614e-03
 5.1328512e-03 1.6906408e-03 6.2284186e-03 3.6442990e-04 1.9857499e-03
 3.3093348e+00 1.1131935e-02 1.4111862e+00 1.2718234e-03 3.6882931e-01
 9.3561976e-04 1.1735749e-03 3.5857281e-04 2.1961515e-03 1.2498149e-03
 2.1060510e-03 3.5042856e-03 3.3960909e-01 1.0094002e+00 4.0672249e-03
 2.1310668e-03 1.8038976e-03 6.1278057e-04 4.5548454e-03 1.5503028e-01
 3.4727633e-04 3.3640456e-01 6.5823691e-03 6.6164830e-03 5.0460134e-04
 1.3847111e-03 1.9152162e-03 1.4868700e-03 2.4881805e-01 6.6687786e-03
 1.8387670e-03 2.8118002e-03 4.6657789e-03 4.2917766e-03 1.6726987e-01
 7.4396940e-04 9.9652330e-04 4.9787504e-04 2.5292884e-03 3.1433352e-03
 1.2600771e-03 1.6742942e+00 2.5611804e-03 2.2166937e-03 2.4051496e-03
 3.4718029e-02 1.5105337e-03 3.3487682e-04 1.6692560e-03 6.8693687e-03
 9.6282922e-03 9.4356472e-03 3.5020892e-02 1.6082311e-03 2.8791284e-04
 9.1410201e-04 4.2961329e-02 6.3389549e-03 8.1384537e-04 1.8601050e-03
 2.4750435e-01 4.3116161e-01 1.7426210e-03 3.0940288e-04 1.5381831e-03
 3.5325103e-03 1.1982878e-03 8.8130852e-04 3.7048128e-03 5.4321736e-03
 5.1707984e-03 1.2256289e-03 2.8653457e-03 1.6866502e-01 4.2109848e-03
 8.6443295e-04 6.1957365e-01 9.7714085e-04 2.5512777e-02 5.9495099e-02
 6.9886600e-03 3.9920444e-04 9.8139048e-05 2.4531223e-04 1.1734885e-02
 2.7047019e-03 1.4215121e-03 9.0804009e-04 6.9712490e-02 1.0033180e-03
 1.5227602e-02 2.2010587e-03 1.9425927e-03 2.2382755e-03 5.6262687e-03
 2.1531412e-03 1.2463483e-03 1.4207617e-03 3.2268152e-02 3.2093099e-03
 1.5546620e-04 3.0648042e-03 3.6518630e-03 3.7913574e-03 5.1543131e-03
 1.6916877e-02 8.7064807e-05 3.6140592e-03 9.1206399e-05 7.2845287e-04
 2.2045081e-03 7.1734586e-04 3.8653249e-03 2.0852520e-03 3.0087167e-03
 4.6152705e-03 9.9443947e-04 3.5158920e-03 9.8181749e-04 4.3966337e-03
 1.1962738e-02 1.7669778e-03 7.5914875e-02 5.0188154e-02 4.8840442e-03
 2.9683919e-03 3.3852060e-03 4.4089984e-03 8.2249446e-03 6.9809128e-03
 8.9636637e-04 1.4500190e-02 1.0639606e-03 2.8367189e-03 4.8344424e-03
 8.5914985e-04 8.2825276e-04 2.1754124e-03 1.3140525e-04 5.0177500e-02
 2.6243422e-03 1.3960153e-03 2.5158298e-01 2.5988609e-04 2.3737451e-02
 4.8910096e-02 2.1825247e-03 2.5734352e-04 1.0889408e-02 3.9040454e-02
 3.0125026e-05 3.4152201e-01 1.3278222e-03 5.8683134e-03 1.0572432e-03
 3.1222128e-03 4.3017259e-03 4.6879677e-03 7.3394855e-05 4.4128727e-03
 1.4317588e+00 2.4195733e-03 1.1772080e-03 3.0448034e-03 1.0763770e-02
 1.7133872e-03 4.5502605e-03 1.4990121e-01 1.1295747e+00 3.2075394e-03
 4.1338946e-03 7.4588350e-04 5.6602457e-04 3.2192774e-03 1.7763493e-03
 1.4810563e-02 1.5338589e-03 1.2979239e-03 2.3644160e-02 2.4363596e-04
 3.4931193e-03 1.5241266e-03 3.2398505e-03 5.5008084e-03 3.8428125e-01
 4.8029232e-03 4.8852718e-04 6.1584433e-04 2.8835407e-03 2.3828000e-03
 4.2429441e-03 4.5111300e-03 9.1581017e-01 4.4710771e-03 1.4406426e-03
 1.6501218e-03 1.5109573e-03 1.2014360e+00 2.2388473e-02 6.0939817e-03
 3.6898167e-03 4.7179908e-03 4.8435766e-02 1.4391722e-01 2.1321005e-03
 1.6537916e-03 9.5701838e-01 3.6999723e-03 1.0212885e+00 2.8736826e-03
 8.1753600e-03 3.9110202e-03 5.4363918e-05 1.7406631e-03 1.2859531e-02
 1.0510162e-03 1.4062375e-03 2.0471757e-04 1.2046581e-03 2.7558967e-03
 1.0038502e-02 1.2979293e+01 2.8943571e-03 3.4798542e-03 2.4737188e-01
 2.0023216e-03 1.8393323e-03 2.9744734e-03 3.3931446e-03 1.3672486e-03
 9.3279219e-01 2.9323627e-03 3.3682917e-04 8.3837718e-01 1.1634175e-03
 1.8884199e-02],-97.90427,-106.47117,-228.48799,1.0585426,3.3453488,0.9395901,0.9287344,1.9917071,-1.8180032,29.005424,156.04826,3.2202942,0.46978244,0.4499703,-148.13014,148.13014,[3.95772247e+01 1.02483664e+01 2.13340454e+03 1.80072961e+03
 8.50743256e+01 1.25791284e+03 1.92619133e+01 4.15985451e+01
 2.27774780e+02 7.71254730e+00 1.37811333e-01 1.27509785e+01
 2.34167480e+01 4.64935303e+01 5.39101562e+03 3.20136490e+01
 2.12206406e+04 6.87009155e+02 1.11093414e+02 1.95169238e+03
 5.86707373e+03 4.88480072e+01 2.68331940e+02 1.71913776e+01
 3.92904067e+00 1.15852563e+03 6.84299774e+01 1.28370081e+03
 3.97268143e+01 3.93532562e+01 1.83419205e+02 9.27108955e+00
 1.35742073e+01 7.30040430e+03 5.26807031e+03 1.07083476e+00
 7.72323151e+01 6.47434616e+00 3.76353188e+01 1.34909229e+03
 5.21608948e+02 1.24896264e+00 2.81345312e+03 5.19945526e+00
 1.27157140e+00 4.50981617e+00 1.62841992e+03 1.61412476e+03
 9.22588086e+03 1.13310127e+02 3.47364044e+02 8.82273483e+01
 7.61855286e+02 1.63971591e+00 9.36779881e+00 5.85826015e+00
 1.09375305e+02 2.30064917e+03 3.54342407e+03 8.19645691e+00
 2.71679916e+01 3.35449715e+01 8.60536456e-01 7.98060852e+02
 9.76770973e+00 2.22424194e+03 2.98676453e+01 3.21480598e+01
 2.86837799e+02 8.46504784e+00 6.49933624e+00 5.50313339e+01
 3.30106659e+02 5.10712500e+03 9.66887283e+01 3.15173531e+01
 2.13180820e+04 1.21110620e+03 1.06811926e+03 6.41112000e+02
 9.79788361e+01 2.65898511e+03 4.42667389e+01 2.39240088e+03
 1.41705917e+02 2.56289810e-01 4.65905495e+01 2.62497654e+01
 6.18654846e+02 1.76566895e+03 8.21762146e+02 7.43661575e+01
 8.42060375e+00 2.62675438e+01 9.96553230e+00 1.17593861e+01
 1.25331856e+02 2.55041138e+03 5.29964905e+01 1.09433945e+04
 6.87953615e+00 1.18427686e+03 2.40271543e+04 1.87961761e+02
 7.04816650e+02 3.40858116e+01 4.47663422e+01 1.37096558e+01
 1.39064990e+03 1.02368823e+03 1.38919382e+01 2.86830978e+01
 7.30813074e+00 1.84847431e+01 1.36353857e+03 2.04588737e+01
 4.37963581e+00 4.24753387e+02 7.29508209e+01 1.40606499e+00
 3.32648239e+01 2.06395645e+01 5.06698578e+02 1.48974274e+02
 5.41078369e+02 1.63218048e+02 1.35056543e+01 6.36825195e+02
 1.12888313e+02 7.77382263e+02 4.04230080e+01 2.34655786e+00
 8.95731567e+02 2.94216995e+01 3.57150970e+02 1.73156619e-01
 3.21023893e+00 5.19092026e+01 2.74954796e+00 4.06708191e+02
 3.09993243e+00 5.43411598e+01 2.59801910e+02 4.55076256e+01
 3.02474308e+01 3.90447235e+01 1.03214121e+00 9.18830872e+00
 5.53405609e+01 3.55241943e+02 4.56440247e+02 7.83641418e+02
 1.17671532e+02 4.57073718e-01 4.14780853e+02 4.91136322e+01
 1.10865918e+04 3.79168129e+01 4.27711334e+01 1.21371851e+03
 4.79531822e+01 3.28684883e+01 5.81807594e+01 2.99266505e+00
 1.26875778e+02 1.15962687e+01 1.59454775e+00 7.46858537e-01
 1.98894386e+01 1.92839630e+02 2.56680822e+00 2.75080353e+02
 5.05206642e+01 1.38989944e+01 1.19235645e+04 3.27891449e+02
 1.04980933e+03 1.24172401e+02 1.40618317e+02 5.94927124e+02
 4.39575081e+01 2.65018341e+02 5.02024155e+01 2.30041618e+01
 4.78117737e+02 1.86603165e+02 4.99599075e+00 3.31840515e+02
 3.26049347e+01 2.23264236e+01 4.50907211e+01 7.76411438e+01
 4.22975063e+00 3.41725000e+03 1.40567920e+03 2.52759302e+03
 2.78381157e+00 9.13834717e+02 5.85203362e+01 1.80535448e+00
 1.37179688e+02 4.14179108e+02 2.12483063e+01 7.89491577e+01
 6.65646458e+00 1.15116264e+02 8.12660933e-01 1.74424706e+01
 4.51927872e+01 1.89461842e+01 8.40989990e+02 8.23551536e-01
 1.06620338e+02 7.66708594e+03 3.18723526e+01 5.10874634e+01
 1.25997248e+01 3.14230251e+00 1.23250320e+02 4.92473340e+03
 8.98169785e+01 3.17699986e+01 1.55402231e+01 2.98113956e+01
 9.19887638e+00 4.50940628e+01 1.26363969e+00 3.46883774e+01
 7.92035828e+01 7.37690048e+01 2.13784082e+03 2.94633698e+00
 1.70394802e+01 2.26941238e+02 1.21484983e+00 5.47884521e+01
 5.45616112e+01 1.90529816e+02 6.46612549e+01 4.20417297e+02
 8.40394714e+02 5.87238831e+02 1.99345169e+01 1.18082666e+01
 4.87456970e+01 1.31081253e+02 8.50399399e+00 2.18911695e+00
 2.88965931e+01 6.95451172e+02 3.84696411e+03 1.86192673e+02
 2.67158699e+01 1.12006726e+03 1.08344324e+03 4.00427971e+01],970.7032,[2.06602645e+00 6.62775726e+01 5.75483475e+01 2.57977222e+03
 3.81572318e+00 2.23966492e+02 2.24696565e+00 1.48670855e+01
 3.71610016e+02 6.61226082e+00 5.01145422e-01 7.30960083e+01
 1.72214336e+01 4.22529370e-01 9.10972534e+02 3.02875652e+01
 2.16307211e+00 1.19091943e+03 1.91311401e+02 1.70842615e+03
 1.76315784e+03 1.13233894e+02 1.97238739e+02 4.52463074e+02
 8.80112457e+00 7.61982178e+02 7.42772913e+00 4.00182190e+02
 9.65458679e+00 4.24333534e+01 3.12146729e+02 7.08905649e+00
 1.40644665e+01 1.01084326e+03 2.96843018e+03 6.54902744e+00
 3.95473366e+01 1.01922512e+01 2.04297752e+01 6.35806396e+02
 9.66931152e+00 9.17136383e+00 2.83690747e+03 2.32722712e+00
 4.31550360e+00 1.13892908e+01 1.87358936e+03 2.97285118e+01
 4.02813525e+03 4.61653061e+01 2.72404694e+02 9.70622559e+01
 3.12525903e+03 1.33689623e+01 4.28408593e-01 5.80903959e+00
 6.94726944e+01 2.77621289e+03 3.23773315e+02 1.90690365e+01
 2.41447372e+01 5.23546371e+01 4.72445068e+01 2.19785675e+02
 3.86400867e+00 2.97096863e+02 1.08563904e+02 1.10511673e+02
 3.46296814e+02 6.18465805e+00 3.16820073e+00 8.50095081e+00
 3.43914124e+02 1.41282898e+03 1.70567093e+01 1.11956749e+02
 1.41597862e+01 1.58569519e+02 1.36689722e+03 6.24071289e+02
 1.48604950e+02 1.92433301e+03 7.69638443e+00 1.51236255e+03
 2.41111328e+03 7.28702366e-01 8.54579620e+01 1.25807869e+02
 1.46361279e+03 1.68300830e+03 2.52873853e+03 1.14783310e+02
 2.96258507e+01 7.45343542e+00 1.41813147e+00 5.07713196e+02
 1.19434616e+02 1.84153772e+03 6.02767706e+00 4.67601953e+03
 3.96443701e+00 1.79576588e+01 3.27311934e+04 1.95007889e+02
 3.16030521e+01 4.30840063e+00 3.33652329e+00 8.96552277e+01
 1.13163078e+02 3.91772003e+02 3.54577637e+00 3.85416756e+01
 2.13789463e+00 4.27572536e+00 2.89917798e+03 4.06434250e+01
 1.28814554e+00 4.10278503e+02 5.96798859e+01 5.00754267e-02
 5.60545588e+00 1.84571896e+01 2.10156040e+01 1.70845856e+02
 9.44194870e+01 3.58760262e+01 1.07481489e+01 1.96955490e+02
 1.48443665e+02 5.89023132e+02 1.01042013e+01 2.82886529e+00
 2.69223385e+01 9.24473381e+00 3.76191284e+02 1.26591861e+00
 7.58913851e+00 1.06524134e+00 4.83395243e+00 2.16066602e+03
 7.63011694e-01 4.29296398e+00 1.50661880e+02 6.75145645e+01
 1.27635468e+02 1.49037945e+00 2.79982948e+00 5.83417053e+01
 1.00103828e+02 6.83900375e+01 2.26700562e+02 1.62163892e+03
 8.79317322e+01 5.12210071e-01 4.86651367e+02 1.78816666e+02
 3.89084766e+03 3.88602281e+00 6.63326569e+01 8.34738403e+02
 7.40684052e+01 4.92698822e+01 5.38263092e+01 3.96466923e+00
 1.71587753e+02 2.37919140e+01 1.03091068e+01 1.10775995e+00
 3.10023384e+01 1.44843941e+01 1.15419519e+00 1.72622101e+02
 7.91176071e+01 9.07550526e+00 2.19146094e+03 6.36921509e+02
 2.18132019e+01 4.04330635e+00 6.26330414e+01 2.24906120e+01
 1.35223160e+01 2.15521378e+02 5.53654251e+01 6.77812881e+01
 6.17226753e+01 2.73778595e+02 1.55450172e+01 2.48226700e+02
 2.76101189e+01 2.41190319e+01 2.01832764e+02 2.55887680e+01
 1.59777686e-01 4.15286426e+03 1.20193481e+03 1.71379541e+03
 8.98192406e+00 1.65024414e+01 1.59428902e+01 4.37230568e+01
 2.01706833e+02 1.43895227e+03 2.49756927e+01 8.16342850e+01
 1.07186031e+01 4.36198975e+02 3.92834473e+00 3.14805851e+01
 4.34358788e+00 1.09188400e+02 6.47428955e+02 2.38243222e+00
 1.53289413e+02 3.07724780e+03 5.37366180e+01 1.21446770e+02
 1.20744791e+01 4.73081112e+00 1.55495514e+02 5.70409851e+02
 6.95814056e+01 4.76634827e+01 2.68246784e+01 1.77283268e+01
 4.60308999e-01 1.47088127e+01 2.82085121e-01 5.30947456e+01
 3.30193434e-03 1.87995377e+02 6.55220642e+02 1.48444724e+00
 6.97221680e+01 1.28353165e+02 4.08738365e+01 3.85853157e+01
 7.86033325e+01 6.30414734e+01 1.40702362e+01 8.58690567e+01
 1.66928375e+02 2.95543457e+02 2.65321827e+01 3.17272110e+01
 5.45688095e+01 2.15952850e+02 7.95892048e+00 1.06395113e+00
 4.02673340e+01 1.51195587e+02 1.00166742e+03 3.55966797e+02
 9.24973428e-01 4.97468750e+03 2.22863501e+03 5.37542772e+00],-99.896416,-162.85347,-339.4341,2.588964,17.381544,1.0022646,0.95974386,0.014843893194198609,11775.756451845169,0.5,0.5,-0.07190339194733808,-0.002164534161185654,-0.07200681767754458,-0.0019085162053123037,-0.2553847838440002,37.59999999999999,0.0,750000.0,-1.0,-801.0,750.0,10.532618761062622,750000
104.61795,0.024540124,0.06850276,0.0005976844,-103.90839,103.90839,[4.25829086e-04 5.98544837e-04 7.03843031e-03 4.25459875e-04
 9.38232802e-03 2.95501249e-03 5.09118810e-02 2.18156027e-03
 1.17908888e-01 1.57580827e-03 4.56664525e-03 4.43623448e-03
 1.97978541e-02 6.38556806e-03 1.45677687e-03 1.13586187e-02
 9.06249136e-02 2.45941360e-03 1.76881477e-02 1.53309479e-03
 4.38201823e-05 6.15194023e-01 2.52391351e-03 3.07415687e-02
 7.74268643e-04 1.35424340e+00 3.77446646e-04 1.60639081e-02
 4.46485402e-03 2.85554351e-03 1.34575069e+00 8.48989293e-04
 1.08279567e-02 7.83196464e-03 4.34343182e-02 3.62433982e-03
 3.16681829e-03 3.13559780e-04 2.90120959e-01 7.16861337e-03
 9.56535863e-04 2.53689033e-03 6.12165127e-03 4.63423491e-01
 9.95445531e-04 4.70437389e-03 8.98682117e-01 8.52221809e-03
 1.70902573e-02 2.25911196e-03 1.03185829e-02 4.79861628e-03
 2.76931049e-03 2.27295887e-03 5.02866274e-03 5.47221024e-03
 2.85560498e-03 9.46977001e-04 3.22193233e-03 5.08794832e+00
 2.85716960e-04 1.18965693e-02 3.75784654e-03 2.06221384e-03
 4.91457817e-04 3.10502073e-04 3.48222232e-03 7.43482786e-04
 1.43755646e-03 1.15697217e+00 5.31125069e-03 8.92391615e-03
 8.21359572e-05 2.35296749e-02 8.42520036e-03 1.02910702e-03
 1.45912617e-02 1.84230097e-02 2.77442066e-03 3.13082989e-03
 4.80352901e-03 1.37925672e-04 6.54196069e-02 3.85396346e-03
 2.46600993e-02 1.16696837e-03 5.18033281e-02 2.49737198e-03
 1.00796912e-02 1.45543620e-01 1.87020488e-02 1.08186761e-03
 2.31477454e-01 3.05526052e-03 1.59256684e-04 3.11917742e-04
 8.33478943e-03 1.28688011e-03 1.47341890e-02 7.20627257e-04
 1.11205992e-03 3.53093492e-04 2.83947075e-03 4.27691557e-04
 3.41859274e-03 2.65829870e-03 3.42795183e-03 8.80168343e-04
 1.70725882e-02 3.31344758e-03 9.68422353e-01 6.30125310e-03
 1.38397180e-02 2.67461990e-03 1.07329944e-03 6.48570072e-04
 3.67861055e-03 3.28397204e-04 1.86634250e-02 1.62308151e-03
 7.01578392e-04 2.06553447e-03 2.97790812e-03 4.04936494e-03
 4.42352425e-03 1.02646905e-03 2.64996942e-03 3.92906338e-01
 3.84564139e-03 9.22678271e-04 4.80914256e-03 2.37321341e-03
 1.88411819e-03 8.01072642e-03 5.73724566e-04 1.71058928e-03
 3.86917708e-03 4.25514486e-03 4.06955910e+00 8.39275890e-04
 1.61870062e+00 2.16537295e-03 2.75635277e-03 6.51174807e-04
 5.06838551e-03 1.07144285e-02 2.89412448e-03 3.63559753e-04
 1.96605758e-03 8.33632017e-04 3.98870884e-03 6.86247367e-04
 2.88230623e-03 1.20429935e+01 3.97435203e-03 3.43133783e+00
 3.94088216e-03 6.65705651e-03 2.69416778e-04 1.77605334e-03
 1.91694568e-03 2.47431197e-03 4.15327772e-03 7.09928572e-02
 1.84118785e-02 7.74123007e-04 3.55145335e-03 4.38943971e-03
 2.88392161e-03 3.31152696e-04 5.80673106e-04 3.58942058e-03
 2.94666504e-03 2.84084165e-03 8.90085027e-02 9.84393805e-03
 2.00539874e-03 2.90993135e-03 1.83659745e-03 3.03265918e-03
 3.23909626e-04 3.09178745e-03 2.27517192e-03 8.79864208e-03
 5.32292342e-03 1.82436150e-03 2.10247710e-01 1.59062271e-04
 2.93888408e-03 4.72182781e-03 3.14828753e-03 1.71142840e+00
 1.95060903e-03 2.46346113e-03 1.79141876e-03 2.09310814e-03
 1.07286195e-03 6.71267975e-03 1.30341505e-03 1.04539907e-02
 4.98670578e+00 4.51339409e-03 4.76964004e-03 1.40202818e-02
 1.20964157e-03 1.53452158e-01 2.95890588e-03 1.16784964e-02
 1.07549317e-02 1.06222602e-03 7.88375664e+00 1.02474471e-03
 3.10083479e-03 7.50415318e-04 2.23056995e-04 3.68065457e-03
 1.40421522e+00 4.77391109e-03 2.66346906e-04 4.20781040e+00
 4.48933942e-03 7.78575718e-01 1.77138275e-03 2.47102720e-03
 4.56846431e-02 6.20803190e-03 3.82662867e-03 7.81959388e-05
 2.97112914e-04 2.94083566e-03 6.88334554e-02 1.63739268e-03
 1.45188887e-02 7.15166389e-04 1.23433545e-01 1.53718982e-03
 2.91081262e-04 1.88575708e-03 2.17049615e-03 6.74431352e-03
 4.02972626e-04 1.87081546e-02 4.48705209e-03 4.59049176e-03
 6.45415066e-03 2.94931466e-03 2.68148468e-03 4.32946812e-03
 2.81870598e-06 1.53829623e-03 2.83177732e-03 5.30907942e-04
 8.75273533e-03 1.13912346e-03 4.04665060e-03 1.52006571e-03],0.23046142,[9.46859014e-04 1.29735959e-03 5.08338772e-03 1.17896288e-03
 9.68538783e-03 1.62204937e-03 9.70633700e-04 3.84846726e-03
 5.03177829e-02 1.58321857e-03 1.77682145e-03 4.05608583e-03
 5.46249619e-04 1.03610114e-03 2.27077678e-03 8.33687931e-03
 4.96968240e-01 3.44978936e-04 6.99791014e-02 1.65265566e-03
 1.64076430e-03 3.35874438e-01 1.54171744e-03 2.94202678e-02
 1.19881378e-03 1.31100285e+00 6.85229897e-05 1.15401689e-02
 1.88386813e-03 4.49246634e-03 4.80292410e-01 1.29652699e-03
 4.24004393e-04 7.74149550e-03 8.04179534e-03 1.37312012e-03
 5.23951196e-04 4.84169112e-04 5.52238941e-01 1.86056271e-03
 8.33844824e-04 3.70324124e-05 5.35336416e-03 1.08883393e+00
 1.68077135e-03 5.16784424e-03 2.93183684e-01 1.78926252e-03
 1.25396373e-02 9.89694148e-04 3.36324563e-03 3.58119560e-03
 1.34950178e-03 1.14336866e-03 1.38881058e-03 1.52784982e-03
 2.56590871e-03 7.50063220e-04 4.21613688e-04 6.54489231e+00
 2.66402087e-04 1.93114695e-03 6.43210544e-04 1.94376393e-04
 7.70027342e-04 6.24594337e-04 3.11816693e-03 6.53256488e-04
 1.88799133e-03 4.30150270e-01 3.18261143e-03 9.84302722e-03
 1.40381570e-04 3.09638446e-03 7.78178219e-06 1.84455561e-03
 1.30925328e-02 4.30475362e-03 1.16919307e-03 4.23749490e-03
 1.83391967e-04 1.93603570e-04 4.26642410e-02 4.13338747e-03
 4.36517708e-02 1.79548282e-03 8.71142328e-01 3.80842760e-03
 7.73902575e-04 7.60083795e-02 6.55498588e-03 1.78452558e-03
 3.67877901e-01 1.79393962e-03 2.02200608e-04 1.42720528e-03
 7.05244136e-04 1.38183380e-03 8.32386501e-03 1.17413490e-03
 1.61145348e-03 3.33916047e-04 6.70230074e-04 4.32885368e-04
 3.58438422e-03 3.45109380e-03 1.05290487e-03 9.91013367e-04
 1.20907677e-02 2.62959185e-03 1.04445386e+00 9.46875953e-04
 2.95793754e-04 1.97130314e-04 1.43948302e-04 4.24727914e-04
 3.23050329e-03 1.96997356e-03 1.43939285e-02 1.00917555e-03
 8.78715480e-04 1.96559727e-03 3.49019864e-03 4.01612488e-04
 2.85609649e-03 9.95537965e-04 3.32689518e-03 1.69824052e+00
 1.74049009e-03 3.14840232e-04 2.08660122e-03 2.32499372e-03
 6.46057597e-04 4.39861906e-05 4.06921434e-04 4.82713152e-03
 1.57341780e-03 9.18534491e-03 2.84841776e-01 4.38765623e-03
 1.13728023e+00 1.22011267e-03 7.93910585e-03 1.01144949e-03
 5.22605842e-03 3.39236902e-03 1.17073138e-03 7.36399670e-05
 2.64091557e-03 1.37074082e-03 2.56724632e-03 2.47796578e-03
 3.12886131e-03 2.01562262e+00 8.85706302e-03 8.31377685e-01
 1.50025282e-02 5.63704362e-03 1.79507816e-03 1.17793272e-03
 2.52443366e-03 1.94585207e-03 1.33088999e-03 4.44462113e-02
 1.41652301e-03 4.09136119e-04 7.23920669e-03 5.25094196e-03
 6.15289027e-04 3.68036854e-04 2.79523293e-03 2.24444992e-03
 4.85476898e-03 4.61499789e-04 6.64720237e-02 3.53909917e-02
 8.14261497e-04 2.80289166e-03 2.54141772e-03 1.79839740e-03
 9.09124501e-05 3.40165396e-04 1.89789012e-03 1.93265872e-03
 1.77061209e-03 5.35719155e-04 1.15281537e-01 3.98490229e-04
 2.76810513e-03 1.80364493e-03 2.56028539e-03 9.63300288e-01
 3.61254730e-04 1.82014424e-03 1.24131795e-03 1.69027108e-03
 2.03161151e-04 9.73826565e-04 5.07968070e-04 7.63321109e-03
 5.45968151e+00 1.93431415e-03 7.52911810e-03 1.36454906e-02
 2.28826352e-03 1.35106638e-01 1.12132635e-03 6.10165531e-03
 3.42716929e-03 1.40937557e-03 3.51793826e-01 1.16019463e-03
 1.38336071e-03 1.47706666e-03 3.40867613e-04 1.10194762e-03
 1.14317685e-01 1.70085090e-03 2.33333302e-03 2.39161086e+00
 9.31950868e-04 3.23527288e+00 2.47651711e-03 1.81605248e-03
 6.17200844e-02 4.82513942e-03 3.30978329e-03 3.94992356e-04
 8.05422314e-04 6.55364303e-04 2.88960971e-02 1.58949126e-03
 1.08234538e-03 1.51940319e-03 3.60565305e-01 6.87849242e-04
 4.56288049e-04 1.04458723e-03 9.84483585e-03 1.08766044e-03
 1.12028769e-03 2.49244198e-02 1.10507384e-03 4.79356246e-03
 5.87946828e-03 2.00431445e-03 2.52315705e-03 2.34617805e-03
 7.07839266e-04 2.69995746e-03 1.80171628e-04 7.27205770e-04
 2.82535388e-04 8.60134431e-04 3.53766186e-03 1.20906741e-03],-97.38936,-110.5932,-350.5457,1.0519911,2.1102588,0.89475393,0.92861545,3.2226682,-5.905343,33.957825,148.69148,3.0360126,0.46701866,0.45859146,-140.98529,140.98529,[2.78254080e+00 2.94316016e+03 5.14200630e+01 1.58170056e+00
 3.72102417e+02 3.53900909e+01 1.41976833e+00 1.29941391e+02
 3.35763947e+02 6.35282898e+00 1.11100364e+00 5.50388977e+02
 3.97497511e+00 3.99762678e+00 2.24536610e+01 1.99154701e+01
 5.30596809e+01 6.23011322e+01 1.86828938e+01 7.98657684e+01
 6.25804138e+01 6.40174561e+01 5.07697258e+01 1.74953818e-01
 4.31940842e+01 1.13635759e+01 2.54278549e+02 1.39025164e+01
 2.33918274e+02 2.64435840e+03 1.49432800e+02 3.00354004e+02
 1.88754864e+01 1.03291565e+03 4.70522423e+01 1.31301794e+01
 1.61231937e+01 7.36572418e+01 1.01375284e+01 2.09948997e+01
 1.84591751e+01 8.84598846e+01 7.06092651e+02 2.91274323e+02
 4.27868690e+01 3.98335114e+01 4.58734512e+00 2.21964703e+01
 5.29285889e+02 3.40836816e+03 1.02758472e+03 1.46517542e+03
 7.33002901e+00 2.67637138e+01 2.18755762e+03 1.50148499e+02
 1.17214978e-01 4.80867996e+01 9.07869148e+00 1.21968719e+02
 2.28116180e+02 2.09131470e+01 1.72459412e+01 5.68467941e+01
 6.04211328e+03 1.89378059e+00 6.66394196e+01 9.38871277e+02
 5.53235912e+00 2.97737389e+01 1.50927811e+02 8.15706116e+02
 1.13997679e+01 1.74837627e+01 9.00640106e+01 2.31505859e+03
 4.31478500e+01 4.98335327e+02 8.71570015e+00 2.19661895e+04
 7.59287338e+01 3.48499942e+00 5.13804749e+02 6.88773987e+02
 4.64464798e+01 4.60537643e+01 1.40589838e+01 1.64727005e+02
 2.40335419e+02 1.49153290e+01 4.61725960e+01 6.51109791e+00
 5.20083923e+01 7.72303162e+02 1.34843372e+03 5.05059509e+01
 3.93129349e+01 3.55841789e+01 5.92017746e+00 2.49983826e+02
 1.35577183e+01 2.76881561e+01 5.66926498e+01 2.50061512e-01
 5.38960449e+02 2.95137573e+02 7.29809418e+01 1.19909821e+02
 5.09822168e+03 1.85646942e+02 5.90385342e+00 7.88177185e+01
 9.15972717e+02 2.15258820e+02 9.91472702e+01 9.75377258e+02
 1.07214868e+03 1.63628922e+01 1.55413464e+03 2.35367559e+04
 4.92396240e+02 6.24166687e+02 5.69711189e+01 3.81683777e+02
 1.00281395e+02 6.57209656e+02 1.09241425e+02 2.20731262e+02
 3.67760324e+00 2.25866870e+03 3.12690830e+01 3.96858215e+01
 1.68243591e+02 1.51342865e+02 3.48844971e+02 2.63344421e+01
 1.22440262e+01 1.33292236e+02 6.88105591e+02 1.30031195e+01
 9.44265175e+00 4.41142130e+00 2.94619465e+01 1.58582773e+01
 5.79126892e+01 5.84139404e+01 1.16129923e+01 1.01752411e+02
 4.28179359e+00 2.51049328e+00 8.15547562e+00 9.81317329e+00
 7.78894067e-01 3.21621895e+01 4.59716461e+02 1.62175484e+01
 3.55009604e+00 7.35247345e+01 2.63140723e+03 7.26131821e+01
 1.02269165e+02 6.44611450e+02 3.32044721e+00 1.27728481e+01
 1.22292029e+03 1.22182579e+01 4.61119118e+01 5.46280336e+00
 1.09397110e+02 1.35940838e+01 3.02286029e+00 1.10393372e+03
 9.01238632e+01 9.74785278e+02 3.64560352e+03 1.70188713e+01
 5.11316833e+02 1.50735891e+00 1.91279688e+03 9.93126465e+02
 7.58156250e+02 7.99309082e+02 5.25320312e+02 8.81316376e+01
 9.29778748e+01 3.07307601e+00 3.49790268e+01 1.46823334e+02
 6.56979553e+02 3.55706310e+00 4.41073303e+02 3.97326889e+01
 2.25967017e+03 3.34413643e+01 9.08476501e+02 1.53095303e+04
 6.62993050e+00 7.83956299e+01 3.61409149e+01 7.78869482e+03
 4.77295456e+01 1.17754784e+02 9.04325199e+00 5.70197449e+01
 2.09692249e+01 4.79412109e+03 2.30277563e+03 3.95924530e+02
 3.04817432e+03 8.35481548e+00 1.80392792e+02 2.53139820e+01
 4.83822266e+02 2.28941172e-01 1.61381119e+02 1.22142609e+02
 3.53696556e+01 5.91239471e+01 3.53854847e+00 1.79755859e+01
 2.71684761e+01 5.10097694e+01 1.86089573e+01 1.79251892e+03
 5.79861031e+01 5.25349951e+00 8.38913147e+02 6.36754608e+00
 1.83138523e+01 8.76405029e+01 5.85843430e+01 2.34449121e+03
 1.43521216e+03 3.92967834e+01 1.95052628e+02 6.05474792e+02
 1.41756887e+01 2.09852905e+01 7.60653625e+02 1.89964630e+02
 1.34295349e+02 7.23000916e+02 3.53373322e+02 1.03502510e+02
 3.10916168e+02 2.63009682e+01 9.51387207e+02 2.07628098e+01
 7.32920685e+01 9.63260078e+00 3.12527065e+01 2.11074829e+02
 1.62651043e+01 1.39897385e+01 7.15219482e+02 7.53304958e+00],653.8011,[2.01539010e-01 8.19974365e+02 9.78877792e+01 2.46634445e+01
 1.32845386e+03 4.05914383e+01 2.00109267e+00 4.66302528e+01
 4.18958862e+02 4.88530159e+00 2.25396085e+00 2.11379242e+02
 5.64742208e-01 6.71133518e+00 2.24649429e+01 2.64861393e+00
 2.46347542e+01 2.43550186e+01 1.31485195e+01 2.73444958e+01
 8.83903122e+01 4.23214264e+01 6.41287231e+01 2.09430289e+00
 1.91584849e+00 1.21391230e+01 1.62702454e+02 5.72939634e+00
 3.15793945e+02 3.17709198e+02 8.38697144e+02 1.01458417e+03
 6.89199066e+00 1.24990906e+03 7.21124496e+01 1.38207340e+01
 1.25551739e+01 2.58110474e+02 2.19177008e+00 5.56664391e+01
 1.49544922e+02 2.77066841e+01 1.71571991e+02 2.12845367e+02
 3.18877525e+01 2.26360741e+01 4.32910013e+00 3.46680427e+00
 4.25468353e+02 1.94548126e+02 1.00756760e+02 4.69795020e+03
 1.30017414e+01 7.09111023e+01 1.24047864e+03 1.79175217e+02
 8.79779053e+00 3.86459694e+01 1.02352249e+02 2.53606125e+02
 8.47205811e+02 3.13110992e+02 2.22824192e+00 5.51340256e+01
 2.05944653e+01 1.68831482e+01 1.76917877e+01 4.02176208e+02
 2.50390606e+01 1.37205801e+01 1.21069710e+02 1.83612701e+02
 7.82886314e+00 1.84877663e+01 2.98899345e+01 3.00440405e+03
 4.94658661e+01 3.70064117e+02 9.24722862e+00 2.80910474e+03
 7.52394943e+01 6.91719913e+00 1.62587097e+02 4.03402161e+02
 6.73771906e+00 2.24596930e+00 1.34042114e+03 7.93125305e+01
 1.06570023e+02 8.34830627e+01 3.14521484e+01 4.45946350e+01
 3.42236328e+01 2.15374707e+03 1.32959137e+02 5.91242886e+00
 1.01154585e+01 2.70403938e+01 4.38783646e+01 1.22625206e+02
 9.08120823e+00 4.06139851e+00 9.30775833e+00 5.92060745e-01
 1.34616724e+03 9.65119629e+02 2.21011932e+02 1.23945526e+02
 9.63972656e+02 1.02503555e+02 3.18853989e+01 3.01852551e+01
 1.83004590e+03 9.76813354e+01 1.36435440e+02 2.17685364e+02
 7.47980103e+02 1.69808185e+00 1.99849228e+02 3.60439575e+02
 2.64002934e+01 9.72967243e+00 1.13130615e+02 2.85905103e+03
 7.01633148e+01 1.36845673e+02 2.29564838e+01 2.37942566e+02
 6.05883408e+00 8.42384186e+01 3.73864975e+01 1.15690392e+02
 8.90108643e+01 5.05905457e+02 2.09237976e+01 4.66762304e+00
 2.06864929e+01 1.53435623e+02 6.15876961e+01 4.69174194e+01
 4.62067795e+01 1.86380589e+00 9.92929230e+01 6.04525070e+01
 2.79953861e+01 1.76033325e+01 1.40660572e+01 5.50626755e+01
 1.18190503e+00 7.97851944e+00 2.74142361e+00 5.66540604e+01
 2.45979047e+00 3.96660881e+01 2.31114380e+02 3.84359026e+00
 1.02921188e+00 1.23573776e+02 7.67109192e+02 1.48720230e+02
 1.75861465e+02 5.73351440e+02 2.31112900e+01 1.11631489e+01
 4.07396515e+02 1.62429333e+01 7.25723801e+01 4.93526649e+00
 6.91210632e+01 8.07507324e+00 2.06312156e+00 7.99904968e+02
 2.24291878e+01 2.54601959e+02 1.49005396e+03 5.76231750e+02
 5.35563660e+02 5.11625938e+01 1.45141821e+03 3.01625916e+02
 7.60271729e+02 6.37295776e+02 4.38789337e+02 5.58440351e+00
 1.69575714e+02 2.58482409e+00 2.65158112e+02 3.37515411e+01
 5.12779175e+02 1.04601175e-01 2.45185400e+03 1.35738083e+02
 3.81612061e+02 3.32402916e+01 2.36174149e+02 6.56251709e+03
 1.01156569e+01 1.17341225e+02 4.75271797e+01 8.26138867e+03
 1.80618382e+01 2.38164978e+01 6.14416075e+00 2.93622475e+01
 2.55880318e+01 2.06228491e+03 6.18232117e+02 1.06925488e+01
 7.23131531e+02 4.85034904e+01 1.81714447e+02 6.33236351e+01
 6.77137756e+02 3.36967611e+00 1.34528589e+03 5.02525406e+01
 7.07905388e+00 1.10753052e+02 4.02941170e+01 6.83796585e-01
 8.24459534e+01 3.38850594e+01 5.03492622e+01 6.34493286e+02
 9.39931107e+01 1.35514078e+01 1.77697021e+03 1.44008713e+01
 6.94049911e+01 1.94658173e+02 5.01120453e+01 9.67715378e+01
 8.61885010e+02 9.43055420e+01 1.61913269e+02 1.21264075e+03
 1.68653927e+01 5.77711105e+00 1.48301855e+03 7.18459473e+01
 1.80654205e+02 1.24705200e+03 4.84177612e+02 8.08419647e+01
 7.55930481e+01 3.17823257e+01 1.13879858e+03 3.16361389e+01
 1.14637833e+01 2.04375191e+01 1.17418327e+01 2.41378159e+02
 1.65204048e+01 3.23970735e-01 9.13518250e+02 5.50361919e+00],-103.62979,-153.66458,-340.5227,2.5338144,18.70229,0.75664896,0.9597092,0.016354095087051393,12184.608862161636,0.5,0.5,0.022130552124780038,0.000583812048511463,0.02216981094504887,0.0007301379144862069,29.707737250522392,37.59999999999999,0.0,774750.0,-1.0,-762.0,750.0,12.738306045532227,775000
101.80919,0.022058804,0.023598863,0.00041313376,-101.55114,101.55114,[5.46343438e-03 1.59296133e-02 1.08480945e-01 4.18620743e-03
 3.87138338e-04 1.01036043e-04 7.64042288e-02 1.10057415e-04
 1.62855373e-04 3.30325041e-04 7.87543424e-04 2.05279561e-04
 8.92229436e-04 7.16436328e-03 2.12368835e-03 4.58348542e-03
 1.51781179e-03 2.77355372e-04 2.70540342e-02 9.35517310e-04
 1.74261094e-03 9.40961987e-02 1.23125501e-03 3.53996366e-01
 1.84557680e-03 2.07940233e-04 3.59248952e-05 5.08543430e-03
 2.54580984e-04 5.44294016e-04 4.77185380e-03 5.48223034e-06
 4.78662876e-03 3.28899478e-04 2.28572451e-03 2.07051681e-03
 2.88737625e-01 7.72811146e-03 2.10858532e-04 2.32127786e-04
 1.05834426e-03 1.25596579e-02 7.82785006e-04 1.47128524e-03
 1.54314213e-03 1.50037510e-03 3.63276340e-04 1.14873350e-01
 2.47406308e-03 1.69403176e-03 4.63233853e-04 4.70642583e-04
 7.99242314e-03 2.74322350e-02 2.56792293e-04 2.06909329e-02
 6.62192353e-04 2.18771677e-03 5.69170923e-04 3.12303519e-03
 1.56992360e-03 3.91482702e-03 4.26739687e-04 2.52931379e-03
 2.34256615e-03 2.61892681e-04 1.44267688e-05 2.17957259e-03
 1.71503518e-03 2.07583513e-03 2.87749164e-04 2.97860382e-03
 1.31120265e-03 4.88713675e-04 3.51584423e-03 6.95605064e-03
 6.79923338e-04 5.06789656e-04 1.16494880e-03 9.50432965e-04
 1.66686880e-03 4.70907253e-04 1.12715829e-03 1.45121769e-04
 3.77797335e-03 5.16318949e-04 2.80461669e-01 8.61082319e-03
 9.84376762e-04 4.40250384e-03 1.40091637e-03 8.39163200e-04
 2.92239769e-04 2.77479598e-03 3.41302715e-03 2.35479563e-01
 2.23523076e-03 7.80432078e-04 9.35122953e-05 1.43332072e-02
 2.52513052e-03 1.02186296e-03 4.31618013e-04 1.64108630e-03
 1.82730204e-04 8.00127164e-05 9.97998868e-04 2.96577637e-04
 3.32432450e-04 9.50623304e-03 5.53505495e-03 4.89650120e-04
 5.43419097e-04 1.13200871e-02 6.27737551e-04 4.48870193e-03
 4.13304020e-04 1.64655549e-03 1.25965569e-04 2.69415556e-03
 8.39821622e-03 2.96853483e-03 1.58469495e-03 6.32227515e-04
 1.25136599e-03 4.80773160e-04 1.77438706e-01 1.85291516e-04
 7.11615430e-05 3.24700784e-04 3.59175028e-05 4.04220365e-04
 9.18613747e-04 2.29471643e-03 9.44011437e-04 6.02552260e-04
 8.23203591e-05 5.36313863e-04 7.43657001e-04 2.19958258e+00
 8.60424899e-03 2.16557179e-03 2.86432938e-03 1.46950246e-04
 3.12589691e-04 9.20233433e-04 7.33305234e-04 3.09197523e-04
 2.05468573e-03 1.43639604e-03 3.27433948e-03 2.50644842e-03
 1.09473076e-02 1.59959053e-03 1.12555362e-03 1.06976810e-03
 1.75276538e-03 2.86197625e-02 8.02485738e-06 1.45116076e-03
 7.82033661e-04 4.96320659e-04 1.88248698e-03 4.59979248e+00
 1.54575624e-03 5.53056248e-04 1.69532397e-03 1.60347926e-03
 4.68800217e-02 8.43948871e-03 4.62972093e-06 3.45914741e-04
 2.52018799e-05 1.83549747e-02 2.34377850e-03 5.68564329e-03
 3.72509845e-03 2.53296574e-03 6.12794247e-04 2.44932040e-03
 1.40164699e-03 2.28137663e-03 1.88183156e-04 1.20215584e-04
 1.82454335e-03 1.33908051e-03 3.10055562e-03 5.40430949e-04
 7.14430660e-02 7.10284803e-06 6.44007744e-03 4.41409647e-05
 2.95093341e-04 1.08974637e-04 3.68662714e-03 7.17861811e-04
 3.70239024e-04 1.26282079e-03 5.33987768e-05 1.69047993e-03
 2.61681178e-03 8.19583051e-03 2.47706776e-04 5.65498252e-04
 2.58108601e-03 1.26748928e-04 2.77766772e-03 1.00346236e-03
 9.92578687e-04 4.75342060e-03 5.74790465e-04 4.46520746e-02
 1.13509153e-03 4.34780959e-04 1.20034860e-03 2.03552768e-02
 2.85508577e-04 2.35175830e-04 2.56494712e-02 7.96612410e-04
 3.40714701e-04 4.37578037e-02 4.58702911e-04 2.12993298e-04
 3.86159227e-04 1.28346123e-03 9.65168758e-04 3.70295644e-01
 2.65923445e-05 9.89844324e-04 5.98774711e-03 9.80518525e-04
 1.45861995e-03 4.99906600e-04 1.23267295e-03 1.95155898e-03
 4.36244067e-03 6.10905990e-04 1.99583732e-03 6.07080385e-03
 1.71360350e-03 1.72826601e-03 4.74345405e-04 3.96051943e-01
 1.67392427e-04 2.85027782e-05 3.84767540e-03 2.12454610e-03
 6.67750603e-03 6.52787858e-04 2.08196056e-04 2.60712439e-03
 4.78353770e-03 7.03970622e-03 5.10628452e-04 1.91822881e-04],0.03408989,[4.00944892e-03 2.43731099e-03 1.66258216e-01 2.34797318e-03
 4.12757625e-04 1.40252814e-04 5.93561493e-02 2.16171902e-04
 1.88505393e-04 5.12358383e-05 1.24756480e-03 4.16821335e-04
 1.93947752e-04 1.54386507e-05 2.08287244e-03 4.48889658e-03
 9.38284793e-05 8.25033057e-05 3.49328145e-02 9.10522533e-04
 8.23305745e-04 4.34238138e-03 3.79059056e-04 2.69151986e-01
 1.16245972e-03 1.91359140e-04 4.59121657e-05 1.62899168e-03
 2.28797202e-04 1.21764024e-05 7.40341051e-03 8.55978869e-04
 1.90094789e-03 2.01448449e-04 1.68817118e-03 9.69898188e-04
 4.07781214e-01 1.66601094e-04 1.24573009e-04 2.00738490e-04
 8.28755274e-03 1.01725105e-04 5.33979619e-05 7.00461736e-04
 3.00245592e-04 2.74072518e-04 9.06210626e-05 2.13135079e-01
 7.16188108e-04 1.36503042e-03 1.73261680e-04 1.07568363e-03
 7.45265861e-05 4.01396630e-03 4.58501338e-04 1.45677984e-01
 2.24268925e-03 6.27376698e-03 9.97644383e-06 1.86553283e-04
 3.08443094e-04 1.10021571e-03 5.31106489e-04 1.02250522e-03
 1.65181071e-03 7.07165455e-05 1.97524787e-05 9.08155227e-04
 1.29278866e-04 6.32016454e-05 1.76608213e-04 2.50814040e-03
 6.41568156e-04 4.63362085e-06 2.29762681e-03 6.68544695e-03
 9.12493677e-04 2.13161111e-05 1.42091117e-03 2.66573625e-05
 2.11179396e-03 7.39024603e-04 1.08099333e-03 1.45247323e-04
 1.34009728e-03 3.29081086e-04 4.49887961e-02 2.19721254e-03
 3.47686093e-03 4.63795662e-03 8.93795304e-03 7.85818847e-04
 6.02426007e-05 2.51051562e-04 3.46694398e-03 4.18282263e-02
 1.24072796e-03 1.48881087e-03 1.08143431e-05 9.23617464e-03
 3.14499578e-03 9.81689896e-04 1.67645805e-04 3.73581890e-04
 9.64461360e-05 1.00676552e-05 2.86051363e-04 2.90771073e-04
 3.43237654e-04 5.95365185e-03 2.06095725e-03 4.22776793e-04
 4.59518400e-04 1.83948018e-02 7.40642252e-04 8.12308048e-04
 1.84156466e-04 1.19221909e-03 2.26153643e-04 8.34305887e-04
 8.06859788e-03 2.22944189e-03 5.64258778e-04 7.25046266e-04
 4.30327491e-04 4.92143736e-04 2.33758673e-01 1.71544612e-04
 1.21491612e-05 3.39433143e-04 5.14989370e-05 1.04622915e-03
 5.48244105e-04 3.09376628e-04 1.37600908e-03 1.88802660e-04
 4.96947323e-04 9.11716954e-04 8.24744173e-04 8.69072139e-01
 1.68337617e-02 6.15464523e-05 7.14849331e-04 4.81042662e-05
 3.51794297e-04 3.97077878e-04 6.49553083e-04 1.48620980e-04
 1.87955517e-03 9.44044557e-04 7.65222649e-04 8.76833801e-05
 1.31762549e-02 2.46921391e-03 2.19872990e-03 1.23735517e-03
 1.10942323e-03 5.07461326e-03 6.36765733e-04 6.23597414e-04
 7.28108978e-04 3.69561021e-04 2.95884733e-04 3.24100964e-02
 3.28578474e-03 7.79987837e-04 3.00855422e-03 1.87923270e-03
 2.75065452e-02 2.82627065e-03 1.95371103e-05 9.85491788e-04
 4.98074223e-05 8.99541425e-04 9.53199924e-04 1.68290199e-03
 8.52498983e-04 2.21836031e-03 2.83657946e-03 8.01091199e-04
 1.05909128e-02 3.18139093e-04 2.36081949e-04 5.90778072e-04
 1.28599221e-03 6.84813131e-07 1.33435859e-03 4.24862432e-04
 3.66366119e-03 3.57651152e-05 4.46839957e-03 5.07538789e-05
 9.60961916e-05 9.30402894e-05 2.82155443e-03 7.30349042e-04
 5.18137706e-04 1.79103692e-04 2.64782459e-04 4.54235123e-05
 2.46851076e-03 5.65784657e-03 1.17112882e-04 1.37180299e-03
 2.38763227e-04 2.96447240e-03 2.83457525e-03 4.18884971e-04
 8.22948117e-04 2.67561106e-03 8.04684241e-04 7.21245706e-02
 1.67710823e-04 1.49765983e-05 1.23566773e-04 7.14539643e-03
 4.36116243e-04 3.76779644e-04 1.63297467e-02 3.32091993e-04
 3.18287057e-04 5.65492772e-02 9.48330853e-05 1.04472507e-04
 5.31159923e-04 9.62443883e-04 7.80859555e-04 1.15086424e+00
 2.82934518e-04 1.12515001e-04 2.29631551e-03 9.99087468e-04
 5.32411155e-04 1.15998485e-03 8.49500531e-04 2.84916081e-04
 2.42066570e-03 2.38020765e-03 3.10962042e-03 1.03397539e-03
 3.59351980e-04 1.11995277e-03 2.13516003e-04 2.68420354e-02
 6.94917981e-05 1.59295567e-04 7.15884939e-03 2.39773886e-04
 6.80182129e-05 3.29955074e-04 6.19008322e-04 6.89261651e-04
 6.39821496e-03 4.23127133e-03 1.87357049e-03 6.77849283e-04],-97.79646,-105.37344,-315.17487,1.0328345,1.5208929,0.9483703,0.9276943,1.8322167,-0.8509369,9.952873,150.6083,3.2561662,0.4608941,0.50484294,-142.7432,142.7432,[7.45630341e+01 4.22091675e+00 2.08763866e+01 1.67145469e+04
 1.69880466e+01 5.74967232e+01 8.16131744e+01 5.90643250e+02
 3.89987122e+02 5.69182098e-01 6.22992611e+00 6.35323242e+02
 3.03237518e+02 5.74343681e+01 3.47399826e+01 4.10495281e+00
 6.40944099e+00 5.89998066e-01 8.26488209e+00 5.61105232e+01
 4.85302734e+01 2.64022398e+00 5.77144384e+00 1.02181444e+01
 1.06140881e+03 8.85625488e+02 4.92196732e+01 1.41201687e+01
 8.36166477e+00 1.81743050e+01 1.29326025e+03 1.67032452e+01
 6.91296577e+00 6.35369492e+00 2.70652027e+01 1.29639034e+01
 7.56639557e+01 5.15470390e+01 8.88040352e+00 3.63869415e+02
 3.21794558e+00 1.20144112e+02 5.66740189e+01 1.41598473e+01
 7.01861620e+00 4.45234528e+01 8.60195446e+00 1.42954946e+00
 1.11829567e+01 1.27517538e+01 1.81231766e+02 6.56202316e+01
 7.66996908e+00 8.56899948e+01 1.42125292e+01 1.76631379e+00
 1.73982520e+03 1.58168655e+02 2.28528345e+03 3.90346832e+01
 2.73747742e-01 5.03461361e+00 7.53001556e+01 1.29055161e+02
 8.49442978e+01 2.19003487e+01 7.72985535e+01 2.06388016e+01
 2.85439796e+01 5.58283813e+02 9.80489826e+00 2.13772079e+02
 1.12911189e+00 3.74762451e+02 5.22879150e+02 1.07532425e+01
 1.03028526e+01 9.93038269e+02 2.70613232e+01 4.87874680e+01
 4.58970795e+02 3.84443634e+02 1.08546167e+03 2.73916664e+01
 4.72469727e+02 1.20301758e+03 8.62989578e+01 7.33530350e+01
 5.26948486e+02 1.44668655e+02 3.14455493e+03 3.56547546e+00
 1.45971481e+02 3.73479538e+01 3.75125885e+01 6.18361187e+00
 9.18979073e+00 6.61863342e+02 3.35806999e+01 3.56717139e+03
 1.08086865e+03 7.06165924e+01 1.68890610e+02 9.27904320e+00
 2.92216492e+02 2.44743562e+00 1.12430458e+01 9.84669590e+00
 8.18809032e+00 2.73396034e+01 5.26062431e+01 6.99651718e+01
 2.30589914e+00 1.07104301e+02 1.64775753e+01 1.31423958e-02
 2.16621875e+03 1.18132324e+02 1.45659821e+02 9.82221619e+02
 5.31568970e+02 2.02801819e+03 1.02534020e+00 3.48140030e+01
 1.04985634e+02 8.36932373e+00 5.23075142e+01 5.97539940e+01
 6.40720308e-01 8.54640198e+00 1.39636517e+01 1.87623550e+02
 5.72589731e+00 2.46131119e+02 3.64434624e+01 9.71964073e+00
 7.61486578e+00 9.14008522e+00 8.90529327e+01 2.78914062e+02
 2.51397681e+00 2.45880127e+01 1.06909571e+01 1.07375183e+01
 4.18753891e+01 2.83922553e+00 3.74851074e+01 1.58299434e+04
 1.24126846e+02 4.96650028e+00 9.17067108e+01 4.20828533e+00
 1.57925749e+00 2.38225143e+02 2.48637720e+03 6.74217651e+02
 3.45735199e+02 1.33344180e+04 4.29646263e+01 1.01881110e+03
 1.80028381e+02 5.90604019e+01 5.09823265e+01 1.85726730e+02
 9.38069701e-01 4.94821625e+01 2.64399597e+02 3.50603032e+00
 7.60167480e+03 1.22288170e+01 2.67674565e+00 4.75112267e+01
 1.18852869e+03 1.84432936e+00 5.03357727e+02 1.04863745e+03
 1.73248425e+01 1.20775032e+02 7.90382957e+00 3.72068512e+02
 1.20708313e+01 8.65168381e+01 2.23008027e+04 5.29896889e+01
 2.35801465e+03 3.72826440e+03 8.40411758e+00 5.94050751e+01
 1.75599790e+00 7.57164688e+01 5.98277359e+01 1.12363806e+01
 1.17133652e+02 1.07724524e+00 3.52282333e+01 1.53000940e+03
 4.34862404e+01 1.80399742e+01 1.22616187e+03 5.09028494e-01
 1.14630745e+02 5.84554005e+00 6.72603302e+01 2.08768750e+04
 1.40766716e+01 7.19516068e+01 3.42430298e+02 6.60818329e+01
 2.85238281e+02 4.12595062e+01 1.94887276e+01 4.35124964e-01
 2.87221375e+02 2.25262378e+03 1.54157982e+01 2.41793671e+02
 6.03568176e+02 3.26099358e+01 4.02673645e+02 3.01418591e+00
 1.42985046e+02 9.21534729e+00 1.39734543e+02 9.21726761e+01
 1.87318359e+02 1.51127739e+01 1.37866653e+02 1.12174118e+02
 6.94429932e+01 1.21701660e+02 1.80994217e+02 2.97737976e+02
 2.10458521e+03 3.36472778e+01 2.56531181e+01 4.19049561e+02
 1.66274822e+00 1.53295380e+02 2.13280347e+03 1.68776587e+03
 2.21943970e+02 4.25729065e+01 2.97553375e+02 9.93954468e+01
 4.31343603e+00 3.62288696e+02 2.63391327e+02 5.53406835e-01
 1.32750473e+01 4.36761932e+01 5.12640724e+01 6.83851929e+01
 3.58973503e+01 9.21346283e+01 1.84144455e+02 4.07957544e+03],644.4238,[2.54867096e+02 1.36881948e+00 1.20503426e+01 6.88203223e+03
 1.90819656e+02 2.99704018e+01 7.41029968e+01 2.55773926e+03
 4.10040161e+02 2.12550163e+01 4.93099660e-01 1.21878338e+01
 5.41890015e+02 1.27637115e+02 2.84816971e+01 3.66117477e+01
 1.36676926e+02 6.61921263e-01 1.98497505e+01 1.99296112e+01
 6.54945135e+00 2.07773030e-01 1.14066896e+01 5.36774921e+00
 2.27798645e+02 8.53584717e+02 2.02192378e+00 2.08591199e+00
 3.15412159e+01 7.91292572e+00 7.70373657e+02 4.87739992e+00
 6.53484535e+00 4.46450653e+01 5.01833439e-01 1.23195572e+01
 1.06271399e+03 8.71761780e+01 1.15556538e+00 2.24900556e+00
 6.63989484e-02 9.93559036e+01 2.92521305e+01 2.34766102e+01
 1.96249485e+00 1.15310297e+01 9.69431019e+00 2.25989819e+01
 4.87344742e-01 1.45112133e+00 4.77030993e+00 2.04145026e+00
 1.92378902e+01 1.24903290e+02 6.98478413e+00 2.50044751e+00
 2.47986353e+03 2.65690674e+02 9.43563156e+01 1.48397672e+00
 2.26927459e-01 7.46841431e-01 3.15815907e+01 7.09787979e+01
 8.18204498e+01 1.90554655e+00 7.02265472e+01 2.48236046e+01
 3.31918478e+00 5.33501038e+02 1.06668621e-01 2.83264465e+01
 4.00127262e-01 2.16117749e+03 9.08404694e+01 4.87442374e-01
 1.73016453e+01 9.09572998e+02 1.23187709e+00 3.95629692e+01
 5.41865601e+02 4.18500488e+02 1.55949536e+03 1.01743402e+01
 8.35059448e+02 2.26333771e+02 5.73716011e+01 4.86864967e+01
 2.85644165e+02 2.63851070e+01 3.67990918e+03 1.49833374e+02
 5.26508423e+02 7.63879299e+00 3.80528946e+01 2.45222759e+00
 1.25206262e+03 2.10879883e+02 1.71242615e+02 1.73056104e+03
 2.29199414e+03 1.04350128e+02 1.41150837e+01 1.03911982e+01
 7.73254089e+01 2.20216656e+00 4.02113628e+00 4.19472847e+01
 4.60003662e+00 9.93300781e+01 1.07274757e+02 6.21881180e+01
 4.44048977e+00 1.27700653e+02 4.63566875e+00 1.64497256e+00
 3.57113861e+02 2.26321060e+02 2.37480728e+02 2.82229279e+02
 1.03367729e+02 2.35357495e+03 8.69293094e-01 4.36312828e+01
 2.13208904e+01 4.77360458e+01 3.08984613e+00 1.33287592e+01
 5.56439924e+00 1.11872158e+01 2.90950990e+00 2.97166481e+01
 2.58778524e+00 6.40129089e+01 3.39277506e+00 1.23861074e+01
 6.74000216e+00 4.18327942e+01 5.27494354e+01 5.71886536e+02
 1.85845867e-01 1.48821259e+00 4.68439770e+00 1.39137192e+01
 2.27943745e+01 1.54789120e-01 1.21583395e+01 6.46454590e+03
 8.56413651e+01 4.64401811e-01 1.54962387e+02 4.40995502e+00
 1.46515465e+00 1.54435791e+02 1.62786957e+02 1.76317307e+02
 4.74661255e+02 2.06062842e+03 2.81484432e+01 2.77051978e+03
 4.66410370e+01 9.21612644e+00 2.90396900e+01 7.32393494e+01
 7.76381314e-01 1.28749237e+02 3.17860842e+00 8.54761982e+00
 4.59204785e+03 3.50581741e+00 2.61778164e+00 4.28032303e+01
 1.37080176e+03 1.62499447e+01 6.90348511e+02 7.41126526e+02
 2.01484752e+00 1.02295959e+02 1.08405132e+01 6.95362793e+02
 2.39058075e+01 1.26028299e+00 6.63050115e-01 2.83792667e+01
 4.23790321e+01 2.41279639e+03 3.18826237e+01 6.03683054e-01
 2.26407957e+00 7.70323792e+01 3.56436539e+01 9.04195309e+00
 1.53490646e+02 6.32502890e+00 2.25583973e+01 1.43884392e+01
 2.95354958e+01 1.24939720e+02 3.23835846e+02 3.99209070e+00
 5.28606033e+01 2.09826946e+00 2.30261669e+01 2.71412903e+02
 4.87559414e+00 8.34291687e+01 3.00769189e+03 1.49065414e+02
 8.10340424e+01 3.62485390e+01 2.01768768e+02 1.81557611e-01
 4.69014435e+02 2.45239478e+03 3.38049030e+00 1.97470383e+02
 9.10781860e+01 1.03648281e+01 3.52718536e+02 1.11471987e+01
 2.49298859e+02 3.13648313e-01 6.75414047e+01 5.24547882e+01
 2.45560501e+02 2.30647469e+01 7.24495983e+00 1.47556732e+02
 9.58684235e+01 2.96155910e+01 9.85273438e+01 7.73199158e+01
 2.71595093e+02 8.81652756e+01 3.82219028e+00 1.73834858e+01
 1.27790415e+00 3.44379959e+01 1.17052441e+03 1.43738550e+03
 3.69982941e+02 3.49058609e+01 3.80435974e+02 3.93925171e+01
 4.15042038e+01 4.44912170e+02 4.55126984e+02 2.83752991e+02
 1.29606569e+00 4.33819542e+01 9.97913895e+01 2.50202866e+01
 7.90591288e+00 5.36502190e-02 1.88353333e+02 5.75307275e+03],-101.39897,-155.92136,-348.97314,2.3863845,17.59258,0.99711704,0.95614517,0.01490906060218811,12557.335423707962,0.5,0.5,-0.017206582260117412,0.0017069108027492226,-0.017133277608725697,0.0013524168281759195,-0.313937930884929,37.59999999999999,0.0,799500.0,-1.0,-759.0,750.0,10.782357215881348,800000
102.70623,0.031188449,0.044773057,0.0005344636,-102.22731,102.22731,[1.96180353e-03 1.83040649e-03 2.44123489e-03 3.06636863e-03
 5.46955620e-04 5.91497519e-04 8.09674710e-03 9.78207495e-03
 3.15004122e-03 2.81744730e-03 4.90187574e-03 2.49378849e-03
 6.05922309e-04 3.89445713e-03 8.63300823e-03 1.07126799e-03
 3.96499708e-02 1.88226742e-03 1.43221952e-03 1.16615952e-03
 2.73882109e-03 1.30039197e-03 2.44050026e-01 1.33605499e-04
 2.58062268e-04 2.83247326e-04 4.42525446e-01 1.98370290e+00
 4.63509932e-04 2.34280247e-03 2.17168266e-03 2.56855797e-04
 1.73499016e-03 3.17243347e-03 2.22152623e-04 1.41576659e-02
 9.88129294e-04 5.88152616e-04 2.77956855e-03 3.15348874e-03
 4.23798896e-03 1.28476205e-03 7.36599555e-03 1.22685125e-03
 1.29833911e-03 5.44377603e-03 1.67031307e-03 1.82853104e-03
 1.69021511e+00 4.77112480e-04 1.51591119e-03 1.08621421e-03
 2.49082316e-03 1.11681235e-04 1.32347317e-03 3.51818791e-03
 2.89260643e-03 6.65296800e-03 9.89976004e-02 7.54756154e-03
 1.26801580e-02 1.45616126e-03 2.14207242e-03 6.82471460e-03
 2.22600531e-03 1.05032464e-03 3.48119088e-03 1.36405276e-03
 8.98931682e-01 2.96038436e-03 6.96430274e-04 5.95797610e-04
 2.67366227e-03 2.54570786e-03 6.62448443e-03 2.10593781e-03
 4.10570949e-03 4.60476615e-03 2.24130154e-01 2.58121290e-03
 2.41048634e-03 1.83417113e-03 5.28211240e-05 2.71864712e-01
 8.23571172e-04 7.77570764e-04 8.95305395e-01 3.64472647e-03
 5.39704002e-02 7.95103901e-04 6.86809013e-04 1.47316430e-04
 2.36575771e-03 8.40162020e-03 5.11603523e-03 3.41801392e-03
 2.38143373e-03 1.80065585e-03 3.16699874e-03 3.09236348e-01
 2.74492744e-02 4.47010715e-03 1.90181611e-03 8.77171755e-03
 1.20157027e-03 1.15348883e-02 4.02242690e-03 8.98219005e-04
 2.90338066e-03 1.85858198e-02 2.16598785e-03 3.49771464e-04
 3.35989892e-03 2.97701033e-03 5.21799142e-04 1.26525690e-03
 1.10403693e-04 1.91139313e-03 6.74865007e+00 1.63849862e-03
 7.36745191e-04 4.70883027e-03 4.06069914e-03 2.41739815e-03
 1.96345244e-03 5.90571165e-02 9.81036224e-04 3.86351952e-03
 2.79118121e-02 8.12378014e-04 2.89437594e-06 1.12497695e-02
 3.33799934e-03 1.59262354e-03 1.44188351e-04 6.12659962e-04
 2.32563773e-03 4.75801353e-04 1.88233820e-03 5.17186709e-06
 1.58575992e-03 3.77616670e-04 3.20153008e-03 4.59948969e+00
 9.52176051e-04 4.41089564e-04 2.38901027e-03 4.97209490e-04
 1.96459666e-02 5.35036810e-03 6.87122252e-03 1.13197346e-03
 3.34753655e-03 1.08171650e-03 2.99751584e-04 4.10059467e-04
 2.26698653e-03 5.43205533e-04 1.06078037e-03 3.76291096e-01
 5.11769298e-03 1.06129637e-02 3.64999403e-03 9.87818465e-04
 3.73095553e-03 7.94690941e-03 4.51431284e-03 2.06149695e-03
 8.58855667e-04 4.46253689e-03 1.39633846e-03 1.75215362e-04
 1.07251224e-03 1.09479739e-03 6.57967338e-03 9.44323430e-04
 7.02057965e-03 1.08644599e-03 2.22598575e-03 3.11025791e-03
 1.41197466e-03 1.71126006e-03 3.98659334e-03 1.51667022e-03
 7.05180515e-04 1.02007762e-04 1.55128911e-03 7.40965887e-04
 1.08661153e-03 3.50151001e-03 1.15165301e-03 2.65668728e-03
 7.56974448e-04 6.30790181e-03 7.73745449e-03 1.14268973e-03
 9.98750329e-04 4.39626398e-03 5.87387127e-04 1.87974819e-03
 2.16350588e-03 1.95142883e-03 2.49609188e-03 2.14220032e-01
 1.41614389e+00 4.50675434e-04 4.53623245e-04 3.33741261e-03
 3.96200048e-04 2.51113030e-04 4.38772258e-05 2.46448231e+00
 1.38333604e-01 9.39814490e-04 6.51763985e-04 8.33413098e-04
 1.22223806e-04 7.06410327e-04 2.21066587e-02 1.54498406e-03
 1.43496250e-03 6.90241516e-01 4.18697018e-05 5.64717688e-02
 5.00223506e-03 1.36686834e-02 1.72405550e-03 4.49947664e-04
 1.61154824e-03 7.94979781e-02 6.91362191e-04 1.99193368e-03
 1.68554718e-04 1.91732034e-01 4.79048875e-04 3.64667038e-03
 1.32559240e+00 3.08529548e-02 3.89806228e-03 5.02675073e-04
 5.94121742e+00 9.72792655e-02 1.98838502e-01 1.27617666e-03
 4.10905406e-02 9.69631411e-03 4.89153760e-03 1.14472781e-03
 1.01175606e-02 2.05661776e-03 4.80210751e-01 3.53974313e-03
 1.60670024e-03 7.77947018e-04 7.05310667e-04 2.67828407e-04],0.1521796,[2.94277119e-03 1.35421869e-03 4.30014217e-04 6.51914685e-04
 2.34204088e-03 3.69709451e-05 5.61723299e-03 1.10788196e-02
 1.66485878e-03 5.07366029e-04 5.39538264e-03 1.24926737e-03
 4.51857981e-04 1.79019477e-03 6.05576858e-03 1.46583328e-03
 7.19114300e-03 8.50246579e-04 3.21609725e-04 1.06679765e-03
 2.87116563e-04 1.60752388e-04 8.41856837e-01 3.05321591e-04
 4.38982213e-04 1.10216672e-04 6.47951961e-01 2.02843547e+00
 2.54294893e-04 3.84362938e-04 1.49291009e-03 1.58590474e-03
 5.90411539e-04 1.75720197e-03 1.53759494e-04 2.56152451e-02
 7.38354225e-04 3.50791961e-04 3.14495340e-03 3.98529833e-03
 3.03768017e-03 1.25070452e-03 9.08909459e-03 5.15640830e-04
 7.46348873e-04 6.47904444e-03 1.67971058e-03 1.25049776e-03
 1.44172823e+00 1.79074937e-04 3.04835662e-03 1.01722451e-03
 2.43896828e-03 1.03880186e-04 1.13552914e-03 3.63455666e-03
 3.64752952e-03 5.77150192e-03 1.64518878e-02 7.64506543e-03
 1.39436778e-02 1.80701003e-03 2.97054718e-03 6.51898049e-03
 1.70720392e-03 9.28980589e-04 4.54474334e-03 7.19908683e-04
 9.09536004e-01 3.10544134e-03 4.22046345e-04 9.26391222e-05
 9.96886403e-04 8.05490301e-04 5.04959421e-03 1.33844349e-03
 1.71395652e-02 4.23122803e-03 1.11604357e+00 1.93218235e-03
 3.24494950e-03 1.84423709e-03 2.86677969e-05 1.95861101e-01
 2.37943605e-04 5.72847319e-04 7.64750361e-01 2.73318123e-03
 5.86233698e-02 3.40370112e-04 3.01743217e-04 4.34784451e-04
 4.65424848e-04 9.04382300e-03 5.18067833e-03 3.17600137e-03
 2.87941028e-03 3.65731097e-03 2.71778065e-03 2.49980664e+00
 3.10587436e-02 4.38798871e-03 2.45932234e-03 1.17975250e-02
 1.50981219e-03 3.33358767e-05 7.33167690e-04 5.62770118e-04
 2.40524905e-03 1.21586490e-03 1.55941176e-04 5.85900212e-04
 4.41490021e-03 6.50981674e-05 6.15480007e-04 9.86228697e-04
 2.62661488e-05 2.40498222e-03 6.69222772e-01 1.32529275e-03
 5.82264387e-04 1.99528458e-03 3.52687156e-03 1.54591096e-03
 1.16238720e-03 6.86963275e-02 8.77814600e-04 3.56521597e-03
 1.81704834e-02 9.10730101e-03 4.66645055e-04 6.53570797e-03
 2.99758208e-03 2.01704316e-02 1.31739210e-03 1.33926002e-03
 5.34382707e-04 3.38950427e-03 2.91748927e-03 3.98951815e-04
 2.13462184e-03 2.99357169e-04 2.35632365e-03 3.24033999e+00
 6.90782559e-04 2.51476478e-04 2.34576059e-04 6.63602841e-04
 3.13620865e-02 6.13306183e-03 4.65323590e-03 8.92391487e-04
 9.46316868e-04 7.29834952e-04 1.36164308e-04 6.79251098e-04
 5.38652821e-04 1.17634481e-04 7.75004853e-04 3.65616530e-01
 5.42631187e-03 8.28336459e-03 2.26223329e-03 4.63124888e-04
 3.41102690e-03 4.36099283e-02 2.70111952e-03 5.02161973e-04
 1.40102406e-04 2.08503497e-03 5.00665628e-04 1.21290854e-04
 3.09963070e-04 1.46659068e-03 4.42012399e-03 7.42463453e-04
 5.10416273e-03 9.24991095e-04 1.59091339e-03 2.41934066e-03
 9.71441914e-04 7.79675611e-04 2.08553649e-03 1.94869493e-03
 2.45252741e-03 2.87701201e-04 1.00109703e-03 4.96301858e-04
 1.11114897e-03 3.88917234e-03 1.03252032e-03 7.57279398e-04
 4.85328550e-04 2.70294608e-03 6.68486953e-03 7.61296251e-04
 9.63868864e-04 2.05535255e-03 7.40821008e-04 1.65786920e-03
 2.55884253e-04 2.00110045e-03 2.07700487e-03 2.61305720e-01
 1.08202147e+00 6.36196986e-04 4.58399882e-04 1.32336863e-03
 2.22870731e-05 7.65880686e-05 5.93478326e-05 2.64212638e-01
 3.43233049e-01 1.00535399e-03 9.36549739e-04 2.44896719e-03
 2.58722575e-05 5.91727206e-04 1.80016197e-02 6.94445393e-04
 1.36775197e-03 1.32849991e-01 1.41015220e-02 5.54807931e-02
 5.35518117e-03 4.06070333e-03 6.21225918e-05 1.50060805e-04
 1.99946947e-03 8.90228897e-02 4.51796968e-03 4.21859417e-03
 1.40448683e-04 2.06008434e-01 2.60436966e-04 3.82347894e-03
 1.06195331e-01 2.65038870e-02 4.61488962e-03 1.87252299e-05
 5.27654648e+00 6.83255792e-02 3.53697717e-01 1.46056479e-03
 7.07023516e-02 1.06204208e-02 5.78866666e-03 1.10465498e-03
 3.37200705e-03 4.63136530e-04 6.41535401e-01 2.42990628e-03
 3.42387799e-03 1.88282365e-03 7.24863727e-04 1.62492716e-03],-98.333206,-106.6214,-255.06308,1.053808,1.9334545,1.0015299,0.9286121,0.6309903,-0.6983681,13.740963,152.13045,2.9504516,0.45258474,0.46327493,-144.65414,144.65414,[2.42967224e+01 3.38902092e+00 5.63307238e+00 4.02671671e+00
 6.97383270e+01 1.39878174e+03 3.86535263e+01 6.42512817e+02
 2.45938377e+01 1.44423733e+01 3.03299561e+02 1.85848007e+01
 3.23645996e+03 8.71618958e+01 5.43840065e+01 1.32194006e+03
 7.98581505e+00 3.31523247e+01 2.98314476e+01 3.09354162e+00
 1.44881189e+03 8.73616028e+01 2.66542110e+01 6.60680294e+00
 4.66326904e+02 1.89266187e+03 1.65677376e+01 5.60581641e+03
 1.44160357e+01 4.05739689e+00 1.63504524e+01 2.49216957e+01
 2.15074396e+00 3.66891217e+00 1.61483536e+02 2.53744415e+02
 3.42057220e+02 1.13828845e+03 2.01396704e+03 5.64234009e+01
 1.16141861e+02 2.25534687e+01 4.13189888e+01 6.08617439e+01
 1.52495712e+02 5.82259888e+02 4.24478912e+00 7.57238672e+03
 4.83810520e+00 2.67744493e+00 4.87062695e+03 1.06740103e+01
 1.33218018e+03 3.96777771e+02 1.07992401e+01 1.28896367e+04
 4.53800392e+00 1.82006927e+02 1.10158752e+03 1.00543003e+01
 8.31300659e+02 1.67671173e+02 1.18624992e+01 7.08549683e+02
 6.17138443e+01 7.88985825e+00 1.93591980e+02 1.34150970e+02
 3.55241814e+01 3.52603722e+00 1.59904199e+03 7.43382797e+01
 1.26242847e+03 8.80992603e+00 1.94476357e+01 2.09184227e+01
 1.97396164e+01 9.30898819e+01 7.58990288e+00 4.36422729e+01
 7.23544073e+00 6.70087433e+01 5.04554248e+03 4.48398071e+02
 2.28981644e+02 7.08214645e+01 9.12529602e+01 3.57113304e+01
 3.10667297e+02 1.14029055e+01 4.86667595e+01 7.36156225e+00
 6.33399048e+01 4.38180786e+02 4.67340469e+01 2.42003860e+01
 1.77915991e+03 2.69133091e+01 3.56141281e+01 1.37961614e+00
 5.79500008e+00 9.71495533e+00 1.67959076e+02 9.29967194e+01
 1.89138525e+03 2.04838920e+00 1.35388050e+01 2.75413269e+02
 2.46850624e+01 1.95785980e+02 6.78967361e+01 6.68411179e+01
 4.45264771e+02 2.77759058e+03 1.54657471e+02 3.69421158e+01
 6.71056091e+02 2.63331776e+01 1.24920784e+02 1.80595379e+01
 1.63944595e+02 6.74186719e+03 4.10622711e+02 1.12378525e+02
 1.18587764e+04 1.01821785e+02 3.31080675e+00 9.41587143e+01
 7.62518082e+01 2.22877905e-01 2.33334084e+01 1.94915218e+01
 5.45636406e+01 1.17016150e+03 1.03217384e+02 1.55356003e+02
 5.79382690e+02 2.64979038e+01 5.68313135e+03 1.00053349e+01
 1.69830513e+01 8.98752441e+01 4.49542332e+00 1.34449792e+03
 2.54347626e+02 2.28988098e+02 3.56084790e+03 1.12613304e+02
 4.55177917e+01 4.98464203e+00 1.03588043e+02 2.42523291e+03
 7.40172119e+01 2.46599312e+01 5.57650085e+02 6.71735657e+02
 8.34749680e+01 1.97434597e+01 3.66851257e+02 2.19078995e+02
 3.75501404e+02 2.93776794e+02 4.47175720e+02 1.94141724e+03
 2.21152420e+02 5.76490540e+02 1.97458838e+03 1.55944992e+02
 1.46187042e+02 5.41378736e+00 1.63456287e+03 9.40757446e+01
 2.88740295e+02 1.55362076e+02 1.83215796e+03 1.38704810e+03
 2.52908945e+00 6.06163086e+03 4.70149660e+00 7.51638794e+02
 5.46141016e+03 1.79720398e+02 1.96761107e+00 5.84381592e+02
 1.18798047e+03 8.41053009e+01 6.97789746e+03 1.61864510e+01
 1.02610791e+03 2.07629585e+01 3.50667691e+00 5.64060913e+02
 4.44417773e+03 7.73625259e+01 2.85507178e+03 1.28765469e+01
 3.05933046e+00 8.85129822e+02 3.87215352e+00 3.77980852e+00
 1.39019525e+00 8.87547207e+00 1.84299052e-01 3.09848328e+01
 1.21769849e+03 3.95258484e+01 4.29662537e+02 7.20356369e+01
 5.56196880e+00 6.09518890e+01 1.41844807e+01 1.94129700e+02
 1.78582104e+03 1.99702206e+01 9.38289285e-01 7.47088470e+01
 1.37934027e+01 1.41127605e+01 5.83859215e+01 3.15137268e+02
 1.80436295e+02 2.19527283e+02 7.52751709e+02 6.24919367e+00
 1.06055756e+02 1.11615082e+02 1.14274406e+01 1.60241508e+01
 2.20915489e+01 6.28371124e+01 4.35891380e+01 1.93242216e+00
 9.05212250e+01 5.75430012e+00 5.11432838e+01 9.26839292e-01
 2.06924011e+02 1.86274588e+00 5.74367790e+01 4.83874435e+01
 3.32281418e+01 6.09534424e+02 2.39208832e+01 1.93304642e+02
 4.01621361e+01 9.19387360e+01 4.50679291e+02 9.69027481e+01
 6.12723291e-01 1.93467316e+02 8.05855989e-01 6.80689819e+02
 4.86630402e+01 1.45559717e+03 7.27092385e-01 3.07503790e-01],832.0275,[2.75625763e+01 4.67382848e-01 9.04611301e+00 6.46594620e+00
 5.29453011e+01 9.93461304e+02 1.68479562e-01 9.30557861e+02
 7.24645844e+01 7.16428223e+01 8.85025558e+01 3.38649902e+01
 2.26689529e+01 1.77363922e+02 6.31051159e+00 1.58973099e+02
 7.71158600e+01 2.61553421e+01 9.53435707e+00 4.63244581e+00
 5.26954956e+02 1.13804520e+02 2.30407562e+01 4.69967425e-01
 5.83837967e+01 8.76226257e+02 1.36291337e+00 6.02938818e+03
 1.92402039e+01 2.44473743e+01 1.59090602e+00 1.24958766e+00
 7.99420625e-02 1.73532724e-01 7.29867859e+01 3.26450134e+02
 1.63789722e+03 6.42803497e+01 6.05615417e+02 1.27488617e+02
 1.17282600e+02 9.38198853e+00 6.03799782e+01 2.38443279e+01
 7.94531860e+01 4.37096672e+01 3.56903863e+00 6.41367090e+03
 4.62776518e+00 1.72134895e+01 6.76808899e+02 2.14390747e+02
 1.63181531e+03 1.64071686e+02 6.17030621e+00 5.04190576e+03
 1.32599521e+00 1.14533287e+02 9.41410828e+02 5.41848040e+00
 3.09486035e+03 1.36821945e+02 3.81870556e+00 1.78032272e+02
 3.18017788e+01 1.64190388e+00 5.90297890e+01 3.98036072e+02
 4.41596680e+01 6.66743815e-02 1.67878125e+03 2.58614685e+02
 4.29031006e+02 3.27693295e+00 2.51427460e+01 9.47386360e+00
 7.68978729e+01 2.37986771e+02 6.76694965e+00 5.22881546e+01
 2.09542580e+01 2.83472900e+01 1.36332474e+02 9.32077026e+02
 3.72617065e+02 7.46141739e+01 1.44129211e+02 2.72438169e+00
 6.52808380e+01 8.09611893e+00 3.06999645e+01 9.88915253e+01
 9.31475754e+01 1.46970856e+02 8.40281830e+01 4.53082514e+00
 4.87533203e+03 4.18484802e+01 1.02280319e+02 1.37970400e+00
 5.89511909e+01 5.25985489e+01 1.29753799e+02 2.39875702e+02
 1.09217972e+02 2.33695395e-02 8.15665150e+00 1.13778200e+01
 6.03328037e+00 2.24254074e+02 5.69322052e+01 6.66470261e+01
 6.25634338e+02 4.21157288e+02 4.39477539e+01 8.35566807e+00
 6.36909058e+02 6.38403559e+00 9.21615791e+00 7.72049637e+01
 1.03383446e+02 6.51758545e+03 6.15594421e+02 3.54839233e+02
 9.63689062e+03 2.26907654e+02 5.71407638e-02 3.16770687e+01
 5.88971710e+01 2.56469131e+00 1.26945400e+00 9.53482568e-01
 9.91953735e+01 3.01076733e+03 4.39114685e+01 1.05702278e+02
 1.95672668e+02 1.14939756e+01 6.05628662e+03 3.10967178e+01
 2.79628468e+01 1.40376770e+02 1.40163708e+00 3.28028442e+02
 1.72709015e+02 2.27965881e+02 5.85180847e+02 2.39554596e+01
 6.44525681e+01 5.90154886e-01 7.35166168e+01 4.12312988e+03
 2.78239212e+01 2.35123425e+01 3.55654968e+02 5.31688818e+03
 9.84930267e+01 2.17156715e+01 1.45734778e+03 8.88450470e+01
 2.21595245e+02 3.88256134e+02 2.64519272e+01 3.23939972e+02
 2.66614113e+01 7.90052246e+02 1.16210852e+03 1.49561661e+02
 2.97638611e+02 4.09144306e+00 1.04524155e+02 3.23382378e+01
 7.56134186e+01 1.34038086e+02 4.89994621e+01 2.28698438e+03
 3.35740547e+01 4.46219635e+01 5.61990404e+00 1.02672095e+03
 4.37733496e+03 5.93436157e+02 1.58740120e+01 2.62326298e+01
 1.44953794e+01 1.41894485e+02 1.38063301e+04 6.73368683e+01
 1.01502765e+03 4.15999374e+01 1.40749903e+01 3.95207825e+01
 7.86765137e+03 2.78739014e+02 4.33787549e+03 3.34202995e+01
 1.47536545e+02 4.32133667e+02 4.69221056e-01 1.20678926e+00
 1.05824575e+01 4.67437439e+01 4.57082558e+00 5.50626984e+01
 1.82052466e+03 1.33927011e+01 5.42074036e+02 1.13704063e+02
 5.10363913e+00 1.95658279e+02 9.38869286e+00 1.77048935e+02
 1.98951624e+03 5.11368675e+01 6.89166718e+01 7.29425848e-01
 1.34000015e+01 1.72416172e+01 7.40974884e+01 3.18422928e+01
 5.27574646e+02 9.20453644e+01 4.96812927e+02 2.80397034e+00
 3.62584000e+01 5.28291817e+01 6.86546993e+00 3.51805038e+01
 7.38143005e+01 1.57994711e+00 1.44915323e+01 2.50740600e+00
 3.10013306e+02 9.79068995e-01 5.42215805e+01 4.17432308e+00
 7.97666931e+02 4.26526022e+00 4.52690552e+02 4.12210449e+02
 1.83648729e+00 6.33847717e+02 7.40700531e+01 5.19060631e+01
 6.83583543e-02 1.26491997e+02 4.81906372e+02 5.67153381e+02
 1.41856301e+00 2.37311890e+02 1.23346970e+02 6.65842285e+02
 1.59958229e+01 9.63985352e+02 3.16537189e+01 1.33387876e+00],-99.93845,-157.7826,-344.8387,2.8033686,45.538277,0.9978298,0.95927584,0.016318394899368285,12965.295341014862,0.5,0.5,-0.005913634676914281,0.0007980469244150346,-0.005896836866315631,0.0003063928530371577,-0.26166679946796423,37.59999999999999,0.0,825000.0,-1.0,-785.0,750.0,10.528800964355469,825000
101.89113,0.022602329,0.014236397,0.00055951905,-101.726166,101.726166,[1.78181031e-03 5.77345584e-03 8.53399863e-04 1.12088472e-02
 4.91451705e-03 9.52661131e-03 3.64495115e-03 1.16882240e-02
 1.53129911e-02 3.75175029e-01 3.39035084e-03 5.19014150e-03
 6.84444606e-03 5.35079185e-03 2.71830037e-02 2.04750057e-03
 5.39345145e-02 1.53677687e-02 1.27431583e-02 1.38757052e-03
 9.79321823e-03 8.79619241e-01 6.80508791e-03 1.07105142e-02
 2.75216321e-03 4.42402102e-02 9.53719858e-03 1.30961565e-02
 8.69633436e-01 1.72229717e-03 7.86000025e-03 6.65257126e-03
 5.70544321e-03 4.88939462e-03 7.18682492e-03 1.03757922e-02
 4.83038044e-03 8.64789076e-03 2.17403471e-02 1.38993012e-02
 1.11054406e-02 7.50491619e-02 5.18491771e-03 2.60862312e-03
 7.09813368e-03 1.08243490e-04 1.72710954e-03 4.73874761e-03
 9.38063394e-03 3.64515781e-02 1.82894920e-03 4.24847472e-03
 4.02644556e-03 9.06976778e-03 1.14635937e-03 1.89176691e-03
 1.74954887e-02 6.25903904e-02 1.35748298e-03 2.24721432e+00
 4.46819607e-03 9.08864848e-03 2.31779329e-02 1.01037789e-02
 1.83255225e-03 2.65147798e-02 1.53361857e-02 1.02995396e+00
 4.22522575e-02 8.94854777e-03 3.42326373e-01 2.88369972e-03
 3.65091581e-03 1.95996743e-03 1.40086440e-02 1.28176739e-03
 1.42919132e-03 5.96030429e-03 4.48053330e-03 1.01009035e-03
 1.40932817e-02 3.04543413e-03 5.15067298e-03 7.03408197e-03
 2.39457306e-03 2.13278737e-02 3.16559710e-03 1.19703719e-02
 3.55666690e-02 1.34819085e-02 1.58473197e-03 7.19250878e-03
 8.42627883e-03 1.02361245e-02 1.24050695e-02 1.02461288e-02
 1.38877262e-03 7.88656808e-03 2.26700567e-02 4.10302635e-03
 4.79472708e-03 2.04782980e-03 8.67780112e-03 1.52366608e-03
 5.79152815e-02 1.37558377e+00 2.54779905e-02 1.33671686e-02
 1.91579084e-03 1.46883363e-02 2.23441832e-02 7.37925852e-03
 8.56583065e-04 1.86404586e-02 1.22450665e-02 4.32543689e-04
 2.30376393e-01 2.45569460e-03 2.15099052e-01 6.69331197e-03
 5.68440242e-04 6.76665008e-02 1.46641606e-03 1.73505750e-02
 4.67239274e-03 1.38943514e-03 4.81005991e-03 7.52464170e-03
 8.95037688e-03 2.44777631e-02 6.71423739e-03 1.34182889e-02
 8.84399563e-03 4.12888406e-03 1.32246595e-03 1.95735954e-02
 6.90674502e-03 1.81143358e-02 1.20844115e-02 2.12548897e-02
 6.08902937e-03 1.97197124e-03 1.15807736e-02 2.95253247e-01
 1.48787545e-02 1.79105392e-03 1.59046408e-02 3.29257222e-03
 1.48485433e-02 6.34914963e-03 6.08998314e-02 2.31701303e-02
 1.42969945e-02 5.21077216e-03 5.53699398e+00 5.58681507e-03
 2.86320969e-03 4.13327783e-01 5.84439281e-03 6.31689001e-03
 3.19987559e-03 1.60389976e-03 2.48664394e-02 6.14930596e-03
 2.82307770e-02 2.21427772e-02 7.65521359e-03 5.96767757e-03
 1.26876598e-02 9.25855618e-03 9.52409022e-03 2.05087289e-02
 1.99975446e-02 1.35106808e-02 8.91775452e-03 9.74986795e-03
 9.99106169e-02 7.67578185e-03 1.25712459e-03 1.79278255e-02
 7.27082938e-02 2.58977450e-02 7.31676444e-03 1.02591701e-02
 1.02562876e-03 1.26332808e-02 2.78352806e-03 2.21344493e-02
 1.08372131e-02 2.08439045e-02 2.10673595e-03 5.74460439e-03
 5.28683513e-03 8.03247676e-04 1.23461615e-03 1.27171325e-02
 7.46132340e-03 8.00176524e-03 1.41618040e-03 5.22868289e-03
 3.45873013e-02 8.85062665e-03 3.37557052e-03 7.56018907e-02
 7.32464157e-03 7.40673020e-03 8.41036811e-03 5.93345938e-03
 7.85809476e-03 3.42720328e-03 1.25381052e-02 5.39224315e-03
 2.60740332e-03 6.03247341e-03 2.66561005e-02 1.66296288e-02
 4.00293134e-02 1.75341461e-02 5.63796517e-03 3.27258883e-03
 1.93601139e-02 5.74984448e-03 3.36566009e-03 9.46480595e-03
 1.19802030e-02 4.31392938e-02 2.18793983e-03 2.23344611e-03
 1.05149951e-03 5.01115620e-03 9.91902221e-03 6.38396526e-03
 1.89607888e-01 2.43131956e-03 1.75078464e+00 6.03451617e-02
 8.17319378e-03 3.56273353e-03 1.03000626e-02 5.57461753e-03
 8.81057046e-03 1.03523679e-01 1.08824801e-02 2.52115354e-03
 6.47216663e-03 8.58056732e-03 5.50535228e-03 1.20963573e+00
 7.77453883e-03 2.39986815e-02 1.40180066e-03 1.54155688e-02
 5.23168268e-03 3.81952599e-02 4.94394917e-03 9.36800335e-03],0.09730588,[3.09290178e-03 1.05186068e-02 1.96092995e-03 5.10449708e-03
 6.12059003e-03 2.21283431e-03 8.31084047e-03 1.04038464e-02
 5.81567781e-03 3.19516629e-01 8.20511114e-03 8.01760145e-03
 2.60608830e-03 2.59674736e-03 1.40244933e-02 2.41311989e-03
 6.00563511e-02 2.40190197e-02 1.41179971e-02 4.14191978e-03
 1.79925584e-03 9.47528541e-01 2.50259042e-03 1.03854621e-02
 6.79655513e-03 4.77280617e-02 6.45321934e-03 7.75977597e-03
 8.86381149e-01 2.49226403e-04 8.62892251e-03 2.11047661e-03
 3.26818926e-03 5.94133139e-03 8.42661411e-03 5.64160943e-03
 1.60641270e-03 1.19273439e-02 1.93706062e-02 1.00313257e-02
 1.27351228e-02 6.97292984e-02 2.58448953e-03 3.59660340e-03
 9.38357227e-03 6.65294589e-04 2.12900271e-03 3.45171941e-03
 1.12841157e-02 2.72364095e-02 2.40840297e-03 2.67983275e-03
 4.40791948e-03 6.08022138e-03 3.06287827e-03 4.80113458e-03
 1.57962870e-02 3.43762711e-02 3.55809741e-03 2.94168162e+00
 3.44920997e-03 3.62712145e-03 1.25053087e-02 5.19781094e-03
 2.71984469e-03 1.62510611e-02 2.00917106e-02 4.93215770e-01
 4.23297584e-02 9.04289633e-03 3.02253544e-01 5.33297774e-04
 6.28115376e-03 3.76227172e-03 8.53562262e-03 2.15468230e-03
 4.14181687e-03 8.71786440e-04 4.63966839e-03 3.70073249e-03
 1.16923107e-02 3.91833996e-03 7.52005680e-03 1.01918355e-02
 2.68826750e-03 1.05406074e-02 4.75672260e-03 6.56277314e-03
 2.10244283e-02 1.00160018e-02 1.27215162e-02 3.14874924e-03
 4.31626244e-03 1.64807979e-02 2.31067091e-02 1.22137768e-02
 3.41328280e-03 6.82313088e-03 1.17237270e-02 4.82094474e-03
 5.23823872e-03 5.75275812e-03 8.49745609e-03 3.89485061e-03
 3.15041952e-02 8.62218618e-01 2.82873474e-02 9.97470040e-03
 1.24437059e-03 1.10975103e-02 1.36599904e-02 1.49213513e-02
 9.79890698e-04 1.04504926e-02 4.90593072e-03 3.03108734e-03
 3.39083076e-01 7.93369603e-04 1.67356104e-01 3.40384198e-03
 1.65920146e-03 1.60127580e-02 2.66098697e-03 2.18650233e-02
 4.64339554e-03 3.37529532e-03 3.91355343e-03 6.50923513e-03
 9.93296318e-03 2.53053941e-02 6.25956757e-03 1.56372655e-02
 8.29711091e-03 2.20354390e-03 3.80377215e-03 1.85883511e-02
 3.84807610e-03 8.01763777e-03 4.38821269e-03 3.19131464e-02
 5.07306308e-03 7.08046881e-03 3.10535729e-03 2.86523134e-01
 1.70412585e-02 1.89662585e-03 7.25650974e-03 4.88983653e-03
 1.47300195e-02 7.09743006e-03 3.20672691e-02 1.34128984e-02
 3.76308709e-02 4.90639126e-03 4.06616688e+00 5.09619154e-03
 4.31233877e-03 7.60535777e-01 5.24532050e-03 7.46818725e-03
 4.03505564e-03 5.40278619e-03 1.37615846e-02 1.22503210e-02
 1.29225878e-02 1.93948504e-02 3.43273580e-03 7.69737223e-03
 1.01610916e-02 1.28031680e-02 8.04604776e-03 8.01957026e-03
 7.02802744e-03 7.66825955e-03 5.64830611e-03 4.05817013e-03
 1.13099903e-01 6.38787076e-03 2.57001305e-03 6.34844787e-03
 4.43342738e-02 4.31716070e-02 6.95338519e-03 8.51585343e-03
 2.95575289e-03 4.75331116e-03 4.51531075e-03 8.35932977e-03
 7.55464565e-03 2.79424936e-02 3.68465576e-03 2.45626410e-03
 5.57833258e-03 5.91966091e-03 5.13137877e-03 8.55936948e-03
 1.27083231e-02 8.96705408e-03 1.73697551e-03 1.76630286e-03
 1.51340403e-02 1.68862976e-02 7.09046377e-03 1.75968111e-02
 7.90250581e-03 6.99340831e-03 3.18174250e-03 1.05036637e-02
 1.78410430e-02 4.28303797e-03 4.07159142e-03 4.57741041e-03
 3.71330790e-03 7.17231212e-03 1.58732329e-02 1.67273302e-02
 3.38096730e-02 9.23608337e-03 1.33067444e-02 7.17577059e-03
 1.05795376e-02 7.72290677e-03 6.04451727e-03 8.70507769e-03
 1.09212575e-02 6.56260699e-02 6.34923484e-03 1.68131739e-02
 4.05882718e-03 8.98209028e-03 1.84573643e-02 8.50851927e-03
 2.12391526e-01 4.09450103e-03 1.98319703e-01 6.25912547e-02
 4.77899238e-03 4.46946081e-03 6.46174420e-03 9.58556309e-03
 1.18115917e-02 9.74743217e-02 6.00913167e-03 2.74358829e-03
 6.72280975e-03 1.03610558e-02 5.61154028e-03 1.25989687e+00
 1.16958143e-03 3.81253883e-02 3.21064238e-03 1.55705921e-02
 9.01125744e-03 1.50805060e-02 5.10859070e-03 1.05949324e-02],-97.8517,-103.51846,-229.63403,1.0278795,1.4960731,0.89121664,0.9274234,2.443234,-1.2627374,20.150103,157.41075,3.0994556,0.48998833,0.4491659,-149.4114,149.4114,[3.84582520e+01 1.52918848e+03 5.72643280e+00 5.91056633e+01
 8.81995201e+00 5.42371178e+00 3.84970856e+01 3.25783154e+03
 6.17218246e+01 1.01828918e+03 4.39426941e+02 3.01316589e+02
 3.64514494e+00 4.87117889e+02 9.10768747e-01 9.76109009e+02
 8.59018097e+01 4.62738330e+03 2.19625168e+02 2.53643394e+00
 2.12747135e+01 5.05427673e+02 2.75275660e+00 2.54775620e+00
 2.74494209e+01 7.94211721e+00 2.62118793e+00 1.49036670e+03
 4.68095337e+02 5.94745016e+00 1.65067859e+03 1.02776779e+02
 1.38685730e+02 6.01197672e+00 4.25508003e+01 3.72309473e+03
 9.34348047e+03 1.28606415e+02 1.02717667e+02 4.22211933e+00
 1.15472682e-01 4.38505143e-01 3.04902557e+02 1.07706982e+03
 3.26092682e+02 7.85141144e+01 1.05063534e+00 7.50097809e+01
 2.21952850e+02 8.36353516e+03 7.68968262e+03 1.49227368e+03
 1.24771143e+03 1.25860193e+03 2.20689850e+01 6.14244873e+02
 3.57425293e+02 1.13654431e+03 6.39460983e+01 2.04845728e+03
 5.12992048e+00 9.87013977e+02 1.99216290e+01 6.08579788e+01
 5.24511621e+03 3.40914774e+00 1.29319226e+03 9.02668457e+01
 9.58720016e+00 1.16116821e+03 5.29815125e+02 8.31922559e+03
 5.76177673e+01 2.89575659e+03 5.28055762e+03 6.54416885e+01
 1.56766541e+02 1.40084778e+03 6.06893234e+01 4.59756989e+02
 2.10054321e+01 2.20891533e+01 5.32988037e+02 2.54302387e+01
 4.67107880e+02 8.04588089e+01 4.57600769e+02 4.15509308e+02
 5.44025726e+01 7.19402075e+00 1.41368744e+02 2.39733281e+04
 3.45468457e+03 3.13951755e+00 3.89031647e+02 1.54745000e+04
 6.63705017e+02 1.16291857e+00 6.14580200e+02 1.16934914e+02
 1.49397860e+01 1.37965491e+03 3.37478790e+01 3.93748627e+02
 7.68262196e+00 3.04934448e+03 1.23788916e+03 4.38865234e+02
 5.96375586e+03 1.43059296e+02 3.91852563e+03 4.09690323e+01
 1.88161267e+03 9.82064819e+00 1.00255115e+03 2.80333862e+01
 1.76195038e+02 6.34315758e+01 6.29163208e+01 1.16398697e+02
 1.50508057e+02 1.77924683e+03 2.06916260e+02 4.58164124e+02
 4.82434235e+01 7.24299574e+00 1.24447485e+03 1.12024170e+03
 1.99587364e+01 2.30011523e+03 4.59959412e+01 6.48973465e+01
 1.20961377e+03 1.20155945e+03 1.51014511e+02 4.21635590e+01
 2.94260101e+01 3.01830371e+03 4.23528061e+01 3.04733887e+02
 5.60384655e+00 1.09083183e+02 3.43811230e+03 3.32012665e+02
 3.93424072e+02 5.51093063e+01 2.21118283e+00 1.54596619e+03
 1.77288306e+03 3.96501068e+02 2.89214783e+01 4.28268280e+02
 6.78767624e+01 3.23310791e+02 1.42440906e+03 1.38735083e+03
 1.25854187e+01 1.05437842e+03 5.30884476e+01 3.55022736e+01
 5.88856384e+02 6.78276443e+01 4.22838163e+00 9.55632114e+00
 1.93768616e+01 2.56669464e+02 6.17858704e+02 4.49533119e+01
 1.40430957e+03 1.48601364e+02 1.27005760e+02 3.10249805e+03
 2.75308691e+03 1.80736732e+01 2.67358932e+01 1.59026184e+02
 9.88478088e+01 2.79555542e+03 2.41125202e+01 1.91776390e+01
 1.81743286e+03 4.75843506e+02 3.59725952e+01 8.32196295e-01
 3.03364307e+03 2.40398291e+03 4.11128006e+01 6.21473837e+00
 7.71616554e+00 3.47036705e+01 1.24392872e+01 9.45769714e+02
 4.64913559e+01 1.03224525e+01 2.48947525e+01 2.17250013e+00
 7.50831299e+02 5.17001381e+01 5.84124527e+01 9.34834099e+00
 3.31889687e+01 3.36777319e+03 2.03664383e+02 3.49627258e+02
 4.22053809e+03 6.97919800e+02 9.43745804e+00 1.08487284e+00
 2.53250900e+02 1.80769287e+02 1.02886279e+03 2.88164307e+02
 3.94563560e+01 1.04513216e+01 3.69714737e+01 1.84424567e+00
 8.32409143e-01 1.75076294e+01 1.84237976e+01 8.87829113e+00
 8.30353165e+00 1.64100933e+00 3.47227026e+03 3.05668235e+00
 5.54992126e+02 6.61896912e+02 4.66780090e+02 1.36242419e+03
 3.15766333e+03 6.40245285e+01 8.49481049e+01 7.21499801e-01
 7.33313141e+01 5.64507256e+01 5.51663513e+02 2.91118755e+01
 2.21048584e+03 4.94241028e+02 1.26417419e+03 3.66722656e+02
 4.59696198e+00 1.93699532e+01 2.07811356e+01 2.83026489e+02
 9.40624046e+00 3.98537788e+01 1.41670303e+01 5.37603722e+01
 2.56310921e+01 1.28742246e+04 1.74850296e+02 1.55731384e+02
 4.70206594e+00 1.93744349e+00 3.81986761e+00 2.13482361e+01],1117.7317,[6.49532089e+01 7.82457825e+02 2.71251335e+01 7.90323334e+01
 4.36004143e+01 1.10038986e+01 6.02454948e+00 1.86582715e+03
 5.84591484e+01 1.06623863e+02 1.77644939e+01 1.44680847e+03
 2.14322815e+01 3.62830444e+02 2.00739021e+01 4.94954147e+01
 3.52384377e+01 2.96345605e+03 2.65165649e+02 2.03937912e+01
 8.15699768e+01 8.45533691e+02 8.26142502e+00 7.05362034e+00
 4.15997863e-01 8.00109577e+00 1.45327538e-01 2.49833313e+02
 4.57716888e+02 6.51201248e+00 3.00221893e+02 9.66487427e+01
 4.33444672e+01 1.54497004e+00 1.26265427e+02 5.00953583e+02
 7.81945801e+03 4.64280243e+01 1.21341858e+02 2.37448025e+00
 1.17641166e-01 1.07002568e+00 8.17367981e+02 1.32524902e+02
 8.75505600e+01 2.45056629e+01 1.45009136e+00 5.46060753e+00
 2.64744904e+02 8.20865234e+03 6.74202979e+03 5.37025833e+01
 1.49917017e+03 8.97093384e+02 2.17595230e+02 4.91818176e+02
 3.27690582e+01 8.73991333e+02 6.29160881e+00 2.00935645e+03
 6.30156422e+00 9.28652588e+02 2.10231757e+00 9.64633789e+01
 5.20600586e+03 6.20100098e+01 7.60382874e+02 2.05354118e+01
 2.13148022e+01 6.47985474e+02 8.67592697e+01 6.26646777e+03
 1.26124477e+01 1.47759436e+03 9.54478418e+03 2.69198380e+01
 2.17058304e+02 9.95742493e+02 9.92857300e+02 5.04943359e+02
 4.23005772e+00 1.52785234e+01 3.06040100e+02 1.77692966e+01
 2.95647430e+02 1.36224548e+02 3.44043060e+02 2.77666687e+02
 1.29984634e+02 2.72874653e-01 1.58855469e+02 2.12992520e+04
 3.65542188e+03 1.92065358e+00 1.06545685e+02 2.97262512e+02
 6.83249817e+01 2.26115952e+01 8.73584900e+01 1.15294228e+02
 3.74164658e+01 2.67710968e+02 1.17855282e+01 1.34092834e+02
 1.56205645e+01 3.79586823e+02 4.55688770e+03 3.53868103e+02
 6.91247998e+03 6.77124557e+01 3.42472314e+03 1.13305946e+02
 2.36136139e+02 2.12180421e-01 4.75794617e+02 9.05780697e+00
 1.32625084e+01 4.20277176e+01 9.16513596e+01 1.17880905e+02
 1.38309692e+02 1.78476575e+03 3.67992920e+02 2.02784546e+02
 8.31388474e+00 2.62734585e+01 6.42587341e+02 1.11902794e+02
 2.60245190e+01 4.06739844e+03 7.32578049e+01 1.33438538e+02
 3.30050690e+02 5.80456299e+02 8.85502075e+02 1.11480751e+01
 5.96041260e+01 2.28430127e+03 4.68087997e+01 1.16467461e+02
 1.76064920e+00 8.81815567e+01 3.31535010e+03 3.57951904e+02
 5.43499336e+01 1.41256485e+02 3.17849007e+01 1.80047266e+03
 1.36503052e+03 1.31453949e+02 2.01235123e+01 4.88478455e+02
 1.10490593e+02 3.98718170e+02 3.98770508e+02 1.15124658e+03
 7.54393578e+00 9.64321899e+02 6.55346909e+01 3.55117874e+01
 4.41067535e+02 1.41360531e+01 4.46631836e+02 7.67894506e+00
 7.58072078e-01 2.61336597e+03 2.52039352e+02 3.60004311e+01
 6.37778992e+02 7.96645355e+00 1.71847885e+02 1.09707361e+03
 7.68836060e+01 7.49570160e+01 3.26630066e+02 9.36257553e+00
 3.93056774e+00 4.70031067e+02 4.91493034e+00 9.45952797e+00
 8.43048828e+02 3.71674985e-01 9.10430145e+01 3.22507322e-01
 2.32136047e+02 2.08741357e+03 3.77577019e+01 2.74192572e+00
 1.93288076e+00 1.17413681e+02 5.20774384e+01 1.74767044e+02
 1.65700874e+01 7.60255289e+00 1.05377979e+01 9.53773785e+00
 5.12206497e+01 1.26406908e+00 3.73938637e+01 7.95819244e+01
 2.36582088e+01 3.93651764e+02 2.26451880e+03 3.92562775e+02
 4.34539258e+03 6.46890686e+02 3.20388675e+00 9.21915054e+00
 3.63065277e+02 2.84108459e+02 8.25414429e+02 2.84507111e+02
 1.35504885e+01 2.04259777e+01 2.53930435e+01 3.55067754e+00
 3.57230723e-01 1.82987709e+01 2.50647774e+01 7.13760138e+00
 4.08318329e+01 3.51928186e+00 6.95266235e+02 3.18098283e+00
 3.55453949e+01 1.69181641e+03 2.37811206e+03 1.15126489e+03
 4.07643188e+03 2.94742680e+01 5.80108690e+00 5.92534828e+00
 2.05260162e+01 7.00982513e+01 7.83778320e+02 7.04315615e+00
 7.85218735e+01 5.44794006e+01 1.51428149e+03 3.70177368e+02
 9.98672771e+00 1.49595737e+01 6.71705484e+00 7.02258179e+02
 6.93026876e+00 2.64474518e+02 2.09528014e-01 2.82208767e+01
 2.25203323e+01 3.83636035e+03 8.49234009e+01 1.75309265e+02
 5.13594723e+00 2.84664230e+01 4.41311169e+00 2.31359577e+00],-102.70291,-165.1581,-356.37762,2.9996505,36.687157,1.011127,0.9613509,0.014719752187728882,13333.289180517197,0.5,0.5,-0.013865397017809063,0.0003387958269037668,-0.013837141735300342,0.0004887089609012517,36.18424337213357,37.59999999999999,0.0,849750.0,-1.0,-757.0,750.0,11.58599305152893,850000
104.15408,0.041217793,0.04073687,0.00049071177,-103.7055,103.7055,[2.37671449e-03 2.71022553e-03 8.54593888e-02 1.36377814e-03
 8.96826677e-04 3.07857478e-03 9.37863905e-03 4.95086517e-03
 6.98109344e-03 9.50160029e-04 4.17769887e-03 3.41845714e-02
 2.42318865e-03 4.24414547e-03 7.45933643e-03 1.22489609e-01
 7.54392287e-03 3.89473396e-03 3.92448669e-03 1.62079209e-03
 4.43772227e-03 3.48497112e-03 1.49060879e-03 5.81032969e-03
 1.81169622e-03 5.65187586e-03 4.76863142e-03 1.27425347e-03
 1.01446663e-03 1.84641511e-04 2.29007239e-03 8.77083279e-04
 3.27644916e-03 3.40582861e-04 5.72363206e-04 2.21177144e-03
 2.74565537e-03 3.63980792e-03 7.20290613e+00 1.30104544e-02
 2.08595116e-03 8.53478536e-02 7.08304811e-03 1.40286633e-03
 9.38025583e-03 2.03250838e-03 1.44431042e-03 3.14542986e-02
 1.17912563e-03 9.10438690e-03 3.97975696e-03 1.94293493e-03
 1.89251639e-03 3.72773549e-03 2.86107254e-03 7.87416997e-04
 1.73872849e-03 1.37149612e-03 2.59820372e-04 1.47302379e-03
 1.17739057e-03 1.22257322e-03 1.92952529e-03 2.59165885e-03
 3.10059667e-01 5.67471888e-03 1.88118569e-03 1.21165125e-04
 1.73041411e-03 7.01020530e-04 2.41468754e-03 5.02894167e-03
 2.38281339e-02 1.08066635e+01 5.83078340e-03 3.85800414e-02
 1.21193798e-03 1.90013647e-03 3.30081815e-03 1.06000295e-03
 7.04721664e-04 4.05458212e-02 1.90109201e-03 7.73052918e-03
 8.19349848e-03 2.69770212e-02 1.59721263e-03 1.89313006e+00
 2.99614258e-02 8.35569866e-04 2.33998382e-03 3.15887928e-01
 2.34049931e-03 2.63921265e-03 1.12110794e+00 6.33454940e-04
 3.05542164e-03 1.19749373e-02 3.65700037e-03 1.35336188e-03
 4.03193617e+00 5.86832000e-04 1.40676880e-03 2.31356829e-01
 1.64930336e-02 3.66519205e-02 3.28205351e-04 7.51838146e-04
 2.11941544e-04 3.37893667e-04 9.70494468e-03 4.82262485e-03
 5.50133549e-02 1.87396188e-03 4.73578833e-03 4.55315877e-03
 1.03543769e-03 2.21068109e-03 4.99804178e-03 5.33471964e-02
 1.14455179e-04 6.57346752e-03 1.89523422e-03 1.56663246e-02
 6.52093499e-04 1.15933456e-03 2.63010734e-04 4.39715572e-03
 3.84223484e-03 1.70778716e-03 1.75757939e-03 6.84232637e-03
 2.85081496e-03 9.89046181e-04 1.77656813e-03 1.11964671e-02
 1.92913366e-03 2.69948062e-03 2.85006803e-03 4.43573110e-03
 1.82033074e-03 2.79471502e-02 1.73735805e-03 3.87522648e-03
 2.61132116e-03 2.85253790e-03 1.74247776e-03 3.09969136e-03
 1.35992467e-03 3.09342681e-03 1.96920522e-02 1.08533585e-03
 2.71754665e-03 2.23116949e-05 2.95544695e-03 6.19255996e-04
 2.58185063e-03 1.12061486e-01 2.37526954e-03 3.26463603e-03
 7.33578636e-04 2.71936953e-01 1.50382391e-03 1.79179036e-03
 7.59188179e-03 1.12925714e-03 4.09056902e+00 1.06345701e+00
 3.92781291e-03 1.09003112e-03 8.66986637e-04 1.27361994e-03
 1.68586895e-03 3.28623294e-03 1.79863558e-03 4.29206118e-02
 2.41604587e-03 7.67429965e-03 1.53134078e-01 3.45257744e-02
 5.43512441e-02 1.49128749e-03 5.70967980e-03 8.72940198e-02
 4.40570991e-03 1.26414290e-02 6.05440233e-03 1.04392543e-02
 3.61393462e-03 1.16860983e-03 1.77938398e-03 2.65595852e-03
 6.69446766e-01 1.38081866e-03 1.43185025e-03 2.77395290e-03
 1.13119511e-02 7.55218614e-04 1.29230064e-03 2.88879336e-03
 2.03388860e-03 1.84500078e-03 1.55115242e+01 4.72608302e-03
 5.99893043e-03 3.42676009e-04 8.08521390e-01 4.92168870e-03
 4.38599527e-01 2.28899233e-02 6.41349761e-04 1.32370647e-03
 4.78429127e+00 1.16001442e-03 2.49529816e-03 2.93416483e-03
 8.24520190e-04 1.70414709e-02 6.89561153e-03 1.07672460e-01
 9.18976784e+00 2.02524196e-03 1.54330209e-03 6.65583881e-04
 6.30659331e-03 1.53399352e-03 1.10035157e-03 2.21428461e-03
 4.54757642e-03 3.45189543e-03 4.13038349e+00 5.64376824e-03
 8.37986916e-03 2.87880015e-04 1.60642806e-03 1.02209032e-03
 7.78524263e-04 3.64405708e-03 1.66381674e-03 4.18951549e-03
 4.96904599e-03 9.06051195e-04 1.38254136e-01 1.14612537e-03
 1.98013687e+00 2.29556486e-03 7.25908205e-03 1.85867865e-03
 8.97230580e-03 1.00687277e-02 9.87279345e-05 1.80802960e-02
 3.30616497e-02 6.37752062e-04 7.87669152e-04 1.70529913e-03],0.2825781,[2.3147464e-03 4.3241531e-03 7.9218499e-02 1.9929116e-03 6.0851645e-04
 3.5220203e-03 1.1017213e-02 6.1576660e-03 3.4567625e-03 4.5557232e-03
 2.6260805e-03 4.4978134e-02 5.0606956e-03 4.7028139e-03 9.5229279e-03
 6.9094282e-01 7.7395258e-03 4.6886439e-03 2.8491684e-03 1.2470982e-03
 2.2644695e-04 9.2306817e-03 1.6600583e-03 3.6939634e-03 3.2071564e-03
 2.3396290e-03 5.4115145e-03 1.5132891e-03 4.3825768e-03 1.9810779e-03
 6.7818456e-04 1.4958759e-03 1.2527100e-02 7.1256235e-04 3.3376657e-03
 1.8109900e-03 2.5018179e-03 3.4432951e-03 2.1828899e+00 3.6225845e-03
 2.4298611e-03 7.7262104e-02 1.8247440e-03 8.4257368e-03 2.2145405e-02
 2.6104497e-03 7.5079419e-04 2.7523454e-02 1.8229645e-03 7.0552155e-03
 3.2425500e-03 1.5296566e-03 2.7176260e-03 2.6360634e-03 2.2127251e-03
 4.7743479e-03 1.9799266e-03 1.2919229e-03 3.0351584e-03 1.5482649e-03
 1.5171750e-03 4.9728919e-03 2.9822981e-03 2.6093994e-03 2.2683138e-01
 2.6130425e-03 1.8097246e-03 2.7688092e-03 1.0342703e-03 3.1604667e-03
 2.6923448e-03 3.1670511e-03 2.9128829e-02 2.7945457e+01 1.8003979e-03
 3.7451610e-02 4.7968738e-03 2.6593790e-03 1.1207100e-02 1.9111153e-02
 1.1369335e-03 2.2117596e-02 8.1079714e-03 6.9681322e-03 1.7120750e-03
 2.5614318e-02 2.6131100e-03 9.3374460e-04 7.1938587e-03 8.5645687e-04
 5.9554150e-04 6.1532545e-01 1.4918142e-03 3.0271837e-03 3.9172551e-01
 1.4196937e-03 5.3628786e-03 1.0005325e-02 2.6260235e-03 9.4214111e-04
 4.5384851e-01 1.4622675e-03 1.7022602e-03 2.4225532e-01 1.5843652e-02
 2.4921559e-02 4.5767305e-03 7.0384331e-04 7.3566625e-04 3.0019373e-04
 1.0483056e-02 5.4054065e-03 4.5797382e-02 1.9405324e-03 5.7562720e-03
 4.1389228e-03 2.2864413e-02 1.5553993e-03 2.9215750e-03 1.2589513e-02
 5.3470593e-04 4.9411003e-03 2.5111239e-03 1.3023038e-02 1.7598360e-03
 1.5772765e-03 4.2545823e-03 2.6563453e-03 5.2552496e-04 2.3605130e-03
 1.9515348e-03 4.9874703e-03 2.4980335e-03 5.1923450e-03 1.6801506e-03
 4.6779364e-03 3.8927980e-04 6.7212428e-03 9.1362614e-03 5.7661841e-03
 3.0481680e-03 7.2585084e-03 1.6129222e-03 3.7077467e-03 3.8217666e-04
 3.3673407e-03 1.4131769e-03 1.8437840e-03 8.6057844e-04 3.4305677e-03
 1.9613110e-02 1.3908301e-03 7.7162506e-03 1.1279393e-04 8.7500000e-03
 4.2052986e-03 3.5699952e-04 1.4961749e-01 9.1981944e-03 1.8447819e-03
 1.6596140e-03 3.4703153e-01 1.4555044e-03 1.5687933e-03 1.3215817e-02
 1.6197709e-03 2.8095374e-01 6.2752061e-02 6.6267243e-03 2.3074525e-03
 5.7304767e-04 1.1351346e-03 1.6333354e-03 8.6835418e-03 2.9122680e-03
 1.7103603e-02 3.3298293e-03 7.0644179e-03 3.2116611e-02 1.5755564e-02
 1.1295896e-02 1.3475427e-03 2.5449784e-03 3.3332607e-01 2.6848775e-03
 1.4482522e-02 3.6163474e-03 1.4258485e-02 3.3909466e-02 2.4833595e-03
 1.7743959e-03 3.1125250e-03 7.9484540e-01 1.7756321e-03 2.4698833e-03
 3.5863584e-03 7.1525974e-03 5.2560838e-03 4.7734231e-03 2.7663219e-03
 5.0738952e-03 1.9071954e-03 1.1352632e+00 2.5575205e-03 5.2382490e-03
 3.6210986e-04 2.2832617e-01 3.2299520e-03 3.2792360e-01 7.8311693e-03
 5.4650372e-03 2.7749261e-03 5.1893961e-01 5.6641764e-04 5.5989437e-03
 2.2149535e-03 8.7352289e-04 3.7120618e-02 2.3558030e-03 1.7523187e-01
 3.3364449e-02 7.5550890e-03 7.3774969e-03 2.8370023e-03 2.9811824e-02
 2.3662883e-03 2.3361908e-03 3.9496287e-03 3.5773969e-04 4.2536370e-03
 4.7224382e-01 6.1099492e-03 1.0787126e-02 3.1741527e-03 4.0067886e-03
 3.3353642e-03 1.0787700e-03 4.3592565e-03 3.5580811e-03 6.9859601e-03
 1.2191506e-03 5.8757169e-03 2.0185974e-01 1.3182035e-03 1.3791121e+00
 2.9201061e-03 3.1542706e-03 1.9467929e-03 9.1113821e-03 1.1898742e-02
 5.0572539e-04 5.2844957e-02 3.0759372e-02 6.3422555e-04 5.7065097e-04
 3.6382307e-03],-97.47124,-106.713425,-334.58112,1.048953,2.0591114,0.96573687,0.9283204,1.2289784,-2.074459,19.448841,159.08856,2.8677776,0.4592282,0.45664397,-151.62851,151.62851,[1.29288834e+02 9.42841187e+01 4.45977020e+01 1.02030220e+02
 9.52540588e+01 1.03133232e+02 1.04808728e+03 1.28690166e+01
 3.94922113e+00 1.11837006e+01 1.45321472e+02 3.54084808e+02
 1.56606302e+01 1.70309341e+02 2.60107574e+01 4.99559021e+01
 9.56073047e+03 2.30962305e+03 1.28500854e+02 2.86528503e+02
 5.53412598e+02 2.05473404e+02 8.36490234e+02 6.96192993e+02
 1.11019463e+02 7.88900077e-01 3.75120361e+02 2.18377853e+02
 3.81902924e+01 2.12255938e+04 1.94171944e+01 1.26811540e+00
 7.61257935e+01 2.17795620e+01 1.54725618e+01 2.61836578e+02
 4.31064453e+02 4.91184784e+02 2.59497204e+01 4.29185944e+01
 9.10119385e+02 3.71067047e+02 2.06798935e+02 5.85450411e-01
 4.73787061e+03 1.55003983e+02 1.14747894e+00 1.83117752e+01
 1.11919613e+01 3.08127716e+02 8.32487640e+01 7.03023499e+02
 1.43699173e+02 3.09401112e+01 5.59695206e+01 2.70657715e+03
 4.01145439e+01 2.10564255e+02 3.34056396e+02 3.08515283e+03
 6.57422714e+01 1.71619385e+02 6.33442627e+02 2.57054043e+00
 2.74108295e+01 4.75441345e+02 1.69814270e+03 1.03771400e+01
 2.66286964e+01 6.04165405e+02 3.50083252e+02 4.90016031e+00
 3.41978683e+01 8.48733807e+00 1.00577835e+02 2.18100586e+02
 1.50486526e+02 2.34813347e+01 9.14308090e+01 3.12949543e+01
 2.85598816e+02 3.77528534e+01 4.17678174e+03 1.27196362e+03
 5.93150024e+01 6.74719824e+03 3.03447866e+00 7.32867002e+00
 2.20452805e+02 3.52318298e+02 1.05247337e+02 3.78415527e+01
 2.41023056e+02 5.22987646e+03 3.43853577e+02 3.21869336e+03
 7.94682068e+02 2.78123260e+02 2.88277954e+02 5.87405930e+01
 3.67342453e+01 5.70241928e+01 2.08578377e+01 2.81671112e+02
 5.19223389e+02 4.16740387e+02 3.68402481e+01 4.82959824e+01
 2.47576408e+01 4.12785840e+03 1.51579910e+02 2.19637585e+00
 1.97555561e+01 5.96052063e+02 1.00393280e+02 2.13675859e+04
 6.78811979e+00 1.55970211e+01 8.89779282e+00 2.14017395e+02
 2.69187683e+02 2.67072949e+03 8.84708691e+00 1.21118457e+03
 7.31309814e+01 1.21351194e+00 1.38120544e+02 3.61925850e+01
 2.47117920e+02 6.40174438e+02 5.97186328e+03 5.86816101e+01
 6.17504845e+01 1.16015820e+03 2.37750797e+01 1.39203101e+03
 1.04170275e+01 1.66535095e+02 1.54685840e+03 7.50682373e+01
 4.86947388e+02 1.02425301e+02 9.79714233e+02 5.36096313e+02
 8.80171585e+01 4.50408697e+00 8.55755901e+00 1.72413883e+01
 4.81069088e+00 1.47697031e-01 2.57688923e+01 3.52984352e+01
 6.01304321e+02 5.42828430e+02 3.04261780e+00 5.45330963e+01
 6.71120529e+01 1.56273069e+01 1.03635071e+02 1.52223206e+02
 2.25340912e+02 3.53850146e+03 2.65465031e+01 7.61426331e+02
 1.26785383e+01 1.39874561e+03 1.88402649e+02 5.25756531e+01
 1.51083679e+02 6.87992706e+01 9.39018130e-01 6.39908630e+02
 2.22869824e+04 5.31883057e+02 8.92554855e+00 3.33636169e+01
 1.55346085e+02 1.48542175e+03 2.05318117e+00 6.45216703e+00
 6.09853223e+03 9.12088965e+03 1.86499084e+02 5.85619068e+00
 5.75606738e+03 3.14092133e+02 1.31107727e+02 9.56576367e+03
 2.37188904e+02 1.96982563e+00 3.10107746e+01 9.90751953e+03
 2.64326508e+02 3.49282875e+01 6.84875336e+01 1.02715435e+01
 3.74579239e+01 4.51701874e+02 2.57170022e-01 2.35305595e+00
 6.86852336e-02 6.46385376e+02 3.68665375e+02 1.11229801e+00
 5.42913532e+00 2.29984322e+01 1.38274200e+02 7.00105896e+02
 9.39241219e+00 1.29288708e+03 6.30115738e+01 2.17443311e+03
 1.90388965e+03 1.44738159e+02 1.24544324e+03 1.59289490e+03
 1.76105423e+02 6.57800293e+01 1.63128529e+01 1.91373093e+02
 6.31898117e+01 1.90775970e+02 4.02655273e+02 1.26917238e+01
 1.50594454e+01 2.52662744e+03 2.81132324e+02 4.11959171e+00
 7.85521936e+00 1.08905090e+03 1.66241682e+00 3.15066650e+03
 2.84176540e+01 2.80946941e+01 1.79797852e+02 1.48770065e+02
 6.22823792e+01 3.33725830e+03 2.56771545e+02 3.69896667e+02
 1.17600879e+03 2.72326851e+01 3.77217065e+03 3.99965515e+02
 9.74926529e+01 3.05479614e+02 5.90588951e+01 8.26074463e+02
 3.86768150e+01 6.39166504e+02 3.78611108e+03 2.12108261e+02
 9.48453903e+01 2.04012772e+02 4.79281235e+00 8.86367920e+02],1187.9655,[9.33310165e+01 1.70581924e+02 4.70138206e+01 2.21836456e+02
 6.64593430e+01 1.80154247e+01 7.73219531e+03 8.04493523e+00
 1.11170063e+01 3.18384624e+00 5.38427773e+01 3.04050751e+01
 1.28583794e+01 1.06156567e+03 3.08777802e+02 1.27008582e+03
 1.18277305e+04 2.69696875e+03 1.49837784e+02 8.36548538e+01
 6.56741394e+02 2.04405365e+02 1.56693970e+03 1.18591522e+02
 1.95575943e+02 2.11006999e+00 3.81271027e+02 7.55448242e+02
 1.39113588e+01 1.40546489e+00 7.00937152e-01 7.77961254e+00
 1.06045542e+01 6.13270645e+01 2.76409054e+01 7.41167786e+02
 5.84990616e+01 3.72467163e+02 7.00949621e+00 4.36019516e+00
 8.14631958e+02 4.77630310e+02 1.42174881e+02 1.04156323e-01
 5.13878564e+03 5.17608521e+02 2.40404582e+00 3.19538879e+01
 2.34338120e-01 3.39726227e+02 1.11616488e+01 4.18796826e+03
 1.35024933e+02 4.43294563e+01 3.99304161e+01 3.01746704e+02
 5.27198334e+01 1.37114685e+02 1.40714081e+02 8.91818970e+02
 4.95172920e+01 9.26125427e+02 3.40709045e+02 1.25189533e+01
 1.29383337e+00 3.30278870e+02 1.56940076e+03 1.01926126e+01
 7.05797577e+00 1.05889832e+03 2.68284058e+02 4.18302040e+01
 1.81093960e+01 3.43974161e+00 9.84806366e+01 2.57676544e+02
 1.46330460e+02 3.98279343e+01 1.02669036e+00 3.67894135e+01
 4.75398877e+03 3.53082352e+01 4.75695508e+03 1.10834265e+03
 4.85011505e+02 1.01040791e+04 8.28532333e+01 8.66720009e+00
 8.33109375e+02 4.72234711e+02 2.40889023e+02 1.55239620e+01
 2.66778046e+02 9.37584082e+03 1.84479599e+02 9.74393066e+02
 8.30620300e+02 5.15421570e+02 3.09393585e+02 1.72438831e+01
 1.16721481e+02 5.97474518e+01 2.13474312e+01 3.41406616e+02
 4.57761719e+02 1.19312292e+03 7.85730896e+01 4.89189262e+01
 2.29260082e+01 2.15321191e+03 2.63003993e+00 9.04014260e-02
 4.64338875e+00 2.31947037e+02 2.25341995e+02 2.36806482e-01
 1.85823078e+01 2.18346462e+01 1.10239923e+00 4.41279449e+01
 1.13836815e+02 3.37082715e+03 8.78512955e+00 3.99970459e+03
 8.12967777e+00 5.29981003e+01 8.33773346e+01 5.17782021e+01
 3.87731964e+02 2.51569244e+02 4.85329736e+03 6.23062630e+01
 1.52414780e+02 9.71481018e+02 2.14873352e+01 1.36998367e+02
 4.21451416e+01 3.26046631e+02 2.75214478e+03 9.07776031e+01
 1.07190720e+02 5.78989029e+01 2.34047699e+02 4.52261383e+02
 1.02664633e+01 7.53937900e-01 3.54557133e+00 2.70462646e+01
 4.96725559e+00 4.24349070e+00 6.06623917e+01 2.80824261e+01
 1.27651831e+03 1.02537415e+03 1.23355612e-02 6.15003633e+00
 7.14462936e-01 1.01414347e+01 2.43926563e+01 2.37911972e+02
 3.07294464e+02 8.65784058e+02 9.23682938e+01 2.86752533e+02
 2.15389404e+01 9.37646912e+02 2.12464584e+02 3.12085018e+01
 1.17410149e+02 2.79247093e+01 8.83689523e-01 6.29257751e+02
 1.67890511e+01 6.68058350e+02 6.68509007e+00 2.18906569e+00
 8.69654999e+01 2.85491364e+02 6.78903610e-02 1.71996994e+01
 5.68434863e+03 1.46510315e+03 1.14288731e+01 1.09969580e+00
 7.15795312e+03 9.56086731e+01 6.85963669e+01 8.96727051e+03
 3.01972168e+02 1.03694592e+01 1.51009216e+01 4.90476270e+03
 2.28356979e+02 1.65112976e+02 7.12668991e+00 8.40225792e+00
 7.01508570e+00 5.03572418e+02 1.35276830e+00 1.28333330e+00
 2.05375314e-01 9.48303223e+02 4.33343262e+02 2.47520924e+00
 1.01430416e+01 4.32704887e+01 3.71781189e+02 1.74530078e+03
 2.20529785e+01 7.38935156e+03 8.18430805e+00 4.95382617e+03
 3.39777026e+03 6.96443710e+01 5.57308252e+03 4.22710352e+03
 1.53755980e+01 1.47999573e+00 1.88481770e+01 8.74257755e+00
 7.25992203e+01 2.11639114e+02 4.28860291e+02 1.21547752e+02
 1.58183174e+01 1.66543408e+03 6.44327515e+02 2.78491478e+01
 1.18391962e+01 5.54280029e+02 6.48089027e+00 2.37750171e+03
 9.82863846e+01 7.90614090e+01 4.34224701e+02 3.10773529e+02
 2.57157841e+01 4.27379004e+03 4.13861885e+01 6.61802856e+02
 4.80087677e+02 1.78472652e+01 4.77669556e+02 5.66077637e+02
 8.00388855e+02 4.39708344e+02 3.88556900e+01 1.25396240e+03
 2.73346405e+01 7.23299500e+02 6.98671509e+02 1.80266785e+02
 2.95507660e+02 1.13990845e+03 1.01824503e+01 9.65472717e+01],-102.54725,-166.21309,-350.21503,2.8813396,39.27696,0.88220114,0.9600488,0.01573914237976074,13726.767771244049,1.0,1.0,0.03224249501801756,0.008086520623817794,0.03284249751310911,0.010336243233079148,26.24481151318381,37.59999999999999,0.0,874500.0,-2.0,-1767.0,750.0,11.099544763565063,875000
104.26492,0.056551047,0.06877264,0.0007655559,-103.520645,103.520645,[1.85132329e-03 2.18440895e-04 9.97886527e-04 2.16740323e-03
 8.42500303e-04 1.73089211e-05 9.78381373e-04 2.77461950e-05
 1.05032627e-03 1.37259741e-03 1.82200514e-04 2.60685617e-03
 1.52600522e-04 8.38859589e-04 1.29060645e-04 1.16916490e-04
 1.01427436e-02 4.31275112e-05 1.09068910e-03 1.07663742e-03
 1.31380036e-01 5.34651626e-04 1.47291855e-03 4.02989099e-05
 4.34078932e-01 2.01249146e-03 5.79421502e-03 3.50006158e-04
 8.33813683e-05 4.48366534e-03 7.48474430e-03 3.11051750e+00
 1.44613348e-03 2.94158235e-06 1.02019077e-03 1.43857324e-04
 1.85862910e-02 2.98051862e-03 2.06781554e+00 2.03373982e-03
 1.22965193e+00 3.35174962e-03 3.80315256e+00 4.27018967e-04
 5.96531958e-04 1.10501563e-03 9.04091168e-04 2.21410155e-01
 2.19416935e-02 1.73431239e-03 8.73765629e-03 4.35438892e-03
 9.53812338e-03 5.90365287e-03 3.57810943e-03 3.83126375e-04
 1.57104270e-03 8.65095819e-04 1.40293419e+00 1.31350290e-03
 3.77580617e-03 2.45877053e-03 1.32191367e-03 1.25501142e-03
 1.10541191e-03 2.98037485e-04 6.02445286e-03 1.94932357e-03
 2.32959632e-03 4.11814661e-04 2.75403261e-03 3.61329410e-04
 1.02547528e-02 4.99018095e-03 1.65087404e-04 4.03033011e-03
 3.48179834e-04 1.42226014e-02 2.14899424e-03 1.58082903e-03
 4.46389895e-03 8.15280154e-03 5.27287484e-05 1.48987072e-03
 5.49476244e-05 6.22049090e-04 3.22406553e-03 2.76293722e-03
 1.05645903e-03 2.30924729e-02 2.60607630e-04 1.25310209e-04
 1.52099738e-03 2.00600969e-03 5.54878358e-03 4.10679786e-04
 1.66545273e-04 2.04483513e-03 1.33843243e+00 1.46265747e-03
 1.08224805e-02 4.79114766e-04 2.58791004e-03 2.86761975e+00
 4.99238679e-03 5.17537147e-02 1.00814330e-03 7.93786906e-03
 2.92277720e-04 1.34306611e-04 3.75851989e-02 6.02557361e-01
 4.20817640e-03 1.18932739e-01 2.80442667e+00 1.98976815e-01
 1.57087967e-02 4.28744964e-02 9.65120504e-04 1.06672244e-03
 2.03956035e-04 5.02230227e-03 3.34575653e-01 2.03923788e-03
 1.28500001e-03 1.05291326e-03 1.51751481e-03 1.81944109e-03
 2.52002515e-02 5.90143318e-04 1.51610060e-04 4.24022437e-04
 2.37834174e-04 9.78568569e-04 3.06039490e-03 8.25706054e-04
 8.94929399e-04 1.51078450e-04 7.47492015e-02 8.27144366e-03
 2.05102824e-02 6.33005984e-05 4.39869997e-04 1.39146345e-03
 2.64690490e-04 9.56958451e-04 2.23787094e-04 2.46566779e-04
 1.35659892e-03 1.25437567e-04 7.02433870e-04 5.98256523e-03
 1.92709384e-04 1.29722583e-04 6.25459943e-04 8.07663798e-03
 1.87201658e-05 1.03498230e+01 8.79178941e-02 2.77827284e-03
 1.94710505e-04 5.50883356e-04 1.34186959e-03 1.86271477e-03
 1.81469209e-02 1.58496806e-03 1.82347675e-03 5.36951795e-03
 4.33188230e-02 9.63565428e-03 4.13425732e-04 1.01047498e-03
 1.04780507e+00 1.37319439e-05 2.26309188e-02 2.07479019e-03
 1.23231423e+00 1.25865545e-03 2.86569411e-04 1.27572310e-03
 3.90800595e-01 9.31486138e-05 1.07941369e-03 2.87739515e+00
 1.94313098e-03 5.61587978e-04 9.20688640e-03 2.98785232e-03
 1.26701355e+00 2.51008430e-03 1.66934263e-03 1.29316724e-03
 1.75329600e-03 2.04509590e-03 1.62036158e-03 1.41511738e-01
 1.12645635e-02 5.39730536e-05 1.28074223e-03 6.01324835e-04
 2.50682351e-04 1.83946043e-01 1.11922668e-03 5.36053276e+00
 1.70895644e-03 4.00441291e-04 1.63134944e-04 1.18912722e-04
 3.45653147e-01 1.13713148e-04 1.31147821e-02 1.07646454e-04
 1.22282282e-03 6.45350479e-03 5.43230120e-03 4.42252494e-03
 1.95768662e-03 1.55706913e-03 1.05908629e-03 3.19140323e-04
 1.55021369e+00 1.04550854e-03 4.79914306e-04 3.10307427e-04
 6.04960442e+00 1.53347210e-04 2.88012531e-03 1.10423425e-03
 2.36990221e-04 5.41190431e-03 8.66984134e-04 2.13011742e+00
 4.24130878e-04 3.26676527e-04 1.53914152e-04 2.00372771e-04
 2.07358971e-06 2.15538859e-01 3.30267511e-02 3.44141293e-03
 1.12283695e-03 9.19525570e-04 3.09211435e-04 2.84609036e-04
 5.50276274e-03 6.10266870e-04 4.49533295e-03 7.50954321e-04
 3.83995920e-02 2.32651196e-02 3.99897457e-04 2.25525640e-04
 9.41483420e-04 1.20119667e+00 6.15470693e-04 4.60202107e-04],0.2016875,[4.06396575e-04 5.18372399e-04 6.24442589e-04 4.03515063e-03
 6.84641767e-04 2.98768864e-05 5.64075599e-04 2.17750785e-05
 3.18757375e-04 6.36737619e-04 1.86634692e-03 4.39533126e-03
 8.71216995e-04 6.63888175e-04 6.17761398e-05 7.79522816e-05
 7.49981031e-03 1.92322768e-05 3.72986600e-04 7.72299536e-04
 3.29389349e-02 3.33321805e-04 2.77299411e-03 1.53051515e-04
 2.19655968e-02 8.80635530e-03 5.22461487e-03 5.25331707e-04
 4.56372334e-04 9.49424505e-03 4.15282231e-03 1.04303256e-01
 2.36139458e-04 1.67647959e-04 8.00737471e-04 1.41261902e-04
 1.99581794e-02 1.20272452e-04 1.40754759e-01 5.80959138e-04
 1.67035592e+00 1.35914842e-03 3.09701800e-01 4.19872813e-03
 1.85041048e-04 1.06106803e-03 5.40774781e-05 2.54655406e-02
 9.38373525e-03 1.22685242e-03 1.32962153e-03 3.10368277e-03
 5.42574469e-03 3.10909655e-03 2.68354313e-03 8.21819995e-05
 2.54439190e-04 3.81618098e-04 1.45390645e-01 4.64194280e-04
 8.39722168e-04 4.82464582e-03 1.12156349e-03 3.35148070e-05
 3.59400292e-05 4.44899139e-04 4.87639627e-04 1.81373442e-03
 4.33018338e-03 5.71281649e-03 1.17500732e-03 2.37445172e-04
 1.51413074e-03 2.89943744e-03 8.75022495e-04 3.11598252e-03
 2.43621471e-04 2.02656817e-02 1.92113454e-03 3.12151620e-04
 1.48139372e-02 3.62096401e-03 3.79282807e-04 9.71002562e-04
 1.04462844e-04 5.49266173e-04 1.57664123e-04 4.01343801e-04
 1.52696157e-03 2.32479889e-02 2.72829842e-04 2.19975715e-04
 4.08719352e-04 1.72764789e-02 1.71209965e-03 1.75368332e-04
 1.75468449e-04 4.85166267e-04 6.39840364e-01 1.79920951e-03
 1.26065975e-02 6.89021836e-04 9.86035913e-04 3.69914722e+00
 8.18039384e-03 3.03635262e-02 1.11406599e-03 1.86416111e-03
 1.12897833e-04 5.28870209e-04 1.85465645e-02 6.06799603e+00
 4.45914036e-03 3.52919474e-02 3.29676867e-01 3.09293461e+00
 6.21314347e-03 4.26091440e-03 1.13682938e-03 7.51711486e-04
 2.85145652e-04 7.10128108e-03 5.07915020e-01 5.13262232e-04
 1.70745701e-03 3.76893964e-04 5.95392776e-05 2.84355180e-03
 4.31738272e-02 6.97288662e-04 1.10509922e-04 2.85137678e-04
 1.15662254e-03 1.85244973e-03 6.15855772e-03 3.13609198e-04
 1.33688003e-03 2.10793747e-04 6.80320263e-02 4.80258698e-03
 3.89291137e-03 3.39903054e-05 7.62062264e-05 8.40012217e-04
 4.38310672e-04 2.62845424e-05 4.55912668e-05 8.89488729e-06
 2.07625912e-04 4.58807335e-05 1.13307731e-03 2.66902987e-03
 3.84014682e-04 5.73091966e-04 6.19108847e-04 4.60760482e-03
 2.96512735e-05 2.61156201e+00 8.19781143e-03 1.01550967e-02
 3.97954136e-05 1.87086989e-04 4.50786320e-04 2.03226984e-04
 1.44068403e-02 8.97358463e-04 1.74418115e-03 5.55259315e-03
 6.79073762e-03 1.49033032e-03 2.67987372e-04 1.83551712e-03
 3.65022570e-01 2.37412809e-04 2.82473654e-01 1.16792764e-03
 6.13782287e-01 5.95215824e-04 6.21619285e-04 1.33062853e-03
 5.65185606e-01 9.64322244e-05 5.41908958e-04 5.21850288e-01
 7.65052158e-04 5.56908781e-04 1.76670216e-02 5.03662159e-04
 2.66870931e-02 5.56671119e-04 4.15514514e-04 8.25662748e-04
 1.09132961e-03 8.30056437e-04 1.51225016e-03 1.16133997e-02
 2.76760780e-03 1.00522535e-04 5.92223427e-04 9.71983012e-04
 6.25505345e-05 1.58890754e-01 9.58800374e-04 9.44196939e-01
 2.05494952e-03 3.46439483e-04 2.38683308e-04 1.97614683e-03
 4.27061379e-01 7.48426188e-04 1.22004580e-02 3.45704402e-03
 6.48597488e-05 4.70231334e-03 2.21256912e-03 2.04954529e-03
 2.40735966e-03 5.05030388e-04 1.69569859e-03 4.51594882e-04
 4.15172040e-01 4.24941652e-04 4.37501410e-04 2.96281651e-04
 1.02136993e+00 1.48785301e-04 8.62599409e-04 2.82101624e-04
 1.38087722e-04 2.30347901e-03 1.57289207e-03 1.16905704e-01
 4.53187386e-06 6.28985115e-04 4.48745326e-04 1.16418232e-04
 3.27650923e-07 1.95507526e-01 1.87176645e-01 1.31915440e-04
 1.42793846e-03 1.68248313e-04 4.12886555e-04 9.85761289e-05
 8.35337676e-03 4.14117065e-04 7.40910473e-04 1.35602662e-04
 5.17022014e-02 2.09922134e-03 3.38225532e-03 4.97773406e-04
 5.36429754e-04 7.33346105e-01 5.02777344e-04 4.97726840e-04],-98.179535,-108.41423,-330.47906,1.0559283,2.5373926,0.89882827,0.9286512,1.5577273,-0.9526173,16.162209,173.1815,2.9460552,0.5362167,0.48071605,-164.87328,164.87328,[2.22059994e+01 6.44087067e+01 3.34314178e+02 1.66160607e+00
 2.79657316e+00 5.49255490e-01 3.19414917e+02 1.15638623e+03
 2.23930954e+02 2.26646875e+03 5.58386780e+02 5.32450104e+01
 5.02526123e+02 2.50179245e+02 6.47492599e+00 6.94937134e+01
 6.72653198e+01 3.74070091e+01 8.21518707e+01 9.67578613e+02
 2.58564026e+02 2.49493580e+01 1.05898361e+02 9.68221664e-01
 4.21819401e+00 1.54205115e+03 6.70807114e+01 3.53233838e+03
 3.40790955e+02 5.86156128e+02 7.23292923e+01 2.41715607e+02
 7.42230225e+02 1.29127228e+02 3.81763039e+01 5.83122253e+02
 2.21225439e+03 8.46187210e+00 4.32981812e+02 4.64776192e+01
 4.43901157e+00 1.34991394e+02 8.80118866e+01 2.26781967e+02
 1.20896893e+01 1.29185581e+00 9.68502350e+01 1.99363525e+02
 4.83562851e+01 3.49372578e+00 2.21425034e+02 3.47216248e+02
 2.53577606e+02 2.75723457e+01 1.63568115e+03 2.91879535e+00
 1.65244675e+01 1.42481403e+01 2.73343292e+02 4.33325233e+01
 1.29968677e+03 6.56798601e+00 2.42263012e+01 1.79729950e+02
 2.61018036e+02 1.71160545e+01 2.30471973e+03 4.14824951e+03
 2.27278397e+02 9.00860229e+02 9.18461304e+01 2.26485710e+01
 5.11231003e+01 2.17807037e+02 1.82359390e+02 3.03001442e+01
 1.83089638e+01 8.33909760e+01 1.96490707e+02 8.01036072e+00
 4.46431446e+00 8.55164612e+02 2.30321701e+02 4.88117645e+02
 2.68299031e+00 1.31011114e+01 3.46866035e+01 2.81564636e+01
 3.76812073e+02 8.98890152e+01 3.22019529e+00 3.38533105e+03
 2.79796839e+00 4.71243835e+02 1.75233325e+03 2.61933740e+03
 9.64436188e+01 3.18820572e+00 3.56230855e+00 3.79628143e+02
 2.15512726e+02 1.13927930e+04 8.53493042e+02 5.60966370e+02
 7.75979736e+02 5.95615654e+01 1.73690277e+02 9.57749268e+02
 8.35525574e+02 2.12151985e+01 3.98591919e+02 1.53326454e+01
 1.98155212e+01 6.32952194e+01 3.04622284e+02 2.11500702e+02
 2.86090027e+02 1.00733612e+02 4.50604401e+02 2.08612175e+01
 1.88160492e+02 5.03150635e+01 3.15969162e+01 3.90151758e+03
 2.93792627e+03 2.25455948e+02 2.74507263e+02 3.42318344e+00
 2.85008602e+01 5.49893379e+00 9.19158459e+00 3.06672778e+03
 2.15787842e+03 2.06010723e+01 6.67420959e+01 5.63894897e+02
 4.23054199e+01 6.73093750e+02 5.26708008e+02 1.58410730e+01
 7.57987061e+01 1.75381012e+01 6.24758148e+00 7.49226665e+00
 5.64494514e+01 1.68927300e+00 2.69052399e+02 3.21480255e+01
 1.06213940e+03 1.02898315e+03 1.40523119e+01 2.20533951e+02
 3.35996094e+01 1.25486822e+01 2.04364434e+04 1.78933036e+00
 1.38342743e+02 1.36253101e+03 9.47135448e+00 1.02308540e+02
 2.39078636e+01 7.46583557e+01 5.24295776e+02 8.34181641e+02
 9.43659019e+00 1.05582178e+03 4.21197388e+02 6.47110779e+02
 2.98249912e+01 4.13292122e+01 2.48766041e+01 4.71211472e+01
 1.54985046e+02 5.70508728e+02 1.33359634e+02 1.00485096e+01
 7.78091278e+01 8.84736328e+02 5.71600037e+01 1.05484705e+01
 1.82505890e+02 2.05092627e+03 7.74687433e+00 6.47225464e+02
 2.54741913e+02 1.16778765e+01 7.24535584e-01 1.97420337e+03
 1.97510010e+02 1.19322791e+03 2.67835724e+02 3.03726807e+02
 1.25335938e+03 9.05835266e+02 2.93392563e+01 3.22486572e+01
 5.77051208e+02 3.87439041e+01 2.04120331e+01 4.94264679e+01
 1.07145660e+02 1.76026596e+02 3.20270882e+01 1.73035559e+03
 8.02179432e+00 3.52268076e+00 7.46529922e+01 2.37577820e+01
 1.75974770e+01 9.66667847e+02 6.41112900e+01 1.32413986e+02
 1.12233345e+02 1.43918371e+01 4.21774521e+01 6.82831641e+03
 5.25140967e+03 1.51184448e+02 6.15901184e+01 2.84930786e+02
 3.04778328e+01 1.17997003e+00 5.49860107e+03 9.83731689e+02
 1.40541754e+01 3.77690811e+01 5.07708397e+01 3.34742775e+01
 2.37226315e+01 5.99507568e+02 7.97584229e+01 2.46247787e+01
 2.38009911e+01 3.11234608e+01 1.35239238e+04 1.52803984e+01
 1.28920563e+02 3.79385162e+02 1.32301050e+03 1.32177100e+03
 5.63703871e+00 1.31220512e+01 1.97806702e+01 1.35011429e+02
 5.63161392e+01 4.21754944e+02 1.43531693e+02 5.19536972e-01
 1.19283266e+01 1.65092981e+00 3.47513771e+01 7.48696709e+00
 5.05885086e+01 2.41251801e+02 4.73229034e+02 7.79476318e+01],660.3141,[1.41946335e+01 4.61426048e+01 2.76016846e+02 1.48844337e+01
 3.76967669e+00 3.83342445e-01 1.62956512e+02 5.77613403e+02
 1.73999420e+02 6.28241895e+03 1.35389783e+03 4.63929634e+01
 4.86344421e+02 8.50933075e+01 3.27410650e+00 8.94193268e+00
 1.77510872e+01 7.00972319e+00 9.47219772e+01 5.23408875e+02
 6.44111557e+01 8.23305702e+00 9.44366531e+01 1.94907665e+00
 2.55113053e+00 2.18266895e+03 1.22524529e+02 4.24191895e+03
 5.31764603e+01 1.20719189e+03 2.50416527e+01 2.68353058e+02
 1.93089844e+02 3.98865387e+02 3.83805428e+01 3.31888885e+02
 1.86315292e+02 6.23676682e+01 1.85539124e+03 1.15453842e+02
 3.92348623e+00 3.84044533e+01 7.50157089e+01 2.77216644e+02
 1.19801025e+01 2.92427406e+01 1.21406502e+02 2.30800903e+02
 9.57535782e+01 8.09042454e+00 1.53915024e+02 9.18655545e-02
 3.17031555e+02 3.28436241e+01 1.24671167e+03 5.42064095e+00
 1.56642675e+01 1.25222187e+01 3.07212772e+01 2.82636383e+02
 8.61775696e+02 9.90463638e+00 2.81650505e+01 3.90143509e+01
 3.74989624e+02 9.17234778e-01 2.16669327e+02 1.72325757e+03
 5.76106758e+01 9.18903931e+02 1.44670601e+01 1.20408432e+02
 3.50609283e+02 8.33427277e+01 2.94722805e+01 1.14456085e+02
 1.21082859e+01 3.88338852e+01 3.09085480e+02 4.68274193e+01
 2.05470924e+01 6.44439270e+02 5.09113831e+02 2.61511230e+02
 1.05590534e+00 1.27496004e+01 2.35961075e+01 5.82652855e+01
 3.59891846e+02 1.40223980e+01 3.56321454e+00 1.99936996e+02
 1.39450321e+01 3.91941284e+02 1.45330429e+02 1.59366913e+01
 9.45785217e+01 9.75311756e-01 1.73024387e+01 1.33011108e+02
 1.49093674e+02 1.08145886e+03 3.96686829e+02 6.56302185e+01
 8.54714294e+02 9.57168961e+00 1.39324631e+02 2.03719873e+03
 1.62894690e+03 2.49019170e+00 4.17259888e+02 9.56382465e+00
 2.23767776e+01 1.34854212e+01 4.29335403e+01 3.82685425e+02
 2.59327606e+02 6.85874405e+01 1.79882996e+03 6.18252335e+01
 1.16411057e+02 1.94529572e+01 1.20868790e+02 9.27823029e+01
 2.06510284e+02 2.62426575e+02 1.02724548e+02 2.84498477e+00
 3.15406055e+01 4.84934282e+00 1.19019728e+01 5.83921265e+02
 1.42511987e+03 3.56955795e+01 3.39801178e+01 1.27122925e+02
 3.39313049e+01 9.44259155e+02 8.00990417e+02 6.06256866e+00
 1.36335869e+01 2.12623482e+01 2.76606178e+00 1.64515285e+01
 5.77557831e+01 4.56734324e+00 2.74495514e+02 2.05873642e+01
 1.14549597e+03 1.53837268e+03 1.08057587e+02 3.74295776e+02
 7.11342430e+00 6.13414955e+00 1.20278046e+02 1.63307035e+00
 1.79084442e+02 1.39791260e+03 2.78004384e+00 1.14554947e+02
 2.45627251e+01 3.35805626e+01 1.53152756e+02 6.79302002e+02
 9.53130531e+00 3.53208588e+02 1.06969714e+03 6.76936829e+02
 3.42041435e+01 4.61965828e+01 1.80992355e+01 7.09134827e+01
 1.08997622e+01 2.80353516e+03 5.33609505e+01 3.47916579e+00
 9.90125122e+01 7.90886154e+01 3.52598076e+01 8.12246323e+00
 2.17512222e+02 1.01188196e+03 1.91615257e+01 8.01351257e+02
 1.68645416e+02 5.92155914e+01 4.11276627e+00 9.77958191e+02
 2.69637512e+02 6.94785950e+02 5.47434759e+00 5.32710510e+02
 6.09383545e+02 1.86656055e+03 1.37500334e+00 1.50454208e-01
 9.69998901e+02 1.44035015e+01 5.49315109e+01 4.02280655e+01
 1.24537163e+01 2.77015137e+02 4.65307678e+02 5.64614014e+02
 5.94651175e+00 3.90209150e+00 1.86911545e+01 4.97514105e+00
 1.13892395e+02 1.43789566e+02 4.81597376e+00 5.88336220e+01
 4.43165344e+02 7.72893572e+00 1.92148514e+01 3.96632422e+03
 3.42587354e+03 1.90824875e+02 2.24745834e+02 6.59446526e+00
 1.59347229e+02 2.24845566e+02 3.77188037e+03 3.80743835e+02
 1.91329975e+01 1.07899643e+02 2.06191826e+01 2.21908836e+01
 4.55728245e+00 8.84734131e+02 4.33175659e+01 1.54947412e+00
 9.34204459e-01 3.32504845e+00 5.21728906e+03 9.61154938e+00
 9.37769470e+01 6.55434814e+02 2.38508496e+03 5.55730774e+02
 6.45205498e+00 7.06656837e+00 1.97846756e+01 2.22531647e+02
 4.16434174e+01 9.63943710e+01 2.24960907e+02 2.46475449e+01
 1.71101742e+01 1.20400503e-01 3.62497139e+01 2.57932234e+00
 5.59526367e+01 5.93276825e+01 2.29947949e+03 2.08404434e+02],-103.1986,-179.07791,-353.36487,2.7140229,18.700943,0.99740547,0.9597641,0.014915956754684448,14099.66672539711,0.5,0.5,-0.016098577078056432,0.00266935905431202,-0.015962577858579116,0.0025139271233155652,-0.1831211930832572,37.59999999999999,0.0,900000.0,-1.0,-787.0,750.0,10.850305080413818,900000
102.421616,0.029517232,0.028866738,0.00048679716,-102.10343,102.10343,[1.23947416e-03 2.90971366e-04 2.55312817e-03 5.14236510e-01
 2.48657772e-03 3.71587323e-03 3.61067359e-05 1.51661516e-04
 4.37901355e-03 2.93229194e-03 5.02611138e-03 1.56449224e-03
 2.39776494e-03 1.54631608e-03 2.13776773e-04 8.40417854e-03
 7.78502412e-03 3.78898252e-03 1.91038521e-03 5.90870190e+00
 2.91395187e-03 2.02648286e-02 3.85529944e-04 4.87586949e-04
 7.35785929e-04 2.28169886e-03 6.08046539e-04 6.03402406e-03
 9.82097435e+00 3.37988604e-04 1.94379920e-03 7.64872530e-04
 1.11785285e-01 8.97395611e-03 4.13608795e-04 1.35732465e-04
 3.06336768e-03 1.32395793e-03 9.28885536e-04 3.05160298e-03
 2.55723667e+00 9.07081296e-04 1.66457240e-03 1.09482259e-02
 8.28586170e-04 3.79437418e-03 2.29629315e-03 1.33225292e-01
 4.34451271e-04 4.29959036e-05 1.11313746e-03 3.56730050e-03
 5.22476621e-04 1.25827333e-02 8.66539590e-03 4.55114357e-02
 8.12210515e-03 1.21490308e-03 1.29940896e-03 2.85207108e-03
 1.50399096e-03 4.33884189e-03 8.65619688e-04 2.19798181e-04
 9.03697801e-04 1.39744282e+00 6.41961303e-03 7.20262248e-03
 1.54125155e-04 9.41388384e-02 2.63564114e-04 1.99525966e-03
 4.67635095e-02 1.09093601e-03 7.78058602e-04 8.43025930e-03
 6.50550518e-03 3.64938751e-05 5.44667826e-04 5.02521452e-03
 1.44649204e-03 4.03420068e-03 1.12533681e-02 1.03764981e-03
 4.63931938e-04 2.35830853e-03 3.50161851e-03 1.67611660e-03
 4.39114049e-02 1.72860920e-04 8.52002413e-04 1.19447820e-02
 4.09608358e-04 1.47410505e-03 6.41207502e-04 3.49467853e-04
 1.00855790e-01 3.93495988e-03 5.95543534e-04 7.15764472e-05
 4.39201528e-03 2.91752652e-03 7.60668982e-03 8.94268334e-04
 7.72151537e-03 2.20533758e-02 3.08266026e-03 3.31108458e-06
 1.76662870e-04 5.41172223e-04 3.53053864e-03 4.38263034e-03
 2.68748730e-01 2.29051802e-05 1.26164872e-04 1.66268554e-03
 1.95889326e-04 2.66333623e-03 1.56215765e-03 9.57110897e-05
 1.63641293e-03 2.15390057e-04 3.86525923e-03 1.51317008e-03
 4.13730182e-03 1.78402420e-02 4.92603809e-04 9.73159447e-04
 4.76012053e-03 2.56509753e-03 1.06391730e-03 6.53608819e-04
 6.71601482e-03 1.80709101e-02 2.26140069e-03 3.71538009e-03
 8.06157012e-03 5.23732801e-04 9.11010429e-03 7.34944409e-03
 2.53209751e-03 3.90043715e-04 4.79372963e-03 3.78704816e-03
 1.13305915e-03 2.46886909e-03 3.34653305e-05 4.25304584e-02
 4.64686239e-03 1.47025334e-03 8.59238580e-03 8.56950581e-01
 7.48627004e-04 9.12518823e-04 4.46172664e-04 1.27518084e-03
 1.55653246e-03 4.05658968e-04 3.43080282e+00 2.64109718e-03
 6.02908373e-01 4.17430047e-03 1.81961954e-02 1.84062362e+00
 2.03957316e-02 4.72730352e-03 1.81961153e-03 1.83389592e-03
 2.03409721e-03 9.57470678e-04 3.15780123e-03 2.68648267e-01
 2.56533831e-01 6.11759461e-02 7.19121238e-03 2.89652788e-04
 1.48411118e-03 1.54245831e-03 4.38837148e-03 5.78326434e-02
 3.50674824e-03 6.26445864e-04 1.77707875e+00 1.16462009e-02
 9.91937937e-04 2.04301521e-01 8.98936857e-03 2.55029742e-03
 1.78914696e-01 1.71672564e-03 1.41550805e-02 1.03864819e-03
 3.28175910e-03 3.44673634e+00 8.91710923e-04 4.94685490e-03
 3.98920674e-04 2.74062762e-03 1.17996616e+01 8.53391923e-03
 6.27757981e-04 1.27392565e-03 2.47351476e-04 1.00648287e-03
 2.93999654e-03 1.08751713e-03 1.06931641e-03 1.76568190e-03
 9.93174617e-04 1.50338211e-03 9.22444928e-03 7.11777830e-05
 5.90554252e-03 4.35201277e-04 1.56906201e-03 4.07767075e-04
 1.10675790e-03 1.91764440e-03 1.72496471e-03 5.75106218e-03
 1.42294611e-03 4.59459829e+00 3.75178468e-04 2.14326428e-03
 4.57297137e-04 2.62658508e-03 1.36329606e-03 3.51294002e-04
 3.75070930e-01 4.92846966e-03 5.69052016e-03 2.87991134e-04
 1.28155272e-03 4.02118661e-04 5.14672138e-06 6.42324158e-04
 1.09639624e-03 7.29016610e-04 1.22731477e-01 1.33973570e-03
 2.72497814e-03 4.43438068e-04 1.20006995e-02 3.12085846e-03
 3.43093574e-01 2.59987568e-03 4.93276457e-04 3.56253819e-03
 1.36087425e-02 1.79377676e-04 7.97303859e-04 5.35043073e-05
 9.71060537e-04 1.74142478e-04 6.91714231e-04 4.00738150e-04],0.19555323,[1.67919067e-03 1.50418712e-03 2.19155662e-03 4.80979756e-02
 2.98327440e-03 6.51022652e-04 1.07255066e-04 1.73318316e-04
 4.24503873e-04 1.32562418e-04 7.91080203e-03 5.57668973e-05
 3.89899476e-03 1.86548429e-03 4.10589681e-04 1.20845018e-02
 1.15810623e-02 4.08862904e-03 2.44894484e-03 7.21766567e+00
 6.68663764e-04 2.83983648e-02 3.63407249e-04 2.00858922e-04
 1.44399819e-04 2.68294301e-04 1.32450019e-03 2.80389795e-04
 1.19074130e+00 7.71270134e-05 1.00043253e-03 6.00756728e-04
 8.89922082e-02 2.42997706e-03 1.03620114e-04 3.12191434e-04
 5.24462946e-03 2.70419288e-04 3.34054697e-04 8.30211909e-04
 1.66055131e+00 4.33755340e-04 1.72313605e-03 2.30837613e-02
 1.12779217e-03 5.04009426e-03 1.21896295e-03 1.39812052e-01
 3.85953952e-03 7.14072958e-05 1.72534049e-03 1.84071064e-03
 3.92936775e-03 1.64092779e-02 3.74673866e-03 3.18171009e-02
 6.61198166e-04 8.98112776e-05 3.37823341e-03 1.02498860e-03
 2.09469651e-03 8.10065423e-04 9.27276909e-03 3.23391170e-04
 5.99488907e-04 2.56654888e-01 1.96657702e-03 2.42065778e-03
 2.94640951e-04 6.21760301e-02 6.85568200e-04 2.93861353e-03
 4.75538000e-02 1.10697933e-04 1.81092182e-04 1.51876658e-02
 4.84559510e-04 1.05074723e-04 2.47196527e-04 9.81685240e-04
 2.51310179e-04 5.33296214e-03 4.83479118e-03 9.74907132e-04
 2.08203262e-03 2.88069714e-03 1.46231684e-03 1.66039937e-03
 2.62303594e-02 1.31827558e-03 3.28973401e-05 4.78456682e-03
 3.60240811e-04 5.98235289e-04 3.50300688e-04 1.88277219e-04
 6.69915378e-02 3.69673455e-03 1.50628621e-04 3.04107205e-04
 5.29256649e-04 4.62030293e-05 5.77241275e-03 4.20493830e-04
 6.17847219e-03 5.81931602e-03 8.53587990e-04 1.80502655e-04
 6.06960733e-04 5.13846101e-03 5.93686069e-04 3.20809544e-03
 1.90752178e-01 2.18459056e-04 8.01777758e-04 8.71357042e-04
 4.35517693e-04 2.86771730e-03 1.04433368e-03 1.31980632e-04
 1.16060278e-03 8.81259155e-04 2.42623151e-04 1.33254391e-03
 1.14609953e-03 8.56523030e-03 4.82330855e-04 6.60515507e-05
 3.01075447e-03 1.96118956e-03 2.69574695e-04 9.87736625e-04
 4.72907349e-03 1.28807742e-02 6.59215788e-04 2.00531748e-03
 2.13957508e-04 3.46883782e-04 3.16525996e-03 1.71622466e-02
 6.20559510e-03 2.07772304e-04 6.53270632e-03 3.33770236e-04
 8.65239650e-04 1.60283153e-03 5.74624282e-05 1.04235366e-01
 2.90724426e-03 1.67015102e-02 7.62025174e-03 1.04745388e-01
 1.36915653e-04 1.36578502e-03 1.20544946e-03 5.02758194e-04
 1.18017499e-03 2.79107189e-04 3.48946661e-01 5.23004506e-04
 4.22427833e-01 3.15805525e-03 1.51044438e-02 3.39062095e-01
 1.51405456e-02 2.75145588e-03 2.38195364e-03 8.50800425e-05
 7.59538088e-04 1.34004001e-03 2.94207712e-04 1.32922947e+00
 1.34623408e-01 5.07842414e-02 5.21214819e-03 4.46644844e-04
 2.84550304e-04 4.99058515e-05 4.43133432e-03 9.67611298e-02
 1.12223090e-04 1.69038866e-03 2.11180711e+00 4.08944488e-03
 6.61746133e-04 3.95402253e-01 3.04827397e-03 5.11362741e-04
 1.26861438e-01 2.61404843e-04 1.66686997e-02 4.48719424e-04
 2.98627699e-03 2.28165841e+00 1.14240334e-03 5.94999082e-03
 3.65256623e-04 4.04468179e-03 4.45551682e+00 8.73798784e-03
 8.11862992e-05 2.86437967e-03 5.76822204e-04 1.16203818e-03
 4.70351940e-03 1.43387588e-04 6.45122025e-04 1.21928100e-03
 2.54975725e-03 1.43088982e-05 2.14868970e-02 4.07739170e-03
 6.80192094e-03 1.03314919e-03 1.49805658e-03 4.27750230e-04
 8.70645337e-04 1.07851112e-04 1.45377265e-03 7.08248513e-03
 4.60344192e-04 2.46034011e-01 6.79165125e-04 1.83137227e-03
 2.87960935e-03 2.69320793e-03 2.31685175e-04 4.24153695e-04
 2.73522663e+00 5.95037267e-03 1.54203027e-02 1.89821294e-04
 2.43010989e-04 7.37051596e-05 7.81958224e-05 5.94249577e-04
 7.97056884e-04 5.29025681e-04 2.89280526e-02 2.49450211e-04
 5.75733429e-04 2.09189253e-04 1.05878357e-02 7.76310042e-02
 3.23665261e-01 5.04098425e-04 1.06257503e-04 1.29678519e-04
 1.27821593e-02 4.62447118e-04 6.45994442e-06 1.01897167e-05
 5.05268225e-04 1.86624588e-04 3.96908494e-04 2.69914162e-03],-97.1396,-105.73392,-250.76604,1.0375216,1.6378195,0.91205496,0.9279149,3.795989,-4.075905,31.900108,188.2828,3.29611,0.54581016,0.492959,-179.5286,179.5286,[1.11878120e+02 2.53182098e+02 7.32057381e+00 7.52508879e-01
 1.34095592e+01 1.07136688e+02 2.26962128e+01 7.58714142e+01
 5.17408447e+02 1.79411316e+02 1.12221581e+02 3.09315259e+03
 2.09362717e+02 2.17974782e+00 7.19166382e+02 1.16688148e+02
 1.71610851e+01 5.68984604e+01 1.76080917e+02 5.15605240e+01
 4.12433044e+02 2.51558352e+00 1.68298359e+01 1.31639462e+01
 2.01250610e+01 2.19556580e+02 4.19229088e+01 7.69043732e+00
 3.25898056e+01 4.05115479e+02 8.33376236e+01 8.75794067e+02
 6.93911123e+00 1.76708055e+00 1.14909248e+01 1.21042679e+02
 1.13535242e+03 1.03176851e+01 9.92186829e+02 2.10929766e+04
 2.15265770e+01 3.05140076e+01 2.36584229e+03 2.90341187e+01
 4.56956291e+00 2.55185890e+01 4.41703467e+03 7.28446228e+02
 7.03483215e+02 9.33887573e+02 7.91327515e+01 2.40759201e+01
 6.72004414e+00 1.94047050e+01 3.62539307e+02 6.03010986e+02
 4.23179932e+01 4.26421127e+01 4.39523621e+02 4.86832466e+01
 7.73221802e+02 9.41043472e+01 3.39996973e+03 8.95528564e+01
 1.29339600e+01 6.95128326e+01 2.97678680e+02 2.28039404e+03
 3.28356400e+01 2.58117920e+02 5.72009521e+02 9.85798645e+02
 1.11470810e+02 4.56430969e+01 9.17962494e+01 3.67269349e+00
 3.07063110e+02 1.30822649e+01 1.54298950e+03 5.76881790e+00
 1.17199023e+03 6.47170563e+01 1.61410339e+02 5.93292285e+03
 1.55822159e+02 3.52302338e+02 2.14488697e+01 3.02486641e+04
 3.99805117e+00 5.28331909e+02 2.15996857e+01 3.64822021e+02
 4.07636337e+01 1.86694698e+01 2.55920658e+01 8.64360254e+03
 1.50314697e+02 8.49762154e+00 7.00793076e+01 4.53437714e+02
 2.87090918e+03 2.57735199e+02 6.44384613e+01 4.17750206e+01
 4.87088871e+00 5.24896088e+01 1.59589355e+02 1.21820053e+02
 1.17538399e+02 2.45814586e+00 4.59462881e+00 6.66728699e+02
 8.19122238e+01 7.64224396e+01 5.35381152e+03 8.92216015e+00
 1.11208572e+02 3.73000366e+03 1.38235779e+02 9.11842957e+01
 1.04200012e+02 9.62724507e-01 3.75925586e+03 1.21932800e+02
 1.43199883e+01 3.83184448e+02 2.77415747e+03 2.50652838e+00
 2.88674831e+00 2.74163544e+02 5.53043091e+02 5.04798291e+03
 6.74385986e+01 4.10234756e+01 4.92825165e+01 5.28488045e+01
 3.93836212e+01 1.05715637e+02 8.05913544e+00 8.85030746e+00
 2.46959375e+03 2.10338669e+02 5.79792595e+00 2.88610870e+02
 7.75975466e+00 4.48823334e+02 4.98495140e+01 1.79184784e+02
 9.14458847e+01 1.86227989e+01 2.01508999e+00 4.62299660e-02
 5.27603626e+00 5.75269318e+00 6.04738903e+00 6.44755096e+01
 4.74779083e+02 2.32047901e+01 1.57380569e+00 6.30444431e+00
 5.27934204e+02 1.62536469e+02 8.04966450e+00 1.70571793e+02
 5.08379211e+01 1.81259766e+03 4.49390820e+03 1.35431919e+01
 1.33101873e+01 6.40876770e+00 1.09583740e+01 4.74694641e+02
 9.94883001e-01 1.18842430e+01 1.88828760e+03 9.65521606e+02
 4.88549576e+01 6.35230160e+00 6.75796449e-01 1.53825211e+02
 2.89313202e+02 5.05338715e+02 1.88252625e+02 2.90574627e+01
 6.85582962e+01 2.65643654e+01 3.39074432e+02 1.04997412e+03
 4.99490601e+02 7.92837097e+02 8.60775146e+01 7.59432983e+01
 2.29645190e+03 6.29062414e+00 3.08718014e+01 1.26342514e+02
 1.10917145e+02 7.30362511e+00 6.02127881e+03 1.00072302e+03
 2.94323521e+01 2.35622345e+02 1.44272974e+03 2.99735986e+03
 1.84395911e+03 3.46071594e+02 4.22906168e-02 3.18112518e+02
 2.07458223e+04 1.95764313e+02 1.42915497e+01 3.24806747e+01
 5.62708740e+01 1.44265427e+02 5.75081673e+01 9.70084667e+00
 5.47135353e-01 3.52241325e+01 2.41298569e+02 3.34121561e+00
 2.34319801e+01 4.38495712e+01 7.98226166e+01 7.58372040e+01
 1.27671887e+03 9.84565735e+00 1.97499634e+02 9.42236900e+00
 7.51161337e+00 1.45449854e+03 2.17219448e+00 4.44006836e+02
 3.79278030e+01 3.38118668e+01 7.11772339e+02 5.77980194e+01
 2.18357983e+03 4.13986444e-01 5.58877563e+01 5.50449402e+02
 6.46997986e+02 9.14450073e+00 2.87553528e+02 2.06676544e+02
 1.90759754e+01 4.54664001e+01 3.98267700e+02 6.40597076e+01
 1.84320044e+03 7.52013232e+03 3.27393890e+02 3.51225853e+01
 3.16842575e+01 2.08417627e+03 6.03486137e+01 4.25373383e+01],949.8871,[1.25686806e+02 2.04437546e+02 3.04370956e+01 1.95134602e+01
 2.82672253e+01 4.22984428e+01 1.98698166e+02 1.90362644e+01
 6.22952026e+02 3.51662254e+00 9.58181534e+01 6.57700012e+02
 3.57061340e+02 3.31618190e-02 1.21559324e+01 4.51163147e+02
 1.03543472e+00 3.40272278e+02 2.01148911e+02 6.91979065e+01
 4.04582062e+01 3.75801659e+00 1.82168751e+01 1.11841034e+02
 4.57185402e+01 1.18786731e+03 1.26700172e+01 3.73600540e+01
 4.61625195e+00 2.43971420e+02 1.14457886e+02 5.15215881e+02
 1.29593134e+01 1.35339899e+01 2.85455494e+01 1.93197754e+02
 1.47477692e+02 1.92354984e+01 2.53370703e+03 2.99958766e-01
 8.92763596e+01 3.48502421e+00 1.28699329e+03 3.53593025e+01
 4.89599323e+00 8.21474457e+00 3.99187354e+03 6.61472839e+02
 6.53994385e+02 1.90068298e+02 2.91602417e+02 3.29774666e+01
 1.47689753e+01 1.84427414e+01 7.78515625e+02 9.05345917e+01
 2.02509403e+00 4.93766785e+01 3.82535583e+02 6.56143341e+01
 4.92210449e+02 3.58786865e+02 8.39262756e+02 1.25306213e+02
 4.39591825e-01 8.81170044e+01 1.52289457e+01 4.38400781e+03
 5.02807617e+01 3.57101257e+02 2.10189606e+02 1.13820581e+03
 6.10141754e+01 1.61671875e+02 7.75059586e+01 4.18198061e+00
 1.88048706e+02 5.26931143e+00 3.13842212e+03 1.23545895e+01
 1.38958862e+03 1.36953506e+02 1.67465973e+02 3.56093604e+03
 1.69033127e+02 6.83213348e+01 7.19580765e+01 1.71406738e+04
 1.72803154e+01 2.94406219e+02 1.85947752e+00 9.80255203e+01
 3.89590187e+01 1.56045380e+01 4.36778603e+01 6.52086670e+03
 3.03054779e+02 6.05039072e+00 1.62102261e+01 7.11246567e+01
 4.43035986e+03 2.64336109e+01 1.63451630e+02 7.09495640e+00
 4.39862680e+00 5.93656845e+01 7.95960312e+01 7.65145187e+01
 1.43297272e+02 3.15154338e+00 2.97816873e-01 1.07989990e+02
 4.52146187e+01 8.20296783e+01 2.49106104e+03 1.63111248e+01
 2.06592758e+02 1.07479271e+02 1.34068848e+02 4.38060608e+02
 2.18017685e+02 1.04109836e+00 3.03641846e+03 2.28077789e+02
 2.57184238e+01 1.32986145e+01 4.44130957e+03 1.04690170e+02
 3.13317120e-01 2.91256073e+02 3.20450012e+02 5.02015625e+03
 1.57922272e+02 9.09885883e-01 9.85678864e+01 6.61917267e+01
 4.43848038e+01 3.02804016e+02 1.00381432e+01 7.00618134e+01
 3.30219873e+03 6.71488953e+01 2.00025578e+01 6.54935425e+02
 4.74865837e+01 1.19630188e+02 2.48739872e+01 9.37666016e+01
 4.02610931e+01 1.51441650e+01 1.62089562e+00 4.74857903e+00
 1.23962841e+01 8.85192108e+01 1.93483673e+02 1.87804260e+02
 6.96314941e+02 2.10267963e+01 2.04096184e+01 8.67458725e+00
 4.19611847e+02 2.04835602e+02 2.38852940e+01 1.20999962e+02
 3.98839340e+01 1.38759613e+02 2.75440625e+03 2.58334446e+00
 2.06395650e+00 1.43449092e+00 6.27582121e+00 1.52087631e+02
 7.77989960e+00 4.91679955e+00 7.33214905e+02 1.15153875e+01
 4.28837662e+01 2.26941514e+00 5.41899204e+00 5.99110413e+01
 2.08777679e+02 1.47476074e+03 1.41173782e+02 2.05972042e+01
 7.73570251e+01 2.32312679e+01 1.45392444e+03 6.00199829e+02
 3.32730774e+02 5.19615234e+02 4.00614281e+01 2.83087860e+02
 3.74780029e+03 2.78822970e+00 3.15491486e+01 1.06730698e+02
 1.32548721e+02 1.36925449e+01 1.02099164e+03 8.42769348e+02
 6.90573335e-01 5.35108910e+01 7.43848083e+02 2.09023047e+03
 1.92564771e+03 3.03117401e+02 1.07050905e+01 1.33954172e+01
 2.07620820e+04 1.23854881e+02 1.13025820e+00 4.54880981e+01
 2.35656242e+01 6.65089188e+01 4.62170029e+01 1.46666346e+01
 6.94546652e+00 6.14901848e+01 4.20901299e+01 5.75069860e-02
 4.54729805e+01 1.49206787e+02 6.81050873e+01 8.79615402e+01
 1.09256909e+03 5.79840012e+01 9.36730003e+00 1.62138805e+01
 3.88887072e+00 4.54143097e+02 2.96122938e-01 5.16725616e+01
 1.49544266e+02 3.16012745e+01 7.17250549e+02 7.12621880e+00
 1.17991052e+03 3.06266397e-01 4.17999420e+01 1.26701767e+02
 5.64225098e+02 8.76952820e+01 3.08607971e+02 6.68591553e+02
 2.90769104e+02 5.51424141e+01 1.18036523e+03 1.42035553e+02
 9.69719849e+02 5.93631934e+03 3.30138672e+03 1.47386646e+01
 3.60818481e+01 1.05617957e+03 7.47557373e+01 8.11422729e+01],-103.22833,-189.15579,-362.10974,2.6469502,30.194454,0.8939972,0.9590795,0.016050072135925294,14500.918561458588,0.5,0.5,0.030862402479202942,0.003269911200075044,0.030980110369689947,0.0020305539541815433,0.057483939003051106,37.59999999999999,0.0,924750.0,-1.0,-759.0,750.0,10.438947439193726,925000
102.971245,0.021105638,0.030339349,0.0006609312,-102.64674,102.64674,[3.01713892e-03 5.35913929e-03 8.30681063e-03 2.61082221e-03
 4.80697025e-03 1.66211510e-03 9.19788145e-03 5.68442838e-03
 2.92237801e-03 1.09982025e-03 1.55303506e-02 6.83387567e-04
 6.32318035e-02 8.90186813e-04 8.62635300e-03 2.48348946e-03
 5.20118338e-04 1.03214302e+01 3.94531572e-03 5.17509691e-03
 2.61668582e-03 7.61109218e-03 9.05389723e-04 8.05309566e-04
 5.92369726e-03 5.98553568e-03 2.49076379e-03 4.40179021e-04
 7.16427807e-03 6.83236169e-03 2.04551173e-03 3.48200761e-02
 3.61823360e-03 2.86987275e-01 1.63276633e-03 1.93935283e-03
 1.28228148e-03 6.63403538e-04 4.91804734e-04 1.49596408e-02
 9.00898315e-03 3.67721380e-03 3.74795571e-02 1.33461028e-01
 1.13190676e-04 8.30796198e-05 2.13923689e-04 5.39768953e-04
 3.77895893e-04 3.04313493e-04 4.60481329e-04 2.37594917e-02
 4.12836962e-04 1.34653330e-03 1.88198593e-03 2.01769853e+00
 7.06890714e-05 2.29407218e-03 2.24689161e-03 2.50561396e-04
 2.45025405e-03 7.27018900e-03 3.01751401e-02 6.38914108e-01
 1.94685720e-03 3.11815669e-03 1.77226076e-03 5.73109556e-03
 4.88862861e-03 3.67675768e-03 2.53371848e-03 1.45286303e-02
 1.25474453e+00 8.12333822e-03 3.91323410e-04 2.55122758e-03
 9.52745508e-03 3.28522455e-03 3.32741719e-03 2.55655381e-03
 1.98315503e-03 1.80596486e-02 4.95111756e-03 1.12069119e-03
 1.04598962e-02 5.43353930e-02 3.56148230e-04 4.22371225e-03
 2.91557051e-04 1.47154834e-03 2.24570138e-03 8.64260830e-03
 2.94880534e-04 6.57723052e-03 4.66383575e-03 3.80676985e-02
 2.03307020e-03 2.35350104e-04 1.73283415e-03 7.29531981e-03
 1.18071272e-03 4.40548779e-03 2.10358063e-03 2.66269967e-03
 4.22165203e+00 1.47491158e-03 3.14542465e-03 3.64616979e-03
 7.68302125e-05 2.91644875e-03 3.43242125e-03 4.63715405e-04
 2.93669803e-03 4.02063364e-04 5.88156609e-03 4.97766491e-03
 9.72800795e-03 3.49009060e-03 3.69309960e-03 1.13815656e-02
 7.37757701e-03 4.71273111e-03 4.23377939e-03 7.09377974e-03
 4.83588967e-03 2.28602742e-03 5.14677959e-06 3.65401874e-03
 5.31919126e-04 2.44501829e+00 5.38348278e-04 5.67415077e-03
 2.39426270e-03 4.54957131e-03 5.88760537e-04 5.58298919e-03
 1.95671339e-03 2.44887103e-03 4.94406492e-01 1.04859297e-03
 9.02854372e-04 6.02467312e-03 2.11961218e-03 2.12935451e-03
 1.22345146e-02 1.16366870e-03 9.43201652e-04 1.87274488e-03
 8.58293772e-02 2.36406573e-03 5.72426245e-03 1.91478357e-02
 6.68465451e-04 2.39846995e-03 1.36531508e+00 9.09112208e-03
 1.57947000e-03 6.05066633e+00 1.45995570e-03 5.38954884e-03
 3.39073595e-03 5.26744733e-03 1.89659884e-03 3.93653288e-03
 1.44474674e-03 1.52988452e-03 1.75662097e-02 3.64248618e-03
 3.31481802e-03 4.67069913e-03 4.68765944e-03 1.53324734e-02
 1.97628001e-03 2.44642631e-03 1.22600188e-03 1.67064811e-03
 3.66526237e-03 2.68187933e-03 8.32594559e-03 1.46304499e-02
 9.24114510e-03 1.91821600e-03 8.68413784e-03 1.03978487e-03
 2.10631371e+00 1.44240307e-03 2.61803460e-03 2.95613916e-03
 3.64189269e-03 2.60209199e-03 1.91619713e-03 4.37961472e-03
 4.52780211e-03 2.38826964e-03 3.00898007e-03 2.16162088e-03
 4.03708732e-03 3.02281743e-03 5.39921410e-03 2.72160443e-03
 7.10284896e-03 3.15648224e-03 5.48374094e-03 2.51976983e-03
 3.88830411e-03 3.26205720e-03 6.17066212e-03 1.20128021e-02
 1.41418772e-02 3.76112596e-03 1.15218902e+00 5.05888136e-04
 6.75623422e-04 5.83420158e-04 2.93599092e-03 5.63174626e-03
 3.81500286e-04 1.32224546e-03 2.33288645e-03 2.98395078e-03
 1.85457198e-03 1.40833847e+02 6.20866718e-04 8.54343362e-03
 2.90975347e-03 3.09857726e-03 6.38716447e-04 1.06019713e-03
 1.20141194e-03 6.62697712e-03 1.44168059e-03 3.86048132e-03
 2.96471082e-03 1.09367375e-03 3.91024584e-03 2.05054581e-02
 1.13753532e-03 1.34475399e-02 1.63349742e-03 3.83738265e-03
 2.90785618e-02 1.67804910e-03 8.80295527e-04 3.80165002e-04
 1.18426571e-04 3.99181902e-01 1.14704418e+00 6.64190506e-04
 2.80202855e-03 5.51911630e-03 1.78843212e+00 2.64504505e-03
 1.59367360e-03 4.22801729e-03 2.74111517e-03 2.21804110e-03],0.9248701,[2.0192019e-03 1.4912123e-03 2.6380308e-03 2.4490526e-03 4.3731970e-03
 1.6052290e-03 5.3710020e-03 2.7432689e-04 3.0527660e-03 8.6971215e-04
 1.2509703e-03 6.1902842e-03 6.4430207e-02 5.5016624e-04 3.3310624e-03
 4.0885438e-03 4.4186399e-03 1.1593899e+00 1.5525012e-03 4.9643246e-03
 2.4740272e-03 8.6864755e-03 6.2345061e-05 3.3418654e-04 4.9604569e-03
 5.2899197e-03 8.8291155e-04 1.2142756e-03 2.5112634e-03 4.7550187e-03
 4.0636939e-04 3.4346636e-03 3.0704068e-03 5.8857299e-02 4.8488029e-05
 3.2156738e-03 4.1364143e-03 1.7164545e-03 4.2983476e-04 1.5901119e-02
 1.1220315e-02 3.0357738e-03 8.5550165e-03 1.0727462e-01 5.9983839e-04
 3.3205010e-03 1.2978413e-03 1.1845382e-03 5.0162087e-04 1.6899593e-03
 1.7708186e-03 1.5386137e-02 7.2316029e-03 1.1473582e-03 5.1572622e-04
 1.9150347e+00 2.3450848e-04 1.2358304e-03 2.0646648e-03 5.1135500e-04
 4.0358217e-03 7.5306646e-03 2.5180265e-02 6.5424573e-01 2.3183250e-03
 2.8122086e-03 1.7915904e-03 3.9255773e-03 3.9594485e-03 1.5002324e-02
 2.3894599e-03 1.1228348e-02 9.0844110e-03 4.8834202e-04 2.2025399e-03
 3.9846186e-02 6.3115312e-03 3.0705640e-03 3.0831110e-03 1.8374927e-03
 8.7623630e-04 1.2319389e-02 4.0741782e-03 1.0607021e-03 1.9855606e-03
 4.3281835e-02 2.0751730e-04 2.7535541e-03 9.2118105e-04 4.7221576e-04
 2.7508046e-03 5.6269683e-04 1.2067035e-03 6.3187634e-03 3.3271920e-03
 8.8209165e-03 1.4053187e-03 1.2445147e-03 1.7589990e-03 2.7474237e-03
 1.2369889e-03 3.4243860e-03 2.0825728e-03 1.8024137e-03 4.6386606e-01
 2.1289489e-03 3.0848107e-03 3.5780668e-03 2.1493929e-03 2.3988297e-03
 2.7810975e-03 9.5109665e-04 2.9744955e-03 2.0032306e-04 3.9720228e-03
 2.2294484e-03 4.0458492e-03 2.5501971e-03 3.5634148e-03 1.3547603e-02
 7.6279538e-03 2.7082441e-03 2.1377180e-03 6.9257906e-03 5.2683341e-04
 2.5942195e-03 3.3078017e-05 3.4203215e-03 1.0097309e-03 6.5052071e+00
 3.2634113e-04 1.8589096e-03 2.6691137e-03 1.1490604e-03 7.6477369e-03
 1.2020099e-03 4.5800237e-03 2.9932853e-04 1.9433839e+00 1.3334942e-03
 6.9309224e-04 1.3259989e-03 2.2974273e-03 4.4684490e-04 3.0380040e-02
 1.1736244e-03 1.1689165e-03 1.6938229e-03 2.3055198e-03 1.3231188e-03
 6.3158409e-03 3.5359189e-02 1.6297009e-03 3.3922256e-03 2.9621148e-01
 3.0522784e-03 1.4560497e-03 2.9201479e+00 3.3578491e-03 2.7729082e-03
 2.0960916e-03 4.7150236e-03 1.7573080e-03 1.9440260e-03 3.2127984e-03
 3.7503447e-03 2.3453853e-03 4.0828460e-03 4.9409480e-03 2.8545982e-03
 1.5011395e-03 2.3103820e-02 1.0064030e-02 5.1501003e-04 1.0921259e-03
 3.0436931e-04 3.1832755e-03 2.3909757e-04 7.7323825e-03 1.9086287e-03
 1.4285353e-04 1.8128564e-03 1.7957378e-03 2.2890817e-03 1.3496000e+00
 1.7006183e-03 5.2148849e-03 5.5896165e-04 3.2523528e-03 4.7175196e-04
 3.2563959e-03 3.1507860e-03 3.1891617e-03 3.3860668e-03 2.8543484e-03
 2.2098832e-03 4.9071433e-03 1.8749842e-03 9.6102813e-03 2.3656588e-03
 1.8396040e-03 3.6304300e-03 1.7340705e-03 2.5023143e-03 2.8027077e-03
 2.7832445e-03 5.1697302e-03 3.2355967e-03 3.0876214e-03 7.3093368e-04
 1.6123800e-01 2.4817756e-03 6.5435917e-04 1.5464835e-03 3.1884746e-03
 4.2630052e-03 2.0621456e-03 1.9509550e-03 1.5607271e-03 3.2168378e-03
 1.8291634e-03 1.3058359e+02 1.3966453e-03 1.2715566e-03 3.0453098e-03
 1.8558882e-03 2.2449307e-03 3.0524121e-03 1.2405973e-03 1.6544901e-03
 1.0356868e-03 2.1379674e-04 2.7439175e-03 1.7309516e-03 3.5795297e-03
 1.3807511e-02 1.3367590e-03 2.9969295e-03 1.2257867e-03 5.5855075e-03
 3.8593452e-02 9.7460079e-04 7.2933186e-04 1.0083123e-03 6.3256995e-04
 1.8861391e-01 1.0314361e+00 2.4552719e-04 1.1066936e-03 5.7520443e-03
 3.4732938e+00 3.9099978e-04 1.4029779e-03 2.8334360e-03 1.1542898e-03
 1.9682609e-03],-97.17857,-105.933075,-345.94836,1.0564418,3.8848352,1.0032969,0.92836773,54.959892,-29.781988,143.51736,167.28375,2.778921,0.46052703,0.43852398,-159.89957,159.89957,[2.26262398e+01 2.54808884e+01 3.88876953e+01 1.97224213e+02
 1.55865942e+03 4.31242065e+01 8.86118164e+02 2.75893506e+03
 8.95541077e+02 1.50807438e+01 1.29811954e+01 6.98382492e+01
 8.31691589e+01 2.67991104e+01 1.99703140e+02 4.70764954e+02
 7.80785828e+01 1.51700119e+02 1.27814064e+01 3.91486466e-01
 2.54978897e+02 2.67345428e+01 1.55821716e+03 3.88256226e+01
 9.15193081e+00 4.75136658e+02 2.76034790e+03 3.04849854e+02
 4.64989685e+02 1.76085229e+03 9.85375881e+00 1.83110474e+02
 1.32807068e+02 8.61303162e+02 2.54210907e+02 8.65352345e+00
 7.53208069e+02 1.27523590e+02 2.06190777e+01 4.86665001e+01
 1.18472397e+02 1.04220673e+02 1.05892773e+03 8.87990057e-01
 5.64033432e+01 1.54091260e+03 4.41674978e-01 3.12300158e+00
 1.25111038e+02 6.98106384e+01 1.42137232e+01 6.70051270e+03
 3.79477072e+00 2.39537334e+01 2.20341016e+03 1.52234644e+03
 1.46889038e+02 1.35000793e+03 1.72929573e+01 2.22338821e+02
 8.80499878e+02 7.81821442e+00 1.43308319e+02 3.04853745e+01
 1.86630650e+01 7.82313538e+00 6.59218454e+00 1.15034094e+03
 1.08808889e+01 2.21060120e+02 4.01775894e+01 1.89947800e+02
 9.58287716e+00 7.79096146e+01 1.22027869e+03 2.25699410e-01
 2.87847829e+00 4.55304382e+02 3.13466113e+03 4.84544373e+01
 1.79946503e+02 3.39158508e+02 4.88549927e+02 4.23595642e+02
 3.78205070e+01 1.72687842e+03 2.08149586e+01 1.24234238e+02
 5.20630932e+00 2.16646606e+02 2.13703833e+03 7.72290897e+00
 5.08274307e+01 4.50820160e+01 1.29738197e+01 2.86641205e+02
 1.85753212e+01 5.21237450e+01 2.47957062e+02 6.00644897e+02
 1.08507629e+03 4.69144482e+03 3.16729298e+01 5.21282898e+02
 1.64970566e+02 4.52794876e+01 2.93433374e+03 1.11580400e+01
 3.78717383e+03 1.61011450e+03 2.86738644e+01 1.18837837e+02
 5.01830635e+01 4.02783012e+00 2.00155373e+01 7.70455599e+00
 1.17057831e+02 6.46932220e+01 8.41751404e+02 9.67791321e+02
 3.29847832e+01 1.97668724e+01 2.16099365e+03 1.98027134e+01
 2.04633875e+03 1.17476809e+00 1.53883295e+01 2.04913445e+01
 3.60987732e+02 3.18697281e+01 3.35461792e+02 5.85071045e+03
 8.90855347e+02 1.63974533e+02 1.26283636e+01 1.36269678e+03
 3.97879181e+01 2.93579865e+01 3.73070335e+00 2.43197517e+01
 2.26637734e+04 3.50845673e+02 4.95792236e+02 2.99330788e+01
 1.10580727e+02 7.71529999e+01 7.18733398e+02 7.85469208e+01
 5.10162163e+01 7.51202240e+01 8.54951904e+02 1.22263733e+03
 3.47531986e+00 3.18727875e+02 5.71084167e+02 3.15080750e+02
 6.59934082e+01 4.37384605e+01 1.23283984e+03 3.55454674e+01
 6.31288223e+01 5.94081802e+01 2.96664093e+02 1.71864746e+02
 1.18647119e+03 3.82922583e+03 5.14400578e+00 9.24232812e+03
 1.79340927e+02 2.96122314e+02 7.96411743e+01 3.55718994e+01
 4.29525328e+00 4.11763725e+01 2.43324757e+01 2.71935520e+01
 6.49567139e+03 1.32595348e+01 1.37799301e+02 1.93880215e+01
 1.78088799e+01 2.75265366e-01 3.49782295e+01 7.97425537e+01
 1.49208374e+02 2.59732170e+01 3.15081596e+01 4.42948837e+01
 1.18280045e+02 3.24156990e+01 2.46041946e+01 1.62078838e+01
 2.76839277e+04 2.57790604e+01 2.14251855e+03 2.30908386e+02
 3.46420135e+01 1.62085251e+02 3.28978271e+02 2.51369343e+01
 8.45011475e+02 5.02045929e+02 3.24467773e+02 2.22604332e+01
 8.43404198e+00 8.44887447e+00 1.60457056e+03 2.03844177e+03
 7.43159485e+01 1.62395660e+02 9.07147168e+03 1.54273120e+03
 6.03169680e+00 3.18766846e+02 7.05283928e+00 4.09152908e+01
 1.26514502e+03 6.13833618e+01 4.43469299e+02 7.50836365e+02
 2.18752480e+00 4.02675018e+01 1.77408390e+01 1.89730759e+02
 2.22670264e+03 8.64970764e+02 8.60724182e+02 2.06927433e+01
 1.66053421e+02 1.31233899e+03 4.10450806e+02 8.39202690e+00
 1.57092261e+03 1.16105949e+02 2.31663501e+03 4.84474121e+03
 3.30461279e+03 8.34794998e+01 1.59591217e+02 2.03515854e+01
 1.08333203e+03 6.23690337e-02 1.01089735e+01 4.80878029e+01
 3.63736206e+03 2.41433716e+01 6.62293579e+02 7.10996017e+01
 2.53235016e+02 8.73110733e+01 8.65891838e+00 7.88828888e+01
 4.05325966e+01 1.71816235e+01 1.30706589e+02 4.00697021e+02],942.81665,[3.43158579e+00 6.84620056e+01 3.82592392e+01 3.46883850e+02
 1.02831909e+03 5.64206696e+01 3.97804840e+02 3.16067562e+01
 1.37181165e+03 3.86881332e+01 6.48693771e+01 3.96368179e+01
 2.15529266e+02 2.88719201e+00 2.31734634e+02 1.02253943e+03
 2.48373356e+01 3.10955780e+02 4.52052546e+00 7.11416006e-01
 7.13990906e+02 5.51972198e+00 4.27695679e+02 2.80884206e-01
 9.54623413e+00 1.57104761e+03 6.22654800e+01 6.53968506e+01
 3.15975800e+02 4.95758301e+02 8.19406700e+00 4.08823547e+01
 5.73916779e+01 9.94190979e+02 9.26678345e+02 3.98591995e+01
 6.44250793e+02 1.89608643e+02 1.36682105e+00 1.01454163e+01
 1.37654171e+01 5.29590721e+01 1.79868823e+03 1.02260723e+01
 5.67292023e+01 1.13937851e+02 3.49999487e-01 5.16705847e+00
 2.20115860e+02 6.17427826e+01 1.11629715e+01 9.39871289e+03
 4.02485466e+00 2.17399597e+00 7.13407837e+02 4.96794495e+02
 1.82868881e+01 8.97783813e+02 7.42231903e+01 5.24794336e+03
 9.02768066e+02 1.76196784e-01 1.13652512e+02 2.11285286e+01
 1.25929890e+01 4.32301712e+00 2.87976933e+00 4.23547461e+03
 8.71733761e+00 3.40049957e+02 1.42663603e+01 1.00552162e+02
 2.17778587e+01 9.94148560e+01 1.07238989e+03 4.37863111e-01
 1.32693272e+01 7.61029968e+02 3.02540771e+02 2.14285870e+01
 1.82857544e+02 3.20843018e+02 5.50052551e+02 6.16413757e+02
 1.45600224e+01 3.56397998e+03 6.59818954e+01 4.78948879e+00
 9.90099013e-01 6.89405012e+00 3.22378589e+03 2.47478027e+01
 6.98349075e+01 6.45958805e+00 7.58238733e-01 1.13790230e+02
 2.08271065e+01 2.87345448e+01 2.34684937e+02 4.37784882e+02
 2.10570847e+02 1.58163818e+03 1.50261002e+01 3.28313660e+02
 2.82717749e+03 3.09703636e+00 3.16926514e+03 1.57892919e+00
 1.03047327e+03 1.65053845e+03 1.19606247e+01 1.17245766e+02
 5.98511429e+01 2.13769054e+00 2.07431006e+00 1.21809006e+02
 3.49842072e+02 3.02465698e+02 4.34744873e+02 1.74800598e+02
 5.65053558e+01 4.32353554e+01 1.23724907e+02 1.04348574e+01
 1.52033301e+03 3.85832596e+00 1.28715334e+01 7.30055237e+01
 3.32816254e+02 3.84645309e+01 4.31608063e+02 2.03124048e+03
 1.39825439e+02 1.52815460e+02 3.25008094e-01 2.07019501e+02
 1.23493748e+01 9.23171005e+01 1.30957806e+00 2.07947330e+01
 1.02526709e+03 1.97499588e+02 3.50681702e+02 5.52853155e+00
 9.48717957e+01 1.26728264e+02 1.52151585e+01 1.00193306e+02
 2.57253876e+01 8.28908997e+01 6.44164612e+02 1.71432590e+01
 1.68447304e+01 4.35212799e+02 5.06001495e+02 1.25946152e+02
 2.07353039e+01 1.20211113e+02 5.23978027e+02 9.84753418e+01
 4.01919708e+01 1.41055786e+02 5.00680199e+01 1.75405304e+02
 5.51899597e+02 1.23219844e+04 7.45142817e-01 7.93472119e+03
 1.86758850e+02 1.39524933e+02 1.13997902e+02 1.11221832e+02
 1.49123847e+00 3.17467690e+01 3.79424191e+00 3.04245043e+00
 4.54505322e+03 1.78211861e+01 5.66175747e+00 1.60939789e+01
 6.29612961e+01 1.64772689e-01 8.60505447e+01 8.10432816e+01
 6.54996185e+01 1.49229784e+01 5.70537720e+01 1.88851267e-01
 4.81036758e+01 2.39372406e+02 2.88028488e+01 2.86755323e+00
 4.07650452e+02 9.47007446e+01 1.53810583e+03 4.82701752e+02
 8.33047485e+01 2.26958115e+02 4.79645844e+01 4.38904428e+00
 1.60620630e+03 2.81790829e+01 1.26248970e+02 9.64512253e+00
 8.19143486e+00 5.53363228e+00 1.47309131e+03 1.47100146e+03
 1.17007011e+02 2.74112335e+02 1.07258276e+03 3.85614307e+03
 3.16616707e+01 1.48016632e+02 6.70538127e-01 9.95664024e+00
 2.72439160e+03 5.61725807e+00 9.45632690e+02 5.78729492e+02
 6.31338654e+01 7.02650547e+00 3.19663239e+00 7.21719131e+01
 3.35435889e+03 1.45917224e+03 7.21474243e+02 1.11137838e+01
 1.47006592e+02 2.62816895e+03 2.60215057e+02 7.10115480e+00
 9.94604980e+02 1.65643326e+02 1.47084448e+03 6.39426514e+03
 5.72741699e+03 2.03472347e+01 2.89811035e+02 6.01693344e+00
 6.07984352e+01 3.06870699e+00 1.27830429e+02 4.45559387e+01
 5.34402686e+03 1.79914856e+01 1.74987396e+02 7.44102249e+01
 3.38863770e+02 1.50773621e+02 1.87435188e+01 1.07770340e+02
 4.74759178e+01 2.18158474e+01 1.85883850e+02 1.95646667e+02],-104.101776,-176.5588,-354.41748,2.6064987,12.878735,1.0040926,0.9615799,0.014975877265930176,14875.315527677536,0.5,0.5,0.04746779505070251,6.312010275112559e-05,0.04744685655895034,-0.00027820032969531373,36.144735806889976,37.59999999999999,0.0,949500.0,-1.0,-782.0,750.0,11.825658321380615,950000
101.878,0.019272862,0.022890365,0.00051552244,-101.62982,101.62982,[1.00104837e-02 2.02140363e-04 2.35363771e-03 3.51573620e-03
 1.87251857e-03 1.91574264e-03 7.19792442e-03 1.77709339e-03
 1.09211013e-01 2.58750212e-03 5.37831616e-03 2.51610973e-03
 1.03477249e-03 4.73607006e-03 6.38603815e-05 1.99657690e-04
 4.99315932e-03 8.88989598e-04 3.65858572e-03 2.03839946e-03
 7.17840344e-03 9.48531379e-04 1.83882564e-03 2.35191104e-03
 9.04227607e-03 5.41029614e-04 1.49261579e-03 3.41533087e-02
 1.56958599e-03 2.67330384e+00 8.76653939e-05 4.33377456e-03
 6.14299253e-03 4.42560157e-03 8.92296026e-04 1.51264970e-03
 6.09221794e-02 4.69813216e-03 6.08768268e-03 6.39774743e-03
 9.23519194e-01 3.79278231e+00 8.99079561e-01 2.12908089e-02
 2.54105218e-03 5.64999282e-02 1.80713856e-03 9.35253338e-04
 2.22946750e-03 1.03436681e-02 2.04710104e-03 4.07846225e-03
 1.36769135e-02 1.67921092e-03 3.97143140e-03 9.24838823e-05
 2.08622939e-03 2.06548627e-03 1.57872029e-03 3.19882110e-03
 3.63123715e-02 1.26993749e-03 1.67623418e-03 1.09751546e-03
 2.34308303e-04 1.49717042e-03 3.76220094e-03 2.26521376e-03
 1.89466332e-03 1.32985804e-02 9.24779940e-03 7.98880355e-04
 2.26395670e-03 3.20478459e-03 1.12492265e-03 2.05816631e-03
 2.59899127e-04 7.03350827e-03 8.58874619e-03 3.31270546e-02
 1.04786851e-03 4.15590685e-03 1.07105263e-02 7.48628110e-04
 1.81334186e-03 4.58775321e-04 3.56168603e-03 1.20977415e-02
 2.57072342e-03 1.64972851e-03 9.52473097e-03 6.40816113e-04
 6.67516142e-03 1.56496442e-03 3.35163344e-03 1.26121403e-03
 5.49820065e-01 4.44835937e-03 9.25026427e-04 1.51854800e-03
 1.66026145e-01 2.41099313e-01 5.06839715e-03 6.46929548e-04
 7.22053275e-03 1.67272286e-03 4.39281762e-03 1.62574369e-03
 3.53266066e-03 1.25661609e-05 4.06560116e-03 1.52477007e-02
 7.13901245e-04 3.75224324e-03 6.24855086e-02 2.16718821e-04
 2.59965286e-03 5.81718632e-04 3.29992594e-03 1.66596239e-03
 5.47234900e-03 1.23931408e+00 1.05923545e-02 1.82705820e+00
 2.41257057e-01 4.59091389e-04 2.09858362e-03 8.82680179e-04
 3.70457361e-04 2.20094924e-03 6.52964518e-04 3.73631064e-03
 3.72937089e-03 1.23870214e-02 1.25427556e-04 1.09812105e-03
 3.54806567e-03 4.84189717e-03 2.77162762e-03 1.30246021e-03
 1.32555282e-03 8.17077991e-04 9.81244841e-04 1.95164280e-03
 2.13339133e-03 2.39276141e-03 2.71633919e-02 1.28163549e-04
 4.56579123e-03 1.43851675e-02 2.44523375e-03 1.65327510e-04
 1.50327629e-04 1.65337697e-03 7.04138074e-06 1.25871762e-03
 8.51374411e-04 2.29921704e-03 5.24546020e-03 1.95454340e-03
 1.50788082e-02 3.00754327e-03 1.71083491e-03 2.50178506e-03
 1.76236499e-03 8.42932146e-03 4.92380746e-03 7.84123433e-04
 1.93503067e-01 1.00464677e-05 5.13078738e-03 1.54383287e-01
 1.61241856e-04 3.60668474e-03 9.71511565e-03 6.22312985e-02
 2.23516021e-03 2.88893608e-03 2.56436110e-01 2.18252768e-03
 2.21230672e-04 6.32194802e-03 4.29399870e-02 1.02470107e-02
 2.30062869e-03 6.59814395e-04 4.39619809e-01 9.70897090e-04
 2.65025767e-03 2.98125530e-03 7.01636821e-03 1.82688842e-03
 1.17164040e+00 1.57591014e-04 1.20457727e-03 8.51507357e-04
 2.46832520e-03 1.75256107e-04 2.46511977e-02 2.13434151e-03
 9.61413383e-02 3.32596735e-03 4.06260660e-04 2.61218823e-03
 5.29219536e-03 6.16727630e-04 2.21371558e-03 1.59782835e-03
 6.64689578e-05 1.38070108e-03 9.11444076e-04 1.23694986e-02
 1.25961378e-06 1.92137919e-02 2.80320062e-03 2.51605245e-03
 1.76880043e-03 2.84618437e-02 2.11251958e-04 5.07945847e-03
 2.07221485e-03 1.96267874e-03 8.53902623e-02 3.40988918e-04
 2.15987233e-03 4.93648835e-03 4.24354197e-03 7.99942063e-04
 2.71004021e-01 1.54795730e-03 2.30469718e-03 1.69711113e-02
 5.26113939e+00 3.68694100e-03 5.45169413e-03 1.72401359e-03
 2.26383156e-04 2.43321084e-03 2.87722261e-03 6.99321972e-05
 2.15577940e-03 2.89402083e-02 2.29063058e+00 2.11311653e-02
 3.94867510e-01 1.41291320e-03 4.30183532e-03 3.65802622e-03
 7.92318583e-03 4.85368399e-03 2.10565340e-04 1.73190096e-03
 1.68389687e-03 2.03119451e-03 1.85314240e-03 9.06494970e-04],0.15077828,[1.84663222e-03 2.43866001e-04 6.65852916e-04 4.36571334e-03
 1.98702794e-03 1.91508466e-03 3.29580484e-03 1.77062256e-03
 2.47925043e-01 2.65914225e-03 1.30772823e-03 2.71822675e-03
 3.01235588e-04 6.81885425e-03 2.45350879e-03 5.42683760e-04
 3.02240369e-03 9.97380354e-04 1.26626249e-03 1.38648995e-03
 3.65371350e-03 1.72165013e-03 2.74960417e-03 3.41240223e-03
 1.01295747e-02 4.67324688e-04 7.61503470e-04 4.79522161e-02
 3.68011941e-04 6.53817415e+00 8.14191299e-05 3.45268101e-03
 5.61670214e-03 2.43520131e-03 1.51578011e-03 2.25764932e-03
 1.65637787e-02 1.29133696e-04 1.83203421e-03 7.56860152e-03
 4.70476598e-01 7.45463228e+00 1.38760161e+00 1.77651346e-02
 1.90339703e-03 3.27280387e-02 5.58319152e-05 3.32743581e-03
 2.99282232e-03 5.42836823e-03 6.38538040e-06 7.54274661e-04
 5.16691059e-03 2.42461194e-03 2.39812210e-03 7.83962314e-05
 2.42207432e-03 2.32540281e-03 1.54646276e-03 1.97444228e-03
 8.71131942e-03 1.79966213e-03 2.73674773e-03 1.46009028e-03
 1.72246830e-03 1.07793289e-03 1.16042048e-03 3.11708963e-03
 1.67296641e-03 9.96537805e-02 3.23894201e-03 6.28223701e-04
 2.88879988e-03 4.44816425e-03 2.31466838e-03 1.00038166e-03
 1.06291333e-03 1.90811290e-04 1.82474311e-03 1.14303837e-02
 3.30117764e-03 5.25158737e-03 9.77072213e-03 9.00342711e-05
 3.07342643e-03 1.97868934e-03 1.33486721e-03 7.81232864e-03
 1.96222332e-03 3.04147974e-03 5.41087054e-03 2.50900467e-03
 1.39672833e-03 2.25198013e-03 3.79445287e-03 2.12253700e-03
 5.33270597e-01 3.97801923e-04 1.51612703e-03 2.46836711e-03
 1.20993495e-01 1.78808486e-03 3.22434632e-03 4.07925155e-03
 7.27210334e-03 5.80084510e-04 3.50982533e-03 3.25932354e-03
 6.92278263e-05 8.77776940e-04 6.03192532e-03 4.87822480e-03
 1.36214867e-03 5.05697913e-04 8.27575028e-02 1.49793224e-03
 3.29267932e-03 3.18203238e-04 1.22803380e-03 1.65578933e-03
 5.28733712e-03 2.23237932e-01 6.41134568e-03 2.07877636e+00
 2.93421209e-01 5.21240407e-04 1.98085047e-03 1.49686146e-03
 6.40838640e-04 1.14080985e-03 1.60536589e-03 2.59485119e-03
 1.20855984e-03 2.16568299e-02 2.37188209e-03 4.37365670e-04
 8.43085814e-04 9.75214469e-04 2.06142012e-03 5.99958561e-03
 1.29550206e-03 1.19372713e-03 1.06197107e-03 1.04909413e-03
 3.19284876e-03 2.94377492e-03 2.72270553e-02 1.89012673e-04
 3.64371168e-04 1.47461426e-02 1.61098386e-03 3.48329265e-03
 1.56842195e-03 1.81831606e-03 9.20494203e-05 2.67663563e-04
 1.67940860e-03 2.90875090e-03 3.64975072e-03 7.78862392e-04
 7.81262759e-03 2.19069282e-03 2.35351129e-03 2.62712757e-03
 1.34335191e-04 1.27694923e-02 5.35842124e-03 4.28417698e-04
 1.35862887e-01 1.90199586e-04 2.37087253e-04 4.49118614e-01
 2.94866133e-03 6.55123824e-03 8.72496981e-03 4.95207161e-02
 3.02496250e-03 1.69269461e-03 3.10436249e-01 3.43276979e-03
 1.11777452e-04 1.00472346e-02 6.51975423e-02 2.36499519e-03
 3.72867472e-03 3.15949460e-03 2.89067239e-01 1.93259050e-03
 1.27173599e-03 8.84208013e-04 3.64474067e-03 1.87776680e-03
 5.68693221e-01 1.90645643e-03 1.65581191e-03 6.24720531e-04
 2.08884571e-03 1.91512809e-04 1.77909154e-04 7.98410561e-04
 8.33058283e-02 4.77288337e-03 5.82629000e-05 1.17403455e-03
 5.12277940e-04 7.89875397e-04 1.55370357e-03 1.77664310e-03
 7.03328406e-05 1.48141338e-03 1.39191654e-03 3.09864176e-03
 1.69701083e-03 1.01712607e-02 5.84473659e-04 2.50808615e-03
 3.02666356e-03 4.03025299e-02 6.89385284e-04 1.68845360e-03
 3.40619264e-03 4.03431291e-03 8.67779600e-04 3.91141570e-04
 1.23347947e-03 8.18821718e-05 1.25766220e-03 2.66642217e-03
 2.51152180e-02 7.75602006e-04 1.06398459e-03 6.55542035e-03
 5.93042088e+00 2.98492238e-03 6.15731720e-03 2.23681750e-03
 7.69594917e-05 2.68142973e-03 2.76543619e-03 1.64722151e-04
 1.56054716e-03 2.75831129e-02 5.57225347e-01 1.12751182e-02
 2.20564425e-01 2.56182486e-03 1.79443648e-03 1.46536063e-03
 7.55982380e-03 9.67730826e-04 1.71140675e-03 3.04122898e-03
 3.14349961e-03 2.65257491e-04 8.49304837e-04 1.48068089e-03],-98.27114,-105.10056,-268.66928,1.0340724,1.5532194,1.0025905,0.9277594,4.458874,-2.0335598,20.21267,163.47647,3.3523033,0.5204403,0.5094433,-154.91977,154.91977,[1.11010120e+03 6.97356415e+00 2.83114796e+01 7.67431183e+01
 1.78827324e+01 5.21425195e+03 3.93612355e-01 2.80963379e+02
 9.71898365e+00 1.13498203e+04 3.97586609e+02 2.34886627e+01
 2.78840210e+02 6.10130493e+02 1.10690975e+01 3.70397510e+03
 1.74031200e+01 3.07714882e+01 4.94961777e+01 1.60138687e+02
 2.37239160e+04 2.50443878e+01 2.22223892e+02 1.33774939e+01
 3.25057945e+01 8.25868011e-01 1.74204919e+03 4.49529152e+01
 2.54068613e+00 7.22177649e+00 1.21994373e+03 8.44833679e+01
 7.95234131e+02 2.36937476e+03 2.43410736e+02 3.13624585e+03
 9.96850342e+02 9.58761902e+01 3.91118469e+02 1.38965576e+02
 7.27579498e+00 3.23878136e+01 6.10785484e+01 7.60063525e+03
 4.19650342e+03 2.18956787e+03 8.33521938e+00 2.06567090e+03
 1.16602501e+02 1.09759560e+01 1.31190338e+02 6.84144440e+01
 6.97010946e+00 1.41103096e+01 2.09863777e+01 1.03513237e+02
 6.21778717e+01 1.27045258e+02 6.66200256e+00 1.31526670e+01
 6.21944238e+03 1.38974492e+04 2.13693344e+02 1.38129318e+02
 4.04297876e+00 9.90316772e+01 2.45038208e+03 3.62328766e+02
 8.51866684e+01 1.90107996e+03 2.19832748e+02 6.73315857e+02
 9.22085571e+02 2.11877426e+02 5.87194681e+00 3.22234741e+03
 4.95661133e+02 2.51164490e+02 3.70926758e+02 2.18421387e+03
 2.05238037e+01 5.34242432e+02 1.78249344e+02 5.50260429e+01
 8.45772278e+02 3.59568665e+02 1.38706757e+02 2.78959198e+01
 1.30771914e+01 1.47777414e+01 2.03952072e+02 1.11843643e+02
 2.73983618e+03 3.85295753e+01 2.98100586e+02 2.25661926e+01
 1.04311886e+01 1.15554268e+04 6.60187744e+02 3.05775833e+01
 1.07208801e+03 4.38028679e+01 5.66379261e+00 5.06046343e+00
 8.47278881e+00 2.39369965e+01 5.00075245e+00 3.90480080e+01
 4.23051575e+02 1.55507410e+03 2.04272171e+02 5.50328711e+03
 2.00099228e+02 2.25563647e+03 3.05629077e+03 2.06935156e+04
 1.87935028e+01 1.09146606e+02 1.55506165e+02 2.04530869e+01
 7.49533752e+02 8.14281372e+02 3.68309937e+02 1.32085779e+03
 3.24497894e+02 3.90645866e+01 1.29472275e+02 5.87937355e+01
 4.28892303e+02 2.96459999e+01 1.30416211e+03 7.88890076e+01
 3.02299316e+02 1.67233398e+02 4.81239075e+02 3.52307788e+03
 1.59253796e+03 8.83175278e+01 1.40685760e+02 4.81177673e+02
 9.83581696e+01 1.24905128e+01 5.71836487e+02 1.43640234e+03
 1.31284599e+01 2.18326630e+02 1.52410583e+02 9.05638599e+00
 6.43788391e+02 1.85962112e+02 1.12041550e+02 7.72331641e+03
 3.70412483e+01 2.26553936e+01 2.30170937e+01 2.87982544e+02
 1.56504227e+02 5.90563202e+01 2.37339478e+02 9.41115356e+02
 1.54847031e+02 4.09699463e+02 7.43706970e+02 6.64195786e+01
 1.03454443e+03 3.00607513e+02 6.07234001e+00 1.11040649e+03
 2.45160263e+02 2.08563049e+02 1.36681213e+02 2.30948700e+02
 1.09771175e+01 8.62558716e+02 2.63699322e+01 3.23096199e+01
 2.05374100e+02 2.12212692e+02 1.08613135e+03 9.47119427e+00
 5.69022156e+02 3.82549629e+01 4.72165430e+03 1.14311848e+01
 2.10181177e+03 1.61918579e+03 4.59905853e+01 3.89537109e+02
 3.90973236e+02 1.58965881e+03 7.87433434e+00 6.44025421e+01
 3.98589386e+02 2.05041981e+00 1.62049393e+02 2.15463562e+01
 3.00791397e+01 1.55518112e+02 7.31569824e+01 1.16372500e+04
 2.50680023e+02 3.77462830e+02 2.27479267e+01 1.50784714e+02
 1.49525635e+02 2.25210619e+00 1.46225784e+02 1.92711267e+03
 1.36116119e+02 2.35413071e+02 1.22239423e+00 3.26723053e+02
 4.89441109e+00 9.22276115e+00 2.48398438e+04 8.51487305e+02
 8.25024719e+01 3.02368526e+01 1.02737930e+02 7.25373459e+00
 2.71523193e+02 1.85136459e+02 5.02604797e+02 2.81331360e+02
 1.48577588e+03 1.63087296e+02 2.20426099e+03 1.04766861e+02
 1.26533684e+02 1.02261221e+04 1.02649689e+02 1.70800208e+03
 1.44500366e+03 1.54249849e+01 1.82130280e+01 1.23847427e+01
 4.51260338e+01 1.35656113e+02 5.95166260e+02 3.91233093e+02
 2.28918274e+02 2.00638550e+02 8.03575754e-01 7.99914703e+01
 7.06113953e+02 2.58803986e+02 5.26923065e+01 4.29895691e+02
 3.64164424e+00 5.26603699e+01 1.25896692e+01 2.41750698e+01
 1.59338045e+01 4.01800385e+01 1.74604019e+02 1.20069801e+02],1315.4618,[1.04815942e+03 2.84412444e-01 1.35010519e+01 3.38607559e+01
 3.98124809e+01 8.69035254e+03 6.27784073e-01 8.92114136e+02
 1.13622589e+01 8.44139160e+03 7.10889282e+02 1.34624664e+02
 4.03067932e+02 5.01211426e+02 5.66663325e-01 2.45641785e+02
 6.96833038e+01 2.11640873e+01 9.19835968e+01 2.12584171e+01
 9.40881592e+02 4.06727562e+01 3.65627533e+02 8.47675419e+00
 6.56486053e+01 7.60740232e+00 3.92256531e+02 3.68011627e+01
 2.57975411e+00 1.43045032e+00 1.43024500e+03 3.26171227e+01
 7.46915100e+02 1.56305542e+03 6.05023117e+01 2.92103076e+03
 6.10510803e+02 2.17096313e+02 5.04061951e+02 1.19512100e+02
 4.40744936e-01 6.24071960e+01 8.16555634e+01 3.75992041e+03
 2.95045581e+03 3.56733826e+02 3.08045006e+01 9.51985107e+02
 4.27413116e+02 3.47739458e+00 2.72633850e+02 5.87368822e+00
 1.62658997e+01 1.90861282e+01 1.07991409e+01 8.71359558e+01
 3.80914903e+00 1.26589035e+02 2.16164856e+01 8.77283955e+00
 5.35521094e+03 7.31042334e+03 1.46408936e+02 1.75344498e+02
 1.27417688e+01 7.78983307e+01 5.74778442e+02 1.08125757e+03
 1.10439713e+02 2.36575513e+03 1.03655949e+01 2.04251404e+03
 1.87200378e+03 1.22110632e+03 2.73194351e+01 1.15485327e+03
 5.76425903e+02 2.99309021e+02 2.61218475e+02 1.04667175e+02
 1.63191605e+01 1.02413574e+03 1.52226929e+02 5.95441322e+01
 4.47709198e+02 4.76537971e+01 3.11283020e+02 1.11274910e+01
 1.18636589e+01 2.79138546e+01 1.44216660e+02 9.82113876e+01
 2.31056714e+03 1.11705238e+02 5.03813660e+02 2.48412354e+02
 6.06622696e+00 9.55050195e+03 2.29320996e+03 6.56833267e+00
 2.14546051e+02 1.07269821e+02 4.53732491e+00 2.60757732e+01
 5.10442924e+01 4.99346275e+01 8.37741137e-01 4.30519981e+01
 4.10631165e+02 4.02061584e+02 1.85634430e+02 1.10600098e+02
 1.66462662e+02 1.68695911e+03 7.31199902e+03 5.47302780e+01
 3.96800919e+01 7.49399719e+01 4.31828995e+01 5.25085220e+01
 8.62696106e+02 3.02807983e+02 1.19154686e+02 3.10183057e+03
 1.26697290e+03 1.75851574e+01 8.67253906e+02 1.53901873e+01
 4.41144409e+02 5.18670225e+00 6.95843689e+02 2.89273205e+01
 2.99581390e+02 1.38307922e+02 3.03470428e+02 3.10874463e+03
 1.15535876e+03 3.87324646e+02 1.52841091e+01 6.01593872e+02
 1.36748611e+02 2.12310958e+00 2.50470566e+02 4.35008759e+02
 6.88125038e+00 3.16960907e+02 3.78593102e+01 1.89730797e+01
 6.46130676e+02 1.82214462e+02 5.53200951e+01 1.76200977e+03
 6.37238045e+01 6.39065361e+01 2.68426132e+00 4.27522766e+02
 2.31555359e+02 2.86728333e+02 3.34546265e+02 1.08333081e+03
 2.75691010e+02 4.95570343e+02 1.83121277e+02 6.82043304e+01
 8.14175903e+02 4.33415253e+02 1.00636232e+00 2.12447529e+01
 3.97376823e+01 2.46541931e+02 1.11981812e+01 5.32343872e+02
 3.16640015e+02 3.40844116e+01 5.72876091e+01 3.88307953e+01
 2.93221924e+02 6.93431091e+02 4.90343628e+02 1.42013884e+00
 1.00032947e+03 1.23023796e+01 5.30105518e+03 4.16161537e+01
 7.68868835e+02 7.11745239e+02 3.57156525e+01 9.89921936e+02
 2.02323273e+02 3.16982715e+03 2.07566500e+00 3.22966827e+02
 2.27566925e+02 5.58376491e-01 2.97446404e+01 1.54432878e+01
 3.99501991e+00 1.46054916e+02 2.90975990e+01 1.64740645e+04
 3.75999573e+02 9.29261780e+00 2.90463865e-01 2.40108856e+02
 1.57695648e+02 6.06521107e-02 2.38987885e+02 2.10032422e+03
 8.25672073e+01 2.49894104e+02 8.37282896e-01 5.09037292e+02
 9.38726654e+01 1.02993040e+01 3.50438242e+04 9.65315735e+02
 2.39930034e+00 2.31728516e+02 1.49072906e+02 7.34160843e+01
 6.94294434e+01 2.10109711e+02 1.19442664e+03 4.89497986e+02
 1.96081335e+03 6.41560730e+02 2.67845410e+03 2.96766186e+01
 2.19192612e+02 8.85872559e+03 7.67796631e+01 1.08081787e+03
 1.31666577e+03 4.42195320e+00 3.22686729e+01 1.43618279e+01
 2.07410097e-01 5.81011353e+01 2.78283966e+02 7.26279846e+02
 1.36093807e+01 6.73890869e+02 1.06220200e+02 4.15182610e+01
 1.95702560e+02 7.01584549e+01 2.21109486e+01 4.30863892e+02
 8.02805424e+00 1.04241669e+02 7.60977030e+00 8.16971741e+01
 1.79193478e+01 7.81636658e+01 1.19896899e+03 2.11725342e+02],-101.94545,-169.17642,-367.94843,2.8328228,15.535297,0.98508704,0.96294993,0.016028436613082887,15276.026478528976,0.5,0.5,0.0642351415070205,-0.05536447997128948,0.06114922899956856,-0.05583513576212262,32.21269619060605,37.59999999999999,0.0,975000.0,-1.0,-762.0,750.0,11.585230112075806,975000
103.47145,0.0280034,0.03847314,0.00073051685,-103.058716,103.058716,[5.53030632e-02 4.63228347e-03 9.18226391e-02 1.41957519e-03
 5.75895421e-02 2.07283930e-03 2.38861470e-03 1.97597314e-03
 1.05879866e-02 5.03128529e+00 1.15991840e-02 8.97591561e-02
 1.91813577e-02 1.95006654e-03 7.85188898e-02 3.19397333e-03
 9.74204838e-02 3.49184051e-02 1.07791573e-02 7.62737007e-04
 2.23456230e-03 1.54152513e-03 1.15481399e-01 1.91421248e-02
 3.02531682e-02 4.57021268e-03 1.65730655e-01 4.21267629e-01
 1.29428064e-03 5.69863338e-03 6.36191666e-03 3.13969259e-03
 6.58180118e-02 3.15060094e-03 8.63262825e-03 7.19110221e-02
 1.18528351e-01 9.60123837e-01 6.45722682e-03 7.22840801e-03
 5.66902608e-02 3.46754575e+00 3.44391204e-02 2.13842047e-03
 9.21218307e-04 4.23382409e-02 2.43824422e-02 1.01104707e-01
 3.40795494e-03 4.90969308e-02 3.62073231e+00 4.76375083e-03
 2.74535292e-03 3.17816809e-03 4.45819087e-02 1.79858319e-02
 9.13341418e-02 2.69717537e-02 5.36590910e+00 1.16957545e-01
 1.16011471e-01 3.19068432e-02 4.56386525e-03 1.02882966e-01
 4.84436452e-02 6.50726780e-02 2.41722297e-02 1.60661228e-02
 6.69014975e-02 2.89953113e-01 1.99563578e-01 1.60322431e-03
 9.68022796e-04 2.90618651e-03 1.89822377e-03 5.11559565e-03
 2.01267660e-01 6.46515563e-02 4.05009165e-02 5.40711522e-01
 1.39520885e-02 2.00749077e-02 7.10744560e-02 1.02520995e-02
 5.23041636e-02 1.05769997e-02 8.21354333e-03 6.37106359e-01
 2.86756223e-03 7.33075961e-02 2.24130554e-03 6.48014098e-02
 7.03992439e-04 5.05790487e-03 1.34472102e-02 5.85183017e-02
 3.80177423e-02 4.87928316e-02 1.61938324e+01 5.56116551e-02
 1.28360325e-02 1.03704058e-01 4.79222313e-02 3.39882378e-03
 5.88100180e-02 4.53334674e-03 5.97360916e-02 2.78266892e-03
 1.27412751e-03 5.66986483e-03 2.05002502e-02 1.85543718e-03
 8.18879008e-02 4.37290873e-03 4.79617938e-02 6.98014498e-02
 8.51119868e-03 3.64442938e-03 2.56079086e-03 6.71962742e-03
 7.77427927e-02 9.20702517e-03 8.38244148e-03 3.26596759e-02
 5.74370334e-03 3.57778603e-03 1.69015035e-01 2.91275815e-03
 1.99311343e-03 3.87788797e-03 4.00577951e-03 6.99462444e-02
 2.07518004e-02 8.49348009e-02 6.60382968e-04 3.95823736e-03
 1.06618226e-01 3.27856105e-04 1.10736280e-03 3.66805851e-01
 3.02365166e-03 8.95019695e-02 1.65543277e-02 3.98670603e-03
 1.85576687e-03 5.70360571e-02 1.25182001e-03 3.28473523e-02
 6.14617839e-02 3.57778259e-02 2.50632977e+00 1.35689108e-02
 4.02978947e-03 7.24360868e-02 1.20602690e-01 9.89580341e-03
 3.85954827e-02 2.21064650e-02 1.28338742e-03 1.92581723e-03
 3.49323638e-02 1.04278111e+00 7.80117756e-04 5.44393206e+00
 3.47520155e-03 8.41007102e-03 4.41256538e-03 5.89573942e-03
 7.44489487e-03 4.20394421e-01 1.60154712e+00 3.55043332e-03
 1.85200036e-01 2.02561961e-03 3.12962243e-03 3.02701280e-03
 5.54875024e-02 3.40172625e+00 7.88969770e-02 9.38297063e-03
 4.67482582e-02 2.69804674e-04 3.10052512e-03 6.48023263e-02
 5.18551102e+01 6.22170642e-02 2.35141465e-03 9.41991864e-04
 4.19624196e-03 1.29996371e-02 3.32730403e-03 2.35987874e-03
 5.92801757e-02 1.96604244e-03 9.42410678e-02 5.88310286e-02
 2.70295213e-03 1.92308322e-01 2.23621070e-01 6.05624691e-02
 1.73775740e-02 2.98832059e-01 5.01309410e-02 7.73451030e-02
 5.54810464e-03 3.52240447e-03 3.64394933e-02 3.65293398e-03
 5.05027454e-03 8.06160048e-02 5.00543602e-02 1.14705367e-03
 4.10153624e-03 7.96201900e-02 1.01492070e-01 2.99307648e-02
 1.31287441e-01 5.65664656e-03 3.53329512e-03 2.00456171e-03
 2.11787643e-03 4.26774062e-02 5.24507184e-03 1.46828685e-03
 8.30855221e-03 2.80794338e-03 4.60805884e-03 1.37332873e-03
 6.06594011e-02 7.09126145e-02 6.63813427e-02 4.03951388e-03
 9.73255665e-04 6.88762229e-04 8.36968049e-03 1.23926893e-01
 1.01956939e-02 8.81238580e-02 1.37286214e-02 5.74511383e-03
 1.50260935e-02 2.21134536e-03 7.48606818e-03 5.45968637e-02
 5.90831852e+00 4.28964980e-02 6.33373111e-02 3.53595972e+00
 4.41197306e-02 2.49037184e-02 4.92694664e+00 4.33956832e-03
 5.28755598e-02 3.19570363e-01 3.01674474e-03 2.94551835e-03],0.8891965,[6.02106415e-02 3.05365724e-03 7.85081685e-02 1.17845414e-03
 3.01797893e-02 2.18991470e-03 1.95935322e-03 1.14536204e-04
 1.01193786e-02 1.23039322e+01 2.02856176e-02 6.89007938e-02
 4.90897568e-03 1.48298126e-03 6.58324212e-02 5.06847689e-04
 8.71452242e-02 3.80113609e-02 1.07615497e-02 7.38513190e-04
 8.87114846e-04 1.09801115e-03 1.27766058e-01 1.67728309e-02
 5.01740761e-02 4.70975135e-03 4.06982861e-02 4.91946459e-01
 9.09776951e-04 4.42849426e-03 4.00791410e-03 2.83236126e-03
 5.85319363e-02 1.33008708e-03 6.44692080e-03 7.53151476e-02
 9.84159112e-02 1.34929264e+00 3.63300322e-03 3.33757629e-03
 5.48537746e-02 1.81191559e+01 2.91130934e-02 2.38900352e-03
 8.87633592e-04 4.55157943e-02 2.98282318e-02 6.96020648e-02
 3.58751463e-03 3.59061807e-02 1.02845900e-01 3.98918474e-03
 2.24039052e-03 2.55733076e-03 2.60494873e-02 1.76693145e-02
 7.82132596e-02 3.28748934e-02 3.69891191e+00 1.14131771e-01
 9.38934311e-02 2.95534618e-02 3.01017077e-03 9.44353268e-02
 3.92824896e-02 6.50421903e-02 2.47269813e-02 1.53789651e-02
 7.68448561e-02 1.87653765e-01 1.01732671e-01 2.09063338e-03
 3.69787973e-04 1.80815137e-03 1.91027508e-03 5.87034319e-03
 3.13648939e-01 6.44036606e-02 2.84699872e-02 1.92068234e-01
 1.86724588e-02 2.00318471e-02 7.65640289e-02 1.12772305e-02
 4.11136895e-02 5.93857979e-03 1.09641743e-03 5.25827348e-01
 2.78152619e-03 6.27078786e-02 1.63890945e-03 4.44502123e-02
 4.57319722e-04 1.43173337e-03 1.24522438e-02 4.24875543e-02
 2.13609189e-02 5.29517010e-02 3.20589485e+01 5.50597236e-02
 7.66794011e-03 8.21586251e-02 8.89058113e-02 3.56773892e-03
 5.86378798e-02 3.68264178e-03 5.75804599e-02 1.71765918e-03
 1.71374343e-03 6.32789033e-03 2.53827628e-02 1.62909343e-03
 5.78307547e-02 4.14780108e-03 3.99760567e-02 5.80569170e-02
 8.79991055e-03 2.63897516e-03 3.03511345e-03 1.32952642e-04
 6.85709789e-02 1.02134058e-02 5.65899443e-03 2.97548622e-02
 1.99850136e-03 8.51610501e-04 3.44196223e-02 2.43469654e-03
 2.03042850e-03 8.87258537e-03 6.60620281e-04 6.27968982e-02
 2.25525089e-02 7.99375027e-02 3.30295938e-04 3.95404454e-03
 8.84385630e-02 1.78236514e-03 1.64189748e-03 3.45098495e-01
 1.78555073e-03 6.31810427e-02 1.02209840e-02 4.27732943e-03
 1.34444237e-03 3.92151289e-02 1.33452192e-03 3.15648168e-02
 4.85559292e-02 4.37712930e-02 2.58174014e+00 3.13792191e-02
 5.47767850e-04 5.15514761e-02 1.06205396e-01 1.14991302e-02
 3.11491974e-02 3.11652515e-02 1.19610922e-03 3.49694164e-06
 2.90697403e-02 1.23897123e+00 6.04224042e-04 1.01973705e+01
 2.55518383e-03 7.29468232e-03 4.29876242e-03 4.74351039e-03
 2.56295060e-03 9.54931140e-01 4.70028067e+00 3.59126553e-03
 6.06356502e-01 1.52242370e-03 2.88000680e-03 1.04314694e-03
 5.36668338e-02 4.08834219e+00 6.29338995e-02 1.55876046e-02
 3.00190039e-02 3.16823425e-04 3.15931882e-03 7.21700639e-02
 4.98820152e+01 7.96978772e-02 1.61697809e-03 7.31547654e-04
 1.64834363e-03 3.28594372e-02 2.99983146e-03 2.10938603e-03
 4.57866788e-02 2.63188081e-03 8.36345628e-02 6.60873130e-02
 2.19712313e-03 1.98756248e-01 1.52055115e-01 4.80546467e-02
 2.46844366e-02 5.81070960e-01 4.08600084e-02 7.00709522e-02
 6.55570067e-03 4.46784589e-03 3.79361287e-02 3.12054297e-03
 4.10103798e-03 6.77325875e-02 3.71740907e-02 1.11848824e-02
 4.48295753e-03 1.00653119e-01 6.73338994e-02 3.03816907e-02
 1.32625222e-01 7.31621822e-03 3.40794795e-03 1.52572989e-03
 2.07284885e-03 3.53402980e-02 6.29991805e-03 2.09591305e-03
 5.20490250e-03 6.82722498e-03 4.37902287e-03 1.81372394e-03
 4.57526781e-02 6.58336580e-02 4.63243574e-02 9.70684551e-03
 4.72176867e-03 1.71945081e-04 1.03849815e-02 5.86313307e-02
 1.13282297e-02 7.86165744e-02 1.53057221e-02 3.68254399e-03
 1.16322404e-02 3.20208305e-03 4.37445287e-03 3.55705246e-02
 1.02411385e+01 5.00352196e-02 6.20129406e-02 6.13118935e+00
 4.17579822e-02 2.06048172e-02 9.28402042e+00 3.77015816e-03
 4.41054069e-02 1.24521486e-01 1.77071919e-03 2.86416849e-03],-97.30805,-107.83571,-348.6772,1.0504708,2.8650503,1.0034297,0.92834496,25.22927,-18.982292,88.86098,152.71222,3.085418,0.5722379,0.5411084,-143.90442,143.90442,[2.00087415e+03 1.85823462e+03 2.58915472e+00 2.26867416e+02
 9.31879944e+02 3.03527161e+02 5.80055225e+03 1.77569550e+02
 7.75124836e+00 5.60252258e+02 3.01964404e+03 3.98062401e+01
 6.88874893e+01 1.85698227e+02 1.43295813e+03 3.74450439e+03
 1.23768350e+04 3.28375244e+01 2.04352875e+02 6.05835736e-01
 3.26813889e+01 2.98483093e+02 1.22181564e+02 2.49024792e+01
 4.64601416e+03 2.99086899e-01 1.75463049e+03 5.22079134e+00
 7.19716553e+02 1.21763542e+02 1.80241626e+03 4.14996735e+02
 1.02503548e+02 1.20444786e+02 2.51399216e+02 6.10926867e+00
 1.83917007e+02 3.46645317e+01 1.59194141e+03 4.47286377e+01
 8.90729046e+00 1.52530441e+02 4.57251205e+01 8.92138794e+02
 2.13224319e+02 7.45411914e+03 1.21133194e+02 4.26718369e+01
 1.09205750e+02 4.37569695e+01 8.72650814e+00 2.00767517e+00
 5.71088379e+02 2.21104935e+02 8.47079883e+03 1.67501245e+03
 3.91547127e+01 1.36788071e+02 1.16763779e+02 4.07215166e+00
 3.13782330e+01 2.53277649e+02 4.86665497e+02 1.21319672e+02
 2.31496048e+01 3.22291626e+02 1.34876379e+03 9.95567739e-01
 1.49674756e+03 2.24645500e+01 1.69141602e+02 1.27656651e+00
 6.35246315e+01 6.19206250e+03 1.12022924e+01 3.33698654e+01
 7.54107971e+01 8.21155823e+02 1.37102909e+01 8.68075371e+00
 1.69542252e+02 2.89747858e+00 2.21573364e+02 1.14674512e+03
 1.46961206e+03 4.60311966e+01 2.01776314e+01 1.18314880e+03
 1.07444534e+02 2.10158127e+02 5.91237671e+02 1.43967200e+03
 2.15376914e+04 7.89293335e+02 3.29269714e+01 8.04909912e+02
 1.49096298e+00 5.18329096e+00 1.17353760e+02 2.20667410e+00
 6.30905991e+01 1.55692673e+02 1.28653796e+03 3.04962708e+02
 3.18921997e+02 4.82585106e+01 6.08856812e+02 2.21312790e+02
 2.65588779e+01 9.37294312e+01 8.51212025e+00 1.00011584e+03
 1.30539169e+02 9.40877014e+02 8.94705811e+01 3.13311539e+01
 2.82660864e+03 1.87718460e+02 3.71806562e-01 6.30401707e+00
 8.87418213e+02 3.10229199e+03 3.95784729e+02 1.46037426e+01
 1.00745935e+03 7.67656088e+00 1.90533276e+01 9.22284241e+01
 8.21593246e+01 6.44713364e+01 3.92538147e+01 6.74596667e-01
 3.58504982e+01 1.34004089e+02 1.92971478e+01 4.37601929e+02
 4.43779846e+02 2.76489944e+01 3.67125317e+03 1.97359512e+02
 3.47330322e+02 2.22136250e+04 1.88681238e+03 2.05266187e+03
 3.14497589e+02 8.66237869e+01 1.06227325e+02 1.63142627e+03
 1.21812103e+02 4.73258789e+03 8.34005642e+00 8.41295547e+01
 5.98723221e+01 3.45903223e+03 1.47403320e+03 9.04997131e+02
 2.26181202e+01 3.24752731e+01 3.47552948e+02 3.03772783e+00
 1.13569595e+02 6.71190166e+00 1.09989311e+02 2.41919479e+01
 2.64046345e+01 3.39369690e+02 4.61046677e+01 4.04431229e+01
 3.17154572e+02 7.06154785e+01 9.79112366e+02 1.66376550e+03
 1.88697403e+02 2.82350349e+01 7.21063766e+01 1.59341645e+00
 1.27671719e+01 2.18618057e+02 2.06701569e+02 1.29017105e+01
 3.16182922e+02 1.23224087e+01 5.40074219e+02 7.52658203e+02
 5.86418457e+01 1.23216782e+02 4.62344313e+00 7.00557190e+02
 1.08002600e+03 5.11607399e+01 1.40053988e-01 2.88712978e+01
 1.07588524e+02 1.03287796e+02 6.21489668e+00 6.40013576e-01
 1.64325958e+02 4.17612646e+03 4.76777496e+02 3.47788544e+01
 1.46725349e+01 1.15667160e+02 2.10288658e+01 1.95957109e+04
 9.08067513e+00 2.35162525e+01 2.08341260e+03 2.42573929e+02
 1.42295517e+02 3.52169342e+01 1.72274216e+02 2.09461502e+02
 8.21398697e+01 1.34064160e+03 4.09910774e+01 2.91496460e+02
 1.51497355e+01 3.44797592e+01 1.02932053e+01 2.29730156e+04
 6.46067200e+01 2.92908401e+01 2.47414160e+03 1.33108950e+01
 3.53010864e+02 1.39504364e+02 9.35201359e+00 3.77350464e+02
 1.36036575e+02 1.08074141e+00 2.46608913e-01 3.28372345e+01
 2.36628937e+02 2.15380225e+03 9.51876297e+01 7.04303436e+01
 3.11528839e+02 6.95009232e+01 6.76110535e+02 3.36379433e+01
 6.87911224e+00 1.04901871e+02 1.13868248e+00 2.19803829e+01
 4.16668015e+01 6.07642632e+01 1.06515491e+03 1.95714336e+04
 9.82429886e+00 4.50246155e+02 1.68709984e+01 5.96986633e+02
 5.28912697e+01 3.69149246e+01 2.71455898e+01 5.38525574e+02],1147.0542,[1.12227380e+03 2.09995386e+03 8.01364899e+00 2.07539917e+02
 3.17934509e+02 4.92198090e+02 6.69754736e+03 1.90515152e+02
 2.08500118e+01 6.19478638e+02 3.30805908e+02 6.00968323e+01
 1.06830429e+02 1.47815964e+02 7.80902161e+02 5.25928418e+03
 9.91625195e+03 2.62080741e+00 3.11003151e+01 3.63657832e+00
 3.34478111e+01 6.21583557e+02 1.78701965e+02 7.36964264e+01
 2.73314014e+03 3.19019496e-01 3.00505005e+02 9.75935173e+00
 1.51926196e+03 1.33704437e+02 1.78108459e+03 4.05517792e+02
 2.17444954e+01 2.56016235e+01 2.40861588e+02 2.05591030e+01
 3.75828613e+02 5.60533381e+00 4.04081055e+03 1.85971642e+01
 5.22648849e+01 2.78713013e+02 3.24670349e+02 5.55116699e+02
 3.21456512e+02 4.36491064e+03 3.02218567e+02 1.02662094e+02
 9.41293488e+01 4.48479576e+01 2.21220493e+00 3.71700478e+00
 2.38193115e+02 1.95270294e+02 6.16893799e+02 2.21780701e+02
 1.18268383e+00 3.83988533e+01 3.82959414e+00 9.12653327e-01
 8.03050156e+01 5.18614990e+02 5.81269226e+02 1.29213009e+01
 2.18599793e-02 1.73039749e+02 2.71517334e+02 3.55013585e+00
 2.32822070e+03 2.18818550e+01 4.21662109e+02 4.34555817e+00
 1.44800598e+02 1.33341565e+03 9.82843876e+00 9.65215206e+00
 1.05675209e+02 8.44030640e+02 2.40721273e+00 1.39087181e+01
 2.71538353e+01 5.40001392e+00 2.14797745e+01 7.94738708e+02
 9.74178467e+02 1.62721252e+02 8.66549225e+01 9.65496094e+02
 1.77593018e+02 5.91282166e+02 8.46677551e+02 1.53904504e+03
 8.86536179e+01 1.12878564e+03 3.32108269e+01 5.59157593e+02
 1.46424651e+00 6.71367407e+00 6.45435867e+01 2.60655136e+01
 2.61257076e+01 3.48419876e+01 4.54148651e+02 7.96199112e+01
 3.90211700e+02 1.86554794e+01 5.76356201e+02 6.61686096e+01
 1.38821228e+02 3.65172386e+01 3.08495121e+01 3.14125806e+03
 3.41208801e+01 1.23696729e+03 4.02373123e+00 3.99588990e+00
 2.31826172e+03 8.00263062e+01 1.19095755e+00 1.92015324e+01
 2.47896286e+02 5.58313416e+02 6.39313599e+02 8.48038077e-01
 1.71305090e+03 5.76659250e+00 1.02842975e+00 7.73062897e+01
 4.73132324e+01 2.84488258e+01 5.93105545e+01 2.82519798e+01
 1.21330070e+01 9.16377640e+01 1.34178085e+02 3.46173267e+03
 6.89035950e+02 2.53188660e+02 8.29322693e+02 1.21611267e+02
 6.34562256e+02 4.64147510e+03 3.24338770e+03 4.43107880e+02
 2.41603256e+02 1.52790970e+02 1.77806442e+02 1.57621651e+01
 1.13998699e+01 2.06171829e+02 2.16887207e+01 1.75064850e+02
 5.11306648e+01 2.66714478e+03 1.34401624e+03 7.93325867e+02
 8.18376350e+00 2.69327145e+01 4.05352448e+02 1.33430824e+01
 6.38866091e+00 8.95711556e-02 8.79607391e+01 2.80489502e+01
 7.63715410e+00 3.61143402e+02 6.70571709e+00 3.08668118e+01
 7.68340210e+02 1.55900970e+02 7.09941040e+02 1.02248199e+03
 2.76743774e+02 7.39192429e+01 1.78715782e+01 5.16539764e+00
 2.36532497e+00 2.92977997e+02 1.56459335e+02 2.45858936e+01
 5.62395325e+01 1.27256155e+00 2.17182281e+02 2.18374780e+03
 2.43438217e+02 1.83638062e+02 1.11838341e+00 1.88351611e+03
 3.46689087e+02 3.49996300e+01 1.49537414e-01 2.26090374e+01
 1.01990295e+03 1.03411140e+01 2.60407867e+01 1.29739141e+00
 1.79273483e+02 1.89622925e+03 7.06566406e+02 3.50246143e+00
 3.34258156e+01 3.63720612e+02 3.96845169e+01 2.74977793e+04
 1.08959671e+02 6.12906265e+00 1.17250000e+03 2.89907104e+03
 2.95786926e+02 1.59594002e+01 8.51205750e+01 2.31738785e+02
 7.02460632e+01 8.99837524e+02 4.10705528e+01 1.23309036e+02
 3.73437195e+01 1.06190395e+00 1.67153931e+01 3.22147363e+03
 4.03659515e+01 5.39043617e+00 5.38135791e+03 8.95885587e-01
 1.07734375e+03 2.06487549e+02 3.14058995e+00 2.31020557e+03
 5.11500359e+01 1.35065832e+01 1.70939136e+00 2.59206200e+00
 6.96078003e+02 1.69818091e+03 8.52387848e+01 2.92418995e+01
 2.99390717e+02 4.36323471e+01 2.83786621e+03 1.45870667e+02
 3.61834693e+00 3.84216980e+02 8.31915951e+00 1.90355206e+01
 1.25063410e+01 8.03327866e+01 1.48743152e+03 8.39457715e+03
 3.82816084e-02 5.55966248e+02 2.96139193e+00 2.60804138e+02
 4.98769760e+01 1.40470276e+02 4.00698509e+01 4.87386017e+02],-101.79845,-159.13803,-363.5806,2.793871,23.251595,0.9821682,0.96101797,0.01452045802116394,15639.037965536118,0.5,0.5,-0.04488743705194427,-0.002054793420658669,-0.04500154436246156,-0.0012594086111296632,36.046309329473544,37.59999999999999,0.0,999750.0,-1.0,-762.0,750.0,11.307156801223755,1000000
