training/actor/actor_loss,training/actor/bc_flow_loss,training/actor/distill_loss,training/actor/mse,training/actor/q,training/actor/q_loss,training/critic/bcfm_loss,training/critic/critic_loss,training/critic/dcfm_loss,training/critic/q_max,training/critic/q_mean,training/critic/q_min,training/critic/q_std,training/critic/q_std_max,training/critic/q_std_min,training/critic/weight,training/grad/max,training/grad/min,training/grad/norm,validation/actor/actor_loss,validation/actor/bc_flow_loss,validation/actor/distill_loss,validation/actor/mse,validation/actor/q,validation/actor/q_loss,validation/critic/bcfm_loss,validation/critic/critic_loss,validation/critic/dcfm_loss,validation/critic/q_max,validation/critic/q_mean,validation/critic/q_min,validation/critic/q_std,validation/critic/q_std_max,validation/critic/q_std_min,validation/critic/weight,time/epoch_time,time/total_time,exploration/prev_button_states,exploration/button_states,exploration/prev_qpos,exploration/prev_qvel,exploration/qpos,exploration/qvel,exploration/control,exploration/time,exploration/success,exploration/total.timesteps,exploration/episode.final_reward,exploration/episode.return,exploration/episode.length,exploration/episode.duration,step
1006.7673,0.08180344,0.034513343,0.004343139,-1006.34033,1006.34033,[4.46350694e-01 1.63771659e-02 1.19100809e-01 7.35845745e-01
 5.90478134e+00 2.37679854e-02 4.58015823e+00 1.63097158e-02
 9.28490341e-01 6.96506500e-02 5.15123680e-02 3.28390121e-01
 8.24378878e-02 8.37285072e-02 3.55235972e-02 6.04359388e-01
 1.33644380e-02 1.68843901e+00 5.01688063e-01 6.51314855e-03
 2.19574049e-02 2.20953859e-02 2.78719258e+00 1.30746141e-02
 8.35014880e-03 3.21710482e-03 1.06517226e-02 6.84316605e-02
 3.00421193e-03 2.39806250e-03 1.93315782e-02 1.11018568e-02
 1.20449699e-02 2.10555792e+00 1.00465491e-01 5.92619814e-02
 4.81238008e-01 3.36876586e-02 3.59336758e+00 1.24719292e-02
 1.09002665e-02 1.73897631e-02 2.94145644e-01 4.48132515e-01
 1.30603090e-02 1.91070843e+00 2.52971172e-01 3.74186397e-01
 9.85938013e-02 1.87303305e-01 2.44200230e-03 1.98771566e-01
 3.26323795e+00 2.39324868e-02 2.84654647e-03 1.71827152e-03
 1.31323397e+00 1.75947279e-01 1.16124243e-01 5.03776646e+00
 1.05924189e-01 1.34284544e+01 2.14757532e-01 4.32980992e-02
 4.68033648e+00 1.89788723e+00 6.68605518e+00 1.46784969e-02
 4.01046872e-03 3.77948999e-01 6.63090348e-02 1.19200684e-02
 1.06639326e-01 1.25884302e-02 4.82197523e-01 1.05685011e-01
 3.45804766e-02 1.15288682e-02 7.09089339e-01 2.03709245e-01
 1.94702435e+00 1.45039916e-01 1.04662217e-02 2.60520317e-02
 1.91561252e-01 2.14921981e-02 7.96514153e-02 5.09793377e+00
 3.87107208e-03 1.89590409e-01 6.00925088e-02 3.07709724e-03
 4.58493829e-03 9.71738249e-04 6.71965778e-02 1.88858062e-01
 1.35333300e+00 1.92856121e+00 3.28309298e+00 8.93068612e-02
 9.49242115e-02 3.18077803e+00 1.52506866e-02 4.97998810e+00
 5.59234172e-02 1.03122067e+00 6.74504414e-03 2.85240144e-01
 1.05084240e-01 6.63626939e-03 9.50410962e-04 5.34943491e-03
 3.97879630e-03 1.65529251e-02 1.83511451e-02 3.75748205e+00
 1.99519765e+00 6.13970309e-02 7.89929181e-04 8.93353522e-02
 1.78884901e-02 2.74314359e-03 3.74035873e-02 4.23423834e-02
 5.25823236e-03 1.10718757e-02 6.80393353e-02 1.18494904e+00
 2.11305097e-02 1.74439877e-01 5.89195639e-03 3.55876237e-03
 5.99290252e-01 8.48688185e-03 4.60657850e-03 3.93047333e+00
 1.00026255e+01 6.72603399e-03 8.92471150e-03 1.18982458e+00
 1.63200986e+00 1.27488375e-02 7.84888864e-04 1.10106543e-02
 5.70847392e-01 4.95502725e-03 5.31895459e-02 1.19114295e-03
 1.43472528e+00 1.42866477e-01 2.94656038e+00 1.91413797e-02
 1.03236735e-02 2.08976865e-01 1.98771238e+00 3.28227460e-01
 3.89392495e-01 2.89884955e-02 2.84911633e-01 8.68729129e-03
 5.68264484e+00 2.77799749e+00 1.22502184e+00 3.35244089e-02
 9.97084677e-02 5.91338015e+00 3.30967760e+00 7.71765783e-03
 1.48397759e-02 8.25586319e-02 2.86727548e-02 1.17799449e+00
 2.02304125e-01 2.66652182e-03 1.62232041e-01 2.56014180e+00
 2.65485048e-03 1.50285996e-02 5.65804422e-01 1.51175928e+00
 9.40587044e-01 5.75858727e-03 6.86878443e+00 7.99695551e-02
 1.66142136e-02 1.79108524e+00 5.07473850e+00 2.07348540e-02
 4.11063433e-03 7.31805861e-02 2.41909340e-01 1.28054991e-02
 9.14827734e-03 1.55387610e-01 5.44726670e-01 1.05852425e-01
 6.67575002e-03 1.92482024e-02 5.72956991e+00 3.12742281e+00
 1.66013122e-01 2.11124904e-02 4.71257925e-01 2.80977525e-02
 1.34624014e+01 5.27166873e-02 1.77966073e-01 2.79451758e-01
 1.51008816e+01 5.87002374e-02 7.67261162e-02 3.45958956e-02
 6.59878552e-03 2.54181027e-03 5.16765404e+00 4.42822427e-01
 7.00397253e+00 8.95143300e-03 1.08223036e-02 1.03878975e-03
 1.09191477e-01 1.87525725e+00 2.06869915e-02 1.33703053e-01
 2.09839642e-02 1.43077746e-01 8.02076244e+00 2.15074062e-01
 7.68541098e+00 1.93289667e-03 2.65360165e+00 2.41046250e-02
 3.38389325e+00 2.13539675e-02 1.63985267e-02 2.27785110e-03
 1.56551674e-02 4.26101685e-03 1.89553648e-02 2.64287740e-03
 3.16599995e-01 5.12277174e+00 1.66431665e-02 1.25858955e+01
 4.88538817e-02 1.20900586e-01 6.45444170e-03 1.50427595e-03
 1.16710782e+00 1.98969916e-02 5.06363809e-01 6.30162621e+00
 5.06172813e-02 2.05631927e-02 6.08290577e+00 6.28790408e-02],1.1175458,[1.35845852e+00 1.08676590e-02 3.30323353e-03 1.26012117e-02
 3.37384677e+00 6.18732721e-03 2.17667475e-01 2.68122740e-02
 1.06797218e-02 4.22939844e-02 7.15316832e-02 4.50823307e-02
 1.07862845e-01 3.03333551e-02 1.30323656e-02 3.96542978e+00
 1.50078908e-03 9.64710772e-01 1.27165057e-02 7.53588229e-03
 1.41885877e-03 2.66561657e-03 1.36287558e+00 6.97388127e-03
 2.06788070e-02 7.93898851e-03 2.74767354e-03 1.05576932e-01
 7.40044191e-03 2.11251155e-03 2.37796679e-02 3.00356783e-02
 4.47531417e-03 3.56027842e-01 2.96268016e-02 3.78751196e-02
 6.81952387e-02 6.00829720e-04 2.15567613e+00 3.14623863e-03
 4.50326502e-03 5.08389249e-03 1.03163756e-02 3.39820981e-05
 3.10279429e-03 6.91378689e+00 7.22785741e-02 1.51073024e-01
 8.29482675e-02 5.28343394e-03 3.05194408e-03 8.16268623e-01
 2.51555061e+00 1.09587200e-02 1.39877275e-02 6.21164590e-03
 7.78437406e-02 2.01840356e-01 1.05558932e-01 8.03849250e-02
 5.16306162e-02 6.02661552e+01 1.47697136e-01 3.35606672e-02
 2.56251730e-02 6.89926744e-02 1.68486714e+00 6.44880906e-03
 7.42635876e-03 4.16229188e-01 4.59364802e-02 4.67482209e-03
 3.78772654e-02 9.93473083e-02 9.25441980e-02 2.03368679e-01
 3.80179472e-02 4.93245199e-03 2.42881015e-01 2.05428898e-03
 1.95974298e-02 2.36652046e-03 8.86610001e-02 1.04694515e-02
 2.67101622e+00 4.00230438e-02 1.12173021e-01 7.85912275e-02
 7.17506185e-03 8.39025557e-01 2.48838961e-03 8.43238831e-03
 7.59606436e-03 3.73807549e-03 1.82022572e-01 2.64364839e+00
 4.50986922e-01 3.69188428e-01 4.78078902e-01 5.33620268e-03
 1.58499718e-01 1.47540605e+00 2.16975808e-03 4.44801867e-01
 1.39506534e-03 3.66508573e-01 7.75508955e-03 1.30921513e-01
 5.83409786e-01 2.58839130e-03 2.95815058e-02 4.99859452e-05
 3.91080976e-05 3.71769071e-03 1.04060471e-02 1.98833093e-01
 2.33889818e-02 9.81865972e-02 7.16826692e-03 4.43551779e-01
 1.04318857e-02 6.19134679e-03 2.83969976e-02 3.27390470e-02
 3.45853716e-03 2.77009085e-02 4.03964892e-03 3.49278748e-01
 1.59684569e-03 2.70618737e-01 3.46452370e-03 9.10598040e-03
 1.06949694e-02 2.72026658e-03 8.15719739e-03 1.28460491e+00
 2.85571851e-02 8.01878050e-03 4.45263460e-03 8.40221345e-02
 5.76086119e-02 4.52745333e-03 3.78389657e-03 4.44067270e-03
 6.02030195e-02 8.22951272e-03 5.31675816e-02 3.20035964e-03
 8.95795971e-03 1.12539202e-01 3.41068387e-01 5.95814362e-03
 4.26358730e-03 1.69863775e-02 6.02435684e+00 3.72261733e-01
 1.67265415e-01 2.75164284e-02 8.73258889e-01 1.01622827e-02
 2.19673999e-02 4.01362807e-01 9.68093777e+00 1.00181654e-01
 1.18100196e-01 6.21803477e-02 2.87903357e+00 7.90573657e-03
 9.04828310e-03 1.47622265e-02 3.97905298e-02 1.29653680e+00
 2.64822021e-02 6.85055926e-03 7.35554248e-02 1.98614597e-03
 1.42575242e-02 2.13393159e-02 3.92023623e-01 4.85699177e+00
 2.03473121e-03 5.99136949e-03 1.10878181e+00 9.73434821e-02
 5.52916564e-02 8.27634907e+00 1.18177533e+00 2.74498947e-02
 6.12742081e-03 9.51755196e-02 4.70057130e-01 5.03545888e-02
 5.64444810e-03 3.05092409e-02 2.89541855e-02 2.44068116e-01
 3.16939130e-02 1.76999345e-03 1.32431462e-02 3.25750411e-01
 1.21782482e+00 2.85731673e-01 3.23966682e-01 2.19531730e-02
 2.31398678e+00 4.20572758e-02 2.41387203e-01 6.24708086e-03
 3.51003438e-01 8.72512162e-02 6.27651289e-02 1.65151015e-01
 3.82665694e-01 3.74544039e-03 2.17479244e-01 2.57628471e-01
 1.82357144e+00 1.14812031e-02 1.09354198e-01 2.31257454e-03
 3.63257527e-02 6.37873352e-01 4.31936271e-02 9.72719342e-02
 4.31049243e-02 1.57427609e+00 4.35050219e-01 6.32718205e-03
 4.11130953e+00 9.41947848e-03 6.57958031e-01 1.17112756e-01
 3.98203468e+00 8.01723078e-03 2.51715668e-02 8.45566392e-03
 1.81116164e-03 3.15904617e-06 6.66622072e-03 4.61399555e-04
 2.02141181e-02 1.54378533e+00 6.53238967e-03 2.04057169e+00
 1.33492142e-01 1.84160769e-01 5.82555681e-03 7.65476376e-04
 8.64894986e-02 1.97126903e-02 2.21011177e-01 1.59582376e-01
 4.86079045e-02 2.85646692e-03 3.28474522e+00 1.07468143e-02],-961.97424,-1007.7704,-1140.0442,1.0057461,1.196758,0.92287457,0.9259163,3098.0403,-489.21948,6823.196,992.6133,0.89302075,0.09200839,0.09487676,-990.8002,990.8002,[7.3954768e+00 1.2842219e+00 7.4081326e-01 6.6601372e+00 3.5255809e+00
 8.8156586e+00 3.7379932e+01 2.6585045e+00 2.4087031e+00 1.2509507e+01
 2.5926338e+01 8.0065365e+00 3.8630369e+00 7.7817960e+00 2.0289350e-02
 9.2393999e+00 2.0438766e+00 1.6575289e+01 4.5809608e+00 1.7671659e+01
 1.0858026e+02 4.5214314e+00 1.4962423e+01 1.6143517e+01 1.4479381e+01
 1.0979620e+02 3.8404629e+01 2.3237968e+01 1.0304062e+00 8.0408564e+00
 7.0909944e+00 4.2501979e+00 9.2191124e+00 3.1294785e+01 7.3350638e-01
 1.5275308e+00 2.9582100e+00 4.3773623e+00 1.2585903e+01 1.8102262e+00
 6.7775388e+00 2.3937035e+00 1.8369628e+00 1.8625109e+00 9.2031870e+00
 7.2149925e+01 7.7340674e-01 7.6376605e+00 4.0386944e+01 3.7594891e-01
 1.1883817e+03 3.0234013e+00 1.4978787e+02 1.0762104e+01 9.3594682e-01
 6.4184785e+00 3.2729125e+00 3.3229858e+02 9.5755806e+00 1.4102731e+01
 2.1950125e+01 4.2447891e+00 8.1668682e+00 2.8234329e+02 2.9563084e+00
 2.7983787e+00 1.9478304e+02 2.3106716e+00 5.5694270e+00 1.8819279e+01
 4.0079737e+00 4.0191593e+00 3.2539544e+00 1.1030962e+00 1.5247733e+02
 4.3322174e+01 1.1513588e+01 8.9423965e+01 2.2327904e+01 6.3461299e+00
 4.3382182e+00 4.9436486e-01 3.1398659e+00 7.1416078e+00 8.3396797e+00
 1.3108535e+01 9.5723705e+00 1.2617445e+01 3.1520584e+00 9.2365028e+01
 4.5522769e+02 1.3580689e+01 5.5250254e+00 3.0548224e+00 1.2014190e+00
 5.4545937e+00 1.2735882e-01 3.7004380e+00 1.3868535e+00 4.0393063e+01
 2.2198459e+02 4.0764093e-01 5.5242695e+01 3.4991362e+00 5.0598111e+00
 7.3622079e+00 3.2888513e+00 1.7210480e+02 6.3002381e+00 4.9116880e-02
 1.4592029e+01 1.5856690e+00 1.1931179e+01 4.0986127e+02 1.6289428e+00
 4.9622223e+01 1.2532984e+00 2.8246658e+00 2.8352396e+01 1.1845038e+00
 7.3143015e+00 4.9077446e+01 3.9022470e+00 1.5396610e+00 4.0336757e+00
 9.7595177e+00 5.0762695e+02 1.2551951e-01 2.3455334e+01 3.2117993e+02
 1.2137316e+01 3.3318186e+00 7.0154185e+00 3.5205369e+00 8.8108182e-01
 1.0184937e+01 1.5421901e+01 3.9439972e+01 2.5913596e+00 3.1584511e+00
 2.9629086e+01 4.8989660e-01 1.5368322e+00 6.9448299e+00 5.1557863e-01
 9.3968182e+00 1.0515790e+00 1.0975481e+01 2.5528425e-01 4.2653473e+01
 2.2647064e+01 4.9488100e-01 8.0698633e-01 1.9475992e+01 2.0008446e+01
 6.1412205e+01 7.0076175e+00 2.9042170e+01 5.3978076e+00 6.6658554e+01
 4.1181612e+00 2.9001781e+01 1.5387783e+01 6.9934807e+00 9.9170799e+00
 8.3662090e+00 1.1539164e+01 3.0850094e+01 1.1075355e+01 1.9732650e-01
 2.6104288e+01 8.1158152e+00 1.6399485e+01 4.0218803e+01 4.2203317e+00
 1.6643779e+00 1.8958434e+00 3.3334236e+01 6.4941525e+00 7.7113519e+00
 8.2199417e+01 1.5718960e+00 7.3509226e+00 4.2064638e+00 2.9948635e+00
 2.4310155e+00 3.7452946e+01 1.8344522e+01 4.0733707e-01 6.6022797e+01
 5.1880110e-02 1.2710959e+02 3.2868495e+00 1.9778872e+01 9.7591133e+00
 3.8690906e+00 1.7677111e+01 1.4566006e+01 1.8959314e-01 3.4742329e+01
 2.2636409e+00 2.6431532e+00 3.1470594e+00 9.1515236e+00 6.3173981e+00
 5.9174380e+00 5.0096250e+00 5.2216614e+01 2.4886089e+01 6.4286566e+00
 3.0394447e+00 1.2364243e+01 6.6536009e-01 4.6434631e+01 2.0692728e+01
 4.6078033e+01 2.5539763e+00 2.6827641e+01 1.2774127e+00 4.5253868e+00
 7.9724808e+01 1.2254124e+00 3.8738297e+01 7.2293019e-01 1.4179778e-01
 1.8140678e+00 3.2378840e+00 8.4727631e+00 1.3418869e+01 9.4913101e+00
 1.5074640e+01 6.7772057e+01 4.9942352e+01 1.9017319e+01 2.2413285e+00
 3.1651793e+00 4.1892657e+00 1.8596543e+00 8.3379745e+00 3.3707874e+01
 5.3269563e+00 1.1683211e+00 3.4245571e+01 1.1437540e+01 4.7580428e+00
 4.6568279e+00 1.8517891e+01 4.4850975e-02 3.9753403e+01 4.4429836e+00
 8.5233033e-02 1.6125759e+01 1.4308140e+00 3.3641489e+00 3.5104309e+02
 2.9050970e+01],32.085846,[8.26196969e-02 3.07060647e+00 1.36102593e+00 2.37603188e-01
 4.58788919e+00 1.24945366e+00 8.38824463e+00 1.13243783e+00
 2.26546526e+00 3.45808315e+00 1.23917046e+01 4.69918394e+00
 2.70850372e+00 7.49703705e-01 1.19815769e+01 7.35539675e-01
 1.08856454e-01 5.16166592e+00 3.20527267e+00 2.08214116e+00
 1.46686447e+00 3.17579508e-02 4.51917458e+00 1.34411502e+00
 4.97989798e+00 2.67035675e+00 7.15322351e+00 1.94818354e+00
 1.73187286e-01 1.79066688e-01 2.19342422e+00 7.77612209e-01
 1.55759287e+00 2.47326732e+00 1.44543648e-02 1.26908245e+01
 1.36636381e+01 2.02657747e+00 2.55797729e+01 1.46349061e+00
 4.15966797e+00 1.30064547e+00 2.80801415e+00 1.04540718e+00
 1.26557469e+00 2.05912423e+00 3.78322983e+01 1.44522376e-02
 1.61056023e+01 1.18553867e+01 7.51613855e+00 3.18927765e+00
 5.05211473e-01 1.83862746e+00 1.42316237e-01 9.00569081e-01
 1.17095051e+01 8.04238129e+00 8.06465805e-01 1.04255641e+00
 5.75575948e-01 1.64396048e+00 9.64939892e-01 3.73198867e+00
 2.83165240e+00 1.16095412e+00 1.52348161e-01 1.26169443e-01
 5.52246428e+00 3.71123850e-01 1.84191155e+00 6.38605738e+00
 3.26606750e+00 9.98233020e-01 3.02233076e+00 3.78361740e+01
 1.54943362e-01 1.19686171e-01 1.85531104e+00 1.13233185e+01
 3.02551308e+01 2.90660143e+00 1.36774451e-01 9.86049461e+00
 7.66232491e+00 2.28946900e+00 1.60550728e-01 5.61397266e+00
 9.39401150e-01 2.27558279e+00 1.80141800e+02 2.68297052e+00
 2.62142032e-01 4.74975646e-01 4.75906342e-01 7.75604200e+00
 1.38518465e+00 6.91597939e+00 1.59997083e-02 2.78625578e-01
 6.50215149e+00 3.44553292e-01 2.83397722e+00 2.52303100e+00
 1.23638833e+00 1.87666631e+00 3.53752685e+00 1.74075806e+02
 1.76235342e+00 2.91334540e-02 1.02610320e-01 2.20960394e-01
 4.19981718e-01 4.76983887e+02 3.20551634e+00 8.61288738e+00
 6.20487928e-01 9.57883167e+00 5.49097824e+00 1.74739206e+00
 4.55791569e+00 2.26682091e+00 7.91187382e+00 8.26117229e+00
 9.03939724e-01 6.68807697e+00 1.77613245e+03 1.72265184e+00
 1.61551189e+01 6.75519657e+00 7.86096525e+00 1.26347089e+00
 1.27336574e+00 6.27757120e+00 3.60985041e+00 1.54868145e+01
 8.38101804e-01 2.07898760e+00 2.87194312e-01 7.42823631e-02
 6.00615479e-02 6.76760435e-01 1.87528360e+00 1.33630109e+00
 6.13568902e-01 5.11386931e-01 2.64746165e+00 2.54800091e+01
 5.65577745e-01 1.08830109e-01 3.28942566e+01 6.71371841e+00
 1.30550718e+00 2.77085811e-01 2.09494743e+01 9.95699463e+01
 3.61137658e-01 1.06613083e+01 1.90780067e+00 5.11740875e+01
 1.91925120e+00 2.37670279e+00 2.60535183e+01 1.03856492e+00
 2.31911972e-01 1.46466374e+00 4.05290508e+00 1.21710730e+01
 4.06390715e+00 9.84547079e-01 9.01507664e+00 5.16132236e-01
 1.44661007e+01 4.99824429e+00 2.73569971e-01 1.63691193e-02
 2.03635406e+00 5.56494507e+02 2.84555197e-01 1.91679075e-01
 3.49753265e+01 5.27340317e+00 3.20236874e+00 2.94025123e-01
 9.65700090e-01 1.00717294e+00 1.28231476e+02 7.35595703e+00
 2.61364155e+01 1.07247095e+01 1.08827066e+00 2.92848263e+01
 1.41389198e+01 3.78101444e+00 6.07221842e-01 4.50642490e+00
 9.29501534e-01 2.12813892e+01 2.13258052e+00 1.62827992e+00
 9.68006551e-02 2.74510479e+00 1.67846143e+00 5.08785009e+00
 6.55074716e-01 1.59866123e+01 4.36709404e+00 6.53131294e+00
 9.92473483e-01 7.54262954e-02 1.51112819e+00 1.28300524e+00
 1.56542853e-01 7.80406892e-01 6.73275661e+00 1.32052159e+00
 7.40615308e-01 7.33891201e+00 4.58000422e-01 1.54521551e+01
 3.59150848e+01 2.09928274e-01 4.71158171e+00 1.71712387e+00
 5.41668117e-01 4.64994240e+00 2.36768198e+00 2.43817019e+00
 1.67213094e+00 3.41196823e+00 4.53457928e+00 5.07023633e-01
 6.74294606e-02 2.04119831e-01 3.62538648e+00 1.21767259e+00
 3.01458693e+00 1.46043718e+00 1.91674089e+00 2.46208072e+00
 1.69292736e+00 1.45071054e+00 2.74194279e+01 1.11824741e+01
 1.55266476e+00 6.84008956e-01 2.27892470e+00 1.53494373e-01
 6.06705248e-02 1.34798107e+01 4.57995653e+00 6.13433886e+00
 3.69633794e+00 4.75059509e+00 4.29578876e+00 6.34311581e+00],-964.09546,-991.61804,-1096.1709,1.0543668,1.6341441,0.8743483,0.9285721,0.01975990466117859,493.99764251708984,0.6875,0.6875,-0.34696666835217493,0.0022553704286601625,-0.34699092306303575,0.0020440540724306054,-1.496330480079768,25.249999999996884,0.0,25000.0,-3.0,-1804.0,500.0,7.521788835525513,25000
1006.9865,0.05293393,0.03345856,0.0026893716,-1006.599,1006.599,[9.74255651e-02 3.09613720e-02 4.47578162e-01 3.12188640e-02
 2.49502137e-02 1.12530142e-01 1.62339842e+00 5.14723435e-02
 1.29765737e+00 6.30194917e-02 1.80783778e-01 1.60854794e-02
 3.42373395e+00 1.67896736e+00 1.02386534e-01 1.79433656e+00
 1.87346172e+01 1.03243351e-01 8.42107594e-01 4.26590586e+00
 1.43771768e-01 5.95204294e-01 6.34815097e-01 2.17720532e+00
 9.44543183e-02 2.32973918e-01 6.35451823e-02 3.96254718e-01
 1.09356180e-01 8.25802803e-01 5.18532284e-02 1.41632274e-01
 4.46695938e+01 4.39025462e-02 3.79742146e-01 1.24889374e+00
 1.35657340e-02 3.25019844e-02 1.27001181e-02 2.82865047e-01
 5.75397491e+00 5.26968241e-01 2.76504830e-02 6.08828664e-02
 6.73159957e-02 2.21012650e+01 9.98926461e-02 7.94540644e-02
 1.16930294e+00 1.22675031e-01 5.99192715e+00 1.00859106e-01
 2.79961169e-01 1.41912174e+00 1.00025630e+00 1.46622956e-03
 1.82318702e-01 1.09968793e+00 1.57698132e-02 5.00921607e-01
 6.71843737e-02 4.08603735e-02 7.50946701e-02 3.85624975e-01
 7.19632530e+00 3.31618339e-02 1.18138433e-01 3.22100855e-02
 6.11737370e-03 2.67472029e+00 5.54326391e+00 3.15280199e-01
 5.36261275e-02 1.37300158e+00 1.78494945e-01 3.58846486e-01
 4.52955067e-02 4.31843996e-02 4.09606981e+00 7.41065443e-02
 1.02321923e+00 1.32046890e+02 6.10485263e-02 1.03928149e-02
 6.14354983e-02 1.13665596e-01 3.17421928e-02 1.18905973e+00
 3.04164004e+00 9.08915997e-01 2.85491973e-01 3.16463757e+00
 5.21420002e-01 7.03821629e-02 4.40026879e-01 6.59071058e-02
 3.58234107e-01 1.26692057e-01 3.70019078e-01 2.45144099e-01
 6.96486384e-02 6.51358813e-02 4.28235084e-02 2.21653655e-02
 3.70816030e-02 1.09389611e-01 1.93248726e-02 1.66273132e-01
 5.24137306e+00 4.08314615e-02 1.10159695e-01 1.17102742e-01
 3.52881610e-01 6.09425128e-01 9.33400169e-02 1.17534029e+00
 2.98170662e+00 1.03221714e+00 6.19738674e+00 1.14632499e+00
 3.06574076e-01 2.93490028e+00 4.83863987e-02 1.89438201e-02
 1.82554913e+00 1.16827404e+00 5.30244541e+00 6.66978359e-02
 5.02509251e-02 2.85285205e-01 4.96033616e-02 4.15232688e-01
 8.35754350e-03 5.27783111e-02 1.13814875e-01 2.67562807e-01
 4.89754200e-01 5.75203419e-01 7.71966875e-02 2.18265131e-01
 3.48238982e-02 1.37016177e+00 1.73458219e-01 9.89980251e-02
 4.09254134e-02 2.12694891e-02 2.52091432e+00 4.88629913e+00
 5.00662422e+00 2.97881156e-01 1.92984834e-01 6.12927973e-02
 9.76177454e-02 4.70598817e-01 7.09914044e-02 9.69082117e-02
 1.14456564e-01 2.69020289e-01 2.60404468e-01 1.45322847e+00
 3.97904664e-02 3.67875338e-01 1.90827802e-01 1.95928402e-02
 6.80728018e-01 1.70470929e+00 4.25440121e+00 2.82230606e+01
 2.02055126e-02 5.85942641e-02 4.44713235e-02 5.80723286e+00
 1.65300865e+01 5.16332269e-01 3.02216530e-01 1.10142255e+00
 4.42503095e-01 2.01981723e-01 3.78026915e+00 1.58676147e-01
 6.94244981e-01 5.03670946e-02 4.51419391e-02 5.65489531e-01
 4.26706910e-01 1.89397469e-01 1.11043108e+00 7.00707585e-02
 1.02775526e+00 9.53010470e-03 4.83736277e+00 3.90221179e-02
 3.92927408e-01 6.96132481e-02 3.35241771e+00 4.34351593e-01
 1.12285042e+00 2.53128290e+00 5.42943954e-01 4.39143851e-02
 1.13397613e-02 1.12015337e-01 2.30429769e-02 1.67922676e-01
 1.15249589e-01 1.36336386e-02 1.63636208e+01 1.82829216e-01
 4.09184933e-01 1.54770017e-02 7.16186583e-01 7.03763440e-02
 2.19340158e+00 2.03087616e+00 2.03177238e+00 2.67918491e+00
 3.04949343e-01 8.43106806e-02 4.81157303e-02 3.35311182e-02
 2.11765194e+00 1.43730938e-02 3.63837555e-02 4.75370325e-02
 2.86445260e-01 4.07017022e-02 1.45947374e-02 9.13330436e-01
 7.35196829e-01 8.92876446e-01 3.23785134e-02 4.11187315e+00
 3.87814641e-02 3.34450006e-01 8.22527766e-01 1.19971111e-01
 3.99102271e-03 4.33858521e-02 3.58382836e-02 9.89840746e-01
 5.36464810e-01 1.44504942e-02 9.69664693e-01 5.55522263e-01
 2.05442995e-01 8.11394596e+00 7.67420530e-02 5.75381517e-03
 4.62973416e-02 1.39026940e-02 2.06161141e-02 4.36616421e-01
 1.66833550e-01 9.84894037e-02 6.83273375e-03 4.35622074e-02],2.93515,[1.53398067e-01 8.81222636e-03 2.81651020e-01 4.70797002e-01
 6.57243282e-02 5.95504045e-03 1.90635957e-02 1.50882788e-02
 1.34909749e-01 4.47321571e-02 8.52820277e-01 1.34130269e-02
 1.04697049e-03 9.95497823e-01 1.60169974e-02 4.94613685e-02
 2.90676856e+00 3.43950033e-01 1.15670338e-02 1.40840083e-01
 8.12861919e-02 1.49007589e-02 6.83670789e-02 1.96683204e+00
 6.58944547e-02 7.20343143e-02 1.39649257e-01 7.19435513e-03
 8.03845525e-02 1.17739379e-01 1.81291252e-03 3.00598890e-03
 3.90172821e+02 3.93900648e-03 5.95567003e-02 1.81121811e-01
 4.99149039e-03 2.73022428e-03 1.13876238e-02 3.77332926e-01
 8.77407193e-03 4.29132134e-02 1.28437787e-01 3.03551108e-02
 8.06820393e-02 7.29539728e+00 7.98083842e-03 1.25766933e-01
 1.68696016e-01 4.19940591e-01 1.67527944e-01 1.13209501e-01
 2.15151453e+00 4.15030606e-02 3.40956628e-01 1.27224363e-02
 9.84219074e-01 6.08908422e-02 5.06458431e-03 4.45168763e-01
 8.58618319e-02 8.99915844e-02 1.79015398e-02 2.06482291e-01
 1.81066942e+00 8.67936760e-03 2.56888032e+00 4.01650742e-02
 1.01629086e-02 5.88454679e-02 3.21115875e+00 1.08196989e-01
 2.16875225e-04 1.96518469e+00 1.97172403e-01 8.66230279e-02
 1.68853343e-01 8.31384212e-04 4.32600832e+00 5.68259507e-03
 1.43618166e-01 6.35753727e+00 4.32432070e-03 4.15807915e+00
 6.37306273e-03 1.36181489e-01 2.29696408e-02 1.12058699e-01
 8.95437956e-01 8.33782926e-03 1.77264154e-01 1.58957578e-02
 5.66355288e-02 1.16250217e-01 5.12599230e-01 5.16472831e-02
 9.20468941e-03 2.88232602e-02 2.75509715e-01 2.15017870e-02
 1.25916600e-01 7.35796988e-03 9.81377438e-03 2.03503519e-02
 1.78109407e-02 2.64193565e-01 8.98472220e-03 5.41286826e-01
 1.62484980e+00 1.72949508e-02 1.05067894e-01 3.41064036e-02
 1.55561119e-01 5.59964299e-01 1.28653362e-01 5.16982555e-01
 1.89797163e-01 3.32321107e-01 9.97237968e+00 2.47598693e-01
 2.09794194e-01 2.57961929e-01 8.58186558e-03 3.98556180e-02
 1.00970447e-01 6.54143840e-03 8.60446751e-01 1.15554944e-01
 4.16606843e-01 1.09092012e-01 1.24113448e-02 1.90158375e-02
 1.54945143e-02 2.02178396e-02 3.21663916e-04 1.28506690e-01
 1.27341080e+00 8.96339536e-01 3.37697566e-03 7.33933225e-03
 2.33166292e-02 9.50787142e-02 4.00457203e-01 5.56863286e-02
 8.53035599e-04 1.06294408e-01 2.38312602e+00 4.37263288e-02
 9.37825441e-01 2.31863946e-01 6.81612015e-01 1.74196437e-03
 1.73887312e-02 6.88753426e-02 2.02244818e-01 6.93405047e-03
 4.23232555e-01 2.93286204e-01 3.22525024e-01 1.12609649e+00
 1.55717805e-02 3.49377573e-01 7.02128112e-02 1.78979710e-02
 3.89491260e-01 4.34911549e-01 2.10848951e+00 2.83943750e-02
 8.03010106e-01 1.22093916e-01 2.34700739e-04 1.05743284e+01
 4.76227283e-01 5.41119650e-02 2.36245282e-02 4.14820290e+00
 1.58700883e-01 1.45495549e-01 3.10930729e-01 4.28279042e-02
 2.02659667e-01 5.66692390e-02 1.77076831e-03 1.61599398e-01
 7.54908979e-01 2.17782930e-02 1.24937028e-01 2.03286447e-02
 9.26587731e-04 1.11967325e-02 4.51408243e+00 5.88581450e-02
 1.94112211e-03 1.39004737e-03 1.61537361e+00 2.61371017e-01
 2.62947708e-01 1.23240292e+00 1.52100220e-01 2.47187167e-03
 1.22357666e-01 7.41900876e-02 4.80210558e-02 1.69934943e-01
 1.11265659e+00 4.54688817e-03 5.01697273e+01 2.61003494e-01
 1.60088569e-01 4.92427498e-03 1.53334439e-01 1.26417354e-02
 3.47362459e-01 9.81690437e-02 2.85416037e-01 2.19506931e+00
 5.49729206e-02 2.29199603e-03 3.56062949e-01 1.39134794e-01
 4.66054119e-02 7.86411762e-02 1.51000656e-02 4.92332615e-02
 3.65607649e-01 1.23918325e-01 1.03547312e-02 5.92739344e-01
 7.51028061e-01 4.19887424e-01 7.26282597e-03 5.84884453e+00
 5.33497334e-03 2.34251499e-01 4.78804141e-01 1.21753290e-01
 4.94410172e-02 8.24863091e-03 6.25586882e-03 1.32149220e+00
 3.31933856e-01 1.28210559e-02 1.47578061e-01 1.04328310e+00
 1.54601812e-01 4.47364658e-01 3.39065231e-02 4.01503816e-02
 1.93221122e-02 5.12812287e-03 1.06106773e-02 1.18396461e-01
 2.35175580e-01 2.06874683e-02 2.60544568e-03 1.92206249e-01],-939.5747,-1007.5751,-1181.8848,0.9999868,1.2446443,0.86393344,0.9254377,350.34158,-9653.924,12020.639,992.9408,0.96688575,0.10924261,0.11093831,-990.8815,990.8815,[1.89174807e+00 5.82645237e-02 3.02195644e+00 2.04961071e+01
 2.00809479e+01 2.30819824e+03 9.90749741e+01 7.50664282e+00
 5.61290169e+00 3.44586792e+01 9.48176727e+01 3.29533005e+00
 9.61085968e+01 3.58722734e+00 1.20192852e+01 1.62540257e-01
 2.09219513e+01 1.63759243e+00 3.82234924e+02 2.13320068e+02
 3.16369324e+01 2.82768869e+00 1.85772858e+01 6.88864899e+00
 3.90604935e+01 3.22086120e+00 1.00146627e+01 6.78632689e+00
 1.53692884e+01 7.37173736e-01 1.82580414e+01 2.31772728e+01
 5.07749023e+03 1.05667553e+01 1.17754936e+02 7.67945290e+00
 9.74088745e+01 1.11308922e+02 3.80131760e+01 5.04567969e+03
 5.30802490e+02 1.25035658e+01 1.23561144e-01 7.10968323e+02
 9.08284664e+00 5.20481205e+00 4.24921417e+00 4.27188873e+01
 4.24766235e+02 7.07850742e+00 1.28284607e+01 4.69611216e+00
 3.75136137e+00 1.58491745e+02 2.72709713e+01 4.46929264e+00
 1.37902435e+02 5.22548866e+01 4.98983979e-01 5.41548386e+01
 5.97036316e+02 6.08354874e+01 4.30381508e+01 2.73967560e+02
 5.33214760e+00 4.12409859e+01 1.76675093e+00 7.99023986e-01
 1.01418252e+04 3.02417049e+01 3.06811190e+00 1.50147266e+01
 3.90237389e+01 9.74648056e+01 1.14343643e+01 1.03060246e+01
 6.12079620e+00 3.09646606e+00 1.20723133e+01 7.55663204e+00
 2.23373532e+00 1.52846466e+02 5.89387035e+00 2.42063904e+01
 9.89912891e+00 2.40932655e+01 1.22494194e+02 5.19779778e+01
 4.43987579e+01 1.80078373e+01 4.72814500e-01 1.12970276e+01
 1.32469482e+01 3.02285105e-02 2.11697435e+00 6.52092209e+01
 8.27691436e-01 2.15613136e+01 3.71257257e+00 2.40438509e+00
 4.91336346e+00 4.11142921e+01 6.31578684e+00 4.93249893e+00
 4.34963913e+01 2.52485523e+01 6.18754721e+00 8.54902744e+00
 3.39233170e+01 2.64608574e+01 1.56161964e+00 1.44270124e+01
 9.49168682e+00 2.68694000e+02 9.44508457e+00 1.52908850e+00
 1.90992126e+01 1.29394760e+01 1.67512751e+00 1.26362371e+00
 9.22431488e+01 7.17126727e-01 4.37059999e-02 3.62287292e+01
 1.82025642e+01 1.15223503e+00 6.39108944e+00 1.71791382e+02
 3.93809631e+02 3.22467422e+01 1.41927691e+01 1.49045706e+00
 8.59641037e+01 2.39879704e+00 1.69877505e+00 1.07541313e+02
 2.37595898e+03 7.60117912e+00 8.37597370e+00 1.13970633e+01
 4.67730570e+00 4.27923633e+03 1.27369213e+00 5.65833187e+00
 1.99368114e+01 2.30913940e+03 1.94182861e+02 1.60187969e+01
 4.63677120e+00 4.39383774e+01 5.29068470e+00 1.40129805e+01
 3.35577583e+01 1.57207651e+01 5.37494965e+01 3.83146172e+01
 1.02437687e+01 6.14030640e+02 1.02243233e+00 7.12388849e+00
 9.90386367e-01 8.35070801e+00 2.44449787e+01 1.62309036e+01
 5.49299240e-01 2.27430573e+01 9.42056656e+00 9.46289444e+00
 2.94683800e+01 1.66141464e+02 1.72532654e+01 2.65381169e+00
 4.94718981e+00 1.16978283e+01 5.93387365e-01 1.91793394e+00
 4.80362368e+00 2.49239159e+00 5.29227409e+01 2.66997910e+01
 1.89209080e+00 5.21975183e+00 9.82337570e+00 9.71157455e+00
 1.11551523e+01 1.23883257e+01 3.49473038e+01 2.06036949e+00
 3.62407804e-01 1.43608313e+01 1.12309017e+01 2.64772606e+00
 2.04207439e+01 1.76496353e+01 2.97613859e+00 4.19065437e+01
 6.68428802e+01 1.61165218e+01 1.60372181e+01 1.64512730e+01
 1.06647925e+03 2.41420135e+01 6.16760635e+00 1.72046733e+00
 3.71964462e-02 9.99697590e+00 6.50226641e+00 2.46509567e+02
 1.20210056e+01 1.82780075e+01 2.94044552e+01 2.90743294e+01
 2.34610629e+00 3.50880737e+01 6.16706991e+00 4.44309616e+00
 2.20101213e+00 5.37144899e+00 7.89027100e+01 4.51316786e+00
 1.68514276e+00 1.02867861e+01 1.46713470e+02 6.36263752e+00
 5.01165724e+00 1.50800695e+01 8.28715324e+00 4.81782705e-01
 1.00821814e+03 1.45789325e+00 3.41046691e+00 1.84598969e+02
 9.04852676e+00 2.88952971e+00 1.27583253e+00 1.14422588e+01
 4.21060085e+00 5.42361307e+00 1.40584984e+01 5.50729215e-01
 2.90007973e+00 1.25677162e+02 4.10670280e+00 1.10890703e+01
 1.27675419e+01 4.27046318e+01 2.01266766e+00 1.29820999e+02
 1.53740125e+03 1.52617674e+01 8.97826477e+02 2.37242393e+01
 3.99231195e-01 8.16060162e+00 4.75571901e-01 1.55092344e+01],339.90723,[4.20256386e+01 9.27253437e+00 7.01683903e+00 1.69782619e+01
 5.61522865e+01 4.09589160e+03 2.69578247e+02 1.36444616e+01
 5.61990623e+01 1.19667068e+02 6.21065598e+01 9.60382938e+00
 3.10768461e+00 1.94897604e+00 1.66249485e+01 2.88423252e+01
 5.38017120e+01 3.58454170e+01 1.07440405e+03 8.21427429e+02
 1.86280751e+00 1.11828232e+01 6.76593637e+00 1.37829962e+01
 1.77134190e+01 5.23080587e+00 4.42171021e+01 6.36038685e+00
 2.30128899e+01 4.03168964e+00 3.50481939e+00 4.70678663e+00
 1.28963220e+03 3.83330994e+02 2.42058411e+02 7.55496919e-02
 9.28261871e+01 7.70178299e+01 1.04710984e+00 5.26114111e+03
 7.04817444e+02 1.53344460e+01 4.07706642e+00 6.22730774e+02
 3.66767883e+01 9.74329281e+00 4.08239670e+01 1.18278694e+01
 6.76923889e+02 4.45134163e+00 5.53373222e+01 2.81563702e+01
 1.62456665e+01 1.37803024e+02 6.79019226e+02 6.00512218e+00
 2.01727203e+02 3.21303101e+01 2.15185308e+00 6.85507631e+00
 1.32246313e+03 2.73046436e+01 4.17397537e+01 4.19574707e+02
 7.75423527e+00 1.57810333e+02 1.05772524e+01 2.37727051e+01
 1.17602217e+04 1.52168572e-01 7.80402946e+00 5.09483566e+01
 1.18210495e+02 7.54354004e+02 3.79553223e+01 5.83971500e+00
 8.67351341e+00 1.42055695e+02 1.35520678e+01 5.76594925e+00
 1.28479350e+00 4.89058495e+01 8.88207257e-01 5.48249435e+00
 2.08618283e+00 6.74166918e+00 7.40879669e+01 3.67528076e+01
 4.82208109e+00 8.92711735e+00 1.41942307e+02 2.30350571e+01
 4.18915689e-01 2.24249001e+01 2.72227936e+01 7.35677795e+01
 5.39898777e+00 7.91761112e+00 2.64123535e+00 1.09878933e+00
 2.04844666e+01 5.99245987e+01 1.86921844e+02 7.67172050e+00
 1.05645615e+02 5.94337893e+00 1.90047054e+01 6.90635681e+00
 3.52704096e+00 1.44284042e+02 5.16941309e-01 7.26347275e+01
 1.95448816e+00 7.42590790e+01 1.46563172e+00 1.01627359e+01
 2.12177490e+02 4.52292871e+00 4.05009317e+00 3.80377674e+00
 3.25291252e+01 2.40486813e+00 2.83901596e+01 3.44686890e+01
 2.48908997e+00 3.12993377e-01 3.78012939e+02 2.91306824e+02
 2.35517685e+02 1.33610878e+01 9.40889168e+00 3.07323337e-01
 1.95593605e+01 1.89113522e+01 1.22352839e+01 7.92036591e+01
 1.60856543e+03 7.84986420e+01 7.08879471e+01 9.88260803e+01
 4.80801296e+00 5.68298730e+03 1.01028385e+01 2.19913284e+02
 1.09263763e+01 9.28711426e+03 6.26200989e+02 1.47290859e+01
 3.97614365e+01 3.96870518e+00 2.99682474e+00 6.15424585e+00
 5.16536331e+00 1.58950186e+01 6.31111069e+01 1.78901577e+00
 4.27514496e+01 9.12580139e+02 2.30515927e-01 2.42985702e+00
 5.01974726e+00 1.09162843e+00 9.38463306e+00 1.22326431e+02
 1.93187637e+01 1.21690397e+01 6.44827652e+01 8.51171875e+00
 2.20510712e+01 7.45654526e+01 6.51115704e+00 4.89785271e+01
 1.57375355e+01 2.01303101e+01 2.01863736e-01 1.93724179e+00
 6.25689468e+01 1.87192192e+01 4.94050140e+01 9.02280960e+01
 2.96657228e+00 2.12883070e-01 7.37101936e+00 7.13798618e+00
 1.08879690e+01 1.12683525e+01 7.24271774e+01 2.18580017e+01
 2.67594886e+00 2.58586609e+02 2.69087493e-01 4.10504723e+00
 1.14624815e+01 2.92402916e+01 7.62512732e+00 1.10703812e+02
 1.92043427e+02 8.05358734e+01 7.84429245e+01 1.61876965e+00
 2.43787476e+03 3.14129547e+02 1.50934296e+01 9.65406265e+01
 6.74408875e+01 9.45955157e-01 5.10792160e+00 3.95471875e+03
 7.81116562e+01 1.08266382e+01 4.78894539e+01 2.04488773e+01
 8.20461273e+00 6.42608166e+00 1.67292664e+02 2.04140530e+01
 2.31351686e+00 8.37565308e+01 2.04585861e+02 5.58590221e+00
 1.44432545e+01 2.54795094e+01 6.63564072e+01 2.13170481e+00
 1.44524059e+01 1.63952408e+01 1.94940582e+02 1.06110516e+01
 4.10214661e+02 4.77530861e+00 7.04479647e+00 1.11480881e+02
 4.78612280e+00 6.60620034e-02 4.90070057e+00 2.97287617e+01
 1.82824726e+01 4.63146019e+01 1.51985489e+02 1.17339611e+00
 2.58701649e+01 2.32760239e+02 4.13709784e+00 5.13262844e+00
 9.69222565e+01 1.16085289e+02 1.08581638e+01 1.97456329e+02
 3.79511377e+03 1.48664837e+01 1.41402515e+03 4.11297607e+01
 1.26037369e+01 2.51488495e+00 7.22964525e-01 5.25728493e+01],-944.51807,-994.23315,-1153.7406,0.98980033,2.2700756,0.7136811,0.9230007,0.01690649662017822,916.660071849823,0.3125,0.3125,-0.1457915576344183,-0.0005055368705336195,-0.14580357636233032,2.762864424150692e-06,-0.6525986340609579,25.249999999996884,0.0,50000.0,-7.0,-3569.0,500.0,7.879001140594482,50000
1016.9774,0.0778088,0.05960458,0.0027490654,-1016.3036,1016.3036,[8.32118452e-01 5.32991290e-01 6.85305595e-01 6.68331861e-01
 2.41644144e+00 9.14834440e-01 4.56800044e-01 1.13535643e+00
 1.37442327e+00 1.81855810e+00 3.26748967e-01 2.19108319e+00
 1.45565689e+00 1.70993239e-01 7.10878944e+00 7.19170272e-01
 3.32011747e+00 5.23513138e-01 9.10307693e+01 3.20434427e+00
 6.80807190e+01 9.91628170e-01 8.45965743e-01 2.29669833e+00
 1.41999078e+00 5.35868406e-01 5.21180451e-01 9.35413837e-02
 2.20840469e-01 5.99252987e+00 1.10168076e+00 1.35668254e+00
 3.45925879e+00 2.32243508e-01 4.79474366e-01 8.43973041e-01
 8.01214874e-01 6.09970167e-02 1.41810584e+00 3.20424378e-01
 1.09529591e+00 8.84473562e-01 5.14859140e-01 2.34409499e+00
 6.76495731e-01 3.49671412e+00 5.11419959e-02 5.18435597e-01
 2.06832021e-01 2.08485126e+00 1.62620103e+00 4.16788191e-01
 1.42461491e+00 2.59431839e+00 6.96943879e-01 5.15220737e+00
 7.24036455e-01 1.43015295e-01 7.90958881e-01 3.79592806e-01
 2.12288666e+01 5.03038168e-01 3.25374126e-01 1.15064651e-01
 1.30447149e+00 7.38729119e-01 5.62612057e-01 5.25534928e-01
 4.14480972e+01 8.53150487e-01 5.47676563e-01 2.70237207e-01
 4.81262356e-01 4.48175706e-02 1.27717471e+00 5.86032629e+00
 1.78521052e-02 2.01857567e-01 1.59989858e+00 3.45115960e-01
 2.47701004e-01 1.54715687e-01 1.67980881e+01 1.75721240e+00
 7.34229088e-01 5.11881471e-01 8.53963971e-01 1.63484311e+00
 8.11501861e-01 9.31398153e-01 2.18747929e-01 1.05060978e+01
 7.08028197e-01 8.39796841e-01 6.09445512e-01 2.54024386e+00
 6.13883972e-01 3.57773781e-01 9.33653450e+00 8.00499082e-01
 1.33262482e+01 8.39107752e-01 6.31317973e-01 6.41410053e-01
 4.60174114e-01 1.17416799e-01 3.48115385e-01 2.12285593e-01
 6.08163893e-01 4.74088848e-01 5.17271101e-01 1.13280039e+01
 7.22018838e-01 1.71667963e-01 2.72951927e+01 6.48790002e-01
 2.27898540e+01 5.63945353e-01 7.82831550e-01 4.98136139e+00
 6.47076011e-01 1.05268323e+00 1.38914895e+00 5.94584036e+00
 1.15242690e-01 1.52428508e+00 5.82376599e-01 4.76531565e-01
 3.18456590e-01 4.92290288e-01 6.81853712e-01 3.20678186e+00
 4.43400770e-01 3.43332067e-02 4.18600142e-01 1.73546627e-01
 2.38111228e-01 7.88105428e-01 1.51225173e+00 7.27769852e-01
 1.27288270e+00 1.19570124e+00 8.13762307e-01 6.66952014e-01
 8.07608545e-01 5.61195254e-01 3.98404181e-01 8.47098410e-01
 6.00255251e-01 4.57206279e-01 3.29642272e+00 4.76384103e-01
 2.33083069e-01 9.48844671e-01 8.03210020e-01 4.50491309e-01
 3.21897805e-01 8.31300437e-01 1.16485023e+00 8.10458958e-01
 7.34359026e-01 3.43658090e-01 1.27212548e+00 3.58292133e-01
 3.56502438e+00 3.10718632e+00 5.19405961e-01 4.49319988e-01
 3.32365990e+00 6.02214813e-01 8.99590135e-01 4.20949996e-01
 1.61560571e+00 7.64583766e-01 1.67668867e+00 4.27906513e-01
 7.48572886e-01 3.48722887e+00 4.68265712e-01 6.12572074e-01
 2.31266713e+00 9.85448003e-01 7.46368289e-01 1.86490858e+00
 7.20906258e+00 2.24541817e+01 1.57989025e-01 5.33007532e-02
 2.91176105e+00 5.54136467e+00 6.46836758e-01 6.97746575e-01
 7.15405226e-01 2.98981071e-01 1.43605307e-01 1.05531740e+00
 9.52713776e+00 1.42354107e+01 1.43721132e+01 3.27350557e-01
 2.57010996e-01 8.08778667e+00 2.94811398e-01 1.79421604e+00
 1.89473534e+00 5.20801306e-01 7.37598300e-01 5.37824297e+00
 5.38691819e-01 4.44484413e-01 6.51787877e-01 4.29909658e+00
 5.26975751e-01 1.19800920e+01 6.59304023e-01 1.04520810e+00
 5.39211631e-01 2.61108947e+00 1.31016803e+00 4.24403489e-01
 5.53939700e-01 1.22253075e-01 1.69430327e+00 2.17875290e+00
 3.57543856e-01 3.00966054e-01 2.17203732e+01 1.17011762e+00
 5.24117589e-01 3.84369469e+01 1.44904985e+01 8.75439286e-01
 7.80563354e-01 2.98371822e-01 6.76759481e-01 6.44779563e-01
 1.76790163e-01 6.27413213e-01 1.78980398e+00 3.33274055e+00
 4.34563923e+00 3.04155469e-01 7.16792524e-01 8.36701542e-02
 1.87282348e+00 4.56265807e-01 5.62692213e+00 1.47470701e+00
 4.47653353e-01 3.18727016e+00 4.49734974e+00 1.52621088e+01
 8.84689540e-02 1.44197917e+00 3.88441175e-01 5.24951077e+00],3.5314894,[1.8852261e-01 2.9759562e-01 1.4042115e-01 3.5678685e-01 2.2812672e+00
 9.7337723e-01 2.8902000e-01 7.5875628e-01 2.5950080e-01 6.0288656e-01
 3.0329433e-01 4.0426707e-01 5.2744341e-01 7.8292614e-01 6.9184816e-01
 4.3896428e-01 3.2308683e+00 1.9117402e-01 2.3901878e+01 2.4610534e-03
 2.4096432e+01 3.4061438e-01 4.5403790e-01 9.1358691e-01 1.2436259e+00
 1.3263634e-01 4.4583893e-01 8.7808743e-02 3.2475227e-01 4.3900764e-01
 1.0187484e+00 3.9519984e-01 2.4135095e-01 1.0762969e-01 4.7986042e-01
 6.0067987e-01 4.4363421e-01 4.0550798e-01 4.6556711e-01 3.3216611e-01
 5.7904541e-01 3.2875848e-01 5.7302430e-02 7.2518069e-01 3.5392660e-01
 7.9938083e+00 4.0956056e-01 3.3660761e-01 1.4932772e+00 1.7968991e+00
 5.8703959e-01 1.7778552e-01 4.7691407e+00 3.6161378e-02 2.9879791e-01
 7.4036396e-01 1.8331730e-01 1.8941236e-01 2.5036862e-01 1.9905716e-01
 6.1339498e-02 3.9201650e-01 9.5398679e-02 1.7065555e-02 5.1032454e-01
 3.2009840e-01 4.8967865e-01 1.5517262e-01 1.5203983e+00 3.4703135e-01
 2.2103867e-01 1.8172652e-02 3.1175733e-01 1.2186587e+00 4.5948702e-01
 5.7803202e-01 8.9851499e-02 8.8941818e-01 6.5531567e-02 3.2698953e-01
 1.3070197e+00 1.7492659e-01 1.4348617e+01 8.8173046e+00 4.6151558e-01
 4.9266708e-01 2.8286311e-01 7.8624040e-01 2.2153881e-01 3.8579929e-01
 3.9035276e-02 1.7954168e+01 1.6697153e-01 4.4234964e-01 4.5725548e-01
 2.6353207e+00 9.4950885e-02 4.8275435e-01 1.2118013e+00 5.0478464e-01
 8.5381248e+01 3.8212255e-02 4.3597215e-01 4.5343709e-01 4.3576199e-01
 2.1796200e+00 3.7751436e-01 6.4560130e-02 3.0542642e-01 4.1784817e-01
 4.7231933e-01 6.0622466e-01 2.7644306e-01 4.1445908e-01 5.9281592e+00
 2.1394312e-02 2.9590163e+00 4.2866564e-01 2.9559907e-01 7.0420737e+00
 3.3896483e-02 1.0333486e-01 2.4487264e-01 6.5279441e+00 1.2777658e-01
 1.7480724e+00 4.3151981e-01 7.4337059e-01 4.1651964e-01 4.7472215e-01
 3.1118345e-01 8.8766357e+01 1.0586176e-02 9.6906561e-01 1.5812080e-01
 2.5425863e-01 1.9915348e-01 4.1564602e-01 8.1996405e-01 4.8727304e-01
 7.5448418e-01 2.5205499e-01 5.0648558e-01 1.3202313e-01 4.9434012e-01
 3.4236610e-01 4.3532395e-01 3.3166403e-01 5.4586184e-01 1.4430167e-01
 3.4497178e-01 1.5630144e-01 2.2425777e-01 2.1353805e-01 2.5708443e-01
 2.5108582e-01 8.3944845e-01 2.9520792e-01 3.0264711e-01 1.4087148e-01
 2.7906603e-01 6.6196972e-01 1.9923900e-01 4.0250552e-01 3.5279844e+00
 8.9693439e-01 3.3418465e-01 4.1850749e-01 1.7908141e-01 4.9548626e-01
 3.1275314e-01 4.9151331e-03 7.6529443e-01 1.2769409e-01 4.4273335e-01
 4.0340745e-01 2.6799887e-01 5.8800602e+00 2.8712484e-01 2.0399883e-01
 3.7273270e-01 6.1359763e-01 3.5987169e-01 7.0674008e-01 2.0130217e-01
 6.1191879e+01 2.1305218e-01 8.2386971e-02 1.3930438e-01 1.1796328e+01
 3.4779537e-01 4.7124064e-01 2.8770381e-01 2.2517094e-01 3.4668689e+00
 3.1706271e-01 7.1661818e-01 4.4163150e-01 1.3101747e+01 9.2415839e-02
 2.2407830e-01 6.5939873e-01 3.5647547e-01 3.9827824e-01 8.2305646e-01
 1.7776743e-01 4.1811764e-01 1.1835275e+00 2.9290831e-01 4.0853626e-01
 3.6807501e-01 9.0711296e-01 3.5314441e-01 1.7176828e+00 2.2888356e-01
 4.7674194e-02 4.2077065e-01 7.1277809e-01 1.0585486e+00 2.6972967e-01
 4.3446892e-01 3.2655671e-01 6.0415447e-01 6.7421693e-01 5.3206891e-01
 1.3587752e-01 2.1412405e-01 2.5960300e+00 1.3738326e+00 4.8625336e+01
 6.7720985e+00 1.7519397e-01 3.8013941e-01 1.5625234e-01 4.5502722e-01
 3.7058401e-01 5.6858504e-01 3.7821418e-01 1.4538446e-01 1.0128301e+00
 1.4982177e-01 2.8534794e-01 1.6703689e-01 1.2657441e-02 1.0825945e+00
 8.8653341e-02 2.8012750e-01 1.9525257e-01 3.2658476e-01 6.2605321e-01
 2.1939459e+01 9.4736040e-01 3.8203239e-01 5.4101926e-01 3.4787059e-01
 2.5027266e-01],-967.4527,-1018.37036,-1303.5474,1.004844,1.0762246,0.91431034,0.92588985,1950.466,-454.54404,3224.4155,1002.1196,0.9608242,0.13620307,0.10355451,-999.79675,999.79675,[2.12310104e+01 5.83208656e+01 6.55402603e+01 1.19879169e+01
 4.78461914e+01 2.27154770e+01 5.32211494e+01 8.96785259e-01
 4.74219179e+00 1.23183689e+01 5.36327133e+01 1.91660252e+01
 6.17954834e+02 2.88082764e+02 5.31914253e+01 4.37914893e+03
 1.70225977e+03 5.20995369e+01 1.27876968e+01 1.45647797e+02
 4.87827110e+00 8.18134460e+01 7.62873764e+01 2.46035736e+02
 8.95929694e-01 4.54608917e+00 1.90495682e+01 1.06156815e+02
 3.17949066e+01 3.74529266e+00 8.47537804e+00 1.47923431e+02
 5.17205286e+00 3.64438934e+01 6.03879433e+01 8.44226367e+03
 7.15405273e+00 1.36860950e+03 8.95407009e+00 4.48301601e+00
 7.09974136e+01 4.56160049e+01 4.88840485e+00 2.53317480e+03
 3.45004616e+01 2.19868393e+02 2.03428833e+03 8.07410812e+00
 2.09219284e+01 4.65075970e+00 1.23422180e+02 2.27675891e+00
 1.55337925e+01 1.09852104e+01 6.11288500e+00 6.13736115e+01
 2.89282196e+02 1.12479932e+03 1.20337667e+01 9.16900635e+01
 8.05892086e+00 3.79691187e+03 2.43035774e+01 2.50915378e-01
 8.35858688e+01 9.59954411e-02 5.12005692e+01 8.59955215e+00
 1.59215488e+01 3.64028511e+01 2.72210388e+01 1.50217094e+01
 1.16973124e+01 1.04457634e+02 2.41319466e+01 1.09497783e+04
 1.12224097e+03 1.35016670e+01 8.72286034e+00 2.41713892e+03
 2.01725578e+00 4.86371899e+00 1.46519051e+01 9.38702679e+00
 3.66179037e+00 6.44172668e+01 6.84850645e+00 7.77118912e+01
 3.26654701e+01 2.42362099e+01 6.21417465e+01 1.70601445e+04
 3.45698714e+00 2.53088379e+02 7.56122828e-01 1.36815840e+04
 5.48637695e+01 6.06873779e+01 6.79309845e+00 1.04519825e+01
 3.85651231e+00 1.18856189e+03 5.29639511e+01 8.26826935e+01
 1.30264969e+01 4.85669804e+00 2.61682272e+00 6.01327515e+01
 1.16661253e+01 3.52086868e+01 2.38272686e+01 3.34136238e+01
 8.27134609e+00 3.85658569e+03 1.65224915e+01 1.18772736e+02
 6.96625710e+00 6.09385681e+00 6.20903125e+03 3.10999374e+01
 1.94703941e+01 2.28295517e+01 1.53119831e+01 9.96700478e+00
 5.24614143e+00 5.50293303e+00 2.65773392e+01 1.15107690e+03
 1.06277580e+01 1.29270248e+01 5.13440418e+00 7.71049929e+00
 7.97560806e+01 3.92535830e+00 2.30602207e+04 2.04349003e+01
 1.57348007e-01 2.19020218e+02 1.26296545e+03 1.49691372e+01
 2.49805527e+01 8.87311268e+00 6.66048908e+00 6.07825546e+01
 1.01312475e+01 1.40790390e+02 3.36669922e+01 1.00018883e+01
 1.33574387e+02 2.07185645e+03 7.70157013e+01 3.58630714e+01
 5.64476347e+00 2.18048668e+01 8.78521156e+00 4.60311203e+01
 5.02515030e+01 3.81582870e+01 1.77885056e+01 5.45925064e+01
 2.10974550e+00 5.67522156e+02 1.02625854e+03 1.33179419e+03
 4.34696865e+00 1.86351681e+01 2.06559021e+02 1.22048561e+02
 7.01027513e-01 3.53154846e+02 2.33004589e+01 1.66953697e+01
 3.28789294e-01 7.43856735e+01 1.11950626e+01 1.14500879e+03
 2.28945084e+01 3.20219391e+02 4.49840641e+00 3.70220017e+00
 1.97402897e+01 9.42735138e+01 2.88664365e+00 1.52966509e+01
 3.18921185e+00 2.68696823e+01 1.31837204e+02 7.27417040e+00
 1.25491750e+00 1.27165499e+01 2.14153748e+01 3.23420501e+00
 1.73585510e+02 1.72644436e+00 3.08744202e+01 1.40357101e+02
 2.45339394e+01 4.56307556e+02 2.48194199e+01 1.82186604e+01
 2.71299408e+02 8.01887608e+00 7.02640430e+03 2.21584549e+01
 2.78913479e+01 9.13402252e+01 2.27003632e+01 5.04369354e+01
 3.21708450e+01 6.49867582e+00 1.73808327e+01 1.20069523e+01
 3.48366470e+01 1.95822563e+01 1.50005692e+02 1.99242806e+00
 3.55558052e+01 5.02741089e+01 7.38391266e+01 3.02039795e+01
 3.31139016e+00 4.36641937e+02 3.72358039e-02 2.95276794e+01
 5.53657875e+01 1.61255875e+01 2.01766949e+01 8.77638550e+01
 6.82059097e+00 7.10571747e+01 9.19813633e+00 2.64055099e+01
 1.57054352e+02 2.91873627e+01 6.94987357e-01 8.54701805e+00
 1.40764437e+01 7.05713630e-01 3.79350815e+01 5.03711998e-01
 5.09279919e+00 7.82027283e+01 6.45335840e+03 1.24894991e+01
 3.04235287e+01 6.49908066e+01 7.58148651e+01 1.76141281e+01
 1.36015434e+01 9.22910156e+01 1.27963161e+00 6.95724392e+00
 3.38276253e+01 8.54638062e+01 2.09372559e+01 1.39978418e+04],831.4836,[1.84338818e+01 1.05543995e+00 4.32849808e+01 5.74095345e+00
 5.86177731e+00 1.38172162e+00 4.35338516e+01 4.67561007e+00
 3.83385468e+01 1.58854008e+01 3.44725189e+02 4.97643738e+02
 6.36374512e+02 2.46706833e+02 7.42333603e+01 4.13785596e+03
 6.22008301e+02 4.56633835e+01 2.72516907e+02 1.17417465e+02
 1.61240788e+01 4.26609383e+01 1.69179382e+01 4.58576241e+01
 7.76889086e-01 4.40821991e+01 4.60002327e+01 7.72656982e+02
 4.94800854e+00 8.30961704e+00 7.02612686e+00 1.74308090e+02
 7.08565521e+00 2.05369091e+00 1.42087984e+01 9.72743457e+03
 9.18059921e+00 1.49645850e+03 1.53166294e+01 1.12844515e+00
 1.80299286e+02 8.35416603e+00 5.15277195e+00 1.18327599e+02
 1.46983433e+01 2.45459946e+02 1.33413733e+03 3.72492027e+00
 1.20557280e+01 4.25529337e+00 1.07853416e+02 6.38698006e+00
 6.53909922e-01 2.92344451e+00 3.66985106e+00 5.17885017e+01
 7.30253601e+02 1.15518513e+01 5.69894695e+00 1.35098083e+02
 1.72295201e+00 1.53586875e+04 4.34745331e+01 2.58414116e+01
 1.26606522e+01 2.78558636e+00 8.97865829e+01 2.49239960e+01
 2.01342893e+00 5.96230583e+01 8.85338902e-01 8.75784492e+00
 4.75741148e+00 2.25367432e+02 2.08557777e+01 1.86230527e+04
 1.58600977e+03 1.39003601e+01 8.81310749e+00 6.41857758e+01
 9.00706024e+01 7.72484159e+00 1.06178608e+01 6.34446192e+00
 1.08059368e+01 1.53774900e+01 8.79491711e+00 2.25898190e+01
 3.94633636e+01 2.05548157e+02 6.80326920e+01 1.18439050e+03
 1.35275335e+01 3.64994720e+02 2.37757931e+01 7.41039355e+03
 2.26795750e+01 2.31086597e+01 2.90208483e+00 5.06957102e+00
 3.41211510e+01 7.14751587e+02 6.38297806e+01 8.56501541e+01
 2.42712045e+00 9.36446045e+02 4.04493332e+01 5.69393196e+01
 2.85743618e+01 3.19560184e+01 8.37399006e+00 2.38713488e-01
 6.33557081e+00 1.01408389e+04 7.33282852e+01 3.89815331e+01
 1.06198654e+01 5.22583437e+00 1.71010022e+03 1.96237874e+00
 1.50804472e+00 2.14752817e+00 2.81443157e+01 2.20359306e+01
 2.28770599e+01 1.14528008e+02 1.56085720e+01 2.68981689e+02
 9.74172607e+02 1.85989319e+02 2.07017875e+00 5.01741552e+00
 9.33023911e+01 8.95882320e+00 1.15466035e+04 1.00261843e+00
 2.35630226e+00 2.89022034e+02 4.15567969e+03 1.37028179e+01
 3.55581379e+00 1.69177952e+01 9.23394966e+00 1.05087872e+01
 5.45990410e+01 2.36151505e+02 3.28845367e+01 1.05008270e+02
 1.24158897e+02 4.26937744e+02 6.67504501e+01 6.49236393e+00
 1.33537140e+01 6.74999619e+01 1.11184466e+00 2.65387802e+01
 1.37709518e+02 2.54828690e+02 1.28650045e+01 1.47713461e+01
 1.59245787e+01 3.95103516e+02 9.25897400e+02 4.26926367e+03
 5.90642452e+00 2.13911816e+03 1.12892704e+01 3.93804703e+01
 1.42781792e+01 1.03385651e+02 3.68122742e+02 1.84828339e+02
 4.48356390e+00 3.04646416e+01 1.05455647e+01 1.38281885e+03
 2.60309105e+01 6.84588547e+01 2.32959366e+01 6.43200493e+00
 6.77072704e-02 7.90045242e+01 2.51865435e+00 8.89041519e+01
 1.16396523e+00 1.66100063e+01 4.39805664e+02 8.28371239e+00
 3.07172546e+02 5.26897144e+00 8.80595322e+01 2.91723862e+01
 6.18462257e+01 7.98107624e+00 2.76421692e+02 2.31817963e+02
 1.71432190e+01 9.41482300e+02 1.18149475e+02 6.61808538e+00
 2.22886658e+02 2.25442946e-01 2.39337598e+03 2.64036083e+01
 7.42489319e+01 1.72069759e+01 6.45342159e+00 6.21737328e+01
 3.63470345e+01 4.18208742e+00 1.10113907e+01 1.49336643e+01
 1.13109871e+02 3.80978966e+00 5.33205750e+02 1.89302981e+00
 8.50203516e+03 4.69068413e+01 4.81081238e+01 5.32515717e+01
 1.01687074e+00 3.96777954e+02 1.22528613e+00 4.05859108e+01
 5.43058395e+01 2.76525080e-01 2.55906773e+01 2.04433174e+01
 3.91007355e+02 5.92899323e+00 6.35419428e-01 6.26157093e+00
 2.36977905e+02 3.25196960e+02 1.79166584e+01 1.66874809e+01
 3.38909197e+00 2.77096659e-01 1.05885429e+02 1.43989694e+00
 2.44072104e+00 4.89830322e+01 3.37053619e+02 1.80854740e+01
 1.95301437e+01 2.07966568e+02 4.48218727e+01 2.01530437e+01
 2.43753076e+00 2.13320404e+02 4.19446863e-02 4.52721436e+02
 2.34321518e+01 1.54668289e+02 2.91998982e+00 2.01580234e+04],-971.10925,-1004.41956,-1247.5349,1.0504746,1.8272951,0.9066213,0.9282047,0.016875879783630372,1338.5570809841156,0.125,0.125,-0.1329594606707804,0.0007860565606209089,-0.13288717058567415,0.0013147839793049088,-0.5480427269391321,25.249999999996884,0.0,75000.0,-10.0,-5000.0,500.0,7.512101411819458,75000
1013.3632,0.059269395,0.07056609,0.00196657,-1012.59827,1012.59827,[1.90154324e+01 1.42972298e+01 3.18746090e+00 2.64761782e+00
 1.50734618e-01 1.86177924e-01 1.22479563e+01 3.12855303e-01
 3.11400086e-01 1.56313926e-01 1.50047705e-01 9.01185274e-02
 2.26828009e-02 1.53429568e-01 4.62007904e+00 4.23742831e-03
 6.76006824e-03 9.23511088e-02 9.24294889e-02 1.00160396e+00
 1.89755201e-01 7.71300375e-01 1.12821400e-01 8.83283168e-02
 1.91208258e-01 1.61656052e-01 1.07609236e+00 1.40973255e-01
 6.33916426e+00 7.75404990e-01 2.36326504e+00 8.05167705e-02
 4.45972919e-01 9.80029404e-02 2.40682751e-01 6.97301179e-02
 8.62643480e-01 1.66261148e+00 6.44309998e-01 3.26269642e-02
 4.07169849e-01 2.21900061e-01 3.55187416e-01 2.89991856e-01
 1.27498463e-01 7.87845612e-01 6.43255329e+00 4.05218220e+00
 1.09736234e-01 1.97127134e-01 1.69026399e+00 2.57354856e-01
 5.10091968e-02 2.17485642e+00 3.10280395e+00 2.13460758e-01
 4.23101373e-02 3.18276882e-01 4.20102663e-02 3.18281472e-01
 2.33371782e+00 4.94710386e-01 1.18393004e-01 3.32050705e+00
 4.50674623e-01 2.28117609e+00 3.80494058e-01 1.52569926e+00
 4.91426140e-02 3.66057098e-01 3.77822495e+01 3.43871737e+00
 7.41887987e-02 3.50378418e+00 3.61127186e+00 2.49298954e+00
 8.53015518e+00 3.79879624e-01 1.52269602e-02 1.02800742e-01
 7.20207214e-01 4.75443155e-02 1.19946823e-01 1.52087957e-02
 1.03857174e+01 4.85412031e-02 1.40987530e-01 1.23126060e-01
 1.73815802e-01 1.80052474e-01 3.50751579e-01 6.39775395e-03
 2.58618027e-01 9.30600941e-01 3.95163506e-01 3.56587172e-01
 3.89568806e-02 3.73889387e-01 9.52800810e-02 3.04177761e-01
 2.57211365e-02 1.60978496e-01 4.84737456e-01 8.69638026e-02
 7.77084470e-01 4.88371010e+01 8.09131265e-02 8.19068253e-02
 4.24351156e-01 2.76641458e-01 2.69701791e+00 4.96469450e+00
 1.25493512e-01 5.90205717e+00 1.92768708e-01 1.01496468e+01
 7.96586573e-02 4.02905613e-01 3.14135373e-01 1.06331721e-01
 1.57090589e-01 1.61750054e+00 7.65217876e+00 3.57325339e+00
 7.32483938e-02 1.05183268e+00 5.03347540e+00 1.70530021e-01
 7.15052634e-02 9.44393575e-02 2.45313954e+00 7.65001476e-02
 1.54174268e+00 1.72586247e-01 1.50566626e+00 2.34451860e-01
 1.32557824e-01 1.55882537e-01 1.53872132e-01 6.68237686e-01
 5.53322792e-01 1.73285335e-01 1.92018270e-01 3.26971292e-01
 3.49322766e-01 6.66708708e-01 1.15177073e-02 2.23743096e-01
 2.39044458e-01 3.01763773e-01 1.19134891e+00 2.59263128e-01
 7.24713326e-01 2.28647977e-01 1.67953074e-01 1.09644860e-01
 5.99332988e-01 3.63412440e-01 4.05621719e+00 9.14111882e-02
 4.32974733e-02 2.44191617e-01 1.08130646e+00 1.00738573e+00
 8.96522522e-01 1.07105885e+01 6.71587735e-02 1.57222247e+00
 2.98819661e-01 3.08032125e-01 5.47961146e-02 2.19183281e-01
 1.13579750e-01 4.42082435e-01 6.20463562e+00 3.24142694e+00
 8.03459704e-01 4.28892910e-01 1.41379662e+01 4.59452510e-01
 1.65071905e+00 1.57968290e-02 7.11544228e+00 4.37715709e-01
 1.97901264e-01 5.27059793e-01 7.53100872e-01 1.32262659e+00
 1.97386652e-01 9.40001160e-02 1.53356278e+00 6.59142733e-01
 2.86726266e-01 1.61284673e+00 1.78162229e+00 1.38282984e-01
 5.31576037e-01 4.81921166e-01 8.34443665e+00 5.04372008e-02
 2.06685603e-01 8.24142337e-01 1.41715765e-01 1.97863495e+00
 9.31179619e+00 1.23376280e-01 1.52831465e-01 3.15964818e-02
 9.87827778e-02 2.39326432e-01 1.08276224e+00 2.86674172e-01
 1.30382609e+00 4.06130600e+00 1.27669662e-01 7.42368102e-01
 2.50281870e-01 6.13631010e-01 2.06324130e-01 8.73718023e-01
 1.20249465e-01 7.33267009e-01 2.41557145e+00 6.61433041e-02
 2.11333275e+00 1.00585707e-02 2.69957161e+00 8.47427249e-01
 5.50472145e+01 6.22838831e+00 5.05413413e-01 1.15005344e-01
 7.43451416e-02 5.34985542e-01 1.70079604e-01 1.98468819e-01
 2.48049569e+00 5.98665380e+00 3.54096508e+00 9.98440683e-02
 2.54557319e-02 1.15109861e-01 8.46184790e-02 2.91222572e+00
 2.54100710e-01 1.50441557e-01 2.18056634e-01 3.24760377e-01
 4.99964893e-01 6.24519539e+00 5.35804093e-01 6.82416260e-02
 1.50501728e-05 1.30717039e+00 9.40129533e-02 1.90594226e-01],1.8947451,[1.77546430e+00 1.20851719e+00 1.05449748e+00 1.57373261e+00
 3.54627259e-02 2.07587928e-01 5.60332441e+00 3.12910564e-02
 4.68020320e-01 5.11778116e-01 6.17564201e-01 3.41036320e-01
 2.74966300e-01 3.44044596e-01 5.42788208e-01 1.28591925e-01
 1.28641367e+00 3.68507393e-02 9.47883278e-02 6.23142302e-01
 8.71492922e-03 1.69949420e-02 2.64836289e-02 2.29468778e-01
 2.51460612e-01 7.52992928e-02 7.37766773e-02 3.86312790e-02
 2.99533033e+00 1.15219212e+00 1.08963766e+01 3.78417261e-02
 2.81372523e+00 3.84421945e-02 2.25953162e-02 3.47727910e-02
 2.17442825e-01 5.10431647e-01 7.21304774e-01 2.64114499e-01
 3.48935187e-01 2.23659575e-01 2.59634137e-01 1.28757453e+00
 2.75337100e-01 1.91079915e-01 3.25017422e-01 5.59583902e-01
 1.33812189e-01 6.65885508e-02 5.46975434e-01 8.16979408e-02
 6.23728871e-01 6.79662764e-01 3.78865689e-01 8.09864819e-01
 1.36974901e-01 1.30029351e-01 1.17554113e-01 4.80593681e-01
 5.80062628e-01 1.11646444e-01 7.40232617e-02 8.46935451e-01
 3.74257237e-01 3.33428478e+00 3.85647774e-01 2.45317030e+00
 2.79081404e-01 2.08045274e-01 1.06355705e+01 1.93262294e-01
 1.15726456e-01 2.67187417e-01 3.11807489e+00 1.08659756e+00
 9.81817245e-02 1.74309659e+00 6.71890080e-02 7.12244034e-01
 4.79315698e-01 5.89228421e-02 1.19525862e+00 1.90742314e-03
 4.01335776e-01 1.14545703e-01 3.77751179e-02 1.68940157e-01
 4.55334336e-02 1.08662918e-01 9.41182196e-01 4.58935834e-02
 4.49233592e-01 5.53738403e+00 1.02470326e+00 1.56258926e-01
 1.66567862e-01 2.36839563e-01 5.25050759e-02 5.09415686e-01
 1.40863001e-01 3.65454704e-03 1.16873527e+00 3.87536943e-01
 5.19806892e-02 8.21341629e+01 1.53728306e-01 1.71407416e-01
 2.77792513e-01 2.12200582e-01 1.68699294e-01 2.71256626e-01
 2.59842165e-02 6.63537383e-01 6.27253056e-02 1.56686199e+00
 1.64786696e-01 1.02635062e+00 7.01812863e-01 1.44332834e-02
 7.39294738e-02 1.08913362e+00 4.50749546e-02 8.49782884e-01
 1.04411691e-01 1.74619174e+00 2.65219994e-02 2.16352299e-01
 3.81447077e-02 6.08686358e-02 1.15716779e+00 8.76030177e-02
 1.54118133e+00 1.87425923e+00 1.89578593e+00 3.90568860e-02
 7.13320374e-02 1.88564137e-02 3.60480882e-02 1.18728852e+00
 2.60032773e-01 3.13874245e-01 3.51329781e-02 2.71170139e-02
 4.98481095e-01 8.18544745e-01 1.47525981e-01 8.36801901e-02
 7.97897279e-02 1.69713050e-02 2.05425248e-01 8.37565362e-02
 1.27384806e+00 1.63237527e-01 2.37739420e+00 2.25245692e-02
 1.41241026e+00 7.16957629e-01 8.63227844e-01 1.85958773e-01
 8.32716405e-01 4.96529013e-01 4.47285324e-02 2.16556937e-02
 1.37324858e+00 5.70017159e-01 1.49438772e+01 2.75511891e-01
 2.69006312e-01 8.43351126e-01 1.66627914e-02 3.86461437e-01
 6.36453629e-02 3.56613487e-01 8.62681270e-01 3.06303836e-02
 1.14264488e+00 3.15644033e-02 1.21768272e+00 2.13631429e-02
 3.69150676e-02 2.11040862e-02 3.19590926e-01 1.53853834e+00
 1.35120787e-02 2.73167074e-01 2.95143843e-01 1.97368920e-01
 2.77458787e-01 2.81518519e-01 1.55103832e-01 2.48231217e-01
 2.81359106e-01 2.71187603e-01 1.59202456e+00 4.76934388e-03
 3.20131302e-01 4.74345148e-01 1.76487565e+00 3.79751623e-01
 1.38270408e-01 6.34242594e-02 3.11503530e-01 5.07708788e-01
 1.40361249e+00 3.21011096e-02 7.02256560e-01 1.17737204e-01
 2.75559723e-02 2.60450673e+00 1.29794434e-01 6.27148390e-01
 2.45966458e+00 3.13587934e-01 1.76200643e-02 1.88599616e-01
 2.43948437e-02 4.34567660e-01 3.33738804e-01 9.24186051e-01
 1.28711760e-01 7.47489989e-01 2.67808527e-01 1.85253173e-02
 2.86076218e-02 1.24103713e+00 9.38258767e-02 2.68891037e-01
 8.88479996e+00 1.29702377e+00 3.89129460e-01 5.09749800e-02
 1.99522242e-01 7.71571219e-01 1.58430487e-01 4.32422936e-01
 6.75924569e-02 4.09083414e+00 1.37443581e+01 1.96604073e-01
 2.62071192e-02 4.92864072e-01 1.53415173e-01 5.56061506e-01
 1.79920226e-01 2.11730599e-02 6.26523048e-02 1.61542416e+00
 2.94726610e-01 1.27932858e+00 3.23006570e-01 1.48571205e+00
 5.16964346e-02 1.59587502e+00 2.34812796e-02 1.11912146e-01],-967.7168,-1015.6869,-1425.0664,1.007801,1.1026835,0.9653573,0.92611074,843.01117,-263.72488,1406.6097,1001.57697,1.0873495,0.14284028,0.11037224,-999.0612,999.0612,[7.48490295e+01 2.05660446e+02 9.65776253e+00 3.20415466e+02
 4.34838638e+01 1.98673401e+01 2.20373795e+02 3.31451880e+03
 9.84307910e+03 2.43455086e+01 6.61807739e+02 1.62585571e+02
 1.09056711e+00 4.25064564e-02 1.38291916e+02 7.55224072e+03
 8.36463356e+00 1.41539734e+02 5.28471768e-01 8.29638481e+00
 5.28445244e+01 6.19200611e+00 5.81703308e+02 1.77088165e+01
 3.63470459e+01 5.61309586e+01 6.29670334e+00 5.91648216e+01
 1.12512383e+04 8.53421497e+00 6.16165820e+03 9.20256348e+02
 2.01398754e+01 1.96652679e+02 6.87482910e+01 4.33831299e+02
 2.51289886e+02 1.49341766e+02 7.21686630e+01 1.06945896e+01
 1.94793968e+01 4.78869534e+00 1.17315817e+01 1.87354889e+02
 2.67666077e+02 8.93586922e+00 5.65972805e+00 6.67676086e+01
 5.00120888e+01 4.56377172e+00 1.22684705e+00 9.00488770e+02
 4.31229820e+01 1.58036017e+00 1.90021698e+02 5.74471619e+02
 2.89712372e+02 4.94002113e+01 3.20933838e+01 1.14645149e+02
 7.82014084e+01 6.95746918e+01 7.92092323e+00 4.60095558e+01
 8.70794487e+00 3.40690674e+03 7.99217129e+00 4.71424484e+01
 2.00781799e+02 1.83741856e+01 7.33908319e+00 2.87656116e+01
 2.86347427e+01 1.81082550e+02 9.56845570e+00 9.88475342e+01
 7.06968765e+01 2.84077568e+01 2.14598923e+01 3.74875732e+02
 8.22491074e+00 1.36151768e+04 9.55520821e+00 3.17677650e+01
 7.60467453e+01 1.15167027e+01 8.42391396e+00 2.21252457e+02
 3.47568665e+01 3.04611349e+00 1.23823919e+01 2.96847351e+02
 1.00926910e+02 1.28839350e+01 1.45277815e+01 5.37645483e+00
 2.95813465e+01 2.44782745e+02 5.59910217e+02 9.63881073e+01
 1.52606010e+01 8.68248596e+01 2.15978193e+00 1.84248676e+01
 7.04081631e+00 2.56307659e+01 7.73311035e+02 6.45863342e+02
 1.33470211e+01 2.73635254e+01 9.58185196e+01 3.29590759e+02
 1.91217270e+02 4.39839249e+01 4.96541445e+04 8.76535177e-01
 8.51088142e+00 7.31708984e+01 3.34067322e+02 4.37445784e+00
 7.53930902e+00 2.86502094e+01 5.35314674e+01 1.16796913e+01
 1.69743225e+02 1.94935043e+02 1.11317472e+01 8.80786285e+01
 4.09195480e+01 6.23859942e-01 4.08755531e+01 4.09118652e+01
 2.34908962e+01 5.80378952e+01 7.40455341e+00 2.77061694e+03
 5.04204292e+01 5.55731678e+00 2.07482605e+01 3.41291122e+01
 8.61424438e+02 4.53837097e-01 4.43819389e+01 5.96679764e+01
 2.08858780e+02 5.16727867e+01 6.76001968e+01 6.49761810e+01
 8.80082893e+00 4.70536995e+01 4.82236748e+01 1.08302317e+01
 1.29654589e+01 8.55966473e+00 7.37357559e+01 1.10143862e+01
 3.55940933e+01 5.85578270e+01 3.31929626e+01 5.66918707e+00
 1.72227295e+02 2.17946358e+01 3.42447174e+02 4.15213165e+01
 1.81565552e+01 1.15164597e+02 5.95345163e+00 6.39950256e+02
 9.97874737e+00 1.40465851e+01 3.85146545e+02 4.17553192e+02
 4.62007236e+00 1.12910553e+02 5.35216904e+01 3.37707405e+01
 3.27420074e+02 1.26165211e+00 1.19162529e+02 2.08431671e+02
 1.64998016e+01 2.49510651e+01 2.21711755e+00 3.76365166e+01
 2.01273697e+02 3.64403992e+02 6.96353455e+01 7.85748577e+00
 3.35427017e+01 4.34594040e+01 1.32292816e+02 1.07643692e+02
 1.17214375e+01 6.38285034e+02 6.90486938e+02 3.83959885e+01
 1.77742081e+02 5.86772766e+01 5.93380966e+01 3.84458160e+00
 6.54493713e+00 1.37458710e+02 9.15827713e+01 1.71445732e+01
 3.53845716e+00 1.83891678e+01 7.95018768e+01 6.53084717e+01
 9.37387943e+00 8.75807571e+00 3.06085701e+01 2.57711239e+01
 1.01913047e+00 3.79239075e+02 8.51110744e+00 1.03758383e+01
 1.04681610e+02 1.80273468e+02 2.91407537e+00 1.53111420e+01
 9.30791992e+03 4.66917038e+00 1.45110273e+01 5.09201813e+02
 3.36620522e+01 1.33358393e+01 1.47324400e+01 2.26688433e+00
 3.37060928e+00 2.32838086e+03 1.21624634e+02 1.21582041e+01
 6.54400864e+01 1.03101349e+02 1.51423370e+02 4.52996135e-01
 9.95658951e+01 3.97344589e+01 7.02303223e+03 2.88665558e+02
 5.77802734e+01 3.30535603e+00 4.49621773e+01 6.55881042e+01
 2.25924146e+03 1.41024414e+02 1.19230461e+00 4.48687134e+02
 4.68327522e+00 8.46065369e+01 3.46187935e+01 6.03878641e+00
 5.82946854e+01 5.00082684e+00 1.31282778e+01 2.14600189e+02],1076.6897,[7.55782623e+01 1.51721619e+02 2.64082520e+02 9.07488937e+01
 1.11640762e+02 1.76426849e+01 3.40620667e+02 3.90588818e+03
 9.94562927e+02 1.58555660e+01 3.81088181e+01 5.85308304e+01
 1.57364154e+00 2.46150875e+00 3.58328934e+01 7.26669824e+03
 3.49374008e+01 2.26720673e+02 6.96048279e+01 1.65429688e+01
 1.33824356e+02 1.54541901e+02 4.72786255e+02 1.15230026e+02
 8.70619049e+01 7.07246590e+00 2.77744460e+00 1.35449734e+01
 4.57638379e+03 1.29580367e+00 1.23559268e+04 9.83687683e+02
 1.93126869e+01 4.13423645e+02 1.32945703e+03 3.00134473e+03
 4.93083282e+02 2.47210938e+02 6.90202179e+01 7.35480547e+00
 1.64555669e+00 2.55178356e+00 4.92407837e+01 4.75035645e+02
 3.09318359e+02 3.30260468e+00 2.68170109e+01 5.71790648e+00
 7.89242649e+00 9.56414185e+01 1.64272079e+01 9.40531128e+02
 4.17644424e+01 3.22649062e-01 1.74776062e+02 5.37388550e+02
 6.31430786e+02 2.34884148e+01 3.00418152e+02 1.01498596e+02
 9.60400925e+01 1.00566254e+02 6.17614627e-01 4.27817879e+01
 2.94893694e+00 3.17897559e+03 2.92974544e+00 4.06694870e+01
 1.38404465e+02 6.50051956e+01 6.11279160e-04 3.87167511e+01
 3.88122978e+01 2.68526733e+02 8.13522530e+00 1.05564896e+02
 5.26257019e+01 1.58084915e+02 8.96711807e+01 6.39842262e+01
 1.61279535e+00 1.49930088e+04 5.61966370e+02 3.34576225e+01
 6.49279938e+01 4.72430468e+00 9.33972359e+00 1.53290817e+02
 5.63486557e+01 3.46059952e+01 1.79146301e+02 2.02187927e+02
 6.08308830e+01 2.72569275e+00 1.82249236e+00 2.38750172e+01
 3.47987366e+01 2.64972626e+02 4.30086548e+02 4.26245636e+02
 3.05726395e+01 6.62265472e+01 6.59950495e-01 4.89869499e+00
 1.04070985e+00 8.45257874e+01 9.04142773e+03 3.98822461e+03
 3.37199005e+02 1.24324425e+02 3.85545502e+02 3.21247131e+02
 3.53001831e+02 1.74156754e+02 5.58895781e+04 1.23896313e+00
 4.18019867e+00 1.36635942e+01 9.62416763e+01 3.96053505e+00
 3.19718027e+00 4.22091872e-01 5.13412399e+01 2.57809944e+01
 1.41829010e+02 2.65720532e+03 1.12336975e+02 4.38602905e+01
 2.35157442e+00 1.48486614e+00 2.26475887e+01 5.70761919e+00
 4.95596379e-01 3.76479568e+01 3.02046509e+01 1.58545488e+04
 7.43108978e+01 4.67288923e+00 3.89902055e-01 4.88818245e+01
 1.59655975e+02 3.02224541e+00 5.87712212e+01 3.72547760e+01
 4.41459198e+02 5.06324539e+01 2.72581885e+03 6.33013123e+02
 4.82945490e+00 3.29431763e+01 1.32637955e+02 7.11683035e+00
 4.48251648e+02 1.30131626e+01 1.16341476e+01 7.20443535e+00
 3.64049506e+00 1.68381751e+00 3.15711093e+00 1.34434357e+02
 2.27687180e+02 1.38870068e+01 3.01217865e+02 5.64827118e+01
 2.56174088e+01 1.90742455e+01 1.28333199e+00 1.35750098e+03
 3.85790825e-01 3.49953918e+01 3.52436096e+02 6.41502319e+02
 2.72977104e+01 1.67945450e+02 1.59896545e+02 3.40767853e+02
 5.81850769e+02 6.72259949e+02 1.79945869e+01 3.40968445e+02
 1.28911758e+02 4.23754845e+01 3.85092697e+01 2.07380798e+02
 1.88089645e+02 1.40194080e+03 3.81473007e+01 2.20453739e+00
 1.99002132e+01 1.11531464e+02 1.01437210e+02 2.07821365e+02
 2.69524962e-01 4.67514941e+03 3.97659546e+02 3.20591545e+01
 7.70494843e+01 8.58287354e+01 3.45768814e+01 1.03038034e+01
 8.76761615e-01 1.11815247e+02 2.93592407e+02 4.97696304e+00
 1.32316577e+00 1.63003325e+00 4.94165115e+01 1.40750748e+02
 1.65256536e+00 7.92029953e+00 1.89010620e+01 1.29642935e+01
 1.21188431e+01 2.56227448e+02 9.26023293e+00 1.98580437e+01
 1.82189713e+02 5.53799377e+02 1.86131649e+01 2.30789280e+01
 1.27711709e+04 9.66965637e+01 3.99551725e+00 6.44783875e+02
 7.52988338e+00 6.47506475e+00 5.01452971e+00 2.28187962e+01
 7.50953751e+01 2.10308447e+03 1.78948441e+02 2.70260506e+01
 1.32150249e+01 4.84905396e+01 1.35149109e+02 7.99996257e-02
 1.85527429e+03 2.61446929e+00 1.21048262e+04 7.40863281e+02
 6.75629959e+01 2.59107733e+00 3.30716705e+01 1.31187424e+02
 4.85874414e+03 1.42004913e+02 2.69032478e+00 9.70221558e+02
 2.42663803e+01 9.43198547e+01 1.19813339e+02 3.29136627e+02
 1.41012325e+01 4.95033875e+01 9.31849136e+01 1.93328699e+03],-971.8879,-1004.51685,-1262.7744,1.0571725,3.040874,0.89253104,0.92800605,0.015588520193099975,1728.2701017856598,0.125,0.125,-0.25062346845054306,0.003058934169735015,-0.2503991279150273,0.004004668007775598,-1.0728849441047843,25.249999999996884,0.0,100000.0,-10.0,-5000.0,500.0,7.354703664779663,100000
1019.91595,0.056818344,0.10568817,0.002425337,-1018.80225,1018.80225,[1.71127434e+01 1.28318667e+00 1.10976100e+00 9.20967579e+00
 8.51166129e-01 1.45987806e+01 4.71480161e-01 2.76339316e+00
 1.56954288e+00 1.85289741e-01 5.33693805e-02 1.26808491e+01
 1.19986904e+00 2.17349339e+00 1.36986046e+01 1.34500008e+01
 1.11323309e+00 1.08990109e+00 2.46240187e+00 1.89064455e+00
 2.96434975e+00 1.96825542e+01 9.50896621e-01 1.31850624e+00
 1.48265696e+00 1.72992063e+00 1.00124382e+02 2.55604482e+00
 1.03439999e+00 2.11931782e+01 1.47802029e+01 8.95451188e-01
 8.23688745e-01 1.44681368e+01 2.90167189e+00 2.20149803e+01
 2.91671574e-01 9.38476920e-01 3.11849570e+00 1.02711792e+03
 1.74604774e+00 1.30932498e+00 2.51803565e+00 1.60906386e+00
 3.65423799e+00 1.18958068e+00 3.09679532e+00 1.01167703e+00
 2.30886292e+00 1.53486288e+00 1.34622896e+00 9.31329429e-01
 2.45094538e-01 9.78588939e-01 6.44946754e-01 9.37125778e+00
 2.28300071e+00 4.70573485e-01 2.07152748e+00 2.82004714e+00
 2.98159957e+00 1.52126884e+00 4.82121110e-01 1.15987587e+00
 7.30897188e-01 2.72667944e-01 6.58085632e+00 5.08676052e-01
 9.00896788e-01 7.24535286e-01 9.83412266e-01 5.30055666e+00
 1.44751425e+01 8.65143180e-01 8.32802963e+00 8.60131383e-01
 1.23608518e+00 1.41663134e+00 2.91550279e+00 1.31350958e+00
 5.29121895e+01 3.90570641e-01 5.49548030e-01 4.38130045e+00
 3.48943939e+01 6.19538188e-01 1.03495276e+00 4.93536615e+00
 2.65330255e-01 6.07582951e+00 9.54376519e-01 1.55768108e+01
 9.68014181e-01 3.90742064e+00 7.10389185e+00 1.02403526e+01
 5.19845903e-01 9.55074877e-02 1.47865796e+00 1.88984728e+00
 1.37697771e-01 1.21814287e+00 2.46797252e+00 1.90925407e+00
 2.80388260e+00 2.32690477e+00 2.80656028e+00 9.79847610e-01
 3.69352609e-01 9.78921652e-01 7.62267380e+01 1.34859836e+00
 1.74538481e+00 2.00862789e+00 1.54565787e+00 1.74613070e+00
 2.22486043e+00 3.78877441e+02 6.41280293e-01 1.03858054e+00
 3.08834255e-01 1.76989591e+00 7.80120671e-01 1.00017059e+00
 3.11196059e-01 2.39835668e+00 1.97627604e-01 1.16490972e+00
 1.50488920e+01 2.03226376e+01 1.14762485e+00 6.15516305e-01
 1.16454816e+00 1.61872780e+00 1.07469761e+00 1.49619169e+01
 1.61023700e+00 1.04551716e+01 9.50787830e+00 1.33517904e+01
 6.63685036e+00 5.94565749e-01 7.77692080e-01 1.41510403e+00
 2.15094924e+00 4.53960304e+01 8.35036469e+00 9.35272634e-01
 1.87291098e+00 9.48572636e-01 1.35440311e+01 1.81559086e+00
 2.14514112e+00 1.47659159e+00 1.90337658e+01 2.18808651e+00
 4.26507568e+00 9.98499751e-01 6.03275871e+00 9.21244907e+00
 4.93612099e+00 1.09974222e+01 5.65231144e-01 9.93868947e-01
 2.80660701e+00 2.61073704e+01 4.08149338e+00 8.78179932e+00
 8.95799637e-01 2.02319455e+00 2.56787038e+00 3.45414460e-01
 5.86839104e+00 7.71777630e-01 2.40920806e+00 7.64493346e-01
 7.25289062e-02 1.61630001e+01 1.25637066e+00 1.03010166e+00
 6.81126690e+00 1.13916230e+00 6.81453586e-01 2.61388004e-01
 9.14036393e-01 2.55700421e+00 1.28545463e+00 8.70660553e+01
 4.37924910e+00 2.13319759e+01 2.47508860e+00 2.56116085e+01
 1.11402726e+00 2.26182485e+00 1.50866747e+00 8.70287418e-01
 1.72356987e+00 1.54297819e+01 1.39042854e+00 8.27145100e-01
 7.96446848e+00 9.00574327e-01 6.12872696e+00 1.30103374e+00
 1.49392962e+00 1.90161061e+00 1.25894117e+00 5.14980033e-02
 2.89184475e+00 1.69923544e+00 1.97293973e+00 1.06829405e+00
 1.20477700e+00 1.35513544e+00 1.47262993e+01 4.67041206e+00
 1.79865980e+00 1.33140659e+00 4.20658767e-01 1.10167379e+01
 2.60929108e+00 2.12627506e+00 1.91478896e+00 1.57404423e+00
 1.95080268e+00 1.65442443e+00 1.65123165e+00 1.06141829e+00
 5.40167999e+00 2.05719032e+01 3.96370560e-01 4.56065834e-01
 4.43699360e+00 1.36233938e+00 5.14799843e+01 5.40325394e+01
 1.26603508e+00 1.02590346e+00 7.52921391e+00 1.39055550e+00
 1.28272524e+01 1.17268527e+00 9.76969004e-01 1.70777702e+01
 5.40825486e-01 8.39857280e-01 5.94463205e+00 6.37517738e+01
 6.70574844e-01 1.18645258e+01 2.76087672e-01 6.65840769e+00
 1.42972064e+00 7.87096214e+00 1.66365552e+00 5.16253829e-01],22.872347,[1.0982126e+01 1.9037944e+00 6.0922641e-01 2.1893406e+00 9.4900990e-01
 1.4414817e+01 2.0351498e+00 1.4479105e-01 1.7096983e+00 5.9253603e-02
 1.7357153e-01 6.9315190e+00 1.9145442e+00 1.7371238e+00 2.3146065e+01
 4.3665485e+00 1.8157380e+00 1.2199225e+00 7.1889834e+00 1.4580975e+00
 4.7811670e+00 2.1227565e+00 1.0793363e+00 1.5289335e+00 6.8144852e-01
 8.5120547e-01 4.8916115e+01 1.7778476e+00 6.3746732e-01 1.3965989e+01
 1.1738961e+01 3.2859373e-01 6.9161132e-03 1.0011998e+01 1.4336704e+00
 2.3748976e+01 8.4037995e-01 2.0958655e+00 1.7214632e+00 2.9497891e+03
 1.7016374e+00 9.0831864e-01 1.6834750e+00 1.2822047e+00 9.8143644e+00
 7.8360897e-01 1.2746930e-02 6.7540276e-01 3.9095414e-01 1.5536854e+00
 1.1998675e+00 1.2042143e+00 2.0065799e-02 8.1059086e-01 4.4395792e-01
 8.9619856e+00 2.3232501e+00 1.7483678e-01 4.2486792e+00 2.0078444e+00
 4.1298456e+00 1.2014700e+00 1.8243232e-01 1.8207730e+00 6.2678635e-01
 2.9749545e-01 1.2163217e-01 3.6430502e+00 1.3215046e+00 1.8652202e-01
 1.2469027e+00 9.1775436e+00 1.1869800e+01 7.9787850e-01 1.5706541e+01
 2.8805530e-01 1.0604398e+00 2.3738842e+00 3.6498709e+00 1.9522327e+00
 6.3460739e+01 7.5994593e-01 2.5995845e-01 1.0905702e+00 2.6816616e+00
 1.5616900e-01 1.2546251e+00 1.9043304e+00 1.4363940e-01 1.6612396e+01
 1.3174906e-02 2.2621603e+01 5.2368671e-01 5.3324622e-01 6.3139973e+00
 8.6485882e+00 1.2642517e+00 1.5042844e-01 1.9518342e+00 1.2891133e+00
 2.9415262e-01 7.1047413e-01 1.5808465e+00 1.5580342e+00 1.6239576e+00
 1.7142693e+00 2.0013635e+00 1.4688463e+00 2.1814497e-01 7.2691178e-01
 2.2374220e+01 1.6408496e+00 1.5283446e+00 1.7864324e+00 5.5675137e-01
 1.4744611e+00 1.4051464e+00 5.5916132e+02 3.3011408e+00 3.0718613e-01
 1.2629092e+00 1.4436156e+00 3.6253369e-01 1.2755051e+00 2.3479486e-01
 1.5963690e+00 1.7502096e-01 1.1380401e+00 1.1179358e+01 2.0740795e+01
 1.5146163e+00 2.8508738e-01 9.4588149e-01 2.0733273e+00 1.7117281e+00
 1.3407903e+00 1.4774623e+00 1.7168139e+00 1.2918867e+01 6.4824433e+00
 3.8109539e+00 1.5355995e+00 4.3508780e-01 1.8889998e+00 1.7912376e+00
 3.0097347e+01 6.1142778e+00 7.3613656e-01 1.7269539e+00 3.0016172e-01
 9.9711514e+00 1.7346374e+00 1.6247503e+00 1.6190351e+00 4.4149721e-01
 2.6654220e+00 2.2837062e+00 1.4383805e+00 6.8656559e+00 3.8825035e-01
 1.7116219e-01 1.1531663e+01 5.4079938e-01 5.6626451e-01 2.1452851e+00
 4.4786530e+01 2.8276227e+00 7.8012753e+00 1.9432650e+00 1.5748192e+00
 6.0970193e-01 1.5878049e-01 1.0520030e+01 1.1394241e+00 1.9111190e+00
 3.2533211e-01 1.7595525e+00 1.3612015e+01 8.7319767e-01 6.8558574e-01
 1.9098408e+00 2.7324321e+00 1.2351935e+00 3.8862264e-01 3.3949320e+00
 1.3770978e+00 8.9835823e-01 8.9535019e+01 3.7081761e+00 2.7502468e+01
 1.6016458e+00 8.0692494e-01 1.7193496e+00 1.8971918e+00 6.5168171e+00
 2.7382401e-01 3.7153926e-01 1.2493528e+01 7.9364789e-01 1.1671157e+00
 3.1654401e+00 4.9018067e-01 5.0219588e+00 4.6871114e-01 1.7301611e+00
 2.3903884e-01 1.9874876e+00 6.3565445e-01 5.3178477e+00 2.0821309e+00
 1.2752596e+00 1.6279289e+00 1.0062159e+00 2.1670051e+00 2.4108682e+00
 1.7951268e-01 1.2154574e+00 1.9367089e+00 2.0590815e-01 3.2800091e+01
 7.6881857e+00 1.0070580e+00 1.4534100e+00 1.1742172e+00 1.6742588e+00
 1.2100387e-02 6.2024605e-01 1.3503823e+00 5.8278816e+01 2.6829897e+01
 1.3760822e-01 3.0646628e-01 9.0664697e-01 1.9958503e+00 4.6961628e+01
 5.0638233e+01 1.7389944e+00 1.5525173e+00 8.6613455e+00 1.0657359e+00
 1.0164612e+01 8.2754529e-01 7.0943213e-01 2.8111534e+01 5.4240370e-01
 9.7095120e-01 3.0900683e+00 5.9695000e+01 4.5310986e-01 8.8872814e+00
 1.0764000e+00 1.2304635e+00 5.2810369e+00 2.5130358e+00 1.8041410e+00
 8.3279386e-02],-971.6892,-1025.0383,-1487.2509,1.0074917,1.1357784,0.96242666,0.9260894,2186.1887,-7175.08,11797.283,1019.5074,1.2202018,0.17740779,0.11897204,-1016.5131,1016.5131,[5.89030266e+01 9.76076698e+00 6.56829102e+03 2.01655102e+00
 5.35104980e+03 4.81382050e+02 2.26944473e+02 1.39944626e+02
 1.02093066e+03 2.34339874e+02 2.19319592e+01 1.65348816e+00
 8.11603455e+02 4.91615918e+03 1.37551117e+01 5.03673782e+01
 1.06237305e+02 1.13635353e+02 1.19558802e+01 7.99820361e+03
 5.93618103e+02 9.71741821e+02 2.11907275e+03 1.12560181e+03
 1.20157433e+01 8.24533081e+00 6.73089504e+00 5.96836572e+03
 1.96342041e+02 4.83459015e+01 3.09562950e+01 4.39476490e-01
 2.75495167e+01 2.28674145e+01 4.01395493e+01 1.04365215e+04
 7.72956657e+00 4.62580719e+01 1.18135674e+02 2.15333080e+01
 2.01604248e+02 1.96691303e+01 4.13432884e+01 2.11113954e+00
 8.13012756e+02 3.48076019e+01 6.84477425e+00 8.00158643e+03
 4.09330139e+01 1.66439319e+03 1.01202246e+03 2.94052826e+02
 6.82485205e+03 5.36312599e+01 1.51052113e+01 1.62562485e+01
 1.97334981e+00 3.18698334e+02 1.27502762e+02 2.63842834e+02
 3.05383203e+03 1.41012287e+01 1.03580479e+04 3.12816124e+01
 5.29470605e+03 3.91972803e+03 1.14141800e+02 7.76063843e+01
 6.33311577e+01 2.30669365e+01 7.15642624e+01 1.56950012e+02
 2.16200733e+01 1.18742058e+02 2.65542419e+02 7.61609039e+01
 2.87025051e+01 5.58640686e+02 1.25566971e+02 1.68360538e+01
 5.76174469e+01 1.91643738e+02 6.39346695e+01 5.69122119e+03
 1.52001133e+01 6.44481873e+02 7.65632874e+02 2.27944305e+02
 5.08961090e+02 7.77293243e+01 3.13415741e+02 2.44724770e+01
 1.65375885e+02 4.94256935e+01 8.93651953e+03 4.63806427e+02
 3.29930603e+02 1.45586681e+01 5.23084784e+00 2.18716373e+01
 1.80416355e+01 1.17780457e+03 6.00563599e+02 4.10284948e+00
 2.45459961e+04 9.64877510e+00 4.31629791e+01 1.18681908e+01
 3.06710052e+01 3.25552051e+03 1.45457423e+00 2.21138477e+03
 9.56308395e-02 6.43587799e+01 6.11731224e+01 8.47497330e+01
 2.38032669e+02 4.22675753e+00 1.73235340e+01 1.60799675e+01
 8.40209180e+03 2.15144405e+01 1.97740808e+03 1.82914925e+01
 1.47877932e+00 1.60801888e+01 6.48818445e+00 1.17950241e+02
 6.99129868e+00 7.71497314e+02 2.21710815e+02 3.37743652e+03
 4.23416233e+00 5.41733131e+01 8.51499100e+01 7.51118469e+00
 2.91567090e+03 2.40622711e+01 4.80959900e+02 4.97021713e+01
 5.78377563e+02 1.69087357e+02 1.63997803e+01 1.12319565e+02
 1.65224980e+04 1.83113155e+01 6.74183559e+00 1.44094968e+00
 1.49077063e+01 9.35364532e+00 3.81585663e+02 1.80663428e+03
 8.68767285e+03 6.25887985e+01 7.73593998e+00 9.53956055e+02
 1.19309094e+03 1.01542473e+00 7.19125271e+00 1.49091606e+01
 2.97069000e+02 2.90887744e+03 7.93952588e+03 1.54302441e+03
 1.91325116e+00 6.77799940e+00 2.35889297e+04 5.01263657e+01
 1.93553791e+01 5.60238525e+02 1.78682642e+03 2.22183914e+01
 1.04126650e+04 3.03038645e+00 7.77204084e+00 5.54635382e+00
 1.68185272e+01 1.51886139e+01 1.78095715e+03 1.32360935e+01
 1.19086256e+01 3.97818909e+01 2.77115479e+03 3.54664898e+00
 1.34316992e+03 4.63855515e+01 1.81333908e+02 5.90134811e+01
 8.62777710e+01 5.51597519e+01 2.60917676e+04 1.01528644e+03
 1.46402161e+02 9.60460022e+02 6.10618353e+00 1.98023804e+03
 9.63573438e+03 5.28714478e+02 1.23509204e+03 7.00073471e+01
 8.76713074e+02 2.56445255e+01 2.46941090e+01 4.23355988e+02
 2.36836452e+01 9.38061914e+03 1.78709747e+02 5.10394936e+01
 1.31501740e+02 1.00683374e+03 7.95909790e+02 1.63638877e+04
 7.29788132e+01 1.34535086e+00 1.75367517e+03 2.36378622e+00
 5.95622314e+02 4.21487427e+01 6.23619843e+01 6.43761035e+03
 7.11122036e-01 3.85567236e+03 4.43290062e+01 3.16217163e+02
 2.55479121e+00 5.06174505e-01 7.63070107e+00 1.82699740e-01
 6.66847181e+00 9.97475195e+03 9.69720306e+01 6.71628036e+01
 5.33104286e+01 1.12043982e+01 1.64014854e+01 1.66070312e+02
 1.86001709e+03 5.13301182e+00 1.18270683e+01 7.17512207e+02
 3.90607619e+00 1.72853661e+01 4.58545761e+01 2.15601425e+01
 1.32218109e+02 2.80517578e+01 7.69407094e-01 4.55101242e+01
 5.61736412e+01 7.18463755e+00 2.82082462e+01 3.01497917e+01
 1.36556482e+01 1.51523315e+03 3.81898346e+02 6.92864895e+00],2588.1663,[6.58805237e+01 2.94914627e+01 3.10788721e+03 3.60177612e+00
 1.10524219e+04 3.10732812e+03 5.56230652e+02 6.41472473e+01
 1.23526648e+03 4.61841919e+02 9.45659828e+00 7.35114887e-02
 6.86344910e+02 8.08134888e+02 8.03239441e+00 5.26659470e+01
 5.49380737e+02 2.35970978e+02 1.59635103e+00 1.27916953e+04
 6.65518616e+02 3.02619995e+02 1.36002795e+03 4.78795868e+02
 1.84507385e+02 2.93527365e-01 4.46702576e+00 6.25902100e+03
 2.04302612e+02 3.79865952e+01 5.26910553e+01 9.85967731e+00
 3.96022186e+01 3.29675827e+01 1.77449768e+02 2.52074180e+04
 2.25556927e+01 2.59191933e+01 4.47085175e+02 1.14149414e+02
 2.76156586e+02 4.96872635e+01 7.12671328e+00 7.91065550e+00
 8.63553772e+02 2.25109009e+02 6.94154882e+00 5.41788086e+03
 6.90741501e+01 2.14847461e+03 1.89087231e+03 5.96263351e+01
 5.74713721e+03 6.60990753e+01 4.56181192e+00 6.11841559e-01
 2.69118690e+01 1.02603918e+03 4.42277649e+02 6.31964844e+02
 4.15093555e+03 3.00863400e+01 8.98913281e+03 2.28483856e+02
 5.48479736e+03 2.66979980e+03 5.98779106e+01 5.31210251e+01
 5.38863281e+03 1.27414970e+02 1.58539028e+01 1.67566504e+03
 1.17536850e+01 1.56504425e+02 2.18460007e+02 6.65949583e+00
 2.97101917e+01 5.37616333e+02 1.68389603e+02 6.03054581e+01
 8.67872009e+01 1.01430975e+03 1.59472321e+02 2.11528540e+03
 4.50139648e+02 7.37061279e+02 5.91936340e+02 3.29142456e+02
 7.92145691e+02 2.53399658e+02 1.23652490e+03 6.66232765e-01
 3.96985382e+02 6.11224976e+02 9.33589941e+03 1.62919299e+03
 9.30630859e+03 1.31998768e+01 3.56596136e+00 1.29261389e+01
 1.10255432e+01 1.19449438e+03 8.31316223e+02 1.10711651e+01
 2.20099688e+04 4.07512169e+01 4.59037415e+02 5.21933632e+01
 4.50415771e+03 3.54082690e+03 1.63323040e+01 1.76617334e+03
 6.56587744e+00 6.72137299e+01 3.73994324e+02 1.84934158e+02
 1.15809705e+03 1.34215746e+01 5.04042432e+03 2.85723915e+01
 1.66716836e+04 1.50623894e+01 5.30945898e+03 1.29772329e+01
 1.38024688e+00 2.14724083e+01 7.19003601e+01 4.19173950e+02
 1.64474564e+01 6.60668030e+02 8.53581055e+02 2.92816211e+03
 4.62682438e+00 6.95838470e+01 7.06946030e+01 2.04041797e+03
 6.62194385e+03 2.36627594e+02 1.88950623e+03 1.48326416e+02
 6.93464478e+02 3.74946075e+02 5.78208160e+01 1.61876746e+03
 2.25182520e+04 1.86520214e+01 7.13773918e+00 4.83292150e+00
 3.32262039e+01 2.69466019e+00 6.43322803e+03 2.16314551e+03
 2.69010596e+03 6.05143890e+01 4.51309872e+00 8.56351440e+02
 1.35132166e+03 1.16697311e+01 1.06945677e+01 3.74685019e-01
 4.99602966e+02 5.05008972e+02 1.05712295e+04 7.05273254e+02
 1.86939871e+00 8.02629185e+00 6.36687266e+04 1.39336987e+01
 3.27031422e+00 5.89034363e+02 2.15580103e+03 1.10997978e+02
 2.77927656e+04 2.68800201e+02 6.08643341e+00 2.82486496e+01
 8.22039127e+00 1.19224901e+01 3.55245703e+03 2.11592503e+01
 9.80893803e+00 1.18815674e+02 1.54203296e+03 1.09282074e+02
 1.75215625e+03 7.98672943e+01 2.28722504e+02 2.78795105e+02
 9.08930511e+01 2.53409485e+02 5.54483281e+04 1.29149463e+03
 2.26465967e+03 1.26068738e+03 1.81106014e+01 1.15247383e+04
 4.57390332e+03 6.61598877e+02 6.84412109e+03 1.27711678e+02
 9.75708801e+02 2.87085915e+01 1.42993841e+01 4.45367737e+02
 3.23855286e+02 9.31210547e+03 3.36627960e+02 1.67578583e+01
 2.17946854e+02 9.33313354e+02 2.44988281e+03 1.44664639e+04
 7.73581543e+01 3.68455200e+01 2.22085571e+03 1.14923592e+01
 6.10777954e+02 5.44071674e-01 6.87255630e+01 6.44032178e+03
 1.20159702e+01 8.69700000e+03 4.03505783e+01 4.93492950e+02
 4.75742264e+01 1.31024194e+00 1.10049641e+00 2.19059682e+00
 5.39706230e+00 1.15608252e+04 4.71166945e+00 1.81836288e+02
 2.56059326e+03 7.95204544e+01 7.30762863e+01 1.11787674e+02
 2.47090210e+03 1.76364803e+01 6.90039215e+01 1.94964795e+03
 1.27913303e+01 5.67988777e+00 2.94090393e+02 1.49178482e+02
 1.40352673e+03 5.79054070e+01 5.43893147e+00 2.46800137e+00
 1.10070358e+02 7.77576923e+00 8.54498138e+01 1.02442179e+01
 2.97194719e+00 1.72184009e+03 8.51411621e+02 2.66798096e+01],-972.86597,-1027.0564,-1312.0883,1.0454024,1.9447706,0.57289475,0.9273717,0.016736979455947876,2146.6946012973785,0.125,0.125,-0.1239409423667425,-0.0005004998122992045,-0.123958744394135,-0.00038881213533626654,-0.5590833450434111,25.249999999996884,0.0,125000.0,-10.0,-5000.0,500.0,8.124497413635254,125000
1017.5407,0.07436734,0.116825484,0.0019668473,-1016.2981,1016.2981,[4.48804760e+00 1.50602348e-02 2.89805323e-01 2.09927708e-01
 7.68927097e+00 3.67257690e+00 1.60202866e+01 2.48248830e-01
 1.50151968e+00 4.19485748e-01 4.26389992e-01 4.83789206e-01
 7.84831643e-01 1.53186187e-01 1.80304852e+01 8.12921345e-01
 2.84958005e-01 1.34752357e+00 3.38867426e+00 1.06610686e-01
 8.72124290e+00 1.95837110e-01 6.09460957e-02 2.04727948e-02
 1.13826990e-02 2.80405320e-02 4.37995052e+00 2.26881802e-01
 1.00275040e+00 2.22584057e+00 1.67966262e-01 1.71818770e-02
 4.36507642e-01 1.57687038e-01 3.16734910e-01 5.76913023e+00
 8.23789015e-02 1.61348060e-01 5.14861345e-02 3.82271290e+00
 7.18738403e+01 8.41300666e-01 2.44522840e-02 4.08541746e-02
 8.80098581e-01 2.53414307e+01 8.50535631e-02 5.02395725e+00
 3.71997952e-02 5.81517935e-01 2.64145523e-01 4.49278772e-01
 2.08924152e-02 4.27195162e-01 2.18794681e-02 3.37594189e-02
 6.78320169e-01 3.79132107e-03 6.66214377e-02 3.31390285e+00
 3.90000641e-03 9.34405178e-02 1.42034329e-02 4.59663248e+00
 6.19863808e-01 7.34340027e-02 3.49450409e-01 1.72408029e-01
 1.70256987e-01 1.66564554e-01 1.50177300e-01 8.56265128e-02
 4.38472509e-01 9.59751755e-02 3.20205927e-01 1.11332629e+03
 6.94667250e-02 1.26735032e-01 9.67973948e-01 5.32260954e-01
 5.84455505e-02 9.95101407e-03 2.39797123e-02 1.22856453e-01
 5.77424169e-01 1.80539995e-01 1.00447369e+00 1.31885991e-01
 8.09580612e+00 1.00537434e-01 6.24016190e+01 9.92266089e-02
 2.06956610e-01 3.47910714e+00 5.13067842e-02 1.98791146e-01
 7.21071810e-02 2.55947914e+01 6.15357518e-01 1.27837673e-01
 6.31930113e+00 5.09776212e-02 1.98202208e-01 1.73188373e-01
 2.54468679e-01 1.71035886e+00 4.64801311e-01 2.63715982e+00
 3.01322378e-02 6.44296110e-02 7.97238529e-01 2.19497718e-02
 9.88793373e-02 3.60045172e-02 3.25030899e+00 2.05147386e+00
 3.68323997e-02 9.51950550e-02 4.08292562e-02 2.66989321e-01
 1.44135594e-01 8.96153092e-01 3.90087739e-02 9.07173157e-01
 1.08002067e-01 1.55019835e-01 3.73038128e-02 1.87266618e-02
 2.92351916e-02 6.90056086e-02 1.87108256e-02 8.96253109e-01
 1.84377089e-01 1.07965931e-01 6.54190421e-01 7.26475191e+00
 3.86228450e-02 1.68226227e-01 4.55329895e+00 7.93740898e-02
 7.17260838e-02 1.23846350e+01 2.73197007e+00 1.08644676e+00
 4.15683761e-02 2.27981761e-01 2.99074538e-02 5.94244078e-02
 4.11461639e+00 2.69918591e-02 1.00398302e+00 1.32630616e-01
 1.91201687e-01 2.99500608e+00 1.49341202e+00 5.98304689e-01
 6.01210594e-01 2.30254866e-02 1.36343050e+00 1.52923055e-02
 1.51073821e-02 1.52967870e+00 1.55084872e+00 2.72607833e-01
 8.73536021e-02 1.94675654e-01 5.00144601e-01 1.31759793e-02
 1.15618296e-02 2.27226272e-01 6.43038750e-01 2.37272680e-01
 1.33483350e-01 1.69387281e-01 1.76040566e+00 3.76895815e-02
 3.08169633e-01 2.88144886e-01 4.80859935e-01 6.24145031e-01
 3.57216187e-02 5.16967714e-01 9.50357020e-02 2.28244036e-01
 2.31628954e-01 7.17510656e-03 9.91068333e-02 6.93121576e+00
 1.17868400e+00 1.03540540e-01 6.55122042e-01 1.43238649e-01
 7.70129800e-01 1.39175653e-01 1.42474502e-01 2.32339811e+00
 1.84060633e-02 9.67550650e-03 2.52939844e+00 3.41086984e-01
 1.63163260e-01 1.22604847e-01 2.97413141e-01 2.53712058e+00
 5.49280941e-01 3.39837134e-01 6.53998995e+00 1.70705175e+00
 1.41071329e+01 1.60284638e-02 1.59485295e-01 4.48313057e-01
 3.88372660e-01 1.07143712e+00 2.20816791e-01 3.21248531e+00
 1.35177672e-01 5.85556650e+00 2.20851451e-02 5.69932200e-02
 6.16947003e-02 6.76148057e-01 5.62237091e-02 1.71922588e+01
 5.32854199e-01 5.07453680e-01 4.08897996e-02 2.93965626e+01
 1.17736874e+01 2.78464794e-01 3.70331556e-02 8.55960026e-02
 1.26635328e-01 1.05726643e+01 1.82268953e+00 3.57063293e+01
 2.05143285e+00 1.29213765e-01 6.28610626e-02 1.41684008e+00
 1.80177975e+00 4.14801575e-02 5.46173193e-02 1.48921400e-01
 5.48359491e-02 1.06346855e+01 2.05572136e-02 2.19982639e-01
 5.98724425e-01 9.18010354e-01 1.59822345e+00 9.46188271e-02
 8.10332447e-02 4.48394251e+00 4.85130548e-02 1.65238345e+00],11.113543,[2.72276545e+00 2.73647197e-02 1.20440573e-01 9.51352715e-02
 1.12912208e-01 2.78011896e-02 7.97337830e-01 1.65278465e-01
 3.34824085e-01 5.74429780e-02 4.30899411e-02 2.99816787e-01
 4.63070348e-03 9.52723324e-02 6.75876045e+00 3.78735363e-03
 1.34285718e-01 2.65722096e-01 6.21175480e+00 5.05324975e-02
 3.17190742e+00 7.10205212e-02 4.21342589e-02 3.09912115e-02
 3.34616378e-02 3.79787423e-02 2.63298571e-01 3.69860008e-02
 7.32485676e+00 5.89105010e-01 1.53794602e-01 1.15141459e-02
 1.19882837e-01 5.49410880e-02 2.18997635e-02 3.37219298e-01
 1.24173462e-02 5.36252558e-02 5.36610186e-03 2.71446854e-02
 2.76445103e+01 1.45083204e-01 2.17911005e-02 2.68183090e-02
 2.76279449e-01 3.29095306e+01 4.38740924e-02 6.04571402e-02
 3.82130630e-02 8.80196691e-01 9.86988991e-02 1.27690506e+00
 6.59999400e-02 9.78441387e-02 3.07711139e-02 4.74316664e-02
 5.86847849e-02 4.37750109e-02 3.02127749e-02 1.70876816e-01
 1.38984233e-01 4.50748987e-02 2.47587748e-02 2.08116814e-01
 7.56398141e-02 2.69912854e-02 9.59707052e-02 1.16486013e-01
 3.73027921e-02 7.04044253e-02 6.49202466e-02 4.68201973e-02
 6.19181544e-02 6.21333458e-02 7.12267309e-02 1.53242712e+03
 2.87332572e-02 5.73666096e-02 3.12433243e-02 2.14466989e-01
 4.57574613e-02 1.51453689e-02 3.64606120e-02 1.09742612e-01
 9.17036831e-02 1.94048345e+00 5.67954816e-02 5.47903366e-02
 2.41002297e+00 1.55521929e-03 8.99137192e+01 4.63893600e-02
 5.99871315e-02 4.34149933e+00 3.40713002e-02 2.42166296e-01
 3.56546082e-02 5.89909325e+01 5.00907376e-02 3.36997062e-02
 3.23351979e-01 3.12729664e-02 2.72870809e-02 5.89054003e-02
 3.14338923e-01 2.77686715e-02 1.53146476e-01 3.83008868e-02
 2.53991969e-02 1.24160722e-01 1.03578046e-01 4.03886773e-02
 4.02657725e-02 5.80276735e-02 4.81116213e-02 3.31150629e-02
 3.35532762e-02 8.65178168e-01 3.46745372e-01 3.87453809e-02
 3.32939774e-02 3.07405829e-01 2.90441252e-02 3.44841003e-01
 1.41694024e-02 3.34833749e-02 1.92187011e-01 7.16181397e-02
 6.36456162e-02 2.78608799e-02 3.01820226e-02 4.14455026e-01
 8.12529445e-01 8.33319575e-02 2.55881011e-01 4.78117323e+00
 3.38288583e-02 6.79564625e-02 1.17752343e-01 2.26730183e-01
 1.57668009e-01 2.65085564e+01 1.13772995e+02 1.66480437e-01
 5.65238632e-02 8.92721564e-02 1.44062832e-01 2.47346461e-02
 1.24935076e-01 1.58735663e-01 1.08082458e-01 4.38547730e-01
 6.33995086e-02 3.37740451e-01 1.17860794e+00 2.09277011e-02
 1.49980986e+00 3.11030336e-02 1.73903182e-02 3.84305306e-02
 3.30327302e-02 1.84706116e+00 3.35943140e-02 4.30911966e-02
 3.18346955e-02 4.86074761e-02 1.09902456e-01 2.47698613e-02
 6.26805499e-02 4.11210656e-02 4.10047174e-01 4.13563251e-02
 1.10598668e-01 5.68340458e-02 1.65383905e-01 4.17442620e-02
 7.93451369e-02 3.05572450e-01 5.80775775e-02 5.85103750e-01
 7.77513832e-02 3.83450091e-02 4.82047684e-02 3.39178890e-01
 5.86869009e-02 5.12488820e-02 6.90195770e+01 2.11071968e+00
 3.09737213e-02 1.62413269e-02 3.47555637e-01 6.86532408e-02
 3.68790984e-01 4.03913334e-02 1.26184523e+00 2.11639777e-02
 6.03760071e-02 3.74519564e-02 6.54808432e-03 1.64258063e-01
 7.42244124e-02 1.00645676e-01 5.80682792e-02 2.73164845e+00
 1.06681883e-03 2.15827301e-03 7.27694511e-01 3.56302291e-01
 2.12743354e+00 3.87674570e-02 1.62484795e-02 1.33341745e-01
 6.07900694e-03 7.76542246e-01 9.56398547e-02 9.89645869e-02
 1.64152458e-02 1.18574011e+00 2.24745348e-01 3.02410275e-02
 5.67947663e-02 6.02558255e-02 3.52783278e-02 1.26495981e+01
 3.25463951e-01 5.65931834e-02 2.72430658e-01 1.22708145e+02
 4.23920751e-01 1.71969450e+00 1.44255832e-01 1.01420671e-01
 6.06659472e-01 9.08405334e-03 2.86031187e-01 7.70869374e-01
 3.73676009e-02 1.60583809e-01 1.38330996e-01 1.39991903e+00
 1.78988367e-01 2.63952315e-01 1.81387402e-02 6.45129532e-02
 3.34246755e-02 1.51327416e-01 2.83323415e-02 3.46312001e-02
 1.05333257e+00 3.36008281e-01 3.22127986e+00 1.60099454e-02
 4.40612473e-02 1.91362686e-02 2.73444206e-01 1.85534433e-01],-966.6819,-1020.8412,-1494.3052,1.0134794,1.4429097,0.9659579,0.9264822,1617.9463,-3219.6162,7782.3174,1015.11835,1.155008,0.1941484,0.11177053,-1012.02185,1012.02185,[9.00326758e+03 3.21607933e+01 1.23476440e+03 1.58627295e+00
 2.73516464e+01 5.35851097e+00 4.31467102e+02 5.28337896e-01
 3.93326489e+03 1.07651672e+01 5.53148270e+01 1.55168343e+00
 6.00958729e+00 1.90315094e+01 1.62408257e+01 4.97872276e+01
 4.80445947e+03 9.72200195e+03 1.25266752e+01 7.59622925e+02
 1.72884644e+02 3.99188004e+01 6.16241064e+03 5.28814697e+01
 8.89687195e+01 3.99529175e+02 1.73230000e+01 2.00985222e+01
 1.58946476e+01 3.98593604e+03 3.37303314e+01 1.76862045e+02
 1.11568420e+02 3.07683136e+02 1.01613739e+02 5.88470996e+03
 4.66311073e+00 1.85226929e+02 2.75602264e+02 6.62336946e-02
 1.11263037e+01 5.53131599e+01 3.42088008e+00 2.97140479e+03
 4.04575592e+02 1.91170895e+00 1.18991919e+01 1.26181488e+01
 2.23476105e+02 1.37938141e+02 3.12311554e+01 2.33994217e+01
 2.95425446e+02 6.38319062e+04 1.84012939e+02 1.72430801e+01
 4.46613350e+01 2.90719771e+00 1.57516241e+01 1.56820938e+02
 3.11736016e+04 2.41185150e+01 2.45349766e+04 8.18556702e+02
 1.18066032e+02 1.07780664e+03 1.84571548e+02 6.02049065e+00
 7.55791759e+00 3.41354713e+01 1.82208542e+02 1.65932465e+01
 1.92252563e+02 3.43328766e+02 1.66637109e+03 2.50418329e+00
 4.75728088e+02 9.79431030e+02 2.10207424e+01 3.00150084e+00
 1.80304909e+01 1.42249219e+04 3.55882454e+01 3.33025562e+03
 5.97186328e+03 1.33915451e+02 9.88143250e+02 3.23989487e+01
 1.86331726e+02 5.46307373e+02 4.75565262e+01 6.60161475e+03
 9.18059082e+02 5.20499182e+00 8.62488184e+03 5.96988068e+01
 5.46051172e+03 1.63428360e+02 5.89641809e+00 1.37247629e+01
 2.14942765e+00 3.17378510e+02 2.85813599e+03 4.42688110e+02
 2.75889917e+03 1.99461273e+02 1.31244019e+03 9.01965942e+02
 5.79152679e+00 5.74677441e+03 1.64852661e+03 7.87341690e+00
 4.63352966e+01 2.29449940e+01 3.37799744e+02 1.07740391e+04
 1.72101343e+03 8.62971783e+00 8.28711033e+00 6.70740051e+01
 1.64023666e+01 2.39744043e+03 1.35470496e+03 3.39649811e+01
 1.43484440e+01 5.12030518e+02 5.68496826e+02 1.37967026e+02
 1.80881055e+03 1.30750828e+01 6.83757568e+02 2.44869184e+00
 6.86587048e+00 1.92834072e+01 2.45382126e+02 1.52222119e+03
 8.18760596e+03 3.97610779e+02 1.66430354e+00 5.76807022e+00
 1.74842911e+01 1.19133353e+00 2.58542694e+02 4.39581261e+01
 2.16235092e+02 5.17749766e+04 2.92434540e+01 2.04788074e+01
 3.22141846e+02 6.76912231e+01 3.48988266e+01 4.41549835e+01
 5.48239365e+01 5.93415022e+00 2.66542282e+01 4.10467768e+00
 1.46437359e+00 2.84455786e+03 6.39326630e+01 4.88129997e+01
 9.97856617e+00 7.90786255e+02 1.13406591e+01 1.03243152e+03
 2.52958584e+01 2.30045748e+00 1.26536613e+02 3.78942041e+03
 4.54794083e+01 4.41999170e+03 2.09973038e+02 3.29369850e+01
 2.90008605e-01 2.61323669e+02 2.64728174e+03 6.83183823e+01
 4.23018008e+04 9.43033314e+00 1.64895615e+02 3.10002863e-01
 2.26267273e+02 5.57284164e+00 3.88785596e+03 1.81640723e+04
 6.37713146e+00 5.87314463e+00 5.24550343e+00 8.09382343e+00
 5.00180531e+00 4.74217911e+01 9.83476868e+02 6.13274268e+03
 3.36304230e+02 2.20251036e+00 3.32965612e+00 1.39206924e+02
 4.05724030e+01 3.15275650e+01 2.62651367e+01 3.01311851e+00
 4.91118457e+03 6.76671171e+00 5.50587997e+01 1.18358447e+03
 3.16491013e+01 1.61221733e+01 1.01402443e+02 8.74987717e+01
 1.17969141e+03 1.15234778e+03 7.25888574e+03 3.53206085e+02
 7.80110742e+03 8.25295117e+03 2.65534439e+01 3.12010522e+03
 1.04587183e+01 4.15749359e+01 5.99673867e-01 3.27412140e+02
 2.11675720e+01 1.65855827e+01 1.03086006e+02 9.70951996e+01
 7.71220093e+01 6.41643982e+02 8.69685650e+00 7.84881687e+00
 2.27010547e+04 8.93482018e+00 6.08042002e+00 4.05365407e-01
 9.64706659e-01 3.93317833e+01 4.18953705e+02 3.35175781e+02
 2.17232914e+01 4.09702377e+01 9.48687553e+00 1.81212402e+02
 3.73559113e+01 7.06973743e+00 8.62796875e+03 9.60621887e+02
 2.75578594e+01 1.55315186e+02 1.06703186e+03 6.39425135e+00
 2.85515904e+00 4.42977570e+02 7.49613571e+00 2.86863174e+01
 3.45404282e+01 2.40324478e+01 2.52710700e+00 2.05638687e+02],3515.4072,[4.66202051e+03 3.34601562e+02 2.07988110e+03 2.70346022e+00
 1.42305946e+01 4.90066576e+00 4.87333710e+02 1.12289512e+00
 1.98229858e+03 3.08123055e+01 8.69379044e+01 7.74216056e-02
 2.73281479e+01 5.95511198e+00 2.91606178e+01 3.04306602e+01
 7.04022095e+02 1.85036719e+04 2.22495699e+00 1.52022571e+03
 1.50311597e+03 1.30734558e+02 2.28895020e+03 1.36788168e+01
 1.02193283e+02 1.07742881e+04 3.17739410e+01 2.17028008e+01
 8.40844803e+01 8.50086288e+01 4.09811279e+03 1.09162102e+02
 1.25091230e+04 1.45187088e+02 7.19406281e+01 1.39010137e+04
 9.34587669e+00 3.27245483e+02 6.26188721e+02 1.11794174e+00
 3.81456804e+00 9.01583786e+01 3.82227159e+00 1.15750918e+04
 1.37112158e+03 5.38369446e+01 5.51476336e+00 5.64222860e+00
 3.28164429e+02 8.14447632e+02 1.09650925e+02 3.07420006e+01
 2.04517468e+03 7.06321406e+04 3.79648224e+02 5.05756927e+02
 6.44971771e+01 5.44562483e+00 9.49548187e+01 1.34805260e+01
 3.57326094e+04 7.48020267e+00 1.51188879e+03 6.36977490e+03
 7.59632812e+02 2.71214531e+04 5.09360413e+02 1.79113445e+01
 3.13794422e+01 3.22444077e+01 5.49565506e+01 6.51605377e+01
 6.60092285e+02 1.33550879e+03 2.44311352e+01 6.24003601e+01
 1.90624927e+03 1.90420502e+02 1.03725996e+01 6.39441386e-02
 9.28947210e-01 7.82158875e+02 4.11206445e+03 7.60397119e+03
 1.37910537e+04 3.16945374e+02 2.87096291e+01 4.02387238e+02
 7.11517090e+02 1.49451123e+03 8.31478711e+03 8.76527734e+03
 3.42009338e+02 5.77207518e+00 1.87532978e+01 1.59451590e+01
 5.80356934e+03 9.94391556e+01 3.82004112e-01 2.95836754e+01
 6.91387802e-02 6.47504333e+02 4.41454102e+03 4.92659988e+01
 4.18010040e+02 1.73536358e+01 7.04434937e+02 2.03945762e+04
 2.50081301e+00 3.82696777e+03 1.32936279e+03 5.51484525e-01
 5.44372368e+01 3.51697109e+04 5.03524750e+02 2.04033613e+04
 1.36790131e+02 4.44302551e+02 1.04207077e+01 2.98032074e+01
 7.27533875e+01 1.16863391e+03 2.41983350e+03 3.52682266e+01
 3.07979679e+01 1.36449414e+03 3.11867529e+03 5.08107178e+03
 3.71195947e+03 1.93881583e+00 5.56798584e+02 1.40527096e+01
 6.38416386e+00 2.92871799e+01 2.93234039e+02 2.71439526e+03
 1.05174561e+04 4.60638489e+02 6.30155230e+00 3.90802124e+02
 8.81522675e+01 1.54510689e+01 6.18879688e+03 2.79913197e+01
 1.92407669e+02 2.50346484e+04 6.87517357e+00 1.82358799e+01
 4.24916534e+02 1.29771683e+02 5.52703896e+01 2.04902496e+01
 3.35999573e+02 5.63924122e+00 9.96243262e+03 1.43345594e+00
 1.28749733e+01 1.71767734e+04 5.38458740e+02 8.44098282e+00
 1.01760156e+04 4.32878711e+03 1.47287369e+01 7.64959167e+02
 5.33322754e+01 7.50908470e+00 1.30261719e+02 1.28055889e+04
 6.29266167e+00 4.73841431e+02 2.93133789e+02 3.78545880e-01
 3.04850245e+00 2.47424436e+00 1.93696326e+03 5.95604782e+01
 6.18105039e+04 5.54605913e+00 9.20584335e+01 1.50529633e+01
 4.41025757e+02 1.17395997e+00 1.29407397e+03 9.37417578e+03
 7.09137917e+00 2.56499805e+03 2.32006836e+01 7.19519186e+00
 2.18709602e+01 6.62357300e+02 8.40882507e+02 5.40311670e+03
 1.93340958e+02 3.30719471e+00 5.86911488e+00 3.27262726e+01
 4.58432471e+03 5.84278870e+00 6.07807159e+01 8.23967075e+00
 1.09882385e+03 8.90657578e+01 3.54956856e+01 1.44645581e+03
 4.57483482e+01 2.94512825e+01 3.34396286e+01 9.48845520e+01
 2.61658350e+03 1.73790991e+03 1.17415742e+04 5.47874023e+02
 7.43777930e+03 1.10225195e+04 1.88871887e+02 4.74422363e+03
 2.53062105e+00 4.95992035e+02 1.76053333e+00 2.07616821e+03
 6.22654114e+01 6.54381943e+00 1.02491150e+03 3.04070923e+02
 1.38080093e+02 9.01253418e+02 1.03081421e+02 5.73614502e+00
 3.32899844e+04 4.95079190e-01 2.80028057e+00 8.96927238e-01
 4.96040702e-01 2.08876724e+01 1.20940283e+03 1.24379873e+04
 7.92057471e+03 4.02229500e+01 1.73581406e+04 6.49722656e+02
 7.86021805e+01 1.06633177e+01 1.96444226e+03 9.35952515e+02
 1.75210133e+01 1.09192146e+02 5.50016357e+02 5.68040967e-01
 4.50321531e+00 6.37906006e+02 3.60420418e+00 8.77108765e+00
 1.27605721e+02 1.41311127e+02 2.36114655e+01 5.11049767e+01],-971.7339,-1022.64703,-1334.2439,1.1182828,3.4219496,0.45409757,0.929757,0.016001995792388916,2546.744510412216,0.125,0.125,-0.12279559874900135,0.016515954466183157,-0.12189827011914318,0.01592753725171152,-0.5129549464735523,25.249999999996884,0.0,150000.0,-10.0,-5000.0,500.0,7.397867679595947,150000
1017.77936,0.07119193,0.109991245,0.0030058788,-1016.6083,1016.6083,[5.03162444e-01 3.06837022e-01 1.72628641e-01 6.48526550e+02
 8.15550029e-01 1.01392031e-01 1.36096466e+00 6.89708591e-02
 8.60926509e-02 4.44996262e+00 7.66080022e-02 7.17508346e-02
 1.27873192e+01 1.40281528e-01 6.61146790e-02 4.62396383e+00
 1.23995766e-01 4.25964966e-02 1.98578873e+01 8.96361291e-01
 3.45227242e+00 1.17796846e-01 3.00470233e+00 1.21981457e-01
 2.52541870e-01 9.87721086e-02 2.17762613e+00 6.68865585e+00
 1.39921382e-01 2.84783728e-02 7.07532912e-02 1.94044006e+00
 3.57539430e-02 4.94597971e-01 2.66613066e-01 1.47161856e-01
 8.16235542e-02 1.08492601e+00 3.66072990e-02 3.15264082e+00
 5.54562956e-02 3.18578243e+00 1.35377293e+01 1.48182005e-01
 7.08649904e-02 1.35234699e-01 1.50722340e-02 5.71981072e-02
 2.49883652e+00 2.12255627e-01 6.61157370e-02 1.18596211e-01
 1.59159279e+00 1.08501387e+00 1.90815642e-01 8.12110484e-01
 1.04421563e-01 2.53068395e-02 4.84322384e-02 9.00861323e-01
 6.59002006e-01 1.41569567e+00 9.52985466e-01 6.41321898e-01
 6.73045367e-02 9.46537405e-02 6.06725365e-02 6.41735271e-02
 1.25604764e-01 2.78541684e-01 2.02212906e+00 1.52338791e+00
 1.48828194e-01 5.25476754e-01 4.18262577e+00 1.27335951e-01
 1.37991226e+00 9.89717543e-02 1.07459053e-01 2.09370270e-01
 1.00038856e-01 5.66113043e+00 1.00951834e+01 1.90516651e-01
 2.73033269e-02 3.95870507e-02 9.32058245e-02 3.45980406e-01
 1.62728834e+00 8.61312985e-01 3.12944800e-02 9.10397246e-02
 2.28142285e+00 1.60361528e-01 7.18301773e-01 9.34625417e-02
 9.96942997e-01 8.37591410e-01 9.28019285e-02 4.32327271e+00
 8.12417269e-02 1.23694122e-01 9.14120823e-02 3.43204796e-01
 1.31920509e+01 2.10745382e+00 2.58687687e+00 1.52769789e-01
 5.03968954e-01 1.94884491e+00 1.23874474e+00 8.50172341e-02
 2.12446260e+00 1.52315199e-01 7.87650943e-01 3.75958633e+00
 1.53463662e-01 1.64400071e-01 1.53900862e-01 3.60107136e+00
 7.55027011e-02 2.29553366e+00 7.63328171e+00 8.38527232e-02
 4.21116769e-01 1.19233036e+00 3.86241078e-02 9.39907283e-02
 1.79084286e-01 7.18002170e-02 8.28245044e-01 2.63100529e+00
 1.91825405e-01 1.11804634e-01 5.46540022e+00 8.09852779e-02
 1.50552928e-01 1.78239250e+00 1.03516012e-01 1.99701577e-01
 5.11587238e+00 7.41293579e-02 1.27362087e-01 6.83676481e+00
 1.04090866e+02 1.41445786e-01 7.66624570e-01 8.36901188e+00
 2.78482552e+01 3.32293212e-01 3.63815576e-03 2.94863281e+01
 1.10545230e+00 6.29882514e-02 9.29523855e-02 4.75678630e-02
 1.44282654e-01 1.16685271e-01 1.37125516e+00 2.83435345e-01
 2.87474900e-01 9.88935530e-02 1.14183709e-01 4.24185181e+00
 1.41177401e-01 3.63360107e-01 3.12375426e-01 6.43387020e-01
 9.17107582e-01 1.27937734e-01 9.03655142e-02 6.21404834e-02
 2.16871388e-02 1.22077897e-01 6.27457350e-02 2.51876652e-01
 3.28717470e-01 3.20745587e-01 3.46548855e-01 4.65324707e-02
 6.71146917e+00 2.23174468e-01 1.98019638e+01 2.02817172e-01
 2.71737456e-01 6.44128174e-02 3.30177975e+00 1.15399003e-01
 1.76336706e-01 3.43540430e-01 1.63284875e-02 4.32749557e+00
 1.01880014e-01 4.37762477e-02 9.64263380e-02 2.88915813e-01
 1.31064087e-01 7.57907182e-02 1.70273572e-01 1.30341545e-01
 1.85907304e-01 1.48952889e+00 1.09741777e-01 5.18122911e-01
 7.39254951e-02 1.29254997e-01 1.80864096e-01 2.84105158e+00
 7.21038163e-01 2.62118101e+00 1.06429887e+00 9.28861946e-02
 6.61747456e-02 1.10235512e-01 1.07350969e+00 5.26793487e-02
 3.00010347e+00 1.04326487e-01 1.41733646e+00 1.46858960e-01
 5.18407679e+00 1.10802782e+00 9.03302282e-02 2.78407276e-01
 5.42881638e-02 2.66236603e-01 1.48469388e+00 3.85441065e-01
 8.82493332e-02 7.71431565e-01 2.18644679e-01 2.72986650e-01
 5.50550856e-02 1.52199626e-01 1.86726168e-01 8.65383267e-01
 6.86265081e-02 5.38172781e-01 1.23588777e+00 1.55192912e-01
 1.22692406e-01 4.30441648e-02 1.06552868e+01 1.30412370e-01
 2.20107019e-01 9.42575037e-02 2.97096193e-01 5.78398108e-01
 1.21792805e+00 8.93505156e-01 1.73939005e-01 1.23706317e+00
 1.23742774e-01 2.61637211e-01 6.89293146e-02 7.77426147e+00],5.8833404,[5.48795044e-01 6.32666171e-01 6.47645667e-02 8.00257324e+02
 1.12406683e+00 6.01865090e-02 1.51323318e-01 5.90640940e-02
 8.84273946e-02 8.12021643e-02 1.14675850e-01 7.00204223e-02
 9.76297408e-02 3.75006348e-02 7.99105167e-02 7.57050276e-01
 7.98569024e-02 5.52091748e-03 6.17809772e-01 2.26459637e-01
 9.82841015e-01 2.19341256e-02 3.62485915e-01 3.01212817e-02
 4.48919572e-02 5.07754833e-02 1.18316746e+00 1.09353914e+01
 6.16440363e-02 9.05104429e-02 6.33460581e-02 3.99376988e-01
 3.94299999e-02 3.89561474e-01 1.29982904e-01 5.10228612e-02
 1.61189884e-01 2.16811299e-01 5.54000475e-02 4.11228275e+00
 1.18200853e-01 1.12299040e-01 2.20796496e-01 1.37963265e-01
 8.63783360e-02 2.27448508e-01 3.74225527e-02 6.13076575e-02
 3.30194443e-01 4.96500283e-02 8.56960565e-02 2.37842575e-02
 8.83236527e-02 3.90213847e-01 1.05924892e+00 1.44940540e-01
 4.30710465e-02 5.66287115e-02 4.46916968e-02 6.92198157e-01
 1.78316653e+00 1.71719420e+00 8.59180808e-01 9.25312519e-01
 8.79398882e-02 1.04676820e-02 1.41949952e-02 6.28719479e-02
 2.38588142e+00 6.27961397e-01 1.50031357e+01 9.52133894e-01
 3.37080248e-02 3.94473225e-01 2.32567400e-01 5.80056794e-02
 1.23989081e+00 6.06404841e-02 6.46979362e-02 9.20178294e-01
 3.22306789e-02 3.68983030e+00 3.34255385e+00 3.61017138e-02
 1.29861251e-01 7.15331882e-02 2.54280448e-01 1.37760973e+00
 9.00826156e-02 4.91036952e-01 1.13802254e-01 4.37607057e-02
 9.93714333e-01 9.78464603e-01 3.78434241e-01 1.78536132e-01
 4.92210239e-01 7.46131182e-01 8.35759938e-02 1.32738985e-02
 1.20900959e-01 6.19349554e-02 6.52152300e-02 4.78821099e-01
 1.13226974e+00 9.35971290e-02 1.77216649e+00 2.23151654e-01
 8.72165680e-01 2.67858648e+00 7.38909662e-01 7.44847804e-02
 5.05546808e-01 1.89401880e-01 2.61404105e-02 5.41822970e-01
 5.36795020e-01 5.05733676e-02 3.62074412e-02 2.23955780e-01
 1.54893994e-01 5.52812397e-01 4.97293293e-01 8.23272169e-02
 1.18658617e-02 2.82898881e-02 9.72788632e-02 9.83168483e-02
 2.90182121e-02 6.07634820e-02 7.82090425e-02 6.06342316e-01
 8.20404720e+00 1.23828262e-01 2.48489809e+00 8.13148320e-02
 1.81479380e-01 6.56054616e-02 7.93718398e-02 4.06532176e-02
 8.12115765e+00 8.19407105e-02 1.27642918e+00 1.82691193e+00
 9.28077011e+01 9.68551040e-02 8.20685625e-01 2.19103217e-01
 6.92927361e+00 2.70676076e-01 6.21653087e-02 3.52511978e+00
 1.97268105e+00 7.75755793e-02 8.30577388e-02 1.06354192e-01
 3.16301823e-01 3.82315636e-01 8.33687246e-01 1.49222159e+00
 1.95616856e-01 4.52323295e-02 3.44701484e-02 5.44582486e-01
 4.88488115e-02 6.43195510e-01 1.11996567e+00 6.68712974e-01
 1.37945390e+00 2.75941253e-01 4.99537960e-02 9.04374719e-02
 8.24915767e-02 1.01291493e-01 9.93587077e-02 4.25165921e-01
 3.34733367e-01 6.31142557e-02 8.95737112e-01 4.58171554e-02
 1.51779383e-01 2.29909047e-01 2.57114363e+00 3.98706272e-02
 6.74570352e-02 1.18053555e-01 1.19931445e-01 3.03793438e-02
 4.85022701e-02 7.23565400e-01 5.56022897e-02 1.62560439e+00
 7.99929202e-02 5.76707125e-02 2.08707094e-01 1.55270055e-01
 8.66130739e-02 1.01090461e-01 3.35679799e-02 5.99288680e-02
 9.51455832e-02 2.92318225e+00 5.74835017e-02 4.91445899e-01
 2.16096923e-01 3.67738456e-01 1.63183451e-01 7.08097965e-02
 5.20033121e-01 1.31278253e+00 1.32761908e+00 5.78645058e-02
 7.91526139e-02 4.57580574e-02 4.05430585e-01 1.31608486e-01
 6.67724311e-02 1.97148211e-02 1.66590810e+00 3.52464885e-01
 5.40056944e-01 2.43748911e-02 2.00736001e-01 8.19743574e-02
 2.04488724e-01 1.37572587e-01 5.81122041e-01 3.66402984e-01
 4.15356643e-02 3.19817519e+00 5.83370030e-02 2.51753569e-01
 6.04384132e-02 1.40488334e-02 2.27704942e-01 4.89987195e-01
 7.84848779e-02 2.66772175e+00 2.01728153e+00 1.00041702e-01
 6.07631803e-02 3.85464765e-02 1.22786069e+00 2.63331354e-01
 8.69878232e-02 7.20488131e-02 2.38115877e-01 1.63144395e-01
 2.52840132e-01 1.44252554e-02 1.73636958e-01 6.23542964e-01
 1.67886168e-01 5.16579039e-02 6.13812283e-02 1.67017639e-01],-973.354,-1022.4428,-1491.3545,1.0067781,1.1063199,0.98423505,0.9260429,3630.7937,-364.50458,7066.702,1029.8818,1.0151165,0.2112598,0.11893376,-1026.7542,1026.7542,[2.46561203e+01 3.36677227e+04 9.85443306e+00 2.07117456e+03
 4.42462891e+02 1.39222559e+03 6.77131592e+02 1.91680741e+00
 2.32684255e+00 7.33507874e+02 1.66080074e+01 1.64953861e+01
 2.13310742e+03 2.37201729e+01 2.43704742e+02 9.51785812e+01
 4.30851316e+00 1.87402325e+01 3.49871922e+00 1.25555981e+03
 3.97205176e+03 1.74346657e+01 1.47592224e+02 1.20117441e+04
 5.24236298e+01 3.07974663e+01 1.25755205e+01 1.52542542e+02
 2.35645664e+04 4.46660385e+01 2.11150284e+01 1.06456934e+04
 8.66562119e+01 8.54206085e+00 1.04227161e+03 3.27499809e+01
 3.23797112e+01 5.89452782e+01 5.91693787e+02 2.73550472e+01
 1.51190710e+00 1.08230682e+02 7.23958397e+00 6.62771072e+01
 1.81545527e+04 4.26207275e+01 4.98149219e+03 2.55481052e+00
 2.24369904e+02 1.21406374e+01 3.73691528e+02 3.57149720e+00
 2.18958206e+01 2.00183544e+01 8.55675659e+01 2.78428245e+00
 7.21954727e+00 6.11455879e+01 3.62916255e+00 5.02146680e+03
 3.47209835e+00 4.79294357e+01 1.22576399e+01 3.24702492e+01
 2.15458862e+02 1.65752734e+03 5.57385302e+00 3.11924744e+01
 1.53517090e+02 2.71184512e+04 3.90671425e+01 1.45595741e+01
 2.27542686e+00 3.05235138e+01 8.14954883e+03 1.97398205e+01
 3.66903191e+01 4.09247955e+02 1.31906665e+03 1.69803406e+03
 1.82413867e+04 7.41795921e+00 2.30299961e+04 7.94269867e+01
 6.76483688e+01 1.81328506e+01 3.62488678e+02 1.83620154e+03
 9.80530884e+02 1.05911951e+01 2.23049683e+03 4.65448875e+01
 2.37545280e+01 2.15796394e+01 1.11347260e+02 5.48921623e+01
 2.97096395e+00 2.32691212e+01 1.94549103e+02 5.40074158e+00
 5.07004590e+03 1.73446922e+01 1.57825699e+01 7.48478821e+02
 6.98402734e+03 2.98035049e+01 1.74014282e+01 2.58183022e+01
 6.04998169e+01 3.82242480e+03 5.88767700e+02 1.02683667e+03
 1.38443098e+01 1.96110840e+02 1.25516563e+02 1.41896118e+03
 4.01336792e+02 1.05414215e+02 9.00519043e+03 6.00144501e+01
 2.29741421e+01 1.23099194e+01 1.05471359e+02 4.27209473e+03
 1.63295563e+02 3.26678528e+02 1.73300330e+03 1.58281345e+01
 1.48361053e+01 9.47527695e+00 5.93597107e+02 4.06916992e+02
 4.47702026e+00 2.52308243e+02 4.74962616e+01 1.15516148e+01
 9.07502890e-01 4.52188629e+02 3.75768042e+03 1.89191986e+02
 5.09884338e+01 1.72727039e+03 4.47348175e+02 4.44099693e+01
 1.19851306e+03 2.33230347e+02 2.27333398e+04 6.54559784e+01
 2.90290833e+02 5.54550409e+00 2.87882042e+01 5.26259375e+00
 2.47807520e+03 2.10327332e+02 3.10179224e+03 7.73033381e-01
 3.12387419e+00 7.12903595e+00 9.93151665e-01 1.26005806e+02
 1.92272115e+00 3.23687248e+01 1.96943264e+01 3.34399854e+03
 9.96967468e+01 1.75516164e+00 1.23100380e+02 4.86560249e+00
 7.38896370e-01 2.45831108e+01 2.94494141e+03 1.87012773e+04
 1.55557909e+01 4.63445320e+01 3.35222435e+01 1.11395180e+02
 4.40708221e+02 3.10624084e+02 7.73034048e+00 7.00047989e+01
 6.63155670e+01 5.62277649e+02 1.96897483e+00 1.02243347e+03
 4.55996933e+01 5.27949929e-01 3.50562954e+00 6.47856934e+02
 3.47892914e+01 3.59661365e+00 6.73039818e+00 9.35461330e+00
 1.29721632e+01 1.35520966e+02 6.25511719e+02 6.70564697e+03
 1.41628125e+03 5.89362259e+01 1.53043701e+02 1.35670872e+01
 5.40921974e+01 1.52956724e-01 1.13473949e+01 5.40536690e+00
 1.57950811e+04 8.68234730e+00 8.48679492e+03 1.91616478e+01
 1.41910950e+02 6.17174606e+01 1.15158520e+01 2.50130142e+02
 3.41066162e+02 1.33458376e+01 1.69019012e+02 1.30281162e+01
 7.63422108e+00 1.43836527e+01 2.10528641e+02 1.95055405e+02
 7.06229199e+03 1.09827301e+02 3.23796501e+01 4.35156136e+01
 1.20232286e+01 6.08458996e+00 2.01794556e+02 4.39832840e+01
 3.90844043e+03 2.67639191e+02 2.67963200e+01 2.14055029e+03
 2.27502949e+04 8.14531543e+03 2.73316772e+02 9.45382404e+00
 1.40147295e+01 6.80388770e+03 7.72948685e+01 4.72785950e+01
 2.76151050e+03 3.73791382e+02 8.01968575e+00 1.02250283e+04
 6.77993774e+02 3.21830688e+02 1.79970722e+01 2.16837597e+00
 1.49576645e+01 1.28582811e+01 9.55902767e+00 8.03625107e+00
 1.30738516e+04 1.70606079e+01 1.77717361e+01 4.56131973e+01],3508.5098,[2.90588721e+03 3.18816543e+04 1.92759914e+01 4.28424316e+03
 6.78761841e+02 4.60487012e+03 9.32657715e+02 2.71244311e+00
 6.31105757e+00 5.25532776e+02 3.05819435e+01 1.20610065e+01
 4.01227074e+01 2.70092125e+01 9.24040100e+02 6.30111023e+02
 6.66574121e-01 4.33719158e+00 1.49777328e+02 1.08928442e+03
 1.60979565e+03 4.78925824e-01 7.50651779e+01 1.14215205e+04
 1.32831833e+02 3.83076744e+01 1.39200258e+00 2.92437382e+01
 1.97315508e+04 4.31267166e+01 2.41902614e+00 2.14659043e+04
 3.98408447e+02 1.14687567e+01 1.25030823e+03 1.24460312e+02
 5.47204971e+01 1.89332935e+03 1.48007783e+04 4.05360947e+01
 3.26047003e-01 5.31221497e+02 8.40776291e+01 5.99163940e+02
 1.05409111e+04 1.72360535e+01 5.19390039e+03 7.98683853e+01
 1.53987137e+02 2.05112247e+01 2.31898102e+02 2.17126007e+01
 4.70069885e-01 2.10450382e+01 5.77942924e+01 9.49039608e-02
 7.92813158e+00 1.51540840e+04 3.02532613e-01 2.15108459e+02
 1.55394678e+01 7.88719845e+00 1.63992748e+01 7.63881226e+01
 3.58488388e+01 3.01021753e+03 1.67144241e+01 1.16164124e+00
 1.69533905e+02 2.82141914e+04 6.75403061e+01 1.98432560e+01
 3.97577763e+00 4.08762817e+01 2.80103555e+04 1.56681001e+00
 1.11081100e+02 4.14016553e+03 1.93067371e+03 2.70087427e+03
 9.68690332e+03 2.46856785e+00 2.03713945e+04 2.84826851e+01
 7.29082336e+01 1.06619080e+02 4.16868042e+02 1.72898462e+03
 2.24254791e+02 4.78247023e+00 5.00739555e+01 4.36757011e+01
 2.71072483e+01 1.27748795e+01 1.49642014e+02 2.39366188e+01
 7.44919872e+00 2.43238831e+02 2.08801041e+02 3.52657700e+00
 1.62914453e+04 2.88850384e+01 2.09635735e-01 3.43353882e+02
 1.74031262e+03 2.22008085e+00 1.71484013e+01 2.50509243e+01
 2.59039450e+00 6.61109619e+02 1.82455334e+03 6.07736084e+02
 2.52936959e+00 2.74124603e+02 7.66964417e+01 4.11475977e+03
 4.80867706e+02 8.25065536e+01 4.06479932e+03 6.58011322e+01
 3.70920483e+03 4.85124141e+04 6.43157730e+01 1.64769180e+04
 1.54871201e+02 2.66264160e+02 2.25414087e+03 1.20090275e+01
 1.40340137e+01 2.14325771e+01 3.07706421e+02 7.35812109e+03
 3.15675545e+00 6.38902807e+00 1.31926894e+00 1.36496282e+00
 1.20040512e+02 5.81276855e+02 2.60721973e+03 8.25394440e+01
 5.91915627e+01 2.42868213e+03 3.53239917e+03 3.42001556e+02
 7.52858447e+03 6.25149963e+02 1.91920013e+02 1.27823074e+02
 2.24069977e+02 2.53208122e+01 4.51315355e+00 7.08180666e-02
 3.05746484e+03 5.93491974e+01 1.02341844e+05 2.12573028e+00
 1.16222021e+03 3.78268036e+02 2.52713928e+02 2.57066864e+02
 1.22893890e+02 5.54770660e+01 5.39481211e+00 5.99616846e+03
 1.80557532e+03 4.92500877e+00 3.43770195e+04 6.08190346e+00
 3.04183769e+00 2.09208622e+01 2.84380432e+02 7.88369482e+03
 4.78323364e+00 2.59699951e+03 1.40011148e+01 2.43290085e+02
 2.08183423e+03 8.00040405e+02 6.00165224e+00 2.62980080e+01
 1.02490326e+02 7.29618652e+02 2.08500690e+01 4.98264307e+03
 3.21845055e+00 2.27148652e-01 9.09192443e-01 2.63605072e+02
 1.18924423e+02 6.85704279e+00 3.30295682e+00 9.76601982e+00
 2.42426491e+00 3.73333740e+02 5.11038055e+01 2.19628848e+04
 5.69089014e+03 8.85973694e+02 1.91926346e+02 2.39650135e+01
 5.13120850e+03 5.37494197e-03 2.21995392e+01 3.69992485e+01
 6.34994629e+03 1.04534683e+02 3.51720190e+03 9.31340408e+00
 6.29389572e+01 2.01963776e+02 1.35233063e+02 1.26024463e+03
 7.75040771e+02 3.35852051e+02 3.18826758e+03 2.54501858e+01
 5.36329956e+01 1.32155695e+01 3.42649109e+02 3.64583960e+03
 4.71722754e+03 8.31935215e+00 1.18523743e+02 1.58717957e+02
 3.74885986e+02 1.06464844e+01 1.15517433e+02 7.98354263e+01
 2.28596738e+04 1.28915100e+03 1.66351089e+01 1.66745293e+04
 1.14394395e+04 1.11229170e+04 1.04925439e+03 6.43327427e+00
 2.11222382e+02 1.24623438e+04 2.05477085e+01 7.69027853e+00
 8.10151172e+03 1.80894312e+03 7.58802891e+00 1.83142207e+04
 1.70210034e+03 2.69110168e+02 6.94975948e+00 9.56722641e+00
 4.51507998e+00 1.28242855e+01 5.62905884e+00 1.02657061e+01
 1.56591719e+04 4.86470175e+00 1.50011654e+01 1.79872974e+03],-974.0624,-1038.7179,-1356.1674,1.1051707,3.828896,0.44077814,0.92910707,0.01637199450492859,2956.0443921089172,0.125,0.125,-0.09311968745497642,-0.0066016934671322665,-0.09341055881320674,-0.005139895509606644,-0.4086499552334376,25.249999999996884,0.0,175000.0,-10.0,-5000.0,500.0,7.391174077987671,175000
1015.5524,0.059183717,0.09339058,0.0035087082,-1014.5593,1014.5593,[1.82032958e-03 2.92636948e+01 6.43541241e+00 3.45720768e+00
 6.75321770e+00 2.15512562e+01 1.74406738e+01 1.12778845e+01
 3.69539948e+01 9.68546104e+00 4.61944103e-01 1.00344372e+01
 9.64763260e+00 1.00781488e+01 1.67776279e+01 4.98071623e+00
 9.44462204e+00 2.18010938e+03 9.88357258e+00 1.73659096e+01
 1.68768311e+01 1.80000477e+01 1.52916183e+01 8.87102699e+00
 4.03622150e+00 8.84148598e+00 1.02936230e+01 2.54703426e+00
 6.48354006e+00 9.79053192e+01 6.18297577e+00 1.00260544e+01
 1.29266644e+00 2.48930626e+01 4.71989155e+00 1.55321217e+01
 3.77543640e+00 8.28734875e+00 9.98878479e+00 4.03553104e+00
 2.22032661e+01 7.45823956e+00 1.71448898e+01 5.63748002e-01
 2.20341625e+01 2.40789051e+01 9.83540630e+00 6.57326603e+00
 1.59281855e+01 2.58333626e+01 1.72045612e+01 1.68913021e+01
 9.66087055e+00 1.05943451e+01 1.15997972e+01 1.27135162e+02
 9.87954044e+00 4.06641769e+00 1.00288935e+01 4.34070301e+00
 6.70317793e+00 1.82179356e+01 2.39033966e+01 1.87206345e+01
 2.96238956e+01 1.05221596e+01 1.61996956e+01 9.74793530e+00
 2.08675404e+01 1.05109682e+01 9.04406357e+00 5.37137318e+00
 6.52368088e+01 2.03022461e+01 1.02556133e+01 7.53715744e+01
 1.98014851e+01 2.77894068e+00 1.01831512e+01 1.88822269e+01
 1.27495060e+01 1.01060467e+01 1.11164370e+01 3.45127392e+00
 9.74623489e+00 1.00647907e+01 9.80026722e+00 6.95631981e+00
 2.53918686e+01 7.26807117e+00 2.22099228e+01 4.82762718e+00
 1.92014713e+01 1.51577730e+01 1.07910347e+01 9.71865559e+00
 1.95677710e+00 9.69909000e+00 3.94326591e+00 1.40200104e+02
 1.06530828e+01 1.94870090e+01 1.85088634e+01 1.64466152e+01
 7.70053434e+00 1.55107999e+00 2.24233894e+01 1.59221115e+01
 4.76230288e+00 1.07986345e+01 1.87971344e+01 1.01855183e+01
 1.11660910e+01 1.09171038e+01 3.72531815e+01 1.10945959e+01
 2.59319763e+02 2.19485378e+00 2.46329403e+01 9.43803596e+00
 8.23121738e+00 4.01415520e+01 1.94355774e+01 7.88741255e+00
 2.17913589e+01 9.73637867e+00 3.98584485e-01 2.96469917e+01
 2.35873294e+00 2.01924458e+01 9.65116119e+00 1.34269824e+04
 1.82571716e+01 8.37611556e-02 9.47274590e+00 1.98891716e+01
 7.45976448e+00 1.02376690e+01 9.81425285e+00 1.02913227e+01
 4.46858215e+00 1.86019516e+01 3.60419426e+01 9.77028465e+00
 1.04023743e+01 1.79693813e+01 6.14780998e+00 1.25327969e+01
 1.17083664e+01 2.15496540e+01 5.82017374e+00 5.23743534e+00
 2.04158020e+01 2.06709328e+01 5.10107136e+00 4.80387020e+00
 4.05178547e+00 4.70163307e+01 4.52266235e+01 2.55974579e+01
 7.93744850e+00 6.57253075e+00 3.32242012e+00 9.74819946e+00
 3.51122437e+01 4.26287651e+00 2.08377132e+01 2.06360283e+01
 5.42706728e+00 2.43795700e+01 1.02418613e+01 1.07230997e+01
 1.29075394e+01 1.52243233e+00 1.33930502e+01 1.06663799e+01
 1.53830462e+01 1.03675127e+01 1.26813173e+01 7.77514648e+00
 5.74825811e+00 2.06798286e+01 9.58383274e+00 8.37751579e+00
 2.34509315e+01 7.86243744e+01 3.50648046e-01 2.56667557e+01
 1.02429066e+01 1.93221703e+01 1.78255618e+00 1.04615564e+01
 1.00466318e+01 2.22388000e+01 2.61529503e+01 8.98427200e+00
 1.16109009e+01 2.22817497e+01 4.11471128e-01 7.31806412e+01
 7.86443949e+00 1.05225658e+01 8.55017567e+00 7.06249619e+00
 1.92604370e+01 2.90689278e+01 2.06320896e+01 1.25588284e+01
 7.41256905e+00 4.33108398e+02 4.45116472e+00 2.35956059e+01
 1.82949009e+01 2.48748569e+01 1.14085875e+01 1.10860367e+01
 4.26607895e+00 1.81605034e+01 1.80972118e+01 9.96878624e+00
 7.15913486e+00 8.22741394e+01 1.01275408e+00 3.80222917e-01
 9.80788320e-02 5.86214066e+00 5.58887768e+00 3.00673866e+00
 8.29897690e+00 9.83798981e+00 9.62991905e+00 5.85241795e-01
 2.26362114e+01 3.04829636e+01 1.04847460e+01 3.40454597e+01
 4.04137993e+00 2.44407253e+01 1.00597668e+01 8.68659687e+00
 1.06000814e+01 1.90507202e+01 2.02187653e+01 9.99572182e+00
 1.04429941e+01 8.76203918e+00 1.17429152e+01 1.78973083e+01
 1.20483313e+01 2.87306957e+01 2.90140095e+01 1.75952892e+01
 1.00236177e+01 1.14074650e+01 6.13808107e+00 1.51485386e+01],110.15424,[6.47229815e+00 2.56091385e+01 1.51081514e+00 9.74558163e+00
 7.01518440e+00 2.45027733e+01 1.72072735e+01 2.11091442e+01
 1.92242828e+02 9.84842014e+00 5.53218722e-01 5.21026325e+00
 9.92342758e+00 9.21752167e+00 1.81497498e+01 5.80040359e+00
 9.64507294e+00 1.98225439e+03 9.90431213e+00 3.62260675e+00
 1.73012276e+01 1.90585690e+01 2.14066830e+01 8.78495121e+00
 3.25282502e+00 9.09879780e+00 1.00123920e+01 6.90309286e+00
 3.10856509e+00 3.06964783e+02 2.07017803e+00 9.96851349e+00
 1.41887093e+00 2.48019524e+01 4.32239056e+00 1.88499069e+01
 8.99687481e+00 1.46770525e+01 8.76197720e+00 3.68257952e+00
 4.56594086e+00 6.94849443e+00 1.91246586e+01 3.40572214e+00
 2.32188587e+01 2.19040546e+01 8.61151981e+00 3.64303708e-01
 2.52840137e+00 2.49137383e+01 1.17685614e+01 9.11069012e+00
 4.86500740e+00 1.08897190e+01 5.43831635e+00 8.79892578e+01
 8.90697956e+00 1.02381077e+01 8.78178787e+00 4.28767776e+00
 7.37711334e+00 1.23999748e+01 2.09894123e+01 2.02883968e+01
 2.38263874e+01 1.01564255e+01 3.75524759e+00 9.74208069e+00
 2.18398819e+01 1.03730106e+01 9.70750141e+00 6.28845072e+00
 4.85383224e+01 2.29906521e+01 1.01806307e+01 9.60299759e+01
 1.87766552e+01 8.91246033e+00 9.67197037e+00 1.90132084e+01
 8.01089466e-01 8.65519524e+00 1.01291590e+01 1.48508716e+00
 1.01324425e+01 9.76107883e+00 9.25520134e+00 6.86539078e+00
 2.35620747e+01 9.72292709e+00 2.29028368e+00 8.74016762e+00
 2.16217461e+01 1.27242012e+01 1.03795090e+01 8.84498024e+00
 1.09040713e+00 8.81166840e+00 3.13601708e+00 1.51942062e+02
 1.17224226e+01 2.14359894e+01 1.78527088e+01 2.06853237e+01
 8.95376110e+00 6.11746407e+00 1.41408596e+01 2.00027332e+01
 5.01373672e+00 7.18120241e+00 1.90896816e+01 9.53601646e+00
 1.87117310e+01 9.70215797e+00 2.57551689e+01 7.74612951e+00
 2.73046173e+02 1.16865625e+01 2.44931107e+01 9.22255135e+00
 1.02211723e+01 5.51883736e+01 2.31384964e+01 9.04072881e-01
 1.36955423e+01 8.70240879e+00 1.03256047e+00 3.22276306e+01
 8.99620724e+00 1.24078970e+01 8.36423302e+00 1.33808711e+04
 2.17736969e+01 2.18417311e+00 9.22809124e+00 1.42020340e+01
 9.24452019e+00 1.02958021e+01 9.54544449e+00 8.79783916e+00
 2.52862263e+00 1.74698772e+01 3.69824562e+01 8.64202881e+00
 9.75104427e+00 1.54451628e+01 4.73383307e-01 1.03773270e+01
 9.56068611e+00 3.07500515e+01 1.01956758e+01 4.89867401e+00
 5.12754154e+00 2.18533154e+01 2.48281002e+00 8.15415859e+00
 9.43725300e+00 3.98835945e+01 2.79465733e+01 2.62982349e+01
 1.01515694e+01 6.69756317e+00 4.15154487e-01 1.00367374e+01
 3.61491394e+01 7.91397190e+00 1.89100914e+01 1.08830948e+01
 6.36550045e+00 2.38267117e+01 9.34753513e+00 1.09818306e+01
 1.57502866e+00 1.58369100e+00 3.90325010e-01 5.50643301e+00
 4.89253700e-01 8.92435265e+00 1.50636206e+01 6.40029240e+00
 1.33224297e+00 2.00892448e+01 1.02373867e+01 7.09587669e+00
 2.42328014e+01 2.38186996e+02 2.54495454e+00 2.65582390e+01
 9.10185242e+00 2.16172295e+01 8.59959507e+00 1.01982746e+01
 2.05259770e-01 1.72983818e+01 2.23706493e+01 5.40995026e+00
 9.62488651e+00 2.17974129e+01 2.31438980e-01 7.25187759e+01
 5.00039244e+00 8.98626232e+00 1.88760853e+01 9.06708050e+00
 1.96942520e+01 5.59958220e+00 1.29384346e+01 6.38910389e+00
 7.18170643e+00 5.17202332e+02 3.18256187e+00 1.99015160e+01
 1.08322248e+01 2.51321907e+01 8.25887012e+00 9.21447659e+00
 2.44607258e+00 1.16270428e+01 1.61009731e+01 2.41146135e+00
 9.66241264e+00 3.32957840e+01 8.97772503e+00 7.95935929e-01
 3.29924107e+00 9.72992802e+00 1.04902487e+01 1.99294305e+00
 9.91619015e+00 8.50935173e+00 7.48879099e+00 1.09917402e+00
 1.92642136e+01 3.63286591e+01 9.10531044e+00 2.31957264e+01
 3.92762613e+00 7.55205512e-01 9.05881882e+00 2.92711973e+00
 9.52190876e+00 2.01412201e+01 1.11711395e+00 1.00489311e+01
 8.57337093e+00 8.77498817e+00 5.84974003e+00 3.03329229e+00
 1.08837452e+01 2.29415531e+01 3.14900608e+01 9.43755913e+00
 9.99833298e+00 1.22153435e+01 1.00916471e+01 2.12456093e+01],-966.4729,-1018.7814,-1495.3064,1.0139928,1.2032042,0.973933,0.9265443,12256.026,-4375.785,30882.75,1033.7245,1.1722729,0.21770878,0.12578803,-1030.3751,1030.3751,[5.22223568e+00 2.94364288e+02 1.62037021e+04 1.12621597e+02
 3.90797656e+03 2.39308071e+01 8.45389709e+01 2.00493641e+01
 3.80165009e+02 4.99942932e+01 5.88697853e+01 1.51625719e+01
 1.04195869e+02 1.76148486e+03 5.58516479e+02 1.30555771e+02
 2.55851166e+02 2.41219961e+04 1.35876318e+03 1.14615002e+01
 3.05578247e+02 3.30748657e+02 3.77981836e+04 1.62570389e+02
 1.24381226e+02 1.82068253e+01 3.45643280e+02 1.74783966e+02
 1.63506836e+02 6.08401566e+01 8.76309570e+03 5.38913086e+02
 2.75286865e+01 6.67918579e+02 2.51176796e+01 2.50918506e+03
 1.65900850e+00 1.32445206e+02 1.11771164e+02 7.01850195e+03
 2.05848656e+01 2.07316284e+02 7.18476534e+00 4.85105811e+03
 3.66816258e+00 7.84951248e+01 1.28273218e+03 7.40223047e+03
 3.26371789e+00 2.41621590e+01 1.19701853e+01 5.97965393e+02
 3.65463686e+00 8.43242188e+02 4.58042908e+01 2.86925812e+02
 2.24531612e+01 3.25636902e+01 1.24282494e+01 1.71334949e+03
 1.33590212e+01 1.68754673e+00 2.56944727e+03 5.52464539e+02
 6.64759338e+02 2.82095801e+03 2.45298999e+03 3.30024872e+01
 8.64853477e+00 7.97205031e-01 8.88488586e+02 1.44895410e+03
 1.07571465e+04 7.18953760e+03 6.61187744e+01 7.61376801e+01
 2.63094482e+02 1.59678375e+02 1.00938008e+04 2.46426816e+04
 7.96555634e+01 1.18055573e+01 7.68948936e+00 9.38667755e+01
 5.11631689e+03 3.54961090e+02 9.45748711e+00 4.38529102e+03
 6.10226898e+01 9.37944531e+03 5.34540649e+02 3.91596336e+01
 1.28023041e+02 1.93041000e+01 2.91032227e+03 1.18685681e+03
 1.69157559e+04 1.11484697e+04 1.42764301e+01 1.77385645e+03
 4.29144058e+01 1.47471204e+03 3.87176483e+02 1.80406824e+03
 3.59518929e+01 6.07039856e+02 9.55436157e+02 3.89818382e+01
 2.95087461e+04 2.35449551e+04 7.58452188e+04 3.55981712e+01
 8.99820557e+02 2.57877135e+00 1.76376019e+01 4.07286890e+03
 1.91653595e+01 6.73538879e+02 6.11326721e+02 3.53108063e+01
 5.39384003e+01 1.80605017e+03 1.03983469e+01 6.44907074e+01
 1.51286104e+04 5.19573853e+02 1.81794286e+00 1.46929598e+01
 5.51552057e+00 4.03640273e+04 1.85862083e+01 3.64509062e+04
 2.30459690e+00 1.80314350e+01 3.36933667e+03 2.47955894e+01
 1.92593422e+01 2.60171143e+02 1.83503479e+03 7.09050598e+02
 4.25553703e+01 1.53787344e+04 1.53131348e+02 1.35216503e+01
 1.33881189e+03 2.61088867e+04 1.03960907e+02 5.02109924e+02
 3.80858612e+01 2.51573639e+01 1.79985605e+04 5.78649759e+00
 1.96389570e+04 2.41079316e+04 1.89764880e+03 2.07587188e+04
 1.11432495e+01 1.73112991e+02 1.02038864e+02 6.66896439e+01
 1.42905884e+02 9.97786523e+03 4.02376328e+01 6.90370560e+01
 1.87855625e+01 1.37510132e+02 4.17828467e+03 2.27807800e+02
 1.50569641e+02 1.21285736e+02 5.30490417e+01 4.66707001e+01
 5.43596344e+01 9.64410172e+01 5.59865967e+02 2.63329498e+02
 1.07224785e+04 1.55051437e+02 1.11217334e+03 2.86322236e+00
 3.01783438e+04 3.22070465e+01 1.89626208e+03 1.22238940e+03
 6.90759802e+00 2.35698605e+01 5.56018555e+02 3.21752368e+03
 1.10721426e+04 6.65215454e+01 1.27713931e+00 1.11895351e+01
 1.18565384e+02 1.32928192e+02 2.03044605e+01 2.28523486e+03
 6.47841992e+03 1.96367363e+04 6.09223986e+00 4.06665764e+01
 1.17170889e+04 2.28093414e+01 3.15924950e+01 5.49437599e+01
 1.49596767e+01 1.24933052e+00 2.23945770e+01 3.56605530e+02
 6.33316193e+01 1.77399341e+03 9.65588455e+01 3.26652451e+01
 3.74857422e+02 1.83741852e+02 9.04683828e-01 6.37591562e+04
 3.44442383e+02 4.65845795e+01 3.13867035e+01 1.25028849e+00
 3.79273355e-01 4.31695404e+02 5.55108711e+04 8.02207413e+01
 2.44007227e+03 5.44215536e+00 3.20593109e+02 1.32887268e+01
 7.10208887e+03 8.80449219e+01 4.63011055e+01 1.69917938e+02
 1.34766403e+02 1.00438065e+02 6.14613770e+03 2.32841702e+01
 5.66619076e-02 3.79048359e+04 6.15687927e+02 2.74209570e+03
 4.15575073e+02 8.60797119e+02 2.31624107e+01 2.46386914e+03
 1.62782211e+01 4.34282303e+00 5.98809242e+01 8.98937302e+01
 3.25323984e+04 2.58036327e+00 7.31000977e+02 7.32938110e+02
 4.21560107e+03 1.94391594e+01 7.94779907e+02 6.38386869e+00],6699.7153,[1.35708437e+01 6.32136797e+04 4.25131885e+03 1.52613419e+02
 1.65094727e+03 2.82334423e+01 1.77047226e+02 2.01312561e+02
 7.26923401e+02 1.18930344e+02 3.70579834e+01 2.18271618e+01
 2.00991180e+02 1.76524341e+03 8.48606018e+02 1.75861267e+02
 2.72598022e+03 2.67729922e+04 1.32399902e+03 3.04885529e+02
 3.32147900e+03 1.35219696e+02 3.40870859e+04 1.73360870e+02
 2.48743057e+02 2.46390591e+01 9.73736206e+02 1.96089737e+02
 1.98115952e+02 9.29708984e+02 4.24975098e+03 1.12588174e+04
 2.15069507e+03 3.63380371e+03 1.22390785e+01 5.80987167e+01
 1.77473869e+01 1.93651886e+02 6.64200363e+01 4.00839697e+03
 1.41814785e+01 5.11366882e+01 4.00350142e+00 6.34738086e+03
 1.81881504e+01 1.33149023e+03 4.23281445e+04 3.91969043e+03
 5.92365170e+00 2.51894836e+01 4.39752031e+04 1.19078027e+03
 3.57783630e+02 1.54171997e+03 3.30549812e+01 1.48461035e+03
 3.57375107e+01 1.51294849e+03 2.93485813e+01 6.50279199e+03
 1.31395330e+01 1.35846205e+01 2.91409253e+03 4.05910156e+02
 7.66318726e+02 4.57003125e+03 9.41069727e+03 3.59064789e+01
 1.29958849e+01 5.11000776e+00 8.28439648e+03 2.03204272e+03
 1.30923320e+04 1.55436230e+03 6.63143539e+01 6.08087769e+01
 2.65762268e+02 1.96099869e+02 5.11583105e+03 1.31362129e+04
 2.90710541e+02 3.68827591e+01 4.28083897e+00 1.13054008e+02
 2.86458643e+03 3.18145233e+02 7.90905762e+00 7.07385059e+03
 2.91565971e+01 1.01642349e+02 8.86930176e+02 5.24377060e+00
 1.17722595e+02 1.20403872e+01 1.22465879e+04 1.34189863e+04
 5.00157031e+03 1.35814590e+04 2.39740009e+01 1.55627551e+03
 4.47392921e+01 3.19735742e+03 1.02057800e+03 1.64904043e+04
 3.77562531e+02 2.31432343e+02 1.87272388e+03 7.76650238e+01
 2.08362832e+04 1.98250234e+04 2.25138105e+04 1.29308325e+03
 3.83422656e+03 2.22228622e+00 7.28859138e+00 4.19511523e+03
 1.31127987e+01 5.43967224e+02 1.15321582e+03 1.93705769e+01
 1.77876144e+02 2.96991724e+03 2.00036597e+00 5.18343457e+03
 2.42398184e+04 6.33860046e+02 4.82255287e+01 1.33600225e+01
 1.35224128e+00 1.93337305e+04 2.81808243e+01 2.36190312e+04
 1.62970764e+03 8.09032471e+02 6.08012402e+03 6.47856569e+00
 3.46258202e+01 7.25545166e+03 5.85295715e+01 3.16590552e+03
 1.37449360e+01 2.24503672e+04 1.27991226e+02 1.42585115e+01
 2.48482373e+03 1.59365000e+04 8.27500549e+02 1.80527695e+04
 5.31108665e+01 2.52834358e+01 3.22635898e+04 8.60703850e+00
 7.48395312e+03 1.39307734e+04 2.24040210e+03 4.91092871e+03
 4.71030235e+01 1.27761864e+02 9.38987885e+01 2.34389233e+03
 3.20948151e+02 2.27720044e+03 7.52857971e+01 1.11808667e+03
 2.26356220e+01 3.52343719e+02 2.82091211e+03 5.81368652e+03
 5.31510156e+03 1.10455586e+04 1.93259354e+01 1.08179584e-01
 2.98978539e+01 3.06313133e+01 4.90613647e+02 1.06201953e+04
 2.18298379e+04 1.25544785e+02 9.31942383e+02 1.20810795e+00
 2.83784102e+04 3.75540848e+01 5.92755310e+02 9.58531738e+02
 3.69492378e+01 8.52197113e+01 5.28551758e+02 3.47901831e+03
 4.05544141e+04 1.64638359e+04 2.02503567e+01 9.64589219e+04
 3.30573845e+01 9.67228125e+04 3.69858215e+02 2.46348242e+03
 7.99135449e+03 2.90454141e+04 6.90458298e+00 4.35604935e+01
 1.18958838e+04 4.19817200e+01 3.10996962e+00 2.01375618e+01
 6.65524864e+00 7.05507469e+00 2.99035816e+01 7.69217407e+02
 3.79472733e+01 1.78944316e+04 8.52444092e+02 1.96614952e+01
 1.05859766e+04 2.04678870e+03 2.02807951e+00 1.43823516e+04
 1.14893420e+03 2.65997639e+01 2.49643158e+02 1.44886713e+01
 2.97119427e+00 6.32053261e+01 4.03007734e+04 6.16203613e+01
 2.42001050e+03 2.43149900e+00 9.97294067e+02 1.55287571e+01
 1.54384375e+04 1.39193542e+02 1.27847908e+02 1.58825012e+02
 1.60800980e+02 7.38395538e+01 7.54624072e+03 3.18857327e+01
 7.28988838e+00 2.65266113e+04 2.33381055e+03 2.74571753e+03
 8.58918030e+02 2.80832539e+04 2.49986633e+02 4.15628613e+03
 1.75790520e+01 3.07030029e+01 3.59799156e+01 6.22770447e+02
 3.08378301e+04 3.42910075e+00 8.70475952e+02 1.29288281e+04
 1.19739678e+04 1.32137556e+01 1.02692981e+03 4.39858770e+00],-972.5769,-1037.5234,-1372.0317,1.130835,8.499202,0.3103246,0.9285276,0.015368584089279175,3340.25901722908,0.125,0.125,-0.12258934181727188,-0.0033364837775222843,-0.12272742243479438,-0.00243623068590831,-0.5320111195122371,25.249999999996884,0.0,200000.0,-10.0,-5000.0,500.0,7.363379955291748,200000
1012.6856,0.09654104,0.115287304,0.0028137323,-1011.4362,1011.4362,[1.47140388e+01 1.11696043e+01 8.16407471e+01 9.43263912e+00
 1.12213182e+01 6.68821716e+00 3.31350800e+02 1.25624323e+00
 3.04794097e+00 9.29827452e-01 4.78572273e+00 6.08754253e+00
 1.16002989e+00 2.30826521e+00 3.78841472e+00 1.46463346e+00
 3.94498978e+01 4.49136823e-01 1.76403103e+01 1.19356632e+00
 4.25621719e+01 8.20212936e+00 7.17384291e+00 2.20804620e+00
 7.11261415e+00 7.18928862e+00 4.52301311e+00 4.47265291e+00
 1.15072727e+01 1.39628420e+01 2.22777386e+01 1.28189383e+01
 8.06916332e+00 1.62097633e+00 7.82799006e+00 7.74713278e-01
 2.02622604e+01 1.09569664e+01 7.26424599e+00 8.55423737e+00
 2.59829445e+01 3.27570605e+00 6.03164387e+00 6.37656403e+00
 1.37496367e+01 8.98650169e+00 1.78065186e+02 2.76658554e+01
 1.36376925e+01 4.75643069e-01 1.13274002e+01 4.62894058e+00
 3.77383852e+00 7.71737385e+00 1.13643055e+01 1.19845848e+01
 1.23709717e+01 7.87561655e-01 1.17161264e+01 4.05998230e+00
 3.44821393e-01 1.42987194e+01 9.49510574e+00 6.96748495e+00
 6.86912584e+00 3.37798462e+01 1.02241154e+01 1.69952428e+00
 3.65967107e+00 2.98962927e+00 2.57060242e+00 2.26916060e-01
 3.05404830e+00 6.79148316e-01 3.62989922e+01 1.53512764e+01
 3.51705074e+00 5.24493122e+00 9.37070179e+00 6.76430273e+00
 8.20699120e+00 4.21300650e+00 4.03344383e+01 1.29415321e+01
 3.60967422e+00 9.36732101e+00 3.63499212e+00 2.50811195e+00
 4.04818249e+00 4.90984344e+00 7.70658445e+00 1.30640221e+01
 7.28949356e+00 5.30928650e+01 1.45826209e+00 1.10934391e+01
 8.40302658e+00 3.31044340e+00 1.61134899e+00 1.31970100e+01
 9.63251209e+00 5.73644924e+00 4.55774975e+00 7.13495111e+00
 9.66152096e+00 2.51143131e+01 3.27871418e+00 2.27841592e+00
 1.24645329e+01 5.71119881e+00 1.37748632e+01 2.38488054e+00
 1.69602358e+00 1.82012062e+01 4.55687809e+00 1.53656397e+01
 5.43308496e+00 7.73223305e+00 7.55023623e+00 1.68220258e+00
 3.69361401e+00 7.10122252e+00 2.59262810e+01 8.67884827e+00
 3.10904193e+00 1.28773069e+01 4.47442675e+00 2.80381203e+00
 1.24464741e+01 7.88643932e+00 2.00920067e+01 7.73866296e-01
 3.48226309e+00 1.44988354e+03 1.73311973e+00 4.19365168e+00
 1.85764999e+01 1.02136683e+00 7.07080507e+00 9.91558266e+00
 1.04847212e+01 1.51537542e+01 4.52715445e+00 3.04093266e+00
 2.99088144e+00 9.15337276e+00 2.95305800e+00 1.97683258e+01
 8.89309788e+00 2.25547075e+00 1.01010370e+01 8.43804300e-01
 8.92152214e+00 1.42710848e+01 1.31084490e+00 1.74236882e+00
 9.92747128e-01 8.99727631e+00 1.66320276e+00 2.34628057e+00
 2.16587996e+00 8.75321102e+00 5.38801336e+00 1.26685238e+00
 2.44895756e-01 2.59550476e+00 7.17572689e+00 3.65848808e+01
 1.57261086e+01 1.29471505e+00 1.16259851e+01 9.55131650e-01
 4.85952282e+00 3.78803062e+01 2.57683015e+00 1.07053051e+01
 2.02887321e+00 4.31220198e+00 1.17564621e+01 4.01474190e+00
 4.91423225e+00 1.13680620e+01 1.27226295e+01 1.54558811e+01
 6.38611603e+00 5.11406994e+00 8.26606655e+00 1.04122677e+01
 2.82476711e+01 1.32541001e+00 2.95009565e+00 1.00075305e+00
 2.05909657e+00 6.99317026e+00 2.65211411e+01 4.73335743e-01
 4.12932396e+00 1.47804201e+00 6.12564373e+00 6.27401686e+00
 2.97500420e+00 1.35558929e+01 1.09213419e+01 1.62960100e+00
 4.05104780e+00 2.90801930e+00 9.58154964e+00 7.43769836e+00
 8.17318535e+00 1.96946037e+00 9.67541962e+01 2.71884212e+01
 2.71813750e+00 7.78570938e+00 1.08404684e+01 2.97942781e+00
 7.78876960e-01 9.33456326e+00 1.09965000e+01 1.52560085e-01
 2.92173982e+00 1.13325477e+00 4.17709255e+00 2.84937210e+01
 6.16032410e+00 9.18700504e+00 2.08082154e-01 3.15073061e+00
 5.99124384e+00 2.10505943e+01 6.83046728e-02 2.35463405e+00
 3.78310585e+00 8.97066593e+00 4.20571470e+00 4.98934603e+00
 1.80445766e+01 2.00007129e+00 2.04139447e+00 1.09081326e+01
 1.33805742e+01 5.92883873e+00 5.43317616e-01 1.07026100e+01
 8.95432568e+00 6.91980028e+00 5.29114103e+00 2.97609949e+00
 2.46342564e+00 1.14669204e+00 1.09234200e+01 1.50763426e+01
 1.58156991e+00 6.71615295e+02 5.42629318e+01 3.29397941e+00],26.530241,[6.48909092e+00 7.92210817e+00 1.33601761e+00 7.85196066e+00
 1.13335524e+01 1.65293086e+00 2.87290070e+02 9.33801413e-01
 2.04340720e+00 2.17647095e+01 3.36896968e+00 5.29495716e+00
 1.05659068e+00 1.83271146e+00 2.43553638e+00 1.94492302e+01
 4.60924721e+01 6.01725340e-01 1.41713495e+01 9.91668582e-01
 1.79169922e+01 4.29142761e+00 4.96541023e+00 2.72293591e+00
 5.73567057e+00 1.49197555e+00 8.08901691e+00 3.38652730e+00
 7.61031294e+00 8.01836872e+00 7.35414457e+00 7.99993372e+00
 7.12799168e+00 1.22634161e+00 5.22368813e+00 8.59392762e-01
 4.69587374e+00 9.54704571e+00 4.80758095e+00 7.29475117e+00
 1.58841743e+01 4.10477018e+00 5.76940680e+00 1.65358663e-01
 6.65510273e+00 6.81116629e+00 3.33086121e+02 4.55164051e+00
 8.20508385e+00 4.49629664e-01 9.87586594e+00 2.79408503e+00
 4.49934196e+00 3.02311063e-01 9.50606346e+00 1.00358791e+01
 2.01633492e+01 2.33075213e+00 9.59942245e+00 3.71930623e+00
 2.40216330e-01 1.51822758e+01 7.47086477e+00 8.65298986e-01
 5.07515287e+00 2.71321602e+01 8.17066669e+00 9.38891113e-01
 7.66281891e+00 2.88015103e+00 3.57037544e-01 7.23020315e-01
 2.36154914e+00 2.56708121e+00 3.70589104e+01 8.72844505e+00
 1.87721550e+00 9.24460316e+00 7.36273956e+00 4.09726620e-01
 4.49597263e+00 2.35651994e+00 4.62614632e+01 7.74608946e+00
 2.13741422e+00 1.12588799e+00 4.39455509e-01 1.86753809e+00
 6.69309330e+00 4.37283039e+00 5.33816099e+00 7.49622107e+00
 3.18461061e-01 4.56623573e+01 1.08373141e+00 9.97791862e+00
 7.43867970e+00 1.64195192e+00 2.31402349e+00 8.53698444e+00
 7.20547533e+00 4.07483435e+00 5.01689374e-01 2.56479645e+00
 6.87497568e+00 8.90541434e-01 1.05704367e-01 3.07401013e+00
 1.27199249e+01 4.29708290e+00 1.01661119e+01 2.40105176e+00
 2.05456042e+00 6.94690990e+00 4.43478155e+00 2.68728981e+01
 4.30911255e+00 7.27600288e+00 5.91754627e+00 2.45410278e-01
 2.48782897e+00 3.75580049e+00 7.73655367e+00 5.17482662e+00
 8.01208496e+00 7.41062880e+00 4.18921423e+00 2.54398465e+00
 6.98733521e+00 6.52052498e+00 8.31159401e+00 3.24578673e-01
 3.16035533e+00 1.66267676e+03 2.50179744e+00 1.14474535e+00
 3.30727119e+01 3.64209443e-01 3.61300683e+00 6.54566526e+00
 8.67693996e+00 8.09204960e+00 1.61625075e+00 1.04126799e+00
 3.71727824e+00 7.77875805e+00 3.15288997e+00 8.72086811e+00
 6.87781572e+00 1.59095049e+00 8.90556526e+00 2.63375759e+00
 6.49443817e+00 4.67368650e+00 9.90638494e-01 6.01843655e-01
 9.43005800e-01 6.38670540e+00 1.74903238e+00 6.46914780e-01
 5.75818729e+00 6.24320745e+00 1.22634917e-02 1.72747409e+00
 7.54099667e-01 2.04517275e-01 1.41081114e+01 5.34399376e+01
 8.38280296e+00 2.28553925e+01 1.00468445e+01 6.07532883e+00
 4.35451269e+00 3.08112946e+01 3.35202169e+00 8.98901749e+00
 1.27647078e+00 5.86814404e+00 8.62604809e+00 2.64614910e-01
 2.70775557e+00 6.99088287e+00 7.52434969e+00 8.02306652e+00
 4.35824442e+00 7.25808477e+00 1.24306011e+01 6.00452995e+00
 1.33132391e+01 1.92778662e-01 1.31462801e+00 2.22099376e+00
 4.82789278e-02 5.94156647e+00 4.29514999e+01 6.22581244e-01
 4.46599197e+00 5.27779579e-01 2.97333002e+00 7.07123041e+00
 2.78668785e+00 1.06327133e+01 9.01978779e+00 2.11363101e+00
 4.21799183e+00 3.87043953e+00 4.83295059e+00 8.25319195e+00
 6.75515890e+00 5.10464191e-01 1.93341888e+02 1.49390602e+01
 2.07383156e+01 9.65837002e-01 9.08224583e+00 1.32992244e+00
 6.82163239e+00 8.16348267e+00 1.08948145e+01 1.46453819e+01
 4.14780712e+00 1.76445067e+00 3.51773190e+00 6.24271698e+01
 1.90966904e+00 9.04271603e+00 9.45301712e-01 2.71213126e+00
 4.47289324e+00 2.08896885e+01 9.50690508e-02 2.42758012e+00
 2.47382331e+00 2.01288147e+01 3.71434474e+00 2.77767110e+00
 1.01879883e+01 1.15381551e+00 6.16505742e-02 9.88685989e+00
 9.62291360e-01 6.16359186e+00 2.81445324e-01 5.99710464e+00
 7.52237558e+00 3.36294961e+00 2.01860356e+00 2.00801158e+00
 3.27840447e+00 1.09288585e+00 9.67131042e+00 6.91339731e+00
 1.93093121e-01 5.71519348e+02 1.02896019e+02 1.92627847e+00],-961.2018,-1017.33765,-1497.1669,1.0159875,1.0683627,0.9665998,0.92669797,26140.309,-1545.5167,30018.621,1051.0476,1.29831,0.23874728,0.11583102,-1047.3618,1047.3618,[4.07268921e+02 2.32221642e+01 2.06877051e+03 1.07112732e+03
 6.70314789e+01 7.23387188e+04 6.16463280e+01 5.52313086e+03
 2.80307480e+04 2.08633081e+03 1.46745586e+00 3.34671875e+04
 5.95058643e+03 7.70148754e+00 2.74543574e+04 7.17601562e+04
 1.04380664e+04 3.98693619e+01 5.46063232e+01 1.68680649e+01
 4.17648239e+01 2.56119871e+00 1.45194721e+01 1.31650781e+05
 4.30478638e+02 1.42869824e+04 3.52879648e+04 1.67209595e+03
 7.88343430e+01 3.43682468e-01 4.55591675e+02 6.83774261e+01
 5.00911523e+04 1.24315063e+02 3.16495299e-01 4.13638428e+02
 2.66220215e+02 5.93138123e+01 4.07464180e+04 1.30717285e+02
 3.86557072e-01 1.29981318e+04 9.60302551e+02 8.07573557e-01
 1.61844800e+03 7.81296680e+03 2.06177444e+01 4.63602539e+03
 1.69546816e+04 3.08564590e+04 4.54851562e+03 4.55472832e+01
 8.38317719e+01 1.13078594e+04 1.13908663e+01 5.24697937e+02
 2.94183884e+01 5.58579865e+01 3.47638367e+02 2.01645241e+01
 8.40973587e+01 1.35518856e+01 1.31450455e+02 2.12627487e+01
 1.30099640e+01 1.29511398e+02 2.69754727e+04 1.05613014e+02
 1.06654587e+01 1.03788090e+01 2.98644943e+01 5.10953598e+01
 2.09505078e+03 3.86371948e+02 4.21429004e+03 4.96891418e+02
 7.45967188e+03 1.46503623e+04 1.27195654e+03 4.88177673e+02
 1.48757744e+04 1.78139902e+04 7.27371953e+04 8.01325226e+01
 5.20814285e+01 8.28186328e+03 4.04687357e+00 3.55725128e+02
 5.12900772e+01 2.33235107e+02 3.51156758e+04 2.96287930e+04
 3.46739197e+01 2.97978912e+02 4.91332932e+01 1.54303543e+02
 2.74166229e+02 1.69412910e+04 2.86194580e+02 3.94482695e+04
 2.71143091e+03 5.97177010e+01 6.01164795e+02 4.26861250e+04
 1.31976163e+00 1.63755920e+02 2.39171851e+03 6.73644257e+01
 1.80500940e+03 3.97438169e+00 3.79195839e-01 5.64700049e+03
 1.33573926e+04 4.34249039e+01 2.66671914e+04 1.06825531e+02
 7.95933199e+00 3.15364746e+02 4.25013086e+03 2.04717981e+03
 9.49179565e+02 2.48725395e+01 2.98641014e+01 1.12489856e+03
 6.39460449e+01 1.02553105e+04 3.43339883e+04 6.38909531e+01
 4.21442422e+04 1.53158682e+04 5.52325439e+01 1.31447705e+03
 5.40692188e+03 2.71062256e+03 3.28206024e+01 1.29650354e+01
 1.63502846e+01 9.51540146e+01 3.53085480e+01 2.32219629e+03
 2.75232334e+01 2.34165335e+00 8.67146683e+00 2.07400049e+03
 4.19515343e+01 2.70434355e+04 1.52276794e+03 2.53070755e+01
 4.86380280e+02 2.31793433e+03 7.19596924e+02 2.23390808e+01
 1.24058203e+03 9.49785156e+02 6.11465492e+01 3.65116539e+01
 2.29125793e+02 4.20898560e+02 5.82641357e+02 1.52635718e+03
 5.16710587e+01 3.78763153e+02 1.56048975e+03 4.27755642e+00
 1.57219513e+02 7.43124161e+01 5.59045947e+03 8.66127246e+03
 1.38331703e+05 2.66875371e+04 5.80248242e+03 2.15274334e+01
 1.25363190e+02 3.92252426e+01 2.54639656e+05 6.90169144e+00
 7.57835938e+03 1.68187981e+01 5.26322344e+04 1.13871330e+02
 4.45108447e+03 1.52962754e+04 1.76023691e+04 2.42350845e+02
 3.55955078e+03 7.49746656e+00 2.66315879e+04 1.00319389e+02
 1.62042675e+01 2.15875684e+03 1.82153726e+00 3.29717224e+02
 9.39038467e+01 1.10358020e+03 3.47359766e+03 6.12428360e+01
 6.53130078e+03 3.22007793e+04 6.06221069e+02 6.33413410e+00
 1.77968115e+03 1.00916828e+05 8.50922119e+02 3.77269630e+01
 3.06987038e+01 6.71462463e+02 1.84050703e+04 1.75655664e+04
 1.83566250e+04 1.70500215e+04 1.08569901e+02 8.51208862e+02
 3.12567529e+03 2.41589794e+01 1.18419609e+01 4.74355908e+03
 9.64540329e+01 3.39016342e+01 2.80741406e+04 1.98807446e+03
 3.35953217e+01 1.29859119e+03 1.59760086e+02 5.37909927e+01
 6.09185242e+02 4.23740869e+03 1.73212476e+03 1.27183411e+03
 1.27895886e+03 2.00102490e+03 2.21509395e+04 1.38577490e+04
 2.45127754e+01 1.41176445e+04 2.45422046e+03 2.53133125e+01
 7.97348145e+02 1.93490997e+02 3.37711761e+02 3.58032837e+01
 1.78184668e+04 3.56901367e+03 3.94829315e+02 3.16458789e+04
 1.78352947e+01 1.71951160e+01 6.06896729e+02 4.59757996e+00
 1.26366919e+03 1.35897725e+04 1.13339033e+04 2.51672241e+03
 6.48289062e+03 1.31673932e+00 3.76607666e+01 2.37193867e+04],14242.424,[8.45060547e+04 8.23234787e+01 4.16788525e+03 3.29753998e+02
 6.45695862e+02 5.06705703e+04 3.03746246e+02 5.62806201e+03
 1.38595742e+04 4.36750049e+03 1.74274998e+01 2.43255938e+04
 5.05418086e+04 3.33813596e+00 1.40642163e+03 7.30108828e+04
 6.56340381e+03 1.56300385e+02 3.32035866e+01 9.29847813e+00
 3.28399811e+01 5.47909363e+02 3.53334808e+01 1.41440812e+05
 6.38502832e+03 2.75741309e+04 2.63701025e+03 7.70591797e+03
 2.91571655e+02 4.20936823e+00 7.21130859e+03 3.79891846e+02
 5.72996445e+04 1.59581589e+02 1.76795325e+03 8.72059814e+02
 4.20485497e+01 7.77289734e+01 1.07486182e+04 7.58797180e+02
 2.79959536e+00 6.00479443e+03 1.79023975e+03 1.29443444e-02
 1.66184387e+01 3.43822422e+04 3.36403942e+00 2.89198633e+03
 2.49780167e+02 3.65973633e+04 2.90587773e+04 6.80970688e+01
 2.02665845e+03 2.43536484e+04 4.39599457e+01 9.71924121e+03
 3.10181122e+01 7.52531311e+02 6.77705176e+03 4.53857803e+00
 5.34750710e+01 6.85509872e+01 9.15016098e+01 2.88031826e+01
 6.62872849e+01 4.21730176e+03 2.73029297e+04 1.54595169e+02
 1.04031706e+01 1.14929562e+01 1.78831367e+04 9.03216782e+01
 5.94909766e+03 9.97674609e+04 3.41373867e+04 8.63994507e+02
 2.19588359e+04 7.79160107e+03 1.30449310e+02 8.98369934e+02
 4.21562354e+03 5.48066172e+04 6.23203398e+04 9.09367371e+01
 6.47646606e+02 3.11082812e+03 9.69330597e+00 6.16617188e+04
 1.49927393e+03 3.07943420e+02 5.22467090e+03 6.35667773e+03
 3.43059998e+01 5.69651672e+02 2.09897652e+01 2.63054023e+04
 5.60883398e+04 1.10902783e+04 4.27614697e+03 2.08476250e+04
 4.32663379e+03 1.97914925e+01 4.42419727e+03 4.75674658e+03
 6.55625366e+02 9.44606590e+00 1.00040996e+04 2.34095520e+02
 2.60127466e+03 4.63398695e+00 1.44202347e+01 3.64023877e+03
 1.55929541e+04 8.21673737e+01 1.93444102e+04 6.67001266e+01
 2.17216587e+01 4.70560181e+02 2.53565903e+02 7.66142109e+04
 3.57042236e+02 1.19333107e+02 5.99181152e+02 6.09741309e+03
 2.51529541e+01 2.46807812e+04 4.98251133e+04 6.92813721e+01
 7.47141641e+04 1.66080664e+03 1.27272842e+02 1.89043164e+03
 3.08222900e+03 5.91400342e+03 4.99202311e-01 3.89329053e+03
 1.88933334e+01 1.03868433e+03 2.10677757e+01 1.21453650e+03
 2.13388844e+01 1.57843609e+01 2.35316887e+01 1.06563184e+03
 3.89303925e+02 1.55058887e+04 2.21138428e+03 4.00986786e+01
 1.02654578e+03 3.41452197e+03 4.09794580e+03 1.18398647e+01
 2.46935059e+03 6.51159912e+02 2.68554629e+04 7.40505371e+01
 3.73117035e+02 1.02846396e+04 8.30968750e+03 3.29728455e+02
 1.24896690e+02 1.10786450e+03 3.37406403e+02 2.08511400e+00
 5.08660547e+04 1.17148743e+02 9.28757520e+03 1.34979785e+03
 1.30107828e+05 2.34229121e+04 3.73578101e+03 2.45816059e+01
 1.07934502e+02 7.51749134e+00 1.55475266e+05 5.79517517e+01
 3.20281958e+03 4.23100967e+01 6.17413555e+04 7.80511398e+01
 3.38434229e+03 8.99654883e+03 5.85041077e+02 3.09666504e+04
 5.03590625e+03 1.46429131e+04 1.68463398e+04 1.05940498e+02
 1.03681848e+03 8.13220215e+03 9.69254822e+02 1.16271500e+05
 1.11875374e+02 1.36067346e+03 6.53697449e+02 1.37833160e+02
 3.48089844e+02 2.28919961e+04 2.22817090e+03 4.97122049e+00
 4.73607568e+03 5.56505371e+03 8.59586975e+02 3.31888351e+01
 5.35111580e+01 1.90302185e+03 5.38823633e+03 1.95225273e+04
 1.52360801e+04 1.00824414e+04 3.90573730e+02 2.30492163e+03
 1.42660137e+04 2.64227238e+01 1.90412197e+01 3.93922607e+03
 1.84928906e+03 1.24180279e+01 7.91486511e+02 5.95135352e+03
 6.96483994e+01 1.60571289e+03 1.79677417e+03 1.28667908e+02
 1.85209924e+03 5.63663203e+04 2.02171045e+03 3.16046504e+04
 1.72139570e+04 2.72440088e+03 2.62369453e+04 1.57775781e+04
 1.44840899e+01 1.70257935e+03 1.04050671e+03 2.13462114e+00
 1.57758167e+03 2.18418594e+02 4.89086768e+03 3.30880203e+01
 2.63174102e+04 1.12598828e+04 4.84061661e+01 2.08003965e+04
 2.51727066e+01 4.23418503e+01 6.84584619e+03 1.56680202e+00
 2.56412461e+04 2.71118730e+04 6.94365088e+03 3.97706567e+03
 3.85453359e+04 2.53722119e+03 1.65897934e+02 1.79092168e+04],-966.906,-1059.7194,-1396.1564,1.3137014,7.6992173,0.42640978,0.93209416,0.01600181655883789,3740.3044514656067,0.125,0.125,-0.1504337607479216,-0.0009868050805867188,-0.1504743517215961,-0.0007178229716767684,-0.6494777584983921,25.249999999996884,0.0,225000.0,-10.0,-5000.0,500.0,7.38862419128418,225000
1013.7117,0.054056276,0.10218771,0.0034405843,-1012.63574,1012.63574,[2.04381347e-01 6.02159882e+00 1.05945945e-01 9.17681754e-02
 1.97412300e+00 9.52954292e-02 9.09853935e-01 3.52777863e+00
 1.55843794e-04 1.15109777e+00 9.24969852e-01 8.84850442e-01
 7.64695406e-01 1.22923112e+00 6.64217025e-03 4.24548462e-02
 2.66815610e-02 1.78874075e-01 6.35327148e+00 5.24426746e+00
 2.78223591e+01 7.04427063e-01 8.20833445e-03 1.14612699e-01
 9.82187092e-02 7.04517365e+00 2.13535881e+00 1.01072383e+00
 1.45530291e-02 2.76431143e-01 5.50521553e-01 2.29518339e-01
 5.92950761e-01 9.72253680e-02 8.69054347e-03 1.17449477e-01
 1.80930018e-01 2.89128125e-01 3.79067087e+00 1.41336024e-02
 2.09842697e-02 1.37049735e+00 3.89376283e-03 7.38998890e-01
 1.54979467e+00 7.23513067e-02 5.18328743e+01 6.23621821e-01
 1.12310536e-02 1.92635030e-01 5.83202839e-02 1.84463412e-02
 2.47022212e-02 6.81589603e-01 3.54709066e-02 6.98675513e-02
 7.96332788e+00 2.26439089e-01 9.27049220e-02 1.04230857e+00
 4.60196316e-01 3.78095365e+00 2.95077562e-02 9.55674797e-04
 3.80841315e-01 7.96495199e-01 5.19832522e-02 5.87096289e-02
 6.03534281e-04 1.45536810e-01 4.03967619e-01 8.63094711e+00
 5.94975241e-02 1.38502866e-01 4.40689214e-02 9.47121334e+00
 1.17910281e-03 1.29715180e+00 1.59639406e+00 1.22927415e+00
 2.33322382e-02 1.41218364e-01 5.54145128e-02 1.93571568e-01
 1.20881945e-02 9.90814716e-03 1.14929259e-01 1.49020300e+01
 2.47636810e-03 8.63227993e-04 3.00168902e-01 3.57196480e-03
 4.71971184e-03 9.59860161e-03 6.07933164e-01 7.07951933e-03
 3.95372063e-02 5.38439639e-02 4.55794764e+00 9.64557886e-01
 2.37028338e-02 4.23954606e-01 1.13216788e-01 9.60333496e-02
 2.93552876e-04 6.25515103e-01 2.52409846e-01 2.03935146e+00
 3.18736210e-03 3.96889485e-02 5.09042293e-04 1.23787552e-01
 1.09843165e-02 2.71027148e-01 7.42883205e+00 4.52014399e+00
 2.35557705e-01 7.77580032e+01 5.43686271e-01 3.23664024e-03
 1.89302564e-01 1.31313242e-02 6.74031526e-02 4.47372258e-01
 3.08383256e-03 1.47054940e-02 6.36185288e-01 2.44170800e-02
 5.77553654e+00 4.51226085e-01 3.13931793e-01 6.13705702e-02
 3.43336537e-03 8.61021280e-01 3.83216888e-04 2.16995144e+00
 5.90233877e-03 1.93779543e-03 1.15512304e+01 9.79239121e-03
 2.21733928e+00 3.37122753e-03 1.70314983e-01 1.66430667e-01
 1.13220908e-01 5.57084918e-01 8.98073316e-01 2.65246071e-02
 1.15305185e-03 1.74840227e-01 2.92133331e+00 9.94759202e-02
 1.54193826e-02 1.40873402e-01 4.02143970e-03 7.53118753e-01
 1.36111870e-01 2.62074620e-02 3.30890357e-01 1.50459960e-01
 5.84446669e-01 1.08938530e-01 6.74583465e-02 6.53582960e-02
 4.04983051e-02 2.03545141e+00 1.97792798e-03 2.39455849e-02
 1.28768718e+00 1.37245953e-01 2.27274847e+00 5.11109270e-02
 1.12680867e-01 5.03752470e-01 1.68599822e-02 5.80527522e-02
 2.21796520e-02 1.07963473e-01 4.92115593e+00 1.85399318e+00
 1.00449473e-03 3.14872622e-01 4.33665276e-01 6.21292543e+00
 2.60154195e-02 7.59012252e-03 3.48400402e+00 1.48435861e-01
 3.04896712e-01 2.99642038e+00 3.44041705e-01 4.69577342e-01
 5.39484620e-03 2.46417820e-02 1.50241876e+00 2.83065513e-02
 7.66721964e-02 3.23059633e-02 7.60753918e+00 1.51266791e-02
 1.67063582e+00 1.57954410e-01 2.50119358e-01 1.16206199e-01
 3.28736931e-01 9.96591687e-01 6.44387379e-02 2.43139043e-02
 2.85107568e-02 3.79602909e-02 1.43207932e+00 2.09813356e+00
 2.94891477e-01 2.51099825e-01 1.91890299e-01 9.22372246e+00
 1.06538224e+00 4.50682223e-01 7.71923423e-01 3.51963222e-01
 7.84069300e-04 1.27647519e-01 7.60487020e-02 6.77688420e-02
 1.25541353e+00 5.77592850e-02 4.01817635e-03 1.29216626e-01
 1.08711198e-01 1.59520656e-03 1.10822201e+00 1.98803023e-02
 2.12754130e+00 2.09360011e-02 3.92006040e-02 6.19754493e-01
 3.29256058e-04 1.26259476e-02 7.36115277e-02 6.08379394e-02
 1.01889707e-02 3.25542130e-02 3.54819918e+00 1.13029368e-02
 5.12922406e-01 3.65218878e-01 8.14606622e-03 2.95532979e-02
 1.86276473e-02 1.01120681e-01 7.37213671e-01 1.24802101e+00
 1.43554047e-01 7.84432220e+00 1.06262043e-03 5.44635206e-03],1.8341184,[2.76691467e-02 3.75105119e+00 1.14145353e-02 2.15172768e-02
 2.03689970e-02 1.39103666e-01 1.80975640e+00 8.49989355e-01
 1.43250376e-02 1.56154111e-02 4.57266942e-02 8.38192523e-01
 1.62030943e-02 5.88465571e-01 1.22982003e-02 1.52251497e-02
 1.50710717e-02 2.32660770e-02 9.56196976e+00 1.58231407e-02
 3.03087926e+00 2.15905219e-01 1.65824965e-02 1.48750544e-02
 1.03104711e-02 8.55925322e-01 8.50733399e-01 3.41406047e-01
 7.04000145e-03 1.73827186e-01 1.91702628e+00 8.69636536e-02
 6.39547539e+00 6.64871335e-02 1.99252442e-02 4.33931947e-02
 6.10041209e-02 6.29772991e-02 3.98811483e+00 3.19597200e-02
 9.50330794e-02 3.62583131e-01 2.80274823e-03 2.25130767e-01
 1.33041218e-01 4.18036953e-02 4.38294868e+01 4.02215868e-04
 1.58471614e-02 9.41949785e-02 1.75620288e-01 8.96133482e-04
 2.19554976e-02 1.85157210e-02 5.03740609e-02 5.28170019e-02
 1.39409184e-01 1.92321688e-02 5.06178439e-02 3.80179621e-02
 3.85738343e-01 2.92691946e-01 2.69165635e-03 8.12250748e-03
 5.63518524e-01 4.27425623e-01 9.71293449e-02 4.13437635e-02
 3.04945186e-03 2.33390369e-02 4.70962405e-01 1.93708003e+00
 6.68627024e-02 3.98073494e-02 3.19035426e-02 6.24313259e+00
 1.18085332e-02 2.73209405e+00 1.69449180e-01 1.69912767e+00
 3.92230302e-02 1.67341202e-01 1.64256766e-02 8.54290187e-01
 3.16733867e-02 2.56281197e-02 1.13635212e-01 1.20670185e+01
 2.30878778e-02 9.10345092e-03 5.37877083e-01 8.50096345e-03
 6.68801367e-04 2.01806799e-02 1.44043469e+00 1.66381188e-02
 2.96615005e-01 1.92408450e-02 5.07511330e+00 4.21675026e-01
 7.96909481e-02 3.42190266e-03 8.88070315e-02 9.24878120e-02
 7.11227208e-03 2.89391637e-01 4.00757529e-02 7.33286917e-01
 2.19015032e-03 3.82915884e-02 2.30856240e-03 2.01873600e-01
 1.16837770e-02 1.85037889e-02 4.03170443e+00 3.66051197e-01
 1.56978026e-01 1.13222816e+02 1.00386286e+00 6.85240701e-03
 3.51820588e-02 1.63549870e-01 9.99776274e-03 1.67939141e-01
 1.29192248e-02 1.85680278e-02 1.04680657e-03 2.38166004e-02
 3.76270652e-01 1.43599063e-01 5.36692739e-01 3.68288904e-03
 1.37010887e-02 2.19187625e-02 1.67280920e-02 7.42324144e-02
 1.50213391e-02 1.05618872e-02 1.14339962e+01 2.46318653e-02
 5.62043571e+00 2.03094222e-02 1.72521830e-01 9.96673852e-03
 6.39453530e-03 1.11571439e-02 1.71644557e+00 7.81025112e-01
 4.27296758e-03 6.02437556e-03 6.61045194e-01 9.55049694e-02
 3.96272726e-02 3.61710265e-02 2.16614157e-02 4.94009972e-01
 1.36642754e-02 6.92090094e-02 1.12066641e-02 1.88845769e-01
 3.95075083e-01 8.78858119e-02 1.50185615e-01 6.69441968e-02
 1.83365680e-02 1.38842002e-01 1.74478963e-02 3.69386747e-03
 1.62567466e-01 2.61369586e-01 1.28758743e-01 5.21858037e-02
 1.11590639e-01 1.07759386e-02 3.43153253e-02 1.06208697e-02
 7.62357265e-02 2.96497345e-01 1.51302107e-02 4.71460968e-02
 7.49788433e-03 2.39130750e-01 8.15931708e-02 2.47526318e-01
 2.82422677e-02 1.94198638e-03 3.27454537e-01 4.52533849e-02
 5.23249745e-01 3.10978115e-01 1.14771202e-01 2.07144655e-02
 3.41789797e-03 3.55638415e-02 4.68485832e-01 6.36160374e-02
 3.24416906e-02 1.07462049e-01 1.12293792e+00 2.09218287e+00
 1.25036097e+00 7.85732642e-02 4.94135916e-01 2.69143730e-02
 2.12598830e-01 5.68341136e-01 1.33631304e-02 2.18705274e-02
 2.78057158e-02 5.23756817e-02 6.41531348e-01 4.52564776e-01
 2.81989872e-01 2.51867652e-01 8.67574885e-02 2.22054458e+00
 5.75155497e-01 8.07600677e-01 2.08014750e+00 9.29504633e-03
 8.74242559e-03 1.12880021e-02 1.06200247e+01 1.69820525e-02
 1.59482896e-01 2.74463445e-01 4.51117307e-02 8.43659639e-01
 1.09079421e-01 4.43305075e-03 2.17019618e-01 2.07337923e-02
 6.50195122e-01 1.48169883e-02 2.01122053e-02 5.74965596e-01
 6.71489537e-03 1.33525133e-02 7.64824823e-03 1.68911606e-01
 9.08582285e-03 9.51210037e-03 2.90745683e-02 2.23228931e-02
 1.14617157e+00 4.93320286e-01 9.38631967e-03 3.02916206e-02
 7.89797902e-02 1.15779042e-02 5.34947872e-01 2.58354449e+00
 2.03260526e-01 8.68261528e+00 4.93778661e-03 1.89867690e-02],-973.56824,-1016.6813,-1499.7146,1.0183468,1.1288936,0.97265357,0.9268602,383.2741,-85.17801,1144.7107,1051.2683,1.1120242,0.29226872,0.115656696,-1047.2336,1047.2336,[5.64390421e+00 2.34955139e+01 3.02490597e+01 2.24498848e+04
 1.23358250e+01 1.73042175e+02 8.50774707e+03 1.49091406e+03
 5.15369934e+02 1.12148666e+00 2.57490312e+04 6.57957220e+00
 1.32219833e+02 1.51331816e+01 4.30042328e+02 4.21391064e+03
 2.62809644e+03 2.50569629e+03 4.99060535e+00 3.73184424e+03
 4.24324219e+03 2.29224060e+02 7.15642871e+03 4.70865974e+01
 2.47976929e+03 4.02149124e+01 1.29400873e+00 1.24030037e+01
 2.76643920e+00 4.91478119e+01 1.13966918e+00 3.08262215e+01
 2.55842090e+04 3.69836597e+03 4.65518311e+02 2.79114868e+02
 6.88058701e+01 6.57334948e+00 3.24557543e+00 3.40146143e+03
 5.83717334e+03 3.73771027e+02 5.02924707e+03 5.34741516e+02
 5.62911377e+02 1.49545488e+01 7.02961349e+01 1.15078125e+01
 1.23995943e+01 9.85860938e+03 1.61115384e+00 1.55213127e+01
 6.20478516e+02 5.20573682e+03 1.77930195e+04 1.19535284e+01
 1.11102257e+02 2.01259594e+01 2.16155319e+01 3.48890281e+00
 3.11717617e+04 1.13553955e+03 3.70882487e+00 6.85681396e+02
 1.33704712e+02 4.78831673e+01 1.09948051e+02 4.32192334e+03
 1.23988480e+02 3.79219475e+01 3.09775513e+03 1.61912022e+01
 1.41165524e+01 5.72619820e+00 6.21789307e+02 9.10368443e+00
 1.27783861e+01 1.06025291e+02 1.79115271e+03 3.61788721e+03
 2.75098610e+01 1.77391565e+00 2.61992979e+00 1.01925344e+01
 6.52027082e+00 2.63366333e+02 1.08503369e+03 4.20148087e+00
 6.90885742e+02 7.62592500e+04 1.58446155e+03 1.19027283e+02
 5.95153320e+02 2.58475208e+01 1.90685730e+01 9.16913906e+04
 9.32466125e+01 1.45200825e+01 6.51796913e+00 7.64787549e+03
 8.49532324e+03 2.92217598e+04 4.94293213e+01 1.26954858e+03
 1.38358734e+02 9.30443192e+00 3.22533032e+03 1.48317471e-01
 5.07565308e+00 8.92227173e+01 9.82153870e+02 9.99978447e+00
 2.35003400e+00 3.01553726e+00 4.23834648e+01 6.94744202e+02
 1.00894312e+03 7.72569275e+01 1.33776646e+01 2.50998691e+04
 9.77560997e+00 6.34181290e+01 7.84109344e+01 1.13166699e+04
 6.38616943e+00 1.50711203e+01 8.07503223e+00 2.13130905e+02
 2.57727969e+04 3.02148047e+03 9.26204102e+03 1.12505894e+01
 1.19700933e+00 2.11663926e+04 2.57782275e+03 5.54262329e+02
 1.02631180e+02 1.02667664e+02 2.98788269e+02 1.87376113e+04
 1.21894093e+01 5.27549011e+02 2.42915320e+00 1.04058862e+03
 2.93804810e+03 1.47601562e+02 2.16259512e+04 5.21184587e+00
 7.99076294e+02 4.40168152e+02 1.75731018e+02 2.71225311e+02
 1.77338208e+03 7.48264893e+02 8.31990234e+03 7.38875961e+00
 1.15997437e+03 2.57358057e+03 2.86513477e+03 4.74946747e+01
 1.43616085e+01 1.03992549e+04 1.68146753e+03 1.32758418e+04
 1.06293506e+03 3.47821760e+00 4.53373474e+02 1.04004639e+04
 1.06617212e+00 5.05091003e+02 7.67947540e+01 2.90572974e+03
 5.92377380e+02 3.02757034e+01 8.56580353e+00 2.10427132e+01
 2.95814185e+03 1.81552315e+01 2.50414333e+01 3.03485840e+03
 3.16779852e+00 3.11066992e+03 3.62043213e+02 1.86504922e+04
 8.49680786e+02 2.42861572e+03 5.80175972e+00 6.72692383e+02
 7.47898769e+00 3.92209101e+00 6.33070996e+03 2.29496250e+01
 3.84412231e+01 2.63726902e+00 1.07958838e+03 3.18910599e+00
 4.49659668e+03 7.16933975e+01 4.70087671e+00 3.03931854e+02
 1.90015762e+02 1.36263838e+04 3.08332617e+04 1.05553125e+04
 5.57715515e+02 2.60439091e+01 1.40099854e+03 2.02995251e+03
 6.90864182e+00 2.46926636e+02 4.20001221e+02 4.65645561e+01
 1.73527383e+04 2.08021042e+02 7.36565161e+00 1.29457217e+04
 1.59194374e+01 5.31504150e+03 1.25408417e+02 4.92674541e+00
 2.89401283e+01 2.05167419e+02 1.07680964e+00 4.93189278e+01
 3.30538845e+00 5.49620996e+03 1.00610619e+02 1.45585213e+01
 1.09473071e+03 2.63781787e+03 3.76134453e+01 7.45336975e+02
 1.32918915e+02 4.18693237e+02 2.87895874e+02 3.00997391e+01
 8.79089355e+03 3.03236008e-01 1.40519702e+03 1.45961853e+03
 6.09295349e+01 6.35105859e+03 1.88690305e+00 3.43163086e+04
 4.53681335e+01 7.11086426e+01 5.19161758e+04 3.72579895e+02
 4.82920185e-02 1.34972443e+02 3.77754395e+03 1.00344872e+02
 1.22674761e+01 9.26364822e+01 2.39606079e+03 3.61861649e+01],5333.6904,[6.41321716e+01 3.55622368e+01 5.32811035e+02 3.71228052e+03
 3.86909363e+02 4.83880035e+02 5.63407471e+03 6.28156311e+02
 6.49536011e+02 1.59603262e+00 2.78430840e+04 3.79039421e+01
 7.85190063e+02 1.38795128e+01 1.86742419e+03 3.16692529e+03
 3.47965179e+02 5.39822388e+02 1.17306801e+02 1.02237708e+03
 2.70567822e+03 1.40576523e+02 7.70173035e+01 1.87528839e+02
 1.49284229e+03 4.57566559e+02 1.30249147e+01 2.67651863e+01
 2.56372809e+00 6.65890503e+01 8.61567020e+00 4.91260490e+01
 3.56258789e+04 1.57364033e+04 6.74294482e+03 3.77534985e+03
 1.12616631e+02 3.02009033e+02 8.06351185e+00 5.39326758e+03
 5.77497705e+03 2.68880215e+01 3.96904761e+03 1.96925766e+02
 1.01155853e+02 1.89955866e+00 8.27797394e+01 2.33515797e+01
 5.60702562e+00 7.86746191e+03 5.98427629e+00 1.95300140e+01
 1.71862259e+01 2.54171758e+04 5.17576914e+04 8.20328116e-01
 1.92949997e+02 7.60014915e+00 5.78336430e+00 3.05033436e+01
 1.73965859e+04 1.21916528e+03 3.46314278e+01 5.05850195e+03
 2.73417725e+03 6.02802582e+01 6.39354834e+03 1.42289062e+04
 1.88729385e+02 2.61455566e+02 1.75120392e+02 1.20389690e+01
 1.59643545e+01 3.79611969e+01 4.86461914e+03 1.13449425e+02
 5.17098999e+00 1.13319473e+02 9.09598328e+02 6.45983643e+02
 7.35735130e+00 1.85523379e+00 3.78629333e+02 2.06198120e+00
 9.18837428e-01 5.50663477e+03 3.02654614e+03 2.82501678e+01
 4.81343701e+03 5.11961172e+04 1.52646729e+03 1.55993958e+03
 2.31068408e+03 9.61495113e+00 2.90933899e+02 4.95968457e+03
 6.82131958e+01 2.68530426e+01 3.51593733e+00 1.66391699e+03
 8.74283008e+03 3.48922500e+04 8.90843262e+03 2.30997656e+03
 2.02349988e+03 2.08217001e+00 7.23890859e+04 9.67521858e+00
 1.59005060e+01 1.50158218e+02 4.12951752e+02 6.89566135e+00
 1.41554718e+02 2.95331650e+01 2.33009892e+01 2.25684058e+03
 8.45049866e+02 1.71605423e+02 3.29634521e+02 7.26846641e+04
 1.47705469e+01 1.91930625e+04 5.62807617e+02 4.98375635e+03
 9.63217545e+00 1.02252838e+02 5.54136429e+01 4.23945068e+03
 4.39920898e+03 1.01819861e+03 2.01745059e+04 7.48320961e+00
 7.85864735e+00 4.45776001e+02 7.56819336e+02 5.67846619e+02
 6.65503784e+02 2.57467346e+02 4.89927197e+03 1.33761145e+03
 9.95375824e+00 6.47182922e+02 1.00812244e+00 2.43987305e+03
 2.32932471e+03 3.47046411e+03 5.07788696e+02 1.12061090e+01
 4.33158325e+02 2.14420502e+02 3.08780304e+02 5.54031494e+03
 3.07210425e+03 4.03968277e+01 6.19521338e+03 3.29536095e+01
 1.73447083e+02 1.99501538e+03 5.92674414e+03 7.18288956e+01
 2.35991821e+02 8.78482812e+03 6.71193604e+03 6.41922998e+03
 1.17631055e+03 5.35839987e+00 9.80164673e+02 2.93114355e+03
 1.47904024e+01 5.04669617e+02 9.90597610e+01 3.54690356e+03
 8.47537988e+03 4.64262295e+00 1.91174889e+01 3.58988228e+01
 8.36700439e+02 2.24781876e+02 8.24215927e+01 1.10816858e+03
 1.53606739e+01 6.92798438e+03 6.83912415e+02 7.68108887e+03
 1.42040356e+03 2.77026440e+03 4.03982430e+01 2.91451904e+02
 6.09492350e+00 1.39013805e+01 3.37019434e+03 8.84035492e+00
 1.49600464e+02 6.19264908e+01 1.54211707e+03 3.32987595e+00
 4.13825635e+03 5.75027580e+01 4.04927292e+01 1.08771826e+03
 5.13529907e+02 6.94756250e+03 3.48623352e+02 1.37887744e+03
 5.90526672e+02 1.63954163e+02 4.81795938e+04 1.11782501e+02
 1.12978722e+02 1.47992830e+01 3.58358856e+02 8.74775314e+01
 1.15754968e+03 1.90084396e+02 6.34901848e+01 1.21990566e+04
 4.73389206e+01 5.47849658e+03 9.45251389e+01 2.64467764e+00
 7.76538315e+01 2.89705994e+02 6.18545952e+01 5.42287712e+01
 1.54080868e+00 6.08015137e+02 5.59863403e+02 2.20542278e+01
 2.82226379e+02 4.19101172e+03 1.38172522e+03 1.64615991e+03
 1.10480996e+04 4.67682129e+02 7.96614990e+02 3.40236015e+01
 4.57833643e+03 4.21614218e+00 2.64543555e+03 3.16283643e+03
 6.41177002e+02 2.04398651e+02 2.69323349e+01 4.38510820e+04
 9.23979797e+01 7.79952164e+01 7.66913828e+04 9.76147363e+03
 1.57373085e+01 2.28986542e+02 2.71906812e+03 4.64882050e+02
 2.00580521e+01 1.11170449e+04 3.41531494e+03 6.35595589e+01],-972.2327,-1072.9165,-1413.9639,1.6077414,24.232363,0.25046673,0.9338001,0.015217483043670654,4120.741543054581,0.125,0.125,-0.19899417133503816,-0.005258655043371697,-0.19923713607926227,-0.004298157730181209,-0.8606311749154505,25.249999999996884,0.0,250000.0,-10.0,-5000.0,500.0,7.418177843093872,250000
1014.8804,0.07288286,0.10239251,0.0028878541,-1013.78357,1013.78357,[1.01438923e+01 5.48489764e-03 4.67726946e+00 2.33250856e-02
 9.06972885e-01 2.68449217e-01 2.70721689e-03 1.62098849e+00
 5.85140896e+00 1.15041375e-01 5.28401256e-01 1.34219809e+01
 1.90278411e-01 8.51266563e-01 7.17966318e-01 1.15921497e+00
 3.01368594e+00 8.94838572e-02 3.29578161e-01 6.05303794e-03
 1.37215480e-01 6.89058602e-02 3.33925247e-01 3.04336309e+00
 6.70237839e-03 6.73176348e-02 2.76355743e-01 4.43441905e-02
 7.51774251e-01 2.93314159e-01 6.11588731e-03 4.94496405e-01
 5.11480637e+01 1.94244938e+01 8.24511051e-04 7.52887726e-01
 9.50073123e-01 2.19680810e+00 2.24889159e-01 1.75346422e+00
 1.43480040e-02 2.45917752e-01 2.46746153e-01 7.15313107e-03
 1.99265704e-01 8.24991465e-02 4.19071019e-02 1.19847097e-02
 6.53337121e-01 1.28359534e-02 2.61701894e+00 2.72250548e-03
 4.03839159e+00 5.12336083e-02 2.45454982e-02 5.07962990e+00
 2.48409249e-02 4.91723754e-02 4.50101569e-02 1.23129857e+00
 3.88668850e-03 1.06642134e-02 2.32710671e+00 1.03487261e-02
 9.65050906e-02 1.40162185e-03 5.55503555e-02 8.28496933e-01
 3.80305387e-02 3.68584432e-02 5.27158976e-02 2.80551985e-02
 1.59678198e-02 3.04094982e+00 2.14563474e-01 1.26084721e+00
 3.22773981e+00 1.83201492e+00 8.20432782e-01 7.11275864e+00
 6.49165362e-02 2.88317490e+00 6.98965576e+02 7.82534122e-01
 8.82744789e-05 2.27854803e-01 7.43079931e-04 4.02487069e-01
 4.65734676e-03 9.84681249e-02 9.59378481e-01 1.32035732e+00
 8.83071995e+00 1.15352288e-01 1.47236156e+00 8.36642236e-02
 8.72588444e+00 1.01429129e+00 1.47343779e+00 7.61071444e-02
 3.98370544e+02 6.06099144e-03 4.82020855e+00 1.01757981e-02
 3.09943035e-02 1.21783406e-01 9.77791101e-03 6.47206604e-03
 1.64685428e-01 1.50657482e-02 6.43659681e-02 8.71483684e-01
 1.92994788e-01 1.95705518e-01 3.34512070e-03 3.08375396e-02
 5.61122751e+00 2.47045088e+00 4.16863441e-01 1.29721653e+00
 2.81734467e-01 9.51483011e-01 6.29493743e-02 9.10195112e-01
 5.45319498e-01 1.18223295e-01 3.48145509e+00 5.45257516e-02
 1.10083260e-02 4.95189428e-01 1.07607591e+00 4.84594055e+02
 6.67378843e-01 3.37089598e-01 7.61550307e-01 7.99633443e-01
 2.61551905e+00 8.95200551e-01 6.89946461e+00 9.65303421e+00
 7.86548197e-01 1.87740397e+00 5.51137924e+00 3.04420665e-03
 2.81519666e-02 2.27010116e-01 1.16508424e-01 8.84847715e-03
 1.70371696e-01 2.20786229e-01 1.31440163e+00 1.51220977e-01
 7.57118464e-01 1.67365856e-02 5.94606400e+00 2.79081240e-03
 5.52032143e-02 1.59010477e-02 3.06268764e+00 4.28234220e-01
 1.32417277e-01 7.51483917e+00 2.34330446e-03 5.81886947e-01
 5.02373219e-01 7.66254807e+00 3.91037650e-02 2.25775018e-01
 1.35566182e-02 9.55193117e-03 3.52163792e+00 2.05149390e-02
 2.53927894e-02 4.57930952e-01 3.11271027e-02 1.96063256e+00
 7.57325287e+01 9.75912094e+00 1.58153363e-02 1.17793158e-02
 3.50767411e-02 4.57511581e-02 1.94604754e+00 3.27678871e+00
 1.35317039e+00 1.13867611e-01 5.37759209e+00 2.24340148e-02
 6.92076683e-02 2.97643036e-01 7.00488836e-02 2.12942243e-01
 7.88985872e+00 2.03256048e-02 2.03318745e-02 3.04668307e+00
 4.37392616e+00 1.25957474e-01 2.34382391e+00 2.44070776e-02
 4.01869603e-02 2.78607726e-01 2.94446802e+00 6.92276120e-01
 9.54521745e-02 3.57240868e+00 2.06116810e+01 3.95681895e-02
 5.87856579e+00 1.56157279e+00 4.84926999e-03 6.79222107e+01
 9.82266814e-02 7.78872073e-01 7.38678277e-01 2.06164271e-03
 9.18493867e-01 4.43203487e-02 9.79824364e-01 7.17340326e+00
 7.97175467e-02 1.69452357e+00 1.22126527e-02 3.34995985e+00
 9.73975830e+01 8.41923952e-02 2.02100053e-02 5.33846080e-01
 1.63985863e-01 1.91394135e-01 3.74748886e-01 2.43402421e-01
 1.52068710e+01 1.32378101e+00 3.99275064e+00 2.30630112e+00
 2.22283673e+00 3.50285806e-02 1.64857984e-01 9.43736076e-01
 1.46736002e+00 5.21824875e+01 2.72128880e-01 7.05708936e-03
 1.56179741e-02 3.40135145e+00 1.91054493e-03 9.50153160e+00
 8.40921402e-01 4.87954438e-01 2.29628421e-02 2.95827687e-01
 1.56041384e-02 1.08579636e-01 1.42277551e+00 2.70622410e-02],8.294504,[5.32842064e+00 2.87756026e-02 2.00834966e+00 1.03197135e-02
 1.37463927e+00 2.15292722e-01 4.41500917e-03 1.81653529e-01
 1.67220604e+00 2.69333869e-02 1.05506372e+00 2.37651443e+00
 2.99947858e-01 3.47912312e-02 9.58120406e-01 9.53520298e-01
 1.16080332e+00 1.07510835e-01 3.42178255e-01 1.25750974e-02
 5.40397316e-02 1.00531891e-01 2.26947501e-01 2.38771868e+00
 2.15722211e-02 5.69905229e-02 1.17372942e+00 5.32216467e-02
 6.44130230e-01 3.70748430e-01 3.53135355e-02 8.61072540e-03
 1.14916439e+01 1.40907831e+01 7.44141787e-02 1.58640519e-02
 4.14326191e-01 1.17855854e+01 2.28547022e-01 1.18569469e+00
 8.07792693e-03 8.02893192e-03 5.66366054e-02 2.66996771e-02
 1.68013468e-01 3.79746445e-02 6.19516671e-02 1.27012469e-02
 5.49064922e+00 1.22767873e-02 1.57056069e+00 8.98974016e-03
 3.51188016e+00 6.69766515e-02 7.25099817e-03 8.30849558e-02
 8.85532498e-02 5.85846007e-02 1.96382552e-02 1.35265660e+00
 1.11182071e-02 1.76211484e-02 1.34095579e-01 2.58556753e-03
 5.73307574e-02 1.37143880e-02 5.52738979e-02 7.81051040e-01
 5.67346811e-03 1.31509788e-02 6.11278303e-02 6.44167960e-02
 8.06339085e-03 6.20993257e-01 1.27316177e-01 2.09929824e+00
 1.33124566e+00 1.73693919e+00 8.99686396e-01 3.98560762e+00
 5.53363711e-02 6.20514810e-01 2.66221802e+02 2.29350710e+00
 8.16801563e-03 1.43807387e+00 2.86439434e-03 4.13294792e-01
 1.06550790e-02 9.19830382e-01 2.45141476e-01 3.51562500e-02
 8.93974900e-01 1.02283433e-03 1.06276405e+00 5.69411851e-02
 5.59600782e+00 1.46953851e-01 2.76749468e+00 7.13746846e-02
 5.24519287e+02 1.97061636e-02 9.82706928e+00 3.83654609e-03
 1.85598210e-02 2.30723754e-01 3.03373635e-02 2.20838189e-02
 1.08254358e-01 1.14772804e-02 1.15033150e-01 1.90712482e-01
 2.90507317e-01 2.26483680e-02 2.32435837e-02 6.87614232e-02
 1.83934345e+01 7.31982708e-01 2.71846950e-01 1.36932880e-02
 1.57052457e+00 9.44943309e-01 6.13781251e-02 5.20321965e-01
 3.64378452e-01 4.22652066e-01 1.43870866e+00 1.53592736e-01
 2.02866681e-02 2.79413849e-01 2.97892466e-02 1.49966866e-01
 2.47388631e-01 3.45833972e-02 6.07920408e-01 9.81665313e-01
 1.73422551e+00 9.32613611e-01 7.78910875e+00 9.28975010e+00
 1.35037816e+00 5.78549504e-03 2.45602965e+00 2.16430165e-02
 1.12045594e-02 1.04991809e-01 5.77600598e-02 1.31789595e-02
 1.27159506e-02 5.53830899e-02 2.04369605e-01 7.37678111e-02
 1.24934204e-02 1.97426416e-02 4.99485850e-01 3.80704179e-03
 5.90608306e-02 1.35554560e-02 6.53698981e-01 4.74073529e-01
 1.62218250e-02 1.45591247e+00 5.11184707e-03 3.73924710e-02
 5.42786837e-01 1.50148511e-01 3.83510143e-02 4.88478690e-02
 6.44142181e-03 2.03603283e-02 3.18233855e-02 2.66745687e-03
 4.42015715e-02 7.31535256e-04 5.01053333e-02 1.36257911e+00
 2.57044296e+01 5.31279035e-02 1.27267838e-03 4.70925868e-03
 3.92299183e-02 5.30729629e-02 2.69597244e+00 6.00097537e-01
 6.49550557e-03 5.35163917e-02 1.12206876e-01 4.20649089e-02
 5.50764836e-02 2.91443348e-01 3.76847424e-02 7.98530132e-02
 1.06960088e-01 4.74795587e-02 3.26470025e-02 2.78555679e+00
 1.28310728e+00 3.27216297e-01 2.63144433e-01 8.18967894e-02
 5.81271946e-02 3.68305564e-01 3.95678729e-01 1.52835876e-01
 2.47990191e-02 2.43225574e-01 1.35828409e+01 1.30853541e-02
 1.22314179e+00 1.30293941e+00 3.99679691e-03 1.89127445e+01
 9.08011943e-02 2.04176402e+00 3.10578644e-01 4.30643559e-03
 3.76838386e-01 1.23015232e-02 2.14834958e-02 1.73984781e-01
 5.72405830e-02 4.35490990e+00 2.62903050e-03 3.78404021e-01
 8.05551243e+00 3.05081904e-02 1.09595731e-02 1.12488866e-03
 7.85246491e-03 2.43066519e-01 2.94093966e-01 1.58891246e-01
 2.99373579e+00 1.01562607e+00 4.68906784e+00 1.84555650e+00
 1.08163440e+00 1.04365386e-02 1.06783167e-01 9.59698111e-03
 9.30881202e-02 5.24458427e+01 1.00367403e+00 2.73558833e-02
 2.02788599e-02 3.76351655e-01 1.47901848e-03 1.55865898e+01
 1.57416798e-02 4.51259583e-01 1.74094774e-02 4.99656498e-02
 1.24327093e-01 7.40273148e-02 1.64859921e-01 9.29798558e-03],-972.9219,-1020.12714,-1497.8694,1.0192351,1.1600232,0.9795221,0.9269135,1319.1907,-136.4513,2300.5142,1059.9546,0.96145993,0.33165225,0.10300875,-1055.6766,1055.6766,[1.57391796e+01 6.64566040e+00 3.93087524e+02 1.75621834e+01
 6.22512109e+03 1.07545154e+03 2.20859947e+01 7.40982962e+00
 1.21007129e+03 7.45440292e+00 2.69756746e+00 1.15436548e+03
 2.93234081e+01 5.88893672e+04 6.16096802e+01 4.35218925e+01
 2.75783545e+03 3.87597031e+04 5.25681030e+02 4.81625938e+01
 3.54047000e-01 1.43400555e+01 2.41231113e+04 1.17278961e+02
 8.24663086e+02 5.31239990e+03 9.37053680e+01 1.67797913e+02
 2.77091866e+01 5.48541626e+02 4.08229218e+02 7.63006875e+04
 3.53940820e+03 8.78533936e+00 8.70382130e-01 7.11647522e+02
 7.21441016e+04 1.07251844e+01 5.55425342e+03 3.98239861e+01
 6.66423730e+03 3.53837318e+01 7.50144577e+01 1.07645836e+02
 9.27229309e+02 1.70968903e+02 1.41827374e+01 1.60150986e+01
 3.51719263e+03 1.91120132e+02 8.21137305e+03 8.04203223e+03
 5.63649609e+03 7.27019958e+02 2.40659229e+03 2.52655176e+03
 3.35189056e+01 2.93492088e+01 1.00537506e+03 1.17380821e+02
 1.54845129e+03 1.39728287e+02 1.29679024e+00 2.93962383e+04
 1.25373115e+04 8.43010625e+04 8.79902363e+00 4.93567725e+03
 1.79853976e-01 5.76588173e+01 2.17123260e+01 6.43813293e+02
 6.00531211e+04 3.55304260e+02 1.69851685e+01 6.28578906e+03
 2.66381982e+03 1.46760156e+03 3.07566905e+00 1.21986885e+01
 3.57089424e+00 4.33228633e+04 1.54572418e+02 4.50410400e+02
 1.22696204e+03 5.00387039e+01 1.68518506e+03 1.27513770e+04
 5.80798960e+00 2.28068832e+02 7.69920234e+04 4.10571777e+03
 5.07406521e+00 4.19515038e+00 2.48064499e+02 2.44863262e+01
 2.08712463e+02 3.07557446e+03 3.58648071e+02 2.86761934e+04
 1.01537207e+04 2.17424531e+04 1.76378186e+03 1.33925140e+02
 6.69898701e+00 1.29030743e+01 7.11164551e+01 1.33809902e+04
 4.35878372e+00 2.35670639e+02 1.16918750e+03 1.37436707e+03
 5.98958321e-02 4.12881012e+01 1.90883923e+03 5.34088086e+03
 4.19231367e+04 2.57867822e+03 2.02054980e+04 4.37910881e+01
 7.29526062e+02 3.77791260e+02 2.29807266e+04 9.32284393e+01
 4.99290466e+01 2.21436182e+03 5.67472534e+02 6.17766260e+03
 1.49731348e+04 1.46879443e+03 3.70690460e+01 7.52889307e+03
 1.96748401e+03 8.83622131e+02 9.36179810e+01 1.61211416e+04
 1.36915723e+03 6.07322884e+01 2.97360312e+04 1.10963783e+02
 1.33540054e+02 2.87590361e+00 9.87019531e+03 1.21565247e+03
 1.63326187e+02 8.52948570e+00 6.18649216e+01 9.75952148e+02
 2.13254858e+03 2.26218320e+04 4.48649658e+02 1.47333027e+04
 1.21796777e+04 1.99118862e+01 1.39455233e+01 3.96276929e+03
 5.94926605e+01 3.30269432e+00 2.29878998e+02 8.74244690e+02
 1.57999620e+01 7.26706982e-01 1.42892529e+03 1.90195742e+04
 7.31390076e+01 4.35658836e+00 3.02851367e+00 1.82973874e+00
 5.64437266e+04 1.32640271e+03 1.67394852e+02 1.44486267e+03
 1.78689594e+01 2.87324609e+03 7.12831719e+04 5.93825781e+03
 1.18598433e+01 2.82055664e+03 1.82279167e+01 2.65023193e+01
 5.10693750e+03 1.18321252e+03 8.58789062e+01 7.24334141e+04
 3.30042381e+01 1.03378439e+01 1.63562041e+04 6.60018604e+03
 4.98123901e+02 2.90615894e+03 6.70110986e+03 5.94231628e+02
 1.43430879e+04 2.07017324e+04 2.28061844e+02 2.36885815e+03
 5.57706055e+02 2.46118066e+03 1.83154822e+03 1.74184933e+01
 1.73404732e+01 1.04289121e+04 6.03501221e+02 6.90390869e+02
 4.78532500e+04 4.37972852e+03 8.79325623e+02 3.79590378e+01
 5.26718426e+00 5.85294876e+01 1.09849731e+02 1.64600925e+01
 3.09106232e+02 4.65745947e+03 2.92844492e+04 1.22308789e+04
 3.32162207e+03 7.61101746e+02 1.77176056e+01 7.82834339e+00
 1.61751282e+00 4.86711645e+00 5.46079285e+02 2.00150864e+02
 3.08016491e+01 5.04055225e+03 3.10801309e+04 1.61224304e+02
 2.11351910e+01 4.53664219e+04 8.26818945e+03 2.63876190e+02
 1.51700043e+02 1.29951147e+03 3.65228088e+02 2.84563385e+02
 1.28889055e+01 5.58531555e+02 7.12303772e+02 1.98796313e+03
 1.24719287e+03 5.09914551e+01 3.37268555e+02 1.55652206e+02
 4.64880219e+01 5.27430725e+01 3.94634219e+04 6.94289160e+03
 9.21967220e+00 1.27346245e+02 3.51280786e+03 8.23794842e+00
 6.68444766e+04 4.05037549e+03 1.13752454e+03 2.58755859e+02],12666.512,[2.44217072e+01 2.79649353e+00 1.01076062e+03 6.04797287e+01
 2.02495679e+03 3.09743066e+03 7.96298265e+00 9.50071907e+00
 5.97197754e+02 5.03822403e+01 1.36799347e+02 3.18441919e+03
 1.84931172e+05 3.43777441e+03 3.95897598e+01 8.46055664e+02
 1.32815156e+04 1.13542031e+05 3.97923889e+02 5.14098906e+04
 9.72132301e+00 3.27704773e+01 1.73822441e+04 2.10264526e+02
 6.51344482e+02 3.69552075e+03 1.19773735e+02 1.55255661e+02
 4.36286783e+00 1.38146411e+03 2.14329810e+03 8.86389375e+04
 8.40133984e+03 3.80404877e+02 6.22973025e-01 2.49277500e+04
 1.00362539e+05 1.02715063e+01 5.43237891e+03 6.13409805e+01
 1.37393115e+04 2.89401741e+01 3.15193115e+03 1.24593452e+02
 3.74894873e+03 1.73121109e+02 2.31648575e+02 1.02403076e+02
 7.03562012e+03 4.97621680e+03 1.38721113e+04 3.35352898e+01
 4.97840664e+04 2.92041687e+02 7.29956201e+03 1.37341907e+03
 1.20518445e+03 4.77503281e+01 1.71960474e+03 1.88046127e+02
 1.27952774e+02 3.27374084e+02 6.80060530e+00 3.50523438e+04
 6.26242310e+02 2.89352305e+04 3.23587189e+01 3.24140649e+03
 9.85132933e-01 2.05215363e+02 2.59614551e+03 5.98285675e+01
 2.74070879e+04 9.80496094e+02 5.25989418e+01 3.35010327e+03
 2.33546924e+03 2.25702441e+03 7.40374527e+01 8.40108204e+00
 1.04989538e+01 2.24534512e+04 1.26743851e+02 1.35165588e+03
 4.05192810e+02 9.23634949e+01 1.69585242e+03 3.17019751e+03
 2.71472979e+00 1.12210332e+04 8.85294219e+04 1.66161816e+04
 2.21052551e+01 9.32705820e-01 5.23644714e+02 1.61786438e+02
 1.55163483e+02 2.18188281e+03 1.23791800e+01 1.01819580e+04
 5.64400879e+03 1.16370688e+05 6.83700562e+02 6.91652539e+03
 1.13046974e+02 1.46676208e+02 7.73735352e+01 6.88790186e+03
 5.15361786e+01 1.07098682e+03 7.49133398e+03 3.18391876e+02
 3.23180103e+00 1.72354698e+01 1.18278198e+02 5.69054736e+03
 2.82649395e+04 1.11538586e+03 1.18639648e+04 3.48042542e+02
 6.66408142e+02 4.17907898e+02 2.97820840e+04 1.65901077e+02
 3.04030334e+02 3.53911914e+03 1.58632227e+03 6.84712305e+03
 3.35230591e+02 1.23382900e+04 3.25838013e+01 2.10330371e+04
 1.93485352e+03 1.79444321e+02 2.12748932e+02 1.06511560e+03
 1.35929810e+03 4.77362022e+01 6.29985039e+04 1.67761804e+03
 1.05604973e+02 1.52104110e-01 1.51824961e+04 3.26987744e+03
 2.99876434e+02 1.64524033e+02 1.08730522e+02 1.35622314e+03
 3.12581372e+03 4.91243848e+03 1.37750656e+02 1.22810762e+04
 1.12594788e+03 2.34641739e+02 2.02893524e+01 4.33653125e+03
 7.75345764e+01 1.46561475e+03 8.36570923e+02 1.16756958e+03
 1.28482747e+00 8.28634216e+02 4.04307764e+03 5.29262148e+04
 6.33203278e+01 4.96943092e+00 1.41776872e+00 1.10468888e+00
 7.62638906e+04 3.80848291e+03 1.50674731e+03 1.48402588e+03
 5.66594410e+00 4.61168164e+03 6.66281172e+04 8.78458984e+03
 3.77400932e+01 9.09030518e+02 9.83722496e+00 2.27742630e+02
 7.66813293e+02 3.81462463e+02 2.66880981e+02 3.82972344e+04
 1.50595413e+02 1.05891014e+02 1.45536504e+04 1.65707129e+04
 9.22611426e+03 4.38057007e+02 6.05841455e+03 2.03973846e+02
 7.83080957e+03 8.53506543e+03 6.35766479e+02 2.28035059e+03
 1.08821899e+03 4.44928369e+03 1.25416416e+04 5.42652321e+00
 1.75167007e+01 9.41323145e+03 7.47754297e+03 5.82753357e+02
 5.34085254e+03 1.82231604e+03 1.21881079e+03 1.12942969e+04
 2.59029961e+00 1.70640564e+02 1.53123906e+05 3.47102470e+01
 1.91333375e+05 5.96694629e+03 5.51219482e+02 2.23076504e+04
 8.96267871e+03 5.61328867e+04 2.44361043e+00 1.20285168e+01
 1.13119948e+00 3.30071899e+02 2.17940857e+02 4.15609326e+03
 4.44107361e+01 6.55923340e+03 2.90420762e+04 6.51442566e+01
 9.75523682e+01 1.02302551e+03 7.06584424e+03 9.39475769e+02
 7.38735504e+01 2.33676636e+03 1.75272180e+03 3.94816162e+02
 1.07418022e+01 1.79901524e+01 2.72648865e+02 2.57652930e+03
 5.67298359e+04 1.16582520e+02 6.59483521e+02 1.85563171e+02
 6.16390419e+01 2.00344543e+02 8.84071191e+03 2.83916504e+03
 1.48269291e+01 1.07224709e+02 3.37710498e+03 1.10940180e+01
 1.72109058e+03 1.41956335e+03 1.05565297e+05 1.40113047e+05],-974.1711,-1092.8733,-1424.3611,1.6310743,22.947512,0.24763574,0.93707895,0.016469379320144653,4532.476040363312,0.125,0.125,-0.10181166438018045,-0.002032801506920338,-0.10192428764701988,-0.0019995047933493433,-0.4416349654430824,25.249999999996884,0.0,275000.0,-10.0,-5000.0,500.0,7.385098457336426,275000
1012.5832,0.05476104,0.118499234,0.0034777427,-1011.34344,1011.34344,[3.38926911e-03 5.40537417e-01 5.20990562e+00 3.75527430e+00
 1.39628077e+00 1.25433475e-01 9.40355062e-02 5.72277904e-01
 1.42066884e+00 1.87343931e+00 6.89236969e-02 2.28454328e+00
 5.29981184e+00 1.23508811e+00 3.38508296e+00 2.59888792e+00
 2.75531101e+00 6.24763854e-02 3.12199354e+00 4.16422263e-02
 8.77244025e-02 7.17648888e+00 3.66909838e+00 8.24092388e-01
 2.94172335e+00 6.63483441e-02 1.13325953e+00 4.11573076e+00
 8.33529949e-01 1.49539113e-02 3.54813118e+01 1.58375263e+00
 3.04632157e-01 4.73151505e-01 1.07464409e+01 8.79373074e+00
 1.04744635e+01 1.97677648e+00 1.99997342e+00 2.36546040e+00
 1.41731620e-01 7.48989248e+00 2.71374869e+00 5.90420580e+00
 2.75536652e+01 2.56052804e+00 3.27012157e+00 5.26344061e+00
 2.12496948e+00 2.76023312e+01 8.10567856e-01 1.16172493e+00
 6.95783615e+00 2.62906361e+00 4.58633327e+00 8.12610805e-01
 8.80337238e-01 1.66726398e+00 3.37116203e+01 1.60932612e+00
 8.04059267e-01 5.12706423e+00 2.11856961e+00 4.24823799e+01
 2.03654146e+00 1.89129031e+00 1.12173128e+00 6.37831926e+00
 8.05788269e+01 4.88521194e+00 2.46659704e-02 3.82496262e+01
 4.71173716e+00 8.99164200e+00 3.43090606e+00 3.12115250e+01
 1.93766594e+00 1.88598669e+00 6.04531240e+00 2.68194485e+00
 3.27129626e+00 5.69365978e+00 1.38571548e+00 5.96453309e-01
 4.64226335e-01 2.86010456e+00 9.95908439e-01 2.43550017e-02
 3.06814492e-01 2.25692153e+00 2.20643711e+00 7.93803334e-01
 1.61574590e+00 6.50316715e-01 5.57067528e+01 1.34023249e+00
 2.38223600e+00 2.19672489e+00 9.60229993e-01 2.33130360e+00
 2.03162861e+00 5.92112160e+00 2.72571707e+00 6.25480270e+00
 5.89172554e+00 3.60005379e+00 4.49380493e+00 3.76750612e+00
 1.46666527e+00 1.94104505e+00 3.29674673e+00 7.54797745e+00
 1.65161371e+00 2.65559816e+00 2.13887882e+00 4.14341497e+00
 5.49096823e+00 3.85063744e+00 1.24293399e+00 8.96026969e-01
 2.06888962e+00 2.03911400e+00 6.87547266e-01 8.31916034e-01
 5.51189721e-01 3.80015039e+00 3.13842130e+00 2.54624319e+00
 8.27676952e-01 6.10020280e-01 9.66985931e+01 2.61151052e+00
 2.72367239e+00 8.31472969e+00 9.65742111e-01 1.04042835e+01
 1.50073504e+00 4.03049850e+00 2.48831129e+00 1.42445779e+00
 6.00697041e+00 4.72600937e+00 4.17959988e-01 3.12094569e+00
 5.18412304e+00 2.69144559e+00 1.09795511e+00 6.46143913e+00
 3.91478920e+00 1.12115788e+00 4.59740162e-01 1.50591063e+00
 1.43495822e+00 2.85121393e+00 1.54713688e+01 1.27782196e-01
 2.19477725e+00 2.84450150e+00 1.28885165e-01 7.54308850e-02
 4.95983005e-01 1.09328218e-01 8.28443527e-01 2.82452345e+00
 3.76147509e+00 7.03050196e-01 7.98049021e+00 3.63826454e-01
 1.67651153e+00 8.50808740e-01 5.75283647e-01 1.17328000e+00
 3.32971424e-01 8.51092994e-01 2.50956535e+00 1.82118642e+00
 1.63354373e+00 4.48867269e-02 8.99439812e+00 1.95633650e+00
 2.81170177e+00 1.46365964e+00 2.43121672e+00 1.00796998e+00
 2.75120735e+00 2.54538784e+01 9.99790549e-01 3.61703181e+00
 6.09115934e+00 3.39032650e+00 5.55967236e+00 1.10107574e+01
 5.31819534e+00 6.09648705e-01 4.53050470e+00 2.84106874e+00
 1.05888453e+01 2.02619934e+00 4.89345878e-01 9.55268288e+00
 5.26107693e+00 1.00100964e-01 1.96821785e+00 4.00617152e-01
 3.08496046e+00 1.81740075e-01 2.41853118e+00 2.14927363e+00
 1.31480293e+01 2.21632540e-01 4.63376961e+01 2.28954577e+00
 2.10480142e+00 3.32137632e+00 1.39092255e+00 7.58601964e-01
 4.79739964e-01 2.73312998e+00 9.25774932e-01 6.48705542e-01
 1.85417557e+00 2.57382250e+00 1.37354827e+00 2.58387029e-01
 2.52843437e+01 1.97172153e+00 9.48469281e-01 2.89963508e+00
 1.59731880e-02 6.70891476e+00 3.28207994e+00 4.41297144e-01
 1.58932403e-01 1.54412389e-02 6.63703680e-01 5.20160103e+00
 1.59132385e+00 7.30850816e-01 2.50331097e+01 4.67139721e+00
 2.02827859e+00 5.21920323e-01 2.60428929e+00 1.24153030e+00
 6.32658100e+00 1.58876410e+01 7.06683546e-02 2.26743609e-01
 6.40426576e-01 4.77859735e+00 2.05214930e+00 2.36861134e+00
 1.14039347e-01 5.51369563e-02 1.78517663e+00 1.19627333e+00],6.249462,[4.7947156e-01 7.3667210e-01 5.5406446e+00 6.0094261e+00 9.3782127e-01
 5.1419330e-01 3.1318724e-01 4.5606562e-01 6.6244113e-01 1.0634992e+00
 3.8063988e-01 1.3490019e+00 3.3741379e+00 1.3715823e+00 1.3842592e+00
 1.1840339e+00 1.6571908e+00 1.7618197e-01 2.9235950e-01 5.6054878e-01
 4.5118809e-01 4.8791618e+00 6.9270605e-01 8.5150057e-01 1.8844810e+00
 1.1652503e-02 9.3050110e-01 4.0470104e+00 3.2084945e-01 7.6728493e-02
 6.5009331e+01 1.2040410e+00 4.6879220e-01 5.5629313e-02 4.2628179e+00
 4.1582704e+00 3.2958722e+00 1.2701714e+00 1.0402830e+00 1.3763801e+00
 3.1163052e-01 2.6205006e-01 1.6571600e+00 1.0541977e+00 7.7497997e+00
 1.5114241e+00 2.4735296e-01 3.4881687e-01 1.3829061e+00 3.5883346e+00
 3.6149800e-01 8.8635194e-01 1.1402137e+00 1.1959305e+00 2.1852906e+00
 7.9708254e-01 5.5725970e+00 1.0564404e+00 1.5359117e+01 6.2086496e+00
 7.7453566e-01 3.8975611e+00 1.1588213e+00 3.3030178e+01 1.5565004e+00
 1.1192651e+00 1.1727388e+00 2.0230574e+02 4.0278214e+01 7.6071984e-01
 2.3684511e-01 1.3586021e+01 1.3547630e+00 1.8993981e+00 9.1583276e-01
 6.5442152e+00 1.1931040e+00 9.3202662e-01 1.3664609e+01 1.7695596e+00
 2.1544909e+00 1.1319997e+00 5.1461458e-01 6.5872306e-01 6.3163054e-01
 8.9846855e-01 5.1030648e-01 2.2529005e-01 2.0191506e-01 1.5019656e+00
 4.2269168e+00 5.1746899e-01 3.2432771e-01 8.9678866e-01 3.8301015e+00
 7.0294636e-01 1.2386181e+00 1.6251473e+00 6.5609002e-01 1.3625500e+00
 1.1032680e+00 1.0642152e+00 1.5856848e+00 1.6637833e+00 1.0346978e+00
 8.2300005e+00 3.3933611e+00 1.0956875e+00 3.5526497e+00 1.0276994e+00
 5.9287375e-01 1.7064652e+00 1.2099206e+00 2.1041994e+00 8.8111669e-01
 2.4788623e+00 4.8265676e+00 3.0554423e+00 9.2504662e-01 7.8796762e-01
 1.5363803e+00 2.2626040e+00 1.9887365e+00 7.4113214e-01 1.8071152e-01
 4.6714401e-01 9.4073546e-01 1.4517441e+00 2.6486047e-02 6.3833112e-01
 1.5509077e+02 1.4158182e+00 1.4840848e+00 9.3159944e-01 9.5722306e-01
 1.6779501e+00 5.0357780e+00 2.6103635e+00 1.6873721e+00 1.2094653e+00
 1.0869178e+00 2.9040084e+00 1.9861188e+00 2.6476891e+00 3.9547482e+00
 1.0690805e+00 4.9728191e-01 2.9732893e+00 2.3827300e+00 6.6301084e+00
 2.5003242e-01 6.1252303e-02 8.9355552e-01 1.5607140e+00 1.2126055e+00
 1.4627689e-01 1.1557317e+00 9.7222638e-01 3.5750389e+00 2.7621859e-01
 8.1306076e-01 2.6478666e-01 4.9911505e-01 9.1922700e-01 1.1596973e+00
 2.7712638e+00 3.1715596e+00 4.3408549e-01 9.9459559e-01 1.6537217e+00
 1.1796662e+00 2.8553979e+00 2.5440806e-01 1.5387399e+00 1.4059203e+00
 5.2952123e+00 1.1274228e+00 2.2071907e-01 1.6311610e+00 1.0320336e+00
 3.5856013e+00 6.5305996e-01 2.0682504e+00 8.9583391e-01 1.6516564e+00
 1.0685779e+01 6.6976053e-01 8.0984993e+00 5.2689011e+01 6.4455348e-01
 3.5133197e+00 2.7990365e+00 2.7672772e+00 9.1158730e-01 2.2489467e+00
 1.9950955e+00 3.0991673e-01 1.2403328e+00 6.0331881e-01 1.4681615e+00
 2.3723469e+00 2.4781735e-01 5.6562014e+00 5.3292608e-01 4.4127911e-01
 1.3490589e-01 2.7057810e+00 6.5134993e+00 3.9802483e-01 3.8855609e-01
 7.6573563e-01 1.8440009e+00 1.0553153e+00 1.6692512e+00 7.2551858e-01
 3.0630511e-01 4.9248614e+00 1.5425034e+00 8.4988493e-01 2.6436892e+00
 2.6162133e-01 1.5633364e+00 1.0528834e+00 3.8997918e-01 1.1092239e+01
 1.2741601e+00 6.1486936e-01 6.7093029e+00 7.4460626e-02 4.0022068e+00
 3.9681986e-01 2.7262285e-01 1.1558929e-01 7.6369748e-02 7.1810794e-01
 3.6744432e+00 8.2769817e-01 7.3039156e-01 8.5929459e+01 2.7486727e+00
 6.5952134e-01 3.1444308e-01 1.2273519e+00 7.9794073e-01 3.9684942e+00
 6.7331910e-01 9.8349112e-01 3.9067245e-01 7.1628392e-01 1.9189422e+00
 6.5002704e-01 1.3317752e+00 9.6187460e-01 2.7860487e-01 4.8421173e+00
 9.7949314e-01],-969.51166,-1016.0513,-1498.6619,1.0165238,1.3683991,0.9789846,0.9267075,1115.9066,-119.3447,2614.4976,1046.6985,0.9522404,0.3165643,0.1144702,-1042.5806,1042.5806,[1.55468254e+01 3.49949188e+01 1.04653674e+03 8.05048047e+03
 6.96387434e+00 5.38306992e+04 7.98840880e-01 2.77193775e+01
 7.92661987e+02 4.11855984e+00 1.27085495e+02 1.52451660e+04
 5.01618711e+04 7.83656372e+02 8.03048096e+02 3.04592188e+03
 4.95349570e+04 3.05709595e+02 6.74793930e+01 5.77596016e+01
 1.73253384e+01 9.22723770e+00 1.26379005e+02 1.69649935e+00
 7.65852585e+01 2.39957924e+01 3.66129150e+03 1.02766714e+01
 1.75041565e+02 3.67455597e+01 2.44625015e+01 8.30286102e+01
 2.53723816e+02 1.40731735e+02 9.38145391e+04 2.81537418e+01
 1.77865906e+01 8.57549667e+01 2.48345528e+01 4.83702302e-01
 1.24250381e+02 8.26331787e+02 8.48924707e+03 5.80833931e+01
 3.08605621e+02 4.89024124e+01 2.53093555e+03 1.16125183e+03
 3.96278594e+04 1.76625625e+04 1.05151391e+00 8.93952026e+01
 6.32341843e+01 1.27310144e+03 2.62065125e+01 8.99636936e+00
 7.42073517e+01 1.38589365e+04 6.41385430e+04 1.20596021e+03
 6.87405014e+01 4.32021191e+03 8.52739624e+02 5.72971725e+00
 3.74657974e+01 9.11565332e+03 2.05387188e+04 5.38323545e+00
 1.06455450e+01 3.44869308e+01 2.29990112e+03 2.10489648e+03
 6.86837316e-01 2.90186660e+04 3.92394989e+02 1.45851465e+03
 4.57370491e+01 1.77970839e+00 9.56553421e+01 4.75973096e+03
 2.40257764e+03 1.47684785e+04 5.76580261e+02 4.99154320e+01
 2.30099945e+01 2.35521317e+01 8.05554047e+01 3.24543311e+03
 5.35631445e+04 2.69174536e+03 9.66479919e+02 4.88285938e+03
 4.19595752e+03 2.05966682e+01 2.34787903e+02 6.60193726e+02
 3.75058276e+03 2.84736099e+01 7.05627489e+00 5.00499695e+02
 2.51916618e+01 3.37380142e+01 6.27723074e+00 3.08719238e+02
 1.04353455e+02 5.16797256e+01 1.01407593e+03 2.08372917e+01
 2.65220470e+01 1.09690838e+01 3.95689688e+04 1.34866230e+04
 1.45771253e+00 2.70321655e+03 2.57916687e+02 1.24361141e+05
 5.34235901e+02 4.63188019e+01 2.71150049e+03 3.62611987e+03
 4.70042175e+02 9.18211328e+03 1.48850647e+02 1.33279316e+04
 3.05206718e+01 1.97960186e+01 1.27483917e+02 8.84521094e+03
 1.46125820e+04 4.53872223e+02 1.44942461e+04 2.94908237e+01
 3.30828285e+00 5.68744688e+04 2.69330322e+03 5.53337793e+03
 2.54297119e+03 8.77704651e+02 7.90656250e+03 4.45916033e+00
 2.29752808e+02 5.54706482e+02 2.62926636e+03 2.32975113e+02
 3.13057213e+01 1.14047402e+04 1.14785719e+01 1.28856339e+02
 1.54362805e+03 3.21980566e-01 3.61413672e+03 3.42390088e+03
 2.69051113e+04 4.27532120e+01 9.82155457e+01 3.19913030e+00
 1.74798477e+04 2.68270969e+01 3.07680591e+03 6.07139404e+03
 4.70553551e+01 1.45672668e+02 1.22656152e+03 2.18325012e+02
 4.39580117e+04 5.47229004e+01 8.79528809e+02 1.37371002e+02
 6.91081360e+02 1.09751934e+04 1.55864600e+03 2.37781177e+03
 5.93157501e+01 1.10485020e+04 2.47025852e+01 9.65927441e+03
 4.74217377e+01 2.96249570e+04 8.11338797e-02 9.61529732e+00
 2.64979534e+01 2.42401257e+01 1.22765517e+00 4.19169873e+03
 1.96835541e+02 8.49738281e+04 1.29773621e+02 1.13664624e+03
 1.29110031e+01 1.68389893e+02 8.71237087e+00 4.74519958e+01
 3.17376367e+03 1.66259262e+02 8.70792198e+00 4.53596878e+01
 3.08074463e+03 4.16732712e+01 5.47499756e+02 1.47962860e+02
 1.33654404e+02 7.13858545e+03 3.11114669e+00 3.53184479e+02
 5.27893410e+01 2.84266016e+04 5.33989893e+03 2.20687073e+02
 4.99501419e+01 9.95767784e+00 1.44944360e+03 9.14929297e+03
 8.86437305e+03 7.97664976e+00 5.03031616e+02 1.33037300e+01
 9.28756866e+01 2.38614868e+03 1.36060244e+04 4.43109229e+03
 1.64449951e+02 2.57025605e+04 2.30941715e+01 1.86597278e+03
 1.37478145e+04 8.95885563e+00 1.77383270e+01 2.41661110e+01
 2.10964648e+03 3.80038477e+04 3.44701691e+01 1.59865143e+02
 2.18742371e+01 1.32431650e+01 3.82565857e+02 6.52128418e+02
 2.13212939e+03 3.92842817e+00 1.53335166e+04 1.09552660e+01
 4.55355072e+02 5.24335742e+03 1.54026341e+00 1.19186416e-01
 4.33510132e+01 1.03593193e+04 5.05845261e+00 1.55551437e+02
 1.05076462e+02 5.51823711e+00 1.09934937e+02 1.19084183e+02
 6.88254623e+01 1.28875264e+04 1.21152176e+02 2.46433945e+04],8282.941,[1.7576410e+01 1.2070293e+01 8.1323218e+02 2.4556209e+04 4.9259009e+03
 6.5141668e+04 4.3889511e+01 5.1627173e+02 1.0144668e+03 3.6678429e+01
 1.2384850e+03 3.8927597e+02 3.2837534e+03 1.3876179e+04 7.9729675e+02
 2.0318771e+03 5.7950908e+03 8.7298071e+02 3.2007367e+02 7.0508682e+01
 1.5463702e+02 1.8971565e+00 6.4733686e+00 3.8516128e+00 1.5978966e+02
 6.5375694e+01 1.4262649e+03 1.9936111e+01 4.4997490e+01 3.5685786e+03
 1.1369169e+01 2.7367380e+02 3.9491309e+02 1.2339462e+03 9.7526361e+02
 3.2136652e+02 3.2889782e+01 1.1044040e+04 1.1735076e+01 6.9047518e+00
 1.5036239e+03 5.7520032e+02 6.2568364e+03 1.4801317e+02 7.3773456e+02
 5.2993813e+01 1.5722413e+03 1.2857101e+03 1.9382791e+04 1.0391305e+04
 7.0513892e+00 1.6272103e+04 3.8520420e+01 1.8089860e+03 8.7577026e+01
 7.3630066e+01 3.0474563e+03 8.5386875e+03 6.4285730e+04 5.0862396e+02
 1.8553638e+03 5.1236523e+03 8.6189636e+02 5.1427132e+01 2.9329324e+02
 4.1027461e+03 4.5209619e+03 7.8777145e+01 2.8662331e+00 2.7425396e+01
 5.2438799e+03 2.4019155e+03 1.8445193e+00 2.7883158e+04 1.2676880e+03
 1.1714217e+04 1.3128139e+04 2.3637030e+01 1.0140242e+04 5.0530088e+03
 4.5276758e+03 4.1896359e+04 4.0479803e+02 7.7755226e+01 3.9704102e+01
 3.0766809e+01 9.0525795e+01 4.1412925e+03 5.8221934e+04 8.5997656e+03
 1.3636019e+03 2.9603508e+03 3.9861714e+03 2.7098029e+02 1.4934008e+03
 1.4524963e+04 3.5671824e+03 1.0131661e+02 1.3037408e+01 5.5569183e+02
 1.5553310e+02 6.5198463e+01 2.0947375e+03 2.7919873e+02 3.0650766e+02
 7.4366109e+04 1.4806099e+03 8.7954819e+01 1.2038737e+01 5.0956459e+00
 8.1548452e+03 1.4611925e+03 9.3104994e-01 2.1098818e+03 1.6204802e+03
 3.7293617e+04 7.2760205e+02 1.0050010e+04 9.2935273e+03 2.9254539e+03
 4.3106396e+02 9.0248281e+03 1.0388565e+02 1.3822464e+04 1.3491553e+02
 6.7431259e+01 1.7910754e+02 6.0034528e+02 2.7933667e+03 8.6926166e+02
 1.2948174e+03 1.4594651e+01 7.6084265e+02 1.1997688e+04 6.1139585e+03
 5.3674188e+02 1.8147986e+03 8.1202039e+02 1.2679265e+04 1.1488466e+01
 5.5737463e+02 5.7716168e+02 8.6090449e+03 4.8549224e+03 1.0237820e+04
 9.2270977e+03 2.1189290e+02 8.6114075e+02 1.6370121e+03 3.3695618e+01
 4.5167289e+04 1.6083483e+03 3.7622938e+04 1.0847883e+02 1.1839841e+03
 2.7017815e+01 1.0703392e+03 1.0079626e+01 4.0884883e+03 5.0136626e+03
 4.3002445e+01 1.6735505e+03 1.1489844e+03 7.8916570e+04 2.7411410e+04
 6.9938988e+01 2.2395190e+03 1.7398486e+02 3.4724353e+02 6.9808428e+03
 5.0529521e+03 1.5834076e+02 8.7106232e+01 7.6137344e+03 1.1251815e+05
 2.5502641e+04 1.6186121e+03 4.2268625e+04 2.0063092e-01 2.0304195e+01
 1.7784787e+02 1.3713023e+01 4.9925407e+01 2.9065757e+03 4.1836528e+03
 1.4702537e+03 6.1431492e+04 1.1234594e+03 2.7187414e+00 1.1083540e+02
 4.6319660e+01 9.9439613e+01 2.9504976e+03 8.6504482e+03 1.9511980e+01
 1.2035555e+04 2.6277458e+03 1.8901041e+01 2.3934897e+03 3.4862589e+02
 3.8691412e+02 3.5547639e+03 3.3935604e+00 1.8426123e+02 1.6803475e+03
 1.5833394e+04 8.6977471e+03 4.5389215e+02 3.1848010e+02 1.8984843e+02
 3.0664291e+02 7.2603701e+03 1.0428459e+03 1.3288170e+03 2.4249666e+03
 2.0585932e+01 1.0880303e+03 2.1102715e+03 1.3277788e+04 6.3558289e+04
 7.4521423e+02 1.1380416e+04 2.1678167e+01 1.3126138e+03 1.5581347e+04
 3.6126294e+00 2.8594219e+01 3.7792807e+00 2.1938330e+03 1.1292082e+04
 3.2428833e+01 1.3537478e+03 3.9095448e+01 2.7265327e+01 6.2994531e+02
 4.3464185e+03 1.6315768e+03 1.7318279e+01 1.5748325e+03 4.2924675e+01
 4.3814291e+02 2.9880676e+03 2.4574425e+01 7.6895271e+01 1.2302953e+01
 7.1426240e+03 1.2010509e+03 2.6839792e+03 1.0201126e+02 5.8565834e+01
 2.1734705e+02 1.0645939e+02 2.9397861e+03 1.0570607e+04 3.3612823e+01
 1.3723862e+04],-964.17334,-1075.3013,-1450.2661,1.7100807,31.751572,0.5673976,0.9370977,0.01564786024093628,4923.672560214996,0.3125,0.3125,-0.10953019093887686,8.285596750102232e-05,-0.10952135672860316,-0.00024324283609208043,1.792975484184439,25.249999999996884,0.0,300000.0,-7.0,-3530.0,500.0,8.845847129821777,300000
1014.6266,0.058908302,0.12017327,0.003626229,-1013.36597,1013.36597,[1.51993427e+01 3.55809450e-01 3.63160133e-01 5.10972627e-02
 1.39387143e+00 1.84595406e-01 1.11251056e-01 6.26542866e-02
 2.94381946e-01 5.20641148e-01 3.50449502e-01 1.35481358e+01
 4.68357176e-01 4.72853363e-01 1.08715973e+01 7.21917629e-01
 4.93732303e-01 1.43564180e-01 9.92846966e-01 3.06434304e-01
 5.01712933e-02 3.98282909e+00 5.03964782e-01 1.12648547e-01
 4.93836641e+00 7.09867030e-02 3.71086389e-01 3.28705460e-02
 8.01246822e-01 9.36037636e+00 2.98179239e-01 3.33214045e-01
 2.31466681e-01 3.54144335e-01 3.76447260e-01 7.95167834e-02
 6.02305532e-02 4.24125910e-01 4.82411385e-02 9.01949167e-01
 1.95822135e-01 1.51553404e+00 7.98268747e+00 2.53181994e-01
 5.78101516e-01 7.50888288e-02 1.47294343e-01 5.99267423e-01
 1.12529337e-01 2.76725292e+00 7.19870687e-01 1.70053673e+00
 5.37006319e-01 2.58264691e-02 6.61757886e-02 8.40016782e-01
 4.43184197e-01 1.01814866e-01 3.23310316e-01 3.16048789e+00
 1.49438534e+01 1.02134287e+00 1.62924774e+02 1.60347521e-01
 1.71134502e-01 3.34693551e-01 6.30436182e-01 3.58311087e-03
 4.25322726e-03 4.77076590e-01 3.07416129e+00 5.42262569e-02
 1.51602030e-01 3.92861515e-02 2.85621881e-02 1.59701562e+00
 5.69317490e-03 8.19333267e+00 4.45860058e-01 3.80044281e-01
 8.14147443e-02 3.86887252e-01 3.78075957e-01 3.44243199e-01
 3.21010619e-01 4.30577695e-01 5.22777140e-01 1.32845154e+01
 2.40656123e-01 1.79027081e-01 3.74797165e-01 6.93334007e+00
 8.71290267e-02 2.05941200e-01 8.04523528e-02 2.57715672e-01
 3.45692229e+00 3.40121555e+00 7.98406899e-02 1.03613406e-01
 1.47361532e-01 4.12490964e-02 2.48231113e-01 4.28680539e-01
 3.17047656e-01 3.10956597e-01 2.66141772e-01 1.29525671e+01
 3.22857475e+00 1.91375434e-01 1.06365871e+01 2.28964724e-02
 3.06787944e+00 7.52603340e+00 8.32473755e-01 6.96945846e-01
 8.26871014e+00 3.23846698e-01 1.71297081e-02 7.83345699e-01
 2.38910389e+00 3.63879681e-01 1.77427502e+01 3.40244919e-02
 3.82898927e-01 2.58414820e-02 5.68435550e-01 2.07421875e+00
 1.82906121e-01 7.75573701e-02 1.50734129e+01 5.43224752e-01
 3.95844467e-02 3.13906431e-01 3.65859605e-02 3.03163767e-01
 4.95607615e-01 3.99614453e-01 1.51685464e+00 3.23163062e-01
 2.40062952e-01 5.13119221e-01 2.10714531e+01 3.64804178e-01
 3.45807171e+00 5.23131561e+00 3.04441714e+00 2.90466125e+02
 9.03759599e-02 1.27490401e+00 1.94527522e-01 2.61730289e+00
 3.07989746e-01 3.40022206e-01 8.49605656e+00 1.96753263e+00
 1.87678993e-01 1.10053420e-01 3.43810558e-01 2.36212158e+00
 2.16939539e-01 3.15699935e-01 2.49422729e-01 1.05031824e+00
 4.30523574e-01 4.22951818e-01 3.00619990e-01 1.20804462e+01
 2.05118731e-01 2.91976370e-02 4.00457096e+00 9.31899697e-02
 4.82749552e-01 2.16790056e+00 6.08357228e-02 5.52097335e-02
 7.63199627e-02 1.79588032e+00 5.81275797e+00 1.08248144e-01
 2.93711305e-01 2.28362620e-01 5.35749435e-01 1.00731313e-01
 9.86709177e-01 1.25333571e+00 1.11675754e-01 5.44522047e-01
 2.84715712e-01 2.01465368e-01 3.08356166e-01 1.87812120e-01
 1.06378531e+00 8.00618902e-02 1.70632690e-01 3.63736749e-01
 2.22136453e-02 6.43848628e-02 8.58416677e-01 3.34283412e-01
 1.13131016e-01 3.87237608e-01 4.01791066e-01 6.40670732e-02
 6.32498264e-02 8.45958233e+00 1.18539262e+00 3.08641613e-01
 3.24003160e-01 2.52945900e+01 2.04143122e-01 7.23903626e-02
 5.09383488e+00 1.09252310e+00 9.47238505e-02 2.08792895e-01
 4.02923703e-01 5.78090884e-02 1.07478905e+01 4.29812491e-01
 5.96717037e-02 4.20577943e-01 2.38160446e-01 2.03861856e+00
 3.78673387e+00 4.83162165e-01 3.56860697e-01 3.19007695e-01
 2.97310740e-01 3.01505715e-01 3.47472131e-01 2.08472586e+00
 1.05645657e+01 1.29753977e-01 4.47191037e-02 8.21579552e+00
 8.49800587e-01 1.84001637e+00 2.12706776e+01 3.57984066e-01
 8.33679974e-01 2.47639850e-01 7.07504153e-02 1.55755258e+00
 2.32408583e-01 3.96023870e-01 3.57894182e-01 2.55910218e-01
 5.63773274e-01 2.29516525e+01 3.49841788e-02 3.32330823e-01
 3.01479906e-01 4.10890162e-01 3.29015046e-01 3.62624359e+01],5.384314,[3.81127815e+01 2.66931236e-01 2.35073566e-01 1.60027683e-01
 2.64802856e+01 1.01103556e+00 3.54523420e-01 5.17027974e-01
 2.67462164e-01 2.98144430e-01 3.01310927e-01 1.14852190e+01
 4.13072526e-01 8.40109706e-01 2.13412717e-01 8.09326530e-01
 5.04403785e-02 2.88270451e-02 2.54476249e-01 3.30706358e-01
 2.79351681e-01 2.65242100e+00 4.52608168e-02 2.17570066e-01
 1.08906627e+00 7.53593147e-02 3.44614863e-01 4.42042947e-02
 4.91014719e+00 1.02251778e+01 3.11450094e-01 2.77698636e-01
 1.58143330e+00 4.02305394e-01 2.55679160e-01 7.63818994e-02
 1.11236244e-01 3.84510249e-01 3.43655646e-02 3.84633273e-01
 3.87611724e-02 2.25406818e+01 1.42199254e+00 3.78058672e-01
 1.40861011e+00 2.96366699e-02 4.49728668e-01 5.30725718e-02
 2.52033323e-01 3.81564081e-01 2.42016435e-01 6.83026463e-02
 2.34529153e-01 7.38822222e-02 2.01515019e-01 7.24135458e-01
 2.59506792e-01 5.39764240e-02 2.10975870e-01 5.49173117e-01
 7.56705642e-01 1.95825949e-01 5.12571655e+02 2.20919117e-01
 1.04327694e-01 2.33790934e-01 3.43307924e+00 5.04915453e-02
 3.40399384e-01 2.21225038e-01 1.06433535e+00 1.13273263e-01
 1.80065930e-01 9.52275395e-02 1.99962407e-02 2.44058371e+00
 2.12400228e-01 2.73432674e+01 2.26917624e+00 4.96601641e-01
 2.95328274e-02 3.52049410e-01 2.34138578e-01 2.75571555e-01
 2.82539219e-01 2.74225295e-01 5.17063618e-01 5.47280461e-02
 4.09584403e-01 3.15276206e-01 5.45289576e-01 1.11592760e+01
 1.33834094e-01 3.89997959e-01 1.56833082e-01 3.24115813e-01
 6.17766500e-01 3.31782889e+00 1.57306492e-02 1.28843486e-01
 4.21256661e-01 3.82442713e-01 2.29886800e-01 2.92544484e-01
 3.05638075e-01 2.75069982e-01 7.34046996e-02 5.69402981e+00
 4.66767168e+00 4.21837091e-01 1.29018278e+01 4.44946587e-01
 2.81447887e+00 2.22573161e+00 8.67417604e-02 2.30178475e-01
 1.19610220e-01 2.08254755e-01 1.25692442e-01 4.11092520e+00
 2.07851484e-01 1.91962779e-01 1.01366985e+00 3.84774983e-01
 2.84772307e-01 1.99197419e-02 4.97389376e-01 1.89533114e-01
 1.79868951e-01 5.07394224e-02 1.10173935e+02 3.01804364e-01
 4.70147282e-02 3.30624193e-01 2.54495203e-01 3.27766132e+00
 2.60448098e-01 3.18309963e-01 5.56692302e-01 1.56228498e-01
 3.79381210e-01 7.97708273e-01 6.39486551e+00 1.41927958e-01
 5.26748896e-02 2.55710173e+00 3.61046839e+00 1.40416193e+01
 1.11102313e-01 4.92306128e-02 3.38883400e-01 3.55667531e-01
 1.93170995e-01 3.84794414e-01 7.12945366e+00 1.41864014e+00
 2.54362583e-01 4.09254134e-01 3.49812567e-01 2.53279388e-01
 6.91413879e-02 3.78314853e-01 2.96520561e-01 1.03158832e-01
 3.46191645e-01 1.48385659e-01 2.61440873e-01 5.28247833e-01
 1.93153396e-01 3.03762257e-02 4.89101171e-01 5.21572173e-01
 3.04942131e-01 1.77347434e+00 6.48381859e-02 3.79638262e-02
 9.48249400e-02 2.54813504e+00 1.56422317e-01 3.98302019e-01
 2.84930050e-01 3.57194334e-01 4.21314031e-01 3.61806452e-01
 3.70296389e-01 7.70087361e-01 1.59770846e-01 1.43767273e+00
 2.39203587e-01 6.96544945e-02 2.77300686e-01 3.79917651e-01
 4.70395088e-01 7.81005919e-02 2.15704218e-01 2.46814921e-01
 6.93063140e-02 2.52772868e-02 3.48039687e-01 3.61613810e-01
 1.82462111e-01 4.33920592e-01 8.27162170e+00 7.70449787e-02
 2.51680017e-02 1.19848955e+00 1.27136362e+00 2.73784965e-01
 3.61920595e-01 2.78606415e+00 3.93170774e-01 9.83301550e-02
 2.01028176e-02 6.72385454e-01 1.26119375e-01 3.18987757e-01
 2.50156611e-01 7.66602755e-02 5.96812367e-01 3.08761001e-01
 9.07409936e-02 3.41437876e-01 2.25020218e+00 3.85443509e-01
 4.28341925e-01 4.07171547e-01 3.48964423e-01 2.57281095e-01
 4.46602851e-01 3.24569285e-01 2.68254459e-01 4.43756342e-01
 3.62298059e+00 4.72885370e-01 9.37532336e-02 3.62392403e-02
 1.48539379e-01 1.57254249e-01 5.18484402e+00 3.09054643e-01
 8.70473576e+00 3.48833084e-01 2.14419402e-02 7.13758290e-01
 8.25015306e-02 2.84307718e-01 1.04731396e-01 4.19332743e-01
 1.96912646e+00 2.32041168e+01 8.12389255e-02 3.61657143e-01
 3.34688187e-01 2.27095261e-01 2.95601428e-01 8.52844143e+00],-943.41956,-1017.9894,-1496.3999,1.0182672,1.1634836,0.98116755,0.9268477,684.0188,-2186.4712,4764.5894,1063.8772,1.1838801,0.27654734,0.10923921,-1059.9279,1059.9279,[3.97814648e+04 1.13112106e+01 9.12360382e+01 1.33100122e+03
 2.00556836e+04 7.66876099e+02 1.49387909e+02 2.44494415e+02
 2.39081146e+02 7.49417603e+02 1.04619675e+02 2.78902674e+00
 4.90929260e+02 1.11485901e+03 1.74699402e+01 4.71205139e+01
 3.42493701e+03 3.70175438e+01 3.33497505e+01 3.61218170e+02
 6.54204285e+02 1.74903691e+04 4.61226746e+02 8.08684998e+01
 8.06117065e+02 3.42420471e+02 1.91492810e+03 1.87733749e+02
 2.22190399e+01 4.20401660e+03 2.65243970e+03 1.14192780e+02
 2.66144897e+03 7.49765391e+04 9.72962494e+01 1.12897301e+02
 4.79540375e+02 2.35227966e+01 1.22938550e+03 7.13855591e+01
 2.35098242e+03 9.78909241e+02 1.64132812e+04 3.93364868e+02
 4.93362465e+01 6.18446887e-01 1.85573767e+03 2.14922090e+04
 3.11172714e+01 2.07760715e+01 1.56544751e+03 3.04572388e+02
 6.89398010e+02 9.56997498e+02 3.13451147e+03 1.80401875e+04
 6.32173877e+03 1.19502853e+02 1.03227615e+02 3.84174634e+03
 7.71244812e+02 3.76252556e+01 1.68212520e+04 1.96425724e+01
 4.78342667e+01 9.80239563e+02 1.19768379e+04 1.35941350e+00
 6.23844337e+00 5.61152420e+01 9.48042090e+03 6.84730721e+00
 1.11646233e+01 1.31707202e+03 3.14094312e+03 2.44622536e+01
 1.69289209e+03 3.56987429e+00 3.32640564e+02 2.35527188e+04
 2.33097520e+04 4.56501123e+03 1.18043251e+01 4.36647812e+04
 2.74694031e+02 5.16585144e+02 1.56888562e+03 1.23828068e+01
 3.65514874e+00 8.44088516e+04 2.94982014e+01 1.62546959e+01
 3.12331812e+03 5.89366493e+01 2.40692947e+02 5.70055371e+03
 2.44400421e+02 5.11490527e+03 1.19119125e+02 2.88044297e+04
 3.91264307e+03 5.71426868e+00 1.99751770e+02 3.90408249e+01
 3.03165020e+04 4.23842888e+01 2.55263443e+02 4.24056482e+00
 1.58612793e+03 3.43678491e+03 3.50719070e+01 1.20612268e+03
 1.43933704e+03 1.15213861e+01 1.01903193e+04 3.96695374e+02
 4.02539398e+02 4.57505614e-01 7.19774805e+03 4.30193977e+01
 6.58706894e+01 5.40114708e+01 1.21437126e+02 8.18314697e+03
 4.71281641e+03 1.62568329e+02 6.53763477e+03 1.41037927e+03
 4.39650299e+02 5.63581641e+03 3.94864258e+02 1.15960381e+02
 2.67018579e+03 2.61243896e+01 1.16888691e+04 2.33610077e+01
 2.71843223e+04 2.85580206e+00 1.09391489e+01 1.32318176e+02
 4.46583545e+03 7.10501633e+01 1.70457169e+02 8.97983521e+02
 4.12197533e+01 2.52575226e+01 2.45913037e+03 2.41148132e+02
 6.66552277e+01 2.03520325e+02 1.27378555e+02 9.50942917e+01
 1.18607040e+02 9.17417622e+00 4.96666455e+03 7.28947449e+00
 2.21404023e+04 3.43064995e+01 3.86248703e+01 7.37197924e+00
 3.57572534e+03 7.51651855e+02 1.27995371e+04 5.04075488e+03
 1.54650135e+01 7.17834930e+01 3.26255829e+02 5.65179482e+01
 4.04661322e+00 2.24918633e+04 7.55804321e+02 6.17279883e+03
 5.34402609e+00 2.69869922e+03 6.22062111e+01 7.72993755e+00
 2.13729305e+01 1.43492956e+01 3.03310585e+00 2.00876904e+03
 1.17879883e+03 3.96916321e+02 9.03947754e+03 9.45036011e+01
 6.13142681e+00 9.59050119e-01 1.86358013e+01 2.24565697e+01
 2.75217346e+02 1.93439426e+01 5.81285986e+03 3.06780182e+02
 4.87199936e+01 1.06354046e+01 7.20653915e+01 1.42398936e+04
 3.83525133e+00 1.20956367e+04 6.93263531e+00 2.46192646e+01
 9.59599609e+02 3.09421230e+04 7.06620502e+00 1.69538340e+04
 1.64320999e+02 7.43765564e+01 5.10297394e+00 1.07684227e+02
 1.61303931e+03 1.49221985e+02 8.01488342e+01 1.44045801e+01
 4.66293488e+01 1.55445410e+04 2.27242737e+01 6.86828467e+03
 9.70442139e+02 1.17315221e+00 1.37389851e+00 6.42594218e-01
 3.94403076e+02 1.13375645e+04 2.59042627e+03 1.26631279e+01
 5.17329285e+02 4.83416846e+03 1.99347515e+01 1.93780994e+01
 1.68615246e+01 2.32645741e+01 1.11147507e+02 6.06595117e+03
 1.26678757e+02 1.06908557e+03 2.55667969e+04 3.58060791e+03
 9.73352539e+03 1.11194385e+03 2.30645391e+04 3.84979858e+01
 2.15105408e+02 6.11016846e+02 7.54737366e+02 1.37481546e+01
 1.40007471e+03 4.57343945e+04 2.21505661e+01 6.59413281e+03
 1.92946167e+03 6.92806689e+03 1.00731079e+03 3.32135132e+02
 8.52062109e+03 3.50391235e+02 5.96039534e+00 1.90982285e+01],6525.663,[2.28095234e+04 3.73449707e+01 6.77318859e+00 1.85046680e+03
 1.81271230e+04 1.88963806e+03 1.04272736e+02 4.86379028e+02
 6.46012451e+02 2.18472351e+02 6.47407227e+01 1.44341230e+00
 9.39172668e+02 5.38924011e+02 2.20317402e+01 5.81795406e+00
 7.21687317e+02 1.57328672e+04 3.05746384e+01 2.45333435e+02
 3.85569629e+03 9.62864160e+03 2.54280334e+02 1.18249413e+02
 6.40711670e+03 6.24468262e+03 1.66327551e+03 1.46098129e+02
 9.81996059e+00 4.12013037e+03 1.88599084e+03 1.35861053e+02
 1.78980225e+02 5.37068994e+03 1.01328110e+02 7.08326721e+01
 1.63482513e+01 9.72873020e+00 1.72241528e+03 1.41825348e+02
 1.50681470e+03 3.54998594e+04 7.20384131e+03 4.79301641e+04
 4.65148735e+01 2.20368981e+00 4.10753662e+02 4.64006445e+04
 4.45506134e+01 7.83906102e-01 5.60114219e+04 8.28592969e+03
 1.54066846e+04 7.19174316e+02 9.38439713e+01 1.70776880e+03
 1.76309883e+04 2.19143994e+03 1.17271194e+02 2.58154492e+03
 4.00434912e+03 1.28405107e+04 1.73777383e+04 1.51550110e+02
 5.62763062e+02 1.30763232e+03 1.83378184e+04 2.19029236e+00
 2.05947266e+01 4.63540938e+04 4.30814180e+04 8.48231812e+01
 1.69272685e+00 1.73652698e+03 6.22991455e+03 1.84524307e+01
 2.99376678e+02 1.17244293e+02 7.35563818e+03 1.35631777e+04
 1.43685947e+04 6.70776953e+03 5.38740635e+00 7.27365417e+02
 9.85461807e+01 1.90830127e+03 4.93126869e+01 3.01385071e+02
 2.74284119e+02 2.65161406e+04 1.29084234e+01 2.02972832e+01
 3.41666675e+03 2.49455490e+01 2.43166758e+04 3.07536499e+03
 5.52757568e+02 4.86938281e+03 4.62808472e+02 2.33752852e+04
 1.85798022e+03 1.81305505e+03 4.24446182e+01 4.63285971e+00
 1.81215879e+04 5.20343590e+00 2.74256934e+03 2.05538979e+01
 3.68978711e+03 1.75362866e+03 7.17019081e-01 4.48269678e+03
 9.04144958e+02 1.37518372e+02 7.02753613e+03 6.84283838e+03
 7.09293213e+02 4.58148748e-01 8.25285352e+03 8.09429626e+01
 2.90597656e+03 6.71333252e+02 6.98520215e+03 1.01887830e+03
 2.06035547e+03 1.72896562e+04 5.91137061e+03 8.33702209e+02
 5.58922668e+02 1.11220009e+02 7.15387793e+03 3.39669266e+01
 8.65579492e+03 1.54222369e+00 1.11144502e+04 2.80834141e+01
 1.25335723e+04 1.55043566e+00 1.56125641e+02 2.04424634e+03
 1.12333213e+04 1.06098194e+01 8.21387939e+02 9.31713745e+02
 4.50760536e+01 2.86941284e+02 2.82748145e+03 5.01728119e+02
 5.72751992e+04 5.18779724e+02 4.47481934e+02 1.31348362e+01
 1.45234467e+02 8.30403442e+02 1.26222188e+04 1.05503836e+01
 1.18299268e+04 5.65514908e+01 2.33590118e+02 2.57071045e+03
 8.96389648e+03 7.49612000e+02 8.85795410e+03 2.18620898e+03
 3.17115933e-02 1.79030908e+03 1.38197717e+03 4.57679901e+01
 2.00148866e-01 4.03416602e+03 1.04259453e+04 1.61699585e+03
 8.83319931e+01 6.04612488e+02 8.95724121e+02 6.52078533e+00
 1.63850365e+01 8.16607475e+00 1.07431431e+01 6.07008350e+03
 1.87623352e+02 4.17213379e+02 8.88101746e+02 5.52110062e+01
 6.44515800e+00 1.43398094e+01 1.47203674e+02 2.08065166e+01
 3.67887482e+02 4.11490517e+01 4.89935400e+03 6.74952344e+04
 4.04380722e+01 2.84422989e+01 2.11109047e+01 6.94270752e+03
 8.72987556e+00 6.76981592e+03 9.18498077e+01 1.47920380e+01
 2.93108374e+03 3.40693984e+04 2.35577087e+01 1.01956660e+04
 2.02281384e+03 3.89270825e+03 1.01294690e+03 1.89484222e+02
 2.09008838e+03 2.94406464e+02 3.31194611e+02 5.36373949e+00
 2.52627602e+01 5.87325732e+03 1.88213165e+02 2.75837720e+03
 2.28460278e+03 7.54482806e-01 2.03830972e-01 3.15178227e+00
 1.54399512e+03 1.68810391e+04 1.88822119e+03 1.41030807e+01
 1.07789668e+04 4.46680273e+03 1.44380789e+01 2.98683977e+00
 5.78765945e+01 6.28576508e+01 2.84810120e+02 1.33186877e+03
 6.83846802e+02 8.85897827e+02 1.23868975e+04 8.01381226e+02
 8.35415820e+03 4.10648193e+03 2.99753638e+03 7.10087051e+01
 9.41017838e+01 7.94173340e+02 1.61875283e+04 7.92150068e+00
 7.76818481e+02 1.41294766e+04 8.83080292e+00 5.03237109e+03
 2.92658047e+04 1.18432373e+04 1.36985278e+03 1.17532695e+04
 1.68917236e+03 7.06490784e+02 6.13525620e+01 1.24318207e+02],-970.99475,-1091.4805,-1489.2014,1.5100948,10.333535,0.61162186,0.93885523,0.01611003610610962,5326.423479795456,0.125,0.125,-0.2030311184112896,-0.0030995219232578526,-0.20323789936706793,-0.003686813635584783,-0.8772653828983773,25.249999999996884,0.0,325000.0,-10.0,-5000.0,500.0,7.427004814147949,325000
1013.2661,0.043718047,0.13748924,0.0021549712,-1011.8475,1011.8475,[1.04844719e-02 6.46917894e-03 3.92938852e-02 7.34031916e-01
 6.61792308e-02 6.13666326e-02 3.76702118e+00 9.43531096e-03
 6.90754533e-01 9.25576477e+01 9.30237961e+00 7.62842512e+00
 9.40747559e-04 2.08806470e-02 1.05233133e-01 3.98343182e+00
 2.39139795e+00 2.57052481e-03 7.53366649e-02 7.48754644e+00
 3.53738880e+00 8.09986144e-04 1.08472371e+00 1.73519626e-02
 4.75171581e-03 5.44416487e-01 6.02745175e-01 6.34166673e-02
 2.55414285e-02 3.46870609e-02 1.33569725e-02 4.94966805e-01
 1.22428560e+00 1.53247476e+00 1.32497847e-02 2.78328687e-01
 1.60617828e+01 5.03859818e-01 7.03262234e+00 8.56232703e-01
 3.41704583e+00 3.15479970e+00 5.07476854e+00 1.15361899e-01
 5.00543594e+00 6.91790134e-03 1.90106943e-01 7.70527869e-03
 8.74782354e-03 7.79629946e-02 1.67963654e-03 7.61009753e-04
 2.37197429e-03 1.06224157e-02 1.83120751e+00 3.22739906e+01
 7.79589844e+00 9.93851572e-03 1.86194267e+01 1.40312314e-02
 1.06858000e-01 1.51759759e-01 1.73081487e-01 4.97367191e+00
 9.67863575e-03 1.81274787e-02 6.28220737e-01 3.77417237e-01
 2.50222707e+00 1.37192631e+00 3.77533078e-01 1.92673877e-03
 8.68145376e-02 6.21370792e-01 1.16553679e-02 9.11133364e-03
 1.85800791e-02 1.62135080e-01 2.22258046e-02 8.10671151e-02
 2.15345192e+00 9.27315116e-01 1.34121329e-02 2.23236158e-03
 3.85513020e+00 1.52475491e-01 2.16005594e-02 7.28707388e-03
 2.17294991e-02 3.70511785e-03 2.67680740e+00 3.90737429e-02
 1.71802379e-02 9.92789865e-06 1.46709867e-02 4.45490241e-01
 1.55797973e-01 4.43017662e-01 2.31264904e-03 3.59949732e+00
 1.69856586e-02 3.75095382e-03 5.49540281e-01 2.75895745e-03
 9.66414362e-02 1.54603338e+00 1.79088250e-01 5.48275188e-02
 3.59318256e-01 2.48438454e+00 1.36671215e-02 4.53032553e-03
 2.39913613e-01 6.47254139e-02 2.82313973e-02 6.72845915e-03
 1.42127633e-01 7.52861649e-02 8.13780129e-02 2.68884376e-03
 1.74851441e+00 9.35066700e-01 2.01560557e-03 1.08834699e-01
 9.23486328e+00 1.26216561e-03 4.09801677e-03 2.61825696e-03
 3.14429142e-02 1.36076736e+00 1.25902295e+00 2.83313096e-01
 2.22149745e-01 7.00864941e-03 6.27002865e-03 1.95171125e-02
 3.00289297e+00 3.19152653e-01 1.13781035e-01 5.55959418e-02
 4.05362286e-02 1.36474520e-02 3.20190564e-03 3.22487950e-03
 8.49128151e+00 8.07244331e-04 4.85721976e-04 5.04628778e-01
 4.35280800e-03 6.93589449e-04 2.71442080e+00 7.62045383e-04
 7.15807453e-03 4.94603653e+01 1.37803331e-03 1.82055309e-03
 1.74587307e+01 9.93520021e-04 1.01128966e-03 1.69874871e+00
 1.00827217e-02 7.93956816e-02 1.63081229e-01 1.70379877e-02
 9.68504697e-04 7.51016676e-01 7.31578469e-03 2.06417828e+01
 8.88970375e+00 9.11837101e-01 4.63739038e-03 4.21893406e+00
 1.15763366e+00 2.16759160e-01 2.82927155e-01 1.81774050e-02
 4.26031113e+00 5.03984571e-01 1.69195205e-01 1.32228851e-01
 3.59021044e+00 1.22326985e-03 1.35147765e-01 5.47637999e-01
 1.69841126e-02 1.63701922e-03 9.21535790e-02 3.98055315e+00
 6.17740273e-01 4.35949993e+00 1.86821595e-02 2.16454640e-02
 1.32470921e-01 5.03334776e-03 6.35934258e+00 3.88081372e-03
 1.32084489e+00 2.15320125e-01 1.17153704e-01 1.92641526e-01
 1.28729083e-02 7.67754912e-02 2.64860797e+00 2.51476243e-02
 7.85665587e-03 6.72351027e+00 1.37950361e-01 5.66042960e-03
 8.82108510e-03 2.53859349e-02 5.60234427e-01 8.72925296e-03
 6.90785289e-01 1.21471615e+01 3.25734282e+00 3.13949986e+01
 6.38239479e+00 4.63992730e-02 7.20898062e-02 2.11604312e-03
 6.93956661e+00 1.26947649e-02 1.55933201e-04 1.53608751e+00
 1.00851212e+01 9.54851866e-01 4.03362518e+02 4.68927050e+00
 1.98847428e-02 5.73504716e-03 1.27704167e+00 6.03030562e-01
 4.24335361e-01 2.21846253e-03 5.70102215e-01 3.20834160e+00
 1.26537251e+00 1.00197569e-02 2.30688006e-02 6.15927410e+00
 5.16982749e-03 1.94070823e-02 3.68133560e-03 6.12344205e-01
 6.47672713e-02 2.97761708e-03 1.90178305e-03 2.69116834e-02
 7.31620938e-03 2.88296491e-03 2.71119976e+00 2.32275486e+00
 1.51107945e-02 3.59578431e-03 1.07630622e+00 2.51916742e+00],3.3213701,[1.96549669e-02 1.03269108e-02 1.29939467e-02 4.29044403e-02
 1.37031031e+00 3.34996358e-03 4.32006061e-01 9.61724669e-03
 7.28021324e-01 1.05108459e+02 1.67862564e-01 1.21245441e+01
 1.89419463e-03 6.51645660e-02 2.30610371e-02 7.71534443e-01
 6.59524202e-02 5.93980265e+00 7.47488886e-02 1.19274303e-01
 7.27330732e+00 4.15426865e-03 3.71235669e-01 3.68654728e-04
 1.82507187e-03 2.26439446e-01 1.17322445e+01 7.39604235e-02
 1.84563532e-01 5.83416522e-02 3.38593498e-03 6.40180111e-01
 1.81516469e-01 6.67956471e-01 2.32556649e-02 6.12976030e-03
 1.39414477e+00 1.60826802e+00 1.49492574e+00 4.85314757e-01
 5.58405936e-01 1.99145764e-01 2.32324898e-01 1.24653101e-01
 3.43686414e+00 8.29124823e-03 4.59050983e-01 9.12899151e-03
 8.72955322e-02 1.14748493e-01 6.84419870e-02 4.59525734e-03
 1.44875795e-03 2.11544335e-03 2.92062759e-05 1.79583848e-01
 1.62053853e-04 3.42953950e-03 2.79536743e+01 2.52303258e-02
 3.63334455e-02 2.79945910e-01 4.66531701e-02 1.99841410e-01
 3.56069952e-03 3.97706963e-02 7.17605650e-02 6.72017992e-01
 1.18626088e-01 1.09215474e+00 6.85807109e-01 2.76289135e-03
 9.94854355e+00 2.62823534e+00 1.09818168e-02 2.04097815e-02
 6.72221929e-03 2.88035214e-01 1.25064328e-02 4.37543541e-02
 4.59860042e-02 9.38347638e-01 2.80393250e-02 6.87006116e-03
 1.89499073e+01 6.66298345e-03 1.00813657e-02 9.95648652e-02
 4.29623201e-03 4.63128835e-03 1.23657480e-01 1.10209659e-02
 5.69587946e-03 1.31514668e-03 4.00692225e-04 1.52693844e+00
 2.20494270e-01 8.37595016e-02 2.12037936e-02 6.39020157e+00
 8.81417096e-03 2.69190222e-03 7.42030203e-01 2.01793946e-02
 1.34255707e+00 3.09675410e-02 3.92206812e+00 8.52432847e-03
 8.12688470e-02 1.89806163e-01 1.47800930e-02 4.79806215e-04
 1.58137858e-01 1.71395093e-02 2.09653713e-02 8.89481604e-03
 5.73416427e-03 1.08962476e-01 1.14223734e-02 6.96070492e-04
 4.28249776e-01 2.08348918e+00 6.14022091e-03 5.39258122e-02
 7.37591624e-01 1.31184794e-02 1.26672536e-02 1.11389831e-02
 2.51059420e-02 1.85989523e+00 1.13728690e+00 2.00715214e-01
 4.95648682e-02 2.20463350e-02 1.69984587e-02 2.15321332e-02
 1.03438683e-01 1.57188654e-01 5.83440065e-02 1.43753588e-02
 5.01770526e-03 3.12641636e-03 5.96936047e-03 1.20222569e-04
 5.12268925e+00 3.70629132e-04 1.13405660e-03 9.94539261e-02
 3.64692882e-03 7.45285302e-03 5.17388999e-01 4.40333039e-03
 7.29832798e-03 4.35786533e+00 7.65139610e-03 2.25907117e-02
 8.05929756e+00 8.79398733e-03 1.45334750e-03 2.14707151e-01
 8.10746104e-03 1.65216103e-02 2.38609388e-02 1.07677653e-03
 3.23969126e-03 2.02886835e-01 3.71938944e-03 2.49329615e+00
 4.29612279e-01 4.52004790e-01 1.28457323e-02 1.24290466e+00
 1.15399078e-01 1.22169405e-02 4.17108440e+00 9.58078802e-02
 3.28595614e+00 7.41667897e-02 6.32011890e-02 2.75660940e-02
 5.77155471e-01 4.13546935e-02 5.95222786e-03 2.18188837e-01
 4.30713072e-02 2.38314271e-03 5.90346158e-02 2.56126553e-01
 1.66077167e-03 1.57901675e-01 1.93863213e-02 5.85903227e-02
 7.98548162e-02 1.03004575e-02 1.87905443e+00 3.10440361e-03
 1.02148727e-02 7.06091404e-01 2.01605149e-02 1.00031927e-01
 3.61744314e-03 2.35502012e-02 1.35490012e+00 2.22674340e-01
 2.14992836e-02 3.10694516e-01 5.71822673e-02 9.36301425e-03
 6.39531761e-03 4.03825194e-02 3.61286461e-01 1.17764063e-02
 2.37424791e-01 7.23406696e+00 1.90507546e-02 6.79195213e+00
 9.90365624e-01 6.35136664e-02 1.18933991e-02 4.39915806e-03
 1.77822185e+00 1.02140903e-02 5.70602715e-05 1.36041224e+00
 4.43102932e+00 1.10308909e+00 1.16204971e+02 3.17807531e+00
 1.48428418e-02 3.59908119e-03 1.88208747e+00 1.29822779e+00
 5.44562936e-01 4.34890389e-03 4.76283580e-03 2.68709540e-01
 5.60815074e-02 1.49961144e-01 4.38232757e-02 1.20488890e-02
 1.06427558e-02 2.56913975e-02 4.77031618e-03 1.69818461e-01
 9.46235657e-03 3.98684293e-04 7.44372606e-03 1.16283447e-03
 9.96312872e-03 1.33813918e-03 6.89832211e-01 3.26619446e-01
 9.89307463e-03 1.20932609e-02 1.62158132e-01 3.35462391e-04],-973.041,-1018.6305,-1493.0654,1.0202856,1.4749715,0.9947459,0.9269527,1646.7787,-434.05127,2374.172,1067.3281,1.2534579,0.3264067,0.1197596,-1062.8105,1062.8105,[4.81668945e+03 8.66538879e+02 1.77613525e+02 1.67228145e+04
 6.31228256e+00 9.91290131e+01 1.06221719e+04 6.75372314e+00
 5.78079773e+02 4.72159717e+03 3.61630703e+04 1.22920630e+03
 2.75102295e+03 9.09526562e+03 5.07460098e+01 1.55413057e+04
 5.01066399e+00 6.80376205e+01 1.94425957e+04 2.89380283e+01
 2.04185339e+03 1.02873376e+03 1.03667236e+02 2.02913170e+01
 1.75482922e+03 6.79574463e+02 1.19946396e+04 1.54839754e+00
 8.95749023e+03 8.34492383e+03 4.85811348e+01 1.18435669e+02
 4.17168884e+01 1.76074231e+03 6.62849023e+03 6.98538895e+01
 1.57899292e+02 2.13083398e+03 1.30371494e+01 1.02563362e+02
 1.40010956e+02 4.53925934e+01 1.36613560e+01 4.33716297e+00
 3.80126686e+01 3.24445839e+01 2.88870758e+02 2.81097770e-01
 3.90043564e+01 1.47468467e+04 1.85471289e+03 2.02301331e+02
 3.17412140e+02 1.88073484e+05 1.54611699e+04 1.32596924e+03
 8.32646484e+02 1.14703045e+01 1.89462952e+03 1.02249277e+00
 7.75337598e+03 1.35107544e+03 1.20078772e+03 7.02121854e-01
 1.13323682e+04 4.98677731e+00 4.75758171e+01 6.82376709e+01
 4.25825195e+02 1.00644058e+02 3.62988354e+03 2.97705420e+03
 4.49842072e+01 8.11801071e+01 6.44575867e+02 7.43225622e+00
 4.09437354e+03 2.87278076e+02 1.09430542e+01 1.01366289e+04
 4.25108337e+01 7.34184341e+01 2.69626556e+02 3.59009857e+01
 1.62026825e+02 8.93409271e+01 2.34688403e+03 2.11695947e+03
 4.12864590e+00 5.37027397e+01 1.78092441e+04 7.78852783e+03
 8.95968848e+03 5.09871483e-01 3.34250565e+01 8.98437012e+02
 1.76164343e+03 9.50931641e+02 4.88865875e+02 5.17422180e+02
 3.13929367e+01 8.60705078e+03 7.99328516e+03 1.51106824e+03
 2.19291699e+03 5.25075436e+00 4.27920456e+01 1.76225189e+02
 1.62634729e+03 7.88587402e+03 1.18841445e+04 3.61125875e+00
 1.51898308e+01 8.50267601e+00 4.80907969e+04 8.92665710e+02
 4.36017418e+01 2.23088882e+02 7.82570923e+02 9.53186707e+02
 2.96091156e+01 1.83805547e+04 1.45097168e+03 1.15626249e+01
 5.22256708e+00 1.55382514e+00 2.17848988e+01 7.79099884e+01
 2.58052307e+02 9.22303101e+02 4.90698281e+04 5.54954834e+02
 8.13225174e+00 9.01341400e+01 1.24613049e+03 1.53635703e+04
 3.59724609e+04 1.54485378e+01 2.84839783e+01 1.84684316e+04
 1.11396582e+04 1.51209639e+04 4.40976074e+02 8.97546204e+02
 1.36045618e+03 5.22985764e+01 3.05005379e+01 4.18804893e+01
 2.16182373e+02 1.54543209e+01 2.14458105e+04 2.00370445e+01
 1.73259750e+02 1.34801719e+04 2.66711548e+02 2.02412744e+03
 1.69988125e+04 4.60279453e+04 1.15837402e+03 7.91962891e+01
 1.24054336e+04 1.55446045e+02 1.18312720e+03 6.10130577e+01
 1.21430127e+04 1.35032642e+03 6.65650415e+00 2.03037524e+03
 2.29589310e+01 1.15676172e+03 9.63766251e+01 2.84435349e+01
 1.03465509e+01 4.46980286e+00 3.62784157e+01 4.05600488e+03
 1.19520714e+02 1.01498590e+03 3.78886377e+03 1.39555054e+03
 1.04350195e+04 4.77354860e+00 2.00395508e+04 2.72409878e+01
 1.40595039e+04 2.81430234e+04 1.31954775e+04 4.64002380e+01
 2.85149512e+03 1.14075943e+02 2.71113324e+00 3.87059250e+01
 4.14427393e+03 1.62047882e+01 1.46770828e+05 6.06528854e+00
 8.37778516e+03 1.00602737e+02 5.08359566e+01 5.71128044e+01
 5.99126816e+01 1.53817301e+01 1.66474844e+04 1.70927155e+02
 1.75053882e+03 7.54012646e+03 1.85916473e+02 9.98779609e+04
 2.08336151e+02 1.09554785e+04 5.07535461e+02 1.23187073e+03
 2.06404004e+03 3.70848193e+03 5.78833923e+02 4.15257912e+01
 1.58715845e+03 9.13360882e+00 6.16578552e+02 3.81024170e+02
 4.45699596e+00 6.55029663e+02 3.50726172e+03 1.20127759e+03
 6.35757666e+03 1.30052662e+01 2.27445801e+04 4.88814844e+03
 1.66474304e+01 7.14754562e+01 2.13870410e+03 2.06487871e+04
 1.43582687e+02 1.46451783e+00 1.45156616e+03 3.84432526e+02
 6.40080994e+02 9.53510818e+01 9.77300586e+03 4.22061523e+03
 1.09645548e+01 1.86525269e+01 1.39065508e+04 2.77887726e+00
 3.21815586e+00 1.85403076e+02 3.43132141e+02 1.10887134e+03
 1.21948232e+04 4.62457109e+04 1.40155237e+03 1.20848763e+02
 9.57289307e+02 4.05922058e+02 7.13632584e+01 1.23584131e+03],8230.559,[2.78774951e+03 1.54647534e+03 4.67561218e+02 2.73962128e+02
 4.26509796e+02 1.65124786e+02 4.86199561e+03 5.99114838e+01
 3.98453442e+03 2.31590391e+04 2.45585039e+04 6.34873314e+01
 5.81814087e+02 3.80860742e+03 1.45101233e+01 3.60903271e+03
 5.84691668e+00 2.77181969e+01 6.94691956e+02 2.30024109e+01
 2.42434863e+03 2.04870166e+03 1.27547684e+02 6.66020870e+00
 4.95972461e+03 7.61311621e+03 1.50027917e+03 2.81574297e+00
 1.11888398e+04 1.13205908e+04 2.97776294e+03 1.09840355e+02
 6.53643951e+01 5.30038940e+02 2.90424951e+03 8.63016205e+01
 3.45884056e+01 9.68798828e+03 4.58843689e+02 4.77290985e+02
 9.33200989e+01 1.63196438e+05 1.55836077e+01 2.65165291e+01
 9.85660547e+03 6.72151718e+01 4.68284393e+02 5.12476742e-01
 6.06096077e+01 1.67948770e+04 3.57471582e+03 4.78370361e+02
 3.11423187e+02 2.22346758e+04 8.59969238e+03 3.72238586e+02
 7.47166553e+03 9.77405071e+00 4.02508514e+02 9.87523174e+00
 2.84204321e+03 1.70035498e+03 1.38634900e+03 4.39452332e+02
 2.57017212e+03 7.82750463e+00 4.37369446e+02 8.58306198e+01
 9.92709351e+01 1.05095184e+02 2.92351123e+03 2.81349854e+03
 1.99775906e+01 3.68123125e+04 5.60209290e+02 1.31065292e+01
 2.30300977e+03 4.81639175e+01 1.56126602e+02 1.14817896e+03
 2.77616150e+02 9.01724548e+02 8.85325012e+02 2.92732162e+01
 2.61939380e+03 2.90708862e+02 5.94281311e+02 9.79402466e+02
 5.35145493e+01 6.50809174e+01 2.60412949e+04 2.82431104e+03
 1.96582300e+03 1.32865215e+04 1.88391342e+02 1.06859167e+03
 1.16027100e+04 8.51337158e+02 2.56731781e+02 1.14849377e+03
 1.80526611e+02 7.73359863e+03 4.76057227e+03 7.90945752e+03
 4.44219238e+03 1.53782745e+02 6.73752832e+00 8.66606641e+03
 2.75302075e+03 1.27952236e+04 9.78870605e+03 1.32802668e+01
 1.18800369e+02 1.87558670e+01 2.17414434e+04 4.77000977e+02
 8.77392578e+01 2.89695898e+03 6.77365234e+03 3.04865942e+03
 8.12490616e+01 1.34695342e+04 2.33049365e+03 1.19594873e+03
 6.72397757e+00 1.36056805e+01 4.49619217e+01 2.01951172e+02
 1.57737717e+02 6.68804932e+02 1.74384473e+04 2.37124741e+02
 4.69436979e+00 1.29031372e+02 5.68541260e+02 7.60275391e+03
 4.60495947e+03 1.67961445e+01 8.35259819e+00 8.14278809e+03
 3.77733081e+03 2.11416426e+04 8.55357117e+02 3.56228058e+02
 1.01953461e+03 2.59312134e+02 5.46802483e+01 3.85230713e+01
 3.98208099e+02 3.71791611e+01 1.39237246e+04 4.34901924e+01
 1.49065308e+02 8.81528711e+03 8.80350000e+03 4.09798645e+02
 9.87189258e+03 3.55442422e+04 1.81393640e+03 8.37654190e+01
 7.83099268e+03 8.98042773e+03 6.31797485e+02 3.77595749e+01
 1.76685488e+04 4.04363574e+03 1.65543556e+01 1.18501992e+04
 8.67803223e+02 1.95841602e+03 3.71835365e+01 2.18761845e+01
 3.48687935e+01 7.99503231e+00 5.56156998e+01 5.68170557e+03
 9.96577988e+01 1.41456128e+03 6.83901875e+04 1.08356162e+04
 6.56117920e+02 8.99749756e+00 1.28170862e+03 7.55047913e+02
 2.43850938e+04 2.72833066e+04 2.75748809e+04 2.34579897e+00
 1.69987366e+02 1.09164495e+01 6.20024490e+00 3.79825115e-01
 5.90189795e+03 2.19478989e+01 1.71778000e+05 5.46770096e+00
 1.19584600e+04 9.13353653e+01 1.41997242e+01 1.58675703e+04
 3.90270996e+02 3.77633781e+01 2.15085332e+04 5.92476440e+02
 2.04077698e+03 4.96720459e+03 3.57330078e+02 5.26418984e+04
 7.34253027e+03 1.10531094e+04 5.71064551e+03 3.39762183e+03
 5.90113525e+02 1.33316309e+04 5.91401367e+02 1.04323189e+02
 8.66618652e+03 3.28072619e+00 3.31236298e+02 8.24632812e+04
 7.22839880e+00 6.02830566e+02 3.31741724e+03 5.64824316e+03
 9.87035828e+02 7.20663977e+00 4.52995898e+03 1.48507581e+03
 4.97471085e+01 1.12903467e+03 1.08793535e+04 1.72410388e+03
 4.00184937e+02 1.06734123e+01 1.67054614e+03 9.00134961e+03
 3.17128601e+02 4.00864258e+02 1.25600449e+04 7.36382031e+03
 1.63449402e+01 5.38846207e+01 3.24759155e+03 1.59076321e+00
 1.52270088e+01 1.52699048e+03 2.40044189e+03 4.94395166e+03
 6.35929632e+00 1.39723047e+03 2.63837305e+03 1.13635071e+03
 1.08528486e+04 2.68270288e+03 1.35126358e+02 2.85687329e+03],-967.13354,-1102.4231,-1481.9867,1.6199242,17.520868,0.53076786,0.9386605,0.01546186595916748,5712.970142841339,0.3125,0.3125,-0.17718151218384126,1.001651046498952e-05,-0.1772015736015754,-0.00017307104390915703,-0.8302787541607032,25.249999999996884,0.0,350000.0,-7.0,-3536.0,500.0,8.724347114562988,350000
1008.98615,0.058532912,0.0838513,0.0032813195,-1008.0891,1008.0891,[3.26652117e-02 4.21839684e-01 4.06890698e-02 1.17975473e-02
 3.63474488e-01 9.46918502e-03 1.05248690e+00 6.98194653e-02
 3.11283022e-03 1.17345548e+00 1.49667054e-01 1.03754103e-01
 2.37494335e-01 3.35800433e+00 4.16708179e-02 7.20923567e+00
 1.98151755e+00 9.67949331e-02 2.72370839e+00 2.34395087e-01
 3.05249423e-01 5.16725898e-01 1.60964990e+00 3.54366124e-01
 9.23953205e-03 4.47286665e-03 4.49345261e-01 5.31403971e+00
 4.69740105e+00 1.84105444e+00 3.59087408e-01 3.34209776e+00
 1.58713140e+01 5.90700586e+03 1.14223249e-02 7.46347159e-02
 1.22044340e-01 3.27100539e+00 3.94889601e-02 3.39227378e-01
 1.60011835e-02 2.42403626e-01 1.06931962e-01 7.17114359e-02
 8.40410888e-02 8.73546749e-02 5.87453127e-01 2.99543810e+00
 3.51062603e-02 4.35588503e+00 1.13989621e-01 5.02408929e-02
 1.12069994e-01 2.51888537e+00 4.21223231e-02 2.89344788e+00
 3.30899811e+01 1.43544781e+00 9.78160858e-01 3.79314013e-02
 3.42664576e+00 4.48048115e-03 1.87214091e-03 1.00234956e-01
 3.48139107e-01 6.34693503e-02 2.37889737e-01 4.34996545e-01
 2.38226220e-01 7.74407864e-01 2.63652533e-01 9.02526677e-01
 1.40948370e-02 1.13704503e-01 4.21664047e+00 5.62662983e+00
 1.06301203e+01 2.24211603e-01 8.21392238e-02 8.27997744e-01
 3.86232138e-01 3.70527208e-01 9.04628372e+00 2.35631776e+00
 2.13842034e+00 2.20585540e-02 6.08084798e-02 8.21249485e+00
 1.07330346e+00 2.65307814e-01 2.47596390e+02 2.14445978e-01
 8.92406404e-02 3.21317092e-03 4.58075777e-02 7.94565916e-01
 8.52526248e-01 8.39761436e-01 3.00935835e-01 4.05016243e-01
 2.53914386e-01 3.25465240e-02 2.76401925e+00 2.94072665e-02
 1.73559532e-01 3.79192270e-02 4.93392944e+00 6.32689595e-01
 4.71218538e+00 3.69993225e-02 1.93107176e+00 4.29819494e-01
 1.41632628e+00 2.49149382e-01 1.20252365e+02 2.91507155e-01
 1.98116291e+00 6.21429458e-03 2.76198626e-01 6.56356859e+00
 9.70623046e-02 1.41907513e-01 1.35414350e+00 1.43648481e+01
 2.41469288e+00 3.35036702e-02 7.59178773e-03 8.87088966e+00
 4.79413942e-02 4.06397820e-01 1.10352933e-01 3.95980507e-01
 2.41987014e+00 3.42482626e-01 1.76406875e-01 6.94329292e-03
 2.16795988e-02 8.89410114e+00 4.20777082e+00 1.84099749e-02
 1.24819368e-01 8.48191977e-02 3.51880789e-01 6.43741310e-01
 1.28962189e-01 1.50808126e-01 1.12592030e+00 5.91414165e+00
 2.57518172e+00 1.43956995e+00 3.08215308e+00 7.21593857e-01
 2.77380905e+01 4.26936522e-02 8.34397507e+00 1.04677687e+01
 6.76286370e-02 9.02549624e-01 3.22362065e-01 9.85890865e-01
 2.18469277e-03 1.29736805e+00 2.13517046e+00 1.76642373e-01
 3.54019433e-01 1.04053646e-01 1.22665837e-01 7.64203608e-01
 1.32163242e-03 1.86967921e+00 2.86141729e+00 3.12923908e-01
 5.72437477e+00 6.51319623e-01 9.88490880e-04 8.70071650e-02
 2.74319696e+00 3.49370241e-01 1.72457755e-01 2.20741711e+01
 8.97405744e-02 1.95357949e-04 2.37029582e-01 4.92614545e-02
 1.03318945e-01 4.22907174e-02 1.18059516e+00 1.68938972e-02
 3.92988510e-02 1.90797932e-02 6.63645566e-02 1.22394621e-01
 6.37802124e+00 2.43890598e-01 8.26703385e-03 4.17889625e-01
 1.45390975e+00 1.50137320e-01 1.16813135e+00 5.50306499e-01
 8.55953097e-02 3.81652005e-02 1.49012840e+00 3.03396153e+00
 2.67102742e+00 3.01878393e-01 1.34410744e+01 4.23956901e-01
 8.86081159e-02 8.50451350e-01 5.80226481e-01 6.86617432e+01
 1.57001126e+00 1.01508409e-01 1.23933360e-01 2.99559736e+00
 7.46858716e-01 9.31435674e-02 1.62607685e-01 4.94260788e+00
 9.54850018e-03 3.36119086e-02 1.03466444e+01 3.54577787e-02
 1.70570001e-01 8.12700763e-02 4.24382385e+02 5.01012516e+00
 6.22512460e-01 4.80451345e-01 4.20068711e-01 1.31937618e+01
 1.06852427e-01 2.50128603e+00 1.11905937e+01 5.84116019e-02
 7.33781891e+01 2.70487852e-02 2.68290186e+00 1.27236414e+00
 1.61924988e-01 1.83626544e+00 5.26965596e-02 6.65902948e+00
 9.60736349e-03 5.78500330e-02 7.38243043e-01 3.08721781e+00
 6.89740086e+00 4.58773561e-02 3.38780273e+04 1.29393733e+00
 1.41651392e+00 2.60589272e-02 7.43145794e-02 8.63077283e-01],152.19714,[1.99623480e-02 2.52932042e-01 3.50422598e-02 1.20322742e-02
 6.97979987e-01 2.68038549e-02 7.84119517e-02 5.85490540e-02
 5.29821590e-03 4.99666154e-01 2.10853964e-01 1.63863212e-01
 8.13839585e-02 1.13223124e+01 3.33805233e-02 2.41400552e+00
 7.38023937e-01 6.88509941e-01 1.96516943e+00 2.63122052e-01
 3.94372135e-01 1.01016510e+00 1.75196022e-01 2.91703373e-01
 9.53311101e-03 2.96207145e-03 1.52989477e-01 4.47560787e+00
 9.38530159e+00 6.18256664e+00 2.83081532e-02 9.88106281e-02
 3.91988420e+00 7.94885791e+03 1.30162574e-02 4.14539874e-01
 2.28109449e-01 2.75451374e+00 3.42651792e-02 6.44691038e+00
 1.72887482e-02 1.55010819e-01 8.31807032e-03 5.69972768e-03
 7.24971145e-02 2.53880955e-02 1.21838617e+01 1.10610485e+00
 5.32764569e-03 1.35986900e+01 2.54273415e-01 8.04918855e-02
 1.39893927e-02 1.32656848e+00 7.38888755e-02 1.25038648e+00
 1.01673584e+01 1.52315569e+00 1.60279465e+00 6.68851435e-02
 8.97742808e-04 2.45601684e-03 3.45110968e-02 1.62899897e-01
 1.70491278e-01 1.12643957e-01 3.89224350e-01 1.31559300e+00
 2.05521441e+00 1.95232129e+00 1.15917996e-03 1.61930394e+00
 1.58816911e-02 2.16064826e-01 5.91421485e-01 1.52723131e+01
 5.79863071e+00 1.20652944e-01 8.54822397e-02 1.46026707e+00
 4.41344261e-01 1.48188740e-01 2.76515961e+00 4.23972511e+00
 4.81982231e+00 2.52803043e-03 3.15831490e-02 2.18729591e+01
 9.81042266e-01 2.24339753e-01 3.55960083e+02 1.17177308e-01
 7.43341744e-02 1.61112845e-02 3.81151706e-01 4.61592495e-01
 1.91020560e+00 2.10709289e-01 1.53170481e-01 2.16856629e-01
 1.69118866e-01 1.64864346e-01 2.83026600e+00 1.19713433e-02
 2.11864300e-02 1.95751563e-02 1.91674381e-01 2.77492292e-02
 1.48289692e+00 1.20326877e-01 1.35146268e-02 4.66046408e-02
 8.47028852e-01 8.18799973e-01 6.76013947e+00 3.23305875e-01
 6.04052925e+00 2.13138774e-01 1.81214333e-01 5.67588997e+00
 4.03713167e-01 2.63847589e-01 1.51726484e+00 6.36454582e+00
 2.19704896e-01 1.05336308e-03 9.62145627e-04 1.23902502e+01
 5.84347732e-02 1.70529246e-01 9.31893662e-03 2.06061572e-01
 2.10347213e-02 2.81848550e-01 3.24090481e-01 2.83603743e-03
 7.40445852e-01 1.13068991e+01 1.20278811e+00 6.27742782e-02
 1.41066507e-01 1.22472435e-01 1.19293928e+00 2.83999324e-01
 1.32917547e+01 1.30263463e-01 9.89032030e-01 7.59868205e-01
 2.81807370e-02 3.78567636e-01 1.50982165e+00 6.64103180e-02
 2.84813366e+01 2.16681510e-02 2.61544251e+00 1.27028122e+01
 4.52122465e-03 2.08573437e+00 1.22500634e+00 8.02555084e-01
 7.70399347e-03 2.20196724e-01 4.16034651e+00 5.36335260e-02
 1.42370254e-01 7.93970227e-02 6.98764324e-01 9.51602757e-02
 8.18724930e-03 3.68211031e-01 2.32458639e+00 3.59557152e-01
 7.96687976e-02 5.92749007e-02 4.01895121e-03 3.78838927e-03
 2.83344030e-01 1.78354695e-01 9.92212892e-01 1.60789165e+01
 1.62659669e+00 1.72043219e-02 2.08849594e-01 5.73703982e-02
 1.60277821e-02 1.75224431e-02 4.37351167e-01 1.14287332e-01
 6.85952455e-02 8.74764100e-03 1.69919819e-01 3.53911906e-01
 2.12153578e+00 1.24182716e-01 2.85838917e-03 7.97876740e+00
 3.51244712e+00 1.43303908e-02 8.56915414e-02 2.00566679e-01
 3.55826505e-02 7.47454315e-02 1.30518103e+00 1.84157050e+00
 1.32996619e+00 3.69647801e-01 5.11238241e+00 1.14902449e+00
 2.75352299e-01 1.06477690e+00 7.66166508e-01 1.14646095e+02
 1.04747498e+00 9.93579030e-02 6.29368797e-02 3.11093998e+00
 6.60386235e-02 1.04720250e-01 5.69243968e-01 6.27064168e-01
 4.53298166e-03 1.03688097e+00 9.79222476e-01 6.46003336e-02
 4.76134658e-01 1.23032004e-01 3.41979126e+02 1.00725102e+00
 1.05074883e-01 6.05102837e-01 3.94534051e-01 3.67082357e+00
 4.05397154e-02 2.39862537e+00 2.88995564e-01 5.98815829e-03
 9.27657394e+01 6.06940277e-02 2.97227204e-01 6.20863736e-02
 3.87830764e-01 1.65441561e+00 2.40483321e-02 6.96461201e-02
 3.40369828e-02 2.91770846e-02 4.68550742e-01 2.51529884e+00
 5.45439839e-01 8.33270490e-01 1.06994326e+04 1.18366218e+00
 6.12756371e-01 1.98320448e-02 4.08912338e-02 6.20925069e-01],-954.4602,-1012.4724,-1399.859,1.0258554,2.250567,0.89351916,0.92707455,6659.9194,-23427.28,43674.613,1068.7723,1.0506344,0.33732733,0.11396008,-1064.3484,1064.3484,[1.07898689e+02 1.32576685e+03 7.45443665e+02 3.05184689e+01
 5.37371559e+01 1.79731628e+02 3.44579726e-01 2.78377812e+04
 1.41368628e+03 6.25901025e+03 3.45248032e+01 1.12006691e+02
 1.96302994e+02 5.98887873e+00 9.38815430e+03 2.54190771e+03
 3.02557826e-01 8.67203984e+04 4.73486176e+02 2.42907928e+02
 1.07001685e+03 1.37565298e+01 5.18388477e+03 1.36921741e+03
 7.56649365e+03 1.30824432e+01 1.25952432e+04 8.65623901e+02
 3.70061016e+00 2.15883087e+02 7.43874023e+03 9.80343018e+01
 4.13963737e+01 1.46657379e+02 3.04861694e+03 1.47598648e+01
 1.76366638e+02 1.06695099e+02 1.40760973e-01 1.40730200e+03
 6.83618317e+01 2.21246387e+03 6.73157324e+03 3.72577911e+02
 6.02641968e+02 4.75497969e+04 6.75593701e+03 8.61034453e+04
 1.32875469e+04 6.40134131e+03 8.67148376e+02 1.12167534e+02
 3.34004822e+02 7.04832306e+01 1.24133472e+03 4.86890650e+00
 1.48677930e+03 3.68347406e+00 1.20098596e+03 2.13948438e+03
 2.12599716e+02 2.03705627e+03 8.12528458e+01 1.07316650e+02
 2.83017383e+03 1.05123938e+03 9.68160352e+03 5.33505859e+03
 3.98562500e+02 2.54429180e+04 2.91107391e+02 1.11368284e+01
 5.97228432e+01 8.27105078e+03 1.98146934e+04 1.88837488e+03
 1.04382648e+01 3.50251123e+03 1.41898486e+03 2.05695557e+03
 1.18076688e+05 1.46722046e+03 1.01418800e+02 1.05288159e+03
 1.15322021e+02 2.54629822e+01 1.14085830e+04 3.36058760e+00
 5.37644531e+04 5.85796642e+00 1.55573532e+02 4.26264570e+04
 4.86110059e+03 3.16725391e+03 2.64272079e+01 2.78364844e+03
 2.48074493e+01 1.99381618e+01 2.57896481e+01 6.94894453e+04
 1.81948181e+02 9.17315527e+03 8.22738724e+01 1.73159389e+01
 6.10581436e+01 6.77903271e+00 4.30407070e+04 1.68693237e+01
 8.62159348e+01 8.87385059e+03 3.89521912e+02 1.82288384e+00
 1.84308434e+01 2.04454117e+01 9.91777325e+00 5.77308281e+04
 2.03100967e+00 3.64051485e+00 2.38741895e+03 1.57915344e+02
 1.08806348e+03 1.06717217e+04 3.02217188e+04 8.30055809e+00
 1.27027100e+04 5.06622833e+02 5.05453711e+03 1.62162089e+00
 4.46107056e+02 1.50955935e+01 1.27906266e+05 8.77457129e+03
 6.12350952e+02 2.72974625e+01 5.59754443e+03 1.16313306e+03
 2.24996567e+02 3.39895361e+03 2.86641895e+03 1.81728363e+01
 1.79482468e+02 1.12022644e+02 8.03110809e+01 1.82709923e+01
 2.78017769e+01 3.88460724e+02 1.09380875e+02 4.30742096e+02
 6.22458130e+02 2.81822357e+02 5.57164993e+01 6.04070511e+01
 4.09386730e+00 8.62388849e-01 2.52404746e+04 4.39177338e+02
 4.99555603e+02 1.53822422e+01 1.29610382e+02 1.71511322e+02
 7.75823355e+00 1.65972580e+02 9.86252594e+01 1.67291415e+00
 7.97801025e+02 6.12135086e+01 5.75465631e+00 1.87009369e+02
 4.39802666e+01 5.76558151e+01 2.70641861e+01 1.58277500e+04
 2.34039795e+03 1.51568253e+02 2.00760803e+02 1.51659399e+03
 1.69439049e+01 5.22044922e+04 1.10627969e+04 1.04453186e+03
 3.35952530e+01 3.21708125e+04 7.80493069e+00 2.59413471e+01
 1.60658643e+03 1.15175219e+01 3.28092880e+01 8.23400421e+01
 4.99550705e+01 4.01367188e+01 6.45084290e+02 2.76883398e+03
 6.91801882e+00 7.54515839e+01 6.61703568e+01 1.95097113e+00
 8.44775696e+01 3.15404236e+02 2.38159142e+01 2.63979414e+04
 1.30980579e+03 1.32827950e+01 1.13389434e+04 3.75494080e+01
 2.32649951e+03 1.73388125e+04 3.20735889e+03 7.08379507e+00
 7.10039111e+03 2.74142246e+01 4.14655876e+01 7.35842090e+03
 8.63718750e+02 2.42597539e+04 9.45668983e+00 2.24055618e+02
 5.26998024e+01 1.48813019e+01 1.02489170e+04 8.40516205e+01
 1.76052799e+01 2.66257871e+04 1.90779400e+00 3.20088730e+01
 6.00148296e+00 3.47374298e+02 9.81884718e-01 4.94259338e+01
 9.48827744e+00 6.77416687e+02 2.44556976e+02 1.33097863e+00
 3.30016556e+01 1.89784821e+02 2.40450211e+01 9.58124237e+01
 6.26530266e+01 1.12535295e+01 7.55568164e+03 8.56600391e+03
 2.11153584e+01 1.55782251e+01 3.57323486e+03 2.35516626e+03
 3.94502544e+00 2.85003594e+04 5.39372504e-01 7.20964062e+03
 1.52449783e+02 3.45837326e+01 1.83186562e+04 2.99635278e+03
 1.73574257e+01 1.93633289e+03 8.48242569e+00 4.11398411e+00],7222.089,[8.62486572e+01 7.65751404e+02 6.83707324e+03 8.27742386e+01
 1.07161182e+04 1.79740015e+03 2.93922634e+01 9.67932812e+03
 8.08689331e+02 1.67288398e+04 1.49772120e+01 5.61175000e+03
 2.33999176e+02 1.61614203e+00 1.68334844e+04 1.32535674e+04
 2.12209717e+02 1.42743237e+03 4.37090027e+02 8.37961365e+02
 1.22879688e+03 2.25699842e-01 4.63387451e+03 2.01997998e+03
 1.03702930e+04 9.84414935e-01 5.41958164e+04 7.17464142e+01
 2.99668484e+01 2.95396973e+02 2.96520898e+04 1.80972946e+02
 9.22978210e+00 1.34513260e+02 1.32189043e+04 2.29303513e+01
 3.62568741e+01 6.48528137e+01 6.50350475e+00 4.03811859e+02
 9.52283783e+01 1.66834258e+04 6.42240869e+03 2.04493103e+03
 4.67139893e+02 1.22208799e+04 4.48803711e+03 7.62227490e+03
 4.17725830e+03 2.66138623e+03 8.04537231e+02 5.08934448e+02
 4.44327979e+03 1.12900667e+01 3.42725586e+02 1.77170837e+00
 6.25488953e+02 9.16890240e+00 1.11142322e+03 5.35963623e+03
 4.06265771e+03 5.96386230e+02 4.85735742e+04 1.28971970e+02
 2.49818848e+03 1.08593066e+03 6.16952197e+03 2.65053687e+03
 2.80898895e+02 4.10099492e+04 7.47391586e+01 6.10946357e-01
 4.56731787e+03 4.42201874e+02 1.00136465e+04 3.69122955e+02
 2.03627014e+01 5.96726172e+03 5.94489160e+03 1.34137287e+01
 5.98900049e+03 3.76044891e+02 1.05615868e+02 4.25615425e+01
 2.56480438e+02 1.65855713e+01 5.79119043e+03 4.87672363e+02
 5.14514570e+04 1.32879758e+00 6.60746948e+02 2.21859824e+04
 2.92315234e+03 1.56315649e+03 4.84362297e+01 4.90288477e+03
 4.24892285e+03 3.31165390e+01 3.07845802e+01 1.80432947e+03
 4.44128876e+01 2.87624512e+03 1.07925636e+02 1.18667517e+01
 2.47674652e+02 1.20447645e+01 6.98708281e+04 1.99480640e+03
 2.95866451e+01 8.23904980e+03 2.92835876e+02 6.88359261e+00
 2.72602863e+01 3.52840004e+01 1.29774609e+01 5.00514771e+02
 2.08143408e+03 3.10003185e+00 7.86624219e+03 1.95438184e+03
 9.85223999e+02 4.65292041e+03 2.15529590e+03 1.32825531e+02
 7.73152148e+03 1.47987207e+03 1.26868135e+04 1.88667524e+00
 8.37108398e+02 2.57713852e+01 7.44175000e+04 6.68994922e+03
 1.92808223e+04 2.76269417e+01 3.94437469e+02 1.78500659e+03
 4.89189502e+03 6.74434219e+04 9.62009570e+03 3.04988785e+01
 4.23646576e+02 5.17149597e+02 1.61027148e+03 3.65348673e+00
 4.87345123e+01 1.52150427e+03 6.08401245e+02 1.06329517e+03
 1.42606934e+03 1.47972595e+02 7.49932480e+01 1.41742691e+02
 5.65706177e+01 5.75658760e+01 2.36433325e+03 5.33167725e+03
 6.60763135e+03 1.64319038e+01 5.44556592e+03 8.78299902e+03
 4.88556824e+01 1.54711929e+02 1.57687164e+02 7.76441574e+00
 5.71892639e+02 6.98971786e+01 7.73339319e+00 3.82908594e+03
 6.64100266e+01 3.08928564e+03 2.04086914e+01 2.78476875e+04
 2.99457715e+04 7.98741760e+01 2.64663300e+02 1.61539551e+03
 7.47771530e+01 6.71274658e+03 8.39091309e+03 1.12629629e+04
 2.24191589e+01 2.48860254e+03 6.38118668e+01 3.88188782e+01
 2.48370215e+03 1.19854860e+01 4.87903099e+01 1.04091223e+03
 7.26511658e+02 1.34883652e+01 1.19225928e+03 3.48638721e+03
 4.59751190e+02 2.81680273e+03 1.79091156e+02 1.16965876e+01
 8.71527328e+01 4.89201546e+01 2.15790977e+01 1.26000891e+03
 3.35732129e+03 6.07018471e+00 8.47331836e+03 3.01807785e+00
 9.36291199e+01 1.33916211e+04 1.32519849e+03 2.46772690e+02
 1.29056885e+02 3.61086502e+01 9.97738647e+00 3.26726807e+03
 3.47996948e+03 1.35111797e+04 1.88141113e+02 2.59486621e+03
 8.76823044e+00 1.99211845e+01 1.63332900e+04 3.20293999e+01
 2.00676880e+01 5.05085144e+02 8.53945255e+00 7.15406396e+03
 6.97650433e+00 9.94809570e+03 8.52539182e-01 9.06829834e+02
 1.62328262e+04 2.71721777e+03 1.90725967e+02 5.06423426e+00
 3.01660461e+01 1.04984219e+04 1.27328386e+01 4.33381073e+02
 1.66484970e+02 5.34755737e+02 1.08864575e+03 2.32415845e+03
 1.21665783e+01 1.06579905e+01 3.09677686e+03 8.32146094e+04
 7.00583618e+02 5.09773254e+02 7.35083938e-01 2.23982910e+03
 1.76216156e+02 1.25270119e+02 5.94367920e+03 3.37924648e+04
 7.96243429e+00 1.03499248e+04 1.34216528e+01 4.81495333e+00],-975.23145,-1104.4065,-1475.6665,1.6084533,29.180792,0.39820394,0.93349874,0.01637416841506958,6122.324366807938,0.4375,0.4375,-0.2268189877486123,0.0006252840111415168,-0.22673241837117525,0.0007591410143058395,-0.988049376619878,25.249999999996884,0.0,375000.0,-7.0,-3538.0,500.0,8.611449003219604,375000
1010.0933,0.044590082,0.06658077,0.0023298785,-1009.38293,1009.38293,[4.90941480e-02 7.23393932e-02 1.94001746e+00 6.72434628e-01
 6.64190203e-02 7.50046670e-02 3.94692607e-02 4.34443384e-01
 1.05102360e-02 1.24048330e-02 1.43515980e+00 4.42541391e-02
 1.29844099e-02 9.88288956e+01 2.55854130e+00 3.33638936e-01
 2.51467973e-02 1.72620788e-02 7.40616322e-02 7.15811872e+00
 1.18656009e-01 2.46391416e-01 1.83126815e-02 5.90701252e-02
 3.44289094e-02 3.48385051e-03 2.09061578e-01 1.58495344e-02
 5.46473339e-02 1.57673359e-02 2.94889771e+02 3.04894179e-01
 1.16156693e+01 1.03243029e+00 1.72661896e+01 7.54300505e-03
 2.21945383e-02 1.24357271e+00 1.85155988e-01 1.12243481e+01
 1.34098917e-01 1.35428298e+00 1.56864872e+01 1.09570660e-02
 1.00127235e-02 1.33261271e-02 2.17544571e-01 2.31589660e-01
 1.03771910e-01 4.04086858e-02 2.50401855e+00 5.80615178e-03
 1.04936533e+01 5.86978495e-02 7.98524323e+01 1.39812306e-02
 3.17480743e-01 1.81582165e+00 2.28020102e-02 2.38148272e-02
 1.01693382e+01 3.75977159e-02 2.46283126e+00 2.19093710e-02
 1.62672005e+01 3.89981568e-01 7.97239318e-03 2.79010087e-02
 3.89038420e+00 3.51422615e-02 2.05803849e-02 1.07676536e-02
 4.03812408e-01 8.08522987e+00 2.77454734e-01 1.69304962e+01
 3.95291187e-02 1.05045378e-01 1.62949041e-02 1.06418061e+00
 1.25923252e+00 5.43774255e-02 3.04100590e+01 1.39875603e+00
 7.78852999e-02 1.66957045e+00 1.18433619e+00 3.60711701e-02
 1.46437407e+01 1.17839463e-02 1.66340128e-01 1.66353607e+00
 6.78697634e+00 2.63176300e-02 3.69892192e+00 4.08362246e+00
 1.35753043e-02 3.64861822e+00 9.78593975e-02 1.26370573e+00
 2.10600972e-01 2.48822644e-02 6.65295571e-02 8.14283609e-01
 1.21107846e-01 5.84934235e-01 4.22348268e-02 7.42455900e-01
 7.81641752e-02 2.56600589e-01 3.24330069e-02 5.76926351e-01
 3.76887657e-02 8.98436755e-02 2.71641195e-01 2.40028039e-01
 3.99618894e-02 2.67960262e+00 4.78062660e-01 6.76298514e-03
 2.98952401e-01 5.38320281e-02 5.15078977e-02 2.53984705e-02
 1.03759184e+01 1.50781422e+01 1.57514095e-01 6.82824612e-01
 4.10649814e-02 2.93836966e-02 4.11315262e-02 2.68280841e-02
 2.04212964e-02 2.66468614e-01 4.72420752e-02 5.12647152e+00
 2.24843062e-02 3.18157673e-02 1.51692057e+00 1.44439824e-02
 2.34589487e-01 5.16185284e+00 5.97807653e-02 1.09568095e+00
 1.39139652e+01 3.30032445e-02 2.40194686e-02 2.49413033e+01
 7.30927038e+00 2.47950506e+00 4.23412442e-01 3.84342149e-02
 2.67775148e-01 3.04928757e-02 3.27279210e+00 1.49894071e+00
 3.47966385e+00 7.09490925e-02 1.68213233e-01 1.05476675e+01
 5.70298076e-01 1.94390261e+00 6.18612766e-02 9.15798903e-01
 6.13158979e-02 1.08673051e-01 9.80655104e-03 3.36001444e+00
 3.59122097e-01 9.87168849e-01 1.14508905e-02 5.54001045e+00
 3.32779661e-02 1.38701871e-03 4.51612234e+00 1.31185079e+00
 5.99599257e-03 2.99365854e+00 1.32448629e-01 7.58738041e+00
 1.47866085e-03 1.11781969e+01 6.85719401e-02 4.52508703e-02
 4.69327545e+00 1.61869712e-02 4.20249999e-02 1.33724861e+01
 6.63780570e-02 5.63301146e-03 7.56287336e-01 3.26758027e-02
 9.27760696e+00 2.86947824e-02 7.70387352e-02 3.30095887e+00
 3.11244614e-02 1.00937259e+00 8.27538371e-01 2.20245323e+01
 2.87869945e-02 1.42628103e-02 2.65188903e-01 3.53234559e-02
 5.51162958e-02 1.64634779e-01 6.17805868e-03 2.60382676e+00
 3.81505974e-02 8.82330775e-01 8.77799225e+00 9.74098563e-01
 9.42584425e-02 7.79660881e-01 4.09019291e-02 2.19222941e-02
 1.46113425e-01 5.72047271e-02 2.58007944e-01 2.62201118e+00
 2.59475745e-02 2.87596649e+02 3.29450555e-02 7.48626292e-02
 3.27326134e-02 4.35859896e-02 3.07153650e-02 1.20817572e-02
 4.55100060e+00 7.14739934e-02 8.17862302e-02 1.11207056e+00
 3.46688181e-03 1.74404681e-02 2.72596598e+00 1.22502112e+00
 1.00843087e-02 2.48650360e+00 4.66750897e-02 1.57383993e-01
 3.95576358e-01 4.23755765e-01 9.08310711e-02 5.12746014e-02
 1.72440678e-01 1.10768188e+03 3.86720181e+00 6.50728941e-02
 1.64362888e+01 6.70175329e-02 1.73777379e-02 2.24111155e-02
 5.27292490e-02 5.91827989e-01 7.87539184e-02 3.30357590e+01],11.703876,[3.85454297e-02 8.29621032e-03 1.09846509e+00 1.71953738e-02
 2.22395733e-02 2.11849399e-02 2.95045413e-02 2.16182783e-01
 1.82783976e-03 1.11153498e-02 7.74135113e-01 2.73336470e-02
 6.78170100e-03 1.30368088e+02 2.85485834e-01 2.56672502e-02
 6.30318820e-02 2.60447040e-02 6.50068521e-02 3.17022979e-01
 5.35156168e-02 2.96040364e-02 1.68615766e-02 1.63955130e-02
 6.08303025e-03 2.59243883e-02 5.78516312e-02 3.53864208e-03
 2.72983350e-02 1.27224207e-01 1.31409454e+02 5.56129158e-01
 6.18614145e-02 1.46253026e+00 1.88725561e-01 3.95975597e-02
 7.53434375e-03 6.48728907e-02 4.17497493e-02 6.49766266e-01
 4.77723032e-03 6.36030585e-02 7.66358152e-03 6.65790513e-02
 5.38008697e-02 7.01386184e-02 1.73035055e-01 2.51088887e-02
 5.14307693e-02 1.63210109e-02 2.20812857e-01 2.82455869e-02
 4.34418201e-01 6.02561980e-04 1.90821075e+01 5.02715744e-02
 5.79386950e-02 1.24805593e+00 1.29591301e-02 5.31361438e-02
 1.75013825e-01 3.41860801e-02 1.81855150e-02 2.73824520e-02
 4.82917500e+00 1.32692337e-01 1.67443939e-02 1.62077136e-02
 8.03413272e-01 2.10121311e-02 2.13319063e-03 7.39709288e-03
 3.84742394e-02 4.54567766e+00 1.75332464e-02 5.11882877e+00
 2.65591033e-02 6.12850860e-03 1.90344825e-03 7.85836950e-03
 2.29820681e+00 3.77503783e-02 1.06759758e+02 6.01849146e-02
 1.60797127e-02 6.17846027e-02 3.98014498e+00 5.04062325e-03
 4.22992584e+02 5.51787019e-03 5.43841161e-02 3.84653211e-01
 2.32530385e-03 9.76181775e-03 2.53991902e-01 6.43823147e+00
 2.87759639e-02 1.22300714e-01 1.32194199e-02 2.75075793e-01
 8.15783292e-02 4.48653474e-03 1.86342537e-01 1.68163076e-01
 5.18608466e-03 3.79491597e-03 1.50755532e-02 1.81971788e+00
 2.16669813e-02 5.25696911e-02 3.01975198e-02 8.95415545e-02
 1.37709118e-02 1.18350983e-03 4.43606257e-01 1.42814919e-01
 7.07311332e-02 2.85397060e-02 1.65218189e-02 6.44823611e-02
 5.43045580e-01 1.77651830e-02 2.40899511e-02 1.19592287e-02
 2.38484216e+00 7.05933452e-01 2.84276344e-02 4.41841245e-01
 6.61580414e-02 3.75443883e-02 3.12925316e-02 3.68740112e-02
 5.56467846e-03 4.40116003e-02 9.26049426e-03 1.92815438e-01
 4.99402769e-02 3.34885456e-02 1.67286372e+00 4.33142483e-02
 7.09463060e-02 2.67160125e-02 6.31017983e-02 3.99511194e+00
 2.27765232e-01 3.44197825e-03 9.16101411e-03 3.14331949e-01
 1.42578587e-01 5.85417226e-02 2.42638737e-01 1.04341246e-02
 1.40634790e-01 4.21231464e-02 2.14015174e+00 1.36659741e-01
 8.12019765e-01 7.44000822e-02 3.27512994e-02 1.17050216e-01
 2.24933922e-01 3.30507070e-01 7.33436644e-03 2.63947636e-01
 7.00090080e-02 4.70704921e-02 7.06088692e-02 1.75878167e+00
 1.69522181e-01 1.89391732e+00 5.68701029e-02 7.85731375e-02
 2.80645043e-02 1.78842619e-03 3.06486100e-01 4.15574104e-01
 2.47519948e-02 8.83907914e-01 2.61903778e-02 4.50559497e-01
 7.55909830e-04 1.11041317e+01 4.45851125e-02 3.73353399e-02
 2.86274105e-02 5.62636927e-03 4.74889763e-02 1.60141802e+00
 4.45149094e-02 4.41219099e-02 1.42086112e+00 1.75176412e-02
 7.70246983e-01 5.04651554e-02 4.58048470e-02 1.33672276e+01
 6.26894534e-02 5.09820133e-02 2.67827988e-01 3.92382193e+00
 6.39092386e-01 3.19586731e-02 6.81020766e-02 3.03948224e-02
 1.16195157e-03 4.57787402e-02 2.56109424e-02 1.62621886e-01
 5.39342314e-02 7.20505714e-01 4.82144012e+01 2.50330806e+00
 5.94732910e-02 6.15114011e-02 1.05378702e-02 7.11742938e-02
 1.03285387e-01 5.37628680e-03 6.04860857e-02 6.31134510e-02
 6.00491650e-02 4.05761414e+02 2.21578218e-02 6.42443076e-02
 3.90557088e-02 1.11887485e-01 2.59959735e-02 1.73742846e-02
 2.69764662e+00 4.07421365e-02 1.26954630e-01 7.85519123e+00
 4.63942066e-03 1.86660327e-02 4.20513153e-01 3.41711760e+00
 2.72837169e-02 3.72218676e-02 7.44392127e-02 3.00556809e-01
 3.97658236e-02 5.27653575e-01 2.30245143e-02 1.11861899e-03
 5.99682331e-03 6.31828247e+02 2.98398495e-01 2.19777711e-02
 3.81475240e-02 8.74284804e-02 1.26953214e-01 1.01150610e-02
 1.34703703e-02 1.66068539e-01 5.47182001e-02 9.10007191e+00],-972.9103,-1013.32837,-1496.6376,1.0180422,1.3157649,0.9230424,0.9268044,4256.4253,-229.24178,8822.468,1066.0608,1.1966981,0.2721144,0.12314396,-1062.143,1062.143,[1.85857681e+02 5.74032745e+01 4.34671436e+03 4.80847559e+03
 1.25779675e+03 1.35904522e+01 2.15803070e+01 1.10174332e+02
 7.02612915e+01 2.64983179e+03 1.08141631e+04 2.65691891e+01
 1.18702070e+04 5.17465149e+02 1.21600708e+02 1.17773352e+03
 3.91594531e+03 6.20303059e+00 1.88703690e+01 5.49315857e+02
 1.12645180e+02 1.75428101e+02 6.68576062e-01 6.84628357e+02
 3.57229297e+04 2.84618433e+03 4.47026001e+02 8.89042969e+02
 1.14082237e+02 1.62997803e+03 7.46355286e+01 3.55150024e+02
 2.47549057e+01 4.87986279e+03 6.09753809e+03 6.14317676e+03
 5.62094841e+01 4.68178894e+02 2.23481680e+04 4.24572876e+02
 8.66509863e+03 3.01142311e+00 3.61769440e+02 2.38482361e+02
 1.63686289e+04 4.19994011e+01 3.41514922e+04 1.58363352e+01
 8.03973486e+03 9.30749688e+04 1.37225311e+02 2.26887109e+04
 7.29187622e+01 1.21188521e-01 1.48353863e+01 4.27672310e+01
 4.18791901e+02 1.45966833e+03 8.38942676e+03 2.65405025e+01
 3.86797857e+00 1.63034172e+01 3.83683319e+01 7.85591003e+02
 2.30375366e+03 1.55033312e+01 9.14815140e+00 2.91023388e+01
 8.25093460e+01 1.08876819e+03 1.30055828e+01 4.74714766e+04
 3.06173672e+04 2.95985222e+01 1.38941816e+04 6.14462891e+03
 6.21048450e+00 6.25841761e+00 2.00299957e+02 4.58909363e+02
 9.27328568e+01 7.59707642e+00 5.56068066e+03 2.87657202e+03
 5.24789095e+00 4.85677441e+03 1.30931234e+00 1.26160730e+03
 1.42473608e-01 4.66831551e+01 4.57316357e+03 7.29933381e-02
 5.79030151e+01 6.77305054e+02 8.40250587e+00 9.21589661e+01
 2.99317090e+03 4.98289734e+02 1.93928940e+02 9.99104385e+01
 1.62984092e+04 1.49619112e+01 1.20832767e+01 9.29061699e+00
 4.40518311e+02 6.41879082e+00 3.00239258e+01 7.26862073e-01
 1.36224570e+04 1.68053093e+01 2.74513965e+04 2.14499054e+02
 2.75498962e+02 1.03337158e+03 3.85815811e+01 6.00135536e+01
 4.13527100e+03 7.59510352e+03 5.05944531e+03 1.40031006e+02
 6.26257031e+03 4.28894287e+03 6.77439270e+02 8.06441593e+00
 6.33749512e+02 6.39313828e+04 1.61992073e+01 2.04817657e+01
 1.21179447e+01 1.06228104e+02 8.89647388e+00 4.96836319e+01
 4.82870865e+00 1.60210876e+01 4.20108594e+03 2.61848717e+01
 3.27401582e+04 6.41461792e+01 1.56145420e+04 1.40496228e+03
 1.68127804e+01 7.94571757e-01 8.87618457e+03 2.12213965e+04
 1.31372620e+02 3.59715819e-01 5.98068237e+02 3.16036328e+04
 1.58492255e+00 2.90193628e+03 2.23656934e+03 2.77531914e+04
 4.58961525e+01 1.94321594e+02 4.84069219e+04 7.65211716e+01
 1.35566628e+00 6.39065819e+01 5.59857607e+00 2.15136070e+01
 4.10131226e+02 1.07427320e+01 9.86434668e+03 4.06590796e+03
 1.62528057e+01 1.88848022e+02 3.73396289e+03 4.79127734e+03
 8.23385938e+03 3.02012500e+03 7.44474561e+03 1.08609834e+04
 7.44766211e+03 1.07296416e+04 2.25433203e+04 9.72590351e+00
 1.30683362e+00 7.42666721e+00 1.25310768e+02 1.63350201e+01
 6.78943726e+02 1.65587234e+01 1.30436816e+03 4.87323151e+01
 5.40984383e+01 1.16928230e+02 2.92922715e+04 3.11195361e+03
 4.73746948e+02 4.11110458e+01 9.59096336e+00 7.73253098e+01
 1.97030042e+03 2.48121484e+03 3.41075230e+00 1.52934883e+04
 5.77403717e+01 7.12378125e+04 3.14004135e+00 7.70132160e+00
 3.83006477e+00 4.22790894e+02 2.09164938e+05 1.11954262e+02
 1.35002460e+01 3.35046478e+02 3.87918639e+00 1.58878418e+04
 3.70055313e+01 4.60480371e+03 2.53984909e+01 4.55213394e+01
 5.33977686e+03 2.01926160e+03 4.60544472e+01 5.90968750e+02
 1.35377295e+04 3.33627461e+04 1.50368071e+01 1.76567090e+03
 1.22695999e+01 6.62080469e+03 2.46251831e+01 1.99294849e+03
 4.00749588e+01 3.54488477e+03 3.82397690e+01 4.49445391e+00
 6.94072510e+03 5.35794296e+01 5.14772363e+03 8.62639648e+03
 1.74966045e-02 5.17814732e+00 6.77717686e+00 4.21209778e+02
 1.12126331e+03 1.74141636e+01 8.94680328e+01 1.95540886e+01
 4.80128076e+03 1.18888645e+01 1.67140818e+00 1.48256012e+02
 3.05807617e+04 4.86019141e+03 3.38953369e+03 2.18308765e+03
 3.73712280e+02 4.53062782e+01 1.10867969e+03 1.60861011e+03
 1.44272293e+02 2.66067480e+03 8.12744827e+01 2.46096998e-01],7589.206,[2.11809250e+02 2.25554214e+02 9.19793594e+04 6.08100244e+03
 1.72300020e+04 1.36522031e+04 8.40776672e+01 1.47302902e+02
 4.91526566e+01 3.85339282e+03 6.84492676e+02 1.21923752e+01
 2.43676440e+03 4.92846985e+02 5.42019796e+00 2.15715405e+03
 1.58303506e+04 5.69259644e+01 7.81286573e+00 2.12815742e+04
 2.61976509e+01 1.05398178e+02 1.31901493e+01 1.77514236e+02
 7.05180420e+03 3.34181543e+03 5.20092852e+04 7.88965271e+02
 3.15515137e+02 1.63476123e+03 4.05042038e+01 2.18586456e+02
 1.43436604e+01 3.71320996e+03 7.07383301e+03 2.62173867e+04
 3.77842773e+02 1.76946930e+02 5.20713818e+03 1.07072539e+04
 3.05522705e+03 7.29238987e-01 2.42089102e+04 8.05466797e+02
 3.37152100e+03 2.47105560e+02 3.72568115e+03 4.97134161e+00
 1.52986499e+03 3.40067461e+04 1.35492029e+01 1.19802793e+04
 1.43621231e+02 1.91560287e+01 6.01058197e+00 1.27349890e+03
 4.44397369e+02 4.29603699e+02 8.09283154e+03 4.35841446e+01
 5.77827394e-01 6.16438580e+00 1.90174225e+02 2.14017871e+03
 3.96447998e+03 1.54521084e+01 7.34114227e+01 1.00260878e+01
 1.36655380e+02 1.67532402e+04 7.71429565e+02 6.66020703e+03
 6.44617578e+03 7.18889046e+00 1.22909805e+04 3.48565918e+03
 9.01929665e+00 1.51670218e+01 3.48687897e+01 3.12629150e+02
 7.34873596e+02 3.19288373e-01 7.65075073e+02 6.69864868e+02
 2.15019398e+01 3.12672656e+03 6.02193737e+00 2.81592090e+03
 3.51285172e+00 1.16553940e+02 2.68443604e+03 3.27759552e+01
 5.84404259e+01 5.33612109e+03 4.74368820e+01 5.92238647e+02
 2.69706172e+04 7.95257910e+03 2.52864609e+02 1.67089500e+01
 2.21125762e+04 8.20696716e+01 1.49750624e+01 5.03508520e+00
 1.22540391e+04 2.35933495e+01 7.57159853e+00 8.40901089e+00
 3.99555176e+03 7.69240265e+01 1.62137964e+03 1.02072430e+03
 2.33349472e+02 5.97797314e+03 3.08627338e+01 7.79963064e+00
 3.62428174e+03 5.95087463e+02 1.65677173e+03 4.59132904e+02
 2.23256875e+04 6.50611328e+03 7.58781586e+01 4.49527168e+01
 4.22679297e+03 2.25517520e+04 3.25138741e+01 1.36695770e+02
 4.25138817e+01 6.81689209e+03 1.27096901e+01 1.71275406e+02
 5.72894955e+00 1.54006338e+00 4.54297104e+01 5.17920837e+02
 2.33272500e+04 6.40843750e+02 6.89856445e+03 1.19909216e+03
 1.17777489e+02 6.53653383e+00 8.59314355e+03 7.92435364e+02
 1.54775024e+02 1.51747284e+02 1.84823706e+03 1.61819248e+04
 1.93761277e+00 6.34720605e+03 2.82622715e+04 8.74129766e+04
 6.76886444e+01 1.13356049e+02 1.43856758e+04 1.28466156e+02
 1.15215139e+01 9.23743210e+01 2.70245409e+00 7.72476425e+01
 8.92676819e+02 1.95581245e+01 2.62061367e+04 1.97903625e+02
 3.14046230e+01 3.58431274e+03 5.55660840e+03 1.42511182e+04
 4.00628223e+03 1.98746558e+03 6.33840332e+03 1.64041836e+04
 7.99706328e+04 9.38446094e+03 1.43237842e+04 1.11796227e+01
 2.13751869e+01 1.19267726e+00 7.72216797e+02 6.52892273e+02
 2.50230957e+02 4.42745876e+00 2.49214727e+04 4.88178406e+01
 1.12558052e+02 4.96757019e+02 3.34837539e+04 4.70063568e+02
 1.14623389e+03 4.76406937e+01 6.22471428e+00 3.97246582e+02
 4.29530579e+02 1.66373157e+03 3.46555138e+00 4.33313202e+02
 8.79688568e+01 8.79856348e+03 8.80032730e+00 3.73486185e+00
 2.72290344e+01 2.60848572e+02 2.23921448e+02 3.86257080e+03
 1.50514631e+01 2.73039648e+04 1.02052345e+01 6.67886734e+01
 2.41507053e+01 4.97809668e+03 2.35965099e+01 8.74164734e+01
 9.49912988e+03 1.09417031e+04 7.14184265e+01 4.87849884e+01
 3.99825854e+03 3.98928418e+03 1.74685707e+01 2.10015605e+04
 2.34860611e+02 1.56511459e+02 1.66548100e+01 1.17390918e+03
 5.56380882e+01 2.94488086e+04 2.13223633e+02 1.15732670e+01
 4.60074036e+02 8.91458969e+01 6.61742188e+02 7.38542862e+01
 3.08655720e+01 1.10377514e+00 1.60878582e+01 5.24841064e+02
 1.49115625e+04 1.51922089e+02 1.72376328e+02 1.73859155e+03
 1.57054746e+04 2.66173496e+01 5.82738533e+01 6.48695781e+04
 5.29769104e+02 4.93982617e+03 3.91822095e+03 3.77253164e+04
 1.48124680e+02 3.23218689e+02 5.24288232e+03 2.55576602e+04
 2.56537262e+02 4.39439148e+02 8.29881641e+03 1.79060421e+01],-969.1068,-1095.4802,-1480.9949,1.52334,11.010975,0.27439672,0.9343433,0.015542246322631835,6510.880540370941,0.125,0.125,0.06441713783130684,3.470903039406119e-07,0.06441715310543072,2.699005982498432e-07,0.2766639777140187,25.249999999996884,0.0,400000.0,-10.0,-5000.0,500.0,7.372355699539185,400000
1011.4616,0.03764549,0.08428207,0.0024418393,-1010.5811,1010.5811,[8.52882043e-02 4.40055206e-02 4.17939644e+01 3.44801135e-02
 4.28295422e+00 8.94271374e+00 3.51298237e+00 4.83389385e-02
 6.74353242e-02 4.83426690e-01 5.16875803e-01 7.40859509e-01
 2.53927350e+00 1.03420287e-01 1.69561028e-01 8.30564648e-03
 1.83495903e+00 2.26754546e+00 5.00040114e-01 2.35692069e-01
 2.01532602e+00 7.02042356e-02 5.30409515e-01 9.30508524e-02
 4.29022312e-03 1.73821636e-02 2.83377655e-02 1.65965939e+00
 9.31189728e+00 3.23822355e+00 9.29377675e-02 8.39059472e-01
 2.07443476e-01 3.88405859e-01 9.04515386e-02 9.94932801e-02
 1.39955893e-01 3.77315581e-01 5.13811857e-02 3.63285840e-01
 5.69194928e-03 1.88998491e-01 1.06049180e-01 5.19102097e-01
 5.40701389e-01 8.76438767e-02 9.44586843e-02 1.36191773e+00
 5.13703585e-01 4.08116937e-01 2.54263580e-01 4.91146632e-02
 1.99027851e-01 1.10958130e+02 1.57613643e-02 1.93103433e-01
 2.01769426e-01 1.26399562e-01 8.23462009e-02 2.09657885e-02
 1.59015790e-01 1.19936247e+01 1.08776852e-01 1.85377598e-01
 2.06287652e-01 6.60282075e-02 6.78957999e-03 4.01261425e+00
 1.28628686e-01 3.24421906e+00 2.67096795e-02 6.58083260e-02
 3.24852905e+01 1.06434345e-01 2.40817636e-01 2.19238102e-02
 2.15643024e+00 1.93898976e+00 1.21008193e+00 3.81878257e-01
 5.91847487e-02 1.08013824e-02 3.16208974e-03 4.16674652e+02
 5.46615601e+01 1.74508125e-01 5.27234375e-02 1.05448179e+01
 9.75231707e-01 2.29322600e+00 4.45710011e-02 2.31090933e-03
 1.58324003e-01 9.38968435e-02 8.87268931e-02 4.00589019e-01
 2.74208546e-01 5.72339821e+00 1.22616924e-02 1.00773439e-01
 2.66666651e+00 1.84721053e-02 4.72920835e-01 4.30880547e+00
 3.41530181e-02 1.75772935e-01 6.74859703e-01 1.15333939e+00
 1.75521314e-01 2.21897662e-01 2.16452628e-01 1.41286805e-01
 6.52258843e-02 1.33527070e-02 8.13045502e-02 7.88369775e-02
 3.79491933e-02 2.32658423e-02 6.65784627e-03 9.83742774e-02
 7.17072904e-01 1.37136889e+00 3.99599880e-01 9.61930466e+00
 7.91932821e-01 2.07521737e-01 1.38328505e+00 1.07700539e+01
 7.77631998e-02 4.69975248e-02 8.99219811e-02 3.17503214e-02
 4.30654325e-02 4.07734066e-02 1.94313005e-03 7.32352304e+00
 2.16540545e-01 2.72572637e-01 5.07562923e+00 1.07486352e-01
 1.19227916e-02 1.23796678e+00 2.30943036e+00 1.14256471e-01
 1.22880161e-01 2.33968639e+00 1.22658215e+01 1.89376727e-01
 3.59871164e-02 4.37463671e-02 4.33711338e+00 2.35476208e+00
 1.55152369e+00 6.98664284e+00 1.36898845e-01 1.69169098e-01
 7.37423658e-01 7.19685555e-02 1.32009134e-01 5.16568661e-01
 8.82135928e-02 5.87216765e-03 1.78391114e-02 1.44963920e-01
 4.32332897e+00 2.55427420e-01 9.59164947e-02 1.09435940e+00
 2.98177898e-01 1.59373969e-01 3.98070431e+00 2.98711157e+00
 9.11763608e-02 2.15039992e+00 7.77543187e-02 3.51601243e-02
 1.66474536e-01 2.75755562e-02 4.21915688e-02 9.16957617e-01
 2.38625273e-01 3.68549442e+00 5.75454906e-02 6.38060713e+00
 7.77649879e-02 2.72945940e-01 2.34998181e-01 3.61445919e-02
 5.00331521e-02 6.31000662e+00 1.57979503e-01 4.80582714e+00
 2.41914131e-02 3.39549208e+00 3.92363429e-01 4.31322008e-01
 2.14723358e+01 7.03966320e-02 6.09964967e-01 6.94730878e-03
 1.82963908e-03 8.78022373e-01 1.91987231e-02 5.03494516e-02
 7.56600872e-02 4.12924476e-02 1.20905235e-01 7.71139115e-02
 1.34560004e-01 8.78912210e-03 1.22324869e-01 3.03657579e+00
 3.23900953e-02 6.94476515e-02 7.47881830e-02 8.46540630e-02
 6.85811937e-02 9.68253016e-02 4.49725688e-01 6.18780293e-02
 2.01184168e-01 6.01571687e-02 7.91707754e-01 7.96282440e-02
 3.92339416e-02 2.72146240e-02 3.33054423e-01 8.57624114e-02
 2.00213790e+00 3.17982212e-03 5.23113728e+00 2.72302818e+00
 9.49515915e+00 1.41575590e-01 1.57577887e-01 3.09655619e+00
 3.27467966e+00 2.46887589e+01 2.63171732e-01 2.67027998e+00
 1.41807854e-01 2.07865268e-01 3.63643654e-02 4.34597969e+00
 3.98956612e-02 9.15687466e+00 1.03740051e-01 1.46496549e-01
 3.44204791e-02 1.12983316e-01 6.35513812e-02 8.59928429e-02
 7.02300370e-02 5.46650350e-01 1.83408573e-01 1.20554581e-01],4.6617947,[1.65670753e-01 1.00489557e-01 6.75643539e+01 5.75629473e-02
 7.56442904e-01 8.30823612e+00 7.46298790e-01 3.12601835e-01
 9.46110040e-02 6.97258487e-02 6.83962882e-01 4.19708729e-01
 9.81949210e-01 1.85387343e-01 2.21956313e-01 1.10530689e-01
 1.39892364e+00 8.69098186e-01 5.85784137e-01 1.84363693e-01
 4.47717619e+00 4.90208983e-01 3.95540148e-02 1.07006326e-01
 4.89247590e-02 9.16553736e-02 1.71438605e-01 5.24384212e+00
 2.18454987e-01 4.30922896e-01 1.16649583e-01 8.43122974e-03
 1.36922389e-01 6.04698002e-01 1.57532692e-01 1.23569936e-01
 2.05258071e-01 3.70175552e+00 1.56312898e-01 1.27274767e-01
 8.06456283e-02 1.79222256e-01 3.33274156e-02 1.70444417e+00
 4.08250183e-01 3.12785879e-02 1.07722171e-01 3.50377738e-01
 1.23180315e-01 2.48596966e-01 1.43961632e+00 8.42430070e-02
 7.82769978e-01 2.01912735e+02 5.77825308e-01 4.97809291e-01
 5.85128069e-02 5.35417199e-02 6.16570115e-02 1.02019206e-01
 2.62987614e+00 1.34565487e+01 3.39043885e-02 3.77995014e-01
 1.58639550e-02 1.33235246e-01 7.99591690e-02 1.46553978e-01
 4.40687314e-03 2.00887918e+00 9.90144163e-02 1.16741806e-01
 3.87061005e+01 1.40099719e-01 4.64070924e-02 4.47247028e-02
 5.05546093e-01 1.21839583e+00 1.90840125e+00 1.80508137e-01
 1.12564117e-01 7.59863257e-02 4.64580804e-02 2.46419556e+02
 4.42350340e+00 2.95989841e-01 1.12350151e-01 6.41402292e+00
 1.17437649e+00 5.89537501e-01 9.10118967e-02 1.02282062e-01
 3.48220646e-01 1.12012364e-01 1.70532048e-01 1.72727734e-01
 1.47888079e-01 3.23833525e-03 4.94407304e-02 9.18544009e-02
 2.59146482e-01 1.18965283e-01 9.41538960e-02 4.95620556e-02
 1.84697449e-01 6.39831871e-02 1.02629401e-02 5.21627545e-01
 1.18940055e-01 1.53239593e-01 2.51394331e-01 4.59526092e-01
 9.27909017e-02 3.50080915e-02 1.79661512e-01 1.29437342e-01
 1.19668275e-01 3.67524683e-01 8.66421461e-02 2.44182184e-01
 7.15731531e-02 1.05416834e-01 2.39468738e-01 5.77708292e+00
 1.97488904e-01 1.63550925e+00 5.65784514e-01 2.99724877e-01
 7.05619574e-01 9.13586915e-02 1.00632191e-01 6.18524104e-03
 3.38191867e-01 1.81105137e-01 3.90110686e-02 3.36120397e-01
 3.56256634e-01 2.17342451e-01 9.48777914e-01 1.58696011e-01
 3.99216302e-02 1.22710538e+00 5.47881305e-01 9.13232341e-02
 3.34483445e-01 2.46257496e+00 2.19092731e+01 2.07191542e-01
 1.67445794e-01 1.22568399e-01 1.74199569e+00 3.49502832e-01
 6.76308274e-02 2.09355369e-01 4.92098220e-02 2.55869716e-01
 5.52287251e-02 5.25802374e-01 3.21121603e-01 1.17143607e+00
 1.11340061e-01 4.81006876e-02 5.33900559e-02 3.07073563e-01
 2.31210852e+00 1.24997318e-01 9.16498750e-02 6.97974712e-02
 5.76372266e-01 1.01020575e-01 2.61066139e-01 1.25468835e-01
 2.13300347e-01 8.44359994e-01 2.10553184e-01 6.74817711e-02
 3.61657292e-01 1.39511764e-01 2.80813336e-01 6.39075637e-02
 1.70985326e-01 5.72626665e-03 8.37095976e-02 1.21501789e+01
 1.41547218e-01 1.15965441e-01 1.71163470e-01 9.32687670e-02
 2.16838300e-01 4.36508209e-02 3.85735464e+00 1.60143562e-02
 5.41394539e-02 6.72445446e-02 9.64460850e-01 1.47347167e-01
 8.42072487e+00 2.34905362e-01 4.16743942e-02 6.99890494e-01
 6.44170046e-02 3.32525373e-01 8.89909863e-02 1.61542833e-01
 1.09796450e-01 2.92543352e-01 4.59051311e-01 2.59595215e-01
 1.71095997e-01 6.36841357e-02 2.53713042e-01 1.69716150e-01
 1.51484445e-01 2.79269159e-01 9.47552323e-02 1.66280359e-01
 1.78728774e-01 1.93117201e-01 6.67815924e-01 4.23232675e-01
 1.13749349e+00 2.56214291e-03 1.46044791e-02 7.12638497e-02
 8.31171691e-01 9.01352763e-02 6.55106604e-01 1.22543573e-01
 2.41214424e-01 7.16486946e-02 9.53781605e-01 9.36494172e-01
 9.97409248e+00 8.98940563e-01 5.42622447e-01 8.58404350e+00
 2.80500591e-01 2.39845886e+01 5.67289531e-01 1.91910324e+01
 3.79610002e-01 3.95030200e-01 1.27485469e-01 1.32087559e-01
 7.81041086e-02 4.52698231e+00 2.48991638e-01 6.72670007e-01
 1.31108895e-01 6.09216467e-02 7.66881704e-02 1.08269393e-01
 2.65278965e-01 4.14941251e-01 3.86211306e-01 5.66480339e-01],-971.4309,-1013.49365,-1481.8717,1.0161643,1.140269,0.9531919,0.9267039,168.76886,-1382.6147,2846.6743,1060.6807,1.1333573,0.3016486,0.11981775,-1056.5308,1056.5308,[7.94043045e+01 8.38943481e+00 2.27102642e+01 1.26597404e+01
 1.92558548e+02 4.22673828e+03 5.77036438e+02 5.12482910e+01
 9.13342297e-01 1.82079407e+02 4.77255058e+00 6.54506302e+01
 8.40342140e+00 2.85045059e+04 3.19218998e+01 1.09479902e+04
 2.51234883e+04 1.31856055e+03 1.51406891e+02 1.43158486e+04
 3.47474766e+04 1.60735138e+02 4.30201250e+04 7.91786804e+01
 7.70152344e+03 2.81070023e+01 9.67744541e+00 8.91991333e+02
 4.85929047e+02 3.18227753e+02 1.37260086e+02 8.30911484e+01
 4.36904541e+02 1.72305039e+04 3.88870010e+01 1.14743469e+03
 1.80602559e+04 1.20388730e+04 9.89396691e-01 6.26615753e+01
 7.76388092e+01 6.56328535e+00 1.03881970e+03 1.63216406e+03
 7.52894287e+01 2.08224289e+02 8.00373474e+02 8.27259674e+01
 2.28084082e+03 9.84143164e+03 2.21934961e+03 6.15546387e+02
 9.38780664e+03 1.43018360e+01 5.47477695e+04 3.88291430e+00
 4.11576653e+00 1.33074707e+03 2.06847591e+01 2.53008785e+01
 9.49139786e+00 3.57909241e+01 6.31358594e+03 1.11974773e+05
 6.00523828e+03 9.33360938e+03 5.11229922e+04 9.86830078e+03
 1.89966504e+03 1.62217159e+01 5.87039185e+01 1.22347913e+03
 1.09385376e+02 8.00147533e+00 1.15258203e+03 7.76986719e+04
 9.41954297e+03 7.31123581e+01 9.04310913e+01 3.06194519e+02
 4.55056190e+00 6.86651917e+02 1.23142725e+03 1.04315186e+02
 2.15068245e+01 3.28865997e+02 4.26288319e+00 3.30179749e+01
 4.60370026e+01 6.16148720e+01 2.48507275e+03 5.16736641e+04
 3.15688801e+01 2.76072693e+01 1.56186187e+00 6.69572983e+01
 7.88880692e+01 6.16648926e+03 2.07691696e+02 3.11809805e+04
 3.38410759e+01 1.59590940e+01 1.24163984e+04 6.60986481e+01
 9.56225967e+00 4.29806328e+00 5.64289746e+03 1.15180908e+02
 3.67406079e+03 2.16364765e+01 5.55345166e+03 3.93029022e+01
 6.66285625e+04 8.14207077e+01 1.73412988e+03 4.81797409e+01
 4.87216748e+03 1.24096130e+02 2.01688290e+01 7.91809277e+03
 1.74366387e+04 2.96929443e+02 1.14546948e+03 5.48856384e+02
 2.13529922e+04 1.03003000e+05 3.76926279e+00 5.24337891e+02
 3.43386230e+02 8.96473694e+01 1.00467212e+03 3.09819150e+00
 9.18490601e+00 5.18213310e+01 1.57519639e-01 6.14081097e+00
 2.86434043e+04 2.12531934e+03 9.16918564e+01 1.46382031e+05
 2.05002960e+02 1.16928101e+02 3.80679398e+01 8.94534302e+00
 1.18268280e+02 3.28547745e+01 1.36253174e+04 2.06650854e+03
 2.16386471e+01 3.53865332e+03 1.47094402e+01 1.09860229e+01
 1.21934525e+02 3.44053772e+02 8.14129333e+02 4.35564850e+02
 1.10870264e+03 4.74459496e+01 3.62836957e+00 2.61497131e+02
 3.26086502e+01 2.78347594e+05 7.22111328e+02 1.62345449e+04
 2.06126797e+04 1.84336816e+03 1.43108276e+02 1.93508797e+01
 5.34841797e+03 5.51998730e+03 2.97316017e+01 3.90885186e+00
 8.62438488e+00 1.12997742e+01 3.35379547e+02 1.62372012e+04
 1.78927338e+00 5.59990406e+00 4.95459912e+03 1.93135452e+00
 3.75864453e+03 2.86634636e+01 6.74346680e+02 8.23698730e+02
 3.91241765e+00 1.23454482e+04 3.57885323e+01 4.27365065e+00
 9.38937531e+01 9.73521851e+02 1.75895801e+04 6.90643082e+01
 7.16075745e+01 1.52171583e+01 6.34658752e+02 2.12925522e+02
 2.55130352e+04 8.99715454e+02 1.34493576e+02 4.08443213e+03
 2.02728369e+03 4.39212761e+01 2.64617634e+00 7.23818741e+01
 9.04181004e+00 3.58448486e+01 1.29536914e+03 7.67906189e+01
 1.31316315e+02 1.30999405e+02 2.06727924e+01 7.48297119e+03
 1.05035458e+01 8.16130981e+01 7.34821289e+02 2.31276398e+02
 1.79092634e+00 5.66585352e+03 3.32443810e+00 3.78400513e+02
 1.51274194e+03 1.64041862e+01 5.48285770e+00 4.23817017e+02
 9.19342422e+00 5.13263855e+01 8.94197998e+02 2.80823040e+01
 2.46400394e+01 3.62847543e+00 1.97389641e+01 4.11160400e+03
 7.31133699e+00 5.64602686e+03 1.13006973e+04 6.75875015e+01
 2.01922717e+03 3.03056297e+01 1.51544873e+03 1.13717798e+03
 1.61593201e+02 1.91401505e+02 1.37110992e+02 3.66777725e+01
 4.01805458e+01 5.08801727e+01 4.36221924e+03 1.05709404e+02
 1.02124487e+03 6.14715338e+00 1.24521309e+02 3.45970117e+04
 2.06514549e+01 9.68952751e+00 1.14536438e+03 4.74102669e+01],11270.834,[2.03326855e+03 2.49889278e+01 5.79602737e+01 4.07218838e+00
 4.86331879e+02 4.17228662e+03 1.30592227e+04 3.53294563e+01
 1.44845295e+00 1.95885891e+05 5.66873074e+00 1.29639912e+04
 1.80191078e+01 5.17069023e+04 6.39159355e+01 8.66872070e+02
 3.32555625e+04 1.47214453e+03 3.71678894e+02 1.32407324e+04
 5.94693516e+04 1.60769699e+02 3.81118789e+04 7.66929492e+03
 2.58661211e+04 1.09522011e+02 8.16320572e+01 5.67182068e+02
 2.23781226e+03 5.16647656e+03 6.77423325e+01 5.89320984e+02
 4.56286926e+02 3.13351782e+03 4.49265137e+01 1.08021570e+03
 1.18730273e+04 5.39967590e+02 3.43756104e+00 9.97142151e+02
 1.06984777e+01 3.07542181e+00 3.76963672e+03 6.57013779e+01
 6.29622498e+01 1.98829272e+03 1.62010706e+03 4.20340881e+01
 2.13868848e+04 1.52404189e+04 1.85313574e+03 1.01724312e+02
 2.28518829e+01 2.03396683e+01 1.68462422e+04 1.49079037e+01
 1.84370279e-01 2.40932373e+03 2.13811741e+01 1.27557438e+05
 1.02599316e+01 2.05916484e+04 1.35444992e+02 1.11891344e+05
 1.95261934e+04 1.59412781e+03 1.74474941e+04 7.02627783e+03
 2.16640527e+03 3.78010416e+00 1.09033829e+02 1.07601074e+03
 8.39358368e+01 2.17900372e+00 1.19237109e+04 5.70293457e+03
 1.02892586e+05 1.27483582e+02 4.07959167e+02 1.56150354e+03
 1.04462662e+01 6.28267891e+04 1.95904785e+03 1.23819267e+02
 4.68483505e+01 1.34592041e+03 2.14887543e+01 7.75101471e+01
 5.93723297e+00 2.06793915e+02 2.47973779e+03 4.69116974e+02
 5.83694077e+01 7.24818611e+00 3.11462158e+02 8.08671646e+01
 1.46707996e+03 1.39204551e+04 1.27014873e+04 2.49105176e+03
 7.71159744e+01 1.71899834e+01 4.34702197e+03 1.26377332e+03
 4.05986041e-01 5.50070984e+02 8.05043066e+03 5.06025696e+01
 1.24936504e+04 2.38432713e+01 5.21153516e+03 5.61073151e+01
 4.75421094e+03 1.06592979e+02 1.83604358e+03 1.38311386e+02
 9.14411172e+04 2.57653046e+02 1.98279572e+01 2.92429570e+04
 4.54863129e+02 4.58110580e+01 8.78594922e+03 3.81540344e+02
 9.10124707e+03 2.75647617e+04 4.86529970e+00 1.24209692e+03
 3.01256073e+02 1.61513306e+03 3.75761139e+02 1.21319723e+01
 6.14353600e+01 9.40937653e+01 1.52367615e+03 1.55627239e+00
 1.40030920e+03 2.51765254e+04 1.75943604e+02 2.13781367e+04
 8.53821973e+03 1.03893906e+02 5.13956528e+01 3.03739395e+01
 2.82000537e+03 3.53913999e+00 5.01947119e+03 1.97336639e+02
 6.37989426e+01 3.86673486e+03 1.80312057e+02 1.38918359e+04
 1.66188278e+02 5.36287659e+02 5.26359131e+02 2.04394934e+03
 3.34946021e+03 1.11235367e+02 1.60598679e+01 1.87837109e+04
 3.36044693e+01 1.18561227e+05 8.46985449e+03 2.80132559e+04
 1.83616455e+02 8.41640198e+02 2.04557031e+04 8.97497368e+00
 4.17073633e+03 2.32809521e+03 1.05502930e+01 4.26522541e+00
 2.46854233e+02 1.70875530e+01 1.27208911e+03 2.31276934e+04
 2.75965004e+01 2.44595098e+00 1.40681152e+04 2.96561450e-01
 1.64596753e+03 9.08138371e+00 7.12107812e+03 7.10784546e+02
 3.87622223e+01 2.31928223e+03 5.13861771e+01 1.13500824e+02
 1.96242638e+01 1.61574084e+03 1.55883398e+03 3.59552231e+01
 9.08651276e+01 2.24895840e+01 7.12667542e+02 6.72254883e+03
 8.79820215e+03 2.12960474e+03 5.98931680e+04 2.38719574e+02
 8.45554321e+02 6.39970493e+00 3.01503857e+03 2.41592789e+01
 7.54555035e+00 7.35971985e+01 7.43373230e+02 1.07444141e+03
 7.86380844e+01 1.99932250e+05 5.31061745e+00 1.34210273e+04
 5.33646164e+01 1.70543747e+02 1.49593674e+02 1.19606086e+05
 1.02102470e+00 2.76182007e+02 8.79723167e+00 2.28531172e+04
 1.12331299e+03 5.98082227e+03 3.37202358e+00 1.46208271e+04
 5.64971638e+00 3.92267342e+01 1.51360382e+02 1.36238899e+01
 4.05123329e+00 3.86497068e+00 5.63555002e+00 3.57035742e+03
 1.07045345e+01 9.53894141e+03 1.71980840e+04 2.00999390e+02
 4.03317603e+03 2.83030491e+01 6.84934277e+03 5.98046826e+03
 2.64131113e+04 6.14906543e+03 8.41259995e+01 5.32846603e+01
 2.30431076e+02 1.11669052e+02 1.29019219e+04 4.68760132e+02
 5.34359009e+02 1.65574455e+01 9.12555542e+01 8.72026660e+03
 4.42371368e+01 7.75925398e-01 7.98534302e+02 1.69421978e+01],-966.84155,-1091.022,-1466.1577,2.2376537,122.354294,0.2584416,0.9374492,0.016280958652496336,6917.904523134232,0.125,0.125,-0.24539572244005586,-0.0005664688390908869,-0.24541953269817854,-0.00042154608664726935,-1.0552842153298716,25.249999999996884,0.0,425000.0,-10.0,-5000.0,500.0,7.376246929168701,425000
1005.6792,0.062251545,0.09098046,0.0018019505,-1004.70715,1004.70715,[4.78575416e-02 5.01525775e-02 1.43469095e-01 2.92742367e+01
 9.03360486e-01 5.67246228e-04 8.58507442e+00 1.57248783e+00
 4.98746783e-02 5.55409864e-02 3.19863297e-02 1.14107723e+01
 6.72666878e-02 8.97854042e+00 9.87637788e-03 5.68604507e-02
 4.21705022e-02 8.87502074e-01 3.33041215e+00 3.41283865e-02
 1.31271765e-01 4.44564000e-02 8.56838524e-02 4.07970333e+00
 5.10496855e-01 1.83782592e-01 2.75136903e-02 3.62688601e-01
 4.27019596e-03 9.64873672e-01 5.15179113e-02 4.48586978e-02
 6.74886703e-02 6.24518171e-02 4.11485195e-01 2.70616293e+00
 6.86309242e+00 5.00458814e-02 2.55053677e-02 3.19898166e-02
 1.51602685e+00 1.41666722e+00 2.42629685e-02 2.50855598e+01
 3.20610428e+00 4.66977693e-02 4.06818427e-02 1.23078763e+00
 3.45841721e-02 1.11184604e-02 5.33705093e-02 1.79806501e-02
 2.31480980e+00 1.02735594e-01 3.09815216e+00 4.79480028e-01
 5.38224268e+00 7.44033575e-01 7.46226683e-03 1.50284559e-01
 2.76378170e-02 4.00928795e-01 6.77507520e-02 5.50941564e-02
 4.05074842e-02 3.37318480e-01 8.50215927e-02 3.37323286e-02
 1.48803635e+01 3.82327020e-01 1.83417827e-01 1.11682005e-02
 2.46583559e-02 5.75691223e+00 7.35149235e-02 2.97708774e+00
 7.92947412e-02 4.78105211e+00 4.08619829e-02 5.98630495e-02
 9.29231495e-02 2.66163722e-02 9.32857895e+00 6.40852004e-02
 8.62953812e-03 5.46554662e-02 6.74034059e-02 1.09729671e+01
 3.96616745e+00 7.39033401e-01 7.06065446e-02 1.12819266e+00
 1.79988444e-02 1.13385752e-01 1.12062764e+00 1.76841557e-01
 6.95501864e-02 1.66259065e-01 3.88033271e-01 1.22811306e+00
 2.22223982e-01 1.58967228e+01 1.20122470e-02 2.40543604e+00
 2.00838193e-01 3.84337045e-02 1.24458045e-01 4.25037503e-01
 4.34773639e-02 5.45040727e-01 9.40123320e-01 4.41153385e-02
 7.28996843e-02 7.06308126e-01 2.75571831e-02 2.55277902e-02
 2.34028053e+00 6.24720044e-02 9.35687721e-02 8.42401147e-01
 6.27535433e-02 7.52967894e-02 6.53147876e-01 3.33045907e-02
 2.07472034e-02 2.23350242e-01 6.68298662e-01 5.56885004e+00
 3.57232764e-02 1.54858184e+00 2.16609001e-01 5.52708097e-02
 1.83859706e+00 1.00740576e+00 7.11028129e-02 3.06563050e-01
 4.70007099e-02 1.20676184e+01 6.84181750e-02 2.40676478e-02
 3.10057938e-01 2.11107209e-02 3.44413662e+00 1.99266672e+00
 9.11778063e-02 5.89274652e-02 6.32766634e-02 1.56037629e+00
 8.52791518e-02 5.16061969e-02 8.78192335e-02 5.55802062e-02
 6.52645975e-02 3.91194034e+00 2.07928896e-01 2.90426397e+00
 1.69061291e+00 1.20856434e-01 2.81219371e-02 1.63067055e+00
 2.73190045e+00 2.42391616e-01 2.51490641e+00 1.04556360e+01
 4.27076817e-02 6.22194409e-02 2.57565856e-01 5.18482216e-02
 6.90698624e-03 1.64870501e+00 7.06363320e-02 5.80338128e-02
 9.38459039e-02 2.02237621e-01 3.00225687e+00 8.58604670e-01
 6.70266449e-02 2.30607748e+00 1.10237193e+00 2.93310690e+00
 3.97413522e-02 2.68115187e+00 1.47657514e+00 9.62912589e-02
 3.05051863e-01 3.36566120e-02 2.71622427e-02 8.60527456e-02
 6.75272346e-02 5.00842214e-01 3.74416262e-02 1.11876655e+00
 2.14041211e-02 2.44549060e+00 2.11720653e-02 1.25277698e-01
 7.59428516e-02 5.36494628e-02 2.99205810e-01 2.57971317e-01
 1.34016275e-02 7.29069805e+00 1.45228222e-01 9.91399860e+00
 1.27610832e-01 3.26914079e-02 1.74446136e-01 1.10818405e+02
 4.57466580e-02 1.68407828e-01 5.34190685e-02 8.77109319e-02
 8.05004388e-02 5.17326593e-01 3.19857039e-02 6.26912862e-02
 9.74273831e-02 4.63966513e+00 2.46237889e-01 2.05893703e-02
 6.21506758e-02 2.45837376e-01 2.50659525e-01 5.17561197e-01
 3.91733646e-02 4.40999009e-02 4.86708917e-02 3.34218331e-02
 4.82969917e-02 7.49963373e-02 1.11179924e+02 2.45849085e+00
 5.79352975e-02 1.79814383e-01 5.93732372e-02 1.19845748e+00
 2.68647999e-01 3.51576395e-02 6.77181780e-02 1.59680605e-01
 2.65654117e-01 5.77788651e-02 1.61102164e+00 3.77846994e-02
 1.89629105e+02 1.52270585e-01 1.58771545e-01 1.34531647e-01
 5.48729673e-03 4.23065573e-02 2.73551285e-01 5.79493701e-01
 4.32267570e+00 4.84968610e-02 8.45930129e-02 1.17777729e+00],8.393228,[3.55872102e-02 3.29002813e-02 2.65412807e-01 4.51949654e+01
 3.79689485e-02 1.24434419e-02 1.52732027e+00 5.25223446e+00
 2.41520591e-02 3.28065306e-02 3.56319547e-02 9.94660676e-01
 2.01548636e-02 4.63746972e-02 1.43273957e-02 3.10851336e-02
 2.93899663e-02 6.44664228e-01 5.74041724e-01 3.75032783e-01
 6.14595413e-02 2.43352540e-02 9.50624049e-02 3.59121323e-01
 5.59080392e-04 1.43528119e-01 2.91365422e-02 3.55962187e-01
 2.08976343e-02 5.55012710e-02 2.43549421e-02 4.20769341e-02
 5.07258959e-02 7.23703206e-02 6.37982488e-01 5.45305200e-02
 1.99712086e+00 3.64938751e-03 8.81726295e-03 4.75210734e-02
 8.87789130e-01 2.18548107e+00 1.85784176e-02 2.69979954e+01
 1.75763297e+00 3.50949802e-02 6.17004707e-02 2.20020628e+00
 7.99540430e-04 8.28253105e-03 2.31615975e-02 2.19956413e-02
 1.36992484e-01 2.52398923e-02 1.73033226e+00 3.99827570e-01
 9.79056835e+00 1.11756310e-01 1.75395384e-02 1.77896523e+00
 3.46017666e-02 9.75252688e-02 1.86853446e-02 3.13786902e-02
 1.05019361e-02 4.50349785e-02 3.10374871e-02 3.25679854e-02
 1.11640759e+01 1.70697451e-01 6.89720213e-02 2.59462669e-02
 2.00656243e-02 8.37124735e-02 1.27637126e-02 2.26649716e-01
 3.30426879e-02 1.16248238e+00 1.11580081e-02 2.69434005e-02
 1.04377165e-01 4.88286093e-03 5.73063469e+00 2.31965221e-02
 5.89542538e-02 3.45846005e-02 6.15786612e-02 5.75435519e-01
 1.35694933e+00 8.25107470e-03 1.51377656e-02 1.09185064e+00
 3.36260349e-02 2.36948021e-02 2.11295947e-01 1.47298291e-01
 2.37065740e-02 2.07861567e+00 1.86639130e-02 3.94210815e-01
 1.10987611e-02 1.60561764e+00 2.00116783e-02 5.82605600e-03
 1.70311481e-01 2.68604644e-02 1.29833706e-02 9.83366489e-01
 1.43259950e-02 5.60150981e-01 1.93019673e-01 1.76785365e-02
 4.24071141e-02 4.08945382e-01 8.29586759e-03 3.06645371e-02
 6.27878070e-01 1.44496039e-02 2.05378719e-02 3.03475447e-02
 2.16622651e-02 8.88745785e-02 4.79150191e-03 1.29694231e-02
 1.75205618e-03 2.32779935e-01 1.08399168e-02 1.01648045e+00
 2.37264521e-02 8.30215588e-03 4.26872261e-02 3.05279829e-02
 7.41508722e-01 7.29740381e-01 2.76276842e-03 2.39684030e-01
 2.68807709e-02 9.62035120e-01 3.49842049e-02 1.25966743e-02
 8.13112259e-02 3.47311683e-02 2.07634240e-01 5.68629324e-01
 2.74423696e-02 3.78358737e-02 4.93832566e-02 3.84385064e-02
 4.34465148e-02 1.51881017e-02 2.80668028e-02 3.59048732e-02
 3.21003385e-02 2.12737359e-02 4.05302376e-01 1.29980516e+00
 9.73710567e-02 1.76894702e-02 9.20513272e-03 1.01620331e-03
 2.00639272e+00 3.11096050e-02 9.49794352e-02 3.49866319e+00
 1.48609765e-02 9.51576978e-03 1.40361264e-02 2.58918740e-02
 1.51280351e-02 2.09215917e-02 6.44272864e-02 3.58018912e-02
 2.87938304e-02 4.79513183e-02 1.39059722e-01 3.06347370e+00
 5.67430444e-02 1.15009820e+00 1.48313083e-02 2.77989960e+00
 1.81088597e-02 7.44978547e-01 1.09161213e-01 3.10356356e-02
 1.06071210e+00 6.33874536e-03 3.95615250e-02 1.11864895e-01
 2.55756415e-02 2.78069712e-02 1.52462311e-02 1.81606007e+00
 5.38603254e-02 7.76983798e-03 2.21056677e-02 5.89816459e-02
 2.56329179e-02 7.74396956e-02 1.22938067e-01 4.36127782e-02
 2.87243165e-02 3.21714091e+00 2.15861574e-01 6.90019989e+01
 2.90933251e-03 3.15244682e-02 4.22944315e-02 1.60205847e+03
 1.73376501e-01 1.10496581e-01 2.31787749e-02 1.11223191e-01
 9.48457792e-02 8.84112865e-02 2.86540128e-02 2.87913866e-02
 1.70700848e-02 3.71689081e-01 2.38426067e-02 3.74080315e-02
 2.78647281e-02 4.88075972e-01 3.92927170e-01 4.68388833e-02
 3.47775407e-02 3.19657214e-02 9.05070454e-03 2.20665708e-03
 8.71568918e-03 2.14660056e-02 3.99037209e+01 1.52376878e+00
 6.55421019e-02 1.86941512e-02 4.06678692e-02 3.52910496e-02
 3.61230709e-02 1.81353875e-02 2.13248208e-02 1.02855897e+00
 1.37271360e-02 2.85220034e-02 7.49121457e-02 9.07676294e-03
 4.85569382e+01 4.92241420e-02 5.07274643e-03 2.50812322e-02
 3.16432305e-02 1.62549205e-02 3.30153853e-04 7.00610578e-01
 6.07106984e-01 2.82549933e-02 2.23228484e-02 1.80616200e+00],-972.6511,-1009.569,-1258.728,1.0162325,1.1569028,0.9949708,0.9267029,12891.417,-869.1267,13902.325,1055.7382,0.84914935,0.35560492,0.1103524,-1051.333,1051.333,[1.48864673e+03 2.77419849e+03 1.52843672e+04 5.15473682e+03
 1.17244775e+03 1.90768875e+02 3.09056348e+03 7.49704297e+03
 9.30522891e+04 3.41953491e+02 1.01699860e+02 8.53437734e+04
 1.06829712e+03 3.76384926e+01 7.87583208e+00 3.21396465e+04
 8.91986694e+02 2.45373192e+01 3.00795898e+01 2.99211365e+02
 6.80788828e+04 7.46707687e+01 3.19604187e+01 4.19664536e+01
 7.58403381e+02 7.43867920e+02 4.68306351e+00 6.56457748e+01
 5.10415115e+01 1.57167168e+04 1.02420967e+02 1.61523628e+01
 5.79434514e-01 1.18773750e+02 1.10774422e+01 1.10868030e+03
 4.21814804e+01 3.48877621e+00 9.14912224e+00 4.42718115e+03
 1.41069031e+03 6.93093079e+02 1.27630640e+03 2.88394299e+01
 5.96916008e+01 9.01244640e+00 2.56314774e+01 6.30139771e+01
 8.55964905e+02 4.72576218e+01 7.60193176e+01 1.62996422e+05
 2.32947250e+02 3.57464027e+01 6.07439651e+01 2.98016992e+03
 4.31751648e+02 1.38716626e+03 7.79736133e+03 3.97861290e+01
 4.22792702e+01 1.61722767e+00 1.66708496e+02 6.23348584e+03
 4.03949022e+00 1.78144932e+00 5.51354187e+02 1.00231024e+03
 1.30847510e+03 1.27395752e+04 3.80326424e+01 4.03249359e+01
 2.09448682e+03 8.07982788e+01 4.45277989e-01 1.35405732e+04
 8.91723919e+00 1.46622197e+04 1.86789795e+02 2.48210487e+01
 1.98684750e+01 1.42273972e+02 8.63531445e+03 9.34585547e+03
 3.75297012e+01 4.81191864e+01 1.38087816e+01 2.43332070e+04
 1.46324255e+03 2.44625717e+02 8.08092651e+02 3.11173035e+02
 3.46804492e+04 2.17874737e+01 1.17598669e+03 1.07791843e+01
 2.49509460e+02 8.39697571e+02 5.19374800e+00 1.43332348e+01
 1.87614258e+04 4.49956329e+02 1.97369336e+04 2.62473389e+02
 2.44334790e+03 2.86264819e+03 1.20713379e+03 4.20003564e+03
 9.05728226e+01 4.75558014e+02 2.76083717e+01 5.18397998e+03
 6.61053610e+00 8.07571924e+03 1.97659969e+01 5.25874567e+00
 1.19114294e+03 5.97914258e+03 3.17894238e+03 5.48575115e+00
 2.58853359e+01 3.59966138e+03 3.69451427e+00 1.66048813e+01
 4.11425146e+03 2.33734253e+03 3.51357373e+03 5.11448936e+01
 5.23493652e+02 7.37083054e+01 5.18940859e+04 6.19396826e+03
 1.96070156e+05 7.43514160e+03 6.76672821e+01 5.88321729e+03
 9.20051562e+03 6.31086670e+02 3.49059830e+01 6.26744824e+03
 7.97636094e+04 1.11669703e+01 1.70827988e+04 2.48461056e+00
 7.64181982e+03 1.19087540e+02 3.16220379e+00 8.43524719e+02
 7.02678070e+01 4.27967377e+01 3.61194649e+01 3.40856171e+01
 5.47956104e+03 1.34056273e+01 3.94080430e+04 6.70081201e+03
 1.05528191e+02 4.54208105e+03 8.30389832e+02 2.16564023e+04
 3.05083832e+02 3.22311306e+00 2.10886431e+00 3.26706250e+04
 9.83699226e+00 4.22200226e+02 3.64610303e+03 2.78714819e+03
 4.28928871e+01 1.49846748e+04 1.05736446e+01 1.16836792e+03
 4.93278427e+01 1.59394600e+04 1.18999161e+02 1.24478064e+01
 1.13164047e+02 1.76237335e+01 1.82431262e+03 2.57111865e+03
 3.65805938e+04 5.38628082e+01 2.11403728e+00 1.74037247e+01
 2.26416397e+01 2.25203770e+04 1.16793184e+04 1.56651039e+01
 2.90142188e+04 2.84845924e+01 6.02188782e+02 6.38129199e+03
 1.61393271e+04 3.84304261e+00 4.01933032e+03 4.12042633e+02
 2.81899473e+04 1.63026676e+01 1.15144951e+02 8.60521606e+02
 1.85702621e+02 4.39754295e+01 7.14226440e+02 5.14988428e+03
 4.13106728e+00 2.63058643e+01 3.02290375e+02 1.77057305e+04
 1.20305908e+03 8.93921566e+00 2.82974316e+03 1.49835648e+02
 3.76874065e+00 8.49002934e+00 3.93959503e+02 3.01739777e+02
 3.53767281e+01 9.32616577e+02 4.61682940e+00 1.43296362e+03
 4.43406534e+00 2.54697539e+04 1.07085281e+02 5.38787659e+02
 3.90513268e+01 7.78393698e+00 7.82841553e+02 4.24244934e+02
 2.53283594e+03 1.40896168e+01 9.26093262e+03 4.81160965e+01
 2.03166389e+01 4.90360474e+02 1.01069348e+03 8.09193878e+01
 5.72557545e+00 8.72072656e+04 2.26367004e+02 1.74577393e+02
 8.28224659e+00 6.01392651e+00 1.63188286e+01 1.00637390e+02
 1.74491309e+04 1.85316523e+04 3.14742088e+01 1.16888781e+01
 5.71466637e+01 1.35869307e+04 1.17848076e+04 3.41289215e+01
 1.03313971e+00 6.73278564e+03 1.31335640e+01 2.25936260e+01],9115.342,[4.09807715e+03 3.88528906e+03 1.15535449e+04 1.17354736e+03
 1.02977417e+03 4.72936340e+02 2.12849976e+02 3.93959619e+03
 3.07861934e+04 3.33214355e+02 3.08223022e+02 9.80981641e+03
 1.58076895e+04 3.92588806e+01 3.42197189e+01 2.81750312e+04
 1.95638757e+03 6.37640572e+00 6.94673347e+00 2.21738312e+02
 3.74379077e+03 1.10105682e+02 7.31715240e+01 4.61469173e+00
 1.02873633e+04 2.30222192e+03 7.11201429e+00 8.03563623e+03
 1.42988625e+01 1.43542383e+04 1.07941017e+02 1.06223698e+01
 1.59185052e+00 1.10162122e+03 2.60392041e+03 3.12868359e+03
 1.15551331e+02 1.08314097e+00 9.85939789e+00 1.43971777e+03
 1.84170068e+03 7.14119531e+04 4.62951660e+02 2.42065697e+01
 2.10835632e+02 1.23763714e+01 5.90823402e+01 1.99146375e+03
 6.43668518e+02 7.79398108e+00 2.70566692e+01 3.04756738e+04
 2.84906328e+04 2.10165359e+02 3.83086586e+00 5.89606396e+03
 1.68484302e+03 1.91845776e+03 1.07751147e+03 2.95577240e+02
 1.26718842e+02 1.00079260e+01 3.01723328e+02 1.80463306e+03
 1.18714786e+00 1.83729401e+02 1.51852942e+03 1.93501172e+03
 2.59803296e+03 9.19822109e+04 6.28114551e+03 7.13493443e+00
 2.89422681e+03 5.47651367e+02 1.42962637e+01 1.96772473e+03
 1.31996250e+01 1.20352344e+04 1.46469580e+04 1.30708179e+03
 2.67280998e+01 9.48309402e+01 5.84648682e+02 2.94372900e+03
 7.67890472e+01 4.25623398e+01 5.27913094e+01 2.24547227e+04
 8.95556030e+02 6.79267273e+02 9.14955078e+02 2.08599136e+02
 1.89378027e+03 2.54651184e+02 4.31890991e+02 1.19109755e+01
 3.48657227e+02 7.97143738e+02 3.06621552e+01 2.83576260e+01
 8.34956445e+03 7.23832397e+02 4.81590088e+02 2.34397858e+02
 6.83450293e+03 2.33914062e+03 1.01510635e+04 3.91676172e+03
 1.37956558e+02 8.52566467e+02 8.86195068e+01 1.05953867e+04
 1.81789994e-01 1.18033604e+04 7.95627670e+01 6.24900150e+00
 3.51034131e+03 9.74674805e+03 1.27768213e+03 2.24393501e+01
 2.62670937e+01 8.73697852e+03 4.19677258e+00 3.37974024e+00
 6.69209863e+03 3.18629126e+03 2.16917557e+02 3.71496307e+02
 8.73332422e+03 4.38180176e+03 2.30644805e+04 8.46368042e+02
 1.29550797e+05 5.81737930e+04 2.27959610e+02 5.59506348e+03
 2.24738613e+04 7.17298645e+02 5.53571533e+02 9.55671501e+00
 1.12347133e+05 1.37396288e+00 1.12794648e+04 9.74918938e+00
 1.56478662e+03 1.13963184e+04 1.44281891e+02 3.06100244e+03
 4.36280340e-01 6.23536568e+01 8.21382980e+01 5.01433334e+01
 9.34058398e+03 5.24319115e+01 2.68857539e+04 2.61396362e+02
 4.28688721e+02 1.55136304e+03 1.33929794e+02 4.09531201e+03
 3.53439941e+01 2.33107700e+01 3.00537891e+01 1.25863496e+04
 6.98093414e+01 9.98732544e+02 2.85399072e+03 8.17486133e+03
 3.12337754e+04 6.67630078e+03 9.41611862e+01 1.40708516e+04
 8.05404663e+01 1.29622070e+04 5.92615723e+02 5.45378036e+01
 3.53623322e+02 1.63245322e+04 7.80677734e+02 3.11907910e+03
 5.58938945e+04 1.19278931e+03 5.41027248e-01 9.37522736e+01
 1.76599388e+01 1.14755449e+04 1.94959183e+02 5.55534439e+01
 7.90649922e+04 1.42167236e+02 4.40614893e+03 7.69389282e+02
 1.80183164e+04 4.28336830e+01 1.63693799e+03 3.55522461e+01
 5.70053633e+04 9.42369342e-01 1.56101242e+02 2.29222729e+03
 7.77414246e+02 3.76851196e+01 3.04724487e+03 8.23431641e+03
 1.37585592e+01 2.08082500e+04 1.60110022e+03 2.54697695e+04
 1.04940808e+03 1.85629904e+00 8.07258643e+03 2.33615540e+02
 5.75241947e+00 1.17807442e+02 4.71728241e+02 1.19228086e+01
 8.76365089e+00 7.57092529e+02 3.96121445e+01 1.31726538e+03
 1.57459271e+00 3.51069946e+03 1.82865957e+04 6.93275085e+02
 6.28181000e+01 2.71356082e+00 3.68808105e+02 5.84591445e+04
 9.39698364e+02 1.52642763e+00 4.78632617e+03 2.36433047e+04
 1.41468414e+02 1.25995059e+04 9.24630554e+02 2.19693329e+02
 2.30093994e+03 2.07622070e+04 5.06403534e+02 4.01289404e+03
 1.02941086e+02 1.52875032e+01 5.55879653e-01 1.44613968e+02
 4.89915137e+03 8.60166321e+02 5.77562599e+01 6.25344229e+00
 5.06170464e+01 7.26154785e+03 7.71752075e+02 3.27010651e+01
 3.82704949e+00 1.39869209e+04 1.76711693e+01 2.93876953e+01],-967.29333,-1096.1196,-1479.2416,1.7685378,30.10076,0.2944466,0.94015944,0.015795690469741823,7312.796799182892,0.125,0.125,-0.2524797183128388,0.0021270030327805705,-0.2523748022598956,0.0018598469286038098,-1.0831637692614755,25.249999999996884,0.0,450000.0,-10.0,-5000.0,500.0,7.4494788646698,450000
1009.0401,0.036581088,0.07996419,0.0019675482,-1008.20386,1008.20386,[2.32182360e+00 9.35366154e-02 6.59985095e-02 1.14090033e-02
 2.10736185e-01 9.46545219e+00 1.91600800e+00 3.12844706e+00
 8.30020142e+00 1.43466234e-01 1.67623253e+01 6.33181000e+01
 6.84977174e-02 1.84680223e-02 7.92217255e-02 5.66827692e-02
 3.93338829e-01 8.91487479e-01 2.11346745e+00 3.50149944e-02
 5.14795923e+00 6.28581047e-02 3.99567820e-02 4.95443642e-02
 3.43507677e-02 5.86984307e-03 2.94007696e-02 3.84647751e+00
 1.81145751e+00 1.83152050e-01 3.11451927e-02 4.12990637e-02
 8.78803432e-02 3.52206975e-02 3.28864008e-01 1.68139315e+00
 3.17821860e-01 1.38061941e-01 7.39625990e-01 2.74632692e+00
 1.31783724e+00 3.64277512e-02 1.71239495e-01 3.86288214e+00
 2.36688033e-02 6.69358820e-02 3.75681520e-02 1.22956395e-01
 2.91372633e+00 4.70298439e-01 1.64667144e-02 2.65740728e+00
 2.63643339e-02 7.51029253e-02 7.39930987e-01 2.75056511e-02
 3.89137156e-02 7.33200836e+01 3.75157499e+00 4.02655639e-02
 2.02262774e-01 2.46107292e+00 3.20192051e+00 1.12877345e+00
 2.99095288e-02 1.69191733e-02 1.32372141e+00 4.56672096e+00
 5.47756720e+00 1.56868249e-02 3.74605703e+00 3.21176243e+00
 1.04347356e-02 2.55499220e+00 1.44211826e+01 2.33880147e-01
 2.40470946e-01 1.20107010e-01 5.20911884e+00 1.00834325e-01
 2.45634094e-03 1.48707998e+00 1.52420974e+00 7.88192511e-01
 2.29893103e-02 4.66555262e+00 6.27629161e-02 2.81184644e-01
 5.76609373e-01 2.16620183e+00 7.92087466e-02 1.33694887e+00
 3.92685868e-02 1.63059974e+00 5.38187206e-01 1.29489827e+00
 9.06604677e-02 1.87063947e-01 2.43306136e+00 4.74269539e-02
 3.35287042e-02 4.35552485e-02 1.84927769e-02 1.64798737e+00
 2.16263741e-01 1.05280593e-01 2.05087166e+01 3.86260636e-02
 4.62848616e+00 2.22027302e-02 2.61701643e-01 7.40730166e-02
 5.62950850e-01 3.94652128e+00 1.70607865e-02 2.77303278e-01
 4.48755801e-01 7.34397173e-01 2.46586752e+00 2.02870941e+00
 1.98217034e+00 4.90517616e-02 1.10171484e+03 1.34913337e+00
 2.93290913e-01 1.51832283e-01 2.49809533e-01 9.14468318e-02
 2.93819952e+00 2.90102102e-02 1.37729928e-01 1.42250896e-01
 7.71872091e+00 3.31111145e+00 2.49136984e-02 4.37514877e+00
 2.31526279e+00 4.64025557e-01 2.40493491e-02 9.51809436e-02
 2.55582809e-01 2.25522012e-01 5.50346449e-03 9.05680209e-02
 3.00954610e-01 9.50405979e+00 7.87682980e-02 3.43097240e-01
 2.68099785e-01 3.18303561e+00 2.08579041e-02 3.10457706e-01
 2.83716726e+00 3.14827561e+00 1.43639410e+00 2.80407444e-03
 1.17998230e+00 4.03677113e-02 2.49011554e-02 7.23696500e-03
 5.80809116e+00 2.25927025e-01 1.35009918e+01 2.80347705e-01
 1.79357007e-02 2.85839140e-02 4.20585275e-04 1.82260163e-02
 3.37627649e+00 2.95141548e-01 9.46736145e+00 2.24866390e+00
 3.92424241e-02 1.86614990e+00 1.57376754e+00 5.68420172e+00
 8.31487030e-02 9.77619648e-01 4.67168748e-01 1.00130153e+00
 3.76061536e-02 1.01520121e-02 2.61277743e-02 9.68063250e-03
 3.79989520e-02 1.57477334e-01 1.11839920e-02 6.26026154e+00
 3.10247093e-02 2.70234418e+00 2.01745844e+00 2.22477818e+00
 4.15071487e+00 3.62949562e+00 3.29817796e+00 4.38989587e-02
 3.02322879e-02 1.04381895e+00 2.24053770e-01 9.21264291e-04
 3.46907926e+00 2.50679441e-02 1.57320035e+00 6.67261183e-02
 9.56782103e-02 2.30535775e-01 1.32656284e-02 3.68149042e-01
 1.84143052e-01 1.96295977e-02 6.20313835e+00 1.30936243e-02
 1.38736874e-01 2.20816627e-01 1.85877571e+01 2.43002385e-01
 2.79618216e+00 2.27251202e-02 9.00316429e+00 3.56209230e+00
 3.35457563e-01 2.47024131e+00 4.59260494e-02 7.69394994e-01
 1.20859969e+00 3.79775837e-02 8.43382072e+00 3.93272378e-02
 1.36166573e+00 3.21695375e+00 6.88152313e-01 4.55783047e-02
 3.52325058e+01 5.37555255e-02 2.44094372e+00 2.13631421e-01
 1.19167417e-01 1.49377912e-01 1.75237954e-01 5.32132101e+00
 2.99614280e-01 2.12639704e-01 3.80104303e-01 2.16638267e-01
 1.63331261e+01 1.09445006e-02 5.72852015e-01 1.44608986e+00
 7.33155489e-01 7.14874148e-01 7.28824735e-02 2.25708820e-02
 2.60479786e-02 1.00222513e-01 3.22377868e-02 1.00672990e-01],9.543118,[6.69149518e-01 6.57222867e-01 3.44901830e-02 3.95558365e-02
 2.57351428e-01 1.32872381e+01 1.61617085e-01 3.61073732e-01
 4.89915609e-01 1.07145354e-01 2.75052023e+00 5.71482773e+01
 9.02910233e-02 3.10612060e-02 8.40507805e-01 1.35757267e-01
 5.06003737e-01 1.13673973e+00 1.00249141e-01 8.44332725e-02
 5.12615860e-01 8.34490731e-02 1.58293433e-02 2.60278642e-01
 5.39450832e-02 2.08376050e-02 5.23362309e-02 6.26734376e-01
 5.00854969e+00 2.83870995e-01 2.84775980e-02 3.24233063e-02
 1.67532831e-01 3.09291817e-02 6.36884034e-01 2.04428577e+00
 2.91155651e-02 1.84982330e-01 9.72926736e-01 1.02832109e-01
 1.30481172e+00 1.09945118e-01 2.49309450e-01 3.39345646e+00
 3.94371524e-02 1.48182964e+00 1.81574672e-01 6.04595430e-02
 5.45150280e-01 3.43911946e-01 2.07901187e-02 1.96623094e-02
 4.02637720e-02 1.93727203e-02 4.45043755e+00 5.83772182e+00
 8.50080103e-02 3.03462410e+01 1.68523893e-01 8.87056068e-03
 1.06582418e-02 2.52146959e-01 2.00679898e+00 2.40452838e+00
 8.15472305e-02 2.32974626e-02 2.79393911e+00 2.45189726e-01
 1.06800442e+01 3.70156504e-02 1.08486548e-01 1.02953453e+01
 3.93475778e-02 2.58997173e+01 9.06302547e+00 4.60758097e-02
 2.58104950e-01 8.03206265e-02 4.31422186e+00 3.24075595e-02
 4.35902551e-03 2.83933431e-02 3.19293499e-01 2.01173759e+00
 4.27735224e-02 5.49575329e-01 1.08471110e-01 4.09747005e-01
 1.25855774e-01 3.62363666e-01 1.46798506e-01 1.18843603e+00
 1.12615600e-01 3.83100891e+00 6.88578933e-02 1.32149446e+00
 1.68974504e-01 2.27134123e-01 3.80924493e-02 9.40893710e-01
 4.47876006e-02 7.02327788e-02 1.13862932e-01 1.01315546e+00
 9.65033844e-03 2.52369791e-03 1.29540434e+01 6.04249537e-02
 5.67550278e+00 5.21959141e-02 1.35904419e+00 1.38823047e-01
 3.96974063e+00 2.75856525e-01 2.60216177e-01 1.56412554e+00
 1.33242324e-01 4.63391590e+00 1.10940903e-01 1.84435201e+00
 3.37966867e-02 1.15564346e-01 1.16820374e+03 9.28612500e-02
 1.32124281e+00 9.64212269e-02 9.02327001e-02 4.28312607e-02
 3.06336880e+00 6.77460805e-02 5.43303974e-02 1.15282424e-02
 4.49547386e+00 1.71254241e+00 8.96618664e-02 1.75404561e+00
 4.48668003e-01 1.64951161e-01 1.29917450e-02 5.19957542e+00
 3.09980214e-01 1.36222661e-01 7.06652179e-03 2.88201362e-01
 3.20658267e-01 2.01361332e+01 4.83905077e-02 4.39828873e-01
 3.72235894e-01 2.44401550e+00 3.48428078e-02 6.70906126e-01
 6.81345463e-02 4.62019110e+00 3.34139347e-01 7.84879625e-02
 1.22921705e+00 3.09154764e-02 3.48990023e-01 1.10732950e-02
 2.52601862e+00 2.14978904e-01 1.81318913e+01 3.20577383e-01
 3.77883390e-03 7.72012770e-02 2.30064705e-01 3.01520601e-02
 3.86150908e+00 1.11197746e+00 1.39023781e-01 4.57078218e+00
 1.19985148e-01 3.97515345e+00 3.40277505e+00 4.14071560e+00
 1.65436178e-01 5.66504300e-01 7.14155734e-01 9.32687342e-01
 6.41014129e-02 4.53520454e-02 2.47144476e-02 3.18687260e-02
 4.91962582e-02 6.17549196e-02 1.40497126e-02 8.07491302e+00
 5.37618473e-02 6.41294718e-02 2.11539343e-01 2.25427032e+00
 6.96924627e-02 1.02535814e-01 2.99638414e+00 4.10714746e-02
 5.96199371e-02 1.01335502e+00 5.69434583e-01 5.17255813e-02
 1.61578929e+00 4.38872911e-02 1.24838209e+00 1.41247168e-01
 3.92882861e-02 8.24392214e-03 6.54147863e-02 4.39766943e-01
 1.66614726e-02 8.36325437e-03 4.56924409e-01 3.17437239e-02
 3.06295231e-02 1.20872065e-01 1.56528198e+02 4.49583173e-01
 4.45374161e-01 5.35911061e-02 3.41813946e+00 7.39679113e-03
 6.22752681e-03 1.62524834e-01 9.64304358e-02 8.30485940e-01
 3.79580903e+00 7.92732239e-02 3.29777451e+01 1.04827940e-01
 8.85554701e-02 2.91233838e-01 1.16922235e+00 1.97783113e-03
 6.80137300e+00 1.49977393e-02 9.68528366e+00 1.06191076e-02
 1.82506084e-01 9.58815515e-02 2.54507065e-01 1.06517601e+01
 7.50778735e-01 3.20092869e+00 2.52670622e+00 1.15894032e+00
 1.47866936e+01 8.94509554e-02 5.33862486e-02 1.02581620e+00
 1.38830137e+00 9.78213996e-02 4.67810407e-02 2.40760781e-02
 7.14701712e-02 1.67264178e-01 6.37411326e-02 1.03385717e-01],-973.1366,-1013.7711,-1388.5854,1.0138521,1.1068223,0.9841707,0.9265462,105.122345,-1866.8558,3084.6067,1086.4596,1.2052932,0.3517983,0.11757939,-1081.7363,1081.7363,[5.95094727e+02 5.71260185e+01 2.74143402e+02 2.67362537e+01
 7.02510986e+01 3.15884805e+00 4.21517871e+03 4.90166321e+02
 6.10209167e+02 1.20528748e+02 5.51124902e+03 3.74327002e+03
 3.94766328e+04 1.06748077e+02 1.72352314e+01 4.19058359e+04
 1.50114471e+02 1.22192621e+01 2.51901611e+02 1.09077293e+02
 2.61460898e+04 3.04503760e+03 1.27646619e+03 1.51952209e+02
 1.74231663e+01 4.12309723e+01 3.44174634e+03 7.61979580e-01
 2.06266650e+03 9.36925781e+03 2.16906281e+01 2.93303672e+04
 8.67493744e+01 1.14642273e+02 1.77553589e+02 1.49574231e+03
 3.82620926e+01 1.75423547e+03 1.41566010e+02 1.35974463e+03
 1.44736047e+03 4.45957092e+02 2.21200134e+02 3.68525726e+02
 6.94876526e+02 6.74074316e+00 1.33615341e+01 5.60449486e+01
 1.70119110e+02 1.50619858e+02 4.68856903e+02 6.31074982e+01
 2.46662939e+03 2.37977812e+04 2.37638130e+01 7.48975708e+02
 3.76795874e+03 1.80149023e+03 5.57108955e+01 1.53566064e+03
 8.98914258e+03 8.51695938e+01 3.77297046e+03 4.75436005e+02
 4.80559617e-02 4.33971436e+03 5.79282284e+00 2.10862686e+02
 2.60547974e+02 4.51440703e+04 5.99808006e+01 3.24229419e+03
 1.40827141e+05 2.78670532e+02 3.71958389e+01 1.04373903e+01
 9.14294434e+02 1.67920825e+03 3.22258110e+01 1.90463805e+00
 1.81641191e+04 2.50204766e+04 8.82511658e+02 8.45848160e+01
 3.66153381e+02 2.51107216e+01 5.78329849e+01 5.88043262e+03
 7.03225403e+01 1.92807350e+01 4.64722321e+02 3.42172211e+02
 6.24581934e+03 8.69448535e+03 3.81325537e+03 4.16431274e+02
 2.23348984e+02 2.06038952e+01 1.52143711e+04 2.83111553e+01
 1.71583939e+02 1.28817856e+02 5.38770752e+03 2.93312664e+01
 7.67683887e+03 1.18364905e+03 3.53572083e+01 8.32693481e+01
 1.10095923e+03 5.38901123e+02 2.25048438e+03 1.81808929e+02
 4.15998962e+02 1.54875397e+02 7.44627783e+03 1.92816696e+01
 4.75692902e+01 2.00277910e+04 1.14300244e+04 1.16965942e+03
 1.51382361e+03 4.77333603e+01 3.31925385e+02 5.29703750e+04
 1.76816463e+01 9.09777930e+03 4.48975977e+03 4.93305371e+03
 1.29929306e+02 8.50038269e+02 2.04664941e+04 1.89504672e+05
 2.29248047e+04 9.13835144e+00 1.91287899e+01 3.87246655e+03
 5.87806274e+02 8.91346582e+03 5.52688446e+01 2.24021088e+02
 5.20466553e+02 3.47508740e+03 2.10395527e+04 9.92661621e+03
 8.31219482e+01 1.73866253e+01 1.64172791e+02 3.73013031e+02
 4.80630829e+02 8.40345688e+01 1.57493839e+01 5.16540909e+01
 1.06324600e+02 5.93865820e+03 3.67875000e+02 6.78412933e+01
 5.91975049e+03 5.39871973e+03 1.87218079e+02 1.01422634e+01
 3.78394737e+01 1.50377808e+01 5.57572985e+00 1.54746570e+03
 1.34701143e+04 2.65727848e-01 5.36682129e+02 5.70164368e+02
 1.30709400e+01 3.79957617e+03 6.37873242e+03 4.46303177e+01
 4.84786591e+02 1.93012598e+04 2.03769421e+03 7.50758850e+02
 3.17492523e+02 2.51262085e+02 2.58899689e+02 1.13162432e+01
 2.34121132e+01 3.39592934e+01 4.03123283e+00 1.44751663e+01
 1.16858654e+01 1.59790863e+02 2.05085487e+01 3.76022827e+02
 5.29347467e+00 2.35361595e+01 2.49031006e+03 9.02369531e+03
 3.11479141e+04 3.66011047e+02 1.09746455e+04 1.11070239e+03
 2.07492871e+03 1.37711475e+03 1.07025347e+01 3.44747314e+03
 1.68809433e+01 5.14147425e+00 5.77066116e+01 3.22067528e+01
 3.38305938e+04 1.97412399e+02 1.18569153e+03 2.92670044e+02
 8.43250488e+02 4.25616150e+01 3.12336761e+02 4.72978174e+03
 4.61694678e+03 2.15556299e+03 1.39556742e+01 5.45229568e+01
 7.15916348e+00 4.24966156e+02 2.29341523e+04 3.66982697e+02
 1.26098488e+02 1.23307007e+03 1.54858887e+03 7.96278687e+02
 3.85616162e+03 2.44342499e+01 7.49372510e+03 1.56332932e+01
 1.04608833e+02 1.03094434e+03 5.28600586e+02 9.84135985e-01
 2.47245020e+03 2.81880547e+04 1.04513196e+03 5.96750984e+01
 1.57332733e+02 9.10835352e+03 2.91152072e+00 2.68443268e+02
 1.47851990e+02 5.12147217e+01 1.11895866e+02 2.24588613e+04
 2.06462036e+03 8.16405273e+03 1.79674816e+01 2.15000375e+05
 2.80376978e+03 1.16366453e+01 5.20055313e+01 6.30999565e+00
 4.25429053e+03 3.22504395e+03 1.86898535e+03 1.02533945e+04],9670.774,[2.82880310e+02 9.84942749e+02 1.73475403e+02 3.06826820e+01
 3.51011620e+01 6.93445129e+01 1.62273438e+04 4.11844635e+02
 1.30853428e+04 5.72624756e+03 2.20943091e+03 2.38575977e+03
 3.76881860e+03 5.76640320e+01 2.17295264e+03 7.44946899e+02
 1.95973914e+03 5.61291456e+00 2.57848415e+01 4.55379333e+02
 8.66087500e+03 1.12622959e+04 8.47543945e+02 1.92549438e+02
 2.05051899e+01 1.16193291e+02 1.88879715e+02 3.75488728e-01
 2.38194668e+04 2.57907471e+03 7.75483398e+02 2.79094844e+04
 2.87488766e+01 1.08444473e+02 3.33848846e+02 3.45558154e+03
 2.30409785e+04 1.27523529e+02 4.23379288e+01 6.64000488e+02
 1.48389719e+05 3.31175122e+03 1.66009323e+02 7.29720581e+02
 3.92181079e+03 5.32070875e+00 1.95259262e+02 2.28336334e+02
 5.78529492e+03 1.41133957e+02 4.59190735e+02 2.94457336e+02
 1.22196548e+02 1.84376113e+04 3.70071507e+00 2.57191968e+03
 2.91067798e+03 7.18859473e+03 6.13522491e+01 2.64632676e+04
 1.76719746e+04 3.56323303e+02 5.01715723e+03 8.88576355e+02
 4.86432600e+00 7.62826025e+03 8.85116863e+00 4.30938904e+02
 4.78884125e+02 5.28774023e+04 7.09806442e+01 3.67188416e+02
 8.83233032e+02 6.45285217e+02 4.66834778e+02 3.06242313e+01
 2.57879688e+03 2.74790259e+03 2.83964443e+00 3.06676426e+01
 3.44479443e+03 8.88319824e+03 6.49317017e+02 4.97108383e+01
 2.70105469e+02 3.93988647e+01 6.09970764e+02 2.68914209e+03
 1.03511566e+02 5.86029291e-01 1.11382422e+03 1.33650574e+02
 1.51169258e+04 2.72782891e+04 6.40013047e+04 8.81950195e+02
 4.06114563e+02 7.35950241e+01 7.58794385e+03 4.46535149e+01
 1.83230621e+02 8.44870361e+02 4.67814575e+02 2.33058929e+01
 5.00647559e+03 2.21869165e+03 3.18656799e+02 5.52030106e+01
 2.14435508e+04 8.84549902e+03 4.01411597e+03 1.04447168e+03
 4.81765320e+02 9.88253021e+01 6.63676660e+03 3.75071640e+01
 1.76429939e+01 3.24998108e+02 1.40641904e+04 2.09444775e+03
 1.44717972e+02 4.70929413e+01 2.81959912e+03 1.20921650e+04
 5.06879311e+01 2.34247009e+02 5.33521436e+03 2.20472827e+03
 9.32161377e+02 8.34526855e+03 4.70454453e+04 8.64181719e+04
 1.83223398e+04 1.07222382e+02 1.44486866e+01 8.98540039e+03
 2.90505859e+03 8.57874707e+03 4.73286743e+01 6.67797070e+03
 5.95353638e+02 8.04851379e+02 3.95139336e+04 3.00809316e+04
 3.84374634e+02 4.72085304e+01 4.24084863e+03 6.46417969e+02
 4.75925232e+02 5.54033740e+03 1.08070278e+01 7.58639526e+01
 1.17332434e+03 6.03267432e+03 8.27298340e+02 1.36485992e+02
 3.10040405e+03 1.53262439e+03 3.69290469e+04 2.76181221e-01
 4.62092133e+01 8.31389160e+03 4.36970825e+01 1.39697266e+03
 5.53027832e+03 5.81612015e+00 2.12942715e+01 1.35191406e+02
 3.98149338e+01 4.70403711e+03 8.71627051e+03 8.73401794e+01
 1.18238660e+03 2.41096729e+03 2.30807609e+05 6.88432007e+02
 1.77111343e+02 1.32552930e+03 1.98531992e+04 3.47717438e+01
 2.53705502e+01 9.31377487e+01 1.19304490e+00 2.57897592e+00
 3.15963496e+04 2.62429840e+02 4.87268494e+02 9.79763867e+03
 7.19296694e+00 2.41561641e+04 4.70844873e+03 1.18906898e+02
 1.92126611e+03 4.25753555e+01 8.26213965e+03 6.31506152e+03
 1.05140898e+04 2.78918555e+03 3.17634749e+00 2.95932402e+04
 2.92857113e+01 2.90429778e-02 9.08693848e+01 7.11003571e+01
 2.80050586e+04 6.17122192e+02 2.63102100e+03 4.06164703e+02
 2.33509229e+03 3.66644974e+01 3.26347809e+02 5.24835449e+02
 4.57411572e+03 5.08055054e+02 2.86689148e+01 5.14493469e+02
 7.15647736e+01 1.70218984e+04 2.36572681e+03 3.81067944e+03
 5.70167383e+03 1.67922266e+03 1.41284875e+03 3.20452246e+03
 8.30350037e+02 1.79006119e+01 1.85798203e+04 3.47494883e+04
 3.85214386e+02 2.06873657e+03 4.39197388e+02 1.12833328e+02
 4.49698906e+04 2.56453770e+04 1.55426697e+02 2.04412520e+04
 1.78463379e+02 5.94818086e+04 3.69701123e+00 5.33895312e+04
 7.06622253e+02 7.20780106e+01 1.69753799e+02 1.49914658e+04
 2.11280322e+03 1.46607217e+04 3.51214027e+01 2.04566348e+04
 4.40502344e+03 2.01126938e+01 4.33502541e+01 4.67243881e+01
 4.30690039e+03 2.86411108e+03 2.69869751e+03 2.90251934e+04],-978.1345,-1142.387,-1500.0,2.0273502,31.859621,0.44795728,0.939641,0.016640343589782714,7728.805402040482,0.4375,0.4375,-0.09120634256252505,-0.0015660188875014694,-0.09128696674585372,-0.0013530099177066594,35.82940098233788,25.249999999996884,0.0,475000.0,-7.0,-3524.0,500.0,8.233470678329468,475000
1005.3154,0.057231646,0.068828106,0.002481073,-1004.56995,1004.56995,[2.20427662e-01 4.46194470e-01 2.63253480e-01 2.84883785e+00
 6.50378108e-01 9.72758412e-01 1.09662409e+01 9.93322086e+00
 9.62971568e-01 5.71808591e-02 4.03913349e-01 9.69801235e+00
 1.38906932e+00 1.63857773e-01 6.10056937e-01 2.44639829e-01
 2.87047029e-01 2.25476444e-01 1.63775772e-01 1.01978882e+02
 9.37481374e-02 3.60788116e+01 2.36844644e-01 7.38211125e-02
 2.01608419e-01 2.07958803e-01 1.81824118e-01 4.35020067e-02
 1.87027574e-01 2.21060157e-01 9.06772232e+00 2.96013117e-01
 1.23935385e+01 1.49873316e-01 3.38136053e+00 1.16481215e-01
 3.66300642e-01 2.38760586e+01 1.73923552e-01 3.26614767e-01
 1.20196223e+00 4.79337549e+00 1.10800779e+00 5.45359731e-01
 2.89649963e-01 1.43058500e+01 1.33343065e+00 1.26657209e+01
 4.79984581e-02 6.12001538e-01 2.57851744e+00 2.00372505e+00
 1.03182971e+00 2.38507479e-01 4.63886201e-01 2.42955894e+01
 2.20108271e+00 2.36204386e+00 1.51660800e-01 5.27721977e+00
 1.20315433e-01 1.39317214e+00 8.57625008e-02 7.42664051e+00
 8.37408257e+00 1.73758594e+03 1.05091476e+00 1.01080310e+00
 3.47960770e-01 4.79590952e-01 4.54746127e-01 3.30051899e-01
 2.62721109e+00 4.72542122e-02 2.47917891e+00 7.19397545e-01
 2.04655841e-01 2.47000620e-01 1.54840946e-01 6.35124350e+00
 4.20140028e+00 4.57400656e+00 1.49310052e-01 7.34962523e-03
 5.32937422e-03 9.53643396e-03 5.44831872e-01 9.68967319e-01
 5.17004776e+01 2.02792597e+00 1.18253022e-01 7.81838083e+00
 2.63657719e-01 1.44510865e-01 2.04960898e-01 2.13797703e-01
 3.56069714e-01 2.56369090e+00 1.63859874e-02 4.63538527e-01
 1.39273137e-01 1.06050503e+00 6.16891325e-01 5.53829241e+00
 2.57739574e-01 1.28955650e+01 6.23147562e-02 2.49562800e-01
 2.07064743e+01 2.01586634e-01 8.78598511e-01 2.79696971e-01
 2.20532566e-01 9.01665509e-01 1.58378810e-01 1.30044013e-01
 2.44412214e-01 1.65198892e-01 2.56510913e-01 1.86315000e-01
 2.16718033e-01 3.98144215e-01 4.15769592e-03 2.89767951e-01
 2.08681762e-01 6.66119158e-03 3.99493545e-01 6.04125321e-01
 4.92629776e+01 3.41890246e-01 4.84404504e-01 1.02599990e+00
 4.18789864e-01 4.67559732e-02 2.00836077e-01 3.96467328e-01
 4.61273193e-01 7.27920341e+00 1.35431260e-01 2.01292348e+00
 1.66319489e+00 2.52970467e+01 4.63111162e+00 1.94483340e-01
 4.63624030e-01 1.58438414e-01 3.01352084e-01 9.31389928e-02
 7.70606846e-02 2.00956836e-01 1.49401590e-01 6.16883934e-01
 2.46371984e+00 3.10927629e+00 2.71939188e-01 3.62189353e-01
 4.28493202e-01 2.19370902e-01 2.00915766e+00 8.76228586e-02
 1.94335058e-01 2.24618644e-01 1.35634407e-01 2.55653381e-01
 1.29956871e-01 1.78478217e+00 2.50129044e-01 1.66116267e-01
 5.02427816e+00 3.72582853e-01 5.60312927e-01 1.95159483e+00
 7.02822065e+00 2.68032789e-01 2.75402665e-01 2.88950279e-03
 1.95551991e+00 3.40980077e+00 4.80065495e-02 3.42662960e-01
 1.15306115e+00 2.02022815e+00 3.56592327e-01 1.11778057e+00
 2.37801611e-01 2.51889616e-01 3.48939538e-01 5.67366965e-02
 1.16062641e+00 4.29995775e+00 3.70615721e-01 2.43428975e-01
 5.19245224e+01 2.65655637e-01 1.83401555e-01 3.29548031e-01
 3.36616695e-01 2.08243799e+00 4.61137235e-01 2.35033944e-01
 2.85058916e-01 8.95539969e-02 1.63534656e-01 5.21196651e+00
 8.78100586e+00 2.17755532e+00 1.23939574e-01 3.17416519e-01
 9.27068830e-01 1.75129271e+00 1.14734097e+01 1.89516449e+01
 1.13168396e+02 1.57513976e-01 9.03535783e-01 1.14275217e-02
 7.78290212e-01 1.44945896e+00 4.24379885e-01 3.32881808e-01
 6.15678263e+00 2.02161863e-01 4.57896978e-01 2.80989885e-01
 1.95106119e-01 1.18110847e+00 4.14911628e-01 9.00769532e-02
 7.34398603e-01 2.26006299e-01 7.46790469e-02 4.11345720e-01
 3.65554690e-01 1.78535700e-01 3.01785350e-01 4.66814548e-01
 7.18047237e+00 5.68278134e-01 4.98087168e-01 2.18860760e-01
 2.64438868e-01 2.08313599e-01 2.03708693e-01 3.66884470e-01
 1.88318431e-01 2.40983889e-01 1.07599080e-01 9.63271677e-01
 5.70673496e-02 1.63941741e+00 8.46878529e-01 8.71192646e+00
 1.07176006e-01 1.99447513e-01 2.23437414e-01 1.28039360e-01],8.552454,[1.79458335e-01 1.82140172e-01 2.76026666e-01 2.91492164e-01
 3.53938967e-01 2.71564424e-01 1.13960981e+01 2.25330410e+01
 1.26825595e+00 1.37195140e-01 1.65946960e-01 4.39499259e-01
 4.31868076e-01 3.74554433e-02 7.10319400e-01 1.98240370e-01
 2.73025900e-01 1.75018921e-01 6.36521578e-02 4.37652550e+01
 1.10277504e-01 2.68005848e+01 2.40742281e-01 2.17752367e-01
 2.45533779e-01 1.40480459e-01 1.01440132e-01 4.10719037e-01
 2.34671205e-01 3.93379062e-01 9.35988426e+00 3.34255427e-01
 1.40327120e+01 2.40486056e-01 5.48468256e+00 1.77572876e-01
 5.49182951e-01 7.03693569e-01 1.66591644e-01 3.68547738e-01
 2.95776415e+00 2.61815882e+00 1.78420854e+00 1.46133649e+00
 7.19168633e-02 5.02688885e-01 4.74021226e-01 8.36345792e-01
 3.43253948e-02 3.18976432e-01 2.57188296e+00 2.41960078e-01
 1.82388514e-01 2.17485890e-01 1.13007694e-01 1.32289343e+01
 1.37585878e+00 5.20247877e-01 1.91283002e-01 2.70659685e+00
 8.77131075e-02 6.80170655e-01 3.43411446e-01 5.37761497e+00
 2.02786192e-01 7.46596069e+01 9.27281752e-02 3.15979093e-01
 1.69932976e-01 2.86917865e-01 5.83997011e-01 4.12193805e-01
 1.08972955e+00 5.61650200e+01 4.70084524e+00 2.42946386e-01
 8.78585875e-03 9.66759920e-02 8.13719332e-02 8.84652138e-03
 2.27939320e+00 2.74848193e-01 9.23553109e-02 1.03799790e-01
 2.79432833e-01 1.62381709e-01 4.83274192e-01 1.02794003e+00
 5.56887054e+01 1.42033800e-01 2.80643851e-02 1.58174276e+00
 1.60022318e-01 1.72360897e-01 1.81830740e+00 2.15957627e-01
 4.33105290e-01 1.12163222e+00 1.89188361e-01 4.38255072e-01
 1.09660968e-01 4.08105254e-01 1.89470619e-01 5.45898628e+00
 2.28457034e-01 3.11943829e-01 7.64347613e-02 2.37809598e-01
 3.44225807e+01 2.77085513e-01 8.30536842e-01 1.79155707e-01
 1.90852135e-01 8.57551670e+00 2.99778789e-01 2.23181516e-01
 3.66061836e-01 3.01588774e-01 3.28761041e-01 2.40221292e-01
 2.45756686e-01 3.29164803e-01 2.34360024e-01 2.06227690e-01
 1.24009699e-01 2.25434676e-01 3.62544000e-01 1.62424803e-01
 2.20169449e+01 2.09042922e-01 2.89600670e-01 1.43964052e+00
 5.04646897e-01 4.65075731e-01 1.50525719e-01 5.40976167e-01
 1.23453721e-01 4.59287792e-01 1.96275622e-01 1.19348216e+00
 9.39827442e-01 5.30245247e+01 2.64594287e-01 1.46632835e-01
 3.46619725e-01 5.35098650e-02 1.81861043e-01 1.26526654e-01
 1.02689877e-01 1.55439645e-01 3.27172466e-02 1.15777302e+00
 4.83820629e+00 8.73224616e-01 2.17168346e-01 1.56163883e+00
 7.63570428e-01 2.31788754e-01 2.49787048e-01 3.69079560e-01
 2.22696543e-01 1.63576767e-01 2.13704258e-01 1.06369972e-01
 2.37029672e-01 1.18364549e+00 2.34167367e-01 1.75962701e-01
 2.16753149e+00 2.37764880e-01 2.12840533e+00 1.69024515e+00
 8.13460290e-01 2.25078702e-01 1.83645323e-01 2.60511816e-01
 1.03695929e-01 1.12224698e+00 2.13063866e-01 3.20743203e-01
 2.63834834e-01 6.65114760e-01 2.08442956e-01 2.80486469e+01
 4.51000452e-01 2.63913900e-01 1.76591113e-01 1.07678957e-02
 1.03248370e+00 5.81124797e-02 4.35272723e-01 2.41006568e-01
 6.76336365e+01 4.85148787e-01 2.04615235e-01 2.33288482e-01
 3.48311543e-01 1.18384451e-01 1.52941003e-01 1.39953807e-01
 1.23120725e-01 1.90794215e-01 1.98754385e-01 7.51000792e-02
 3.76438022e-01 3.07593524e-01 1.54545367e-01 8.31001550e-02
 1.00224257e-01 7.39184237e+00 1.63011968e-01 1.50222006e+01
 3.57959961e+02 1.63981453e-01 1.16264248e+00 2.98016459e-01
 2.38033608e-01 2.51367748e-01 3.87845695e-01 3.56448680e-01
 1.26900151e-03 1.00801140e-01 3.23398679e-01 1.98637620e-01
 1.69037767e-02 6.00679874e-01 1.64733961e-01 1.75603688e-01
 6.98283255e-01 2.99254209e-01 5.59646964e-01 4.52931076e-02
 2.80271947e-01 1.80386841e-01 3.76484871e-01 2.23467276e-01
 1.88762352e-01 1.05706602e-02 3.80042642e-01 2.00704336e-01
 3.26362610e-01 7.81568587e-02 2.45113686e-01 2.85717279e-01
 9.14744884e-02 2.82419741e-01 4.58057016e-01 2.18544945e-01
 1.16865739e-01 1.21871665e-01 2.84849882e-01 5.34497082e-01
 7.40935057e-02 2.81642407e-01 2.11013421e-01 1.69006735e-01],-971.75806,-1008.7013,-1276.3132,1.0163939,1.2807992,0.9430598,0.9267049,716.1308,-2000.343,3258.4385,1064.9194,1.0345243,0.37443504,0.10582602,-1060.1405,1060.1405,[4.47323682e+03 2.49623432e+01 1.62067680e+01 3.90685938e+04
 1.62004138e+03 3.53568384e+03 2.32676050e+03 1.42748193e+03
 1.09363467e+04 3.14691254e+02 2.99354858e+01 2.17295532e+02
 2.21271110e+00 9.13612915e+02 7.16519737e+00 1.06592322e+03
 4.07813187e+01 1.61325801e+04 2.46248486e+03 3.25542755e+02
 2.51122761e+01 3.09630394e+01 1.45501172e+03 1.99813809e+04
 2.93150482e+01 2.37576929e+03 1.13288841e+01 3.23414490e+02
 1.08952095e+02 9.05624962e+00 3.22010732e+00 1.89205841e+02
 2.43676831e+03 5.39789534e+00 4.94389282e+02 2.89842434e+01
 2.69901318e+03 1.38100815e+02 1.04383821e+01 4.06004272e+02
 4.93547363e+01 1.57083655e+03 7.04024458e+00 2.37049210e+02
 4.07516748e+03 6.06530090e+02 3.26984521e+03 3.33277802e+02
 2.67255211e+01 1.66966095e+01 3.77335986e+03 6.36670938e+04
 1.36007324e+02 1.79965234e+04 4.18505811e+03 5.48206445e+03
 2.37310400e+03 6.48327866e+01 9.16706276e+00 4.63305273e+03
 2.71525085e+02 1.90855383e+03 1.12378662e+03 3.38737583e+00
 1.35120605e+02 9.77119629e+02 9.00832227e+03 7.53618383e+00
 4.31074570e+04 5.37623340e+03 6.76747704e+00 7.43357617e+03
 3.90781250e+02 1.28547627e+04 1.06202539e+04 4.11611621e+03
 9.85812092e+00 1.84625000e+04 4.27584375e+03 2.90955296e+01
 1.12982874e+01 9.87075348e+01 3.88905978e+00 9.58587891e+02
 1.71393203e+04 2.13308945e+04 9.94067383e+01 1.57927265e+01
 5.50086548e+02 5.33126484e+04 5.08879913e+02 1.30723486e+03
 6.41947571e+02 1.00115176e+04 1.28144760e+02 5.52844141e+03
 2.37189270e+02 3.97206757e+02 4.57054883e+03 6.19546680e+03
 2.85520947e+03 1.50430115e+02 2.05545868e+02 3.75427017e+01
 3.05501191e+04 5.18834473e+03 1.89545234e+04 3.57778397e+01
 1.95446074e+04 6.28046143e+03 2.22026929e+03 2.51782036e+00
 2.15276172e+03 1.27870522e+01 4.75625781e+03 1.05152266e+04
 2.12350273e+04 8.67610073e+00 1.08420620e+01 6.33127747e+02
 9.02274841e+02 7.75695947e+03 5.90712280e+02 8.36849365e+02
 1.90683899e+01 7.71777391e+00 4.54776733e+02 3.81750610e+02
 1.63474536e+03 1.56473916e+04 8.82292236e+02 2.09657300e+03
 1.07397236e+04 1.99088708e+03 6.44045944e+01 5.46669922e+02
 5.97358477e+04 7.25550365e+00 3.72944995e+03 1.44612091e+02
 3.19324658e+03 2.84833398e+03 6.25965767e+01 2.62049294e+00
 3.25662695e+03 3.56045625e+04 4.95128320e+03 5.55109367e+01
 8.56421204e+02 3.38456879e+02 3.37908649e+00 1.74368992e+01
 3.59493213e+03 3.39439160e+03 2.95137031e+04 3.74623505e+02
 1.00749016e+01 3.98091504e+03 9.06429382e+02 5.26923828e+01
 8.65774002e+01 4.03268982e+02 2.44574768e+02 1.25421895e+04
 1.39955254e+04 1.19283374e+03 1.88830530e+03 1.97307825e+03
 2.76770874e+03 8.59735336e+01 1.58098755e+01 8.33480606e+01
 1.21402258e+03 3.46702588e+03 2.50510906e+05 1.60759534e+03
 3.54747578e+04 7.52823193e+03 1.07023975e+04 1.87606468e+01
 2.09386215e+01 4.49510622e+00 1.32500818e+03 3.17852631e+01
 1.13189224e+02 2.90417328e+02 4.74027328e+01 2.35501526e+02
 4.47260361e+01 3.14456390e+02 1.61235535e+03 4.42142188e+03
 2.23921936e+02 4.66311066e+02 5.96544067e+02 2.57761597e+03
 6.33794403e+01 1.65561543e+01 2.66964512e+04 1.62653652e+04
 4.32811475e+03 3.11376831e+02 6.71529297e+02 3.42482162e+00
 1.76380078e+04 4.58495422e+02 5.50314407e+01 2.10512734e+04
 8.89595801e+03 2.73195312e+02 1.97166321e+02 3.14660107e+03
 1.43223767e+03 1.06007593e+03 3.72098045e+01 1.33127234e+03
 1.32763269e+03 2.63335968e+02 9.07019901e+00 1.42880812e+01
 2.20916057e+00 1.06450342e+03 3.93249917e+00 4.40193481e+02
 1.28711797e+04 1.80551074e+04 2.22191257e+01 1.55830704e+02
 4.16986618e+01 4.28324036e+02 1.19163770e+03 8.20720020e+03
 1.21969409e+03 6.29330254e+01 2.93211621e+03 7.50200134e+02
 2.44416580e+01 2.79446191e+03 9.13124084e+01 7.48385498e+02
 6.27579460e+01 3.34701562e+03 4.49277344e+03 1.14006162e+04
 1.61593689e+02 1.27169571e+02 1.08549789e+02 1.65595850e+03
 1.69038342e+03 1.70274292e+02 2.86438916e+03 1.09191788e+02
 2.65689754e+01 1.27578156e+05 4.65475098e+03 5.43173584e+02],7007.8906,[5.0967939e+03 8.0559319e+01 9.1234833e+01 3.1415773e+04 1.0118158e+02
 1.6048767e+03 1.6366523e+03 7.6809922e+03 2.0869607e+03 1.0194984e+04
 4.7362427e+01 1.3532097e+02 2.4906242e+00 1.2206348e+03 7.3452673e+00
 4.3224121e+02 5.4182556e+01 3.1782744e+03 4.1613179e+03 1.2600874e+01
 3.5986365e+02 6.3247627e+01 4.0083661e+02 6.9022676e+03 1.4217784e+02
 1.7956218e+03 1.1529589e+00 1.0736074e+03 4.2633545e+02 1.0422728e+01
 3.4251614e+01 8.5312790e+01 4.1808621e+02 9.5070238e+00 3.9403427e+02
 1.3061102e+02 2.1425200e+03 7.6980273e+03 1.0167316e+01 1.7254645e+03
 1.7974152e+02 2.1788223e+03 3.8258085e+00 5.2677515e+02 6.5449805e+02
 1.1232927e+03 1.9582820e+03 8.0708313e+02 4.6029076e+01 1.5774250e+01
 5.0714334e+02 3.3239412e+03 5.5369507e+02 1.8473443e+04 5.8993896e+03
 1.9343065e+03 5.7363525e+03 4.1620215e+02 2.1953416e+00 1.6558000e+04
 1.1601524e+01 4.3097354e+03 1.5492766e+03 1.0303457e+01 3.8414786e+02
 4.7951318e+03 1.6242151e+03 1.6570458e+00 3.4591156e+01 3.1417825e+03
 2.3906482e+02 1.4408816e+03 9.1004196e+01 8.8029170e+03 6.5434385e+03
 7.4717290e+03 9.9154198e+01 1.0556929e+03 4.0793359e+04 1.4641516e+02
 5.8336163e+00 4.5084232e+01 1.7199445e+00 3.9851867e+04 1.9675190e+03
 4.3612598e+03 9.1490143e+01 7.3885875e+00 1.4949386e+03 4.1482352e+04
 7.4382593e+02 2.0239084e+03 7.9847113e+02 7.3316528e+02 6.6567251e+03
 4.7202441e+03 3.2385519e+02 1.3289139e+03 6.1456621e+03 1.6637584e+02
 1.5423538e+02 1.4877390e+02 3.0086287e+03 5.3978355e+01 3.2445579e+03
 4.8907939e+03 7.3654575e+03 2.8207203e+01 3.0766807e+04 5.1041248e+02
 4.4870083e+03 1.7156017e+00 4.4881362e+03 2.2613420e+00 4.9691400e+02
 5.1153965e+03 2.8623027e+04 1.1282616e+01 1.3843862e+01 1.2509510e+03
 5.6308099e+02 6.2037896e+03 4.5363040e+02 8.7093774e+02 7.7809570e+02
 5.5819897e+02 6.4740234e+01 2.6354654e+02 7.4488120e+03 1.4761499e+04
 5.1078036e+02 4.4724547e+04 1.0368452e+03 1.1511747e+04 3.9733135e+03
 1.5995010e+02 2.6121785e+03 1.0754618e+01 2.6489753e+03 2.1675052e+02
 3.6180176e+02 6.3657847e+03 1.4505284e+03 1.5676411e+01 2.0451781e+04
 2.6303213e+04 1.0466646e+04 3.4524960e+01 4.2526528e+03 9.8044128e+02
 7.4624519e+00 5.2891240e+00 2.3409514e+03 3.3733848e+03 2.3634480e+04
 4.1606409e+02 1.7130991e+01 4.6108452e+03 8.1396924e+03 1.7907681e+01
 1.9979847e+01 1.3194580e+02 2.1355981e+02 1.6957336e+04 1.0772666e+04
 1.6800439e+03 4.8405410e+03 2.1423755e+03 6.8838389e+03 2.7653555e+02
 2.7674904e+00 1.8797032e+02 1.3607710e+02 6.7681167e+03 1.3674920e+04
 3.8252471e+03 2.7018514e+04 1.6681943e+03 2.2761184e+04 3.4606098e+01
 2.9739224e+02 2.5262447e+01 8.8669373e+02 8.7818665e+01 1.5282107e+03
 2.9357973e+04 3.5177853e+02 1.4416783e+02 6.1777485e+01 3.5009781e+02
 5.5221670e+03 2.1103649e+00 2.9748175e+02 5.0582144e+02 3.1882986e+03
 1.6649539e+04 1.3490263e+04 2.7061666e+01 6.3713857e+03 2.5644025e+02
 1.2893213e+04 3.0212720e+02 6.0476086e+02 6.2516518e+00 2.9022341e+03
 4.1119751e+03 1.0519456e+02 9.3670986e+03 6.9526899e+03 1.3191833e+05
 1.6881113e+02 2.7896768e+03 2.3321589e+03 9.7955847e+02 4.5091357e+03
 1.7248641e+03 6.5570929e+02 1.8834957e+03 6.8430829e+00 2.5456014e+00
 3.8538536e+01 1.9862766e+03 5.7587695e+00 1.0768363e+02 2.5623986e+04
 6.9967523e+02 1.3591895e+01 2.0123428e+02 6.2486038e+01 3.3791724e+02
 1.2078865e+04 2.1142131e+04 9.9677356e+02 4.1838642e+01 7.5286147e+03
 1.0182355e+03 5.3710522e+02 4.1180911e+02 1.4869486e+01 7.3278723e+02
 4.3182675e+02 3.4265408e+02 1.0060842e+03 1.6286485e+04 3.2573340e+02
 3.2373114e+02 2.3010378e+03 1.7608081e+03 3.0578252e+03 5.6621521e+02
 9.8079761e+02 9.6721875e+02 2.1082808e+03 3.0694827e+03 3.1812295e+03
 2.4241490e+02],-976.3635,-1111.9863,-1500.0,1.9165001,23.266327,0.18935218,0.9382001,0.015588707809448241,8118.5231120586395,0.125,0.125,-0.25650519873297123,-0.0019203185599525198,-0.2566265320029967,-0.002158060462170051,-1.1047772872555597,25.249999999996884,0.0,500000.0,-10.0,-5000.0,500.0,7.411337614059448,500000
1009.23016,0.0458465,0.0762828,0.002594673,-1008.4215,1008.4215,[2.28212252e-02 7.02453256e-01 1.61585584e-02 1.86643267e+00
 5.07868052e+00 1.54877678e-01 1.88789310e+01 1.62791252e+00
 6.72848523e-02 2.10452461e+00 1.77575231e-01 1.54345906e+00
 2.76424438e-02 6.60367310e-03 4.03285205e-01 6.00197986e-02
 3.53611186e-02 6.33847666e+00 1.79972291e-01 1.41437724e-02
 1.32504106e-01 1.08631790e-01 2.89765096e+00 3.90470326e-02
 1.70273259e-02 3.07474637e+00 2.65114307e+00 6.46963716e-01
 6.11319721e-01 7.31297731e-02 7.04477167e+00 8.70681554e-02
 1.34963542e-02 3.16505015e-01 1.90535650e-01 4.23734963e-01
 1.92361504e-01 7.09999681e-01 1.36982091e-02 2.08602905e+00
 7.41052628e-02 7.48461857e-03 3.46030664e+00 2.39845105e-02
 7.61428848e-02 2.47085184e-01 7.86148357e+00 1.50652215e-01
 1.29323845e+01 2.92057365e-01 1.69103086e-01 4.67131473e-02
 4.90957355e+00 1.72899652e+00 2.01715603e-01 5.77372797e-02
 6.73660636e-01 3.84061076e-02 1.11002183e+00 1.54489577e-02
 3.94991785e-02 1.98804414e+00 1.68480352e-02 8.09628516e-02
 6.95547104e-01 5.45942783e-02 2.96036214e-01 4.17107493e-02
 1.85577758e-02 2.16544056e+00 1.57871246e+00 2.14311194e+00
 8.26445967e-02 1.12796462e+00 1.02098472e-02 5.29233404e-02
 9.46782529e-02 3.29743683e-01 3.40867378e-02 3.73944715e-02
 1.40153840e-01 1.25299856e-01 2.32563354e-02 9.42152888e-02
 5.79190888e-02 4.43962634e-01 1.01522148e-01 8.18554759e-01
 1.16548851e-01 4.60010946e-01 1.97988786e-02 3.88519838e-02
 3.55499126e-02 1.52435616e-01 6.57579601e-02 1.08985342e-02
 2.40497962e-01 8.44845891e-01 5.29491615e+00 7.01122856e+00
 1.06920302e-01 3.81139852e-02 3.13278656e+01 1.52646351e+00
 2.08642669e-02 3.16620499e-01 4.08914948e+01 6.46795183e-02
 1.21651852e+00 5.52735478e-02 5.31012118e-01 1.24974000e+00
 2.39562297e+00 1.13616288e-01 4.20969915e+00 2.10733153e-02
 1.62553902e+01 1.80959441e-02 9.10367668e-02 2.43201315e-01
 5.50931096e-02 1.32144842e+01 1.04650319e+00 1.66499627e+00
 1.02991045e-01 9.66856331e-02 1.07134134e-02 9.22739565e-01
 8.72215182e-02 3.82755371e+02 2.61721089e-02 2.54623592e-01
 4.08394146e+00 2.84050035e+00 5.10881901e-01 2.32802505e+01
 2.52144337e-02 1.65401638e-01 2.02554539e-02 1.18895221e+00
 3.25235128e-01 1.05135536e+00 1.15877762e-01 9.84319448e-02
 9.45986658e-02 4.14865054e-02 2.52985992e-02 8.02509934e-02
 3.83273035e-01 5.90261854e-02 6.04644012e+00 1.36192024e-01
 1.20574129e+00 2.02594113e+00 1.70621657e+00 1.58238895e-02
 8.38747883e+00 1.81686468e-02 9.80972201e-02 3.33052427e-02
 2.53384188e-02 1.88160591e+01 1.36785913e+00 4.96798903e-02
 3.95298302e-02 6.57976717e-02 1.75484791e-02 3.25037956e-01
 1.88210106e+00 3.88012970e+02 9.83058214e-02 3.16981263e-02
 1.55876741e+01 5.05390108e-01 8.53716284e-02 1.58901304e-01
 2.47756392e-01 2.18305498e-01 2.85965204e-02 1.38868839e-02
 5.52984416e-01 2.08262652e-01 1.90557867e-01 3.57693769e-02
 2.60227394e+00 1.01200402e-01 1.76233196e+00 5.59879422e-01
 2.79445238e-02 1.32368965e+01 7.69700468e-01 5.01532614e-01
 7.20920849e+00 4.22332436e-02 2.41435218e+00 9.36034694e-02
 6.64523989e-03 1.59483981e+00 1.52795863e+00 1.51873216e-01
 2.83519365e-02 1.32068110e+00 3.69340368e-02 1.56411961e-01
 1.71439126e-02 2.29273915e-01 2.40811497e-01 8.64997506e-04
 2.86221690e-02 2.14610233e+01 2.14209229e-01 2.08663940e-01
 1.58405900e-02 9.76696014e-01 1.04272306e+00 3.78244042e-01
 6.12160826e+00 2.43293382e-02 2.35029645e-02 6.72852397e-02
 2.11781931e+00 2.19145790e-02 5.15934974e-02 2.63428986e-02
 3.22846174e-01 3.36754210e-02 2.39138976e-02 1.72702223e-02
 1.38100767e+00 2.03427553e+00 2.76766568e-02 1.02675296e-02
 4.21694708e+00 2.14005260e+01 3.95112991e+01 7.57991254e-01
 1.92684621e-01 1.14311725e-02 2.22503133e-02 1.66009426e+00
 4.42836434e-02 1.10915020e-01 4.69869860e-02 8.66107788e+01
 2.08963454e-02 7.72352517e-02 1.28402829e-01 1.68827362e-02
 6.65924698e-02 1.09898567e+00 1.54902005e+00 1.89869292e-02
 7.80760288e+00 1.31907439e+00 1.95724741e-02 7.47279358e+00],4.9426727,[1.26440078e-03 3.49344373e-01 3.71254981e-02 4.89467287e+00
 1.19482827e+00 3.10797125e-01 1.29937725e+01 1.43957928e-01
 8.73398334e-02 1.48818910e-01 1.60041243e-01 7.60588229e-01
 5.32187521e-03 2.45020427e-02 3.27398419e-01 1.62457004e-02
 6.53829053e-03 7.57402325e+00 2.55505800e-01 2.48928368e-02
 6.79636657e-01 1.32920653e-01 4.61679220e-01 1.13291442e-01
 3.12438607e-03 2.87345743e+00 3.31503606e+00 6.46715641e-01
 9.72186327e-01 9.32934284e-02 1.06396713e+01 5.21055460e-02
 2.03955919e-02 6.38272405e-01 4.99621779e-02 5.84419072e-01
 1.27297714e-01 1.70403266e+00 3.84469368e-02 9.69600916e-01
 2.63224915e-03 1.85104907e-02 2.87546778e+00 2.02682391e-02
 5.42463213e-02 5.15507460e-01 2.75415778e-01 1.63841844e-01
 1.51292467e+00 4.64358956e-01 3.95577967e-01 4.73708630e-01
 4.89689178e+01 2.32436806e-01 1.69009298e-01 1.88470513e-01
 4.59829688e-01 9.24151540e-02 2.79226995e+00 7.15829432e-04
 9.81361419e-02 1.47624063e+00 2.82353535e-02 5.30477241e-02
 2.51058221e-01 6.99152052e-03 3.88191760e-01 1.47136435e-01
 4.09526899e-02 1.96912155e-01 9.59927976e-01 1.23867571e-01
 4.68954951e-01 1.14332275e+02 5.25749102e-03 4.34126742e-02
 2.55516917e-02 1.39422572e+00 1.27635732e-01 1.15161970e-01
 2.35629141e-01 2.14981243e-01 2.41338983e-02 2.05786526e-03
 9.03441459e-02 7.88787007e-03 4.00932133e-01 1.26590878e-02
 8.64893615e-01 1.88208461e-01 2.75845379e-01 1.75972044e-01
 4.96853143e-03 6.81397021e-01 2.29836002e-01 2.64121234e-01
 2.65877724e-01 9.91510570e-01 6.60241425e-01 1.23717442e-01
 9.07150358e-02 1.55553557e-02 3.63344078e+01 7.59148598e-02
 2.36599743e-02 6.45117819e-01 1.41300411e+01 9.40711200e-02
 8.45950007e-01 8.23458433e-02 4.24841344e-01 3.70034993e-01
 1.17919898e+00 2.04666644e-01 3.61309290e-01 5.79441339e-02
 1.18937435e+01 7.69772679e-02 1.52061433e-01 7.18513876e-03
 3.32381874e-02 3.53472748e+01 1.83482334e-01 5.09109259e-01
 1.43207991e+00 2.56215818e-02 4.02324349e-02 1.20812476e-01
 1.34488061e-01 3.08698196e+01 4.92979027e-02 4.99410868e-01
 1.12463951e-01 1.76775527e+00 9.78909492e-01 1.13485336e+00
 7.44242221e-02 1.83746696e-01 1.89378299e-02 2.19678044e+00
 3.95408899e-01 6.92234486e-02 1.90078691e-01 5.80480844e-02
 9.39434171e-02 3.51963639e-02 7.31312037e-02 1.20387346e-01
 5.92026770e-01 1.60831943e-01 2.45696217e-01 1.77686006e-01
 4.85909730e-02 1.29334664e+00 1.12232752e-02 2.07214653e-02
 2.17947252e-02 2.33561471e-01 2.31344566e-01 2.54271775e-02
 1.15709901e-02 7.88121462e+00 2.06379557e+00 1.28837839e-01
 4.04310860e-02 1.52236968e-01 1.78260989e-02 5.76080799e-01
 6.03166699e-01 8.37752228e+01 9.22811031e-02 1.06351860e-02
 2.09330482e+01 7.01839685e-01 2.26360001e-02 6.11234382e-02
 8.86402369e-01 1.61836758e-01 3.96870449e-03 5.81333414e-03
 1.90888315e-01 9.42894965e-02 9.77730513e-01 7.66414776e-03
 4.44289222e-02 8.18608105e-02 4.67095613e-01 1.03922963e-01
 9.62857753e-02 4.52394783e-01 8.03316981e-02 1.61823221e-02
 3.26971747e-02 7.94034749e-02 1.76981616e+00 1.61450222e-01
 2.85458937e-02 6.04897320e-01 4.71545830e-02 1.04424357e-01
 5.27593233e-02 6.59175515e-01 1.16944551e-01 8.47406030e-01
 1.14696652e-01 3.90745141e-02 1.68763697e-01 1.09222546e-01
 6.28609955e-03 9.46422768e+00 1.10007077e-02 1.82967260e-01
 2.36234814e-03 7.74535537e-01 2.20374584e+00 5.08179963e-02
 3.56486416e+00 4.92153801e-02 1.36498548e-02 5.15854359e-02
 3.11196633e-02 6.31123781e-03 6.74738139e-02 3.57382372e-03
 4.04523760e-01 4.66931611e-03 1.56308487e-02 5.43741137e-03
 3.32355499e-01 1.77279937e+00 8.77640396e-03 4.51970734e-02
 3.05679440e-02 2.09706345e+01 3.32309189e+01 3.67328107e-01
 2.04505511e-02 2.34769657e-03 8.20612162e-02 4.50221252e+00
 1.68796182e-01 6.96181357e-02 9.83969271e-02 5.68321915e+01
 3.55151966e-02 2.34289616e-01 5.85822240e-02 3.47280279e-02
 8.21206719e-02 1.78794365e+01 1.80551961e-01 4.10392359e-02
 1.32734013e+00 5.68982172e+00 2.49347463e-03 6.61297035e+00],-972.1157,-1014.1967,-1486.7471,1.0155197,1.6025783,0.91886616,0.9265945,1404.4233,-8683.783,10509.336,1099.3143,1.1551012,0.38952404,0.12470355,-1094.264,1094.264,[1.13064980e+04 7.74441309e+03 3.27983887e+03 9.55417891e+04
 7.52969482e+02 4.15269958e+02 2.79633516e+04 3.51683911e+03
 3.37361572e+03 4.79284592e+01 4.21656250e+03 8.76430893e+01
 4.17177582e+02 1.29791088e+01 9.85386581e+01 1.45832410e+03
 2.16249817e+02 1.92681309e+04 2.24021143e+03 6.32616638e+02
 3.37595972e+03 7.79199341e+02 3.97476211e+04 7.60593115e+03
 1.83067191e+00 1.98564091e+01 1.33252734e+05 1.05287766e+02
 1.04912976e+03 2.02674503e+01 2.66867504e+01 3.59418481e+03
 2.50318145e+04 1.40437036e+03 4.96583891e+00 5.49907178e+03
 7.97354980e+03 1.00511365e+03 1.82117020e+02 1.35334485e+03
 1.88519287e+01 2.68254541e+03 7.74342188e+03 2.39422058e+02
 2.65898834e+02 1.44149109e+02 1.24879818e+01 2.25284351e+03
 6.03770081e+02 4.72260010e+02 4.10017822e+03 7.00669873e+03
 5.59386414e+02 2.02428066e+04 5.51299934e+01 2.81034668e+03
 3.16602969e+00 2.41811676e+01 2.25582031e+04 7.43119482e+03
 1.62618125e+04 6.65719070e+01 2.39441479e+03 6.34296777e+03
 2.50019092e+03 1.01477441e+04 3.10423999e+03 1.30925352e+04
 1.57689171e+01 1.52716467e+03 6.07272110e+01 7.17397998e+03
 9.07089355e+02 4.28814621e+01 2.65854702e+01 2.62524486e+00
 2.13772049e+01 5.19740982e+01 3.00984650e+02 4.40656471e+00
 7.63525162e+01 1.05428604e+02 3.54516144e+01 6.75135391e+04
 1.96263275e+01 4.69099023e+03 1.02717636e+02 6.49973633e+02
 1.84312000e+03 2.00083081e+03 2.22026514e+03 3.49182892e+02
 1.28770176e+04 9.12179504e+02 7.87814209e+02 2.30463959e+02
 1.03279543e+01 2.94654980e+01 1.74587799e+02 3.58056854e+02
 7.79690938e+04 1.73663318e+03 4.32402100e+02 3.56268806e+01
 2.27883545e+02 1.36068665e+02 4.52016455e+03 1.07385059e+04
 4.37036621e+03 1.96345361e+03 1.75043828e+05 5.97404633e+01
 5.46526270e+03 2.83066333e+03 7.92465210e+00 4.74663867e+03
 1.86582852e+04 5.73343201e+01 1.36757477e+02 3.76403694e+01
 6.97586484e+04 2.36878677e+02 2.00624524e+03 1.06210034e+03
 1.32465371e+04 3.92178619e+02 6.81414642e+01 3.64607178e+02
 4.77297168e+03 8.41856995e+01 1.83011856e+02 1.69077991e+03
 3.28983242e+04 2.87250537e+03 1.74186812e+05 1.88707500e+04
 4.80488159e+02 2.81601334e+00 8.82335547e+03 1.77252881e+03
 4.95510596e+03 8.04208755e+01 1.20161676e+00 1.05330773e+05
 2.13054004e+04 6.45818115e+02 6.52424526e+00 1.94122637e+04
 3.68051453e+01 2.09234219e+04 1.63313580e+01 2.95999048e+03
 7.02628662e+03 1.35848906e+05 1.92475330e+03 2.00873938e+03
 2.02885036e+01 3.44669727e+04 4.74062891e+03 1.15407133e+01
 1.07647876e+03 4.31030457e+02 7.63541943e+03 2.04924844e+04
 1.07474189e+04 4.62271523e+04 1.38776453e+03 7.01378632e+01
 6.61833069e+02 1.72012215e+01 1.56164941e+04 2.31788647e+03
 3.12695389e+01 1.99816956e+03 2.33189926e+01 1.45690664e+04
 6.62733826e+02 8.82695117e+03 3.79314453e+03 3.69538208e+02
 6.77353745e+01 1.28227612e+03 7.02923486e+03 2.62541084e+01
 9.94046484e+03 1.41443405e+01 3.78424487e+03 6.27311401e+02
 4.03822803e+03 7.20646143e+03 1.91684322e+01 6.74990781e+04
 2.45524951e+03 6.68876514e+03 2.72123184e+01 1.93677637e+04
 4.75337158e+03 1.84525342e+03 1.76037573e+03 1.04800609e+05
 5.16487158e+03 5.34181290e+01 2.77509141e+04 6.42798828e+03
 1.30059624e+01 1.25822649e+01 2.63085645e+04 1.50712683e+03
 5.17552070e+04 1.65931717e+02 3.92031555e+01 2.57682153e+03
 5.92547705e+03 3.38351135e+01 2.25908545e+03 1.24078797e+05
 1.29638037e+03 3.69568024e+01 6.80764941e+03 1.09074717e+04
 4.14415665e+01 2.64783081e+02 2.58080921e+01 5.82026253e+01
 4.03310547e+02 2.75200710e+01 1.66092720e+01 9.48073730e+03
 4.53522825e+00 2.10456274e+03 4.32444570e+04 1.67816544e+02
 2.96166040e+03 1.31010780e+01 1.20612927e+03 3.99356006e+03
 1.80184036e+02 2.45893574e+00 1.65008081e+03 7.21248984e-01
 9.91734863e+03 6.87718018e+02 2.11516983e+02 6.91552162e+00
 9.56984329e+00 1.22414648e+03 1.99482239e+03 7.75288965e+03
 2.28509644e+03 2.48869133e+01 3.43616486e+01 1.31385727e+02
 1.41389160e+01 4.27245522e+01 5.69018750e+03 2.18394121e+04],14413.161,[3.29315859e+04 5.87178564e+03 1.45243887e+04 2.24927588e+03
 1.12607666e+04 1.83826172e+04 2.79740859e+04 2.99780977e+04
 2.42985254e+04 1.02113815e+02 1.14110176e+04 2.05101944e+02
 1.12411533e+04 1.49532003e+01 1.69470871e+02 2.78622894e+02
 7.29784241e+01 4.89092578e+04 4.93618848e+03 1.94084766e+04
 8.07738586e+02 3.84705420e+03 2.20679473e+04 7.33095801e+03
 1.40380737e+02 3.27034998e+00 5.93443457e+03 9.77303925e+01
 5.87924133e+02 3.40808907e+01 5.09907539e+04 3.05267188e+03
 1.35813135e+03 2.08408691e+03 3.23298120e+03 3.54965039e+03
 9.55597266e+03 2.58214551e+03 3.68509583e+02 2.58288916e+03
 8.98256779e+00 4.80633789e+03 9.08426172e+03 1.06461250e+02
 9.25454773e+02 8.48647266e+03 1.37057209e+00 7.91626526e+02
 4.35275879e+03 3.26537537e+02 7.79260400e+03 1.70016270e+04
 5.39006882e+01 4.91204727e+04 2.75137482e+01 1.15950967e+04
 6.98013306e+00 1.65488605e+01 2.94132104e+03 2.07458350e+03
 1.26423206e+03 1.38338898e+02 9.73886963e+02 7.04293262e+03
 9.63200500e+02 1.26436755e+03 4.13834805e+04 1.43859443e+04
 2.54058618e+03 9.21712988e+03 7.93835571e+02 7.22573291e+03
 7.73926086e+02 7.40785065e+01 9.20852757e+00 2.68076344e+01
 1.21385413e+03 3.25547058e+02 8.84441528e+01 9.00012283e+01
 2.14410828e+02 1.84103015e+03 4.37709274e+01 1.84843203e+04
 1.62933563e+02 2.46545435e+03 1.12762610e+03 3.75319067e+03
 9.53375293e+03 2.67638330e+03 2.03022510e+03 1.13464331e+03
 1.83831133e+04 3.38196533e+03 1.85049365e+03 2.82542969e+02
 3.31507111e+00 3.38189087e+01 1.72962109e+03 1.03151953e+03
 3.29798804e+03 2.72217224e+02 3.18926620e+01 5.53638802e+01
 3.23401550e+02 8.81400513e+02 1.56377295e+03 4.80267617e+04
 1.13365508e+04 4.51433496e+03 5.64351172e+04 7.28645935e+02
 6.99141211e+03 1.77355039e+04 8.11485443e+01 6.12211562e+04
 6.63238477e+03 7.74214401e+01 4.75538361e+02 8.25808411e+01
 3.00344141e+03 5.54668236e+01 3.57160938e+03 9.69139531e+04
 1.20199512e+04 2.69540942e+03 7.86238403e+01 7.08455582e+01
 1.04383521e+03 7.32208710e+01 1.16764209e+03 5.03203711e+03
 1.91370703e+04 1.15995837e+03 1.12808023e+05 7.29357275e+03
 6.77928528e+02 3.75791779e+01 4.73648145e+03 2.74560913e+03
 4.35005371e+03 1.35884949e+02 7.95230103e+01 6.54088928e+02
 8.68802441e+03 1.22078284e+03 6.59092140e+00 5.79897412e+03
 2.40310593e+01 3.40010969e+05 5.70584965e+00 1.72376965e+03
 5.04346953e+04 4.21761475e+03 1.08663892e+03 1.64994004e+04
 8.23384399e+01 2.61438184e+03 2.72631909e+03 2.71060047e+01
 1.42653577e+03 7.55770020e+02 5.17337500e+03 1.21997656e+04
 8.30076660e+03 5.36716797e+04 7.83188818e+03 1.23292172e+00
 6.99580460e+01 5.77033997e+00 1.45229480e+03 2.89629355e+04
 3.55472946e+01 1.35542618e+02 2.72680950e+01 2.78922578e+04
 6.96842529e+02 2.01984534e+03 1.05458955e+04 2.34414478e+03
 8.40603714e+01 1.35959790e+03 1.35349189e+04 1.53413547e+05
 1.48300840e+04 2.48716030e+01 3.86069023e+04 1.27452075e+03
 4.78840088e+03 6.04165469e+04 6.39615117e+04 7.16567422e+04
 5.03255920e+02 3.96497095e+03 1.65221948e+03 1.55679781e+05
 3.38944961e+04 7.83948975e+02 1.68758374e+03 8.18403015e+02
 4.87487402e+03 9.99353409e+00 2.97494102e+04 1.45855742e+04
 1.03304482e+01 3.13656654e+01 1.13384326e+04 3.53092212e+03
 4.40386133e+04 4.47016998e+02 7.42501144e+01 1.18587170e+03
 8.59901855e+02 2.22591648e+01 4.44193555e+03 1.88505312e+04
 6.03256470e+02 8.86740952e+01 7.23066260e+03 1.78518496e+04
 6.56892776e+00 5.03155304e+02 2.51792126e+01 1.48738022e+02
 3.67487793e+02 1.36270844e+02 4.63838501e+01 9.66827515e+02
 1.97315887e-01 3.47485571e+03 3.30081592e+03 7.72450562e+01
 9.39854965e+01 1.04544497e+01 7.40971436e+02 8.69566406e+02
 5.44198535e+03 2.58557930e+01 5.81235229e+02 1.01766199e+03
 5.53786816e+03 7.59842773e+02 1.31411731e+03 2.60424048e+03
 1.97826080e+01 9.04447070e+03 4.29110938e+03 1.65012610e+03
 6.76356055e+03 2.21350830e+03 3.47616882e+01 1.76161484e+02
 7.42406158e+01 5.80837402e+01 7.02426758e+03 1.11349639e+04],-976.29694,-1141.1975,-1500.0,2.1368194,24.204443,0.16866031,0.9440962,0.01672574076652527,8536.66664814949,0.125,0.125,-0.26170675475394467,0.00026523450797896243,-0.2617005097263682,0.00010905389762255143,-1.1246094874662766,25.249999999996884,0.0,525000.0,-10.0,-5000.0,500.0,7.446225166320801,525000
1010.6525,0.06368327,0.11107583,0.0025389977,-1009.4781,1009.4781,[5.98017335e-01 4.03921366e-01 7.39074230e-01 1.70835361e+01
 1.29592165e-01 4.37374786e-02 2.78362894e+00 7.95872331e-01
 4.64895815e-01 7.06137657e-01 4.46034431e-01 1.54314053e+00
 9.22137648e-02 3.74364763e-01 9.59311783e-01 3.16621512e-01
 4.82998073e-01 6.38217628e-01 1.92931324e-01 4.75509539e-02
 6.66386068e-01 9.79181824e+01 1.87467635e-02 1.97379470e+00
 1.86468184e-01 7.95432478e-02 6.79055452e-02 4.72270813e+01
 2.05765009e+00 6.26789451e-01 8.05213928e+00 4.48191792e-01
 3.69681448e-01 7.18272829e+00 4.19689178e-01 3.98589909e-01
 6.81273878e-01 5.25727749e-01 5.75917006e-01 6.36437714e-01
 1.71172047e+01 7.37419248e-01 1.19517112e+00 5.02056122e-01
 2.19916677e+00 1.32058334e+00 6.71994805e-01 4.36005801e-01
 1.09834957e+00 4.41348910e-01 5.99778557e+00 5.61350203e+00
 8.50872517e-01 4.72904712e-01 1.41503191e+00 1.46057713e+00
 6.29349649e-01 1.22644687e+00 4.88532066e-01 1.94954351e-01
 1.08314429e+03 1.15426099e+00 6.35286808e-01 2.66103745e-01
 1.88864632e+01 5.56053638e-01 5.57076514e-01 9.43108201e-01
 8.57590735e-02 1.96920395e-01 3.95138144e+00 2.24656835e-01
 1.95976257e+01 2.44873181e-01 1.07468843e-01 9.32387352e-01
 3.29562128e-01 3.53173584e-01 3.02771106e-02 6.93150997e-01
 1.55281556e+00 1.49513507e+00 5.11198938e-01 1.33139670e+00
 5.50967693e+00 3.92892212e-01 9.91953790e-01 2.58212280e+00
 1.68515444e-01 5.60237598e+00 5.33003092e-01 4.56052780e-01
 3.75402033e-01 8.88959318e-02 1.22046724e-01 1.26625538e+00
 4.44556713e-01 5.57839155e-01 7.75384158e-02 1.26262438e+00
 3.32330942e-01 5.32142639e+01 8.89368176e-01 6.83585167e-01
 2.81936437e-01 1.54970661e-02 8.85076165e-01 1.71674323e+00
 3.63765687e-01 4.02220488e-01 4.72667098e-01 3.86467099e-01
 1.23198152e-01 4.38507378e-01 3.89575362e-01 8.60922012e+01
 9.00374174e-01 1.40496516e+00 6.91445470e-01 5.63597023e-01
 3.69130206e+00 9.01613951e-01 1.26448655e+00 6.40705585e-01
 6.24035001e-01 2.51157045e-01 3.27368641e+00 3.58651936e-01
 1.75654843e-01 5.64680219e-01 9.01336312e-01 3.86208966e-02
 4.98906709e-02 7.19467163e-01 1.80103898e+00 1.11096764e+00
 4.52774346e-01 6.66536140e+00 5.18629432e-01 1.30790198e+00
 1.30331266e+00 4.63239938e-01 1.99810907e-01 6.48322582e-01
 9.81605911e+00 1.85184312e+00 1.65908957e+00 3.39454770e-01
 5.76665115e+01 4.81279582e-01 1.09947538e+00 9.80297863e-01
 4.74173576e-01 8.71172309e-01 7.04336023e+00 3.95859480e-01
 2.72594452e-01 9.40356374e-01 2.86538315e+00 1.35519385e+00
 7.86298156e-01 5.75800934e+01 6.30840421e-01 3.70957911e-01
 8.00052795e+01 1.77633807e-01 1.34957576e+00 1.09267250e-01
 9.98456669e+00 1.76471639e+00 3.49914610e-01 1.07162583e+00
 6.78671181e-01 2.25046188e-01 8.64499211e-01 1.31515396e+00
 1.35295463e+00 2.68644184e-01 6.84361696e-01 2.53252983e-01
 2.79224634e+00 5.61151743e-01 1.43518436e+00 2.06209868e-01
 1.31338966e+00 1.35116011e-01 6.43814206e-01 5.52024916e-02
 5.08401513e-01 1.38382688e-01 4.57359731e-01 3.39140832e-01
 3.79123688e-01 6.39511645e-01 4.82496947e-01 1.66660042e+01
 3.74723256e-01 1.20457184e+00 8.51391405e-02 1.13549602e+00
 3.53295714e-01 4.85940456e-01 7.67524958e-01 3.43349129e-01
 5.79886675e-01 1.98790386e-01 6.62155762e+01 1.27715632e-01
 7.98009515e-01 8.56212735e-01 3.58791590e-01 9.02211666e-01
 1.26314878e+00 6.21806324e-01 4.38361257e-01 6.20486736e+00
 1.96651306e+01 4.18124318e-01 8.69544089e-01 3.01889539e-01
 4.95431200e-02 8.36275160e-01 1.07391286e+00 6.08936667e-01
 3.46654773e+00 2.74228334e-01 8.25551271e-01 1.17353563e+01
 5.20052552e-01 2.31900406e+00 5.09906188e-03 5.34728356e-02
 5.75991035e-01 2.01685354e-01 2.76230812e-01 1.64214388e-01
 2.55470276e-01 7.65356004e-01 1.69189751e-01 3.04427445e-01
 3.76276165e-01 1.25007677e+00 2.09984243e-01 2.73639619e-01
 5.65601778e+00 1.59615159e-01 2.76008368e-01 2.73775959e+00
 3.18976760e-01 3.39050591e-01 1.62969029e+00 4.17612505e+00
 2.44021863e-01 2.23533511e+00 1.06848621e+00 3.75199169e-01],13.598979,[5.40598631e-01 2.63727725e-01 8.14349473e-01 2.02998428e+01
 3.26958776e-01 9.57632124e-01 1.86821535e-01 1.00592375e+00
 3.27646583e-01 1.37292218e+00 7.27187455e-01 9.99456942e-02
 5.33621359e+00 9.86005366e-02 7.37745643e-01 2.60065973e-01
 9.65434670e-01 6.47455931e-01 1.70425355e-01 2.71871686e-02
 2.33754492e+00 8.73225098e+01 8.05329680e-01 3.89789224e-01
 9.96310860e-02 1.90776065e-02 3.95460099e-01 1.22674112e+01
 1.68225914e-01 1.40068185e+00 1.28231716e+01 6.68556035e-01
 2.66272187e-01 9.92431998e-01 3.90168905e-01 2.09615022e-01
 1.15215874e+00 9.83828008e-02 6.51559412e-01 9.80841994e-01
 1.27345610e+01 1.03438962e+00 7.64584184e-01 4.74931002e-01
 1.61726117e+00 8.54580402e-01 6.51414990e-01 5.09495497e-01
 1.12807894e+00 1.18958521e+00 6.78272486e-01 2.34568572e+00
 1.74999428e+00 2.38271371e-01 1.05860233e+00 5.43014169e-01
 3.22406679e-01 4.45944518e-01 4.98317331e-01 3.45844150e-01
 1.66932202e+03 8.69142711e-01 7.32589364e-01 6.22568965e-01
 2.36935234e+01 1.11426091e+00 5.32891154e-01 3.13446760e+00
 5.32196403e-01 2.97261059e-01 5.98300457e-01 4.34464589e-02
 3.06545925e+01 2.00651139e-01 1.50978521e-01 6.27509654e-01
 5.98052502e-01 3.87886822e-01 7.46668816e-01 7.97718108e-01
 9.30612683e-01 1.33844681e+01 6.08475029e-01 9.46934938e-01
 1.10539511e-01 5.26998281e-01 7.14145780e-01 5.61065435e-01
 3.59393597e-01 8.16154957e-01 4.96150255e-01 3.19606423e-01
 5.52264690e-01 5.34570888e-02 5.70355773e-01 1.11842737e+01
 4.13848460e-01 5.68912148e-01 9.26375240e-02 3.90629172e-01
 7.89791107e-01 1.87326584e+01 7.53389299e-01 2.38199607e-01
 3.45216841e-01 3.19876075e-01 7.01241195e-01 2.15160325e-01
 2.90827811e-01 3.16354632e-01 5.16894698e-01 7.57296979e-02
 2.51181424e-02 5.13504148e-01 2.27984637e-01 3.90133324e+01
 8.31281185e-01 2.96731293e-01 1.02244008e+00 5.84173441e-01
 4.64355089e-02 7.70349026e-01 2.16588467e-01 6.07519984e-01
 6.82757437e-01 4.84015942e-01 5.37184477e-01 4.05812770e-01
 3.76953483e-01 9.96438920e-01 1.08748162e+00 1.32173414e+01
 1.19037360e-01 4.72534120e-01 1.04936302e+00 7.13214695e-01
 4.43802774e-01 1.35724373e+01 3.15666318e-01 5.92899695e-03
 1.45783997e+00 3.71257365e-01 1.21226001e+00 2.47762114e-01
 1.81828833e+00 1.82901716e+00 5.14179647e-01 1.04027855e+00
 1.61600372e+02 6.05853200e-01 7.85600960e-01 7.13291645e-01
 3.53637725e-01 1.89927864e+00 3.79461080e-01 2.36617669e-01
 2.59124517e-01 9.50950384e-01 4.19084978e+00 9.89745438e-01
 1.33653057e+00 1.80417908e+02 1.08270586e-01 2.76605517e-01
 6.28771667e+01 1.20506048e-01 2.95972729e+00 2.77800150e-02
 3.82888258e-01 1.96235573e+00 2.45300904e-01 8.04160595e-01
 6.06250882e-01 3.41670588e-02 8.80962074e-01 1.76736712e+00
 4.60070562e+00 5.88949084e-01 6.57573938e-01 2.35869914e-01
 6.49510288e+00 5.63114285e-01 1.07813895e+00 2.05022350e-01
 5.69002092e-01 1.00306183e-01 5.84670961e-01 8.10520723e-03
 8.27705979e-01 1.42537808e+00 8.19432449e+00 2.93663025e-01
 1.10153377e+00 8.33279371e-01 3.73633862e-01 1.26113510e+01
 8.38681221e-01 2.66975850e-01 1.61383525e-01 7.51996100e-01
 3.87020171e-01 1.57934856e+00 7.99474597e-01 1.72724396e-01
 7.54788399e-01 1.05333358e-01 1.03325165e+02 5.02508044e-01
 7.81057596e-01 7.54643202e-01 3.61561514e-02 8.18982720e-02
 8.62365484e-01 2.62933560e-02 3.56312037e-01 2.31108398e+01
 1.24273930e+01 5.80818772e-01 1.50359058e+00 4.85198021e-01
 1.33976132e-01 7.19897270e-01 2.02348009e-01 1.96984127e-01
 3.48157227e-01 4.06350970e-01 5.78313708e-01 1.18889790e+01
 5.65307379e-01 4.69833016e-01 3.36434454e-01 6.25367999e-01
 2.97479302e-01 1.04414737e+00 3.54252696e-01 2.37668484e-01
 4.84283745e-01 7.69735634e-01 2.26428628e-01 2.20680609e-01
 2.25289166e-01 9.07011688e-01 7.33009577e-01 2.37740546e-01
 4.74144101e-01 9.84141350e-01 3.17327350e-01 1.20577231e-01
 3.69590521e-01 5.84145546e-01 4.92787027e+00 4.57553923e-01
 3.16152811e-01 1.24079251e+00 8.82904291e-01 2.35746071e-01],-961.12305,-1016.9257,-1432.1523,1.0182883,1.2371112,0.94208944,0.9268124,670.80023,-7508.9707,13143.807,1106.787,1.1259837,0.47938886,0.11534604,-1100.8671,1100.8671,[5.6418125e+03 1.9416110e+03 1.9913946e+01 1.6718858e+02 3.7860941e+04
 1.6897755e+01 4.0031016e+03 1.1320950e+03 1.0559976e+02 1.3005843e+04
 1.5606469e+03 8.8552933e+00 3.3050205e+03 4.1350239e+03 4.3708154e+03
 2.2482654e+02 3.0128196e+03 1.4885714e+03 3.4283367e+03 1.2265529e+01
 7.4333844e+00 5.1394897e+03 7.2645003e-01 1.9404803e+04 1.3322473e+03
 1.7352683e+03 2.3227871e+04 1.1818788e+03 8.5381047e+04 1.4205914e+02
 5.9745361e+03 1.2861917e+02 1.0949137e+01 1.0823636e+03 3.0489595e+01
 3.3232751e+02 1.5779696e+01 7.6756687e+00 1.7240043e+04 1.3240665e+01
 1.2692159e+03 3.4477949e+03 4.9336885e+03 1.4838450e+03 3.1531997e+03
 3.1740404e+01 8.9032930e+03 1.0969342e+03 7.2774640e+02 2.4082951e+04
 4.4283755e+02 1.9757368e+01 1.8438797e-01 5.4946118e+02 1.5318317e+02
 3.3037924e+02 2.6091062e+04 2.2663584e+01 1.4607211e+03 7.9083130e+01
 1.1239941e+01 5.2466274e+03 4.6445229e+01 9.2435321e+02 2.7427380e+02
 3.9685024e+03 2.2208794e+02 2.2812900e+03 1.4176819e+04 5.4543848e+04
 1.5437056e+04 1.3096761e+01 4.8616495e+02 2.7701151e+02 2.5352666e+03
 6.7429214e+00 5.4180518e+02 5.6891491e+01 1.1751345e+03 2.5010730e+04
 6.2514868e+03 2.4851182e+03 3.5729301e+01 7.6782012e+03 2.5535500e+03
 4.2472031e+01 3.7959407e+03 1.4621335e+00 2.4212673e+00 1.4068817e+02
 5.0265381e+03 7.0746548e+03 1.5587629e+04 2.0308006e+02 1.2323746e+03
 2.8287734e+04 5.6795868e+01 1.0856440e+02 1.2931796e+02 2.7962490e+03
 1.4795432e+04 6.4197052e+02 2.3529410e+02 2.7918679e+03 1.1092134e+01
 5.2868813e+03 1.6195282e+01 6.8138138e+01 1.9656754e+01 1.5637894e+02
 2.5281731e+03 2.2916002e+02 1.4933292e+01 9.6046807e+03 4.4119241e+02
 4.2744415e+02 6.3621710e+02 9.9289719e+01 5.5893486e+01 2.0833389e+04
 1.5943993e+03 4.8327673e+02 1.4079755e+03 2.0918206e+03 7.4971666e+00
 2.5119258e+04 3.0508888e+01 1.6674599e+01 3.3234241e+03 1.0883287e+05
 2.8728435e+00 6.6101980e-01 1.1372661e+04 2.3894257e+01 2.8096237e+01
 2.0744095e+02 1.0738647e+01 3.6051050e+02 3.8055402e+04 3.1259836e+03
 1.2012919e+02 1.6207036e+04 1.4618168e+03 4.9620068e+01 7.7827635e+00
 1.1857615e+03 5.1100615e+03 3.8390907e+01 5.1243675e+01 4.5525999e+00
 1.9565372e+02 1.3419785e+03 1.8562802e+02 1.9705858e+02 6.2996155e+02
 1.1309204e+04 2.9680811e+02 6.0412354e+01 3.2939865e+02 1.3032910e+02
 1.1516139e+02 8.7870667e+01 6.1278967e+02 5.2304279e+01 1.2548240e+02
 5.2162061e+03 2.8698978e+01 3.0352834e+03 2.2470571e+03 7.4082503e+00
 1.2698148e+03 2.7669985e+01 7.3146299e+03 1.4818193e+02 1.6025282e+03
 1.6518768e+01 4.3417527e+04 1.1332407e+01 4.8697910e+03 2.2173299e+04
 2.2472288e+01 3.2062057e+02 1.3152814e+04 7.2759533e-01 1.2695021e+02
 7.8797705e+02 7.2984590e+03 3.9561987e+03 1.5533505e+03 1.0701293e+01
 9.8787565e+00 1.3403337e+02 2.8255764e+03 2.8752505e+03 7.1511627e+01
 1.8851695e+04 6.2087930e+03 1.2609215e+05 2.2939922e+01 3.4281012e+02
 3.5353222e+01 1.0113723e+04 6.2390079e+00 5.9938525e+03 3.5100322e+03
 2.6991838e+03 9.7514331e+02 4.6718558e+02 2.3148325e+03 3.4554750e-01
 1.6327117e+04 2.1474966e+03 2.0198579e+03 1.5397595e+01 1.1255108e+05
 5.9431581e+00 1.9452914e+03 1.2962904e+04 9.3674346e+03 2.2131311e+04
 2.6270428e+02 1.2516624e+03 2.6978457e+03 4.5075420e+03 6.5282106e+00
 6.4307814e+00 7.1158791e+00 1.0178952e+04 1.2845315e+03 2.0665547e+03
 1.0227990e+02 5.9618030e+00 3.2759122e+02 2.1032481e+00 4.3464809e+01
 2.1359122e+02 1.1292395e+02 2.3248818e+03 6.3969692e+01 1.9237076e+02
 4.7866919e+02 6.5497383e+01 3.2759586e+04 1.4320200e+05 2.1412661e+01
 1.1553957e+04 1.5151561e+02 5.8907387e+01 5.7219129e+04 7.6133091e+03
 2.9225777e+01 2.6389141e+00 9.8419757e+02 1.5348058e+02 5.9669871e+00
 1.3157670e+04],9250.568,[6.70830627e+02 5.45162354e+03 2.26363993e+00 1.01586655e+02
 5.17873779e+02 1.02820225e+01 5.67000342e+03 1.83767065e+03
 2.08321106e+02 6.87902641e+00 6.52157654e+02 6.27223063e+00
 1.12379126e+03 1.55211797e+04 9.65648987e+02 4.79604370e+02
 6.94786572e+03 5.78301270e+03 7.07603564e+03 5.07095337e+00
 6.26944494e+00 6.08078418e+03 1.79390507e+01 2.41618799e+03
 4.00390656e+02 2.56308014e+02 2.52647012e+04 2.85914624e+03
 7.01115078e+04 1.44081329e+02 8.10872461e+03 1.56923904e+01
 2.01504593e+01 1.51827466e+03 1.40100014e+00 8.37085078e+04
 7.09959717e+02 3.34755363e+01 1.34759004e+04 1.10716219e+01
 3.21177783e+03 1.44465967e+04 2.06908555e+04 7.91542480e+02
 3.08341016e+03 2.54166832e+01 1.03584824e+04 4.25980774e+02
 1.15578589e+03 2.61061836e+04 6.55657275e+03 2.54901743e+00
 6.88741446e+00 4.87289062e+02 1.32618088e+02 1.12928116e+02
 1.54061035e+04 7.98186188e+01 1.92838586e+03 4.55443001e+01
 2.14095562e+05 4.80802887e+02 9.25313828e+04 2.51547958e+02
 2.75112335e+02 3.10209692e+03 1.53601025e+03 1.44282410e+03
 3.86751562e+03 8.51723389e+02 1.55420178e+03 2.64892125e+00
 5.21975159e+02 8.02437805e+02 1.38753845e+02 1.02765455e+01
 6.49753845e+02 7.01455069e+00 1.47244104e+03 4.37611664e+02
 4.14109222e+02 2.28079810e+03 1.90219650e+02 9.32799316e+03
 2.04690449e+04 1.07246780e+02 7.09458643e+03 6.52197838e+00
 2.44988480e+01 5.23594513e+01 5.86245039e+04 4.47812500e+03
 4.08553394e+03 5.22112846e+01 5.81791748e+02 8.58128418e+03
 7.03230408e+02 6.09731522e+01 5.66049561e+02 6.27392480e+03
 4.64990195e+04 6.37698608e+02 2.77208740e+03 1.91126875e+04
 4.15573845e+01 1.87330103e+03 1.17076569e+01 9.29482117e+01
 1.66914692e+01 3.88936615e+01 2.25104614e+03 1.77685654e+02
 5.59508476e+01 3.62939111e+03 1.85711075e+02 4.33158057e+03
 4.24387909e+02 2.26781367e+04 1.49859039e+02 1.50392295e+04
 2.95758848e+04 2.29600854e+03 1.36118140e+03 2.46130029e+03
 2.87359581e+01 2.60748613e+04 1.30759766e+02 2.50907898e+02
 6.54372754e+03 4.16218398e+04 2.34656310e+00 1.29304624e+00
 2.11762422e+04 5.27695942e+00 1.50049170e+03 1.49317590e+03
 6.85270023e+00 2.65357666e+03 7.30095764e+02 6.39608765e+02
 1.32108154e+02 5.14659180e+04 2.01279126e+03 2.77473297e+01
 2.12129459e+01 5.13305855e+01 1.17061084e+04 4.90621662e+00
 5.59518311e+02 6.83455811e+01 1.66318321e+01 2.29253125e+03
 2.70856226e+03 9.80831909e+01 7.36467957e+02 4.18732422e+03
 3.33723663e+02 6.90138474e+01 2.04587387e+02 3.71662852e+04
 2.62531519e+03 1.69305847e+02 1.31298508e+02 4.31817055e+01
 5.49804626e+02 8.00618042e+02 1.34720261e+02 9.33677441e+03
 5.99140076e+02 2.12719833e+02 6.77895325e+02 4.87282471e+02
 8.39656372e+01 6.65183228e+02 2.15416061e+02 2.58818932e+01
 1.83546855e+04 5.15076942e+01 2.40094946e+03 2.42610205e+03
 4.29239120e+01 1.05239185e+03 2.67357251e+03 5.10827179e+01
 2.32370262e+01 3.44664215e+02 3.05268921e+03 1.06626475e+04
 3.01936328e+03 3.29023906e+04 4.07460693e+02 2.02628250e+02
 2.26483109e+02 6.21284863e+03 8.96227722e+01 5.09050879e+03
 1.27257598e+04 4.24759521e+01 9.68288879e+01 1.18230614e+02
 2.25289383e+02 3.04109058e+03 3.10447431e+00 6.49225977e+03
 2.38170361e+03 3.42842480e+03 5.22035391e+04 2.42754669e+02
 2.92923120e+03 1.92033112e+02 1.91447632e+02 5.42041602e+03
 2.52919922e+03 2.63295383e+01 7.27272339e+01 8.17941189e+00
 2.89367157e+02 6.35204285e+02 1.96356079e+03 2.38550859e+04
 3.70524902e+02 3.28326685e+03 3.67892273e+02 1.66326099e+03
 3.07897873e+01 1.09597734e+04 3.89229453e+04 8.55849023e+03
 2.95043091e+03 6.64448730e+02 2.56585327e+02 8.29459570e+03
 9.21688477e+02 1.64663017e-01 5.27755051e+01 2.55868149e+02
 8.37091904e+01 4.74093008e+04 6.90097961e+01 3.56253809e+03
 2.45866138e+03 5.05202332e+01 2.76522734e+04 1.98367500e+04
 2.61501961e+01 2.00018860e+02 3.05570129e+02 5.14515762e+01
 1.31874932e+04 2.21512598e+03 1.38939309e+00 1.34233887e+02
 1.42285754e+03 8.66831421e+02 2.30510139e+01 6.99019453e+04],-971.3446,-1120.1384,-1500.0,1.7968053,12.406244,0.4613137,0.9432957,0.016118666067123415,8939.633319854736,0.4375,0.4375,-0.20516515685769934,0.0007725838643107953,-0.20514824800285308,0.0008488087855284651,2.6645267429836457,25.249999999996884,0.0,550000.0,-7.0,-3569.0,500.0,8.519696235656738,550000
1008.6674,0.06126476,0.10271306,0.0024117723,-1007.57904,1007.57904,[6.61887228e-04 8.20640177e-02 2.97217518e-02 1.68291286e-01
 1.03372708e-02 4.89261746e-03 3.42082530e-01 4.80079651e-01
 7.58636743e-03 2.30040289e-02 3.85709114e+01 7.09624588e-03
 4.03879955e-03 6.50685012e-01 1.08478129e+00 1.87123835e-01
 3.87410261e-02 1.87329712e+01 1.14006288e-02 2.36134566e-02
 2.91783881e+00 3.56643438e+00 1.75523758e-02 5.65939881e-02
 6.81441724e-02 1.16942263e+00 3.33203316e+00 6.86435774e-03
 3.10047913e+00 1.22533396e-01 9.77024913e-01 2.27880859e+00
 4.88073170e-01 2.37070608e+00 8.95139098e-01 6.93617910e-02
 4.09843028e-03 5.96639395e-01 3.58674240e+01 2.39388086e-02
 4.10510600e-03 1.09805539e-03 1.64154589e-01 1.30559158e+00
 1.21863186e-03 9.49824601e-02 1.09694242e+00 4.76914831e-02
 2.58305132e-01 3.79536189e-02 1.25482130e+00 7.41749048e-01
 1.72041059e-02 5.11778481e-02 5.32152462e+00 1.33552589e-02
 1.41088851e-02 3.80827077e-02 2.54445732e-01 3.03031981e-01
 5.93593493e-02 3.03483084e-02 2.39566422e+00 3.15476209e-03
 3.59079266e+00 6.84518367e-03 3.22761965e+00 5.51726460e-01
 3.91263580e+00 1.99336910e+00 9.15357471e-02 2.47844495e-02
 1.51348436e+00 2.69678608e-02 1.54307671e-02 1.22339928e+00
 4.57825541e-01 2.61832029e-04 3.33198857e+00 1.60667934e-02
 1.12721100e-01 5.30697227e-01 6.81765318e+00 3.43368836e-02
 3.35671492e-02 4.34176326e-01 3.75596970e-01 1.15884840e-03
 1.26873791e-01 5.70192218e-01 2.32584119e-01 5.25946170e-03
 1.76778078e-01 6.62209094e-03 6.40385747e-02 1.50190735e+01
 4.86545944e+00 1.77103090e+00 1.42635591e-02 5.47088683e-04
 7.51307607e-03 2.13023376e+00 1.06089246e+00 1.96593618e+00
 9.89884511e-03 7.81743169e-01 4.11821157e-02 6.87344074e-02
 2.69077457e-02 1.13506690e-02 1.47643872e-02 3.78787065e+00
 1.25305490e+01 3.59370971e+00 2.42954567e-02 2.55144429e+00
 6.48585081e+00 1.60035677e-02 4.10843827e-02 1.36813116e+00
 2.73739266e+00 1.78031534e-01 3.81556898e-02 3.56861390e-02
 5.96054912e-01 5.72995543e-01 1.61785632e-03 1.06988502e+00
 1.09557927e+00 3.94686237e-02 1.46070242e+00 7.55433798e+00
 2.03945249e-01 7.10477307e-03 3.56570870e-01 3.44760746e-01
 3.02907705e-01 8.15589190e-01 6.17504865e-02 3.22682095e+00
 5.87973175e+01 2.40855837e+00 4.96148020e-02 5.16596809e-03
 8.74343812e-02 9.35755372e-01 1.26214194e+00 1.27863288e+00
 3.93061221e-01 7.62153625e-01 2.67763901e+00 4.18199934e-02
 9.42582265e-03 5.01860678e-03 2.73698956e-01 5.32685181e+02
 8.47555697e-02 3.09972540e-02 2.20423728e-01 1.90978393e-01
 3.05569220e+00 1.16975337e-01 1.82885170e+00 1.00962400e+00
 6.19089365e-01 1.47882476e-01 2.97028124e-01 1.35148056e-02
 1.57169497e+00 4.72030416e-02 1.58070996e-02 5.01172617e-03
 5.98859340e-02 5.74408844e-03 3.52470018e-02 1.38746239e-02
 2.65887752e-03 9.86571884e+00 2.53200471e-01 5.17736959e+00
 1.94848329e-02 2.57954374e-03 2.89481354e+00 1.61386907e-01
 3.40627849e-01 4.12891284e-02 1.78029127e-02 2.56069183e-01
 5.76149082e+00 4.28134948e-03 6.16878048e-02 1.35283545e-02
 2.67348528e-01 5.08329988e-01 4.32158947e+00 2.15233453e-02
 4.33298983e-02 2.01528525e+00 1.56258211e-01 1.06574185e-02
 1.06878185e+01 2.01306641e-02 1.39726587e-02 1.82734914e-02
 2.59123117e-01 1.05512843e-01 5.19321871e+00 1.81876570e-01
 1.37935020e-02 1.13604218e-02 5.16835190e-02 3.38437930e-02
 5.79894662e-01 1.13125801e+00 9.48308781e-03 4.29089069e-01
 2.62319994e+00 1.72597349e+00 9.68644381e-01 7.41986179e+00
 2.30498448e-01 3.62344459e-02 6.00490123e-02 1.94330597e+00
 1.44769624e-03 6.53968430e+00 3.17649341e+00 5.08936122e-03
 2.73963833e+00 8.94292071e-03 1.57494187e+00 6.83900595e-01
 1.43140592e-02 7.53923059e-02 1.13289320e+00 4.74269104e+00
 8.13119352e-01 9.15533677e-03 5.48127055e-01 1.05890051e-01
 1.77840576e-01 9.73786414e-03 9.77711082e-02 5.67540169e-01
 1.21959150e+00 1.43400550e-01 1.01961084e-02 2.58944631e-02
 4.25521803e+00 9.31892204e+00 1.66812256e-01 1.22661680e-01
 4.38071825e-02 1.24117708e+01 3.20415914e-01 5.20971298e-01],10.01368,[9.26841050e-04 2.28886187e-01 3.25781852e-02 1.25643685e-02
 1.82623044e-02 1.96534581e-02 8.28475505e-03 2.82048285e-02
 8.33207741e-03 3.95205393e-02 3.66513491e+00 1.92239024e-02
 1.82082243e-02 6.01022005e-01 8.80060494e-02 1.60529912e-01
 1.24549009e-02 1.84800797e+01 8.87099653e-04 2.32834890e-02
 3.18101972e-01 2.61265099e-01 3.91602814e-02 2.49758452e-01
 2.87636258e-02 3.95765245e-01 2.13098958e-01 2.90798098e-02
 1.01367366e+00 7.70951062e-02 2.79126763e-01 5.72154112e-02
 1.68826044e-01 3.55401821e-02 1.00185543e-01 1.44932456e-02
 3.83742154e-03 4.13270928e-02 5.40768471e+01 3.53239961e-02
 4.56394628e-03 1.13793686e-02 1.13812126e-02 1.03480555e-02
 7.47842938e-02 3.14223059e-02 1.88670111e+00 8.44497234e-04
 9.06590521e-02 5.76855615e-03 7.25624859e-02 1.73442550e-02
 3.06357034e-02 3.64689976e-02 1.55983716e-01 1.12730265e-03
 4.61940840e-03 4.66437757e-01 8.26373696e-03 4.85709682e-03
 1.65485293e-02 1.75116241e-01 1.63207316e+00 1.49526075e-03
 2.44346189e+00 2.02580169e-02 3.67804623e+00 4.53933775e-01
 1.56667709e-01 3.13952386e-01 5.54421917e-03 1.34047046e-02
 4.22072679e-01 5.00474125e-03 1.98396482e-02 2.85278887e-01
 3.55561763e-01 3.13112512e-03 4.14810300e-01 1.03997923e-02
 1.15795620e-02 1.35241635e-02 1.35957673e-02 5.10326400e-03
 1.17199160e-02 4.25255597e-01 7.06834376e-01 1.32199004e-03
 7.60524273e-02 1.60771608e-02 3.54975939e-01 1.73132136e-01
 4.03074697e-02 1.76292062e-02 1.03534624e-01 4.80160332e+00
 1.17822364e-02 4.47613746e-01 5.13739884e-03 5.24103642e-03
 9.99464467e-03 2.39666238e-01 1.95199437e-02 9.84833062e-01
 9.92603600e-03 2.45216632e+00 5.85889705e-02 4.19769436e-04
 1.72641352e-02 1.68176368e-02 2.47602612e-02 3.32886696e-01
 7.95630074e+00 2.79883951e-01 1.33896805e-02 1.76214194e+00
 3.43770325e-01 7.58798793e-03 5.76186515e-02 3.04853368e+00
 5.79835512e-02 1.91976130e-02 3.32016386e-02 2.04319432e-02
 2.08420195e-02 3.54552358e-01 1.40038803e-02 2.32356238e+00
 7.77159333e-02 2.69807950e-02 1.77973795e+00 9.60482717e-01
 2.67329514e-01 3.34343202e-02 1.45195752e-01 3.09594907e-02
 3.35810661e-01 1.17559481e+00 1.25591829e-03 3.89407307e-01
 8.38224351e-01 2.97543645e-01 8.68167520e-01 1.61305070e-03
 9.80367139e-03 5.76992512e-01 7.68080354e-04 2.14903429e-02
 1.91043094e-01 3.68015051e-01 5.45364428e+00 9.15344954e-02
 9.55004245e-04 1.33326724e-02 1.74662605e-01 2.03365234e+03
 4.85310331e-02 2.33510509e-03 1.55170113e-02 1.77029110e-02
 3.75642955e-01 4.18143347e-03 1.03249609e+00 4.75180335e-02
 9.39979613e-01 7.61125237e-04 1.73574477e-01 1.46941282e-02
 3.89662802e-01 7.30965436e-02 1.35424770e-02 1.73438676e-02
 3.73304635e-03 3.67360748e-02 5.99724427e-03 4.24473360e-03
 1.47331543e-02 2.23310202e-01 5.46490550e-01 1.03963709e+00
 1.44985691e-01 1.57871842e-02 7.10699260e-02 6.02850355e-02
 2.54537761e-01 2.07694247e-02 6.47674501e-02 6.16443902e-03
 7.53799534e+00 2.64804140e-02 1.09807588e-02 4.38748784e-02
 1.78779379e-01 1.15346447e-01 3.72379184e-01 7.52873719e-02
 6.52216747e-03 1.00870395e+00 1.22372523e-01 7.67560676e-03
 1.75676174e+01 3.92582715e-02 1.58290938e-03 5.72134554e-03
 1.92299485e-04 1.97478123e-02 6.68088198e+00 2.56651431e-01
 6.46808743e-03 8.46602321e-01 1.33913942e-02 5.88872023e-02
 3.09202112e-02 7.23992884e-02 4.97955382e-02 1.52827531e-01
 2.17222195e+01 1.60213187e-02 5.99259329e+00 2.13254660e-01
 1.73356831e-01 2.74886377e-02 5.99436235e+00 2.94119954e-01
 7.51577690e-03 4.24780548e-01 6.62345290e-02 1.66648999e-03
 3.98105907e+00 7.51932338e-03 1.04712629e+00 9.92964581e-03
 1.29538663e-02 9.49764997e-03 1.67366579e-01 3.22065067e+00
 3.50049026e-02 6.86319545e-03 9.26248908e-01 7.36942291e-02
 8.89510155e-01 1.43268299e+00 1.30426176e-02 4.17120755e-03
 2.32743397e-02 2.17821151e-02 7.14192167e-03 9.08533111e-03
 1.23278904e+00 8.37363675e-03 2.70910561e-02 3.96954566e-02
 2.17290409e-02 5.22129726e+00 2.95368209e-03 5.48952699e-01],-972.8469,-1014.3996,-1482.667,1.0178978,1.1437079,0.9844823,0.92682475,170.33527,-1709.2197,3735.6494,1083.3684,1.2544249,0.4083417,0.12185543,-1078.0305,1078.0305,[3.58106982e+03 5.83532829e+01 7.97816309e+03 2.06103672e+04
 5.49341736e+01 8.40786972e+01 1.13650528e+02 2.31412451e+03
 2.22812347e+01 2.35383789e+03 1.03642006e+01 8.83265781e+00
 5.84251499e+00 1.52936682e+03 1.97770653e+01 4.33604279e+01
 7.67830139e+02 4.93938416e+02 1.40412207e+03 1.83870792e+01
 8.31376724e+01 1.14804907e+01 5.55969849e+02 1.16319739e+03
 5.69948242e+02 4.70802734e+03 2.89206914e+04 4.67153473e+02
 1.98773535e+03 7.55853027e+02 9.00737598e+03 2.08808418e+04
 8.84561920e+01 7.40127075e+02 6.93577332e+02 5.06643738e+02
 6.27934521e+03 2.09667529e+03 3.59039795e+02 1.04971729e+03
 1.54070196e+01 7.55653750e+04 6.44657715e+02 8.29157562e+01
 2.41513168e+02 1.09394922e+04 2.82543125e+04 2.27799829e+03
 2.04977753e+02 3.51240921e+01 1.15021002e+00 7.87041626e+01
 3.48214722e+01 3.84933438e+04 3.49155273e+04 6.29293152e+02
 1.24317422e+05 4.10355615e+03 1.30265137e+02 3.15602203e+02
 4.78450342e+03 1.09350910e+01 2.23611908e+02 2.75682734e+04
 2.54501440e+03 1.85499176e+02 8.55831641e+03 5.14945742e+04
 3.96490137e+03 3.33920044e+02 1.97989609e+04 1.29956017e+01
 1.40370148e+02 1.93510352e+04 1.27489662e+02 1.06341348e+04
 9.01124039e+01 6.09567578e+03 4.46027197e+03 8.51460724e+01
 8.69590881e+02 1.25782616e+02 3.74499097e+03 2.26054764e+01
 7.06236572e+01 7.92898682e+02 1.76547909e+01 1.33119019e+03
 2.67641553e+03 3.75490000e+04 9.38630829e+01 3.61725488e+03
 3.72321129e+01 9.72692383e+03 2.79346130e+02 3.03817168e+04
 1.35090527e+04 7.21091248e+02 1.34362769e+03 4.83094330e+02
 2.70106903e+02 9.51791748e+02 3.46389343e+02 5.17391109e+00
 5.53201538e+02 1.22506787e+04 2.65578705e+02 1.26582556e+03
 2.14783020e+01 5.32505302e+01 2.06163359e+00 7.35065508e+00
 7.54612000e+02 4.91661797e+01 9.42288965e+03 9.93867676e+03
 5.82608163e-01 2.73155090e+02 1.06388516e+04 1.73329819e+02
 1.19353781e+01 2.96964062e+03 5.03279736e+03 3.08685379e+01
 7.22742871e+03 7.80092812e+00 1.24882507e+01 9.85555725e+01
 8.53619922e+03 6.35170364e+01 8.76600156e+04 3.92278519e+01
 2.24291039e+01 5.28865784e+02 2.65212631e+01 3.37925034e+01
 1.64444504e+02 1.48482654e+03 3.56430115e+02 1.24701897e+02
 1.26298740e+04 3.13305811e+03 4.86806250e+03 1.78726761e+02
 4.98728210e+02 6.48799706e+00 4.35688734e-01 1.85052332e+03
 5.11446800e+01 3.65333472e+03 8.08364685e+02 1.10339111e+04
 8.03025342e+03 3.14161377e+01 2.99740566e+04 1.46034443e+04
 5.67594727e+03 6.26666602e+03 3.08570923e+02 1.16595469e+01
 1.49014359e+02 1.15742664e+01 1.65027368e+03 2.26739334e+02
 2.76573059e+02 1.19569298e+02 3.08477497e+01 5.01517487e+01
 3.75214661e+02 4.27433984e+03 1.17612666e+04 2.33970051e+01
 6.88648132e+02 1.70799141e+01 2.27614219e+04 3.34196625e+01
 3.29380264e+01 1.57833548e+01 2.88590133e-01 1.82752734e+03
 1.41615707e+02 2.50001125e+01 1.51301965e+03 3.60236908e+02
 2.93231430e+01 4.30972015e+02 3.45849670e+02 9.14456360e+02
 4.01730371e+03 6.17755432e+02 3.99634705e+02 6.01162834e+01
 8.76262665e+00 2.62997578e+04 1.34009171e+01 2.33010803e+02
 6.28167773e+03 3.85594678e+03 2.57610631e+00 1.41888809e+01
 5.81482178e+02 4.01031494e+01 9.56727600e+02 4.08908081e+01
 1.00951581e+03 7.32668125e+04 2.86196808e+02 4.02762833e+01
 2.51698096e+03 8.70418555e+03 2.53166543e+04 2.81285117e+04
 7.59492416e+01 6.11426163e+01 5.45596802e+02 1.26125854e+03
 3.18710754e+02 6.80282129e+03 2.90995941e+02 1.39293203e+04
 1.25960957e+04 1.30245333e+01 1.53009659e+02 2.21057178e+03
 3.50402734e+04 4.99070264e+03 3.15237695e+04 6.34289883e+04
 3.89613129e+02 3.18677795e+02 8.59823438e+03 2.14252243e+02
 1.54603561e+02 7.85025215e+00 3.14391162e+03 1.47446880e+01
 1.46279956e+03 7.49758850e+02 7.03520078e+04 3.23629961e+04
 1.32087250e+02 1.89469040e+02 3.28628438e+04 2.52443579e+03
 8.04051514e+01 1.21114648e+04 9.58992065e+02 1.03072662e+02
 9.20534863e+03 3.61174225e+02 9.65385590e+01 1.26837685e+02
 1.64768867e+01 9.87567215e+01 2.70623364e+03 1.25485227e+05],8166.5244,[1.50253943e+03 5.51858826e+02 9.60558789e+03 1.21691016e+03
 2.08880417e+02 3.50276413e+01 1.06397373e+04 2.21145557e+03
 1.77348650e+00 8.79179749e+02 4.95781273e-01 1.89894366e+00
 1.69997368e+01 1.47282793e+04 1.73029327e+01 3.64967529e+03
 4.79765771e+03 6.86360901e+02 1.73503271e+03 5.56850815e+01
 1.92521875e+03 9.22989845e+00 5.62610474e+02 2.62859399e+03
 1.02485608e+03 2.39038843e+03 4.06718994e+02 4.12646973e+02
 8.50269629e+03 2.79000122e+03 1.33658740e+03 2.06555957e+03
 5.74139328e+01 8.59599707e+03 1.20399668e+04 5.73992798e+02
 5.26941719e+04 7.73794141e+03 8.19709473e+02 2.30503601e+02
 3.54377460e+00 1.21723535e+04 7.53007109e+04 8.57271347e+01
 1.10119629e+02 1.52652783e+03 2.21247051e+04 1.79968579e+03
 2.13185440e+02 4.07202026e+02 1.40684799e+02 2.94004944e+02
 1.89847832e+01 3.55625078e+04 4.30662891e+03 3.57113984e+04
 2.16465723e+03 5.57495117e+01 6.52816696e+01 3.81667734e+04
 2.61145239e+03 4.11103606e-01 4.01638086e+03 1.20609844e+04
 3.03844067e+03 2.59521790e+02 8.45670532e+02 7.90533125e+04
 4.01178906e+03 3.09852722e+02 5.43183252e+03 1.36097813e+01
 3.48731720e+02 1.59661729e+04 1.18197243e+02 3.13670135e+02
 2.23586178e+01 5.56531006e+03 6.60093066e+03 8.41208420e+01
 1.75044897e+03 1.57097979e+01 8.26396973e+02 3.96014595e+01
 7.48770569e+02 9.74379578e+02 7.28263550e+01 2.15483322e+02
 8.86682983e+02 1.26604375e+04 9.54086685e+01 6.21435303e+03
 4.55481720e+01 3.45813843e+03 5.44068066e+03 2.54514746e+04
 3.33732812e+03 7.81822021e+02 2.26375137e+02 2.83416321e+02
 1.63511304e+03 3.15761670e+03 6.16270947e+03 2.27587490e+01
 1.27520825e+03 2.11586597e+03 1.04302026e+03 2.64417896e+03
 2.35744580e+03 9.31563416e+01 6.28562403e+00 9.44026089e+00
 4.96485469e+04 1.57484695e+02 3.20467383e+03 6.58615674e+03
 8.71080112e+00 1.34380029e+03 2.44568613e+04 4.46108459e+02
 2.19972916e+01 2.17128438e+04 8.16082324e+03 1.18785901e+03
 3.24562354e+03 1.68361542e+02 2.55694702e+02 1.42716278e+02
 9.96678223e+03 4.40866394e+02 1.04835625e+05 3.37502556e+01
 3.52154922e+01 1.61147293e+02 2.55562524e+03 7.44123611e+01
 1.25134607e+03 3.25263428e+03 5.79439514e+02 1.03472549e+02
 3.82599670e+02 9.55960754e+02 3.14036963e+03 2.06540179e+00
 5.92916309e+03 2.08559108e+00 1.79986191e+00 1.40336465e+04
 1.84427689e+02 4.82377832e+03 1.48463147e+03 2.59259727e+04
 8.94873291e+02 3.37092712e+02 6.45889355e+03 2.01776602e+04
 3.44935417e+01 6.10663379e+03 1.54010254e+03 2.41652012e+01
 2.90993774e+02 1.37207050e+01 7.85994043e+03 4.67456635e+02
 3.06149200e+02 5.50854988e+01 5.72483597e+01 3.17139832e+02
 3.66566528e+02 7.82542953e+01 8.46032129e+03 8.58740692e+01
 6.27739563e+02 1.52242842e+01 1.84434258e+04 3.77606392e+01
 3.39171678e-01 3.58484688e+01 2.20035648e+01 3.04903296e+03
 1.25774377e+03 1.96745014e+01 5.84228882e+02 2.13381113e+04
 1.36905243e+02 1.31181323e+03 2.46380933e+03 7.97056396e+02
 9.65638428e+01 8.34164429e+02 5.25214783e+02 4.72070084e+01
 9.16426315e+01 1.84656299e+03 1.34765348e+01 2.58912567e+02
 6.52129102e+03 3.87044653e+03 5.60400486e+00 3.70742615e+02
 1.03076831e+03 2.13388844e+01 8.27781982e+02 2.44958363e+01
 8.46482788e+02 1.32107849e+03 4.37320526e+02 3.06997437e+02
 5.72116016e+03 3.13552759e+03 1.17725518e+04 3.28254913e+02
 2.91129858e+03 2.26151867e+01 2.88684387e+02 9.98597534e+02
 1.24843091e+03 3.04028145e+04 5.03452332e+02 7.53198340e+03
 7.08921680e+03 8.06936646e+00 7.72767792e+01 5.11103125e+04
 1.46001404e+03 6.32691602e+03 1.74341843e+02 1.12654043e+04
 9.20282135e+01 5.35064514e+02 9.44888867e+03 2.53215820e+02
 6.85334930e+01 6.43134928e+00 4.51033386e+02 5.76866875e+01
 1.31493994e+03 3.18510303e+03 2.27427266e+04 1.49277373e+04
 2.41223907e+02 2.26348206e+02 1.11019697e+04 4.27119775e+03
 2.51577339e+01 1.25601758e+04 7.25265938e+04 4.72041702e+01
 2.57273579e+01 2.38251489e+03 4.57312469e+01 1.33173218e+02
 8.58581924e+01 7.59050879e+03 4.25823975e+03 3.02274902e+03],-978.0706,-1118.5687,-1500.0,1.4988445,11.559439,0.15949161,0.9379273,0.01705656167984009,9366.047375440598,0.4375,0.4375,-0.17935719016923535,0.0007340522738157778,-0.17938928575185992,-0.00046098387676735304,-0.844753007276397,25.249999999996884,0.0,575000.0,-7.0,-3521.0,500.0,8.447075128555298,575000
1003.9358,0.07280805,0.06562011,0.0020840366,-1003.2068,1003.2068,[6.78136945e-02 1.16735637e-01 2.66257906e+00 1.44781780e+00
 3.71554881e-01 5.60711510e-02 2.38124207e-01 4.84442353e-01
 5.54508150e-01 4.29845929e-01 4.29580778e-01 5.47635317e-01
 6.84842682e+00 1.38184536e+00 8.40260461e-02 3.42034474e-02
 4.40589525e-02 4.56289083e-01 1.57136464e+00 5.06277046e+01
 4.80267853e-01 1.27930388e-01 3.34227085e-01 2.69437347e+02
 6.34582376e+00 4.33502793e-01 1.11993682e+00 3.56302500e-01
 1.05515885e+00 5.96903749e-02 3.50739248e-02 1.02427692e+01
 3.24954689e-01 9.27731216e-01 1.08976915e-01 3.01639706e-01
 4.24801975e-01 4.38153505e-01 1.42922592e+02 2.69440204e-01
 4.13173944e-01 4.99213806e+02 1.21104753e+00 2.35311389e+00
 4.48826589e-02 8.17964613e-01 9.76499915e-02 5.32290459e-01
 4.97978687e-01 4.90132689e-01 5.31802535e-01 2.77806735e+00
 1.91280708e-01 1.88627577e+00 4.44043756e-01 4.45987955e-02
 8.51626039e-01 2.04897118e+00 4.88908917e-01 4.78039682e-01
 2.39290833e-01 1.22327939e-01 4.25336480e-01 4.76629257e-01
 5.94208862e+02 3.65013885e+00 4.76147979e-01 2.08352149e-01
 3.71598095e-01 6.13353348e+00 6.25820100e-01 8.47885430e-01
 6.31803572e-01 1.95667052e+00 5.68757713e-01 5.09083033e-01
 3.18152547e-01 8.80274475e-01 5.41786790e-01 7.97902465e-01
 1.69990921e+00 3.12688291e-01 4.31779087e-01 7.98508930e+00
 4.61400867e-01 1.86548889e-01 2.22728290e-02 2.66946411e+01
 4.85227585e+00 2.99467354e+01 3.38587642e+00 3.99863899e-01
 5.25378168e-01 3.19740564e-01 5.66361487e-01 5.55196404e-01
 6.74098849e-01 8.28713655e-01 1.98247826e+00 6.49568737e-02
 4.93609965e-01 1.57050729e+00 2.93114471e+00 5.00506163e-01
 1.42238665e+00 2.30170369e+00 1.13203943e+00 4.47464734e-03
 1.28641105e+00 6.78979588e+00 3.73562053e-02 8.77715766e-01
 4.01458681e-01 1.29769335e+01 4.46685374e-01 1.43335193e-01
 9.65494919e+00 6.61685705e+00 3.02628219e-01 1.86641589e-02
 5.96487075e-02 4.53687102e-01 6.70020294e+00 3.29020508e-02
 9.19723809e-02 4.19303447e-01 1.94274008e-01 8.40448856e-01
 2.77512932e+00 5.79412997e-01 5.37260234e-01 7.57468283e-01
 4.06662881e-01 2.56917268e-01 1.46317375e+00 1.56069136e+00
 9.77951288e-02 4.43842888e+00 3.68357430e+01 5.97585924e-02
 4.55908775e-01 1.58637905e+00 9.38277721e-01 4.36746255e-02
 3.75380993e-01 9.38104466e-03 4.62738961e-01 6.76582766e+00
 1.81571174e+00 6.44683242e-01 1.70926630e-01 2.62825266e-02
 8.06531608e-02 2.06302704e+02 7.06672192e-01 4.85489655e+00
 4.86061931e-01 1.18095621e-01 4.94369596e-01 8.20142567e-01
 9.43049967e-01 9.48219299e+00 2.44805908e+00 1.13736713e+00
 5.96502662e-01 5.37917018e-01 5.44762850e-01 1.22175493e+01
 5.61228418e+00 4.46686387e-01 1.42120287e-01 6.10159993e-01
 3.02692652e-02 7.20988333e-01 5.73349535e-01 5.65493488e+00
 4.56624717e-01 4.82525766e-01 8.88775885e-01 3.20443535e+00
 3.92281443e-01 1.24448795e+01 3.21897388e-01 2.44498998e-01
 6.98163223e+00 5.89400749e+01 5.36864638e-01 1.60930514e+00
 4.21327412e-01 3.30310196e-01 6.33482814e-01 6.16283178e-01
 1.68854073e-01 5.14363766e-01 3.96712482e-01 2.77204251e+00
 1.48818612e+00 3.28129590e-01 2.90878952e-01 4.80810165e-01
 1.48806572e+00 2.33885241e+00 2.82944381e-01 1.25726447e-01
 4.50038940e-01 1.72361031e-01 3.86290886e-02 4.41334486e-01
 2.60706115e+00 3.81273359e-01 9.41725224e-02 2.32341313e+00
 3.72245550e-01 5.04285753e-01 6.25176311e-01 4.82808828e+00
 4.85595345e-01 5.57952821e-01 6.51920748e+00 3.72356236e-01
 1.51843444e-01 4.08763885e+00 2.53227282e+00 5.58799386e-01
 5.92014909e-01 4.30119085e+00 3.22087705e-01 9.96765518e+00
 7.82786548e-01 5.26110113e-01 2.11609912e+00 9.04224336e-01
 3.07449150e+00 8.70754063e-01 2.17138395e-01 5.62133312e-01
 4.09864783e-01 5.51749706e-01 9.48587775e-01 4.57118094e-01
 4.62234449e+00 1.04883871e+01 2.96042979e-01 2.40557289e+00
 2.42434144e-01 1.52237505e-01 8.14795792e-02 2.12061137e-01
 2.55737305e-01 2.34774609e+01 1.08981878e-03 2.95973754e+00
 4.87285852e-01 9.88034248e-01 2.33763933e+00 3.91676188e-01],13.061108,[5.95522858e-02 1.14826775e+00 2.36010218e+00 5.82434572e-02
 5.21611273e-01 1.64136440e-02 1.26380697e-01 7.76020885e-01
 5.06751013e+00 4.27524745e-01 1.15222521e-02 7.18575299e-01
 3.83594811e-01 7.25510120e-01 1.18970647e-02 1.18567385e-02
 4.74273600e-02 4.67385501e-01 4.62399602e-01 1.46142258e+02
 4.77961540e-01 3.48435462e-01 7.88904727e-03 2.67773102e+02
 4.15949732e-01 4.59868789e-01 5.56107640e-01 4.81840879e-01
 1.95093825e-01 1.09889567e-01 2.48045810e-02 4.21459228e-02
 5.41262150e-01 1.61950958e+00 6.13546520e-02 1.73718378e-01
 3.94211292e-01 4.32526767e-01 1.02625961e+01 4.46119905e-01
 4.62807119e-01 1.07862366e+03 3.46404672e-01 5.41378212e+00
 8.02375227e-02 8.19251776e-01 4.51434404e-02 5.13262033e-01
 6.05304718e-01 7.06541359e-01 7.94747233e-01 1.15529805e-01
 1.23679280e-01 3.07481617e-01 7.34362841e-01 4.13183905e-02
 4.51694345e+00 2.50285187e+01 5.41352749e-01 4.35187608e-01
 4.57615435e-01 5.93135729e-02 4.66873497e-01 4.69654590e-01
 9.76068802e+01 9.18824822e-02 7.72894502e-01 1.76422805e-01
 5.21919906e-01 1.39810886e+01 6.60806894e-01 9.18144360e-03
 1.97797728e+00 1.40669852e-01 8.16234887e-01 5.89704514e-01
 4.46075678e-01 1.36800870e-01 6.83699429e-01 6.17537320e-01
 2.02496275e-01 1.72455326e-01 4.74531472e-01 3.06975956e+01
 6.65496290e-01 1.48256421e-02 9.46793333e-03 3.79238749e+00
 3.38795900e-01 5.46066780e+01 2.33348161e-02 6.32395327e-01
 2.02715486e-01 4.54912573e-01 5.54192007e-01 5.24332166e-01
 5.60515821e-01 7.80977309e-02 1.22319436e+00 3.93464305e-02
 5.97197473e-01 2.22335532e-02 2.43848220e-01 5.10330677e-01
 1.63916498e-03 5.66725206e+00 4.81421202e-01 2.80387700e-04
 5.12788057e-01 2.44881243e-01 1.35263987e-02 1.65716577e+00
 4.35205549e-01 4.52899790e+00 5.48003614e-01 3.78757603e-02
 2.87912674e-02 6.78521693e-01 5.73973417e-01 1.57962978e-01
 1.49989761e-02 1.75619498e-02 4.25863624e-01 1.66094638e-02
 5.74189574e-02 4.97737885e-01 6.55440450e-01 1.21876866e-01
 1.67521417e-01 6.98864162e-01 6.48844779e-01 3.89578521e-01
 5.19284666e-01 1.18941426e-01 1.01136112e+00 4.29664707e+00
 2.26368904e-02 2.26443112e-02 3.20630989e+01 5.80587983e-02
 5.68045318e-01 2.15182379e-01 1.65764999e+00 6.94770515e-02
 4.61859494e-01 6.99037686e-03 1.73766553e+00 5.48782386e-02
 1.50909877e+00 5.93849063e-01 3.78931403e-01 1.48965791e-03
 1.46331310e-01 2.30631195e+02 6.19354010e-01 3.39026392e-01
 5.53665578e-01 6.99744374e-03 5.81549048e-01 1.48895070e-01
 1.49565041e-02 7.75412273e+00 7.26612151e-01 4.82216597e-01
 1.85795498e+01 4.30621624e-01 9.84916151e-01 6.00100975e+01
 1.97230339e-01 5.73464751e-01 2.59959280e-01 3.57882977e-01
 7.99705863e-01 5.25156736e-01 5.68590522e-01 2.62845612e+00
 3.64558280e-01 5.78011096e-01 2.55248308e+00 1.07963920e+00
 8.70232955e-02 7.59406760e-03 4.25986111e-01 5.32457590e-01
 3.72213572e-01 6.46912766e+01 4.05896902e-01 5.70711076e-01
 4.92551565e-01 5.69607496e-01 3.48648071e-01 4.52460051e-01
 3.25747132e-01 5.07386446e-01 3.04303505e-02 4.07196331e+00
 7.37973034e-01 5.66041060e-02 4.64438677e-01 5.67892611e-01
 1.89891267e+00 2.43456388e+00 4.47642505e-01 2.57982194e-01
 4.58784640e-01 2.12784365e-01 1.08144917e-02 4.54633087e-01
 6.01728797e-01 5.69421887e-01 7.11694211e-02 4.62764788e+00
 3.09639908e-02 6.13720357e-01 5.18105805e-01 4.76219416e-01
 6.22982979e-01 6.46269023e-01 2.10075188e+00 1.00143528e+00
 2.07400098e-01 4.09225941e-01 8.24197769e-01 7.86036372e-01
 1.23962259e+01 8.19899440e-01 3.07034165e-01 2.01401806e+01
 5.30755460e-01 8.42319131e-01 6.78480446e-01 7.00754076e-02
 2.95716897e-02 8.28876138e-01 7.61203915e-02 6.17696822e-01
 8.60688388e-02 8.88474226e-01 4.90269214e-01 4.69301254e-01
 4.05597426e-02 9.80513763e+00 4.34534818e-01 5.39841115e-01
 5.54513112e-02 1.33575499e-02 2.00610049e-02 1.15015805e-01
 5.24745345e-01 8.28423843e+01 1.67266764e-02 6.28559589e-01
 5.34694612e-01 3.25352597e+00 3.79797220e-01 4.57106471e-01],-970.92334,-1009.4035,-1475.4956,1.0181732,1.6163814,0.9455748,0.9267453,1859.9008,-11450.961,14507.463,1104.165,1.1237963,0.4704561,0.13176742,-1098.3367,1098.3367,[3.39975000e+03 2.86319287e+03 5.00630219e+02 5.38849727e+04
 1.42672095e+03 3.98036250e+04 1.67291455e+03 2.20107994e+01
 3.38211365e+01 3.66601110e+00 1.02614502e+04 1.10783066e+02
 8.67029785e+02 1.78857891e+04 8.07029199e+03 7.19777783e+03
 2.11804004e+03 7.46823608e+02 1.38719775e+03 2.84223438e+03
 3.59540977e+01 4.85609055e+00 1.52185555e+01 1.47857910e+04
 4.28359261e+01 1.79560706e+03 2.44932422e+04 3.58700043e+02
 2.27944828e+05 3.63321716e+02 1.89981719e+04 7.97272827e+02
 2.02570786e+02 1.91421032e+00 2.60317285e+03 5.57046936e+02
 7.03496094e+04 1.85294461e+00 9.13624268e+02 5.20695953e+01
 2.48140793e+02 1.43289146e+01 1.37284790e+02 6.20834326e+03
 2.04411194e+02 3.27277148e+03 6.36523291e+03 4.34381152e+03
 1.68123828e+04 1.19513454e+01 9.82388672e+04 4.56747055e+01
 9.50479858e+02 2.64097748e+02 1.55991882e+02 1.73869534e+01
 4.01698633e+04 3.46996021e+03 8.59180481e+02 7.80244064e+01
 3.44255676e+02 2.55505371e+03 3.13981836e+03 4.71982959e+03
 8.68755664e+03 1.21257591e+01 1.83611572e+03 3.26112122e+02
 5.28541064e+03 3.63617645e+02 1.54746936e+03 2.09916172e+01
 1.47495708e+01 3.72923853e+03 6.64670801e+03 5.97837891e+03
 3.49700012e+01 1.52868698e+02 5.32087012e+03 5.53402881e+03
 3.64289453e+03 1.16726845e+02 4.18134594e+00 4.84354141e+04
 8.32110596e+00 2.45266250e+04 2.79275837e+01 3.76630020e+01
 4.12331940e+02 4.27736816e+01 1.51643066e+04 2.66394971e+03
 2.39409988e+02 6.30050078e+04 3.96173516e+04 1.81125723e+04
 1.79698975e+03 3.43833984e+03 5.09742165e+00 9.41369873e+02
 2.27214629e+04 4.41085632e+02 1.66583887e+04 4.81481133e+01
 4.45740875e+02 1.05514990e+03 4.20269727e+04 7.06315247e+02
 2.73464111e+02 1.11165332e+03 4.44456592e+03 2.41807666e+03
 1.41751392e+03 2.93198303e+02 2.43398809e+04 1.79948486e+03
 3.70278137e+02 1.46586650e+04 1.95915775e+01 1.33396774e+02
 2.52883340e+04 7.90912695e+03 8.64505762e+03 6.32452736e+01
 5.04119682e+00 4.89527539e+03 1.06286465e+04 4.41712418e+01
 5.90993919e+01 6.23479347e+01 7.94486035e+03 9.78336487e+02
 6.87562180e+00 3.46899841e+02 1.67940508e+04 3.04018896e+03
 3.91850220e+03 4.62208038e+02 1.88287559e+04 9.86780518e+02
 2.75668750e+03 8.20712051e+01 1.25513383e+05 1.64176147e+03
 1.42706699e+04 1.68985840e+03 3.17910376e+03 1.13367834e+03
 2.12699102e+04 1.24951866e+02 4.89190625e+04 1.80536536e+03
 2.30727368e+03 1.28225361e+04 1.96509186e+02 2.39605254e+04
 2.34913086e+03 1.56578748e+03 2.08810150e+02 5.45257812e+02
 5.07572113e+02 8.18506393e+01 1.45740762e+04 9.27558789e+03
 7.00807227e+03 1.31069756e+01 5.65004102e+03 1.84835938e+04
 1.30855137e+04 1.31613144e+02 2.16174902e+03 1.11746216e+03
 1.93929321e+02 1.25289984e+01 3.28301099e+03 7.00650208e+02
 6.22903809e+02 1.38047195e+02 4.82229414e+04 4.59456885e+03
 1.92968323e+02 4.27998535e+03 5.05445000e+04 6.89640000e+04
 8.02235985e+00 1.02387878e+03 7.13443506e+03 1.11921570e+02
 2.99397485e+03 1.70501934e+04 6.93487656e+04 6.65085986e+03
 8.10061340e+02 1.61770248e+01 8.25443970e+02 5.84735107e+00
 5.68380013e+01 8.96635254e+03 1.95940933e+01 1.84425610e+03
 2.45559912e+03 1.25329238e+04 3.71131714e+02 3.43338837e+02
 6.09670391e+04 9.29528198e+01 2.62633820e+02 1.47842274e+01
 5.02417725e+03 4.47969775e+03 3.08853889e+00 8.40776660e+03
 5.17362734e+04 5.72952690e+01 1.88595533e-01 4.23873779e+03
 1.75285797e+02 1.90477461e+04 1.28394800e+03 1.52972021e+03
 2.57008820e+02 2.81616309e+04 3.33895825e+03 4.66768738e+02
 2.28330660e+00 8.99421387e+02 5.29548798e+01 8.05233008e+03
 1.57406631e+02 6.84068594e+04 4.51650391e+01 7.98927832e+03
 3.23192596e+02 6.56377014e+02 4.89443634e+02 8.57606567e+02
 6.33037720e+01 8.09334717e+02 8.79746552e+01 1.27398575e+02
 1.61658145e+04 8.35589981e+00 6.70576706e+01 2.99716504e+03
 1.85819458e+02 1.08266006e+04 5.32622812e+04 2.50436768e+03
 1.14781021e+02 5.84880371e+03 9.84713287e+01 8.07962656e+04
 1.24700432e+01 1.29462671e+01 2.88205624e+01 4.73040390e+00],11328.212,[5.80347998e+03 1.56502734e+03 2.41099590e+04 1.56929614e+03
 1.31839270e+03 3.83374854e+03 8.47625122e+02 4.25966530e+01
 1.90581268e+02 8.19270039e+00 1.98636108e+02 8.44680938e+04
 1.18706445e+03 4.26691162e+03 9.53263379e+03 1.45700986e+04
 9.86924011e+02 1.46814392e+03 6.21490295e+02 1.07929131e+04
 3.02612896e+01 1.07927036e+01 1.89919707e+04 7.85230762e+03
 2.96535759e+01 1.53720957e+04 3.72534218e+01 1.84679578e+03
 3.33078906e+03 3.02639844e+03 3.92817344e+04 1.60914078e+02
 1.15074554e+02 3.81487513e+00 5.13723145e+02 5.44985046e+02
 6.65375391e+04 6.69264364e+00 6.42128906e+03 2.44775734e+01
 8.20932227e+03 2.36744347e+01 2.42952919e+01 6.88626660e+03
 3.72774750e+02 6.70325781e+03 6.40823975e+02 2.74946875e+03
 1.75163555e+04 1.45608658e+02 7.12657471e+03 7.18873978e+01
 4.38209766e+03 6.50033569e+01 1.03703164e+04 1.60898163e+02
 1.47141074e+04 4.92069238e+03 1.12607568e+03 6.08467255e+01
 3.92864697e+03 1.58421133e+04 7.45962598e+03 6.87116406e+03
 4.02020020e+02 1.13719053e+01 3.43057831e+02 1.38815332e+04
 5.84661084e+03 1.10769604e+03 1.65565381e+03 2.31123291e+03
 1.96274166e+01 1.69776025e+03 6.69366821e+02 2.65901172e+03
 6.08341125e+02 4.36765137e+02 2.82495605e+03 5.67297656e+03
 2.53949487e+03 2.33824112e+02 5.21758080e-01 1.54868469e+05
 1.38828349e+00 2.38603296e+03 7.39097166e+00 9.53737545e+00
 2.37689758e+02 1.49240601e+02 1.58681503e+02 2.59967560e+02
 5.14443909e+02 8.13861426e+03 1.16740137e+03 1.20731904e+04
 1.53600745e+03 1.71550513e+03 5.18238401e+00 5.86346497e+02
 4.68325244e+03 3.41310394e+02 1.28519844e+04 1.24346361e+01
 4.18772125e+02 2.17464648e+03 5.22090576e+02 2.35293579e+03
 2.22410571e+03 4.22009668e+03 3.14184033e+03 5.35328857e+03
 1.10459053e+04 2.82622681e+02 7.47761816e+03 2.46112109e+04
 2.73928760e+03 2.95189941e+03 2.86598110e+01 1.42475128e+02
 2.28941602e+04 6.22930237e+02 1.22943252e+04 9.97843811e+02
 5.61733150e+00 9.89340137e+03 1.40441250e+05 1.28659334e+01
 3.06234608e+01 2.82058685e+02 3.67900732e+03 7.71379089e+01
 2.33074970e+01 1.88629453e+04 2.74775137e+04 5.95697168e+03
 4.85295996e+03 2.01884497e+03 1.38929541e+03 1.43037637e+04
 2.03559648e+04 1.88656848e+03 3.25271704e+03 1.41702209e+03
 4.73000879e+03 6.45440857e+02 5.84123633e+03 2.91533203e+03
 1.52898877e+04 4.09977539e+02 2.09798789e+04 2.11644974e+02
 5.72288513e+02 3.85749141e+04 2.37847070e+04 4.17051318e+03
 7.05733545e+03 1.48656055e+03 4.15446930e+01 7.64776550e+02
 1.10250885e+02 6.96696777e+02 3.39276489e+03 6.04167188e+03
 6.53414893e+03 1.27362923e+02 8.61844238e+03 7.38439697e+03
 5.31495410e+03 2.13142609e+02 3.08989941e+03 5.83199805e+03
 1.94768774e+03 2.31484451e+02 1.30819067e+03 1.64254609e+04
 1.84860273e+04 6.30886780e+02 6.21378052e+02 2.97462573e+03
 2.74725891e+02 1.40091602e+03 1.39285459e+04 3.17076602e+04
 1.76375449e+00 2.55947314e+03 5.97363818e+03 4.79459167e+02
 1.42411255e+03 1.36276934e+04 1.02378398e+05 2.11041953e+04
 4.84728857e+03 1.22199559e+00 1.49914612e+03 2.51368675e+01
 1.92858368e+02 5.53128027e+03 1.23089476e+01 3.56555957e+03
 8.60091431e+02 2.84179883e+03 2.93068787e+02 9.54468384e+02
 1.37134209e+04 1.22452904e+02 4.73128845e+02 4.89034241e+02
 1.05727275e+04 9.46666504e+03 4.79181213e+01 2.59010913e+03
 1.84568262e+04 1.28201981e+02 6.97371292e+00 7.12427490e+03
 5.58530029e+02 2.09447148e+04 8.62093689e+02 1.59999065e+01
 3.63128296e+02 4.97623242e+03 5.88884094e+02 5.40939880e+02
 6.51858377e+00 6.98717969e+03 1.28985718e+02 6.98169062e+04
 6.32316895e+02 5.57501221e+02 1.61577057e+02 5.26911072e+02
 1.44055000e+05 3.83416290e+01 7.34914990e+03 4.25396393e+02
 4.71481598e+02 1.00289349e+03 1.50618335e+03 6.93970215e+02
 3.10375342e+03 6.84860992e+01 1.29702713e+02 1.94953809e+04
 5.61859131e+02 2.76773853e+03 8.08594629e+03 5.67444189e+03
 2.86227753e+02 5.71452588e+03 1.20296094e+03 1.98216339e+02
 5.04661560e+00 1.86711761e+02 2.36106815e+01 6.53486176e+01],-976.7709,-1126.2122,-1500.0,2.016241,25.149357,0.49459398,0.9473056,0.01620060248374939,9771.062452077866,0.125,0.125,-0.15101154043548792,0.0005707195726129789,-0.15102320094386892,-0.00021490910423349952,-0.6513954974709533,25.249999999996884,0.0,600000.0,-10.0,-5000.0,500.0,7.490954399108887,600000
1005.23535,0.035872757,0.09849055,0.0026123275,-1004.2146,1004.2146,[1.21668726e-02 1.51593573e-02 5.52784204e-02 4.71852112e+00
 3.55306411e+00 7.13453367e-02 5.95978387e-02 6.43736497e-02
 5.60358539e-02 9.87608194e-01 1.48485512e-01 7.76263535e-01
 1.70056894e-02 2.11689621e-02 2.89988339e-01 4.88624722e-02
 3.85980654e+00 1.29858628e-01 1.90044391e+00 1.32564211e+00
 7.11168051e-01 1.14593372e-01 8.29368353e-01 6.70590460e-01
 3.33580554e-01 3.23624909e-02 2.48356113e+01 9.65206146e+00
 4.93508339e-01 3.96164693e-02 6.48417622e-02 4.57698154e+00
 8.08972269e-02 1.21409036e-02 1.00136876e-01 4.86347452e-02
 1.92419636e+00 1.45316863e+00 7.38839507e-02 1.78589954e+01
 4.27499962e+00 6.46825552e-01 2.20355541e-02 2.18127310e-01
 7.48210251e-02 2.29854870e+00 2.55244114e-02 4.04502010e+00
 2.57317908e-02 2.84936965e-01 7.36847594e-02 1.41390599e-02
 9.07675624e-02 8.31689239e-02 6.60677624e+00 6.73614144e-02
 1.88045180e+00 2.52905548e-01 3.88652459e-02 1.82869506e+00
 3.07093978e-01 8.30307364e-01 8.04595053e-01 1.15773454e-01
 1.61594599e-01 7.49199465e-02 2.62714922e-02 2.61681461e+00
 5.76545335e-02 4.28088150e+01 1.11826444e+00 7.50490570e+00
 2.87754393e+00 5.98425102e+00 6.57707453e-03 1.29636264e+00
 3.89237180e-02 2.75825150e-02 1.89678743e-03 1.08978062e+01
 2.56526375e+01 2.33377710e-01 1.46825388e-02 2.51829224e+01
 2.49908157e-02 1.90756507e-02 8.15841556e-02 1.90384284e-01
 1.43932009e+00 7.79233992e-01 1.86608338e+00 5.06306648e+00
 3.39126736e-02 4.57769409e-02 1.75528780e-01 1.51407337e+01
 3.02688432e+00 1.36435404e-02 8.98206607e-03 4.32076231e-02
 6.20096207e-01 3.62761319e-04 6.47268629e+00 2.22723559e-02
 1.14054775e+00 3.50262672e-02 7.25293350e+00 4.15318310e-02
 1.92883551e-01 8.23381066e-01 2.24591279e+00 1.44251138e-02
 2.89187916e-02 5.99227142e+01 2.99113917e+00 1.27066672e-02
 1.89418152e-01 1.56801417e-02 2.14767642e-02 9.73550379e-02
 3.43618774e+01 6.51257610e+00 2.42283678e+00 1.96328938e-01
 2.11260095e-01 6.44750953e-01 2.32927389e-02 7.42459670e-02
 4.83889008e+00 4.05180397e+01 4.90947294e+00 1.29270442e-02
 4.14469987e-02 1.90464258e-02 1.94252253e-01 2.70168662e+00
 4.23326135e-01 4.18940449e+00 7.82524198e-02 6.71837628e-02
 5.41840744e+00 1.45787096e+00 3.09989750e-01 6.14546120e-01
 2.49058008e-02 1.74640566e-02 4.95601967e-02 1.58414230e-01
 1.96168013e-02 2.59654450e+00 1.59275365e+00 3.87326479e-01
 3.12862307e-01 3.92251685e-02 3.41988117e-01 2.43751734e-01
 1.68992996e-01 7.29487944e+00 1.27899039e+00 1.17202476e-02
 4.28379250e+00 1.10040046e-02 1.45962596e+00 9.07283574e-02
 3.92914601e-02 3.08602476e+00 5.64383902e-02 5.13921499e-01
 9.18912220e+00 2.68858254e-01 6.57809675e-02 1.20869899e+00
 6.38276935e-01 7.73929656e-02 9.85483742e+00 1.09082013e-02
 4.19920422e-02 4.90031391e-02 8.18911940e-02 1.78808689e+00
 1.94735080e-02 2.16160798e+00 8.68631303e-02 4.10986274e-01
 3.49293947e-01 6.28912225e-02 3.37119889e+00 3.92574692e+00
 1.78708173e-02 1.47521794e-02 4.81104732e-01 4.08345550e-01
 4.21229154e-02 2.10026860e-01 1.03454208e+01 2.27688837e+00
 2.77807266e-02 3.43998718e+00 5.82960904e-01 1.64023265e-01
 4.66376543e-03 1.09564126e-01 1.06962585e+00 1.00296080e+00
 2.04183936e+00 1.00164808e-01 2.51481533e+00 2.14198008e-01
 4.99060297e+00 1.27730966e-01 1.16685152e-01 7.43904263e-02
 9.95536149e-03 5.56417346e-01 2.12001540e-02 4.69093062e-02
 1.29605446e+01 6.22063637e+00 5.28913307e+00 3.21443118e-02
 5.91511764e-02 6.71433330e-01 8.90176967e-02 5.57974577e-01
 2.37024203e-02 3.25359368e+00 2.82338895e-02 5.22925186e+00
 6.84047937e-02 5.24559990e-02 1.06423870e-02 1.13490790e-01
 7.87453461e+00 9.85020351e+00 6.86588764e-01 1.61582977e-02
 1.65502377e+01 1.84691921e-02 9.88096595e-02 4.30925190e-03
 3.70791890e-02 2.09318852e+00 5.14856726e-02 1.84284935e+01
 6.52020127e-02 4.06772830e-02 5.34169853e-01 4.66740906e-01
 1.15575724e+01 1.41167617e+00 1.24562100e-01 3.83189154e+00
 5.04805851e+00 3.79700959e-02 7.45356083e-04 1.07192367e-01],2.5680842,[1.35054663e-02 1.61034837e-02 1.92383863e-02 1.90191209e-01
 7.95721173e-01 1.20983765e-01 6.23849034e-02 1.14886910e-02
 8.79917443e-02 1.68160424e-01 2.73838341e-01 9.64619219e-02
 2.80247070e-02 1.70722641e-02 4.00995761e-02 2.83884145e-02
 3.55671406e+00 2.84819677e-02 2.10177690e-01 3.90879124e-01
 2.76257880e-02 4.52966429e-02 2.55814075e-01 5.52291811e-01
 6.09304965e-01 1.38652511e-02 7.46508408e+00 3.62607861e+00
 3.44913661e-01 2.84478702e-02 7.14537799e-02 1.31778212e+01
 3.76537517e-02 1.39242366e-01 1.37605444e-02 7.79832155e-03
 5.34928083e-01 6.58398867e-02 1.38641894e-02 6.90012693e+00
 7.61074603e-01 4.32272136e-01 1.87638775e-02 2.57234156e-01
 4.69713956e-02 7.67427826e+00 3.54846492e-02 3.99019271e-01
 3.23337689e-02 2.74098015e+00 1.45806409e-02 1.45870931e-02
 1.33619159e-01 1.94992498e-02 4.45650458e-01 2.93104291e-01
 4.82921489e-02 3.73172134e-01 8.28687251e-02 1.82878777e-01
 1.16412342e-01 4.30334449e-01 3.68865073e-01 8.08542222e-02
 9.04074907e-02 3.79769877e-02 1.02037564e-02 1.66589454e-01
 4.90892678e-03 3.67484207e+01 2.85634160e-01 2.45127630e+00
 2.61614710e-01 2.86432314e+00 1.56837776e-02 4.05704826e-01
 1.04280964e-01 8.42092335e-02 2.78925076e-02 2.65631938e+00
 2.27903824e+01 2.26035029e-01 2.84557939e-02 6.44858475e+01
 1.40676796e-02 2.02010758e-02 1.32063776e-02 2.19445899e-02
 5.77946007e-01 2.13295221e-01 4.58841085e-01 4.24356031e+00
 5.87601215e-03 1.16239078e-02 1.38686746e-01 2.10565567e-01
 1.25797586e+01 1.17830217e-01 2.63479240e-02 1.50325894e-01
 3.24059501e-02 6.00662418e-02 5.55517972e-01 2.81177498e-02
 3.74798059e-01 1.98633708e-02 7.47227335e+00 5.52945025e-02
 1.01474690e+00 2.40703321e+00 4.39869240e-02 1.53020993e-02
 1.93579681e-02 1.01224403e+01 6.28228366e-01 1.27786547e-02
 3.32617551e-01 2.38218345e-02 1.75567046e-02 4.02358770e-01
 4.61328125e+00 9.24729586e-01 3.01421359e-02 5.92635274e-01
 7.48852640e-02 2.52319515e-01 1.20315060e-01 9.97205973e-02
 9.48429108e-03 3.01106739e+01 5.57415867e+00 1.94464698e-02
 2.61986442e-02 3.53117660e-02 3.41209471e-02 4.92266989e+00
 2.34315932e-01 1.09036893e-01 3.38353217e-02 1.46333314e-02
 1.18435264e+00 3.57443810e-01 7.10463047e-01 1.47907600e-01
 2.47010291e-02 3.52756120e-02 3.63436341e-02 3.45475972e-01
 6.59144297e-02 2.46407390e+00 2.00926948e+00 6.45839512e-01
 1.17383376e-01 5.24284318e-03 3.99878994e-02 1.98567897e-01
 2.39440352e-01 2.45304894e+00 1.55942988e+00 7.49648511e-02
 2.93745756e-01 1.61129072e-01 7.01970577e+00 1.16294459e-01
 1.50419548e-02 1.61620355e+00 5.30617297e-01 2.79374480e-01
 3.11046124e-01 1.07730150e-01 3.12436968e-02 1.62002578e-01
 1.73220992e+00 2.15355307e-02 6.79641342e+00 2.02110894e-02
 2.31965810e-01 6.50206953e-03 2.17910185e-02 1.39534032e+00
 2.39856131e-02 5.84773958e-01 9.28278267e-02 4.30178165e-01
 7.59901619e+00 1.49375871e-02 1.87891221e+00 1.79029636e+01
 2.19401419e-02 1.05868652e-02 1.33024529e-01 6.97467089e-01
 6.86826110e-02 2.88429856e-02 4.48011786e-01 2.28730589e-02
 2.08924897e-02 5.75949192e-01 1.01040959e+00 1.93324149e-01
 4.77636233e-02 2.53590383e-02 6.05001807e-01 2.61263907e-01
 4.98614788e-01 3.30682769e-02 7.10875094e-02 1.12841457e-01
 1.40349293e+00 8.09214473e-01 1.27652913e-01 1.38530150e-01
 1.66960061e-02 4.13652100e-02 3.27661075e-02 7.88687542e-03
 4.18122578e+00 2.32466638e-01 3.10367703e-01 3.39830555e-02
 1.30809307e-01 1.45495081e+00 2.66986266e-02 1.33639753e-01
 6.19816780e-03 5.79876482e-01 1.12915337e-02 8.76249447e-02
 5.60189039e-02 5.26302233e-02 2.51525827e-02 1.58295110e-02
 1.96484149e+00 2.69822764e+00 5.36210090e-03 2.79029347e-02
 9.87995267e-01 2.33136602e-02 1.04871765e-02 2.03409865e-02
 8.30071643e-02 1.48004568e+00 8.02577287e-03 5.33901215e+00
 4.45053950e-02 2.76357420e-02 5.04746139e-01 5.06023169e-01
 7.32021332e+00 1.69620469e-01 4.47316855e-01 1.40561175e+00
 5.98303229e-02 1.06463954e-01 1.86655112e-02 6.72072291e-01],-970.9885,-1009.3696,-1434.5647,1.0159953,1.1720723,0.97944343,0.92668307,726.8962,-89.03253,1675.6033,1086.3752,1.1547817,0.4522688,0.11707685,-1080.6978,1080.6978,[3.46428296e+03 3.95939301e+02 2.00362832e+04 5.39023560e+02
 2.13538380e+01 2.24149323e+02 8.51406813e-01 1.44415752e+04
 7.74351221e+03 4.28658740e+03 1.93310376e+03 1.01972832e+04
 1.67644501e+02 1.13981447e+01 2.93994659e+02 2.73248024e+01
 7.55669531e+03 1.81848145e+04 3.24654503e+01 8.66268945e+03
 4.16849170e+03 6.72863098e+02 2.48868223e+04 1.28700806e+03
 5.65713184e+03 3.12304901e+02 1.55998983e+01 7.04293457e+03
 5.50908012e+01 2.30485669e+03 7.43993664e+00 1.22420615e+04
 1.47493359e+04 1.45379199e+03 6.68706207e+01 2.26503320e+03
 2.54506927e+02 1.81476914e+04 6.19196129e+00 1.09404497e+01
 2.64290283e+03 5.07574921e+01 7.63271790e+01 1.48985098e+04
 7.70292236e+02 4.94323633e+03 5.59462695e+03 1.42066765e+01
 2.28484375e+03 6.06061584e+02 1.72629974e+02 6.71055781e+04
 6.24959778e+02 9.05988395e-01 3.40353198e+03 3.52070142e+03
 2.33236404e+02 1.17361870e+02 1.15940430e+02 2.16189072e+02
 8.91513748e+01 1.99168076e+02 2.13175410e+04 6.77466943e+03
 1.59411984e+05 2.19772656e+03 3.18834692e+03 2.11144867e+01
 1.52813467e+04 6.27094666e+02 2.09513184e+03 7.41236511e+02
 1.90939560e+02 1.50778625e+02 5.06207266e+04 8.45868066e+03
 7.57941641e+04 1.75510845e+01 6.62561865e+03 4.02912085e+03
 1.42661416e+04 3.16936665e+01 1.77634506e+02 5.52894775e+02
 6.55327026e+02 1.15297339e+03 7.35793457e+03 3.84392433e+01
 8.20959229e+02 8.19026270e+03 1.43463989e+02 1.43696396e+04
 1.46632404e+01 1.50002783e+04 1.50140234e+04 2.82731763e+03
 5.28721069e+02 1.37122949e+03 4.97804785e+03 3.42761536e+01
 1.92683020e+03 7.69098779e+03 1.63545303e+01 4.51999237e+02
 1.54994131e+04 3.39219246e+01 1.04093037e+04 1.46524922e+04
 1.10049951e+03 4.01269379e+01 1.97201328e+04 2.29402542e+00
 1.30036125e+01 3.48728256e+01 4.57401886e+02 8.33958691e+03
 5.97379102e+03 1.62050110e+03 3.86320093e+03 5.98910889e+02
 5.18103027e+01 3.89034195e+01 1.98887341e+03 1.77094934e+03
 6.72950635e+03 6.57000366e+02 2.90297272e+02 1.12402002e+03
 1.47319141e+03 7.77866699e+02 5.49792578e+04 1.83309570e+02
 1.98315210e+03 1.33560669e+03 1.08456020e+01 2.49192295e+01
 7.08342133e+01 1.80301152e+04 1.16277217e+04 3.46514816e+01
 4.62658740e+03 1.01602097e+02 1.17092554e+03 1.08137589e+01
 7.15001221e+03 6.17693799e+03 1.74533119e+01 6.18472510e+03
 4.38018408e+03 1.02695420e+04 7.38278809e+01 1.58801422e+01
 2.17608130e+03 2.82548889e+02 9.50207715e+03 2.09380913e+01
 4.59404068e+01 6.19659851e+02 3.89570190e+02 2.12512283e+02
 1.20767100e+04 4.54147100e+00 1.35931582e+04 6.64580994e+01
 7.81946875e+03 3.60974268e+03 8.61504089e+02 7.08183398e+03
 7.28845291e+01 4.51158829e+01 5.39921082e+02 3.35944427e+02
 5.79021680e+03 3.92625742e+04 3.29103355e+01 3.65361719e+04
 9.31268501e+00 7.44470062e+01 1.36039453e+04 4.04207230e+01
 7.00078308e+02 3.37377502e+02 9.21194844e+04 1.81117897e+01
 1.55417236e+04 1.45212402e+02 5.70645312e+03 1.43485397e+02
 4.78789551e+03 1.42395410e+04 5.07319336e+01 2.82307715e+03
 1.83772507e+01 9.06897070e+03 1.42355273e+04 4.51553192e+02
 6.90090698e+02 2.61363330e+03 2.31855602e+01 4.14972656e+03
 3.87048004e+02 2.40247632e+03 1.45730439e+04 5.58731953e+04
 5.08353149e+02 6.62425423e+00 5.35533081e+02 4.57810059e+03
 3.47651520e+01 2.58209019e+01 4.80669922e+04 8.27242981e+02
 5.81212012e+03 5.77695117e+03 2.75630920e+02 4.05788770e+03
 2.13450464e+03 2.55777002e+03 2.22043594e+02 4.48540527e+03
 3.62014893e+02 2.45913208e+02 2.13086670e+02 6.12843201e+02
 2.78918091e+02 2.26831885e+03 8.41325867e+02 3.35625391e+04
 4.86366516e+02 1.52675457e+01 6.21384949e+02 2.03431653e+03
 4.25170807e+02 1.47897835e+01 4.77746630e+00 2.30707947e+02
 5.39076855e+03 2.77133751e+01 1.49901191e+04 1.10716980e+02
 2.63966644e+02 9.71841431e+02 1.08079109e+01 1.76469727e+02
 5.50943945e+03 2.63059326e+02 1.24182312e+03 8.34354395e+03
 2.93399194e+03 5.22661377e+02 3.22796655e+03 2.03018379e+01
 8.03002832e+03 3.76780670e+02 2.86087341e+02 1.75223008e+04],9242.444,[3.6835754e+03 7.5386865e+02 2.3402705e+04 1.0509242e+02 3.3179462e+01
 6.8560295e+01 2.0259911e+01 7.2754816e+02 1.7349448e+02 7.3385844e+04
 3.3950015e+03 6.7540820e+02 6.3893652e+02 8.6097116e+00 7.3982227e+03
 1.0146735e+03 1.5033296e+03 1.9048672e+04 5.8976104e+03 7.9455449e+03
 4.6422565e+02 1.5067485e+03 1.2443897e+04 1.9327325e+03 5.1288169e+03
 2.6731987e+03 3.6905380e+01 1.0507973e+04 2.2405252e+02 9.2965308e+02
 2.8682384e+00 2.7343117e+04 1.1080735e+03 1.2748941e+04 4.5423212e+02
 1.0181416e+04 2.8050836e+02 1.8404822e+03 3.3759167e+01 1.3903490e+01
 4.7079819e+03 2.2288560e+03 5.5002399e+01 9.1241318e+03 9.4304456e+02
 1.0878379e+04 8.2611045e+03 4.9757126e+01 2.2323638e+03 1.9973156e+01
 4.1297565e+01 1.2230959e+03 1.4118462e+02 1.6826635e+01 6.1828252e+03
 9.2140887e+02 6.8466028e+02 3.0154351e+03 2.9443787e+02 3.1135701e+04
 9.9020147e+00 2.4713055e+02 8.5646979e+02 2.9013773e+04 1.5498569e+04
 2.0545940e+03 6.2139582e+04 2.0781521e+01 1.3771358e+04 6.1588361e+02
 1.1477698e+03 1.3410903e+04 6.9235815e+02 6.5771686e+02 6.6784014e+03
 9.7164445e+04 4.9644263e+02 3.0044830e+02 6.9060688e+03 6.4972939e+03
 2.2638129e+04 5.3860730e-01 1.7258553e+02 3.9698920e+02 2.8154580e+03
 4.4995789e+02 3.1336350e+03 2.4695755e+01 1.5623621e+03 1.0245183e+04
 5.4748547e+02 2.3335605e+03 2.2963949e+01 2.0410774e+03 3.3435605e+03
 6.5194829e+03 4.8568130e+03 2.0005183e+03 8.3229482e+03 8.1330002e+01
 2.0793682e+03 2.2089205e+04 1.3873393e+01 9.5950630e+01 1.5558545e+04
 7.3047264e+01 2.1354434e+03 4.7222500e+04 4.7523254e+02 7.6861832e+01
 1.7236320e+04 1.0766139e+01 1.2369059e+01 5.3629193e+02 3.9384598e+02
 1.0154929e+04 1.5211572e+03 4.9187091e+02 1.3568474e+04 2.7160386e+03
 9.4685516e+01 8.4994858e+01 7.1828741e+02 1.3298943e+03 1.3705542e+04
 3.0917090e+04 1.7038741e+03 8.3888580e+02 2.5164453e+03 3.3267188e+02
 5.2375465e+04 2.3513519e+02 3.2880176e+02 2.3550952e+03 2.0527138e+01
 9.4492412e-01 2.4939934e+01 2.9257112e+03 2.5054592e+03 6.5681450e+01
 5.6533311e+03 7.1883087e+02 3.3374367e+01 1.1438188e+03 6.2413198e+03
 1.1507299e+04 1.1139608e+01 5.8925303e+03 3.0706357e+03 1.2208463e+04
 1.0061062e+02 1.6940799e+02 2.1358674e+03 1.0504733e+03 9.3705658e+02
 2.7700317e-01 3.4449835e+02 9.2732239e+02 5.0947299e+02 1.7135664e+02
 1.2416475e+03 3.6470585e+00 4.0011277e+03 5.7894432e+01 4.2321551e+04
 7.0852114e+03 1.6780267e+03 4.8054668e+03 1.3073267e+02 1.3378812e+02
 7.1076865e+03 1.8387167e+02 4.1616102e+04 1.2519512e+04 7.6191299e+01
 3.5785098e+04 5.6774010e+01 1.1531885e+02 2.7698141e+04 2.1406093e+02
 8.3994336e+03 2.0331660e+02 1.6915345e+05 1.5014454e+01 1.0076089e+04
 2.7404645e+02 1.0395699e+04 1.7657988e+02 4.0108629e+04 2.5448895e+04
 1.4877371e+02 1.7291046e+03 1.0581788e+02 3.1424666e+03 4.2572105e+04
 8.1478864e+02 1.6667937e+03 5.2292865e+02 1.5667160e+01 1.0003787e+04
 7.2556274e+02 1.4356594e+03 1.2779988e+04 9.7529688e+03 1.7895316e+03
 3.7836528e-01 2.0317249e+03 3.1439834e+03 1.1889322e+02 1.0351052e+02
 1.0122858e+04 2.0362074e+03 2.2490925e+03 1.1258575e+04 6.8449615e+01
 3.9179810e+02 1.1147344e+03 7.5154414e+04 3.5519672e+02 7.6879697e+03
 1.1295842e+02 3.7891312e+00 3.8347864e+02 1.3943262e+03 2.7427153e+03
 3.6421729e+03 2.6066758e+04 1.1811619e+03 1.4188152e+03 3.5752646e+03
 2.0194880e+03 1.1648354e+04 6.5893433e+02 9.0327644e+00 5.3147211e+00
 1.2604930e+03 6.0411664e+02 2.4076445e+02 1.2000269e+03 2.2941992e+02
 3.0692529e+02 2.0181059e+02 3.8066254e+00 1.1200776e+03 2.3212798e+03
 1.8558849e+02 1.9573170e+02 1.2943532e+04 5.5997974e+03 6.1500159e+02
 8.4636934e+03 1.3165387e+01 2.2222524e+03 3.8718817e+02 5.4654047e+02
 1.3442815e+03],-977.28235,-1116.412,-1500.0,1.7245896,10.908418,0.47961083,0.9433051,0.017445431690216066,10207.198257923126,0.1875,0.1875,-0.23472559996076903,0.0014086087669906155,-0.23469319136369363,0.0006542828604681072,-1.039272135667008,25.249999999996884,0.0,625000.0,-7.0,-3521.0,500.0,9.704651832580566,625000
1010.37225,0.05718717,0.11800342,0.00312545,-1009.135,1009.135,[6.43740296e-01 3.24396014e-01 9.55395848e-02 3.36738062e+00
 6.48829117e-02 1.56292510e+00 3.95502657e-01 2.23380089e+00
 1.69509247e-01 1.63801797e-02 7.84150898e-01 9.19917226e-02
 2.23700285e+00 1.60400558e+00 5.13418436e+00 3.72138786e+01
 3.78331915e-02 4.26481199e+00 6.75651506e-02 2.60767460e-01
 2.45809883e-01 1.60168397e+00 1.13390356e-01 3.81103933e-01
 1.29495710e-01 1.34091154e-01 2.62718022e-01 7.08181262e-01
 1.32103205e+00 1.56496644e-01 2.43668444e-02 1.89020157e-01
 1.22123182e-01 1.48560810e+00 1.64907110e+00 1.16793275e-01
 2.93906403e+01 5.83688654e-02 1.28479137e+01 5.04838943e+00
 5.47713637e-01 1.34346858e-01 8.80078375e-02 9.37612802e-02
 3.17965770e+00 3.75781208e-03 1.56497806e-01 1.20555651e+00
 7.76776493e-01 8.41583061e+00 9.08668339e-02 3.84045672e+00
 1.63804203e-01 3.79835457e-01 8.84481072e-02 4.75190952e-03
 9.73717570e-02 1.59951486e-02 3.92723989e+00 2.63337135e-01
 1.64962396e-01 1.86316520e-01 6.35384381e-01 5.71304207e+01
 2.71578491e-01 3.64884257e-01 3.13179898e+00 5.64025715e-02
 1.03419805e+00 2.24384815e-02 1.25237894e+00 1.04037002e-01
 2.16194466e-02 8.37158561e-01 1.25010565e-01 5.77665307e-02
 2.12479935e+01 5.06432429e-02 5.40143326e-02 4.92843533e+00
 1.88999629e+00 4.23929125e-01 2.88393807e+00 2.53343067e+01
 6.96429312e-01 8.99076834e-02 8.84155929e-02 2.77305901e-01
 5.20193279e-01 4.30822449e+01 1.29906988e+00 5.66687323e-02
 7.46312141e-02 8.67784119e+00 5.93018718e-02 1.26777709e+00
 7.98883247e+00 1.37933940e-01 1.25757709e-01 5.82236052e-01
 3.16854858e+00 1.15753680e-01 1.50886849e-01 1.74606517e-01
 1.54277205e+00 9.40000057e-01 3.01115370e+00 2.60895967e-01
 9.54383910e-02 1.51907027e-01 2.46333623e+00 5.37441063e+00
 4.11039925e+00 1.29343301e-01 4.34014463e+00 6.77268505e-02
 1.36593133e-01 5.11672688e+00 3.53637487e-02 2.53663421e+00
 3.31338942e-01 8.51077080e-01 1.43373743e-01 1.81883454e-01
 1.28045321e-01 1.30093040e+01 1.36208698e-01 7.05561221e-01
 2.87674880e+00 1.21316254e-01 5.74130565e-02 2.96110004e-01
 2.37777784e-01 1.03036201e+00 1.37007904e+00 1.41532943e-01
 2.90494770e-01 1.70316565e+00 2.51781046e-01 2.82674916e-02
 4.64958921e-02 6.86499625e-02 9.42171365e-02 2.50142902e-01
 3.00364351e+00 1.79720595e-02 2.13347092e-01 1.20769179e+00
 2.18882933e-01 5.57713318e+00 1.11963317e-01 1.31881416e-01
 6.58579946e-01 1.77290052e-01 7.79470205e-02 5.62753487e+00
 2.86067915e+00 1.00517750e-01 8.09692517e-02 4.14944363e+00
 4.42934707e-02 1.55761003e-01 5.95563389e-02 2.14634681e+00
 1.64019346e-01 1.36115864e-01 4.89896119e-01 3.70911837e+00
 4.73269790e-01 3.28511214e+00 2.65384093e-02 1.63688883e-01
 1.19126492e+01 8.79462481e-01 2.12616110e+00 7.01261139e+00
 2.26640964e+00 4.09753227e+00 5.42382141e+02 5.52286911e+00
 1.69955850e-01 3.07034329e-03 4.39676046e-01 7.42651001e-02
 1.20285645e-01 2.50725389e-01 1.75539076e-01 1.24191725e+00
 1.58276111e-01 3.18382867e-02 1.77111781e+00 2.28732646e-01
 1.11462712e-01 5.75687364e-02 1.28125384e-01 1.50902450e-01
 3.01760769e+00 3.25558805e+00 7.65075445e-01 2.69774705e-01
 2.21774355e-01 2.28822902e-02 2.15658516e-01 1.64252713e-01
 1.35348904e+00 2.41249895e+00 9.00446415e+00 3.10850777e-02
 3.32819372e-02 1.62117511e-01 7.07122421e+00 1.37206838e-01
 1.32066643e+00 4.15404463e+00 6.34836033e-02 3.30134511e-01
 7.88042098e-02 2.36140668e-01 5.38206339e-01 4.22967225e-02
 5.56642190e-03 1.12771451e-01 2.23456770e-02 2.15883732e+00
 4.21285927e-02 8.26380849e-02 4.90919638e+00 1.59829159e+01
 3.35457611e+00 1.33295155e+01 1.16667116e+00 2.62278557e-01
 3.94405127e+00 9.43830073e-01 4.58891392e-02 1.73598021e-01
 7.20269978e-04 7.33234501e+00 4.95712101e-01 4.56704386e-02
 1.18592560e-01 6.15813613e-01 4.48122931e+00 2.41921854e+00
 5.94712794e-02 3.59426200e-01 6.45618737e-01 1.04910761e-01
 3.86859608e+00 8.60227203e+00 6.41867638e-01 6.36499047e-01
 9.68797281e-02 7.91227436e+00 4.64253202e-02 2.07581115e+00],7.2317467,[7.18155742e-01 4.56139028e-01 3.59012842e-01 2.77406859e+00
 2.68508852e-01 4.94211800e-02 1.48539495e+00 5.05905822e-02
 1.38719037e-01 3.10013071e-02 3.62515450e-03 3.34211677e-01
 2.29199266e+00 2.48014402e+00 4.59274799e-02 3.80589142e+01
 9.03045088e-02 9.53492224e-01 1.04247332e-01 2.57015824e-01
 2.35484913e-01 4.96000147e+00 4.17207070e-02 1.87745780e-01
 3.17793578e-01 2.62791067e-01 8.08678269e-02 2.65267253e-01
 1.49375892e+00 7.12304413e-02 1.03812233e-01 2.90387571e-01
 1.90421432e-01 4.04298812e-01 3.38488109e-02 7.40586817e-02
 5.64836121e+00 1.21029377e-01 5.93931437e-01 6.55372047e+00
 1.42868280e-01 2.68420756e-01 3.33877981e-01 8.61951113e-02
 4.28350270e-02 1.33317456e-01 9.34868008e-02 2.74346143e-01
 7.11056709e+00 3.42769921e-02 3.53127904e-02 1.08297024e+01
 2.45074898e-01 5.40975071e-02 7.77328685e-02 2.08801150e-01
 8.89962465e-02 6.78344220e-02 1.01362295e-01 2.55884707e-01
 1.12692237e-01 1.46156371e-01 1.15235591e+00 9.59668884e+01
 2.78499007e-01 1.13896513e+00 4.47596967e-01 1.52004972e-01
 4.88961983e+00 9.43789780e-02 6.36675119e-01 5.19634783e-02
 3.15263346e-02 1.54717453e-02 2.04331353e-02 2.06319168e-02
 1.64383850e+02 6.16428889e-02 9.38339531e-02 2.31204361e-01
 4.54439282e-01 1.26076996e-01 3.27221632e-01 4.25593567e+01
 6.83432817e-02 1.07335195e-01 1.21016145e-01 2.24436283e-01
 2.81545758e-01 5.42913437e+01 1.07258588e-01 1.05113298e-01
 1.24110311e-01 7.44514656e+00 1.14117146e-01 8.26327682e-01
 4.21474123e+00 1.02419198e-01 1.09044790e-01 2.96278968e-02
 8.90038371e-01 2.45560837e+00 1.71897560e-01 7.21208751e-02
 2.03164726e-01 1.62693158e-01 9.40828323e-02 1.20332852e-01
 1.27329722e-01 9.72992182e-02 2.22957563e+00 3.53444595e+01
 1.99211788e+00 8.97634178e-02 5.04214652e-02 1.19919315e-01
 6.88943267e-02 1.85372114e-01 5.02398074e-01 7.63325840e-02
 2.23182201e-01 5.90880632e-01 1.55447662e+00 1.55073255e-01
 5.65140247e-02 1.53181438e+01 1.15843222e-01 1.30732507e-01
 1.75074115e-02 9.36240852e-02 1.05313078e-01 9.12244916e-02
 4.01479080e-02 5.71702123e-02 1.81259167e+00 9.50868130e-02
 9.34605449e-02 1.77703992e-01 9.53919962e-02 5.00558503e-02
 1.15095094e-01 6.83070719e-02 8.87004733e-02 3.76837134e-01
 2.47408040e-02 1.20813996e-02 1.13623291e-01 2.89625853e-01
 2.28318036e-01 5.58577585e+00 8.78785700e-02 7.66246393e-02
 8.45140517e-02 1.18929893e-01 8.95775706e-02 2.76351213e-01
 3.85903478e-01 1.17284179e-01 1.66583210e-01 1.26174256e-01
 7.24462047e-03 4.89894897e-02 8.79724696e-02 1.15976584e+00
 1.03984952e-01 1.46852612e-01 7.46996701e-02 2.44102091e-01
 1.75734237e-01 2.49964333e+00 1.39959157e-02 9.23610032e-02
 7.07854939e+00 5.14537878e-02 1.80245697e-01 4.62903082e-02
 7.43972063e-02 6.73453391e-01 6.98966919e+02 2.02377826e-01
 1.16305426e-01 8.35098773e-02 2.40657210e-01 9.57307667e-02
 2.03314811e-01 3.81001770e-01 6.70980066e-02 4.55180526e-01
 9.13112760e-02 1.09863877e-01 1.27438521e+00 4.05174866e-03
 5.51541448e-02 2.34622061e-02 1.05797142e-01 9.40203965e-02
 7.53396988e+00 8.18226710e-02 1.88512281e-01 2.10395843e-01
 2.92107642e-01 9.09903795e-02 4.35571492e-01 9.25940871e-01
 1.30972290e+01 1.78159922e-01 1.51535547e+00 4.86862659e-02
 3.40787321e-02 8.17920268e-02 2.59161234e-01 1.19730666e-01
 1.48545340e-01 2.38244012e-02 3.43365371e-01 3.15820903e-01
 1.12176135e-01 4.88096476e-02 1.79957986e-01 1.64385512e-01
 1.05792232e-01 1.81199282e-01 1.98580122e+00 1.76552951e-01
 6.48909509e-02 6.13521636e-02 2.22971382e+01 7.71866083e+00
 3.96499336e-01 1.43173714e+01 4.52692993e-02 5.99825025e-01
 1.23774871e-01 3.54090482e-02 7.04470426e-02 1.43169224e-01
 3.23894657e-02 5.43261953e-02 3.53599787e-01 4.48247381e-02
 5.51915467e-02 1.31697327e-01 2.36490631e+00 1.44532710e-01
 2.39202529e-01 8.45675468e-02 4.75063622e-01 5.21324277e-02
 3.52289975e-02 4.08095055e+01 2.41646007e-01 2.57651138e+01
 9.26502049e-02 1.81500480e-01 4.69608605e-02 3.98875654e-01],-971.33575,-1016.1858,-1495.9314,1.0162044,1.4333231,0.96990925,0.92666745,7703.1826,-12398.16,20758.201,1092.4489,1.1709702,0.48059282,0.11801603,-1086.4719,1086.4719,[9.81494751e+01 3.16322832e+04 8.66942480e+03 1.02591367e+04
 4.64679639e+03 7.12459900e+02 1.68840371e+04 2.47390161e+03
 6.92454150e+03 7.01660385e+01 8.11615527e+03 1.63572296e+02
 1.65253003e+03 1.59021845e+01 3.01973242e+04 2.28433838e+03
 1.48826221e+03 2.85502881e+03 2.65495801e+03 7.80168686e+01
 2.13330586e+04 6.88989502e+03 1.80016101e+03 1.31592883e+03
 4.27694977e+02 3.99442578e+03 2.56203955e+03 9.66177734e+02
 1.65251953e+04 1.64354648e+04 7.21482300e+02 3.27102637e+03
 8.19057031e+04 2.55341455e+03 2.44847422e+04 5.48602148e+03
 4.77143750e+03 8.40686133e+03 2.82661499e+03 6.21833839e+01
 8.81235840e+02 7.54994629e+02 7.04374237e+01 1.78058586e+01
 6.57591677e+00 5.18128347e+00 5.84420662e+01 1.14428215e+01
 2.76676483e+02 1.13518506e+04 2.16485962e+03 1.60362256e+03
 3.47042090e+03 2.81202259e+01 6.29335388e+02 1.64800342e+03
 6.73488892e+02 1.65404028e+03 3.39763428e+03 1.08035571e+03
 4.83685449e+03 3.09186670e+03 5.68739570e+04 1.44860916e+01
 3.85657568e+03 5.90640576e+03 1.87609344e+02 2.40398389e+03
 3.90602875e+02 6.07087341e+02 4.92764168e+01 7.66955625e+04
 7.40096562e+04 3.32144922e+03 2.36043203e+04 4.11622754e+03
 4.32172775e+00 6.48013672e+03 7.01723709e+01 2.88599976e+03
 4.63985176e+01 1.18812646e+04 6.58531799e+01 6.09022095e+02
 4.08146406e+04 9.28717812e+04 4.20879102e+03 5.18667419e+02
 4.83683398e+03 1.57009018e+02 1.29728174e+03 2.85612280e+03
 6.81220166e+03 3.52949023e+04 8.51388702e+01 3.21572662e+02
 1.58385803e+03 3.79393730e+01 4.85327118e+02 9.50187225e+01
 1.12520561e+01 3.18232148e+04 2.29847507e+01 1.08457508e+01
 7.69588574e+03 4.15601273e+01 1.54276338e+04 9.20709082e+03
 3.72530731e+02 7.67092590e+01 2.71879810e+03 2.49306984e+01
 1.05710163e+01 1.73418008e+04 2.26369512e+04 2.71278760e+03
 1.86565113e+01 8.67247681e+02 1.95064785e+04 1.16413428e+03
 5.19193848e+02 1.88611316e+03 2.31676819e+02 7.51140869e+02
 4.44937019e+01 8.77566602e+03 5.09018398e+04 1.28697285e+04
 1.19180956e+01 7.17771143e+03 1.51455444e+03 9.44995234e+04
 5.73902832e+03 3.13313516e+04 1.31649097e+03 9.57708203e+03
 9.24285156e+02 1.09885864e+03 1.74444043e+04 6.65746826e+03
 1.16483606e+03 4.67244225e+01 1.03411318e+04 2.09865820e+04
 8.19758691e+03 2.47289111e+03 3.73108545e+03 3.52678947e+01
 9.88131485e+01 1.33201156e+05 6.90209595e+02 9.63053036e+00
 1.69488574e+03 3.33001801e+02 1.84536133e+04 1.72752258e+03
 2.37132996e+02 5.91069946e+02 7.03130371e+02 1.45956860e+03
 2.89666481e+01 9.51340942e+01 2.66478180e+02 4.34328027e+03
 2.39402344e+03 4.08382320e+00 1.67494788e+03 6.33722656e+03
 7.76062073e+02 4.14102686e+03 1.96189438e+02 7.77331726e+02
 6.33195007e+02 3.21199829e+02 8.04320654e+03 1.33692168e+04
 2.03481445e+04 6.03760147e+01 6.03105898e+04 1.12633672e+04
 1.06925723e+04 3.37876611e+03 9.49671364e+00 1.68746523e+04
 6.97165381e+03 7.94136523e+03 1.62248608e+03 1.52629728e+01
 1.17753394e+03 4.49793477e+04 2.76044727e+03 8.82961426e+03
 5.01585693e+03 3.70725288e+01 6.22160977e+04 1.95218757e-01
 6.70279121e+00 6.46095166e+03 1.38414764e+00 2.14914665e+01
 7.04807373e+02 7.93625793e+02 2.37149854e+03 3.21980430e+04
 9.84909546e+02 2.02209339e+01 1.50545068e+03 1.46765289e+02
 2.32715435e+01 1.31351782e+03 3.93081250e+03 1.57710730e+03
 1.55524582e+02 5.50451698e+01 7.18613965e+03 5.19819092e+03
 1.35783809e+04 5.42787964e+02 6.66138124e+00 2.47618628e+03
 9.16280334e+02 3.68468506e+02 2.99826099e+03 1.46798743e+03
 2.23827957e+02 4.65601562e+03 3.60597632e+03 6.72085938e+02
 2.82426504e+04 5.48882520e+03 1.20838654e+02 3.58452950e+01
 1.86097998e+03 9.79576953e+03 1.70973828e+03 2.86210400e+03
 1.78283157e+01 2.19411591e+02 1.50297534e+03 1.14224731e+03
 1.02040625e+03 1.74584473e+02 8.40359668e+03 7.11120758e+01
 1.76867676e+03 4.87285278e+02 1.00022984e+00 2.31351562e+03
 3.33525391e+03 2.00393079e+03 5.03640918e+03 4.13455276e+01
 3.16817598e+04 3.70949974e+01 4.21774635e+01 1.51579414e+04],9788.922,[5.67866745e+01 5.76860234e+04 6.87369531e+03 1.65327917e+03
 6.96949829e+02 2.85221777e+03 2.52258203e+04 7.11760156e+04
 3.10930713e+03 3.66459229e+02 3.20765063e+03 9.45966797e+02
 5.92562447e+01 1.42206085e+02 4.56304453e+04 2.04235664e+04
 4.87062539e+04 1.42626331e+03 1.11211646e+03 6.75249805e+03
 1.11115039e+04 3.34301992e+04 1.48389429e+03 8.01718311e+03
 2.45986206e+02 8.58994629e+02 6.75817337e+01 6.57484766e+04
 2.84226758e+03 1.36232090e+04 9.78693909e+02 5.01221387e+03
 8.05975635e+03 3.83108496e+03 1.71063164e+04 1.95564319e+03
 3.09438135e+03 2.20345728e+03 5.97572461e+03 1.41230957e+02
 4.56741238e+00 1.32585901e+03 6.76156921e+02 6.51096268e+01
 2.39397385e+02 6.18680038e+01 7.93647079e+01 1.23832572e+00
 1.12462024e+03 1.74529956e+03 1.36315649e+03 7.58786255e+02
 7.48059521e+03 1.56601171e+01 3.47981598e+02 2.35300244e+03
 1.36448613e+04 2.44627148e+03 1.07485016e+02 7.95817432e+03
 3.87302891e+04 6.40741992e+03 1.21785510e+03 9.04987454e-01
 7.31712549e+03 6.38626416e+03 1.94843781e+02 2.72252891e+04
 6.24361511e+02 1.76112854e+03 4.94441895e+03 1.01624727e+04
 4.36481445e+04 8.64691223e+02 5.31977246e+03 1.10815273e+04
 3.67715912e+01 1.85830493e+03 6.84792404e+01 3.11790381e+03
 5.04755440e+01 3.38117993e+03 8.35909882e+01 3.18365295e+02
 3.86560889e+03 6.43260234e+04 8.21383911e+02 1.02545496e+03
 4.71313623e+03 1.06682457e+02 1.95017114e+03 9.78286987e+02
 5.45861328e+03 9.52481641e+03 5.79083557e+02 2.39937158e+03
 1.26878936e+04 1.22535881e+02 4.18904144e+02 2.41453247e+02
 3.33618698e+01 6.32821960e+02 3.52145691e+01 6.85481873e+01
 1.01997662e+03 3.46828995e+01 1.68017773e+04 5.92664160e+03
 6.05057007e+02 6.01069450e+01 1.08270703e+03 1.17364025e+01
 1.24796562e+01 1.36184570e+04 1.61819951e+04 4.30997510e+03
 2.54353294e+01 1.00612439e+03 1.04916473e+02 2.03766113e+03
 1.37839587e+03 7.97994385e+02 1.62372513e+02 4.06518799e+02
 1.70268188e+02 1.18080312e+04 5.45274023e+04 7.64182031e+03
 1.78855430e+04 1.90647637e+04 5.44789453e+03 1.77188672e+04
 1.05831128e+03 2.82289023e+04 3.69173730e+03 6.61555078e+03
 1.82545044e+03 2.12849536e+03 6.77790332e+03 2.91003198e+03
 5.84421484e+03 2.19505081e+02 4.71111230e+03 1.66102520e+04
 3.97813477e+04 2.32621113e+04 5.45054736e+03 2.44791351e+02
 1.37201584e+02 4.50698193e+03 6.39191040e+02 1.48756195e+02
 3.15258740e+03 5.16446594e+02 1.14219131e+04 1.63319165e+03
 2.12050073e+03 2.05982935e+03 2.00211267e+03 4.92389453e+03
 1.13056061e+02 1.39505383e+03 2.19137085e+03 3.72679980e+03
 2.42444824e+02 1.69512005e+01 4.67896240e+03 6.05910938e+03
 1.59249243e+03 2.21225977e+04 2.55313867e+03 2.81583374e+02
 3.77680389e+02 2.39099289e+02 1.34756348e+04 3.79107452e+02
 4.79373828e+04 4.98898089e-01 4.12870977e+04 5.47782930e+04
 1.21233613e+04 5.08633643e+03 7.98618088e+01 2.29061089e+01
 2.23547969e+04 8.04945508e+03 3.07541479e+03 2.68563892e+03
 2.20747778e+03 2.87853467e+03 2.55409082e+03 4.19707910e+03
 8.38667480e+03 1.49105921e+01 2.02721641e+04 5.49579506e+01
 4.30758095e+00 2.67438208e+03 6.86812997e-01 3.03033203e+02
 1.89350146e+03 6.15893127e+02 1.65228186e+03 3.91350189e+02
 8.52995972e+02 3.97803235e+00 7.73145605e+03 8.85565674e+02
 1.58255405e+01 1.12075476e+03 3.52280176e+03 1.62485809e+02
 1.90772171e+01 2.38713477e+04 4.75084534e+02 4.45413135e+03
 1.91972437e+03 1.06704871e+03 2.36789274e+00 5.68987012e+03
 6.16179932e+02 7.19425201e+01 3.49172656e+03 2.61213672e+04
 1.89962234e+02 1.70890449e+04 3.77537109e+03 7.11557434e+02
 3.58262578e+04 5.24055273e+03 4.16886993e+02 8.52244644e+01
 1.76109888e+03 2.31064255e+02 9.84147559e+03 4.33734009e+02
 2.27670918e+01 4.14627869e+02 2.06678564e+03 1.70535461e+02
 1.93597412e+03 3.48426483e+02 9.81644958e+02 4.90901756e+01
 6.99369324e+02 1.63340979e+03 5.96860809e+01 1.39736145e+03
 7.60583984e+02 1.11693359e+03 2.04422302e+02 7.51806641e+02
 4.41187988e+03 1.14923515e+01 8.78487549e+01 4.08620337e+03],-981.9741,-1146.9478,-1500.0,1.5080715,7.185263,0.42826885,0.9391031,0.016376894884109497,10616.620642662048,0.125,0.125,-0.16725097366703628,-0.0014513441660690338,-0.1671692461026539,0.00038040647623333273,35.45371373161588,25.249999999996884,0.0,650000.0,-10.0,-4994.0,500.0,8.826632499694824,650000
1008.5493,0.062081106,0.07245309,0.0021208774,-1007.7627,1007.7627,[1.64060116e+01 1.00613856e+00 1.02321606e+01 2.68604934e-01
 3.71260233e-02 1.02804974e-02 7.47977570e-03 1.15881562e-01
 6.64134324e-03 5.76804020e-02 1.02388322e+00 2.53695399e-01
 1.74779177e-01 3.37562636e-02 4.55012417e+00 3.33843589e-01
 1.27177787e+00 7.29121268e-03 3.32079418e-02 3.19924355e-01
 2.31544685e+00 6.52592278e+00 1.22539312e-01 2.40036988e+00
 2.13042535e-02 4.32994634e-01 4.21833731e-02 5.23177266e-01
 2.14131892e-01 3.63376439e-01 6.38240194e+00 1.37696937e-01
 7.85654664e-01 2.34404968e+02 1.53369064e+02 6.68130890e-02
 2.09841758e-01 8.21950150e+00 2.73247302e-01 2.43595630e-01
 9.13325325e-03 2.79224366e-01 3.24006557e-01 5.50968075e+00
 4.98080254e-01 3.29271741e-02 5.17578278e+01 1.79833658e-02
 3.09625752e-02 3.07483710e-02 6.65710568e-02 3.75866222e+00
 1.10366440e+00 3.17734599e-01 7.87172461e+00 7.03729093e-01
 2.03627129e+01 6.39303982e-01 5.88663258e-02 6.02798834e-02
 6.82894111e-01 8.67650956e-02 8.56157684e+00 2.14465886e-01
 3.46909165e-01 3.34219523e-02 4.51655674e+00 2.73871958e-01
 9.53207588e+00 3.81342363e+00 2.13584661e-01 5.98582961e-02
 6.76120818e-02 2.05187142e-01 3.39907445e-02 1.54483581e+00
 4.74447757e-02 4.08278036e+00 2.08939686e-02 1.13941580e-02
 4.29296643e-02 3.01241422e+00 7.05125868e-01 7.41283894e-02
 5.21962128e+01 7.40205240e+00 5.26247360e-02 1.39609352e-03
 2.04975262e-01 1.93763173e+00 3.80008295e-02 1.54547989e-01
 4.91257310e-02 2.68990345e+01 3.56839091e-01 1.55082083e+00
 3.68029070e+00 2.70598419e-02 2.16466174e-01 5.16610928e-02
 6.45816267e-01 8.24142247e-02 1.55231535e-01 1.40248701e-01
 1.81049377e-01 1.38682766e+01 1.02162755e+00 7.65651613e-02
 6.51250184e-01 3.87472548e-02 5.41203880e+00 1.57868207e-01
 1.23959929e-01 5.88256979e+00 2.69390812e+01 3.77163924e-02
 1.26524198e+00 5.08615315e-01 4.09662819e+00 1.68319571e+00
 2.28064597e-01 2.45089829e-02 1.06978393e+00 1.38814044e+00
 2.04788864e-01 2.50722885e+00 2.31391907e+00 4.11768150e+00
 2.78457701e-02 1.41524747e-01 2.17863858e-01 5.91952384e-01
 4.95636177e+00 7.15009421e-02 2.67094821e-01 7.23906755e-01
 7.36074257e+00 1.84270024e-01 5.57207167e-02 1.67018294e-01
 8.35645050e-02 1.33359194e+00 2.12337399e+00 7.24921077e-02
 3.71646024e-02 8.77039850e-01 1.86067951e+00 3.50970402e-02
 2.33580858e-01 3.32127666e+00 3.67599058e+00 1.84419781e-01
 5.75420856e-02 5.15581667e-02 9.21229601e-01 4.58540395e-03
 2.66031511e-02 1.29241496e-02 6.95313454e-01 1.75422758e-01
 2.90250540e+00 2.93496288e-02 7.08225131e-01 5.02351046e-01
 3.34715284e-02 2.03317940e-01 7.94418901e-02 2.00327232e-01
 2.50843316e-01 1.69210358e+02 3.02550840e+00 4.04993534e+00
 6.46379375e+00 3.69596690e-01 3.38432565e-02 2.57993713e-02
 4.50480556e+00 2.85793364e-01 3.50614265e-03 1.26834661e-02
 4.60073411e-01 3.27447690e-02 2.14078832e+00 9.34897959e-02
 5.38397968e-01 1.58515722e-01 3.50083470e-01 9.65761781e-01
 2.93140054e-01 1.00701964e+00 3.68320274e+00 9.38363075e-02
 2.14106925e-02 3.89943495e-02 3.32688726e-02 5.14346838e-01
 1.85529671e+01 8.65562260e-03 2.43568897e+00 2.07474160e+00
 3.01863588e-02 7.32747763e-02 3.54681075e-01 3.14008482e-02
 5.33577394e+00 8.95273447e-01 6.00019842e-03 5.62432766e-01
 8.88555646e-02 4.17038441e-01 3.03802311e-01 3.62875313e-01
 3.90868020e+00 1.22721910e+01 1.06498375e+01 2.78104067e-01
 2.60941505e-01 1.42577827e+00 1.37442436e+01 3.43027413e-02
 4.72499073e-01 9.01984119e+00 7.04893842e-02 7.36834168e-01
 1.37317944e+00 8.95889163e-01 5.43042004e-01 7.44940713e-02
 4.31237984e+00 6.81477666e-01 2.04053625e-01 1.03614054e+01
 3.40866387e-01 1.29785514e+00 4.42142487e+00 3.40122342e+00
 4.58521891e+00 3.05188000e-01 1.36805172e+01 2.72024453e-01
 6.30273819e-02 6.69059306e-02 7.18618870e-01 1.06849689e+01
 1.75638944e-01 9.01373774e-02 2.64654684e+00 1.33839011e+00
 3.18111964e-02 3.18991020e-03 2.13555336e-01 1.18414089e-01
 5.26624203e-01 1.29580468e-01 1.16545148e-02 1.11621507e-02],7.8696046,[6.64075434e-01 1.00420666e+00 7.08102822e-01 3.35660756e-01
 3.00343707e-03 3.16792019e-02 2.48612948e-02 2.18407229e-01
 3.67998071e-02 1.24390759e-02 3.34104836e-01 1.52269840e-01
 2.84355819e-01 2.26146616e-02 1.04545116e+01 1.14549905e-01
 4.21232358e-02 4.27110530e-02 2.89731696e-02 2.11223185e-01
 4.56803925e-02 1.04134813e-01 2.20003203e-02 2.86725432e-01
 1.01027079e-02 2.65625626e-01 5.50404564e-02 3.42793822e-01
 1.58466846e-01 4.58703376e-02 1.63738346e+00 2.34588981e-01
 4.07637954e-01 5.88027405e+02 5.70772949e+02 8.53334963e-02
 1.48597121e-01 1.32728517e+00 1.94924816e-01 4.22926903e-01
 5.78600354e-02 3.11405718e-01 1.31040797e-01 2.04907188e+01
 9.37902331e-02 3.91137078e-02 2.11051979e+01 3.60939652e-03
 2.13105120e-02 7.62615353e-04 4.06238325e-02 1.26901753e-02
 1.01015627e-01 5.49595542e-02 8.04319143e-01 1.79038897e-01
 2.14724369e+01 1.74256110e+00 1.71236880e-02 9.79758501e-02
 1.91045141e+00 6.78644180e-02 1.56296164e-01 2.03015745e-01
 7.04827309e-02 3.22554745e-02 3.10845137e-01 3.21645975e-01
 1.42365433e-02 1.55725345e-01 1.76891863e-01 1.38727799e-02
 1.34688705e-01 9.41326171e-02 3.13367583e-02 3.08304906e-01
 3.07301059e-03 3.38917315e-01 7.26608634e-02 1.17822364e-02
 8.16774517e-02 7.56814361e-01 2.13098717e+00 5.20845093e-02
 6.68981094e+01 3.52703422e-01 1.31675556e-01 7.62704760e-03
 2.86062248e-02 2.46666789e-01 3.84640694e-03 2.63269722e-01
 6.22310676e-02 2.57603207e+01 3.79966289e-01 9.11929309e-02
 3.59477341e-01 5.57010919e-02 6.03112765e-02 6.54299110e-02
 5.12589931e-01 1.66374221e-01 1.20287642e-01 2.02169925e-01
 1.53666288e-01 1.44618502e+01 2.11738236e-02 1.82141401e-02
 8.70891809e-02 1.86843053e-03 2.18304217e-01 1.10089302e-01
 2.31245264e-01 1.11149669e+00 2.34780922e+01 4.45815660e-02
 4.86084700e-01 5.53044736e-01 3.41032632e-02 9.70424414e-02
 1.42749935e-01 2.79180646e-01 2.93247175e+00 3.74272466e-03
 1.58886373e-01 2.62491740e-02 1.71761997e-02 1.40640295e+00
 3.31409127e-02 2.47610599e-01 6.88465387e-02 7.41249800e-01
 3.28653231e-02 7.44034350e-03 3.85167390e-01 1.21795106e+00
 3.47039290e-02 2.76214838e-01 2.85013951e-02 2.85595834e-01
 8.66950899e-02 3.29401231e+00 6.37348294e-02 8.09969380e-03
 4.13783975e-02 2.96433628e-01 7.59600550e-02 1.19428217e-01
 1.04859948e-01 2.00439000e+00 7.94202536e-02 1.44877747e-01
 1.29192472e-02 7.89205283e-02 2.29481608e-02 1.65356770e-02
 1.42592281e-01 3.50172043e-01 1.25954241e-01 2.47448273e-02
 2.38266975e-01 4.82676513e-02 2.65896507e-02 1.77991533e+00
 4.94655408e-02 1.19512156e-01 3.72417510e-01 2.97713786e-01
 1.70145571e-01 9.96820526e+01 8.03350210e-02 5.89496195e-02
 1.44495040e-01 4.41579908e-01 6.09310344e-03 2.46296227e-02
 2.13484406e-01 3.49546134e-01 2.17494160e-01 3.31106223e-02
 5.19628465e-01 3.59317064e-02 6.67902708e-01 6.28020763e-02
 1.81369200e-01 6.51257113e-02 1.00575900e+00 1.54648948e+00
 3.71240348e-01 1.14061609e-02 1.65934891e-01 1.60718709e-03
 1.02094561e-01 2.82015353e-02 1.72076687e-01 1.20952889e-01
 9.15744686e+00 6.82384521e-03 3.40996124e-02 1.51508018e-01
 4.38434072e-02 1.39336124e-01 1.02016106e-01 7.61924386e-02
 6.91076517e-01 8.17241371e-02 2.00247824e-01 2.53789932e-01
 2.59477645e-03 4.48255599e-01 2.88358666e-02 4.34969604e-01
 8.00079226e-01 2.22897758e+01 1.04984969e-01 4.05750364e-01
 2.12481111e-01 5.13389289e-01 4.05522203e+00 2.00660482e-01
 5.48352838e-01 1.63058777e+01 2.35292464e-02 2.95136273e-01
 2.50027359e-01 1.21543038e+00 2.10630879e-01 3.98462899e-02
 3.37758946e+00 1.28251553e+00 1.66354179e-01 6.45024776e-01
 7.76884705e-02 2.82593518e-02 3.26712036e+00 1.33611336e-01
 6.89840364e+00 2.13185847e-01 1.83267981e-01 3.97975445e-01
 1.38359815e-02 1.90745389e+00 6.32038862e-02 1.22474518e+01
 1.04293406e-01 8.21789652e-02 2.52836943e-01 4.39784303e-02
 8.48285258e-01 4.24534157e-02 1.24095345e+00 2.18484223e-01
 5.86533010e-01 2.83979811e-02 8.30918849e-02 3.44504789e-03],-971.42834,-1014.26154,-1494.8152,1.0105178,1.1515105,0.9111103,0.92629945,1258.5076,-558.2699,2767.753,1070.1461,1.1174237,0.3924873,0.110355556,-1065.1039,1065.1039,[1.60527172e+01 1.85238247e+01 8.16428604e+01 1.43617798e+02
 4.68801208e+02 2.63769385e+03 8.60911465e+00 1.44220371e+01
 7.29235352e+02 1.80307190e+02 4.66428518e+00 3.96179466e+01
 2.38719772e+02 1.29713333e+02 2.01259186e+02 1.61069812e+03
 3.54064551e+03 3.15551208e+02 4.06918526e+01 3.96887474e+01
 3.37379837e+01 1.07289673e+03 3.59475922e+02 2.76612744e+03
 3.29155566e+03 1.01787134e+03 1.55933252e+03 3.01448486e+02
 2.22012061e+03 6.94329798e-01 2.11398830e+01 4.05960274e+01
 2.06149648e+04 4.91200523e+01 1.64099258e+02 3.77197968e+02
 2.56070766e+01 4.92614258e+03 1.33093823e+03 4.79218115e+03
 4.10673535e+03 9.20342969e+03 1.88068848e+02 1.28715146e+04
 1.21920013e+02 6.62391455e+03 7.19456797e+04 1.54745215e+03
 1.39148369e+01 2.66422443e+01 1.36729317e+01 3.96029114e+02
 5.74498633e+03 2.33557129e+03 2.59574902e+03 1.96320953e+01
 1.14953613e+04 3.76463509e+01 1.82239209e+03 3.92518005e+01
 6.43673789e+04 1.10926056e+02 1.00731885e+04 5.84853467e+03
 9.68886719e+03 1.10743438e+04 2.17277832e+02 2.90373262e+04
 1.74645264e+03 6.93532705e+00 1.00236318e+04 3.32991409e+00
 2.76214209e+03 4.62969086e+02 6.48670859e+04 1.95776309e+04
 6.66394830e-02 1.05148135e+04 4.62595901e+01 2.19882355e+01
 2.74726406e+04 2.77678719e+01 1.95398666e+02 7.60590674e+03
 2.40096191e+03 4.30318750e+04 1.06896172e+04 4.54951668e+01
 5.18478317e+01 6.94720886e+02 4.88165039e+03 1.48008213e+01
 7.70211562e+04 3.10386871e+02 8.60278015e+02 1.85186737e+02
 1.80773560e+02 8.35814062e+03 1.08361353e+03 3.98126160e+02
 1.04099402e+03 1.87089801e+00 3.14010840e+03 1.93912766e+05
 1.78080000e+04 1.63979568e+02 6.34372168e+03 7.85048828e+02
 2.95522614e+01 3.87541602e+03 4.59297981e+01 2.01624130e+02
 6.82247009e+01 3.38432312e+02 1.30362635e+01 4.45553984e+04
 1.55840698e+03 3.78388623e+03 4.15741504e+03 1.28005219e+02
 1.44996851e+03 3.63119736e+01 8.88944340e+00 1.42273511e+03
 1.54196582e+04 7.79391663e+02 5.02836992e+04 6.82680322e+03
 1.23155308e+01 2.66887383e+04 1.40515344e+03 2.42590781e+04
 2.38089414e+04 1.45282246e+04 3.00909912e+03 1.13889160e+03
 1.23337021e+02 3.17182674e+01 8.75340332e+02 3.91369961e+04
 5.72615601e+02 7.50352430e+00 4.62883643e+03 2.03135643e+01
 4.61327850e+02 1.20107373e+03 1.35693250e+03 2.06992388e+00
 2.67977783e+02 1.54786072e+03 4.71372461e+03 1.18849492e+04
 7.83321167e+02 7.56848621e+00 2.69907251e+03 8.73650000e+03
 7.73842578e+04 6.39681934e+03 3.37269678e+03 2.32387066e+00
 2.55442969e+03 5.62721497e+02 3.16819061e+02 4.14796753e+01
 2.13060974e+02 2.14496780e+02 5.20385547e+03 1.05106644e+02
 1.48564429e+03 9.47090918e+03 3.79419708e+00 2.18832637e+04
 1.57605423e+02 8.52089386e+01 3.94364471e+01 6.14012566e+01
 1.09069214e+03 7.60234961e+03 6.71975391e+04 1.28324109e+03
 5.43998594e+04 1.05184180e+04 1.84924426e+03 9.76204297e+03
 2.15863965e+03 1.76585176e+04 8.78983008e+03 5.48038216e+01
 2.70520966e+02 8.88707324e+03 1.09847681e+03 5.41150093e+00
 4.13412857e+01 6.40091431e+02 1.08561630e+01 3.77775830e+03
 1.30360371e+04 1.35792444e+03 2.22661118e+02 2.98677930e+03
 1.81807031e+04 1.13415585e+01 1.57274426e+03 7.00386250e+04
 5.11812305e+00 3.78457928e+00 2.34254284e+01 2.36148300e+01
 3.16533496e+03 1.60834399e+03 9.64099979e+00 1.06286396e+04
 1.36225254e+04 1.40560877e+00 5.03231323e+02 3.80363013e+03
 1.39187461e+04 3.30936011e+03 4.84406830e+02 4.15398865e+01
 1.44288993e+00 1.89044702e+03 7.34503984e+04 7.79383850e+02
 2.78338280e+01 1.39479749e+03 2.99838867e+01 8.86205156e+04
 1.16986670e+03 6.75088043e+01 3.73590584e+01 1.24460769e+00
 5.75102905e+02 3.13483960e+03 1.44624405e+02 1.80395137e+04
 2.76375732e+03 1.29189783e+03 3.84574634e+03 8.59005737e+01
 3.31689766e+04 7.54368591e+01 1.73835068e+01 4.04969883e+04
 6.78590039e+03 2.05204844e+04 2.13366661e+01 1.23110510e+03
 2.48045993e+00 9.79891891e+01 2.81899463e+03 2.71311340e+01
 3.75385400e+03 1.31660211e+00 2.52787109e+02 5.57135840e+03],12035.181,[3.40235100e+01 7.23457260e+01 2.04637885e+00 2.11294403e+02
 2.94868994e+03 9.14134155e+02 5.16204357e-01 3.82111454e+00
 1.80453638e+03 1.22458397e+02 1.25755634e+01 7.89942932e+01
 2.92685107e+03 4.32780792e+02 1.41791031e+02 4.23809082e+03
 1.33406421e+03 9.91805176e+02 6.27374023e+03 9.70404282e+01
 7.54124222e+01 1.82496016e+04 3.53894344e+05 2.82746002e+02
 1.54375867e+03 3.36116479e+03 3.32198975e+03 1.68358337e+02
 2.04095361e+03 1.51718283e+00 2.58249607e+01 2.10014687e+01
 2.79075195e+03 1.00643456e+02 1.03592577e+01 3.04910553e+02
 4.52843704e+01 3.10841074e+04 1.62217500e+04 2.31083350e+03
 2.41037695e+03 2.77063281e+03 2.13994446e+02 8.23336328e+03
 2.12897192e+03 7.80977656e+04 6.09764111e+03 1.49545703e+03
 3.70620537e+01 1.36629524e+01 6.31215820e+01 7.64114075e+02
 1.26335088e+04 1.64201289e+04 6.93674927e+02 3.58173609e+00
 2.24393945e+04 1.15918739e+02 5.95072876e+02 8.35614166e+01
 5.22883643e+03 4.89277191e+02 1.21164287e+04 2.18246313e+03
 2.27624561e+03 1.46998213e+04 3.24067688e+02 2.59490664e+04
 1.36564316e+02 8.36281776e+00 5.22870391e+04 1.88124821e-01
 1.37166479e+03 4.50660010e+03 8.17894688e+04 5.78926514e+03
 1.87227230e+01 8.25020898e+03 2.70144928e+02 8.90498047e+01
 3.33434229e+03 5.81612587e+01 2.55014375e+04 1.06886104e+04
 1.67988318e+03 7.56496582e+03 8.57435547e+03 9.30098828e+03
 1.97976050e+03 2.42840424e+02 2.87430039e+04 4.20095863e+01
 2.28882375e+05 3.18587128e+02 1.29578232e+02 2.43925659e+02
 3.84926086e+02 6.76567627e+03 1.17741870e+03 8.18253174e+01
 7.42928125e+03 8.16697693e+00 9.61337463e+02 5.14293823e+02
 1.90441272e+03 1.73295422e+03 4.30658242e+04 1.33389685e+03
 2.02604568e+02 3.71385693e+03 5.74989967e+01 5.02813660e+02
 1.60793045e+02 3.25945630e+03 4.61636124e+01 5.96586365e+02
 9.91297791e+02 1.13642725e+03 2.51151719e+04 3.29666687e+02
 1.33240039e+03 3.16991405e+01 2.11692429e+01 1.72051245e+03
 9.52913672e+03 7.04411499e+02 4.47481445e+03 8.77508496e+03
 3.11950970e+00 6.47909863e+03 8.66723877e+02 3.18930493e+03
 1.09907484e+01 6.52560820e+04 2.81854834e+03 4.11824268e+03
 6.02362915e+02 1.17838477e+03 3.14391650e+03 6.46096641e+04
 1.25697998e+03 4.68832588e+00 2.08829437e+02 9.31673889e+01
 5.82355835e+02 9.36620117e+03 1.47716504e+03 4.01500511e+00
 1.45000830e+03 9.17607117e+02 7.79017529e+03 1.53303057e+04
 1.14013916e+03 7.65066862e+00 7.88246216e+02 7.35213440e+02
 1.98938438e+05 6.07153711e+03 8.66352930e+03 9.12293613e-01
 3.06539771e+03 3.64109009e+02 9.35763062e+02 6.36210899e+01
 3.55304291e+02 3.22361694e+02 8.88904199e+03 7.04774536e+02
 1.26010596e+03 3.33285205e+03 3.53288055e+02 1.49290273e+04
 1.67444550e+02 1.43386719e+03 1.13734741e+01 2.30760193e+01
 1.71263489e+03 1.04468135e+04 1.33223511e+02 3.33575732e+03
 1.06713913e+02 2.97007539e+04 4.99581787e+03 6.83359619e+03
 7.30184814e+02 2.44134628e+02 5.44808899e+02 2.94970062e+02
 1.46107361e+03 1.58331396e+04 1.34420264e+03 1.11468801e+01
 4.18092334e+03 2.76185791e+02 2.68371925e+01 2.84187842e+03
 3.22038379e+03 1.22358032e+03 2.80441089e+03 4.05113525e+03
 3.58587617e+04 4.75798111e+01 4.13419336e+04 1.32881873e+03
 2.39883484e+02 2.43584442e+01 5.32634888e+01 2.90441055e+01
 3.42479004e+03 4.85035107e+03 6.67258789e+03 6.35618408e+03
 8.70179883e+03 1.62403488e+01 6.28297900e+03 4.25182500e+04
 1.73846680e+04 2.27482788e+03 7.93427490e+02 3.60328507e+00
 1.28822363e+03 4.43741406e+03 1.27907578e+05 9.31708740e+02
 2.93316865e+00 4.48414404e+03 1.35195724e+02 1.47302979e+03
 2.63999048e+03 2.88157684e+02 2.64958763e+01 7.40524960e+00
 2.83902954e+03 3.51370239e+03 2.29995289e+01 3.55551465e+03
 2.05481387e+04 1.36296130e+03 1.62847949e+03 2.82053223e+02
 2.26170215e+03 7.03389844e+03 9.01745319e+00 4.00840391e+04
 1.10304919e+03 1.85390137e+04 1.87998981e+01 1.27479456e+03
 8.83889313e+01 1.14594231e+02 4.01932178e+03 2.43941895e+02
 7.46889844e+03 4.13625956e+00 1.82827002e+03 2.77718262e+03],-976.40356,-1104.9253,-1463.574,1.6585202,8.808744,0.14666946,0.9393674,0.017263554649353027,11048.209522485733,0.1875,0.1875,-0.2292055024818369,-0.0005267570080618666,-0.22929253557008208,-0.0015562923091741,-1.0406697100359275,25.249999999996884,0.0,675000.0,-7.0,-3527.0,500.0,8.906450748443604,675000
1003.7789,0.050271463,0.06910053,0.0022826463,-1003.0376,1003.0376,[6.30577207e-02 1.55379549e-02 1.72566660e-02 3.19159031e-02
 2.75328755e-02 4.15753312e-02 1.78313941e-01 8.54190364e-02
 5.72476536e-03 1.00252068e+00 3.88189107e-02 4.62923199e-03
 6.95515060e+00 2.72532314e-01 5.88442720e-02 3.35333124e-03
 3.92805971e-02 3.05008471e-01 3.82229066e+00 5.69005646e-02
 2.25350404e+00 7.04191446e-01 1.19633973e-02 1.07696819e+01
 2.47929171e-02 2.44592011e-01 5.79843000e-02 3.82281132e-02
 7.31612027e-01 2.23613456e-01 2.20943332e+00 5.92808342e+00
 2.72768199e-01 4.11898804e+00 4.19998541e-02 2.34585479e-01
 4.96268845e+00 1.19467825e-01 6.36068821e+00 3.63168678e+01
 4.63865437e-02 6.90503120e-02 2.46165156e-01 1.50375533e+00
 7.86967576e-03 1.10655451e+01 4.80423123e-03 4.52937558e-02
 2.55928375e-02 4.56859171e-03 2.57904053e+00 1.82232022e+00
 1.50795913e+00 2.78396010e-01 1.04229689e+00 2.89876238e-02
 2.63658333e+00 1.16829842e-01 1.99533135e-01 3.92087907e-01
 3.76396477e-02 1.34701684e-01 1.99928880e-04 2.04751348e+00
 3.69692594e-03 9.93735343e-02 3.64438027e-01 1.98037159e+00
 1.45298052e+00 1.16746575e-02 8.51163641e-02 2.81209350e+00
 6.28336221e-02 1.97396517e+00 5.87202013e-01 5.59187984e+00
 9.95228440e-02 2.03948975e+00 1.91185403e+00 7.06819445e-02
 2.31476620e-01 1.92819722e-02 4.67192292e-01 6.69871902e+00
 1.95269473e-02 1.36523396e-01 3.29821110e-02 1.73013359e-02
 3.70735303e-03 7.05555081e-01 8.38662386e-01 6.39971781e+00
 2.99103320e-01 3.39715481e-01 7.55076706e-02 1.78108144e+00
 4.01899785e-01 6.14441931e-02 2.40483657e-02 6.55687451e-02
 2.14675164e+00 5.44074774e+00 1.71957567e-01 2.11013034e-02
 1.08397150e+00 9.45978165e+00 2.79063024e-02 3.93533301e+00
 1.27684212e+00 9.39040124e-01 3.47276926e-02 6.35305047e-03
 3.29150081e+00 3.27190310e-02 2.21471936e-02 6.26396477e-01
 1.70656166e+01 1.26297474e-02 2.31486894e-02 1.08708650e-01
 5.88621870e-02 2.69792408e-01 1.26340111e+02 1.59241706e-02
 8.20761323e-02 6.19084425e-02 3.94032925e-01 3.05253410e+00
 4.67368901e-01 5.02285385e+00 1.16131604e-01 2.11039260e-02
 1.57295716e+00 4.71717790e-02 7.88403034e-01 7.59060240e+00
 1.29372907e+00 8.12726617e-02 1.17195153e+00 1.85705245e-01
 7.29629159e-01 9.15874243e-02 7.29566216e-01 1.26923874e-01
 4.03440833e-01 2.71923804e+00 2.72109285e-02 2.53416970e-03
 4.81319714e+00 3.79326344e-02 9.02675438e+00 2.53375247e-02
 7.09523261e-02 1.16242945e-01 2.70003378e-02 3.09172153e+00
 3.01799774e-01 3.12958211e-01 8.84804502e-03 3.31867076e-02
 1.26630634e-01 7.72427619e-02 2.79402637e+01 5.28603673e-01
 1.96462941e+00 7.24470615e-01 3.17225128e-01 1.18399475e+02
 4.81876105e-01 9.97483850e-01 4.67523479e+00 1.26495734e-01
 2.01644516e+01 4.06075764e+00 1.54080987e-03 4.02913243e-03
 4.34966758e-02 2.12013163e-02 6.51094690e-03 7.07298517e-04
 3.46473753e-02 1.43883377e-02 1.67375660e+01 1.05420962e-01
 1.30202646e+01 1.50935535e+01 1.15399957e-02 1.71259418e-02
 1.86908722e-01 1.70884915e-02 3.47106047e-02 9.74411130e-01
 1.71461334e+01 3.57685387e-02 2.86019897e+00 8.54034901e-01
 2.39542812e-01 1.14722922e-01 3.94224644e+00 7.85604268e-02
 5.84854037e-02 3.42172571e-02 2.14829519e-02 2.38587976e-01
 9.51169580e-02 7.94710219e-02 2.92464465e-01 7.44842243e+00
 4.27509642e+00 9.95824486e-03 1.72929204e+00 1.80902749e-01
 6.34207916e+00 4.20931727e-04 2.15069008e+00 2.05776691e-02
 3.48847687e-01 6.61799669e+00 1.28582537e+00 1.64804474e-01
 8.46271217e-01 1.26032993e-01 7.89249688e-02 3.80774774e-02
 2.49019004e-02 9.82563400e+00 1.80060749e+01 2.24394894e+00
 8.73747921e+00 7.73469210e-02 5.79338074e-01 7.99013227e-02
 4.73194361e+00 1.70345604e-03 4.52697182e+00 4.98497009e+00
 8.65462720e-02 4.37097883e+00 2.36501582e-02 5.14612794e-01
 7.31933022e+00 1.83020294e-01 3.79671343e-02 3.47167552e-02
 2.65377350e-02 1.07651882e+01 1.34714022e-02 8.46948326e-02
 1.03839684e+01 1.38813372e+01 2.44403556e-01 1.75863266e+00
 3.38564396e-01 3.53343248e-01 6.22626692e-02 6.42778873e-01],3.0934603,[1.75175995e-01 1.57298818e-01 4.23727706e-02 1.67095736e-02
 1.27466932e-01 1.00128427e-01 9.45184380e-03 9.70059633e-03
 1.90294161e-03 8.38414550e-01 5.88927567e-02 4.39270325e-02
 3.64045143e+00 2.75905728e-01 8.00602809e-02 1.17676631e-02
 8.71014297e-02 9.20038372e-02 3.82308722e+00 1.78695954e-02
 3.01515222e-01 2.78571732e-02 2.85486951e-02 4.79493737e-01
 9.42110494e-02 4.85327020e-02 2.73111835e-03 1.00517824e-01
 1.07707411e-01 1.57313302e-01 3.07369269e-02 2.86345899e-01
 1.13782048e-01 2.94079214e-01 1.07994258e-01 3.70855369e-02
 1.49633512e-01 7.05372691e-02 4.93002748e+00 2.29803505e+01
 7.77547359e-02 3.81702900e-01 7.53982738e-02 1.31719351e+00
 2.10443772e-02 7.58800283e-02 2.40044892e-02 9.21101049e-02
 7.73299336e-02 3.58953625e-02 6.55328110e-02 2.76789427e-01
 1.27707601e-01 2.33682767e-02 2.86743417e-02 3.39276977e-02
 3.29431236e-01 2.52485313e-02 1.95980832e-01 7.75185227e-03
 1.97722390e-02 1.87807947e-01 1.54843107e-02 8.06562138e+00
 3.15573812e-02 3.39312926e-02 1.65787816e-01 1.12156546e+00
 2.49861145e+00 2.67413929e-02 4.14643097e+00 6.45790175e-02
 7.24602044e-02 5.37250638e-01 3.10441107e-01 2.06791349e-02
 1.39292493e-01 5.76335073e-01 1.33299932e-01 1.14596516e-01
 9.99695361e-02 2.92563625e-02 4.90246743e-01 3.98300648e-01
 2.17342563e-02 3.28755714e-02 7.79131800e-03 1.35460973e-01
 3.79245616e-02 5.58607638e-01 3.92842665e-02 1.86725998e+00
 1.24253958e-01 4.23593260e-02 3.18952233e-01 8.74211967e-01
 1.55905277e-01 1.25653446e-01 3.30205038e-02 4.98643517e-02
 1.26241177e-01 4.41927463e-03 1.50205344e-01 8.78288895e-02
 1.66877583e-02 1.42829865e-01 6.82441294e-02 1.41150510e+00
 3.85249406e-03 8.60839069e-01 3.07723954e-02 2.37482935e-02
 7.44875729e-01 1.68276019e-02 1.14308804e-01 1.05887210e+00
 2.24549599e+01 2.74446383e-02 5.01352139e-02 1.28033364e+00
 5.18368669e-02 1.43482566e-01 4.71301155e+01 3.23004276e-02
 1.55170321e-01 1.89656056e-02 5.63622788e-02 3.62504423e-01
 6.59696281e-01 4.19087291e-01 8.55845809e-01 3.67417373e-02
 8.60359013e-01 1.19961470e-01 3.66143799e+00 1.27914920e-02
 9.40975696e-02 1.04566962e-02 1.59093812e-02 1.72473341e-02
 3.04657668e-01 2.41096690e-03 4.87637639e-01 3.10844421e-01
 2.74948806e-01 3.29809375e-02 6.76481202e-02 3.04132700e-02
 1.20188966e-01 3.09138179e-01 2.93658924e+00 4.91690822e-02
 2.52244510e-02 2.54346490e-01 1.65034831e-02 1.15114093e-01
 4.29325290e-02 2.01712981e-01 9.46472734e-02 7.33568370e-02
 2.78102234e-02 5.45658171e-02 3.91408310e+01 1.56877184e+00
 7.31407702e-02 3.07782069e-02 1.59290373e-01 4.72950516e+01
 1.82798469e+00 8.24937597e-03 1.48868823e+00 2.30622783e-01
 3.50613213e+00 3.56874585e+00 4.87630442e-02 2.00533308e-02
 2.14128867e-02 1.08614638e-02 9.69755948e-02 1.89476348e-02
 4.58652563e-02 3.14626843e-02 3.94248271e+00 2.21424267e-01
 3.64396721e-03 4.71558809e-01 5.33498824e-02 2.66237445e-02
 3.18028212e-01 5.15876152e-02 2.12254412e-02 1.01785898e-01
 1.24098072e+01 4.32272553e-02 1.06833878e+02 9.15065885e-01
 9.45616513e-03 2.58449101e+00 8.08192158e+00 1.15426369e-01
 7.20020533e-02 8.76616091e-02 1.88787654e-02 3.05953063e-02
 3.17836478e-02 6.54579774e-02 2.80377418e-02 1.75024942e-02
 9.51444507e-02 8.85881484e-04 1.78617537e-02 6.44385591e-02
 9.57980454e-02 2.00745538e-02 2.08763555e-02 8.37198794e-02
 3.83783638e-01 2.27694020e-01 6.20372631e-02 3.11081797e-01
 1.19726196e-01 2.30462670e-01 3.33413817e-02 1.24795735e-01
 3.33467275e-02 1.35130091e+01 7.62049627e+00 1.76641083e+01
 3.51402116e+00 2.73073092e-03 9.50106323e-01 2.05925718e-01
 1.15387604e-01 6.84896111e-03 3.56479175e-02 6.78105712e-01
 1.48969963e-01 3.43734533e-01 1.12611130e-02 4.20335591e-01
 6.83018625e-01 1.53087541e-01 4.40659113e-02 5.83289623e-01
 6.46192580e-03 2.57524736e-02 1.37605406e-02 9.86816883e-02
 3.07809505e+01 1.01977959e-02 2.86500342e-02 1.97915375e-01
 4.09849286e-01 5.92817843e-01 1.37233287e-01 2.07683593e-02],-971.4934,-1009.3343,-1450.981,1.0112882,1.1746655,0.9728676,0.9263563,97.080215,-902.9288,1718.9498,1093.057,0.91591275,0.4558854,0.11443372,-1087.5823,1087.5823,[3.59016133e+04 2.09752676e+04 1.99087708e+02 7.39024719e+02
 4.36460236e+02 1.96927963e+02 1.79237728e+01 2.60157433e+01
 4.52768115e+03 9.60370422e+02 2.75712769e+02 2.20431421e+03
 1.53397003e+02 1.94927246e+02 1.95329395e+03 3.42233157e+00
 6.89885938e+04 1.06079468e+02 4.22374170e+03 1.82795781e+04
 1.84051440e+03 2.37662559e+04 2.91591992e+03 1.63578311e+04
 9.11892166e+01 3.87457275e+01 2.35745605e+03 1.50608320e+04
 3.37133057e+03 2.41183594e+02 6.71642090e+02 5.06766167e+01
 1.35772241e+03 5.07924538e+01 2.02795135e+02 9.72205444e+02
 2.18782637e+04 1.17631340e+02 9.47735138e+01 2.48161426e+04
 9.38822174e+01 2.14295197e+01 3.07345337e+02 6.04471893e+01
 9.39923462e+02 1.72703943e+03 8.50682007e+02 5.00363586e+02
 3.58007617e+03 5.59754414e+04 1.78071350e+03 1.69324355e+04
 2.81972534e+03 3.18473225e+01 1.26181621e+04 4.93195267e+01
 9.26944629e+03 1.72114297e+04 1.65470422e+03 4.12972119e+03
 1.11065356e+03 4.88151025e+03 2.84093506e+02 4.53704376e+01
 1.57713904e+03 6.38878369e+03 6.30033887e+03 6.89960571e+02
 7.98563080e+01 6.74990601e+02 1.53368877e+04 1.69720291e+02
 4.35389435e+02 3.31617737e+02 2.14034912e+03 7.72187256e+02
 2.73256104e+03 1.86071074e+04 6.01879492e+03 5.71702637e+02
 3.65723828e+03 6.58207825e+02 1.48087842e+03 1.20554072e+04
 4.78791562e+04 1.38534188e+05 1.20937031e+04 1.88552078e+02
 8.67876816e+00 2.25994580e+03 1.87826055e+04 2.53642616e+01
 2.72720276e+02 6.40449829e+01 2.28994656e+01 7.88225174e+01
 1.24180688e+03 8.48181250e+04 3.54634613e+02 7.95737305e+03
 8.85987891e+03 1.65774531e+04 1.57311072e+03 5.69492722e+01
 5.30677719e+01 2.89167700e+03 2.51104980e+02 5.56803665e+01
 5.46121777e+03 5.31843066e+03 1.69950348e+02 5.53130938e+04
 8.02140564e+02 3.47636681e+01 7.60489014e+02 2.11800977e+04
 3.74549316e+03 1.52526990e+03 1.40793672e+04 4.43382721e+02
 3.25629688e+04 6.89787354e+03 2.17148608e+03 1.23887344e+02
 9.42165527e+01 8.87963477e+03 5.38391209e+00 1.83058807e+02
 1.23156895e+04 2.64120190e+03 3.91203945e+04 5.99333320e+04
 8.05735718e+02 6.86330414e+01 1.46898775e+01 9.75115417e+02
 2.73323181e+02 8.38401428e+02 4.48094141e+04 7.32139531e+04
 1.53693943e+01 4.37422058e+02 3.80145190e+03 1.10788376e+02
 2.54261581e+02 1.63423477e+02 9.15226465e+03 1.77334412e+03
 2.51997383e+04 1.36037512e+03 1.49594443e+04 1.15184727e+04
 3.37822144e+02 5.48274879e+01 5.72456284e+01 1.12761108e+03
 3.37655426e+02 1.19316612e+02 1.36064842e-01 8.15625000e+04
 2.07960129e+01 3.71782501e+02 2.52386191e+04 1.68125625e+04
 7.01512939e+03 7.20050049e+02 1.87754745e+01 5.67088867e+02
 4.91610742e+03 1.32920947e+03 9.00642578e+02 1.30816498e+02
 1.29920868e+02 1.45045068e+03 1.48050613e+02 2.98796895e+04
 2.87498291e+03 1.24406895e+04 1.11801855e+04 9.46703434e+00
 1.79611176e+02 2.94058008e+03 4.39751250e+04 3.38410303e+03
 2.29588203e+01 2.86795215e+04 1.59712982e+01 1.13494820e+02
 7.27181250e+03 3.16326866e+01 6.62366247e+00 1.36350293e+04
 3.03544336e+03 3.86619141e+03 3.14079773e+02 1.68554047e+02
 3.62768631e+01 3.57220268e+00 4.26544219e+04 1.32250293e+04
 6.59462463e+02 2.58878632e+02 1.51475513e+03 3.10876367e+04
 9.63879852e+01 1.03486826e+04 1.16987402e+04 1.18246414e+02
 1.48452039e+03 1.41532303e+02 1.34354065e+02 3.52563965e+03
 1.81812952e+03 9.07620392e+01 4.49076271e+00 2.43903198e+03
 1.33154609e+04 9.82414932e+01 1.63888110e+03 2.90502344e+04
 4.89501875e+04 1.15442886e+02 1.70237152e+02 1.03097286e+01
 4.57562225e+02 1.26943958e+03 4.66426373e+00 1.14894638e+02
 9.64563179e+00 7.41243042e+02 3.37945776e+03 3.27399292e+02
 6.24178027e+03 2.71818939e+02 2.79052881e+03 4.89760208e+01
 5.51920156e+04 3.02090254e+04 2.22128487e+01 2.03284424e+03
 9.24931519e+02 5.29085999e+01 1.16013184e+04 1.37304658e+04
 1.99701836e+04 7.55539490e+02 1.06292712e+03 2.36367083e+00
 6.32477234e+02 9.17384863e+03 1.78592041e-01 1.99858801e+03
 1.49546660e+04 1.42695984e+02 5.72596045e+03 4.10246191e+03],13549.475,[6.42864180e+04 2.90638428e+03 1.63580176e+03 2.69203076e+03
 6.04549942e+01 2.22170090e+02 1.11576561e+02 6.17151451e+01
 5.42073096e+03 3.02945430e+04 1.54282397e+03 2.23939038e+03
 1.44701734e+05 2.22452783e+03 1.93182349e+03 3.26772957e+01
 2.26035376e+03 5.05969238e+02 1.15335327e+03 3.69706250e+03
 2.47662549e+03 3.53655391e+04 3.77760669e+03 2.95163418e+04
 1.77937271e+02 8.84495239e+02 1.98701477e+02 1.00146385e+02
 2.03653320e+04 4.91309631e+02 4.23174414e+03 2.23811066e+02
 1.07845772e+02 1.00566795e+02 9.38656006e+01 2.83675537e+03
 1.74263516e+04 4.64132294e+02 4.65678711e+01 7.89929609e+04
 1.60550891e+03 1.20660915e+01 5.79173584e+02 5.77717796e-02
 7.15745850e+02 1.48645410e+04 1.38067346e+03 3.04898682e+03
 7.70099121e+02 1.74073809e+04 6.01733838e+03 1.81236035e+04
 1.68743516e+04 4.66770029e+00 1.08375098e+04 1.61441254e+02
 2.18536289e+04 1.74938354e+03 6.06067871e+03 1.21327871e+04
 2.50915894e+03 1.23785645e+03 3.10783875e+02 1.60459082e+03
 1.52543567e+03 4.90250830e+03 4.09438232e+03 2.58970070e+01
 9.54778976e+01 6.91808777e+02 3.24967969e+04 1.33270462e+02
 7.75729065e+02 1.94796646e+02 2.47826614e+02 8.75339966e+02
 1.50558438e+04 2.58876621e+04 1.34408972e+03 7.33069336e+02
 2.10787329e+03 1.24860693e+03 1.85621216e+03 4.91439688e+04
 2.39123844e+05 2.65404321e+03 1.11898525e+04 5.20035522e+02
 2.39089706e+02 4.81469971e+03 7.33819062e+04 3.88637573e+02
 1.41719131e+02 1.24995422e+03 5.67751884e+00 1.21044824e+03
 1.35581547e+05 1.62363818e+03 1.15045483e+03 8.27945391e+04
 2.95625659e+03 2.89455840e+04 6.61555176e+03 1.70325256e+02
 2.70803204e+01 2.51762910e+04 1.54703979e+03 5.03647232e+01
 9.20836250e+04 7.10040723e+03 1.64707000e+05 4.55155508e+04
 2.62982983e+03 9.84717560e+00 5.64556104e+03 3.72610229e+02
 1.61479609e+04 6.99409619e+03 1.48436348e+04 8.20887793e+03
 2.27828926e+04 2.09521172e+04 3.08685205e+03 3.08673306e+01
 1.12144768e+02 4.39375977e+03 4.13806200e+00 2.31405594e+02
 1.91069199e+04 6.80166064e+03 2.96928867e+04 2.05394570e+04
 5.37668457e+02 9.09417877e+01 1.95744610e+01 3.78722839e+02
 1.23696030e+02 9.40181763e+02 2.93831812e+03 2.93418516e+04
 5.91889429e+00 7.03355026e+01 2.11626367e+03 3.12650543e+02
 5.69051361e+01 1.50953369e+02 6.30980225e+03 2.73175273e+04
 4.41799531e+04 3.13662646e+03 4.05164102e+04 1.12901562e+04
 6.42648804e+02 2.03743706e+01 2.85855751e+01 1.69775547e+04
 4.97991577e+02 1.51764307e+03 1.47491217e-01 3.55835469e+04
 2.14638290e+01 4.95345947e+02 2.80191113e+04 4.15648438e+03
 1.13863196e+03 2.15415601e+03 3.31815155e+02 4.84636902e+02
 5.87826465e+03 6.12265430e+03 1.22986023e+03 7.47508728e+02
 2.78065552e+02 1.21334253e+03 1.91009888e+02 2.99040918e+04
 1.34516528e+03 4.79736670e+03 5.48774121e+03 4.70832825e+00
 1.74109766e+03 4.55640479e+03 1.42398853e+03 6.91191406e+03
 8.53889084e+00 6.18141479e+01 1.33796783e+02 1.48236954e+02
 2.48203711e+04 4.04559612e+00 4.77701073e+01 3.59157891e+04
 1.02911885e+04 6.61146875e+03 5.00664642e+02 2.00113623e+03
 6.10525417e+00 2.24380298e+03 2.02403359e+04 1.40882402e+04
 3.90137238e+02 9.32613159e+02 2.29214297e+04 3.87486076e+01
 2.81518726e+03 2.07393594e+04 1.65108262e+04 3.89577271e+02
 1.10798865e+03 8.90438156e+01 1.41868896e+02 1.66087305e+04
 2.96495825e+03 2.37486553e+00 5.49667676e+03 1.66210913e+03
 2.80511641e+04 5.82935257e+01 3.84211182e+02 2.14545352e+04
 1.10356641e+04 9.22713074e+02 3.21887451e+02 3.50554008e+01
 4.92252637e+03 1.63000415e+03 3.26427269e+01 2.07760449e+03
 3.77261086e+01 9.97226318e+02 1.34673525e+04 9.85160400e+02
 9.83156445e+03 4.32701172e+02 4.04841089e+03 1.42234146e+02
 1.54408779e+04 2.18842383e+04 3.24000397e+02 3.85784521e+03
 2.34033838e+03 1.38290787e+02 6.72346289e+03 1.52048809e+04
 6.70271484e+03 1.00027942e+03 5.68188599e+02 1.61460161e+00
 1.61282349e+03 8.38904492e+03 5.32255974e+01 6.27964893e+03
 1.18187324e+04 1.67061108e+03 3.08312852e+04 9.52441504e+03],-975.69464,-1125.426,-1500.0,1.6273203,16.13761,0.2804118,0.9400995,0.016112648830413818,11451.025757551193,0.4375,0.4375,-0.35445613172419643,-3.097329111715227e-09,-0.35445613228579903,-8.190346572072006e-09,-1.5434242465433055,25.249999999996884,0.0,700000.0,-7.0,-3512.0,500.0,7.5518639087677,700000
1003.3646,0.05244667,0.08474505,0.0027372472,-1002.4647,1002.4647,[9.51655567e-01 2.18959749e-01 6.67194319e+00 2.56724148e+01
 4.06112671e+00 7.25501955e-01 3.81970763e-01 1.80287075e+00
 1.82351589e+00 4.31580722e-01 7.75433600e-01 5.33922255e-01
 1.63328648e+00 6.48047209e-01 2.59156585e-01 3.10680717e-01
 5.33129930e-01 7.00046897e-01 7.14906168e+00 6.50862694e-01
 2.45716057e+01 3.08332682e-01 1.94963856e+01 4.34945703e-01
 1.07864070e+00 1.66602468e+00 5.21920025e-01 3.89975548e+00
 1.45836854e+00 8.62717748e-01 6.50841534e-01 1.82681313e+01
 2.23439617e+01 3.97702742e+00 3.09930754e+00 5.55029035e-01
 5.78876436e-01 3.58285099e-01 3.11561737e+02 2.62131512e-01
 1.10219681e+00 2.18869409e+03 2.62906027e+00 6.46174133e-01
 1.10587823e+00 2.67719403e-02 8.21279049e+00 3.77806778e+01
 3.23303437e+00 3.00729866e+01 8.44746411e-01 3.33935022e+00
 6.97113097e-01 1.20662677e+00 1.60714855e+01 5.11535525e-01
 1.26363873e+00 2.09872961e-01 4.98504305e+00 1.47450343e-01
 2.14573182e-02 2.82860352e+02 4.02827644e+00 2.28231579e-01
 1.15338802e+00 3.42767894e-01 7.29153900e+01 3.44433689e+00
 7.24003255e-01 3.12569594e+00 5.54888248e-01 4.19105959e+00
 5.76900914e-02 2.03924075e-01 2.30876899e+00 1.35385707e-01
 4.10714722e+00 7.03933299e-01 4.19257259e+00 6.77510643e+00
 2.24747944e+00 3.38614058e+00 3.20364118e-01 7.95976996e-01
 3.58664155e-01 4.30027753e-01 9.89661753e-01 6.36204720e+00
 1.92324744e+03 1.29527496e+02 1.73106635e+00 2.53082585e+00
 6.75552464e+00 9.38864529e-01 3.81372035e-01 8.59512210e-01
 1.23571849e+00 8.02408993e-01 1.22563839e+00 4.49556112e-01
 9.94539833e+00 5.11222506e+00 6.27659559e+00 2.09936053e-01
 1.06261589e+02 7.60606289e+00 1.32035828e+00 5.78222752e-01
 1.49339139e+00 6.67511284e-01 3.80378580e+00 2.65624390e+01
 5.38517475e-01 1.29872847e+00 1.24395037e+00 2.37991363e-02
 1.13868046e+00 9.97387469e-01 8.72928977e-01 1.38193703e+01
 4.99372482e-01 6.62474811e-01 1.90202391e+00 3.03018303e+01
 3.69209595e+01 6.66858435e-01 3.14300232e+01 9.99812841e-01
 1.11584389e+00 2.22758217e+01 2.96129346e-01 5.94544172e-01
 5.80235779e-01 1.03723991e+00 5.74125111e-01 2.84022927e-01
 2.89227962e+00 8.31108928e-01 1.01534665e-01 2.07378641e-01
 1.01470232e+00 3.31055708e-02 1.60820436e+00 2.51783800e+00
 5.34170747e-01 7.00292587e-01 1.30418861e+00 4.64425087e-01
 1.54288501e-01 2.67104447e-01 1.09976411e+00 1.12972689e+00
 3.01599562e-01 6.32760715e+00 1.04572744e+01 3.91858387e+00
 2.05996490e+00 2.11448216e+00 3.01113367e-01 3.75242680e-01
 7.23277283e+00 1.88809357e+01 3.55915010e-01 7.30351334e+01
 4.83366907e-01 4.05241430e-01 7.16736555e-01 1.30102813e+00
 1.15181282e-01 2.89999962e-01 1.16771176e-01 1.36604369e+00
 3.73249283e+01 3.37632656e+00 8.25798631e-01 3.97744255e+01
 2.69835949e+00 7.23856151e-01 1.57956052e+00 1.05563927e+00
 7.85485566e-01 1.06839132e+00 1.79105377e+00 8.28787613e+00
 4.05729294e+00 7.21142828e-01 8.04383373e+00 7.30998135e+00
 3.71066999e+00 6.49284315e+00 7.08025098e-01 3.53922129e-01
 9.75104370e+02 1.40895438e+00 4.07101870e+00 3.89671266e-01
 9.44537926e+00 6.49989724e-01 8.02989542e-01 3.56919050e-01
 7.08905458e-01 1.74758449e-01 4.36688662e-01 9.94526386e-01
 1.06962085e+00 3.49653435e+01 2.71737785e+01 3.96602345e+00
 6.30611277e+00 1.47620881e+00 1.08719558e-01 2.12442160e-01
 2.60220289e+00 3.00672978e-01 8.18379045e-01 5.69360495e-01
 5.49328470e+00 1.44433212e+00 1.19983339e+00 2.23113328e-01
 5.61590624e+00 3.32848282e+01 4.45594132e-01 6.09321535e-01
 1.58497715e+01 2.50440389e-01 1.40421486e+00 6.39720612e+01
 8.59141231e-01 6.94906807e+00 6.50314093e-01 6.77734256e-01
 7.61005461e-01 2.24663372e+01 4.01530027e-01 4.28508854e+00
 8.16143608e+00 3.03364038e-01 1.00008547e+00 2.05872670e-01
 1.09000340e-01 1.73193514e-01 7.45540738e-01 6.66119039e-01
 8.59001923e+01 3.95733714e-01 4.43835640e+00 1.05521965e+01
 1.26701212e+00 1.14392033e+01 1.44990182e+00 1.61947393e+00
 5.61410725e-01 2.01812267e+00 9.63923097e-01 7.55775511e-01],41.884113,[1.03883898e+00 4.38707501e-01 1.06605422e+00 1.43886173e+00
 9.07370329e-01 2.55801749e+00 6.51926279e-01 1.68486392e+00
 1.57330346e+00 6.64779723e-01 1.22281671e+00 5.59811354e-01
 3.40391922e+00 8.21913838e-01 4.23560470e-01 7.34078765e-01
 1.52844936e-02 8.20903540e-01 6.32708073e-01 1.11910164e+00
 4.59009933e+01 8.34193528e-01 2.52108269e+01 7.68850684e-01
 8.36506486e-01 1.28125095e+00 9.27918077e-01 8.20526361e-01
 1.00093040e+01 8.00074816e-01 5.50491810e-01 1.02011948e+01
 9.58228111e+00 4.65908813e+00 9.19942856e-01 9.91779566e-01
 3.55199277e-01 6.76645696e-01 4.42943230e+01 6.08119905e-01
 1.04825652e+00 2.63114038e+03 2.94323397e+00 1.03832769e+00
 4.50806469e-01 8.40915740e-02 5.47453463e-01 4.59605408e+01
 7.26451683e+00 6.96293736e+00 9.40677941e-01 2.41736174e+00
 3.24365616e-01 1.08266115e+00 3.74383807e-01 5.85776031e-01
 3.22479665e-01 7.57019937e-01 1.34739327e+00 3.59000325e-01
 1.21594235e-01 3.04458130e+02 1.69828010e+00 7.50983119e-01
 4.05924749e+00 8.62468243e-01 1.04216026e+02 6.45592749e-01
 1.99179888e-01 9.57098424e-01 9.73487258e-01 6.92935109e-01
 2.04501033e-01 1.40860125e-01 2.33143955e-01 1.28570944e-01
 1.69782555e+00 9.18530405e-01 8.81337285e-01 1.46041322e+00
 1.83524847e+00 2.96496320e+00 8.78545940e-01 9.44587409e-01
 8.04894209e-01 9.14474189e-01 5.68263412e-01 1.11968279e+01
 1.96592432e+03 1.74594604e+02 1.93229783e+00 3.62875104e-01
 1.04331379e+01 4.94207799e-01 5.36541700e-01 9.98472452e-01
 1.63419425e-01 9.89993811e-01 1.14415959e-01 5.96216500e-01
 1.01854041e-01 4.57801533e+00 5.92987776e+00 6.34716094e-01
 1.01533981e+02 9.04551148e-01 9.83402133e-01 6.62278533e-01
 1.08279574e+00 7.95329273e-01 6.37173235e-01 3.82239723e+01
 6.98762357e-01 6.58014715e-01 1.11222744e+00 3.48475814e-01
 1.36843514e+00 9.47496176e-01 3.16058969e+00 7.25319958e+00
 9.21756744e-01 9.47078049e-01 1.09618104e+00 2.45740242e+01
 5.17541580e+01 9.99177098e-01 3.35922394e+01 1.54519331e+00
 1.05914021e+00 2.81784897e+01 5.55476427e-01 5.51508725e-01
 8.30839932e-01 5.62161028e-01 7.18345881e-01 7.89623082e-01
 7.50747585e+00 6.57344007e+00 8.20360184e-02 4.89529490e-01
 1.16820025e+00 2.09935755e-01 7.52072513e-01 7.94667363e-01
 1.69562012e-01 1.91396028e-01 7.71262228e-01 7.96276808e-01
 4.01932180e-01 5.26745021e-01 9.70754325e-01 1.40994759e+01
 1.39871731e-01 3.83245754e+00 3.83619308e+00 7.27018476e-01
 4.01134300e+00 1.10000718e+00 8.55530143e-01 8.15961123e-01
 9.50125232e-03 1.74812622e+01 2.58747250e-01 6.51717300e+01
 8.33696187e-01 4.97091085e-01 6.11478567e-01 2.05490410e-01
 5.04828334e-01 9.34004188e-02 6.81650519e-01 1.05955970e+00
 8.52681274e+01 1.44123167e-01 8.76498103e-01 2.80562477e+01
 1.24317312e+00 1.68902948e-01 1.06428826e+00 9.51097846e-01
 8.51539493e-01 7.05430698e+00 9.81380224e-01 7.73174000e+00
 5.44993496e+00 8.55602682e-01 8.67487717e+00 7.50996542e+00
 1.36586404e+00 1.96825004e+00 9.48428452e-01 6.25529289e-01
 1.16917981e+03 1.03879428e+00 3.50892305e+00 5.52300572e-01
 3.52875948e+00 7.99320042e-01 1.00243592e+00 5.82415581e-01
 1.03725541e+00 3.20404619e-01 7.65305221e-01 9.51577961e-01
 6.01122200e-01 1.50820713e+01 3.36513062e+01 3.04157883e-01
 3.49550396e-01 8.20823312e-02 1.59954309e-01 7.95995295e-01
 1.94715768e-01 5.00735343e-01 2.22788525e+00 9.01477814e-01
 1.15856516e+00 1.04442680e+00 1.66178381e+00 4.24770981e-01
 6.81248903e-02 3.54144745e+01 6.44886345e-02 6.47647619e-01
 2.35548878e+01 4.60617125e-01 7.98460960e-01 1.26789871e+02
 9.74473357e-01 5.87947905e-01 9.20022011e-01 9.08682585e-01
 9.89317417e-01 2.04499245e+01 5.25356054e-01 5.61839104e-01
 8.79839706e+00 3.72818291e-01 9.98866856e-01 5.47928452e-01
 5.52607059e-01 1.91078484e-01 6.91130757e-01 7.69487143e-01
 2.98035461e+02 6.05400443e-01 4.41915274e-01 2.55330391e-02
 7.92756200e-01 1.83949089e+01 1.34644151e+00 5.75040698e-01
 9.89786625e+00 1.30142748e+00 7.47838080e-01 1.05228710e+00],-964.3018,-1009.491,-1496.2682,1.0125649,1.1304069,0.9470264,0.92643404,1274.4259,-13756.234,22716.7,1082.8458,0.9535797,0.49746343,0.11440947,-1076.9176,1076.9176,[4.0146079e+03 2.2979839e+03 2.1284361e+02 7.3176836e+03 1.0742228e+03
 1.1308760e+02 1.5111287e+01 9.2170459e+02 5.9297046e+02 3.4368430e+03
 1.2818594e+02 5.8562666e+03 7.7063784e+03 2.3317506e+04 1.4455947e+04
 4.2646985e+02 2.8681729e+03 9.2605493e+02 8.5985791e+02 2.7763232e+03
 9.3310840e+03 1.9428719e+03 2.8357766e+04 2.5086412e+02 1.1166429e+04
 5.3646348e+03 5.0115718e+03 1.2676547e+00 1.2522507e+02 2.0058082e+04
 3.5228069e+01 1.7307808e+02 1.8648969e+04 1.5777335e+02 3.4202442e+00
 1.4258604e+03 9.1098506e+03 5.6647842e+03 5.2161198e+00 6.5990173e+02
 3.5325770e+04 3.4912727e+01 8.6671039e+02 1.4161765e+02 4.0790775e+01
 1.6947507e+02 5.8402810e+00 1.7743479e+01 2.8432812e+03 1.1083806e+02
 3.1767325e+02 6.7793781e+04 9.3620029e+03 1.7819946e+03 2.0403430e+03
 2.5816128e+03 1.0072061e+04 2.3337749e+03 1.3249930e+04 1.9929950e+03
 4.2818958e-01 2.3086340e+03 1.0439083e+02 3.2945886e+03 1.7631973e+03
 1.8997406e+04 4.3447609e+04 1.5415615e+03 5.0758209e+01 5.3524990e+03
 2.5096125e+04 3.0409750e+02 8.5850189e+02 2.4858577e+03 1.8976195e+03
 1.1336459e+03 1.7547568e+02 8.5699062e+03 2.6672150e+02 1.2701483e+02
 5.4912427e+02 2.5672799e+04 3.7525883e+04 9.9078406e+02 4.7558697e+01
 1.8483208e+01 3.9706557e+00 3.3161836e+00 8.8809990e+03 2.7947047e+00
 1.8600188e+04 1.2489668e+03 1.3827961e+01 6.0989383e+04 1.4215820e+03
 1.3408334e+04 6.6552887e+01 7.1440750e+01 1.5223683e+04 7.0641467e+02
 7.7951969e+04 1.4966401e+03 2.3100681e+03 2.7787088e+02 3.7028180e+02
 1.0533650e+01 4.9480164e+01 2.8642938e+04 1.2865662e+01 1.3129234e+01
 6.4103064e+02 1.6704590e+04 4.0761825e-01 1.8709948e+01 1.6337476e+02
 4.1081464e+02 2.1447319e+01 1.0009360e+04 6.6538477e+02 8.0956219e+04
 1.7358270e+02 1.0867315e+04 5.1960356e+03 7.8149673e+01 3.2226553e+03
 2.2856216e+02 2.4527581e+03 1.5110326e+04 1.3058796e+04 8.3750658e+00
 5.2341717e+01 1.5830203e+02 2.8029797e+02 2.0432084e+04 2.5918108e+03
 8.8538092e+02 3.0797700e+03 2.1031635e+04 1.9395403e+02 2.6471484e+03
 7.8487628e+02 5.1640957e+03 1.2198695e+04 1.1274782e+01 5.4689990e+03
 1.3580190e+02 3.4758604e+03 3.6984324e+04 3.5084759e+01 8.1253237e+03
 2.3477375e+04 3.3240105e+01 1.3795908e+03 5.1146894e+00 3.4218683e+02
 3.7916538e+03 5.7632831e+02 1.5777089e+03 1.4158194e+01 1.0513572e+03
 5.3560806e+01 1.8000408e+01 1.8030909e+01 1.1902838e+03 4.9351455e+03
 1.6468115e+02 1.5509348e+04 9.7480634e+02 8.3216381e+00 2.3728328e+04
 2.6999509e+03 4.7142847e+02 6.3040801e+03 5.3117476e+03 7.5210583e+02
 4.6830938e+03 2.0782652e+02 1.0534858e+03 3.0608934e+04 1.4867395e+01
 4.1243129e+04 1.8959863e+04 7.0613145e+03 4.4355762e+04 5.7107677e+01
 2.5856223e+03 1.0938715e+03 1.6717803e+04 1.6197241e+02 4.5101709e+02
 8.1788202e+02 8.0680252e+01 3.0589839e+03 1.0289305e+05 1.8231672e+03
 4.7884969e+04 4.7455518e+02 4.4474214e+03 2.7696861e+01 4.0523297e+04
 2.1652311e+01 1.8506665e+03 8.7171273e+04 1.4039252e+04 3.6270298e+01
 1.6883145e+04 5.5927673e+02 9.7697723e+02 1.5458900e+03 1.0248135e+04
 1.0212106e+03 8.3062989e-01 5.7054935e+01 1.6954352e+04 4.5644717e+03
 5.9731594e+04 1.6404396e+01 1.2210248e+04 3.9501807e+03 6.2672114e+03
 1.1258967e+03 6.9677000e+00 1.6355581e+04 2.0939398e+00 1.5447727e+04
 5.7239277e+03 9.6031708e+01 5.1631519e+02 5.6485764e+01 4.8254536e+03
 6.7686023e+02 1.0110222e+01 4.5761172e+03 9.1398398e+03 1.5944937e+03
 1.0174619e+02 2.0166858e+02 3.1427617e+03 7.8505371e+02 7.4608916e+03
 2.4850221e+00 1.2414791e+02 2.2329927e+03 1.2018909e+04 1.5779608e+02
 4.8073875e+01 6.2509951e+03 7.3335640e+03 3.5689883e+04 5.1419319e+01
 1.7887268e+02 4.3807114e+03 4.1502500e+03 2.2721953e+03 3.9629612e+00
 8.1232124e+03],13984.792,[7.64793335e+02 7.52010156e+03 6.46079041e+02 1.03257900e+04
 1.84902115e+02 6.65071945e+01 3.20500259e+01 1.53587720e+03
 1.52335730e+03 1.04110215e+04 1.68338953e+03 1.70481738e+03
 3.62710312e+04 4.01794023e+04 8.07425586e+03 1.52612572e+01
 3.94918823e+03 1.50702026e+03 8.20214141e+04 5.70801416e+03
 1.70453223e+04 2.00512148e+04 1.23812866e+01 1.13310461e+03
 2.29338984e+04 1.42419131e+04 6.83931055e+03 9.17643929e+00
 6.66290161e+02 1.20423477e+04 2.71506897e+02 1.55984009e+02
 1.28680684e+04 3.29370410e+03 2.56604137e+01 1.70196606e+03
 5.81117139e+03 1.31363906e+04 6.29203949e+01 9.84967957e+02
 2.20263516e+04 5.26202576e+02 1.00592126e+03 8.73974805e+03
 2.25938988e+01 7.01273804e+01 1.13628483e+01 1.40169873e+03
 3.43107300e+02 6.81623840e+02 4.01428925e+02 1.01306781e+05
 2.15205005e+03 4.06533716e+03 2.90149297e+04 4.24924316e+03
 2.41360625e+05 5.10663525e+03 1.36914980e+04 8.64992981e+02
 4.79856062e+00 1.40243054e+03 2.04706360e+02 2.34674292e+03
 2.86130234e+04 4.64931299e+03 7.91891719e+04 4.22434961e+03
 1.64253082e+02 8.55108691e+03 1.75950215e+04 7.10826562e+03
 9.84238831e+02 4.54385681e+01 1.93328381e+03 1.13425098e+03
 1.04959747e+02 4.47475293e+03 5.54190369e+02 9.72037201e+01
 7.57776499e+00 2.52220547e+04 1.51633984e+04 1.54100742e+04
 6.83374557e+01 5.99430609e+00 1.00841875e+01 1.05428190e+01
 3.30479321e+03 1.27481031e+00 6.60822168e+03 7.42379883e+02
 4.24461663e-01 3.10659180e+04 1.31106018e+03 2.25333613e+04
 8.15335938e+03 6.56805182e+00 1.06239980e+04 8.30351074e+02
 8.24398242e+03 1.50446204e+03 2.07607422e+03 9.74526520e+01
 6.48489807e+02 3.36461906e+01 3.48044658e+00 1.37298291e+04
 2.21349999e-01 1.49592161e+01 9.12712463e+02 3.87425684e+03
 6.18988419e+01 1.26499071e+01 7.63871521e+02 1.99602966e+03
 1.42216568e+02 2.10598359e+04 1.37754623e+02 1.33373203e+04
 1.45062354e+03 4.44407656e+04 8.97169617e+02 6.33289070e+01
 5.47247656e+03 5.33691895e+02 1.22943066e+04 5.08653711e+04
 1.47511436e+04 1.19216812e+00 4.54158249e+01 9.53991638e+02
 1.13720959e+03 1.94758984e+04 5.63852051e+03 6.00891309e+03
 5.47833984e+03 1.23650391e+04 3.33861328e+02 3.03236450e+03
 1.45152039e+03 1.60067607e+04 2.51827715e+04 4.50831680e+01
 6.45324121e+03 8.18860840e+02 3.82032031e+03 1.07009814e+03
 1.23048355e+02 5.82736621e+03 4.21625562e+05 5.64907789e+00
 1.19852910e+04 6.52451706e+01 6.16926147e+02 8.74451953e+03
 1.56124719e+03 1.50128754e+02 7.11644554e+00 6.44017969e+03
 2.54634546e+03 1.53769257e+02 9.23135132e+02 3.25862964e+03
 1.58366426e+04 3.31534729e+02 3.07182090e+04 3.08959198e+02
 1.35901627e+02 3.68275508e+04 8.19888672e+03 3.78825531e+02
 5.12029248e+03 3.22529004e+03 1.01471368e+03 1.49199102e+04
 4.77521143e+03 7.80375183e+02 9.42906836e+03 1.07398476e+02
 4.18944766e+04 3.06575801e+04 6.10090479e+03 5.99829922e+04
 5.42910706e+02 4.20052734e+03 8.01769287e+03 1.77590898e+04
 4.32805634e+02 1.38820129e+03 7.72709351e+02 7.75681152e+02
 1.53531133e+04 1.85332626e+02 3.56807324e+03 9.46241992e+03
 3.39072144e+03 1.57728320e+04 3.02271061e+01 4.04811836e+04
 1.52487783e+01 3.64855977e+04 3.86982715e+03 7.06115332e+03
 3.10801125e+01 7.92227148e+03 1.06930893e+02 1.13448120e+03
 1.53446838e+03 2.73602734e+04 6.03059180e+03 1.36204052e+01
 4.04561806e+01 2.45149785e+04 5.82363281e+03 1.59151699e+04
 2.29339676e+02 6.93714209e+03 8.68131226e+02 9.32632715e+03
 4.60839050e+02 4.03607559e+01 1.82152125e+05 3.45241776e+01
 1.74306250e+04 5.69148291e+03 1.61403961e+02 1.92194312e+03
 8.62918625e+01 6.88460059e+03 5.04801605e+02 8.39862061e+00
 1.43969803e+01 8.73432324e+03 1.29829895e+03 7.75193176e+02
 1.67606171e+02 3.97929468e+03 2.52210236e+02 1.67304121e+04
 1.86613297e+00 6.28794800e+02 1.75805933e+03 8.00828750e+04
 5.19375854e+02 1.04032364e+02 5.93223828e+03 3.70146533e+03
 3.93806348e+03 5.01423874e+01 2.88716309e+02 1.11019336e+04
 2.06761108e+03 2.56188574e+04 4.00185394e+00 6.53444238e+03],-978.1861,-1119.6727,-1465.9163,1.6619518,9.682827,0.19379401,0.94119966,0.017168703241348268,11880.243353366852,0.1875,0.1875,-0.16982475360282803,0.0004626370350048282,-0.16980532909242355,0.00019430526030999803,-0.7606492473420156,25.249999999996884,0.0,725000.0,-7.0,-3518.0,500.0,7.861056804656982,725000
1001.8698,0.05446278,0.07312927,0.004145664,-1001.08405,1001.08405,[6.04789376e-01 9.64858150e+00 4.56086755e-01 4.20016229e-01
 7.87018418e-01 1.38990176e+00 1.00831807e-01 1.02690148e+00
 3.70416760e-01 4.11619949e+00 2.05104470e+00 1.13830376e+00
 4.96810406e-01 6.67947912e+00 8.87361288e-01 6.65059835e-02
 2.20134902e+00 6.17515385e-01 1.13370657e-01 1.17159986e+00
 1.33793366e+00 1.21349454e+00 1.52416766e-01 1.07481949e+02
 9.06649113e-01 3.75657916e-01 1.02243520e-01 7.08606303e-01
 3.07526779e+00 2.58964300e-01 4.44975853e-01 1.26819015e-01
 9.81030464e-01 8.80132020e-02 6.71788156e-01 2.11123323e+00
 9.71801937e-01 4.84892197e+01 8.31174672e-01 1.20444798e+00
 1.12985229e+00 1.61390722e+00 2.87125111e-01 3.44032288e-01
 6.49453104e-01 1.73667359e+00 5.58700502e-01 2.44023010e-01
 7.51584053e+00 5.21220803e-01 1.32309866e+00 3.28664804e+00
 2.18765855e+00 3.54762077e-01 5.52755594e+00 3.98468947e+00
 6.38675690e-02 3.44299436e-01 1.69150329e+00 5.95701933e-01
 6.68569326e+00 1.21847361e-01 3.17465973e+00 4.18907089e+01
 9.32721615e-01 2.73467362e-01 9.86276269e-01 1.91145629e-01
 5.84004402e-01 6.39715612e-01 9.24997330e-01 9.58440602e-01
 5.30434847e+00 1.70546484e+00 1.05315208e+00 3.31817436e+00
 7.46365786e-01 1.13835764e+00 9.72590268e-01 3.10040891e-01
 3.20177994e+01 3.00138044e+00 7.27879906e+00 6.81771815e-01
 3.66975427e+00 4.29433060e+00 6.28899813e+00 2.67068416e-01
 1.53494787e+00 9.22546536e-02 5.98830948e+01 9.62173700e-01
 2.33124804e+00 1.92589498e+00 1.72057271e+00 1.93493309e+01
 4.60967809e-01 1.12105644e+00 1.20005473e-01 7.92289734e+00
 1.90267575e+00 3.16055179e-01 4.65285212e-01 4.88337487e-01
 7.82187998e-01 2.21582699e+00 6.30545437e-01 5.41263372e-02
 2.63738155e+00 1.38089418e-01 1.49250717e+02 2.13352457e-01
 2.76149541e-01 4.12597179e+00 2.01370373e-01 5.34102023e-01
 9.70126212e-01 1.65867481e+01 2.74426341e-01 9.83778000e-01
 1.00265324e+00 3.70510817e-01 8.05923492e-02 1.70031631e+00
 5.14435887e-01 5.40568292e-01 7.50370324e-02 1.26089706e+01
 5.11197269e-01 2.95764589e+00 1.21317458e+00 1.55509830e+00
 4.79261756e-01 1.50775343e-01 1.64590150e-01 1.09960866e+00
 1.65209244e+02 6.57240200e+00 2.53187799e+00 1.05379224e+00
 5.90686321e+00 3.43640335e-02 2.73839951e-01 5.39152801e-01
 1.44949102e+01 1.13839424e+00 6.96079350e+00 1.06128044e+01
 5.38716412e+00 1.49052095e+00 2.23190165e+00 1.46133912e+00
 2.42153659e-01 3.67179227e+00 5.37255764e-01 3.29440236e-01
 3.87195796e-01 2.00495415e+01 3.33788795e+01 1.00019604e-01
 8.57389569e-02 4.21646416e-01 4.93538189e+00 1.41316957e+01
 3.38674933e-01 2.08972216e+00 5.05455875e+00 8.37392867e-01
 2.06559896e+00 1.85348759e+01 4.09764433e+00 9.29206610e-01
 3.90213656e+00 5.85771836e-02 3.13519168e+00 9.00446624e-02
 3.87690991e-01 6.81773007e-01 2.41822153e-01 6.71799469e+00
 1.73651266e+00 3.48419100e-01 1.54508516e-01 1.18775539e+01
 1.72701731e-01 1.02815950e+00 8.79714394e+00 5.67190170e-01
 8.46150219e-01 1.24554729e+00 2.94783950e-01 4.89598503e+01
 1.61577833e+00 3.68820310e-01 9.41688843e+01 1.57486594e+00
 3.51565599e-01 3.84631425e-01 9.03882325e-01 1.43085933e+00
 1.32198662e-01 8.90822601e+00 1.89695823e+00 4.73957717e-01
 2.19650364e+00 1.00266516e+00 2.44549811e-01 4.07183468e-01
 7.35543442e+00 1.94506288e-01 2.08948441e+01 1.24827280e+01
 1.25610399e+01 7.85679162e-01 3.91853371e+01 3.31349432e-01
 5.21353722e-01 1.93620086e+00 1.23349142e+00 3.82401377e-01
 1.11228025e+00 5.04266061e-02 1.01734316e+00 3.38607073e-01
 8.10266495e-01 7.90633857e-01 6.22714795e-02 2.45966768e+00
 7.05304921e-01 1.01767078e-01 1.99797094e-01 3.24410415e+00
 5.91881275e-01 7.70301819e-02 5.55255592e-01 5.34868002e-01
 4.79086906e-01 8.27943921e-01 7.71084547e-01 1.91090631e+00
 2.58283401e+00 6.48640990e-01 9.52815175e-01 3.08934736e+00
 8.49849606e+00 1.04276705e+00 1.01104355e+00 1.06535482e+00
 1.29554806e+01 1.70656765e+00 9.82595921e-01 1.87332916e+00
 7.59312749e-01 4.30358429e+01 1.07176352e+00 9.79278684e-01],6.0360312,[4.59588915e-01 6.47928238e-01 1.23688072e-01 4.06714320e-01
 1.03114903e-01 6.20617151e-01 6.08767606e-02 7.12749779e-01
 4.12305631e-02 9.65828538e-01 3.49263310e-01 9.02186632e-01
 8.09366554e-02 9.90191650e+00 1.39483288e-01 7.40775838e-03
 3.61680341e+00 3.32619756e-01 5.50263263e-02 1.33148909e-01
 6.22526705e-01 4.28584397e-01 1.79947644e-01 9.44307566e-01
 1.85091829e+00 1.14320433e+00 2.59550452e-01 8.99968088e-01
 5.97127154e-03 3.28339100e-01 5.30952454e-01 4.10417467e-02
 2.30787784e-01 1.76246926e-01 2.71116383e-02 1.05593033e-01
 3.87017205e-02 5.85038567e+00 1.52206868e-01 8.71238485e-03
 5.93159981e-02 7.05003262e-01 1.51101840e+00 6.85445786e-01
 2.61112154e-01 1.68872342e-01 2.35633433e-01 3.28595042e-01
 1.92735568e-01 4.10654843e-01 8.88029575e-01 5.72962239e-02
 6.06936932e-01 3.78123403e-01 4.22857761e-01 1.01027727e+00
 1.07871041e-01 3.72094929e-01 1.44667387e+00 7.93610215e-01
 4.12670994e+00 2.44024396e-02 1.98745169e-02 5.70259552e+01
 1.56853870e-01 2.32043564e-02 1.69642889e+00 4.09960717e-01
 1.03367940e-02 1.21561304e-01 4.08281296e-01 1.94572553e-01
 2.56674719e+00 2.59566605e-01 4.21345174e-01 3.97169068e-02
 1.15357801e-01 3.74862790e-01 9.54020202e-01 2.85407782e-01
 3.53263435e+01 2.33050041e+01 1.11354942e+01 5.12156606e-01
 4.40975338e-01 3.96205485e-03 4.69110638e-01 2.63036191e-01
 1.17418885e+00 6.88007623e-02 3.83227425e+01 8.53096485e-01
 9.03335333e-01 8.04671764e-01 1.46956491e+00 3.12410057e-01
 1.62471741e-01 4.25630182e-01 7.73095638e-02 1.38117957e+00
 1.33221376e+00 3.66058588e-01 4.20250177e-01 2.38948178e+00
 1.71791613e-02 8.62512231e-01 2.36695148e-02 8.57913399e+00
 9.06894803e-02 1.20035321e-01 1.16341980e+02 3.32637638e-01
 2.39086777e-01 8.17469358e-01 1.71790302e-01 1.74430944e-02
 2.51975477e-01 1.92621536e+01 1.95628881e+00 9.04540837e-01
 1.42898977e+00 4.73957717e-01 1.01336196e-01 1.60594487e+00
 7.87021518e-02 3.38782251e-01 1.91504732e-01 1.11695900e+01
 3.60111743e-01 5.88702083e-01 3.97827119e-01 5.35578251e-01
 4.81980383e-01 1.21355772e-01 1.10263973e-02 5.00446975e-01
 1.10712448e+02 4.11265492e-02 3.77147913e-01 6.90852642e+00
 7.78537989e-02 4.23508883e-03 2.54024208e-01 1.30800977e-01
 2.74961472e+01 2.24129009e+00 2.59357631e-01 2.63362217e+00
 2.79130340e-01 3.65448117e-01 1.23140424e-01 3.16215307e-01
 2.42904514e-01 1.42257488e+00 4.62654978e-03 3.28824699e-01
 1.01153471e-01 1.33212972e+00 4.08981171e+01 3.69343832e-02
 2.24993542e-01 7.29814321e-02 1.35065413e+01 6.78073287e-01
 4.31807309e-01 1.33333611e+00 3.59535456e-01 8.61016810e-01
 1.84229851e+00 7.71461258e+01 2.25280300e-01 1.54769152e-01
 8.59248543e+00 1.24914616e-01 7.10415691e-02 1.33465171e+00
 3.01390365e-02 2.04449177e+00 2.40069151e-01 5.30282784e+00
 7.25910217e-02 8.42726082e-02 1.63483903e-01 1.22008657e+01
 2.45630598e+00 1.67926240e+00 4.99248385e-01 2.99558997e-01
 3.95968497e-01 3.07077914e-01 1.65391371e-01 4.32194290e+01
 2.13187769e-01 1.20723724e-01 4.98330765e+01 1.11642852e-02
 9.30835158e-02 3.89831126e-01 3.77128065e-01 9.49180573e-02
 1.84494257e-01 3.37125492e+00 1.88429222e-01 4.22957271e-01
 4.65222836e-01 1.28833443e-01 8.70488584e-02 2.01369561e-02
 6.57349944e-01 3.10573548e-01 8.99170494e+00 3.28929830e+00
 5.58512807e-01 2.40612388e-01 6.31556082e+00 7.20682085e-01
 4.95559037e-01 4.26357269e-01 1.18284976e+00 1.21050787e+00
 3.06201950e-02 4.09157947e-03 5.36462665e-01 1.75405219e-01
 5.98993450e-02 5.70413657e-02 1.72713138e-02 2.19365454e+00
 2.65007950e-02 5.58079779e-01 9.86227691e-02 3.56317848e-01
 1.24401227e-01 6.76025450e-02 1.03274256e-01 2.90115066e-02
 8.80768299e-01 3.11764851e-02 4.91785616e-01 1.23820734e+00
 8.67857188e-02 2.07791060e-01 1.52771139e+00 1.14521787e-01
 3.17515373e-01 3.98167431e-01 6.22097373e-01 4.66987014e-01
 1.98002493e+00 7.25285411e-01 2.01208997e+00 1.72948074e+00
 1.77477852e-01 7.89535599e+01 4.16496158e-01 1.71254873e+00],-970.4862,-1006.65955,-1498.5962,1.0123886,1.1220684,0.972849,0.926437,707.36554,-1336.2887,2702.0432,1079.874,0.83910364,0.48564562,0.113591015,-1074.1785,1074.1785,[1.9082141e+03 7.1779639e+02 2.0247661e+05 6.1496826e+01 7.7366001e+03
 1.6927681e+01 9.8225117e+03 5.8426978e+03 7.6403741e+02 9.7799101e+00
 2.1208749e+00 4.1484980e+03 5.3756873e+02 1.3023208e+03 4.2012823e+02
 4.1456484e+03 1.9734712e+02 7.2825420e+03 1.0839258e+04 1.8318784e+03
 5.4160099e+00 5.3599926e+01 5.4381320e+04 1.0295026e+03 2.7772350e+01
 3.6187991e+03 9.5076245e+02 3.7538262e+04 1.0649852e+04 2.3698911e+03
 4.3997241e+03 5.5548401e+02 1.2104557e+01 2.2473770e+02 6.3905786e+03
 6.5086871e+02 3.6244087e+03 1.6317113e+03 1.0243213e+04 5.1280410e+03
 4.4291123e+03 1.0744277e+01 2.2990219e+02 6.8403391e+04 4.1786577e+03
 5.1795635e+03 2.0708602e+04 9.6822888e+02 2.5851816e+01 1.3057072e+02
 2.4603784e+03 1.0468277e+01 1.0429309e+03 1.4625086e+04 9.6792598e+03
 1.4388635e+03 6.2463603e+00 1.6852441e+04 8.0035557e+03 1.1385919e+04
 4.4095898e+03 2.7301755e+03 2.5152596e+01 3.5311642e+02 3.0056470e+03
 2.5319951e+03 1.0412041e+03 7.1451658e-01 1.2620777e+04 8.2488867e+02
 4.3121582e+03 5.0339723e+04 1.1352720e+02 2.8903860e+02 3.9256110e+02
 8.6298145e+02 3.1788638e+02 2.2567701e+01 1.0594215e+04 1.6022968e+01
 5.7607709e+02 1.5965637e+04 2.9534456e+03 6.1813853e+03 5.5693232e+03
 5.8617590e+02 6.2594126e+03 7.3936562e+04 1.2439046e+02 3.5171917e+03
 3.6072729e+02 1.6577695e+04 8.1008853e+03 4.3121768e+03 4.7954946e+03
 2.6550615e+03 1.2601135e+04 2.6517530e+01 1.9261838e+02 1.8637947e+04
 2.3565760e+00 2.7888169e+03 3.1627887e+02 6.5306213e+02 7.9416083e+02
 2.8830130e+02 3.6957452e+02 4.4631588e+01 2.0658139e+02 3.1994824e+02
 3.9399707e+03 6.3595068e+02 1.3096768e+03 7.8344977e+02 4.0840472e+02
 1.2626618e+04 1.4892654e+03 9.0511005e+02 3.8873169e+03 1.2713460e+02
 6.9611323e+03 9.5961455e+03 2.6804831e+02 4.8310848e+01 5.5353009e+02
 1.9382048e-01 2.5422993e+03 2.3958530e+03 5.4163139e+01 3.9815051e+02
 1.5001660e+01 4.3697958e+02 9.3315134e+00 3.8508613e+03 2.3156853e+03
 2.5289360e+03 8.7737946e+02 3.2749482e+03 1.2435554e+02 7.8834150e+03
 2.9774020e+02 3.5701316e+04 1.4482451e+02 2.8578008e+03 2.0806685e+02
 6.6077618e+02 7.5930586e+00 3.6861727e+04 8.9707969e+03 2.8148703e+02
 3.3804785e+03 1.3841723e+04 6.5147363e+04 9.7183398e+03 1.3486857e+00
 1.7965112e+02 3.3897594e+01 8.4951160e+02 1.4516893e+04 5.4050007e+00
 1.0383193e+04 2.1530879e+04 2.7819145e+04 1.6860742e+03 2.9003543e+02
 2.7728789e+04 8.4832294e+02 2.5511981e+02 6.4635168e+02 3.9055869e+02
 2.5081766e+02 3.2774353e+01 7.1648164e+00 8.1681572e+03 1.6287293e+04
 1.2013333e+03 6.0674834e+03 1.5051288e+03 6.5643021e+01 1.2376833e+03
 4.0177896e+03 9.6287582e+01 7.6245502e+02 6.4752441e+03 3.8108105e+04
 5.9435022e+02 1.0609575e+03 1.3148201e+03 7.6253071e+03 3.7703406e+02
 3.6338730e+01 3.1997371e+03 5.7944004e+03 3.3457847e+03 4.9167194e+01
 1.1076471e+03 4.0954885e+03 7.0331099e+03 5.3600239e+03 2.1533033e+04
 5.7157061e+03 1.6054128e+03 3.7030688e+04 7.8042725e+01 3.1849225e+02
 1.8033689e+01 3.7169358e+03 6.5250317e+02 7.9442415e+00 1.7088513e+02
 2.9512531e+04 1.6649974e+03 9.4108076e+03 6.2044790e+03 6.8480144e+00
 1.8772288e+03 3.9977083e+03 1.7216194e+03 6.9356006e+02 4.8420557e+03
 2.9569761e+01 6.0356921e+02 1.1813010e+04 5.5637001e+01 1.6007473e+01
 1.8332881e+02 9.7498623e+03 1.9631936e+04 4.1883480e+04 1.7977252e+00
 9.1013634e+01 5.7247498e+01 6.5496483e+01 2.8991755e+03 1.4359254e+03
 1.0485775e+03 4.2797108e+00 1.0969836e+04 5.2672681e+03 2.3516684e+04
 3.1132343e+00 3.3092438e+02 1.6926703e+03 3.7725472e+00 5.3422571e+02
 2.0555884e+03 8.8722344e+03 2.1135071e+01 1.8108450e+02 2.3667679e+02
 2.0094307e+04 7.3228262e+03 5.6326836e+03 1.9655573e+00 1.1490127e+04
 1.7873739e+01],8051.229,[7.44400293e+03 2.15340747e+03 3.25848193e+03 1.71561127e+02
 5.32574316e+03 1.77111320e+01 1.07217490e+04 6.90480078e+03
 5.96262158e+03 1.68086071e+01 1.37754288e+02 4.45444336e+03
 1.33680017e+03 7.65524609e+03 2.32625146e+03 1.00560654e+04
 5.61572754e+03 1.26236445e+04 2.33925098e+03 8.96201270e+03
 1.05508776e+01 6.99890671e+01 5.82387305e+03 9.03741821e+02
 3.40717964e+01 5.69172668e+02 6.75157861e+03 1.01260166e+04
 2.09946191e+04 4.34573193e+03 7.29470752e+03 1.06888159e+03
 3.37393761e+01 7.10843047e+04 3.68227295e+02 6.69652148e+03
 3.61691797e+03 2.83473663e+02 9.30876541e+01 1.06429648e+05
 2.30729785e+03 9.27015228e+01 1.23207222e+02 8.28166504e+03
 3.22162549e+03 9.36588672e+03 1.01599701e+03 1.63416284e+03
 5.09429169e+01 6.12074356e+01 2.10016968e+03 3.50229263e+00
 1.79584595e+03 4.92873486e+03 6.79147803e+03 5.37354431e+02
 1.01869297e+01 3.07852669e+01 1.52456641e+04 1.46550166e+04
 4.24614648e+03 1.06370869e+04 1.88127308e+01 4.13115479e+03
 2.40025903e+03 8.36974609e+03 2.76169360e+03 2.73117751e-01
 1.34038193e+04 1.21327795e+03 1.79706897e+03 1.11989658e+04
 1.88579498e+02 1.42784332e+02 3.58180396e+03 4.59831619e+01
 7.11604357e+00 2.26631165e+01 5.89629004e+03 1.41636181e+01
 1.41958496e+04 1.55753357e+03 1.95799805e+03 1.24071846e+04
 1.03075840e+04 2.53818140e+03 1.74747449e+03 1.38889307e+03
 2.70339575e+03 5.48996045e+03 1.42182022e+02 7.23889954e+02
 1.70506309e+04 2.60272266e+03 2.95154468e+03 3.35042236e+03
 4.88308008e+03 1.50562458e+01 5.56349219e+03 1.02712100e+04
 2.54568806e+01 1.33758423e+03 3.99425903e+02 9.85969360e+02
 1.54659290e+03 1.35966528e+03 1.04092249e+03 5.81347900e+02
 9.38549423e+01 1.46490967e+03 3.02952100e+03 7.08688904e+02
 2.61887207e+03 1.13832617e+03 1.15288623e+03 2.14794980e+04
 5.37190576e+03 5.09743835e+02 2.36697437e+03 2.16733813e+03
 2.14829810e+03 2.11338623e+02 7.29284180e+03 1.44380603e+03
 3.12167603e+02 3.35807304e+01 2.87004028e+03 2.29625244e+03
 1.04621699e+04 6.96427002e+02 1.64655212e+02 6.11890503e+02
 2.32308273e+01 3.96078033e+02 1.44147080e+04 2.64128101e+03
 3.06043994e+03 1.89159409e+02 4.45054962e+02 4.76362744e+03
 6.10633423e+02 4.05176001e+03 2.01629959e+02 6.16583374e+02
 1.54510437e+02 1.12081677e+03 2.96465492e+00 8.05764609e+04
 9.64886816e+03 1.01619104e+03 5.52455078e+03 1.61019932e+04
 5.78675415e+02 2.08617996e+02 3.45806732e+01 5.75858582e+02
 3.35576324e+02 1.73877490e+03 3.77122021e+03 5.52275181e+00
 3.01424512e+03 5.58447075e+01 2.13404688e+04 7.87035217e+02
 2.78435852e+02 6.53877002e+03 3.48981667e+01 1.30304285e+03
 4.39855078e+03 1.75332188e+04 1.10984160e+04 2.51167801e+02
 1.68351746e+01 7.93831445e+03 1.31733301e+04 9.90662384e+01
 1.78541738e+04 3.94664966e+03 3.09431648e+01 8.92525879e+03
 3.48168125e+04 6.29968643e+01 2.26942407e+03 6.25273828e+03
 2.30876831e+02 1.18633118e+03 2.47921509e+03 1.46803931e+03
 3.04604663e+03 1.79570740e+02 1.43883960e+03 3.62980225e+03
 8.15245728e+02 4.04055420e+03 4.91956940e+02 5.59288979e+00
 1.12479504e+03 2.12965625e+03 1.10139570e+04 2.37312773e+04
 5.03644971e+03 1.53712738e+02 3.07096211e+04 8.40066986e+01
 4.89709549e+01 4.50372986e+02 9.99591211e+03 2.04378442e+03
 2.09684753e+01 5.03072266e+02 2.77097129e+04 1.52513330e+03
 7.99451562e+03 5.56402539e+03 1.00571098e+02 4.61234375e+02
 1.02400771e+04 9.80662476e+02 1.10507627e+04 4.95443213e+03
 1.47568726e+02 3.38758374e+03 8.48156543e+03 1.97796173e+02
 4.32502213e+01 3.23488281e+02 1.73472733e+02 2.94166738e+04
 2.23348457e+04 9.46488762e+00 9.42132568e+01 2.41249161e+01
 8.16716537e+01 4.08405151e+03 6.39648877e+03 9.29852930e+03
 3.69975777e+01 7.17338574e+03 2.66458405e+02 1.89234375e+04
 1.25924883e+01 6.58633240e+02 6.69868408e+03 3.50915680e+01
 1.00286145e+03 1.40960425e+03 1.58606006e+04 2.89002495e+01
 1.62224255e+03 1.10099280e+03 3.09725254e+04 2.76618994e+03
 1.15090405e+03 1.56923075e+01 1.00067676e+04 2.25296265e+03],-973.46594,-1117.8379,-1490.9044,1.4941467,6.0229473,0.09716821,0.93819255,0.016614299726486207,12295.600860595703,0.4375,0.4375,-0.19586651727548965,0.005026259844162525,-0.19654033614459818,0.0006609151338575148,-0.904589644838587,25.249999999996884,0.0,750000.0,-9.0,-4474.0,500.0,8.286363124847412,750000
1005.94574,0.046797283,0.087475196,0.004174135,-1005.0242,1005.0242,[8.90332639e-01 3.46183348e+00 2.15278059e-01 6.84951246e-02
 5.22079617e-02 3.20174068e-01 4.35097837e+00 3.37769926e-01
 4.93996590e-01 4.56557798e+00 1.75850821e+00 5.63913584e-01
 4.09348130e-01 1.55670059e+00 2.10915774e-01 3.30070090e+00
 4.76800919e-01 2.99175692e+00 8.85593987e+00 1.31791353e+00
 5.30513942e-01 1.40199229e-01 1.35293141e-01 1.01405632e+00
 6.04516029e-01 5.75712395e+00 2.12299557e+01 4.48698521e-01
 1.02825851e+01 3.06443758e-02 1.16036057e-01 2.74970084e-01
 7.96063519e+00 6.77818120e-01 1.27835584e+00 2.80558228e-01
 2.57782288e+01 5.66593885e-01 1.40834308e+00 6.25158429e-01
 1.05642967e+01 5.33038259e-01 1.59312363e+01 7.63750553e+00
 3.23929340e-01 4.85413647e+00 1.49411831e+01 1.37674153e+00
 2.59111557e+01 7.19909906e-01 3.41427386e-01 6.98159933e-01
 8.39630961e-02 4.25612984e+01 3.89966995e-01 4.05385375e-01
 3.13054204e-01 5.84785677e-02 1.27607077e-01 1.27961665e-01
 6.34069592e-02 4.62634623e-01 9.13297832e-02 1.40906125e-01
 7.76753998e+00 2.01053813e-01 1.56232685e-01 9.37298767e+02
 4.41016245e+00 5.57142735e+00 3.20972214e+01 3.53456974e-01
 8.65553665e+00 7.58776218e-02 3.45703274e-01 2.77588987e+00
 4.05124605e-01 3.06009054e+00 2.40043238e-01 2.01641217e-01
 1.81359982e+00 1.28282299e+01 1.47648871e-01 8.19749260e+00
 2.03999296e-01 4.31891251e+00 3.17817807e-01 1.23848286e+01
 4.00887489e+00 7.60414362e-01 1.03311110e+00 1.01962698e+00
 3.96323383e-01 3.18911135e-01 2.35157251e-01 2.28318572e+00
 3.14096928e+00 5.30946434e-01 1.02716899e+00 9.49596634e+01
 3.34178686e-01 4.75813180e-01 1.03091836e-01 7.43434072e-01
 6.07223368e+00 1.33724898e-01 6.86023831e-01 2.80636340e-01
 6.18860066e-01 3.29598689e+00 3.02227020e-01 4.38050367e-02
 2.49096847e+00 2.67968252e-02 5.73404503e+00 2.13195950e-01
 3.41515064e-01 4.35059261e+00 6.11567163e+00 4.98027563e-01
 3.38031828e-01 9.52588394e-03 3.86561036e-01 1.31090298e-01
 3.32423854e+00 3.75247955e-01 7.61621594e-02 3.65189385e+00
 9.61475849e+00 3.57181191e-01 1.77650476e+00 8.35762382e-01
 5.79246902e+00 7.97568262e-02 2.40666807e-01 1.56175792e-01
 4.12385523e-01 1.40545145e-01 1.29504595e+01 1.06998181e+00
 7.56044984e-02 1.47640079e-01 1.26230806e-01 1.80048019e-01
 6.05036207e-02 2.76882362e+00 1.14544213e-01 2.47897077e+00
 4.67469931e-01 4.97909307e-01 8.56629014e-02 4.71750069e+00
 2.11325675e-01 5.75025022e-01 1.03213859e+00 1.39980733e-01
 2.18052343e-01 5.98521113e-01 1.25513878e+01 1.06978193e-01
 8.58504009e+00 9.50416923e-02 3.08198166e+00 5.64089179e-01
 1.84225276e-01 1.35216355e-01 6.99315071e-01 2.92576522e-01
 6.12227287e+01 1.93107617e+00 1.27786438e+02 1.41892582e-02
 3.57952207e-01 1.99480808e+00 5.16652632e+00 2.46749954e+01
 3.30728590e-02 2.18743831e-01 1.07954890e-01 1.42880872e-01
 2.90574670e-01 6.38936609e-02 1.49758533e-02 3.51792365e-01
 2.68790016e+01 2.72753239e+00 2.96240187e+00 4.75849092e-01
 2.55147099e-01 1.58599153e-01 1.17926151e-01 1.07319283e+00
 1.20158285e-01 2.44339138e-01 3.16404194e-01 6.19902313e-01
 1.29141903e+00 3.25474811e+00 1.68897703e-01 1.23973444e-01
 2.01452523e-01 7.83556223e-01 1.74328756e+00 5.71512938e+00
 3.63577157e-02 6.05891705e-01 3.46672463e+00 4.47733909e-01
 5.72786666e-02 9.26493740e+00 2.51694679e+00 1.53087771e+00
 2.75884569e-01 4.07051831e-01 2.21042901e-01 3.87693390e+02
 3.11298609e+00 4.22003895e-01 1.11987963e-01 1.03549957e-01
 5.64986765e-01 1.84087515e+00 1.16551304e+00 2.69688845e-01
 9.37574878e-02 2.15140447e-01 1.72478533e+00 9.30316467e+01
 5.02107561e-01 2.41762087e-01 1.94402501e-01 7.73605108e-01
 1.88062131e-01 1.00717652e+00 5.38552292e-02 2.63767570e-01
 1.27578049e+02 1.27703571e+00 1.28474426e+00 1.43182068e+01
 4.74230728e+01 7.50648651e+01 3.38147283e-01 1.67542368e-01
 4.41212237e-01 2.77153790e-01 2.75066435e-01 1.80794740e+00
 1.86003184e+00 2.89651096e-01 5.16714454e-01 9.75908637e-01
 7.84290390e+01 1.85987622e-01 6.42708874e+00 4.75177318e-02],13.221383,[5.26856855e-02 4.32945061e+00 1.77840933e-01 4.58872467e-02
 3.01528007e-01 2.37394929e-01 1.56092811e+00 9.12113488e-01
 3.75163078e-01 6.51886463e-01 3.41020167e-01 1.59780845e-01
 5.67251205e-01 1.80181110e+00 1.65212512e-01 1.48574257e+00
 9.49619651e-01 7.51515031e-02 2.96230495e-01 6.34508729e-01
 2.49295354e-01 5.04673123e-02 6.00209385e-02 6.94710433e-01
 2.72076607e-01 3.23490292e-01 9.02002621e+00 3.34056705e-01
 1.46839583e+00 1.69571415e-01 4.64376248e-02 1.39465928e-01
 1.25287962e+00 8.68086815e-02 3.61520767e-01 1.64055780e-01
 3.20634613e+01 3.17145467e-01 9.98158216e-01 1.21895123e+00
 4.46254387e-02 1.09928787e-01 5.33008337e-01 4.79441738e+00
 2.41074115e-01 2.72002220e-01 1.07642527e+01 4.40118611e-01
 1.55480852e+01 5.27409077e-01 3.22006971e-01 9.57401097e-01
 2.95141250e-01 1.03342323e+01 1.74028277e-01 4.93181765e-01
 1.48358777e-01 1.74656928e-01 1.77643865e-01 1.55910134e-01
 7.10936666e-01 1.83208838e-01 4.33026031e-02 3.42232168e-01
 4.45732450e+00 1.56506300e+00 6.73741475e-02 1.20859363e+03
 9.49620664e-01 5.28816044e-01 3.83974648e+01 3.40375334e-01
 1.49093473e+00 8.69805515e-02 8.47760975e-01 1.56201458e+00
 3.88686545e-02 4.05062944e-01 1.57846048e-01 1.86089784e-01
 7.37924576e-01 4.42814255e+00 5.10542107e+00 9.20339108e+00
 2.78886706e-01 1.37979851e+01 2.90788889e-01 3.07495743e-02
 2.20505524e+00 8.53689313e-02 1.02575436e-01 3.79325747e+00
 3.58816981e-01 2.60533571e-01 4.41023737e-01 1.08371353e+00
 2.55830497e-01 1.09164298e+00 3.12447309e-01 1.68515305e+02
 1.84769183e-01 3.29584241e-01 3.77611011e-01 1.21953011e-01
 1.90559626e+00 7.79134333e-01 3.22542667e+00 2.45480254e-01
 1.33349276e+00 2.62223244e-01 4.50394481e-01 1.66145951e-01
 2.66968393e+00 1.38356701e-01 9.39260840e-01 2.78415322e-01
 2.37679690e-01 4.09201717e+00 1.70544297e-01 4.22577471e-01
 2.59819716e-01 1.36247911e-02 3.28836948e-01 1.75228387e-01
 3.86199808e+00 2.06493109e-01 7.29132965e-02 2.20874742e-01
 7.15574741e-01 2.47373253e-01 4.50218081e-01 7.05196023e-01
 5.51019795e-02 1.17476881e-01 4.62064862e-01 8.20379108e-02
 2.76618719e-01 5.75240590e-02 3.55892277e+00 1.79599702e-01
 2.68723607e-01 1.95886433e-01 2.85296023e-01 1.15831777e-01
 1.31124288e-01 2.40368992e-02 3.98522206e-02 1.31703603e+00
 7.34674275e-01 8.69582176e-01 6.28770143e-03 3.88353735e-01
 1.79561257e-01 3.54419261e-01 5.58856316e-02 1.18928909e-01
 1.31836906e-01 5.60275912e-01 7.47921982e+01 2.41846323e-01
 5.09862900e-01 1.20948032e-02 1.30002052e-02 7.79898345e-01
 5.00934869e-02 3.38653065e-02 9.91176367e-01 1.82545513e-01
 1.64189987e+01 6.85556173e-01 9.23920746e+01 7.49331266e-02
 4.10433054e-01 6.55228049e-02 9.09036636e+00 1.23633041e+01
 3.55777442e-01 4.87986147e-01 1.90434873e-01 1.54949129e-01
 2.89926589e-01 5.73131479e-02 1.99466661e-01 1.43636286e-01
 2.54166222e+01 7.04144239e-01 9.84702110e-02 3.13916951e-01
 1.65947214e-01 1.23926833e-01 5.50242811e-02 2.51872122e-01
 1.45991877e-01 1.70608789e-01 8.85011926e-02 2.74752110e-01
 1.71809882e-01 5.94484711e+00 1.33518949e-01 1.57175407e-01
 1.17760086e+00 8.15085247e-02 4.08624351e-01 3.51112515e-01
 6.29415363e-02 3.12085956e-01 9.16088104e-01 5.23980893e-02
 6.99590892e-02 6.36692333e+00 3.57464880e-01 2.98148632e-01
 1.92275465e-01 6.44297242e-01 1.15689218e-01 2.40492296e+00
 8.69110012e+00 1.67320883e+00 1.12737194e-01 8.83661658e-02
 3.02488148e-01 1.21277183e-01 1.36627698e+00 1.67556435e-01
 1.29624009e-01 1.44771564e+00 2.23576844e-01 1.34581823e+01
 1.32188708e-01 2.01820172e-02 1.41488507e-01 1.07417858e+00
 3.33473414e-01 1.95459455e-01 1.86884403e-01 1.76756620e-01
 1.20373489e+02 2.34449005e+00 3.40695456e-02 5.97341204e+00
 2.12280312e+01 1.29442505e+02 2.36459523e-01 1.46896362e-01
 2.96638161e-01 2.75688142e-01 4.67734337e-01 8.03268403e-02
 1.31494904e+00 1.22132614e-01 1.78000405e-01 3.33359271e-01
 7.71144333e+01 1.83841154e-01 1.19722099e+01 3.41168791e-03],-972.15643,-1014.8618,-1498.1882,1.0129912,1.4233863,0.8499693,0.9264249,750.306,-6959.924,8369.345,1078.9313,0.84626913,0.5450528,0.11545837,-1072.6345,1072.6345,[8.30046997e+01 1.47827110e+01 2.11481609e+01 2.40371399e+01
 3.03978252e+01 1.72690977e+04 1.26435921e+02 5.12559414e+00
 1.18939282e+03 9.62055359e+01 3.35128438e+04 1.44835215e+04
 4.01451294e+03 1.24976139e+01 6.32750859e+04 6.04561949e+00
 8.10648975e+03 4.19498962e+02 9.12453613e+02 1.05477524e+00
 1.68704777e+01 1.23976699e+04 8.14888818e+03 1.20306738e+03
 7.37436951e+02 8.92352200e+00 1.39810803e+03 5.95915985e+00
 8.72016296e+01 7.82218506e+02 1.39725586e+02 5.05282974e+00
 1.06579529e+02 3.48210132e+03 3.23491016e+04 1.10962162e+01
 2.64685889e+03 8.27591980e+02 9.69928223e+02 8.42244202e+02
 1.35317871e+03 6.02930222e+01 3.71459058e+03 7.58618115e+03
 2.53468848e+03 4.21748438e+04 4.73845361e+03 8.99849219e+03
 6.13188672e+03 1.50856018e+03 5.18760010e+02 1.31596594e+03
 2.53335999e+02 2.26424585e+03 3.25709686e+02 1.48977637e+03
 1.00557625e+02 6.59842730e+00 2.67683697e+01 1.47533844e+02
 1.46810437e+03 1.67867871e+04 2.51261450e+03 3.98458954e+02
 5.52228271e+02 3.83307397e+03 5.99462402e+03 5.31116211e+02
 1.06074114e+01 1.25365936e+02 6.86514038e+02 1.60373364e+03
 4.75356836e+03 6.44612274e+01 5.41691040e+02 5.85310059e+01
 2.97532988e+00 2.71170850e+03 4.47106006e+03 7.72292175e+01
 2.77674121e+03 9.02328033e+01 5.53079987e+01 3.78138641e+02
 7.15345654e+03 5.61595398e+02 8.85890869e+02 2.00162010e+01
 2.21417923e+01 1.03490352e+04 1.52331475e+04 3.74740332e+03
 8.45996191e+03 1.48631393e+02 3.48005798e+02 4.41542627e+03
 1.91900885e+00 1.98511865e+03 1.77561665e+01 2.51180000e+01
 2.94884453e+01 5.68168640e+02 2.46596992e+04 4.61096985e+02
 2.13229956e+03 5.40115938e+04 6.16124817e+02 8.01740918e+03
 7.94595093e+02 3.97966699e+03 4.19560742e+03 2.02642181e+02
 9.40106201e+01 1.68955212e+03 2.10045801e+04 4.28215170e+00
 3.14573456e+02 2.22696671e+02 4.87810547e+03 4.46020557e+03
 3.18560486e+02 3.77616162e+03 1.14563232e+04 5.97193018e+03
 4.31586914e+01 4.29336548e+01 2.56937324e+04 7.87371111e+00
 6.23087344e+04 2.12714883e+04 5.43461328e+03 5.16875781e+03
 9.85106079e+02 1.87174121e+03 1.36917969e+03 1.51081543e+03
 5.14917946e+00 1.94954193e+02 4.71065700e-01 1.41500024e+03
 4.31276894e+01 2.94596523e+04 4.87469177e+01 2.51489004e+04
 9.69357227e+03 4.18210889e+03 9.39220428e+01 1.33822766e+03
 6.45780762e+03 2.39601707e+01 2.81756470e+03 7.07901855e+02
 8.32276611e+01 3.74779980e+03 3.34599170e+03 9.08391113e+03
 9.47716832e-01 1.65063049e+02 2.16159201e+00 1.48051895e+04
 6.78286743e+01 1.42058398e+04 1.08499931e+02 8.11806445e+03
 3.27785614e+02 1.02717342e+01 1.31657944e+02 6.72811829e+02
 2.04197861e+02 5.36546875e+02 9.11317902e+01 4.76664609e+04
 6.92021362e+02 5.66428418e+03 1.49518298e+03 7.50046582e+03
 2.99525665e+02 2.69067090e+03 1.17450635e+04 5.75479603e+00
 1.00194759e+01 9.09782944e+01 9.05839478e+02 6.88635254e+01
 9.18011246e+01 3.17672705e+03 9.42197969e+04 1.12058459e+03
 5.56011953e+04 1.00803186e+03 5.49158440e+01 7.66466064e+01
 1.18763379e+03 6.04830039e+04 3.15234070e+02 3.38580786e+03
 2.84819604e+03 1.40055488e+04 8.07737827e+00 1.32625757e+03
 2.75545703e+03 4.71961230e+03 1.92206597e+00 3.39452881e+03
 3.36396484e+01 1.50834004e+04 4.15112686e+01 6.75428711e+03
 1.95521328e+04 2.87336060e+02 4.46033783e+01 1.76814804e+01
 1.10169946e+03 1.92525671e+03 2.37768879e+01 1.04980774e+03
 1.28581190e+01 1.32170181e+02 7.81860645e+03 1.08994278e+02
 1.15086025e+04 8.07251270e+03 7.51799854e+03 1.60775894e+02
 7.04492950e+01 4.57075882e+01 1.89314941e+03 2.52017832e+00
 6.78322559e+03 3.08443286e+03 3.17794891e+02 7.60925078e+04
 3.62181421e+03 5.47801666e+01 2.42704346e+02 3.93239517e+01
 8.33572937e+02 6.37617480e+03 2.20357227e+03 1.32635522e+03
 2.56990161e+03 6.99214783e+01 3.09722534e+02 2.76871602e+04
 3.08819122e+02 6.64420938e+00 1.97551562e+04 5.83403381e+02
 1.54760449e+03 6.43416519e+01 1.11907578e+02 3.44141260e+03
 1.02684639e+04 2.47548926e+03 8.13663483e+01 1.46410193e+03],10098.99,[6.34495117e+02 2.80052090e+01 5.64204597e+00 1.32097885e+02
 1.69829350e+01 2.47328516e+03 3.97294998e+01 8.23227615e+01
 2.54961621e+03 1.82797578e+04 2.30909570e+04 6.71204004e+03
 2.57085815e+03 1.72719841e+01 5.71594453e+04 1.94819870e+01
 3.36368799e+03 1.13285332e+04 1.99880054e+03 1.79814041e+02
 4.09583206e+01 6.77631787e+03 1.66351055e+04 4.90559204e+02
 2.49303442e+03 1.03930984e+02 1.37775439e+03 5.94028616e+00
 2.64854107e+01 2.81868103e+02 9.03512344e+01 3.96479187e+01
 1.48537003e+02 2.44666162e+03 1.38200908e+04 3.44003296e+01
 3.42803296e+03 9.21453003e+02 4.58721832e+02 1.24778027e+03
 9.76972266e+03 1.70744034e+02 5.45228369e+03 9.86971973e+03
 4.03346008e+02 6.00428008e+04 5.88143066e+03 1.47662910e+04
 1.03845791e+04 2.20538437e+02 1.20306244e+01 8.59417542e+02
 3.51621277e+02 7.75235840e+02 3.72289032e+02 8.83144592e+02
 1.50048730e+03 6.03119659e+00 1.44493752e+01 1.53428040e+02
 4.53026581e+02 8.69446719e+04 1.74360645e+04 4.63932800e+01
 7.06303833e+02 1.93766836e+04 1.50551064e+04 4.72298218e+02
 1.12898474e+01 3.90353455e+02 2.10221191e+03 3.09943188e+03
 1.30607119e+04 3.25975304e+01 1.02251416e+03 1.23846607e+01
 2.29677796e-01 2.79992847e+03 6.18241162e+03 1.38117212e+03
 2.75439514e+02 1.85897324e+02 6.09049911e+01 1.22780334e+02
 2.31961875e+04 2.82514917e+03 2.24493073e+02 1.42123222e+01
 1.19386792e+00 2.06594141e+03 3.98438086e+03 9.76726074e+03
 6.66895898e+03 2.50312317e+02 7.76134644e+02 7.86658984e+03
 5.35164452e+00 2.24780542e+03 1.18703979e+02 1.86442114e+03
 2.86831409e-01 4.58095551e+02 4.76211992e+04 2.67336090e+02
 3.00091260e+03 2.69227148e+04 2.31692432e+03 3.67771484e+03
 2.38388397e+02 2.77409741e+03 4.19077295e+03 2.36827850e+02
 7.54250732e+02 2.06823462e+03 2.34607703e+05 6.43014526e+00
 3.97859924e+02 2.86692969e+03 1.52577666e+04 2.86090112e+03
 7.51159790e+02 1.34813135e+03 7.73806543e+03 5.34296016e+04
 1.79729935e+02 2.02882080e+01 5.66639297e+04 1.49880257e+01
 4.39274570e+04 2.49308350e+02 7.35191748e+03 3.67203247e+03
 1.49767041e+03 4.11681824e+02 1.92829761e+03 3.69736060e+03
 1.20697784e+01 3.59578278e+02 1.45645118e+00 4.34570898e+03
 9.16947949e+03 9.53777246e+03 6.07651215e+01 2.64571934e+04
 9.17231543e+03 8.64230078e+03 4.79575119e+01 5.39558105e+02
 1.40644275e+03 1.17535469e+02 2.05012598e+03 1.17455185e+02
 6.86392670e+01 1.95807800e+03 1.13490076e+03 9.64689453e+03
 2.34465675e+01 1.20657971e+03 1.95261884e+00 2.90126172e+04
 2.42504997e+01 1.89428672e+04 1.04299585e+03 1.75841367e+04
 4.52036133e+03 2.24353504e+01 1.40288464e+03 3.33049194e+02
 2.66678802e+02 4.37661987e+02 3.20205917e+01 1.78813008e+04
 2.37545258e+02 5.51328418e+03 3.01778503e+02 9.91429980e+03
 9.45871811e+01 4.73704297e+03 5.25631006e+03 2.76092319e+01
 1.08911575e+02 2.57848663e+02 4.37495752e+03 1.67263046e+02
 2.15492981e+02 1.42507153e+03 8.61054219e+04 1.42092688e+03
 1.00956609e+05 6.42421777e+03 2.36078888e+02 5.38951635e+00
 4.97378479e+02 2.25388922e+05 1.41201270e+03 3.44147400e+02
 3.02294189e+03 7.03972510e+03 3.61224174e+01 2.00867651e+03
 5.06291260e+03 6.30181934e+03 5.31609497e+01 1.92376035e+04
 1.09549007e+01 4.34888649e+01 8.60780869e+01 3.08299976e+03
 1.67172910e+04 6.51229370e+02 6.95224228e+01 2.93997097e+01
 3.16524634e+03 1.39199695e+03 3.13861389e+01 1.25902539e+03
 4.78816414e+00 1.41708649e+02 2.16043789e+04 1.34902661e+03
 3.09493213e+03 1.45888809e+04 6.86214697e+03 1.18661980e+02
 7.21263981e+00 6.19841528e+00 2.02832678e+03 2.71152353e+00
 2.60655249e+03 4.06316016e+03 3.94215552e+03 8.33969531e+04
 6.89761536e+02 9.54731079e+02 2.32547699e+02 1.58139740e+02
 3.69523193e+03 5.89453662e+03 1.97811279e+02 4.56920898e+03
 6.29758496e+03 3.78742737e+02 1.14009735e+02 4.33034863e+03
 3.89122363e+03 1.99708843e+01 1.68345752e+03 2.06680740e+02
 1.90611562e+04 2.38679295e+01 2.21664162e+01 5.27048242e+03
 6.48009326e+03 6.09274023e+03 1.90817062e+02 3.03462695e+04],-974.83484,-1119.951,-1492.8982,1.606025,22.756882,0.19338161,0.93865573,0.017791719036102296,12740.393850564957,0.4375,0.4375,-0.1765231459294951,0.003327692946035699,-0.17636438913302308,0.0050943061034089444,-0.8173408542226329,25.249999999996884,0.0,775000.0,-7.0,-3740.0,500.0,12.16935920715332,775000
1006.85504,0.051005702,0.088260375,0.0028313207,-1005.92145,1005.92145,[1.93827823e-01 8.80115867e-01 5.36604226e-03 9.98185730e+00
 1.48586929e+00 2.53643751e+00 1.26504272e-01 6.49510860e-01
 1.03478320e-01 9.55365837e-01 2.74163097e-01 7.78630295e+01
 9.00594741e-02 2.24832848e-01 1.55588895e-01 6.27792656e-01
 8.90053272e-01 1.64006919e-01 4.17952442e+00 5.82435668e-01
 6.03225864e-02 7.42648020e-02 1.14438457e+01 1.54872680e+00
 1.54625326e-02 2.49211082e+01 1.76360607e-01 5.85130341e-02
 1.41677290e-01 1.66767716e-01 1.38060427e+00 6.64381504e-01
 1.97520447e+01 3.29999059e-01 3.07689875e-01 8.16814974e-02
 1.25828654e-01 1.02579385e-01 4.19695258e-01 6.90041184e-02
 3.10077518e-01 1.03447199e-01 3.50132871e+00 2.08627611e-01
 5.66132143e-02 1.00081593e-01 4.51673031e+00 8.62168598e+00
 3.17153037e-01 4.26122856e+00 7.89876580e-02 1.45429945e+00
 1.77718535e-01 8.41117650e-02 2.83671916e-02 1.95428669e-01
 4.27369028e-02 1.05408640e+01 2.60828346e-01 4.23980427e+00
 8.35143626e-01 1.06305659e-01 3.14391637e+00 5.96574731e-02
 1.91591769e-01 8.68340778e+00 4.79727983e-03 1.43861020e+00
 9.82851535e-02 6.30798769e+00 4.45445895e-01 4.88948536e+00
 8.13665676e+00 2.82985985e-01 1.47783637e-01 3.79416078e-01
 1.32464850e+00 2.52728748e+00 2.21468234e+00 3.12668085e-02
 1.01162940e-01 7.88860619e-02 4.00491506e-02 1.16723567e-01
 1.41381800e-01 4.14106995e-02 2.44368985e-01 1.96539074e-01
 3.55683029e-01 3.56932618e-02 6.45403194e+00 1.74553424e-01
 5.46594238e+00 2.81744862e+00 3.73446137e-01 7.09187090e-02
 1.65182427e-02 5.76245651e+01 1.49799824e-01 1.00282758e-01
 1.71413250e+01 5.63652182e+00 3.74825686e-01 1.01205066e-01
 3.07018638e+00 1.33244678e-01 4.36877102e-01 1.05955181e+01
 1.75799757e-01 9.70013022e-01 1.38072550e-01 1.13576698e+01
 1.38163939e-02 8.79724622e-02 1.31037444e-01 2.36104615e-02
 1.51715189e-01 2.12753117e-02 9.86631960e-02 1.05548531e-01
 5.97098470e-01 2.35300004e-01 4.45118487e-01 4.70605659e+00
 2.99409777e-02 1.16818166e+00 7.43076578e-02 1.12692520e-01
 1.38631642e-01 7.07041472e-02 1.58916533e-01 1.49756324e+00
 5.22337705e-02 7.32223243e-02 9.19074535e-01 7.54727423e-03
 1.36877030e-01 1.03078946e-01 1.14347458e-01 3.26445401e-01
 1.13487554e+00 5.81304617e-02 3.26666784e+00 2.22559142e+00
 2.53310740e-01 6.33079648e-01 7.86993504e-02 1.87191367e+00
 2.65474766e-01 5.93637861e-02 7.50009120e-02 1.76773834e+00
 7.51853138e-02 2.28331625e-01 1.88961768e+00 1.28981575e-01
 2.55411446e-01 1.80266827e-01 1.64864898e+00 2.37870550e+00
 9.38587338e-02 6.27050638e+00 9.47031677e-02 2.64435530e-01
 1.04821727e-01 2.25627632e+01 2.97302365e-01 1.47641516e+00
 5.11362888e-02 4.89002496e-01 1.50295877e+00 1.13988295e-01
 1.19235381e-01 3.31368589e+00 9.97660458e-02 1.21386695e+00
 2.08693236e-01 1.96158624e+00 1.36448398e-01 2.11630851e-01
 5.50819412e-02 1.53604344e-01 1.55572772e-01 6.39576435e-01
 2.93986130e+00 1.07196882e-01 1.41154081e-01 5.84349394e-01
 2.74703801e-01 1.11813717e+01 3.78956914e-01 2.66822457e-01
 2.72142620e+01 8.61052692e-01 1.49128467e-01 9.39914703e+00
 1.72720626e-01 3.30205336e-02 7.29998648e-02 2.01483265e-01
 1.00677177e-01 5.35763502e-01 1.05456606e-01 2.15761375e+00
 9.76730347e+00 1.13308907e-01 1.04662217e-02 6.07181931e+00
 1.05780191e+01 2.74694711e-02 8.70009661e-02 1.34952426e-01
 1.47737722e+01 2.63283923e-02 1.00533314e+01 2.06530839e-01
 2.39706159e+00 1.48126855e-02 6.97496384e-02 1.74143352e-02
 2.70331837e-02 1.10838795e+00 1.90177417e+00 4.60943699e+00
 2.36469536e+01 8.28293264e-02 3.99966359e+00 2.09928215e-01
 9.00941253e-01 1.02500319e-01 2.11891711e-01 2.08781749e-01
 2.27917314e-01 2.25144848e-01 1.80958539e-01 4.29714823e+00
 6.81579411e-02 2.16780186e+00 6.68266416e-02 1.53693736e-01
 6.03795910e+00 2.35747290e+00 1.30223691e-01 4.17582750e-01
 2.33203268e+00 2.91938245e-01 5.62871933e-01 3.14671898e+00
 2.82549933e-02 9.05712843e-02 8.25512484e-02 1.18874326e-01
 8.61919373e-02 6.01558760e-02 1.15151024e+01 1.44574318e+01],2.402905,[2.48946920e-02 1.09343970e+00 1.44736841e-03 7.72628307e+00
 2.35939212e-02 6.54351902e+00 5.26831523e-02 4.86172289e-01
 3.04630637e-01 5.16880333e-01 1.08914018e-01 1.95469208e+01
 3.41468193e-02 8.05938393e-02 1.39896944e-02 7.07693398e-03
 2.16400638e-01 5.57209738e-02 2.89053559e-01 1.46095228e+00
 4.60689664e-02 3.33743766e-02 2.73630023e+00 2.13116124e-01
 2.60909319e-01 2.20287228e+01 9.23378617e-02 6.18020371e-02
 1.10324800e-01 1.28652602e-01 4.01596069e-01 2.28622645e-01
 1.25762001e-01 2.00156659e-01 1.59141928e-01 2.36100592e-02
 2.80653574e-02 5.93305007e-02 4.58060689e-02 7.02731609e-02
 8.50882009e-02 8.65455419e-02 1.68106154e-01 1.56070530e-01
 8.29010084e-02 7.46722817e-02 1.11520195e+01 3.25877160e-01
 4.33341414e-01 6.47862482e+00 5.12636490e-02 6.57746673e-01
 5.48620299e-02 2.25798227e-02 4.12520245e-02 1.18525982e-01
 6.23797961e-02 1.18769914e-01 1.60090268e-01 1.01807192e-01
 2.17624575e-01 1.20611101e-01 1.39609373e+00 6.77953809e-02
 1.69044942e-01 6.89341402e+00 3.96320000e-02 3.81851137e-01
 1.17760181e-01 3.16837769e+01 2.85840034e-01 5.76406002e+00
 6.18905783e+00 2.76426151e-02 5.14101088e-02 7.95210004e-02
 6.20011449e-01 1.16008073e-01 1.16675481e-01 7.23177195e-03
 1.09765865e-02 6.04798533e-02 3.69854756e-02 5.16883135e-02
 8.27165544e-02 6.64936379e-02 5.95032647e-02 4.99430038e-02
 4.72306311e-02 4.51373495e-02 1.67033172e+00 9.60671604e-02
 1.95808053e-01 1.79774082e+00 2.04524100e-01 4.07686867e-02
 2.32590467e-01 1.30357704e+01 1.23863697e-01 9.07709599e-02
 1.79011383e+01 1.57896429e-03 1.69903949e-01 2.89518014e-02
 7.14267194e-02 9.74858403e-02 3.06612581e-01 3.60893154e+00
 9.28564966e-02 8.52202475e-02 1.09981135e-01 3.12503409e+00
 7.70223886e-02 4.63378020e-02 1.04560137e-01 1.12695843e-02
 6.85250580e-01 3.13330293e-02 6.13266975e-02 1.43545687e-01
 4.90519181e-02 7.59917647e-02 1.33275762e-01 4.94574577e-01
 1.03995502e-01 2.67812312e-01 3.10297310e-02 1.34436041e-02
 5.44977859e-02 1.86401665e-01 1.56601310e-01 2.25641020e-02
 5.22504225e-02 4.49587256e-02 5.51629439e-03 1.72287971e-03
 8.14387202e-02 3.21964175e-02 4.97413352e-02 1.95550658e-02
 1.97174117e-01 3.84486467e-03 3.52659559e+00 5.75618520e-02
 1.25525773e-01 4.62935269e-01 4.94414940e-02 2.00060196e-02
 5.31994738e-02 1.07964814e-01 7.84710795e-02 2.43345833e+00
 5.58891371e-02 9.87603068e-02 2.12279424e-01 7.64296502e-02
 9.23377573e-02 6.10974133e-01 2.70357895e+00 2.47944891e-02
 2.61476934e-01 5.15887514e-02 1.44453086e-02 9.99887586e-02
 3.09095919e-01 2.68477082e+00 1.09953523e-01 9.08374935e-02
 2.03544170e-01 1.98788360e-01 8.86718333e-02 7.17386678e-02
 1.06686130e-01 2.26939656e-02 5.95403090e-02 5.70389517e-02
 3.75895143e-01 1.37080342e-01 7.58175030e-02 4.41109329e-01
 8.20977092e-02 1.05493605e-01 8.10784996e-02 2.70244331e+01
 2.11091340e-03 1.02239974e-01 8.61155540e-02 9.84441042e-02
 2.07097113e-01 3.40428615e+00 3.16494435e-01 2.01176405e-01
 7.18916988e+00 1.64304197e-01 1.66820914e-01 2.57056546e+00
 1.09731212e-01 2.76833916e+01 6.18595257e-02 9.40188617e-02
 1.01873219e-01 7.95321465e-02 8.67823511e-02 2.06041411e-01
 6.66635334e-01 6.28081635e-02 1.91491246e+00 1.08570361e+00
 1.35991192e+00 3.30270082e-02 1.97017938e-02 7.98708349e-02
 1.67867546e+01 4.20780070e-02 1.89853966e-01 9.96409655e-02
 5.61988068e+00 2.47494653e-02 5.52582182e-02 4.79246415e-02
 4.31858636e-02 1.58412778e+00 4.82663959e-01 8.09170067e-01
 2.07012501e+01 2.45850116e-01 5.35848999e+00 1.70756593e-01
 1.23445642e+00 5.61054349e-02 1.06495395e-01 1.18005827e-01
 8.11669528e-02 1.07173309e-01 9.49740559e-02 2.41893053e-01
 9.26920176e-02 7.56426454e-02 6.42900467e-02 2.01406121e+00
 5.10261655e-01 2.89099589e-02 1.16591066e-01 1.04481483e+00
 4.15827364e-01 8.28679278e-02 2.02982831e+00 1.73231997e-02
 1.98042333e-01 6.76422864e-02 2.07374141e-01 5.36988564e-02
 1.38327360e-01 1.03610292e-01 2.33306080e-01 3.09037542e+00],-971.9324,-1011.4443,-1487.2903,1.0120623,1.1568623,0.9541277,0.9264028,1702.6536,-357.08722,2266.141,1083.9967,1.1014289,0.5615692,0.11381972,-1077.2795,1077.2795,[4.33758640e+00 1.87518887e+04 4.02728119e+02 4.04030542e+03
 1.90715771e+01 4.67636572e+03 1.44043091e+03 6.30955420e+03
 2.27994482e+03 2.44849951e+03 2.95747542e+00 7.01066553e+03
 1.63163872e+01 2.68773422e+01 1.36035299e+01 1.59003018e+04
 7.57859344e+01 1.27906768e+04 5.15052588e+03 2.21701660e+02
 1.95767715e+02 1.18821163e+01 2.11364632e+01 1.41149834e+04
 3.56522980e+01 2.91600391e+03 1.63467293e+01 1.74148867e+04
 3.97918867e+04 1.14292148e+04 1.55137243e+01 1.94294739e+01
 2.01171348e+04 4.46987891e+03 1.14623938e+03 6.58943939e+01
 8.05489697e+03 1.68326184e+03 1.96956692e+01 1.17433276e+03
 1.34123547e+03 1.63985875e+05 1.43666064e+04 2.90646935e+01
 5.23791687e+02 3.30510820e+04 6.95677948e+01 2.80150732e+03
 1.57562964e+03 2.10971240e+03 3.60329102e+03 1.17767197e+04
 1.32249414e+03 3.55479614e+03 7.91233215e+01 8.74051697e+02
 7.50108740e+03 2.22578278e+02 7.49642792e+01 3.91840324e+01
 5.89006104e+03 4.39026416e+03 1.18578701e+04 3.62653198e+02
 7.22873993e+01 1.77017793e+04 4.12729004e+02 1.72748193e+03
 3.01645142e+03 4.02214087e+03 3.29367867e+01 3.67028999e+01
 1.08521494e+04 8.18826377e-01 1.02122986e+03 1.40396631e+03
 2.77713550e+03 1.10820761e+01 6.33383633e+04 1.04601914e+05
 3.26704590e+02 2.21990645e+04 1.57525610e+03 5.41262646e+03
 3.24976158e+01 2.53848438e+04 6.28224976e+02 1.73803398e+04
 6.32231445e+01 6.17368088e+01 2.99885925e+02 7.52962341e+01
 9.39865000e+04 2.35661964e+01 1.31653748e+02 2.95041275e+01
 8.95757812e+03 2.90320117e+04 1.46133642e+01 1.08915198e+03
 1.02617139e+04 5.84515808e+02 8.20028229e+01 1.93449182e+03
 2.83244209e+01 5.11772369e+02 1.30653896e+01 8.20797424e+01
 1.65244873e+03 1.46275219e+05 9.17280078e+03 1.08187461e+04
 1.39577754e+04 9.05502167e+01 1.07657703e+03 9.95562439e+01
 2.71063660e+02 2.97601465e+03 5.98315926e+01 1.87872437e+02
 2.37556335e+02 2.79189348e+00 6.02166901e+01 2.10367832e+01
 5.28368225e+01 2.96190491e+01 2.88973267e+02 8.60915985e+01
 3.70057068e+01 1.00808783e+01 3.29401025e+03 2.88016327e+02
 7.61076202e+01 3.71371172e+04 1.50643145e+04 4.17174416e+01
 2.36108926e+04 5.59448433e+01 7.53925323e+01 7.13195848e+00
 2.69136328e+04 1.45778344e+05 9.56791094e+04 2.61982578e+04
 3.66814307e+03 6.27120972e+01 3.90820742e+00 2.99469025e+02
 7.95296326e+02 6.40539551e+02 2.28885400e+03 8.36357617e+03
 6.06473694e+02 2.96431279e+00 2.60967827e+01 7.31224219e+03
 4.53249878e+02 5.97379395e+02 3.30148926e+01 3.76068039e+01
 5.60472578e+04 7.24898300e+01 6.84058777e+02 2.52566795e+01
 6.95477234e+02 1.70704517e+03 4.26470410e+03 5.35619926e+00
 8.68733887e+02 4.54820117e+03 1.07117662e+01 6.20147754e+03
 9.44283962e+00 2.99374438e+03 3.43545605e+03 3.55908086e+04
 6.67098511e+02 1.84300037e+03 3.94153166e+00 1.88558884e+01
 8.56244354e+01 1.47403088e+03 2.24720642e+02 3.07895050e+02
 6.15799713e+00 7.39820898e+03 1.11487578e+04 1.20980713e+02
 2.26879370e+03 7.33309937e+02 6.84789917e+02 4.26087379e+01
 1.36238680e+01 1.11554814e+04 1.02877954e+03 2.91436798e+02
 8.63902222e+02 1.37874054e+02 2.26210498e+03 4.88307031e+04
 8.00719727e+03 2.35743945e+03 5.32555859e+03 2.56360410e+04
 7.30074585e+02 5.02906289e+04 3.34997406e+01 5.08385529e+02
 2.16872463e+01 8.25736914e+03 3.03572290e+03 3.12307202e+03
 4.24504395e+02 1.50438074e+03 8.28357178e+02 1.00074391e+05
 1.35646326e+03 1.60383945e+04 1.40933477e+04 5.85939062e+03
 3.41346719e+04 4.97085986e+03 3.15762695e+03 1.11484844e+04
 1.53533459e-01 4.63240509e+02 6.26823291e+03 3.04830536e+02
 1.35023285e+02 9.98050000e+03 2.37334030e+02 1.43455312e+04
 5.17828064e+01 6.41045068e+03 5.05557108e+00 7.34478281e+04
 4.20939941e+02 6.04912519e+00 4.12528174e+03 3.45641184e+00
 4.89899597e+01 6.58114844e+04 2.21917310e+03 7.35826660e+03
 1.88436759e+00 7.49798012e+00 1.11438562e+03 1.09015161e+03
 4.50013936e-01 4.82635925e+02 1.17301216e+01 1.08156425e+02
 1.80705410e+04 1.49667981e+03 1.76105614e+01 1.85912476e+01],11994.504,[1.14789076e+01 1.09303613e+03 1.30653308e+03 1.63377637e+04
 4.60827208e+00 4.92423779e+03 1.31226013e+03 1.22546914e+04
 4.06182617e+03 1.92828833e+03 2.53395309e+01 3.49592422e+04
 8.96140754e-01 8.24737671e+02 1.98021887e+03 1.40140430e+04
 7.90134430e+01 1.28459629e+04 2.82521777e+03 1.32508759e+02
 7.38481494e+03 4.15650940e+00 1.14344425e+01 2.30650664e+04
 2.71048767e+02 1.66183862e+03 9.06755352e+00 2.74629531e+04
 1.52667344e+04 1.28673652e+04 1.42436981e+01 1.80094946e+03
 1.30342590e+02 4.46159131e+03 1.12292185e+01 8.46907425e+01
 5.15250635e+03 1.10570789e+03 8.60762756e+02 3.66781914e+04
 8.46129333e+02 2.81676074e+04 1.78929414e+04 1.85509720e+01
 7.54296814e+02 5.44424141e+04 1.40507614e+02 1.92675208e+03
 3.22781738e+03 1.07208450e+02 4.39629059e+02 8.39336426e+03
 3.78085785e+02 8.94347992e+01 7.95565247e+02 1.59463403e+03
 6.51100342e+03 2.23252368e+03 4.57321053e+01 2.49881725e+01
 1.21609717e+04 3.28542188e+03 2.09367383e+04 2.17146948e+03
 8.36013867e+03 3.41202026e+02 8.47677148e+03 1.34374890e+03
 2.61690430e+03 5.29214990e+03 4.42281952e+02 5.60045357e+01
 1.30285820e+04 1.56559525e+01 3.95888977e+02 2.04328809e+03
 3.58660797e+02 9.44950638e+01 3.90759492e+04 5.62570374e+02
 9.19981079e+02 5.06067480e+03 4.33489570e+04 6.19399854e+03
 1.81275299e+02 9.24347461e+03 6.53584473e+03 1.21169482e+04
 4.15969287e+03 1.59909317e+02 4.63222656e+02 1.64975098e+02
 1.64157336e+03 1.52021885e+00 1.07133728e+03 1.06508112e+01
 3.59037109e+02 5.51670234e+04 3.75485158e+00 3.45506836e+03
 6.85905371e+03 1.59353479e+03 1.68169586e+02 1.90341943e+03
 1.88477386e+02 3.43540771e+02 3.03349113e+00 2.90995359e-01
 2.93436914e+03 7.94529141e+04 2.46347852e+04 4.21569092e+03
 7.38419434e+02 7.65037918e+01 2.31953931e+03 7.60390503e+02
 1.34020679e+03 7.43830127e+03 2.84222221e+01 2.34428662e+03
 1.91478531e+02 1.04026055e+00 1.09648460e+02 5.07568321e+01
 4.03697510e+01 1.68572152e+00 6.26833916e+01 4.57148071e+02
 1.52999484e+05 3.71130562e+01 1.80424927e+03 5.17464502e+03
 1.72235184e+02 9.32792656e+04 5.41117920e+02 6.44706249e-01
 2.64705786e+03 3.39036369e+01 1.09780975e+02 1.52423153e+01
 2.08455410e+04 2.23246211e+04 3.13556523e+04 2.95905762e+02
 1.46927460e+02 6.98309994e+00 6.91491508e+00 1.68737341e+03
 1.44407080e+03 2.47082959e+03 9.34087402e+03 9.79006738e+03
 2.86413269e+02 1.46954584e+01 5.83788681e+00 2.69338135e+03
 1.17243237e+03 7.08015320e+02 1.07969308e+00 2.47708545e+03
 6.65901250e+04 2.17427704e+02 7.22604553e+02 3.63225098e+02
 1.64912610e+03 5.96910156e+02 8.29113867e+03 1.30031672e+01
 1.76873645e+03 1.66246582e+03 1.04978275e+00 7.69481445e+03
 6.59410000e+00 4.98504785e+03 1.81753479e+03 3.61966797e+03
 2.69213531e+02 4.41860498e+03 2.82958317e+00 2.45273705e+01
 1.81510178e+02 1.63538977e+03 1.63515053e+01 3.22532266e+04
 1.14875615e+00 1.57684359e+05 1.26780186e+04 9.62549316e+02
 1.65753296e+03 6.73217041e+02 4.01262909e+02 1.25424004e+02
 2.19521141e+01 3.36789648e+04 3.21386810e+02 1.24210889e+03
 5.17884705e+02 2.90705795e+01 2.25176929e+03 2.09299341e+03
 7.03004199e+03 3.14804736e+03 5.45044580e+03 8.19800781e+03
 9.22526428e+02 2.56423633e+04 5.59910088e+01 6.30414001e+02
 1.27629642e+01 1.41605098e+04 6.79436914e+03 4.08615283e+03
 6.81144653e+02 1.42139954e+03 1.80938367e+03 4.57088428e+03
 7.22057471e+03 1.26676392e+03 2.72966035e+04 8.28324609e+03
 2.54170531e+05 6.39243848e+03 8.96051953e+03 8.26608203e+03
 2.21445904e+01 1.40465088e+03 7.11492920e+03 4.03838440e+02
 2.68771942e+02 8.39764893e+02 7.60739990e+03 1.59056787e+03
 5.49504242e+01 1.50651279e+04 2.94767303e+01 7.74234922e+04
 1.40304138e+02 1.24660721e+01 2.19283867e+04 6.34569454e+00
 5.93928528e+01 1.10305371e+03 3.65485132e+03 7.17717432e+03
 3.41989541e+00 3.92363815e+01 2.45636670e+03 3.14594360e+03
 9.00175095e+00 9.64583105e+03 2.66322327e+01 4.25356171e+02
 4.01558555e+04 1.21564099e+03 6.45081421e+02 2.47528248e+01],-976.1721,-1123.066,-1500.0,1.8793081,61.380493,0.3083602,0.9427828,0.01641530090332031,13150.776387929916,0.125,0.125,-0.2554724408097066,0.00016035849415315854,-0.2554322214324892,0.0007220455387081792,-1.0972318832830283,25.249999999996884,0.0,800000.0,-10.0,-5000.0,500.0,7.492001295089722,800000
998.4414,0.06558045,0.07107662,0.0022799387,-997.66504,997.66504,[9.19182897e-02 2.04144359e-01 1.05962902e-01 9.09999162e-02
 6.32274747e-02 4.63155657e-02 7.08277896e-02 7.53483474e-01
 4.58862424e-01 3.64358974e+00 7.98349619e-01 1.31612835e+01
 6.42371035e+00 5.08030987e+00 7.71741791e+01 3.92919922e+00
 2.12163150e-01 4.30389583e-01 8.27207565e-02 2.95957708e+00
 3.72689414e+00 4.72071946e-01 8.76155198e-02 1.08405128e-01
 8.44867826e-02 2.91829467e+00 3.63649702e+00 4.91314292e-01
 2.84303856e+00 9.98968780e-02 4.88209009e+00 5.14602890e+01
 3.40844178e+00 7.52695858e-01 2.37357545e+00 4.00676504e-02
 1.20339358e+00 1.05683684e-01 2.53930278e-02 7.36848116e-02
 1.56240320e+00 4.49145555e+00 8.49834234e-02 1.57563597e-01
 3.52721858e+00 3.11778992e+02 2.70357549e-01 1.04366064e-01
 1.41996670e+01 4.04616073e-02 9.47836637e-02 3.03586864e+00
 8.64054263e-02 3.60046101e+00 9.80126858e-01 8.93490136e-01
 8.68162066e-02 1.81598604e-01 4.83557172e-02 6.20726013e+00
 3.75182486e+00 1.00380346e-01 4.39899117e-01 2.34092116e-01
 6.77889526e-01 6.07244205e+00 5.89428306e-01 4.50205244e-02
 8.56743157e-02 3.88347530e+00 9.84136313e-02 1.34204015e-01
 6.27316535e-02 1.10661238e-01 1.17305398e-01 1.02341443e-01
 7.47361034e-02 1.36961395e+02 5.62497950e+00 1.96827888e+01
 7.58287907e+00 6.43351525e-02 4.44976807e-01 4.85425182e-02
 5.43974733e+00 7.47331142e-01 8.21047878e+00 1.16184011e-01
 7.61334747e-02 6.24151564e+00 6.24173403e-01 2.27909356e-01
 3.04081917e-01 1.05756187e+00 8.03071880e+00 2.71729803e+00
 6.89418018e-01 4.36991036e-01 7.35888779e-02 1.11499081e+01
 1.48529875e+00 4.15707886e-01 1.11590767e+00 5.61964989e+00
 2.36302987e-02 7.52258778e-01 1.26535511e+00 1.19338703e+00
 3.54403496e-01 1.19531393e-01 4.33063149e-01 7.76324421e-02
 7.55676329e-02 2.76157379e-01 5.36673546e-01 1.93408310e-01
 6.93049282e-02 7.77817011e-01 1.15556312e+00 5.68099171e-02
 1.55278146e-01 5.99891901e-01 4.03288193e-02 3.39524984e+00
 2.91026056e-01 2.24963948e-01 2.27546364e-01 9.95912433e-01
 5.86010575e-01 6.31209612e-01 4.05911058e-01 2.66691470e+00
 3.64811391e-01 5.73940761e-02 2.75687724e-01 3.62631822e+00
 2.36229941e-01 1.95077193e+00 1.99240541e+00 1.08531284e+00
 2.84597903e-01 9.03581321e-01 7.79395580e-01 2.37501726e-01
 1.47234750e+00 2.48176813e-01 1.62816584e+00 6.44810259e-01
 4.08817530e-02 6.70394972e-02 1.97950706e-01 7.13396817e-02
 2.74502113e-02 7.01007023e-02 8.67166519e-02 5.84456146e-01
 2.36538053e+00 7.97518939e-02 6.12636745e-01 1.00244358e-01
 3.68471861e-01 1.59182787e-01 8.06573486e+00 6.38229549e-01
 9.76957083e-02 8.66967738e-02 8.87134612e-01 9.22964811e-02
 1.51741341e-01 1.65006384e-01 6.10620320e-01 1.49432540e-01
 4.32670069e+00 2.48705029e-01 8.18784684e-02 1.22045505e+00
 2.04491407e-01 6.88439161e-02 3.15032005e-01 1.71525434e-01
 2.91925311e-01 2.45744038e+00 1.42472827e+00 2.11752663e+01
 4.23218966e-01 1.01751000e-01 1.04579702e-01 3.60151219e+00
 7.76612997e-01 4.08362567e-01 1.00320950e-01 1.85478963e-02
 9.58528638e-01 1.55902691e-02 6.25423551e-01 8.55111182e-02
 4.07718849e+00 1.36391516e+01 2.39812322e-02 1.36856687e+00
 5.43212056e-01 1.01139784e+00 6.98211133e-01 6.23156846e-01
 2.81982918e+01 1.59778023e+01 1.22257018e+00 2.03326702e+00
 2.20988917e+00 4.08634365e-01 5.33429533e-02 2.25767517e+00
 1.32181093e-01 1.75881803e+00 7.09274173e-01 3.17546844e+00
 1.84188116e+00 4.84701581e-02 1.06647775e-01 1.49935114e+00
 6.47613227e-01 1.06349587e+00 9.06522989e-01 4.06875052e-02
 1.41737545e+00 3.97738725e-01 5.45505643e-01 3.45331460e-01
 1.72050029e-01 3.94848108e-01 4.22229815e+00 4.60141636e-02
 3.46692801e-01 5.69325268e-01 6.36159927e-02 5.84151554e+00
 2.71201658e+00 1.99766904e-02 9.12933201e-02 4.90911305e-01
 7.51655102e-02 1.68093413e-01 8.30627084e-02 2.01456690e+00
 9.80736166e-02 1.19781680e-02 2.48392630e+00 6.20072372e-02
 5.73284209e-01 2.27420688e+00 9.80528951e-01 8.68439734e-01
 5.66326678e-02 1.85103834e-01 1.12826958e-01 6.54927254e-01],6.992879,[4.08686161e-01 1.95614710e-01 2.01555803e-01 1.49055868e-01
 3.56833875e-01 1.11827597e-01 9.17627364e-02 6.59316629e-02
 1.55683056e-01 7.48072714e-02 4.43239272e-01 2.01528144e+00
 5.50563931e-01 6.10997081e-01 2.29944489e+02 1.65823743e-01
 1.39545739e-01 3.33452553e-01 3.28841209e-01 4.15614247e-02
 6.56672865e-02 6.51043057e-01 2.94054635e-02 4.27366234e-02
 5.00855446e-02 1.65207326e-01 2.06670314e-01 1.65332198e-01
 3.13618220e-02 4.54242565e-02 1.39071655e+00 7.61496964e+01
 5.59899151e-01 8.79646659e-01 1.02030063e+00 4.52825613e-02
 9.22971904e-01 2.67840773e-02 6.86300397e-02 9.38248336e-02
 9.92984533e-01 4.60035419e+00 9.85195190e-02 1.50586993e-01
 6.11369848e-01 5.66621582e+02 2.14861140e-01 3.71078737e-02
 1.60325587e-01 3.59762199e-02 7.66203552e-02 2.11494952e-01
 4.22387868e-02 7.87030995e-01 9.98083591e-01 4.65681434e-01
 5.72751939e-01 1.10388786e-01 6.70381039e-02 2.96011567e-03
 2.95234919e+00 5.26782311e-02 3.09914738e-01 3.05072844e-01
 6.68905735e-01 1.22842445e+01 4.05897684e-02 6.26099259e-02
 6.48172051e-02 1.92204416e+00 5.82794882e-02 2.58400202e-01
 5.29985018e-02 1.47986203e-01 2.38836855e-01 3.68793979e-02
 1.63451806e-01 2.96051544e+02 5.91271639e-01 1.25458097e+01
 2.33025479e+00 1.00424334e-01 3.67678791e-01 6.06537797e-02
 1.61563730e+00 6.35574102e-01 6.04426670e+00 2.41160110e-01
 4.82686795e-02 2.34061666e-02 7.03646600e-01 2.96013355e-01
 1.88085914e-01 4.08025593e-01 8.34499836e+00 9.57072377e-01
 6.93482995e-01 6.35279417e-02 6.43560588e-02 1.15933914e+01
 3.92995067e-02 3.19602698e-01 7.47384727e-02 5.02844572e+00
 1.26465000e-02 4.65838373e-01 5.13133049e-01 1.05096593e-01
 5.49751103e-01 4.64165151e-01 3.94620091e-01 8.28712881e-02
 8.06095958e-01 5.22905886e-01 5.43929577e-01 1.98864922e-01
 1.85246244e-02 6.37924552e-01 9.29791331e-02 9.92281735e-02
 5.79899922e-02 1.28893793e+00 3.49488892e-02 2.32043564e-02
 4.09235120e-01 2.79312551e-01 2.33740941e-01 9.97020304e-02
 2.35307664e-01 9.78342354e-01 3.93142670e-01 2.50292087e+00
 2.48659745e-01 5.08887507e-02 2.35701978e-01 5.07664680e-01
 6.59896612e-01 4.12253261e-01 4.85765636e-01 1.13962829e-01
 4.31624025e-01 1.08458853e+00 7.46664584e-01 1.24134377e-01
 1.56495214e-01 4.60415751e-01 2.22016573e+00 1.38501716e+00
 6.15743697e-02 6.06323369e-02 4.74465013e-01 7.46163189e-01
 2.36981548e-02 6.75525218e-02 6.67913318e-01 7.26153105e-02
 1.72646475e+00 9.07633901e-02 4.17631245e+00 7.39046037e-02
 2.02925950e-01 1.24677718e-01 3.95060182e-01 2.25676447e-01
 3.59766074e-02 3.68542746e-02 4.00529832e-01 7.16538250e-01
 1.25796497e-01 2.16227770e-01 4.79323357e-01 2.52743125e-01
 1.79140687e+00 2.85628676e-01 5.88999167e-02 6.29492253e-02
 2.29854748e-01 6.65033311e-02 3.06322455e-01 3.73866037e-03
 1.98614687e-01 4.25232388e-02 3.13269877e+00 4.04918251e+01
 2.29021966e-01 8.01203251e-02 9.04319137e-02 2.46301979e-01
 3.04933250e-01 2.46959433e-01 1.70706153e-01 7.68012226e-01
 9.76160914e-02 6.91212714e-02 1.42059281e-01 7.09137768e-02
 1.07096076e+00 1.86492312e+00 3.90334800e-03 1.34813547e+00
 4.09792095e-01 2.51109660e-01 5.29722452e-01 7.27455258e-01
 1.28741045e+01 3.23741798e+01 5.66220582e-01 2.75553197e-01
 2.08949357e-01 2.72199780e-01 3.25764157e-02 4.15458918e-01
 2.57680207e-01 3.59693623e+00 1.10308900e-01 1.42172277e+00
 1.45257032e+00 5.00048883e-02 9.42021608e-02 1.22835958e+00
 6.72415972e-01 3.12220395e-01 3.72115731e-01 2.06363276e-02
 1.44557011e+00 4.33477283e-01 9.88002792e-02 5.96926451e-01
 3.53007644e-01 2.37819999e-01 6.02100641e-02 2.75856294e-02
 3.04747701e-01 2.73179859e-01 1.11749858e-01 5.33115387e+00
 8.21733177e-02 1.32790543e-02 1.01623595e-01 5.87132052e-02
 7.61944950e-02 1.39020681e-01 1.08095586e-01 2.04293489e+00
 2.27256492e-03 3.85421105e-02 8.59796619e+00 6.94054365e-02
 2.29979157e-01 9.86602604e-02 2.92104661e-01 4.99751210e-01
 3.56195644e-02 3.97233039e-01 2.19364204e-02 1.31012455e-01],-971.55664,-1003.1047,-1379.4359,1.0105147,1.1040907,0.9740665,0.92630655,7769.962,-436.8496,9862.452,1071.4274,0.9175684,0.46719065,0.11146007,-1065.8379,1065.8379,[1.04082613e+01 8.15589333e+00 5.29406118e+00 1.98908203e+05
 2.52112579e+01 1.85659021e+03 6.58295822e+00 3.57937408e+02
 4.69494102e+04 3.60765625e+03 1.95685474e+03 5.30719678e+03
 7.45745039e+00 2.72577856e+03 1.54246387e+04 6.18521191e+03
 1.81291174e+03 5.10722998e+03 6.02132702e+00 2.19937324e+04
 7.28151611e+03 1.86063213e+01 5.79424951e+03 1.55495166e+03
 1.50784209e-01 5.15717529e+02 7.84840576e+02 1.11797156e+03
 7.55195129e+02 8.36322571e+02 1.11854500e+02 1.71511326e+01
 4.04429047e+02 2.82395966e+02 2.09310000e+04 1.80820776e+03
 1.80750641e+02 2.61883667e+03 2.83793789e+04 6.76573669e+02
 1.27270645e+02 5.43484473e+03 3.39108765e+03 1.44212842e+03
 3.78854102e+03 1.94975719e+01 1.63948517e+01 1.85090008e+01
 3.89233301e+03 6.46799561e+02 2.92027130e+02 8.26062012e+02
 6.40108032e+02 6.06941328e+04 9.92782879e+00 1.52577881e+04
 5.28421953e+04 1.49260607e+01 4.35728945e+04 7.43223682e+03
 1.26984277e+03 1.24668823e+02 1.58374596e+00 3.49536289e+04
 1.52693825e+01 1.51406726e+03 4.08371124e+01 1.06056641e+04
 4.94560623e+01 3.24939771e+03 6.85023672e+04 6.97431934e+03
 2.31343867e+04 1.91059196e+00 1.28456074e+04 1.51989062e+05
 3.36473770e+01 1.81590308e+03 2.73857269e+02 5.36373663e+00
 1.75023975e+01 1.79420197e+02 8.63137402e+03 5.07494238e+03
 1.08297266e+03 3.83264331e+03 8.83701599e+02 6.22150497e+01
 4.14168358e+00 2.83716309e+02 2.19566992e+03 1.74333923e+02
 3.89884985e+03 2.21371240e+03 2.34153625e+02 1.22509689e+01
 1.64626770e+02 4.10027832e+02 8.73693262e+03 4.82766867e+00
 1.08387423e+01 1.47811914e+03 1.96492569e+02 3.31430016e+01
 1.03625381e+02 3.88033676e+01 8.29258118e+01 7.78944702e+01
 1.20854297e+03 7.91794189e+02 1.17920704e+01 1.58109387e+03
 9.42685242e+02 6.80750122e+02 4.58843311e+03 7.55738965e+03
 2.78437653e+02 1.06856026e+02 5.83573242e+03 1.62668140e+03
 4.27505608e+01 1.16382949e+04 1.38999195e+01 9.41828711e+03
 1.93650017e+01 2.57228363e+02 1.71351669e+02 5.97944238e+03
 7.55365658e+00 3.01033936e+02 4.39276237e+01 3.06849217e+00
 2.13742325e+02 3.33685718e+03 1.95699860e+02 1.59979727e+04
 2.83406234e+00 1.38591992e+03 6.27966736e+02 2.94067407e+03
 1.08136108e+02 2.57978210e+02 8.05742188e+02 1.36447412e+03
 1.29869043e+04 1.47703613e+03 1.03693252e+04 2.02548325e+02
 3.63730848e-01 3.35790649e+02 2.71279419e+03 5.92884216e+02
 8.34094238e+00 2.70348267e+02 1.02854895e+03 7.36668213e+02
 4.65687943e+01 1.34952278e+01 4.84535938e+03 1.15783066e+02
 5.96862183e+02 6.68856445e+02 3.70669258e+04 2.66577759e+03
 4.94489688e+04 1.46983017e+02 6.14031860e+02 8.67075562e+02
 5.07144775e+03 6.93992031e+04 8.94187737e+00 1.64916855e+04
 8.88862991e+01 9.13617188e+02 2.53679248e+03 1.82811758e+04
 1.09183081e+03 1.16289707e+04 1.45119720e+02 2.17639160e+04
 1.15479672e+05 1.72430811e+03 2.22947426e+01 2.13500810e+00
 2.11638403e+03 2.05123253e+01 8.21335449e+03 1.13059143e+02
 4.82755430e+04 4.07480737e+03 1.81604968e+03 1.68210388e+03
 9.18791138e+02 4.96838711e+04 1.24973669e+03 1.66009502e+01
 9.95508667e+02 2.08930759e+01 1.07266760e+00 7.02707666e+03
 6.07514832e+02 1.17138168e+02 2.45110989e+01 1.02382227e+04
 2.85439600e+03 1.52788353e+01 2.89501862e+02 1.41029480e+03
 5.00921326e+02 2.12275891e+05 5.61731934e+03 1.71854305e+01
 4.02887158e+03 1.11236258e+05 1.14048828e+04 1.22314050e+03
 1.31612844e+01 5.28918848e+03 2.49535980e+02 2.92513330e+03
 3.65183983e+01 1.28827698e+02 7.80130420e+03 9.80156406e+04
 3.94292578e+03 2.01820129e+02 2.20772491e+02 4.67570078e+04
 2.36873379e+04 7.09323883e+01 2.06680851e+01 1.47651013e+03
 4.28835297e+02 2.45772617e+04 9.10866699e+02 2.37000366e+02
 2.20913696e+00 1.17891724e+03 1.41811292e+03 8.90056152e+03
 1.76970840e+04 1.00601120e+02 3.71344795e+01 2.15242500e+01
 6.46305371e+03 9.74703711e+03 4.55436516e+00 2.81785339e+02
 2.50492773e+03 1.45161152e+01 2.24078711e+03 6.02139759e+00
 1.46058362e+03 8.87119336e+03 6.21722473e+02 4.44720625e+04],12286.271,[9.24739868e+02 1.07415113e+01 1.59143341e+00 3.07830125e+05
 4.82996511e+00 2.39641724e+03 1.20994682e+01 1.00124817e+02
 3.57769844e+04 4.46725244e+03 1.00078333e+03 8.19869727e+03
 7.11432373e+03 3.33401831e+03 3.03150098e+04 1.12924590e+04
 9.89789062e+02 1.36938740e+04 2.23599482e+00 4.34518359e+03
 1.82276289e+04 1.63350596e+04 1.19945088e+04 2.10614648e+03
 3.88565016e+00 6.54396179e+02 1.63081665e+03 2.76793042e+03
 8.36398340e+03 1.07503198e+03 8.84152031e+00 1.69533691e+03
 3.11278473e+02 9.03955505e+02 2.94318457e+04 1.45925625e+04
 5.82188660e+02 2.33181592e+03 1.04204658e+04 2.54885864e+03
 2.60314375e+04 6.90955688e+02 2.94423218e+03 2.81970850e+03
 5.82268750e+04 1.18697824e+01 5.85024405e+00 5.24167023e+01
 8.47391016e+03 5.60201477e+02 7.03303162e+02 2.39867627e+03
 2.26822900e+03 9.69083099e+01 1.22675591e+01 8.10369434e+03
 8.75841094e+04 9.31593132e+00 4.92064514e+01 1.51732314e+04
 1.49222278e+03 1.64867233e+02 1.01971865e+00 4.65256562e+04
 1.23360901e+01 4.53309143e+02 3.77143359e+00 2.49935039e+04
 1.44792114e+03 2.16446230e+04 8.95832734e+04 5.98098486e+03
 6.41373555e+04 5.29419041e+00 1.00694125e+05 4.59634521e+03
 4.70515327e+01 6.15105515e+01 1.96158887e+03 2.53661966e+00
 1.73977890e+01 3.69370020e+03 9.41391250e+04 1.25502637e+04
 2.33209058e+03 1.75476016e+04 2.67501282e+02 1.90327091e+01
 4.49660969e+00 4.92636597e+02 1.21500719e+05 2.90944550e+02
 2.83209180e+03 1.30657196e+02 1.84130469e+03 4.65651941e+00
 1.29032593e+02 6.60073669e+02 2.76736133e+03 4.28036575e+01
 9.78797436e+00 2.92133618e+03 1.54471237e+02 1.86508541e+01
 6.86051172e+03 4.11810732e+00 8.70422058e+02 3.78731384e+01
 4.37799652e+02 3.09121948e+02 1.46047440e+01 7.99922949e+03
 6.23124146e+02 3.56568237e+03 4.69656641e+03 2.17101562e+03
 3.95799744e+02 1.40598465e+02 3.72743555e+03 1.62540195e+04
 9.18111572e+01 8.15160034e+02 3.70382357e+00 2.45113330e+03
 1.02270508e+01 1.22697182e+02 7.62923401e+02 8.31789160e+03
 9.41616898e+01 1.19395154e+03 6.28299438e+02 6.95083380e+00
 2.76834253e+03 6.54021667e+02 1.20411510e+01 4.99652930e+03
 4.75320312e+02 3.58560327e+03 1.64209937e+03 7.92121601e+00
 3.15866150e+02 3.57724304e+02 9.75073486e+02 1.51694629e+03
 1.09792002e+04 2.88147729e+03 6.24630225e+03 4.40982483e+02
 8.11643066e+01 6.20367676e+02 1.06978113e+03 3.99939209e+02
 1.08452185e+03 1.41312354e+03 3.26776611e+03 6.19439819e+02
 2.29629059e+02 2.43323746e+01 1.34119609e+04 1.23933342e+02
 1.71945093e+03 5.52134277e+02 4.15319702e+02 7.98521338e+03
 2.14984668e+04 2.58036163e+02 2.48204956e+03 9.19301575e+02
 6.68668018e+03 4.94993324e+01 5.88393450e+00 9.02649078e+01
 1.13674011e+02 1.11239868e+03 1.01526019e+03 4.12354648e+04
 1.29234912e+03 1.26668711e+04 2.23284760e+02 3.17305511e+02
 5.63928418e+03 7.07493994e+03 1.82339615e+02 9.18399620e+00
 3.48263257e+03 4.16177063e+02 6.54212280e+02 6.24802917e+02
 3.50458672e+04 8.60648438e+03 8.20662415e+02 2.37609961e+03
 3.70532104e+03 5.90274292e+02 3.49015625e+02 1.23248734e+02
 5.92069287e+03 2.67053027e+03 5.07809019e+00 1.44265215e+04
 5.76218262e+03 1.63940308e+03 1.77408066e+02 5.12823291e+03
 3.14016260e+03 7.51043320e+01 1.13724182e+03 2.99067773e+03
 5.87885254e+02 1.00723560e+03 2.97631504e+04 6.86295128e+00
 7.12770691e+02 6.63318799e+03 9.39343750e+03 1.24300073e+03
 1.59733677e+01 1.50265068e+04 3.24261963e+02 7.58800586e+03
 7.65848389e+01 5.71723145e+02 1.38180000e+04 1.36441132e+02
 3.72014404e+03 1.03437646e+03 3.06366634e+01 2.25650586e+04
 7.87373718e+02 1.02004712e+03 1.80999699e+01 1.42762900e+04
 1.85109848e+02 1.15742422e+04 1.58786060e+03 2.58549988e+02
 3.86546288e+01 2.01824062e+05 1.47927148e+04 5.02968848e+03
 3.31767700e+03 6.43263855e+02 1.23958447e+03 1.16049583e+02
 8.83034277e+03 3.23708066e+04 1.21176863e+00 4.75228462e+01
 4.82825586e+03 5.29013062e+01 5.50293457e+03 1.37781296e+01
 2.49592505e+03 2.12953125e+04 1.00921082e+03 3.14012549e+03],-972.89935,-1108.3716,-1500.0,1.804816,41.93294,0.2741921,0.9384494,0.017244607362747192,13581.891586065292,0.125,0.125,-0.07807242334146647,-4.086394694804149e-05,-0.07807890148419162,-8.320360679673986e-05,-0.331373659459891,25.249999999996884,0.0,825000.0,-10.0,-5000.0,500.0,9.248832941055298,825000
1001.2114,0.03862838,0.081059754,0.0021719888,-1000.3622,1000.3622,[1.95338881e+00 7.28005362e+00 6.68230653e-01 2.19750929e+00
 4.70351124e+00 5.53255081e+00 1.72952652e+00 6.69299662e-02
 8.52947533e-01 7.45783758e+00 3.57791968e-02 7.78573155e-01
 2.04198658e-02 4.86500978e-01 2.62993145e+00 1.30833483e+00
 6.74435794e-02 8.92928839e-01 4.53229547e-02 2.02728987e+00
 3.65147066e+00 2.74599865e-02 3.84250224e-01 2.69692242e-01
 3.63523141e-03 6.74738139e-02 1.03731155e-01 5.32748938e+00
 9.42183286e-03 3.08546710e+00 6.38143778e-01 1.51126671e+00
 9.28147495e-01 7.78551102e+00 4.67833318e-02 9.63546574e-01
 8.16511214e-02 2.79321969e-01 2.05599451e+00 5.61387444e+00
 1.61548421e-01 9.07367766e-01 1.09799206e-02 1.39018500e+00
 1.22155398e-01 6.34722042e+00 4.83071245e-02 8.18312228e-01
 5.48958518e-02 1.04824767e-01 7.16693580e-01 2.98277028e-02
 1.31036243e+01 2.07311249e+00 2.87855044e-02 1.33596716e+01
 5.31996250e+00 1.28220692e-01 1.17396212e+00 1.53428882e-01
 1.45683028e-02 1.51179075e+00 7.78561309e-02 5.52679956e-01
 4.26181793e-01 4.59596252e+00 2.97546357e-01 1.13971055e-01
 1.68500289e-01 5.12452424e-02 3.34887579e-02 1.40035927e-01
 4.44815941e-02 1.58403516e-02 3.34160495e+00 5.02311766e-01
 4.02788758e-01 6.30008653e-02 4.32411790e-01 1.38544679e-01
 5.33228815e-01 9.22038704e-02 1.47035730e+00 1.97637033e+00
 3.32825923e+00 1.44769624e-02 2.11955905e+00 1.93339825e+01
 4.60482016e-02 1.60531715e-01 1.84271485e-03 3.91972518e+00
 1.19178183e-02 7.52923965e-01 5.89773536e-01 3.67411286e-01
 4.56545472e-01 2.28595749e-01 3.03927088e+00 3.25849581e+00
 9.46838409e-03 1.27115443e-01 2.30055451e-02 1.02695718e-01
 1.13082170e+00 8.40583563e-01 2.34347200e+00 1.55394554e-01
 1.92537844e-01 3.37286651e-01 2.54159182e-01 5.18815294e-02
 4.70854878e-01 1.00233644e-01 1.12215772e-01 1.36839584e-01
 1.69381213e+00 7.02770329e+00 4.58219337e+00 8.07629108e-01
 2.52070570e+00 7.56654382e-01 2.37734032e+00 2.10611963e+00
 6.78285751e+01 8.11090088e+00 2.71215725e+00 3.50647606e-02
 2.25055039e-01 8.75132754e-02 1.71871856e-02 2.27564859e+00
 1.18293262e+00 1.94922924e-01 6.35533035e-02 2.01489516e-02
 2.18851164e-01 3.87891471e-01 6.54673278e-02 1.63095027e-01
 2.60491848e+00 1.98513806e-01 7.99507082e-01 2.14891620e-02
 1.80291474e-01 2.71697736e+00 5.52520901e-03 7.83247501e-02
 1.95443106e+00 1.30416942e+00 3.72678965e-01 5.17867184e+00
 7.97524825e-02 3.26633811e-01 1.02093369e-01 4.50971723e-02
 3.20724487e-01 6.01749495e-03 6.76756287e+01 1.05771199e-01
 1.23672828e-01 3.95316124e+00 2.04532921e-01 1.39982849e-02
 1.72862560e-01 8.87541771e+00 2.54721522e+00 3.54262018e+00
 4.44787645e+00 1.91150039e-01 1.09010611e+01 1.15889102e-01
 1.26576900e+00 6.26346171e-02 2.54401326e-01 4.68428314e-01
 2.48177797e-02 4.16736488e+01 1.55942380e-01 8.05489600e-01
 8.34010303e-01 1.48680821e-01 4.32431641e+01 2.75634564e-02
 2.57172680e+00 5.74336648e-02 6.32042050e-01 2.17115730e-01
 4.69426550e-02 1.06812496e+01 3.71000350e-01 4.86078691e+00
 1.04689479e-01 3.67299771e+00 3.85934412e-02 1.44398937e+01
 2.37947488e+00 2.97684222e-02 1.72354817e-01 1.25892431e-01
 2.58518147e+00 1.03467330e-01 1.58825256e-02 9.99667168e-01
 2.24576011e-01 4.16510010e+00 4.84670448e+00 4.53104401e+00
 2.07835227e-01 2.28301063e-03 1.72655463e+00 3.12162228e-02
 2.52285928e-01 1.72847345e-01 3.30902557e+01 1.00979817e+00
 5.55659413e-01 1.31141007e-01 2.56687403e-01 7.21281245e-02
 6.42559081e-02 5.10071373e+00 7.43599653e-01 1.77775841e+01
 7.29285955e-01 2.93058515e+00 9.22028303e-01 1.63525784e+00
 1.26587898e-02 1.34909844e+00 6.22190535e-02 1.15545526e-01
 1.52364224e-01 9.53890681e-02 8.07784051e-02 2.83695745e+00
 1.08433843e+00 9.05026942e-02 1.61018968e-02 6.95297271e-02
 3.39447832e+00 1.11873329e-01 3.72588485e-01 4.19427967e+00
 3.14292967e-01 2.64421344e-01 1.40066576e+00 3.24153566e+00
 8.53021741e-01 5.62690258e-01 8.48363113e+00 5.90174961e+00
 2.21058428e-01 2.91128494e-02 7.44018704e-02 1.56434593e+01],2.8934307,[1.36765301e-01 3.72708775e-02 1.51164934e-01 1.21239141e-01
 1.16197839e-01 5.41886687e-01 2.15808225e+00 1.86044022e-01
 2.38626197e-01 2.17847347e+00 8.09986889e-02 9.63533074e-02
 5.70978224e-03 5.09590983e-01 1.85036808e-01 2.64878690e-01
 2.56124511e-03 1.79390872e+00 2.29898579e-02 1.13952905e-03
 5.69158792e-01 3.33707668e-02 2.29791552e-01 1.41290650e-01
 1.37187429e-02 1.80120021e-01 4.80807163e-02 6.45097911e-01
 4.65430357e-02 1.23080750e+01 1.25152618e-01 6.48068666e-01
 9.04395962e+00 1.69842243e-01 9.53010470e-03 1.20692164e-01
 2.00276673e-02 7.61710256e-02 1.97101092e+00 4.26027060e-01
 4.21722904e-02 1.20526671e+00 6.82190061e-02 1.74887276e+00
 4.70284261e-02 3.28234136e-01 2.19755918e-02 9.48897302e-02
 5.18337823e-02 2.66339369e-02 3.90769616e-02 6.13692403e-03
 2.06612635e+00 3.78762150e+00 7.08200932e-02 1.31534123e+00
 2.33520895e-01 3.96977141e-02 2.04033628e-02 8.50354433e-02
 1.38765946e-02 3.75583124e+00 3.52529027e-02 3.79280448e-01
 7.12601840e-02 7.04935864e-02 6.84549809e-02 5.57230599e-02
 6.48982227e-02 8.15283209e-02 1.64809413e-02 4.10725027e-02
 2.27303542e-02 3.89424898e-02 4.75168556e-01 3.58838588e-02
 3.58490556e-01 3.96564603e-03 3.34905267e-01 4.61997427e-02
 9.18732584e-02 4.12260965e-02 1.15642287e-02 4.70834446e+00
 3.55482697e-01 1.15988590e-02 3.26257515e+00 2.15830564e+00
 4.10717912e-02 5.73499277e-02 3.61979045e-02 3.63305330e-01
 1.23317838e-02 1.15372568e-01 2.36762136e-01 2.28420272e-03
 2.21636370e-01 3.48453075e-01 1.33931398e-01 1.83758467e-01
 8.56537372e-03 3.84528115e-02 4.22166660e-02 6.09288886e-02
 4.41072822e-01 1.84657335e-01 4.24275577e-01 5.44004858e-01
 3.10622193e-02 1.24757439e-01 3.11787099e-01 6.02452941e-02
 2.73895413e-01 5.37674911e-02 1.00007817e-01 2.96969891e-01
 9.40633565e-02 8.24773884e+00 7.55916908e-03 3.50615531e-01
 1.47136414e+00 3.16496402e-01 4.29118052e-03 5.14544547e-03
 6.79873505e+01 2.08533138e-01 5.63334703e-01 8.79991800e-03
 7.19550669e-01 4.75412086e-02 1.05537809e-02 3.23138148e-01
 2.56858802e+00 5.51769882e-02 7.28091747e-02 1.53394341e-02
 5.40393069e-02 1.75356157e-02 4.43771072e-02 5.18464781e-02
 2.37999606e+00 4.77034599e-02 1.01924813e+00 4.01897803e-02
 9.23758447e-02 6.31264508e-01 3.86776961e-02 6.10579737e-02
 3.62553328e-01 5.08378983e+01 3.71687949e-01 2.41834193e-01
 1.59976967e-02 2.15729743e-01 5.91564551e-02 3.69245447e-02
 1.19219929e-01 1.90819539e-02 4.68658829e+01 3.45531143e-02
 1.00979745e-01 1.27423382e+00 7.82349855e-02 9.95741636e-02
 4.91175838e-02 1.29182644e+01 5.66590577e-04 8.09999287e-01
 7.82291442e-02 2.14794278e-02 4.87629212e-02 6.10285103e-02
 6.88499957e-02 1.22981668e-01 4.20385785e-02 9.45714116e-02
 2.15385258e-02 2.33960609e+01 4.52218354e-02 2.98549607e-03
 2.73669124e-01 3.36060300e-02 6.27764816e+01 1.28979422e-02
 9.91612792e-01 4.08774018e-02 2.11536556e-01 3.21998335e-02
 5.12207225e-02 3.96960735e-01 5.26679046e-02 4.63119775e-01
 2.70748027e-02 5.29313207e-01 4.53553319e-01 7.37278223e-01
 2.80532420e-01 5.28583303e-02 1.70324333e-02 4.93679196e-02
 2.94647932e+00 3.51297200e-01 2.06396133e-02 5.49014688e-01
 6.74846917e-02 5.25531244e+00 5.44950902e-01 1.29196727e+00
 4.13107164e-02 3.35498825e-02 5.76163888e-01 2.08476186e-02
 5.58968931e-02 1.01183847e-01 4.89051132e+01 4.37577337e-01
 8.45353156e-02 5.05836643e-02 5.85580245e-02 7.60769844e-02
 3.20668519e-02 6.84032217e-02 1.69669867e-01 5.04627562e+00
 1.03591979e-01 4.04679507e-01 4.59436253e-02 1.16291571e+00
 8.90261680e-03 1.73889428e-01 7.93835938e-01 3.85646410e-02
 3.49284448e-02 6.48675337e-02 1.53179467e-02 6.85166270e-02
 6.17889643e-01 2.79983319e-02 3.36223990e-02 4.34564427e-02
 8.89310613e-03 2.88835168e-02 6.05147667e-02 3.04844320e-01
 6.84641078e-02 8.46042156e-01 9.96829569e-02 2.83035457e-01
 4.36330974e-01 9.09511149e-02 7.75429904e-02 1.28417039e+00
 4.81512725e-01 3.47056426e-02 8.95833969e-02 2.65692101e+01],-972.06885,-1005.8739,-1439.7529,1.0096884,1.0866832,0.97656274,0.92624843,210.25812,-721.2028,1245.0372,1061.5992,0.9093194,0.51722485,0.10561492,-1055.5177,1055.5177,[1.10206201e+03 9.27691040e+02 6.95615869e+03 1.26658897e+02
 5.27489662e+01 3.99374121e+03 1.34168625e+01 1.28380798e+03
 1.70440710e+00 2.57034058e+02 1.43485322e+04 2.78492004e+02
 1.33182250e+05 1.05989590e+04 2.01021289e+03 1.21027480e+04
 6.50010010e+03 1.53811279e+03 6.77833008e+03 3.18733644e+00
 3.58094543e+02 2.89936660e+04 1.21400414e+02 3.64161193e-01
 8.52135254e+03 9.94627571e+00 4.34170036e+01 2.78515518e-01
 2.12083984e+03 1.22922913e+03 4.51475195e+04 4.53706992e+04
 2.20592236e+03 5.02420282e+00 1.08743225e+03 1.12941318e+04
 8.70979248e+02 1.77328730e+04 8.91389526e+02 3.61524162e+01
 7.51092031e+04 1.59261516e+05 6.52029480e+02 5.43803101e+02
 7.51308533e+02 1.43079575e+02 7.13600464e+02 6.50160703e+04
 3.69562817e+03 5.45495752e+03 3.83964233e+01 1.90074280e+03
 1.29521439e+02 1.91166840e+02 1.27923730e+03 3.81007462e+01
 4.01613678e+02 1.10474814e+04 1.20700788e+01 5.65560791e+02
 8.27621460e+01 1.28566187e+03 1.47970886e+02 3.79739023e+04
 1.42292969e+03 1.11175684e+03 2.82087280e+03 5.51846875e+03
 7.93145630e+02 2.60528735e+03 1.73144128e+03 9.25217578e+03
 3.17780273e+03 7.32194233e+00 6.12534485e+02 4.12467529e+02
 8.99309387e+01 2.68583047e+04 4.15192038e-01 1.16020947e+04
 2.40696259e+02 2.01806519e+03 2.44750830e+03 3.75463196e+02
 2.35702656e+04 4.55330238e+01 2.00649643e+01 6.01076660e+02
 2.46870762e+04 8.28154883e+03 3.05326016e+04 4.57308301e+03
 2.24644070e+01 1.03041299e+04 2.52167285e+04 3.21725845e+01
 1.17476540e+01 3.54311133e+04 3.47893823e+03 2.75787187e+00
 9.71126785e+01 1.07262227e+04 2.97754102e+04 4.37655609e+02
 8.59292664e+02 2.42379669e+02 2.11490601e+02 6.48028503e+02
 3.79317902e+02 3.23130646e+02 3.05886841e+01 5.72346387e+03
 2.41849609e+02 1.81779442e+01 2.95570996e+03 1.62591211e+04
 3.76964986e-01 2.87866431e+03 1.77996716e+03 1.29324310e+02
 6.91087939e+03 2.15082642e+02 1.97709751e+00 1.55684805e+04
 6.20463232e+03 7.87594531e+04 4.84431562e+04 5.17890167e+01
 2.98236172e+04 7.71326221e+03 2.98307598e+04 9.21866797e+03
 7.65031982e+03 8.07910233e+01 1.10270645e+02 3.01680493e+03
 1.87850537e+03 3.00574899e+00 1.75566235e+01 5.33407578e+04
 1.39617969e+04 2.94550262e+02 1.41467285e+04 1.04998035e+03
 1.50968677e+03 6.50131396e+03 1.36775537e+03 7.44027939e+01
 1.34887253e+02 1.60140743e+01 1.41659326e+04 8.74069434e+03
 1.56075546e+02 1.60360443e+02 1.02287275e+04 2.17599609e+02
 1.17332988e+04 1.02940527e+03 1.28932922e+02 6.17369678e+03
 6.86115918e+03 2.48535328e+01 5.69487457e+01 9.32262695e+02
 1.00536847e+03 4.55376855e+03 8.01784961e+03 6.47926102e+01
 5.27619873e+03 5.65898247e+01 1.04806165e+03 3.68703613e+03
 9.29221250e+04 2.18037188e+04 6.71221484e+03 1.15056946e+03
 7.59404144e+01 5.70586523e+03 4.70184937e+01 3.21949854e+03
 5.91221741e+02 3.06808569e+03 9.79291534e+01 1.21256523e+04
 7.37087598e+03 8.63957901e+01 1.07016344e+01 1.11575508e+05
 1.93753529e+01 2.03757483e+03 8.41679102e+03 4.47448984e+04
 1.88941797e+03 4.28206543e+03 2.63150117e+04 9.08133698e+01
 5.60530186e+00 1.85582764e+03 5.76226379e+02 2.81556372e+03
 1.31940967e+03 1.16173000e+01 2.47751694e+02 2.53658179e+03
 1.92992922e+05 1.27237679e+02 3.55079028e+03 3.02468811e+02
 5.47686338e-01 8.68472070e+03 4.39887390e+01 2.90804749e+01
 1.87909844e+04 5.96343506e+02 2.06540710e+02 1.15244600e+04
 1.62609155e+03 4.87918091e+02 2.39143574e+04 5.05133643e+03
 1.20026960e+01 2.15150909e+01 5.02325630e+01 2.19029126e+03
 4.21225586e+01 9.80948639e+01 2.92529354e+01 1.21585119e+00
 3.15682251e+02 6.38984528e+01 6.86588828e+04 2.40913895e+02
 5.55616333e+02 4.40407013e+02 3.43302100e+03 4.70176025e+03
 2.91000605e+00 1.74447036e+00 4.60494423e+00 1.86984973e+03
 9.20529492e+03 4.36180649e+01 6.36671257e+00 3.83185242e+02
 8.59611740e+01 5.58940979e+02 6.34283789e+03 2.84058887e+03
 7.34813828e+04 4.61072617e+04 6.15156372e+02 1.37813672e+04
 2.65606211e+04 4.04789233e+03 6.78684766e+03 5.15242188e+04],21354.287,[5.74247498e+02 1.75815234e+04 2.25018042e+03 9.73677734e+03
 3.02677345e+01 2.57753564e+03 1.92150993e+01 6.67582153e+02
 1.95672180e+02 5.83869690e+02 2.82377676e+04 2.56030884e+03
 1.76531484e+05 4.89220078e+04 4.97180603e+02 2.23411133e+04
 1.04853906e+04 1.55250232e+03 4.02530566e+03 4.18972015e+00
 1.25909378e+02 7.61805859e+04 8.83344421e+01 1.57461357e+01
 2.65055820e+04 8.44921112e+00 6.17236938e+01 1.19453163e+01
 4.53385840e+03 1.62813904e+02 1.67791250e+04 3.19973633e+04
 5.76985547e+03 6.16073723e+01 9.37000195e+03 1.16794189e+04
 2.19587803e+01 1.68455566e+04 1.29934412e+03 7.53018875e+01
 1.66744859e+05 2.06949000e+05 6.44116357e+03 5.52976758e+03
 1.84152197e+03 2.49623340e+03 1.19304370e+03 1.64952271e+02
 1.32564473e+04 2.28607739e+03 1.98824406e-01 2.03402393e+03
 8.39133789e+02 1.54373422e+05 3.74440498e+01 1.16005714e+02
 2.93547119e+02 1.35064004e+04 1.18417389e+02 7.67893982e+02
 1.26700630e+02 1.99676953e+03 5.95692810e+02 3.74097070e+04
 4.05896655e+03 1.78970654e+03 1.65882056e+03 4.34372119e+03
 1.37393762e+03 9.14528992e+02 2.40018730e+04 2.77522095e+02
 4.24982227e+03 1.26352280e+02 2.07278760e+03 1.64067651e+03
 6.59277420e+01 1.58610571e+03 1.49065030e+00 3.28700867e+01
 3.05137390e+02 7.57568909e+02 2.79180664e+03 1.12597783e+04
 3.32443207e+02 3.34756042e+02 5.41525192e+01 2.81955640e+03
 1.64349469e+05 3.15400293e+03 4.20853516e+03 1.11508037e+04
 3.68930817e+01 2.09867188e+04 5.34749609e+04 3.01791306e+01
 1.88511829e+01 3.91093872e+03 1.50429561e+04 6.28933287e+00
 1.14641479e+02 7.44106836e+03 3.73955625e+04 2.28147656e+04
 5.47496826e+02 5.02128418e+02 3.01104980e+02 1.80687219e+03
 8.29720825e+02 1.65923962e+03 5.75201988e+01 1.68493652e+04
 4.91782471e+02 1.36076782e+02 1.00489555e+05 1.88943398e+04
 5.24102330e-01 2.67326050e+03 2.21028076e+03 2.11869827e+02
 2.00721055e+04 4.21468262e+02 1.23581676e+01 6.21574102e+04
 1.54443125e+05 3.99334688e+04 5.01042969e+03 4.89344360e+02
 2.31883591e+02 1.63033875e+03 4.90683320e+04 8.12961621e+03
 4.20909521e+03 1.67386276e+02 4.18970898e+03 2.35070703e+03
 3.60698755e+03 2.34584457e+02 3.29120612e+00 2.68540586e+04
 1.78017908e+03 1.85604462e+02 1.35653008e+04 1.61395862e+03
 4.48882874e+02 1.83784062e+04 8.99483032e+01 2.30310303e+03
 1.10577515e+03 2.55307884e+01 6.06049255e+02 3.73976538e+03
 1.42008911e+02 2.36532593e+02 1.54273262e+04 3.39000537e+03
 1.51215840e+04 7.58466858e+02 3.49155835e+03 9.77629785e+03
 1.55402661e+03 5.20327873e+01 3.98965210e+02 8.27591858e+02
 2.32475555e+02 6.48430762e+03 4.36511536e+02 6.35420609e+01
 4.74136719e+03 3.10843048e+01 9.77292236e+02 7.77204590e+03
 6.70830625e+04 2.88210020e+04 8.59419531e+03 1.18185664e+04
 1.28644592e+02 7.41163525e+03 5.16670952e+01 5.86113281e+04
 1.90644153e+03 1.56981506e+03 2.01052277e+02 9.70155334e+02
 1.07565664e+04 5.14100914e+01 3.79599495e+01 3.15128418e+03
 1.14192307e+02 4.92532959e+03 1.07117598e+04 2.05971938e+05
 5.93842602e+00 1.26882788e+03 2.17974824e+04 3.48318176e+02
 2.77254425e+02 1.87858179e+03 9.20492096e+01 1.50200830e+03
 1.23299902e+03 4.51816082e+00 4.77064062e+03 3.22112061e+03
 2.07271344e+05 2.67483368e+02 3.31394570e+04 8.04603943e+02
 1.10274979e+02 1.74957844e+05 1.23783546e+02 4.00614258e+02
 1.86323477e+04 1.06384600e+04 4.65428955e+03 1.04388018e+04
 2.14838547e+02 1.15497412e+03 3.99830859e+04 7.13350952e+02
 1.49201477e+00 7.65693741e+01 1.01187073e+02 2.50820264e+03
 7.06545654e+02 2.60360985e+01 2.67772388e+01 2.46587830e+01
 2.86192480e+03 7.06806793e+01 1.76374703e+05 9.90970135e+00
 4.43598926e+03 1.28572403e+02 8.97338672e+04 3.04048926e+04
 1.90806061e+02 2.11091185e+00 6.61754532e+01 2.11421338e+03
 1.30459396e+02 2.93481543e+03 5.61705351e+00 7.00690765e+01
 2.20611641e+04 5.77027710e+02 3.38558765e+03 1.04416777e+04
 8.65893000e+05 2.77947578e+04 8.50281189e+02 5.03120508e+03
 5.04472734e+04 1.62066641e+04 4.11292627e+03 7.02040234e+04],-972.8905,-1095.6771,-1495.5558,1.5459267,10.446931,0.25404716,0.93887556,0.016339596519470215,13990.381515264511,0.125,0.125,-0.15257268788964287,-0.0005611544512674135,-0.15260138888609948,-0.0005086143574445703,-0.6584146987690447,25.249999999996884,0.0,850000.0,-10.0,-5000.0,500.0,7.521158218383789,850000
1000.07434,0.06314494,0.060946006,0.0028488357,-999.40173,999.40173,[9.97911835e+00 2.47588903e-01 1.61545351e-03 8.71211588e-02
 6.11694622e+00 4.63267288e+01 1.14699900e-02 6.94861031e+00
 1.79619563e+00 1.58806014e+00 5.99924475e-02 1.39527485e-01
 3.38474587e-02 4.16809120e+01 2.16529655e+00 4.60073382e-01
 1.30756531e+01 2.55882740e-03 3.18007851e+00 7.84493238e-03
 2.11069775e+00 2.61399555e+00 2.28135660e-03 1.16908140e-02
 4.26964045e-01 9.80700701e-02 6.83394819e-02 4.20273282e-02
 4.72457558e-02 2.14927983e+00 9.03257275e+00 8.44158232e-03
 2.76764631e-01 3.36562395e+00 1.98271809e+01 3.21472228e-01
 2.57947946e+00 6.74472898e-02 2.49672818e+00 8.66950417e+00
 4.00962010e-02 3.66336226e-01 9.62984860e-02 2.28216380e-01
 1.06797755e-01 1.30967088e-02 1.19948424e-02 4.37926948e-01
 1.76323205e-02 3.90859693e-01 1.32264569e-03 3.49816227e+00
 7.02193752e-03 7.48303294e-01 1.58672817e-02 1.26730695e-01
 5.22640228e+00 3.71722467e-02 4.12157440e+00 5.70699722e-02
 4.49582227e-02 3.92542370e-02 3.60224843e-02 2.80843616e-01
 1.11805844e+00 1.27466127e-01 1.86071545e-03 1.14261419e-01
 5.99163175e-02 4.44592714e+00 9.65441763e-03 4.46147423e+01
 1.70504637e-02 3.77184998e+02 5.72165966e+00 2.13419631e-01
 5.59132719e+00 1.30530047e+00 2.44693756e+00 1.84900403e+00
 1.81370956e+02 1.11003548e-01 5.30519821e-02 5.67124225e-02
 1.44637376e-03 3.31259370e-01 6.92064095e+00 4.44872570e+00
 1.46587580e-01 2.91193277e-03 6.52469695e-01 9.82824340e-03
 2.02391297e-04 1.24762058e-01 5.33286482e-03 3.62747580e-01
 4.17221338e-04 1.11783326e-01 3.04030254e-02 8.75982666e+00
 5.87322451e-02 3.63677219e-02 6.94502890e-01 6.87894702e-01
 9.16024089e-01 5.45177609e-03 1.96656084e+00 1.07606840e+00
 3.99881974e-03 2.47610283e+00 1.86079681e-01 5.57197988e-01
 9.99563038e-02 1.46845169e-02 1.62439421e-02 6.59502819e-02
 4.58405614e-02 1.60442665e-02 2.24367529e-02 1.78702176e-04
 1.48061538e+00 4.40084267e+00 4.12961149e+00 1.73341110e-03
 3.22145581e+00 1.16694823e-01 6.49761140e-01 5.80512822e-01
 1.02121934e-01 5.33922389e-02 2.34222531e+00 2.33824551e-01
 8.21328580e-01 1.31155472e+01 7.64545262e-01 2.88531512e-01
 3.11087751e+00 8.86466980e-01 2.20804214e-02 6.67599916e+00
 2.11616233e-01 2.07765773e-02 5.25150657e-01 3.17301303e-01
 2.41961032e-02 5.22063136e-01 3.27814408e-02 4.03531268e-02
 2.96333134e-01 1.14202156e+01 1.70646682e-02 1.07332635e+00
 4.13767435e-02 2.05383077e-02 2.70733610e-03 1.06483185e+00
 4.54004742e-02 3.43868881e-03 2.10921153e-01 6.66414032e+01
 2.41507530e+00 1.90493651e-02 6.48896769e-02 4.86812496e+00
 5.75652897e-01 3.43463922e+00 1.11170220e+00 5.49085438e-03
 2.08717489e+00 3.31738591e-02 8.17214608e-01 2.29573548e-02
 2.61099958e+00 1.92664552e+00 6.06433451e-02 3.31561923e+00
 5.81452906e-01 6.75656080e-01 1.81482136e-02 9.72811133e-04
 3.89698386e+00 5.46400547e-02 2.36906481e+00 1.36133134e-01
 9.50418949e-01 1.68507338e-01 6.66605085e-02 5.94134390e-01
 1.33031160e-01 3.16806138e-02 4.63689476e-01 9.40728903e-01
 7.31780976e-02 2.14165688e-01 7.30434656e+00 1.95349768e-01
 3.00833874e+01 1.99439265e-02 2.72102691e-02 7.24263847e-01
 2.22636685e-01 1.27333701e-01 5.38237393e-04 5.57411388e-02
 1.46860257e-03 7.13129759e-01 2.30826974e+00 2.49702563e+03
 1.42680295e-02 3.48072127e-02 3.58525734e+01 4.55766916e-03
 5.18726778e+00 1.49032869e+01 3.55311894e+00 9.45502520e-03
 6.48201227e+00 1.58088350e+00 8.43055919e-03 5.00231981e-05
 2.78508782e-01 1.29703060e-02 8.93225968e-01 2.64275503e+00
 9.14372504e-05 2.66842365e+00 1.91569149e+00 7.46775419e-03
 1.06024349e+00 1.14980812e+01 2.13968778e+00 1.55281335e-01
 3.23682117e+00 2.38640809e+00 5.25007772e+00 1.87588483e-02
 1.10104251e+00 3.85979190e-03 3.67478848e+00 2.12171413e-02
 2.36579217e-02 4.11962755e-02 2.98560746e-02 4.82326460e+00
 3.67196739e-01 1.65365267e+00 6.30514801e-01 3.29676867e-02
 5.78130521e-02 1.92275643e-02 8.14605522e+00 5.77446103e-01
 1.32435727e+00 1.04832090e-01 8.20867300e-01 1.93681017e-01],11.429233,[2.27422863e-02 1.95139833e-02 2.78088823e-03 2.45178416e-02
 7.77154064e+00 7.77366161e+00 8.86896625e-03 1.03809983e-01
 2.68722475e-01 2.01148659e-01 2.02088356e-02 1.36312678e-01
 4.69483435e-04 3.76897507e+01 6.86720014e-05 7.88880885e-01
 3.48339409e-01 3.95257026e-04 4.65772226e-02 1.25178285e-02
 9.73466754e-01 1.61416650e-01 5.39857894e-03 4.66475636e-03
 2.19857901e-01 6.14962727e-02 4.08890434e-02 4.65490855e-02
 6.59040362e-03 4.34116460e-02 1.13479004e+01 2.61587650e-03
 7.56082088e-02 5.50035387e-02 8.02947426e+00 4.09863368e-02
 1.76805444e-02 1.64917484e-03 3.92217219e-01 6.85695601e+00
 3.40647250e-03 9.99241173e-02 2.49853730e-02 4.35776860e-02
 6.79436997e-02 2.25554295e-02 2.53940113e-02 4.06807214e-02
 7.07784668e-03 9.43130434e-01 3.20322067e-03 5.39168864e-02
 9.93225724e-04 2.18348578e-03 1.06928587e-01 6.07901849e-02
 2.29132742e-01 1.33004785e-02 1.48986697e-01 6.37316257e-02
 9.39324871e-03 2.07607634e-02 3.61488611e-02 2.35764742e-01
 2.59022057e-01 1.06940046e-01 1.87644735e-02 8.73960555e-04
 5.94209015e-01 3.72951180e-02 6.70213252e-04 4.45081635e+01
 1.11795403e-02 7.39461975e+02 4.15751711e-02 7.24448264e-03
 2.33564712e-02 2.97866166e-02 6.48073316e-01 3.09826493e+00
 8.12879715e+01 8.18688050e-03 2.79838219e-02 3.17992941e-02
 6.86027110e-04 1.77455619e-02 4.22072895e-02 1.69523992e-02
 8.66141915e-02 1.98993459e-03 8.18071216e-02 2.75100023e-03
 4.89257649e-03 3.35649028e-02 4.80327383e-03 1.77542359e-01
 9.62056220e-03 2.56240405e-02 2.01642700e-02 5.30492830e+00
 6.51834160e-03 1.33424997e-04 2.63309255e-02 2.01526105e-01
 5.50962090e-01 3.11640650e-03 5.15018082e+00 2.49301270e-03
 1.32936984e-04 8.04967657e-02 8.13836157e-02 2.27195740e-01
 3.74314934e-02 4.00824919e-02 2.16737390e-04 2.48022377e-04
 1.79432817e-02 1.52919441e-03 3.34093906e-02 5.01051545e-04
 6.00451529e-02 3.95868063e+00 1.79258361e-02 1.38516724e-03
 6.69709146e-02 1.32939994e-01 6.61919117e-02 3.24547291e-03
 1.92583695e-01 3.98829579e-03 6.78187966e-01 6.36983216e-02
 1.05183339e+00 1.03278100e-01 1.30297709e+00 1.31560862e-03
 2.24325582e-01 3.04164410e-01 7.01812878e-02 4.59620990e-02
 1.27677858e-01 1.17350370e-03 1.14169061e-01 8.22999626e-02
 2.66773440e-02 3.79245073e-01 2.12812796e-03 1.36876889e-02
 8.27466100e-02 5.12764513e-01 2.30531767e-02 1.29980519e-02
 2.46740961e+00 7.89542198e-02 7.39768147e-04 7.63561130e-02
 1.09782517e-02 2.27756739e-01 1.36079043e-01 9.23116803e-01
 1.38999790e-01 1.27084553e-02 3.33590060e-02 2.46020019e-01
 1.72654524e-01 5.88083640e-02 4.69543487e-02 6.60998374e-03
 2.28267685e-01 5.12750819e-03 1.91221908e-02 3.60190906e-02
 4.27029282e-03 4.54941168e-02 1.52982771e-03 2.02439499e+00
 8.71841908e-02 2.80037522e-03 1.02766305e-01 2.67721713e-03
 4.07766178e-02 1.93560012e-02 8.42424631e-02 4.14377525e-02
 1.73641644e+01 4.93164994e-02 4.65991646e-02 9.49585810e-03
 4.07892406e-01 1.37779862e-03 4.99042004e-01 1.03034973e-02
 3.50873137e+00 2.08715513e-01 3.79819363e-01 4.44225855e-02
 3.04662914e+01 9.56828147e-03 1.78786591e-02 6.71774521e-03
 4.00048867e-02 2.59902000e-01 1.30232163e-02 4.28986847e-02
 1.03870964e+00 1.69265318e+00 5.99805593e-01 9.16013641e+01
 2.36526318e-02 6.40177131e-02 9.63073425e+01 2.10034028e-02
 1.11171678e-01 2.12294608e-01 1.03264427e+00 3.79328802e-03
 2.16256246e-01 6.44909143e-02 1.14275217e-02 1.78172302e+00
 2.11592466e-02 5.67309931e-03 2.17193738e-03 1.08939596e-01
 2.74117664e-03 1.72732258e+00 1.04266500e+00 5.14996797e-03
 9.66904163e-01 2.06853449e-03 6.22990727e-01 6.84965402e-02
 3.54100585e-01 9.17228609e-02 8.74430943e+00 6.93197846e-02
 1.79069424e+00 2.10237876e-03 7.89819956e-02 5.45579940e-04
 7.61622563e-03 4.63451035e-02 1.45966485e-02 1.32042497e-01
 2.08652318e-01 1.73201787e+00 2.60252394e-02 4.06447798e-04
 6.27097264e-02 3.74939032e-02 4.20309938e-02 5.04623726e-02
 3.95268947e-03 2.89110750e-01 1.22152758e+00 4.12150659e-02],-970.9839,-1005.1072,-1495.8247,1.0149587,2.0852265,0.9737829,0.92645687,15677.814,-389.3977,19580.344,1069.7103,0.89500755,0.4779132,0.11718035,-1064.0361,1064.0361,[2.29903223e+03 6.30699102e+04 5.57117500e+04 1.72240181e+01
 1.27231354e+02 3.27813672e+03 6.30058937e+01 6.13736773e+00
 1.54044395e+04 3.81431244e+02 1.83051949e+01 1.27450391e+03
 5.16472816e+00 5.11540186e+03 4.72778369e+03 7.81888390e+00
 6.20350273e+04 2.13270782e+02 1.43377476e+01 6.08356689e+02
 2.56188822e+00 6.41488791e-01 2.69262390e+02 1.58174976e+03
 6.29936295e+01 1.22047388e+03 6.58267365e+01 3.40436914e+03
 4.26710033e+00 2.83967114e+03 2.96520061e+01 3.56494217e+01
 3.55409393e+01 2.36406396e+03 1.39944849e+01 3.29066696e+01
 7.41337769e+02 1.59078589e+03 8.11550980e+01 2.99706101e+00
 2.49369336e+03 1.87496484e+03 2.87199020e+01 3.10312744e+03
 2.97376282e+02 7.50488818e+03 1.77852124e+03 6.81334209e+00
 4.03492700e+03 6.57158936e+03 1.11420516e+05 6.28411963e+03
 1.52742081e+01 1.83744946e+03 1.02892358e+03 8.99339828e+01
 2.15913203e+04 3.84117695e+04 8.89587988e+03 2.22897617e+04
 4.35971045e+03 5.44051453e+02 2.42242920e+03 9.66371777e+03
 3.11902618e+01 3.68507266e+04 6.84376221e+02 2.71182090e+04
 2.62529858e+03 5.65081445e+03 2.17861060e+03 3.08600830e+03
 4.25580859e+04 5.11213242e+04 8.25780664e+03 1.19428535e+04
 1.83995407e+02 5.45389633e+01 1.65047958e+02 6.20991211e+02
 2.64836133e+03 3.03734894e+01 1.81586838e+01 3.39814911e+01
 4.64174866e+02 4.41809120e+01 1.29527702e+01 4.03892461e+04
 1.08722900e+03 9.94306702e+02 1.18151672e+02 7.35948658e+00
 5.71565125e+02 3.20834238e+04 4.03660622e+01 2.33884487e+01
 4.43327188e+00 2.53587305e+03 5.22180786e+02 9.19712982e+01
 1.57831714e+03 3.03690521e+02 4.50222359e+01 2.04899521e+01
 1.56422195e+01 2.36052208e+01 6.48296973e+03 4.38606911e+01
 2.10325737e+01 1.08428149e+03 2.45594250e+05 3.60505493e+03
 9.24947754e+03 4.43684688e+04 1.58490039e+03 1.18864746e+02
 3.90524561e+03 2.90938995e+02 1.36613102e+01 1.16304901e+02
 4.79925977e+03 4.77766523e+04 3.90942236e+03 8.60864688e+04
 4.64850473e+00 8.13852734e+03 3.50890338e-01 1.68645821e+01
 4.99541260e+03 3.10606476e+02 3.56885147e+01 6.83340454e+02
 9.63403516e+04 2.44767494e+01 4.35684570e+04 8.73738159e+02
 3.47211868e-01 4.60107129e+03 1.23936743e+03 1.56459375e+04
 4.06237012e+03 2.50340723e+04 1.14817410e+01 1.63198471e+00
 7.12652054e+01 1.39588455e+02 1.26085242e+03 2.54702020e+00
 9.66593945e+03 1.01054810e+03 1.96204014e+01 5.02043604e+03
 2.63402002e+03 6.59863086e+03 2.22549683e+03 3.69443035e+00
 1.08124123e+02 5.85362911e+00 2.51647656e+04 9.94884961e+03
 5.09496307e+00 2.64950171e+03 2.37419434e+02 2.30567090e+04
 6.39628711e+03 1.90695584e+00 6.99355774e+02 4.42101257e+02
 1.98646355e+01 1.03751543e+04 1.32140172e+05 1.22655481e+03
 1.67073613e+04 1.04899902e+03 1.23623682e+03 1.30834656e+03
 1.21703340e+04 7.66907812e+03 2.82123975e+03 8.20210266e+01
 2.39102515e+03 3.17843175e+00 8.72463379e+03 3.14636719e+03
 6.11036426e+03 2.71828957e+01 6.46757660e+01 1.70360120e+03
 2.32043719e+00 8.56187916e+00 4.60910721e+01 1.79798132e+03
 1.16765964e+00 1.61100635e+04 1.12945264e+04 1.33302719e+05
 4.16385269e+01 3.30433281e+04 7.80543457e+02 1.39672028e+02
 4.63112158e+03 7.63703271e+03 3.06640601e+03 7.67045471e+02
 1.45027710e+03 2.94656799e+02 1.83220105e+03 9.70085083e+02
 1.34561047e+03 1.37199893e+04 2.41465454e+02 1.17892075e+02
 1.81734238e+02 1.25952206e+01 1.24561682e+03 1.40958301e+03
 3.97556470e+03 2.03610437e+03 7.78004379e+01 2.05131689e+03
 4.58410828e+02 3.02002026e+03 3.97397461e+01 4.42574844e+04
 2.36909012e+02 2.56580664e+03 2.66636743e+03 1.75319609e+04
 2.45094824e+03 1.04871086e+02 1.03392448e+02 8.39793213e+02
 8.74530859e+03 8.38605652e+02 3.15455151e+03 3.29147491e+02
 1.96394766e+04 1.57060852e+01 3.66434574e+00 1.81400635e+03
 6.18508047e+04 7.32649316e+03 2.73456173e+01 1.77950382e+01
 1.87087997e+02 1.07409000e+00 7.82287891e+03 1.41225487e-01
 1.76606461e+02 1.25513828e+04 1.78710730e+03 4.56812256e+03
 5.76156104e+03 4.15893008e+04 9.97500763e+01 2.70216748e+03],12982.496,[1.71841660e+02 4.32588428e+03 1.74697391e+05 1.55152550e+01
 8.47485779e+02 2.86599707e+03 1.44308517e+02 1.29214172e+01
 3.50849915e+02 1.84538843e+03 3.03362918e+00 1.08041736e+03
 3.69919281e+01 1.49858582e+02 3.49837280e+03 3.89615211e+01
 1.20629590e+03 1.31576477e+03 2.33851910e+00 1.12741028e+03
 4.48128796e+00 1.67191353e+01 1.65077109e+04 3.04650195e+03
 4.52845192e+01 2.59700273e+04 1.86597382e+02 5.40867139e+03
 1.77765427e+01 1.21844092e+03 4.53046967e+02 7.64177227e+00
 1.78369293e+01 6.26218281e+04 1.57981753e+00 3.24402924e+01
 5.63288208e+02 1.24823456e+02 3.87078687e+03 3.73115182e+00
 2.74208765e+03 4.83614807e+02 7.67525291e+00 8.36996172e+04
 1.63925703e+04 9.10684668e+03 1.03099072e+04 2.17140484e+00
 2.16271802e+03 2.96075415e+03 1.71823352e+03 5.78149170e+02
 8.06021690e+00 5.64063965e+03 5.08616913e+02 2.41477325e+02
 3.11936401e+03 5.84296777e+03 5.07300049e+03 1.60867017e+03
 8.63105859e+03 7.03827209e+02 1.44052881e+03 1.83430016e+05
 7.82140442e+02 5.20727051e+03 8.32386230e+02 1.57865898e+04
 2.95325757e+03 4.03562256e+03 1.38349951e+03 7.46279199e+03
 2.03626445e+04 6.50105957e+03 9.21606934e+03 8.68848535e+03
 1.71307114e+02 1.38896164e+02 3.02822479e+02 5.88700195e+02
 3.93689957e+01 9.47411987e+02 1.28646879e+01 2.40964775e+01
 6.11655151e+02 9.44937420e+00 5.73731136e+00 1.00345062e+02
 1.22537354e+03 3.64846826e+03 3.72853687e+03 6.82088196e-01
 1.25375801e+04 2.28985449e+03 2.71943604e+02 5.08343048e+01
 1.38010657e+00 7.25529022e+01 1.16338452e+03 3.70111816e+02
 1.26339270e+03 6.34581592e+03 3.86637383e+01 3.46624756e+01
 1.28510036e+01 2.98731327e+01 7.49740332e+03 2.77012873e+00
 2.22829590e+01 2.60921411e+03 2.19043797e+05 1.29703210e+03
 2.52443906e+04 2.62045093e+03 2.18934414e+04 1.48087494e+02
 1.29450659e+03 3.04617062e+01 5.61688805e+00 1.10247632e+03
 8.19010938e+03 7.53946338e+03 1.75332207e+04 1.78096641e+04
 2.35168934e+01 2.08780859e+04 5.58740158e+01 3.70565720e+01
 2.87787061e+03 6.86845093e+02 3.54032669e+01 5.05577148e+03
 5.26525000e+04 6.17844124e+01 1.30989102e+04 1.68809680e+03
 2.23874893e+01 1.95211694e+03 1.58117749e+03 6.88291797e+03
 6.95211438e+05 2.24629551e+04 2.54682255e+01 1.26787624e+01
 1.27373520e+02 2.30546112e+02 1.03734277e+03 7.41839933e+00
 1.62846934e+04 6.65614685e+02 3.86106110e+01 1.11401672e+03
 2.11399854e+03 1.46323059e+03 3.30331055e+03 5.70608807e+00
 1.50262238e+02 9.56524789e-01 2.69081016e+04 1.33023311e+04
 5.08122873e+00 8.49619824e+03 2.28664734e+02 9.66493713e+02
 1.51825635e+04 2.41977692e+01 1.88748877e+03 1.42085388e+03
 1.38602123e+01 6.73101074e+03 2.79517139e+03 1.92078491e+03
 3.62624512e+02 5.20130176e+03 5.64650830e+03 9.16394727e+03
 2.19871367e+04 3.67124072e+03 2.13162872e+02 1.45959921e+01
 3.78935333e+02 1.10335283e+01 3.35323633e+03 1.09654297e+03
 1.17324648e+04 6.53687134e+02 2.96839066e+01 2.36714783e+02
 1.66563317e-01 2.14790802e+01 5.82965881e+02 2.16150439e+03
 1.66745818e+00 7.74765967e+03 4.62991699e+02 8.22811432e+01
 8.64242268e+00 6.50552795e+02 1.83085217e+03 2.48214478e+03
 2.92036304e+03 4.57709167e+02 2.71853149e+03 1.00867002e+04
 3.32622852e+03 4.02136597e+02 1.00488910e+03 5.00536346e+01
 4.56714805e+04 1.00681035e+04 3.29708154e+03 4.33556445e+03
 1.51002893e+03 2.99914780e+01 1.36819678e+04 9.03950879e+03
 1.65169004e+04 1.99556519e+02 8.32335281e+01 4.05872754e+03
 4.17140289e+02 3.08291211e+03 2.82305455e+00 8.49343750e+03
 3.63094360e+02 3.78551172e+03 2.09640918e+03 5.20292725e+03
 7.22121338e+03 9.42519009e-01 1.08906731e+02 3.36009094e+02
 2.74031641e+03 2.24889420e+02 4.27718408e+03 6.46814453e+03
 1.52364961e+04 1.60243988e+01 3.01600708e+02 3.22747266e+03
 2.25051782e+03 1.88164490e+02 3.39317589e+01 1.91839576e+00
 1.10989526e+03 4.28796539e+01 3.87602686e+03 7.52869621e-03
 2.76734277e+03 2.98150049e+03 3.19150146e+02 1.56861250e+04
 4.19513916e+03 1.28193203e+04 1.22525864e+02 6.04569141e+03],-976.6975,-1104.535,-1483.9337,16.891607,3811.4949,0.34002566,0.9440985,0.017449044198989867,14426.607633590698,0.1875,0.1875,-0.09625497005435375,0.008587987487944194,-0.09589559492173994,0.003906411575735397,8.77512279404993,25.249999999996884,0.0,875000.0,-7.0,-3521.0,500.0,9.223987579345703,875000
1001.2894,0.057122644,0.09242215,0.0025821505,-1000.3081,1000.3081,[6.29381657e-01 2.22307205e+00 3.35921496e-01 1.57178119e-01
 3.26488161e+00 9.83475983e-01 1.50785476e-01 7.43493497e-01
 5.77481426e-02 3.62350998e+01 2.70606852e+00 4.95016612e-02
 4.12304774e-02 4.72496301e-02 6.50706649e-01 1.89124632e+00
 1.85576066e-01 8.59888268e+00 8.24232757e-01 3.31629086e+00
 8.56718719e-02 3.53882492e-01 3.79909992e+00 6.31210566e-01
 2.49248296e-01 3.76006849e-02 2.52866626e+00 3.85743566e-02
 3.76543581e-01 5.49060702e-01 4.19205785e-01 4.01860476e-01
 1.94315171e+00 5.98456085e-01 5.02483978e+01 1.93420506e+00
 5.55121973e-02 1.15181074e+01 3.65621567e-01 1.17703986e+00
 1.44108737e+00 1.53783798e+00 3.68439615e-01 2.31366882e+01
 2.32644707e-01 4.74516787e-02 1.31631148e+00 1.08475536e-01
 1.93645395e-02 4.32403624e-01 5.17058182e+00 7.30145097e-01
 6.63299441e-01 2.52327502e-01 2.93004990e-01 1.02315441e-01
 3.26543164e+00 1.42980409e+00 2.41008580e-01 1.33538122e+01
 1.78249016e+01 3.01366282e+00 8.26313943e-02 3.05433869e-01
 1.14151263e+00 1.78426576e+00 1.10992774e-01 1.32046282e+00
 2.02105045e+00 1.70714593e+00 6.87640965e-01 2.19202137e+01
 3.06435302e-02 6.33383274e+00 5.11631444e-02 2.91587383e-01
 4.04325604e-01 6.06999137e-02 7.30906606e-01 1.04769662e-01
 1.56187445e-01 5.33459187e+00 1.00672975e-01 2.29162741e+00
 2.45339942e+00 8.11339855e-01 2.07661319e+00 5.91838598e-01
 2.27575190e-02 6.57029724e+00 3.77400257e-02 3.14210728e-03
 1.05545074e-01 3.74099702e-01 6.83987200e-01 7.51204014e-01
 2.25953369e+01 5.90881258e-02 7.19488263e-01 1.88806176e+00
 1.45734730e+01 1.01682496e+00 1.95300654e-02 1.63541451e+01
 6.98109865e-01 2.05259949e-01 1.48050900e+01 3.66541564e-01
 2.34898582e-01 1.06793731e-01 2.11426592e+00 9.18921113e-01
 9.67617989e+00 1.21593118e-01 1.15078049e+01 3.18870378e+00
 1.25322759e-01 6.81988430e+00 3.12748575e+00 7.07568979e+00
 2.90404588e-01 4.53781560e-02 7.56378293e-01 1.45869327e+00
 1.56410561e+01 6.87233388e-01 1.94819272e-02 1.23780465e+00
 5.48539519e-01 2.51797342e+00 6.74599528e-01 1.86784058e+03
 5.58618975e+00 2.73520947e-01 4.20081057e-02 3.40178585e+00
 3.35847640e+00 9.63714421e-02 6.32474571e-02 2.28616929e+00
 1.33414495e+00 2.31568980e+00 4.63814259e+00 2.96370983e-01
 5.56859875e+00 1.03605151e+00 1.51186359e+00 3.47504187e+00
 1.82652920e-01 6.46954656e-01 7.23722875e-01 1.48608759e-02
 7.70577526e+00 1.09410472e-02 2.46956348e+00 7.51861334e-02
 8.14587474e-01 5.02149522e-01 7.63800889e-02 5.59700370e-01
 3.66681862e+00 1.91086495e+00 6.74879625e-02 2.36559242e-01
 4.00674433e-01 2.93568015e-01 4.06000519e+00 4.45018001e-02
 1.04682112e+00 2.81259567e-01 1.70398295e+00 8.57260609e+00
 1.82184786e-01 7.20755607e-02 2.48371029e+00 7.45008349e-01
 4.30222273e-01 3.48261327e-01 2.05801749e+00 9.07967091e-02
 5.27609468e-01 6.31424665e-01 3.59875232e-01 4.91669029e-01
 4.78081882e-01 5.83300352e-01 6.63393211e+00 1.98209405e-01
 1.21843386e+00 6.90341282e+00 2.27891356e-01 1.15968719e-01
 1.00757732e+01 1.73349342e+01 6.78685457e-02 7.18801737e-01
 1.06820259e+01 7.60879219e-02 2.93218195e-01 2.45354843e+00
 4.94892693e+00 3.99919420e-01 1.47525406e+00 7.30623841e-01
 1.13888340e+01 1.34737015e+01 6.46429214e+01 1.61408201e-01
 1.90039068e-01 6.10475183e-01 3.26358885e-01 2.85287388e-02
 3.04539108e+00 6.60538864e+01 1.48454132e+01 1.54878527e-01
 4.71620150e-02 4.29991913e+00 3.05176640e+00 4.83192235e-01
 3.90651263e-02 1.09444320e-01 3.78107119e+00 2.02875423e+00
 1.32641065e+00 2.23537865e+01 1.90787375e-01 1.46119130e+00
 1.06852436e+00 1.07344642e-01 4.97083694e-01 1.48644120e-01
 4.55260724e-01 2.96668202e-01 2.05743790e+00 3.57753410e+01
 2.59053379e-01 1.26615238e+00 7.92377740e-02 1.87699676e-01
 2.07210064e+00 4.16822225e-01 4.06751480e+01 5.41865234e+02
 7.65924811e-01 1.35268974e+00 2.25594863e-01 6.77429318e-01
 2.83594799e+00 5.18943977e+00 3.34141493e+00 1.05330244e-01
 4.94449854e-01 4.42276970e-02 1.37264657e+00 1.67040873e+00],35.03443,[5.92438936e-01 3.16772461e-01 2.10568160e-01 1.19516924e-01
 4.57913876e-01 1.05753839e-01 3.56627584e-01 4.28451180e-01
 5.39724976e-02 1.36788193e+02 1.17098022e+00 1.31796241e-01
 2.04143897e-02 3.01511958e-03 7.31515467e-01 3.64479870e-01
 7.61665404e-02 8.36388409e-01 3.20187747e-01 3.22088480e-01
 3.43309529e-02 5.24755657e-01 3.01023722e+00 4.86440331e-01
 2.48167649e-01 2.45304853e-02 6.63862005e-02 3.13276350e-02
 6.00120544e-01 4.17405903e-01 2.86511660e-01 7.20174015e-01
 1.16253525e-01 6.41589224e-01 3.50340004e+01 2.18261480e+00
 5.06971367e-02 4.90253115e+00 2.54579878e+00 6.00873947e-01
 6.40700340e-01 1.53612196e-01 4.34022522e+00 1.84413586e+01
 4.17581983e-02 2.98751742e-02 3.86583745e-01 1.51161939e-01
 1.40664913e-02 3.72733146e-01 8.99005473e-01 7.89617419e-01
 1.71498775e+00 2.70320654e-01 2.99466312e-01 6.34165108e-02
 1.87209702e+00 3.37764716e+00 2.04790890e-01 8.69713364e+01
 1.71545486e+01 3.02461147e-01 3.44120301e-02 2.66725004e-01
 8.05572569e-02 6.92050457e-01 6.02160990e-02 1.30960083e+00
 2.98852742e-01 1.93612945e+00 1.33445873e+01 7.80696678e+00
 4.84734178e-02 7.87293613e-02 2.54165888e+00 7.04987720e-03
 1.16641390e+00 4.45740372e-02 1.79357958e+00 1.12749875e-01
 1.13393283e+00 4.75614309e-01 1.87572926e-01 1.40046179e-01
 1.49490666e+00 3.63972354e+00 7.15647936e+00 6.39043003e-02
 4.29502465e-02 3.85211515e+00 5.69972768e-02 7.77252018e-04
 2.18558490e-01 2.53469050e-01 3.23378332e-02 4.49172974e-01
 6.60525208e+01 4.60701957e-02 8.32109034e-01 2.83934116e+00
 1.49282379e+01 6.27885818e-01 1.32536329e-02 3.66280116e-02
 9.89454389e-02 2.32226148e-01 2.12974477e+00 3.77184212e-01
 1.95517808e-01 7.59427845e-02 8.90502632e-02 9.30548012e-02
 9.00219679e-01 7.70713538e-02 6.26829267e-01 9.78254914e-01
 6.87913746e-02 8.22065175e-02 3.00416857e-01 3.07250357e+00
 2.09749103e-01 1.69105425e-01 4.72466588e-01 8.99075449e-01
 2.35439599e-01 1.97226548e+00 3.27022560e-02 1.09352512e+01
 5.93599714e-02 1.38988948e+00 1.17865360e+00 2.18908423e+03
 1.38765961e-01 2.71807134e-01 7.13259727e-03 3.52593094e-01
 1.27930939e+00 2.36309841e-01 5.03978319e-02 7.49723315e-01
 7.71052986e-02 7.03595579e-01 2.47000360e+00 5.17708421e-01
 2.36124635e-01 1.76694632e-01 1.33034337e+00 2.39255115e-01
 2.61301577e-01 2.85771036e+00 7.83700883e-01 2.84106046e-01
 2.77781725e-01 1.76067539e-02 1.44581294e+00 8.91238153e-02
 1.63660452e-01 3.46693516e-01 8.14179331e-02 9.32999253e-02
 1.56666070e-01 2.75000906e+00 4.86915745e-02 3.31978917e-01
 1.90607190e-01 7.20103532e-02 2.48644531e-01 1.03217497e-01
 8.12207103e-01 3.20530206e-01 4.37971735e+00 4.97071381e+01
 1.25484839e-02 8.19645524e-02 2.96841338e-02 7.57982433e-01
 9.05375332e-02 3.35235484e-02 8.00747395e-01 3.51872332e-02
 7.91165113e-01 1.75713480e-01 9.72391903e-01 7.85719156e-01
 1.57772213e-01 6.66477680e-02 4.92278385e+00 6.57463968e-02
 5.63696064e-02 5.22331715e+00 2.21403345e-01 9.23829153e-03
 2.48000056e-01 2.83665037e+00 1.00487441e-01 6.24682784e-01
 1.72595763e+00 5.23482636e-02 5.20920344e-02 5.47346354e-01
 2.93830514e-01 9.66975212e-01 5.79904795e-01 2.89302969e+00
 1.17600572e+00 3.35229540e+00 2.86685061e+00 3.32401544e-02
 4.15816903e-04 5.85621417e-01 6.58899248e-01 4.46786359e-03
 4.37721342e-01 2.93866158e+01 2.36058211e+00 7.41458297e-01
 6.32658973e-03 3.07177782e-01 1.47432005e+00 3.78756598e-02
 3.68669815e-02 7.24599510e-02 4.19157410e+00 2.16266274e-01
 1.45015687e-01 1.65104065e+01 1.66382685e-01 2.15841949e-01
 6.49989724e-01 4.96877171e-02 4.75676656e-02 8.16886723e-02
 8.81349444e-02 3.14872563e-01 9.65739787e-01 1.07340231e+01
 8.92729014e-02 6.00922823e-01 3.70941639e+00 2.04768991e+00
 8.02646160e-01 6.84076846e-02 3.16513672e+01 6.53566846e+03
 7.40351677e-01 6.27458692e-02 2.24874079e-01 3.80910575e-01
 1.31191325e+00 2.33414211e+01 2.73828125e+00 1.29454494e-01
 5.20251632e-01 1.11091197e-01 8.66332412e-01 5.92315555e-01],-964.49304,-1009.54407,-1492.301,1.0051833,1.1132839,0.29357922,0.9253424,18931.615,-1360.1978,25229.832,1067.575,0.95127434,0.5413024,0.10973225,-1061.2107,1061.2107,[1.34481171e+02 6.70503418e+03 2.28458625e+05 1.94217402e+04
 1.12861511e+03 4.52275781e+03 1.17883521e+03 1.56290049e+04
 1.13887794e+02 2.10626328e+02 9.81446777e+02 3.16388763e+02
 4.63816162e+03 3.09160614e+02 2.46714624e+03 1.24712891e+03
 5.03049898e+00 8.29024536e+02 2.96829052e+01 1.45174238e+04
 7.22668701e+02 8.25111755e+02 4.60101715e+02 2.46824756e+03
 2.43281177e+03 7.59785547e+03 1.18796501e+02 1.15292721e+01
 3.84888672e+02 5.10479346e+03 5.99362061e+02 2.94634023e+04
 6.37751961e+00 3.94648486e+03 1.63788452e+02 3.84837061e+03
 1.02350156e+04 8.44816345e+02 2.39544048e+01 4.24330664e+03
 3.94520361e+03 2.06543274e+02 2.98248789e+04 7.26983595e+00
 2.01084828e+00 6.85953613e+03 1.43725449e+04 5.53369370e+01
 1.18070586e+04 1.83013232e+03 4.88310013e+01 1.09194551e+04
 4.27271881e+01 2.08170039e+04 2.58871536e+01 1.06067032e+02
 5.41113424e+00 4.14812202e+01 3.20926704e+01 8.26318848e+02
 1.37800512e+01 2.54923058e+01 1.66482275e+03 2.33816455e+03
 5.32301788e+01 3.73376770e+02 7.15958710e+01 6.88827209e+02
 6.83095884e+00 4.78163605e+01 9.21579895e+02 7.98478882e+02
 2.89065155e+02 6.09254785e+03 1.71655945e+02 6.91385742e+03
 6.86860596e+03 3.18907990e+02 9.14225197e+00 3.03367065e+02
 1.89439106e+01 2.05324878e+03 4.75318024e+02 1.57432451e+04
 1.17739725e+01 9.29231934e+02 1.84696387e+03 1.09844463e+04
 4.21950684e+03 2.53271460e+03 1.07041711e+03 2.99699310e+02
 7.24309961e+03 3.99458711e+04 2.70663757e+01 2.15036562e+04
 2.37872925e+03 1.45740158e+02 1.67577042e+02 1.33518970e+03
 1.17075720e+01 2.53332787e+01 8.10981262e+02 5.48583203e+03
 1.13847511e+02 3.18824512e+03 9.02396870e+00 1.40953705e+02
 4.75317860e+00 1.85799402e+03 1.36110144e+03 1.82502632e+01
 1.04498096e+03 2.84829336e+04 3.60668555e+03 5.79293555e+03
 3.27332495e+03 2.54404953e+02 1.36426559e+02 3.36206238e+02
 1.52811633e+03 1.03046777e+03 3.73455005e+03 7.28966309e+02
 6.60891309e+03 6.38236523e+03 1.01588257e+03 1.27669658e+04
 1.36958899e+03 1.55115205e+04 2.18549829e+03 2.50749609e+03
 7.89519385e+03 3.06233789e+03 1.01343548e+00 7.48265610e+01
 2.98689414e+04 8.53948593e+01 2.45514844e+03 1.63479453e+04
 1.40748892e+01 2.35883545e+03 8.16225128e+01 4.78557320e+01
 1.20297251e+01 7.01018750e+03 2.53399170e+02 1.79737354e+03
 2.43838848e+04 9.64655029e+02 5.01176239e+02 4.97521387e+03
 1.34621362e+03 3.55824707e+03 1.42164879e+01 6.63815771e+03
 3.14689898e+00 1.33809277e+03 3.48978491e+03 6.13097458e+01
 2.03202782e+01 1.05155723e+04 3.88627747e+02 6.60931836e+03
 6.35298889e+02 1.76072717e+03 8.61747681e+02 4.42418701e+03
 4.62952423e+01 9.32098145e+02 9.79158700e-01 3.01771179e+02
 2.32619419e+01 7.18551159e+00 1.70675508e+04 2.18158371e+02
 4.82785858e+02 1.62033951e+02 2.39074278e+00 1.76050461e+02
 1.47807159e+02 3.47647018e+01 1.91781367e+04 1.29625187e+01
 3.55741730e+02 7.04056396e+01 8.08901882e+00 1.45467310e+03
 7.40238953e+02 5.83527893e+02 1.01415752e+04 1.74750870e+02
 5.35403613e+03 3.57494232e+02 2.90127026e+03 1.10118547e+05
 1.88997339e+03 6.99468506e+03 1.69559009e+03 1.05591689e+04
 1.47891680e+04 2.81358057e+03 1.59835022e+02 1.58636719e+02
 5.81869385e+02 8.95797119e+02 1.74668102e+01 1.89567612e+02
 1.31104404e+04 2.60943420e+02 1.78304688e+03 4.37161035e+03
 8.85909546e+02 1.62256256e+02 2.26570496e+02 2.85737949e+04
 5.62248340e+03 8.10779114e+01 2.69559753e+02 4.45139404e+03
 5.93831543e+02 4.68548157e+02 1.10554590e+04 8.13571289e+03
 5.65824829e+02 4.68809668e+03 1.90189207e+00 6.19240601e+02
 3.38148117e+01 2.18898560e+03 2.01218750e+03 2.30299658e+03
 6.65401459e+01 6.16803438e+04 1.30304443e+03 6.84668945e+02
 4.48815948e+02 4.37952156e+01 1.40807903e+00 3.04848203e+04
 7.95317285e+03 7.73074280e+02 3.53415260e+01 1.88759302e+03
 2.78768896e+03 7.35876038e+02 2.72051605e+02 6.53104141e+04
 3.76516271e+00 1.24423180e+01 1.80658574e+04 1.98763196e+03
 6.66425049e+02 1.52826963e+04 4.52988434e+00 1.05182217e+04],11382.933,[1.8079028e+02 3.1111707e+03 1.5923370e+05 1.8456324e+03 2.7846218e+03
 2.3461045e+04 2.8780600e+02 2.2038359e+04 2.0667723e+02 4.1443292e+02
 8.8821295e+02 2.1832305e+03 3.4831702e+02 4.6889981e+02 5.7947021e+02
 5.6193750e+03 1.6614613e+01 6.2133087e+02 7.3728477e+01 8.9252480e+03
 1.4394907e+03 6.4994131e+03 1.0335732e+06 1.0682180e+04 3.7043047e+03
 4.5463740e+03 5.6950047e+01 1.0902179e+03 5.3693048e+02 9.3091914e+03
 1.2138486e+04 6.0998921e+03 3.5015404e+01 4.0933701e+03 4.0709785e+01
 8.6254199e+03 1.3593467e+03 2.2747023e+01 1.0490060e+01 2.3378059e+02
 1.0213186e+04 2.4300804e+02 2.4839863e+04 2.5623331e+00 3.0117793e+00
 3.9861938e+01 3.3006434e+04 1.1198862e+02 9.9560244e+03 1.9238093e+03
 1.2177913e+02 1.4198883e+04 3.3021075e+02 6.0480148e+04 7.3794662e+01
 6.2264691e+02 8.7133163e-01 1.3928644e+02 2.1546735e+02 5.1842556e+00
 1.0487400e+01 7.2636543e+01 6.5547681e+03 2.6450090e+03 8.1998291e+01
 1.6136142e+02 5.0842957e+01 1.2858602e+03 1.8574908e+02 1.2845201e+02
 1.0709365e+03 1.0910474e+03 4.5429157e+01 8.5457344e+03 2.2764461e+02
 1.8067006e+02 1.7504315e+03 7.1532416e+02 8.3496599e+00 3.7301804e+02
 1.2568231e+02 1.5690563e+03 2.9039044e+02 3.4260559e+03 1.0987124e+01
 4.8892842e+03 3.0679526e+02 8.0759561e+03 5.8339821e+01 2.5222820e+03
 7.9749673e+03 7.9739019e+03 1.7159852e+04 8.7944281e+04 1.9421046e+02
 6.2469888e+03 5.2445612e+02 1.2152250e+03 5.5173866e+01 6.6792725e+03
 1.7176729e+01 3.4002890e+02 4.7972241e+03 8.1026362e+03 1.6927309e+02
 2.6937358e+03 2.0827954e+00 6.3621902e+01 1.5733553e+01 1.5641969e+03
 1.5007663e+02 3.6417776e+03 1.6185891e+03 2.5145047e+04 9.4285021e+00
 4.9478931e+03 9.5831963e+03 3.3435330e+02 2.0592897e+02 1.0402701e+02
 1.2411461e+03 5.5338615e+01 3.8892271e+03 8.6038611e+02 7.2799048e+03
 3.3084583e+03 5.9358198e+03 6.4581830e+02 7.6774246e+01 1.3726167e+04
 1.2386378e+03 8.0179897e+03 1.7304856e+03 9.4919697e+03 8.0557632e-01
 9.9703140e+01 2.3977078e+04 4.0446316e+03 4.4264114e+02 1.0197690e+04
 7.1252109e+03 1.4579926e+03 1.1751819e+02 8.9253738e+01 4.3075261e+00
 1.7312672e+02 3.8207617e+02 7.8339127e+01 2.0693309e+04 3.3796840e+04
 2.0311511e+02 3.5527996e+04 1.0879580e+03 4.3316067e+01 2.0297127e+01
 8.7056084e+03 6.5400720e+00 2.3047769e+03 2.9790364e+03 1.0097385e+03
 7.7691177e+01 4.4784546e+01 1.0223093e+03 1.3432474e+04 5.5372571e+02
 2.3314255e+03 1.3757485e+03 6.0889463e+03 3.2434548e+03 2.9065576e+03
 1.0978852e+01 2.3895815e+02 5.5403364e-01 1.1386578e+02 8.6739075e+01
 1.7927034e+02 4.1814600e+02 3.3183252e+02 3.8163300e+00 1.6332727e+02
 2.4314778e+02 4.2883129e+01 2.6520287e+04 6.6993508e+00 6.6942719e+02
 9.5132751e+00 4.8124466e+01 5.9406671e+02 6.0371490e+02 9.8162881e+03
 3.3848276e+03 5.1583752e+02 1.8485801e+03 8.0202598e+03 2.5777429e+03
 6.1525824e+04 3.8034055e+03 2.5222910e+03 1.8115083e+03 2.3868660e+03
 8.7315231e+01 2.1887839e+03 5.7580902e+02 2.9684396e+02 1.8749612e+02
 7.2891046e+02 2.9341578e+01 1.3819885e+03 1.5761470e+04 8.4668411e+01
 3.0829539e+03 1.2233673e+03 7.9968056e+01 1.2441206e+02 5.4307544e+02
 1.0110993e+02 3.2457215e+04 3.7601368e+01 1.4136597e+02 6.7891953e+03
 2.5012197e+03 2.6125562e+02 1.5526877e+04 6.4719702e+03 1.7033261e+02
 4.6978330e+03 1.3697655e+01 1.0043444e+03 9.3900586e+03 2.9722820e+03
 2.0160109e+04 2.5474700e+03 2.9600082e+02 3.4040023e+04 5.7627142e+02
 1.6807307e+03 1.1388605e+02 6.7687065e+01 1.4138103e+00 3.9625473e+04
 8.3588857e+03 6.5644757e+02 2.7998544e+02 1.0391441e+04 1.7705094e+03
 5.2770410e+03 1.1060068e+03 2.8019802e+01 6.1249514e+00 6.7727118e+02
 1.6092048e+04 1.8113671e+03 4.1570908e+03 5.5685473e+04 2.4635425e+00
 1.7504133e+03],-978.5983,-1110.295,-1452.1116,1.5753975,15.75462,0.21987829,0.9384452,0.01681218253135681,14846.912211894989,0.125,0.125,-0.15058886003692493,-0.001524499994483536,-0.15067568376155108,-0.001540776859993114,-0.6510313562746388,25.249999999996884,0.0,900000.0,-10.0,-5000.0,500.0,7.425353765487671,900000
1003.6168,0.037345756,0.06755727,0.0024045534,-1002.90393,1002.90393,[2.77039289e+00 7.03425944e-01 1.70331395e+00 4.47235203e+00
 3.48284133e-02 1.61049497e+00 1.21492815e+00 1.09046102e-01
 2.26720085e+01 4.43685341e+00 2.58184560e-02 4.98395967e+00
 5.91974831e+00 2.04492792e-01 6.89731121e+00 9.08247530e-02
 1.43247299e+01 2.20635563e-01 3.97808328e-02 6.77780914e+00
 1.08108521e-01 9.25977677e-02 3.03496607e-02 2.31099203e-02
 6.94744945e-01 2.63081610e-01 5.39857244e+00 1.40771532e+00
 3.56718637e-02 2.26886913e-01 8.96388292e-02 3.47029328e-01
 4.36555481e+00 1.57733679e+00 9.82736796e-02 3.90858316e+00
 2.50370093e-02 2.63143659e-01 4.98505163e+00 3.74439096e+00
 5.64790368e-01 3.97147536e-01 1.75402236e+00 6.59960270e-01
 2.44994551e-01 3.41459513e-01 2.69310594e+00 6.97734475e-01
 2.06022406e+00 1.78901601e+00 2.28994220e-01 2.03057098e+00
 7.60145569e+00 7.50084877e+00 3.99347544e+00 3.66660684e-01
 3.05565834e-01 2.08815604e-01 4.66293871e-01 1.82187743e-02
 6.42615204e+01 8.29791427e-02 1.92080691e-01 2.56024420e-01
 5.76722145e+00 9.90755856e-02 2.33116937e+00 1.94070280e-01
 1.72365457e-03 4.73077476e-01 9.43062603e-01 8.17671239e-01
 6.28423214e-01 9.85874236e-02 3.55858058e-01 3.75859594e+00
 1.66969943e+00 2.97264196e-02 2.90267736e-01 1.04046226e+00
 1.87789083e-01 1.15277779e+00 1.41279340e-01 1.56656563e+00
 9.12593269e+00 3.40098023e-01 1.36137083e-01 9.01361561e+00
 1.75634205e-01 1.60609665e+01 2.63984092e-02 4.22814322e+00
 2.42544723e+00 2.67345011e-01 7.83334821e-02 3.08361985e-02
 1.14337111e+00 7.30660200e-01 1.30162805e-01 7.33275757e+02
 3.69571686e+00 1.57015705e+00 1.53684258e+00 3.56822878e-01
 2.78566666e-02 1.82464826e+00 3.77848744e-02 1.01788417e-01
 2.12234840e-01 3.93165983e-02 6.61045313e-03 3.44484215e+01
 1.91223308e-01 4.52307798e-02 2.29908809e-01 1.09636426e-01
 4.34370339e-02 4.69341613e-02 1.50927162e+01 9.66289043e-02
 2.70644045e+00 8.73438418e-02 1.91987246e-01 4.55335677e-01
 4.17883110e+00 1.92928091e-01 3.34675647e-02 7.72203565e-01
 9.97102642e+00 1.45533597e+00 1.37570286e+00 1.18935597e+00
 5.01170039e-01 2.79423773e-01 3.78421426e+00 5.36240377e-02
 3.49499464e+00 1.63366280e+01 4.49255109e-01 2.55593109e+00
 1.70207620e-01 1.08710028e-01 6.20986857e-02 3.56372833e-01
 3.27661276e-01 7.56171227e+00 2.19257936e-01 2.68563390e-01
 6.45962620e+00 6.56959414e-01 7.42375135e+00 7.65670985e-02
 9.28709221e+00 8.30216026e+00 2.54814804e-01 5.54345489e-01
 1.36716926e+00 2.33925469e-02 2.81315460e+01 8.80655199e-02
 5.75367546e+00 2.92848855e-01 1.83772576e+00 3.54015410e-01
 8.40061307e-02 7.32361794e-01 2.21050429e+00 1.32308114e+00
 2.77349257e+00 2.20808196e+00 2.29915798e-01 2.02257586e+00
 1.78081226e+00 1.53078723e+00 1.10992491e-01 8.55634362e-02
 1.94552302e-01 5.50033092e-01 2.19324544e-01 7.80313909e-02
 8.74349236e-01 2.65945721e+00 2.13939697e-01 3.50818157e+00
 1.43577204e+01 1.48156719e+01 4.27825749e-01 1.50968134e-02
 7.94029903e+00 7.20311940e-01 6.58165455e-01 1.26929015e-01
 1.64058954e-02 8.47892821e-01 8.23287392e+00 3.81642953e-02
 2.40821660e-01 1.20857692e+00 7.76473433e-02 1.48306537e+00
 1.89350963e+00 6.47157207e-02 6.68587446e-01 1.44969925e-01
 5.22460416e-03 4.53934860e+00 1.63289711e-01 2.36645198e+00
 1.71475487e+01 7.91338980e-02 3.18835115e+00 1.37001836e+00
 2.83297133e+00 1.60155725e+00 1.43841600e+00 7.02151731e-02
 6.00838006e-01 9.17882442e-01 7.56952953e+00 7.13229716e-01
 1.29978299e-01 3.07234563e-02 1.90498865e+00 1.38470101e+00
 9.72978294e-01 1.20830786e+00 3.34243298e-01 1.81935596e+00
 5.48123837e-01 8.56677055e-01 8.57691348e-01 1.07615232e-01
 3.47363591e-01 1.54568911e+00 5.48391677e-02 1.25050297e+01
 2.11211670e+02 2.61154222e+00 2.31877947e+00 4.58123274e-02
 2.22845674e-02 2.28893191e-01 2.16378301e-01 7.73680176e+03
 3.06984261e-02 1.62947878e-01 3.07863742e-01 1.63490927e+00
 1.25866085e-02 3.45854998e+00 7.91015625e-02 2.53482647e-02
 3.89518321e-01 3.03766193e+01 1.37368232e-01 4.33888473e-02],80.36915,[1.07068837e+00 3.14119816e-01 9.03683305e-02 3.71119046e+00
 1.11300707e-01 1.91503048e+00 7.94019461e-01 6.46522790e-02
 4.25247192e+00 1.13172121e+01 4.64358963e-02 1.32599592e-01
 3.23525453e+00 9.15119648e-02 8.10839906e-02 1.55658513e-01
 2.22596207e+01 3.33206773e-01 1.12080127e-01 3.21224809e-01
 1.55932474e+00 2.23266572e-01 1.48456432e-02 1.43527880e-01
 2.00307101e-01 1.31794110e-01 3.95207137e-01 1.60316682e+00
 1.04389697e-01 3.28740925e-01 1.32710636e-01 4.75865975e-02
 7.14715421e-01 1.09445021e-01 2.75737226e-01 5.15956938e-01
 1.55985355e-02 2.41890207e-01 3.61006689e+00 6.95275813e-02
 1.41526437e+00 9.36094075e-02 3.07637990e-01 2.44290419e-02
 9.86748040e-02 3.68382215e-01 1.64449227e+00 7.79584050e-02
 9.70478177e-01 1.03184849e-01 1.83257997e-01 5.55119872e-01
 6.19573355e-01 5.57284737e+00 3.34845662e-01 2.01256514e-01
 1.23333074e-02 2.20680863e-01 8.96868885e-01 5.19589335e-02
 1.88011597e+02 1.46223858e-01 1.15082398e-01 6.28617644e-01
 1.00625902e-01 9.51519608e-01 5.23840263e-02 1.97392035e+00
 2.48932429e-02 4.83555555e-01 1.09490764e+00 8.92041981e-01
 2.56561309e-01 1.03575170e-01 9.34317231e-01 6.35220110e-02
 4.77639294e+00 1.13069057e-01 1.15452111e-01 1.48459125e+00
 4.83993113e-01 1.05730009e+00 8.00444037e-02 1.45992804e+00
 3.47339302e-01 4.17845607e-01 7.30970800e-02 5.49225882e-02
 9.21762735e-02 3.22161943e-01 3.66617031e-02 8.55406642e-01
 4.49931353e-01 4.44699705e-01 7.60757327e-02 8.38904455e-03
 5.70824631e-02 9.85069871e-01 2.01177359e-01 1.71259125e+02
 2.95064211e-01 5.84666491e-01 3.02120924e-01 2.30173886e-01
 1.01067200e-01 6.99116886e-02 1.09243348e-01 2.91755855e-01
 2.00294346e-01 4.20509070e-01 4.57397588e-02 9.01661301e+01
 2.78904498e-01 1.00349054e-01 5.89839593e-02 2.46889934e-01
 1.00836344e-02 1.99779883e-01 2.02387161e+01 1.49573222e-01
 1.68655944e+00 2.99136370e-01 1.13962531e-01 9.65983927e-01
 4.21495533e+00 2.58937240e-01 1.81317657e-01 7.50345349e-01
 1.75454445e+01 7.26615936e-02 3.13523769e-01 5.52518554e-02
 1.05978683e-01 1.83169134e-02 1.99200630e+00 1.29383087e-01
 4.20821458e-01 8.53305359e+01 5.88424563e-01 3.15526813e-01
 1.72705841e+00 5.83031476e-02 1.88343301e-02 2.09056163e+00
 5.37805200e-01 3.05252018e+01 1.25375763e-01 4.21453446e-01
 2.02680960e-01 9.30052757e-01 1.23652315e+00 9.39614475e-02
 8.97517502e-02 6.42322063e-01 6.11391068e-02 1.65868402e-01
 1.91618547e-01 5.39305694e-02 1.40918655e+02 1.98830381e-01
 3.06727409e-01 2.01440789e-02 3.00597131e-01 5.13963588e-02
 2.96612717e-02 1.90702093e+00 4.68469524e+00 1.19441712e+00
 3.41491461e+00 3.09509373e+00 8.27733707e+00 1.46507537e+00
 4.02997881e-01 2.37996623e-01 3.02756399e-01 2.51266450e-01
 6.61095500e-01 7.92464375e-01 7.35375285e-02 9.25268382e-02
 4.92506832e-01 1.01759136e+00 2.48527765e-01 1.90616846e-01
 6.30009155e+01 7.39989614e+00 2.07682312e-01 5.66463359e-02
 8.68975163e+00 1.55940741e-01 4.01661634e-01 1.83088899e-01
 5.62812462e-02 7.17060864e-02 9.16519928e+00 3.21821809e+00
 5.25771454e-02 8.96381736e-02 9.75091010e-02 2.68645930e+00
 1.30577460e-01 2.12973692e-02 4.19363439e-01 1.15540661e-02
 4.79907170e-02 3.64916801e-01 6.12955168e-02 8.14079523e-01
 2.28117561e+01 1.91337526e-01 4.27625030e-01 7.65170753e-01
 5.35100079e+00 1.00398958e-01 2.03279629e-01 2.23464131e-01
 1.47811323e-02 1.34288502e+00 1.89302349e+00 1.97489619e-01
 6.01662137e-02 2.05938995e-01 2.95505255e-01 1.56614208e+00
 1.09411335e+00 8.99515927e-01 5.91920353e-02 3.42811537e+00
 4.35794502e-01 9.63645339e-01 7.20752120e-01 1.42168738e-02
 1.73514202e-01 4.15389657e-01 1.73457876e-01 7.89719224e-02
 1.91720947e+02 1.09083045e+00 6.82176471e-01 2.05030307e-01
 1.37711167e-02 2.75699615e-01 7.53725469e-02 1.62752959e+04
 1.31695926e-01 3.88256609e-01 4.32354927e-01 1.38809597e+00
 4.10917580e-01 9.26376283e-01 8.98196995e-02 2.13691965e-03
 3.73918787e-02 5.45490494e+01 1.30643174e-01 9.62565988e-02],-971.5165,-1007.31287,-1498.2161,1.0067804,1.0770242,0.93580866,0.9260392,394.51877,-248.94165,1840.7881,1104.812,1.130844,0.557048,0.11816094,-1098.1107,1098.1107,[3.63078174e+03 4.86009961e+03 1.94667371e+03 3.03628223e+03
 1.81468594e+04 2.79424011e+02 1.63918262e+03 5.51664160e+03
 1.45617065e+02 1.65208131e-02 5.80521797e+04 1.32599487e+03
 8.66083679e+02 1.37304541e+04 4.82377197e+02 1.23948672e+04
 1.57136621e+03 1.29698008e+04 3.72778442e+03 1.73501294e+03
 3.93319023e+04 1.34300068e+04 1.05505410e+04 4.87052803e+01
 8.20323047e+03 2.79399048e+03 2.31476914e+04 6.02525520e+01
 2.46845410e+03 2.30830127e+03 4.14104541e+03 8.19772754e+03
 1.06585571e+02 1.76580879e+04 2.07273346e+02 2.57315088e+03
 2.17258447e+03 4.09375458e+01 1.24008711e+04 4.21088379e+03
 5.07575989e+01 1.63708799e+04 6.71670166e+02 6.51690869e+03
 2.22676010e+01 1.98569287e+03 1.05352637e+03 4.34038037e+03
 3.15125732e+03 9.48582520e+02 5.18649340e+00 1.26724268e+03
 5.78430634e+01 5.97345752e+03 1.56867432e+04 4.07738533e+01
 4.37432656e+04 1.25909935e+02 4.22181299e+03 2.45841943e+03
 4.06374283e+01 2.42808533e+00 1.47841516e+05 1.07802763e+01
 1.15970276e+03 2.37638848e+04 3.04384338e+02 3.30599579e+02
 2.26971558e+02 5.31747363e+03 2.77181892e+01 6.68814453e+03
 2.12782910e+03 1.60953625e+03 1.50517480e+03 3.91917871e+03
 8.85801660e+03 7.93036987e+02 4.11076211e+04 4.65696484e+03
 7.13770065e+01 5.73186230e+03 3.41443138e+01 1.69714294e+02
 1.12684902e+04 3.53679023e+04 3.19288086e+03 1.39224906e+05
 1.03329077e+03 9.32099548e+02 1.45760596e+03 3.94261292e+02
 1.75431653e+03 8.20947693e+02 4.34223750e+04 6.35428711e+02
 2.19590156e+04 8.10698059e+02 5.25020625e+04 4.25323372e+01
 5.91100244e+03 6.73882019e+02 3.55582959e+03 2.64338477e+04
 3.79901543e+01 5.65166895e+03 1.56933667e+03 3.85891479e+03
 8.76222949e+03 4.09547485e+03 2.15634082e+04 2.73842383e+03
 5.28568848e+03 3.00610580e+01 1.11709375e+01 6.72098633e+03
 4.00668091e+03 4.75681030e+02 2.91776352e+01 1.73081329e+02
 2.03548376e+03 4.04805664e+03 2.26346786e+02 9.83972595e+02
 1.77235901e+03 1.10286853e+03 1.53165527e+04 3.53263969e+01
 9.70748828e+03 9.63690735e+02 5.00743246e+00 2.29138164e+04
 1.60614502e+04 7.28936963e+03 3.14141992e+04 3.40349072e+03
 3.51091260e+03 6.46027344e+02 2.99836731e+02 4.27176562e+03
 2.76939707e+04 1.95920984e+03 2.33015182e+02 8.41471100e+01
 8.12364795e+03 1.93867273e+03 1.04822864e+03 1.90804958e+01
 4.52961914e+03 2.10110596e+03 6.42458838e+03 5.88065469e+04
 6.66531555e+02 1.37951584e+01 7.06538125e+04 1.47361145e+02
 3.13633374e+03 1.08949570e+04 7.07435760e+01 8.61408203e+02
 9.60230391e+04 1.07343530e+03 1.93741409e+02 2.33916359e+05
 4.10315971e+01 1.28236456e+01 3.88706367e+04 4.31094599e+00
 1.87257080e+02 1.75041345e+03 3.18457266e+04 1.25850366e+03
 5.77807007e+01 9.51574609e+03 1.24893726e+03 4.17737846e+01
 6.62887793e+03 1.01491621e+04 7.10508203e+03 4.85462500e+03
 3.31071826e+03 3.39700134e+02 3.06721094e+03 6.55122949e+03
 9.57172656e+03 6.90702148e+02 8.11317822e+03 7.59280014e+01
 1.22526201e+04 1.51639678e+04 7.72788391e+02 1.79066089e+03
 3.33323517e+02 2.85580475e+02 3.16387773e+04 1.35278540e+03
 7.38262634e+02 3.69404373e+01 3.12835864e+03 3.25437012e+03
 3.33447852e+04 8.54344727e+03 1.56563461e+02 1.68284241e+03
 1.75055145e+02 9.85604492e+03 5.78899109e+02 3.67989014e+02
 4.99385010e+03 2.15687573e+03 1.16021992e+04 6.27487564e+00
 7.34273926e+02 1.06025293e+04 4.08064514e+02 2.56937085e+03
 1.49277222e+02 4.05936816e+03 1.22434654e+02 4.99787109e+02
 8.67203125e+02 6.78580371e+03 1.10663879e+03 1.32910876e+03
 1.49898575e+02 2.18383154e+03 6.35259521e+02 1.59008606e+03
 5.78112500e+03 8.59594917e+00 5.21871094e+02 3.87573730e+03
 2.12573090e+02 2.11095508e+03 3.96511139e+02 8.26188721e+02
 4.30990186e+03 3.00499146e+02 3.74171094e+03 9.49333203e+03
 2.77933105e+02 2.83186279e+03 2.80321866e-01 1.88881592e+02
 5.33927930e+03 1.17566371e+00 3.17267487e+02 1.93480029e+03
 1.05577844e+03 4.51828814e+00 8.74314551e+03 5.35420703e+03
 6.00942871e+02 6.17403442e+02 6.09979980e+03 3.76887131e+00],22319.36,[1.60247388e+03 7.80260400e+03 2.57161572e+03 6.94126648e+02
 5.59353555e+04 6.12067871e+02 7.23528760e+03 1.16859307e+04
 1.95900879e+02 2.78855629e+01 3.25726797e+04 4.12916484e+04
 3.35878589e+03 2.63889600e+03 6.40314575e+02 1.40351572e+04
 7.31044495e+02 1.35193506e+04 2.80332312e+05 8.50608032e+02
 5.60980391e+04 4.28121094e+04 8.40763626e+01 2.12144913e+02
 6.56192688e+05 8.50150488e+03 2.79604980e+04 9.39180237e+02
 5.28927734e+03 3.39505542e+03 3.51606689e+03 5.66504922e+04
 2.55691193e+02 3.41841846e+03 1.93639313e+02 2.60956133e+04
 1.38030786e+03 2.27464561e+01 1.79012422e+04 1.04245312e+04
 1.93881836e+02 4.68210303e+03 2.73699438e+03 3.80713940e+03
 1.82381096e+01 1.11524155e+02 6.45600830e+02 3.35786602e+04
 2.33296924e+03 7.09610901e+01 9.98956919e-01 1.28333362e+03
 1.00091255e+02 1.84317441e+04 6.45163513e+02 4.62293968e+01
 1.93561219e+05 2.49896866e+02 9.54414648e+03 8.38120508e+03
 2.99100132e+01 9.61729050e+00 1.68238406e+05 1.57291470e+01
 2.79594238e+03 3.11228770e+04 3.75245178e+02 7.37865540e+02
 1.59292042e+00 1.10806582e+04 4.08348961e+01 1.73292324e+04
 1.63621655e+03 1.02931152e+03 3.58932056e+03 1.42383545e+03
 1.46250430e+04 4.86929590e+03 3.80828438e+04 2.90328477e+04
 3.64752167e+02 4.26245215e+03 1.10000145e+02 5.38969788e+02
 2.14211797e+04 4.41023789e+04 6.48978271e+03 2.69066594e+05
 1.04720544e+03 5.58499146e+02 1.73154663e+03 7.09488464e+02
 1.57497969e+04 8.72314697e+02 9.52670859e+04 1.95978198e+03
 2.32029297e+04 2.66766113e+02 1.83831372e+03 2.36336197e+02
 3.90615039e+03 3.96292572e+02 3.48077197e+03 3.03426484e+04
 4.97829018e+01 1.24569883e+04 1.92667715e+04 7.49668457e+03
 2.70321338e+03 1.52751050e+03 8.71509375e+03 2.79211987e+03
 4.11107764e+03 1.25801965e+03 6.22121954e+00 4.32618750e+03
 5.53949463e+03 1.55935226e+02 2.98461952e+01 7.42766724e+01
 9.56274219e+03 6.11110986e+03 1.12841454e+02 1.32498359e+04
 6.26603394e+02 1.54025476e+03 2.16916074e+04 6.81700287e+01
 8.94747266e+03 8.06414307e+02 1.76409397e+01 2.72649316e+04
 2.78993145e+04 2.91087109e+03 3.41476562e+04 2.50497266e+03
 3.57791797e+03 1.47261658e+03 7.18598877e+02 1.25627627e+04
 1.66437500e+04 6.79956543e+02 2.20979218e+02 1.66928357e+03
 8.40362109e+03 1.45153027e+03 1.06944165e+03 1.20972786e+01
 4.91485254e+03 7.55413672e+03 5.93726514e+03 6.14397734e+04
 1.60098038e+02 3.37686348e+01 7.90195859e+04 2.35328598e+02
 1.99722888e+03 1.12222715e+04 3.26404053e+02 1.31667859e+03
 7.10024062e+04 1.46410669e+03 3.20289551e+03 1.92306594e+05
 9.86790314e+01 1.46180298e+02 4.13369375e+04 7.60788536e+00
 9.36737366e+01 1.90605151e+03 3.49343359e+04 1.27329773e+03
 3.20217957e+02 6.60778137e+02 3.38826625e+05 8.69487457e+01
 3.18336548e+03 1.25330586e+04 6.25137598e+03 1.65323840e+03
 6.03889771e+02 2.18710254e+03 3.26714990e+03 2.16360273e+04
 6.53748438e+03 6.72438110e+02 6.53969141e+03 1.48681870e+02
 3.88996836e+04 1.62983398e+03 8.38849548e+02 2.55064727e+04
 9.98018652e+03 4.34631531e+02 1.44782080e+04 1.15422900e+03
 2.87202545e+02 1.48523636e+02 1.78530981e+03 1.98363086e+04
 8.39405640e+02 1.53689941e+04 3.89098999e+02 2.24586279e+03
 2.28050507e+02 1.73781777e+04 2.88054779e+02 8.57306938e+05
 5.69298633e+03 3.62457520e+02 1.40054541e+04 5.66500807e+00
 2.56227271e+03 1.51388154e+04 3.83137085e+02 4.46726074e+03
 4.33625244e+02 1.23505176e+03 5.51948242e+02 2.68788867e+03
 5.25874170e+03 2.67455176e+03 2.53080737e+03 4.33358691e+03
 2.77249786e+02 1.83077222e+03 2.15226562e+04 8.18097107e+02
 4.53364404e+03 1.02188396e+01 1.83145459e+03 2.12432109e+04
 3.05663066e+04 2.22478875e+05 1.02982773e+02 9.78336035e+03
 8.22238672e+03 1.29078882e+03 1.23148506e+04 7.18069727e+03
 5.79611633e+02 8.72704529e+02 7.28948069e+00 6.09433777e+02
 2.87363555e+04 1.21058488e+00 4.34465271e+02 6.59622656e+03
 3.87447681e+03 5.38959351e+02 7.51058887e+03 4.06037329e+03
 2.28584183e+02 1.46958069e+02 6.89792383e+03 7.59578247e+01],-975.99664,-1151.2258,-1488.3605,1.5496757,10.126924,0.056175783,0.93407977,0.01745405873298645,15283.263694524765,0.4375,0.4375,-0.16082488081185395,-0.0008698932634126049,-0.16082204563253547,4.721597612616705e-05,30.733625718126337,25.249999999996884,0.0,925000.0,-7.0,-3578.0,500.0,8.915388822555542,925000
1000.3363,0.05458805,0.08051586,0.001982067,-999.47656,999.47656,[1.42886902e+02 3.24628383e-01 1.82285576e+01 1.48044959e-01
 3.43215048e-01 2.62573898e-01 2.86838681e-01 2.41599008e-01
 3.15299809e-01 1.66179702e-01 2.92593300e-01 1.96579671e+00
 7.81656206e-02 7.39714146e-01 1.36382842e+00 2.86967826e+00
 1.21930513e+01 1.80312052e-01 1.45989037e+01 5.12117982e-01
 1.25425249e-01 2.29877308e-01 1.86616987e-01 6.77503347e+00
 1.00123954e+00 1.75097513e+00 4.80991721e-01 2.53273934e-01
 1.32067108e+00 2.30893183e+00 9.57507133e-01 1.55295801e+00
 6.40575171e-01 6.46410227e-01 3.95605850e+00 3.63121510e-01
 1.55082852e-01 2.79386699e-01 2.40658879e-01 3.75238210e-01
 5.64700305e-01 2.35396490e-01 2.82304823e-01 7.83344954e-02
 1.47379935e-01 1.72905028e+00 1.24858260e+00 2.49997616e-01
 3.97627640e+00 2.13428068e+00 8.73177350e-02 2.75201082e-01
 1.11781442e+00 1.20742857e-01 3.24717617e+00 3.97735387e-01
 2.91963041e-01 3.71055126e-01 5.94236183e+00 4.83005524e-01
 1.00984049e+00 3.34685087e-01 2.48585439e+00 2.78593426e+01
 2.27267623e-01 9.20474648e-01 5.25546646e+00 1.46388218e-01
 5.55121994e+00 3.63799405e+00 5.96117735e-01 1.74599379e-01
 5.41046858e+00 2.66699257e+01 4.64636564e+00 7.17801034e-01
 8.33357573e-02 7.87113953e+00 2.32701898e-01 1.62160859e-01
 3.46144915e+00 9.53564942e-01 5.80519378e-01 1.70909512e+00
 5.16132474e-01 3.51640016e-01 1.49055600e-01 3.87617946e-01
 1.23425531e+01 6.21927142e-01 6.33686632e-02 2.11103363e+01
 1.35640830e-01 1.46551991e+00 4.03074324e-01 6.43638253e-01
 1.18470139e+02 4.42789495e-01 6.33879125e-01 2.76064694e-01
 3.84366703e+00 4.69745547e-01 9.14498091e-01 1.59595156e+00
 2.14203835e-01 9.63458478e-01 2.05956861e-01 3.96485776e-01
 3.06970119e-01 2.49949664e-01 1.84647381e-01 3.74464959e-01
 4.25361395e-01 3.23350221e-01 4.04635370e-01 8.50166857e-01
 5.99466562e-01 9.06925392e+00 2.54505062e+00 1.30784079e-01
 3.53470850e+00 1.49567003e+01 9.62077379e-01 1.62530750e-01
 4.27786112e-01 1.32919693e+00 6.48377228e+00 3.15770984e-01
 3.35577941e+00 1.18096428e+01 1.10753953e-01 4.82409060e-01
 4.33258206e-01 9.99440402e-02 1.74250245e+00 2.78493214e+00
 1.66641045e+00 1.39217079e-01 4.55487013e-01 2.07216811e+00
 3.80514681e-01 5.53600836e+00 2.56698966e-01 7.86160851e+00
 7.95003176e-01 1.00116909e+00 7.77382031e-03 1.69336736e-01
 4.47480649e-01 1.31561530e+00 1.60589147e+00 9.50607210e-02
 8.00060928e-02 2.16091096e-01 9.60306078e-02 2.21582890e+00
 5.52669823e-01 9.13808197e-02 5.89367270e-01 3.11389327e-01
 2.79689741e+00 1.30922779e-01 4.41875875e-01 3.08591032e+00
 2.80113101e-01 3.71944696e-01 4.88777256e+00 9.42248166e-01
 3.04937649e+00 9.33341980e-02 1.54821324e+00 5.38137865e+00
 1.95529819e+00 3.94824296e-01 7.28302300e-01 8.71661603e-02
 8.60329986e-01 1.32683292e-01 3.84000629e-01 2.25655956e+01
 7.25879073e-01 1.92633435e-01 8.65024328e-01 9.11968291e-01
 3.88568223e-01 1.43828914e-01 2.05078080e-01 9.47391319e+00
 1.56007290e+00 2.40469128e-01 4.55600709e-01 1.88214245e+01
 2.42295206e-01 3.36969733e-01 7.11733162e-01 8.16133785e+00
 1.23416626e+00 2.17322656e+03 6.05577409e-01 8.93438637e-01
 6.37207365e+00 2.25176668e+00 3.47658157e-01 1.61183572e+00
 1.72346249e-01 1.51725456e-01 1.93351239e-01 1.73345834e-01
 9.78590697e-02 2.08809233e+00 3.66933990e+00 2.66549969e+00
 7.43409395e+00 1.07349415e+01 1.38137668e-01 2.87747562e-01
 1.44362673e-01 8.52091026e+00 1.75863028e+00 1.88931495e-01
 2.76505619e-01 3.76179993e-01 5.92381358e-01 3.77645016e-01
 1.13901067e+00 4.22341004e-03 2.52682507e-01 1.00172222e-01
 1.57675236e-01 2.01391840e+00 1.86459470e+00 4.05848122e+00
 1.95897281e-01 9.82280672e-01 4.20513183e-01 9.73576605e-01
 1.49698138e-01 3.33067775e-01 6.21141434e-01 2.53111184e-01
 3.89170408e-01 2.72781539e+00 1.20713621e-01 3.80811989e-01
 4.00081015e+00 1.59258217e-01 1.30390137e-01 8.55331659e-01
 3.52967525e+00 2.11140633e+00 2.65042454e-01 1.59169167e-01
 2.26941362e-01 4.68917191e-01 4.85562325e+00 2.88975090e-01],15.691271,[1.60527283e+02 7.70698667e-01 1.45514771e-01 1.63818657e-01
 2.02263772e-01 1.94979385e-01 1.76208317e-01 3.26116264e-01
 2.54090250e-01 3.29491973e-01 2.50803888e-01 1.17647343e+01
 6.09247327e-01 3.52960408e-01 7.85985947e-01 4.52174902e-01
 3.17844319e+00 2.13278264e-01 1.30822659e+01 1.31332055e-01
 3.95995498e-01 2.65387952e-01 1.96179926e-01 7.38622546e-01
 3.97709101e-01 3.12254250e-01 5.39291561e-01 2.26481527e-01
 2.02333406e-01 4.82833624e-01 2.86992222e-01 2.03775644e+00
 6.42448783e-01 6.73375249e-01 3.97834554e-03 2.08623916e-01
 1.13081604e-01 2.62687355e-01 6.18480504e-01 2.60226160e-01
 4.24529731e-01 1.47092164e-01 2.10654035e-01 2.04615086e-01
 8.42684880e-03 4.36068177e-01 1.20914981e-01 3.39661568e-01
 6.33507919e+00 9.08766460e+00 4.67876554e-01 1.47230640e-01
 2.92998552e-01 1.50089657e+00 1.08705804e-01 4.03466463e-01
 3.58830482e-01 3.23590815e-01 8.20067674e-02 3.85899782e-01
 2.88185358e-01 1.79393664e-01 2.53655720e+00 1.05114517e+01
 3.21399033e-01 1.59769431e-01 2.92072582e+00 2.61997223e-01
 8.55705082e-01 3.08029532e-01 3.87070239e-01 2.96737671e-01
 5.03070259e+00 9.70557785e+01 2.48841763e-01 4.10641819e-01
 7.98863471e-02 3.80744845e-01 2.89092213e-02 2.38472536e-01
 4.60960865e-01 2.04349518e+00 4.24993485e-01 4.41904992e-01
 4.14017349e-01 2.80641645e-01 1.62441343e-01 3.01005423e-01
 3.92331555e-03 1.27245814e-01 5.81510812e-02 9.75156975e+00
 1.30402163e-01 9.74790156e-02 3.08270484e-01 4.98116732e+00
 8.13647461e+01 3.48708153e-01 2.33599931e-01 6.16407879e-02
 2.37387210e-01 3.22916001e-01 8.77395391e-01 4.65197945e+00
 4.04220343e-01 8.36256742e-01 2.12842524e-01 3.25333297e-01
 1.88042700e-01 2.35805750e-01 2.65140921e-01 2.54259408e-01
 3.71467829e-01 2.05868259e-01 3.94433975e-01 2.73634493e-01
 3.12817514e-01 5.99559285e-02 6.91680014e-02 2.40618154e-01
 1.95107639e+00 2.29385710e+00 2.53924036e+00 7.14237392e-02
 1.90294862e-01 1.69829726e+00 4.81103435e-02 3.25666964e-01
 1.37883639e+00 1.08378458e+01 2.36718759e-01 2.35420719e-01
 2.77868986e-01 3.17571968e-01 1.99313238e-01 1.35066128e+00
 6.19534589e-02 1.01100028e-01 5.33379674e-01 2.85488176e+00
 3.01343501e-01 1.94068527e+01 1.49495021e-01 6.47614098e+00
 3.79617549e-02 5.22806793e-02 3.67332220e-01 2.84649804e-02
 3.61585021e-01 1.22087091e-01 6.38720691e-01 2.03803897e-01
 3.23146023e-02 3.06221902e-01 1.53256476e-01 1.64248243e-01
 5.03837705e-01 7.65400529e-02 4.79475409e-01 2.09276497e-01
 2.20931545e-01 1.39017299e-01 2.66663402e-01 8.64276737e-02
 1.36774197e-01 4.41851854e-01 8.29430103e-01 6.46866858e-01
 5.10195911e-01 3.89176697e-01 2.73271382e-01 1.20582495e+01
 3.04286510e-01 3.74184072e-01 6.85797453e-01 2.18121529e-01
 2.21914864e+00 1.41256407e-01 1.67230082e+00 5.99297464e-01
 1.37687647e+00 9.55264270e-02 9.25847232e-01 3.79409611e-01
 2.43693173e-01 3.51801097e-01 1.83490679e-01 8.68802369e-01
 1.06198335e+00 2.38191992e-01 1.02374148e+00 4.48473740e+01
 3.71367455e-01 1.31230366e+00 7.33261824e-01 1.16718111e+01
 4.12717402e-01 2.17937183e+03 4.18648422e-01 1.75017789e-01
 4.73463726e+00 2.28612375e+00 1.98218241e-01 2.42854446e-01
 2.20581010e-01 9.31766182e-02 3.31453271e-02 7.29916692e-02
 4.35493365e-02 2.41389799e+00 2.43687177e+00 2.08326721e+00
 5.75629473e+00 3.27782440e+01 2.46534050e-01 2.71159232e-01
 1.20606437e-01 7.86146641e-01 2.60224074e-01 2.25837544e-01
 4.85520661e-01 3.56310993e-01 5.08665033e-02 2.51716733e-01
 1.07896996e+00 4.99644764e-02 2.00734094e-01 9.84811187e-02
 8.43517482e-02 6.58386052e-01 1.72056592e+00 3.75672013e-01
 8.22366625e-02 1.30493678e-02 6.06914796e-02 1.41734332e-01
 1.48848683e-01 2.98083425e-01 2.23843962e-01 2.14855239e-01
 2.33114541e-01 1.31207156e+00 6.54277503e-02 2.17780757e+00
 4.36821222e+00 1.93175435e-01 4.34810668e-01 5.26811369e-02
 2.22919017e-01 2.72203773e-01 2.60215223e-01 3.67829621e-01
 1.64480448e-01 2.56865680e-01 7.88165629e-01 2.08542034e-01],-972.0337,-1005.761,-1476.6226,1.0084397,1.1220437,0.8703467,0.92615056,660.07104,-1949.5304,3088.4468,1082.1201,0.95012933,0.49117866,0.116563275,-1076.2582,1076.2582,[1.85546589e+00 6.43038965e+03 2.15198950e+03 6.70964844e+02
 5.59369873e+03 1.43201086e+03 1.49798645e+03 5.87277832e+01
 8.43159790e+01 1.51590057e+02 5.89403564e+02 7.09650024e+02
 5.61445389e+01 1.93578301e+04 2.97006079e+03 5.50271680e+04
 2.69600156e+04 3.34047913e+02 1.60375977e+01 8.50148730e+03
 1.13577368e+03 2.32359428e+01 1.90108984e+03 1.53620636e+02
 6.52675200e+00 6.45768547e+00 9.92847534e+02 1.71705151e+03
 1.59154678e+02 9.30643982e+02 5.74332031e+02 8.26613846e+01
 6.10185623e+00 9.25124512e+01 3.34173926e+03 1.63087852e+04
 3.11312175e+00 7.37760010e+02 3.83527344e+03 2.00915664e+04
 1.33848763e+01 6.78897656e+04 3.16611298e+02 8.88280106e+01
 1.45804456e+03 1.56985693e+03 2.50104370e+01 6.11136007e+00
 1.02518805e+05 3.48353271e+03 1.06540459e+04 1.05105076e+01
 9.48754272e+02 5.54510132e+02 1.86748108e+02 1.70632744e+00
 2.89206445e+03 7.26436035e+03 6.57473145e+01 3.80563316e+01
 5.69915918e+03 7.08548813e+01 6.42601074e+03 8.56913662e+00
 6.20588745e+02 1.85154617e+02 3.00724274e+02 1.08925195e+03
 2.00579433e+01 2.02016083e+02 5.02161406e+04 1.78983960e+03
 1.07060875e+02 2.48809102e+04 8.89322656e+03 2.34732494e+01
 2.37331268e+02 6.80411953e+04 4.28683447e+03 1.03986216e+00
 2.19102203e+02 1.10459213e+02 1.55008469e+02 6.56241302e+01
 2.80975199e+00 5.43385742e+02 2.27104355e+04 1.09680214e+01
 1.40882950e+02 3.23904785e+03 6.89444458e+02 2.63568242e+04
 1.43748132e+03 5.52987122e+02 3.17491914e+04 6.44494141e+02
 5.90146436e+03 2.94237976e+02 2.81556909e+03 9.74657745e+01
 7.52454590e+03 1.70886504e+04 9.70891113e+01 9.06400879e+02
 7.34646641e+04 9.66654688e+03 1.60941849e+01 2.85275909e+02
 4.68001465e+03 2.65431580e+02 2.36463696e+03 7.40951611e+03
 9.33449512e+03 6.61605176e+03 2.21482788e+02 1.16473450e+02
 3.03816376e+02 8.62704785e+03 4.38761279e+03 1.29962616e+01
 2.05292852e+04 3.75965112e+03 3.26488965e+03 5.02762695e+03
 1.00812119e+04 1.70402812e+04 6.92677637e+03 2.00282190e+03
 3.70413910e+02 2.82915723e+03 6.08180273e+04 7.21153015e+02
 8.19147034e+02 7.00385645e+03 1.13734351e+03 8.30170227e+02
 5.40707764e+02 2.30667793e+04 3.38852051e+03 6.59339809e+00
 1.87287363e+04 2.14102421e+01 3.56485498e+03 1.75693297e+00
 1.57896953e+04 2.30294312e+03 1.76814407e-01 9.66385254e+03
 2.57929916e+01 2.33193926e+04 1.46200375e+05 1.19588562e+02
 6.88174866e+02 5.52027283e+02 6.18905078e+03 4.51123828e+03
 1.86494043e+03 1.86370859e+04 9.58200439e+02 6.81362488e+02
 3.18363142e+00 2.28924668e+04 6.58416199e+02 1.71796310e+02
 1.70578242e+04 1.70016693e+02 5.84240227e+01 4.77975067e+02
 1.89468496e+04 9.22590039e+03 1.23655820e+04 1.01161871e+01
 2.87237207e+03 1.69324360e+01 7.22671936e+02 5.60815811e+00
 1.83986282e+01 1.91360840e+04 6.27566113e+03 1.27299719e+03
 1.60795612e+01 2.02820053e+01 5.42679626e+02 1.30273328e+03
 8.46762329e+02 1.84712051e+02 1.06840635e+04 3.52056328e+04
 4.63313477e+03 1.06020522e+00 2.60123242e+04 6.17742236e+03
 5.36275879e+02 2.44526953e+03 1.26935510e+03 8.05367615e+02
 4.75877979e+03 3.57686353e+03 4.05504364e+02 7.36249638e+00
 2.56417651e+03 2.53982373e+03 4.28550453e+01 4.78746414e+01
 6.11431934e+03 3.27700703e+04 1.56566235e+03 9.77509918e+01
 2.62773926e+03 2.43121094e+04 1.28594836e+03 2.54442573e+00
 9.46082886e+02 1.45984421e+02 2.07317219e+05 2.68902930e+04
 5.47077979e+03 3.60774854e+03 1.30658169e+01 1.27433379e+04
 3.76032007e+03 1.26816272e+03 1.96435070e+01 5.29977478e+02
 9.45661926e+02 8.18577194e+01 1.46191514e+04 4.66129258e+04
 2.15413071e+02 7.57670020e+03 8.20375000e+04 2.75647400e+02
 2.97318721e+00 4.94901581e+01 1.53315277e+02 5.70897827e+02
 1.50882702e+01 1.94845547e+04 1.55572949e+04 6.14820814e+00
 2.56867017e+03 2.23271753e+03 1.83370102e+02 7.83442749e+02
 1.53834893e+04 5.42301758e+04 7.71096191e+03 4.29074738e+02
 2.22205005e+03 1.78841248e+03 4.40705688e+02 1.34962673e+01
 6.53867891e+04 1.66714771e+03 1.20377314e+04 1.49634598e+02],10727.401,[6.10681486e+00 7.56692031e+04 1.42963457e+04 7.21292847e+02
 9.78454004e+03 9.32537170e+02 4.52231885e+03 1.48904877e+02
 4.31489319e+02 3.35480537e+01 5.61086548e+02 4.04510315e+02
 5.05381934e+03 3.22655625e+04 1.13086133e+03 3.22475293e+03
 2.17315879e+04 2.09674072e+02 3.89214993e-01 5.83410156e+03
 6.18763574e+03 8.33470703e+02 1.86133020e+03 1.04941162e+03
 7.02949295e+01 1.04242158e+00 1.59183337e+03 5.34953906e+03
 3.89039948e+02 4.86107275e+03 1.92359581e+01 1.20480005e+03
 4.11996126e+00 7.32417831e+01 1.09837776e+02 5.75357373e+03
 2.59254503e+00 1.62568604e+03 6.56668640e+02 1.31121509e+03
 2.63749981e+00 3.31735859e+04 9.84173584e+02 4.57781372e+01
 1.11822656e+03 1.61830371e+03 1.46672302e+02 5.40116787e+00
 3.30640221e+01 4.45639941e+03 2.15842041e+03 1.22392321e+01
 2.10523730e+03 2.02237451e+03 5.08193262e+03 1.98897156e+02
 1.12430878e+02 1.19606416e+04 2.71083228e+03 1.07179718e+02
 6.64461328e+03 8.77415314e+01 1.35889092e+04 3.32012769e+03
 1.11154922e+02 4.21981384e+02 6.59910339e+02 9.66342651e+02
 5.51753693e+01 1.34840369e+03 1.36883613e+04 7.97376123e+03
 5.81048035e+02 5.28358516e+04 8.81816788e+01 2.93611023e+02
 6.82193237e+02 4.26572132e+00 1.18982898e+03 1.93790283e+01
 2.76126282e+02 1.13975464e+02 3.06996643e+02 2.92806519e+02
 1.09545546e+01 9.86315918e+02 1.70498809e+04 5.00460472e+01
 1.04828003e+03 7.87608545e+03 2.33850366e+03 2.75284180e+02
 5.20418652e+03 2.55398926e+03 1.02214229e+04 3.80525171e+03
 1.08434473e+03 2.20042969e+02 3.39759082e+03 1.69230545e+02
 6.37504639e+03 2.92151777e+04 7.98494568e+01 6.49140381e+02
 2.90111359e+02 3.59755737e+03 2.07600594e+00 8.50685913e+02
 7.44837207e+03 3.08981470e+03 4.81549902e+03 2.62816094e+04
 3.91094775e+03 3.01967305e+04 2.76084497e+03 2.74569794e+02
 5.47596094e+03 8.63951172e+03 2.43116602e+03 7.08839340e+01
 1.26366820e+05 6.93165430e+03 9.48489685e+02 3.62291724e+03
 1.72644727e+03 1.68303672e+04 1.87160645e+03 1.97402441e+03
 5.27013428e+02 9.66750195e+03 7.79027969e+04 5.58950882e+01
 1.03199736e+04 8.67737207e+03 6.67500488e+02 6.61836487e+02
 1.13342072e+02 3.27872095e+03 9.69918640e+02 1.32773361e+01
 8.21320117e+03 1.97308289e+02 1.71549453e+04 1.27898041e+02
 3.07720435e+03 1.73802637e+04 9.91729965e+01 1.06117793e+04
 7.19565277e+01 1.93438330e+03 3.84019414e+04 2.66893707e+02
 3.17012024e+02 1.46024292e+03 2.47636646e+03 3.65811157e+01
 1.67465808e+03 5.21085000e+04 2.55060132e+03 9.91627808e+01
 2.32988834e+00 1.18371286e+01 1.25858740e+03 5.29683044e+02
 1.38713989e+03 2.43871750e+02 3.18119141e+02 3.78646027e+02
 1.39159209e+04 3.85812164e+02 1.97752026e+03 1.42632922e+03
 1.15578643e+04 5.60796547e+00 4.24857080e+03 5.81666603e+01
 2.13811935e+02 5.28502637e+03 1.31271997e+03 1.76807654e+03
 6.61511230e+01 3.20582809e+01 1.83772546e+03 1.27230640e+03
 7.22591431e+02 1.93874908e+02 2.50450820e+04 2.12311792e+03
 3.18807397e+03 1.11238136e+01 3.51411133e+04 9.03534082e+03
 2.15401123e+03 4.62781982e+01 1.02531035e+04 4.92544281e+02
 8.73488086e+03 4.02716772e+03 1.54100232e+03 8.35711718e-01
 9.28819141e+03 1.18191272e+03 2.68292358e+02 1.70492294e+02
 1.88314258e+03 1.25460898e+04 1.40983740e+03 4.47207092e+02
 6.93023682e+01 2.59863812e+05 1.45860779e+03 2.54759941e+01
 1.01967175e+03 5.90789612e+02 1.51916297e+05 1.90190098e+04
 7.95065979e+02 9.40949512e+03 6.09578669e-01 3.43693726e+03
 2.75399146e+03 2.64986597e+03 1.78803940e+01 1.83748816e+03
 2.90905609e+01 1.10791512e+02 3.35237188e+04 7.78943066e+03
 5.12049377e+02 1.73009570e+04 2.53793350e+02 3.15204102e+02
 1.22547233e+00 6.55473480e+01 2.65423486e+03 1.04371143e+03
 1.34769621e+01 9.57314062e+03 2.91363708e+02 3.80291963e+00
 2.82879785e+03 1.15134900e+03 1.96406091e+03 1.31875391e+03
 6.94542236e+03 2.41861094e+04 1.15566089e+03 1.72973175e+02
 2.35282867e+02 1.04640381e+03 1.01183209e+03 3.23360863e+01
 6.28896445e+04 6.10111230e+03 2.08675415e+03 3.30163086e+02],-975.65576,-1115.5967,-1492.655,1.6342757,10.563581,0.19153216,0.9398225,0.016118626670837403,15686.229375600815,0.4375,0.4375,-0.17086778182713214,-0.0014094308582733473,-0.17098215842082803,-0.0023928140990984825,11.554580535932002,25.249999999996884,0.0,950000.0,-7.0,-3518.0,500.0,8.655886888504028,950000
998.9811,0.04937957,0.060902085,0.0023620974,-998.3227,998.3227,[8.75758678e-02 1.44459054e-01 1.75947413e-01 1.39440484e-02
 5.19657898e+01 9.84054804e-02 9.62940454e-02 2.31413111e-01
 1.15731791e-01 6.15150221e-02 1.96305096e-01 1.55979857e-01
 2.93565488e+00 9.38251466e-02 1.41797895e+01 1.24320574e-02
 7.27991343e-01 1.72514856e-01 1.12563431e-01 2.49320716e-01
 3.38773608e+00 1.08914480e-01 2.27626967e+00 1.11683041e-01
 1.25556678e-01 1.31428376e-01 1.79666206e-01 1.07365191e-01
 1.96420193e-01 1.32667315e+00 7.14247608e+00 1.67392039e+00
 1.73859134e-01 3.26606941e+00 2.26923537e+00 2.25847736e-01
 1.86710864e-01 7.87464499e-01 7.21259451e+00 7.62968719e-01
 2.48047972e+00 6.32713203e+01 2.32791096e-01 7.32677579e-02
 2.67764956e-01 3.30076861e+00 7.46076286e-01 3.99943262e-01
 1.25275707e+00 7.92803243e-02 5.06225526e-01 1.39312911e+00
 5.18705904e-01 1.21504049e+01 3.19641972e+00 1.75405830e-01
 9.48919773e-01 6.22138381e-01 1.46122679e-01 3.00433636e+00
 6.40626287e+00 3.81515324e-01 7.96061903e-02 6.43825150e+00
 3.79746109e-02 1.58864975e-01 1.22681725e+00 1.60214195e+01
 1.81846209e-02 1.46815562e+00 1.20875111e+01 5.54376602e-01
 4.10915256e-01 7.11133957e+00 6.37872028e+00 7.19048232e-02
 4.52031231e+00 1.77348554e+00 1.18264055e+00 6.32165745e-02
 1.04530469e-01 1.19747952e-01 1.24122171e+01 2.21755520e-01
 5.51783180e+00 1.05152264e+01 4.91659760e-01 4.28213850e-02
 5.48808038e-01 1.00056791e+01 9.83859301e-02 1.10479593e-01
 1.09974653e-01 3.71474981e-01 3.01051319e-01 5.94065189e-02
 1.16506889e-01 1.49282530e-01 1.69683427e-01 4.37481888e-02
 5.95898032e-01 5.36347747e-01 4.20296013e-01 1.95088208e-01
 2.73751259e-01 8.21269095e-01 2.68157810e-01 8.13182294e-02
 5.16763783e+00 2.31854349e-01 1.52573675e-01 2.22453594e+00
 3.90099958e-02 9.25321281e-02 1.34204999e-01 7.05498815e-01
 2.15325654e-01 6.80421352e-01 5.92358410e-03 1.28491089e-01
 2.27633953e+00 3.24828219e+00 3.03269960e-02 2.33688727e-01
 7.18449950e-01 5.18124819e-01 1.58188987e+00 1.28483996e-01
 5.98117448e-02 3.09342802e-01 1.93981087e+00 1.30212680e-03
 1.80640258e-02 1.11645266e-01 3.22536588e-01 7.46221781e-01
 1.27782181e-01 1.59763944e+00 1.07491195e-01 6.95196569e-01
 3.83253336e-01 6.01708330e-02 4.47704554e+00 3.58176142e-01
 3.21290791e-01 3.14157844e-01 1.62220120e+00 1.00656107e-01
 7.12973714e-01 3.49367023e+00 9.67893677e+01 6.84699774e+00
 3.26466608e+00 8.56958777e-02 2.91268289e-01 3.88827181e+00
 6.33992791e-01 3.18240809e+00 4.76637669e-02 5.53154984e+01
 8.61957520e-02 3.56632248e-02 1.16058663e-02 2.78203487e+00
 1.07788861e-01 3.01805079e-01 4.26340312e-01 1.41107887e-01
 4.30879235e-01 8.48366320e-02 1.92072411e+01 1.95478365e-01
 3.07752800e+00 5.65710552e-02 1.46461034e+00 2.61847116e-02
 6.01468134e+00 4.78098869e+00 1.00835502e-01 5.72941685e+00
 1.05588019e-01 4.03719455e-01 5.29512823e-01 1.79102458e-02
 1.62040532e-01 7.33647013e+00 1.62402451e-01 1.16806769e+00
 3.86710078e-01 8.64494741e-02 1.57712609e-01 4.47478026e-01
 1.44134283e+00 2.30737254e-01 5.94572604e-01 2.80778468e-01
 1.81984901e-02 3.49761635e-01 6.62251189e-02 5.99443436e-01
 1.23250544e-01 1.40122995e-01 4.04158607e-03 1.65249324e+00
 6.00423515e-01 6.19381070e-01 1.29810905e+00 1.29572302e-01
 4.90186103e-02 2.17419434e+00 6.73913121e-01 6.88112259e-01
 1.15307293e+01 1.12232745e-01 4.82637739e+00 1.41535208e-01
 1.73860908e-01 1.08135819e+00 1.02069687e+02 1.09361470e+00
 2.72952825e-01 9.61549282e-02 1.16772682e+02 8.12323540e-02
 9.94174182e-02 4.09064144e-01 2.13505912e+00 1.83996722e-01
 2.87935562e+01 4.13030058e-01 3.63971666e-02 9.86359179e-01
 1.28302884e+00 8.17305660e+00 4.81671132e-02 3.86929655e+00
 5.68655320e-02 6.97415471e-02 6.17491961e-01 1.24833733e-01
 1.53239882e+00 1.36395425e-01 1.64000726e+00 1.47450000e-01
 1.05934411e-01 1.10638231e-01 4.26077284e-02 7.73892999e-02
 1.73073053e-01 2.44224109e-02 4.26099122e-01 8.21360111e-01
 1.73414862e+00 2.37936974e-01 1.56570411e+00 1.86288357e+01],3.6069233,[5.48848882e-02 8.14209282e-02 3.84583235e-01 1.53784305e-01
 6.21770782e+01 7.55226612e-02 5.58517911e-02 2.32701778e-01
 5.52738190e-01 7.38449693e-02 1.31713957e-01 7.66294748e-02
 2.56117620e-02 1.08855322e-01 2.92212124e+01 1.69263050e-01
 6.50568157e-02 1.14201680e-01 6.15713634e-02 2.28727907e-01
 2.07119867e-01 2.40063816e-01 5.25468349e+00 9.49364454e-02
 1.20506749e-01 1.45009398e-01 7.60798305e-02 1.36197835e-01
 1.15784124e-01 1.14707083e-01 6.76768661e-01 3.06973636e-01
 9.83780324e-02 6.58186579e+00 1.52847660e+00 1.60580754e-01
 4.66093481e-01 2.26414397e-01 3.05751860e-02 8.12601089e-01
 6.69125319e-02 3.83361168e+01 1.68741465e-01 8.75965655e-02
 1.65369451e-01 9.57974553e-01 3.13514203e-01 5.77176571e-01
 8.75479221e-01 1.79131880e-01 2.71770060e-01 2.03650072e-01
 2.27296144e-01 9.28696990e-02 3.82300258e-01 1.29410043e-01
 3.34783569e-02 1.44000962e-01 1.59380883e-01 1.06650680e-01
 8.48369956e-01 3.33177090e-01 1.03881747e-01 2.54292369e-01
 3.00408080e-02 1.33832872e-01 1.09698847e-01 2.27189809e-02
 1.02354199e-01 5.90983927e-01 1.88178706e+00 1.64770678e-01
 2.02818856e-01 4.26607504e-02 1.42893627e-01 1.03977412e-01
 8.53979290e-02 5.23476042e-02 1.30647510e-01 1.00966021e-01
 1.60392195e-01 7.38012493e-02 2.25318289e+00 2.41525143e-01
 6.83806896e-01 7.24125057e-02 1.75913960e-01 1.98201910e-02
 1.11361289e+00 3.77710640e-01 4.37806733e-02 1.05847925e-01
 1.29970849e-01 9.37195420e-02 1.91278011e-01 9.67289060e-02
 8.34970772e-02 7.25636631e-02 7.19951689e-02 5.65137453e-02
 1.31100029e-01 3.10382023e-02 1.72693923e-01 9.02092159e-02
 2.05175877e-01 1.01336765e+00 1.48287505e-01 9.56766456e-02
 1.57202244e-01 4.73581433e-01 1.56658724e-01 1.99774534e-01
 4.64133173e-02 9.88965780e-02 7.10973516e-02 7.17207968e-01
 2.36480311e-01 3.32910001e-01 1.04365677e-01 1.27992660e-01
 2.03819677e-01 3.12886357e-01 7.25113899e-02 2.84598291e-01
 8.68374109e-02 2.19119221e-01 2.85589665e-01 1.24882936e-01
 6.35513812e-02 1.77224308e-01 1.59214973e-01 1.17545351e-01
 1.89223900e-01 3.58954072e-02 2.94065811e-02 6.89207733e-01
 6.31858781e-03 6.70132115e-02 2.02711374e-01 8.96196961e-02
 7.29125381e-01 2.33462527e-01 9.33130443e-01 3.85323256e-01
 1.22946411e-01 3.52981031e-01 1.47195327e+00 1.30787849e-01
 6.56751692e-01 1.55239061e-01 7.12813034e+01 2.15902352e+00
 1.14724808e+01 3.75594139e-01 1.20767146e-01 4.32070398e+00
 9.41939890e-01 7.24761039e-02 3.65450978e-02 9.84141006e+01
 5.81428744e-02 3.11377048e-02 1.01467982e-01 4.10257101e-01
 7.80823678e-02 4.11975622e-01 1.79990858e-01 1.36755273e-01
 2.97154225e-02 1.06989577e-01 3.44806004e+00 2.21045688e-02
 1.95618153e-01 8.26832354e-02 1.17270494e+00 1.68068871e-01
 6.50156736e-02 3.00182372e-01 1.88563630e-01 1.34405002e-01
 6.38772100e-02 7.49202669e-01 1.69853330e-01 8.27480555e-02
 1.04124710e-01 9.64590931e+00 1.40382290e-01 1.29871920e-01
 7.88861513e-02 1.15515620e-01 1.21687964e-01 5.13178587e-01
 1.62578201e+00 1.35359511e-01 4.62070107e-01 2.61065632e-01
 1.40115321e-01 2.90570408e-02 8.94766152e-02 1.01431638e-01
 1.17385507e-01 6.05733931e-01 5.26073910e-02 4.61812288e-01
 7.08887875e-01 5.02191663e-01 8.44253004e-02 6.26492649e-02
 6.34942502e-02 1.52653888e-01 4.01678205e-01 5.12304641e-02
 2.49035165e-01 9.29764658e-02 4.34998348e-02 1.14099592e-01
 8.41150433e-02 1.07830480e-01 4.36248055e+01 1.25116438e-01
 6.18312180e-01 1.56760603e-01 7.14177322e+00 1.17892534e-01
 2.41976440e-01 1.56928867e-01 1.29822946e+00 1.61006004e-01
 6.06459541e+01 4.25893664e-01 1.42816198e+00 1.56622231e-01
 2.38019139e-01 1.12999693e-01 2.66424328e-01 7.60623157e-01
 1.05300441e-01 7.96692818e-02 9.34657827e-02 5.32490760e-02
 5.60693324e-01 7.56147504e-02 3.27435642e-01 2.33313456e-01
 7.87962973e-02 4.71438468e-02 3.97386886e-02 7.95138329e-02
 1.54579893e-01 9.50218141e-02 9.20956850e-01 2.85179585e-01
 5.15365601e-01 4.55979168e-01 3.34792674e-01 2.76764011e+01],-970.6673,-1003.73364,-1467.6365,1.0087914,1.136666,0.9724339,0.9261775,624.23474,-153.90015,1453.315,1099.2802,1.1306533,0.5557259,0.11075707,-1092.5923,1092.5923,[6.57961719e+04 7.62208398e+03 9.93941719e+04 1.33777842e+04
 1.15588623e+03 1.30703284e+03 1.47573474e+03 2.17695273e+04
 2.85799072e+03 1.30479517e+03 2.81769600e+01 1.35294601e+02
 4.25994971e+03 5.54118286e+02 1.51123295e+01 7.85018826e+00
 2.52629684e+02 8.01723862e+01 2.49831360e+02 4.08199438e+03
 2.57953926e+04 1.12372520e+02 1.19618500e+02 4.33496437e+01
 8.23313965e+02 3.02451263e+02 3.74610199e+02 5.95857697e+01
 1.55789871e+02 3.85774963e+02 1.54486514e+04 4.34048789e+04
 6.22516479e+02 1.30368851e+02 6.10069238e+03 2.28592300e+01
 2.96624707e+04 3.43650932e+01 3.79833711e+04 3.24201241e+01
 4.19715137e+03 7.48646533e+03 1.21033728e+03 2.39524536e+03
 3.52146423e+02 4.39466992e+03 2.02733594e+04 1.76193832e+02
 1.22988312e+02 1.12541846e+03 2.92537937e+01 5.24789307e+03
 9.48540234e+03 1.00065928e+04 4.97895622e+01 1.13361192e+00
 1.37341895e+03 1.75163379e+04 9.16587036e+02 4.78226172e+03
 1.05327463e+01 8.49189575e+02 1.44793201e+03 1.72773413e+03
 5.93675720e+02 8.96375547e+04 1.72907336e+03 2.46440918e+03
 4.55220612e+02 4.74516357e+02 3.06194336e+03 1.03526099e+03
 1.20684881e+01 7.08481522e+01 4.59922705e+03 3.29359741e+02
 2.44512183e+03 5.09952393e+01 1.33133350e+03 1.49074062e+04
 5.34801797e+04 7.44748354e+00 3.07730420e+03 7.22474121e+02
 5.11129590e+03 5.97858086e+04 1.73943126e+00 4.42604150e+03
 4.15520508e+03 3.98825378e+02 9.70145142e+02 2.25790996e+04
 8.80101685e+02 2.67948608e+02 2.69931074e+04 1.95852783e+03
 3.45694873e+03 5.55261816e+03 1.63330322e+03 1.38682541e+02
 1.98227676e+02 1.59141846e+04 6.32469406e+01 1.07604198e+01
 4.55429993e+02 3.16023903e+01 5.29753304e+00 6.83432495e+02
 1.05773227e+05 1.34786743e+02 2.36298790e+01 1.64956192e+02
 2.01027209e+03 1.56915410e+04 5.86259644e+02 3.56966553e+01
 1.12521406e+04 1.14845618e+03 5.82946434e+01 1.82108765e+02
 5.87639922e+04 7.49953516e+03 2.06959180e+03 1.23046545e+03
 1.94109344e+05 7.38614062e+03 5.29649239e+01 6.80469421e+02
 2.84017181e+02 5.99357178e+03 2.91146328e+04 2.13749683e+03
 5.29465195e+04 1.46057190e+02 1.03868848e+03 4.02701807e+03
 2.88802216e+02 3.76145581e+03 5.55757080e+03 9.30389844e+03
 1.72857207e+04 5.30226562e+03 1.21233496e+03 3.05203052e+03
 1.90916309e+01 9.07512329e+02 7.94436572e+03 1.99694055e+03
 1.41891807e+04 3.11906036e+02 8.48668213e+02 4.84231152e+03
 4.94507969e+04 3.69728394e+01 8.43976669e+01 3.78172058e+02
 1.50457305e+04 5.25537781e+02 8.42756714e+02 4.62399658e+02
 1.07617752e+02 1.25889246e+03 2.58226715e+02 1.66230039e+04
 1.25277147e+01 1.31817363e+04 2.04600928e+03 2.29843701e+03
 2.22536850e+01 1.29198999e+03 5.45526085e+01 2.90579315e+02
 6.08303125e+03 4.73055267e+01 1.03418323e+03 3.17919586e+02
 5.50293091e+02 4.76423145e+03 2.36884674e+02 3.31569849e+03
 2.62718965e+04 7.35534515e+01 3.40587622e+03 4.63352661e+02
 1.97244214e+03 2.15746292e+02 3.84136017e+02 8.79012109e+03
 1.56570911e+03 8.22155457e+01 2.64034985e+03 5.92342969e+04
 4.68164160e+03 8.76690140e+01 3.66166113e+03 8.81747314e+02
 1.09259307e+04 7.53519348e+02 1.64071655e+01 1.92078394e+03
 2.47662292e+02 2.71661108e+03 1.81944397e+02 1.03941154e+01
 7.68521179e+02 4.65567291e+02 1.44468399e+02 1.52247783e+04
 1.33349182e+02 4.00450470e+02 8.36377539e+03 4.37408281e+04
 1.82965430e+04 1.73116260e+03 2.63277881e+03 6.76188770e+03
 1.56248584e+03 2.14196564e+02 1.35188599e+03 8.63925488e+03
 1.22868140e+03 1.48270239e+03 2.62116165e+01 7.57289648e+03
 7.25054138e+02 1.95511218e+03 7.06494287e+03 4.06403748e+02
 3.81312744e+03 4.31711475e+03 2.98762695e+02 5.39420020e+03
 2.29312378e+03 1.71653516e+03 2.33049097e+03 6.12465332e+02
 5.29569141e+03 4.04580298e+03 4.78841019e+01 3.55560803e+00
 2.43371436e+03 1.64882988e+04 8.35026398e+01 4.70604858e+01
 9.46356995e+02 5.26153438e+04 2.22017859e+05 3.67665859e+04
 3.00462939e+03 5.55270752e+03 1.14874634e+03 2.21783667e+03
 2.34223056e+00 2.24297302e+02 4.45878372e+01 3.80239844e+03],10454.023,[5.23081875e+04 1.38731650e+04 5.20053359e+04 3.42654219e+04
 1.18250476e+03 5.60185425e+02 5.38945703e+03 4.77225983e+02
 6.24559473e+03 1.07909814e+03 8.17126846e+00 4.44971069e+02
 5.80301367e+03 2.81393286e+03 3.57554665e+01 3.81913910e+02
 2.72978058e+02 8.20986938e+01 1.91036621e+02 9.77676367e+03
 1.95525215e+04 4.41345917e+02 1.19626855e+03 1.17616806e+01
 5.06812408e+02 3.79272705e+02 4.16042664e+02 1.75913792e+01
 1.60775543e+02 5.50024414e+02 1.33433703e+05 1.11573734e+05
 3.74062843e+01 1.85280762e+04 1.70489587e+03 1.95365448e+01
 9.45220410e+03 3.62000618e+01 2.64355176e+04 5.89466095e+01
 6.31751562e+03 1.56119619e+04 1.39491064e+03 9.17772644e+02
 5.61276978e+02 2.14966382e+03 7.30132751e+02 7.00690979e+02
 2.07271266e+00 8.78724243e+02 6.16025984e-01 2.56021265e+03
 9.60984766e+03 8.42838574e+03 4.37494392e+01 1.56137037e+00
 2.91754872e-01 1.54311562e+04 1.45868445e+03 6.95819092e+02
 2.73323402e+01 6.04011768e+03 2.93036011e+03 3.20149683e+03
 4.36842010e+02 1.17631533e+04 2.37408765e+03 1.75563062e+03
 3.65336328e+03 1.83120079e+01 2.17574787e+01 9.17843323e+02
 2.83837242e+01 5.08517609e+01 2.32194629e+03 9.15042053e+02
 6.15606738e+03 6.95166855e+01 6.98155811e+03 1.83646094e+03
 4.71605176e+03 1.72982540e+01 4.69458545e+03 1.37645166e+03
 5.43196533e+03 4.76676562e+04 2.46981955e+00 5.36872119e+03
 5.59672058e+02 3.14480896e+02 2.16669235e+02 2.79638730e+04
 1.98959290e+03 7.10821875e+03 3.54681133e+04 5.43458936e+03
 4.08263330e+03 1.20295044e+02 3.20075928e+02 2.20888138e+02
 2.56856885e+03 3.39044570e+04 2.29972705e+03 2.64695816e+01
 2.52110153e+02 4.11749420e+01 9.93780231e+00 8.91943359e+02
 3.58872852e+04 4.51673737e+01 3.77357936e+00 1.75697083e+02
 4.39628448e+02 3.63092505e+03 5.27479126e+02 2.26694069e+01
 2.57107178e+03 7.53065262e+01 1.58578430e+02 1.33817947e+02
 1.87715352e+04 3.78526421e+01 2.44148560e+03 5.99716309e+02
 6.32130469e+03 1.25308609e+02 6.45344086e+01 2.97787323e+02
 5.47560120e+02 5.57254150e+03 1.19543005e+03 1.92321436e+03
 4.12451758e+03 4.13022278e+02 2.55204517e+03 1.13581240e+04
 8.17829834e+02 5.34583398e+03 5.92560352e+03 1.37485967e+04
 1.37174111e+04 4.03934058e+03 2.20731226e+03 3.87896753e+03
 2.76865711e+01 3.75890991e+03 2.09572168e+03 2.32103076e+03
 1.44045996e+04 1.30925024e+03 5.98792969e+02 1.09274346e+04
 4.68805742e+04 4.46398895e+02 2.71734436e+02 5.77857666e+02
 8.81444824e+03 4.60923279e+02 5.75674902e+03 5.08624121e+03
 8.22651794e+02 1.20799231e+03 2.17841507e+02 3.90402979e+03
 7.60050201e+01 2.59763916e+03 3.23829785e+03 3.08368799e+03
 3.54965925e+00 5.14671448e+02 9.34539948e+01 1.18493250e+03
 2.65302100e+03 5.54053545e+00 7.68667908e+02 4.78214966e+02
 2.24182910e+03 6.50306445e+03 6.88560791e+02 1.10292517e+03
 3.58982812e+04 3.81715126e+01 5.28298950e+02 2.01717117e+02
 6.43476123e+03 3.29510742e+02 2.28215546e+02 6.57509082e+03
 4.36820117e+03 2.14385590e+02 4.69754541e+03 5.41430713e+03
 2.52313403e+03 5.29866447e+01 1.07997070e+03 3.11203809e+03
 1.34121963e+04 2.93928772e+02 8.28808594e+01 3.44158325e+03
 4.47099915e+02 1.25998669e+03 7.75240250e+01 3.03029060e+00
 4.32488098e+02 8.95027832e+02 2.62504463e+01 2.65788916e+03
 2.05302832e+03 2.78875793e+02 2.02643335e+03 3.11450781e+04
 7.98730312e+04 1.66044668e+04 2.90911133e+03 7.60427051e+03
 4.27166357e+03 8.64563751e+01 1.54127429e+03 1.73348984e+04
 1.54640442e+02 9.54622559e+02 1.45743456e+01 2.52994580e+03
 2.34330658e+02 3.89546143e+03 1.13673262e+04 1.24538094e+02
 1.90363354e+03 7.05176074e+03 7.32819031e+02 3.09272980e+02
 4.44271606e+02 6.12778809e+02 1.92284688e+05 1.63611450e+03
 1.56149941e+04 5.51859277e+03 7.17225952e+01 7.02962685e+00
 5.13726855e+03 8.24408142e+02 2.95909521e+03 6.66622467e+01
 6.25368164e+02 6.20187607e+01 3.05618105e+04 4.84849375e+04
 4.74743506e+03 1.68968125e+04 2.83018945e+03 1.81659238e+04
 2.44060555e+01 2.34133667e+02 1.27057358e+02 3.78657910e+03],-978.411,-1133.8997,-1487.9736,1.5293905,10.924883,0.26851603,0.93759596,0.01754842286109924,16124.93996167183,0.1875,0.1875,-0.2158908239596128,-0.0008556274647784364,-0.2159475936103599,-0.0007224974413192022,-0.9197754390833162,25.249999999996884,0.0,975000.0,-7.0,-3548.0,500.0,8.023396492004395,975000
997.61316,0.06577861,0.05600689,0.0018411828,-996.9873,996.9873,[4.93544713e-03 1.99101120e-03 3.93881369e+00 3.27494884e+00
 2.13707939e-01 1.77688861e+00 1.33381076e-02 9.85589623e-02
 7.90333366e+00 3.71013954e-02 2.12781504e-02 3.35068727e+00
 1.87868252e-02 8.13024044e-02 6.38721660e-02 5.86820722e-01
 1.46454120e+00 8.38250667e-02 9.06981087e+00 9.53740627e-03
 1.63706578e-02 2.70309746e-01 3.41253543e+00 4.29987341e-01
 5.45826149e+01 2.00106335e+00 3.69748497e+00 4.29378822e-02
 1.38372965e-02 4.73963082e-01 1.28796577e-01 1.90514874e+00
 6.59961253e-02 2.46178961e+00 1.17350772e-01 1.95018202e-02
 9.61211696e-03 1.44125581e+00 4.98570502e-03 4.77053411e-02
 4.77777213e-01 9.55254734e-02 4.12888050e+00 5.59527650e-02
 1.24219060e-01 2.71468353e+00 1.13901138e+00 1.15285106e-02
 1.38301754e+00 7.48113632e-01 5.05445153e-02 1.51799316e+02
 1.51550865e+00 7.47503579e-01 1.95562273e-01 6.55822903e-02
 3.07366395e+00 1.87551522e+00 3.80645901e-01 6.95987716e-02
 3.01469505e-01 3.80467153e+00 2.86598635e+00 5.07444926e-02
 4.01647758e+00 2.51468897e+00 3.92436087e-02 8.16236019e+00
 2.51451470e-02 3.83612067e-02 3.24649811e+00 4.25886214e-02
 8.61490220e-02 1.12514138e-01 4.28613722e-01 4.22811285e-02
 6.43155351e-03 2.49477053e+00 4.44950730e-01 5.69174066e-03
 2.86685303e-03 2.92142928e-02 6.36048988e-03 1.58387303e+00
 1.14506702e+01 1.52109265e-02 1.80179365e-02 4.48583174e+00
 3.33923288e-02 7.32911825e-02 4.48087230e-02 1.07623667e-01
 1.29511089e+01 5.66516352e+00 4.73080587e+00 5.85637033e-01
 9.70921874e-01 3.59122306e-02 6.16453052e-01 1.56295486e-02
 1.77900732e+00 4.08853531e+00 2.11448967e-02 3.84666026e-03
 5.97577572e+00 3.05268243e-02 3.12959440e-02 8.26591682e+00
 1.08176413e+01 6.50704652e-03 1.71556443e-01 5.16010714e+00
 4.31166589e-01 7.99867660e-02 7.64969736e-02 3.59386578e-02
 1.21292973e+00 2.84117490e-01 3.33587742e+00 5.35607624e+00
 2.72354364e-01 1.04552710e+00 4.86822414e+00 2.64944769e-02
 1.64706960e-01 7.55515456e-01 2.02865291e+00 1.08807611e+00
 5.44513762e-03 6.15163803e+00 2.65922165e+00 6.92156702e-03
 3.00354511e-02 2.17857952e+01 3.56972277e-01 5.38585472e+00
 2.36539173e+00 2.98262984e-02 1.03303349e+00 1.72362566e-01
 7.77301073e-01 6.12558746e+00 3.22711244e-02 3.54977667e-01
 6.67013884e-01 8.00432801e-01 1.01670396e+00 1.79536819e+01
 4.22318012e-01 4.80998792e-02 2.61379695e+00 5.82877636e-01
 2.64642000e-01 3.86175394e+00 2.60763311e+00 6.56264544e-01
 1.52720883e-02 6.04288876e-02 1.21125400e-01 2.33079720e+00
 4.09769974e+01 2.59337611e-02 7.10802972e-02 2.16542114e+02
 8.13629150e-01 2.47164257e-02 3.66947675e+00 2.79678059e+00
 1.74044704e+00 5.28963661e+00 3.17855525e+00 2.43457556e-01
 1.79373729e+00 8.59129578e-02 2.29441285e-01 8.36612225e-01
 9.76117015e-01 4.13142517e-02 3.21189851e-01 1.32206893e+00
 1.31156921e-01 4.57440424e+00 1.93830207e-02 1.26707554e-03
 1.97555971e+00 1.67556293e-02 1.83095813e-01 2.34940052e-02
 2.14947844e+00 5.31633556e-01 1.02318609e+00 1.58474594e-03
 9.16163996e-03 1.48382998e+01 6.64641619e-01 1.87643576e+00
 4.50703651e-02 5.94716251e-01 7.17041254e-01 2.01440841e-01
 7.93602586e-01 7.07961142e-01 1.72684938e-02 1.14581361e-02
 1.91430283e+00 1.18312836e+00 1.36454403e-02 9.54260445e+00
 5.09672165e+00 1.28063932e-03 7.31532288e+00 1.71219110e-02
 5.39095879e+00 1.76204729e+00 2.95953465e+00 1.89565659e-01
 8.61147419e-03 1.06066370e+00 7.49435723e-02 2.08500102e-02
 1.35568887e-01 2.92317942e-03 5.89928813e-02 1.61440939e-01
 4.55961406e-01 3.77784181e+00 1.58006325e-03 9.93445992e-01
 5.84594160e-03 3.28576639e-02 1.41880465e+00 5.44513047e-01
 7.25261331e-01 1.91796672e+00 6.90881014e-01 2.55104923e+00
 4.96610291e-02 4.54503298e-02 8.52586269e+00 6.60422742e-02
 2.18016219e+00 4.27034765e-01 3.18600863e-01 8.46184790e-04
 9.69032478e+00 3.08315642e-02 1.17248476e-01 3.06912184e+00
 1.47595406e-02 1.26337811e-01 3.56655866e-02 1.13082856e-01
 1.10193029e-01 4.15817797e-02 9.53307748e-03 1.30494870e-02],3.295815,[4.75545228e-03 5.07527590e-03 1.68451443e-02 4.63742590e+00
 1.03795290e-01 2.31727079e-01 2.99039483e-03 4.68809903e-03
 1.72986224e-01 2.33787462e-01 8.83534923e-03 1.09133199e-02
 4.15840931e-02 1.32713094e-02 4.76723909e-03 1.32265925e+00
 3.65849771e-02 3.91666949e-01 7.08581656e-02 8.13104212e-03
 1.96126103e-02 2.68655211e-01 8.65586102e-03 1.18368700e-01
 1.85541077e+02 3.58149484e-02 8.15098047e-01 1.28142446e-01
 6.32155687e-03 3.02094489e-01 8.44023377e-02 3.38271633e-02
 3.88994552e-02 1.24885336e-01 2.76752114e-01 1.68549307e-02
 4.65670377e-02 7.32483029e-01 1.23819411e-02 1.44193843e-02
 6.14598930e-01 1.03768684e-01 5.61693981e-02 2.92148180e-02
 3.42283547e-02 6.62659526e-01 2.15012580e-03 1.21166855e-01
 1.13842416e+00 9.26873237e-02 1.39777549e-02 9.85132873e-01
 1.68831849e+00 3.16270709e-01 2.08212808e-02 5.24995960e-02
 8.14064860e-01 6.87877357e-01 5.51138893e-02 1.77716166e-02
 8.03015009e-03 2.91404438e+00 2.66540790e+00 4.01979238e-02
 3.55369449e+00 2.69121118e-02 1.64826065e-02 2.80167174e+00
 2.59115174e-03 2.90195256e-01 6.04080111e-02 1.43128186e-02
 5.52898645e-03 1.41847521e-01 5.11813797e-02 5.29954210e-03
 2.24576592e-02 1.66309029e-02 1.16344845e+00 1.07621588e-02
 1.79528482e-02 2.23559923e-02 3.34907360e-02 4.08268929e-01
 3.43780488e-01 3.37585583e-02 1.33238919e-02 2.34035397e+00
 2.20008194e-03 5.44660464e-02 8.58950987e-03 2.52313055e-02
 1.19857454e+01 2.67940938e-01 1.74388957e+00 1.44003499e+00
 6.47024870e-01 3.36014703e-02 9.49616581e-02 1.21666938e-02
 1.18714797e+00 2.00157240e-03 2.19240785e-03 5.27475029e-03
 1.80837400e-02 1.43370964e-02 5.08246757e-02 1.65213883e-01
 2.75734246e-01 1.31823123e-02 9.56342369e-03 4.67814952e-02
 1.71240616e+00 1.86968803e-01 7.42111504e-02 9.96363908e-03
 7.04648569e-02 6.68310106e-01 4.70946580e-02 5.32182932e-01
 4.88112904e-02 1.21341825e-01 4.52475548e+00 1.96312219e-02
 2.54510880e+00 5.62663749e-03 2.53667235e-01 2.87713051e-01
 6.44005835e-03 8.13484788e-02 7.80992448e-01 4.30199876e-03
 3.63490358e-03 1.16786156e+01 1.10288307e-01 3.05007696e+00
 1.25521019e-01 2.86017396e-02 4.47422266e-02 4.33103815e-02
 7.41310865e-02 6.95718825e-03 1.18533373e-02 5.90323359e-02
 1.59373522e-01 2.59310938e-02 5.63872576e-01 9.23581570e-02
 4.81665730e-01 9.63531807e-03 7.99837112e-02 9.15082842e-02
 2.16193616e-01 1.41992640e+00 2.07836866e-01 3.27249914e-02
 1.00093074e-02 2.49019638e-03 1.39649987e-01 2.19264090e-01
 2.18447170e+01 7.00928271e-03 1.26188874e-01 1.40134262e+02
 1.71912289e+00 1.96234956e-02 1.10580876e-01 3.29248285e+00
 3.31835926e-01 2.64380217e-01 9.07199144e-01 1.61977172e-01
 6.28291965e-02 9.45910960e-02 1.67580411e-01 1.78362346e+00
 5.81677794e-01 5.12756146e-02 7.14976341e-03 2.30300501e-01
 9.75458622e-02 4.09602404e-01 2.16039568e-02 8.48509371e-03
 1.37967497e-01 2.06285305e-02 7.43118405e-01 2.11687461e-02
 2.91199982e-01 1.23906940e-01 1.02265552e-02 4.51216474e-03
 1.04818642e-02 2.26282731e-01 4.48925048e-02 3.88927758e-02
 5.84752895e-02 1.99413374e-02 1.28031135e-01 2.32824594e-01
 7.16362596e-01 2.34568909e-01 3.65238376e-02 9.39874724e-03
 3.57119370e+00 1.13250041e+00 3.54290381e-03 1.44194528e-01
 1.68141909e-02 1.27295591e-02 3.77602577e-01 2.76761174e-01
 6.44814014e-01 1.12296849e-01 1.74759962e-02 3.11997950e-01
 1.94577649e-02 1.35868341e-02 9.41519812e-03 2.92860344e-03
 3.19956616e-02 4.88320142e-02 3.97452898e-02 5.24235144e-02
 1.66836739e+01 6.40859902e-02 3.04051116e-02 1.75927073e-01
 3.87813151e-02 3.40900570e-02 3.93022783e-02 6.05629086e-02
 8.82219672e-02 1.25017285e+00 6.02534786e-02 1.19688399e-02
 6.44012764e-02 3.59590352e-02 1.93718165e-01 9.54662263e-02
 7.47113287e-01 3.09991002e-01 2.45618582e-01 8.03060830e-03
 5.45552559e-02 4.20295373e-02 3.80140692e-02 3.14051837e-01
 4.22234014e-02 7.00948387e-02 4.11885083e-02 8.12092796e-03
 1.36572331e-01 4.06904891e-02 4.92706895e-04 1.28040798e-02],-970.3782,-1004.2787,-1499.0148,1.0080098,1.1765532,0.8079512,0.92610323,153.09972,-1980.668,3539.585,1095.2075,1.0842249,0.52610457,0.10179388,-1088.8623,1088.8623,[2.78236816e+03 8.83042175e+02 4.78869482e+03 2.56958398e+03
 2.76583125e+04 1.53179531e+04 4.43642969e+03 1.80035974e+03
 2.08104810e+03 5.75855859e+03 3.43752271e+03 1.82761035e+04
 5.41881104e+02 2.03667374e+02 1.17155789e+05 6.35255957e+03
 4.55868896e+03 3.37908506e-01 2.96060864e+03 1.79095625e+04
 2.79135742e+02 5.90868164e+03 6.64340186e+03 9.25237671e+02
 2.48629570e+04 5.83075928e+03 6.98229309e+02 2.57811394e+01
 6.11327002e+03 7.31848877e+02 3.85685498e+03 5.04981842e+01
 1.36933273e+02 1.31809092e+04 3.70176074e+03 8.21880054e+00
 1.58971240e+03 1.43329424e+04 3.67339859e+01 9.48344482e+02
 2.82026550e+02 5.29630469e+03 7.29915710e+02 7.33604219e+04
 5.97995557e+03 4.52477789e+00 6.52839355e+01 3.77100146e+03
 1.66562793e+04 1.06644535e+01 1.50352073e+00 6.90081421e+02
 3.42827362e+02 1.08618286e+03 1.15332051e+04 8.74945283e-01
 2.67404224e+03 2.12871134e-01 3.19163208e+01 3.36829041e+02
 9.92481812e+02 3.22605438e+02 1.44117401e+02 7.68891895e+03
 6.50761475e+03 1.31766650e+03 2.89233002e+02 2.10780078e+04
 4.03106461e+01 2.41448593e+01 1.38446335e+02 5.33560181e+01
 4.21661719e+03 1.95663613e+04 3.79984805e+04 8.00434875e+02
 7.75809424e+03 5.50673370e+01 8.57983521e+02 5.34984436e+02
 1.75015759e+03 6.64043945e+03 3.55607361e+02 5.79235840e+03
 5.58318726e+02 9.13022518e+00 6.78778613e+03 6.17599756e+03
 2.59725437e+01 6.01785059e+03 6.70314713e+01 4.32094297e+04
 7.12191772e+01 1.44329788e+02 1.12863623e+04 3.24880820e+04
 6.49472237e+00 4.33366943e+03 2.25774878e+03 7.51917267e+01
 1.01671240e+04 8.04524170e+03 1.89707031e+03 3.92771576e+02
 6.60576096e+01 2.20958179e+03 1.04321747e+02 1.76056656e+02
 3.91981936e+00 3.35702661e+03 1.03696777e+04 8.13084912e+03
 2.58082495e+03 8.63706684e+00 7.72125488e+02 2.75203564e+03
 1.13836166e+02 8.14594849e+02 4.08550244e+03 8.17400085e+02
 5.26157654e+02 9.97629738e+00 1.65572839e+03 4.98265820e+03
 2.55021545e+02 9.58049774e+00 7.42729473e+00 1.13156963e+04
 2.45635719e+01 1.26471851e+03 3.22050568e+02 4.53908905e+02
 1.10806311e+03 4.08096631e+03 3.14170195e+04 8.27511719e+03
 5.30683517e+01 6.15567566e+02 1.37959814e+03 2.62387720e+03
 2.30815849e+01 2.66692358e+03 1.25300664e+04 1.68864429e+03
 1.03684912e+04 1.04993584e+04 5.88060791e+02 3.59064062e+04
 1.06402769e+01 4.52755623e+01 7.75122168e+03 1.58411646e+03
 5.60625183e+02 7.86110535e+01 1.29318860e+03 2.24289673e+03
 7.44520898e+03 1.14230664e+04 6.18796875e+04 6.01458130e+01
 1.98740759e+03 2.12404907e+02 1.02794556e+02 6.46107666e+02
 1.65701221e+03 1.34540635e+04 1.54713425e+02 6.41648804e+02
 5.66798157e+02 1.36643640e+03 7.72611230e+03 2.96922422e+04
 1.34638796e+01 3.29159648e+04 2.43722820e+01 2.43243225e+02
 2.42529902e+04 1.16920410e+03 6.91681213e+02 2.85943335e+03
 2.46689209e+03 1.19355408e+02 2.25414337e+02 3.60703101e+03
 6.80708496e+02 5.24314270e+02 9.03782883e+01 8.27690857e+02
 2.94838848e+04 3.23532013e+02 1.98519382e+01 3.77856665e+03
 4.12739648e+04 1.42076157e+02 5.12603320e+03 1.12725601e+02
 1.60337439e+03 1.84097090e+04 5.87896631e+03 1.44611847e+02
 1.56484277e+03 3.20027757e+00 2.11302578e+04 1.31682539e+04
 1.28426315e+02 2.50153066e+04 6.53258252e+03 1.22358780e+01
 1.25009178e+02 3.84286621e+02 2.42867554e+03 7.77452422e+04
 4.92149963e+02 8.82846802e+02 1.24809009e+03 1.15384753e+03
 4.58068115e+02 2.75123555e+04 1.86435974e+02 9.31530991e+01
 5.49824707e+03 7.89578247e+02 4.33030396e+02 2.45851172e+04
 2.35559023e+04 6.19970410e+03 6.01482964e+01 2.49537988e+03
 2.36655586e+04 1.44903603e+01 7.14717484e+01 2.54476986e+01
 8.06631714e+02 1.66894678e+03 1.86903772e+03 1.26659277e+04
 4.76256953e+04 1.15581341e+01 1.29617261e+03 8.93871826e+02
 1.53871497e+03 1.57089380e+03 2.91098022e+02 4.19088501e+02
 4.13088184e+03 6.06329834e+02 4.76539917e+02 2.28360376e+03
 6.48259094e+02 1.76005173e+01 1.30719299e+03 1.25912609e+01
 1.17660437e+03 3.34378491e+03 2.86054932e+02 8.78376526e+02],9544.086,[1.86720435e+03 6.75578613e+02 2.82659521e+03 2.42543848e+03
 2.14775293e+04 1.30110195e+04 3.65524634e+03 1.53390552e+03
 1.44277429e+03 5.69526172e+04 1.85442480e+03 1.96742227e+04
 5.92676147e+02 2.57141571e+02 1.32788812e+05 1.69359141e+04
 3.40682465e+02 6.28471851e+00 1.11650117e+04 3.15839062e+03
 4.37773254e+02 3.15370410e+03 4.91259180e+03 4.38260254e+02
 1.38938711e+04 8.67820703e+03 8.66316376e+01 8.31915741e+01
 2.59797681e+03 2.43373444e+02 1.14540137e+04 6.61375000e+02
 1.45909943e+02 1.30100068e+04 8.92677539e+03 3.41718689e+02
 1.44536108e+03 2.83546797e+04 1.57865372e+02 5.26716553e+03
 4.74483008e+03 5.40470068e+03 3.25955688e+03 8.11492157e+01
 6.85963281e+03 1.65750809e+01 1.43505066e+02 6.46079178e+01
 1.41191357e+04 9.46439266e+00 1.67881494e+03 4.59217224e+02
 2.43299609e+03 8.98426971e+01 9.78267969e+03 7.60961487e+02
 2.31099194e+03 6.86883593e+00 1.28406647e+02 2.51206161e+02
 1.05354408e+02 6.28433899e+02 4.63948877e+03 1.07957773e+04
 9.37700977e+03 4.74298615e+02 4.22467712e+02 1.29716855e+04
 9.36571121e+01 9.68748093e+00 2.80093933e+02 2.14966110e+02
 4.52679336e+04 2.24662720e+03 2.49293750e+03 7.06111450e+02
 1.56039038e+03 8.67285919e+01 4.84478699e+02 1.53409058e+03
 3.30560059e+02 9.39709570e+03 2.53642114e+03 1.17911902e+03
 1.55098145e+02 2.50219250e+00 6.82917175e+01 9.09806641e+03
 2.61546555e+01 2.43613037e+02 7.51825790e+01 4.29862891e+03
 2.32604248e+03 4.65295654e+02 6.12483215e+02 2.42434492e+04
 4.69813049e+02 3.05317896e+03 1.37445947e+04 4.19443741e+01
 4.75214688e+04 9.18322070e+03 1.35453821e+03 2.27646094e+03
 7.24742050e+01 8.43505615e+02 2.10273552e+01 3.89178619e+02
 1.00089760e+01 1.83769019e+03 4.40520620e+00 1.29312480e+04
 8.90770752e+02 1.01904945e+02 6.42715625e+03 2.16222998e+03
 1.91993637e+01 4.59894348e+02 5.90135400e+03 1.38068420e+03
 2.40660767e+03 4.46353149e+02 2.97367139e+03 6.02747363e+03
 2.76259277e+03 1.39116306e+01 7.37597179e+00 2.29705859e+04
 1.22216690e+02 1.77265747e+03 8.91693192e+01 3.09587051e+04
 5.00197070e+03 6.72420605e+03 3.28199688e+04 1.07977627e+04
 4.22340126e+01 1.60136719e+03 1.42748749e+02 3.23912134e+03
 6.37051868e+00 4.28628369e+03 4.09227617e+04 4.27050635e+03
 7.96521094e+03 3.99587378e+03 1.31636124e+02 8.40741638e+02
 3.35901299e+01 1.64662838e+01 3.85496558e+03 3.13283130e+03
 7.90791687e+02 1.86371994e+02 1.06141797e+03 1.84306875e+04
 7.05646533e+03 9.40445801e+03 1.55043906e+05 2.66939545e+01
 2.50973291e+03 1.99561554e+02 1.15204956e+03 3.23452002e+03
 2.64686992e+04 3.48288818e+03 1.23600586e+02 2.47074081e+02
 3.73016571e+02 3.08254547e+01 1.24793604e+04 3.42506982e+03
 2.97889614e+00 5.01102393e+03 1.01911902e+00 1.27322334e+02
 2.26785117e+04 4.87727478e+02 5.79011292e+02 1.52051465e+03
 5.93770386e+02 4.39103355e+01 1.39504688e+03 6.21161992e+04
 9.60200378e+02 4.45784326e+03 2.89914436e+01 3.91797791e+02
 1.87414082e+04 8.93599304e+02 2.84718231e+02 5.54124463e+03
 1.21963369e+04 1.60274146e+03 1.00640879e+04 1.21609888e+03
 1.42295986e+04 1.26742938e+05 1.90322734e+04 7.67651733e+02
 1.44448401e+03 3.46553326e+00 2.34508555e+04 9.93611511e+02
 2.76245410e+03 1.06192900e+04 7.06840869e+03 5.65112939e+03
 4.14544182e+01 1.50350845e+02 1.12575684e+03 8.76385234e+04
 1.79023914e+03 2.73582245e+02 2.57614803e+01 3.49716455e+03
 1.83847119e+03 1.66206562e+04 2.79266449e+02 3.07842302e+00
 1.83417651e+03 1.38932227e+03 3.06822046e+03 3.33709609e+04
 1.53837871e+04 2.42332031e+03 8.80449448e+01 6.91021973e+03
 3.75577383e+04 3.04429359e+01 1.46698929e+02 4.87929106e+00
 4.59104919e+02 1.41348018e+04 9.21268860e+02 1.40156650e+04
 4.02139435e+01 7.73195922e-01 3.97529004e+03 5.97817432e+03
 3.26231348e+03 8.47232129e+03 1.86865356e+02 8.77384033e+02
 3.33278564e+03 8.61759399e+02 2.75787744e+03 6.77821680e+03
 2.77767310e+03 1.25858469e+01 4.13018066e+02 5.05462723e+01
 1.52534668e+04 6.41416992e+02 3.36999146e+02 1.37303284e+03],-978.3097,-1125.7449,-1458.4675,1.5658083,16.056349,0.14882022,0.9364151,0.016371029806137086,16534.215720415115,0.1875,0.1875,-0.24611527220084184,0.0027210891472167513,-0.24594329370127016,0.0033627578951918174,-1.1011559441779664,25.249999999996884,0.0,1000000.0,-7.0,-3527.0,500.0,8.212196826934814,1000000
