training/actor/actor_loss,training/actor/bc_flow_loss,training/actor/distill_loss,training/actor/mse,training/actor/q,training/actor/q_loss,training/critic/bcfm_loss,training/critic/critic_loss,training/critic/dcfm_loss,training/critic/q_max,training/critic/q_mean,training/critic/q_min,training/critic/q_std,training/critic/q_std_max,training/critic/q_std_min,training/critic/weight,training/grad/max,training/grad/min,training/grad/norm,validation/actor/actor_loss,validation/actor/bc_flow_loss,validation/actor/distill_loss,validation/actor/mse,validation/actor/q,validation/actor/q_loss,validation/critic/bcfm_loss,validation/critic/critic_loss,validation/critic/dcfm_loss,validation/critic/q_max,validation/critic/q_mean,validation/critic/q_min,validation/critic/q_std,validation/critic/q_std_max,validation/critic/q_std_min,validation/critic/weight,time/epoch_time,time/total_time,exploration/prev_qpos,exploration/prev_qvel,exploration/qpos,exploration/qvel,exploration/control,exploration/time,exploration/success,exploration/total.timesteps,exploration/episode.final_reward,exploration/episode.return,exploration/episode.length,exploration/episode.duration,step
198.21033,0.056280103,0.08109241,0.00448114,-197.34312,197.34312,[5.06285056e-02 6.37306869e-02 1.05017461e-02 1.46426465e-02
 5.96615195e-01 1.26048163e-01 1.46607012e-01 2.37592347e-02
 5.92158884e-02 3.06291413e-02 3.20670791e-02 9.01890635e-01
 7.06873983e-02 4.01605219e-02 2.07894832e-01 1.89198330e-01
 4.09403324e-01 8.53215996e-03 2.43389830e-01 3.11877113e-02
 1.04923137e-01 1.87735707e-02 4.90975052e-01 1.07952682e-02
 5.72997238e-03 4.78310920e-02 7.85845876e-01 2.02203929e-01
 1.82417538e-02 1.18765179e-02 6.17237091e-02 1.14258230e+00
 3.41297686e-01 3.33555117e-02 1.41357020e-01 3.54622900e-01
 5.02546406e+00 4.33589257e-02 1.10670123e-02 1.32374763e-01
 7.37291336e-01 7.23547161e-01 5.34962893e-01 5.67656755e-02
 2.76004910e-01 5.92848897e-01 3.50574881e-01 5.71345210e-01
 1.03923894e-01 1.67251110e-01 1.55509785e-02 4.78745997e-01
 3.41241471e-02 3.48138884e-02 4.55095321e-01 3.09442841e-02
 1.22672558e-01 3.08575809e-01 3.31158489e-02 7.87595659e-03
 2.62094922e-02 4.93261144e-02 2.61220366e-01 8.10131967e-01
 1.39325038e-02 1.51797999e-02 5.60340166e-01 2.67070942e-02
 2.01754700e-02 3.11337747e-02 2.77598258e-02 5.82644492e-02
 3.90782803e-01 8.44700336e-01 4.11201656e-01 4.43099380e-01
 6.36766776e-02 2.15997770e-02 1.35259898e-02 3.45772654e-01
 2.82732137e-02 3.43004495e-01 2.97724515e-01 3.75691295e-01
 5.21789193e-01 3.44232656e-03 5.06809652e-01 2.54947995e-03
 1.39416102e-02 9.74089205e-01 1.38965559e+00 1.19149722e-02
 5.30435920e-01 1.09451860e-01 1.16727400e+00 1.14054736e-02
 2.03274773e-03 5.81823647e-01 3.19536924e-01 2.68757865e-02
 3.19258869e-02 2.10253984e-01 1.55579507e-01 4.10640329e-01
 2.36501265e-03 3.86043489e-02 2.79284596e-01 3.87534243e-03
 1.50444284e-01 1.42506696e-02 1.49395183e-01 1.63374484e-01
 8.96436162e-03 2.75792778e-01 3.33095551e-01 1.09670267e-01
 1.33314077e-03 1.00713360e+00 3.18215415e-02 1.42427459e-01
 7.38372207e-02 1.12595372e-01 1.76702797e-01 1.41654563e+00
 1.81482062e-01 2.95069981e-02 7.88178518e-02 9.23182517e-02
 1.74784315e+00 6.99252039e-02 3.84662412e-02 1.22819439e-01
 2.91662008e-01 6.82191491e-01 2.79350784e-02 4.22553271e-01
 3.86378169e-02 3.51847187e-02 4.77341503e-01 3.45495567e-02
 7.20677316e-01 2.29111061e-01 2.15846859e-02 1.09087184e-01
 3.99956573e-03 3.89369391e-02 3.60316411e-02 3.35036293e-02
 1.47250798e-02 1.33345932e-01 1.34450006e+00 2.25769132e-02
 7.26817071e-01 6.93654954e-01 6.41101718e-01 3.77092734e-02
 4.40755393e-03 6.57413900e-02 1.52980894e-01 3.49551812e-02
 1.66875392e-01 1.65764466e-02 1.28278598e-01 7.17071712e-01
 5.03759757e-02 3.99614871e-03 9.89970751e-03 3.97090763e-02
 2.97332555e-02 2.63684057e-02 6.04009867e-01 2.07060218e-01
 3.29299092e-01 2.58189831e-02 2.36875191e-02 4.97687310e-02
 4.88279223e-01 1.10482609e+00 3.59691083e-02 9.92259026e-01
 4.08853590e-02 2.80245572e-01 4.78877783e-01 4.84834574e-02
 2.19079375e-01 1.40389770e-01 1.83857918e-01 1.46733716e-01
 5.05617857e-01 2.96613157e-01 3.13726291e-02 2.90267374e-02
 3.95327926e-01 3.28827873e-02 1.25384005e-02 5.60099185e-02
 3.14262092e-01 2.20003724e-01 7.53545165e-02 7.24714398e-02
 5.89737117e-01 1.46360338e-01 2.54654855e-01 1.17465900e-02
 4.91189957e-01 1.55119691e-03 1.01018035e+00 4.11940545e-01
 1.26367033e-01 6.07758045e-01 5.09878099e-01 2.15527844e-02
 1.23423301e-01 2.37597376e-01 5.37363529e-01 3.86694097e-03
 9.77364063e-01 3.36513191e-01 6.04400456e-01 2.51041036e-02
 1.83099993e-02 4.02865857e-02 2.37943456e-02 1.31523156e+00
 1.33671416e-02 3.87943238e-01 4.67303485e-01 2.90401727e-01
 2.57945228e-02 2.17626952e-02 9.51256156e-02 1.44225229e-02
 5.51882274e-02 1.10371029e-02 7.95391873e-02 1.39416894e-02
 8.12679827e-02 1.27250599e-02 1.00873560e-02 2.07328238e-02
 1.32662347e-02 9.03278887e-02 4.72684056e-02 6.59001231e-01
 6.38015926e-01 4.00642246e-01 1.00275474e-02 6.62123412e-03
 7.01771736e-01 2.29995549e-02 2.93261018e-02 8.19440838e-03
 6.88609779e-02 8.76236893e-03 5.55456877e-01 2.80767027e-03],0.32104304,[1.13446098e-02 1.34821743e-01 8.32510367e-02 3.87221515e-01
 9.25013423e-01 2.59920061e-01 2.76099741e-01 2.10480988e-01
 3.34440023e-01 1.41465008e+00 4.33534421e-02 1.13215852e+00
 9.56112742e-02 2.36500651e-01 1.16618112e-01 9.28232849e-01
 1.60450161e-01 1.24634267e-03 2.33942080e+00 3.24540079e-01
 5.43212175e-01 9.95057285e-01 1.98983705e+00 1.15246009e-02
 1.23659000e-02 7.09208101e-02 9.90580380e-01 4.14747179e-01
 6.41071647e-02 6.40677661e-03 2.69415587e-01 6.35208726e-01
 5.54593027e-01 1.04518898e-01 7.96061158e-01 7.68251792e-02
 2.24033073e-01 8.22453648e-02 1.14155009e-01 3.93409371e-01
 1.14286470e+00 6.33460402e-01 9.16249573e-01 1.79010212e-01
 3.54669280e-02 8.89188945e-01 1.87209815e-01 7.61431456e-01
 7.31860578e-01 5.29831171e-01 9.40738712e-03 6.38072848e-01
 5.92416115e-02 1.39219075e-01 1.49915838e+00 8.02672207e-02
 4.20827776e-01 4.58710283e-01 1.07223980e-01 5.60381450e-04
 6.70959800e-02 3.59500013e-02 5.07232189e-01 8.28671038e-01
 3.42093036e-02 1.03653991e-03 1.11730027e+00 9.29534622e-03
 3.38182934e-02 2.29364708e-02 2.70437486e-02 1.62764341e-01
 3.90962899e-01 6.15669549e-01 1.96468487e-01 4.26218659e-01
 3.63273352e-01 4.14514244e-02 2.22520833e-03 7.93107748e-01
 7.38814753e-03 2.07370874e-02 6.67046666e-01 4.31887731e-02
 4.14042264e-01 8.04615393e-02 8.27698290e-01 1.73994392e-01
 7.83780664e-02 4.73251998e-01 1.30176795e+00 2.95337707e-01
 1.16176736e+00 4.21567708e-02 3.10179770e-01 1.65287200e-02
 3.94640751e-02 3.63869935e-01 5.83272099e-01 1.32308975e-01
 2.56774813e-01 7.58885562e-01 1.32762849e-01 8.26924384e-01
 1.43040372e-02 8.75551224e-01 3.69525887e-02 4.76263696e-04
 1.05617099e-01 4.56463546e-03 3.33489865e-01 2.52644010e-02
 7.90311489e-03 2.96130419e-01 1.29126048e+00 1.26968771e-01
 1.45208947e-02 3.92539084e-01 1.41144931e-01 6.02173507e-01
 1.22901060e-01 4.02639508e-01 2.84440994e-01 7.18652964e-01
 7.85046101e-01 6.78475499e-02 8.61707211e-01 9.47308540e-02
 1.30269957e+00 4.61268306e-01 1.08048126e-01 7.94988722e-02
 2.03241840e-01 1.95376545e-01 3.34197059e-02 1.16495609e+00
 7.34191090e-02 5.61141595e-02 5.15876412e-01 5.44905029e-02
 8.43524814e-01 5.17635643e-01 1.83075331e-02 7.37100184e-01
 3.10230441e-02 3.10656607e-01 1.33275110e-02 2.33263284e-01
 1.62523925e-01 4.77747917e-01 9.27547574e-01 4.17501926e-01
 4.42317188e-01 7.51990795e-01 2.23259687e+00 8.46348405e-01
 1.56125613e-03 1.12936951e-01 5.40185750e-01 2.02135742e-02
 8.82369131e-02 8.06641672e-03 9.04097483e-02 2.52955675e-01
 2.78862953e-01 1.97434449e-03 8.15386176e-02 3.02401371e-02
 2.59352922e-01 4.02516983e-02 6.63104877e-02 6.23333812e-01
 1.49012232e+00 1.20109424e-01 1.54492045e-02 5.12762461e-03
 7.58499146e-01 9.83115733e-01 1.80508476e-02 8.66900206e-01
 2.50853658e-01 8.23467135e-01 1.28135073e+00 5.58156371e-02
 4.14564610e-01 1.77883431e-01 6.07679129e-01 1.00315310e-01
 7.33692467e-01 2.17890650e-01 1.89097393e-02 3.52349617e-02
 6.21525884e-01 2.06996962e-01 1.48017630e-02 2.45881323e-02
 4.98703599e-01 2.18204334e-02 6.84833452e-02 3.71962994e-01
 5.42351782e-01 2.89012082e-02 1.84629411e-01 3.35373394e-02
 1.28099239e+00 2.45462805e-01 6.79509759e-01 7.91805744e-01
 2.34320357e-01 2.27379620e-01 9.73453403e-01 1.20425383e-02
 1.32245064e-01 2.92150170e-01 1.29080728e-01 4.22454672e-04
 1.15853000e+00 8.28782320e-01 1.17876911e+00 3.55823040e-02
 6.17343895e-02 4.28088570e+00 4.54329364e-02 8.06477945e-03
 2.57961117e-02 2.31269866e-01 2.90999472e-01 3.60881656e-01
 2.27433965e-02 8.64579603e-02 1.56888030e-02 7.99431205e-02
 7.28619248e-02 3.06875467e-01 3.01414847e-01 7.30513334e-02
 1.20388687e-01 2.31752098e-02 5.08313067e-03 7.76667297e-02
 1.11518838e-02 4.21334356e-02 7.33505711e-02 1.26502740e+00
 1.66176394e-01 5.95072985e-01 2.63159145e-02 1.90778866e-01
 8.42118382e-01 1.79686964e-01 1.28405904e-02 9.48819593e-02
 6.41166419e-02 3.43231522e-02 5.06333768e-01 4.88126308e-01],-165.17462,-199.08752,-208.7897,0.576411,0.98397434,0.42288625,0.5061768,125.193344,-47.165882,450.21512,173.53278,0.71211284,0.27710384,0.06595295,-170.04962,170.04962,[4.79942169e+01 9.90106049e+01 1.42044568e+00 2.00401187e+00
 5.53922577e+01 4.81712770e+00 1.44639854e+01 3.89333878e+01
 3.52772760e+00 3.31907988e+00 6.30148649e-01 4.07555664e+02
 1.49843347e+03 5.79034567e+00 2.06945129e+02 2.94361633e+02
 4.10282837e+02 3.84136658e+02 5.29953766e+00 1.35311127e+02
 8.97915649e+02 1.63853002e+00 1.14185972e+01 4.29635658e+01
 5.64823303e+02 2.72168091e+02 3.21566620e+02 5.69807129e+01
 1.00252420e-01 5.23230219e+00 1.57124844e+01 1.94340754e+00
 1.11299849e+01 5.70686279e+02 3.97551453e+02 8.36536288e-01
 4.61348915e+00 3.91847305e+01 3.57446671e+01 4.13149166e+00
 5.65040255e+00 2.53159836e+02 1.36544947e-02 1.89483523e+00
 3.45241284e+00 3.25305603e+02 9.11412659e+02 1.48752914e+02
 1.20697838e+02 1.85159264e+01 2.90726685e+02 3.24853134e+01
 2.55058853e+02 2.49734020e+01 4.25943146e+01 6.79229370e+02
 1.00040779e+02 6.79701996e+01 2.27073578e+02 8.99607944e+00
 6.35223007e+01 1.21711531e+01 1.02721252e+01 1.19667834e+03
 3.97124982e+00 2.55808044e+02 2.99304414e+00 3.66167603e+01
 1.02991829e+01 6.72362328e-01 3.66642642e+00 1.44055588e+02
 3.28238511e+00 3.56217041e+01 1.51964045e+01 4.73415232e+00
 9.85599422e+00 3.41561928e+01 1.01978958e+02 2.75912903e+02
 3.74801292e+01 3.45533409e+01 7.51743841e+00 3.95922775e+01
 2.19971802e+02 1.43464375e+00 2.04779251e+02 2.27517548e+01
 1.65219450e+00 3.76496735e+01 4.19169998e+00 2.34920181e+02
 4.52094936e+00 1.94393265e+00 2.19815283e+03 1.97369137e+01
 3.86617804e+00 1.17987183e+02 6.02924957e+01 1.96752186e+01
 1.41305857e+01 3.57088394e+01 1.20514183e+01 1.10618486e+01
 5.13729429e+00 2.50568962e+00 6.56662827e+01 2.42543625e+02
 2.77764583e+00 2.67579956e+01 1.95270196e-01 1.37595959e+01
 7.70792007e+01 1.73084259e+00 1.86165726e+02 2.04210938e+02
 7.60354996e+00 2.11572800e+01 4.61071253e-01 9.57615356e+02
 1.43529114e+02 3.98691222e-02 3.70926094e+01 2.40810135e+02
 1.15062780e+01 2.08979397e+01 3.44626904e+00 1.24710989e+00
 1.75960732e+01 5.06020021e+00 6.35197353e+00 3.46897125e+02
 1.27817307e+01 3.07038086e+02 5.43782120e+01 4.32907074e+02
 2.81517887e+01 2.58933926e+00 1.41689917e+03 1.59730883e+01
 2.42387223e+00 2.62163574e+02 2.99018097e+00 3.76375270e+00
 1.11255096e+02 4.46253681e+00 3.27394012e+02 1.13764658e+01
 5.32175922e+00 2.03002319e+01 5.82385015e+00 7.22173615e+01
 7.43075037e+00 2.19577236e+01 8.50119781e+00 2.10903317e-01
 2.02804245e+02 5.13733745e-01 1.45436649e+01 1.22150154e+01
 4.77216101e+00 8.23414993e+00 1.75223846e+01 4.10451698e+00
 2.65560646e+01 1.05077732e+00 4.95049858e+00 2.19676914e+01
 2.20377874e+00 1.10353642e+01 4.32925558e+00 1.47017174e+01
 1.20654321e+00 1.91304350e+00 4.24653435e+00 7.67718994e+02
 1.76151772e+01 2.38162323e+02 5.46551147e+02 2.96240544e+00
 4.36378574e+00 1.23765886e+00 2.24804544e+00 8.14587250e+01
 5.64028442e-01 1.02086096e+01 1.34081335e+03 3.46190613e+02
 2.07177536e+02 1.32486053e+02 4.59439659e+00 2.76423130e+01
 2.15790462e+00 6.62967682e+01 2.01837982e+02 1.80035992e+01
 4.55384865e+01 1.72332993e+01 1.56493115e+00 1.37325928e+02
 5.85584521e-01 1.10407429e+01 8.43543335e+02 1.48166052e+03
 1.42399063e+02 5.39859176e-01 4.59999657e+01 5.64857254e+01
 8.96060944e+00 1.29404259e+01 5.10118914e+00 6.72027817e+01
 1.97487213e+02 1.63090324e+01 2.57347465e-01 6.95987930e+01
 2.18964672e+01 3.58549857e+00 4.93407097e+01 1.10944009e+00
 5.32770538e+01 2.56088495e+00 4.06112611e-01 9.40921326e+01
 4.30532312e+00 2.17299137e+01 3.15992565e+01 1.19505188e+02
 8.33343811e+01 1.12706399e+00 1.71358566e+01 1.41873913e+01
 7.22079992e+00 1.94268417e+01 1.22800684e+03 1.87668645e+00
 6.88129282e+00 1.11384945e+01 8.21150780e+00 4.02086678e+01
 5.34803772e+02 4.07948589e+00 7.45968857e+01 2.21020555e+00
 2.64742336e+01 9.01476955e+00 3.51618530e+02 2.05505957e+03
 2.42170441e+02 3.92070580e+01 1.39655083e-01 2.66581039e+01
 2.48393148e-01 7.31876314e-01 4.09964294e+01 1.47511261e+02],121.4662,[4.97121582e+01 8.97801743e+01 5.29700696e-01 4.92275596e-01
 3.90892258e+01 6.47276020e+00 8.05935669e+00 5.63074732e+00
 3.69282675e+00 4.48426914e+00 2.82378101e+00 2.49143672e+00
 8.45468445e+01 2.21205771e-01 1.95953354e+02 2.39073849e+01
 3.53259613e+02 5.08915833e+02 2.86433983e+00 9.47665405e+01
 8.56165466e+01 2.18525052e+00 9.94066620e+00 6.39019203e+01
 5.73696533e+02 1.51531509e+02 2.16397797e+02 1.33416718e+02
 2.42227554e+00 2.18784332e+00 2.55554276e+01 1.78976327e-01
 1.00225801e+01 5.01704468e+02 3.71418701e+02 8.13378394e-01
 5.23107243e+00 7.30793858e+00 2.97785473e+01 4.39298964e+00
 1.57485747e+00 3.10993103e+02 1.48701465e+00 1.22767615e+00
 2.22673488e+00 1.38493118e+02 5.94453369e+02 8.56066895e+01
 7.77196503e+01 1.69287014e+01 2.32582489e+02 2.23649025e+01
 4.14458733e+01 1.15622931e+01 5.56274452e+01 5.91815430e+02
 4.09189606e+01 4.69278984e+01 1.77651031e+02 1.30584466e+00
 7.94686966e+01 6.70128107e+00 1.26337366e+01 5.58874390e+02
 3.90758753e+00 2.03070541e+02 2.70005774e+00 3.83429260e+01
 1.03702116e+01 4.45730031e-01 2.78663540e+00 3.57405777e+01
 6.21987486e+00 3.07185593e+01 2.84827232e+01 6.39940262e+00
 2.68170667e+00 1.94552517e+01 5.23152122e+01 2.58898315e+02
 4.82882996e+01 1.40700588e+01 3.43687510e+00 1.54955811e+02
 2.80730927e+02 4.31388426e+00 1.93926483e+02 2.34028282e+01
 1.27580702e+00 3.61385689e+01 4.14594460e+00 3.07398415e+01
 4.29293346e+00 4.14932072e-01 1.55115149e+03 2.45137939e+01
 9.87632036e-01 6.29701538e+01 3.69688034e+01 9.94793797e+00
 3.77078080e+00 2.96742141e-01 2.18681860e+00 1.04616232e+01
 5.21575260e+00 3.22192740e+00 6.08150749e+01 8.45552826e+01
 2.88034272e+00 4.01680984e+01 1.20035514e-01 3.37834435e+01
 9.10847473e+01 1.91862798e+00 1.38635147e+02 3.55130844e+01
 7.68804502e+00 2.74977531e+01 2.71736771e-01 4.73276184e+02
 1.65504929e+02 1.59763563e+00 2.72286491e+01 1.84273071e+01
 1.20575552e+01 3.73128796e+00 2.82560515e+00 1.61861038e+00
 1.42766399e+01 3.68721068e-01 5.22273922e+00 8.07757874e+01
 1.56826820e+01 2.45114899e+02 5.11122856e+01 2.95151123e+02
 1.06811249e+02 1.27909809e-01 7.59131622e+01 1.51246052e+01
 9.05895948e-01 6.80571747e+01 3.65217662e+00 4.67720842e+00
 1.05464142e+02 4.33134079e+00 5.44033051e+01 5.38532495e+00
 3.25407720e+00 2.11801491e+01 3.02965021e+00 8.41597366e+01
 2.15151548e+00 2.38054109e+00 8.18427658e+00 4.11627960e+00
 1.39189301e+02 7.49909580e-01 1.05473661e+01 1.31485825e+01
 4.38395691e+00 8.91547680e+00 3.87805214e+01 4.39391479e+01
 8.13655567e+00 6.39887524e+00 9.88146210e+00 1.99687901e+01
 1.46067929e+00 1.19059010e+01 2.14887381e+00 8.70616913e+00
 2.07833266e+00 1.36107934e+00 3.38914106e-03 7.61962341e+02
 1.38092251e+01 1.91598297e+02 4.15585876e+02 4.30187285e-01
 1.53875694e-01 6.51908815e-01 4.90688801e+00 2.39673195e+01
 1.09869325e+00 3.63152409e+00 1.34353174e+03 2.02238556e+02
 1.43934448e+02 1.21697166e+02 2.35163069e+00 1.84583988e+01
 1.75902104e+00 4.10719872e+01 2.98863297e+01 7.71644497e+00
 7.83086243e+01 1.92633076e+01 1.23200750e+00 1.43762909e+02
 6.45895422e-01 1.25408983e+01 7.32308350e+02 9.51489868e+02
 1.23429718e+02 1.35193393e-01 3.07646122e+01 6.67427521e+01
 1.27820854e+01 7.65611219e+00 3.57179785e+00 2.48662014e+01
 7.64614534e+00 2.07076797e+01 1.30181732e-02 2.65025787e+01
 2.18606892e+01 4.67897797e+00 4.02883835e+01 5.09993196e-01
 3.04472904e+01 3.21314049e+00 2.63670564e-01 1.21254639e+02
 4.35208416e+00 1.26051960e+01 3.11949539e+01 7.48850098e+01
 5.85532570e+01 5.49902916e-01 1.16799974e+01 2.03025703e+01
 8.88273335e+00 2.22242031e+01 8.32823120e+02 1.98494887e+00
 5.90605164e+00 4.67407894e+00 5.38193226e+00 1.95843830e+01
 5.26198120e+02 1.75740194e+00 5.87713890e+01 2.32304287e+00
 2.87071323e+01 1.35478144e+01 5.53378181e+01 2.40150610e+03
 2.41332489e+02 3.23762970e+01 1.67548716e-01 1.76860390e+01
 1.31367683e+00 4.77478001e-03 1.86399822e+01 1.18936386e+02],-86.46219,-175.26743,-203.8887,0.8183738,1.7061434,0.3153089,0.52858424,0.01662259412765503,415.56487011909485,0.20298690696084945,-0.03184602523436565,0.20017131077107755,-0.0541841265551359,9.303789122540008,25.099999999996967,0.0,25000.0,-2.0,-1000.0,500.0,6.627639293670654,25000
262.54736,0.06472791,0.2632129,0.0056645605,-259.8505,259.8505,[2.81092916e-02 1.03336409e-01 1.10909474e+00 9.27040912e-03
 9.78713632e-02 2.18528762e-01 1.49499793e-02 9.76732820e-02
 1.92942321e-01 7.26137012e-02 1.26608372e-01 1.61970139e-01
 4.76830542e-01 7.79572502e-03 6.78105503e-02 3.73097602e-03
 1.80304289e-01 8.89005959e-02 9.37407985e-02 3.33249539e-01
 2.70375431e-01 3.93659890e-01 1.89931795e-01 2.11016715e-01
 1.98984623e-01 1.23651993e+00 8.91160816e-02 1.88101456e-02
 1.28855914e-01 9.51632410e-02 2.03509673e-01 3.29898167e+00
 8.29917669e-01 1.71061698e-02 3.52836796e-03 1.94424838e-02
 9.34803672e-03 5.53201318e-01 7.48449005e-04 1.35466024e-01
 4.76644218e-01 9.95472148e-02 2.84721106e-01 4.21488807e-02
 2.36925855e-02 1.10629237e+00 7.62895644e-02 5.23063540e-01
 1.59638703e-01 2.61359848e-04 8.80731735e-03 3.13036330e-03
 4.27030399e-03 1.77428812e-01 2.15327621e-01 8.07341039e-02
 9.93637681e-01 1.90725303e+00 1.29042581e-01 1.13025248e-01
 4.49215584e-02 7.68253580e-03 3.29619527e-01 1.98322654e-01
 7.51885891e-01 7.58227054e-03 2.42609531e-03 6.40733633e-03
 3.57576646e-03 2.90073812e-01 1.60698891e-02 6.30815148e-01
 3.01108025e-02 1.92655623e-02 5.67911118e-02 6.91544652e-01
 3.35092098e-03 1.01494277e-02 3.71725410e-02 5.96515927e-03
 6.29253983e-02 1.55205339e-01 6.86146785e-03 1.72020011e-02
 5.83479293e-02 5.43096773e-02 4.87401068e-01 4.44067121e-02
 2.23809049e-01 4.55351546e-04 2.77800739e-01 2.10274793e-02
 4.14374508e-02 4.07480270e-01 5.71291242e-03 1.31266803e-01
 2.10120261e-01 2.99031287e-03 3.46920013e+00 3.69130075e-01
 1.12057157e-01 1.24357104e-01 2.13341355e-01 2.23904513e-02
 3.65481257e-01 4.83805016e-02 2.92913288e-01 1.84280202e-01
 2.77099330e-02 1.96831256e-01 1.46014923e-02 6.28606021e-01
 3.77793871e-02 1.27847642e-01 5.87087050e-02 3.04506749e-01
 4.03617322e-02 1.82472486e-02 1.19875334e-01 1.78103209e-01
 1.06465781e+00 1.55266523e-01 1.74271390e-02 1.57834724e-01
 6.14566281e-02 3.61233801e-01 5.43779492e-01 9.72477794e-02
 5.98524883e-02 1.93216354e-01 2.57621892e-03 6.77542761e-02
 1.24519300e+00 1.93747377e+00 6.79996982e-02 2.44017810e-01
 3.30152810e-01 2.31625519e+01 6.61403716e-01 4.29903984e-01
 4.50259540e-03 1.59581192e-02 1.01690018e+00 7.11171851e-02
 2.09931284e-02 7.72333294e-02 1.81982785e-01 4.83743139e-02
 1.17613979e-01 2.91364253e-01 2.32845917e-03 2.46062800e-02
 2.92957604e-01 3.62129956e-02 9.38413963e-02 2.78184086e-01
 3.74733120e-01 4.60274816e-02 5.06249554e-02 4.07825001e-02
 7.57410098e-03 4.17678446e-01 3.26339483e-01 6.43736124e-02
 2.62071490e-01 1.16261005e+00 2.38896281e-01 1.08023122e-01
 2.98435211e-01 8.68133754e-02 3.29248011e-02 1.36819255e+00
 9.25735831e-02 1.67001039e-03 5.75601496e-02 1.56708017e-01
 4.23487052e-02 2.95092948e-02 2.00017709e-02 1.07293800e-01
 6.98428452e-02 1.51743460e-03 1.17060401e-01 1.85243264e-01
 1.20027471e+00 2.31016010e-01 1.15145959e-01 1.16398484e-01
 1.17171788e+00 9.61323231e-02 2.81753957e-01 2.34758541e-01
 7.46657133e-01 2.13100854e-02 3.71720165e-01 4.38390404e-01
 1.91355981e-02 2.25263596e-01 5.14789969e-02 4.25579138e-02
 1.00674108e-03 2.22447067e-01 1.62919387e-02 5.39464474e-01
 1.15839094e-01 9.34643764e-03 1.67620027e+00 2.84184515e-01
 3.70169640e-01 2.36120522e-02 8.24777484e-02 1.53676108e-01
 6.29917145e-01 8.19351990e-03 3.10480036e-03 4.35249418e-01
 1.25589445e-01 1.08499080e-04 2.22131222e-01 2.79820204e-01
 2.06721351e-01 2.38358736e-01 9.48840752e-05 8.80716145e-02
 1.59320697e-01 1.02976918e-01 1.18498340e-01 2.29881454e+00
 9.42777842e-02 2.92723632e+00 9.24498364e-02 3.65035862e-01
 2.48951241e-02 1.32906866e+00 2.00038746e-01 1.24895060e-02
 1.01054192e-01 5.97397923e-01 2.11413391e-02 1.59967333e-01
 3.83656099e-03 3.88655812e-02 5.30168191e-02 2.79863030e-01
 6.62083328e-02 1.23135477e-01 1.52038306e-01 2.53987491e-01
 4.55380201e-01 1.05587706e-01 9.93761867e-02 3.00888047e-02
 1.49787039e-01 8.93375725e-02 3.84818763e-02 1.09596896e+00],0.52241474,[3.33555974e-02 1.82742462e-01 4.42550182e+00 3.09129357e-01
 1.80840284e-01 5.34281611e-01 4.87329885e-02 1.75843015e-01
 4.58974898e-01 1.74306840e-01 1.75745428e-01 2.41968602e-01
 3.54909420e+00 5.16975164e-01 2.12391555e-01 1.94242790e-01
 1.97475970e+00 1.97610036e-01 1.12205184e+00 2.83349492e-02
 5.49663782e-01 3.88254821e-01 1.30244151e-01 2.38495842e-01
 7.68613890e-02 9.41473544e-01 3.08389664e-01 1.46926954e-01
 1.79732323e-01 6.64249361e-02 1.02094464e-01 1.10966671e+00
 6.65693164e-01 1.27947703e-01 2.72738278e-01 6.61228299e-02
 2.26662382e-02 1.33758232e-01 1.75891668e-01 6.65143609e-01
 1.18506767e-01 3.09748948e-02 3.27163875e-01 1.90260604e-01
 8.33009928e-02 4.89666510e+00 9.75446105e-01 3.61769825e-01
 1.43988478e+00 5.85635826e-02 1.10450357e-01 3.34395468e-02
 7.71734267e-02 2.32011117e-02 7.39385307e-01 7.00747669e-01
 5.11946535e+00 5.97008181e+00 3.26132476e-01 1.68647802e+00
 2.80264169e-02 2.21702456e-01 1.39551258e+00 3.36338699e-01
 5.25217392e-02 8.00555348e-02 3.42641547e-02 1.15817495e-01
 8.06821883e-02 3.44151348e-01 1.36256009e-01 4.04111338e+00
 2.29060486e-01 5.81184849e-02 9.16218400e-01 1.13710296e+00
 4.95858639e-02 9.53085870e-02 6.25542223e-01 3.21825258e-02
 3.36206198e-01 1.12529933e-01 1.93889029e-02 9.57934260e-02
 4.97816354e-02 3.65754664e-01 2.50422806e-02 3.80668014e-01
 1.59573495e+00 1.93201192e-02 3.39502722e-01 1.86658800e-01
 4.00436111e-03 4.67140615e-01 8.43803287e-02 2.90646881e-01
 3.41822922e-01 1.03960641e-01 1.44960380e+00 5.40035248e-01
 2.77771026e-01 4.58412230e-01 3.26273173e-01 4.85227823e-01
 4.10615802e-01 1.51786685e+00 5.30188274e+00 6.70230240e-02
 1.13706601e+00 3.07290316e-01 1.63896024e-01 5.53258955e-02
 3.35275590e-01 1.35283530e+00 9.08739269e-02 4.65880275e-01
 6.58386350e-01 1.40723363e-01 5.13857603e-01 4.13655877e-01
 1.71818212e-01 3.91635656e+00 2.11622752e-02 6.34634197e-02
 1.47922412e-01 3.81737292e-01 2.08606914e-01 3.71314585e-01
 9.53963622e-02 7.36903474e-02 1.16608769e-01 4.13803533e-02
 3.62962395e-01 3.78824043e+00 4.64807510e-01 2.68787533e-01
 2.41098851e-01 3.86099768e+00 7.52915442e-02 3.62722695e-01
 3.78176630e-01 5.25016710e-02 1.32924005e-01 1.52752632e-02
 1.43208623e-01 1.15540482e-01 4.78490055e-01 9.95754674e-02
 8.36516798e-01 3.74222636e-01 1.49692625e-01 2.24486828e-01
 6.91542029e-02 9.15272161e-02 4.47859228e-01 2.09274888e+00
 1.47688997e+00 8.32571387e-02 3.82931419e-02 4.36294861e-02
 3.25583108e-02 4.09106135e-01 4.32398140e-01 1.14253629e-02
 3.97271454e-01 4.55786735e-01 4.84815627e-01 3.86123180e-01
 2.75101811e-01 1.39540225e-01 1.66618079e-01 3.60629487e+00
 3.42341959e-01 1.84936106e-01 7.39546537e-01 3.40593517e-01
 2.80094624e+00 4.07848001e-01 2.15238047e+00 6.59560680e-01
 8.56414795e-01 3.02895233e-02 1.18491971e+00 1.88586622e-01
 2.32563615e-01 1.76505879e-01 3.19103509e-01 1.40626162e-01
 6.88939691e-01 2.09895507e-01 2.97864646e-01 1.02677512e+00
 1.59301484e+00 4.26550694e-02 1.38135481e+00 5.72132528e-01
 1.57948345e-01 1.08885443e+00 4.04611647e-01 6.91798776e-02
 5.07321835e-01 1.66420452e-02 3.34260389e-02 6.75991714e-01
 4.76222038e-01 4.73487116e-02 1.38671845e-01 3.86347353e-01
 8.69788378e-02 2.36719064e-02 1.80558532e-01 4.01478559e-01
 1.79570413e+00 1.17366433e-01 1.33062247e-02 1.94572285e-01
 3.00996810e-01 1.28460946e-02 1.09771860e+00 1.48172870e-01
 3.18517983e-01 1.23676948e-01 7.57532716e-02 9.24401283e-01
 7.40684271e-01 7.88271800e-02 2.72814989e-01 1.32740343e+00
 2.18294829e-01 1.11498404e+00 6.47801906e-02 2.59655118e-01
 1.06380410e-01 3.56613137e-02 7.17648640e-02 1.58857793e-01
 2.35919178e-01 1.85883299e-01 1.31542414e-01 7.64026791e-02
 8.99515375e-02 1.59199595e-01 1.15225218e-01 3.50239992e-01
 3.76998782e-02 3.44951808e-01 4.85839359e-02 2.24292561e-01
 1.66664645e-02 8.08347881e-01 1.53289095e-01 1.26912642e+00
 6.48350835e-01 2.70723730e-01 1.55683911e+00 2.27006972e-01],-230.3953,-267.6615,-284.7092,0.9031093,1.9873679,0.74200594,0.53588176,25.889889,-12.251159,178.43848,253.93575,0.5275232,0.35655448,0.06264939,-249.84268,249.84268,[2.90797310e+01 3.75882530e+01 3.22699966e+01 4.35366135e+01
 3.86837387e+00 1.24310598e+01 2.78474033e-01 1.75202713e+01
 4.26516304e+01 2.00948906e+00 2.73896904e+01 1.75014610e+01
 8.70431840e-01 4.39231253e+00 1.69162579e+01 4.39946404e+01
 4.70183992e+00 7.48203397e-01 3.39714203e+01 7.05494446e+02
 2.97851067e+01 1.27946375e+03 1.08603745e+01 1.68031827e-01
 4.67973480e+01 8.12439919e+00 2.50725150e+00 1.91055794e+01
 4.30115623e+01 8.12864184e-01 2.60626316e-01 4.62177734e+01
 4.21466904e+01 2.90805507e+00 2.01564922e+01 2.49713853e-01
 5.51243530e+02 4.31080198e+00 4.51170158e+01 2.74859371e+01
 2.95195293e+00 3.49178955e+03 3.85612450e+01 1.65361834e+00
 7.51440735e+01 2.35646629e+01 3.64584045e+01 1.94443207e+01
 3.98517036e+01 9.76111412e-01 6.38423800e-01 1.37810402e+01
 9.05665874e-01 5.27591765e-01 1.07225895e+01 2.84630632e+00
 9.70957088e+00 1.43210159e+02 1.04725254e+00 1.20312157e+01
 3.64126129e+01 5.18907271e-02 2.00818367e+01 2.51320124e+00
 9.94277191e+00 3.70516181e+00 2.90645199e+01 1.03935928e+01
 4.32950926e+00 2.97751689e+00 4.52086782e+00 4.20945525e-01
 3.15903568e+01 1.20091972e+02 3.20127014e+02 1.78889542e+02
 2.59668026e+01 2.49558563e+01 2.25797310e+01 3.96580160e-01
 3.43936043e+01 1.30281248e+01 8.25660782e+01 9.95655823e+01
 2.28304871e+02 3.56567430e+00 2.16676598e+01 1.05519617e+00
 4.58795074e+02 7.28190613e+01 3.40237200e-01 1.63857507e+03
 6.77963495e+00 9.21333008e+02 3.97641826e+00 2.17589233e+02
 1.52200211e+02 1.96203156e+01 2.12240124e+00 1.09457690e+03
 2.97320843e+00 8.32238388e+00 2.92354736e+01 1.79412994e+01
 6.26592731e+00 2.62915635e+00 4.36610842e+00 5.64696503e+01
 6.53371201e+01 8.31459274e+01 8.15463448e+00 4.09261932e+01
 3.09701037e+00 1.44772354e+02 6.25059433e+01 4.70094591e-01
 1.21317017e+00 5.59185257e+01 2.56791870e+02 3.27172943e+02
 1.18211212e+02 6.17200947e+00 1.80851250e+01 6.02479029e+00
 5.65909500e+01 7.45998669e+00 3.86368828e+01 6.89999313e+01
 2.06462784e+01 1.38465178e+00 3.63330193e+01 3.43335815e+02
 3.28389465e+02 5.16240835e+00 8.91349411e+00 1.16329060e+01
 2.12871819e+01 4.80135489e+00 2.27875473e+02 3.73147416e+00
 4.94779968e+01 1.10723772e+01 1.90177422e+01 1.05872793e+01
 1.30232906e+01 2.99655485e+00 1.16397850e+02 2.08968353e+00
 8.55477142e+01 2.12803059e+01 3.82739143e+01 2.58706299e+02
 3.38365250e+01 2.07070980e+01 4.74969177e+01 5.51252651e+00
 1.00051546e+00 2.77028904e+01 3.10629988e+00 1.79326653e+00
 1.55507765e+01 3.48299713e+01 3.24330854e+00 6.28884983e+00
 2.41469307e+01 1.06055975e+00 5.94276123e+02 1.08086780e-01
 6.15156250e+02 7.66577578e+00 7.65931549e+01 6.40733302e-01
 4.11230183e+00 8.35842609e+00 1.48482132e+01 2.09007788e+00
 1.61453075e+01 8.19095373e-01 3.72598816e+02 2.22577751e-01
 2.37320061e+01 7.16237450e+00 5.35615730e+00 5.27619324e+01
 7.43976593e+01 3.97916365e+00 1.23095913e+01 5.69614553e+00
 2.05317291e+02 1.75937021e+00 2.67761827e+00 1.41729236e+00
 7.84156263e-01 2.10443977e-02 4.01353577e+02 7.26176147e+01
 1.40669286e+00 3.19577732e+01 1.82269037e+00 5.96194935e+00
 2.11160874e+00 8.83775520e+00 6.13173819e+00 7.23195136e-01
 6.88383102e+00 1.04216552e+00 4.40909386e+01 6.89901886e+01
 4.39609241e+00 7.84679890e+00 5.17330856e+01 1.44123554e+00
 7.15744705e+01 1.44429493e+00 4.01017265e+01 6.20080948e+00
 2.62562500e+02 1.09445656e+02 1.72714615e+01 7.86792946e+00
 7.86302376e+00 2.05802250e+01 3.94832382e+01 6.32250023e+00
 3.71202499e-01 4.12137890e+00 5.97650385e+00 3.30023122e+00
 2.53327271e+02 1.66790390e+01 1.72932816e+02 1.64240685e+01
 2.07047615e+01 1.89607788e+02 3.54158630e+01 1.12195826e+01
 3.63413572e+00 7.25172806e+00 1.59990275e+00 2.18935132e+00
 3.28956866e+00 3.74938536e+00 3.09527721e+01 2.30448227e+01
 5.79101753e+00 1.63021545e+01 4.14123383e+01 4.96803284e+00
 6.94159031e-01 7.60892773e+00 2.43455563e+01 1.85142212e+01
 5.35490189e+01 2.31974087e+01 1.49310638e+02 3.31464233e+01],80.43294,[9.34970474e+00 3.78452835e+01 1.98632736e+01 3.94497070e+01
 4.14119148e+00 1.12628574e+01 4.21887159e-01 1.88417358e+01
 3.68862686e+01 2.07263994e+00 2.71658287e+01 1.64128723e+01
 4.12714005e+00 1.22011623e+01 1.74359245e+01 3.21695213e+01
 4.62023306e+00 1.04973018e+00 2.67724876e+01 8.30333801e+02
 3.12217178e+01 1.02280133e+03 5.67775631e+00 3.81255198e+00
 3.89547157e+01 7.56150532e+00 2.73670936e+00 2.06229782e+01
 4.35023956e+01 1.81833172e+00 1.53899789e+00 3.66894264e+01
 3.78243294e+01 3.75245047e+00 1.81435051e+01 1.11818171e+00
 5.42013428e+02 3.88491726e+00 6.73100128e+01 2.73272514e+01
 2.54136181e+00 3.38231396e+03 2.81395988e+01 3.45505142e+00
 6.98197327e+01 2.98257866e+01 6.65101624e+01 2.42005310e+01
 4.14881401e+01 7.00471163e-01 2.62974590e-01 8.62564754e+00
 1.21857953e+00 1.35387239e+01 9.54595757e+00 2.72871375e-01
 1.28820438e+01 1.52877106e+02 1.73676872e+00 1.28173323e+01
 1.89865952e+01 1.04566669e+00 9.46094227e+00 5.18622780e+00
 1.17764626e+01 2.04461432e+00 3.67701225e+01 6.88306236e+00
 2.87857771e+00 1.92407143e+00 7.55274010e+00 2.21371338e-01
 2.79732571e+01 1.23490326e+02 3.12556213e+02 7.24868240e+01
 4.33276634e+01 3.56065979e+01 2.29187183e+01 2.60666275e+00
 2.33667183e+01 2.57560616e+01 5.42472649e+01 1.01407028e+02
 1.93529175e+02 1.23714817e+00 2.51970654e+01 6.30590439e-01
 4.82469208e+02 1.02721395e+01 2.85334647e-01 1.65409195e+02
 6.18947315e+00 5.48588562e+02 4.05545235e+00 2.29834152e+02
 8.14522781e+01 2.52816753e+01 1.56570816e+00 8.84251343e+02
 9.21028078e-01 8.03165245e+00 2.75886002e+01 1.60144272e+01
 4.63301659e+00 5.88446522e+00 4.97517872e+00 4.99319305e+01
 5.50752716e+01 5.94371529e+01 1.53903036e+01 7.27926254e+01
 5.47820425e+00 1.25706345e+02 7.41161880e+01 1.06867290e+00
 4.60592628e-01 8.87029572e+01 1.87319077e+02 1.48490219e+02
 1.33548019e+02 1.00023613e+01 2.18256245e+01 8.12242031e+00
 6.90273438e+01 2.79983115e+00 4.24923553e+01 7.11932983e+01
 2.29570541e+01 1.59519541e+00 4.56108170e+01 3.84816132e+02
 4.18401276e+02 3.61530018e+00 1.69653931e+01 1.42803402e+01
 6.49341249e+00 2.97571015e+00 5.31279831e+01 1.16777134e+00
 4.87445602e+01 9.50363159e+00 2.47747669e+01 2.26376247e+01
 5.43300705e+01 3.48571825e+00 7.41185226e+01 4.01670456e+00
 1.03905769e+02 2.26327057e+01 2.87510395e+01 4.71148224e+01
 1.57141972e+01 1.49757519e+01 4.00171394e+01 3.94149303e+00
 5.94226003e-01 3.44583740e+01 4.21104640e-01 1.11955280e+01
 2.52575340e+01 4.09149055e+01 9.92226696e+00 8.61410427e+00
 1.01220570e+01 8.62817287e+00 4.70455292e+02 2.05173910e-01
 1.51459908e+00 6.35657454e+00 8.15437622e+01 2.01389581e-01
 2.30865173e+01 1.37911673e+01 2.66337156e+00 4.79995394e+00
 2.18959484e+01 4.03234959e-02 3.81550781e+02 7.88261652e-01
 1.89947853e+01 5.33706617e+00 3.41820502e+00 4.92790909e+01
 7.25445862e+01 7.00366306e+00 8.89078426e+00 3.55566597e+00
 2.18887344e+02 1.23694427e-02 5.83726025e+00 2.26952534e+01
 3.24956894e+00 8.40058088e-01 4.68132874e+02 9.51573334e+01
 2.88523865e+00 2.27199078e+01 2.20874071e+00 1.10024996e+01
 4.82654810e+00 1.53155594e+01 4.51513231e-01 2.33262634e+00
 6.90033817e+00 1.04077744e+00 5.35349274e+01 4.94364548e+01
 8.53929329e+00 1.00054398e+01 2.69464951e+01 2.17430025e-01
 5.96053658e+01 1.82272625e+00 4.56027145e+01 8.76253986e+00
 5.01530533e+01 4.22649231e+01 1.95882854e+01 1.72421968e+00
 7.86893368e+00 1.83418159e+01 4.02882233e+01 2.91181564e+00
 4.79139626e-01 5.84266901e+00 5.13691473e+00 3.87180901e+00
 3.44156311e+02 1.79994755e+01 1.20903107e+02 1.08250875e+01
 1.67671967e+01 1.92073917e+01 1.86499634e+01 8.72087860e+00
 3.13196039e+00 1.11773405e+01 8.55316925e+00 3.13588023e+00
 2.14897180e+00 4.14334249e+00 2.06459122e+01 1.93398094e+01
 1.51469440e+01 1.31889114e+01 2.04593887e+01 8.64115059e-01
 7.97936201e-01 3.11843514e+00 3.99519920e+01 4.08063507e+01
 6.17735710e+01 2.10784378e+01 1.56914795e+02 3.33905678e+01],-144.68213,-255.27158,-281.9314,1.0241593,1.9497081,0.497279,0.55297965,0.01314403458595276,744.1657495498657,0.09452140348171077,0.1715558677591975,0.1037113201315827,-0.14042455893634054,16.35286812715513,25.099999999996967,0.0,50000.0,-2.0,-1000.0,500.0,6.586702108383179,50000
299.35394,0.09286331,0.21724077,0.004850123,-297.08868,297.08868,[1.28158167e-01 1.46053672e-01 2.94985734e-02 1.30697870e+00
 1.09042572e-02 8.49912018e-02 1.76617689e-02 2.18077272e-01
 1.14211261e-01 9.80307102e-01 2.72570938e-01 1.15678921e-01
 2.35145116e+00 1.95013031e-01 3.53593938e-02 4.11156490e-02
 2.82809019e-01 3.79343987e-01 3.92669708e-01 8.01234692e-02
 1.00985587e+00 4.97275531e-01 9.52176809e-01 5.57211787e-03
 2.53699392e-01 1.43041983e-01 1.63258165e-01 6.37674510e-01
 2.46962762e+00 1.59617476e-02 1.34430122e+00 1.73006341e-01
 3.43651414e-01 4.04727840e+00 8.54754150e-02 5.05849779e-01
 5.22916429e-02 3.84329110e-02 8.00956637e-02 5.18513937e-03
 1.38161078e-01 2.58186340e-01 1.38013035e-01 1.18726671e-01
 4.16713916e-02 2.21686587e-01 7.49007940e-01 1.31652225e-03
 2.16015086e-01 1.73486662e+00 4.49142247e-01 8.69099498e-02
 1.55926645e+00 9.09122154e-02 1.82584859e-02 7.00488538e-02
 2.49782383e-01 3.86371799e-02 5.51803350e+00 1.17652416e-01
 7.88646638e-01 2.16451001e+00 1.36714613e+00 2.23663524e-01
 6.33131981e-01 2.58312058e+00 3.09511751e-01 2.38984376e-02
 2.17554867e-01 9.34810817e-01 6.61389112e-01 1.96370810e-01
 1.37773799e-02 9.41492692e-02 7.90317804e-02 2.01798141e-01
 1.47032171e-01 9.78595257e-01 5.43846935e-02 2.93857306e-02
 3.33758071e-02 3.12450171e-01 4.71152157e-01 1.80261344e-01
 8.03263634e-02 3.09569776e-01 7.81538188e-02 1.12820260e-01
 8.22093114e-02 2.03173637e+00 1.91679764e+00 9.66564789e-02
 2.55904868e-02 4.87122267e-01 9.11773205e-01 9.65665042e-01
 7.16790110e-02 4.04921383e-01 3.69266570e-01 7.04600871e-01
 8.20663273e-02 1.58619843e-02 3.04605931e-01 2.66247332e-01
 3.93515646e-01 2.56178714e-02 1.01058912e+00 6.05492070e-02
 2.23974884e-01 1.86834126e+01 1.42442379e-02 1.61116585e-01
 6.76024854e-02 3.46016955e+00 3.04109097e-01 5.30647561e-02
 5.04364632e-02 2.89766937e-01 5.19793890e-02 2.27057018e+01
 1.20131321e-01 2.26919472e-01 2.68137991e-01 1.34484291e+00
 1.89132735e-01 9.40467417e-02 1.96439075e+00 1.11308046e-01
 5.41130900e-01 1.77426887e+00 7.23517612e-02 8.30687508e-02
 1.07265845e-01 5.48639417e-01 1.45230129e-01 6.86310410e-01
 1.02497160e+00 7.79756457e-02 1.14412390e-01 5.80837019e-04
 1.17064551e-01 2.66229093e-01 1.40692973e+00 2.14023471e-01
 7.89358616e-02 6.72463793e-03 1.97907835e-02 1.33227423e-01
 2.18352541e-01 1.52171016e-01 1.56870484e-01 1.25472192e-02
 8.91967416e-02 3.44801359e-02 2.38400608e-01 1.75218135e-01
 3.48212421e-02 1.47778940e+00 8.17715883e-01 2.24186611e+00
 1.33166671e-01 4.49414551e-02 5.14414668e-01 9.12602097e-02
 3.24113965e-01 1.98685616e-01 1.84971169e-01 1.68762319e-02
 1.52724183e+00 2.87630446e-02 4.67832237e-02 4.22533810e-01
 7.95108891e+00 5.04534197e+00 1.91731954e+00 4.10752237e-01
 8.42388440e-03 3.33417058e-02 1.10028930e-01 1.41036129e+00
 3.49417686e-01 1.51140735e-01 1.42166624e-02 3.87817025e-01
 1.60396922e+00 6.81055248e-01 2.13010812e+00 3.17697823e-01
 1.64977849e-01 3.80128884e+00 2.48497486e-01 5.36566973e-01
 7.34874058e+00 4.02204469e-02 6.56702146e-02 8.16594251e-03
 9.97644588e-02 1.76285684e-01 5.16558170e-01 2.40812171e-03
 6.53991774e-02 1.64494023e-01 1.99725091e-01 2.17514023e-01
 9.34453011e-01 5.94671667e-02 2.54519045e-01 2.15203911e-02
 1.19620696e-01 1.58751644e-02 2.99855433e-02 9.08154368e-01
 2.20690727e-01 3.69531155e-01 1.71026766e-01 2.17209607e-01
 1.88215256e-01 6.76707029e-01 4.93769646e-01 1.76967517e-01
 2.54694760e-01 4.39136922e-02 1.04484269e-02 7.85121042e-03
 1.09371342e-01 8.89156833e-02 1.37439775e+00 1.15314865e+00
 2.83656716e-01 2.53866017e-01 1.02911144e-02 3.28840390e-02
 8.88929516e-03 1.61656775e-02 1.07293494e-01 3.83338779e-02
 2.93558389e-01 6.17132282e+00 8.12513381e-02 3.59473750e-02
 1.27408600e+00 1.57380328e-01 6.86937392e-01 6.25786707e-02
 6.91514444e+00 2.16302633e-01 3.51492912e-02 3.83967236e-02
 4.23069745e-02 1.58572137e-01 2.63118005e+00 2.34615460e-01
 1.29552865e+00 2.55735725e-01 1.06898713e+00 5.06857872e-01],0.778569,[3.64303648e-01 9.89203602e-02 2.73471624e-01 3.21382344e-01
 1.18770368e-01 9.23120826e-02 5.57228565e-01 7.69696087e-02
 8.70842695e-01 1.69468984e-01 9.11461413e-01 8.50085318e-02
 2.71883130e+00 1.12309441e-01 1.05119383e+00 8.81634176e-01
 1.58836544e-02 1.92736304e+00 3.10656905e-01 5.26815094e-02
 1.62053034e-01 3.83846685e-02 7.24596754e-02 3.11233401e-02
 1.50561064e-01 7.94277489e-02 3.57398659e-01 6.23402596e-01
 1.32455492e+00 1.10899255e-01 2.41985410e-01 1.19469799e-02
 2.44373769e-01 1.75678802e+00 4.26508665e-01 3.40786040e-01
 2.15211347e-01 2.26997957e-01 7.72295594e-02 7.45747313e-02
 1.43106118e-01 3.83461893e-01 3.73547673e-01 1.66554064e-01
 4.73159313e-01 1.30185217e-01 1.40928304e+00 1.09570935e-01
 4.45205718e-03 3.15918863e-01 5.23492992e-02 2.57954806e-01
 5.14336348e-01 1.60604063e-02 5.24505019e-01 2.99331434e-02
 1.30230427e+00 2.99568176e-01 6.58560228e+00 3.18200707e-01
 5.41399512e-03 2.24746895e+00 8.11190784e-01 7.32968599e-02
 1.71983719e-01 3.60316873e-01 1.70981431e+00 3.04544419e-01
 6.18822575e-01 3.19725513e-01 9.92741764e-01 1.48146041e-02
 2.29606569e-01 2.76516788e-02 3.66639853e-01 3.34714293e-01
 7.66699433e-01 7.83147573e-01 2.77564302e-02 4.43458349e-01
 6.66958570e-01 1.68411911e-01 1.43387318e+00 1.17910576e+00
 1.70763999e-01 9.95459408e-02 7.31874049e-01 2.15230137e-02
 2.37527415e-01 3.55908060e+00 2.85393476e+00 1.71086907e-01
 1.98833555e-01 8.29829723e-02 1.38907886e+00 2.26115048e-01
 3.99707377e-01 5.65535352e-02 6.09180480e-02 2.67950296e-01
 5.93067229e-01 7.84171671e-02 1.03212655e+00 1.27607441e+00
 4.17628974e-01 1.32221192e-01 2.84841098e-02 2.27068081e-01
 1.23377967e+00 1.42781343e+01 1.27696410e-01 5.96723199e-01
 5.48805334e-02 1.64780343e+00 2.35084504e-01 2.48598963e-01
 1.78952307e-01 1.16923183e-01 5.52990794e-01 1.49454203e+01
 1.81668252e-01 1.04582286e+00 1.51394561e-01 4.40973312e-01
 2.52112716e-01 1.03418857e-01 5.83067060e-01 1.04020806e-02
 4.63304162e-01 4.12279367e-01 5.18234134e-01 2.88046040e-02
 5.60577035e-01 9.45807815e-01 3.50437909e-01 1.78438157e-01
 2.46008113e-01 1.89777240e-01 1.02216922e-01 2.12906554e-01
 4.84459177e-02 1.01697326e+00 2.13194346e+00 3.02316964e-01
 9.01983120e-04 2.88150311e-01 1.27450442e+00 6.18933678e-01
 2.32790470e-01 3.15768495e-02 2.94814974e-01 2.01268017e-01
 5.65472484e-01 3.56231242e-01 8.26077908e-02 9.59337056e-02
 7.41715059e-02 2.18800640e+00 2.68124437e+00 2.28739595e+00
 3.91025096e-01 3.84787053e-01 2.21682811e+00 3.26555409e-02
 2.91524306e-02 2.26840928e-01 1.55544937e-01 6.16634861e-02
 8.13109994e-01 1.45046487e-01 4.72083300e-01 3.99361327e-02
 5.41709995e+00 6.94141722e+00 6.75855160e-01 3.44465673e-02
 5.79686463e-01 1.85668424e-01 3.54479589e-02 5.79789996e-01
 1.40160012e+00 3.56410630e-02 6.41114533e-01 1.79500151e-02
 3.52583587e-01 3.49013716e-01 7.19630241e-01 5.44067979e-01
 1.22661069e-02 2.30557323e+00 5.65662444e-01 3.13592792e-01
 4.99544716e+00 9.78329033e-02 5.42290568e-01 3.05292964e-01
 3.54588211e-01 2.60067098e-02 4.01387885e-02 4.32898045e-01
 5.00113487e-01 8.30096453e-02 2.78990388e-01 1.94712579e-01
 2.08837390e+00 2.78418362e-01 5.04788756e-01 3.68626416e-02
 3.17864656e-01 5.55055976e-01 5.15341520e-01 1.58964980e+00
 5.44059932e-01 4.12946552e-01 2.09029183e-01 2.54838131e-02
 1.44598454e-01 1.85257161e+00 1.87740400e-01 1.60319254e-01
 1.79040238e-01 2.62894630e-02 1.60900522e-02 5.17254844e-02
 2.19494179e-02 2.98956782e-02 2.37602755e-01 3.34575653e-01
 7.38773495e-02 1.43592544e-02 1.50164336e-01 8.23026523e-02
 2.43426025e-01 2.22724676e-01 6.29851371e-02 1.31102741e-01
 8.99435878e-02 4.23544216e+00 8.99886489e-01 1.53038204e-01
 6.81254506e-01 4.26672176e-02 1.47565931e-01 1.20268866e-01
 3.92288780e+00 2.00868726e-01 5.17708421e-01 9.54073608e-01
 2.47505873e-01 3.37015353e-02 3.84594870e+00 1.35121092e-01
 8.27750657e-03 1.65018037e-01 8.70762706e-01 1.18646264e-01],-276.21765,-305.11127,-326.74774,0.9131098,1.164427,0.8213678,0.53618866,55.648254,-39.07434,271.3627,304.47354,0.6808567,0.34445927,0.06883928,-300.34808,300.34808,[4.22340508e+01 2.91087589e+01 1.00526991e+01 1.94336677e+00
 3.01304398e+01 3.52117310e+01 1.51997284e+02 1.72729904e+02
 6.87418060e+01 5.04577971e+00 1.56308389e+00 3.59523697e+01
 1.48153126e-01 1.34458661e+00 1.92996025e+01 1.88597858e+00
 2.64825897e+01 1.09045807e+02 3.00745148e+02 9.52141857e+00
 2.86045074e+00 4.02899933e+01 1.99728851e+01 1.12945013e+01
 1.09165287e+01 2.26516318e+00 8.47501755e+01 4.12579864e-01
 7.89292145e+00 1.57986479e+01 1.01432800e+02 1.02442913e+01
 4.73005962e+00 3.05406809e+00 2.72679496e+00 1.13168373e+01
 3.42226257e+01 1.71811508e+02 9.91241753e-01 3.27565727e+01
 2.08727646e+01 1.71844749e+01 2.29934177e+01 4.11720462e-02
 1.14307861e+01 3.96921906e+02 1.92741513e+00 2.15186739e+00
 2.78266182e+01 2.73572617e+01 1.14151703e+02 1.88638914e+00
 1.66449320e+00 2.92267666e+01 2.53537094e+02 2.43958783e+00
 2.72094078e+01 5.33693075e-01 7.65652222e+02 1.08658705e+01
 5.08229294e+01 1.42766056e+01 1.44134083e+01 1.88371735e+01
 4.28099480e+01 2.66410065e+01 1.69375694e+00 4.39657745e+01
 1.39321699e+01 1.53678398e+01 1.07824612e+01 6.67194247e-01
 9.51294804e+00 2.85755920e+01 1.75096169e+01 5.03000870e+01
 8.24117899e-01 6.23720264e+00 1.58940423e+00 4.27314529e+01
 2.64659071e+00 1.04199910e+00 1.58373241e+01 7.15727282e+00
 2.28099243e+02 5.51790161e+01 2.41398830e+01 6.38088760e+01
 9.28446960e+00 6.42409668e+01 6.63809738e+01 1.21257973e+01
 1.60367828e+02 7.49003601e+00 3.54808411e+02 3.72049332e+00
 1.43005915e+01 2.81633034e+01 2.48198681e+01 7.35093307e+00
 2.01760459e+00 3.15357423e+00 2.25831566e+01 2.45439854e+01
 4.06512489e+01 3.15302219e+01 6.79237366e+01 3.21083879e+00
 1.86966228e+01 4.18187523e+01 1.19957762e+01 1.81643768e+02
 7.08819351e+01 1.83479309e+00 3.82168126e+00 6.73422623e+00
 3.38348985e+00 7.62476921e+00 1.84339275e+01 2.16851387e+01
 1.94512444e+01 1.17016342e+02 2.15107025e+02 6.12369108e+00
 5.02867758e-01 1.80876970e+00 4.76313324e+01 3.17039719e+01
 1.17473984e+01 1.80992126e+01 2.46782547e+02 6.64194641e+01
 1.79037952e+01 1.39565926e+01 2.26371408e+00 1.92517052e+01
 7.78110123e+01 8.22926140e+00 3.10074482e+01 2.88000088e+01
 2.81663656e+00 2.52128267e+00 5.83836174e+00 6.92464828e+00
 9.85786438e+00 1.21093369e+01 1.13496008e+01 1.70238934e+01
 7.22924471e-01 1.20025940e+01 5.93880310e+01 9.50701218e+01
 3.61787987e+01 4.25652647e+00 2.41655960e+01 2.07325315e+00
 3.53384614e-01 4.55793762e+01 2.76505032e+01 2.52123427e+00
 5.24830055e+00 5.57263088e+00 1.53425274e+01 4.98198795e+00
 1.13475819e+01 1.79434586e+00 8.51283264e+00 7.37795067e+00
 1.67149162e+01 4.83119535e+00 2.65542965e+01 8.15591736e+01
 4.81776237e+00 3.10814171e+01 7.92742586e+00 3.00743217e+01
 1.28986530e+01 1.00043738e+00 5.35165846e-01 1.28356161e+01
 7.87727814e+01 8.69185791e+01 7.17226982e-01 1.20224743e+01
 1.65475597e+01 4.44084625e+02 3.12841034e+01 3.18170319e+01
 3.54881930e+00 2.52488651e+01 1.16705191e+00 9.59300232e+01
 7.36022472e+00 3.27236671e+01 3.85903168e+00 3.43785852e-01
 4.01523447e+00 4.14933357e+01 2.19244270e+01 4.65298481e-02
 2.07336006e+01 1.66392746e+01 1.58016701e+01 9.71717358e+00
 1.78811569e+01 1.18661980e+02 1.54769361e+00 1.42852722e+02
 1.12963605e+00 5.74819946e+00 1.09885349e+01 2.09233022e+00
 3.15353155e+00 2.22338152e+00 1.54894078e+00 6.85903668e-01
 1.09707385e-01 4.07813034e+01 3.99546165e+01 7.58090515e+01
 6.10984802e+01 8.09817982e+00 3.31979036e+00 3.11938362e+01
 3.70877953e+01 5.16730423e+01 3.10290051e+00 8.99732113e+00
 3.35777664e+01 2.51046747e-01 1.85440655e+01 1.61037791e+00
 2.70787859e+00 9.26577854e+00 1.77427414e+02 5.69421387e+00
 1.23528337e+01 4.72305447e-01 1.71130814e+02 1.08653221e+01
 2.56626320e+00 3.92538428e+00 3.60277009e+00 8.74687374e-01
 6.19213486e+00 1.93772373e+01 2.48324680e+00 5.43115139e+00
 1.67711906e+01 1.57906227e+01 1.32938070e+01 4.58579102e+03
 3.80786552e+01 1.79615545e+00 7.15833435e+01 6.51438599e+01],55.113132,[3.2766693e+01 2.7229750e+01 1.2099998e+01 1.2761718e-01 2.7194654e+01
 3.0522083e+01 1.5441806e+02 1.4924797e+02 7.9268654e+01 4.3581233e+00
 2.2145896e+00 2.7385216e+01 6.7092812e-01 5.0461525e-01 1.9828400e+01
 2.3334606e+00 1.9831333e+01 7.8860786e+01 3.3622607e+02 4.9040217e+00
 1.9012524e+00 4.1341232e+01 1.7053587e+01 1.0012900e+01 7.4530258e+00
 1.3633115e+00 8.4631943e+01 1.3126381e-01 9.5841694e+00 1.1493214e+01
 1.0031372e+02 8.1957989e+00 4.6728911e+00 2.3455691e+00 2.4611456e+00
 1.2650408e+01 2.1187218e+01 1.7341196e+02 2.5319830e-01 4.3010395e+01
 1.1819081e+01 1.6819626e+01 2.3625391e+01 2.5749034e-01 1.0986155e+01
 3.5424066e+02 1.9884857e+00 1.9167130e+00 3.8549641e+01 2.8872463e+01
 1.7507143e+02 2.6512702e+00 1.2311254e+00 3.0040421e+01 2.8945441e+02
 1.7710042e+00 3.9412437e+01 2.0895810e+00 7.8595374e+02 1.0876209e+01
 4.0211964e+01 1.5036676e+01 1.9471977e+01 2.0212376e+01 4.4735119e+01
 2.5602055e+01 3.7515950e+00 4.1152981e+01 1.4775393e+01 2.3992977e+01
 1.1401314e+01 1.3019277e+00 6.2912626e+00 2.8747257e+01 1.0290499e+01
 3.1434155e+01 9.9041235e-01 6.1957703e+00 3.1299667e+00 4.2717640e+01
 1.9417078e+00 2.2202227e+00 1.4212539e+01 5.1428747e+00 2.6651080e+02
 1.7913660e+01 2.9614359e+01 7.7434357e+01 9.0636940e+00 7.9287399e+01
 6.9401840e+01 1.1234790e+01 1.5851385e+02 6.9783697e+00 3.2965643e+02
 2.7552950e+00 2.1784666e+00 2.7869471e+01 2.3172844e+01 1.3366954e+01
 3.7194705e+00 1.4931586e+00 5.5186283e+01 3.5124870e+01 4.4411819e+01
 2.6060154e+01 4.9956875e+01 5.1609468e+00 9.1404533e+00 4.5998337e+01
 8.5078506e+00 1.8555878e+02 7.1237701e+01 1.6790489e+00 1.7855583e+00
 7.7185760e+00 2.5659599e+00 5.5688019e+00 1.8022911e+01 1.6969660e+01
 2.1780228e+01 7.3465744e+01 2.7268286e+02 5.6475415e+00 2.6926079e-01
 6.3528118e+00 4.9670975e+01 2.5348188e+01 8.0331984e+00 2.8345371e+01
 1.9448508e+02 7.9559700e+01 1.6347948e+01 1.2280916e+01 5.7893100e+00
 9.6077623e+00 9.4532936e+01 3.6926956e+00 4.4484211e+01 1.9093136e+01
 8.1640253e+00 4.5875373e+00 5.1726074e+00 5.5515995e+00 1.0415612e+01
 6.0864372e+00 1.1258336e+01 1.4411873e+01 5.9841430e-01 1.3619442e+01
 6.6099487e+01 7.8076126e+01 3.2324738e+01 2.7733819e+00 2.0689224e+01
 1.9964488e+00 1.0502270e-01 4.8158360e+01 1.9519905e+01 2.5723972e+00
 3.3472986e+00 2.1667726e+00 1.2984728e+01 8.4940535e-01 1.0002230e+01
 3.8911734e+00 9.4764805e+00 7.9080648e+00 1.6353355e+01 8.1139240e+00
 2.6718716e+01 8.3974091e+01 9.7181549e+00 4.0973320e+01 1.7866470e+01
 3.2047905e+01 3.9998291e+00 5.2515829e-01 1.9260666e-01 1.2865716e+01
 6.7713318e+01 6.9910667e+01 5.1079917e-01 1.2543076e+01 4.2441254e+01
 3.3057111e+02 9.0506487e+00 2.4602093e+01 5.7149529e+00 2.2722126e+01
 2.2259743e+00 5.5787090e+01 5.6004314e+00 3.1986885e+01 4.2463980e+00
 5.3833038e-02 3.8393939e+00 2.6373028e+01 1.4442259e+01 7.7575535e-01
 2.4382278e+01 1.7673080e+01 1.6628601e+01 9.5540981e+00 1.9002937e+01
 1.0821582e+02 7.1708572e-01 1.6807024e+02 1.8755994e+00 1.6610150e+00
 1.0859244e+01 3.0777338e+00 4.2650280e+00 4.9680367e+00 2.0061011e+00
 6.6388881e-01 1.6878417e-01 4.1810982e+01 3.3756996e+01 6.9962166e+01
 5.6124245e+01 6.2473211e+00 3.3976264e+00 3.5836960e+01 3.6661118e+01
 4.4901405e+01 1.2632086e+00 1.1191291e+01 1.9724470e+01 1.1663293e+00
 1.4681915e+01 2.2777560e+00 2.8956804e+00 8.8126450e+00 1.4617990e+02
 7.0310130e+00 1.6883070e+01 7.6596060e+00 1.7970172e+02 1.1540291e+01
 2.8709803e+00 9.1159544e+00 2.0956535e+00 4.7997490e-01 3.2551992e+00
 1.8618286e+01 2.6576247e+00 4.6627941e+00 1.7329422e+01 2.4539955e+01
 9.6602430e+00 3.0617117e+03 4.3673706e+01 4.2775914e-02 4.2565857e+01
 5.4443916e+01],-237.35767,-304.1455,-325.0574,0.9826273,1.7976568,0.53321695,0.54675376,0.01379705451965332,1089.0921325683594,-0.09561813586276054,-0.0282420043161876,-0.09615004651399271,-0.00866253874475874,-0.5303975719936596,25.099999999996967,0.0,75000.0,-2.0,-1000.0,500.0,6.5665740966796875,75000
332.40298,0.08251727,0.10803541,0.0034084797,-331.2401,331.2401,[5.99230155e-02 1.18482411e-02 2.81498671e-01 3.10712345e-02
 2.81297490e-02 1.05061710e-01 9.74885374e-03 4.23367359e-02
 7.94305429e-02 1.55944843e-02 3.98961231e-02 1.96771063e-02
 2.78868005e-02 6.44625276e-02 5.67105263e-02 1.43334568e-01
 2.14803338e-01 3.54783386e-02 3.56333368e-02 5.38106039e-02
 2.05627322e-01 1.80502646e-02 8.59356113e-03 2.99437717e-03
 2.22772211e-02 5.57666123e-02 4.29631136e-02 6.97616115e-03
 7.69679993e-02 3.80806625e-02 5.02281561e-02 5.20340323e-01
 7.91166164e-03 3.88817377e-02 2.90410593e-02 1.22936077e-01
 4.25565764e-02 1.24824205e-02 4.86775897e-02 1.99450254e-02
 4.35846113e-02 2.64486372e-01 1.39222920e-01 3.31287906e-02
 1.19968608e-01 1.12976536e-01 6.91001192e-02 5.14927469e-02
 2.75256902e-01 1.42473914e-03 2.33103000e-02 4.82464246e-02
 3.15726772e-02 3.10302712e-04 1.68792084e-01 5.14334738e-02
 4.85848188e-02 4.32503879e-01 4.42899428e-02 7.73987547e-03
 2.05341354e-02 5.48150718e-01 5.40538132e-02 8.56194943e-02
 7.29358718e-02 1.33410603e-01 2.48221830e-02 3.84424552e-02
 1.36310430e-02 5.71755059e-02 6.12804443e-02 3.65936697e-01
 4.08746935e-02 9.75022558e-03 8.29930753e-02 2.29099020e-02
 1.56478081e-02 9.54332389e-03 2.41605416e-02 1.14960022e-01
 4.21799347e-02 3.62412222e-02 7.45481346e-03 6.32388983e-03
 1.32356631e-02 5.34082465e-02 1.20565370e-02 8.66030995e-03
 1.88384205e-03 3.68452109e-02 2.27243677e-02 2.92439550e-01
 4.21822071e-01 3.86954024e-02 1.90098807e-02 4.11658082e-03
 2.57747807e-02 2.00033411e-02 2.73666829e-02 1.73703432e-02
 1.65028617e-01 1.81568339e-02 4.30023149e-02 2.82752067e-02
 7.30539951e-03 2.20057834e-02 6.64574653e-02 5.70956692e-02
 5.09496871e-03 1.03902347e-01 1.20914079e-01 4.73952182e-02
 6.12114556e-03 3.43603194e-02 3.68740112e-02 1.88280046e-02
 6.80289268e-02 7.84546360e-02 4.16514352e-02 2.28189379e-02
 1.44662354e-02 4.57588807e-02 7.01301266e-03 6.41665533e-02
 1.94161721e-02 5.58339991e-03 5.34655992e-03 6.23548869e-03
 2.50561833e-02 3.44006643e-02 3.78316082e-02 2.31049061e-02
 6.05028793e-02 9.18682888e-02 1.63749218e-01 2.16936413e-02
 3.07349622e-01 2.03348845e-02 5.68863451e-02 2.82658070e-01
 3.15161422e-03 7.34181050e-03 3.95720527e-02 2.77679488e-02
 1.18482206e-02 1.00571275e-01 3.30518007e-01 2.57788040e-02
 1.04718447e-01 6.17344342e-02 1.28610361e+00 7.70695508e-03
 4.92066219e-02 6.19236715e-02 8.25847238e-02 2.05776542e-02
 1.11904535e-02 1.73707716e-02 1.10409865e-02 2.67904624e-02
 1.60978474e-02 7.52690360e-02 2.28574723e-02 4.04063649e-02
 5.11297956e-03 1.66969448e-01 2.09080935e-01 8.81696343e-02
 3.96285579e-02 5.19204140e-02 1.06712738e-02 3.25959288e-02
 5.73973283e-02 4.43348251e-02 2.69572809e-02 6.79172948e-02
 4.60074097e-03 3.61326411e-02 6.67044371e-02 8.21217149e-02
 3.38863507e-02 1.86014995e-02 4.50341627e-02 2.05498785e-02
 2.10758913e-02 1.66742913e-02 1.46219879e-02 7.37899840e-02
 3.63005791e-03 5.88289462e-02 4.67056744e-02 3.27732638e-02
 6.39774725e-02 2.45985575e-02 3.42273377e-02 1.79809071e-02
 2.75925361e-02 3.22843611e-01 1.62730053e-01 3.36235724e-02
 7.37020299e-02 3.31423320e-02 1.15576372e-01 4.56424057e-03
 4.15317595e-01 1.30537087e-02 2.09586881e-02 3.54525037e-02
 3.55716888e-03 1.42902778e-02 6.99454397e-02 3.39836068e-02
 4.82919216e-02 5.33535108e-02 1.37134239e-01 6.31791875e-02
 2.27526426e-02 3.25498044e-01 1.32741198e-01 1.63108855e-02
 1.08199430e+00 1.29745081e-02 4.32737246e-02 2.21008196e-01
 1.73113495e-01 1.49408400e-01 7.18650520e-02 4.08364870e-02
 2.07744718e-01 8.73571858e-02 7.94054661e-03 2.75235064e-03
 4.44208048e-02 3.49588133e-02 1.22562097e-02 6.50821403e-02
 3.06579992e-02 5.54820485e-02 6.23982698e-02 9.82333198e-02
 1.10682398e-01 4.36513759e-02 3.27786893e-01 4.36245948e-02
 1.10774517e-01 1.73152834e-02 1.97329447e-02 1.09052379e-02
 3.88275795e-02 5.69939706e-03 8.25152732e-03 8.98419414e-03
 3.35718878e-03 1.06716426e-02 4.97293696e-02 1.69528760e-02],0.114912614,[5.67212589e-02 5.93123920e-02 2.40189843e-02 2.87685581e-02
 2.27609314e-02 1.19467869e-01 1.57175437e-01 2.65987515e-02
 9.90132540e-02 1.64940476e-01 1.38815999e-01 1.54514024e-02
 2.37885118e-01 7.00969622e-02 2.60498971e-02 1.84482545e-01
 4.20368686e-02 2.13044927e-01 3.21323462e-02 6.85124397e-02
 4.07264084e-02 8.72341990e-02 1.05642855e-01 9.27014053e-02
 1.90940082e-01 1.88604034e-02 5.39618433e-02 5.04861325e-02
 6.63854927e-02 6.73523247e-02 8.42530504e-02 8.36783886e-01
 7.46737793e-02 6.68991450e-03 1.53200747e-02 1.06944668e+00
 4.74078301e-03 1.29884034e-02 4.24817763e-02 3.62926088e-02
 4.74949963e-02 1.62016943e-01 1.79207250e-02 7.34803081e-02
 2.65113443e-01 1.30096257e-01 1.04644895e-02 1.27321437e-01
 2.68631816e-01 1.68803170e-01 8.86312872e-02 1.05834268e-01
 3.15461814e-01 1.02805577e-01 1.53724104e-01 2.42354006e-01
 5.32445535e-02 5.16865611e-01 4.61433716e-02 8.26186761e-02
 6.36799932e-02 1.01405799e+00 2.71530971e-02 2.04936601e-02
 1.36621341e-01 4.75432605e-01 3.54330540e-02 1.25818644e-02
 1.50603177e-02 1.54543340e-01 2.41502523e-02 6.39382750e-02
 5.11859693e-02 9.96298119e-02 4.26063463e-02 2.75189519e-01
 6.27118796e-02 1.10323578e-01 3.43168974e-02 1.68898225e-01
 1.80862285e-02 3.26984636e-02 4.07639369e-02 3.13429758e-02
 7.14943409e-02 5.59930801e-02 2.93473639e-02 2.23486140e-01
 3.81779820e-02 2.63132527e-02 3.21406499e-02 2.77588591e-02
 1.43709570e-01 4.98115346e-02 4.88755144e-02 2.44082227e-01
 4.83879820e-02 4.53717113e-02 4.34952080e-02 4.50943075e-02
 3.17936391e-01 3.44575867e-02 3.05369869e-02 7.26669133e-02
 2.21659750e-01 7.53919125e-01 1.62213415e-01 1.54761195e-01
 2.12894678e-01 3.36678326e-02 5.13944514e-02 1.63045451e-02
 7.30198808e-03 6.99639544e-02 4.30225916e-02 3.80971842e-02
 9.00213420e-02 2.24933773e-03 2.88947001e-02 9.73810256e-02
 1.08241312e-01 3.00354362e-01 9.40881371e-02 3.72543670e-02
 7.70383403e-02 1.23399049e-01 1.86936967e-02 5.63962832e-02
 2.03814521e-01 3.01360749e-02 6.14468195e-02 2.02952325e-01
 1.11458572e-02 1.09597340e-01 4.37371507e-02 2.73326635e-02
 4.79472429e-03 4.23095748e-02 1.24319553e-01 5.94719909e-02
 6.01259097e-02 1.47073660e-02 4.48016897e-02 2.24171430e-02
 1.58748597e-01 6.40269443e-02 1.19075805e-01 1.36119559e-01
 7.87322968e-02 1.48677170e-01 3.25666332e+00 9.41988081e-02
 2.16155611e-02 5.23341671e-02 2.02739000e-01 1.83069780e-02
 1.49170607e-01 5.03111333e-02 9.46714431e-02 2.06719488e-01
 2.18975574e-01 1.57617748e-01 4.86180894e-02 2.17718128e-02
 5.91697581e-02 5.52750304e-02 3.15674283e-02 2.50388868e-02
 6.41809404e-02 3.19872871e-02 1.17852144e-01 2.66773626e-02
 6.20147809e-02 9.40015316e-02 3.29117849e-02 1.45033047e-01
 1.33447468e-01 2.55653933e-02 1.93549190e-02 3.87152731e-02
 8.41365010e-02 1.58003479e-01 2.94747986e-02 1.20043099e-01
 4.45356369e-02 1.26307040e-01 2.27243885e-01 2.36574814e-01
 9.88619961e-03 8.83304775e-02 1.40394434e-01 4.32491899e-01
 8.26589614e-02 2.18222514e-02 9.01151970e-02 3.72174270e-02
 2.93890797e-02 1.96016096e-02 2.16419309e-01 3.03501412e-02
 3.75233963e-02 2.98786074e-01 6.85263574e-02 1.98622979e-02
 9.47127715e-02 2.96671093e-01 7.50524774e-02 1.37153957e-02
 1.48943160e-02 1.03474259e-02 7.66403824e-02 1.05584614e-01
 5.81875741e-02 3.83922048e-02 2.68305063e-01 3.75956371e-02
 1.56920664e-02 9.69113529e-01 1.35660946e-01 1.55417830e-01
 2.22725916e+00 1.03369385e-01 1.28675729e-01 5.12142003e-01
 2.66854167e-01 8.45086295e-03 4.37812693e-02 7.03190416e-02
 6.46374464e-01 1.33758197e-02 2.84880608e-01 3.02746743e-02
 7.67370686e-02 3.80580947e-02 2.33410910e-01 2.72600800e-01
 2.43497305e-02 4.30079520e-01 1.98419824e-01 1.20094873e-01
 5.37883565e-02 1.22011252e-01 1.19511196e-02 1.22468382e-01
 1.69238091e-01 3.08538675e-01 2.46730912e-03 1.61853075e-01
 2.41526105e-02 1.14962637e-01 8.18849504e-02 4.66375127e-02
 1.14446849e-01 2.89044119e-02 2.93757617e-02 7.65328780e-02],-303.1385,-334.30676,-354.57663,0.9656444,1.1774852,0.9285632,0.5428529,4.6325226,-3.8920202,55.95321,336.93103,0.69877267,0.24903427,0.06704303,-333.7419,333.7419,[4.16716385e+00 2.96982551e+00 8.43585730e-01 1.60971718e+01
 2.48454428e+00 1.16645632e+01 4.28130684e+01 9.29942322e+00
 1.60775852e+01 1.89432335e+01 1.17106476e+02 1.07062359e+01
 2.64518394e+01 8.76424313e+00 4.62897491e+01 9.12214279e+00
 1.85610931e+02 1.39815629e+00 4.72253151e+01 4.80396690e+01
 3.86206698e+00 4.13989931e-01 1.26508646e+01 4.34612083e+00
 2.78643150e+01 6.77262726e+01 3.64479561e+01 5.34863520e+00
 3.18323326e+00 7.69493246e+00 1.42035770e+01 3.71298409e+00
 1.83198528e+01 2.40313983e+00 5.07821178e+00 1.17754567e+00
 1.51986361e+00 4.35307159e+01 9.30639839e+00 2.11161375e+00
 1.83697872e+01 2.00023384e+01 1.68811190e+00 1.35742207e+01
 1.52984781e+01 1.61189632e+01 4.46063900e+00 3.65044308e+00
 3.01885406e+02 5.09928370e+00 2.07973175e+01 4.90180254e+00
 4.99530506e+00 6.97666407e+00 2.50647593e+00 5.40629268e-01
 3.05534101e+00 3.73767471e+00 9.11420822e+00 2.18922758e+00
 2.08554516e+01 1.10750256e+01 4.75411415e+00 2.36112003e+01
 7.01851807e+01 1.46666694e+00 1.80433774e+00 8.56133842e+00
 2.91915154e+00 1.37611938e+00 1.27894611e+01 6.86001396e+00
 3.21963072e+00 9.15055561e+00 1.83217967e+00 2.74114037e+01
 1.99895458e+01 1.98256283e+01 3.73209310e+00 5.04955330e+01
 8.18222713e+00 4.95921731e-01 1.30227175e+01 2.51786971e+00
 1.54610767e+01 2.18214798e+00 6.49579048e+00 1.96794844e+00
 2.31480345e-01 1.34014014e+03 6.54269886e+00 1.05125022e+00
 3.65528226e-01 2.70652103e+00 9.28565216e+01 1.80871987e+00
 3.38631606e+00 3.43997009e+02 4.00390327e-01 5.26799774e+00
 2.65330391e+01 3.23074758e-02 4.28787756e+00 1.36743469e+02
 7.92558336e+00 2.21761780e+01 4.23969040e+01 2.05277610e+00
 3.03848515e+01 5.45808411e+00 3.74742126e+00 3.48716211e+00
 1.15625038e+01 8.41420293e-01 8.85349274e+00 4.94110394e+00
 5.85270081e+01 5.58414650e+00 2.64199867e+01 1.34447136e+01
 1.29040537e+01 2.51221237e+01 1.15694532e+01 2.92284918e+00
 9.79790527e+02 6.14545727e+00 1.04745328e+00 3.95303535e+01
 5.59988747e+01 2.93588638e+01 1.32083702e+00 1.94120045e+01
 1.26996727e+01 2.15349426e+01 9.51218367e-01 5.06299877e+00
 6.02843761e+00 1.83734970e+01 2.55259285e+01 8.39416683e-01
 1.62854910e+00 6.59401560e+00 7.85958862e+01 1.35862770e+01
 2.10252786e+00 1.80323753e+01 2.19448547e+01 1.11880708e+00
 8.94621086e+00 2.58274293e+00 1.79360180e+01 2.59390324e-02
 1.72329311e+01 1.70379385e-01 4.04817867e+00 7.16800690e+00
 1.68444431e+00 1.47952938e+00 1.74968600e+00 2.47734795e+01
 4.33149624e+00 1.14632308e+00 7.00027943e+00 3.22638917e+00
 1.23751655e-01 5.84613860e-01 1.34378557e+01 6.88441086e+00
 4.29398805e-01 3.47361816e+02 3.37858748e+00 1.96410484e+01
 1.48678684e+01 1.88268042e+00 2.77936935e-01 1.72326221e+01
 6.81941319e+00 1.59639091e+01 6.47674561e+01 2.38252823e+02
 1.84008751e+01 1.69546814e+01 7.07107687e+00 4.27847977e+01
 1.18713007e+01 2.43041444e+00 2.69232216e+01 3.67316532e+00
 2.76288033e+00 4.29540634e+00 6.14116144e+00 5.45632648e+00
 5.74627037e+01 2.11625843e+01 1.18751822e+01 6.92666292e+00
 2.14404736e+01 1.00521832e+01 1.22738304e+01 4.35497589e+01
 1.15180902e+01 5.05340805e+01 1.19139743e+00 1.90983505e+01
 1.29307718e+01 9.80371833e-01 9.07952309e+00 4.03383589e+00
 4.04694891e+00 5.10345221e-01 2.11037970e+00 1.69124718e+01
 6.45358582e+01 7.04671741e-01 7.04959393e+00 4.26194382e+01
 5.90640545e+00 2.01432419e+01 1.62826076e-01 4.04488754e+01
 7.55694427e+01 4.25767708e+00 4.05666709e-01 1.98149109e+00
 5.75910568e+01 9.58010960e+00 2.89279890e+00 4.00984192e+00
 3.34774857e+01 9.58126038e-02 2.96034298e+01 6.41635656e-01
 2.32274597e+02 3.88620806e+00 1.90090370e+00 3.33322358e+00
 8.75688965e+02 2.21401930e+00 1.03502951e+01 2.70690501e-01
 1.26305565e+02 1.16118689e+01 1.25066388e+00 1.74405975e+01
 1.31974792e+01 1.13704348e+01 3.27839375e+00 9.71040649e+01
 2.84991217e+00 5.72732806e-01 3.72506180e+01 9.84189148e+01
 1.79739952e+00 2.13272199e-02 1.68893409e+00 4.94547180e+02],39.405872,[3.50618744e+00 3.87138271e+00 9.35371041e-01 2.18050346e+01
 1.69055939e-01 8.51806927e+00 5.42569847e+01 9.12030125e+00
 1.62382793e+01 1.97694511e+01 1.20644806e+02 1.14465656e+01
 2.64436741e+01 7.28779268e+00 5.14097672e+01 9.79989147e+00
 1.80348816e+02 5.89174271e-01 4.87652664e+01 6.39224625e+01
 3.68647051e+00 5.80690503e-01 7.11476898e+00 6.01089668e+00
 2.84906101e+01 7.20661087e+01 3.69934731e+01 3.31153035e+00
 2.50223422e+00 6.67275572e+00 8.21588802e+00 3.96486497e+00
 2.22743263e+01 1.38693953e+00 3.14250422e+00 1.68225121e+00
 1.08141220e+00 4.48311729e+01 9.89278793e+00 2.44095159e+00
 1.64414978e+01 2.56085548e+01 1.04540062e+00 1.54960995e+01
 1.51219702e+01 1.63440247e+01 2.31425667e+00 3.43273377e+00
 3.42243591e+02 5.79643869e+00 2.14787617e+01 4.64663124e+00
 4.24125719e+00 6.91912556e+00 5.08888960e+00 9.28053737e-01
 4.63654375e+00 3.87202263e+00 7.87809420e+00 1.63358557e+00
 2.20474567e+01 1.13889980e+01 6.57537746e+00 2.47070694e+01
 9.37516251e+01 2.13255095e+00 2.06229091e+00 8.11897182e+00
 4.43692827e+00 1.18710399e+00 1.18639679e+01 5.89140272e+00
 2.68622899e+00 9.10363770e+00 1.03158116e+00 2.96791534e+01
 2.50926971e+01 2.65619831e+01 2.80881691e+00 4.86365471e+01
 8.32978249e+00 4.57903445e-01 1.11632576e+01 7.73464859e-01
 1.45334311e+01 2.97795868e+00 6.73896742e+00 1.45097518e+00
 1.11376476e+00 1.30856421e+03 7.43514442e+00 1.27795637e+00
 2.83564091e-01 2.82038260e+00 9.32404709e+01 5.53658390e+00
 2.94948864e+00 3.01011414e+02 3.24939698e-01 5.66254997e+00
 3.11669235e+01 3.33388299e-02 4.16230106e+00 1.36714767e+02
 1.16281185e+01 1.83053532e+01 4.60461655e+01 1.98179626e+00
 3.21156235e+01 8.07353401e+00 3.27628326e+00 3.63620067e+00
 1.05449791e+01 1.81655931e+00 8.82109928e+00 1.87346506e+00
 4.28291779e+01 5.49776220e+00 3.02140846e+01 1.24647293e+01
 1.31884308e+01 2.29396954e+01 6.19949436e+00 3.97442698e+00
 9.79223022e+02 5.41917849e+00 1.54053795e+00 1.53372087e+01
 5.53357391e+01 3.23610535e+01 7.04247117e-01 3.47083321e+01
 1.43405237e+01 2.91665192e+01 1.44290471e+00 4.60450554e+00
 5.60427809e+00 1.83663769e+01 2.49242096e+01 1.87101531e+00
 7.16582000e-01 4.79346085e+00 7.70299454e+01 1.32656479e+01
 2.01167488e+00 1.62718964e+01 2.40528946e+01 1.13815904e+00
 9.26751518e+00 4.08743906e+00 1.70549908e+01 3.00799012e-01
 1.76083755e+01 1.53398156e-01 1.70464420e+00 6.89910221e+00
 1.71141863e+00 1.70476794e+00 5.11222005e-01 2.63197556e+01
 1.64570129e+00 4.72121477e-01 7.00060415e+00 3.14289761e+00
 1.07067361e-01 2.02758014e-01 1.32679977e+01 6.02592182e+00
 5.70426404e-01 4.73753723e+02 3.63966227e+00 1.13784895e+01
 1.76663132e+01 1.00102019e+00 8.13754082e-01 1.44281120e+01
 9.54831600e+00 1.89914455e+01 6.54552460e+01 2.10163559e+02
 1.99150581e+01 2.13306503e+01 8.24834728e+00 4.23389168e+01
 1.19865150e+01 2.53931403e+00 2.83316841e+01 3.21903992e+00
 1.65687180e+00 7.62009764e+00 6.32776260e+00 8.17536354e-01
 8.64710464e+01 2.06307621e+01 7.32484436e+00 7.34637976e+00
 2.45676346e+01 1.09021931e+01 1.77510395e+01 7.63715515e+01
 7.27964783e+00 5.20440331e+01 1.51267254e+00 1.56494513e+01
 9.93284607e+00 1.09347570e+00 9.68217945e+00 5.00792980e+00
 7.37555265e-01 2.38710970e-01 4.12946987e+00 2.52467365e+01
 6.28626862e+01 1.06449771e+00 7.79407501e+00 4.79471893e+01
 4.29784441e+00 1.95928955e+01 6.40836000e-01 4.29742813e+01
 8.48121643e+01 4.50510788e+00 1.84047744e-01 2.87138963e+00
 5.84433289e+01 1.06354666e+01 4.15858984e+00 3.84306741e+00
 3.54678116e+01 1.14809074e-01 3.14875584e+01 5.61833143e-01
 1.61001312e+02 3.89698982e+00 2.38817906e+00 2.85027266e+00
 9.28804810e+02 6.35182858e-01 1.85292130e+01 1.09636021e+00
 1.57883026e+02 1.43928661e+01 1.46989489e+00 1.31623268e+01
 1.41940403e+01 1.23328037e+01 3.27827644e+00 1.01143982e+02
 4.13405752e+00 3.92853498e-01 3.77925339e+01 9.94500351e+01
 1.81242514e+00 2.55465567e-01 2.89535880e+00 5.12050842e+02],-288.56396,-336.08087,-349.59363,0.99863434,1.3606097,0.72565734,0.5475599,0.013202191915512085,1419.1469511985779,-0.2793210451306093,-0.0003170298960555479,-0.27936974482183535,-0.0008812816885342713,-1.5462794819795005,25.099999999996967,0.0,100000.0,-2.0,-1000.0,500.0,6.582616567611694,100000
349.90134,0.09131192,0.1368567,0.0031180414,-348.44147,348.44147,[8.65144134e-02 1.60425380e-02 1.09384358e-01 4.16855216e-01
 3.25977951e-02 2.03412279e-01 1.36019895e-02 1.30052102e+00
 2.18948871e-01 9.24064964e-02 3.78362298e-01 3.26464511e-02
 3.34394366e-01 2.55439222e-01 1.23364674e-02 1.34770513e-01
 9.33341682e-02 7.94927217e-03 3.91209722e-02 1.22715783e+00
 1.75006911e-02 1.41093761e-01 8.88590664e-02 1.33508950e-01
 2.73294002e-02 1.66524127e-01 5.53322770e-02 7.17625245e-02
 1.43775865e-01 3.53874639e-03 2.23923177e-01 2.38089003e-02
 5.17204814e-02 8.54330778e-01 1.57830268e-01 3.02331328e-01
 1.16128594e-01 3.22416574e-01 1.86118796e-01 1.16903260e-02
 9.18907449e-02 7.81407595e-01 2.38209546e-01 1.45543190e-02
 2.11033896e-02 5.40402830e-02 3.55468877e-02 1.93722770e-02
 2.13184953e-01 8.59125182e-02 4.48361307e-01 7.57337827e-03
 2.42121685e-02 8.50481633e-03 1.13024640e+00 2.29715109e-01
 1.44416660e-01 3.76904964e-01 1.22423336e-01 3.07709277e-01
 9.69785079e-02 8.70793462e-02 7.66804516e-02 2.53952146e-01
 8.99674837e-03 2.26729542e-01 2.24051625e-02 3.42479765e-01
 4.15532757e-03 1.65089108e-02 9.68517363e-02 7.62777328e-02
 1.18074507e-01 3.79622057e-02 1.30859995e-02 8.52963515e-03
 4.55235913e-02 1.24473758e-01 6.98082149e-02 3.41191828e-01
 9.66124892e-01 4.58218530e-02 3.20379764e-01 1.76566485e-02
 6.36457279e-02 7.12593049e-02 8.60876143e-02 1.22510437e-02
 2.21674591e-02 7.34205917e-03 8.12222250e-04 6.72678649e-02
 4.73511703e-02 6.35169595e-02 5.18861175e-01 2.57761441e-02
 4.70697880e-02 4.62308079e-02 7.61999041e-02 2.12533817e-01
 8.66821706e-02 3.60276774e-02 5.99552393e-02 8.48205164e-02
 1.35258334e-02 4.31564301e-02 2.52311039e+00 7.81663693e-04
 1.06815362e+00 1.07718445e-02 7.48981982e-02 4.13549304e-01
 1.06578387e-01 1.23579502e-01 6.25474472e-03 1.00569203e-01
 1.01181701e-01 4.62191440e-02 4.62135226e-02 1.00777168e-02
 7.42914081e-02 4.39348444e-02 3.32997918e-01 1.24532692e-01
 2.52071023e-01 2.73448341e-02 2.08581224e-01 2.60322839e-01
 6.72150701e-02 7.02636242e-02 2.82183230e-01 1.69919096e-02
 1.02403629e+00 4.20791531e+00 4.77452993e-01 3.51346999e-01
 6.17572486e-01 6.61902800e-02 1.87518075e-02 1.59436315e-02
 9.80636254e-02 1.43885851e-01 7.22468793e-02 7.82288611e-02
 3.13432336e-01 9.47744399e-02 1.44215420e-01 1.19891711e-01
 6.71241432e-02 6.61670804e-01 1.91034093e-01 1.21009462e-01
 4.98490855e-02 9.72198546e-02 1.69073090e-01 1.87561095e-01
 1.23346671e-01 3.05555761e-02 4.62896466e-01 3.57065871e-02
 1.15191512e-01 1.51314773e-03 3.17630991e-02 3.09259444e-01
 2.11651728e-01 6.29836679e-01 1.29993595e-02 1.89769000e-01
 5.56853078e-02 1.85889587e-01 3.43343839e-02 2.21710491e+00
 2.08617989e-02 3.78639176e-02 9.82480943e-02 2.26585418e-01
 5.37576199e-01 7.82705843e-03 6.11558780e-02 3.06355983e-01
 1.83740363e-01 2.53468394e-01 3.03817451e-01 4.24244329e-02
 1.10099435e-01 7.51874670e-02 4.72393990e-01 1.20302662e-01
 1.49387807e-01 3.28172058e-01 3.51876676e-01 2.90349498e-02
 5.39705381e-02 1.23103829e-02 3.42055529e-01 2.09340185e-01
 2.27097347e-02 2.42594063e-01 8.16343911e-03 6.42111301e-02
 9.61002428e-03 4.95578671e+00 2.69827724e-01 6.86245598e-03
 7.40869790e-02 2.02544332e-02 1.62214376e-02 3.17716040e-02
 3.15788873e-02 1.19326264e-02 5.55539355e-02 7.78614879e-02
 1.24759257e-01 5.31301089e-02 1.04557658e-02 2.74054259e-02
 1.44741148e-01 4.22877911e-03 3.75805527e-01 5.02353795e-02
 5.00075042e-01 2.43317813e-01 8.77986774e-02 5.13764694e-02
 3.11698206e-02 3.99954259e-01 4.02406827e-02 1.01908970e+00
 1.13632679e-01 2.70879805e-01 1.42246131e-02 8.07774961e-02
 3.61560374e-01 2.02685148e-02 1.12036332e-01 4.22556922e-02
 9.31961276e-03 4.62362766e-02 5.44417277e-02 1.41891360e-01
 6.38425946e-02 5.11947460e-02 2.91733779e-02 1.99651346e-02
 4.13029730e-01 3.67008328e-01 5.41438051e-02 1.41617954e-01
 7.47558847e-03 1.30908582e-02 4.02312800e-02 1.63040496e-02
 2.73187496e-02 1.30223006e-01 2.19607621e-01 6.02950994e-03],0.19506544,[2.45641395e-02 5.22035249e-02 5.21386880e-03 1.24553874e-01
 5.71394563e-02 8.26797187e-02 2.67831534e-02 5.34994960e-01
 5.31828776e-03 1.16771780e-01 1.53106713e+00 8.28788877e-02
 3.32917646e-02 6.83293194e-02 1.96020342e-02 1.34669438e-01
 7.40565360e-04 3.10169011e-02 2.58714519e-02 8.12891722e-01
 6.65234402e-03 3.70817259e-03 2.70087570e-01 6.44565374e-03
 2.13211589e-02 3.18113938e-02 1.67872421e-02 2.22500116e-01
 1.50096649e-02 3.79045494e-02 2.76998430e-03 1.73526071e-02
 1.16672479e-01 1.55824769e+00 8.10358673e-03 9.75988328e-01
 1.65225007e-03 5.51941879e-02 5.28386682e-02 3.23997512e-02
 1.60126947e-02 7.55960345e-01 8.85032564e-02 4.88746203e-02
 2.43807718e-01 1.17002521e-02 3.59113179e-02 1.25486612e-01
 3.28103900e-02 1.44697819e-03 1.41638983e-02 7.88530800e-03
 1.96428038e-02 5.26146352e-01 2.95636117e-01 2.39858814e-02
 3.81770916e-03 1.25158966e-01 1.52606696e-01 3.21069956e-02
 3.36292088e-02 4.84501291e-03 1.39333764e-02 1.53186470e-02
 2.98873000e-02 1.51752219e-01 2.38271840e-02 1.91284567e-02
 1.55155525e-01 9.28377453e-03 2.61326507e-02 6.97492957e-02
 1.57693774e-02 7.39469975e-02 1.93369389e-02 1.76183619e-02
 4.32441905e-02 2.12275423e-02 1.50691438e-03 9.04216170e-02
 2.71038914e+00 7.23340660e-02 4.72371615e-02 4.10363041e-02
 8.23740382e-03 2.58490779e-02 2.39009876e-02 6.23934437e-03
 6.44092355e-03 1.31064221e-01 1.57932416e-02 6.46491572e-02
 2.69809887e-02 8.40659160e-03 1.07719101e-01 1.80066712e-02
 2.15432234e-02 2.54690871e-02 8.85541737e-03 7.02872872e-02
 9.60032791e-02 1.85253806e-02 2.07229741e-02 1.65144101e-01
 1.18103832e-01 2.69812811e-03 1.12216973e+00 4.21013571e-02
 2.11672083e-01 3.30967717e-02 5.84384352e-02 4.89588976e-02
 4.53963876e-03 2.34182253e-02 1.82054788e-02 1.66518867e-01
 1.21428166e-02 3.13760452e-02 4.16600816e-02 2.93607652e-01
 6.69982135e-02 4.00374550e-03 4.26493026e-02 8.91692489e-02
 2.49356795e-02 4.09084074e-02 7.62631744e-02 4.70685288e-02
 4.67903912e-04 5.17595001e-03 8.08027312e-02 1.67186148e-02
 1.54191828e+00 2.22554636e+00 1.10023633e-01 1.54069185e-01
 5.88253975e-01 1.04300166e-02 1.94817111e-02 4.45537046e-02
 5.86215034e-03 4.57698945e-03 1.31074432e-02 3.40253115e-02
 2.91823260e-02 1.63081232e-02 6.31078035e-02 8.19522608e-03
 2.02666596e-02 2.63142020e-01 7.69940857e-03 3.43658403e-03
 4.12440374e-02 8.28756541e-02 7.68962502e-02 9.31831915e-03
 5.54915555e-02 1.01230182e-02 5.73778808e-01 1.59467477e-02
 3.93169560e-03 1.77682079e-02 3.32631826e-01 6.78484291e-02
 6.99491240e-04 5.99245667e-01 1.56490877e-02 1.02010043e-02
 4.62982990e-03 1.02353543e-01 2.40969881e-02 6.40135884e-01
 1.73544921e-02 3.95585820e-02 1.81761757e-03 8.24195862e-01
 3.63673359e-01 1.92061476e-02 2.34701112e-02 1.02032386e-01
 2.43705325e-02 5.32036424e-02 5.83230052e-03 3.51924211e-01
 4.52593062e-03 5.82365096e-01 6.85323328e-02 4.78253979e-03
 5.12202010e-02 7.51188099e-02 1.74504779e-02 4.04800251e-02
 3.04299593e-02 3.72354761e-02 1.17946446e-01 5.83313964e-02
 6.41788915e-03 6.32626191e-02 3.63142677e-02 4.76821698e-03
 3.25703323e-02 4.48531342e+00 1.12254299e-01 1.19485194e-02
 1.82252843e-03 9.90372617e-03 1.25680938e-01 3.88552733e-02
 2.34004006e-01 1.02630081e-02 3.08270305e-02 4.37726919e-03
 1.40044186e-02 2.70420406e-03 2.68733352e-02 9.48362518e-03
 7.47138727e-03 4.88917753e-02 2.18089744e-02 8.95750988e-03
 2.27086008e-01 3.93863022e-03 3.13569047e-02 8.65524355e-03
 2.38445476e-02 1.34824485e-01 9.72358976e-03 6.35301709e-01
 1.75822992e-03 4.50191684e-02 9.75433737e-02 1.26783922e-01
 2.06996083e-01 7.97754973e-02 5.42777870e-03 1.18019059e-02
 8.08177982e-03 1.94540620e-03 2.98697539e-02 3.44402418e-02
 1.31415213e-02 1.09735169e-01 7.78425578e-03 6.57154620e-02
 8.53791356e-01 8.25881213e-02 9.58144385e-03 1.11392234e-02
 2.93399543e-02 1.56460442e-02 4.91844714e-02 1.09761674e-02
 1.14935771e-01 2.45674625e-02 1.77137274e-03 1.90021880e-02],-323.1515,-352.02524,-376.8128,0.9986433,1.1972324,0.96929,0.5472554,11.00869,-8.169004,96.69135,353.8641,0.6985661,0.28539237,0.06684404,-350.3116,350.3116,[2.16652417e+00 2.78938866e+00 9.25189972e-01 4.64228153e+00
 1.82867622e+00 1.41073313e+01 7.93663621e-01 1.08384490e+00
 1.48244457e+01 3.34156275e+00 7.54020500e+00 1.40915127e+01
 4.87667847e+00 6.91570282e+01 3.35636234e+00 6.70556784e+00
 1.24915009e+01 1.10633125e+01 5.89731969e-02 5.51037884e+00
 2.87929306e+01 7.09924889e+00 1.08729849e+01 1.71647556e-02
 1.71880684e+01 6.56985550e+01 4.56496191e+00 2.29145840e-01
 2.31842041e+00 7.90652561e+00 4.08488388e+01 1.07878914e+01
 1.96821344e+00 1.58553213e-01 2.85870419e+01 7.80090027e+01
 4.80892754e+00 1.22584591e+01 4.32460098e+01 1.13334785e+02
 3.83122406e+01 1.36788073e+01 3.07573357e+01 8.86288738e+00
 4.13599510e+01 4.72213936e+00 1.11812520e+00 6.53498545e-02
 5.18311157e+01 7.59750032e+00 5.13707829e+00 9.85173130e+00
 8.33442841e+01 2.56211311e-01 1.36650251e-02 1.98607388e+01
 2.81585388e+01 1.81600399e+01 1.46825755e+00 7.94271135e+00
 5.18234372e-01 6.28216791e+00 8.85671377e-01 4.68482399e+01
 4.49071550e+00 3.15189896e+01 4.15211868e+00 6.44494152e+00
 5.40839291e+00 4.10708332e+00 5.57118797e+00 8.10629749e+00
 9.49364090e+01 2.47951293e+00 1.54380627e+01 1.36430923e+02
 1.51832571e+01 6.42786741e+00 2.92136650e+01 8.59825230e+00
 9.79410648e-01 8.28410387e-01 5.09698067e+01 9.02883053e+00
 1.70982304e+01 7.68269920e+00 3.48629913e+01 4.71663208e+01
 1.78732371e+00 8.12923660e+01 8.95486908e+01 4.73305082e+00
 3.46930847e+01 1.37205875e+00 5.06805658e+00 4.80995893e+00
 1.57193375e+00 5.34109831e+00 3.49339819e+00 8.58655643e+00
 2.81845307e+00 8.12375128e-01 9.34313965e+00 5.68423653e+00
 4.07770233e+01 2.10045862e+00 8.22507858e-01 4.57836914e+01
 1.27989883e+01 4.68241787e+00 4.69220924e+00 3.17249632e+00
 5.12557173e+00 3.79367523e+01 1.15340195e+01 3.90055813e-02
 1.29181000e+02 1.03789787e+01 1.00965023e+01 7.63240147e+00
 1.51987030e+02 2.86083260e+01 1.15715656e+01 1.61876380e+00
 2.55167179e+01 6.38756943e+00 5.66823244e+00 5.20273399e+00
 2.24847889e+00 3.00267363e+00 1.07767620e+01 6.02838933e-01
 7.22921371e+00 4.33515882e+00 2.02048254e+00 3.42633486e-01
 1.66570415e+01 5.96168518e+01 1.67091465e+00 2.97576010e-01
 1.25480342e+00 5.47840834e+00 4.08525848e+00 2.50672787e-01
 6.72974443e+00 5.51978683e+00 7.44133224e+01 2.26163030e+00
 1.86421005e+02 1.65939426e+00 8.78012848e+00 1.70342045e+01
 8.89294891e+01 2.44475770e+00 7.57755327e+00 5.02776527e+00
 2.31406879e+01 2.93575401e+01 1.06563711e+00 1.10686197e+01
 3.49267311e+01 4.88712931e+00 2.52633572e+00 4.82862666e-02
 6.49055839e-01 5.27568646e-02 2.42120094e+01 2.44616203e+01
 7.42672062e+00 2.33045250e-01 1.20294600e+01 6.83776627e+01
 4.23560810e+00 6.62399888e-01 4.72682667e+00 2.05897484e+01
 4.36278057e+00 4.23270178e+00 2.27028131e-01 4.41667259e-01
 1.23952551e+01 1.02965851e+01 2.93606720e+01 4.43193913e+00
 4.71396542e+00 2.40669441e+00 2.95710802e+00 1.77021980e+01
 8.50215912e+00 2.03300214e+00 3.45084995e-01 2.11990809e+00
 7.44094467e+01 5.33043718e+00 4.84254777e-01 3.78459716e+00
 1.92668743e+01 7.27318954e+00 1.91678181e+01 2.97815857e+02
 1.77219701e+00 1.02931519e+01 1.12550552e+02 7.35222936e-01
 2.52209740e+01 4.58510995e-01 1.01770334e+01 2.60977459e+00
 1.00267382e+01 1.28070097e+01 7.28451490e-01 1.11648774e+00
 2.43581939e+00 5.18174591e+01 7.56868935e+00 2.70098627e-01
 1.81399894e+00 1.02042969e+02 2.26847763e+01 1.66494071e+00
 3.75291491e+00 6.04898109e+01 4.48909912e+01 2.20240000e+04
 6.62612975e-01 1.68387389e+00 1.55371227e+01 8.05560303e+00
 7.75606461e+01 3.15525115e-01 2.98773575e+00 8.69413948e+00
 6.55635071e+00 5.23038054e+00 1.84522629e+01 1.40609711e+02
 1.01214051e+00 1.61291733e+02 1.30856991e+00 2.45058227e+00
 1.74768238e+01 1.80081403e+00 7.21259212e+00 5.27454615e+00
 4.98235989e+00 6.37018979e-01 1.63364773e+01 2.68470192e+01
 1.83378506e+01 4.48347807e+00 3.14296186e-01 2.25879478e+00
 1.77245665e+00 2.08329916e+00 4.97242510e-01 8.47728333e+02],104.751755,[2.19212317e+00 3.34827328e+00 5.93854725e-01 4.77883339e+00
 1.08058596e+00 1.42327662e+01 8.66140485e-01 1.25446260e-01
 1.52125635e+01 3.20289445e+00 7.62306881e+00 1.33024778e+01
 6.38464212e+00 5.27795753e+01 4.99821091e+00 6.97953558e+00
 8.20342445e+00 7.88582373e+00 5.01163602e-01 6.84799194e+00
 2.50113602e+01 7.37303686e+00 1.03330173e+01 2.73665279e-01
 1.53581810e+01 6.80964737e+01 4.62563753e+00 6.68254644e-02
 2.45049810e+00 7.49038982e+00 4.28134117e+01 1.14359360e+01
 4.17291284e-01 5.04382372e-01 2.78051949e+01 7.80987701e+01
 7.71234274e+00 6.67971230e+00 4.85001945e+01 1.23669037e+02
 8.68546524e+01 9.45536804e+00 3.05336494e+01 9.36783218e+00
 3.95225601e+01 4.64827681e+00 1.41128445e+00 1.26462311e-01
 5.15613976e+01 7.85591269e+00 8.53781891e+00 9.38695621e+00
 7.85471115e+01 8.85407329e-02 1.70751500e+00 1.95355339e+01
 3.20364914e+01 1.81966782e+01 2.62481523e+00 5.73865604e+00
 5.33035100e-01 4.95063114e+00 8.08873475e-01 4.68929520e+01
 4.24313593e+00 3.07357941e+01 6.08873272e+00 4.71389771e+00
 4.62527275e+00 4.16234684e+00 6.53030968e+00 4.64941597e+00
 9.01737900e+01 1.27207160e+00 1.68463097e+01 5.30237617e+01
 1.60151806e+01 6.21558666e+00 2.92365875e+01 8.54844666e+00
 1.82671022e+00 9.40853655e-01 5.02398834e+01 7.59833050e+00
 1.60317822e+01 6.76745081e+00 3.35938988e+01 4.56770096e+01
 1.96149015e+00 8.04939499e+01 8.38624649e+01 1.10650568e+01
 4.28337784e+01 1.30009341e+00 5.07641649e+00 4.78817797e+00
 2.04069781e+00 3.53155780e+00 3.46787596e+00 8.26084328e+00
 2.80818415e+00 1.03520203e+00 8.09547710e+00 5.78650188e+00
 4.08123856e+01 1.95661926e+00 1.25824618e+00 4.42554893e+01
 1.19153404e+01 4.57768154e+00 4.20000744e+00 3.86642456e+00
 2.93877578e+00 3.75932999e+01 8.32219028e+00 3.80151197e-02
 1.30123398e+02 1.22118740e+01 1.09987078e+01 7.69687843e+00
 3.11701069e+01 2.27572556e+01 1.20836077e+01 2.82742953e+00
 2.36581669e+01 6.14683533e+00 4.03095198e+00 6.77215910e+00
 1.23149133e+00 2.87711143e+00 1.00221252e+01 2.94573486e-01
 6.71386719e+00 1.89004421e+00 1.69009769e+00 1.83713049e-01
 1.66254883e+01 6.19057693e+01 1.63467801e+00 4.60252821e-01
 1.31460857e+00 5.49236727e+00 4.32223797e+00 6.33913815e-01
 5.73671341e+00 4.04039383e+00 7.40897217e+01 1.89108348e+00
 1.86739410e+02 1.86647475e+00 4.69978714e+00 1.49217644e+01
 1.08450089e+02 1.98953962e+00 7.63302755e+00 4.19259930e+00
 2.75401344e+01 3.01712990e+01 5.79585075e-01 8.94695091e+00
 2.80149879e+01 4.94736433e+00 2.69351673e+00 4.34271134e-02
 2.76667863e-01 4.14066687e-02 2.24778137e+01 2.57457409e+01
 6.65478659e+00 2.10548669e-01 7.57980919e+00 6.88788681e+01
 6.69845760e-01 1.53525576e-01 5.23338509e+00 2.79979458e+01
 3.15556955e+00 4.77347565e+00 5.80402732e-01 9.81726423e-02
 1.58568535e+01 1.41171379e+01 2.91184196e+01 3.92279816e+00
 2.85472727e+00 4.20026398e+00 2.62681580e+00 1.96598511e+01
 9.06523323e+00 1.83021271e+00 6.91528022e-01 2.79218769e+00
 6.60758896e+01 4.62561417e+00 3.29864085e-01 3.33579445e+00
 1.60205650e+01 9.00051880e+00 1.58102961e+01 3.08035522e+02
 1.52479494e+00 9.53432846e+00 1.18469757e+02 3.92676502e-01
 2.53153114e+01 2.84845859e-01 8.66336823e+00 1.82195413e+00
 1.05423279e+01 1.29217033e+01 9.41852868e-01 7.36377120e-01
 2.62750912e+00 5.76412811e+01 8.64563560e+00 2.90399373e-01
 1.89566588e+00 9.80215454e+01 2.26334343e+01 3.12981606e+00
 1.26598525e+00 6.22815781e+01 5.29547195e+01 1.77635664e+04
 2.82135278e-01 2.47579589e-01 2.16006145e+01 7.59924746e+00
 7.54554138e+01 8.77080321e-01 4.20801848e-01 9.00154305e+00
 6.17764711e+00 3.41087890e+00 1.80481930e+01 9.70903473e+01
 8.14113498e-01 1.53887939e+02 1.17528462e+00 2.31305909e+00
 1.56245003e+01 1.42164731e+00 5.89201069e+00 5.56949329e+00
 4.19138336e+00 5.74042320e-01 1.97783546e+01 2.66749630e+01
 1.90210495e+01 5.80712700e+00 6.02596700e-02 1.92605567e+00
 2.43812108e+00 1.96745038e+00 4.68385220e-01 8.77817017e+02],-254.2157,-353.39038,-366.81567,1.0282722,1.3058342,0.6770451,0.55146563,0.013782995300292969,1763.7218537330627,-0.11967644708523814,0.006642463717418648,-0.11933222093995742,0.005725682202904051,8.61439930126888,25.099999999996967,0.0,125000.0,-2.0,-1000.0,500.0,6.554354190826416,125000
359.46613,0.0922879,0.15124218,0.0028255247,-357.86142,357.86142,[4.07525226e-02 1.14561440e-02 1.60855465e-02 9.88754928e-02
 5.91192544e-02 7.47484493e+00 1.27295330e-02 1.64151371e-01
 1.84171379e-01 3.44655886e-02 1.82664432e-02 2.50872150e-02
 7.20979571e-02 7.95760214e-01 1.03905872e-01 5.07735163e-02
 4.48103622e-02 1.13229416e-01 3.67141236e-03 8.58361870e-02
 1.66897140e-02 1.13971876e-02 2.64558017e-01 2.29861602e-01
 1.49331972e-01 5.48198111e-02 7.59230852e-01 2.73244649e-01
 5.82690835e-02 1.85839124e-02 1.02508828e-01 2.14417648e+00
 1.06151474e+00 1.16504304e-01 1.43698836e-02 1.77948698e-01
 1.01258814e+00 2.71741040e-02 1.51382431e-01 2.54314132e-02
 8.71825963e-02 3.56549561e-01 7.58097041e-03 1.20477414e+00
 6.01502135e-03 1.35502830e-01 9.44919288e-02 1.41265512e-01
 1.33756310e-01 1.03436545e-01 2.89148182e-01 1.28563121e-03
 2.07292736e-02 7.72905350e-03 1.02154780e-02 8.74276906e-02
 7.74480775e-03 7.19714820e-01 1.74413845e-02 3.21150757e-03
 1.74387433e-02 1.82771161e-02 6.48231246e-04 2.20412798e-02
 3.00131857e-01 4.89169598e-01 3.55564281e-02 9.38566849e-02
 1.76090747e-02 2.46450193e-02 1.71223432e-02 1.98984519e-02
 3.36519368e-02 1.20915580e+00 6.18277937e-02 1.13870744e-02
 7.26528466e-02 9.91393719e-03 9.24468935e-02 2.99251556e-01
 1.50154054e-01 1.72721654e-01 1.99550226e-01 1.74909204e-01
 1.73821837e-01 7.66119957e-01 2.31341310e-02 3.16632390e-01
 5.40776730e-01 1.16854954e+00 2.36284941e-01 9.21449363e-02
 3.29720695e-03 6.01849630e-02 2.60457844e-01 7.38321170e-02
 5.81362881e-02 4.97193728e-03 1.14656547e-02 1.66798122e-02
 4.99856025e-02 2.09271908e-02 1.18638866e-01 4.25631404e-02
 5.21648526e-02 9.16893780e-02 5.47752995e-03 3.30916941e-01
 5.10700233e-03 4.75898862e-01 2.08925128e-01 2.04834908e-01
 1.83243185e-01 1.57512724e-02 3.89071316e-01 8.01191553e-02
 8.59686453e-03 1.28661245e-01 1.00395456e-02 5.26052177e-01
 2.79507071e-01 2.86364332e-02 2.40553364e-01 1.54555216e-03
 2.62703151e-02 2.49716379e-02 1.98071033e-01 1.36870041e-01
 2.07645074e-02 3.48811038e-02 2.97871456e-02 3.70131806e-02
 2.21583396e-02 5.33429980e-01 5.38985357e-02 3.03748325e-02
 8.24215472e-01 1.00528669e+00 2.54810482e-01 1.20321289e-03
 3.07033304e-03 4.09504492e-03 2.46539060e-03 1.99847240e-02
 2.97730044e-02 1.24413148e-01 1.48001146e+00 2.08689459e-03
 6.12063427e-03 5.42305298e-02 3.09655666e-02 2.49765247e-01
 4.88707498e-02 7.87612237e-03 4.95660931e-01 1.24623645e-02
 3.31812769e-01 5.61143197e-02 3.08956299e-03 1.81398600e-01
 6.36621535e-01 4.53019887e-02 3.21985073e-02 7.87885711e-02
 1.47960812e-01 8.21360275e-02 1.43147232e-02 1.62055149e+01
 1.61941200e-02 3.89834493e-02 1.05577903e-02 7.67548457e-02
 1.00454561e-01 2.82049954e-01 2.89811678e-02 4.05478716e-01
 1.57006472e-01 6.32677376e-02 5.34149110e-02 2.70389795e-01
 7.37608969e-02 4.37435918e-02 1.08275004e-02 7.21135437e-02
 2.92004123e-02 8.05392489e-02 9.79246557e-01 1.49650844e-02
 7.99478769e-01 3.91290449e-02 2.29807869e-02 6.39066100e-02
 4.55041349e-01 2.22064137e-01 9.45262983e-02 8.50072950e-02
 7.64616728e-02 3.88515368e-03 5.31764701e-03 1.28514498e-01
 6.84668198e-02 1.77305415e-01 1.31332427e-01 2.88174339e-02
 4.28135753e-01 5.48697300e-02 3.70509699e-02 2.62253918e-03
 1.82059593e-04 1.51578322e-01 1.91453919e-02 5.08799106e-02
 2.27071382e-02 1.82959303e-01 1.05969690e-01 3.41570079e-02
 6.60781283e-03 3.30989748e-01 3.28189582e-02 2.17827439e-01
 1.05758893e+00 9.14247185e-02 7.65399188e-02 5.10746837e-02
 3.08420174e-02 9.74046662e-02 5.43662757e-02 1.64049678e-02
 2.79060096e-01 4.10835445e-02 2.60818779e-01 1.85303241e-02
 3.68411839e-03 3.49217623e-01 1.21802509e-01 3.77609655e-02
 2.86588848e-01 1.38950899e-01 4.22670507e+00 6.16756827e-03
 5.48335630e-03 4.30015586e-02 9.02146161e-01 1.70688033e-02
 5.91961746e+01 1.92041963e-01 4.15958971e-01 1.47003308e-03
 1.17132336e-01 6.88381344e-02 4.51802090e-02 2.32616849e-02
 2.92980112e-03 3.53331417e-02 1.65513963e-01 4.12885938e-03],0.60880005,[1.25577927e-01 3.76313962e-02 2.67451443e-02 4.23269607e-02
 2.35825777e-02 1.47329836e+01 1.85226761e-02 3.38511974e-01
 5.66018701e-01 1.46795670e-02 8.64574984e-02 2.02691406e-02
 7.03472942e-02 1.26833725e+00 9.67969373e-03 3.24142337e-01
 2.74434835e-01 6.96864128e-02 2.37544030e-02 9.72537883e-03
 2.03758031e-02 5.33653498e-02 4.04306591e-01 2.36509442e-02
 7.87058473e-02 9.88141596e-02 2.96224654e-01 8.71025026e-02
 1.28943697e-01 4.01292890e-02 1.92549661e-01 2.36790824e+00
 7.90300369e-01 8.60919356e-02 2.03934312e-02 8.40999279e-03
 2.29818612e-01 1.37023814e-02 7.95116350e-02 2.47670263e-01
 8.92505720e-02 1.31277621e-01 3.06591019e-02 2.31980681e-01
 5.58239073e-02 1.68008476e-01 1.12411797e-01 3.19642693e-01
 4.73463628e-03 1.75075121e-02 9.21084806e-02 9.49047878e-02
 1.69032663e-02 3.36258598e-02 2.61144415e-02 4.58977818e-02
 5.08114137e-02 1.44737661e+00 2.30586365e-01 3.79394889e-02
 6.12851698e-03 3.30542810e-02 9.32315513e-02 3.43416706e-02
 1.13408446e-01 1.80912852e-01 1.94663480e-02 4.84707057e-02
 2.57469833e-01 1.02000013e-02 3.03866006e-02 1.42414058e-02
 2.87436880e-03 5.48155069e-01 8.58696252e-02 8.31195116e-02
 1.76476747e-01 1.15076872e-02 2.65848160e-01 4.92145568e-02
 3.95369530e-02 1.00707404e-01 6.04929924e-02 5.83350897e-01
 1.81590259e-01 2.56011069e-01 7.53737986e-05 8.75763893e-02
 3.04585874e-01 8.46976995e-01 3.19474518e-01 7.07678962e-03
 3.91905606e-02 2.06969380e-01 1.30025581e-01 4.92300875e-02
 1.00189792e-02 2.07530130e-02 5.40821180e-02 7.50980992e-03
 6.41465187e-04 2.24334747e-02 6.12167306e-02 4.33863968e-01
 3.39774229e-02 9.96960700e-03 3.65232117e-02 7.31036738e-02
 2.69754417e-02 1.61703810e-01 5.50463796e-04 2.69214481e-01
 2.00884640e-01 2.35874847e-01 4.43304002e-01 4.90621775e-02
 2.99814567e-02 3.32393438e-01 3.58687416e-02 2.19009638e-01
 6.86009526e-02 5.42288840e-01 2.21922249e-01 4.08865958e-02
 8.85856450e-02 4.69762161e-02 8.66303444e-02 2.15493649e-01
 4.41566259e-02 4.78320457e-02 3.49210829e-01 1.81049742e-02
 2.28032507e-02 2.29751498e-01 8.76619760e-03 1.27808109e-01
 2.37766996e-01 8.17971110e-01 7.33522475e-02 3.99578698e-02
 1.41401261e-01 3.19453143e-02 5.10649718e-02 8.64168704e-02
 4.21430953e-02 1.26039252e-01 7.37843990e-01 4.54080701e-02
 2.17828751e-02 1.03970692e-01 6.37961272e-03 2.04120412e-01
 2.66540825e-01 3.31613906e-02 3.28462899e-01 3.17374393e-02
 1.64036036e-01 3.25577378e-01 3.40519883e-02 1.18966356e-01
 2.39357457e-01 7.08813313e-03 1.19972313e-02 1.66317001e-02
 9.42470133e-02 2.11260095e-01 1.41129084e-02 1.94479218e+01
 4.50661071e-02 2.09524706e-02 2.81917080e-02 6.87558670e-03
 6.65675327e-02 5.06265499e-02 3.42746451e-03 2.46004730e-01
 1.00964293e-01 4.28862944e-02 1.39854610e-01 2.35786214e-01
 5.67752682e-02 5.61699495e-02 5.51234297e-02 7.16645271e-03
 6.40498474e-03 5.41179180e-01 6.79770529e-01 2.71567740e-02
 3.50819826e-01 4.41155620e-02 2.95379370e-01 1.95409864e-01
 3.60575080e-01 1.35161191e-01 1.86491325e-01 1.89770535e-01
 2.67260708e-02 4.23795879e-02 3.39208432e-02 4.13087383e-02
 6.76844865e-02 7.92062003e-03 1.24897137e-01 6.34412989e-02
 3.70312929e-01 1.47233397e-01 3.11018899e-03 5.03966063e-02
 6.57503605e-02 4.72579934e-02 2.41659805e-02 1.22275740e-01
 1.28854260e-01 3.34498733e-01 1.73417106e-01 4.89425361e-02
 2.79136747e-02 8.10549557e-01 8.62059817e-02 5.06240875e-02
 1.87103772e+00 5.27175188e-01 2.13075936e-01 4.82012071e-02
 4.27159518e-02 2.51064122e-01 2.04725131e-01 7.32327253e-03
 7.40195289e-02 6.06373046e-03 6.41050518e-01 2.02028081e-01
 3.10482085e-02 3.56457412e-01 1.03907868e-01 3.05750445e-02
 2.98994362e-01 1.42615298e-02 3.53332710e+00 3.50120105e-02
 1.97186191e-02 4.85741533e-04 8.61553013e-01 6.18210882e-02
 7.36116257e+01 9.50572044e-02 7.47765243e-01 1.54398888e-01
 1.14948854e-01 3.85303676e-01 2.89980248e-02 4.70650867e-02
 3.18062194e-02 4.37459722e-02 2.77006328e-01 1.51127437e-02],-300.7093,-362.4208,-382.90076,1.0071185,1.1569954,0.9805822,0.54840815,52.109222,-54.774513,318.745,367.72226,0.7018269,0.26165992,0.07070816,-364.40384,364.40384,[4.96454096e+00 9.14860344e+00 6.47134857e+01 2.28703213e+00
 8.82891655e-01 9.18146038e+00 1.31232977e+00 1.68555307e+00
 1.94774461e+00 1.12040005e+01 1.94385414e+01 1.56687784e+00
 4.44869876e-01 5.21694870e+01 2.59993515e+01 4.81055756e+01
 1.32967806e+00 5.52158165e+00 2.91503811e+01 1.94436913e+01
 2.12057476e+01 1.27869260e+00 6.25150576e-02 5.14670258e+01
 2.04283237e+00 1.11501980e+01 1.19466543e+00 1.39139748e+01
 1.44747105e+01 4.92499828e+00 7.24219055e+01 2.00563335e+01
 1.43085146e+01 3.24181008e+00 1.42049432e+00 1.03384380e+01
 3.68909264e+00 1.64965916e+00 1.37059793e+01 6.00425148e+01
 1.31273298e+01 1.21965675e+01 2.44862595e+01 3.92088175e-01
 9.42852688e+00 1.50675416e+00 1.31603777e+00 7.85177648e-01
 6.02908707e+00 9.96456814e+00 9.09575939e+00 3.55683851e+00
 5.10257483e+00 2.04124093e-01 3.38035059e+00 1.64151335e+00
 8.88653564e+00 7.20312238e-01 5.35297990e-01 3.96818638e+00
 2.85075879e+00 2.11946774e+01 2.13392105e+01 4.13117695e+00
 7.44190168e+00 2.61954784e+00 1.96476114e+00 3.31409883e+00
 2.99301147e+00 1.48045611e+00 5.82162905e+00 8.33943963e-01
 7.45222569e-02 5.38643885e+00 4.58812761e+00 1.71988010e-01
 1.93423271e+01 8.50449085e-01 4.83485842e+00 2.75694937e-01
 1.71260834e+01 3.03938198e+00 7.32984972e+00 1.97321701e+01
 8.15251589e-01 2.73072481e+00 1.01599360e+01 1.47450409e+01
 4.97103167e+00 1.05620880e+01 3.06912804e+00 1.53602123e+00
 9.91758442e+00 8.10494497e-02 1.07850046e+01 2.96466565e+00
 3.05226266e-01 6.77355270e+01 2.32591057e+01 3.89748383e+00
 1.12107677e+01 1.65403351e-01 5.62709427e+00 5.59771080e+01
 9.93834257e-01 2.13393002e+01 7.08522558e+00 1.98011339e+00
 2.17077541e+00 2.40135908e+00 4.20013189e+00 6.35849237e-01
 4.13849652e-01 2.10697126e+00 2.15318146e+01 4.68696547e+00
 1.80439777e+01 1.11162937e+00 1.81097698e+00 6.79903126e+00
 4.37158089e+01 1.00354252e+01 8.01198101e+00 6.55482025e+01
 3.85757904e+01 5.53548002e+00 3.19592810e+00 9.04918015e-01
 2.67562065e+01 1.59693348e+00 3.21723890e+00 1.41450272e+01
 1.60597935e-01 2.07005901e+01 1.74446309e+00 1.06260562e+00
 9.24062538e+00 1.25564499e+01 2.24934959e+00 1.64730701e+01
 2.80171051e+01 4.97455215e+00 5.69350064e-01 3.07503295e+00
 6.81583557e+01 1.70509148e+00 9.20758820e+01 2.25322247e+01
 2.75251698e+00 6.21673059e+00 7.27529898e-02 3.29442883e+00
 5.38412142e+00 6.98580599e+00 2.58275485e+00 1.57815576e+00
 8.37833328e+01 4.16009092e+00 2.31589108e+01 2.49138927e+01
 1.25243831e+00 5.63312817e+00 2.33483620e+01 2.19545708e+01
 3.28183794e+00 9.46710050e-01 1.01978188e+01 2.92787647e+00
 5.04379869e-01 3.52559388e-01 2.05056572e+00 7.00357342e+00
 3.94569921e+00 5.62238216e+00 5.79781990e+01 1.88390744e+00
 1.88879147e-02 8.88638973e+00 2.26536465e+01 1.42539005e+01
 1.86987095e+01 5.00041695e+01 7.06143951e+01 1.64050996e-01
 3.03786135e+00 1.05770321e+01 9.94296312e-01 2.07088814e+01
 1.03595519e+00 2.03402853e+00 9.55767751e-01 7.16879129e+00
 2.85795450e+00 6.95039368e+00 1.53969967e+00 2.34900894e+01
 1.23389225e+01 4.67002809e-01 2.13691368e+01 3.08284874e+01
 1.09879227e+01 4.39212285e-02 2.67756367e+01 4.13846731e+00
 2.50855179e+01 1.39641571e+00 4.48304510e+00 4.82375717e+00
 1.17069197e+00 9.87903690e+00 1.50261707e+01 1.69899124e+02
 2.46839857e+00 8.26351166e-01 3.26128714e-02 1.52403498e+00
 4.74297905e+00 7.43139648e+00 9.59797978e-01 9.73802507e-01
 5.29153872e+00 6.00526524e+00 1.67701170e-01 1.95979900e+01
 2.04423256e+01 9.88404369e+00 1.17696085e+01 7.50962448e+00
 1.91634429e+00 8.88619518e+00 1.48095684e+01 1.73149014e+01
 4.36096144e+00 1.09780178e+01 2.16328506e+01 3.26316619e+00
 6.34963074e+01 5.54884453e+01 2.33935571e+00 2.28800335e+01
 2.32207513e+00 3.56060481e+00 1.95915031e+00 3.72254229e+00
 2.29871941e+00 9.04713058e+00 1.73841972e+01 1.28600860e+00
 1.55164748e-01 1.44829714e+00 7.78113985e+00 1.43323727e+01
 2.48516521e+01 1.17092400e+01 2.35643163e-01 3.56636124e+01],13.44162,[4.91727066e+00 8.46990585e+00 6.90083923e+01 2.41764331e+00
 1.25183046e+00 9.01464462e+00 2.19071484e+00 1.22695005e+00
 1.79887307e+00 1.28674994e+01 1.93633270e+01 1.76945400e+00
 6.72979951e-01 5.14744453e+01 2.65320129e+01 4.84233932e+01
 6.62521958e-01 5.29192066e+00 2.43469372e+01 2.00468998e+01
 1.98260078e+01 1.33615792e+00 2.60247409e-01 5.11330833e+01
 1.42391348e+00 1.12389565e+01 1.23503757e+00 1.38350792e+01
 1.45854015e+01 5.06143379e+00 9.47159882e+01 2.12423611e+01
 1.33984747e+01 3.16539359e+00 1.38215089e+00 7.85328293e+00
 3.90065908e+00 5.22833633e+00 1.37258244e+01 6.05067902e+01
 1.16493034e+01 1.09003086e+01 1.37672167e+01 6.76285982e-01
 9.00019932e+00 1.78443849e+00 1.28770554e+00 1.08908439e+00
 5.90092564e+00 1.05153446e+01 9.39721298e+00 3.50846052e+00
 4.64557123e+00 9.27002728e-02 3.23046064e+00 1.03806317e+00
 3.22014570e+00 6.62291884e-01 5.83358467e-01 3.91907573e+00
 3.62963939e+00 2.12516479e+01 2.06571274e+01 3.49712563e+00
 6.99953079e+00 2.50491333e+00 1.27781999e+00 3.96034551e+00
 2.26420784e+00 1.59454834e+00 6.03958654e+00 8.59801829e-01
 5.22533879e-02 3.60000420e+00 5.23303270e+00 4.56431001e-01
 2.00318317e+01 1.50213718e+00 5.84746647e+00 3.76758873e-01
 1.93916550e+01 4.55958366e+00 6.83456039e+00 1.51188097e+01
 7.65007257e-01 2.10158610e+00 1.01456184e+01 1.55994415e+01
 5.30789280e+00 2.79653454e+00 2.92567348e+00 1.67645431e+00
 9.55779648e+00 1.97440699e-01 9.22971153e+00 2.96068954e+00
 2.11162642e-01 6.16572495e+01 2.54793892e+01 3.29616737e+00
 1.21650696e+01 9.50748473e-02 5.45034981e+00 3.70900269e+01
 1.73563933e+00 2.65160732e+01 6.22752762e+00 1.86504591e+00
 2.85694051e+00 2.76857972e+00 4.06631041e+00 1.28477597e+00
 3.74114364e-01 4.55566692e+00 2.12707253e+01 4.44270134e+00
 1.79211750e+01 8.51674974e-01 5.47549582e+00 7.70727682e+00
 4.09206238e+01 1.14249020e+01 8.07719326e+00 6.70165634e+01
 3.86812553e+01 4.97239685e+00 3.17668748e+00 6.26941442e-01
 2.59870892e+01 1.99507451e+00 3.20389605e+00 1.42600708e+01
 1.57151580e-01 2.15834827e+01 9.58989441e-01 1.12772942e+00
 6.75531912e+00 1.48803816e+01 3.07881325e-01 1.65418377e+01
 1.74085903e+01 5.06332111e+00 3.10402691e-01 2.99348664e+00
 7.20862427e+01 1.30230451e+00 8.82184906e+01 2.20586205e+01
 2.79033661e+00 5.88559151e+00 2.98392214e-03 2.30207372e+00
 5.01615524e+00 6.59631395e+00 6.02979660e-01 1.76045084e+00
 8.36305771e+01 4.33823490e+00 2.13203945e+01 2.46779327e+01
 7.18048513e-01 6.85723305e+00 2.30669975e+01 2.09197197e+01
 3.01146650e+00 8.86831224e-01 1.63164024e+01 2.66360903e+00
 3.08148682e-01 3.69970411e-01 2.04684258e+00 7.23076773e+00
 5.42962837e+00 5.36236000e+00 5.53207626e+01 3.31663990e+00
 1.28507325e-02 7.64545727e+00 2.25454292e+01 1.59053154e+01
 1.91018810e+01 4.91463432e+01 7.59911118e+01 7.34573722e-01
 4.06993103e+00 1.02614212e+01 9.84745741e-01 2.05334492e+01
 2.74887228e+00 3.26511025e+00 1.61575091e+00 4.89320183e+00
 1.55427778e+00 7.69564247e+00 1.07208133e+00 2.66904736e+01
 1.25901823e+01 3.14495564e-01 2.14370003e+01 3.07008572e+01
 8.32250977e+00 3.70347276e-02 2.71105461e+01 3.20320487e+00
 2.46787262e+01 1.46646428e+00 3.96538162e+00 5.18494415e+00
 9.91439700e-01 9.85460472e+00 1.47698288e+01 1.77592270e+02
 2.78090763e+00 8.38349581e-01 3.00376937e-02 1.65848744e+00
 4.73137045e+00 7.74354029e+00 1.03426528e+00 4.61531371e-01
 5.68894672e+00 6.00618172e+00 3.24132442e-02 1.57739220e+01
 1.87117996e+01 9.22141743e+00 1.22964077e+01 1.58167958e+00
 1.39990842e+00 7.56432104e+00 1.58647108e+01 1.38814535e+01
 2.59288383e+00 1.09202051e+01 2.26821728e+01 3.24179363e+00
 6.01411362e+01 5.27766304e+01 1.31673717e+00 2.29420605e+01
 1.80957973e+00 2.86307883e+00 3.01415730e+00 3.89994144e+00
 2.31679869e+00 7.15427971e+00 1.97045441e+01 1.59450376e+00
 3.69453967e-01 1.35205793e+00 6.55467176e+00 5.97602272e+00
 2.35483971e+01 1.10550079e+01 3.49132806e-01 3.54437408e+01],-349.40546,-366.19098,-375.85016,1.028244,1.1706777,0.92270386,0.551322,0.013167374238967895,2092.9062399864197,-0.038688567776355265,-0.0028625351361198734,-0.038878824648537987,-0.0037760514580615348,-0.6078388227893063,25.099999999996967,0.0,150000.0,-2.0,-1000.0,500.0,6.584602117538452,150000
367.9938,0.08052394,0.1747721,0.0031658628,-366.16556,366.16556,[4.30265553e-02 1.76416576e-01 1.02338614e-02 1.61411911e-02
 9.31228250e-02 1.78533390e-01 3.58763002e-02 1.06299119e-02
 5.07587567e-03 8.79085922e+00 3.33134085e-03 5.39799929e-02
 9.18196067e-02 1.76743656e-01 9.32116061e-04 1.37069905e+00
 2.74504069e-03 3.15556765e-01 1.19333956e-02 2.04278395e-01
 4.41504627e-01 1.61987886e-01 2.16213427e-02 2.34727748e-03
 6.86383992e-02 3.46088782e-03 4.10741150e-01 4.19300720e-02
 9.53491211e-01 1.95919052e-02 2.14452073e-02 4.77510154e-01
 1.78933889e-02 6.17753677e-02 7.07465131e-03 8.65330175e-03
 7.90990889e-04 4.16214876e-02 3.04270297e-01 1.43732699e-02
 2.58107781e-02 1.21725202e-02 2.16298737e-04 1.42511666e-01
 2.87923180e-02 3.73246148e-03 8.28737393e-05 2.04392895e-01
 2.63529755e-02 3.20574567e-02 2.44383104e-02 1.79979756e-01
 1.31872147e-01 1.36137353e-02 1.29191685e+00 1.30772531e-01
 5.05447462e-02 3.64560857e-02 2.82468498e-01 3.86608317e-02
 2.58745477e-02 3.18245068e-02 2.28244662e-02 2.43404694e-02
 6.89448789e-04 2.08622336e-01 1.71771087e-03 1.39826955e-02
 3.86982232e-01 6.05670929e-01 3.82912606e-02 2.83533670e-02
 2.54224718e-01 1.03428662e-01 1.80280209e-01 4.21002805e-01
 1.41761545e-03 5.22606447e-02 2.48948708e-02 2.08383346e+00
 1.61886159e-02 2.81217471e-02 7.45261088e-03 1.40306517e-01
 2.08072960e-02 9.03974324e-02 2.40639538e-01 1.03586921e-02
 2.16117203e-01 1.71278007e-02 3.38177495e-02 9.69136059e-02
 6.22104406e-01 1.59116555e-03 3.02624077e-01 4.78258654e-02
 5.63546419e+00 2.01531220e-03 2.11030412e+00 1.29939467e-01
 2.10934598e-03 1.02795474e-01 7.27076530e-02 2.03322619e-02
 4.26373258e-03 2.22178176e-02 1.42913222e-01 2.21386142e-02
 3.02352943e-03 1.00104675e-01 7.37668015e-03 2.36359425e-03
 2.74489559e-02 4.86676782e-01 1.10474164e-02 1.85420239e+00
 8.23173299e-03 4.95429672e-02 1.24557160e-01 3.62863019e-03
 2.02241600e-01 3.43066514e-01 1.23517573e+00 1.66318834e-01
 1.12929630e+00 1.14724047e-01 7.28075393e-03 4.80228305e-01
 1.22897632e-01 2.05288917e-01 4.08912957e-01 1.21981744e-03
 5.08274231e-03 7.49929249e-03 9.10433769e+00 8.21870286e-03
 4.08369675e-03 1.99673511e-03 1.46448985e-03 7.74699375e-02
 4.23092395e-03 7.32788630e-03 2.70781387e-03 3.24621145e-03
 4.34461385e-02 2.38250680e-02 8.67595896e-02 3.36098224e-02
 3.05699743e-02 8.62681586e-03 1.21567452e+00 1.15785170e-02
 7.22233206e-02 1.94969520e-01 6.39305450e-03 4.68336232e-03
 6.53932914e-02 2.67182477e-04 1.07569993e-02 7.55922973e-01
 4.01432104e-02 2.05070768e-02 7.18077719e-02 1.30842900e+00
 5.66819683e-02 2.41445497e-01 2.95236737e-01 9.85167176e-03
 8.69284347e-02 3.50581884e-01 8.29407945e-04 1.08134644e-02
 6.14493042e-02 7.57049471e-02 2.39836052e-01 1.85744241e-02
 2.72803381e-02 9.37939435e-02 3.23069468e-03 7.65084550e-02
 1.28117537e+00 3.21138687e-02 1.31851971e-01 5.16287871e-02
 5.53457290e-02 3.07150185e-04 1.76103488e-02 4.47374843e-02
 9.40998867e-02 2.98966412e-02 2.61816889e-01 3.22082825e-03
 9.64151695e-04 1.72350742e-02 3.95085141e-02 4.80971456e-01
 4.75713052e-03 2.53657345e-03 7.05488771e-02 1.54601693e-01
 8.47457498e-02 6.23465665e-02 2.62866110e-01 1.84689183e-03
 7.90783912e-02 3.67558934e-02 5.50841577e-02 2.39394493e-02
 4.05634493e-02 3.95433977e-04 2.22948380e-03 1.13064237e-02
 1.88785136e-01 1.82329081e-02 1.46304257e-03 4.45177332e-02
 7.10703880e-02 3.03343415e-01 1.92082301e-01 1.38874650e-01
 6.13735504e-02 1.97926804e-01 4.62835766e-02 5.41531481e-03
 4.00091708e-02 3.89522538e-02 4.15240899e-02 2.69967783e-03
 5.11072874e-02 6.88614547e-02 4.08345535e-02 1.85412355e-04
 7.17895571e-03 1.00876153e-01 5.35580106e-02 7.40150213e-01
 8.03019032e-02 1.98992677e-02 1.55865264e+00 1.31609768e-01
 1.24510080e-02 2.69593298e-01 3.53043154e-02 6.83738589e-02
 1.08054668e-01 9.85978246e-02 3.68617065e-02 1.39763253e-02
 6.06779847e-03 1.94252634e+00 4.54569086e-02 1.66543096e-01
 2.13862956e-03 4.18377556e-02 1.95223659e-01 1.60612166e-04],0.28954232,[1.64167821e-01 5.72045445e-02 4.76881191e-02 4.50374037e-02
 1.84094999e-02 9.31369811e-02 1.16837233e-01 3.04313041e-02
 1.61281116e-02 8.27029419e+00 9.42320675e-02 4.15270664e-02
 1.77065790e-01 3.35215256e-02 4.34487164e-02 6.52484775e-01
 2.93640643e-02 4.21124727e-01 3.04272585e-02 1.18303210e-01
 8.58216405e-01 5.11596054e-02 1.14669874e-02 3.48244794e-02
 9.19170454e-02 3.06241885e-02 8.05196643e-01 7.98157677e-02
 1.54497612e+00 5.84044233e-02 7.37740695e-02 8.65961313e-01
 3.45855951e-02 1.44511327e-01 3.84584889e-02 2.30590217e-02
 1.11991437e-02 1.14062600e-01 3.07111681e-01 1.00702513e-02
 1.90526433e-02 2.64632255e-02 3.36523876e-02 1.72090232e-01
 4.95995134e-02 6.28766604e-03 1.78095419e-02 4.11683500e-01
 6.00460917e-03 2.98358500e-03 2.20943466e-02 9.47668478e-02
 1.83719918e-01 5.34304380e-02 4.17627096e+00 8.07811692e-02
 1.05595514e-01 1.65918507e-02 2.97445655e-01 4.42394800e-03
 2.68470496e-02 5.82678709e-03 9.80986953e-02 3.58711034e-02
 4.12210822e-02 4.62906063e-01 5.56003526e-02 8.57410654e-02
 6.51828408e-01 1.73571348e-01 2.05920078e-03 7.93666095e-02
 4.01329815e-01 5.81324771e-02 2.30519980e-01 3.08365166e-01
 3.46368626e-02 1.36148604e-02 8.47965665e-03 8.28362525e-01
 4.62447926e-02 1.76433995e-02 9.49979294e-03 1.89580858e-01
 5.26312180e-03 7.68671259e-02 8.34120631e-01 4.23012525e-02
 4.89193015e-02 3.92286628e-02 3.78827974e-02 1.65089726e-01
 3.80472913e-02 1.90577582e-02 3.32494855e-01 1.12337712e-02
 7.53303003e+00 3.64080071e-02 4.13010693e+00 1.38981789e-01
 2.35581771e-02 3.75100151e-02 3.93209308e-02 9.65838321e-03
 1.01842294e-02 7.78024197e-02 6.30353987e-02 2.27954984e-02
 3.97888385e-02 4.48006839e-02 4.51222993e-03 4.42205742e-02
 1.65623009e-01 5.40098667e-01 7.82673061e-02 1.32748091e+00
 8.69073793e-02 1.31879285e-01 2.15061575e-01 2.24184096e-02
 2.02592775e-01 6.48868144e-01 1.07020795e-01 3.35629672e-01
 1.97702006e-01 1.83277547e-01 1.36324778e-01 2.85410881e-01
 1.59503147e-01 2.05723494e-01 1.79850817e-01 1.15425410e-02
 5.08948155e-02 3.30316350e-02 7.94122744e+00 1.19088087e-02
 1.10172005e-02 1.13837738e-02 2.26503387e-02 1.18889347e-01
 8.41709822e-02 2.14749612e-02 1.55432690e-02 9.06053558e-03
 5.06816916e-02 5.84822968e-02 1.59583688e-01 5.85261025e-02
 8.38088244e-02 6.07982650e-03 7.62457252e-01 1.76476389e-02
 4.32204921e-03 1.19449221e-01 3.98960374e-02 1.00604761e-02
 1.10229338e-02 5.47018126e-02 5.93406148e-03 5.38387954e-01
 1.07654780e-01 1.33578092e-01 7.66432006e-03 1.03634775e+00
 2.12775320e-02 1.19547293e-01 8.69399235e-02 2.27167569e-02
 1.63860023e-01 2.85968721e-01 7.52282888e-02 2.82422379e-02
 1.63585134e-02 2.32588351e-02 7.36560151e-02 1.18643224e-01
 9.78649594e-04 6.26312569e-04 1.58460885e-02 2.09522862e-02
 8.73478174e-01 3.07373144e-03 1.91407099e-01 1.41550690e-01
 1.03663588e-02 1.23750985e-01 6.92366362e-02 1.22610003e-01
 8.23358744e-02 4.18680869e-02 4.88017559e-01 3.96934524e-02
 4.23737802e-02 6.11916706e-02 2.70157963e-01 1.13814823e-01
 6.18679151e-02 2.45078541e-02 4.47559841e-02 2.56828785e-01
 7.34692961e-02 5.29695302e-03 2.52848953e-01 3.13143507e-02
 2.88996994e-01 9.25709009e-02 1.43771106e-02 1.30179018e-01
 1.00112945e-01 1.59238521e-02 2.42822487e-02 4.02181447e-02
 2.01210260e-01 6.59276024e-02 2.92146504e-02 1.07839797e-02
 2.34884396e-03 6.26291752e-01 6.60691112e-02 1.10127091e-01
 1.01168640e-01 5.91299772e-01 2.72732694e-03 2.75404006e-02
 1.98040083e-01 4.07254137e-03 1.57183766e-01 1.03577524e-02
 6.85041100e-02 8.27186257e-02 1.01004191e-01 1.88749749e-02
 2.23749131e-02 1.88526616e-01 1.56707659e-01 2.38192871e-01
 6.85715377e-02 2.11850628e-02 2.58032036e+00 3.79498675e-02
 7.32607991e-02 5.76048732e-01 3.91458385e-02 2.18181089e-01
 2.64634520e-01 5.49339689e-03 1.33929113e-02 4.80925143e-02
 2.94044390e-02 5.49120426e-01 3.57493423e-02 1.19108006e-01
 2.64410749e-02 6.20333944e-03 5.13347313e-02 2.22759489e-02],-317.7533,-371.589,-398.7251,1.0102811,1.125792,0.9711855,0.54883933,7.0094366,-8.7385235,93.732025,376.06046,0.5914259,0.25018072,0.07085587,-372.96722,372.96722,[1.61978550e+01 5.31673050e+00 1.24948864e+01 3.57013047e-01
 1.15509534e+00 2.85764623e+00 1.19790661e+00 7.67519712e-01
 1.45481169e+00 8.55035553e+01 1.10073776e+01 5.15756547e-01
 4.60856104e+00 1.38485622e+01 2.24005651e+00 2.42360554e+01
 2.27778125e+00 3.39612341e+00 5.25998259e+00 3.21069641e+01
 8.56671429e+00 2.23842964e+01 1.24770713e+00 8.68796825e-01
 7.17829752e+00 2.15562000e+01 2.00395508e+01 1.13397762e-01
 3.54856443e+00 5.30170202e-01 4.00369606e+01 6.25152931e+01
 2.93935061e+00 8.39390659e+00 1.50249863e+01 4.45989668e-02
 1.38981339e+02 1.95875931e+01 8.26767349e+00 8.52284050e+00
 1.69898844e+00 4.36511576e-01 2.96356130e+00 1.01280127e+01
 1.52155256e+01 1.59453034e+00 1.24292091e-01 2.64157891e+00
 2.63979149e+00 6.98017979e+00 6.15723228e+00 5.72501469e+00
 4.51484823e+00 3.64458156e+00 2.42580906e-01 1.68371797e+00
 2.06858426e-01 4.17848289e-01 7.64029646e+00 2.29404640e+00
 4.19981956e-01 2.96474781e+01 4.84430389e+01 2.04337525e+00
 2.58115458e+00 1.64644867e-02 9.66675568e+00 1.12618275e+01
 1.40262055e+00 4.16460693e-01 1.76633373e-02 2.64062047e-01
 1.71185341e+01 7.29636154e+01 1.94009953e+01 1.12624228e+00
 2.97182941e+00 3.91378179e-02 3.17051220e+00 7.31599474e+00
 2.88704796e+01 2.51183987e+00 3.83693771e+01 1.25230160e+01
 2.04059029e+00 4.54612160e+00 3.99391556e+00 7.59851074e+00
 4.24497986e+00 2.15533924e+01 8.63687420e+00 5.11806965e+00
 5.75246394e-01 1.69937229e+01 4.97409201e+00 3.49560280e+01
 2.84121585e+00 6.74215174e+00 3.72459197e+00 4.60673981e+01
 3.05348444e+00 1.49105370e+00 2.08690453e+01 1.09623671e+00
 1.63245642e+00 1.13225927e+01 1.44283028e+01 2.10975990e+01
 4.45766211e+00 1.39012470e+01 1.20650959e+00 2.34025116e+01
 1.38294458e+00 8.29383087e+00 3.84013224e+00 1.80377626e+00
 1.08140695e+00 3.18157816e+00 1.56578577e+00 6.35908985e+00
 1.26370263e+00 7.20606899e+00 7.47323275e+00 1.32951832e+01
 1.15190201e+01 1.72317064e+00 5.00809193e+00 9.43386459e+00
 2.04530865e-01 6.95776939e+00 1.42641764e+01 4.96713448e+00
 6.89872818e+01 1.34313393e+00 7.30031347e+00 3.41257133e+01
 1.05841789e+01 5.04329634e+00 9.96517837e-01 6.44260287e-01
 1.37303696e+01 1.34475589e+00 2.05424443e-01 4.49843258e-01
 1.74621410e+01 1.18838167e+00 8.04217339e+00 7.17510681e+01
 6.35202456e+00 1.60104389e+01 1.65053082e+00 9.77637959e+00
 2.20578671e-01 2.40592289e+01 1.37546873e+00 1.12421570e+01
 1.84522200e+00 1.95858395e+00 1.06641531e+00 2.38998127e+01
 1.42090549e+01 3.80362816e+01 8.88604462e-01 4.67131615e+00
 2.03630962e+01 3.10319090e+00 1.62509477e+00 2.17635107e+00
 3.45804667e+00 5.92513771e+01 2.76830482e+01 4.58285522e+00
 3.22816706e+00 3.23682696e-01 6.10238457e+00 9.66915035e+00
 4.20606279e+00 4.50638056e+00 1.02521384e+00 1.62301826e+01
 1.04437351e-01 1.49146140e+00 4.48395586e+00 9.54021215e-01
 1.06543293e+01 6.16975784e+00 7.27206755e+00 3.32075071e+00
 1.02816591e+01 2.02749801e+00 2.89824238e+01 1.27630711e+00
 1.13497269e+00 4.69487190e+00 5.50969458e+00 2.05513620e+00
 4.29273278e-01 8.54091108e-01 6.90079689e+00 9.43721676e+00
 1.51058960e+00 3.04915886e+01 5.07758331e+00 6.42473459e+00
 2.28620958e+00 1.30985546e+01 1.47477365e+00 3.38571572e+00
 1.12010031e+01 2.67167020e+00 1.34769564e+01 9.98741722e+00
 8.61978912e+00 8.68659616e-01 7.65194930e-03 7.34552956e+00
 3.62857318e+00 4.64087391e+00 3.32477868e-01 4.68576431e+00
 1.99376762e+00 4.81090188e-01 2.60538435e+00 2.24046707e+01
 5.69383469e+01 1.34707718e+01 1.93093622e+00 7.87724781e+00
 6.86796570e+00 6.49558334e+01 5.49099386e-01 8.71125603e+00
 5.75008035e-01 1.12641735e+01 5.39827108e-01 2.85208969e+01
 1.58702588e+00 9.24038982e+00 2.30383277e+00 1.75964127e+01
 2.16327921e-01 1.29183159e+01 8.28796959e+00 2.79383621e+01
 7.93290758e+00 1.67452860e+00 1.61099946e+00 1.77510338e+01
 5.67904329e+00 3.23189616e-01 3.19418573e+00 5.04869652e+00
 7.88668776e+00 3.93386002e+01 2.36822456e-01 3.48553348e+00],11.188478,[1.8201910e+01 5.3310881e+00 1.1935353e+01 3.2514971e-01 1.2028706e+00
 2.8064198e+00 1.1180565e+00 6.4085114e-01 1.8028605e+00 5.0483818e+01
 1.1138327e+01 5.1796103e-01 4.6974468e+00 1.4514429e+01 2.5946565e+00
 1.1278439e+01 2.1556056e+00 3.3991239e+00 4.5755501e+00 3.0260103e+01
 1.0641804e+01 2.2761019e+01 1.1637645e+00 1.4583216e+00 7.3294382e+00
 2.0982840e+01 1.9990763e+01 3.4264913e-01 2.3275599e+00 4.6750641e-01
 4.2571018e+01 5.6359688e+01 3.6327965e+00 8.8784409e+00 1.6998611e+01
 1.0052323e-03 1.3887778e+02 1.9366976e+01 7.8453798e+00 8.3256063e+00
 1.7544147e+00 5.4354763e-01 3.6792569e+00 9.9546499e+00 1.2807415e+01
 1.7615182e+00 2.4363032e-01 2.6532414e+00 2.2645526e+00 8.6895008e+00
 6.1119394e+00 5.7316022e+00 4.8680277e+00 3.6329975e+00 2.8077349e-01
 1.4214247e+00 8.8771686e-02 2.6873112e-01 7.8251467e+00 1.8357341e+00
 3.2959241e-01 3.0319363e+01 5.2301224e+01 3.2911296e+00 2.5455680e+00
 5.1951073e-02 9.7003870e+00 1.3316178e+01 1.2941813e+00 3.8036284e-01
 5.9627805e-02 3.4421925e-02 1.7033392e+01 7.0262749e+01 1.8299723e+01
 7.1854681e-01 5.7906108e+00 7.8454660e-03 2.8625975e+00 8.0081081e+00
 2.6507816e+01 2.5069962e+00 3.7407513e+01 5.8449907e+00 1.7752903e+00
 3.1303282e+00 7.1623796e-01 7.4235001e+00 4.1622529e+00 2.2240377e+01
 8.6322498e+00 5.1702800e+00 5.8770704e-01 1.6663242e+01 5.4273820e+00
 3.4496681e+01 2.7965953e+00 7.6133299e+00 3.6849165e+00 4.5205338e+01
 2.0445333e+00 1.1573999e+00 2.0791613e+01 9.0454668e-01 1.9352902e+00
 1.0462640e+01 1.4509146e+01 3.0077869e+01 4.7577376e+00 1.6378870e+01
 9.5239651e-01 2.3272455e+01 1.4529418e+00 8.3908310e+00 3.9574749e+00
 1.6634692e+00 9.3801290e-01 3.5180151e+00 1.9042701e+00 6.3374357e+00
 1.4187677e+00 7.6259151e+00 7.7823319e+00 1.3551789e+01 1.2003460e+01
 1.1444044e+00 6.0900660e+00 1.0085487e+01 2.2863419e-01 6.8594584e+00
 1.2996145e+01 3.8321605e+00 4.6371956e+01 1.2784307e+00 7.7534080e+00
 3.7583546e+01 1.1489906e+01 5.6872807e+00 9.7823215e-01 6.4778960e-01
 1.3274766e+01 2.3098946e-01 2.2765893e-01 7.2556221e-01 2.0005306e+01
 8.9592433e-01 7.8388357e+00 7.0317635e+01 5.4243937e+00 1.5725337e+01
 1.4044431e+00 9.2774258e+00 2.6454231e-01 2.4274166e+01 1.9777036e+00
 1.2033995e+01 2.0700388e+00 2.6656983e+00 9.7974885e-01 1.6692295e+01
 1.2653912e+01 3.8259193e+01 4.1972253e-01 5.1165152e+00 2.0539846e+01
 2.9446499e+00 2.5887098e+00 2.4834704e+00 3.0758154e+00 6.4410675e+01
 2.7142202e+01 1.1384661e+00 3.5191448e+00 1.4500029e-01 6.0552583e+00
 1.0273095e+01 4.6482697e+00 5.1647215e+00 1.0558281e+00 1.5517176e+01
 2.6613083e-01 1.3982619e+00 6.0046291e+00 1.0882075e+00 1.1395327e+01
 6.1861548e+00 6.7895613e+00 2.9365828e+00 1.0015326e+01 2.2269897e+00
 2.9290340e+01 8.2166749e-01 1.2703230e+00 4.8225250e+00 4.8444877e+00
 2.5009441e+00 7.2047099e-02 1.0043843e+00 9.9428768e+00 1.1077608e+01
 1.9321879e+00 3.0072365e+01 5.5061612e+00 4.5894876e+00 2.6300440e+00
 1.3575758e+01 5.5478948e-01 4.4389582e+00 1.1154377e+01 2.5207086e+00
 1.5005333e+01 1.0329844e+01 8.8888922e+00 2.2983587e+00 6.8732031e-02
 8.1996613e+00 3.2132096e+00 4.9869871e+00 3.9515182e-01 4.7510605e+00
 1.9893804e+00 7.4159336e-01 2.8491859e+00 2.5685871e+01 5.6645821e+01
 1.3364990e+01 2.6554782e+00 8.2679548e+00 6.3339291e+00 6.0449615e+01
 5.6001174e-01 9.3629017e+00 1.5546176e-01 1.2334335e+01 5.6421304e-01
 2.9545242e+01 1.4994204e+00 8.9320536e+00 2.8838186e+00 1.6973511e+01
 3.0258602e-01 1.6474281e+01 8.3129692e+00 2.7494610e+01 7.3890204e+00
 1.5918286e+00 1.2019864e+00 1.7362965e+01 5.7240610e+00 3.5020691e-01
 3.2456865e+00 2.7459378e+00 7.9263935e+00 3.9080147e+01 4.5014158e-01
 2.8690341e+00],-350.4875,-374.4226,-383.19742,1.0269136,1.2998961,0.95123076,0.551138,0.013671476488113404,2434.693171977997,-0.115043706583041,-0.0004280056461592961,-0.11510346841356627,-0.0011632923458018178,-0.93922962324449,25.099999999996967,0.0,175000.0,-2.0,-1000.0,500.0,6.5618932247161865,175000
373.4921,0.07063814,0.16662835,0.0029566828,-371.7552,371.7552,[2.06268504e-02 5.83409443e-02 5.10906458e-01 2.74340510e-02
 1.46900809e+00 5.29589877e-02 1.04568098e-02 1.02801710e-01
 2.05712771e+00 8.55948162e+00 7.57816792e-01 6.95313290e-02
 1.01348478e-02 5.51365972e-01 2.86212564e-02 3.26581337e-02
 2.11227924e-01 3.48587055e-03 7.12847263e-02 3.03199813e-02
 2.81297714e-02 3.16605680e-02 2.38299519e-02 2.33212262e-02
 8.20829988e-01 2.50319743e+00 8.56050730e-01 2.25684512e-03
 1.69133514e-01 3.59070301e+00 1.53493747e-01 6.65460974e-02
 6.82484388e-01 5.25792129e-03 3.83789277e+00 5.02240509e-02
 4.49861027e-03 7.56948963e-02 2.11290605e-02 3.35485399e-01
 9.63030696e-01 7.91688204e-01 1.94449008e-01 2.99852192e-02
 1.45842028e+00 1.25788987e-01 2.53116906e-01 1.99781895e-01
 1.83964849e-01 4.36279215e-02 2.65792757e-01 5.99491317e-03
 1.20071672e-01 2.38500014e-02 2.02904567e-02 8.67478752e+00
 2.04333156e-01 2.36379480e+00 1.80989206e-02 5.63882649e-01
 1.67279124e+00 1.67734489e-01 1.33896983e+00 4.50888932e-01
 1.27042711e-01 2.24009603e-02 2.24486180e-03 2.12655574e-01
 5.88417053e-03 2.47174874e-03 1.81795225e-01 2.22981572e-02
 2.28300318e-02 5.78760445e-01 1.11445487e-02 2.31397867e-01
 5.32914884e-02 6.70364350e-02 1.47204196e+00 9.64474201e-01
 4.55803871e-02 4.71096098e-01 5.07147431e-01 1.55533940e-01
 1.55305058e-01 1.40353858e-01 2.10381597e-02 1.39538676e-01
 3.59439969e-01 1.72271883e+00 2.78949086e-03 6.45175993e-01
 1.83507279e-01 2.72756629e-02 5.29515706e-02 5.34861162e-03
 2.30139747e-01 9.05662775e-03 4.20931950e-02 2.09182024e-01
 3.87277782e-01 1.64312020e-01 4.69977558e-01 1.14469687e-02
 1.82819402e+00 4.20608670e-02 1.24478014e-02 1.58627331e-01
 3.65932322e+00 6.75613284e-02 2.49056265e-01 3.16061646e-01
 1.27307385e-01 2.80358851e-01 3.23034376e-02 1.44831288e+00
 3.45433056e-02 1.07790375e+00 5.55488653e-02 4.24853683e-01
 2.00634420e-01 2.16198444e-01 3.70661139e-01 1.52002305e-01
 5.56033254e-01 3.92187387e-02 5.66829927e-02 1.72244358e+00
 2.15739131e-01 1.10840693e-01 5.53705752e-01 1.72049594e+00
 4.35674377e-02 9.48601663e-02 2.99099181e-03 7.43713379e-01
 6.71091396e-03 1.59513056e-02 8.08643624e-02 1.91832379e-01
 1.41377136e-01 5.28731495e-02 3.42382714e-02 3.00718583e-02
 3.09609100e-02 2.13446975e-01 7.59186000e-02 1.82246637e+00
 2.23921850e-01 3.13188136e-03 1.58720315e-01 1.43366724e-01
 4.68554441e-03 4.71823011e-03 5.07038608e-02 3.71116810e-02
 2.22387969e-01 3.11018899e-03 4.77709286e-02 1.96542597e+00
 7.33859614e-02 2.31338069e-02 2.38331720e-01 1.26002026e+00
 5.36243200e-01 1.65242001e-01 3.48952264e-01 1.70848742e-01
 9.67803597e-02 1.03483424e-01 2.74152327e+00 1.24032187e+00
 1.37577252e-02 3.19274291e-02 6.89404070e-01 2.85462961e-02
 7.75158852e-02 4.10150003e+00 1.11091480e-01 2.06222606e+00
 4.37193736e-02 1.81646556e-01 6.91843867e-01 3.69722277e-01
 2.12565064e-02 8.37116092e-02 2.88539007e-02 3.27703804e-02
 1.00708768e-01 7.71435946e-02 3.61315198e-02 4.59882542e-02
 1.19120413e-02 7.66152665e-02 9.61931124e-02 3.40704203e-01
 3.39239836e-01 2.49237627e-01 1.32697597e-02 8.57270062e-02
 4.58378270e-02 4.32332605e-01 5.56153283e-02 4.87468168e-02
 4.78424132e-03 1.68725669e+00 6.31334782e-02 5.22846654e-02
 1.12725228e-01 1.26902962e+00 4.72389199e-02 6.14163637e-01
 2.65845418e-01 4.89865685e+00 5.68948841e+00 1.51885366e+00
 2.31994629e-01 2.00242567e+00 2.46767253e-02 9.11749154e-02
 8.20706010e-01 4.38122809e-01 1.93821411e+02 5.61160669e-02
 3.53136510e-02 6.61917031e-04 1.36845082e-01 5.14140725e-03
 9.32318270e-02 1.11440229e+00 1.24541092e+00 1.44343302e-01
 7.75088596e+00 1.83643121e-02 2.13198289e-01 1.37394643e+00
 1.69305965e-01 1.89449079e-03 1.85611352e-01 8.80491138e-01
 1.26236483e-01 8.26786235e-02 1.50826186e-01 1.44380540e-01
 1.55007839e+00 8.13772380e-02 2.43963704e-01 7.67602772e-02
 2.36511081e-02 6.29875839e-01 1.86740890e-01 9.99058932e-02
 2.49371305e-02 5.69791123e-02 1.19625255e-01 6.59684315e-02],1.6813449,[5.84499910e-03 1.29604608e-01 6.41196728e-01 1.19525656e-01
 2.13991356e+00 1.40256867e-01 1.77954100e-02 7.84897953e-02
 1.90569556e+00 1.27994690e+01 5.94173014e-01 1.02175891e-01
 3.56102176e-02 4.26521122e-01 4.89096530e-02 1.83900744e-02
 1.19910918e-01 2.22521871e-02 1.17569029e-01 5.18569723e-02
 4.87852991e-02 1.57525778e-01 4.32346612e-02 4.23240066e-02
 7.43335903e-01 2.00404024e+00 1.45574749e-01 1.93154402e-02
 2.61122167e-01 3.78241825e+00 2.70952344e-01 1.25970483e-01
 5.20680666e-01 1.35206925e-02 2.98321986e+00 1.20778725e-01
 5.93992043e-03 1.59375221e-01 4.30892594e-02 1.20973006e-01
 1.99964419e-02 8.02861512e-01 4.05940682e-01 6.15906753e-02
 9.58484530e-01 4.09237891e-01 5.17340422e-01 3.58881414e-01
 3.79861712e-01 3.66778858e-02 1.83800280e-01 8.72625411e-02
 1.20944709e-01 5.88305891e-02 5.76512702e-02 9.29779530e+00
 3.03510785e-01 2.91478825e+00 3.92798670e-02 9.71261203e-01
 2.36875343e+00 1.24561951e-01 1.17540097e+00 8.46310258e-01
 1.61974922e-01 4.49184701e-02 1.80318002e-02 3.56434256e-01
 3.05558331e-02 4.47524004e-02 2.90847808e-01 8.43904912e-02
 4.49857973e-02 1.17744398e+00 4.46435064e-02 2.65734136e-01
 1.11272082e-01 2.34461017e-02 1.23623633e+00 2.49790221e-01
 5.45278601e-02 3.30219209e-01 1.09058678e+00 4.20569956e-01
 1.26442373e-01 3.17403674e-01 6.40968919e-01 2.22991556e-01
 5.30236781e-01 1.83974886e+00 3.54505554e-02 1.29992819e+00
 4.76411395e-02 1.65240303e-01 1.03607446e-01 1.50506888e-02
 8.18282545e-01 9.28851310e-03 7.91593790e-02 5.51278293e-01
 6.51711941e-01 1.72323614e-01 7.05838799e-01 3.06495242e-02
 1.56787229e+00 9.06625688e-02 2.94538885e-02 2.32960775e-01
 3.68513250e+00 4.06317338e-02 3.30275953e-01 6.80915356e-01
 2.21152022e-01 2.03078538e-01 6.36053532e-02 1.34328568e+00
 1.84312500e-02 1.09674215e+00 7.71138817e-02 3.24360490e-01
 3.31373692e-01 1.86509550e-01 6.28652990e-01 1.50947526e-01
 4.21836495e-01 5.50939143e-02 1.39441550e-01 2.11455393e+00
 2.13179380e-01 6.09384850e-02 8.76912892e-01 1.89857960e+00
 4.97936085e-02 8.87291506e-03 3.17730941e-02 7.74720490e-01
 1.11582823e-01 3.52081433e-02 1.50001153e-01 3.44717115e-01
 1.40344307e-01 6.59222901e-02 7.58554190e-02 5.67270182e-02
 6.45648241e-02 2.54442453e-01 9.81106833e-02 2.86562109e+00
 8.61449182e-01 4.01166454e-03 1.40550017e-01 1.83881998e-01
 6.26926310e-04 4.61094119e-02 7.52050430e-02 6.33040220e-02
 1.60857767e-01 5.18728532e-02 5.33539392e-02 2.28112507e+00
 2.91825980e-01 5.95254451e-02 2.43607536e-01 1.46908152e+00
 1.15544021e+00 1.13230884e-01 5.10572135e-01 2.46238098e-01
 2.44443476e-01 2.78671473e-01 2.86414385e+00 1.73569441e+00
 5.83166555e-02 5.59784472e-02 2.71256506e-01 6.83600157e-02
 1.68629169e-01 3.65492606e+00 1.66191608e-01 1.98620796e+00
 1.09816760e-01 3.28703701e-01 6.29384995e-01 5.27310491e-01
 3.42812277e-02 8.23598862e-01 1.21552356e-01 1.56127969e-02
 6.77201450e-02 1.16195887e-01 6.41305596e-02 1.42936423e-01
 4.73663956e-02 1.55085027e-01 1.18802756e-01 5.14834046e-01
 5.78959763e-01 2.37117916e-01 9.26800966e-02 1.43366411e-01
 7.99263641e-02 3.50905389e-01 1.25026971e-01 1.45648688e-01
 1.29893143e-03 1.71690893e+00 7.87443221e-02 5.40381148e-02
 1.98880173e-02 5.07886171e-01 7.85618424e-02 1.79048926e-01
 2.04364717e-01 2.92162514e+00 5.00337696e+00 1.54373658e+00
 2.94652313e-01 1.69788837e+00 3.99749912e-02 1.30358770e-01
 2.30604529e-01 5.92193365e-01 2.65872986e+02 1.85542643e-01
 6.51257336e-02 4.25232723e-02 1.72206491e-01 2.62256563e-02
 3.71257998e-02 1.63400674e+00 8.39594722e-01 9.00106803e-02
 6.61819839e+00 3.10934484e-02 1.89338028e-01 1.23874617e+00
 3.16735744e-01 2.09071673e-03 2.76892543e-01 9.07725096e-01
 2.35407859e-01 1.04505196e-01 7.65797347e-02 1.30937964e-01
 1.62029588e+00 1.77293241e-01 3.42209518e-01 9.77055579e-02
 1.15630880e-01 5.39681256e-01 1.74212739e-01 3.88220325e-03
 5.29402271e-02 2.39950106e-01 1.82463169e-01 2.07515702e-01],-325.52576,-377.5302,-400.0,1.0146536,1.3474355,0.9757296,0.5494451,180.0939,-303.03256,1256.2318,382.20523,0.6524783,0.2687492,0.068659656,-378.86526,378.86526,[3.67692833e+01 1.62499702e+00 1.53374958e+01 3.63757992e+00
 2.35433578e+00 2.09275646e+01 4.48487759e+00 9.59236908e+00
 1.99990213e+00 9.78180122e+00 9.22860336e+00 6.80304565e+01
 6.98103428e-01 3.53395653e+00 1.87212009e+01 5.52178621e-01
 2.81169748e+00 6.53469849e+00 2.12741032e+01 1.99071407e+00
 1.85663318e+03 1.97126007e+01 6.76203489e+00 1.00782633e+01
 2.11537590e+01 4.93989885e-01 1.12319326e+01 6.27199459e+00
 4.39618797e+01 2.83720541e+00 9.67321205e+00 3.64770889e+00
 3.86872635e+01 1.39997147e+02 2.18672323e+00 1.30857449e+01
 2.90583587e+00 9.39201474e-01 5.64336538e-01 9.01579380e+00
 1.20151412e+00 2.62165833e+01 1.37367606e+00 4.57657039e-01
 6.23149567e+01 2.02985597e+00 3.90751672e+00 1.80266457e+01
 2.82684088e+00 4.45524454e-02 1.08627167e+01 2.20702863e+00
 2.34637785e+00 4.41822147e+00 2.33616505e+01 3.21443214e+01
 8.45414162e+00 8.62785912e+00 2.85568833e+00 7.82449627e+00
 3.18387461e+00 8.81795979e+00 6.05011702e+00 6.08978796e+00
 2.30221525e-01 2.52493877e+01 3.56382141e+01 5.58256531e+00
 3.05432248e+00 7.02030945e+00 6.78993797e+00 3.78405511e-01
 1.03768587e+01 7.80615807e-02 6.76552582e+01 7.00231218e+00
 5.71253538e+00 4.93912077e+00 7.26120758e+00 1.25466967e+00
 3.17847654e-02 4.48800802e+00 1.68938198e+01 1.65234451e+01
 6.38776720e-01 1.96491826e+00 7.42538691e+00 7.75929642e+00
 5.07231369e+01 7.31236637e-01 1.10801756e+00 3.83598298e-01
 1.75024891e+00 8.37852287e+00 3.71724777e+01 1.20898044e+00
 1.30255957e+01 5.15008497e+00 5.16938734e+00 1.89994049e+01
 6.52025318e+00 4.37277699e+00 4.91110516e+00 3.02432919e+00
 6.03363323e+00 1.69847429e-01 1.58520490e-01 5.48342180e+00
 4.31503754e+01 3.50861609e-01 3.59265357e-02 2.12610254e+03
 1.80990553e+00 1.02745295e+00 2.64135513e+01 1.50812922e+01
 2.20958495e+00 2.32375897e-02 1.75790825e+01 5.87798023e+00
 6.55426073e+00 2.80522370e+00 1.49769664e+00 1.79308558e+00
 1.30340099e-01 6.52938485e-01 7.11368546e-02 2.14417005e+00
 1.94150001e-01 1.25829596e-03 2.84097900e+01 1.87642133e+00
 5.77059889e+00 2.04379693e-01 3.70220299e+01 2.96468472e+00
 1.10486221e+01 1.38457603e+01 2.10477829e+01 4.58618021e+00
 1.51227558e+00 2.71499329e+01 2.44081095e-02 4.27687585e-01
 9.43894196e+00 1.22827177e+01 1.22047167e+01 5.50741959e+00
 1.00424061e+01 3.59578800e+00 7.28750610e+01 3.14681377e+01
 1.97788548e+00 2.81534624e+00 4.79855347e+00 3.82040429e+00
 8.51095390e+00 1.52779698e+00 3.63621712e-01 4.90517348e-01
 2.02052903e+00 8.56999278e-01 4.31992650e-01 4.84261721e-01
 2.35213590e+00 4.22641635e-02 2.87126970e+00 6.28990773e-03
 2.96137695e+01 2.04250717e+01 5.64768791e+00 7.23957539e-01
 4.15826529e-01 4.55795097e+00 1.29853225e+00 1.34119451e-01
 2.17845421e+01 8.71998692e+00 3.06070671e+01 1.44589043e+00
 2.85611391e+00 7.33339539e+01 5.34987402e+00 1.29818001e+01
 3.12728673e-01 1.30928116e+01 3.40834618e+00 3.85740566e+00
 3.50515842e+00 2.59893703e+01 4.41749859e+00 9.68763530e-01
 5.53377509e-01 3.61162090e+00 5.47423782e+01 2.75759768e+00
 6.16765499e-01 3.56340456e+00 4.99264479e+00 3.05528355e+00
 7.53536105e-01 7.13540792e+00 5.67823601e+00 1.11166191e+00
 1.22852116e+01 3.97518158e-01 1.58243144e+00 4.33623962e+01
 2.23976493e+00 4.50468302e-01 4.97691298e+00 3.34466171e+01
 1.57449932e+01 1.04041176e+01 2.11185145e+00 1.11735735e+01
 4.05081444e+01 1.36059153e+00 2.84068203e+00 2.02480164e+01
 4.72746849e+00 5.43373108e+00 5.48496056e+00 1.19258285e+00
 1.39869308e+00 8.31753194e-01 1.05690775e+01 1.51946030e+01
 3.46986711e-01 2.07125473e+00 9.70424347e+01 2.08855844e+00
 1.66217194e+01 2.43907146e+01 2.42480659e+00 6.72105694e+00
 1.30991268e+01 4.33012676e+00 4.78008747e+00 2.42244467e-01
 7.20195999e+01 2.86750164e+01 4.10153675e+00 1.52642965e+00
 7.36055851e+00 1.06506386e+01 2.74450951e+01 5.31898081e-01
 2.14078283e+00 5.23335171e+00 5.41223860e+00 2.66210496e-01
 1.64776745e+01 3.78238726e+00 3.84334922e-02 2.39308281e+01],28.113613,[3.76461143e+01 1.74029529e+00 1.43614750e+01 4.19856167e+00
 2.08024454e+00 2.01778870e+01 3.38420892e+00 9.96555805e+00
 2.30826735e+00 9.95167446e+00 9.21601009e+00 6.62530594e+01
 7.56830573e-01 3.48912406e+00 1.66591511e+01 4.04775560e-01
 2.68919325e+00 6.56116390e+00 2.09748440e+01 1.73723531e+00
 1.84301562e+03 2.07680511e+01 8.17819405e+00 9.37322140e+00
 2.09456635e+01 4.87139046e-01 9.97057247e+00 8.67407608e+00
 4.22791100e+01 2.82020593e+00 9.30347443e+00 3.95364666e+00
 3.93013802e+01 1.39347824e+02 2.20000386e+00 1.30098190e+01
 2.76081133e+00 8.17819834e-01 6.26691163e-01 1.22249556e+01
 1.06119382e+00 2.62188416e+01 1.34164011e+00 4.92801458e-01
 6.16271667e+01 1.91454720e+00 3.93375587e+00 1.65135822e+01
 2.69632769e+00 6.73597306e-02 1.08364124e+01 1.68503332e+00
 2.64576340e+00 4.37545490e+00 2.70307446e+01 3.20834732e+01
 8.88938236e+00 8.47307110e+00 2.14270926e+00 7.06857586e+00
 3.74492621e+00 9.05326653e+00 5.39283562e+00 5.84763622e+00
 2.61064351e-01 2.52284546e+01 3.58602295e+01 5.41550636e+00
 3.82214570e+00 6.78239918e+00 1.93624973e+00 3.26418221e-01
 9.49506855e+00 1.06559485e-01 6.62359161e+01 7.20321941e+00
 6.43688679e+00 4.70391941e+00 7.23024940e+00 1.22989750e+00
 2.97578648e-02 1.73903763e+00 1.82252598e+01 1.64527016e+01
 1.31342137e+00 1.65037560e+00 8.01256180e+00 7.87735319e+00
 5.14403229e+01 3.86311740e-01 1.17640924e+00 4.02733713e-01
 2.53115082e+00 8.36771488e+00 3.73069077e+01 1.32247543e+00
 1.25649958e+01 5.16412354e+00 5.27610016e+00 1.87092171e+01
 6.45567417e+00 4.31583881e+00 5.72590113e+00 3.12166977e+00
 7.08292866e+00 1.84761047e-01 4.45896745e-01 4.74872589e+00
 4.32491455e+01 3.72598767e-01 1.09775513e-01 1.95180042e+03
 1.12029009e-01 1.16103971e+00 2.67375774e+01 1.66508408e+01
 2.23450923e+00 2.23121345e-01 1.74173241e+01 5.90350962e+00
 6.85176659e+00 2.56392121e+00 1.50639701e+00 2.08191991e+00
 1.53866500e-01 8.19928288e-01 1.25951752e-01 1.45309281e+00
 1.82186201e-01 9.71942116e-03 2.86086617e+01 1.41128492e+00
 5.89209080e+00 4.82299216e-02 3.68544922e+01 3.01131320e+00
 6.08827114e+00 1.29730606e+01 2.01829643e+01 4.44766378e+00
 1.39067781e+00 2.69152222e+01 1.67172819e-01 9.30205941e-01
 9.33650780e+00 1.01156588e+01 1.23825836e+01 7.53608561e+00
 9.77873230e+00 2.45993495e+00 7.31998291e+01 2.99445705e+01
 1.88815212e+00 2.78543353e+00 4.83686209e+00 3.94461656e+00
 8.46470070e+00 1.38035321e+00 3.31186867e+00 2.21825510e-01
 2.58592629e+00 7.21774042e-01 6.06605113e-01 1.26364625e+00
 2.19767761e+00 3.35349590e-02 2.85553288e+00 5.33380285e-02
 2.90582695e+01 2.00858288e+01 5.06333590e+00 8.84878695e-01
 3.44954550e-01 4.36975956e+00 1.77824831e+00 4.63251732e-02
 2.13096561e+01 8.93986607e+00 2.70197258e+01 1.53513694e+00
 5.34761858e+00 7.30889435e+01 6.13280058e+00 1.29703770e+01
 2.68744349e-01 6.46533298e+00 3.58967876e+00 4.77217340e+00
 3.51186943e+00 2.62837067e+01 4.57594728e+00 2.67841488e-01
 5.40367544e-01 3.42908573e+00 5.50907135e+01 3.26678896e+00
 6.44711435e-01 3.48060536e+00 5.65216208e+00 3.61626577e+00
 1.70355284e+00 5.94972706e+00 4.17974424e+00 1.22338128e+00
 1.22429647e+01 3.29482436e-01 1.45290351e+00 4.17334633e+01
 2.17886543e+00 4.38304126e-01 5.92113400e+00 3.37057114e+01
 1.48628111e+01 9.85384178e+00 1.70574534e+00 1.06821642e+01
 4.00366287e+01 5.89057922e-01 2.70887208e+00 2.04625397e+01
 4.78359556e+00 6.15818310e+00 5.27136707e+00 5.24123758e-02
 1.64735639e+00 8.60363126e-01 1.04538097e+01 1.66556454e+01
 1.03620183e+00 1.62454510e+00 9.66481857e+01 5.55398560e+00
 1.65318031e+01 2.45095921e+01 2.42021036e+00 6.61585426e+00
 1.40176325e+01 4.49889994e+00 2.07138753e+00 1.18905053e-01
 7.17007217e+01 3.18351192e+01 3.34789610e+00 9.18392718e-01
 6.99631405e+00 1.05314474e+01 2.73550224e+01 1.12534809e+00
 2.25729418e+00 4.13718891e+00 4.85872698e+00 1.65315986e-01
 1.72569523e+01 3.66245961e+00 1.26363570e-02 2.20087013e+01],-288.55777,-380.1845,-388.62146,1.0320921,1.1673365,0.8955338,0.551852,0.013162441453933716,2763.754227876663,-0.2660007201166227,0.020476917107235173,-0.26472816890297,0.02134142376185081,-1.0469887953677908,25.099999999996967,0.0,200000.0,-2.0,-1000.0,500.0,6.5674824714660645,200000
375.95673,0.10501547,0.18636635,0.0028584846,-373.98804,373.98804,[5.44674695e-05 5.57683349e-01 7.16901664e-03 3.13537754e-02
 3.88566479e-02 1.49443932e-03 5.34934640e-01 8.13966334e-01
 2.18209580e-01 1.00831985e-02 8.69652331e-02 7.32856691e-02
 3.04088518e-02 1.22101343e+00 4.57943268e-02 3.77426594e-02
 6.83342144e-02 7.54161365e-03 1.68984625e-02 3.86395633e-01
 6.68789923e-01 4.98624034e-02 2.35354453e-02 3.02585125e-01
 6.45159036e-02 1.19010452e-03 1.38320297e-01 1.52222350e-01
 7.69646168e-02 3.19018513e-01 3.49872082e-01 7.53163934e-01
 7.37548694e-02 1.31616116e-01 1.64786074e-02 1.68006960e-03
 5.90109117e-02 1.50126421e+00 3.56886983e-02 1.37917471e+00
 2.54732162e-01 5.11944517e-02 2.99286768e-02 1.54764624e-02
 2.84013659e-01 3.82481933e+00 4.35784981e-02 1.81700327e-02
 5.13378978e-02 8.27834532e-02 6.88437372e-04 5.60449719e-01
 4.14126106e-02 3.68683636e-02 5.11120409e-02 1.00408345e-01
 2.19616652e-01 3.40775121e-03 6.19736575e-02 5.28482385e-02
 1.15272589e-02 3.59331258e-03 1.45994201e-01 1.88777670e-02
 4.17439342e-02 1.21690542e-01 3.04831803e-01 2.20742896e-02
 4.96088900e-03 1.14474110e-01 1.50168315e-04 5.91154862e-03
 1.00506581e-01 9.06035155e-02 1.03420690e-02 1.55945092e-01
 5.21644652e-01 2.57194415e-02 1.72664002e-02 3.27194110e-04
 5.93767539e-02 3.65767069e-02 6.17301524e-01 2.87898928e-02
 1.64968804e-01 6.88253194e-02 2.32794322e-04 9.92164850e-01
 1.05423480e-03 3.39561328e-02 6.33120462e-02 2.02956200e-02
 6.97164610e-03 7.84726813e-02 4.25556302e-02 1.80164009e-01
 6.71755597e-02 2.34028250e-01 1.55414641e-01 5.91871515e-02
 1.31845418e-02 1.63042210e-02 1.11364061e-02 2.12291125e-02
 1.61471330e-02 2.49535311e-03 1.01251595e-01 8.69006291e-03
 4.46060151e-02 1.12914415e-02 7.77090549e-01 1.11117579e-01
 3.10982913e-02 1.19220549e-02 5.42964116e-02 4.79363394e+00
 7.03597907e-03 3.19498871e-03 7.37824477e-03 3.16308811e-03
 7.65127763e-02 2.11057160e-03 2.68299675e+00 6.12718705e-03
 4.73183114e-03 5.17578796e-02 1.31333679e-01 8.10889155e-02
 2.03588977e-02 2.43618071e-01 2.27561593e-03 1.00351386e-01
 3.79944779e-02 2.23656632e-02 6.37333281e-03 4.05610539e-04
 2.89992392e-02 1.41549297e-03 5.02547845e-02 5.19119322e-01
 4.13936317e-01 1.16195763e-02 8.68180543e-02 2.48482674e-02
 4.14691791e-02 2.03102380e-01 1.37625495e-02 1.29100248e-01
 7.75886793e-03 1.03239164e-01 5.61148673e-02 2.24442124e-01
 5.44477180e-02 2.16975078e-01 2.87151113e-02 2.39550248e-02
 9.31589082e-02 1.45456696e+00 2.04080790e-02 2.56517176e-02
 6.57639384e-01 3.35658967e-01 1.64252281e-01 1.13704698e-02
 7.59269148e-02 5.72052971e-02 1.47343427e-03 2.15071682e-02
 8.72463733e-02 1.00545771e-03 1.54039860e-02 1.77248314e-01
 2.39659194e-02 3.12382448e-03 1.01535276e-01 4.58910823e-01
 6.09955601e-02 3.36580664e-01 6.31143898e-02 4.76259924e-03
 1.87225729e-01 1.93924737e+00 1.05154347e+00 4.27343175e-02
 2.31987214e+00 2.00350046e-01 4.00490500e-03 1.99419796e+00
 3.79611522e-01 4.90093566e-02 4.93303873e-03 3.41473579e-01
 3.15147758e-01 2.66085006e-03 1.14964478e-01 5.34222797e-02
 7.69300200e-03 3.26967329e-01 1.22279793e-01 3.06675211e-03
 5.66178799e-01 3.64464931e-02 2.03565955e-01 3.96887302e+00
 3.78159434e-02 1.92143805e-02 1.03507080e+01 1.21989846e-03
 7.14825749e-01 1.73283927e-02 3.00684944e-03 2.30530798e-02
 9.27441753e-04 1.25103444e-01 1.44231632e-01 7.32404180e-03
 6.02850690e-02 3.57870728e-01 6.08675957e-01 1.59992135e+00
 9.95339304e-02 1.90458708e-02 3.03370535e-01 2.37593390e-02
 5.84371388e-04 5.07219229e-03 2.64246404e-01 2.51330042e+00
 6.29350990e-02 1.52118891e-01 4.77413721e-02 1.40331268e-01
 1.55191505e+00 6.78577125e-02 1.86356194e-02 9.29514021e-02
 8.71001631e-02 8.09030607e-03 1.39608625e-02 8.85477755e-03
 1.19723845e-02 3.40570718e-01 2.61709318e-02 1.76393334e-02
 5.15711941e-02 1.28523307e-02 3.65478639e-03 4.72531803e-02
 5.78315333e-02 1.38635290e+00 4.05212715e-02 1.13115953e-02
 1.91463251e-03 1.50666237e-01 1.10172573e-02 6.05860129e-02],0.38577384,[3.29320598e-03 6.01017177e-01 9.59401205e-03 5.66869453e-02
 6.07212074e-02 3.40741165e-02 3.80045176e-02 8.29779387e-01
 4.20781881e-01 5.97483329e-02 1.59374088e-01 7.95324594e-02
 6.44819811e-03 5.79659224e-01 1.47654280e-01 5.49345165e-02
 3.70514430e-02 2.20663622e-02 2.59997360e-02 5.48322141e-01
 1.00180340e+00 4.57535032e-03 9.51940790e-02 5.95706224e-01
 1.41692050e-02 6.09860197e-03 1.39077216e-01 2.94974118e-01
 4.90635745e-02 3.61534238e-01 2.45388508e-01 1.18091333e+00
 2.06775844e-01 5.57646193e-02 4.82438691e-02 6.56543393e-03
 4.86234948e-02 7.94962514e-03 1.02607161e-01 1.29741144e+00
 6.00935705e-02 5.64667061e-02 4.97439876e-02 3.65480073e-02
 6.83501959e-01 8.20607471e+00 3.73751111e-02 6.22320641e-03
 1.25736102e-01 2.34983385e-01 3.33015341e-03 1.47906685e+00
 1.40377000e-01 3.14100794e-02 1.29639581e-02 1.86347693e-01
 6.00027144e-01 2.61346847e-02 2.50768125e-01 1.03317991e-01
 2.24345438e-02 3.66711989e-02 5.67042172e-01 7.02438504e-02
 4.38006409e-02 2.40696937e-01 6.07096478e-02 1.59461889e-02
 1.62045024e-02 8.60470682e-02 8.97773076e-03 2.20758468e-02
 1.11645021e-01 8.17132965e-02 1.78571999e-01 9.80246663e-02
 4.66440678e-01 3.04256603e-02 2.69161537e-03 9.71964188e-03
 9.21492651e-03 4.10107002e-02 3.58487636e-01 2.33699381e-02
 1.60316199e-01 1.73316989e-02 7.24502373e-03 1.77385402e+00
 1.11487107e-02 3.13889123e-02 5.29855676e-02 2.28357986e-02
 7.19440356e-03 1.83644891e-01 5.40600456e-02 3.31660151e-01
 2.02562571e-01 2.86420852e-01 4.64407355e-01 1.16040066e-01
 7.72061944e-03 4.48079593e-02 2.53166370e-02 1.94410235e-03
 8.62062424e-02 1.08364392e-02 3.74183208e-02 2.87579373e-03
 8.52282569e-02 2.89489254e-02 1.33366275e+00 8.36406648e-02
 1.55456970e-02 1.93004645e-02 9.91843641e-02 7.36771584e+00
 7.83587247e-03 1.57288555e-03 2.48751007e-02 4.68146522e-03
 2.57387944e-02 7.52185378e-03 3.81977892e+00 7.90442619e-03
 1.91053934e-02 6.43248707e-02 1.75919309e-01 1.37917385e-01
 2.15879083e-02 5.22760116e-02 8.54402781e-03 2.11882725e-01
 1.11344106e-01 2.95072868e-02 2.56602913e-02 9.39102937e-03
 1.53959561e-02 1.53824920e-02 2.52697021e-02 2.30230138e-01
 5.17567098e-01 1.25956656e-02 7.35126883e-02 4.93059978e-02
 8.38731602e-02 4.15334702e-01 1.71676464e-02 1.65553957e-01
 4.23724428e-02 1.07533902e-01 3.47730100e-01 2.50581145e-01
 2.44790092e-02 3.21568698e-01 1.04932137e-01 2.86984164e-03
 2.96612158e-02 1.39525986e+00 1.38234580e-02 1.54756963e-01
 5.76996922e-01 1.94592163e-01 5.26651926e-02 1.09379053e-01
 2.03731298e-01 8.29683840e-02 3.98675352e-03 9.96500254e-04
 9.06606987e-02 3.82177252e-03 3.01495567e-02 1.70362666e-01
 3.43901888e-02 8.83135945e-04 3.65663767e-02 3.27382758e-02
 8.84359032e-02 4.92462754e-01 7.75976945e-03 2.87316255e-02
 2.19390869e-01 2.91469455e+00 2.01166142e-02 4.87974696e-02
 9.12747002e+00 1.88246444e-01 1.41734676e-02 5.77589273e+00
 7.82031640e-02 1.16297096e-01 7.16719870e-03 2.83267081e-01
 5.12604475e-01 5.86012378e-03 3.21045518e-01 6.34145364e-02
 5.58091793e-03 7.51316845e-01 1.57897100e-01 6.24232925e-03
 4.64719534e-01 1.28368691e-01 1.52283281e-01 3.33426929e+00
 2.55313925e-02 1.92598514e-02 1.70117855e+01 5.07815275e-03
 1.10202658e+00 2.36744434e-03 1.94028094e-02 7.48302042e-02
 3.46178003e-03 2.01140478e-01 1.22370183e-01 4.85266000e-02
 1.56986155e-03 1.36516944e-01 9.66809690e-02 2.12035370e+00
 1.23771399e-01 2.86213793e-02 4.32400927e-02 2.57527441e-01
 2.63329819e-02 6.00969084e-02 2.57598460e-01 1.80019689e+00
 2.38406911e-01 1.78063989e-01 1.07901677e-01 1.76337317e-01
 2.35189772e+00 8.17165747e-02 2.45811455e-02 2.51540869e-01
 1.54530734e-01 1.51775526e-02 2.98134424e-02 2.01564468e-02
 5.45838922e-02 5.77962041e-01 4.81761098e-02 2.01686770e-02
 1.75618544e-01 6.63281232e-02 7.34915677e-03 8.92058238e-02
 5.66230603e-02 1.35282052e+00 5.33768907e-03 3.55038494e-02
 6.07112888e-03 1.64358258e-01 2.35279351e-02 1.22647375e-01],-324.06665,-381.61533,-400.0,1.018275,1.5035577,0.95005494,0.5499521,29.613098,-30.463877,273.2577,387.274,0.75127953,0.29176745,0.076585956,-383.60504,383.60504,[4.29986954e+01 1.61827888e+01 1.31588192e+01 9.38230276e-01
 9.06323814e+00 6.48460579e+00 6.54261529e-01 3.87677689e+01
 5.38875294e+00 1.30164833e+01 1.41397486e+01 6.56610370e-01
 1.03659334e+01 1.13099136e+01 1.27465820e+01 8.82523835e-01
 2.45227890e+01 2.34512973e+00 1.32483654e+01 7.34422827e+00
 6.29735589e-01 1.98880520e+01 2.58742642e+00 1.40900545e+01
 2.71972942e+00 6.05094528e+00 1.50863438e+01 3.23667755e+01
 1.19476013e+01 3.28375316e+00 6.60500183e+01 1.99358904e+00
 2.66802044e+01 1.08106079e+01 1.82518393e-01 3.95573044e+01
 8.32227135e+00 3.42387085e+01 5.67601144e-01 2.96355295e+00
 2.33031440e+00 2.03569174e+00 6.82515323e-01 1.79025090e+00
 2.65286040e+00 1.95989113e+01 4.94857788e+01 1.95105057e+01
 1.57921906e+01 1.07884453e+02 2.92471671e+00 8.16939235e-01
 7.97624767e-01 4.97881699e+00 7.50099564e+00 6.22303123e+01
 8.09757710e+00 7.80355215e+00 5.40868111e+01 1.01921143e+02
 8.34036171e-01 1.20830009e+02 9.34966564e+00 1.67987564e+02
 1.28755081e+00 4.32554626e+00 1.01710615e+01 4.65019073e+01
 1.60651855e+01 4.30975485e+00 3.38343430e+01 3.69320083e+00
 1.94560814e+01 1.41454864e+00 6.26458454e+00 4.11251869e+01
 1.98261871e+01 7.17142677e+00 7.01467419e+00 4.89323235e+00
 6.07100248e+00 4.71515083e+00 7.11781025e-01 3.99017835e+00
 1.45827999e+01 7.45447731e+00 1.27543411e+01 7.01913357e-01
 1.12028027e+01 3.62838960e+00 8.27048035e+01 2.64498740e-01
 6.89684749e-02 2.61580200e+01 4.29791361e-01 2.65381837e+00
 6.19510031e+00 2.67960892e+01 3.11036682e+01 1.75693822e+00
 6.46029234e+00 4.13505554e+01 4.22699690e+00 7.85151124e-01
 5.15280437e+00 8.81857395e-01 1.33187699e+00 8.39838982e+00
 1.41887009e+00 3.31077385e+01 8.25414276e+00 5.94667792e-01
 1.54998646e+01 4.36169863e+00 2.86801281e+01 1.62560349e+01
 3.20239246e-01 7.41649246e+00 1.13565350e+01 5.65740347e-01
 7.57774115e-02 2.31590226e-01 8.96492863e+00 7.34711075e+00
 7.58008804e+01 3.56208771e-01 5.75547075e+00 2.01074753e+01
 2.19847703e+00 2.60250835e+01 3.80923157e+01 6.87496490e+01
 6.37062550e-01 5.33730388e-01 6.30393982e-01 8.14589739e-01
 1.42118950e+01 4.55005854e-01 1.23806581e-01 1.38469772e+01
 2.61183434e+01 5.62897801e-01 1.76699791e+01 6.71372175e+00
 1.89235449e+00 2.13716197e+00 2.67216539e+00 2.75088549e+00
 2.37015724e+01 1.28883820e+01 8.61169529e+00 1.46292901e+00
 8.38596535e+00 1.16239471e+01 1.53128557e+01 4.46916962e+00
 1.41548071e+01 2.55797529e+00 8.19967210e-01 1.55191565e+00
 9.40736485e+00 1.54604759e+01 2.91282058e+00 3.82950115e+00
 2.56028414e+00 1.06080124e+02 3.75103474e+00 7.66838980e+00
 5.80951646e-02 2.00496998e+01 4.20023727e+00 1.42425895e+00
 7.87659454e+00 6.91645432e+00 1.21773648e+00 1.13616161e+01
 1.69462967e+01 2.39448128e+01 5.21467400e+00 6.21823728e-01
 3.08432639e-01 4.71275151e-01 8.46233749e+00 2.34620819e+01
 5.38518786e-01 5.71255386e-01 1.21131878e+01 1.89940395e+01
 7.04629135e+01 5.51445541e+01 2.06594586e+00 5.31980133e+00
 3.28426957e+00 1.96441042e+00 1.19654313e-01 3.35978203e+01
 1.89658966e+01 7.36811876e-01 5.84321499e-01 1.74493480e+00
 8.53174329e-01 1.69260559e+01 1.14055634e+01 3.15534854e+00
 3.14811087e+00 1.04191625e+00 2.92160492e+01 2.76439142e+00
 2.28669977e+00 3.19493771e+00 4.66854215e-01 1.11701622e+01
 2.66738248e+00 6.59762859e+00 2.23248692e+01 1.97968674e+01
 3.55513167e+00 3.88387412e-01 2.91639042e+00 1.64737682e+01
 1.37154188e+01 3.44430389e+01 1.27870798e+01 2.25914717e-01
 3.13410616e+00 5.08193111e+00 2.25358129e+00 1.47599983e+01
 2.51404667e+01 4.28691097e-02 1.75666952e+00 3.66378927e+00
 5.62982178e+00 2.05873132e+00 8.85644989e+01 3.66514816e+01
 2.55695581e+00 6.37372932e+01 3.89664268e+00 4.53131247e+00
 4.70430994e+00 1.54578295e+01 1.32755399e+00 6.26127422e-01
 2.06836624e+01 4.19404650e+00 6.03939950e-01 8.89646053e+00
 2.30882978e+00 1.89108217e+00 1.02777328e+01 2.66461620e+01
 7.03517532e+01 4.09820461e+00 3.71962214e+00 3.42004871e+00],15.473375,[4.20531387e+01 1.65352402e+01 8.53519821e+00 1.03195679e+00
 9.11847973e+00 6.44959259e+00 7.15507030e-01 3.88288689e+01
 3.70740080e+00 1.35150757e+01 1.34958286e+01 6.62310481e-01
 1.05488434e+01 1.14363003e+01 5.81355381e+00 1.48477578e+00
 2.46827888e+01 2.15690732e+00 1.32261353e+01 7.41577530e+00
 6.09802127e-01 1.96746140e+01 3.18095493e+00 1.47872334e+01
 2.61666512e+00 5.95795345e+00 1.49687204e+01 3.11374912e+01
 1.19250679e+01 3.28214812e+00 6.62521515e+01 2.17819142e+00
 2.50134850e+01 9.36173153e+00 8.37157965e-01 3.11214542e+01
 7.20561600e+00 3.08919106e+01 4.09638345e-01 1.45201254e+00
 2.29676533e+00 2.02902222e+00 9.16544139e-01 1.74484265e+00
 2.53475928e+00 2.03788242e+01 4.94279480e+01 1.40450039e+01
 1.64489746e+01 1.07692627e+02 2.93494153e+00 1.10008109e+00
 7.41913259e-01 4.92446423e+00 7.33901691e+00 6.15277252e+01
 8.72651768e+00 7.51941872e+00 5.26465302e+01 1.02059647e+02
 9.46040511e-01 1.20736877e+02 5.01389742e+00 1.41267258e+02
 1.17711711e+00 4.45888472e+00 1.01631126e+01 4.74867096e+01
 1.41281166e+01 4.57695913e+00 3.27565880e+01 3.15166378e+00
 1.81835270e+01 1.43113220e+00 5.14045525e+00 4.17408257e+01
 2.02047806e+01 7.00662613e+00 8.04049969e+00 4.84376621e+00
 4.49796295e+00 4.69047832e+00 1.05893028e+00 4.03499794e+00
 1.73394852e+01 7.78851604e+00 1.29097481e+01 6.26667678e-01
 1.17437983e+01 3.65735173e+00 8.24920425e+01 2.77591377e-01
 9.54043865e-02 2.62189713e+01 2.74956733e-01 2.92424464e+00
 5.53332329e+00 2.75016232e+01 3.10610161e+01 6.92761123e-01
 6.26999664e+00 4.20669174e+01 4.12660789e+00 6.60216689e-01
 6.38496113e+00 8.86024237e-01 1.27135372e+00 8.80555439e+00
 1.48965621e+00 3.43138008e+01 8.30915833e+00 6.17338240e-01
 1.46705904e+01 4.33555841e+00 2.74138393e+01 1.59777069e+01
 2.98614591e-01 7.34584522e+00 9.34378910e+00 7.37692237e-01
 6.94039464e-02 2.08815396e-01 8.36289024e+00 7.22759247e+00
 7.55709534e+01 3.98380101e-01 2.38062429e+00 1.99951611e+01
 2.33448982e+00 2.75419941e+01 3.70238380e+01 6.78193436e+01
 6.02556467e-01 7.11412489e-01 6.21787786e-01 1.00440669e+00
 1.39786663e+01 5.44113696e-01 7.16345087e-02 1.36276760e+01
 2.82182255e+01 5.27238369e-01 1.75796528e+01 5.97329187e+00
 5.23503017e+00 2.15104461e+00 2.57376170e+00 2.75419879e+00
 2.31895275e+01 1.28978176e+01 9.28651428e+00 1.55299234e+00
 8.30750942e+00 1.16670685e+01 1.29135456e+01 3.67073345e+00
 1.40854950e+01 2.12746525e+00 1.47718143e+00 1.90936995e+00
 9.88197613e+00 1.56583614e+01 1.89439082e+00 3.83834410e+00
 2.50307989e+00 1.05804642e+02 3.87568092e+00 8.36688042e+00
 1.32105327e+00 1.94393539e+01 4.01773882e+00 1.21572590e+00
 5.61593723e+00 4.80541897e+00 1.09349954e+00 1.17403803e+01
 1.71478348e+01 2.35075550e+01 5.14168310e+00 5.36092937e-01
 4.11282837e-01 3.83161753e-01 8.72371483e+00 2.38537788e+01
 5.21399200e-01 5.32868028e-01 2.33124924e+01 1.73514347e+01
 6.34998741e+01 5.50132217e+01 2.40516996e+00 5.31955147e+00
 2.71281719e+00 1.69602835e+00 1.92062542e-01 3.35519981e+01
 1.58971348e+01 5.71455419e-01 3.80264401e-01 1.89573193e+00
 9.01784062e-01 1.69925232e+01 1.21111736e+01 7.52951765e+00
 3.61185884e+00 8.53612840e-01 3.52493362e+01 2.76374340e+00
 1.80487895e+00 2.81763291e+00 2.25330770e-01 1.16183558e+01
 4.98003531e+00 6.38664484e+00 2.14088669e+01 2.36162605e+01
 3.54091334e+00 3.12023818e-01 2.90313673e+00 1.70198994e+01
 1.35839911e+01 3.39856911e+01 1.17416735e+01 2.20787168e-01
 3.20889449e+00 4.71189451e+00 2.04130554e+00 1.55811300e+01
 2.78686199e+01 6.69561774e-02 1.69919372e+00 4.06659746e+00
 5.61781883e+00 1.71903610e+00 8.79588852e+01 3.54747849e+01
 2.55226803e+00 6.31609650e+01 5.15547609e+00 4.42069912e+00
 4.83917522e+00 1.64264812e+01 1.35855937e+00 5.55798054e-01
 2.38988495e+01 4.23097610e+00 5.16284943e-01 8.84153175e+00
 2.19163156e+00 1.58578718e+00 1.00307064e+01 2.32536411e+01
 6.97401810e+01 4.12005806e+00 2.73569107e+00 3.37294984e+00],-363.0854,-385.09476,-393.40256,1.0317423,1.2284966,0.9324143,0.5518131,0.013787871913909911,3108.451047182083,-0.12994669759910826,0.0003378894441585155,-0.12994036538791204,9.252406723967942e-05,-0.42525882575403573,25.099999999996967,0.0,225000.0,-2.0,-1000.0,500.0,6.55569052696228,225000
376.77655,0.05625045,0.20422044,0.002740967,-374.6781,374.6781,[1.05990984e-01 8.83083344e-02 2.63938420e-02 1.30963400e-02
 1.80220306e-02 4.28872317e-01 7.70269427e-03 5.41802883e-01
 5.03667951e-01 2.62553170e-02 2.40802675e-01 4.97133210e-02
 2.60461830e-02 3.79092135e-02 1.47211522e-01 4.82374206e-02
 1.61028393e-02 1.08637381e-02 8.30366313e-02 1.53088957e-01
 2.58785803e-02 1.82439879e-01 4.63067114e-01 9.69116241e-02
 1.12752244e-01 1.69235796e-01 6.79940432e-02 2.58456767e-02
 6.25170842e-02 3.97160232e-01 1.06646204e-02 1.81341544e-03
 2.80444771e-01 5.86562812e-01 2.94668406e-01 1.07663758e-01
 3.25257406e-02 3.03075075e-01 4.72352542e-02 4.99759912e-01
 8.04453809e-03 1.45499973e+01 9.13474932e-02 1.84615254e-02
 5.79014778e-01 2.50921864e-03 1.33333910e+00 1.76109701e-01
 1.10342875e-01 4.88434769e-02 1.24123663e-01 6.41245693e-02
 5.22061735e-02 1.24225304e-01 2.09168240e-01 5.39486893e-02
 4.21838313e-02 3.24310899e-01 4.87458557e-02 2.36947703e+00
 1.02928886e-02 3.44098747e-01 4.69715819e-02 6.37337267e-02
 1.18623087e-02 1.19137728e+00 1.27264122e-02 5.04297793e-01
 8.10314417e-02 3.13067293e+00 2.74975121e-01 4.39433791e-02
 3.58631313e-02 2.44677353e+00 3.14061418e-02 3.61986533e-02
 6.67860880e-02 2.05483764e-01 7.04762060e-03 1.83790445e-01
 7.90607277e-03 2.27067582e-02 1.01585940e-01 1.01203479e-01
 9.70185772e-02 3.56631130e-02 3.86208966e-02 5.67401201e-02
 2.59445272e-02 8.64269733e-02 2.94791423e-02 2.13127032e-01
 5.22594899e-02 6.13171831e-02 3.84491459e-02 6.34795520e-03
 1.35691036e-02 7.96888489e-03 1.59648597e-01 6.68079127e-03
 1.43955816e-02 2.64073163e-02 3.15945894e-02 1.11881778e-01
 3.62607166e-02 1.01975445e-03 2.08730888e+00 7.90605545e-02
 5.82819819e-01 7.99825564e-02 2.01669484e-01 1.03954114e-02
 1.98230930e-02 8.58474616e-03 3.05310078e-02 2.67663002e-02
 6.48748577e-02 1.80512398e-01 6.98713243e-01 2.27373689e-02
 9.79623497e-02 5.08880354e-02 9.38538536e-02 3.24792892e-01
 1.32104158e-01 7.25628972e-01 4.04411048e-01 1.88659579e-01
 5.97725138e-02 7.88691789e-02 1.23050632e-02 1.53431762e-02
 1.52812451e-01 7.82535821e-02 1.37837619e-01 8.01930249e-01
 3.56970906e-01 2.30555996e-01 3.81540209e-02 3.89645994e-02
 3.52315865e-02 6.91939145e-04 1.47632817e-02 4.51077223e-01
 1.26793265e-01 2.47619942e-01 3.18122730e-02 1.95896089e+00
 1.72269065e-03 8.70436132e-02 4.85024452e-02 9.65404212e-02
 1.78306222e-01 4.06993508e-01 2.42036767e-03 7.58531243e-02
 1.14727221e-01 3.29768747e-01 1.33959293e-01 5.19284606e-02
 1.59792805e+00 5.28526772e-03 9.66987014e-02 5.01180738e-02
 1.92179695e-01 5.10511696e-02 8.32044029e+00 4.10664231e-01
 2.41734162e-02 9.80926901e-02 5.75572345e-03 4.08081472e-01
 2.11449806e-03 1.07395994e-02 1.18673891e-01 1.37107879e-01
 1.72927558e-01 2.29065612e-01 2.16915995e-01 1.83632761e-01
 2.49910519e-01 2.89793015e-02 2.68643260e-01 5.22771943e-03
 5.88288531e-02 4.79884863e-01 1.27821952e-01 5.80767930e-01
 1.27605021e-01 6.76192164e-01 7.06536993e-02 5.26952222e-02
 2.51894534e-01 3.22406977e-01 1.06649110e-02 1.74659705e+00
 2.58022517e-01 8.16085376e-04 6.41673952e-02 4.48165927e-03
 7.32890982e-03 5.39120007e-03 1.53006971e-01 1.78811681e+00
 3.10447842e-01 1.07728466e-01 5.06499827e-01 3.75413038e-02
 1.04048969e-02 1.15396688e-02 8.19745008e-03 1.12610853e+00
 6.73399791e-02 8.35368857e-02 4.58586589e-02 2.74771564e-02
 2.07163319e-02 1.08370651e-02 1.01590562e+00 1.43553661e-02
 5.32441773e-02 2.23681122e-01 2.14627549e-01 1.14700928e-01
 3.32814381e-02 1.83018763e-03 1.94568133e+00 1.85156949e-02
 1.51955672e-02 1.51974976e-01 1.20955352e-02 2.02965125e-01
 6.10198267e-02 2.73523629e-01 1.02407956e+00 2.24215165e-03
 1.93492687e+00 1.48118213e-02 6.23942092e-02 2.31653595e+01
 4.85708803e-01 2.93123722e-02 4.82534170e-02 3.16031516e-01
 7.38784764e-03 3.99676472e-01 5.51887333e-01 5.84479809e-01
 3.02104354e-01 1.93351880e-01 4.02715988e-03 1.26611471e-01
 1.97116792e-01 3.08268994e-01 1.29833847e-01 1.40183747e-01],0.47938263,[2.01123990e-02 4.07860577e-02 2.75533572e-02 1.72239915e-02
 1.41098956e-02 1.19247460e+00 8.47657211e-03 3.67895544e-01
 1.45641372e-01 2.63824314e-02 3.14368606e-01 3.77704985e-02
 1.74440481e-02 1.23049483e-01 5.05580455e-02 7.99622685e-02
 4.05962858e-03 4.40226533e-02 1.08053342e-01 1.94750443e-01
 3.01103070e-02 1.11603320e-01 1.34733066e-01 2.67902799e-02
 2.31847316e-02 1.69534355e-01 1.87773444e-02 2.88197324e-02
 4.85184312e-01 2.01495200e-01 1.79992318e-02 3.31643410e-03
 3.24681520e-01 2.07685962e-01 7.03982711e-02 1.65718615e-01
 2.82298066e-02 2.17532516e-01 3.74392606e-02 5.14796972e-01
 1.41132344e-03 1.06985416e+01 6.04651421e-02 1.50333837e-01
 8.02549779e-01 2.37634256e-02 4.47091579e+00 5.37729025e-01
 7.53703061e-03 3.95198651e-02 2.02427968e-01 4.02581133e-02
 2.16705948e-02 9.86339077e-02 5.82258046e-01 2.85793394e-02
 2.93371305e-02 1.78899080e-01 6.27789274e-03 1.99846923e+00
 1.62134171e-02 3.06029558e-01 4.90408167e-02 1.00122072e-01
 1.41840922e-02 1.34574699e+00 5.85384667e-03 4.68011320e-01
 8.25143158e-02 6.02625465e+00 2.84385920e-01 2.43798308e-02
 5.11306152e-02 4.02252007e+00 5.72590865e-02 2.72852741e-02
 7.83542842e-02 7.17912555e-01 5.70043623e-02 1.59774885e-01
 3.46896462e-02 9.25821904e-03 3.54181267e-02 7.33471513e-02
 1.60334498e-01 2.70517208e-02 2.94691920e-02 1.24186883e-02
 2.02607587e-02 4.21268009e-02 2.17018537e-02 1.45375967e-01
 4.54749689e-02 4.37517911e-02 3.67887542e-02 1.56187452e-04
 1.27258683e-02 7.36664608e-03 2.98860192e-01 1.49074234e-02
 1.82296783e-02 9.51416045e-02 1.43374624e-02 1.37947425e-01
 1.13572642e-01 4.68554441e-03 9.37744379e-01 5.49959689e-02
 6.95453584e-01 5.52067980e-02 2.34048605e-01 1.67285092e-02
 3.61497961e-02 6.63943589e-04 3.81650105e-02 7.51034636e-03
 7.12723881e-02 2.37957016e-01 5.43881297e-01 1.51694948e-02
 1.42626138e-02 1.18888617e-01 3.31769176e-02 4.63968813e-01
 3.17318831e-03 1.05854261e+00 1.03844690e+00 1.09020108e-02
 3.31612043e-02 4.17657644e-02 3.56199265e-01 3.39744426e-02
 1.54817969e-01 8.59646648e-02 9.61903110e-02 8.28875363e-01
 2.47540504e-01 1.30706772e-01 5.09892255e-02 4.34577353e-02
 3.27825621e-02 1.58441532e-03 2.69614756e-02 9.60326493e-01
 2.10211352e-02 1.70067102e-01 3.13071050e-02 2.77748585e-01
 3.38660553e-04 1.41792953e+00 4.84834015e-02 6.71823919e-02
 3.55396941e-02 3.84005129e-01 7.44560733e-03 7.61750117e-02
 1.74336806e-01 1.99189350e-01 1.69568621e-02 3.07287037e-01
 1.55960822e+00 4.87739220e-03 3.88369821e-02 2.42070947e-03
 7.96932951e-02 5.81107885e-02 7.35482645e+00 4.17878032e-01
 1.02333147e-02 6.43244162e-02 3.61106731e-03 4.05315161e-01
 3.82013712e-03 4.22751997e-03 6.29597250e-03 1.90004334e-01
 9.43221003e-02 1.00366071e-01 1.28454119e-01 1.60716727e-01
 1.83123678e-01 3.06996256e-02 2.47428805e-01 1.16723962e-03
 9.69511345e-02 4.27103519e-01 1.85219198e-03 6.30247116e-01
 6.73564523e-02 9.93247151e-01 5.25821969e-02 5.22446632e-02
 4.97875996e-02 3.52746040e-01 1.10835629e-02 1.66377330e+00
 2.75358260e-01 2.32338049e-02 3.81537676e-02 6.11914787e-03
 3.53228450e-02 6.46472909e-03 1.54106498e-01 7.79519022e-01
 7.99166262e-02 1.63149282e-01 1.04415846e+00 2.11713053e-02
 2.23173238e-02 1.05547030e-02 1.01167308e-02 8.50611806e-01
 8.34122598e-02 8.24481696e-02 2.00994052e-02 3.43989208e-02
 1.74669400e-02 1.59407295e-02 1.38397574e+00 1.64562911e-02
 1.78396747e-01 1.21539533e-01 1.99797794e-01 1.04753390e-01
 2.72054970e-03 9.16273985e-03 2.42440939e+00 1.87322386e-02
 1.03462758e-02 4.03221726e-01 1.73381753e-02 1.72639608e-01
 4.94070947e-02 2.65129894e-01 3.08725350e-02 3.40070873e-02
 1.58215880e+00 5.20557314e-02 1.87649839e-02 2.46160851e+01
 1.54700428e-01 5.05961552e-02 1.08989544e-01 1.61098227e-01
 4.08180431e-03 2.81700701e-01 5.50987661e-01 7.34518826e-01
 3.18435580e-01 3.47113043e-01 8.52938462e-03 5.40567398e-01
 1.53603971e-01 2.37741977e-01 2.95120552e-02 1.37418836e-01],-336.76254,-383.59302,-399.98322,1.020771,1.6014619,0.959156,0.55030024,32.43499,-54.136024,330.12225,388.9645,0.708657,0.27676788,0.0674901,-385.48816,385.48816,[2.4411013e+00 1.3766954e+00 3.3833249e+00 4.6781155e-01 1.6426922e+01
 2.1567478e+00 1.8952892e+01 3.0158129e+00 6.1895614e+00 9.0101242e-02
 1.1935881e+00 2.7585083e+01 2.4132843e+00 1.6126575e+01 1.1030238e+00
 2.3199546e+00 3.1020100e+00 2.4315067e+01 8.0037725e-01 1.4033635e+01
 5.5679793e+00 2.7144589e+00 1.0007566e-01 5.7243614e+00 4.7251902e+00
 5.5979004e+00 4.4596390e+01 7.8214681e-01 5.9936760e+01 5.5849522e-01
 2.5807018e+01 7.6303444e+00 5.3583684e+00 1.8625572e+01 1.1141102e+00
 1.0259890e-01 8.4421825e-01 7.2714286e+00 8.1909027e+01 3.2216158e+00
 7.5012634e+01 2.6697904e-01 1.7991966e+01 7.4195662e+00 1.3481733e+01
 7.3438148e+00 1.2828330e+01 1.9672790e+00 2.0443878e+01 2.5795845e+01
 1.1732489e+01 9.4441061e+00 1.8532653e+00 1.5762364e+00 1.3176419e-01
 2.7623205e+01 1.2773234e-01 1.0554367e+01 6.7462265e-01 1.2736973e+01
 1.1978545e+00 1.8085174e-01 6.4494658e-01 2.5330813e+00 1.6141392e+00
 6.4343843e+00 4.7691092e+00 9.8259802e+00 5.1828947e+00 4.8272530e+01
 1.2069567e+01 3.9300926e+01 2.7138929e+00 5.7992035e-01 2.8402930e+02
 2.4168665e+00 1.4905430e-01 2.7127619e+00 6.5194855e+00 1.0625055e+01
 1.0512211e+01 4.2760687e+00 1.8925835e+01 4.0092854e+01 9.9894323e+00
 1.1178869e+00 1.6795778e+00 1.3982890e+01 2.1687648e+00 3.8156655e+00
 6.9289551e+00 1.4802419e+01 1.3000380e+02 6.5957851e+00 8.3408566e+00
 7.3929501e+00 8.7988842e-03 5.0781906e-01 2.0068556e+01 1.4623328e+00
 2.8644323e+01 2.2010401e+01 3.0353737e+00 1.0806267e+00 2.4539529e-01
 3.6625409e-01 1.3032034e+01 8.8304262e+00 1.2818679e+01 1.8443058e+01
 2.5008037e+00 6.1175270e+00 2.3096362e-01 1.5209975e+00 7.9117209e-01
 7.8734093e+00 5.9822899e-01 4.6715183e+01 1.0592986e+01 1.1445537e+01
 7.4415722e+00 3.1753078e+01 6.9964838e-01 2.2900162e+00 7.8925848e+00
 4.0270801e+00 1.5402701e+00 1.1377614e+00 2.9683530e-01 6.5283017e+00
 3.2858036e+01 2.5691953e+00 6.8726292e+00 2.9344239e+00 4.7247357e+00
 3.0676486e+00 3.6784443e+01 4.7233257e+00 7.1959782e+00 2.8418274e+00
 2.9872763e+00 3.6696064e+00 5.1699347e+00 1.3103272e+01 3.6187294e+00
 1.9916668e+01 7.5751038e+01 2.1059736e+01 8.6193037e+00 2.5455385e-01
 3.8507814e+00 3.9478910e+00 3.6015678e+01 2.8863083e+01 3.5547984e-01
 8.4137774e-01 4.1553810e+01 3.1816618e+00 7.0674199e-01 1.0172114e+01
 3.0283737e+00 3.5564203e+00 1.1556401e+00 4.6500149e+01 1.1403624e+01
 8.2147557e-01 1.3464174e+00 1.9876659e+00 2.8504574e-01 4.5493472e-01
 1.8146156e+01 6.6986861e+00 4.0675020e-01 2.8529048e-01 5.0263702e+01
 1.1849475e+00 7.9327550e+00 4.2857304e+00 1.5905827e+01 3.4347587e+00
 4.7818031e+01 2.5633528e+00 4.8626885e-01 6.7305923e-02 3.3710232e+00
 1.9945757e+00 7.4273497e-01 2.7374353e+00 2.0829477e+01 7.6507235e-01
 7.1605968e+00 2.9204843e+00 1.3099654e+01 2.8677344e+00 5.9785089e+00
 1.5539713e-02 1.4320768e+01 2.7363231e+00 1.1250918e+02 8.0526457e+00
 9.2755566e+00 3.9691636e-01 1.1708485e+01 2.3464176e+01 5.4129801e+00
 2.0246332e+01 1.9630211e+01 5.2908182e-01 7.9415911e-01 3.0452188e+01
 4.5489550e+00 3.7373016e+00 2.1365732e+01 7.1506310e+00 2.6746719e+00
 5.7182365e+01 2.5290272e+00 2.6482606e+00 2.2999424e+01 2.6463196e+00
 3.3369799e+00 2.6349655e+01 8.7038410e-01 3.8703268e+00 7.3167294e-01
 3.1113854e-01 2.8652532e+00 5.8081398e+00 4.5231943e+00 6.0098743e+00
 2.0091443e+00 1.9930079e+00 2.3862228e-02 4.8520112e+00 1.9371708e+01
 1.6319984e-01 2.1960645e+00 5.9227915e+00 1.2497023e+01 1.5815868e+01
 4.1006657e-01 1.4298767e+01 3.3064718e+00 8.4932432e+00 1.0453280e+01
 1.0334517e+01 5.6947756e+00 1.7124599e+00 1.8825864e+00 4.6404133e+01
 3.9803791e-01 2.9225163e+00 3.6799961e-01 1.3362616e+01 2.8682647e+00
 3.9275491e-01],13.116442,[2.64002323e+00 1.80114114e+00 3.16577888e+00 6.01460338e-01
 1.58324776e+01 1.84424376e+00 1.91722717e+01 2.17830491e+00
 6.52725458e+00 1.43698439e-01 8.70028377e-01 2.72968197e+01
 2.43385935e+00 1.59807911e+01 8.16572011e-01 2.53765774e+00
 3.10731602e+00 2.44195747e+01 7.26446152e-01 1.39834518e+01
 3.12999487e+00 2.71331120e+00 5.85699826e-02 5.54236269e+00
 4.68657207e+00 7.01488924e+00 4.45854492e+01 8.52580011e-01
 5.59230728e+01 4.52367306e-01 2.49735489e+01 7.75576687e+00
 4.94070005e+00 1.86492882e+01 1.03941762e+00 2.10876524e-01
 6.91390336e-01 5.20930195e+00 8.37851868e+01 3.61110830e+00
 6.58469620e+01 1.34527713e-01 1.85150032e+01 6.86669970e+00
 1.36135044e+01 6.21626139e+00 1.25485058e+01 2.26080656e+00
 1.98299065e+01 2.56465874e+01 1.18984222e+01 9.13745308e+00
 1.63452530e+00 1.63390362e+00 3.11601050e-02 2.89338570e+01
 1.27820626e-01 5.74830437e+00 6.05533004e-01 1.22663956e+01
 1.14192057e+00 1.92269266e-01 4.05612409e-01 2.17273998e+00
 1.19290948e+00 6.20705080e+00 4.40999174e+00 9.17697906e+00
 4.56427240e+00 4.65831909e+01 1.16372032e+01 4.07530746e+01
 2.55622172e+00 9.40776646e-01 4.44638916e+02 3.44117785e+00
 2.19656080e-01 2.70531654e+00 4.76222563e+00 8.35620308e+00
 1.02365723e+01 4.10804415e+00 1.85943508e+01 4.00897675e+01
 6.35343504e+00 2.31498986e-01 1.26478219e+00 1.11503620e+01
 2.29764795e+00 4.57185459e+00 7.66456175e+00 1.51111612e+01
 1.28845825e+02 7.83858919e+00 7.44498587e+00 6.88569975e+00
 5.57020307e-03 5.08459449e-01 2.00436401e+01 1.39650297e+00
 2.74025345e+01 2.22943592e+01 3.52340961e+00 1.08331752e+00
 3.25919390e-01 3.58661354e-01 1.37232437e+01 5.06147480e+00
 1.29438629e+01 1.81500130e+01 2.51715493e+00 6.11341143e+00
 2.17629343e-01 1.47089553e+00 6.52362347e-01 6.02496147e+00
 7.87930667e-01 4.79085960e+01 9.48201752e+00 1.21962442e+01
 6.89629269e+00 3.10338516e+01 7.10498452e-01 2.49087977e+00
 7.86723566e+00 4.75711775e+00 1.53615808e+00 8.85219753e-01
 3.33943576e-01 4.88700104e+00 3.26792603e+01 2.38242030e+00
 6.68107224e+00 2.82058644e+00 5.03152800e+00 3.14558649e+00
 3.63295898e+01 4.94383574e+00 7.68281364e+00 4.83216524e+00
 3.00256777e+00 3.72019720e+00 5.41813326e+00 1.29885178e+01
 3.71517563e+00 2.01129570e+01 7.67830811e+01 2.08800049e+01
 4.53935337e+00 2.34395564e-01 6.59196568e+00 3.85739160e+00
 3.60497360e+01 2.83806992e+01 3.21012497e-01 8.75833392e-01
 4.13920364e+01 3.06422281e+00 2.04536691e-01 1.01841097e+01
 2.08463216e+00 3.10248137e+00 1.20339608e+00 4.09406319e+01
 1.04815302e+01 6.30635262e-01 1.75647354e+00 1.73760378e+00
 7.60271072e-01 2.20784807e+00 1.90740814e+01 6.15530396e+00
 3.31803799e-01 3.78646046e-01 5.02488403e+01 1.22713804e+00
 8.38086128e+00 3.88611507e+00 1.58413429e+01 5.45614433e+00
 4.66927109e+01 3.33620405e+00 1.49406239e-01 3.24440934e-02
 3.22405267e+00 6.82316601e-01 8.20189059e-01 2.76615930e+00
 2.08781071e+01 9.82069522e-02 7.36246538e+00 2.95758176e+00
 1.32067862e+01 2.89586949e+00 5.79481077e+00 9.12682153e-04
 1.24580612e+01 2.65091896e+00 1.10137100e+02 8.75689793e+00
 9.17568207e+00 2.25949383e+00 4.60947895e+00 2.37217712e+01
 5.93589211e+00 2.10067921e+01 1.90629120e+01 5.40632844e-01
 8.50019634e-01 2.66195679e+01 4.51269770e+00 3.55311680e+00
 2.14198723e+01 3.14557076e-01 2.60975122e+00 5.67375793e+01
 5.50188541e-01 2.43418598e+00 2.30994587e+01 2.71875906e+00
 3.25469780e+00 2.47475243e+01 8.96642029e-01 3.79259849e+00
 7.79181540e-01 3.79060805e-01 3.49788427e+00 5.24196625e+00
 5.07646918e-01 6.35276985e+00 2.43102360e+00 1.92954576e+00
 4.53239158e-02 5.27111912e+00 1.77841625e+01 4.84159738e-01
 2.13264441e+00 6.24757624e+00 1.18256235e+01 1.45293541e+01
 4.10410166e-01 1.41753702e+01 3.33690977e+00 8.78244591e+00
 8.28905296e+00 1.03637819e+01 6.19156790e+00 1.83786118e+00
 1.30691469e+00 4.75935211e+01 1.26278162e+00 2.78519869e+00
 6.75934970e-01 1.37706470e+01 2.86608124e+00 3.91515553e-01],-365.34048,-386.89594,-393.13892,1.0316982,1.229879,0.87286305,0.55179924,0.013133185977935792,3436.7807161808014,-0.19406909145849638,0.0024243893282279894,-0.19391087130407025,0.0029419949114912907,-0.9352475107663915,25.099999999996967,0.0,250000.0,-2.0,-1000.0,500.0,6.583092927932739,250000
374.5254,0.08877297,0.26384622,0.0023854151,-371.79816,371.79816,[7.65947104e-02 8.67851377e-01 3.62612993e-01 8.33792019e+00
 6.42004073e-01 1.24705064e+00 7.79827014e-02 3.18704963e-01
 2.82035470e-01 1.12795547e-01 4.22244407e-02 4.61594522e-01
 8.21130872e-02 2.14731312e+00 7.46975094e-02 3.25014853e+00
 2.52144337e-02 1.24905229e+00 3.19913435e+00 9.12579894e-02
 5.95495664e-02 4.59180975e+00 9.12396759e-02 8.24833274e-01
 2.47675800e+00 2.63187230e-01 3.89876485e-01 1.12419128e-01
 6.28777683e-01 6.55727759e-02 2.12377682e-01 2.01702956e-03
 4.25886996e-02 2.73687802e-02 6.18241787e-01 2.98902249e+00
 1.76840574e-01 9.84811187e-02 1.27304131e-02 2.38192230e-01
 1.93635774e+00 7.79573321e-01 1.73592165e-01 1.10175486e+01
 1.05134025e-02 5.65717101e-01 9.22849774e-02 3.39156210e-01
 1.36208283e-02 1.89949796e-01 9.15206552e-01 3.95837426e-01
 1.99490398e-01 5.30866146e-01 6.58840466e+00 2.55401403e-01
 9.22827497e-02 3.73514116e-01 1.97188437e+00 1.12621561e-02
 1.38402745e-01 4.83617401e+00 1.04322290e+00 5.07433844e+00
 1.42119563e+00 6.15340137e+00 8.89209807e-02 5.38482487e-01
 3.90713751e-01 3.54430079e-01 2.26127416e-01 1.59083903e-01
 4.71635282e-01 8.55268538e-02 5.23791015e-02 3.42026800e-02
 8.37147385e-02 2.38093764e-01 1.29265213e+00 1.84865260e+00
 6.06073290e-02 2.90884912e-01 5.35334492e+00 3.77912223e-02
 3.64223456e+00 4.67659086e-01 8.78055871e-01 1.02319360e+00
 3.95652279e-02 2.09757723e-02 5.00370562e-02 8.59552175e-02
 2.23210365e-01 1.40188426e-01 1.37555167e-01 6.07354105e-01
 1.18678160e-01 1.61712505e-02 4.40330058e-03 5.16665173e+00
 3.16439360e-01 2.61198789e-01 4.95302305e-02 7.25020319e-02
 1.55317450e+00 4.07921448e-02 2.14607686e-01 2.21129346e+00
 1.68463320e-01 1.60285272e-04 3.40190709e-01 4.69022729e-02
 6.32499009e-02 9.95579585e-02 4.32131708e-01 6.04991727e-02
 6.91687018e-02 6.94956556e-02 5.04943967e-01 3.66892874e-01
 7.29950964e-02 1.09678224e-01 5.11169791e-01 2.91023642e-01
 1.14077795e-03 7.58462474e-02 4.94778622e-03 5.38287088e-02
 5.07934541e-02 6.43785191e+00 2.24347077e-02 1.33007079e-01
 1.67140309e-02 4.23825055e-01 2.08482891e-02 3.09929073e-01
 1.01201177e+00 7.07831606e-02 9.70416665e-02 1.56236127e-01
 6.15362898e-02 7.09921941e-02 3.73251826e-01 6.62231445e-01
 7.00364530e-01 5.83285904e+00 1.78977892e-01 5.89858815e-02
 1.86804330e+00 7.63657913e-02 1.14323807e+00 4.37245704e-03
 9.95822847e-02 1.57230949e+00 2.36740708e-02 5.76665252e-02
 2.47573070e-02 1.41077244e+00 7.77072757e-02 4.91063483e-03
 1.49767185e-02 1.14224717e-01 2.30978355e-02 7.08805144e-01
 3.89933491e+00 3.32299322e-01 7.39069700e-01 1.75472632e-01
 1.08941758e+00 6.44502230e-03 3.20046902e-01 2.17052898e+01
 7.55944252e-02 1.05383135e-01 5.98378241e-01 2.57259369e+00
 7.97727394e+00 8.10889974e-02 6.19761181e+00 5.49933493e-01
 4.01719362e-02 6.90756130e+00 3.20041478e-01 1.53165698e+00
 2.09163594e+00 1.02853039e-02 4.04733837e-01 2.06633717e-01
 7.85120130e-02 1.34376192e+00 8.56917799e-01 3.27002078e-01
 2.50828695e+00 2.07067919e+00 6.79827213e-01 2.34950334e-01
 9.01306272e-01 4.29420042e+00 1.72914974e-02 1.83654651e-02
 4.44387868e-02 2.34441847e-01 2.82105625e-01 1.80318803e-02
 2.06070334e-01 3.56202610e-02 4.93732430e-02 5.63119166e-02
 8.40647101e-01 2.30653739e+00 2.90552229e-01 9.73527908e-01
 1.96818307e-01 1.66511631e+00 1.43905208e-01 1.15209036e-01
 9.28011179e-01 8.54217589e-01 2.91609496e-01 1.17227154e+01
 8.99577737e-01 7.23980814e-02 1.01280235e-01 1.42723516e-01
 1.25858933e-03 5.88325188e-02 9.23122644e-01 1.09229779e+00
 9.13444614e+00 5.13331816e-02 3.00425828e-01 4.18633223e+00
 1.20587945e+00 1.13525987e+00 3.67604494e-02 3.76970321e-02
 6.59874901e-02 6.63272023e-01 1.30402184e+00 4.80262101e-01
 1.49364662e+00 1.46783078e+00 1.49679244e-01 2.05654636e-01
 2.85289812e+00 8.10334086e-01 5.25320292e-01 9.90229193e-03
 1.24711633e-01 2.54828036e-02 1.41205668e-01 2.77069122e-01
 1.60422951e-01 1.55993795e+00 1.77766025e+00 1.06209755e-01],1.1556816,[1.11021765e-01 1.18022132e+00 3.29019308e-01 8.00376320e+00
 1.61349803e-01 1.31921852e+00 5.40537275e-02 6.61080062e-01
 1.17016196e-01 1.17207244e-01 3.98556948e-01 4.26690400e-01
 1.71281517e-01 4.47791672e+00 6.31267205e-02 2.06946516e+00
 2.66356543e-02 1.79031384e+00 5.02959633e+00 8.43973160e-02
 3.40689793e-02 1.84082127e+00 1.69957697e-01 2.08728170e+00
 1.88237178e+00 2.44566560e-01 5.14401853e-01 8.07170346e-02
 9.79901850e-01 7.85985738e-02 1.68481678e-01 2.22177245e-04
 3.79975624e-02 2.46359035e-01 3.84680837e-01 3.48576593e+00
 1.10141665e-01 2.83638611e-02 9.70317516e-03 2.43821189e-01
 1.82700932e+00 4.47091162e-01 1.59810156e-01 2.14699631e+01
 2.35589407e-02 5.90249181e-01 9.69975889e-02 2.77781278e-01
 1.69464462e-02 1.84077248e-01 2.25635082e-01 4.07430649e-01
 2.88701244e-02 4.19240206e-01 7.09928751e+00 1.87201053e-01
 3.04729417e-02 3.28092664e-01 1.96425319e+00 6.58322591e-03
 1.16343737e-01 3.40865088e+00 8.38767052e-01 3.67380619e+00
 1.58502936e+00 6.30180597e+00 8.45122188e-02 5.19827485e-01
 9.48067427e-01 1.76230520e-01 2.47968763e-01 1.38199866e-01
 9.28053498e-01 1.21447854e-01 5.45639321e-02 1.58902854e-02
 7.73413405e-02 3.88550282e-01 1.70751154e+00 2.76129246e+00
 2.51065604e-02 1.62367269e-01 6.31454849e+00 7.67344460e-02
 2.50259662e+00 7.09596694e-01 9.57719922e-01 1.15917230e+00
 3.12106349e-02 1.11619392e-02 1.87584087e-02 1.20450586e-01
 3.11203361e-01 1.08704224e-01 1.29543126e-01 4.29064810e-01
 1.24012873e-01 1.80574227e-02 1.71150602e-02 4.44680119e+00
 2.52158672e-01 2.33114481e-01 3.64056751e-02 7.81289488e-02
 1.66543794e+00 4.20343503e-02 4.40994054e-02 2.26720715e+00
 1.71965837e-01 1.48247778e-02 1.95241928e-01 5.26990034e-02
 2.14870811e-01 1.52414396e-01 5.16152024e-01 5.67189604e-02
 6.02306053e-02 4.63878028e-02 4.27121282e-01 3.98880810e-01
 4.32069935e-02 3.56114656e-02 5.43129027e-01 1.66300341e-01
 1.29709989e-02 1.18079260e-01 1.19702891e-03 5.21176495e-03
 5.32024130e-02 4.03516054e+00 3.52957435e-02 2.28005707e-01
 1.93771534e-02 3.43568921e-01 3.54455300e-02 3.54970247e-01
 9.12072420e-01 1.34796659e-02 1.00896336e-01 1.13862164e-01
 6.21609807e-01 6.73552603e-02 4.12824750e-01 6.87315583e-01
 2.26140365e-01 6.85048246e+00 1.75073981e-01 4.93785813e-02
 1.47107792e+00 1.25118136e-01 1.21591067e+00 3.21906097e-02
 8.65828395e-02 1.16018999e+00 6.07192591e-02 6.94689602e-02
 1.78234372e-02 1.63312219e-02 1.10741459e-01 1.02871330e-02
 2.15153694e-02 9.33098346e-02 2.81585045e-02 2.08044934e+00
 1.58779073e+00 2.67891258e-01 7.71161675e-01 1.01360351e-01
 1.76668406e+00 4.22820915e-03 6.15670502e-01 1.39781914e+01
 1.08005047e-01 4.79658365e-01 2.83236168e-02 2.97744417e+00
 8.85198498e+00 1.67253554e-01 6.30600834e+00 2.54045963e-01
 2.69925445e-02 2.91090965e+00 6.20734841e-02 1.52977180e+00
 1.47108722e+00 8.20705015e-03 4.06013906e-01 1.92582518e-01
 9.36567932e-02 3.37388903e-01 8.61907125e-01 6.31161332e-01
 2.90687704e+00 3.24025154e+00 8.99972022e-01 3.13747197e-01
 1.55572206e-01 3.44590425e+00 1.03823662e-01 2.30981447e-02
 3.97905409e-02 6.54321194e-01 3.58347952e-01 1.24822976e-02
 2.33240277e-01 4.29304279e-02 4.37705554e-02 5.68627752e-02
 1.14731765e+00 1.84525251e+00 3.00395787e-01 1.14430249e+00
 1.90455407e-01 1.23145795e+00 1.40513837e-01 2.02275023e-01
 1.00930953e+00 8.06821227e-01 4.55386460e-01 1.12276039e+01
 1.93844104e+00 8.21689665e-02 7.61035271e-03 2.17842832e-01
 1.72663108e-03 7.21323714e-02 1.66131961e+00 8.65727723e-01
 1.36746178e+01 1.10972717e-01 1.72629371e-01 4.65500402e+00
 1.42287183e+00 9.94062424e-01 3.71799320e-02 2.99867205e-02
 4.56425622e-02 4.20304716e-01 1.00684547e+00 5.17974079e-01
 1.62654555e+00 1.75144506e+00 1.97490007e-01 1.12097636e-01
 2.80516481e+00 9.74201083e-01 4.41935599e-01 4.36380971e-03
 1.05861858e-01 3.27250212e-02 2.34059915e-01 3.32232296e-01
 5.87095395e-02 1.56281650e+00 2.37576985e+00 1.66635066e-01],-312.1007,-383.58734,-400.0,1.0263395,1.2474935,0.9646205,0.5510692,52.987873,-63.26738,461.22278,390.60245,0.6598792,0.34604388,0.07378372,-386.48212,386.48212,[5.99008381e-01 1.13113327e+01 1.44749081e+00 6.68468332e+00
 2.26247716e+00 1.55538998e+01 1.45553112e+01 1.93174095e+01
 1.05499849e+01 2.49119449e+00 9.42593396e-01 2.01839066e+01
 3.06562352e+00 6.85204983e+00 2.54017496e+00 6.84587657e-01
 7.06365395e+00 5.46434975e+00 9.35821228e+01 2.46552773e+01
 9.05416775e+00 1.77662277e+01 5.81009537e-02 2.19463921e+00
 1.69938507e+01 4.74858940e-01 2.93952980e+01 1.89924545e+01
 1.07509108e+01 3.15149139e+02 6.56425953e+00 1.73456612e+01
 3.51524429e+01 3.58903236e+01 4.50812817e-01 2.51522388e+01
 8.55443895e-01 6.05313420e-01 1.03327164e+02 6.11653519e+01
 3.43645973e+01 4.82137489e+00 2.93800449e+00 8.51253700e+00
 2.21097298e+01 6.44749737e+00 1.16510057e+01 1.78778243e+00
 5.34800291e+00 6.31063998e-01 1.56044893e+01 1.00912981e+01
 1.13533525e+01 2.50921202e+00 9.43083048e-01 9.02995110e+00
 1.58793917e+01 1.04839575e+00 7.70059490e+00 7.01060638e+01
 5.17869186e+00 4.82370853e+00 1.47585869e+01 9.15923500e+00
 4.77155418e+01 1.33890514e+01 1.53574586e+00 5.19315529e+00
 7.92109442e+00 1.53850842e+00 5.51509743e+01 1.53101158e+00
 5.33163681e+01 6.47282302e-02 1.66490209e+00 1.18174305e+01
 4.18889332e+00 4.06469250e+00 1.54891407e+00 3.00732327e+01
 4.20456085e+01 2.64024925e+01 6.41202307e+00 4.79839802e+00
 9.30151367e+00 4.25411351e-02 1.77168274e+01 8.56972575e-01
 4.58961105e+00 3.96752129e+01 7.32187867e-01 2.55096035e+01
 2.47691269e+01 7.05934644e-01 1.66317117e+00 1.80379272e+00
 1.50580907e+00 3.16449471e+01 1.03431692e+01 1.65659201e+00
 1.67240334e+01 8.74471741e+01 4.03853912e+01 1.02226143e+01
 1.94600163e+01 3.05291080e+01 9.13585186e-01 1.71620473e-02
 5.87212133e+00 1.12822664e+00 1.62218618e+00 4.11431074e+00
 3.98535341e-01 4.99655628e+00 1.06911585e-01 9.70953751e+00
 1.15659885e+01 1.49180431e+01 4.66431767e-01 2.40327072e+01
 2.11267853e+01 5.04061890e+00 7.02838898e+00 7.25460052e+00
 2.00009179e+00 1.59442015e+01 4.34259713e-01 1.39023530e+00
 4.07209110e+00 6.41653359e-01 6.32290497e+01 5.26493683e+01
 2.38985717e-01 4.93969803e+01 6.93968117e-01 8.32404733e-01
 6.34300900e+00 1.81722984e+01 2.23958135e+00 1.95826416e+02
 2.19692206e+00 2.67864466e-01 1.42414713e+01 3.35539532e+00
 5.92339225e-03 8.17895889e+00 6.05530888e-02 1.63958130e+01
 3.60352936e+01 2.21298170e+00 3.18021679e+00 4.62858820e+00
 4.13296585e+01 7.55839920e+00 2.54512062e+01 9.67815208e+00
 5.10478449e+00 7.37129629e-01 6.24217606e+00 1.11180182e+01
 2.29438686e+01 2.03578064e+02 6.13721848e+01 3.81728792e+00
 1.00697308e+01 1.09096756e+01 1.60010109e+01 6.87219191e+00
 9.42512393e-01 1.50995054e+01 2.19454184e-01 7.41106367e+00
 2.23567734e+01 1.55217791e+00 2.04881287e+01 1.00323849e+01
 1.33344679e+01 7.05831766e+00 3.71691775e+00 2.98600235e+01
 2.60150070e+01 2.42913991e-01 2.15407658e+00 4.46174097e+00
 1.70991808e-01 3.13630219e+01 1.19918108e+00 4.87244453e+01
 1.29614890e-01 4.09643030e+00 1.71102083e+00 1.48505068e+00
 1.37209940e+01 5.67782927e+00 6.66284561e+00 1.32444067e+01
 1.58681464e+00 1.63283920e+00 1.56069267e+00 5.44410095e+01
 1.02278624e+01 7.44710147e-01 2.36683655e+00 6.39810026e-01
 1.67297859e+01 9.50377345e-01 1.11389983e+00 4.26381378e+01
 7.13110876e+00 1.42677748e+00 1.90035725e+01 9.34672892e-01
 2.40601349e+01 6.69594479e+00 6.91193008e+01 1.14338512e+01
 1.23362474e+01 8.03920937e+00 2.06486301e+01 9.23152447e+00
 2.06777554e+01 1.33588028e+01 6.05567871e+02 1.00458121e+00
 7.54280243e+01 9.64011431e-01 8.88156033e+00 3.61819434e+00
 1.66478256e+02 5.13863373e+01 5.20777524e-01 3.15560856e+01
 1.33976746e+00 1.98261008e-01 3.19432545e+00 4.26495647e+00
 3.19669819e+01 4.63985682e-01 1.01799738e+00 7.63949966e+00
 5.26815236e-01 3.07538910e+01 5.37135315e+00 6.44465238e-02
 1.14339771e+01 3.51099663e+01 4.16131645e-01 6.68990088e+00
 4.82788980e-01 6.84955902e+01 1.35886621e+00 1.47439461e+01
 3.77625008e+01 1.16477442e+00 3.84971123e+01 2.01623678e+00],21.285328,[9.25269246e-01 1.12971134e+01 1.57493007e+00 6.99772549e+00
 2.01804614e+00 1.58834991e+01 1.73762703e+01 1.92605591e+01
 1.14635487e+01 2.45724964e+00 8.99803340e-01 1.98733654e+01
 2.83941221e+00 7.39895248e+00 2.98731947e+00 7.96547055e-01
 6.45359516e+00 5.36598682e+00 1.01976639e+02 2.46119518e+01
 7.71725655e+00 1.77402782e+01 3.57443914e-02 2.35658360e+00
 1.83722725e+01 4.62480754e-01 4.25836601e+01 1.69764481e+01
 1.07278233e+01 3.01808350e+02 5.82420158e+00 1.71420746e+01
 4.12692223e+01 3.73737755e+01 4.18075204e-01 2.38837471e+01
 1.05195868e+00 6.19196653e-01 1.01723633e+02 6.11800842e+01
 3.45534515e+01 4.04905224e+00 3.05549622e+00 8.45538425e+00
 2.05970688e+01 6.48310614e+00 1.16015396e+01 1.81893873e+00
 5.08616543e+00 1.85806975e-01 1.50682611e+01 1.03332720e+01
 1.13981762e+01 1.24904203e+00 9.30790663e-01 9.62619114e+00
 1.50935450e+01 8.35801542e-01 7.58886909e+00 6.88358765e+01
 5.29740000e+00 3.67178059e+00 1.34367161e+01 8.31901455e+00
 5.21584778e+01 1.33478928e+01 1.56717622e+00 5.82637930e+00
 4.22988749e+00 1.47010684e+00 5.63286743e+01 1.28769338e+00
 6.72510605e+01 6.56687245e-02 1.29758096e+00 1.16741295e+01
 2.91829538e+00 3.82992101e+00 1.60655916e+00 2.91589661e+01
 4.35037575e+01 4.34949265e+01 4.08368635e+00 4.96720600e+00
 1.09211302e+01 1.73354819e-02 1.86461506e+01 7.97021985e-01
 5.05730724e+00 3.99698334e+01 7.56559789e-01 1.43850842e+01
 2.68635979e+01 7.06721663e-01 1.39162874e+00 8.68851662e-01
 6.35236502e-01 3.56338348e+01 1.19015474e+01 3.52814412e+00
 1.63036709e+01 8.70971527e+01 3.55836945e+01 5.39655018e+00
 1.97717667e+01 2.99293499e+01 1.55989513e-01 1.28715532e-02
 5.80913925e+00 1.09745598e+00 1.70706761e+00 4.08433151e+00
 3.68198961e-01 4.66426373e+00 3.28644454e-01 1.12044802e+01
 1.20514841e+01 1.47608595e+01 4.09392267e-01 2.40109062e+01
 2.10563450e+01 4.91240835e+00 4.38675022e+00 7.27177334e+00
 2.02131200e+00 1.56434650e+01 3.87439430e-01 1.10884571e+00
 3.28704357e+00 1.58796263e+00 6.61523743e+01 5.33178711e+01
 1.25536919e-01 4.91203117e+01 9.29206014e-01 1.31892478e+00
 2.49727368e+00 1.81492043e+01 2.31621170e+00 2.51387634e+02
 1.82994342e+00 2.75658756e-01 9.08561325e+00 3.32045579e+00
 2.74529606e-02 8.90624237e+00 1.04739107e-01 1.65875912e+01
 1.43872137e+01 2.26662230e+00 3.26918197e+00 4.30040169e+00
 4.15299644e+01 7.01904583e+00 2.50722580e+01 9.50347328e+00
 5.09327412e+00 2.07985139e+00 6.17599154e+00 7.12146807e+00
 2.29277782e+01 2.11255142e+02 6.03602295e+01 3.78800392e+00
 9.58841133e+00 1.11827717e+01 1.58729248e+01 6.82118845e+00
 9.39125836e-01 1.43633852e+01 2.14062989e-01 7.39199305e+00
 2.24331951e+01 1.55453706e+00 2.27627888e+01 9.87565708e+00
 1.30102425e+01 8.48257732e+00 3.83885193e+00 3.03236599e+01
 2.61148796e+01 2.32097700e-01 1.55635214e+00 1.84721434e+00
 1.66171581e-01 2.75346718e+01 1.23506737e+00 4.29313126e+01
 1.25704825e-01 4.21917629e+00 1.60730040e+00 1.34867191e+00
 1.20249939e+01 5.53602695e+00 7.66440153e-01 1.30172615e+01
 1.96628833e+00 1.64950430e+00 3.03136444e+00 5.41401978e+01
 1.04431963e+01 6.38573825e-01 3.09124947e+00 6.27343595e-01
 1.73818264e+01 1.44921052e+00 1.04523277e+00 4.13174362e+01
 8.03083229e+00 1.94832087e+00 1.84517765e+01 7.28424668e-01
 2.32908859e+01 6.71410179e+00 4.70244408e+01 1.15898800e+01
 1.23063936e+01 8.99138832e+00 1.91865559e+01 9.71703053e+00
 2.09406872e+01 1.45460529e+01 5.97098999e+02 8.21798682e-01
 7.81585541e+01 9.56012428e-01 9.63781071e+00 3.84175277e+00
 1.83585968e+02 6.76341553e+01 5.37407994e-01 3.16127243e+01
 1.33334136e+00 1.58371866e-01 3.53182411e+00 4.62879467e+00
 3.20173187e+01 5.17654359e-01 1.20342958e+00 7.93564606e+00
 4.74841952e-01 3.38977165e+01 5.29652309e+00 8.48056450e-02
 1.13324089e+01 4.04887009e+01 3.63927543e-01 6.49606895e+00
 4.33782965e-01 5.75807495e+01 1.37504661e+00 1.49719763e+01
 3.17075329e+01 1.05375731e+00 3.56759529e+01 2.94118762e+00],-358.87357,-388.1454,-396.50543,1.0452936,1.2538949,0.85837054,0.55372095,0.013701750411987304,3779.3244967460632,-0.1556267248846887,-0.041325513084081084,-0.15516499020130198,0.004285275157350666,23.054231960581607,25.099999999996967,0.0,275000.0,-2.0,-1000.0,500.0,6.586686134338379,275000
373.0294,0.06120667,0.25786504,0.002742682,-370.38953,370.38953,[3.52989584e-01 1.64423324e-02 2.75674462e-01 4.46350574e-02
 1.35667384e-01 9.46240127e-02 4.05375846e-03 1.76273137e-01
 3.03806737e-04 1.75933406e-01 5.48764944e-01 2.89819419e-01
 5.35340086e-02 9.20897365e-01 1.93269342e-01 9.68826056e-01
 1.02489129e-01 2.27666998e+00 1.67404085e-01 1.98577249e+00
 1.16098762e-01 7.28543624e-02 1.69065237e+00 8.05117190e-03
 8.15250993e-01 1.66807878e+00 1.27669707e-01 7.95393944e-01
 6.14519882e+00 4.73638065e-02 1.36273690e-02 1.84064806e-01
 1.38068521e+00 1.42545775e-01 1.47259802e-01 4.23406035e-01
 5.99984586e-01 2.04263665e-02 2.51333535e-01 4.80091751e-01
 2.30783939e-01 2.23120786e-02 4.91590738e-01 2.87929326e-02
 7.06498981e-01 1.83370042e+00 4.20737803e-01 2.67001063e-01
 1.02332905e-01 4.47656065e-01 9.81771387e-04 1.96243003e-01
 1.09374616e-03 1.61600858e-01 9.04468894e-02 2.35631227e-01
 1.28638312e-01 5.49535826e-02 7.68761933e-02 3.26404795e-02
 5.13666987e-01 3.73440981e-01 2.85886526e-01 1.07426308e-01
 1.15263069e+00 8.12140107e-02 2.94049919e-01 2.86814094e-01
 1.46186382e-01 1.63615122e-01 1.34076446e-01 1.08318701e-02
 2.53070623e-01 2.70561638e+01 3.26530755e-01 8.80220830e-02
 1.18133163e+00 1.03225507e-01 1.71339474e+01 7.32101321e-01
 3.59339023e+00 4.98652726e-01 8.84826481e-03 3.83458324e-02
 1.62155241e-01 1.64593942e-02 2.48105511e-01 2.21988738e-01
 1.69952929e-01 2.67975599e-01 4.32728529e-01 1.54876888e-01
 4.72997618e+00 5.03515005e-01 3.13306546e+00 1.00458252e+00
 9.27379951e-02 1.61291659e-01 4.30784404e-01 7.92432576e-02
 3.52139659e-02 7.80499727e-02 1.02559817e+00 1.75214380e-01
 6.48611933e-02 7.34501518e-03 4.49642912e-02 1.32397087e-02
 1.03516668e-01 2.98294783e+00 7.72829950e-02 3.33102383e-02
 2.40965083e-01 4.05926108e-02 1.52725995e-01 5.21760178e+00
 2.88138986e+00 2.50788003e-01 4.03136224e-01 2.60551907e-02
 7.40197957e-01 1.84496958e-03 1.02186091e-01 1.20490398e+01
 1.60398975e-01 4.95697051e-01 3.16766322e-01 3.36899236e-02
 2.42512614e-01 1.92847803e-01 1.78858018e+00 1.72804296e-02
 4.08237614e-03 2.36425586e-02 1.61776766e-02 1.27416694e+00
 3.78211230e-01 3.55494618e-01 1.35079546e+01 1.18724257e-01
 3.20879310e-01 1.70284003e-01 2.85970896e-01 9.16130692e-02
 1.09007083e-01 5.74701373e-03 2.41776615e-01 6.57396857e-03
 1.23140121e+00 2.58233607e-01 2.43985206e-02 5.98181039e-04
 1.46480091e-02 7.77153969e-01 3.12609859e-02 4.33314234e-01
 2.13182755e-02 3.55979609e+00 3.65760624e-02 2.53521979e-01
 3.75127755e-02 4.26388204e-01 1.20836245e-02 2.37475932e-02
 8.95847566e-03 5.27590811e-02 3.47152539e-02 1.08922729e+01
 4.47885469e-02 1.27521344e-03 1.26060732e-02 1.41880661e-02
 2.39424974e-01 1.60591397e-03 1.37101442e-01 2.95196009e+00
 6.95773005e-01 1.04165472e-01 1.17148280e-01 3.91323060e-01
 5.97216487e-01 1.27282739e-02 1.02015793e+00 3.49234417e-02
 5.57678986e+00 2.68155932e-01 8.68011452e-03 1.34423561e-02
 3.26530486e-02 1.50490189e-02 4.80611920e-01 1.13278367e-02
 1.22795045e-01 1.47782516e+00 2.67937958e-01 1.34521186e-01
 6.39960617e-02 2.07099485e+00 2.22955275e+00 9.68878269e-02
 2.10294500e-04 1.03081837e-02 3.42906713e-02 3.50408137e-01
 2.82654241e-02 2.17606932e-01 3.11713815e+00 3.23046744e-02
 1.84027292e-02 2.18782410e-01 6.46145344e-01 4.86198008e-01
 5.54580167e-02 2.43135750e-01 3.86517160e-02 4.77119356e-01
 6.68515825e+00 2.12911320e+00 9.08437893e-02 6.15185380e-01
 5.17439283e-03 2.86879730e+00 1.26506090e-01 1.13955811e-01
 7.50670210e-03 2.72569847e+00 7.01849386e-02 3.09094071e-01
 2.06002861e-01 1.31708831e-01 1.70932579e+00 2.05168343e+00
 1.08903892e-01 8.00879151e-02 4.02260542e-01 9.26627684e-03
 5.83482552e+00 1.43384337e-01 5.14362931e-01 4.13993839e-03
 3.12507987e-01 7.03065768e-02 2.44133487e-01 9.79550719e-01
 2.14240566e-01 4.39431953e+00 1.85789973e-01 5.48857227e-02
 4.36850563e-02 6.42758131e-01 3.83038789e-01 2.34525993e-01
 1.65541962e-01 8.33097398e-02 2.42083147e-02 1.57272488e-01],0.89428496,[3.31470966e-01 1.40169635e-04 3.29294540e-02 5.42416871e-02
 1.01154283e-01 9.82275680e-02 3.39691527e-03 1.81251705e-01
 6.97657187e-03 1.44046664e-01 7.52493918e-01 6.89291120e-01
 2.08906382e-02 1.30051994e+00 6.65450990e-02 2.67565280e-01
 6.94355071e-02 6.86928481e-02 1.83556914e-01 1.18367767e+00
 3.38962555e-01 5.39020374e-02 9.90242898e-01 9.43876803e-03
 5.12431383e-01 7.59569108e-01 1.14955038e-01 9.38043177e-01
 6.57414818e+00 7.19984099e-02 4.69678268e-02 1.93522587e-01
 1.13886371e-01 1.48196369e-01 1.03357360e-01 4.12553042e-01
 1.28758132e+00 5.30938245e-03 4.12618071e-02 5.46404958e-01
 2.59331882e-01 1.09866457e-02 1.40813422e+00 3.69806290e-02
 2.83717811e-01 9.88413751e-01 1.32503062e-01 3.10920656e-01
 7.34575510e-01 1.66303977e-01 1.21593662e-03 1.01426892e-01
 9.04430635e-04 7.55958408e-02 1.02701202e-01 2.45505854e-01
 4.47745174e-02 6.20561689e-02 6.00673221e-02 3.26460749e-02
 3.46676446e-02 1.83133245e-01 1.53786182e-01 2.98457779e-02
 2.72716880e-01 1.44375354e-01 1.74958795e-01 1.52772307e-01
 3.16319883e-01 9.60387364e-02 1.67813301e-01 1.89103186e-04
 7.24873692e-02 3.98507385e+01 4.99379694e-01 8.71655047e-02
 1.72896671e+00 8.05038512e-02 7.69131708e+00 9.77060318e-01
 2.60340691e+00 6.25632226e-01 1.62021592e-02 3.62821389e-03
 2.89965630e-01 9.47237536e-02 2.68947273e-01 1.38567746e-01
 5.58820218e-02 2.89101481e-01 3.18352878e-01 1.51974201e-01
 4.90148258e+00 6.32673979e-01 3.30750871e+00 7.05062211e-01
 9.47572142e-02 1.68276429e-01 1.17828202e+00 1.44306067e-02
 5.58274761e-02 6.78692162e-02 5.55883273e-02 2.54252180e-02
 1.40639961e-01 4.93726321e-03 2.21073106e-02 7.16860816e-02
 3.24129239e-02 4.23664808e-01 5.24419993e-02 4.51055169e-02
 2.30254471e-01 2.62630165e-01 9.83921885e-02 3.61842632e+00
 1.52103472e+00 4.51291084e-01 2.48684824e-01 2.65348926e-02
 4.11432445e-01 3.81824411e-02 9.74047780e-02 8.93480682e+00
 9.87026244e-02 2.74967283e-01 3.43623996e-01 2.60480121e-02
 9.89158154e-02 5.89692444e-02 2.92071867e+00 8.67322553e-03
 1.42842531e-04 7.82035664e-03 1.34478295e-02 3.71432400e+00
 3.61408502e-01 1.24200374e-01 7.22159767e+00 4.73958626e-02
 9.17539224e-02 1.18246906e-01 1.23510085e-01 4.29199263e-02
 7.46638700e-02 3.63388099e-03 6.96684495e-02 7.57989660e-03
 3.96297313e-04 1.53045192e-01 5.67808673e-02 2.42354162e-03
 4.98699769e-02 5.86084247e-01 2.60031261e-02 1.40628111e+00
 1.29352231e-02 3.68218279e+00 2.43519619e-02 1.36046559e-01
 6.29416555e-02 5.25529563e-01 6.92364015e-03 2.35846117e-02
 8.30461457e-03 1.12519085e-01 2.30409205e-03 1.14431219e+01
 3.27755064e-02 4.47266735e-04 1.58480108e-02 1.49424905e-02
 2.30252475e-01 6.02641422e-03 4.17634636e-01 1.31856632e+00
 6.37461543e-01 1.10398218e-01 8.42125893e-01 4.13509578e-01
 5.64934909e-01 8.85539688e-03 1.66893458e+00 3.73100378e-02
 4.10928917e+00 2.24156946e-01 5.80260344e-03 2.23626979e-02
 3.78639512e-02 7.14830309e-03 2.48111308e-01 9.80799273e-03
 1.63739268e-02 1.15262926e+00 4.59885359e-01 3.09612155e-01
 1.04518749e-01 1.49013191e-01 1.64634481e-01 8.09291825e-02
 7.75682274e-03 5.17443009e-03 3.48257609e-02 3.55282784e-01
 2.41786018e-01 1.15798078e-01 1.92759836e+00 2.84188911e-02
 1.37005541e-02 2.05606699e-01 5.31807914e-02 1.27778679e-01
 4.84096352e-03 1.29912838e-01 3.99051346e-02 9.89653349e-01
 9.28051567e+00 1.35397673e+00 4.26810309e-02 3.82309675e-01
 3.60468403e-03 1.85195222e-01 1.25932530e-01 1.84726492e-02
 7.87571073e-04 6.68858528e-01 5.37452884e-02 3.19743395e-01
 2.19225213e-01 1.90135792e-01 9.70231831e-01 8.17371905e-01
 7.06728846e-02 1.37132779e-01 3.17933619e-01 1.69291385e-02
 4.87037563e+00 3.86351079e-01 4.59302157e-01 7.91154206e-02
 2.07741156e-01 6.80794641e-02 6.52983785e-02 3.67809534e-01
 1.27660602e-01 1.09724225e-02 5.97157255e-02 7.25940242e-03
 5.61077334e-02 5.82122244e-02 2.32335716e-01 1.67280570e-01
 1.84501827e-01 3.40152718e-02 2.06334740e-02 4.11109403e-02],-308.16766,-383.77502,-400.0,1.0356472,1.2951746,0.9785907,0.5523813,31.915129,-35.374146,237.23026,390.6531,0.64723617,0.33830848,0.07116435,-386.62277,386.62277,[7.08685994e-01 6.65743530e-01 1.86857147e+01 3.11426735e+00
 5.69424343e+00 1.36963820e+00 6.01922607e+01 7.68865662e+01
 2.07767487e+01 7.05191940e-02 8.62369843e+01 1.44051628e+01
 1.15556848e+00 1.32393351e+01 5.11994934e+00 2.56789780e+01
 3.40353203e+00 1.63466120e+00 2.51200247e+00 2.44384632e+01
 1.00149260e+01 1.00478029e+00 1.32468462e+00 9.53382134e-01
 9.38402557e+00 7.76576172e+02 3.35316896e+00 1.48345985e+01
 6.33421860e+01 9.41031170e+00 8.25459480e+00 3.42750096e+00
 8.30473042e+00 1.11252725e+00 5.44864044e+01 7.52578506e+01
 1.68477726e+01 4.35204554e+00 1.61067247e-01 1.70251827e+01
 2.15109329e+01 2.17993903e+00 2.80033499e-01 6.42377496e-01
 2.77814198e+00 5.21285915e+00 1.32906899e-01 9.17754555e+00
 7.10142672e-01 1.13594046e+01 5.27073288e+00 2.58076878e+01
 1.70497596e+00 2.41105957e+01 3.11571169e+00 1.40071511e+00
 2.01096115e+01 3.33916879e+00 3.84627266e+01 6.99135923e+00
 2.38280029e+01 1.87365627e+01 1.17861433e+01 1.56254530e+00
 1.18359537e+01 2.99316902e+01 4.59350109e+00 4.37121773e+00
 4.38477471e-02 2.26514225e+01 3.93984842e+00 1.44801283e+00
 1.19959927e+01 1.24154034e+01 4.28695965e+00 1.24941925e+02
 3.15224571e+01 1.25262785e+00 7.62774467e+00 4.44926310e+00
 1.94909349e-01 6.19145870e-01 1.83561218e+00 7.29082012e+00
 3.76438928e+00 6.24770260e+00 9.96480560e+00 3.28575587e+00
 1.24550085e+01 2.51655197e+01 8.15433264e-02 1.17137852e+01
 2.57889214e+01 1.31379455e-01 3.87700170e-01 3.79907675e-02
 9.52469349e+00 8.12679672e+01 1.29845190e+00 1.33351532e+02
 1.22461185e+01 1.34097290e+01 2.49798417e-01 3.96989226e-01
 7.45719194e-01 5.17232752e+00 1.19671888e+01 7.84299469e+00
 1.21945477e+01 2.73193026e+00 1.15964828e+02 1.25590267e+01
 7.40999746e+00 3.54799128e+00 2.40830078e+01 1.31096399e+00
 3.38667727e+00 2.14595985e+01 1.93825245e+01 4.17039919e+00
 1.74669683e+00 4.10090256e+00 7.29172211e+01 3.98912506e+01
 1.29797697e+01 1.95789909e+00 1.17163639e+01 7.02389574e+00
 2.48980865e+01 3.83453488e+00 1.35577450e+01 1.96178627e+01
 1.90122652e+00 1.12356300e+01 4.35371935e-01 9.56123447e+00
 3.64591026e+01 9.88769150e+00 3.62199497e+00 2.37186980e+00
 1.05680799e+01 1.92527828e+01 1.08943996e+01 7.79193115e+00
 8.42434227e-01 2.62243986e+00 2.08406582e+01 1.84792953e+02
 4.92925555e-01 9.09067690e-01 1.55193412e+00 5.00184107e+00
 4.68341589e+00 2.17683792e+01 9.91764908e+01 1.35061681e+00
 1.29821182e+02 9.62124176e+01 2.56334233e+00 1.17795956e+00
 1.85853779e+00 7.11370170e-01 3.21365318e+01 4.88251352e+00
 3.52197194e+00 2.04729295e+00 2.05427151e+01 1.17028227e+01
 3.30800295e-01 1.70175326e+00 7.89762783e+00 7.45476837e+01
 7.84809780e+00 1.32814479e+00 5.71727514e+00 3.96732593e+00
 2.81552225e-02 3.96020317e+01 1.43278713e+01 8.79260480e-01
 1.69810152e+00 1.37803717e+01 1.45116089e+02 2.69176650e+00
 5.27642775e+00 3.74439573e+00 3.34026861e+00 1.11821890e+00
 3.10161734e+00 5.11874259e-02 8.36979771e+00 1.43632660e+01
 1.43280945e+01 1.06412430e+01 3.18642211e+00 2.53391075e+00
 1.19422760e+01 3.41413879e+00 8.38081551e+00 3.16357727e+01
 2.16621375e+00 8.59508395e-01 5.27867985e+00 2.11784458e+01
 1.19607944e+01 3.72046051e+01 1.19510710e+00 3.15429020e+00
 1.68517933e+01 4.25652027e+00 2.61206799e+01 3.99782276e+00
 1.36568346e+01 1.14004240e+01 5.85416257e-01 7.57844567e-01
 6.09437866e+02 2.90777779e+00 3.28311181e+00 2.26978049e-01
 3.90240908e+00 2.84328318e+00 1.40722644e+00 1.33278870e+02
 5.97361832e+01 6.09356022e+00 1.00033426e+01 2.14093256e+00
 2.46601462e-01 5.66297388e+00 1.56556889e-01 7.01615572e+00
 2.50538216e+01 3.26153418e+04 6.91191375e-01 1.79849415e+01
 6.70249081e+00 5.44375706e+00 5.02002895e-01 7.44520903e+00
 1.64701080e+00 1.37466263e+02 4.08623657e+01 1.96359425e+01
 1.36695600e+00 3.54809494e+01 1.87709367e+00 2.03926086e+00
 2.19828415e+01 3.00181580e+00 9.32326698e+00 5.73957682e-01
 2.93837414e+01 7.33993378e+01 5.13389740e+01 6.14914398e+01],135.03058,[7.10583270e-01 1.00899184e+00 1.85263786e+01 2.61818695e+00
 5.13845158e+00 1.07985675e+00 5.98491402e+01 7.59437256e+01
 2.10170994e+01 2.68601716e-01 8.97378006e+01 1.39395161e+01
 3.36594552e-01 1.36723127e+01 5.11630344e+00 2.55256939e+01
 3.36266851e+00 1.65602422e+00 2.43864655e+00 2.41555023e+01
 9.98950672e+00 1.26346993e+00 1.10770547e+00 7.88284481e-01
 4.21569443e+00 7.77424805e+02 3.66085720e+00 1.47454720e+01
 6.24635925e+01 9.28725052e+00 8.23085785e+00 3.49166369e+00
 7.94858646e+00 7.72609770e-01 5.42303391e+01 7.47416382e+01
 1.70825157e+01 3.42803049e+00 1.81523889e-01 1.62069912e+01
 2.14040680e+01 2.14008284e+00 3.29016030e-01 6.68540835e-01
 2.81973958e+00 4.72540760e+00 1.11290514e-01 7.88801527e+00
 5.02042174e-01 1.17596149e+01 6.34496212e+00 2.42538185e+01
 2.00911927e+00 2.41432838e+01 3.24549937e+00 8.68950367e-01
 1.95802555e+01 3.36698866e+00 3.64404793e+01 5.01265574e+00
 2.39918690e+01 1.89805088e+01 1.19415417e+01 1.72018409e+00
 1.17906570e+01 2.90558529e+01 6.30087328e+00 4.46215820e+00
 4.46290821e-02 1.80954800e+01 3.51229644e+00 1.62509120e+00
 1.31342907e+01 1.24216099e+01 5.30043602e+00 1.22730919e+02
 3.14683495e+01 1.27187884e+00 7.55143642e+00 4.37406683e+00
 5.36131024e-01 5.93786895e-01 1.57348144e+00 7.10621929e+00
 4.20104313e+00 6.25888824e+00 1.05126495e+01 3.26248550e+00
 1.07090378e+01 2.49309883e+01 1.45074546e-01 3.84693766e+00
 2.60757179e+01 1.74649194e-01 8.28320146e-01 5.20123243e-02
 1.23741293e+01 8.08704681e+01 1.45103693e+00 1.15203041e+02
 1.24070253e+01 1.35268154e+01 4.02277917e-01 2.98933089e-01
 7.50564933e-01 5.22705269e+00 1.23114090e+01 7.73278809e+00
 1.22604361e+01 2.73464990e+00 1.15233566e+02 1.25981312e+01
 5.58629560e+00 3.57367134e+00 2.62033787e+01 1.73858500e+00
 3.37971425e+00 2.33176918e+01 1.49702892e+01 3.96164489e+00
 1.03584194e+00 3.22199988e+00 6.95245895e+01 4.09228249e+01
 9.76754761e+00 1.14922810e+00 1.09760170e+01 7.81997490e+00
 2.63480759e+01 3.39748293e-01 1.36996231e+01 2.01421375e+01
 6.57908022e-01 3.85775924e+00 3.90650332e-01 9.30159187e+00
 3.57058449e+01 8.98553181e+00 4.21210098e+00 4.10276145e-01
 1.07002659e+01 1.92954216e+01 1.05947971e+01 7.35507631e+00
 3.72616738e-01 2.75505900e+00 2.04239006e+01 2.01523560e+02
 3.20838958e-01 7.98442066e-01 1.27488184e+00 6.62971640e+00
 4.87305927e+00 2.13991356e+01 9.64286804e+01 1.36492705e+00
 1.28969177e+02 8.35372467e+01 2.27650738e+00 5.61090827e-01
 1.89497614e+00 2.96580791e-01 3.17807865e+01 5.26862288e+00
 3.62282825e+00 3.51211476e+00 1.50314941e+01 1.17194405e+01
 3.10999811e-01 1.63609374e+00 8.62281227e+00 7.43210449e+01
 8.02930832e+00 1.38342786e+00 5.27136374e+00 4.71760368e+00
 2.03343667e-02 3.69025764e+01 1.42523575e+01 6.70522809e-01
 1.65238094e+00 1.25122967e+01 1.57888489e+02 2.84757137e+00
 3.93646717e+00 4.64241457e+00 2.17060947e+00 1.02535892e+00
 3.07562900e+00 7.63021484e-02 8.74386406e+00 1.40618153e+01
 1.40653238e+01 1.03609781e+01 3.41010475e+00 2.49616718e+00
 8.83643913e+00 2.93386531e+00 8.12065029e+00 3.20107498e+01
 2.06100249e+00 8.67345929e-01 6.60903645e+00 2.17658806e+01
 1.18036537e+01 3.70040131e+01 1.40582395e+00 3.09224224e+00
 1.61448479e+01 4.18067455e+00 2.59086685e+01 3.95801735e+00
 1.26753597e+01 1.13576584e+01 5.61148584e-01 6.04291975e-01
 1.09970325e+03 3.10095716e+00 4.33209705e+00 2.23599911e-01
 3.91067219e+00 2.21980500e+00 1.72216690e+00 1.14198761e+02
 5.93588943e+01 7.13914680e+00 1.07231531e+01 2.13064575e+00
 2.08547771e-01 5.55844831e+00 2.58514285e-01 6.82086325e+00
 2.55262566e+01 2.15986582e+04 6.88436449e-01 1.67752724e+01
 6.64544392e+00 5.60087013e+00 7.41955519e-01 4.48446274e+00
 2.21646428e+00 1.39195419e+02 4.03175430e+01 1.85608597e+01
 1.11272049e+00 3.64590607e+01 2.54855967e+00 2.09048104e+00
 1.58045745e+00 3.45511246e+00 1.47190552e+01 5.45194864e-01
 2.94600716e+01 6.94462433e+01 5.27816391e+01 6.15554390e+01],-231.27753,-387.89026,-397.13882,1.0451884,1.3122668,0.76460373,0.5537213,0.013131756467819214,4107.618427276611,-0.08668645935064545,-0.00018195848438166582,-0.08668871842037983,0.0003985556911586204,-0.6845412829015362,25.099999999996967,0.0,300000.0,-2.0,-1000.0,500.0,6.547272443771362,300000
365.971,0.06305633,0.33358383,0.0028484033,-362.5721,362.5721,[1.29645854e-01 2.10348107e-02 4.41004559e-02 2.34688115e+00
 2.03218126e+00 9.29651111e-02 2.51717305e+00 1.06436741e+00
 1.41225517e+00 7.01135695e-01 6.46669149e-01 1.14364170e-01
 7.32251927e-02 2.78962515e-02 3.61549664e+00 2.63414311e+00
 6.41842425e-01 1.39817700e-01 1.68799019e+00 1.00989938e-01
 2.08690667e+00 1.61887378e-01 1.08352566e+00 1.03351213e-02
 1.91183543e+00 1.18708581e-01 2.92742625e-02 5.50311148e-01
 1.77221596e-02 5.60273647e+00 1.15873404e-01 5.03810588e-03
 1.77687362e-01 6.09902479e-02 2.33565331e+00 1.08337700e-02
 1.73403263e+00 3.49829745e+00 1.99815254e+01 7.34588429e-02
 1.61685371e+01 4.61411197e-03 1.87022239e-02 4.75992489e+00
 7.18679476e+00 1.27281153e+00 1.07945301e-01 3.70960683e-01
 7.67487362e-02 1.05363393e+00 4.71729971e-03 8.51997375e-01
 2.28878021e+00 1.27756548e+00 1.95047081e-01 1.60012990e-02
 6.82554722e-01 4.68480811e-02 1.05961294e+01 1.12080693e-01
 4.11181736e+00 2.34994054e-01 2.48014957e-01 9.02581453e-01
 2.13921927e-02 2.45013207e-01 4.91373062e-01 1.27605200e-01
 1.11151271e-01 1.62910894e-02 1.53379012e-02 3.40189710e-02
 1.30790663e+00 8.20157398e-03 9.67016909e-03 1.06567610e-03
 6.53425828e-02 2.62106419e-01 4.28767502e-02 1.86050273e-02
 1.16032457e+00 3.02007437e-01 6.33784628e+00 2.23630965e-01
 5.05399108e-01 1.28247774e+00 7.37036049e-01 6.19803095e+00
 3.44968557e-01 4.03395700e+00 3.21876146e-02 9.01995945e+00
 9.91351318e+00 3.64079513e-02 2.98751146e-01 1.02303967e-01
 1.33044267e+00 1.02239347e+00 1.21716022e-01 3.05963401e-03
 9.80069116e-02 2.94724655e+00 4.28436488e-01 1.70805573e-01
 3.53728354e-01 9.04237330e-02 1.53912343e-02 1.77310295e-02
 6.60843477e-02 9.97988045e-01 1.50939906e-02 6.85702786e-02
 1.96415520e+01 2.64628083e-01 1.16553046e-02 4.18783009e-01
 3.86076748e-01 2.35762037e-02 2.81513333e-02 1.61095649e-01
 8.34959447e-02 1.02363694e+00 2.15916455e-01 2.80153751e+00
 9.32901353e-02 1.24718808e-01 6.74723089e-02 4.60834056e-02
 1.92067042e-01 3.21330833e+00 1.28976583e+00 2.62917995e-01
 1.00637138e-01 1.03668071e-01 7.38799572e-02 6.76010773e-02
 1.74667016e-02 2.73542479e-03 4.43969630e-02 4.84862149e-01
 3.19041982e-02 8.36732313e-02 1.96997297e+00 1.26674914e+00
 6.71280921e-01 1.06226194e+00 1.49430901e-01 7.58668542e-01
 5.50244786e-02 5.15100881e-02 4.94886816e-01 1.05223089e-01
 7.40031481e-01 3.76895845e-01 4.55066013e+00 1.45122573e-01
 1.74865611e-02 4.31529991e-02 1.37668580e-01 1.65471601e+00
 3.44571859e-01 2.40519595e+00 6.49582326e-01 8.44941288e-02
 5.94442987e+00 6.37815535e-01 1.28335929e+00 3.71548772e-01
 3.78524605e-03 5.89852691e-01 4.55376357e-02 1.89072418e+00
 2.90540367e-01 2.47582698e+00 3.70399022e+00 2.09905052e+00
 2.24279258e-02 1.39051089e-02 5.64778335e-02 1.38030958e+00
 5.41037358e-02 4.57242504e-02 3.73244703e-01 8.15666318e-01
 3.13149065e-01 5.89569151e-01 1.81465417e-01 1.07399426e-01
 1.00385301e-01 1.54693365e-01 4.99546789e-02 6.40078411e-02
 7.67300203e-02 1.01256597e+00 9.24335271e-02 7.19545722e-01
 6.73592687e-01 6.25555336e-01 4.12837744e-01 2.42644620e+00
 2.73644961e-02 7.24266246e-02 1.07281819e-01 2.31685974e-02
 4.46549244e-03 1.96990706e-02 2.86879361e-01 7.78463542e-01
 8.05132985e-01 2.23534346e-01 2.68469572e-01 1.49911895e-01
 8.70145112e-02 3.62059937e+01 2.23430610e+00 4.35237646e-01
 9.04838592e-02 8.63201693e-02 6.84631467e-02 2.85196275e-01
 4.08877659e+00 1.73431277e-01 1.51166394e-01 3.33346985e-02
 4.32641697e+00 1.20321505e-01 1.50703681e+00 1.62387401e-01
 3.98708582e-01 1.45922196e+00 7.65810758e-02 2.79399529e-02
 4.14106343e-03 1.64634898e-01 8.26819986e-02 6.58873394e-02
 4.20622778e+00 2.94178464e-02 7.85346180e-02 3.43354702e-01
 7.87977315e-03 2.76437759e-01 3.64990905e-04 5.24461381e-02
 7.28137589e+00 8.37183177e-01 3.59302521e-01 1.55424070e+00
 5.07777184e-02 3.13291848e-01 4.29760739e-02 3.35236862e-02
 4.81625944e-01 2.05035731e-01 6.56452060e-01 4.56676912e+00],1.2818477,[1.64500535e-01 2.07832977e-02 3.01465206e-02 4.94221973e+00
 1.86173558e+00 6.27362281e-02 2.08665419e+00 4.72730339e-01
 2.95735431e+00 4.26542699e-01 6.92208707e-01 8.20141882e-02
 2.11293437e-02 2.86865570e-02 6.06847584e-01 2.47214794e+00
 4.16521467e-02 2.74400532e-01 3.08689451e+00 2.59442739e-02
 2.08000898e-01 1.42989814e-01 2.06179667e+00 1.47682475e-02
 2.92563343e+00 4.39043716e-02 4.76479754e-02 4.81901437e-01
 1.05678635e-02 8.79772007e-02 1.29447117e-01 1.84025709e-03
 1.62046731e-01 6.21775761e-02 2.31852579e+00 9.59067233e-03
 2.81864500e+00 3.59762645e+00 1.82031040e+01 1.28957570e-01
 1.54961777e+01 1.78631544e-02 1.23222703e-02 2.60714144e-01
 7.42905426e+00 1.64686930e+00 1.32656276e-01 3.28385919e-01
 7.12242573e-02 6.58431888e-01 2.56476551e-03 1.61964464e+00
 4.86468345e-01 3.47160518e-01 6.33018464e-02 1.29627064e-02
 4.97346148e-02 2.01392025e-02 8.13205615e-02 1.28113031e-01
 7.78430045e-01 1.77328557e-01 2.43595913e-01 7.30969429e-01
 4.58871275e-02 2.05808893e-01 6.09481156e-01 1.18604377e-01
 2.49038920e-01 2.09311210e-02 1.99204162e-02 2.54280120e-02
 8.15014839e-01 3.40370554e-03 1.26502234e-02 6.54021278e-04
 6.05927520e-02 7.19437301e-02 2.21607871e-02 2.43546069e-02
 6.53772473e-01 6.94258809e-02 3.44596410e+00 3.39379698e-01
 4.67848718e-01 1.81457448e+00 1.32306170e+00 2.91223979e+00
 1.78153098e-01 7.39720821e+00 2.58186758e-02 7.21887922e+00
 9.66661739e+00 4.68279049e-02 7.26486966e-02 2.07415596e-03
 5.63346684e-01 1.36662948e+00 2.85437644e-01 1.26232833e-01
 9.94029865e-02 3.20372391e+00 5.37236035e-01 2.56327987e-01
 2.80411005e-01 6.60590827e-02 6.12631533e-03 1.65082682e-02
 5.02602682e-02 8.12167883e-01 8.30282364e-03 7.64589459e-02
 4.72622252e+00 3.01681817e-01 2.95330994e-02 3.89029413e-01
 3.97229373e-01 6.64098654e-03 5.88765740e-03 6.67211175e-01
 8.97516757e-02 8.23061585e-01 3.58206779e-01 3.19753599e+00
 2.71152198e-01 6.01243712e-02 2.10825503e-02 1.83193460e-02
 2.73853987e-01 2.20981598e+00 9.39198792e-01 1.06142476e-01
 3.59916873e-02 9.81469154e-02 7.72051960e-02 4.05039191e-02
 1.19614750e-02 2.83165090e-02 3.07212695e-02 5.04967630e-01
 3.95181850e-02 1.07382633e-01 1.35920238e+00 4.42428112e-01
 9.63456511e-01 2.56670475e+00 2.15982586e-01 7.49498606e-01
 6.01910427e-02 3.96272093e-02 1.50891095e-01 8.21101665e-02
 1.60072774e-01 3.35624814e-01 4.39509773e+00 9.64786112e-02
 2.20874362e-02 2.58382320e-01 1.25206634e-01 2.94640589e+00
 4.70777839e-01 1.64994311e+00 2.24328965e-01 8.53870809e-02
 8.46071243e+00 2.69999295e-01 7.03529537e-01 3.88741821e-01
 1.55904759e-02 2.03020021e-01 3.74837555e-02 2.27225915e-01
 3.02665800e-01 9.05925632e-01 2.72732139e+00 2.00244880e+00
 1.50274754e-01 5.76718934e-02 8.86549726e-02 1.96671557e+00
 3.02647501e-02 6.13647178e-02 3.93982530e-01 1.60021335e-01
 7.46636316e-02 1.22450650e-01 2.09482536e-01 1.29499048e-01
 2.79370248e-02 7.90598840e-02 1.15003839e-01 7.19259828e-02
 8.17863792e-02 3.70089799e-01 2.20355764e-01 8.38544309e-01
 5.17495155e-01 2.37358093e-01 3.25121760e-01 1.04656327e+00
 5.45056760e-02 4.60015088e-02 1.52843386e-01 2.40708180e-02
 6.30877260e-03 1.38774980e-02 3.19097579e-01 7.17856765e-01
 1.86495304e-01 1.55968404e+00 6.07589260e-03 2.74359763e-01
 2.44183436e-01 3.70491982e+01 2.31496716e+00 3.47415626e-01
 4.00757864e-02 4.75330800e-02 6.92423135e-02 1.56976178e-01
 2.61277056e+00 9.37561691e-02 6.16466664e-02 3.42604518e-02
 8.10621619e-01 8.07381272e-02 1.39513385e+00 5.32940745e-01
 4.69414324e-01 1.28923035e+00 8.16789195e-02 2.86517888e-02
 8.15449748e-03 9.96754766e-01 1.13268338e-01 6.92021772e-02
 4.45442486e+00 2.26969719e-02 5.49230278e-02 1.09696455e-01
 2.33911164e-03 5.19022048e-01 1.21632153e-02 5.24378233e-02
 3.46140552e+00 1.22696757e-01 1.89175710e-01 1.37105656e+00
 6.21571094e-02 9.64929610e-02 6.13809079e-02 5.26983328e-02
 4.06462610e-01 3.81658942e-01 8.97154033e-01 1.21278515e+01],-291.2196,-379.82358,-400.0,1.037486,1.4921288,0.9819267,0.5526504,65.94761,-71.23784,497.28943,391.53152,0.7203893,0.35818863,0.0667507,-387.22925,387.22925,[1.11467724e+01 9.59736862e+01 4.20777369e+00 2.64617968e+00
 1.00359173e+01 8.66465664e+00 5.17131042e+00 9.13819504e+00
 1.37716246e+00 4.10319138e+01 1.86018600e+02 5.52989149e+00
 1.43103087e+00 5.99376440e-01 3.34632063e+00 2.42162681e+00
 7.52399206e-01 2.72228451e+01 4.28232700e-02 6.53694391e+00
 6.99130356e-01 2.42983341e-01 9.97335434e+00 9.06230658e-02
 3.13918424e+00 4.03294220e+01 2.06024231e+02 5.71867228e+00
 7.02196217e+00 6.71016693e+01 9.39359248e-01 5.82698099e-02
 1.02005264e+02 2.63818359e+01 7.35269629e+03 6.77013731e+00
 6.80047607e+01 1.03800118e-01 3.02700281e-01 1.98370743e+01
 1.74696903e+01 1.17970085e+01 2.27226114e+00 5.45996284e+00
 2.21693110e+00 1.81788387e+01 2.85567105e-01 1.17174759e+01
 1.72968173e+00 3.52237244e+01 2.32932816e+01 2.14360619e+00
 9.42553139e+00 7.85884082e-01 8.07046318e+00 1.77996006e+01
 9.26863480e+00 2.29547763e+00 8.98910999e+00 2.78235555e-01
 2.11012816e+00 2.83721313e+01 5.91409016e+00 1.79903650e+00
 1.59486176e+02 4.78924294e+01 1.44142628e+01 2.81818581e+01
 6.66273346e+01 3.87533247e-01 1.01543274e+01 3.26553764e+01
 5.16664934e+00 1.94381094e+00 1.12532997e+01 1.13625822e+01
 1.24466503e+00 5.04087734e+00 3.41477776e+00 6.31583977e+00
 1.30728178e+01 4.27424145e+00 1.71977103e+00 1.84216709e+01
 7.03267908e+00 3.40315399e+01 5.66878014e+01 3.80913162e+00
 9.14447880e+00 1.85525589e+01 1.62048662e+00 8.69388866e+00
 3.21178741e+01 5.40352478e+01 3.79935265e+00 3.27229271e+01
 5.04085302e-01 4.40802276e-01 5.02057419e+01 5.66995907e+00
 6.85196972e+00 5.34147930e+00 6.37867403e+00 1.74103677e+00
 2.10820274e+01 3.27511047e+02 2.63748378e-01 8.60450745e+00
 1.59826126e+01 1.03530228e+02 1.44466572e+01 5.23321342e+00
 5.99383414e-01 7.79035807e-01 8.42899680e-01 3.17763162e+00
 7.66732073e+00 2.79941320e+00 2.21740379e+01 1.70578747e+01
 1.12995462e+01 6.68468094e+00 1.37297440e+00 1.75216293e+01
 1.32161701e+00 4.72913513e+01 2.31154881e+01 9.14983654e+00
 8.15934753e+00 7.08709359e-01 4.93971825e+01 2.79316735e+00
 3.71209764e+00 2.81728458e+01 6.98463535e+00 7.05684357e+01
 1.30574036e+02 6.98043728e+00 1.50821298e-01 1.91456375e+02
 2.54447079e+01 1.03820467e+01 2.47451439e+01 5.03594279e-01
 2.44069614e+01 1.02875936e+00 1.19704612e-01 3.41274033e+01
 3.79448652e+00 6.54136276e+00 3.44654918e-01 1.00100937e+02
 8.28940094e-01 5.68590088e+01 4.97595221e-01 1.00257446e+02
 6.78281355e+00 4.79194603e+01 2.88896650e-01 1.39682884e+01
 9.70928311e-01 9.06425667e+00 1.54369384e-01 1.69623661e+00
 4.04790154e+01 2.81845551e+01 1.04115839e+01 2.57755965e-01
 2.37055373e+00 1.32867193e+00 9.89291668e+00 5.89234047e-02
 5.63275099e+00 2.94453506e+01 2.97444820e-01 3.79745102e+01
 1.69757724e+00 1.40939636e+01 4.92777288e-01 1.56633496e+00
 1.42409439e+01 1.26644573e+01 6.52215528e+00 5.07894058e+01
 7.30766916e+00 3.13685074e+01 3.70072317e+00 5.57741702e-01
 3.21783781e-01 5.95636129e-01 3.83462977e+00 1.37385931e+01
 1.04638112e+00 2.82893777e+00 1.95177643e+02 5.27984679e-01
 2.16963501e+01 7.11685547e+02 2.04034595e+01 5.98826504e+00
 5.73480415e+00 2.12883639e+00 2.88579750e+00 9.76376176e-01
 1.01689659e+02 3.33521152e+00 4.93959503e+01 2.26923299e+00
 7.70950394e+01 1.97231522e+01 2.73996925e+00 1.08917847e+01
 7.07767677e+00 3.75393659e-01 2.85791035e+01 6.74282551e+00
 3.74786162e+00 6.68240190e-02 6.04502487e+01 1.83281958e+00
 6.06071520e+00 4.06060600e+00 1.24001002e+00 2.68720932e+01
 1.94202244e-01 4.00216246e+00 7.80935097e+00 1.58750572e+01
 3.20825028e+00 8.63649445e+01 1.73518747e-01 4.14939928e+00
 1.84997997e+01 6.14347696e-01 2.41909714e+01 1.39791279e+01
 1.88518882e-01 1.82311707e+02 4.09067249e+00 1.68124924e+01
 3.86455631e+00 5.18114042e+00 9.70148683e-01 4.16591597e+00
 1.03999878e+02 4.50093174e+00 4.42144036e-01 1.57623566e+02
 2.94756055e-01 1.74444449e+00 4.79203529e+01 4.70070572e+01
 7.53601599e+00 3.98428879e+01 4.42518616e+01 1.39234260e-01],59.554115,[1.01426077e+01 9.20643311e+01 4.73979044e+00 2.71479416e+00
 9.79414940e+00 8.36493111e+00 3.46810961e+00 8.74027729e+00
 1.32308984e+00 4.84051933e+01 1.86090912e+02 5.65784740e+00
 1.63517118e+00 5.62905595e-02 2.37667418e+00 2.21438408e+00
 7.46781945e-01 2.92570362e+01 3.62742022e-02 5.75707150e+00
 6.99070096e-01 2.28745535e-01 9.78509903e+00 1.44695014e-01
 3.26701832e+00 4.09222946e+01 1.49524857e+02 5.64729023e+00
 6.53694582e+00 6.64427185e+01 8.97130430e-01 1.00822985e-01
 1.03447815e+02 2.55813770e+01 9.05784766e+03 9.25691509e+00
 6.79841232e+01 2.86207497e-01 2.50292838e-01 1.95968132e+01
 1.72149849e+01 1.94630814e+01 2.64187360e+00 1.12306156e+01
 2.74919271e-01 2.34564571e+01 2.73276091e-01 1.14117422e+01
 3.50187272e-01 3.49633636e+01 2.17871780e+01 2.39902282e+00
 9.29186630e+00 1.39341569e+00 7.94346046e+00 1.88214607e+01
 9.15836716e+00 2.58675265e+00 9.23276234e+00 2.51100838e-01
 5.56052327e-01 2.93786335e+01 5.72572803e+00 1.74731183e+00
 1.51957397e+02 2.28565350e+01 1.41829224e+01 2.87962189e+01
 6.67933578e+01 4.11669254e-01 9.97320175e+00 3.31286697e+01
 4.24837685e+00 1.90315533e+00 1.14725342e+01 1.11036100e+01
 1.30794239e+00 4.88651323e+00 3.74141741e+00 6.36541653e+00
 1.23690491e+01 3.86931157e+00 1.80241299e+00 1.53964853e+01
 6.58586311e+00 4.34097443e+01 5.72837563e+01 3.73724079e+00
 9.64679718e+00 1.42795410e+01 1.61735296e+00 8.68131828e+00
 3.23792152e+01 4.77962379e+01 3.87416148e+00 3.11207504e+01
 5.76190472e-01 4.53165203e-01 5.39653740e+01 4.61439133e+00
 6.75578213e+00 4.26491451e+00 6.58680153e+00 1.71615040e+00
 2.15755157e+01 3.26574585e+02 8.42939839e-02 8.69224834e+00
 1.59883270e+01 9.98309937e+01 1.42588272e+01 2.80678129e+00
 5.69430709e-01 7.69767284e-01 9.61399913e-01 1.78216791e+00
 6.43171787e+00 2.63105035e+00 2.39091225e+01 1.71190186e+01
 1.10874052e+01 6.59962225e+00 1.44433188e+00 1.04196815e+01
 1.40243638e+00 4.85194702e+01 2.33867397e+01 1.02117701e+01
 7.86087227e+00 7.11421192e-01 5.02745209e+01 4.76291275e+00
 2.70734334e+00 2.57422371e+01 7.63602495e+00 7.02745819e+01
 1.33297775e+02 6.08994770e+00 1.53477132e-01 1.87319946e+02
 2.53938503e+01 1.05557079e+01 2.59527416e+01 5.49421489e-01
 2.31302872e+01 1.02559662e+00 9.96814072e-02 2.95072289e+01
 4.62629843e+00 3.00772429e+00 1.90794960e-01 7.99305191e+01
 8.29155028e-01 5.36578178e+01 3.44729006e-01 9.66344604e+01
 5.31035995e+00 4.65848999e+01 2.97304630e-01 1.35533133e+01
 9.24694180e-01 8.85912991e+00 1.42606169e-01 2.89401340e+00
 3.11574402e+01 2.79861221e+01 9.70101738e+00 4.06934619e-01
 2.89954424e+00 1.25468612e+00 1.33529949e+01 7.61487484e-02
 5.10917568e+00 3.67803040e+01 2.14396760e-01 3.93806915e+01
 1.23509777e+00 1.43443871e+01 8.78303051e-01 1.60127735e+00
 1.44258976e+01 1.06928339e+01 6.31276512e+00 4.25938110e+01
 9.01763058e+00 3.60055046e+01 3.81247735e+00 6.02622390e-01
 3.88921767e-01 5.95096469e-01 4.30204439e+00 1.35985603e+01
 9.89040434e-01 2.84093428e+00 1.97924301e+02 8.46342266e-01
 2.07779884e+01 5.10687256e+02 2.09513435e+01 6.61044979e+00
 5.16192532e+00 2.27191567e+00 2.84080935e+00 4.88085222e+00
 8.80627136e+01 2.61752367e+00 4.05624313e+01 2.18169451e+00
 7.55568619e+01 1.89729519e+01 3.47965169e+00 1.03529396e+01
 7.87837458e+00 3.54969978e-01 2.86722507e+01 6.08554983e+00
 3.25426745e+00 7.51320049e-02 5.77745590e+01 4.05188465e+00
 5.45337963e+00 1.41872368e+01 1.43037891e+00 2.77936783e+01
 2.10779324e-01 2.42809820e+00 7.80596066e+00 1.57583408e+01
 3.14957309e+00 8.47740936e+01 1.15080461e-01 1.50231481e+00
 1.77108746e+01 9.22305465e-01 2.38842201e+01 1.45980110e+01
 4.02466208e-01 1.84789673e+02 4.10013247e+00 1.80645428e+01
 3.82778430e+00 3.10128164e+00 1.24066365e+00 4.22773743e+00
 1.03739166e+02 1.19428408e+00 2.49265879e-01 1.59446854e+02
 4.22792912e-01 1.55381298e+00 6.20902214e+01 4.72916489e+01
 7.51007700e+00 3.61703033e+01 4.40746231e+01 2.07461149e-01],-260.81058,-388.7329,-399.05273,1.050863,1.2627482,0.7492355,0.554528,0.013798860626220703,4452.589963912964,-0.22560351484241994,-0.05364297093362466,-0.2289027703637263,-0.055137839880190276,9.944631535287195,25.099999999996967,0.0,325000.0,-2.0,-1000.0,500.0,6.742001295089722,325000
361.72842,0.075644135,0.35429275,0.0028709187,-358.10986,358.10986,[2.62568444e-01 3.19281435e+00 8.91903862e-02 7.70774937e+00
 3.18712413e-01 3.82698834e-01 4.00111824e-02 7.90428817e-02
 2.84759402e-01 1.66900730e+00 9.53667760e-02 2.13294148e+00
 1.47371203e-01 8.57047200e-01 3.02126437e-01 6.01859450e-01
 1.77746058e-01 8.01187801e+00 3.92994452e+00 9.00141597e-02
 4.53477174e-01 2.01778746e+00 7.29990378e-02 1.02228737e+00
 7.61308432e-01 4.23105210e-01 5.63430429e-01 1.38657284e+00
 2.56434709e-01 2.77252287e-01 4.29615498e-01 4.52957153e-01
 1.86319077e+00 2.26706564e-02 8.52195644e+00 3.36364126e+00
 2.23748133e-01 5.39803319e-02 9.79526520e-01 1.52808678e+00
 2.84886742e+00 2.52158284e-01 1.79841537e+01 2.91063261e+00
 2.60651022e-01 1.90701675e+00 1.89325288e-01 7.10506916e-01
 1.63485944e+00 3.80392599e+00 6.66914210e-02 8.23599100e-02
 3.64318390e+01 1.85915112e-01 3.02288914e+00 4.08059090e-01
 1.18320346e+00 5.19453228e-01 1.51029539e+00 6.84218454e+00
 2.17150235e+00 1.40708508e-02 1.42173553e+00 1.06930964e-01
 7.60820580e+00 1.76626623e-01 8.25433135e-01 2.13994563e-01
 8.37526226e+00 5.45455813e-01 5.92867970e-01 4.86183494e-01
 3.01104403e+00 1.25558591e+00 2.07474732e+00 2.47475691e-02
 1.05196483e-01 3.63886625e-01 1.76698864e-01 1.32218122e-01
 4.85792905e-01 1.43517363e+00 2.52938896e-01 5.39267600e-01
 1.46090317e+00 2.40814185e+00 4.78698778e+00 4.17645127e-01
 8.60145986e-02 2.47830415e+00 1.06325984e+00 1.14273215e-02
 9.74139720e-02 7.76775368e-03 3.71288843e-02 1.12215090e+00
 5.65152049e-01 4.91459370e-01 2.48843765e+00 2.21402586e-01
 1.45452619e-01 2.03866467e-01 5.37353694e-01 1.30997097e+00
 1.65269780e+00 3.90242994e-01 2.70820284e+00 2.30348617e-01
 5.59487760e-01 5.62237549e+00 4.64136600e-02 1.72118104e+00
 7.69121766e-01 1.20554678e-01 2.44695880e-02 4.30073261e+00
 1.00923169e+00 6.96310902e+00 4.26626444e+00 5.38592115e-02
 8.85476947e-01 4.02042329e-01 2.73368329e-01 1.38959050e+00
 2.99650967e-01 1.05642593e+00 3.73919487e-01 3.48646313e-01
 9.02714157e+00 7.36158013e-01 2.29611218e-01 5.62606752e-01
 1.82476640e-01 1.14413798e+00 1.39364190e-02 2.39238930e+00
 4.06596631e-01 4.27700222e-01 3.38903554e-02 5.52192211e+00
 2.80179530e-02 3.18655223e-01 2.67878866e+00 3.64996731e-01
 5.13461232e-02 9.57441479e-02 9.47008014e-01 7.00962126e-01
 2.51048028e-01 1.13068600e+01 1.67886868e-01 3.40713859e-01
 1.03628337e-01 7.05282092e-02 6.93860278e-02 2.11267233e+00
 4.72709370e+00 2.16064644e+00 4.02727097e-01 4.78511080e-02
 1.77277058e-01 1.55151057e+00 9.08364356e-02 1.17208086e-01
 1.05379909e-01 4.91547048e-01 3.95908445e-01 6.19128980e-02
 1.62032914e+00 2.23825395e-01 2.93444061e+00 1.69265047e-01
 2.49608055e-01 5.16997528e+00 2.36617416e-01 2.20886260e-01
 2.97685474e-01 3.60867500e+00 7.35555068e-02 4.30281878e-01
 2.73208141e+00 6.48610294e-02 3.37241620e-01 6.36346281e-01
 2.94426382e-01 1.21613882e-01 2.82873440e+00 3.45065842e+01
 6.31557798e+00 5.35353363e-01 9.33342054e-02 2.80149627e+00
 1.26465261e-01 1.81126490e-01 8.65397358e+00 7.10662782e-01
 5.59975863e-01 9.23839271e-01 5.57994938e+00 1.17693141e-01
 9.04444218e+00 5.68127670e+01 1.20851733e-01 1.25369668e+00
 2.34071064e+00 5.27078509e-01 9.79366481e-01 2.30422273e-01
 7.16040015e-01 6.91627145e-01 1.25282168e+00 5.95433731e-03
 1.36322632e-01 9.74863827e-01 7.43167341e-01 1.22963428e-01
 1.39419371e-02 6.84978247e-01 1.42917557e+01 4.69625741e-02
 3.62382792e-02 2.18499923e+00 6.55426923e-03 7.89094120e-02
 4.73138064e-01 5.34259915e-01 2.82491148e-01 5.01847625e-01
 4.77072144e+00 7.30568394e-02 8.35269511e-01 5.05884215e-02
 3.52217942e-01 2.05930209e+00 8.56434926e-02 1.05006620e-01
 6.72766507e-01 1.69565558e-01 1.27366805e+00 3.04761618e-01
 1.55836630e+00 9.74953175e-01 3.25942574e+01 6.88216016e-02
 1.92113295e-02 6.29561603e-01 1.41157055e+00 8.12870450e-03
 8.08200538e-02 6.54207468e-01 1.97290525e-01 7.19361782e-01
 9.14378762e-02 1.49077189e+00 3.81935507e-01 1.61895230e-01],2.1841018,[5.33471644e-01 3.12953782e+00 2.22357288e-01 1.42198668e+01
 3.06799114e-01 5.25978625e-01 4.68595177e-02 6.97330385e-02
 2.50395805e-01 1.24912107e+00 8.38549063e-02 2.23573065e+00
 1.37717932e-01 2.11495805e+00 3.32751334e-01 4.42148745e-01
 2.13075489e-01 7.83065748e+00 9.18550873e+00 7.72138312e-02
 1.62246919e+00 4.66526687e-01 7.67976046e-02 8.85193348e-01
 2.52599049e+00 4.30479825e-01 1.12327087e+00 1.23475599e+00
 2.01755732e-01 1.05671231e-02 5.40133357e-01 5.51626325e-01
 3.77596474e+00 4.46133651e-02 2.54578543e+00 2.13417935e+00
 2.28365630e-01 4.59975377e-02 4.48467374e-01 9.73683834e-01
 5.70839167e-01 1.56139173e-02 1.50672054e+01 4.16568309e-01
 1.16032157e-02 3.27867603e+00 2.03969538e-01 6.66539073e-01
 1.17860651e+00 3.49452758e+00 6.24274351e-02 2.56036893e-02
 3.44274483e+01 1.83220387e-01 7.78505421e+00 5.22323027e-02
 1.56329799e+00 5.29273987e-01 2.70533895e+00 6.51087999e+00
 2.29609823e+00 1.56302191e-02 6.56462371e-01 9.15992260e-02
 2.31986180e-01 1.49379581e-01 7.27541387e-01 4.74601924e-01
 8.56720448e+00 2.71853715e-01 2.59208828e-01 4.18410540e-01
 9.22837853e-01 1.24208605e+00 2.95153403e+00 2.70411856e-02
 8.32510516e-02 3.69669497e-01 1.25873476e-01 1.32136688e-01
 1.03109026e+00 2.85271120e+00 3.43818307e-01 3.52714986e-01
 1.76845574e+00 1.15728140e+00 6.18567228e+00 2.60241330e-01
 8.63674749e-03 1.44844818e+00 9.62300479e-01 1.01768875e+00
 3.48317504e-01 5.21465857e-03 1.09588176e-01 4.61490631e-01
 4.58789915e-01 6.75118685e-01 6.27061033e+00 2.43158042e-01
 4.50555272e-02 2.13255212e-01 4.26469922e-01 5.45522124e-02
 4.93032455e-01 5.46882331e-01 2.25687139e-02 2.12181956e-01
 1.35870486e-01 7.73162556e+00 3.68003249e-02 2.50107193e+00
 4.00737107e-01 1.14252992e-01 6.49635792e-02 6.44108820e+00
 2.80374050e-01 6.59461546e+00 2.29015517e+00 9.57551956e-01
 2.19084561e-01 7.05185473e-01 4.60352659e-01 2.45867610e-01
 1.75535649e-01 6.12421155e-01 3.27259928e-01 1.48301184e-01
 6.39176178e+00 7.97215849e-02 1.29550725e-01 6.24610424e-01
 1.97842032e-01 2.98019677e-01 1.36939110e-02 3.74998379e+00
 8.29800069e-01 2.25928724e-01 4.15286422e-02 4.49457264e+00
 2.45684460e-02 6.56003892e-01 2.25182247e+00 2.77056843e-01
 7.58204013e-02 2.23002523e-01 9.97858465e-01 7.20416188e-01
 1.73858345e-01 1.14115896e+01 1.53433144e-01 3.07289302e-01
 1.06155910e-01 3.49915028e-02 6.43434897e-02 3.14594507e+00
 8.19847393e+00 2.12044859e+00 3.62327725e-01 4.55674492e-02
 3.06228250e-01 2.11344767e+00 7.74657875e-02 9.44421887e-02
 2.38582820e-01 3.32313359e-01 3.87432516e-01 6.44708052e-02
 1.55550134e+00 2.89060771e-01 1.17269981e+00 6.66200519e-02
 5.07969074e-02 1.55166614e+00 1.71032697e-01 1.52849630e-01
 2.84772158e-01 6.08668900e+00 1.28514349e-01 4.68668520e-01
 2.51802278e+00 3.99624974e-01 3.64153445e-01 6.06156528e-01
 3.82181674e-01 1.64891019e-01 1.14190698e+00 3.90042419e+01
 1.01227055e+01 4.58924733e-02 7.72316158e-02 1.64561284e+00
 1.27938598e-01 9.74878550e-01 1.09731197e+01 7.38777101e-01
 4.98515099e-01 1.07089746e+00 1.97863913e+00 6.00779131e-02
 7.23997068e+00 5.46714516e+01 2.91538298e-01 1.03948724e+00
 1.16813374e+00 1.20601438e-01 1.18381143e+00 4.20305431e-01
 6.98476493e-01 6.35667145e-01 4.01347667e-01 4.61837370e-03
 2.38801926e-01 5.94170928e-01 9.82156873e-01 8.48870501e-02
 2.95947529e-02 6.46756768e-01 1.81619740e+01 4.55632098e-02
 2.53802389e-02 9.22865033e-01 1.88489296e-02 7.49308988e-02
 7.70634413e-01 2.46725827e-01 3.23647678e-01 1.61366844e+00
 4.16055584e+00 6.35425821e-02 2.64833242e-01 2.54580118e-02
 3.42160195e-01 6.55408025e-01 6.29835278e-02 6.85426891e-02
 2.65691131e-01 3.47968608e-01 9.83343780e-01 3.08216423e-01
 4.46569026e-01 2.31134844e+00 1.10488186e+01 1.66686252e-03
 9.61301401e-02 2.90867627e-01 5.61884880e-01 1.66171826e-02
 6.12379052e-02 2.53662199e-01 7.13952854e-02 6.47993624e-01
 5.17260581e-02 4.27931023e+00 4.41944927e-01 1.02282308e-01],-313.0495,-378.94336,-400.0,1.0532609,1.8682358,0.9788934,0.5548709,74.04195,-99.64349,679.58856,390.36176,0.72677445,0.36903304,0.07227196,-385.94464,385.94464,[3.31844940e+01 1.45908415e+00 1.46517944e+01 1.18213539e+01
 1.51525269e+02 1.81953645e+00 2.19666511e-01 7.21594620e+01
 5.84042091e+01 5.83614647e-01 7.67990351e-01 1.06936753e+00
 7.76891112e-02 3.18391830e-01 5.77157736e-01 1.41343098e+01
 2.76833374e+02 5.13366747e+00 6.66445160e+01 2.08509827e+00
 7.47194648e-01 8.58995795e-01 3.98250461e+00 3.12344670e-01
 1.24926949e+01 2.93591423e+01 3.63684082e+00 1.54544020e+01
 2.71741343e+00 2.24395068e+03 4.24683094e+00 1.40744278e+02
 4.84771042e+01 3.27937770e+00 3.75836754e+01 1.06849197e+02
 1.23716335e+01 3.19117680e+01 4.09514618e+01 6.09866619e+00
 9.18061447e+01 2.91595347e-02 3.06599200e-01 1.55198231e+01
 4.44759178e+00 9.00787067e+00 3.19188499e+00 2.25826988e+01
 3.11019478e+01 1.07550693e+00 1.28195152e+01 1.46837878e+00
 1.04592085e+00 7.99799681e-01 4.42674065e+01 1.68107891e+00
 4.38644218e+00 7.94225006e+01 2.23564339e+01 1.48170719e+01
 7.71817322e+01 7.33838196e+01 8.23968124e+00 9.38767853e+01
 5.81673523e+02 5.16758680e-01 5.03951263e+00 8.52574587e-01
 5.14412079e+01 7.95471484e+03 3.69375534e+01 1.41073723e+01
 1.96079655e+01 8.41257000e+00 4.09270465e-01 2.40784407e+00
 6.08976901e-01 6.68825388e+00 6.73730993e+00 9.56438407e-02
 2.58414898e+01 2.48827362e+00 5.17307341e-01 1.15182266e+01
 1.50596649e+02 1.77221031e+01 6.58978653e+01 4.60875435e+01
 6.43250763e-01 6.61075830e-01 3.70708923e+01 1.16945486e+01
 5.23747559e+01 1.33673706e+03 2.18288040e+00 5.67864418e+00
 4.21502495e+00 1.09101200e+01 1.45658338e+00 4.41469574e+00
 5.87766361e+00 7.00105286e+01 1.81938667e+01 4.17367172e+00
 2.31652880e+00 5.63417244e+00 1.21988797e+00 1.30656414e+01
 1.95424595e+01 3.19071651e+00 9.07572556e+00 1.37665314e+02
 2.40886288e+01 2.69663095e+00 1.26812019e+01 8.01946411e+01
 4.17912626e+00 3.95514030e+01 1.09800812e+02 7.07331538e-01
 7.50678301e+00 3.35470080e-01 4.05438328e+00 3.75106543e-01
 3.24265976e+01 2.00974998e+01 1.09651474e+02 4.49580536e+01
 3.72778153e+00 1.03684461e+00 3.83611806e-02 1.63217106e+01
 2.22265747e+02 9.42707300e-01 2.05006218e+01 9.10729122e+00
 8.14414692e+00 1.17921629e+01 1.82346268e+01 1.05413830e+00
 7.63102472e-02 3.46032262e+00 2.07058229e-02 1.21893334e+00
 3.49999466e+01 4.93526039e+01 8.80559635e+00 5.01253662e+01
 2.71435452e+00 2.42078200e-01 4.59942894e+01 1.06463885e+00
 2.37103613e+03 7.58474064e+00 2.97773194e+00 8.67790639e-01
 9.26415539e+00 7.77966678e-02 9.56191025e+01 2.13280792e+01
 1.19340944e+00 4.19251099e+01 3.34682693e+01 4.16074276e+00
 1.87017035e+00 1.06490841e+01 4.92676020e+00 3.69184914e+01
 9.82406540e+01 6.96752608e-01 8.47941518e-01 1.47583890e+00
 1.92908516e+01 2.07136655e+00 9.10421295e+01 2.55292244e+01
 2.53167572e+02 1.89512844e+01 3.37779236e+02 4.82682037e+01
 1.12310364e+02 1.55822897e+00 1.22872963e+01 8.37594390e-01
 5.56744576e+00 2.45902944e+00 5.71381989e+01 7.79695702e+00
 6.59736097e-01 9.65053797e-01 1.37071924e+01 4.99369740e-01
 3.09037170e+01 4.76568073e-01 1.20374718e+01 1.39936709e+00
 4.33243799e+00 4.14725590e+00 3.03381310e+01 1.13382101e+01
 2.43811870e+00 1.25133944e+00 4.90398288e-01 1.26417969e+02
 2.77484035e+01 1.12329330e+02 1.82759056e+01 1.47588005e+01
 1.78121567e+00 4.63434486e+01 1.87339318e+00 1.39314651e+00
 1.00536308e+01 1.64972916e+02 6.29974823e+01 2.75082283e+01
 9.57634807e-01 7.63893280e+01 8.83695412e+00 6.11512108e+01
 1.19164639e+01 4.04188004e+01 5.63701057e+00 4.33941031e+00
 5.99338455e+01 5.42468300e+01 3.45628738e+00 4.34960723e-01
 2.05535460e+00 2.01100085e+03 3.23876834e+00 3.64488888e+00
 5.50856781e+00 9.38163757e+00 2.13659229e+01 3.93700540e-01
 3.55415773e+00 1.06107635e+01 2.09847717e+02 4.47429085e+00
 6.60629463e+00 1.22706347e+01 8.67737865e+00 1.69984970e+01
 9.56763458e+00 4.29183483e-01 1.52271986e+01 8.01496811e+01
 4.48869324e+00 8.98956299e+00 9.92974341e-01 1.67176628e+01
 1.36854291e+00 4.54318008e+01 1.42619938e-01 9.00449276e+00],98.43846,[3.29525375e+01 1.46531165e+00 1.39284573e+01 1.16521921e+01
 1.50644318e+02 1.78838110e+00 4.87264037e-01 7.12462921e+01
 2.88257446e+01 1.25600487e-01 1.14968145e+00 3.10536933e+00
 9.47128236e-02 2.48252273e-01 8.77011299e-01 1.20886059e+01
 2.82139404e+02 5.01565742e+00 6.31351967e+01 2.66690826e+00
 9.50508058e-01 8.56636584e-01 4.03929758e+00 2.86124617e-01
 1.34496670e+01 2.93218346e+01 3.47118497e+00 1.58537655e+01
 1.68887031e+00 2.41945483e+03 4.66441441e+00 1.35830856e+02
 4.82615700e+01 2.80140209e+00 3.40389977e+01 1.05319099e+02
 1.14113932e+01 3.11858292e+01 3.22023773e+01 3.20468163e+00
 9.09643402e+01 9.12172813e-03 1.43429920e-01 1.36475153e+01
 4.11883688e+00 9.06391621e+00 3.24533176e+00 2.25339050e+01
 2.96101837e+01 5.88522732e-01 1.23007584e+01 1.41683865e+00
 4.87062126e-01 8.64100993e-01 3.89627228e+01 2.82891726e+00
 4.18925571e+00 7.23615723e+01 2.42460709e+01 1.04185572e+01
 7.56751862e+01 6.63403015e+01 8.39317608e+00 9.76163483e+01
 5.92529724e+02 5.15180826e-01 5.61892557e+00 7.99080253e-01
 5.32091331e+01 7.63562988e+03 3.73497047e+01 1.39542961e+01
 1.50824718e+01 7.20073605e+00 4.64825809e-01 2.41836071e+00
 7.05184579e-01 6.56519747e+00 8.70779991e+00 1.53347626e-01
 2.23184471e+01 2.36065483e+00 3.81748844e-03 1.14228821e+01
 1.70608597e+02 1.88013954e+01 6.51342545e+01 4.61747360e+01
 7.12426543e-01 6.73566639e-01 3.48047409e+01 1.21279659e+01
 5.14901619e+01 1.22588501e+03 2.49802732e+00 5.59839344e+00
 3.45729637e+00 4.40967464e+00 2.28649068e+00 4.40045595e+00
 5.39613724e+00 6.93298035e+01 1.83055305e+01 3.59190750e+00
 2.33026981e+00 5.32067394e+00 1.50029778e+00 9.71926022e+00
 1.87422981e+01 2.64128256e+00 1.07298651e+01 1.22258537e+02
 2.50102940e+01 2.57149458e+00 1.26629114e+01 7.35751953e+01
 5.82862616e+00 3.44660034e+01 1.10791489e+02 5.32309353e-01
 2.69405460e+00 1.32741034e+00 3.36457253e+00 5.52313924e-01
 3.42118683e+01 1.79900169e+01 1.09687561e+02 4.51437454e+01
 3.21940422e+00 5.80876708e-01 3.00027490e-01 1.65595627e+01
 2.26203674e+02 8.22820365e-01 2.00044479e+01 9.05941010e+00
 7.99610662e+00 1.12621012e+01 1.62896461e+01 1.78553760e+00
 7.17497617e-02 2.94768715e+00 1.97376199e-02 1.29091549e+00
 3.22187347e+01 4.91646309e+01 9.03451538e+00 4.91291161e+01
 1.68617296e+00 3.60422611e-01 4.49689865e+01 8.86934578e-01
 2.03037134e+03 7.56289291e+00 1.66960466e+00 1.19431305e+00
 8.46375370e+00 6.85926676e-02 9.91196518e+01 1.24176168e+01
 1.11355972e+00 5.24493675e+01 3.28208199e+01 2.76783180e+00
 4.36510384e-01 1.05345697e+01 4.96084595e+00 3.36226311e+01
 8.33949280e+01 6.38181567e-01 4.86684799e-01 1.70062339e+00
 2.47250900e+01 2.55814481e+00 9.06792984e+01 2.68435841e+01
 2.56523651e+02 1.05590401e+01 3.35639343e+02 2.34739799e+01
 1.12165802e+02 2.35275626e+00 1.22441273e+01 8.82753253e-01
 4.68161440e+00 4.85481262e+00 5.66692924e+01 7.60766029e+00
 6.31377876e-01 1.20270514e+00 2.17105198e+01 4.60974485e-01
 3.07577171e+01 4.24783051e-01 5.07398558e+00 1.27281594e+00
 2.44856524e+00 4.02136087e+00 3.04786034e+01 1.46307592e+01
 4.07477856e+00 1.31703293e+00 3.18633378e-01 1.27643616e+02
 2.58387413e+01 1.16329407e+02 1.16978750e+01 1.44533138e+01
 1.73458958e+00 4.57188377e+01 1.89106274e+00 1.39918697e+00
 1.02268505e+01 1.51673950e+02 5.74638481e+01 2.65688171e+01
 5.83650112e-01 7.57869415e+01 8.08898449e+00 6.08390350e+01
 1.18122654e+01 3.60106659e+01 6.96010017e+00 4.22751522e+00
 6.25077972e+01 5.11373634e+01 4.47214413e+00 4.61979657e-01
 1.73349142e+00 1.97307056e+03 3.24711633e+00 3.72508717e+00
 5.51125431e+00 9.24902916e+00 2.32117043e+01 3.34645927e-01
 3.31472039e+00 9.96020317e+00 2.09617920e+02 4.45704937e+00
 6.64878750e+00 1.24085283e+01 8.55435753e+00 1.68682671e+01
 1.02044420e+01 2.91996658e-01 1.21193552e+01 8.24224701e+01
 4.50868893e+00 2.51217842e+01 5.21201432e-01 1.62581234e+01
 3.66597176e-01 4.57241898e+01 3.77206922e-01 9.06108665e+00],-273.09937,-387.1011,-397.95923,1.0601975,1.4454688,0.7144737,0.5558798,0.013053588972091674,4778.929709196091,-0.19983459734302872,0.0025197950881686903,-0.19967745031808265,0.0021745269546313405,-0.44774682732691484,25.099999999996967,0.0,350000.0,-2.0,-1000.0,500.0,6.57227087020874,350000
356.00864,0.068112746,0.3930212,0.0032063685,-352.0103,352.0103,[7.94839740e-01 1.19625819e+00 9.74005759e-02 3.82578182e+00
 3.27276066e-03 1.44966766e-01 3.34709978e+00 1.49439132e+00
 7.96683550e-01 1.46076130e-02 5.17142341e-02 2.66047096e+00
 2.83434808e-01 8.40247273e-01 5.96347928e-01 1.00770645e-01
 4.39422429e-01 7.67772555e-01 7.33039677e-01 1.78493075e-02
 7.72562027e-01 5.09064615e-01 6.77616775e-01 7.00787127e-01
 5.03037095e-01 3.49048346e-01 1.34407505e-01 1.84522301e-01
 4.34720486e-01 8.09649527e-01 5.73231459e+00 4.12808031e-01
 2.64380574e-01 5.63121028e-03 4.85864592e+00 5.28460979e+00
 5.86286604e-01 1.58016431e+00 2.22510397e-02 5.66088200e+00
 2.90785122e+00 2.73811042e-01 8.58262420e-01 2.54371405e-01
 5.16413212e-01 7.45272934e-02 5.01536280e-02 1.08541325e-01
 1.46763334e-02 2.08379579e+00 2.62925506e+00 8.11230946e+00
 3.79042700e-02 4.01022006e-03 4.12092590e+00 9.05969858e-01
 1.36291111e+00 2.02977002e-01 4.07419562e-01 7.06084490e-01
 9.12440717e-01 2.62584060e-01 8.63379017e-02 2.47596920e-01
 2.68791199e+00 7.35255718e-01 4.39728439e-01 3.99280190e-02
 4.83133793e-01 2.58851719e+00 5.45607567e+00 5.32750338e-02
 1.36113644e-01 4.20926285e+00 3.55666709e+00 1.71540010e+00
 1.91402495e-01 1.19120550e+00 4.27134180e+00 2.86351719e+01
 5.88632107e-01 2.52791703e-01 3.48167725e+01 1.51233709e+00
 3.00142229e-01 2.95391226e+00 1.72409797e+00 1.62616432e-01
 7.96219707e-01 4.32855785e-02 1.16886377e-01 1.42589140e+00
 2.14114666e-01 5.17782643e-02 6.24010682e-01 3.71514738e-01
 7.30589703e-02 8.17088634e-02 1.89376906e-01 3.12183648e-01
 2.06064272e+00 4.67603683e-01 2.03182735e-02 1.94689073e-03
 3.24280024e-01 1.30153194e-01 4.04608324e-02 2.76371464e-02
 1.88809246e-01 6.17428064e+00 1.45362988e-01 4.70035028e+00
 9.59134281e-01 1.81435752e+00 7.95033216e-01 1.64175282e+01
 1.05881846e+00 1.04731336e-01 3.10123825e+00 5.09697855e-01
 3.27592015e-01 2.86972821e-01 1.90922809e+00 9.52784181e-01
 3.09192300e-01 1.50984749e-01 1.52864873e+00 7.36232102e-02
 2.75834656e+00 7.63906986e-02 1.17000006e-01 2.92512745e-01
 1.41596332e-01 1.90284181e+00 1.11259022e+01 1.56930119e-01
 4.07126367e-01 1.27161670e+00 7.08486378e-01 9.31023955e-02
 1.04382366e-01 3.50646079e-01 1.18501578e-02 5.96853793e-01
 6.53494644e+00 5.47118858e-02 5.29876761e-02 3.14331293e+00
 7.70220518e-01 4.62386087e-02 5.04162073e-01 2.24615023e-01
 3.47784497e-02 2.93946236e-01 5.24653867e-02 4.30695295e-01
 1.59884095e+00 6.65144444e-01 4.43220958e-02 3.91309746e-02
 2.37825438e-01 1.98536050e+00 6.04263961e-01 3.10016945e-02
 1.03624046e+00 1.87619138e+00 2.42157784e+01 1.06622130e-02
 8.54715891e-03 2.43691540e+00 6.72762513e-01 6.52470589e+00
 1.11490309e-01 2.54713744e-01 3.65498215e-01 6.34920597e-03
 1.39902949e+00 1.11484766e-01 4.99070175e-02 4.62164700e-01
 1.22370386e+00 2.49771103e-02 1.61856675e+00 1.70030155e+01
 1.24950305e-01 6.76391244e-01 3.12551141e-01 3.85739803e+00
 1.40169948e-01 2.84913957e-01 2.32803035e+00 3.71352673e+00
 2.25464420e+01 1.48209608e+00 2.17875957e+00 1.02565795e-01
 3.03714991e-01 6.54171944e+00 2.08572283e-01 1.61297634e-01
 7.11755323e+00 4.95596349e-01 4.14791852e-01 4.07473482e-02
 1.45831537e+00 7.95999527e-01 1.32533085e+00 1.63722113e-02
 5.47722816e-01 3.73827147e+00 4.71622372e+00 7.79477060e-01
 8.99192877e-03 2.62409925e-01 6.66849756e+00 1.22954071e-01
 1.86501198e+01 1.39840889e+00 7.60938263e+00 7.97868669e-02
 1.62104771e-01 2.20918477e-01 2.73299336e-01 9.85855460e-01
 1.63496137e+00 3.71862769e-01 1.10815501e+00 7.60894537e-01
 7.13884532e-01 1.13071222e+01 2.26258278e+00 1.30134428e+00
 8.94484855e-03 7.62785852e-01 2.85245895e+00 1.60678066e-02
 2.44114518e+00 5.81911683e-01 1.29284397e-01 1.47904992e-01
 4.82668608e-01 2.41447020e+00 7.79635429e-01 4.50916022e-01
 6.17255941e-02 2.17284441e+00 2.17095447e+00 8.92018154e-03
 4.44097191e-01 2.22047232e-02 2.53801751e+00 1.44463432e+00
 3.53490019e+00 5.54800510e-01 1.28450763e+00 5.94002485e+00],2.0169134,[3.84435952e-01 9.74925816e-01 1.19312152e-01 3.55357170e+00
 2.26227194e-02 1.49471581e-01 4.45565271e+00 2.12357998e+00
 2.04700872e-01 5.61495312e-03 7.95599669e-02 3.63049418e-01
 1.35492146e-01 1.76359549e-01 1.97811186e-01 8.92206803e-02
 4.03862953e-01 4.69228595e-01 2.87418425e-01 2.00645253e-02
 1.90836012e+00 5.37673593e-01 7.71728575e-01 1.70471430e-01
 4.75598007e-01 2.85737455e-01 1.05014935e-01 1.15499511e-01
 3.08896333e-01 3.50389004e-01 2.62698174e+00 2.43225384e+00
 1.35500759e-01 5.64195216e-03 2.79224062e+00 6.58669376e+00
 6.83669686e-01 1.02484930e+00 1.38820052e-01 3.37087417e+00
 5.03712237e-01 7.16548026e-01 7.89802015e-01 2.62370020e-01
 1.32083237e-01 1.21943414e-01 2.90101189e-02 4.72228043e-02
 4.76935506e-03 6.25136089e+00 2.05881953e+00 2.12756371e+00
 3.17926183e-02 2.15410534e-03 8.13990712e-01 5.83694816e-01
 6.26923144e-01 3.93640727e-01 1.97826672e+01 1.85532749e-01
 1.52696475e-01 2.98354208e-01 4.35719118e-02 1.14593446e-01
 1.05300272e+00 4.60909128e-01 3.30020964e-01 8.80361199e-02
 9.17938650e-02 5.12133896e-01 2.41336966e+00 3.56626585e-02
 2.86669619e-02 1.48738337e+00 9.02054310e-01 3.84125090e+00
 1.94142044e-01 3.17033231e-01 6.08448029e+00 3.84433022e+01
 8.62184241e-02 2.01304987e-01 3.11081867e+01 1.47673690e+00
 3.04538220e-01 2.94875932e+00 3.29919606e-02 1.17871724e-01
 8.42567563e-01 3.42884250e-02 1.28726542e-01 1.97317743e+00
 5.25016338e-02 4.46807034e-02 1.69546485e-01 2.86870658e-01
 5.60626052e-02 5.89854270e-02 2.23700225e-01 7.19781294e-02
 7.50703037e-01 1.71601787e-01 7.02286232e-03 1.68645568e-03
 1.42179966e-01 1.78403541e-01 1.86429638e-02 2.32740976e-02
 2.09639817e-01 5.01083517e+00 5.22470847e-02 1.12765884e+00
 7.31079042e-01 1.83941984e+00 1.46694571e-01 2.53276825e+01
 1.14505780e+00 8.83099884e-02 1.16234446e+00 2.06121504e-01
 4.42308217e-01 2.25134522e-01 5.83700716e-01 1.07598877e+00
 2.50355154e-02 3.17853272e-01 1.35801721e+00 7.05597736e-03
 9.76693034e-01 4.35038656e-02 9.72494185e-02 8.51131201e-01
 1.13565102e-01 1.84056616e+00 1.39009476e+01 2.36192346e-01
 5.10835648e-01 2.05024648e+00 9.15370107e-01 1.08749472e-01
 1.10064223e-01 1.12302077e+00 5.67231793e-03 2.73109257e-01
 1.46257992e+01 4.04556170e-02 3.32259536e-02 1.77159953e+00
 1.99211240e-01 5.33579588e-02 4.28640187e-01 2.20638663e-01
 8.57276935e-03 2.61661649e-01 3.60070243e-02 4.57283795e-01
 1.01014912e+00 5.73420703e-01 8.32229778e-02 1.89323401e+00
 8.66795033e-02 1.29215765e+00 2.57669544e+00 1.11652941e-01
 5.74449189e-02 1.33072913e+00 1.66070366e+01 4.07724120e-02
 2.68764980e-03 2.62601423e+00 3.70903999e-01 5.07088566e+00
 7.80329406e-02 2.11571440e-01 3.72888863e-01 9.45254266e-02
 1.30133402e+00 2.32173085e-01 4.16110940e-02 2.70973951e-01
 1.12381196e+00 1.60528459e-02 5.81936240e-01 7.20894146e+00
 4.13767919e-02 9.37155545e-01 1.60821939e+00 2.18342829e+00
 7.10659325e-02 1.01898491e-01 1.57515526e+00 3.80985212e+00
 1.58202934e+01 1.61810994e-01 3.37651372e-02 9.30641890e-02
 4.03650880e-01 4.78828430e+00 1.82070136e-01 1.92314163e-01
 7.19611502e+00 6.73803508e-01 1.95560783e-01 2.05194592e-01
 3.68356848e+00 8.95406365e-01 7.36082971e-01 8.45104922e-03
 5.01309097e-01 4.90032196e+00 9.78530407e-01 7.00910091e-01
 1.93591136e-03 1.17003001e-01 1.06296897e+00 1.51065424e-01
 3.16322460e+01 1.50321090e+00 8.52789402e+00 3.31760384e-02
 2.07911417e-01 1.78709880e-01 2.50193745e-01 1.11870587e+00
 6.92637205e-01 4.87415135e-01 7.39483297e-01 8.59755635e-01
 6.52646780e-01 3.50992489e+00 1.11153817e+00 8.03196847e-01
 4.10641581e-02 8.62751126e-01 1.23239827e+00 8.32154453e-02
 2.07541752e+00 4.64242339e-01 8.38795379e-02 1.10698760e-01
 3.49144340e-01 1.29968250e+00 9.14643884e-01 3.41447979e-01
 1.31991692e-03 2.61674190e+00 1.63739157e+00 6.95266295e-03
 1.80784792e-01 1.38593465e-02 1.90383947e+00 1.28897563e-01
 2.68914127e+00 4.70443666e-01 7.76586711e-01 2.34722710e+00],-249.64438,-380.44354,-400.0,1.0576521,2.2770948,0.9319806,0.5554443,64.49615,-76.05839,570.4621,390.51984,0.6819337,0.40892917,0.06990911,-385.7486,385.7486,[2.8665490e+00 4.2156186e+00 3.7111363e+00 7.9880822e-01 2.3692373e+01
 9.3856466e-01 2.2412012e+00 6.4161520e+00 1.3232899e+01 1.8449162e+01
 2.7688081e+00 3.2908685e+00 6.5565854e-01 1.7436146e+01 9.2322636e+00
 2.2740469e+01 2.7007607e+01 1.4067129e+01 1.4473128e+02 5.4488683e-01
 1.7544857e+01 1.1568207e+03 9.0849370e-01 1.6050758e+01 5.2297340e+01
 1.0252948e+01 4.3325377e+00 9.1678772e+01 7.7055373e+00 1.7315634e+01
 9.7302675e-01 3.3480432e+00 8.7404503e+01 2.4848221e+02 4.7272156e+01
 1.2485524e+02 3.1984298e+00 2.0890718e+00 7.8964002e-02 4.8831749e+01
 8.4775752e-01 3.2182362e+01 2.5032671e+01 3.9033268e+01 2.3590695e+02
 6.9181818e-01 2.9352863e+00 3.9395298e+01 1.0478463e+00 6.4127412e+00
 4.9103265e+00 2.1471582e+02 9.8346531e-01 2.2820167e-02 3.6398873e+00
 3.0180275e-01 2.7636919e+01 1.4967633e+02 4.3916451e+01 1.3398499e+01
 6.0879707e+00 2.6589012e+01 1.2604147e+00 2.4739604e+00 2.7066758e+00
 2.8250291e+00 3.8037646e+00 4.0577478e+00 3.7569792e+00 1.4090779e+01
 2.9559982e+01 2.7138741e+01 8.0662422e+01 2.0627932e+01 8.0939490e-01
 7.0413063e+01 2.0445335e+01 4.8135063e+01 5.0329983e+01 1.5751781e+00
 9.5275002e+00 6.3064678e+01 6.5655563e+01 5.8097887e+00 2.3840172e+00
 3.9367642e+00 4.0514812e+00 4.7510700e+01 4.6020737e+00 1.2567334e+00
 1.9144318e+01 3.4990845e+00 9.5217857e+00 2.8121359e+00 8.4247757e+01
 1.4282155e+00 1.2491031e+00 2.0469703e-01 8.7419733e-02 1.9835300e+01
 4.7481718e+00 2.7805401e+01 3.3323727e+00 5.9916896e-01 1.3044329e+01
 9.2561829e+01 1.1805993e-01 5.6460161e+00 7.3992658e+00 6.8073387e+00
 1.1564670e+02 1.9242506e-02 2.0767136e+01 7.2254008e-01 4.4131422e+00
 1.6714262e+01 9.1380110e+00 1.5399979e+01 2.0593737e+01 1.2205576e+00
 1.3257209e+00 6.2772713e+01 2.8764656e+01 7.1662931e+00 2.8501595e+01
 6.7994108e+00 2.8564894e+00 7.9948425e+01 1.7600859e+01 2.3214880e+01
 8.3507643e+00 2.1252148e+01 1.6097128e+00 3.0344006e+01 5.6877621e-02
 4.3336861e+01 4.9671658e+01 9.2464085e+00 1.1138927e+01 3.1828473e+02
 3.9501305e+01 2.0473692e+00 2.4229746e-01 1.3606507e-01 3.2179485e+01
 5.1939373e+01 6.0875015e+00 3.2220299e+01 8.7267208e+00 8.6975145e+00
 4.1185517e+00 1.4230457e+01 1.0239710e+01 2.9614883e+01 3.7095890e+00
 8.8612404e+01 1.3838134e+00 2.6441895e+02 1.7711755e+00 6.8320417e+00
 2.9561892e+00 1.6316586e+02 5.1611618e+01 2.6853004e+01 5.0033607e+00
 4.5036869e+00 1.2376481e+00 7.2627604e-02 1.6518555e+02 9.8560085e+00
 7.2036809e-01 1.8034914e+01 2.5466877e+01 4.6976585e+00 1.1359178e+00
 1.1692938e+01 1.7006158e+02 8.7142634e-01 7.9232538e-03 1.8854414e+01
 1.0623236e+00 2.3842676e+01 3.4130253e-02 2.3972374e+01 3.7233021e+00
 8.0477297e-02 5.3562325e+01 1.4369339e+02 1.2388896e-01 3.6873755e+03
 3.3890460e+02 1.7409599e+01 4.2396231e+00 4.1147351e-01 1.6268407e+00
 1.0672208e+00 2.1628322e+02 2.8058083e+01 2.3840262e-01 1.3115711e+01
 2.0461685e+02 1.1047509e+01 1.0629688e+01 4.7001938e+01 4.6886358e+00
 2.8154249e+00 3.2804592e+01 2.0478256e+01 5.9715551e-01 1.3446426e+00
 1.6243962e+00 3.7282787e+01 6.6556066e-02 6.8451848e+00 4.1574146e+01
 6.2254577e+00 5.3330011e+00 2.2802188e+02 4.1933769e+01 3.6853212e-01
 5.2014524e-01 9.6244901e-01 5.4012842e+00 1.0204327e+01 1.1951000e+01
 1.0085772e+01 1.4141081e+02 1.1200880e+01 4.1689194e+01 4.0010536e+01
 3.2520430e+00 1.1580762e+00 2.2528636e-01 2.6006086e+00 1.2701800e+00
 2.9330158e+01 3.3878036e+01 8.5028515e+00 3.5450062e+01 3.6110458e+02
 1.4064398e-01 9.8010644e-02 1.6533527e+00 5.0734589e+01 6.8618740e+03
 2.3803108e+01 1.1011934e+01 1.8122247e+02 1.0495588e+02 1.1790591e+00
 9.2732221e-02 1.6021412e+01 7.4419613e+00 1.2200328e+00 4.4012445e+02
 5.4894681e+00],84.57226,[2.69345617e+00 5.56668997e+00 8.09550762e-01 4.50985670e-01
 2.45549870e+01 9.17390585e-01 4.50802624e-01 6.18840408e+00
 1.73645916e+01 1.80522194e+01 2.72581148e+00 3.04692793e+00
 7.86777496e-01 1.65862389e+01 9.65953255e+00 2.17161007e+01
 2.64163723e+01 1.25057516e+01 1.03766541e+02 1.02736986e+00
 9.08337784e+00 8.33592590e+02 8.23360860e-01 1.59069357e+01
 5.21217613e+01 1.02448616e+01 5.63426781e+00 9.15284500e+01
 7.54083443e+00 2.38779621e+01 1.25082529e+00 3.05812407e+00
 9.38180695e+01 2.16786484e+02 4.74518738e+01 1.26472946e+02
 1.56559193e+00 1.86891901e+00 9.46577489e-02 4.80315933e+01
 6.43845499e-02 2.66179924e+01 2.67240601e+01 4.66907425e+01
 2.41696457e+02 6.57784164e-01 3.19830298e+00 5.44044342e+01
 1.00619543e+00 6.42933846e+00 4.92575455e+00 2.04162994e+02
 9.57170248e-01 4.82774228e-02 6.61915588e+00 2.23961115e-01
 1.36927376e+01 1.50934784e+02 4.53115044e+01 1.32243690e+01
 6.48522902e+00 2.62046928e+01 3.07806182e+00 2.34642839e+00
 1.94565392e+00 2.98052359e+00 3.67182064e+00 4.28336668e+00
 3.09431815e+00 1.26221266e+01 2.38349323e+01 2.71870689e+01
 8.06003265e+01 2.07391853e+01 7.51692474e-01 7.01145935e+01
 2.04175644e+01 4.73287125e+01 5.18895798e+01 1.64888382e+00
 4.62511003e-01 6.14408264e+01 6.52541199e+01 5.79200172e+00
 7.92652547e-01 2.54519391e+00 4.38511419e+00 3.76633530e+01
 4.51904726e+00 1.27191842e+00 1.54030619e+01 6.27627420e+00
 9.13263226e+00 1.81990576e+00 8.40620270e+01 1.85453606e+00
 9.65167344e-01 3.20856646e-02 9.05840993e-02 1.91485939e+01
 6.20015049e+00 2.77651978e+01 3.67407560e+00 2.83679575e-01
 1.43284807e+01 7.70589218e+01 1.65648267e-01 6.31754971e+00
 5.96152067e+00 8.25603485e+00 9.59860382e+01 1.29253604e-02
 2.04233093e+01 4.23008889e-01 3.55599821e-01 1.74020195e+01
 9.02638435e+00 1.55284405e+01 1.92852898e+01 1.31535697e+00
 1.41369891e+00 5.17808456e+01 2.74306622e+01 7.21091938e+00
 3.00615540e+01 6.58512878e+00 3.06395102e+00 7.73455811e+01
 1.95373669e+01 4.33560486e+01 3.20010781e+00 1.34142075e+01
 1.79554427e+00 2.98028107e+01 6.02450296e-02 4.26773376e+01
 4.86321259e+01 9.77404881e+00 2.07969875e+01 4.84449707e+02
 4.47486000e+01 1.99865437e+00 1.43619480e+01 1.14137635e-01
 3.14276352e+01 6.67606354e+01 6.09843349e+00 3.21614075e+01
 3.80094983e-02 8.09090900e+00 4.56029510e+00 1.83568687e+01
 1.15847139e+01 2.96256237e+01 3.36680603e+00 8.92886810e+01
 1.36480737e+00 2.61604736e+02 5.59372187e-01 1.69280565e+00
 2.65259790e+00 1.92624435e+02 7.77385559e+01 1.88470650e+01
 4.88592434e+00 4.23438454e+00 1.65245473e+00 2.04390138e-02
 1.65929138e+02 9.43997478e+00 6.72890306e-01 1.40218468e+01
 1.99862461e+01 2.88254595e+00 1.22615623e+00 1.17007580e+01
 1.52019974e+02 8.60186219e-01 1.63749531e-01 1.87744827e+01
 9.96881604e-01 1.73998604e+01 1.20948115e-02 2.24215832e+01
 3.35708737e+00 7.61455484e-03 5.41810379e+01 1.32939209e+02
 3.68545055e-02 3.71124658e+03 4.33975189e+02 1.71787510e+01
 3.67671442e+00 2.85982072e-01 1.52341580e+00 1.19072902e+00
 2.21979767e+02 2.57046013e+01 2.28953123e-01 1.23161583e+01
 2.04225830e+02 1.10657225e+01 1.07250271e+01 4.32185173e+01
 4.67295170e+00 2.68788958e+00 3.20659103e+01 1.46492996e+01
 4.66697335e-01 1.77074409e+00 1.08881593e+00 3.47114601e+01
 6.65828288e-02 1.15686665e+01 3.24027557e+01 4.67184353e+00
 5.40605497e+00 2.31872955e+02 4.28087425e+01 4.66554433e-01
 4.36663985e-01 1.00559986e+00 5.39163494e+00 7.23063898e+00
 1.19171658e+01 4.77025032e+00 1.30468124e+02 1.18424902e+01
 4.05769844e+01 4.00965881e+01 4.52342653e+00 1.41703033e+00
 2.53643483e-01 1.54683018e+00 6.66020453e-01 3.88176994e+01
 5.56462708e+01 8.83701706e+00 2.96679821e+01 2.41424545e+02
 1.23051740e-01 9.16231871e-02 2.57449961e+00 5.16110840e+01
 6.60995361e+03 2.35768871e+01 1.08595123e+01 1.81639877e+02
 1.08386185e+02 1.17277718e+00 8.61795098e-02 1.36343756e+01
 7.22810221e+00 1.63600409e+00 4.60449158e+02 1.04941111e+01],-309.13248,-387.65918,-399.40567,1.0746615,1.6998193,0.80725694,0.55794966,0.01379790288925171,5123.877303361893,-0.24577833335574503,-0.0005341162399150396,-0.24579270361003053,-9.616447459553455e-05,-0.9589354609316253,25.099999999996967,0.0,375000.0,-2.0,-1000.0,500.0,6.541455030441284,375000
331.18234,0.058672577,0.4696661,0.0025789507,-326.427,326.427,[9.7740793e-01 6.4205804e+00 2.1882609e-01 1.9346777e+01 6.0420227e-01
 3.6681372e-01 2.8469332e-02 1.1226343e-02 1.1114841e+00 1.8771336e+00
 5.4379039e-02 1.3135765e-01 7.4195288e-02 5.6979842e-02 9.9455470e-01
 2.1435586e-01 8.0958014e+00 1.7428713e+00 1.5946914e-01 2.2003987e-01
 7.2134221e-01 6.7429504e+00 3.6663125e+00 7.5488485e-02 5.9777894e+00
 4.3124706e-02 8.0768120e-01 5.2025499e+00 5.9118629e-01 5.2408803e-01
 1.0324609e+00 2.2528249e-01 4.6118222e-02 1.8664657e-01 1.0212392e+00
 3.9373687e-01 3.7065036e+00 2.0415735e+00 2.8412795e-01 3.0196376e+00
 3.5554521e+00 3.4865475e+00 8.7936193e-01 3.6833629e-01 8.8852417e-01
 6.0676342e-01 1.6802439e-01 4.3607845e+00 3.9594893e+00 4.4126949e+00
 7.3559154e-03 1.3099033e-01 6.7522235e+00 8.5483990e+00 6.1747426e-01
 1.9620380e+01 6.0543685e+00 1.1274909e-02 1.9048204e+00 1.6480404e+00
 2.3540699e+01 1.8429657e+00 1.1585151e-01 3.5320837e+00 8.5420847e-02
 9.1468334e+00 6.3917381e-01 3.3991846e-01 2.6931109e+00 1.3993588e-01
 2.7625811e+00 1.0761756e+00 1.0731663e+00 1.7512879e-01 6.5542765e+00
 1.4473629e-02 8.0143565e-01 7.2165779e+01 3.5698404e+00 1.1359284e-01
 7.2941132e+00 1.9157689e-02 7.4656296e+00 3.9341512e+00 8.7813622e-01
 3.4941736e-01 6.0908926e-01 7.8190750e+01 2.8652289e+00 9.1931134e-02
 1.1411369e-01 8.7088470e+00 2.9613769e-01 1.8646636e+00 9.5388520e-01
 1.1051084e-01 5.9377813e-01 2.5223535e-01 9.9226189e+00 4.2279340e-02
 3.7603501e-02 1.3215480e+00 6.3076720e-02 8.2475580e-02 6.6163168e+00
 5.1724262e+00 3.1729527e+00 3.5009003e-01 5.2627224e+01 1.5355574e+00
 7.1696132e-02 2.1023139e-01 4.3034023e-01 2.5921645e+00 9.4191208e-02
 2.0536593e-01 3.7972772e-01 4.8138523e-01 2.0094617e-01 2.7163968e+00
 2.3052389e+01 1.3983577e-01 2.9155333e+01 5.2284375e-02 3.8487011e-01
 1.8041054e-02 2.3073289e-01 2.2679655e-01 2.1604569e-01 4.4050360e+00
 4.7699232e+00 1.3646559e+00 2.1858499e+00 1.0507230e+00 2.1931103e-01
 4.3778067e+00 5.8274050e+00 6.9546968e-01 3.3244073e-01 9.2417603e+00
 6.9084221e-01 7.0420766e+00 6.9909030e-01 1.9360356e-02 1.2064464e+00
 1.9373025e+00 2.1060791e+00 2.9434311e-01 3.4408438e-01 1.3105266e+00
 6.2067950e-01 2.7543810e-01 1.1583406e+00 7.0164526e-01 1.0279575e-01
 3.4270769e-01 3.0762768e-01 3.5629731e-01 3.1149596e-01 9.5522754e-02
 1.4105920e-02 2.2470419e-01 5.7012989e+01 4.1420813e+00 1.9602859e+00
 3.9625740e+00 3.6631460e+00 2.4954286e+00 5.2588113e-02 8.5992050e-01
 4.6818819e+00 4.2713642e-01 7.6323438e-01 4.4631648e-01 5.1956048e+00
 6.9660798e-02 4.0947695e+00 1.0313898e+00 3.8594487e-01 1.4853501e+00
 9.1509047e+00 1.6031854e+00 1.6423837e+00 1.5495330e-01 4.5785885e+00
 1.4759274e+00 2.7964476e-02 6.9272298e-01 1.1912741e-01 2.9921466e-01
 3.2641996e-02 2.4080873e-01 3.3344164e-02 5.4053850e+00 9.0443933e-01
 3.7204430e-02 7.7551308e+00 3.3416381e+00 2.0084822e+00 2.5579035e+00
 7.7939856e-01 1.0072261e+00 2.4110684e+00 6.4675793e-02 4.4383416e-01
 1.5382248e-01 1.5074620e+00 2.8190951e+00 4.4605741e-03 4.3805909e+00
 6.0690486e-01 7.6647744e-02 2.9803586e+00 1.3470936e+01 1.6499884e-01
 3.7937656e-01 1.3637556e+00 2.4146874e+00 1.2244949e+01 4.7643900e+00
 1.0052266e+00 5.9671826e+00 3.1135383e+00 1.4248419e+00 6.1143702e-01
 2.0695543e+00 1.5080342e+00 8.3654290e-01 1.2142316e+00 4.8371635e-02
 4.7377083e-01 5.6370813e-03 6.8216783e-01 7.0510742e+01 2.3541082e-02
 1.1549462e+00 5.4161429e-01 5.7843965e-01 4.0546712e-01 1.1583678e+02
 6.5425138e+00 4.6665707e-01 3.1700438e+01 5.2663922e-01 4.0827503e+00
 7.1178846e+00 1.1768615e+00 1.6938192e-01 4.7263016e+01 5.8156598e-01
 1.4213216e-01 1.5135851e+00 1.3440272e-01 6.2887415e-02 1.8286524e+00
 7.4170923e+00],4.95912,[4.11409289e-01 4.23695326e+00 1.67907789e-01 2.50697225e-01
 6.83577120e-01 4.19411808e-01 2.59957928e-02 1.75179020e-02
 2.50795901e-01 1.27601016e+00 4.75695953e-02 1.03124499e-01
 7.82147199e-02 6.79017752e-02 6.17280483e-01 4.01725411e-01
 3.56486726e+00 1.76176238e+00 7.43420571e-02 8.88725042e-01
 4.16426241e-01 5.22847795e+00 5.08793736e+00 6.53408915e-02
 6.31837845e+00 1.54817492e-01 1.99047267e+00 1.44136000e+00
 3.51076394e-01 7.81425655e-01 7.97095358e-01 2.31673285e-01
 1.57918066e-01 9.16895419e-02 8.71479988e-01 2.48675972e-01
 3.79342318e+00 1.70313311e+00 3.67724895e-01 5.13872504e-02
 8.64386797e-01 1.23962259e+00 5.78857660e-01 3.50899696e-01
 6.05021894e-01 2.00242564e-01 8.57267976e-02 2.45417285e+00
 1.47424483e+00 4.60243559e+00 3.66563424e-02 1.90040946e-01
 7.09014225e+00 7.43511105e+00 5.76991796e-01 2.05331268e+01
 6.02563572e+00 8.65880400e-03 3.67093277e+00 1.83350229e+00
 1.46496849e+01 3.53172183e-01 1.36916071e-01 3.62757492e+00
 1.06870696e-01 9.55904579e+00 4.07651305e-01 9.38836336e-01
 2.86910462e+00 1.31487340e-01 2.68883514e+00 4.90173817e-01
 1.88806690e-02 1.97865322e-01 6.46988726e+00 1.48618314e-02
 3.56007099e+00 4.53932381e+01 2.34496975e+00 9.09569561e-02
 1.00569658e+01 8.64660181e-03 9.32652283e+00 4.66020393e+00
 5.09684980e-01 2.43114293e-01 1.77996635e+00 1.51167078e+01
 3.40671515e+00 4.47959416e-02 1.38934061e-01 1.29183941e+01
 8.86654854e-01 2.14493799e+00 5.25263488e-01 1.08748749e-01
 5.66227317e-01 2.74984062e-01 6.60383320e+00 3.36119950e-01
 6.82923943e-02 1.80429792e+00 6.07157834e-02 1.16926275e-01
 6.61584711e+00 5.51687813e+00 3.09279943e+00 3.26861829e-01
 1.90506592e+01 1.59902477e+00 3.10454339e-01 1.56605139e-01
 1.41889632e-01 4.14276409e+00 8.98417830e-02 1.27143276e+00
 5.60674369e-01 5.92841864e-01 3.57849896e-02 3.25728106e+00
 2.94905758e+01 5.20288013e-02 6.37550449e+00 6.04272261e-02
 8.45792890e-02 2.44274735e-04 2.33990923e-01 2.65826643e-01
 5.91443963e-02 2.91122961e+00 6.09913921e+00 1.26944512e-01
 2.05371332e+00 8.39675784e-01 3.54534179e-01 8.03158569e+00
 2.35295334e+01 4.20019746e-01 3.52694333e-01 1.15811138e+01
 5.92912972e-01 5.61085510e+00 1.16722012e+00 2.57958174e-02
 9.45063867e-03 5.38684428e-03 2.29505658e+00 9.10504758e-02
 2.81823426e-01 9.23437029e-02 5.17901659e-01 3.41810942e-01
 4.30964828e-01 7.64404893e-01 5.58498539e-02 3.65246773e-01
 2.22483605e-01 3.31941366e-01 1.25560135e-01 1.75775677e-01
 9.96776856e-03 2.89223027e+00 6.51790771e+01 3.72753596e+00
 2.16285419e+00 3.57167268e+00 1.98552704e+00 4.08724022e+00
 5.94116822e-02 9.26660419e-01 3.32434225e+00 4.40206647e-01
 5.45132816e-01 4.36556220e-01 8.09638119e+00 6.84952289e-02
 6.42562771e+00 2.01516247e+00 1.72648096e+00 2.10875082e+00
 2.09109802e+01 9.57583666e-01 1.21223307e+00 1.36180446e-01
 1.98642123e+00 3.20672929e-01 4.20917291e-03 6.21348083e-01
 4.81465831e-05 3.75000536e-01 5.82707673e-02 2.35031381e-01
 1.20022334e-03 1.20013409e+01 6.13050938e-01 4.31871936e-02
 3.30477333e+01 7.31911469e+00 3.71188736e+00 3.00168085e+00
 3.84564161e-01 3.87504482e+00 9.40005779e-01 6.24268539e-02
 2.52823830e+00 1.17318392e-01 1.63757968e+00 2.76902246e+00
 2.38724723e-02 2.94405031e+00 4.28964734e-01 7.61379004e-02
 2.77318788e+00 1.50588739e+00 2.15418115e-01 1.05391182e-02
 6.69978797e-01 4.71858120e+00 1.21907723e+00 5.82587194e+00
 3.67379576e-01 3.85456872e+00 7.78763294e-01 9.71215308e-01
 1.23619378e+00 3.97451282e-01 1.79222000e+00 1.05508113e+00
 1.33258951e+00 5.88294305e-03 3.15321356e-01 4.46076412e-03
 8.88366222e-01 7.68330078e+01 2.52795145e-02 1.51422012e+00
 1.03367555e+00 4.12030295e-02 2.52209216e-01 1.51310730e+02
 4.25764132e+00 3.74368668e-01 3.50970039e+01 5.38304090e-01
 4.10981131e+00 5.11822414e+00 1.59406871e-01 1.50689095e-01
 4.69337387e+01 8.01918864e-01 1.13758326e-01 2.19604921e+00
 1.34029448e-01 1.51864327e-02 2.57792532e-01 7.60929060e+00],-220.73291,-372.99796,-400.0,1.1096408,3.9273245,0.9379951,0.5621678,147.44232,-163.25427,1239.2212,386.98312,0.7030713,0.4369749,0.07308671,-381.9103,381.9103,[1.05204010e+00 2.11469150e+00 8.18422775e+01 3.05811081e+01
 1.49353275e+01 1.02293634e+00 8.97493660e-01 2.01978165e+02
 1.36286497e-01 1.73573509e-01 3.66010368e-01 1.26822186e+01
 1.73032963e+00 6.20835304e-01 6.99002838e+01 6.32455826e+01
 1.79821358e+01 2.69150352e+01 3.34125924e+00 7.18829107e+00
 9.66026112e-02 6.48680878e+01 6.53253376e-01 4.25958824e+00
 8.48562908e+00 9.63604927e+00 2.45725193e+01 2.57467407e+03
 1.85725418e+02 1.26281357e+01 9.26199913e+00 9.43534136e-01
 5.90985260e+01 4.73379822e+01 5.34485817e+00 1.66455414e+02
 6.44960499e+00 2.74482703e+00 4.40825691e+01 4.04347839e+01
 6.57397652e+00 4.07942390e+01 2.50314951e+00 7.98035583e+01
 2.11220407e+00 4.61363220e+01 1.87842007e+01 3.18523049e+00
 6.10872879e+01 1.84372533e-03 1.65506115e+01 4.13411636e+01
 2.89986467e+00 1.28949615e+02 1.99994099e+00 2.10724426e+02
 1.64814126e+00 1.49713680e-01 6.17296982e+00 5.77787743e+01
 1.15092239e+01 5.56117249e+01 1.54735911e+00 1.66845722e+01
 1.73085332e+00 1.55111542e+02 2.16792236e+02 7.47974014e+00
 2.17742500e+01 2.09177914e+01 6.21234417e+00 7.50213528e+00
 6.48077440e+00 3.92707765e-01 1.78424957e+02 1.44881989e+02
 2.74812195e+02 9.05937271e+01 6.82097595e+02 4.49229963e-02
 1.98732109e+01 8.76071835e+00 6.43651657e+01 3.31623199e+02
 2.88246781e-01 7.42374134e+00 9.34584618e+00 1.53864498e+01
 3.98307861e+02 2.55825462e+01 1.63149834e+01 1.78666191e+04
 1.04219226e+03 3.69146454e+02 2.15634399e+02 4.38356829e+00
 9.52865410e+00 2.34929611e+02 1.30280975e+02 6.04650164e+00
 1.37565575e+01 1.33946800e+01 2.59086694e+03 1.07907543e+01
 9.25729275e+00 1.83797097e+00 4.13353539e+01 1.70019662e+00
 2.97912865e+01 1.82414417e+01 2.26491119e+02 1.62847958e+01
 1.78912010e+01 1.80714531e+01 5.38373804e+00 3.84205551e+01
 7.98285103e+00 6.84295952e-01 3.19695415e+01 1.69020290e+01
 6.65395164e+00 1.67887707e+01 2.91969643e+01 8.42671543e-02
 5.82774496e+00 7.90200882e+01 7.96656372e+02 1.49170694e+01
 2.68917198e+01 2.83072662e+01 8.01721871e-01 6.47788429e+00
 2.00329418e+01 5.60091019e+01 3.65230942e+01 9.68688507e+01
 3.87336302e+00 2.61693954e-01 1.68230867e+00 9.93505402e+01
 1.65004063e+01 2.51580963e+01 1.61943340e+00 1.21512032e+01
 2.69164109e+00 1.15429258e+00 1.01913506e+02 1.43135872e+01
 1.43632374e+01 4.32544861e+01 1.44576477e+02 4.04711199e+00
 1.68379724e+00 8.26107330e+01 7.91512909e+01 2.95544624e+00
 4.86492825e+00 9.28504372e+00 2.83082714e+01 4.77252464e+01
 3.56903076e+01 1.35933042e+00 6.17560844e+01 6.59205170e+01
 4.24112854e+01 1.76130962e+01 1.04918957e+00 5.07233715e+00
 3.92029595e+00 2.56907177e+01 2.69472814e+00 1.61129847e-01
 6.58829193e+01 1.04106056e+02 5.19625187e+00 1.93161321e+00
 5.51398420e+00 7.86192036e+00 2.65584850e+00 4.04318905e+00
 2.38474250e-01 7.16012144e+00 4.26993275e+00 2.28967108e-02
 1.17499001e+02 1.25635876e+03 5.54738350e+01 1.41843677e-01
 1.19278692e-01 3.34633923e+00 3.27049160e+00 4.26729431e+01
 9.19353867e+00 6.86455393e+00 6.40466003e+01 9.71242547e-01
 5.77723551e+00 3.27102780e+00 1.27109489e+01 9.14259155e+02
 1.64958115e+01 6.67832255e-01 1.19151139e+00 4.35599022e+01
 9.61656475e+00 3.41204262e+01 2.63273804e+02 1.60129905e+00
 8.48867035e+00 1.48973328e+02 1.19553238e-01 4.96725616e+01
 2.38715935e+00 1.36986408e+01 5.03634071e+00 1.56732984e-02
 1.33137756e+02 1.99849453e+01 1.91222992e+02 1.37891984e+00
 1.36289841e+02 4.59719772e+01 4.04296994e-01 7.89614410e+01
 9.59404144e+01 8.35279107e-01 9.28076477e+01 9.24987435e-01
 1.65885254e+02 3.81811188e+02 5.73277206e+01 2.47068262e+03
 4.15809345e+00 1.43226461e+01 1.03736124e+01 1.18492355e+01
 8.39882278e+00 3.33936691e+00 1.06939278e+01 2.20145599e+02
 7.00780487e+01 1.91824371e+02 8.73651862e-01 3.57178760e+03
 7.68742752e+01 2.33081818e-01 6.18695974e+00 3.86158735e-01
 6.02571917e+00 2.00624299e+00 1.01797199e+00 8.02343674e+01
 1.65862280e+03 1.37791455e+00 4.70119476e+01 1.31972847e+01],198.46222,[1.06896818e+00 2.13775325e+00 9.19954834e+01 3.26972885e+01
 9.71737099e+00 4.88865077e-01 9.78458166e-01 1.65978088e+02
 3.88044305e-02 3.19572091e-01 3.79171163e-01 7.79246092e+00
 1.66732216e+00 8.42471302e-01 7.05329514e+01 5.20594559e+01
 1.18994064e+01 2.47070580e+01 3.25143552e+00 4.70399046e+00
 1.12789661e-01 6.40806198e+01 5.37403941e-01 4.21900272e+00
 2.14584494e+00 8.48968887e+00 6.06596470e+00 2.59932739e+03
 2.19082596e+02 1.27917185e+01 1.01530209e+01 9.43264484e-01
 5.09180450e+01 4.91673164e+01 4.30459738e+00 1.40380692e+02
 7.26525021e+00 2.74079037e+00 3.20046158e+01 3.86678925e+01
 5.87360191e+00 4.41005783e+01 3.46301007e+00 7.00281906e+01
 2.09613442e+00 4.87962456e+01 1.60546932e+01 3.15936136e+00
 4.54122925e+01 4.11098972e-02 1.57519550e+01 4.08969193e+01
 3.22777319e+00 1.19316788e+02 3.89325476e+00 2.13679550e+02
 5.23296356e-01 1.72990710e-01 6.12978792e+00 5.68227577e+01
 1.11855946e+01 5.54567642e+01 1.35977101e+00 1.75222340e+01
 1.80934882e+00 1.66121628e+02 1.99403076e+02 2.64226556e+00
 2.36916161e+01 2.17124748e+01 5.85624552e+00 6.40631199e+00
 6.38454103e+00 2.78948218e-01 1.62022018e+02 1.35225006e+02
 2.52749390e+02 8.76093445e+01 7.42629578e+02 4.44071069e-02
 1.95910568e+01 1.09802351e+01 6.41376419e+01 5.05546204e+02
 3.37927788e-01 7.33913994e+00 3.15913892e+00 1.55129242e+01
 4.18864349e+02 2.67672939e+01 1.64206085e+01 1.76247051e+04
 1.34778809e+03 3.66038391e+02 2.10656525e+02 4.57764244e+00
 1.01079578e+01 1.03522385e+02 1.21693306e+02 6.30175400e+00
 1.36730919e+01 1.34698324e+01 2.37190674e+03 1.11860580e+01
 8.76605225e+00 2.04485536e+00 4.02975426e+01 1.80111361e+00
 2.34447021e+01 1.99256725e+01 2.21832092e+02 1.46943302e+01
 1.60105686e+01 1.82485504e+01 1.77583265e+00 3.82703934e+01
 7.78419399e+00 3.46492857e-01 3.59606209e+01 1.69349194e+01
 6.63696003e+00 2.14933562e+00 1.33172874e+01 1.10336907e-01
 5.89294910e+00 8.12786560e+01 7.78644165e+02 1.79469223e+01
 2.45380516e+01 2.71992207e+01 2.27080059e+00 6.16415501e+00
 1.98048782e+01 5.42718925e+01 2.57177086e+01 1.05952393e+02
 3.67339921e+00 2.50795841e-01 1.66681528e+00 8.74747086e+01
 1.56745872e+01 2.34207497e+01 1.44400835e+00 1.37142849e+01
 2.71591949e+00 1.11246324e+00 9.74955750e+01 1.43414135e+01
 1.28346539e+01 4.33647118e+01 1.46678009e+02 4.59184408e+00
 2.85714865e+00 8.35811768e+01 6.33888092e+01 2.83959842e+00
 2.23296595e+00 9.50472832e+00 2.37686157e+01 4.95915489e+01
 3.51274338e+01 1.77779841e+00 5.65672302e+01 6.48344345e+01
 2.27251263e+01 1.75186081e+01 4.86258566e-01 4.34381723e+00
 3.24537802e+00 8.91018486e+00 2.32971549e+00 2.03357622e-01
 3.95157318e+01 1.03005135e+02 5.16202736e+00 1.88772035e+00
 5.13465977e+00 7.58858681e+00 2.62247324e+00 4.20981789e+00
 5.76659620e-01 5.58090925e+00 1.83093524e+00 4.07340005e-03
 1.18843056e+02 1.29344727e+03 3.56204071e+01 1.90542385e-01
 5.19945566e-03 3.61775684e+00 3.57029796e+00 4.82001762e+01
 9.20314407e+00 6.67493916e+00 6.99831467e+01 9.65572894e-01
 5.92276001e+00 4.59184289e-01 1.33292236e+01 1.03219446e+03
 1.59417267e+01 6.60591245e-01 1.52331495e+00 4.24512596e+01
 1.09145985e+01 3.58974953e+01 2.57320251e+02 1.62942159e+00
 5.91685581e+00 1.19798073e+02 1.18027754e-01 4.70748940e+01
 1.73687184e+00 9.58476734e+00 6.33543849e-01 1.54800462e-02
 1.29717010e+02 1.92876053e+01 2.59431702e+02 1.84863997e+00
 1.76520737e+02 4.40370407e+01 3.86973768e-01 7.80570908e+01
 7.06448212e+01 7.78655052e-01 8.52009277e+01 8.96605968e-01
 1.66497070e+02 3.97841583e+02 5.07202034e+01 2.45834741e+03
 4.28784037e+00 8.62612057e+00 1.03896856e+01 1.19667482e+01
 8.60588837e+00 3.08682346e+00 1.03176136e+01 2.04657318e+02
 7.08622894e+01 1.91818039e+02 8.71783018e-01 3.57215283e+03
 6.64021301e+01 1.28406033e-01 6.22317219e+00 3.52645099e-01
 6.44886875e+00 2.22861099e+00 9.07854140e-01 7.80071106e+01
 2.56517896e+03 1.39744723e+00 5.30465746e+00 1.31597939e+01],-310.64728,-384.85037,-400.0,1.09203,2.0609865,0.7716133,0.56033885,0.013157239656448364,5452.808316230774,-0.27969516074617523,0.0037458171150111705,-0.2798187851132672,-0.0022072457300419306,11.89236374807194,25.099999999996967,0.0,400000.0,-2.0,-1000.0,500.0,6.579716444015503,400000
305.73013,0.0631045,0.5879356,0.0040879697,-299.78766,299.78766,[2.38406688e-01 1.27159432e-01 1.47765627e+01 8.49766076e-01
 6.02402496e+00 1.41889358e+00 1.51698012e-02 9.68474805e-01
 5.48665380e+00 7.46031094e+00 1.34456491e+00 5.38897634e-01
 7.83572733e-01 2.03082657e+00 1.53949299e+01 8.81764603e+00
 4.48135436e-01 3.76487617e+01 2.57390171e-01 1.33164859e+00
 5.81791153e+01 2.19741678e+00 3.34010506e+00 7.43253306e-02
 2.42527390e+00 4.86958647e+00 1.77276075e+00 4.45983529e-01
 7.22735047e-01 8.06143656e-02 6.90168715e+00 3.12133044e-01
 3.53033352e+00 2.04083753e+00 2.54809132e+01 3.21097589e+00
 6.00036430e+01 8.63121152e-02 1.88699916e-01 1.17997112e+01
 3.98199425e+01 4.71308231e-01 1.79251194e+00 2.45534182e-01
 1.77936554e-01 1.08517313e+00 1.24410796e+00 7.94190836e+00
 1.81644268e+01 2.11558075e+01 6.41270590e+00 5.40051651e+00
 3.47030945e-02 8.55131149e-01 2.78199615e+01 3.55418265e-01
 6.57068300e+00 1.90772772e+00 2.97682285e+00 9.95858252e-01
 1.02288513e+01 4.05405474e+00 8.31006908e+00 9.34008658e-01
 3.15770149e-01 3.99348044e+00 1.99104980e-01 2.50387490e-01
 5.75169384e-01 2.25017605e+01 1.91542459e+00 4.87577629e+00
 3.76216412e-01 2.92345214e+00 6.42778873e-02 7.99931586e-01
 1.12330401e+00 6.06390142e+00 6.61064684e-01 3.42289768e-02
 3.53379989e+00 1.30363166e-01 6.21185970e+00 3.63994980e+00
 2.08193417e+01 6.21684933e+00 4.97646332e+00 1.96832073e+00
 7.53682470e+00 7.49207318e-01 1.08877815e-01 5.74667275e-01
 4.58693695e+01 1.25795059e+01 2.59433231e+01 6.72040999e-01
 2.51752704e-01 1.21915591e+00 1.00206280e+01 1.49568528e-01
 3.49493170e+00 2.27120895e+01 1.34541588e+01 4.35540378e-01
 1.22710598e+00 5.20921469e-01 9.49524021e+00 5.46718299e-01
 1.82136670e-01 1.00531960e+00 2.89636910e-01 1.81356406e+00
 2.94050789e+00 1.48862898e+00 2.09723067e+00 4.98635799e-01
 3.22770886e-02 2.70730346e-01 2.22248062e-01 2.02458630e+01
 2.41482925e+00 2.87294579e+00 1.73515427e+00 5.34259033e+00
 2.35757208e+00 7.91901779e+00 6.11921906e-01 1.01316547e+01
 6.41730309e+00 8.03446651e-01 2.58665299e+00 2.84144282e-01
 2.05984533e-01 7.08881330e+00 7.17791095e-02 8.61892283e-01
 2.10990921e-01 1.85574964e-01 2.62582451e-01 2.44125819e+00
 1.59383774e-01 1.49406080e+01 1.51087165e-01 7.60738659e+00
 7.54265428e-01 4.20781708e+00 1.56589508e+00 3.29022884e+00
 2.40143490e+00 3.48509848e-01 1.56930912e+00 1.79194856e+00
 4.22405863e+00 6.72836304e-01 3.20172548e+00 1.95941925e+00
 9.41257551e-02 7.53227353e-01 1.06235337e+00 2.12900209e+00
 2.09772885e-02 1.27074027e+00 5.62660980e+00 4.22584076e+01
 1.10143471e+01 8.08150005e+00 5.54485679e-01 4.62704241e-01
 1.01808882e+00 7.42738008e+00 7.90472984e-01 1.28508544e+00
 1.07432306e+00 1.24207716e+01 2.56854916e+00 7.16483688e+00
 6.18551895e-02 2.45060921e+01 2.13161993e+00 6.40017986e+00
 6.80803871e+00 5.55921912e-01 5.84119892e+00 1.88700750e-01
 2.80528855e+00 5.24460435e-01 9.47226465e-01 9.82223988e+00
 1.46786022e+01 3.20465064e+00 1.39920879e-03 1.16502819e+01
 5.05185747e+00 4.71555471e+00 2.02885389e-01 2.67133772e-01
 9.31422263e-02 3.09119644e+01 4.48649257e-01 2.07155228e-01
 1.12106442e+00 1.39890766e+01 1.26976585e+00 2.90897703e+00
 1.56824183e+00 4.57673836e+00 2.63861580e+01 4.57317543e+00
 4.13055778e-01 9.96267676e-01 3.47046876e+00 1.71954310e+00
 6.33424878e-01 2.18981719e+00 5.45172501e+00 3.75897074e+00
 1.95139730e+00 1.71966124e+00 2.05959725e+00 7.17434921e+01
 3.42667282e-01 2.34675243e-01 5.26620746e-01 3.14848512e-01
 1.18007410e+00 2.90300298e+00 7.22467780e-01 2.75947779e-01
 2.05868274e-01 1.69962794e-01 2.23763123e+01 3.11865425e+00
 9.92119551e-01 9.69498515e-01 1.92169368e+00 8.40804875e-02
 6.99185085e+00 1.38590565e+01 4.71008658e-01 7.83289969e-02
 2.90564537e+00 4.72718179e-01 1.15203452e+00 5.72813511e-01
 5.84667087e-01 7.11404514e+00 3.13100910e+00 2.78160896e+01
 1.41705809e+01 7.79453874e-01 5.72992992e+00 2.18677592e+00
 6.49948239e-01 2.93591714e+00 1.41273187e-02 3.81966114e+00],5.855341,[1.6453823e-01 1.3191522e+00 8.1544533e+00 7.0861632e-01 3.3998079e+00
 1.3935635e+00 9.5402420e-01 1.0130851e+00 5.4866533e+00 3.1416160e-01
 1.3435479e+00 5.1790249e-01 8.3524650e-01 1.9335415e+00 2.1490599e+01
 5.6204116e-01 1.2309180e-01 1.1207878e+01 2.7170131e-01 6.5692288e-01
 5.2594814e+00 1.5893087e+00 2.1377237e+00 1.1970163e-02 1.7369606e+00
 2.0240421e+00 2.8030032e-01 4.4648367e-01 2.3228586e+00 7.4307308e-02
 2.4911604e+00 2.2182772e-01 4.0911918e+00 1.7121077e+00 1.7708843e+01
 4.1850028e+00 3.9043671e+01 7.3361382e-02 2.5818428e-01 7.7898455e+00
 5.0403687e+01 4.5075822e-01 1.3455827e+00 2.5852925e-01 1.4027196e-01
 1.0964615e+00 1.2191334e+00 1.0289670e+01 2.8664207e+00 1.3030193e+01
 3.3024936e+00 5.4748601e-01 1.1163548e+00 8.7149429e-01 8.8965302e+00
 2.7938861e-02 3.3994415e+00 9.6188521e-01 2.7357008e+00 9.3358052e-01
 3.3424084e+01 2.8414905e+00 7.4540877e+00 1.0099525e+00 6.2673950e-01
 2.9774523e+00 2.1802996e-01 2.7080679e-01 4.1075773e+00 1.5517059e+01
 1.9293166e+00 1.3228937e+00 2.1934503e-01 2.3585043e+00 2.1819368e-01
 5.8327395e-01 7.0916462e-01 3.9869027e+00 3.5547739e-01 7.5132221e-02
 2.9303551e+00 1.4744505e-01 3.1555374e+00 2.6878958e+00 1.3596784e+01
 2.0288029e+00 3.0528028e+00 3.0522260e-01 1.3459439e+01 6.5634865e-01
 9.7156897e-02 4.5004767e-01 3.5945564e+01 3.5154350e+01 2.6044954e+01
 3.9132127e-01 2.4301018e-01 1.2103252e+00 1.3006479e+01 1.2490748e-01
 1.1146032e+01 8.1347628e+00 9.7273159e+00 5.0986505e-01 1.2665311e+00
 3.8532132e-01 8.9528198e+00 5.2165860e-01 1.7137852e-01 1.5650455e+00
 1.6680962e+00 3.1625865e+00 5.7209401e+00 1.1867439e+00 1.8029864e+00
 2.7356801e+00 9.0667218e-02 3.4448951e-01 6.2544751e-01 2.1138983e+01
 3.2544060e+00 2.0385618e+00 2.2417526e+00 4.4251275e+00 2.2963049e+00
 4.3320429e-02 6.8400306e-01 1.2481804e+01 1.6072965e+00 7.0698416e-01
 2.6225700e+00 7.4962085e-01 1.9839251e-01 4.8452463e+00 2.6013341e+00
 9.2543370e-01 1.0574639e-01 4.3948749e-03 2.5006980e-01 1.0441890e+00
 1.3336842e-01 1.4057674e+01 1.4706472e-01 2.6345754e+00 4.9073777e-01
 2.6331277e+00 6.1425555e-01 6.4297819e+00 2.7047286e+00 3.3763498e-01
 1.1841793e-01 4.1560066e-01 4.1534400e+00 1.0636077e+00 2.9158006e+00
 1.9973687e+00 9.9512070e-02 7.3566532e-01 9.7219062e-01 1.9220420e+00
 3.1198788e-01 8.1145686e-01 1.0016029e-02 6.5116829e+01 2.4086938e+00
 1.0905994e+01 3.5643789e-01 4.4017264e-01 2.0430717e+00 4.8698397e+00
 7.2712255e-01 1.3123107e+00 1.3642585e+00 5.7334213e+00 2.3544531e+00
 1.4546396e-01 3.5223108e-02 8.3398987e+01 1.6523864e+00 6.7576332e+00
 6.0794916e+00 5.7939434e-01 5.7871785e+00 5.8964568e-01 2.7798655e+00
 5.2569950e-01 1.2712367e+00 3.3355889e+00 1.5507118e+01 2.9066455e+00
 2.7883951e-02 7.6244745e+00 3.2514851e+00 3.5247283e+00 2.0399630e-01
 3.1590313e-01 5.6856143e-01 9.3212771e-01 4.8166749e-01 7.0496738e-01
 1.1045516e+00 1.2040706e+01 1.8302512e+00 3.4936733e+00 1.9930793e+00
 1.8913758e+00 3.0976965e+01 1.1609758e+00 2.0784090e-01 3.4970112e+00
 9.2312870e+00 2.2493644e+00 1.3090060e+00 1.2666411e+00 2.3187580e+00
 1.7910875e+00 6.4444715e-01 1.9770434e+00 2.3360384e+00 6.8973923e+01
 3.0990696e-01 1.5607373e-01 2.0344152e-01 2.8888261e-01 1.3171030e+00
 3.5620928e+00 4.8518005e-01 1.1811593e+00 1.5579376e-01 6.8553793e-01
 4.5587339e+00 3.2168596e+00 4.6370494e-01 1.6636503e+00 1.6511722e+00
 1.0655817e-01 3.1881771e+00 6.7887659e+00 1.4195676e+00 2.7342081e-02
 3.3264208e+00 4.3428183e-01 1.1782279e+00 5.3709471e-01 4.6071062e+00
 4.7466803e+00 2.1028302e+00 1.4456739e+01 1.5494070e+01 4.1612822e-01
 4.7397008e+00 2.0562208e+00 6.4486700e-01 3.6468353e+00 2.4203211e-05
 6.8351224e-02],-157.10052,-362.94812,-400.0,1.1479609,2.7141366,0.9559156,0.56817496,102.54529,-160.91263,1186.7039,379.95795,0.82721597,0.4989298,0.0805152,-374.14142,374.14142,[4.39572906e+02 1.53104277e+01 3.30452740e-01 2.40180230e+00
 9.20275688e+00 2.69669604e+00 3.06305504e+01 5.91563477e+02
 1.26494741e+01 5.05657501e+02 1.37925293e+03 1.61415875e+00
 3.12829113e+01 7.25163803e+01 1.28388767e+01 7.70940094e+01
 4.43985367e+01 6.03284760e+01 1.29788990e+01 4.08557272e+00
 6.89194632e+00 2.42622814e+01 7.13022827e+02 5.86207151e-01
 2.09844875e+00 2.09394646e+00 2.72591877e+01 9.26446247e+00
 1.30816269e+00 2.51452160e+00 5.98869705e+00 1.75340004e+01
 2.88382268e+00 2.68406749e+00 1.30883369e+01 9.30655226e-02
 3.16997711e+02 9.77752151e+01 7.63204422e+01 4.16209656e+02
 2.67762775e+01 1.62671032e+01 6.74621582e+00 4.95538330e+01
 1.21417248e+00 1.09229012e+02 2.32183609e+01 6.86659393e+01
 3.83981168e-01 1.56103344e+01 3.64901161e+01 3.59780717e+00
 3.33424744e+02 9.99202042e+01 6.36695404e+01 1.87253246e+01
 1.65971775e+01 2.09768944e+01 1.98897057e+01 1.71984310e+01
 4.58367676e+02 6.17876351e-01 3.27801666e+01 6.54845572e+00
 1.99110107e+02 1.21680336e+01 2.03933144e+00 1.17537506e+02
 1.48260818e+02 3.27233543e+01 1.16651770e+03 1.88827782e+01
 5.47540588e+01 1.73941528e+02 1.49848881e+01 3.66632202e+02
 1.38359725e+00 4.56602135e+01 1.05992378e+02 1.64663243e+00
 1.14771366e+01 3.84273987e+02 1.03847828e+01 9.30379868e-01
 1.60031937e+02 3.52575302e+01 6.60704422e+00 1.07084436e+01
 4.24249315e+00 1.43964112e+00 8.66661835e+00 5.22509766e+02
 5.73996878e+00 2.61798334e+00 8.44391060e+00 1.69901295e+01
 8.36118698e+00 1.10549173e+01 2.57659578e+00 8.96650124e+00
 9.23528320e+02 5.04389572e+01 2.57618866e+02 1.09246087e+00
 6.99648321e-01 1.19802441e+03 5.50465927e+01 8.56238327e+01
 4.55269003e+00 3.64373817e+01 1.24707699e+01 1.71957898e+00
 7.21521759e+01 1.53397739e+00 2.28588770e+03 7.07653809e+00
 1.27278740e+02 3.91771924e+03 6.04574890e+01 6.62046509e+02
 1.94903259e+02 3.10674324e+01 4.64805651e+00 3.20488358e+01
 7.08063602e+00 3.76549339e+00 5.50602913e+00 6.13702545e+01
 1.09356518e+01 1.69457090e+00 3.75285225e+01 2.81132393e+01
 5.05789368e+02 5.97976744e-02 9.05650711e+00 5.79347372e+00
 1.59014847e+02 2.29379807e+01 2.17064977e-01 1.02364683e+01
 1.40746857e+02 2.13434479e+02 2.39863129e+02 1.00416718e+01
 2.68808866e+00 9.40031052e+00 3.51649690e+00 6.57042465e+01
 3.96277237e+01 4.39218044e+00 3.79216105e-01 9.13172913e+01
 6.26738281e+01 2.55237985e+00 7.19338655e+00 1.33813925e+01
 1.70740381e+03 3.34722400e-01 1.02848587e+02 9.97423291e-01
 4.43512115e+01 2.49893021e+02 1.48404646e+01 1.53628937e+02
 1.18391609e+01 8.02941589e+01 5.54165065e-01 6.81836158e-02
 9.75599213e+01 5.15284491e+00 1.72824454e+00 5.87753296e+00
 5.50142708e+01 6.84710550e+00 2.24948158e+01 1.01772346e+01
 1.42288387e+00 2.55179348e+01 1.01338701e+01 3.69794273e+00
 1.57623688e+02 1.79477730e+01 6.60650635e+01 2.35710907e+02
 3.23827454e+02 3.06006546e+01 2.32101303e+02 2.45849289e+02
 1.89712024e+00 7.27919865e+00 5.24474945e+01 5.85157700e+01
 2.52849331e+01 4.55453825e+00 7.27818146e+01 6.51523743e+01
 2.22078753e+00 2.80955863e+00 1.68948326e+01 8.80383778e+00
 1.03814453e+03 2.87855911e+01 1.78000200e+00 2.09593887e+01
 3.61098099e+01 8.29176605e-01 8.51442814e-02 2.55711945e+02
 1.55307816e+02 1.28853655e+01 1.20370598e+01 3.27394295e+00
 1.80104279e+02 5.07737770e+01 4.00609612e-01 2.53931543e+04
 1.65941382e+03 7.63207078e-01 1.78018814e+02 2.78842497e+00
 5.88525581e+00 4.73662567e+01 4.87616491e+00 3.31674347e+01
 5.72591972e+01 1.32192368e+02 7.85675347e-01 2.51446934e+01
 1.47437773e+01 4.87979221e+00 6.26237640e+01 1.64244843e+01
 1.17360413e+02 6.87145233e+01 1.16468704e+00 1.45018402e+02
 3.02900342e+03 7.53574514e+00 1.49205589e+01 1.33389893e+01
 1.04273819e+02 4.37506371e+01 3.00091362e+00 1.07490288e+02
 6.32079506e+00 2.45231049e+02 1.53636646e+03 3.33439779e+00
 7.32995911e+01 4.96622192e+02 2.13915443e+01 7.96067142e+00
 8.10681581e-01 5.29874916e+01 2.70435120e+02 1.31559006e+02],266.7596,[4.40288666e+02 4.64603920e+01 1.63508147e-01 2.46208382e+00
 8.95933342e+00 1.96953702e+00 2.96847954e+01 5.27330078e+02
 4.00625038e+01 4.66702209e+02 6.62509277e+02 1.65859461e+00
 3.15543518e+01 8.35170593e+01 1.09116039e+01 8.21510620e+01
 4.36272278e+01 5.83499374e+01 3.14359894e+01 3.37410474e+00
 3.28694153e+00 1.77078743e+01 5.22035828e+02 5.50225616e-01
 2.18049002e+00 4.57290936e+00 2.78472176e+01 3.21034002e+00
 1.34088027e+00 3.23052192e+00 8.54699326e+00 1.96842289e+01
 4.61957741e+00 2.49071240e+00 1.28566837e+01 2.86803305e-01
 3.10114136e+02 7.16676636e+01 7.42585754e+01 4.08798981e+02
 2.56066418e+01 1.65166931e+01 4.73433495e+00 4.32869148e+01
 1.14071298e+00 9.98429413e+01 2.48181629e+01 6.33555946e+01
 3.99554396e+00 1.66944523e+01 6.87084579e+01 3.55090714e+00
 2.74875610e+02 9.84621277e+01 2.10473423e+01 4.08973122e+01
 2.76362586e+00 3.44510498e+01 1.39859495e+01 1.54725008e+01
 5.51736938e+02 9.58848238e-01 2.32393799e+01 6.96223783e+00
 1.90430740e+02 4.51890659e+00 1.08248973e+00 9.80690002e+01
 1.56991547e+02 2.99303951e+01 9.95640564e+02 1.65474968e+01
 5.08952599e+01 1.59380859e+02 1.56532001e+01 3.04127197e+02
 1.38381243e+00 4.60970917e+01 1.19214783e+02 1.50958610e+00
 1.17133350e+01 4.28088715e+02 6.14573288e+00 1.02759218e+00
 1.59882339e+02 3.44285049e+01 1.94781947e+00 9.06038284e+00
 4.05431747e+00 2.97530222e+00 7.93593470e-03 5.10854431e+02
 4.48281908e+00 2.07477140e+00 8.58061314e+00 3.89414558e+01
 9.53414917e+00 4.31530762e+00 2.76530433e+00 6.07420826e+00
 8.86786011e+02 5.84362373e+01 2.71047302e+02 2.49051714e+00
 6.86168611e-01 1.18429700e+03 5.24335175e+01 1.03002045e+02
 1.64810390e+01 3.35434837e+01 7.04373264e+00 1.81470203e+00
 3.25762100e+01 1.69562531e+00 1.62777258e+03 7.09594870e+00
 8.45875626e+01 3.78313379e+03 6.97719421e+01 6.49970947e+02
 1.77447021e+02 3.06713715e+01 4.39706135e+00 1.55721445e+01
 7.62473297e+00 3.97394753e+00 5.50250530e+00 5.05750847e+01
 9.08040619e+00 1.90074980e+00 3.25032425e+01 2.73230286e+01
 5.01039429e+02 8.10425162e-01 9.22550583e+00 5.32724094e+00
 1.45365112e+02 3.87917786e+01 2.35844612e-01 5.31561375e+00
 1.66402557e+02 3.04377136e+02 2.16591660e+02 9.86087418e+00
 7.90545559e+00 1.11331451e+00 6.62894917e+00 4.36335449e+01
 7.75495148e+01 4.24762821e+00 6.65147424e-01 1.08044365e+02
 6.15489960e+01 2.48777556e+00 7.11885023e+00 1.35952654e+01
 1.64730798e+03 3.74268174e-01 1.02599083e+02 1.23349667e+00
 4.97080765e+01 2.42367310e+02 1.18343725e+01 1.52396088e+02
 8.48645401e+00 8.09237900e+01 5.35640538e-01 1.42097995e-01
 9.33960114e+01 2.12969184e+00 1.48882699e+00 5.39041901e+00
 5.89909859e+01 4.85180473e+00 2.42384663e+01 5.18767357e-01
 1.41367078e+00 2.55536880e+01 1.00061760e+01 4.00525045e+00
 1.57032150e+02 1.87566738e+01 6.79536667e+01 2.36534134e+02
 3.67313019e+02 6.39523602e+00 1.98860321e+02 2.26674988e+02
 1.53349745e+00 2.51888943e+00 5.06617279e+01 1.91122131e+01
 1.27421455e+01 5.41970587e+00 6.45737076e+01 6.13632088e+01
 3.78508687e+00 5.40628481e+00 1.40984859e+01 1.13611259e+01
 1.03470105e+03 1.02778645e+01 1.40636182e+00 2.17909260e+01
 2.79920120e+01 9.24984217e-01 1.03019536e-01 2.49162552e+02
 1.19023926e+02 3.44874458e+01 1.28642368e+01 4.03146267e+00
 1.84716339e+02 6.07541962e+01 4.03558314e-01 1.65900547e+04
 1.73216553e+03 8.07518184e-01 2.06924469e+02 2.81114984e+00
 7.04633999e+00 4.77372360e+01 4.74149895e+00 5.48204536e+01
 4.52026443e+01 1.56670105e+02 5.39933324e-01 1.93161449e+01
 1.47216625e+01 5.03643131e+00 6.32521706e+01 2.60743666e+00
 1.17446640e+02 6.81612015e+01 9.33424711e-01 8.55095215e+01
 3.05557422e+03 1.81885262e+01 1.58962145e+01 9.45884514e+00
 1.03374832e+02 4.36430779e+01 2.72901154e+00 1.26543541e+02
 6.09626722e+00 2.86968628e+02 1.57015979e+03 3.30325437e+00
 4.07020378e+01 5.90375671e+02 2.94852710e+00 8.01101875e+00
 1.61203814e+00 4.99420891e+01 2.54632507e+02 1.30519333e+02],-225.87149,-379.4698,-400.0,1.1759641,3.2651012,0.9692453,0.57141685,0.013748914871215821,5796.531208276749,-0.1613557441417133,0.03401746860194059,-0.16372122841177467,-0.04351321810052033,4.921214126452338,25.099999999996967,0.0,425000.0,-2.0,-1000.0,500.0,6.615360498428345,425000
262.55704,0.1004799,0.6492052,0.0039432407,-255.96451,255.96451,[1.31203356e+01 6.38782692e+00 6.60819292e-01 3.66856009e-02
 1.92504692e+01 7.34157935e-02 7.15442955e-01 1.75370276e-01
 6.19370490e-02 7.65640974e-01 7.97451615e-01 2.07751989e-01
 4.23970044e-01 1.03800535e+01 2.46281033e+01 4.02594805e+00
 9.23248196e+00 5.33120520e-02 6.26377046e-01 2.08281851e+00
 3.83436203e+01 4.73403454e+00 5.00401556e-01 3.12105626e-01
 4.03048134e+00 1.32893476e+01 2.14210343e+00 7.31991434e+00
 1.67834530e+01 1.16644030e+01 3.78887653e+00 1.92371631e+00
 1.46670118e-01 3.16527271e+00 3.01220775e-01 2.76908010e-01
 4.37657908e-02 7.34021854e+00 9.23886013e+00 4.39754820e+00
 7.44597483e+00 9.41883266e-01 3.39852333e+01 7.39912939e+00
 2.32712135e-01 2.68583155e+00 1.74001312e+00 7.67809212e-01
 2.68793374e-01 5.07970192e-02 7.44954467e-01 2.28509650e-01
 4.16692019e+00 5.32403290e-01 1.69742131e+00 3.04479456e+00
 3.23773041e+01 1.56566935e+01 5.63098975e-02 1.23300228e+01
 5.94000593e-02 8.82815552e+00 1.52777519e+01 1.03427798e-01
 7.65883589e+00 4.95890155e-02 3.60215425e+00 6.20240808e-01
 4.32896280e+00 7.97117800e-02 1.05533810e+01 7.87539423e-01
 1.29072595e+00 3.24746311e-01 1.13316774e+00 4.29999530e-01
 5.59803784e-01 3.53282785e+00 4.07633638e+00 2.75382686e+00
 8.76038895e+01 1.03060102e+01 1.35728989e+01 8.69983360e-02
 2.11757421e+00 2.84298778e+00 3.95976043e+00 1.51012192e+01
 7.54428923e-01 1.40648937e+00 7.09833908e+01 2.50418067e+00
 1.69283223e+00 4.53878260e+00 1.41446173e+00 1.33326120e+01
 6.15686417e-01 5.77638671e-02 1.40276527e+00 6.09893150e+01
 2.19233036e-02 1.82405319e+01 4.13063574e+00 2.92228580e-01
 3.79478192e+00 4.76704102e+01 2.39354372e+00 9.72784638e-01
 6.27518445e-02 3.04607227e-02 3.05603600e+01 4.88360494e-01
 2.94219398e+01 5.83908334e-02 6.48409700e+00 1.51021510e-01
 3.68190408e-01 2.23967105e-01 1.69242668e+00 8.46819952e-03
 4.32251617e-02 4.97596836e+00 5.68110585e-01 1.45382890e-02
 1.17638940e-02 1.92041487e-01 3.16338152e-01 5.33697486e-01
 1.16186035e+00 1.22994304e+00 3.66586232e+00 4.11557704e-01
 6.51941299e+00 1.69393826e+01 1.56859436e+02 4.14077377e+00
 1.41295210e-01 1.37213821e+01 1.60680509e+00 1.73976917e+01
 5.77376038e-02 2.85275507e+00 2.78749764e-01 2.34105015e+00
 9.26461506e+00 2.27242851e+00 3.68671322e+00 1.30370748e+00
 2.80408353e-01 3.07604998e-01 1.28608215e+00 1.43214512e+00
 2.55716711e-01 3.61943066e-01 5.59295952e-01 6.34811521e-02
 3.92920613e-01 2.10687523e+01 2.02631474e+01 4.59520400e-01
 2.21407786e-02 9.53295112e-01 2.86599970e+00 1.84992015e+00
 5.92168093e-01 2.08145599e+01 4.28906059e+00 1.33812876e+01
 1.13176613e+01 6.04518795e+00 2.49439970e-01 3.35684586e+00
 6.08957062e+01 4.89181012e-01 2.87215686e+00 4.70457882e-01
 2.27432752e+00 2.82040015e-02 1.53441229e+01 3.46477432e+01
 1.24418000e-02 3.44724447e-01 5.93661487e-01 1.33534360e+00
 1.29298468e+01 4.16356468e+00 2.79706538e-01 3.22755158e-01
 1.71608001e-01 1.15633214e+00 1.02499895e+01 4.99738693e+00
 5.23655558e+00 4.32800204e-01 2.91493630e+00 7.53806680e-02
 1.49680376e+00 5.08579350e+00 1.28057995e+01 1.36282139e+01
 1.33588541e+00 1.27340603e+01 1.16221447e+01 3.97521667e+01
 5.01393676e-01 1.95731938e-01 4.85898638e+00 2.68937826e-01
 3.39589000e-01 4.97974038e-01 2.60986519e+00 1.16104555e+00
 1.78131163e+00 9.30957985e+00 2.12564564e+00 2.74844199e-01
 1.45466642e+01 7.79788315e-01 1.12158620e+00 4.85347331e-01
 9.05267525e+00 4.98452034e+01 8.79047453e-01 2.37200904e+00
 1.15811157e+01 2.14335918e+00 3.95617819e+00 1.16762035e-01
 9.20354053e-02 3.26568103e+00 6.40297852e+02 8.50374401e-01
 9.72611070e-01 3.08434939e+00 1.43311778e-02 2.42719536e+01
 3.67954224e-01 1.72568932e+01 1.25725195e-01 2.19103009e-01
 7.04477906e-01 1.27727823e+01 8.25766921e-02 1.23397596e-01
 1.57733440e+00 1.18040180e+00 1.88276887e+00 1.39530763e-01
 3.49199325e-01 2.37654805e+00 1.69821322e-01 4.76410818e+00
 7.28130698e-01 1.07494019e-01 9.99382305e+00 5.43448567e-01],10.452503,[1.75839615e+00 6.60605240e+00 1.36694932e+00 8.57150257e-02
 8.38466835e+00 6.45997822e-02 8.85954380e-01 4.51388329e-01
 1.66946217e-01 1.63972557e+00 1.21074715e+01 1.11580864e-01
 5.82471192e-01 7.95940924e+00 3.43197746e+01 3.84334624e-01
 1.07140408e+01 1.86253235e-01 5.76298356e-01 5.90362072e+00
 1.52669506e+01 1.72605002e+00 8.73781800e-01 5.66804469e-01
 2.93765879e+00 2.00632000e+01 1.13655663e+00 4.40579414e-01
 2.72117939e+01 1.22257605e+01 2.13183880e+00 3.01049352e+00
 9.77737010e-02 4.89757204e+00 2.62711793e-01 6.70176864e-01
 4.73488346e-02 4.78184271e+00 4.99455357e+00 4.13030338e+00
 7.41534853e+00 3.69552088e+00 6.51936111e+01 5.05349159e+00
 8.18291008e-02 2.41994143e+00 3.45642686e-01 4.25311238e-01
 2.58609205e-01 3.34440857e-01 1.11766834e+01 1.03760922e+00
 1.22050657e+01 4.24003869e-01 1.23157597e+00 5.06875467e+00
 2.24795628e+01 9.11628532e+00 3.43612470e-02 1.01440287e+01
 4.28725667e-02 1.05493307e+01 7.37522125e+00 4.17388231e-02
 4.81538105e+00 6.02116734e-02 2.71037006e+00 3.87763095e+00
 3.73457098e+00 1.50918889e+00 8.99649239e+00 1.06334805e+00
 1.65612185e+00 2.94058502e-01 2.13915586e+00 3.35356414e-01
 1.36485845e-01 1.99525082e+00 4.18096876e+00 1.62049031e+00
 5.08192253e+01 3.94732857e+00 1.44022865e+01 1.10300086e-01
 3.79552794e+00 6.02917576e+00 1.22735367e+01 3.75135374e+00
 2.34132719e+00 5.28936243e+00 8.51689339e+00 9.07030106e+00
 3.45883703e+00 9.11711597e+00 9.83910656e+00 6.08658981e+00
 5.58190286e-01 7.55887985e-01 9.58337426e-01 4.20217667e+01
 3.11610281e-01 1.50485001e+01 4.82941437e+00 2.83109576e-01
 1.35940599e+00 2.10021610e+01 2.01215744e+00 8.70480537e-01
 9.52116072e-01 6.70582533e-01 3.90358925e+01 5.06823361e-01
 4.47754860e-01 1.07881948e-01 4.62640464e-01 1.84486598e-01
 2.95262903e-01 9.74701643e-02 2.09447718e+00 1.61841244e-01
 4.15485561e-01 1.60511684e+00 1.61844566e-01 4.01702672e-01
 2.27676742e-02 1.81031048e-01 4.32633340e-01 9.30528760e-01
 1.67508990e-01 8.22763205e-01 5.95241487e-01 3.64411086e-01
 2.90815377e+00 6.85599670e+01 2.57865667e+00 1.92906916e+00
 1.03568518e+00 3.92032509e+01 6.46376848e-01 3.63424706e+00
 6.64246231e-02 2.65985322e+00 1.70361608e-01 6.25543952e-01
 8.90348434e+00 9.55501974e-01 1.14277041e+00 9.06063974e-01
 5.23003340e-01 1.97398171e-01 5.75826466e-01 1.24504375e+00
 5.41268005e+01 8.97586942e-01 6.57440305e-01 3.85196395e-02
 3.03931415e-01 1.55703455e-01 1.39872837e+01 2.63721496e-01
 2.16495842e-02 1.88017488e+00 4.76366103e-01 4.37257171e-01
 3.90262574e-01 3.31003308e+00 3.47834611e+00 1.81216202e+01
 3.45135880e+00 5.37667871e-01 1.27986431e+00 3.26203203e+00
 7.51941681e+01 4.94411081e-01 1.74974556e+01 5.10239363e-01
 1.21901274e+00 4.96717393e-02 7.59786189e-01 6.00976524e+01
 3.00288498e-01 9.62779149e-02 2.64878958e-01 4.64890033e-01
 7.46555023e+01 5.12665939e+00 3.63081574e-01 3.93370628e-01
 7.62320776e-03 9.19401824e-01 1.05955610e+01 9.21240616e+00
 2.92959251e+01 8.76049399e-01 3.88509521e+01 6.62547946e-02
 5.70870638e+00 5.22406101e-01 1.06012783e+01 1.44924269e+01
 4.80288553e+00 8.37080240e-01 2.32319584e+01 9.63113129e-01
 5.00028849e-01 3.09693426e-01 5.50831175e+00 2.63552755e-01
 5.19616961e-01 7.36028254e-02 1.72539387e+01 1.11182296e+00
 3.15870476e+00 1.68334222e+00 8.04254532e+00 2.21020401e-01
 1.10577135e+01 3.45414042e-01 1.12593365e+00 1.80354061e+01
 5.43752003e+00 1.15888634e+01 6.20513201e-01 1.89258327e+01
 1.53956437e+00 2.69233489e+00 3.82322168e+00 8.91765505e-02
 5.89697435e-02 2.68835163e+00 2.00350586e+02 3.36685753e+00
 9.28864896e-01 1.02050626e+00 3.61360431e-01 5.94744396e+00
 2.49437585e-01 1.77842102e+01 1.00472890e-01 2.43734270e-01
 1.89181417e-01 2.32205296e+00 1.89904459e-02 5.21136671e-02
 8.44075441e-01 6.99315369e-01 3.56695557e+00 2.22670771e-02
 1.80055544e-01 2.71929336e+00 2.61890388e+00 2.80279040e+00
 5.30455485e-02 1.84552744e-02 2.80164623e+00 4.30860996e-01],-150.27594,-348.95947,-400.0,1.3349073,5.8303466,0.9669479,0.5897875,244.24983,-223.89973,1939.6837,364.54294,0.578088,0.55225843,0.0781912,-358.44226,358.44226,[2.67466946e+01 9.52791992e+02 1.32090063e+01 3.87677994e+01
 1.40200577e+01 6.05498413e+02 1.65564545e+02 1.91218281e+00
 1.78331890e+01 5.07994308e+01 7.36244965e+01 4.25804413e+02
 4.92493451e-01 1.40923033e+01 4.75681543e+00 7.22940674e+02
 3.38335228e+00 2.77874928e+01 4.48392868e+00 1.15052724e+00
 8.94450378e+00 4.97670698e+00 2.14888153e+01 1.27598867e+01
 1.47532642e-01 3.96314331e+02 4.95871773e+01 1.05151999e+00
 1.26292749e+03 9.01468811e+02 2.33169150e+00 2.04624329e+02
 1.72468231e+02 2.10464630e+01 2.28558159e+00 6.08457825e+02
 2.35781479e+02 2.68860626e+01 1.16181507e+01 4.14751129e+02
 3.28317947e+01 1.61477871e+01 2.80688263e+02 2.45074010e+00
 5.26452637e+02 2.67857075e+00 3.87411728e+01 4.05577637e+03
 3.78018494e+02 3.68035461e+02 1.96034943e+02 3.38489893e+03
 1.70964062e+03 2.85289121e+00 1.00973091e+01 1.33731384e+01
 1.94739056e+01 6.28949642e+00 9.43703537e+01 1.77561719e+04
 7.59102554e+01 1.19458714e+01 3.30168456e-01 8.29133301e+01
 1.39705400e+01 9.29786682e+00 1.43099146e+01 4.64961166e+01
 1.18049976e+03 1.15960121e+02 6.06960938e+03 1.16175241e+01
 1.19539614e+01 1.41964584e+02 2.68853931e+01 1.62113571e+01
 1.67088547e+02 1.15475029e+02 6.61937790e+01 1.42072546e+03
 2.83609985e+02 1.18304691e+01 2.13081738e+03 3.12349304e+02
 9.48869934e+01 5.72316513e+01 7.69362152e-01 3.42731285e+01
 1.36544604e+03 7.68613911e+00 5.39569473e+00 8.87793541e+00
 7.20770645e+01 5.15680466e+01 6.42525482e+01 4.94517183e+00
 2.20804262e+00 1.35022235e+00 1.00736496e+02 1.94936180e+01
 2.27460474e-01 2.15221481e+01 2.03206110e+00 2.12220679e+03
 7.43155003e+00 2.14636621e+03 9.89941345e+02 1.52351589e+01
 6.62333496e+02 2.38435684e+02 1.93756543e+03 7.37433777e+01
 4.76670868e+02 1.12489893e+03 1.84773903e+01 2.83873749e+02
 2.16197189e+02 7.39037247e+01 3.28633423e+01 5.75118437e-02
 2.73989162e+01 1.31506176e+01 1.45003710e+01 5.10518372e-01
 1.11733447e+03 4.45514858e-01 2.67116566e+01 4.16528516e+03
 8.55470810e+01 2.00177670e+00 5.55867371e+02 3.36717272e+00
 2.23792362e+01 1.23469830e+01 1.04639530e+00 2.58297086e-01
 2.82613434e+02 3.47613373e+01 6.28921143e+02 1.63316822e+00
 1.08984940e+02 5.39516983e+01 2.00545073e+00 3.25618148e+00
 1.66715332e+02 7.95487732e+02 3.76480446e+01 3.20538757e+02
 3.29374743e+00 4.85375929e+00 1.97236969e+02 1.38325062e+01
 2.49938927e+01 2.22036072e+02 8.32835555e-01 4.87660065e+01
 8.71816711e+02 2.67633850e+02 4.01885132e+02 3.00963879e+00
 6.81872559e+01 2.33157463e+01 3.10718079e+01 3.79977775e+00
 9.51079254e+01 9.13466549e+00 3.14760345e+02 1.86797733e+01
 4.89257660e+01 1.48316061e+00 1.50462793e+03 2.71462109e+03
 1.94742072e+00 1.28994441e+00 9.02098465e+00 2.91723328e+01
 3.03710754e+02 2.22653437e+00 3.56526852e+00 1.04102621e+01
 6.23413181e+00 3.32897911e+01 8.86137009e-01 6.37635864e+02
 1.31918821e+01 1.76836841e+03 9.29602509e+01 1.81501555e+00
 1.48055695e+02 9.62092209e+01 1.04885235e+01 5.55916328e+01
 2.12192245e+02 8.20837402e+00 1.75198090e+00 7.54881592e+01
 1.59169281e+02 4.74873772e+01 3.79566371e-01 1.81846558e+02
 2.61444321e+01 1.18344431e+01 8.28745956e+01 1.09349689e+01
 3.15121689e+01 1.00994080e+02 1.61070824e+01 2.96217155e+00
 1.21621647e+01 2.15280487e+02 1.76762199e+01 3.32153435e+01
 7.55605698e-01 6.55055189e+00 1.79916549e+00 1.75417419e+02
 5.07108641e+00 9.47080231e+01 1.70896778e+01 1.54517410e+02
 2.96432078e-01 7.78245316e+01 1.97559128e+01 1.44735855e+02
 3.48217316e+02 9.59234428e+00 4.56777287e+00 2.11159954e+01
 2.27561760e+00 6.24550629e+00 6.78893089e+00 5.09935760e+00
 3.18555420e+02 1.27421240e+03 7.47588933e-01 5.98510742e+02
 5.92426834e+01 9.08386780e+02 1.61486077e+00 1.51860016e+02
 2.36793503e+02 1.20166883e+01 3.75577850e+01 1.24202286e+02
 1.36671247e+01 9.37250328e+00 6.35256233e+01 1.65465927e+02
 9.77931881e+00 4.20647998e+03 6.63116394e+02 1.30924177e+01
 4.51602211e+01 5.29312286e+01 1.67615738e+02 1.17709277e+04],486.29236,[2.22914333e+01 9.52533447e+02 1.27177124e+01 3.82948418e+01
 1.36007652e+01 5.30484070e+02 1.60766785e+02 2.79200301e-02
 8.58614254e+00 5.22988739e+01 8.72489777e+01 3.70577789e+02
 3.21882248e-01 1.17188921e+01 4.43034506e+00 7.70183960e+02
 4.82047033e+00 1.03863096e+01 4.64827394e+00 8.90308321e-01
 3.21832752e+00 4.64360237e+00 9.82246494e+00 1.14229240e+01
 7.25923851e-02 3.80104095e+02 4.79292564e+01 1.11949372e+00
 1.06295142e+03 8.55063721e+02 1.88877296e+00 2.05600662e+02
 5.75122213e+00 1.90174446e+01 2.38387966e+00 6.27265442e+02
 9.39188690e+01 3.14235439e+01 6.31014633e+00 2.55175133e+01
 3.20881805e+01 1.51976852e+01 2.76980469e+02 1.24104440e+00
 5.19411621e+02 2.63124180e+00 3.43555069e+01 3.98753101e+03
 9.46251221e+01 2.07935165e+02 6.44432907e+01 3.42293701e+03
 1.48988269e+03 2.24327803e+00 6.04846478e+00 1.16036215e+01
 1.89499683e+01 4.86933231e+00 1.02764648e+02 1.67920859e+04
 4.71049232e+01 1.28713865e+01 5.54722905e-01 8.06259460e+01
 1.24385281e+01 1.05672951e+01 1.11858501e+01 1.80602684e+01
 3.39102692e+02 9.65353622e+01 5.62686963e+03 1.76198807e+01
 4.63655806e+00 1.58861404e+02 2.43755322e+01 1.18648882e+01
 2.56467514e+01 5.78465652e+01 6.67996826e+01 7.86436035e+02
 5.63344055e+02 1.24536200e+01 1.72015771e+03 2.97056946e+02
 7.31950531e+01 4.97851181e+01 1.50748268e-01 3.44576263e+01
 1.34880176e+03 4.13082075e+00 5.38425446e+00 3.82862020e+00
 8.63723297e+01 5.26962509e+01 2.98544827e+01 4.93871689e+00
 1.91450059e+00 1.46390355e+00 7.18347321e+01 1.38845348e+01
 2.41555780e-01 7.96177340e+00 1.07822835e+00 2.00444653e+03
 7.37105799e+00 2.16999341e+03 9.56429199e+02 1.42270517e+01
 5.77311646e+02 9.23490295e+01 2.03012036e+03 8.69370728e+01
 3.01272583e+02 8.44587585e+02 2.28700066e+00 2.47407410e+02
 1.99448547e+02 6.98937607e+01 3.24746056e+01 5.32162413e-02
 1.86357136e+01 1.33046656e+01 1.46398325e+01 4.79337007e-01
 1.19631152e+03 5.04036188e-01 5.46884108e+00 4.53437939e+03
 9.50484314e+01 1.72101450e+00 8.75932373e+02 3.16051769e+00
 3.31653290e+01 1.26494637e+01 1.19009256e+00 2.66951829e-01
 2.81603271e+02 3.43365555e+01 6.26936218e+02 1.93737876e+00
 9.19517746e+01 1.59501343e+02 1.81050837e+00 3.51067257e+00
 1.72973145e+02 7.78258057e+02 3.75398712e+01 4.19938690e+02
 2.68890333e+00 1.72487259e+00 2.04830963e+02 1.35196571e+01
 2.50183945e+01 1.98398666e+02 9.20176566e-01 2.33596859e+01
 8.98019592e+02 4.88439575e+02 3.59335693e+02 3.02076650e+00
 6.68436584e+01 2.05090027e+01 2.94006462e+01 3.74036145e+00
 8.96965332e+01 7.47075844e+00 3.11962860e+02 1.86439667e+01
 5.36931610e+01 3.57609332e-01 1.60813330e+03 2.19596045e+03
 1.47288668e+00 1.28107929e+00 4.90106010e+00 2.10412483e+01
 2.95835693e+02 6.53780890e+00 3.56635952e+00 1.02653809e+01
 4.88162804e+00 1.32301836e+01 9.78043601e-02 6.00534912e+02
 1.49376726e+01 1.32853809e+03 8.57685318e+01 1.13113832e+00
 9.91686401e+01 1.28815622e+01 1.03058443e+01 1.20512970e+02
 1.76975311e+02 8.12458324e+00 1.94090533e+00 7.29564133e+01
 1.66794147e+01 2.40723591e+01 2.24281117e-01 5.17727814e+01
 2.97637062e+01 3.79238296e+00 8.80056076e+01 9.18090725e+00
 3.05249920e+01 1.16238419e+02 1.51517124e+01 2.52009845e+00
 1.42606726e+01 2.15337646e+02 2.05625114e+01 2.32527962e+01
 9.66477752e-01 9.62230873e+00 6.04404354e+00 7.07150345e+01
 6.38077497e+00 9.26264954e+01 7.23081255e+00 8.95279999e+01
 2.94492155e-01 3.29259300e+01 1.92116470e+01 3.10068878e+02
 2.39639023e+02 1.59876194e+01 3.12654543e+00 2.00434341e+01
 2.29657006e+00 6.06367970e+00 4.57358360e+00 5.10899878e+00
 3.59613678e+02 1.29364307e+03 5.51195741e-01 5.93196289e+02
 2.35500702e+02 8.41098083e+02 1.54479086e+00 1.75407135e+02
 1.75356094e+02 1.06764584e+01 2.59298782e+01 1.14389191e+02
 1.31941128e+01 1.29207916e+01 3.17741947e+01 1.54427109e+02
 9.80696583e+00 3.80499341e+03 2.90124054e+02 1.19701834e+01
 3.98302727e+01 4.38469849e+01 1.59523438e+02 1.04348496e+04],-171.93944,-368.66577,-399.1988,1.2974827,4.652319,0.93011683,0.58663046,0.013192212438583375,6126.33654499054,-0.13056238821482424,-0.1334918531556548,-0.12204412182164369,0.155472796916755,19.527940659401953,25.099999999996967,0.0,450000.0,-2.0,-1000.0,500.0,6.597990274429321,450000
220.40485,0.06116602,0.7501881,0.0031445876,-212.8418,212.8418,[8.31982017e-01 1.25586286e-01 8.14051437e+00 1.30600119e+00
 8.34800303e-05 4.32440376e+00 9.98215228e-02 2.49971047e-01
 1.37036395e+00 2.66206861e+00 1.25334811e+00 6.20764852e-01
 1.04634953e+01 4.46662337e-01 1.58858652e+01 3.24080080e-01
 1.69145298e+01 3.98897095e+01 3.07834387e+00 5.14689162e-02
 3.04382181e+00 6.37938843e+01 3.23500061e+00 2.58149803e-01
 6.40947580e+00 1.57773943e+01 3.36176085e+00 4.61769104e+00
 1.35480016e-01 3.20629549e+00 7.82118887e-02 3.43191004e+00
 1.06916584e-01 1.31155312e+00 2.12241936e+01 3.40269928e+01
 1.42702732e+01 3.34256291e-01 3.92771912e+01 2.05985889e-01
 3.78172684e+01 3.89032674e+00 3.57623940e+01 5.08773029e-01
 4.43348742e+00 5.31543732e+00 2.76885659e-01 1.48732141e-01
 1.49097929e+01 7.68485737e+00 1.43581629e-01 1.34193764e+01
 2.92312393e+01 1.55383911e+01 4.21521187e-01 4.62129402e+00
 2.11886454e+00 1.75938249e+00 6.00852907e-01 2.10217595e+00
 6.02378273e+00 7.57877678e-02 1.91133395e-01 4.32954168e+00
 4.12591934e+00 2.17376137e+00 2.96705894e+01 1.05465927e+01
 3.59733909e-01 4.94864082e+00 6.96214247e+00 1.48694053e-01
 2.25553036e+00 2.45996590e+01 8.03868294e+00 4.39351089e-02
 2.62136340e+00 1.38622408e+01 1.35318775e+01 3.04852257e+01
 4.53320408e+00 1.51678963e+01 1.61823809e-01 1.29378586e+02
 1.51358813e-01 4.24828148e+00 7.82239556e-01 3.75194609e-01
 1.35742381e-01 7.55084562e+00 1.68126273e+00 1.02736861e-01
 1.16961861e+00 8.90872002e+00 5.70970306e+01 1.60349160e-01
 2.50337486e+01 3.91675472e-01 1.38710022e+00 5.76308870e+00
 3.58399463e+00 8.72562885e+00 2.42418742e+00 6.93561792e+00
 2.34426212e+01 1.91207349e+00 2.04592876e+01 6.05133057e+01
 9.72787082e-01 2.03163362e+00 1.87246114e-01 1.84172578e-02
 8.00935999e-02 2.44462825e-02 2.85505354e-01 5.40617585e-01
 3.88277674e+00 1.93019724e+00 2.00821117e-01 9.35185623e+00
 2.56481791e+00 9.83983755e-01 9.66574764e+00 1.00393631e-01
 3.65088969e-01 2.05828518e-01 5.31888533e+00 3.86596184e+01
 6.73352509e+01 1.03328645e+00 1.00883937e+00 8.72367764e+00
 5.79158545e-01 3.54683936e-01 6.03554547e-01 1.74300566e-01
 9.43675423e+00 1.04078627e+00 7.26273346e+01 1.23674154e+01
 1.71261621e+00 6.12483025e-01 7.94722176e+00 4.92480278e+00
 2.13422737e+01 2.81117105e+00 1.98149353e-01 1.59261465e+00
 1.40889807e+01 3.04285431e+00 3.52140522e+00 7.59650648e-01
 1.19414616e+00 1.10891648e-02 8.82902086e-01 1.76185751e+00
 5.71709722e-02 1.94946873e+00 6.39672089e+00 2.43167669e-01
 3.45357966e+00 8.17304230e+01 1.40099239e+01 4.27564907e+00
 1.15493450e+01 2.00935230e-02 1.54965878e-01 3.89976478e+00
 9.12545323e-01 3.61894965e+00 6.94720554e+00 1.14529714e-01
 9.82271957e+00 2.39064291e-01 3.38814527e-01 7.04647064e+00
 9.51379478e-01 7.30233073e-01 6.29024267e-01 3.78277893e+01
 4.65986162e-01 5.02777386e+00 9.46772575e-01 1.85260916e+00
 1.31629829e+01 1.07601799e+02 1.94334812e+01 3.05343717e-01
 2.37618999e+01 5.76523209e+00 1.26997128e+01 4.31505823e+00
 5.67352867e+00 2.37518996e-01 2.69315213e-01 1.38535576e+01
 1.21098065e+00 2.72251666e-01 1.02226213e-02 3.22725356e-01
 1.19120896e+00 5.14136887e+00 1.45090761e+01 6.45010090e+00
 1.49318504e+01 6.04875505e-01 1.70756876e+00 3.32673979e+00
 7.91969478e-01 5.90728474e+00 1.36297286e+00 5.00682869e+01
 8.38766992e-01 2.46967673e+00 2.61466331e+01 4.44172430e+00
 1.04488754e+01 1.40262067e+00 1.10796988e-01 4.20600891e+00
 7.49626160e+00 3.09361887e+00 1.66082191e+01 4.23112440e+00
 2.71456718e-01 5.41197777e-01 4.25226736e+00 7.12865162e+00
 2.82879114e-01 9.09106970e-01 6.09289743e-02 2.37946436e-01
 2.75853872e+00 6.48311710e+00 4.46129113e-01 1.15670004e+01
 2.68760510e-02 3.60552490e-01 1.11560631e+00 4.16186666e+00
 1.42674952e+01 3.32316399e-01 7.37267211e-02 1.03175354e+01
 1.85114622e+00 1.97263002e+00 6.45892906e+00 8.82089806e+00
 1.00567572e-01 6.73799515e-01 2.07619019e+01 1.21529419e-02
 5.42432405e-02 6.91149750e+01 2.21101716e-01 4.04010916e+00],10.933144,[4.57425880e+00 1.72920167e-01 8.88541985e+00 6.43137169e+00
 1.29735330e-02 2.29774046e+00 1.63781881e-01 1.93266511e-01
 6.39837831e-02 4.68021297e+00 4.62257922e-01 1.84588909e-01
 9.00821495e+00 7.15538979e-01 1.40905344e+00 3.62767167e-02
 8.26845169e+00 1.06717443e+01 3.97316670e+00 2.21666515e-01
 2.50940800e+00 3.73305969e+01 3.55726480e+00 1.93651110e-01
 8.35791683e+00 1.86442528e+01 1.30172324e+00 1.27753353e+00
 1.75714090e-01 5.51411390e+00 1.27232924e-01 4.53209829e+00
 1.11135028e-01 1.36216974e+00 1.99453926e+01 1.55411739e+01
 1.15018158e+01 4.22052026e-01 5.09229202e+01 1.64393231e-01
 7.21095963e+01 2.81547499e+00 7.56134892e+00 5.97369134e-01
 5.62171507e+00 4.18323660e+00 2.99196064e-01 4.83748883e-01
 1.95626011e+01 4.10774136e+00 1.23778343e-01 6.22608709e+00
 4.89991379e+01 1.67406292e+01 2.58963674e-01 1.86211085e+00
 3.36876965e+00 2.03860736e+00 2.33958530e+00 1.56866419e+00
 1.02122812e+01 9.94089395e-02 1.62677050e-01 2.32490158e+00
 8.33737373e+00 3.72344583e-01 1.28345404e+01 1.10609760e+01
 3.53322774e-01 1.97793567e+00 1.57841229e+00 3.28285843e-02
 8.81051421e-01 2.30666122e+01 8.56054592e+00 2.71087289e-02
 8.77896881e+00 4.24366999e+00 1.10023918e+01 8.99243069e+00
 2.23834229e+00 1.76777077e+00 2.35841602e-01 1.62041569e+01
 5.39185703e-02 4.22397232e+00 5.47143996e-01 3.55969638e-01
 1.09736368e-01 7.19539165e+00 1.67899609e+00 1.53556183e-01
 1.16999865e+00 5.25982332e+00 6.41648865e+01 2.28932056e+01
 1.13847790e+01 1.44366741e+00 2.64994335e+00 3.95515776e+00
 4.64596844e+00 1.62967825e+00 4.24432099e-01 3.10689087e+01
 4.94872475e+00 2.95076675e+01 1.82519703e+01 1.99402409e+01
 5.39951682e-01 1.59875846e+00 8.24160874e-02 2.80586854e-02
 1.14507250e-01 5.82166798e-02 6.51027262e-02 2.74620712e-01
 3.42878485e+00 4.06589794e+00 3.32893096e-02 1.10511761e+01
 2.38294458e+00 6.41894007e+00 2.57860394e+01 1.56515092e-01
 4.90983963e+00 3.78045249e+00 4.64008522e+00 2.69281507e+00
 3.05905037e+01 9.66496229e-01 1.03462982e+00 1.21435118e+00
 3.96724641e-01 2.04046631e+00 4.81619686e-01 1.71859726e-01
 2.60583687e+00 6.55844259e+00 2.18157883e+01 1.68762054e+01
 1.58382139e+01 1.75880224e-01 6.20371914e+00 1.51611595e+01
 2.13408775e+01 2.87096024e+00 2.87897885e-02 8.98175478e-01
 6.02400970e+00 2.73936486e+00 4.07319355e+00 1.67550087e+00
 2.38177466e+00 3.09776783e-01 6.73399150e-01 7.07688212e-01
 1.47445966e-02 1.92807961e+01 7.25956583e+00 2.78307259e-01
 1.70688486e+00 5.61259079e+01 4.32805777e+00 2.20010567e+00
 2.77585125e+00 1.77252330e-02 2.67950237e-01 1.03433394e+00
 7.99967527e-01 4.32553339e+00 4.01169360e-01 1.71997577e-01
 8.80307102e+00 2.39870220e-01 4.49467391e-01 1.99048591e+00
 9.57313728e+00 9.78171945e-01 9.31361020e-02 3.76283383e+00
 6.48098826e-01 1.76993866e+01 3.86236668e-01 1.40846344e+02
 1.60608044e+01 1.38747284e+02 2.93120193e+01 2.65861690e-01
 2.49823880e+00 9.91158581e+00 1.62735329e+01 1.18039751e+00
 7.04908085e+00 1.30487025e-01 1.38007104e-01 7.86439037e+00
 1.66719031e+00 1.52526855e+00 4.25539613e-02 3.08462024e+00
 9.30298138e+00 4.51024284e+01 1.07401438e+01 6.33782959e+00
 5.22715092e+00 4.62213159e-01 1.80626321e+00 1.14727092e+00
 3.14296991e-01 7.25860167e+00 2.09046507e+00 7.31126022e+01
 5.64847231e-01 5.81684887e-01 4.57192230e+00 3.09924126e-01
 1.71804199e+01 1.33775377e+00 1.01178132e-01 2.24846768e+00
 7.45813084e+00 3.18341541e+00 1.67216790e+00 2.10868502e+00
 4.70812581e-02 5.57994902e-01 1.03278446e+00 3.26415157e+00
 1.25722513e-01 1.37649012e+00 3.81759815e-02 7.30732799e-01
 9.00014162e-01 1.51372445e+00 1.17260598e-01 7.57834673e+00
 2.50342414e-02 3.58923584e-01 2.86744928e+00 6.54518843e+00
 7.08809566e+00 3.19641709e-01 7.54747093e-02 1.68912995e+00
 2.23148793e-01 1.15580261e+00 3.90621424e+00 8.92115593e+00
 1.30360794e+00 8.19647163e-02 1.60713463e+01 6.43148124e-02
 2.23324463e-01 1.00003349e+02 2.68360615e-01 5.98738253e-01],-113.93417,-326.3341,-400.0,1.4575789,6.2635727,0.9795284,0.6054447,540.734,-325.3223,2460.04,335.07443,0.8232264,0.6220017,0.08255037,-328.0312,328.0312,[2.78674707e+03 1.67045288e+02 3.17397034e+02 2.23887524e+03
 3.06347752e+00 8.34253883e+00 6.37314892e+00 3.29113379e+03
 1.13942175e+01 8.71114445e+00 1.98082771e+01 1.46512589e+02
 6.80696869e+01 8.24604988e+00 1.19512802e+02 8.88914566e+01
 4.42973047e+03 2.35380493e+02 2.78148193e+02 2.52729828e+02
 7.33344177e+02 1.78637009e+01 3.48021507e+00 7.42710571e+01
 7.63273926e+01 5.81431641e+02 1.25761462e+03 4.48371983e+00
 8.63855667e+01 1.61839920e+02 6.39476120e-01 3.75301552e+01
 3.64044724e+01 2.53356055e+03 9.86023926e+02 1.31386444e+02
 3.87936401e+01 1.16535234e+01 8.81025635e+02 1.25619897e+03
 6.41940552e+02 7.88454580e+00 1.68372559e+02 3.60807953e+01
 4.79112366e+02 8.40201477e+02 1.33670321e+01 1.37162244e+03
 1.94767113e+01 2.68353540e+03 4.42618027e+01 5.36708755e+01
 3.03091908e+01 2.69560852e+01 1.15788774e+01 4.06605164e+02
 1.23030029e+03 7.72564220e+00 4.75404882e+00 6.18863965e+03
 8.54067688e+01 4.45388937e+00 2.85154915e+00 1.76713232e+03
 1.20028293e+00 1.48554826e+00 4.32808952e+01 3.61233568e+00
 1.54459579e+02 2.65466347e+01 9.22062683e+02 1.96977112e+02
 1.53090782e+01 1.07629944e+02 2.10027963e-01 6.61676407e+01
 1.66664162e+01 7.98560104e+01 8.46039795e+02 2.86891943e+03
 2.76261520e+00 1.13265430e+03 6.78967773e+02 1.41588272e+02
 5.85769691e+01 3.39812793e+03 1.73283496e+03 6.75761642e+01
 2.60829987e+02 4.41668892e+00 2.52843826e+02 1.10580921e+01
 1.65167725e+03 6.01315689e+01 1.58631519e+03 9.86366653e+00
 9.81502625e+02 9.75384293e+01 7.46921875e+02 5.39572906e+01
 1.72837952e+03 1.87118018e+00 1.54375452e+03 6.95535469e+00
 2.28218277e+02 2.10558414e-01 4.39676392e+02 1.56939587e+03
 1.44287670e+00 1.26509262e+02 5.87377625e+02 4.38537018e+02
 4.93403091e+01 4.36522217e+03 4.06033814e-01 5.16336727e+00
 4.22023811e+01 4.46074200e+00 1.69448769e+00 1.07536435e+00
 3.60798950e+01 5.03198776e+01 7.97511230e+02 3.71331299e+03
 9.61419392e+00 3.80422461e+03 8.62996597e+01 1.34327755e+01
 5.97002888e+00 2.09165558e+02 5.66134033e+02 6.21333599e+00
 6.39605026e+01 1.03829629e+04 5.26665466e+02 6.53917053e+02
 3.12322510e+02 2.08892301e-02 5.98577356e+00 2.46470165e+01
 4.21354151e+00 1.56625504e+02 5.75182190e+01 1.70375576e+01
 6.52064362e+01 1.44794296e+02 4.27564964e+01 4.99046265e+02
 5.23802137e+00 2.64771362e+02 1.22868736e+02 2.06774609e+03
 1.06039406e+02 1.45362701e+02 3.56024909e+00 6.03984961e+03
 1.35268335e+03 4.56188202e+00 1.31089966e+03 9.50925648e-01
 1.06584717e+02 4.22932495e+02 2.69790306e+01 2.01728455e+02
 1.21022949e+03 5.72118225e+02 3.41526855e+02 1.71104012e+01
 7.70201087e-02 1.26658416e+00 2.05912744e+03 7.51979351e+00
 6.73227295e+02 4.62953125e+03 1.14662561e+01 3.58674479e+00
 2.86125231e+00 2.90811353e+03 2.98288383e+01 1.10183167e+00
 1.87455063e+01 1.05477362e+01 8.00107040e+01 1.05475471e+02
 8.81313293e+02 2.46595364e+01 1.82122894e+02 3.58950329e+00
 6.64363937e+01 3.15867456e+03 1.60240918e+03 2.88968353e+02
 1.38001585e+00 8.79548454e+00 1.17417859e+03 3.01956635e+02
 3.06374550e+01 1.04761333e+01 6.87045135e+01 4.01341797e+02
 1.44846392e+01 3.20156281e+02 7.06009903e+01 1.07461572e+03
 3.75555840e+01 9.05695200e-01 4.69993324e+01 6.91994705e+01
 2.70731392e+01 2.23210815e+03 6.47510576e+00 2.64000559e+00
 5.50964294e+02 1.22561302e+01 1.02433624e+02 9.58441734e+00
 2.72957802e+00 2.76226050e+03 1.42990017e+00 6.01315079e+01
 7.40466187e+02 4.81224582e-02 1.80877457e+01 1.01603271e+02
 3.88011230e+02 2.44845104e+00 9.25088577e+01 1.23879677e+02
 1.83253708e+01 5.21309586e+01 2.52564316e+01 3.94704224e+02
 3.12219141e+03 2.32758260e+00 9.03594971e+02 3.14739471e+02
 1.68206146e+02 9.85159755e-01 8.95124207e+02 1.01526718e+01
 1.07817883e+03 5.52829313e+00 3.83769226e+02 6.18321838e+02
 3.56157471e+03 9.51986450e+02 2.03093109e+02 7.17070068e+02
 2.28910942e+01 2.07089447e+02 2.93685400e+03 1.53626611e+03
 6.32865524e+00 2.12294793e+00 3.15713902e+01 1.18626379e+03],766.77185,[2.77133813e+03 1.60563446e+02 3.27576294e+02 2.05862134e+03
 4.54927015e+00 7.21749640e+00 8.47153783e-01 3.27208594e+03
 9.58711815e+00 7.14947081e+00 1.65466290e+01 1.17120590e+02
 6.85373383e+01 8.86276531e+00 5.41874743e+00 1.74555466e+02
 4.53592529e+03 2.62311249e+02 3.02641266e+02 1.03369522e+00
 7.59777283e+02 1.92248306e+01 3.37143898e+00 1.02401093e+02
 1.24235634e+02 6.07281067e+02 1.22720142e+03 4.29390621e+00
 5.66616440e+01 1.23975571e+02 6.07401609e-01 1.06476994e+01
 5.35048065e+01 2.18313892e+03 1.36575208e+03 1.21896576e+02
 3.83641319e+01 1.17276497e+01 7.71466797e+02 1.42139600e+03
 6.79879578e+02 7.33454800e+00 1.94298904e+02 1.15113049e+01
 5.09283325e+02 7.13233398e+02 1.48756504e+01 1.03753699e+03
 8.38121891e+00 2.58426978e+03 4.83545303e+01 5.35388870e+01
 2.67444935e+01 2.72573185e+01 1.12391357e+01 3.38769470e+02
 1.24949670e+03 7.49193907e+00 4.83684301e+00 6.15931250e+03
 8.05840912e+01 4.01985979e+00 2.64749384e+00 1.76523779e+03
 1.08602095e+00 2.51799345e-01 4.42976723e+01 5.66432428e+00
 1.48747787e+02 2.42328320e+01 6.95836548e+02 1.48488831e+02
 5.90979767e+01 1.04622322e+02 2.17761710e-01 6.01552238e+01
 8.03906441e+00 4.31914444e+01 9.05500427e+02 2.15121143e+03
 3.38084030e+00 3.97202026e+02 6.44143066e+02 3.34349518e+01
 4.89852333e+01 3.29622168e+03 1.70087280e+03 3.00896606e+01
 1.77252331e+01 4.04067421e+00 4.45960350e+01 1.04226761e+01
 1.56776721e+03 4.16787624e+00 1.66216943e+03 9.29637337e+00
 9.25183655e+02 9.50725651e+00 4.79178772e+02 4.60640182e+01
 1.17692920e+03 1.83148158e+00 1.24602222e+03 7.03597641e+00
 2.29106598e+02 1.63152292e-02 4.57126160e+02 1.30171790e+03
 1.37211263e+00 6.61973572e+01 6.12841736e+02 5.36531860e+02
 3.56585884e+01 2.96801123e+03 9.47436690e-01 9.26251125e+00
 3.03321133e+01 5.46536326e-01 1.06600356e+00 8.82986724e-01
 4.39220657e+01 2.63276310e+01 6.44468384e+02 3.68057935e+03
 9.13163471e+00 3.70543506e+03 7.54276581e+01 2.88351059e+00
 6.02245045e+00 1.94624756e+02 4.67580444e+02 6.54310036e+00
 1.96618061e+01 1.10491572e+04 2.41046585e+02 5.35116821e+02
 3.24995850e+02 9.52792168e-02 3.53110254e-01 2.51666431e+01
 4.27459812e+00 1.50760895e+02 5.40825195e+01 2.02327633e+01
 1.67552872e+01 1.32074356e+02 2.52098227e+00 4.49255920e+02
 5.78305185e-01 3.32776917e+02 7.03881531e+01 1.84784863e+03
 1.26079117e+02 4.23637199e+01 3.83057785e+00 6.32355566e+03
 8.98260254e+02 1.99200463e+00 1.14948950e+03 1.01786005e+00
 4.32531242e+01 4.85351471e+02 2.66552372e+01 1.07973457e+02
 1.18446021e+03 5.03902924e+02 3.22104309e+02 3.74915481e+00
 2.55317837e-02 1.48870444e+00 1.71136938e+03 7.39333820e+00
 2.14620468e+02 4.53515674e+03 1.00142994e+01 3.66047716e+00
 2.37789941e+00 2.65421875e+03 2.47580528e+01 1.06171608e+00
 8.52891731e+00 1.05478973e+01 5.52191315e+01 1.04573967e+02
 8.75258789e+02 2.25913448e+01 9.29399033e+01 3.63346815e+00
 6.61596832e+01 3.29922900e+03 1.33201733e+03 5.03887909e+02
 1.28604627e+00 8.80676270e+00 1.17577600e+03 2.11081146e+02
 1.32871008e+01 1.02077713e+01 2.82026081e+01 4.33941040e+02
 1.44592381e+01 2.80203125e+02 4.92549210e+01 1.09520496e+03
 3.73131523e+01 5.68686545e-01 2.51089020e+01 6.65862122e+01
 2.68484726e+01 1.69157312e+03 5.65979671e+00 2.22755456e+00
 2.67653320e+02 1.22062521e+01 8.12759552e+01 8.18616199e+00
 2.83376956e+00 2.63352051e+03 1.46910822e+00 4.58082047e+01
 1.42794495e+03 1.35911739e+00 1.81717930e+01 1.18787926e+02
 3.89227173e+02 2.55647874e+00 6.04765282e+01 1.57679993e+02
 1.61681533e-01 1.87677612e+01 1.47264824e+01 1.57448944e+02
 5.32056738e+03 1.78354990e+00 7.59607422e+02 4.97702850e+02
 1.61874756e+02 1.00417495e+00 9.94272583e+02 9.78122520e+00
 9.87299500e+02 4.47276449e+00 2.42345520e+02 6.08620728e+02
 3.31803516e+03 1.01730414e+03 1.47474396e+02 6.74450562e+02
 2.34389725e+01 2.10187164e+02 3.00298560e+03 1.78710669e+03
 7.08413029e+00 2.04129028e+00 2.99090004e+01 9.67437317e+02],-127.97845,-348.6285,-398.88116,1.5488113,5.354529,0.78876436,0.61383253,0.013879715967178345,6473.32946896553,-0.15570134538040598,-0.1507739560368103,-0.1470530843318773,0.16183927434642836,21.829214428731056,25.099999999996967,0.0,475000.0,-2.0,-1000.0,500.0,6.666525363922119,475000
198.48645,0.08547238,0.7511656,0.004992819,-190.88933,190.88933,[1.09878454e+01 3.89188790e+00 1.51259017e+00 1.40897198e+01
 2.85693593e-02 5.40877686e+02 5.15039206e-01 1.60382056e+00
 4.62100449e+01 2.99175978e+00 3.33828449e+00 2.04862857e+00
 4.80403900e+00 3.56400337e+01 9.19854939e-01 2.18294337e-02
 1.18241921e-01 5.80775261e+00 8.78030586e+00 4.59249943e-01
 7.88480401e-01 6.24216175e+00 6.29287243e-01 3.54073858e+00
 3.98165512e+00 1.79112399e+00 5.29391527e-01 1.12889481e+01
 2.17141318e+00 3.11256933e+00 8.38660812e+00 4.35082531e+00
 6.86426535e-02 1.34320843e+00 1.04614124e-01 4.36783433e-01
 3.25202513e+00 1.36905700e-01 1.19190514e+00 5.69394779e+00
 2.53225136e+00 1.40493441e+00 8.50297213e-01 6.76001263e+00
 6.53585100e+00 9.26908314e-01 8.72954130e-01 1.33762956e-01
 3.89107764e-01 2.00795002e+01 1.78754044e+00 3.18237820e+01
 3.55329752e+00 6.05894513e-02 2.73029119e-01 2.53826189e+00
 6.58214450e-01 2.14782858e+00 5.81592712e+01 4.54003105e+01
 5.95517063e+00 9.31420422e+00 1.90478241e+00 4.22098100e-01
 1.65492094e+00 2.48083100e-01 1.35730429e+01 9.35537720e+00
 9.01138186e-02 6.47481322e-01 2.54105367e-02 2.61020851e+01
 5.29293919e+00 2.43209347e-01 3.44620371e+00 3.59998941e+00
 1.92630291e+01 1.19553432e+01 1.86059847e-01 7.50021487e-02
 2.54735023e-01 9.18626118e+00 1.95539343e+00 1.37264740e+00
 1.87643185e+01 3.39322567e-01 2.61966476e+01 4.06338930e+00
 1.79670043e-02 5.07778740e+00 3.57325096e-03 6.68231249e+00
 3.47064447e+00 1.37982622e-01 1.92537808e+00 4.58291388e+00
 5.83745670e+00 1.69199347e+00 1.61347847e+01 5.11497545e+00
 2.10655403e+00 7.62604332e+00 3.07403831e+01 2.68925987e-02
 6.49179757e-01 1.72455559e+01 1.06000409e-01 3.89207172e+00
 1.72583848e-01 1.31008129e+01 8.41585577e-01 4.61338387e+01
 2.70575738e+00 1.79410088e+00 7.58190536e+00 1.98391104e+00
 1.25388060e+01 2.57102561e+00 1.06337047e+00 1.73699204e-03
 3.39455681e+01 6.09247637e+00 1.07890186e+01 1.30541253e+00
 4.32828903e+01 7.79605469e+02 3.87063885e+00 2.79993200e+00
 4.98221283e+01 2.56181693e+00 3.07978131e-02 1.75756824e+00
 6.68005753e+00 9.72535849e-01 6.86636972e+00 6.90693915e-01
 1.07700741e+00 1.85221821e-01 1.57405877e+00 1.61956680e+00
 2.16857359e-01 5.60612500e-01 1.45363674e-01 1.90643096e+00
 2.24908233e-01 5.13993168e+00 7.43344259e+00 3.94800949e+00
 2.00058532e+00 4.00274634e-01 5.05553675e+00 5.30847883e+00
 1.04982882e+01 2.21364304e-01 5.28739882e+00 1.87218308e-01
 4.27527332e+00 5.49157667e+00 2.13762817e+01 6.38856411e+00
 8.35785508e-01 1.81578636e+01 4.78238916e+00 2.76194096e+01
 1.28687784e-01 1.38693511e-01 3.26681185e+00 8.17409134e+00
 2.50601506e+00 2.45007902e-01 8.67533970e+00 3.14188433e+00
 5.39104402e-01 3.16082239e-01 4.86947179e-01 7.00662041e+00
 1.07591614e-01 1.82314873e+00 1.83993053e+01 5.95371604e-01
 3.81686859e+01 2.64299202e+01 4.42757702e+00 1.12201977e+00
 3.31959963e-01 6.10816598e-01 1.99897804e+01 2.90505350e-01
 6.45760521e-02 9.79352951e-01 2.19212856e+01 1.42621076e+00
 2.64918268e-01 1.95956254e+00 2.44096494e+00 2.29634075e+01
 7.95300841e-01 2.52034702e+01 7.57376862e+00 6.72837853e-01
 9.30824280e+00 2.07729244e+00 2.45999783e-01 3.43272872e-02
 4.41803646e+00 5.69384038e-01 3.29008865e+01 1.17779899e+00
 6.38929653e+00 2.02633530e+02 1.17554760e+00 2.56688416e-01
 2.47374630e+00 2.11730242e-01 4.65511589e+01 3.77425981e+00
 1.37780113e+01 1.68483213e-01 4.40363979e+00 3.67456675e-01
 1.92805789e-02 8.75630416e-04 1.25189533e+01 1.16459465e+01
 3.53226089e+00 1.63669472e+01 1.93876686e+01 1.55461621e+00
 2.61293907e+01 8.86442587e-02 3.58374047e+00 6.99499178e+00
 3.24593723e-01 7.68527985e+01 2.23081088e+00 1.48759365e-01
 1.15600939e+01 4.58768070e-01 1.96649849e-01 1.21816683e+01
 7.36151648e+00 4.44940996e+00 1.34075489e+01 1.87255800e+00
 8.84440064e-01 5.43659134e+01 6.75477743e-01 1.97068608e+00
 2.13454795e+00 1.03032589e+01 3.57678032e+00 1.24294033e+01
 4.13534117e+00 9.64031029e+00 1.06230087e+01 2.19674778e+00],15.192005,[2.40744934e+01 1.16792965e+00 2.17114806e+00 7.26695359e-01
 4.43774182e-03 8.53074570e+01 4.93301296e+00 1.76231694e+00
 4.21112976e+01 2.69613647e+00 5.39212751e+00 2.94726086e+00
 5.73125035e-02 9.45746231e+00 7.78709710e-01 7.92344846e-03
 1.06183313e-01 1.31190567e+01 9.06888008e+00 3.84027672e+00
 1.01903629e+01 7.46279716e+00 2.99519658e-01 2.56596899e+00
 1.68665075e+00 2.29567230e-01 4.68225509e-01 2.73020039e+01
 2.76103914e-01 7.94328094e-01 5.91876793e+00 1.33943248e+00
 4.86534312e-02 8.44528794e-01 1.37492418e-01 1.30613208e-01
 6.50358152e+00 1.66378260e-01 1.27997875e+01 5.95762587e+00
 5.56364596e-01 9.63668919e+00 1.27880216e+00 4.11449766e+00
 2.05821347e+00 3.10230756e+00 1.22849798e+00 2.77696276e+00
 1.48365319e-01 1.28441254e+02 4.38385189e-01 2.38651695e+01
 2.32042050e+00 4.04801965e-01 1.72294378e-01 2.64384913e+00
 1.22564778e-01 5.89934111e-01 1.08911171e+01 8.23607635e+01
 3.14294720e+00 1.07976236e+01 5.01353562e-01 2.02422649e-01
 6.87070668e-01 1.69793054e-01 3.05785923e+01 4.82155228e+00
 1.59920669e+00 4.95091379e-01 2.77004279e-02 2.84054422e+00
 4.45303249e+00 7.61189237e-02 9.29231420e-02 8.38895813e-02
 9.74029541e+00 2.39748716e+00 1.85585454e-01 6.11109026e-02
 5.62343419e-01 8.17336082e+00 1.37848747e+00 5.54737186e+00
 6.29485035e+00 2.63520330e-01 4.36957979e+00 2.94322085e+00
 1.69358999e-02 6.93924367e-01 3.13717499e-03 1.02335703e+00
 2.51635027e+00 1.02479839e+00 5.84651113e-01 1.84055245e+00
 2.00978017e+00 2.86215591e+00 2.83802204e+01 1.80922019e+00
 2.08469915e+00 1.21816559e+01 3.17748547e+01 6.31150454e-02
 6.01056337e-01 3.11231077e-01 4.67473567e-01 9.55847073e+00
 3.41975152e-01 8.69173908e+00 5.11988306e+00 7.50354242e+00
 4.61010599e+00 4.22057778e-01 6.99614239e+00 2.37969661e+00
 9.83532333e+00 5.67733824e-01 3.88277149e+00 7.92787317e-03
 4.63879433e+01 4.27765751e+00 6.31162786e+00 1.16629243e-01
 2.00531673e+00 1.70515385e+01 1.05466455e-01 1.59623408e+00
 3.98388672e+01 1.93119955e+00 6.60274625e-02 1.39807546e+00
 1.69216480e+01 7.20560730e-01 3.09546494e+00 1.01368546e+00
 1.26937616e+00 1.60243094e+00 8.07982504e-01 4.49409962e+00
 1.88889623e-01 1.25433578e+01 1.25680113e+00 1.54802465e+00
 3.06389123e-01 2.86928225e+00 9.38794613e-01 4.87219906e+00
 1.81656814e+00 2.94241935e-01 7.29955149e+00 3.48375559e+00
 2.67782707e+01 1.96408069e+00 2.28739166e+00 1.53332293e-01
 4.48250866e+00 6.01394367e+00 2.37729816e+01 6.32379341e+00
 1.04438341e+00 9.49899864e+00 4.50893879e+00 1.98396168e+01
 3.72710116e-02 3.90961990e-02 2.63527942e+00 3.77700019e+00
 2.40992203e-01 1.39517412e-01 2.39404812e+01 4.70100157e-02
 4.04009521e-01 7.03464210e-01 1.13627605e+01 6.97740459e+00
 6.70091584e-02 1.07223153e+00 1.18416538e+01 3.50631237e-01
 1.95877914e+01 1.02826395e+01 3.88591719e+00 4.37501013e-01
 2.91462040e+00 2.44947338e+00 9.21857357e+00 3.56014252e-01
 7.96359107e-02 1.58363223e-01 1.57232571e+00 1.71109056e+00
 7.15920210e-01 6.29248977e-01 7.94970274e+00 6.22956467e+00
 9.30069566e-01 9.91485059e-01 4.95760489e+00 1.47479677e+00
 1.53400335e+01 2.15666875e-01 4.77457553e-01 8.46152425e-01
 5.04914474e+00 4.37777460e-01 3.27796440e+01 5.65754771e-01
 3.37918115e+00 2.90450684e+02 2.97250772e+00 1.93646550e-01
 2.12620087e+01 9.02217579e+00 1.58953110e+02 2.88577414e+00
 2.78287601e+00 3.41276169e+00 5.37974167e+00 2.93779045e-01
 3.43229100e-02 5.33086099e-02 5.48132706e+00 3.60079646e+00
 5.10512829e+00 3.86139417e+00 1.78139591e+00 2.96961250e+01
 2.20176935e+00 4.44354534e-01 3.75214338e+00 9.79351997e+00
 3.03089321e-01 5.51253128e+01 5.64401245e+00 2.26905897e-01
 5.15201187e+00 9.95686948e-01 6.27384931e-02 3.55252433e+00
 1.16673450e+01 1.02075109e+01 1.15840912e+01 4.50420952e+00
 1.57786644e+00 1.00458527e+01 3.37123966e+00 1.89565361e+00
 2.07885885e+00 2.21173882e+00 3.75157046e+00 1.14406500e+01
 1.21044648e+00 3.20867300e+00 2.08524323e+00 3.77861929e+00],-81.16214,-300.24072,-400.0,1.603413,11.518305,0.99734277,0.61698514,452.75238,-162.00992,2235.0479,311.4061,0.8137785,0.62420934,0.09297843,-304.35022,304.35022,[2.06326782e+03 1.14355615e+03 8.46088219e+00 9.44275055e+01
 3.23704376e+02 3.45043213e+02 7.54616117e+00 2.40134619e+03
 9.80585635e-01 1.77999377e+03 2.58534241e+01 8.00100231e+00
 4.10891384e-01 1.78821621e+01 4.83150578e+00 1.97984546e+03
 5.96864075e+02 2.60822241e+03 1.90281995e+03 1.57307119e+01
 1.01922388e+03 1.42318924e+02 1.06073669e+03 1.40265173e+03
 3.94861984e+01 1.64972839e+01 5.76861420e+01 4.17666992e+02
 2.26545349e+02 6.15708733e+01 1.67136047e+02 1.09122314e+02
 3.68771436e+03 4.78637409e+00 2.04113110e+03 7.76975769e+02
 2.52051941e+02 2.51651779e+02 1.33827286e+02 1.53559424e+03
 6.09038258e+00 5.17515564e+01 1.59151137e-01 2.32266891e+02
 1.46844803e+02 9.86253174e+02 9.48396530e+01 7.81435730e+02
 9.79119568e+01 5.56468811e+02 9.01966064e+02 2.03627706e+00
 5.64201889e+01 1.73770615e+02 8.45159302e+01 2.00146637e+01
 7.01900269e+02 1.19478180e+02 3.10050977e+03 6.74062134e+02
 3.22822456e+01 2.72096246e-01 1.09893944e+02 1.11697290e+03
 2.70450293e+03 3.95136932e+02 2.49625626e+01 1.58582733e+02
 4.74327354e+01 4.96754570e+01 1.88841956e+03 1.30654755e+01
 1.87652435e+01 1.74958038e+00 4.13917828e+00 1.75557568e+03
 2.49180396e+03 1.77258759e+02 8.97711563e+00 1.77616348e+02
 2.57827344e+03 4.52897930e+00 9.28720520e+02 3.85586700e+01
 3.47370117e+02 1.63849545e+01 2.19982886e+03 4.90998924e-01
 4.30170417e-01 1.75911362e+02 5.52797470e+01 1.80979645e+02
 3.93192627e+03 1.21702385e+00 1.09788307e+02 2.00580841e+02
 5.10701782e+02 1.30775281e+03 1.92949448e+01 8.24526855e+02
 3.11642975e+02 2.16913929e+01 1.01536597e+03 2.87312527e+01
 1.66662083e+01 6.71558411e+02 6.16473877e+02 8.66857300e+01
 4.26253143e+02 5.62892700e+02 1.38062329e+03 1.49370044e-01
 3.73439550e+00 4.10207715e+03 2.94965607e+02 1.81456482e+02
 5.42656738e+02 6.83581696e+01 2.08620621e+02 6.75839233e+01
 5.42671021e+02 9.97679830e-01 1.67713608e+02 3.33584061e+01
 5.24149971e+01 6.95092440e+00 1.06052856e+01 1.24576092e+00
 2.92137054e+02 1.78719040e+02 3.66064636e+02 2.67088318e+02
 1.16492477e+02 4.32070410e+03 4.65687683e+02 8.17153076e+02
 1.35830945e+03 3.69371986e+00 4.14069031e+02 1.54274658e+03
 7.55118103e+01 4.47203255e+01 1.26181946e+02 1.43504382e+03
 2.45862560e+01 1.81969223e+02 6.37198448e+01 5.58276367e+03
 4.22070932e+00 1.63546729e+03 6.43993073e+01 9.55008240e+02
 1.74054993e+03 1.57762952e+03 3.19739938e-01 9.87904510e+01
 1.87242258e+00 4.32929192e+01 1.25319605e+01 3.68555298e+01
 2.97726560e+00 2.03378564e+03 3.70674951e+03 1.42938673e+00
 2.59083276e+03 2.18377953e+01 7.28426880e+02 3.64665436e+02
 2.40043259e+02 1.10951990e+03 2.36233374e+03 1.04308618e+03
 8.50530624e+00 9.83570933e-01 4.91326599e+02 2.00910234e+00
 6.15923042e+01 1.58780441e+01 1.39907242e+02 7.61675049e+02
 2.00964526e+03 7.84532349e+02 4.26106445e+02 1.99153845e+03
 2.39610352e+03 7.39156799e+01 3.82363091e+01 2.68675208e-01
 3.67731071e+00 1.05126404e+03 7.02633423e+02 8.72191696e+01
 1.19717871e+03 1.24315479e+03 2.19074583e+00 1.04875952e+03
 3.55494380e-01 3.13173199e+00 2.11968994e+03 7.51145996e+02
 1.54034439e+02 6.77076477e+02 6.20186768e+02 2.43674805e+02
 1.66254102e+03 9.07945442e+00 9.59360962e+02 6.67241602e+03
 8.51631832e+00 1.81846428e+01 5.22454053e+03 1.44977355e+00
 1.05644928e+02 3.11389355e+03 1.53720465e+01 5.33053780e+01
 2.52700439e+02 2.85725136e+01 6.32514648e+02 1.35532446e+03
 8.45444717e+01 1.45637572e+00 3.15365162e+01 3.44869226e-01
 1.35721069e+03 1.43029590e+03 5.33185387e+00 4.96349701e+02
 1.84676247e+01 1.31207901e+02 2.31620068e+03 9.67766174e+02
 2.35774937e+01 2.34480933e+03 4.35154755e+02 2.36860600e+01
 4.30911377e+03 1.87115326e+01 9.13331890e+00 7.58229752e+01
 6.11414612e+02 7.56918762e+02 1.42119003e+02 3.39429474e+02
 1.83748840e+02 1.14843018e+03 1.65593147e+01 1.87664585e+01
 3.78321655e+02 5.03432808e+01 1.72455127e+03 1.17722095e+03
 1.75110066e+00 1.71605518e+03 7.24030972e-01 1.25562649e+01],868.50964,[2.02444678e+03 1.30619873e+03 8.29883957e+00 1.14527901e+02
 1.90055801e+02 2.45587631e+02 8.23316956e+00 2.44541968e+03
 1.10769224e+00 1.79431836e+03 2.66173096e+01 1.15983562e+01
 2.56707340e-01 1.38792667e+01 8.09079502e-03 1.68150757e+03
 5.82488403e+02 1.79986475e+03 1.96835376e+03 9.42311287e+00
 1.04195154e+03 1.09594551e+02 7.23195190e+02 1.59075317e+03
 6.07862568e+00 1.59248276e+01 6.55530472e+01 7.55900955e+01
 3.07888279e+01 9.47073650e+00 3.53954681e+02 1.01732857e+02
 3.61072949e+03 8.62423515e+00 2.21065527e+03 5.93630127e+02
 2.14966984e+01 3.88493896e+02 1.17146545e+02 1.52678394e+03
 2.11009674e+01 5.14318161e+01 5.52280881e-02 8.31277008e+01
 7.25390701e+01 9.62068420e+02 2.36635361e+02 7.80296875e+02
 5.41868439e+01 3.06780975e+02 9.05433960e+02 1.57487798e+00
 6.82552261e+01 6.45273743e+01 2.63862762e+01 2.01813674e+00
 7.69998901e+02 8.85297852e+01 3.17626270e+03 6.86075073e+02
 3.18354683e+01 2.26342678e-01 1.09615509e+02 1.51371875e+03
 2.71842480e+03 2.69852631e+02 2.37040253e+01 1.63066910e+02
 4.97476234e+01 4.43643646e+01 1.81865979e+03 1.19018316e+01
 7.07950544e+00 1.67160201e+00 3.91256928e+00 1.35366928e+02
 2.29275317e+03 1.35242065e+02 4.08350182e+00 2.30372543e+02
 2.70393213e+03 3.64274216e+00 8.52981262e+02 3.68524551e+01
 3.36234497e+02 1.60442123e+01 2.05426172e+03 2.82608330e-01
 4.80958857e-02 1.34262085e+02 7.21705770e+00 8.77539062e+01
 3.56615576e+03 1.49293840e+00 7.14981995e+01 3.23219055e+02
 2.45613174e+02 1.30931018e+03 2.06611872e+00 8.72351379e+02
 7.36703491e+01 5.89075136e+00 9.92258057e+02 6.27020597e+00
 1.63750305e+01 6.22934875e+02 3.80911377e+02 7.33957062e+01
 2.07418335e+02 4.86906677e+02 1.62168140e+03 6.41070157e-02
 2.49879241e+00 3.12891357e+03 3.31694458e+02 1.04050095e+02
 5.55725647e+02 3.31520729e+01 7.57558594e+01 6.61791687e+01
 2.90279724e+02 1.07191324e+00 1.16709747e+02 1.33803070e+02
 4.64751587e+01 6.81582117e+00 1.11262350e+01 9.45886075e-01
 2.73120239e+02 2.33367523e+02 5.44788818e+01 3.02361877e+02
 9.30742416e+01 4.28327588e+03 4.52522095e+02 5.45594971e+02
 1.35739636e+03 3.07485843e+00 4.33939705e+01 3.74538843e+03
 6.19253960e+01 1.24038551e+02 1.80389877e+02 1.25760962e+03
 4.49514694e+01 1.55739502e+02 3.31764679e+01 5.58303711e+03
 8.95111656e+00 9.13390686e+02 5.34995117e+01 8.84059692e+02
 2.14680591e+03 5.63101257e+02 8.85900296e-03 9.32057648e+01
 1.83663750e+00 1.74527729e+00 4.74674463e+00 9.08769703e+00
 2.94502544e+00 1.98015479e+03 3.66371582e+03 1.24191463e+00
 1.66678345e+03 2.04638348e+01 6.81981689e+02 2.71960693e+02
 1.53863373e+02 1.00271643e+03 2.31821973e+03 1.00016449e+03
 8.48350239e+00 2.14551449e-01 5.73504562e+01 2.95934439e+00
 8.20407677e+00 1.83966942e+01 1.31598404e+02 8.30353271e+02
 1.92491650e+03 5.16298584e+02 2.31333832e+02 1.98120459e+03
 2.77887012e+03 7.21462784e+01 3.87863808e+01 1.08313346e-02
 3.57625008e+00 3.86231384e+02 6.80121826e+02 8.91114044e+01
 1.15812402e+03 9.72361450e+02 2.38827205e+00 1.69523950e+03
 2.12030172e-01 5.66115046e+00 1.40098889e+03 7.63671631e+02
 1.52297363e+02 8.16723328e+02 6.07674866e+02 1.91054688e+02
 1.79288831e+03 1.40385513e+01 4.63556122e+02 6.70221533e+03
 6.89994669e+00 6.28135490e+01 4.91940918e+03 1.42878258e+00
 2.23453003e+02 3.02641846e+03 2.19280472e+01 3.85338211e+01
 2.21708435e+02 2.05903893e+01 1.24253381e+03 1.28681006e+03
 4.90461388e+01 1.34733069e+00 1.96842976e+01 3.58421862e-01
 1.28930737e+03 1.37437549e+03 1.58109407e+01 4.34204132e+02
 1.37286921e+01 1.19046196e+02 2.30376880e+03 7.17890930e+02
 2.41605911e+01 2.04544800e+03 1.24446152e+02 8.62994289e+00
 4.28166309e+03 1.77468128e+01 7.47887135e+00 1.14878105e+02
 1.11225197e+02 7.53230896e+02 1.12306061e+02 2.05770447e+02
 2.61964508e+02 1.10588904e+03 1.54138966e+01 1.83253860e+01
 4.03315369e+02 7.56396255e+01 1.72585400e+03 1.15825806e+03
 1.42436790e+00 7.93011658e+02 6.67947412e-01 1.47706451e+01],-142.18353,-327.5375,-398.3369,1.7510676,9.504149,0.8884827,0.63186973,0.013175644855499267,6802.720612287521,-0.10815892853929727,0.24073280843366762,-0.11703920314078083,-0.2221097490812811,-0.9259135029067547,25.099999999996967,0.0,500000.0,-2.0,-1000.0,500.0,6.532588005065918,500000
191.44653,0.0735856,0.7640012,0.006913201,-183.73294,183.73294,[2.32450867e+01 4.95309448e+01 6.62634420e+00 1.43465490e+01
 1.03429198e+00 2.12974415e+01 1.03781586e+01 1.15743029e+00
 1.32833803e+00 2.63151556e-01 6.28381109e+00 6.55885696e+00
 2.75608838e-01 5.18816338e+01 1.49975330e-01 2.67976451e+00
 9.21723694e-02 2.35558677e+00 3.66954231e+00 1.39353428e+01
 1.13911891e+00 2.01040983e+00 3.42000797e-02 4.02162313e+00
 7.07638919e-01 2.58385062e-01 6.07381439e+00 9.14259434e+00
 1.32908506e+01 9.13112640e+00 3.73062640e-01 5.83199120e+00
 1.48740997e+01 4.14042741e-01 4.32707691e+00 1.09923105e+01
 2.55144072e+00 3.59823303e+01 1.87321682e+01 8.29302120e+00
 8.13041449e-01 2.90934777e+00 7.34687138e+00 1.19023792e-01
 1.03434622e+00 1.65300369e-02 1.50027484e-01 1.04189997e+01
 1.80105790e-01 4.35973740e+00 1.04253280e+00 1.97135031e+00
 5.46636283e-01 2.53878403e+02 9.55613494e-01 6.37701273e+00
 3.11292315e+00 2.85898666e+01 6.23833799e+00 8.48244762e+00
 2.60772204e+00 2.14033532e+00 2.50312757e+00 8.92379582e-01
 4.32505101e-01 7.31037915e-01 2.38116913e+01 1.03106842e+01
 1.90550876e+00 1.06679049e+01 1.52016125e+01 1.39796906e+01
 1.55727758e+01 4.67771244e+00 9.76379108e+00 2.04138260e+01
 2.89106922e+01 6.31488562e+00 4.14143038e+00 1.23168242e+00
 1.43983507e+01 4.60695877e+01 4.51318741e+00 1.84040320e+00
 2.80487943e+00 2.51625710e+01 3.05313969e+00 1.62931597e+00
 1.56794624e+01 1.20915580e+00 1.71813756e-01 1.12643093e-01
 1.05396509e+00 6.64332628e+00 1.91423893e+00 2.32098427e+01
 1.56366289e-01 1.30218582e+01 5.91421986e+00 4.98416042e+00
 7.29792309e+00 3.53754163e+00 2.35025024e+00 1.46497631e+00
 1.82201648e+00 2.28085518e+01 4.59001312e+01 1.21503067e+01
 1.38963070e+01 3.25694227e+00 4.95898724e+00 8.60535383e-01
 4.55829084e-01 1.90349255e+01 5.04062939e+00 2.65473099e+01
 4.86051655e+00 2.28328645e-01 7.16571927e-01 1.44716291e+01
 1.11338437e+00 2.71075401e+01 2.06372032e+01 6.42077148e-01
 1.86636493e-01 6.16333842e-01 7.86336780e-01 2.54422140e+00
 1.48884325e+01 2.25219345e+00 6.10451603e+00 3.70008812e+01
 1.06901860e+00 6.64685309e-01 5.34386063e+00 6.98701668e+00
 7.46532249e+00 1.23158655e+01 1.60353804e+00 1.17448044e+00
 7.63582182e+00 4.12286663e+00 7.99794197e-01 2.61892110e-01
 7.81393890e+01 2.96114063e+01 7.65619278e-01 2.37679672e+01
 2.07008529e+00 1.29295101e+01 3.76177692e+00 2.30726147e+01
 1.77190912e+00 1.97135620e+01 2.43560934e+00 6.01389050e-01
 6.08498752e-01 8.58923721e+00 2.90585017e+00 3.10535207e-02
 5.00920391e+00 5.02639618e+02 1.64299622e-01 2.79036522e-01
 2.67832875e+00 1.13105571e+00 8.90574455e+00 6.92589104e-01
 2.69578290e+00 7.51470375e+00 3.12588930e+00 6.47468567e+01
 3.37799683e+01 1.98516488e+00 3.76406860e+00 3.74558258e+00
 8.71822166e+00 3.57228637e+00 1.05943613e+01 1.01023102e+01
 2.07730556e+00 1.35049973e+01 4.42792320e+00 2.74352407e+00
 2.82134914e+00 2.40819120e+00 1.50013041e+00 4.12827909e-01
 3.14120522e+01 1.23480284e+00 4.62212116e-01 5.35759211e+00
 1.56797161e+01 1.23517494e+01 4.41178888e-01 6.58538532e+00
 5.84513474e+00 1.93876460e-01 3.00763130e+01 1.32047815e+01
 1.25720978e+01 1.28670135e+02 7.10900879e+00 4.08806000e+01
 2.84376955e+00 6.20006371e+00 1.02911177e+01 7.75076675e+00
 9.51464415e-01 8.12286949e+00 6.19019318e+00 3.65750742e+00
 7.14363575e+00 4.01929712e+00 2.18511734e+01 1.15750766e+00
 3.00987095e-01 3.81246877e+00 4.86976862e+00 1.95010495e+00
 2.28480930e+01 2.87836399e+01 3.37916756e+01 5.33193886e-01
 1.21477866e+00 2.16821909e-01 3.55276322e+00 3.76052618e-01
 2.13024783e+00 1.71638954e+00 1.36082149e+00 1.71016693e+02
 2.05174303e+00 2.15478158e+00 3.53580379e+00 3.48992300e+00
 6.91823387e+00 9.85492587e-01 1.46933091e+00 2.21699691e+00
 8.67534256e+01 3.71445274e+01 1.50031300e+01 9.53159046e+00
 6.77598763e+00 1.15805540e+01 9.24855137e+00 1.28703232e+01
 1.15882654e+01 3.08391631e-01 7.96698928e-02 1.24899978e-02
 5.07599020e+00 1.25276537e+01 4.84978962e+00 2.12927765e+02],17.14748,[1.75620041e+01 5.42831650e+01 1.52465258e+01 1.43478737e+01
 5.70587814e-01 1.13882961e+01 6.38359690e+00 9.55394626e-01
 1.32088041e+00 1.95576251e-02 2.94512976e-02 7.28527069e+01
 8.49805534e-01 3.01016541e+01 4.53652382e+00 4.77095619e-02
 2.78435126e-02 7.35900700e-01 3.02805758e+00 4.13576484e-01
 5.80610991e-01 2.22168112e+00 1.37663633e-01 6.43402696e-01
 9.26358342e-01 4.28862758e-02 4.96348267e+01 3.79506660e+00
 1.11688108e+01 2.10429430e+00 1.20964713e-01 1.08825359e+01
 3.14416289e+00 1.51703167e+00 2.42128258e+01 7.14026928e+00
 1.39933264e+00 4.16055412e+01 8.96066952e+00 6.09004831e+00
 6.31849766e-01 1.19219077e+00 1.22743368e+00 1.31546319e-01
 3.87571216e-01 1.06440680e-02 1.91900060e-01 8.30843925e+00
 4.79539514e-01 1.96637928e-01 9.72183585e-01 1.16993320e+00
 1.44158030e+00 3.39345398e+01 1.02790213e+00 1.78798509e+00
 4.01108665e+01 1.01043081e+01 1.10079565e+01 9.60663795e+00
 1.56537604e+00 1.31338513e+00 2.57192031e-02 8.97256136e-01
 1.14003733e-01 6.32107556e-01 4.05034685e+00 8.02565098e+00
 1.14747834e+00 7.65473187e-01 3.67248011e+00 8.95101166e+01
 5.56546974e+01 1.62453575e+01 3.36446419e+01 8.72428322e+00
 9.37148285e+00 1.29031169e+00 8.08645308e-01 2.61107302e+00
 1.50100479e+01 2.12610569e+01 2.63094449e+00 1.43077779e+00
 1.61436486e+00 9.42828774e-01 2.34549117e+00 1.93068421e+00
 5.63928127e+00 1.64701996e+01 1.45280957e-01 8.60785916e-02
 3.29537964e+00 4.77204502e-01 1.44286299e+00 3.09592628e+00
 2.74034590e-01 1.10904288e+00 6.50670409e-01 3.74988341e+00
 8.09485734e-01 5.89467645e-01 6.05282021e+00 4.51837254e+00
 1.42118824e+00 9.02598763e+00 5.51104279e+01 6.61999464e+00
 1.68047523e+00 3.49169540e+00 3.80341113e-01 5.56011617e-01
 5.02415776e-01 7.59289503e-01 4.00286293e+00 8.06448078e+00
 1.06980324e+00 2.54258007e-01 6.12169743e-01 1.51097727e+01
 4.76311743e-01 1.95409775e+01 1.33539820e+00 3.80932236e+01
 1.79271415e-01 6.86531961e-01 2.46214581e+00 2.96660614e+00
 5.33021259e+00 1.48929226e+00 1.57148342e+01 3.19048452e+00
 1.94981670e+00 1.24873165e-02 4.08150940e+01 3.02715731e+00
 1.41441369e+00 1.29153614e+01 3.13766384e+00 4.42904377e+00
 1.85468554e-01 2.02348061e+01 1.50072050e+00 1.20309293e-01
 1.78369019e+02 1.42688742e+01 5.75248003e-01 2.56414843e+00
 2.80377436e+00 3.83804131e+00 7.58559465e-01 2.46876693e+00
 2.22548008e-01 5.58953571e+00 3.42747545e+00 4.84503359e-01
 1.03194916e+00 1.10030246e+00 3.18568087e+00 2.49294090e+00
 3.49921048e-01 4.77717987e+02 7.62617290e-02 5.13357818e-01
 1.25869870e+00 9.46483672e-01 7.01976109e+00 9.40196609e+00
 2.60719275e+00 3.17131042e-01 2.70572329e+00 1.11034470e+02
 1.36814280e+01 7.66416264e+00 5.27781487e+00 2.53908038e-01
 1.21937418e+01 8.33351707e+00 1.39556513e+01 4.16150570e+00
 1.51701355e+00 1.81377083e-01 1.18663430e-01 4.88184810e-01
 3.12080431e+00 4.13311672e+00 8.93165618e-02 3.16900432e-01
 1.16982384e+01 3.69327736e+00 4.26569074e-01 8.01171780e-01
 1.26957779e+01 2.50326920e+00 2.10626751e-01 2.10144186e+00
 5.50045109e+00 6.35115862e-01 1.37149841e+02 7.79250622e+00
 4.05465126e+00 1.47963379e+02 2.66065359e+00 4.87587280e+01
 2.72041011e+00 5.10204017e-01 9.49466038e+00 9.59474921e-01
 5.78844368e-01 6.61393738e+00 1.07861626e+00 6.98787808e-01
 7.03444719e-01 6.53649044e+00 2.61238251e+01 1.21267557e+00
 6.18095770e-02 3.33722949e-01 6.80252790e+00 3.32775354e+00
 4.90011120e+00 4.32423687e+00 1.20170870e+01 6.18924975e-01
 1.35869932e+00 2.64557540e-01 8.59008312e-01 3.74860406e-01
 3.38756490e+00 1.86407433e+01 5.14798880e-01 4.36825104e+01
 1.55260038e+00 6.19399309e-01 6.17670268e-02 1.27477908e+00
 1.18467808e+00 5.87299243e-02 3.05359751e-01 8.95282745e-01
 2.05739307e+01 2.41880932e+01 2.91641998e+00 2.89769530e+00
 3.75842166e+00 2.67152710e+01 1.68466532e+00 3.56790805e+00
 4.25800085e+00 1.98049903e-01 6.31436467e-01 5.55415787e-02
 5.03853273e+00 1.17975731e+01 3.67971110e+00 4.80166245e+01],-111.95498,-291.73685,-400.0,1.5846803,4.2730274,0.98827803,0.62043935,977.0056,-393.2881,3666.1074,305.073,0.86856264,0.65708846,0.104571246,-297.63354,297.63354,[4.06508331e+02 1.09681540e+01 1.73758259e+01 4.30657387e+00
 1.81836843e+00 6.53706177e+02 4.89672241e+02 9.25432873e+00
 4.74893311e+02 4.50474129e+01 3.17543488e+02 1.16156521e+01
 8.11834595e+02 3.13960480e+02 6.58565247e+02 4.28823120e+02
 4.40135431e+00 1.12756873e+03 1.54934705e+03 6.18764343e+02
 4.65875206e+01 1.94885773e+02 3.38292007e+01 9.61606598e+01
 1.38180347e+03 1.78901024e+01 6.73589417e+02 7.45832562e-01
 4.34265137e+01 3.81307520e+03 8.80201626e+00 2.02654700e+03
 6.47631025e+00 5.49548111e+01 1.80477173e+02 1.01124153e+02
 1.10385803e+02 9.48666763e+00 3.71572693e+02 9.19035721e+01
 4.14195587e+02 9.05440826e+01 6.39826660e+02 1.58118066e+03
 3.38101868e+02 7.39162659e+02 6.82093353e+01 4.11475952e+02
 3.79288025e+01 1.63209076e+02 3.34246159e+00 2.43948926e+03
 7.46604370e+02 6.91791382e+01 6.45309424e+03 1.21798630e+02
 2.20964694e+00 8.78857803e+00 2.95738965e+03 1.75940247e+02
 2.67653799e+00 3.17874026e+00 1.48961975e+02 1.74367615e+03
 7.24105408e+02 1.16553402e+00 2.68942032e+01 4.86553650e+01
 2.02990677e+02 1.93574536e+00 3.80348694e+02 2.13304558e+01
 1.41431408e+01 1.91619910e+03 9.96568203e-01 3.98656030e+03
 1.68215393e+02 1.02992090e+03 8.95118356e-01 1.01420641e+00
 6.27930336e+01 4.77929878e+01 4.25909901e+00 2.05387421e+02
 2.95145172e+02 1.10165451e+02 1.12965460e+01 5.19072021e+02
 3.35109558e+01 1.37748199e+02 2.04166183e+02 7.04970764e+02
 8.91349426e+02 1.23978806e+02 2.11170593e+02 7.87561951e+02
 1.55819260e+02 1.25018640e+03 9.96850281e+01 2.49842209e+02
 7.59702148e+01 1.17036652e+02 1.83365747e+03 6.29554212e-01
 4.61481869e-01 5.76603027e+02 2.16288662e+01 9.83185577e+00
 4.13314850e+02 1.76784958e+02 1.09265099e+01 6.51703979e+02
 2.95880270e+00 1.86124535e+01 1.90803833e+03 4.41956787e+02
 1.56414001e+03 1.90284378e+02 9.53249741e+00 7.93195724e-01
 2.75735645e+01 4.01386523e+03 1.36839294e+00 6.45412292e+01
 3.32457227e+03 1.50105737e+03 2.69285693e+03 1.02114761e+02
 3.42158089e+01 8.89026794e+02 1.05620317e+01 1.16926328e+04
 1.18622900e+03 6.23309937e+02 1.51642685e+02 1.53694332e+00
 6.87420044e+01 7.00818909e+02 3.64459900e+02 2.21827881e+02
 1.67841162e+03 2.57646103e+01 4.46931793e+02 1.52367538e+02
 6.60271729e+02 9.86238281e+02 1.61640564e+02 6.93402719e+00
 9.78081346e-01 4.27675896e+01 5.79010071e+02 5.52832886e+02
 5.49807739e+00 1.30474555e+00 1.71095361e+03 1.00345093e+02
 2.49451294e+03 2.94561024e+01 3.53145003e-02 2.14606430e+02
 1.30354345e+00 1.72955933e+02 1.73394108e+00 1.20009842e+02
 2.39760685e+00 9.83581641e+03 5.75028137e+02 7.57822559e+03
 2.91077698e+02 3.28598389e+02 6.59508594e+03 1.57100403e+02
 1.91377161e+03 5.74177612e+02 1.03176379e+00 6.66768104e-02
 1.71241714e+02 1.21463269e+03 1.86030371e+03 3.05595207e+01
 1.96862015e+02 3.36952362e+02 1.09120359e+01 6.99377596e-01
 4.59015007e+01 2.28100488e+03 1.18050285e+02 3.71794701e+00
 9.35134888e+02 2.00697441e+01 2.33848610e+01 6.85462769e+02
 4.41833008e+02 4.33069794e+02 1.26199821e+02 4.03871040e+01
 4.98371162e+01 1.71522278e+02 4.51910198e-01 1.48939819e+02
 9.60903870e+02 3.99680420e+02 4.23573883e+02 1.61000696e+03
 1.32281184e+00 5.60592651e+00 5.31563965e+03 3.73591065e-01
 8.71832275e+00 1.99847927e+01 4.89135695e+00 1.87192676e+03
 4.54998076e-01 1.07650291e+02 3.56945215e+03 7.04632759e+00
 5.60791254e-01 1.11533496e+03 2.73295364e+01 8.93465820e+02
 3.19433498e+00 1.78093103e+03 7.54392371e-02 3.77613086e+03
 2.04369583e+01 2.52055527e+02 1.44620270e+02 2.06993842e+00
 3.16156738e+02 1.52662219e+03 1.65094043e+03 3.66636261e+02
 3.32570763e+01 2.92021942e+02 4.20119095e+00 6.95593201e+02
 1.63261322e+02 1.40835571e+03 2.75186310e+01 9.80211182e+02
 1.70780243e+02 3.21715771e+03 2.00973123e-01 1.40451099e+03
 2.40249557e+02 3.44514435e+02 2.45233932e+02 6.59769592e+01
 5.81432724e+01 1.39919043e+03 6.35619469e+01 3.04308529e+01
 5.45751465e+02 1.04101135e+02 2.13110542e+00 1.02879858e+01],856.8696,[6.4173950e+02 1.0011198e+01 1.5180935e+01 3.8430064e+00 2.3240151e+00
 9.8199478e+01 1.3721925e+02 6.1842451e+00 5.7333307e+02 6.7616615e+01
 4.8028351e+02 1.1834518e+01 7.7177557e+02 1.9764224e+02 7.4585004e+02
 4.2047272e+02 5.3234549e+00 1.7421989e+03 1.8831719e+03 1.9653906e+02
 2.8398222e+01 1.5526599e+02 3.4704693e+01 3.7058777e+02 1.3929286e+03
 4.7378044e+00 4.8450552e+02 2.2587004e-01 1.0667750e+01 3.0188909e+03
 3.4967554e+00 1.9096448e+03 1.6283318e+01 5.2250656e+01 1.9003885e+02
 7.9272110e+01 4.4801540e+01 8.9658012e+00 3.6669897e+02 1.4258278e+01
 2.2885687e+02 8.9824966e+01 8.8261096e+02 1.5733401e+03 3.5607385e+02
 9.7117914e+02 1.9359064e+01 4.1435709e+02 1.8654966e+01 1.7284746e+02
 2.4554899e+00 2.7138027e+03 3.8577484e+02 2.7145309e+02 6.4486851e+03
 8.1782791e+01 8.1531620e+00 2.8848101e+01 2.9505234e+03 1.9334961e+02
 2.7292581e+00 2.9020996e+00 1.9249077e+02 1.3533405e+03 6.0060425e+02
 9.6181130e-01 1.9534142e+01 3.6285465e+01 4.4016357e+01 5.5427203e+00
 3.8703696e+02 3.4420319e+00 4.3919346e+01 1.1275801e+03 1.3931137e+00
 3.3257715e+03 1.5224887e+02 1.1343116e+03 6.4641786e-01 6.9575977e-01
 5.6868370e+01 4.3990738e+01 1.7603748e-01 2.1600427e+02 1.0448350e+02
 7.0027328e+01 1.1197012e+01 4.2370679e+02 1.6622341e+01 1.3567838e+02
 1.0937640e+02 3.5297585e+01 9.6432220e+02 1.9435570e+02 2.2942749e+02
 2.5969171e+02 7.2348061e+01 6.6552917e+02 7.8701050e+01 7.2524353e+01
 5.9800018e+01 1.1088351e+02 1.7739287e+03 5.8963370e-01 4.7483975e-01
 4.8734827e+02 3.0262253e+01 9.8339090e+00 9.1117538e+01 1.9346291e+02
 1.3100219e+01 5.6294440e+02 3.2617826e+00 1.9133169e+01 1.9017664e+03
 3.5277292e+02 1.4956748e+03 1.9528473e+02 8.5575829e+00 9.7527629e-01
 1.4961066e+01 4.0682805e+03 1.1850668e+00 6.2231102e+01 3.2940571e+03
 1.4457781e+03 2.6823372e+03 2.6373676e+01 3.4675720e+01 1.1785258e+03
 7.9043860e+00 5.8572451e+03 1.1774562e+03 6.2384058e+02 1.4041258e+02
 2.0556571e+00 7.5958694e+01 8.4097778e+02 2.8905460e+02 1.3879852e+02
 1.7967249e+03 6.2376728e+00 5.0068176e+02 2.3885300e+02 6.4779517e+02
 1.9164072e+03 7.6909470e+01 6.2125769e+00 1.2125596e+00 3.8859028e+01
 4.8251884e+01 9.5692560e+02 1.3431860e+01 2.6025462e+00 1.5167112e+03
 8.5971321e+01 1.4284377e+03 4.5277815e+00 1.0554764e-02 2.6336356e+02
 2.5011141e+00 2.2816695e+02 1.7681888e+00 1.9642952e+01 3.1031706e+00
 9.8599756e+03 6.7576370e+01 7.8884199e+03 2.3167191e+02 3.3766663e+00
 6.4281797e+03 1.5679301e+02 1.6748259e+03 5.1769727e+02 5.0757170e-01
 1.1664927e-01 2.0647133e+02 1.2348657e+03 1.8671442e+03 3.5184240e+00
 6.3713223e+01 3.8697351e+02 1.3160405e+01 5.7207787e-01 4.2513725e+01
 2.2953979e+03 4.5333149e+01 3.8553424e+00 8.1155005e+02 1.8329193e+01
 2.3951912e+01 1.0686553e+03 4.4171753e+02 2.0531981e+02 8.3324059e+01
 4.0821983e+01 5.6087959e+01 1.7199614e+02 7.9646015e+00 1.8952400e+02
 9.3652954e+02 6.0125385e+01 5.9640995e+01 1.5331992e+03 9.2389154e-01
 7.7258868e+00 6.9421729e+03 3.1412888e-01 9.3913479e+00 2.0143665e+01
 5.2138767e+00 1.6436401e+03 1.4001529e-01 5.1947952e+01 3.1849194e+03
 5.6426880e+01 5.4295152e-01 1.1364919e+03 2.5956661e+01 7.6692285e+02
 5.4096699e+00 4.3073926e+02 3.6335330e-02 4.6272705e+03 2.0459278e+01
 3.3106534e+02 1.3010750e+02 2.1479392e+00 2.6228394e+02 1.7924229e+03
 1.5663220e+03 9.2065933e+01 3.1041008e+01 1.6740300e+02 4.2043414e+00
 5.2172754e+02 1.6251022e+02 1.3265372e+03 2.8300478e+01 8.3959277e+02
 1.5008286e+02 3.1103542e+03 1.9450475e-01 1.4395062e+03 2.0017348e+02
 3.4122745e+02 1.6904785e+02 6.4988708e+01 6.1680202e+01 1.1018066e+03
 4.0140999e+01 1.8007362e+01 2.1655426e+02 6.3564316e+01 8.8344812e+00
 7.7143035e+00],-131.21301,-321.64804,-398.31708,1.7922806,6.59879,0.98271394,0.6395989,0.013748173046112061,7146.424957513809,-0.2099938578083367,-0.24674070461866976,-0.19949501724375548,0.26036712500036224,33.00720037678311,25.099999999996967,0.0,525000.0,-2.0,-1000.0,500.0,6.534221410751343,525000
196.70798,0.10985851,0.6567151,0.0067106127,-190.03098,190.03098,[7.44597733e-01 1.77852669e+01 9.99403000e+00 1.73873746e+00
 3.87068224e+00 1.40137043e+01 3.45399971e+01 1.90984306e+01
 1.66249800e+00 9.80258942e-01 9.71787262e+00 3.17417324e-01
 3.17579532e+00 3.45234680e+01 2.41086435e+00 1.20346773e+00
 8.79122019e-02 2.42334390e+00 3.00102651e-01 1.89192212e+00
 5.65737534e+01 5.50336313e+00 3.13852859e+00 2.20010414e+01
 3.70061421e+00 1.43126106e+00 3.82207602e-01 2.66199899e+00
 8.73076153e+00 1.16033447e+00 3.99593264e-01 9.90315628e+00
 2.44170761e+00 1.97057986e+00 2.88815689e+00 2.72556210e+01
 1.57470455e+01 5.89021683e+00 1.64247799e+00 1.18200369e+01
 1.19718742e+01 6.93308651e-01 2.86921000e+00 5.32923818e-01
 3.22469950e+00 1.77938724e+00 1.75402141e+00 6.70975780e+00
 4.85959625e+01 7.70780027e-01 2.21142745e+00 4.34696465e+01
 3.85342538e-01 1.31454840e+01 7.09728384e+00 6.48881721e+00
 3.10478592e+01 2.35550737e+00 7.47045875e-01 3.69877028e+00
 6.74611282e+00 4.99328232e+00 2.51018200e+01 1.59235907e+01
 4.37539518e-01 4.73861068e-01 1.76764703e+00 5.06763363e+00
 4.38321382e-01 2.53214502e+00 2.73874435e+01 8.44681382e-01
 2.54973450e+01 1.32932544e+00 2.99109995e-01 1.40335357e+00
 9.05394435e-01 9.35586071e+00 8.49359703e+00 7.27656841e+00
 4.99476343e-01 9.95773733e-01 1.54165626e+00 2.21283531e+00
 2.47236204e+00 6.71202803e+00 4.40560877e-01 1.62889755e+00
 8.26772499e+00 2.36785054e+00 1.20848656e+00 4.67506275e-02
 3.09325390e+01 3.41431189e+00 7.75117502e-02 1.66783166e+00
 5.12359440e-01 7.59411621e+00 1.48881149e+01 2.15169258e+01
 9.22015548e-01 6.08996487e+00 7.36396134e-01 1.36813271e+00
 2.12675047e+00 2.69927406e+00 5.69790792e+00 4.58225965e-01
 1.64050078e+00 4.06095028e+00 6.71211147e+00 8.69755173e+00
 7.62736416e+00 3.81075020e+01 7.61111259e+00 1.57210655e+01
 2.64738655e+00 8.95964324e-01 1.05338037e+00 9.87767029e+00
 1.92699194e+00 1.49001670e+00 3.56725669e+00 2.00372467e+01
 2.75599527e+00 8.81829605e+01 1.92864984e-01 2.61649466e+00
 1.25534363e+01 4.15569401e+00 1.50975981e+01 6.15384197e+00
 2.56339878e-01 1.45606976e+01 4.53107715e-01 1.19576585e+00
 6.71242952e-01 1.80645609e+00 4.12105942e+00 1.76150894e+00
 7.15288281e-01 1.79766965e+00 5.96595860e+00 3.05626154e-01
 4.37513399e+00 7.32352436e-01 2.76177073e+00 2.47232318e+00
 1.97088301e-01 8.43722057e+00 1.84995079e+01 8.39358382e-03
 1.36018491e+00 1.21424401e+00 4.04544306e+00 1.27505314e+00
 5.49592733e+00 6.48094368e+00 2.20610762e+00 1.85432301e+01
 2.47527742e+00 2.70366216e+00 4.22648859e+00 2.57576060e+00
 7.19622040e+00 1.00938416e+01 5.66565275e+00 5.51021956e-02
 2.85454929e-01 1.21382594e+00 3.58166122e+00 4.71648645e+00
 2.46768427e+00 5.30080891e+00 1.24427004e+01 2.85363126e+00
 2.85398245e-01 5.27545094e-01 8.73464704e-01 9.77212250e-01
 3.86485291e+00 3.89309883e+00 1.01446390e+00 1.69137859e+00
 6.01109314e+00 4.28217411e+00 2.53992248e+00 3.51913095e-01
 1.05508137e+01 1.77169437e+01 4.68534291e-01 2.59417171e+01
 1.26774979e+00 3.47218800e+00 1.22016466e+00 1.37470126e+00
 1.51882029e+00 1.69935599e-01 1.09185910e+00 1.50556755e+00
 1.66393602e+00 1.46816254e+01 3.40777755e+00 4.18719578e+00
 7.03989029e-01 8.59687614e+00 2.48214483e+00 6.96434975e+00
 1.33841133e+01 3.94925594e+00 1.60906696e+01 5.78070021e+00
 3.08706627e+01 9.69022942e+00 5.94759345e-01 1.91038623e-01
 5.35611916e+00 6.36898994e+00 6.19726539e-01 2.41561246e+00
 3.74745846e-01 6.34793472e+00 1.07599173e+01 4.37032223e+00
 5.35663962e-01 6.17917478e-02 1.15024459e+00 7.76809454e+00
 5.48461318e-01 1.28276558e+01 4.40868139e+00 8.17808342e+00
 1.22380514e+01 6.14676118e-01 1.25180302e+01 4.75218356e-01
 2.44742966e+00 6.18793786e-01 3.06260556e-01 5.25068092e+00
 1.44797421e+01 9.03878450e-01 2.67949486e+00 2.79850101e+00
 2.44048285e+00 5.59124291e-01 4.86840248e-01 1.98824954e+00
 1.61552882e+00 1.71358910e+01 7.13491067e-02 1.58517847e+01
 4.92404270e+00 5.95124848e-02 2.70550907e-01 2.05285239e+00],8.3560095,[4.14082527e+00 4.32140768e-01 8.12878489e-01 2.79216099e+00
 6.56769896e+00 1.63527298e+01 2.71774216e+01 5.53503633e-01
 1.44117701e+00 8.76131654e-01 1.47883749e+00 1.03931263e-01
 1.42180145e+00 7.25963449e+00 6.40838504e-01 3.68430644e-01
 1.57188624e-01 2.10112524e+00 2.45826316e+00 1.18944979e+00
 5.36673069e+00 2.30152202e+00 2.64141726e+00 4.20937490e+00
 1.65402279e+01 1.37001824e+00 3.18761492e+00 9.43771541e-01
 1.22508326e+01 1.13270417e-01 4.64512736e-01 4.32217312e+00
 6.68528497e-01 4.08629131e+00 1.16233301e+00 6.10498734e+01
 1.85102606e+00 5.35047245e+00 4.55941893e-02 2.25644016e+00
 1.14886069e+00 5.71711600e-01 2.77987385e+00 1.78399011e-02
 2.08746433e+01 8.86978090e-01 1.53157413e+00 6.80551350e-01
 3.72334099e+01 5.22544444e-01 9.83285606e-01 6.14597225e+00
 3.36054005e-02 1.36697741e+01 8.56562734e-01 2.26350641e+00
 1.19417107e+00 2.61885405e-01 5.67225628e-02 7.44817913e-01
 8.15136242e+00 5.72149396e-01 4.78374958e+00 1.35463800e+01
 1.19222755e+01 4.25007194e-01 1.08621812e+00 1.15416040e+01
 3.53742987e-02 2.37440562e+00 7.92744064e+00 2.57071543e+00
 8.91862965e+00 3.16128254e+00 4.45079231e+00 1.17864180e+00
 2.85930216e-01 2.88855577e+00 1.60246277e+00 5.80833855e+01
 3.58234763e+00 1.87598360e+00 4.67686939e+00 8.76394331e-01
 5.56592762e-01 6.17194033e+00 4.12840158e-01 4.86080170e+00
 5.13120079e+00 1.36478567e+00 1.49549022e-01 4.87640798e-02
 2.58566799e+01 2.91007161e-01 6.24952650e+00 2.94635892e-02
 7.29828000e-01 1.08542073e+00 1.42882471e+01 2.31518555e+00
 2.89142907e-01 8.45897198e-01 3.11176348e+00 2.48748869e-01
 2.46348071e+00 3.25453901e+00 2.95291853e+00 2.37819624e+00
 1.33100367e+00 7.90800047e+00 6.21185255e+00 8.98607826e+00
 4.23933649e+00 3.07883987e+01 1.09271801e+00 3.61780624e+01
 4.31936502e+00 2.39825457e-01 4.35755625e-02 1.99733658e+01
 1.23012364e+00 9.36031723e+00 5.91766930e+00 5.86082506e+00
 1.59331456e-01 2.00371735e+02 1.71098128e-01 7.05415344e+00
 1.03219147e+01 5.01096058e+00 9.30914974e+00 3.43119770e-01
 3.56315064e+00 2.80326605e+00 4.77510333e-01 3.18059158e+00
 1.33197918e+01 1.89548731e+00 9.06386662e+00 7.14994907e-01
 7.82894278e+00 2.91910076e+00 8.57198536e-01 1.00369707e-01
 3.97879004e+00 6.51761293e-01 2.84300232e+00 6.61846399e-01
 1.33590329e+00 6.37454319e+00 1.12442465e+01 2.63597131e+00
 5.18579197e+00 1.64159024e+00 2.08547211e+01 6.59110689e+00
 3.45074868e+00 6.20653200e+00 7.06650877e+00 3.74327049e+01
 5.75799131e+00 1.52643114e-01 3.59228635e+00 6.47819757e-01
 6.58667231e+00 6.80535984e+00 5.46260166e+00 4.57885790e+00
 1.41449898e-01 1.00062895e+00 2.56808901e+00 2.01456833e+00
 2.16497803e+00 5.31105423e+00 1.08606720e+00 2.85327888e+00
 4.39007357e-02 7.03864932e-01 1.14713802e+01 1.32281053e+00
 3.77161789e+00 1.60806477e-01 1.21134460e+00 8.69287133e-01
 5.71124601e+00 4.16882753e-01 9.89287758e+00 1.44205666e+00
 1.52513962e+01 1.96128025e+01 1.96076441e+00 2.28194351e+01
 4.08117056e+00 9.32317638e+00 1.94440082e-01 9.15287614e-01
 2.82927901e-02 8.37180763e-02 2.70185971e+00 8.79881573e+00
 8.48802948e+00 5.71679544e+00 3.25434238e-01 2.75581121e-01
 6.88126445e-01 4.48333549e+00 2.48578095e+00 1.11308689e+01
 4.77637215e+01 2.99304414e+00 5.41300697e+01 5.47206783e+00
 2.10234871e+01 1.23522682e+01 2.32081389e+00 1.16247761e+00
 7.44939923e-01 2.12717295e+00 1.43141747e+00 2.18439627e+00
 1.06073833e+00 2.38626376e-01 1.17192650e+01 1.54457259e+00
 1.39100909e+00 8.61830413e-02 1.15833330e+00 1.25928297e+01
 5.58322716e+00 1.49291077e+01 7.97363281e-01 9.19297791e+00
 1.04103012e+01 1.87549281e+00 1.07583475e+01 3.25236630e+00
 1.55235076e+00 5.71683288e-01 1.42399054e+01 3.26672029e+00
 1.35759258e+01 1.06709576e+00 2.53488636e+00 3.29391575e+00
 6.68833160e+00 2.24183887e-01 3.11612785e-01 2.45302200e+00
 1.84495592e+00 2.66298084e+01 2.42478661e-02 3.68117642e+00
 5.69991732e+00 5.00729121e-03 5.65201789e-02 9.05278111e+00],-120.311745,-270.01154,-400.0,1.4768234,5.2818747,0.96512544,0.6086107,301.38486,-338.0403,2039.1685,296.75372,0.7859359,0.6289666,0.08704946,-289.67813,289.67813,[1.22810831e+01 1.25535779e+03 3.27290283e+02 1.32635681e+02
 8.18421143e+02 9.87599564e+01 1.65676427e+00 9.25607586e+00
 2.10405542e+03 2.01506748e+01 2.23671777e+03 1.40561218e+02
 1.41698284e+01 1.40191054e+00 1.85604156e+02 9.45482445e+00
 5.61676979e+00 1.87213852e+02 1.15497112e-01 7.96746338e+02
 2.40743359e+03 2.78372269e+01 4.07914978e+02 6.50212784e+01
 1.78768982e+02 7.09766209e-01 7.31014404e+01 6.89795532e+01
 2.97081757e+01 1.42550349e+00 1.30904810e+03 1.09247723e+01
 2.74026733e+03 1.46715391e+00 2.06740761e+01 1.89540443e+01
 5.77350928e+03 3.36856308e+01 7.81235504e+01 9.27475834e+00
 5.01563843e+02 7.52511108e+02 1.64165592e+01 5.83589172e+01
 2.81952515e+03 9.65597900e+02 1.38516272e+03 4.36469688e+01
 4.95039635e+01 2.97359676e+01 2.10401953e+03 3.38264160e+02
 1.01663589e+00 3.50104889e+02 8.15630951e+01 2.28355670e+00
 1.45104980e+01 5.21780518e+02 1.37728424e+01 1.13885437e+03
 6.72146149e+01 2.01140503e+03 6.49489624e+02 2.42623489e+02
 3.35889862e+02 1.15328931e+03 9.87145901e+00 4.66071930e+02
 6.26070361e+03 9.31274414e+02 3.40532494e+01 2.63433179e+03
 4.46646973e+02 3.16840112e+03 3.33589569e+02 1.26707001e+02
 1.13542643e+01 4.97682129e+02 1.16463367e+03 1.42331409e+01
 1.18395178e+03 4.85396481e+00 1.33287134e+03 1.21356440e+00
 2.43501190e+02 6.25467920e+03 3.47490820e+03 1.52985132e+03
 5.45762177e+01 4.33477402e+01 1.05773616e+00 9.61648655e+00
 3.01710236e+02 4.71340322e+00 5.21656250e+02 1.21846504e+02
 4.98482609e+00 3.01088654e+02 4.67016418e+02 3.64344501e+00
 3.97423630e+01 1.71890356e+03 7.93333359e+01 1.71248093e+02
 1.75593872e+01 9.03460693e+00 4.38626785e+01 4.76197968e+01
 1.03798647e+01 4.58867981e+02 5.44901001e+02 1.88008313e+03
 2.33127930e+04 8.42387238e+01 4.64229813e+01 1.71445874e+03
 6.38061096e+02 6.93068848e+02 3.95324402e+01 2.63923168e+00
 6.26699463e+02 7.03800507e+01 9.22798824e+00 4.46556807e-01
 5.98058164e-01 1.06625595e+02 2.93902397e-01 3.26649618e+00
 1.36148209e+02 2.47655772e-02 9.36979800e-03 5.58429718e-01
 3.58623452e-02 5.36480347e+02 4.03685156e+03 7.57154358e+02
 1.90977319e+03 1.60194664e+01 4.26573486e+01 1.09484851e+03
 2.08804016e+01 4.87659546e+02 1.13614105e+02 1.07360811e+01
 2.97122607e+03 1.11054592e+01 3.82279236e+02 2.46165428e+01
 3.43899200e+02 3.68282654e+02 3.24820290e+01 1.62084015e+02
 5.94959307e+00 3.20569634e-01 1.00246025e+02 3.00597046e+02
 9.87590637e+01 1.30761528e+00 5.45307159e+01 3.78780792e+02
 6.75006294e+00 2.25821045e+02 8.57862854e+01 1.31070648e+02
 1.77895164e+01 9.39104309e+02 1.35941040e+03 1.11730415e+02
 1.95788021e+01 1.14863083e+02 1.58698624e+02 2.43223381e+00
 2.52954636e+01 7.24503021e+01 3.82447243e+00 1.68268066e+02
 6.47443235e-01 7.32621191e+03 3.71481628e+02 1.35032211e+02
 1.91924652e+02 3.78217583e+01 1.09265165e+01 3.10070782e+01
 1.00954300e+02 6.52316332e+00 4.76878023e+00 4.13243332e+01
 2.48024712e+01 2.07845856e+02 1.09147453e+01 1.42778247e+03
 8.13536865e+02 2.04912079e+02 1.01491937e+03 1.77240801e+00
 7.10931274e+02 4.15392607e-01 1.78771713e+02 1.37359486e+01
 9.38718915e-02 4.69567041e+03 6.46192505e+02 1.19186012e+02
 1.46555725e+02 4.58874054e+02 1.71497269e+01 7.76647278e+02
 5.21565781e+01 2.30656937e+02 1.03870332e+00 8.52369843e+01
 2.32862043e+00 1.60978088e+03 5.60824768e+02 1.06818438e+00
 7.90192490e+01 4.89866018e+00 2.66201147e+03 7.70641174e+01
 1.99185352e+03 3.42562561e+02 1.36318564e-01 1.62079639e+03
 2.11162605e+01 5.64991341e+01 3.47284412e+00 7.75850195e+03
 1.93532677e+01 7.80463314e+00 6.29451538e+02 2.82958431e+01
 9.21746826e+02 9.55790161e+02 3.89947540e+02 8.87076721e+01
 6.61893677e+02 2.33018262e+03 4.84914734e+02 2.89325928e+02
 2.08234155e+03 9.70735474e+01 1.75358948e+03 6.67124629e-01
 8.32574177e+00 8.42883667e+02 1.10745773e+01 7.30214643e+00
 2.01698987e+03 9.30957642e+02 1.09497351e+03 2.62909485e+02
 1.48567429e+01 1.51373291e+02 5.70981201e+02 6.32907915e+00],894.58923,[1.09734322e+02 9.89268066e+02 2.23694763e+02 7.78050842e+01
 9.42089111e+02 1.20581284e+02 1.66121101e+00 2.38752632e+01
 2.11133105e+03 2.28699646e+01 2.15089990e+03 1.36679016e+02
 1.41476116e+01 1.81207371e+00 1.79957977e+02 1.65567970e+00
 7.49523544e+00 1.68126678e+02 6.51838034e-02 7.71302734e+02
 1.50462048e+03 2.71402702e+01 4.11075653e+02 5.04353943e+01
 9.68908081e+01 1.34951663e+00 2.23915815e+00 6.95570602e+01
 2.94028068e+00 1.52359009e+00 1.33153833e+03 1.10999937e+01
 2.75851904e+03 5.13075218e-02 2.25626404e+02 2.40429535e+01
 3.35020215e+03 1.52343931e+01 9.58833694e+00 7.30223751e+00
 5.33931396e+02 2.86615295e+02 1.71928921e+01 4.38237457e+01
 2.75321338e+03 1.06068005e+03 1.12781836e+03 3.14348698e+00
 2.34541092e+02 8.59778671e+01 2.30797461e+03 3.63590698e+02
 1.03877234e+00 3.82840149e+02 8.70877151e+01 1.42712450e+00
 6.50941229e+00 4.64067749e+02 1.14893761e+01 1.18869299e+03
 5.14438095e+01 2.07457495e+03 1.65283691e+02 1.23314285e+02
 5.47940674e+02 1.34506372e+03 1.01353683e+01 5.85719360e+02
 5.44344385e+03 6.60280151e+02 2.47693844e+01 1.60420288e+03
 9.17454300e+01 3.13983838e+03 3.37144470e+02 1.39227661e+02
 5.86525154e+00 3.75990936e+02 1.16520093e+03 1.37298298e+01
 1.16365564e+03 8.30927563e+00 1.92165222e+03 1.51845765e+00
 2.66505402e+02 6.00747803e+03 3.57307642e+03 1.40719666e+03
 1.39300518e+01 4.07689438e+01 1.34351501e+01 9.68742371e+00
 3.70683197e+02 4.66319275e+00 3.01090942e+02 5.13863892e+02
 4.93665886e+00 2.93470337e+02 7.37034668e+02 3.68719387e+00
 1.50216656e+01 5.45811829e+02 7.17207794e+01 1.40075378e+02
 1.59340191e+01 9.03263664e+00 7.31570358e+01 5.43335199e+00
 6.57982063e+00 1.46403732e+02 5.51461304e+02 1.87508032e+03
 2.14609199e+04 5.19903717e+01 4.98105774e+01 1.75539587e+03
 3.33857880e+02 4.43202087e+02 2.60976200e+01 2.20106268e+00
 2.79903778e+02 7.00283890e+01 9.51391029e+00 4.16842794e+00
 3.89018834e-01 1.30161514e+02 4.41908360e-01 3.49906373e+00
 6.84915390e+01 1.50331631e-01 1.12575162e-02 2.21593022e-01
 1.14918146e-02 1.15503263e+01 3.90837402e+03 5.52557495e+02
 2.21197949e+03 1.50625153e+01 3.99217453e+01 1.13615063e+03
 2.05392399e+01 1.72243942e+02 8.40276718e+01 1.52101002e+01
 1.78495386e+03 1.20997963e+01 2.44094421e+02 1.50418267e-01
 1.92984436e+02 4.35553406e+02 9.28597107e+01 2.03022018e+02
 5.64605761e+00 1.99716613e-01 7.76324158e+01 2.33217712e+02
 4.73096848e+01 1.71148980e+00 1.72905121e+01 4.05193695e+02
 7.01038361e+00 1.43326370e+02 1.01181465e+02 1.30245422e+02
 1.76369686e+01 6.49137146e+02 1.48345312e+03 6.28997879e+01
 1.42163205e+00 7.73456726e+01 1.50795700e+02 2.30456305e+00
 1.70451565e+01 6.28573837e+01 3.62268496e+00 2.25380798e+02
 5.82781196e-01 6.17777344e+03 1.52634781e+02 1.43016983e+02
 1.44227905e+02 7.85149918e+01 1.06453943e+01 4.13828850e+01
 3.06078968e+01 3.06401587e+00 1.66202888e+01 4.51138382e+01
 1.66408613e-01 2.73076996e+02 1.08005829e+01 1.37919458e+03
 6.80769714e+02 1.91329102e+02 1.01434436e+03 1.70830655e+00
 2.69769592e+02 1.75862059e-01 1.33849487e+02 4.77267361e+00
 4.81050089e-02 4.45867285e+03 5.67420776e+02 8.03927460e+01
 1.28710373e+02 6.54567566e+02 2.02295208e+01 7.35893433e+02
 5.00431709e+01 6.89799576e+01 9.28907096e-01 1.13150505e+02
 2.96795130e+00 1.69333984e+03 3.92289978e+02 1.05508530e+00
 1.12316132e+01 5.04251671e+00 2.24155298e+03 7.32103882e+01
 1.94865918e+03 7.38288956e+01 1.58039451e-01 1.72467285e+03
 1.91892452e+01 2.90752163e+01 3.40584660e+00 7.36665625e+03
 2.51082211e+01 4.55886889e+00 8.13972046e+02 4.31187057e+00
 9.03552246e+02 1.01167163e+03 3.24971100e+02 1.51491898e+02
 6.59067139e+02 2.38585889e+03 4.65929138e+02 2.67308533e+02
 2.04436328e+03 4.79469528e+01 1.71463354e+03 4.93464500e-01
 2.13249469e+00 9.71534180e+02 1.10261202e+01 3.98393250e+00
 2.11795020e+03 7.64629700e+02 1.07487000e+03 2.93001221e+02
 1.46095543e+01 1.46519287e+02 8.58342819e+01 5.22380352e+00],-165.76065,-310.4392,-399.64764,1.9186413,7.4038343,0.99067926,0.65214574,0.01319130033493042,7476.20748591423,-0.20304828917402015,0.018860879696775124,-0.2043844274628728,-0.025619969124149263,-0.7542278925618421,25.099999999996967,0.0,550000.0,-2.0,-1000.0,500.0,6.615511655807495,550000
203.55313,0.09370585,0.7027831,0.0051842853,-196.4316,196.4316,[1.69226617e-01 1.94858437e+01 1.45529423e+01 3.54803532e-01
 1.33911991e+00 4.83539820e+00 2.83641624e+00 1.34434831e+00
 6.72764111e+00 1.27915020e+01 4.02855039e-01 9.77198792e+00
 3.05919707e-01 1.35222030e+00 3.12601216e-04 1.00974190e+00
 3.10321264e-02 8.20200980e-01 4.12073288e+01 1.32667077e+00
 2.03122601e-01 2.16375294e+01 7.77436972e-01 3.48541617e+00
 1.88836040e+01 4.69938898e+00 1.16275549e+00 1.52170181e-01
 4.73652411e+00 3.81325912e+00 2.82294601e-01 1.05529234e-01
 3.97061586e+00 1.86522436e+00 7.47760677e+00 1.16674796e-01
 3.76858473e-01 2.58926272e-01 1.16692982e+01 2.93856747e-02
 8.67713034e-01 4.66845560e+00 7.74275362e-01 7.20497072e-01
 4.94996905e-02 4.51551771e+00 3.80223536e+00 2.19951797e+00
 7.53973186e-01 2.79147625e-01 3.23970735e-01 1.00077391e+00
 1.73531842e+00 2.42217302e+00 1.24317110e+00 3.02208376e+00
 5.07234859e+00 1.45738912e+00 3.64557877e+01 1.05033946e+00
 5.33792377e-01 3.66002607e+00 9.50162113e-02 9.45603371e-01
 1.16408337e-03 1.43707407e+00 6.70465305e-02 2.41911926e+01
 1.63608775e-01 7.51691532e+00 5.97820461e-01 1.73453033e-01
 1.75067759e+00 3.34136665e-01 3.79575109e+00 5.10454292e+01
 2.10669470e+00 3.49676162e-01 2.71112900e+01 1.37114882e+00
 1.06742227e+00 1.60591006e+00 4.42046553e-01 2.38699749e-01
 2.95255113e+00 1.71874275e+01 1.81001019e+00 5.32978952e-01
 4.73109102e+00 9.26235855e-01 2.38232946e+00 1.52977347e+00
 1.16665802e+01 1.72787368e-01 2.62264538e+01 1.33665419e+00
 1.86491311e+00 8.05235624e-01 4.48347956e-01 1.13540876e+00
 2.12277365e+00 6.89630628e-01 2.17105031e+00 7.70401459e+01
 4.88613987e+00 3.99007535e+00 5.93935585e+00 2.24771714e+00
 1.45271671e+00 1.59011102e+00 8.37681890e-01 1.00133039e-01
 1.66959906e+00 3.40156269e+00 5.37514150e-01 1.00045670e+02
 7.39320755e-01 4.89699268e+00 1.32649434e+00 1.03786743e+00
 8.75281096e-01 1.42448044e+01 2.21974754e+00 5.46553802e+00
 2.88686705e+00 2.23507380e+00 7.37222433e+00 9.52643585e+00
 5.56332350e-01 1.35110569e+00 4.68301237e-01 3.87591410e+00
 7.02622318e+00 9.07612681e-01 2.51799703e-01 3.56997967e-01
 1.11997204e+01 7.15429115e+00 4.48705137e-01 2.85609388e+00
 1.10987611e-02 9.38854754e-01 1.57009172e+00 3.41243792e+00
 1.03746489e-01 5.44524097e+00 1.07009668e+01 9.92021561e-01
 1.04734449e+01 7.52000332e-01 1.63058388e+00 2.91284490e+00
 6.56621456e-01 4.90634769e-01 6.01974368e-01 5.59463959e+01
 5.39878845e+00 4.15306091e+00 4.10324192e+00 2.12291837e-01
 2.28993684e-01 7.76911163e+00 1.34421616e+01 2.33467126e+00
 7.08654547e+00 3.64337873e+00 5.39974198e-02 5.57232350e-02
 8.65502097e-03 2.49662757e+00 6.10269785e+00 3.76069635e-01
 2.10881066e+00 2.14706278e+00 2.39993185e-01 2.07666770e-01
 1.28477883e+00 6.54222608e-01 1.45272198e+01 5.80514336e+00
 1.84252930e+00 1.82654238e+00 4.74575311e-01 3.58929724e-01
 2.07497749e+01 7.16035748e+00 5.47238171e-01 3.09599495e+00
 5.41983843e+00 9.73930001e-01 5.44312763e+00 2.68481779e+00
 8.43469918e-01 4.58037257e-01 2.74346471e+00 2.35436344e+00
 3.72659594e-01 6.83404922e-01 2.21315932e+00 6.07666302e+00
 6.03211701e-01 8.34679699e+00 1.93725392e-01 3.31822217e-01
 9.58007276e-02 1.44310272e+00 5.05384445e+00 4.39718866e+00
 4.87281054e-01 4.75429371e-02 2.57904959e+00 1.87273521e+01
 4.01671492e-02 4.29393560e-01 3.62299681e+00 3.69640398e+00
 1.32331705e+00 3.80263424e+00 3.53229785e+00 4.43828726e+00
 2.07999611e+00 4.94074315e-01 3.16068053e+00 4.78506947e+00
 1.16366714e-01 2.45296001e+01 2.27064362e+01 2.47157764e+00
 1.13312796e-01 7.24907494e+00 1.84513664e+00 2.53297210e+00
 1.73581928e-01 5.67792940e+00 3.51487045e+01 4.24824047e+00
 3.26063609e+00 2.93780208e+00 5.25407553e+00 3.60524702e+00
 4.16357107e-02 6.40194833e-01 3.62085366e+00 3.53366470e+00
 6.18582153e+00 1.77699244e+00 1.35812795e+00 1.76562116e-01
 6.26727676e+01 1.50343135e-01 9.22355056e-01 1.73202801e+00
 1.12003314e+00 1.37236433e+01 3.83736038e+00 1.57842290e+00],6.5238066,[5.40373027e-01 1.25301476e+01 4.25056171e+00 5.29752791e-01
 1.56900978e+00 5.15145779e+00 4.69190508e-01 9.23207045e-01
 8.12330055e+00 2.46804218e+01 1.68887854e-01 1.05293398e+01
 3.79254013e-01 2.19709587e+00 2.87012901e+01 9.72657800e-01
 3.05523455e-01 1.86320853e+00 3.50987854e+01 3.88280678e+00
 1.63393646e-01 1.07236223e+01 1.93845916e+00 3.92433619e+00
 4.63991642e+00 2.92495561e+00 9.71507072e-01 3.15678835e-01
 2.90432286e+00 5.37298393e+00 2.15864658e-01 4.67716599e+00
 3.66609526e+00 7.36293197e-01 3.04944115e+01 1.32270038e+00
 7.26114810e-01 9.26024795e-01 9.20318031e+00 1.28610122e+00
 2.19576907e+00 3.81318998e+00 1.92041352e-01 4.15420979e-01
 6.68013841e-02 3.45282167e-01 6.31322336e+00 1.15802121e+00
 3.41348708e-01 1.08350391e+01 2.99871176e-01 2.87547445e+00
 1.73509669e+00 3.49137068e+00 1.26121616e+00 7.45882559e+00
 7.87854254e-01 5.10981917e-01 2.63252878e+00 8.31660815e-04
 1.80026567e+00 2.40387630e+00 8.78650248e-02 9.26140428e-01
 1.31108854e-02 1.80031061e+00 1.51364160e+00 1.89929733e+01
 6.80266768e-02 9.51028526e-01 7.77108848e-01 1.81057364e-01
 3.43229175e-01 3.09856272e+00 2.09692192e+00 2.55948067e+01
 2.18244836e-01 1.69654799e+00 2.86147022e+01 5.26748085e+00
 6.25720263e-01 2.00663185e+00 2.17022967e+00 1.38106441e+00
 1.47284651e+00 2.56530523e+00 1.32972097e+00 2.16664866e-01
 2.62765789e+00 5.48790038e-01 5.03436804e+00 1.71676898e+00
 2.70639598e-01 1.21496124e+01 6.75863314e+00 9.85430628e-02
 5.71730471e+00 2.93035793e+00 1.68980944e+00 1.11428237e+00
 7.73854136e-01 8.31432641e-02 1.94324815e+00 2.34874763e+01
 5.20644426e-01 4.21893311e+00 1.01338778e+01 7.15324640e+00
 1.25764120e+00 3.96955037e+00 2.58003950e-01 2.29876131e-01
 5.98876655e-01 2.24796605e+00 6.63086116e-01 3.32981873e+01
 1.02308655e+00 9.13898277e+00 5.26466548e-01 4.50362712e-01
 1.15725601e+00 3.68871301e-01 9.49737740e+00 1.01603909e+01
 6.05788589e-01 8.24799728e+00 3.07565093e+00 2.41341710e+00
 8.46328661e-02 4.90486681e-01 8.70927930e-01 6.75222576e-01
 2.77428412e+00 4.54090178e-01 3.42769194e+00 5.78490973e-01
 1.16407642e+01 1.24494541e+00 2.77633011e-01 7.09662497e-01
 3.99983376e-02 3.72931242e+00 5.14900064e+00 7.74326324e+00
 1.61890626e+00 2.22452760e+00 2.69434428e+00 1.19337118e+00
 5.90130806e-01 6.75333858e-01 1.69664180e+00 4.21387959e+00
 3.24107528e-01 3.23899674e+00 4.68192786e-01 1.06670151e+02
 5.46531105e+00 5.73515606e+00 5.52862930e+00 1.37925982e+00
 1.25810653e-01 3.64014435e+00 1.35480022e+00 1.05634177e+00
 2.52764988e+00 7.36177146e-01 5.66165745e-02 6.48456365e-02
 5.20094037e-02 4.63208532e+00 4.51395493e+01 3.47411084e+00
 1.91118181e-01 1.48645028e-01 1.66170806e-01 1.93183824e-01
 5.60604930e-01 1.53578222e+00 3.56710076e+00 7.10898972e+00
 2.79091030e-01 7.55747557e-01 9.83805835e-01 8.12682927e-01
 3.85832977e+01 1.52111397e+01 6.99086607e-01 5.56973076e+00
 6.70518923e+00 7.51984835e-01 2.15446901e+00 3.50149155e-01
 2.64937782e+00 1.34176111e+00 6.90202475e+00 2.12128401e+00
 7.46831799e+00 2.01804951e-01 3.69054008e+00 3.18850636e-01
 6.05772018e-01 1.89149156e-01 6.42049193e-01 3.67421895e-01
 6.04995191e-02 1.28008318e+00 1.66632023e+01 2.00845027e+00
 9.97457802e-02 4.82605547e-02 1.53034091e-01 2.02976856e+01
 1.46670794e+00 1.35298405e+01 2.33855686e+01 8.23276329e+00
 8.59310746e-01 2.77780555e-02 2.11150236e-02 7.06824124e-01
 2.19867086e+00 2.43997622e+00 3.15068555e+00 1.57885447e+01
 7.16541484e-02 8.86269748e-01 1.70153046e+01 6.75214529e-01
 1.18887320e-01 1.16979373e+00 5.25840342e-01 1.33880973e+00
 1.24213256e-01 5.48804474e+00 1.90990372e+01 3.34744751e-02
 1.67921371e+01 3.89878750e-02 1.57170966e-01 4.01218033e+00
 5.49699031e-02 6.88017368e-01 1.89285052e+00 5.24305582e-01
 3.97515411e+01 1.45315215e-01 1.30810094e+00 3.79149944e-01
 1.16592131e+01 1.05009109e-01 1.47308660e+00 1.03739643e+00
 2.39206433e+00 3.19711399e+00 1.21675014e+00 1.12377906e+00],-125.570694,-288.42554,-400.0,1.4686171,8.408476,0.9873264,0.6067415,133.78497,-207.74579,1161.2737,311.00137,0.7582103,0.6598887,0.0795744,-303.6443,303.6443,[9.28847534e+02 8.51696930e+01 5.63094299e+02 6.30111237e+01
 3.76195007e+02 3.73085618e+00 3.20202160e+00 3.18340912e+02
 9.52311768e+02 9.14788696e+02 2.30656387e+02 4.80869293e+00
 9.30246277e+01 3.23775330e+01 7.59340698e+02 6.17209412e+02
 3.03938477e+02 7.60252197e+02 3.02417984e+01 1.27598915e+01
 1.40196276e+00 9.14790802e+01 3.02323395e+02 1.09850764e+00
 4.82535648e+00 2.07868004e+01 2.94555283e+01 3.20949463e+02
 4.83159065e+01 5.02834595e+02 4.35546570e+01 1.11514053e+02
 2.28711334e+02 6.47532959e+02 1.91772995e+02 1.45950058e+02
 2.11961304e+02 1.00335251e+02 6.48097076e+01 1.55560148e+00
 1.81904259e+01 3.17775707e+01 5.84541845e+00 1.87643623e+00
 1.02467051e+01 1.93943481e+02 2.85488009e+00 5.55718088e+00
 6.47860291e+02 2.06957733e+02 1.03678741e+02 3.10457325e+00
 1.15898827e+02 1.48905273e+02 3.38724232e+00 6.71067993e+02
 2.95839977e+00 4.07174469e+02 1.29260590e+02 1.47318005e+03
 5.44519897e+02 3.01155930e+01 2.97501740e+02 1.72043726e-01
 3.78313980e+01 1.77175262e+02 1.58977393e+03 1.17167311e+01
 4.62898788e+01 6.00192795e+01 1.09014290e+02 6.85732574e+01
 4.64979324e+01 6.16964569e+01 2.03480301e+02 1.32341049e+02
 2.82497253e+02 1.66700165e+02 4.93194351e+01 8.92049026e+00
 8.26563171e+02 1.10193994e+03 6.11287720e+02 5.56964970e+00
 4.83567139e+02 5.89656448e+01 6.11752796e+00 5.33061707e+02
 2.36891341e+00 1.64254395e+03 5.79393387e+01 4.05816101e+02
 5.92369728e+01 2.35502747e+02 8.59184647e+01 1.67992668e+01
 9.29317871e+02 2.11220512e+01 1.54522095e+01 2.25247021e+01
 2.23315239e+01 9.96443726e+02 6.62269020e+00 2.52548172e+02
 9.23537979e+01 1.11959143e+03 1.87857483e+03 3.28519402e+01
 6.30325270e+00 2.79619629e+02 3.38999863e+01 3.34671051e+02
 9.25390530e+00 6.44162941e+00 3.75116180e+02 2.19068207e+02
 8.31970215e+00 1.05526376e+00 5.34206581e+00 7.68678711e+02
 9.40146179e+01 1.17565834e+02 3.45954370e+00 1.49717722e+01
 2.37029719e+00 9.09653244e+01 1.65121387e+03 1.53549240e+02
 2.76608673e+02 3.97397184e+00 3.86615372e+01 1.22669315e+01
 3.33274384e+02 3.32350037e+02 2.68949219e+02 1.77610748e+02
 1.24708691e+01 2.59678101e+02 5.14960083e+02 5.10641205e+02
 4.40233727e+01 2.95651886e+02 1.90766106e+01 2.17304736e+03
 6.36273575e+00 6.48568630e+00 1.17295389e+01 1.21077856e+03
 5.14966248e+02 1.37004053e+03 2.08775959e+01 1.51113453e+01
 5.47207275e+02 3.04410400e+03 1.18535355e+02 1.07145496e+03
 2.97435669e+02 7.60226746e+01 5.76907301e+00 1.65321374e+00
 4.62647522e+02 7.12504883e+01 6.79348328e+02 1.57262329e+02
 1.16267006e+02 4.96587219e+01 7.90986791e-02 2.04590378e+01
 9.46424484e+00 2.13926819e+02 1.02943750e+03 1.39140894e+03
 6.73832855e+01 3.19258518e+01 2.37732296e+01 2.22154045e+01
 2.77570953e+01 3.42965240e+02 2.52848907e+02 2.24653534e+02
 1.01130466e+01 1.21087418e+01 6.97484665e+01 1.23382263e+02
 8.31463337e-01 7.19598999e+02 5.73514581e-01 1.05406399e+01
 2.73170319e+01 2.53581161e+02 1.71180188e+03 4.54272995e+01
 2.11438324e+02 9.87771301e+02 2.96065986e-01 1.06419304e+02
 3.88519714e+02 1.75609894e+02 5.84888123e+02 1.62718033e+02
 8.59666992e+02 9.21061249e+01 1.19883547e+01 1.24533707e+02
 6.42023865e+02 2.73275328e+00 2.13488190e+02 2.30945282e+01
 2.80992174e+00 1.14645605e+01 1.60560417e+01 1.95527601e+00
 8.30468506e+02 1.96651001e+01 7.78175049e+01 1.20524622e+03
 4.05637573e+02 9.43269825e+00 6.40952911e+01 1.38939819e+02
 3.20942879e+01 2.40984711e+02 9.68864739e-01 1.07077759e+03
 5.00063400e+01 2.05355511e+01 1.22976904e+03 1.75794275e+03
 5.16538680e-01 3.10830200e+02 8.50961853e+02 1.16150150e+01
 4.04124329e+02 1.67550400e+02 1.45084427e+02 3.35401428e+02
 1.00876959e+03 1.40072742e+03 4.55450897e+02 3.40164006e-01
 9.47904480e+02 1.76412018e+02 3.09422169e+01 5.33490479e+02
 4.43423996e+01 2.67079773e+01 3.38976234e-01 7.13598938e+01
 1.07541103e+01 9.93281937e+00 1.56591248e+02 2.63898730e+03
 4.86068176e+02 1.48513428e+02 5.11058578e+01 6.12475037e+02],394.46344,[9.43156250e+02 6.12881927e+01 3.92835083e+02 2.95709438e+01
 3.51908447e+02 3.68676400e+00 2.19494390e+00 1.11753944e+02
 8.81873169e+02 8.11995422e+02 2.33311401e+02 5.06548071e+00
 6.57957153e+01 2.96437454e+01 7.79994263e+02 5.48997314e+02
 1.07008171e+02 7.60202454e+02 1.52884731e+01 1.25988598e+01
 1.18525589e+00 1.16887299e+02 3.84739655e+02 1.06795251e+00
 5.49635410e+00 6.22439528e+00 3.97925491e+01 2.09971069e+02
 3.33415146e+01 5.27093445e+02 2.25208225e+01 1.09167221e+02
 2.29747803e+02 7.14217041e+02 1.82311127e+02 7.68869858e+01
 7.61443329e+01 6.33266373e+01 9.67213593e+01 6.68178618e-01
 1.64387302e+01 3.12396927e+01 5.13005304e+00 1.73993707e+00
 4.66734314e+00 2.33056305e+02 2.53320861e+00 3.73450470e+00
 4.39242065e+02 1.87756134e+02 7.62526779e+01 2.85292649e+00
 2.59472084e+01 9.37973022e+01 5.45391464e+01 7.09720337e+02
 3.09572577e+00 3.70504639e+02 6.46639633e+01 1.39868335e+03
 1.97792831e+02 2.60215626e+01 3.06873810e+02 2.07376480e-01
 1.45679402e+00 8.75861435e+01 1.62064990e+03 1.27630997e+01
 6.26781654e+01 5.78365974e+01 5.57139397e+00 5.84133835e+01
 4.18259315e+01 9.67534447e+00 2.99077637e+02 1.30156464e+02
 2.36146683e+02 1.27750229e+02 4.87358170e+01 9.06639194e+00
 7.97225708e+02 8.64683838e+02 4.96436462e+02 3.39644852e+01
 4.36887054e+02 1.12872322e+02 5.52651501e+00 5.20175415e+02
 2.40344977e+00 1.65518286e+03 4.59953918e+01 3.89909576e+02
 3.73284149e+01 1.87698349e+02 7.22490234e+01 2.00922031e+01
 9.08988342e+02 2.03499908e+01 3.19680977e+01 1.19039364e+01
 3.04072647e+01 1.07062146e+03 4.83017540e+00 2.58694733e+02
 6.93723679e+01 5.00787933e+02 1.48562305e+03 3.03117199e+01
 3.45416236e+00 2.50757568e+02 3.39370270e+01 3.18636414e+02
 2.69348192e+00 5.48241091e+00 3.07203369e+02 1.06098663e+02
 7.49045563e+00 8.49160850e-01 8.25322952e+01 6.41060181e+02
 7.18199158e+01 1.23876282e+02 1.12268615e+00 1.45755482e+01
 2.39932179e+00 6.66347809e+01 1.39183667e+03 1.58967606e+02
 2.39157227e+02 4.10186911e+00 4.79051628e+01 1.18267994e+01
 3.43869965e+02 3.32246704e+02 2.75291992e+02 1.84297867e+02
 1.22586555e+01 1.88800903e+02 5.26487854e+02 2.26656456e+01
 3.72839851e+01 1.85074478e+02 2.53066349e+01 2.26888159e+03
 6.30529451e+00 6.71151733e+00 5.44071770e+00 8.74617981e+02
 9.52810745e+01 1.54126660e+03 4.50408020e+01 1.57457523e+01
 3.33355316e+02 2.96779639e+03 7.76226807e+01 1.04367810e+03
 3.16512329e+02 1.42649136e+01 5.99539900e+00 9.24141854e-02
 4.62626219e+00 1.43864639e+02 6.13065125e+02 1.62371002e+02
 4.69818687e+01 4.59379730e+02 8.52351665e-01 2.42908916e+01
 7.68188286e+00 1.68104019e+02 6.62952393e+02 1.05489014e+03
 7.15022507e+01 6.28591919e+01 2.20411453e+01 5.51836433e+01
 2.61791382e+01 3.74387573e+02 3.35934265e+02 1.97301926e+02
 9.41692829e+00 1.23287354e+01 8.26896362e+01 8.16477356e+01
 2.39006138e+00 7.48913391e+02 5.91423869e-01 6.45773411e+00
 2.71402092e+01 1.66130096e+02 1.63833008e+03 6.86439753e+00
 2.28967026e+02 1.57280670e+02 2.40992260e+00 1.90607819e+02
 3.69555389e+02 3.99682678e+02 6.54404053e+02 2.29256020e+01
 5.99347107e+02 1.02281349e+02 1.32023506e+01 1.35298676e+02
 5.83787354e+02 1.14876246e+00 1.52338791e+02 2.01568279e+01
 2.37587905e+00 1.16676168e+01 1.70230713e+01 2.19844818e+00
 6.66421265e+02 2.21535110e+01 6.42041016e+01 1.15441675e+03
 2.83649261e+02 1.05689678e+01 2.15919514e+01 1.10272507e+02
 6.31213248e-01 5.26132965e+01 8.66021633e-01 1.40483398e+03
 7.80504913e+01 8.73352814e+00 1.21770508e+03 2.65154480e+02
 5.52267909e-01 1.72911224e+02 8.41511841e+02 1.15077667e+01
 4.54717484e+01 6.80194855e+01 1.05729546e+02 3.62839996e+02
 8.20533875e+02 1.43579358e+03 4.16389893e+02 1.22818593e-02
 9.92069519e+02 1.75929596e+02 2.95249748e+01 4.73760437e+02
 4.21022415e+01 2.61411972e+01 4.05274183e-02 7.17875671e+01
 5.05151510e+00 9.50265121e+00 2.43947048e+01 2.47010815e+03
 5.12527588e+02 1.47063492e+02 5.52062149e+01 5.84805420e+02],-176.5326,-322.27417,-397.20367,1.8972696,8.894855,0.99670076,0.64662176,0.013760974731445313,7820.231875896454,-0.11740620134411098,0.002952794461033768,-0.11734497113726614,0.0006353135336232389,-0.8810829351933853,25.099999999996967,0.0,575000.0,-2.0,-1000.0,500.0,6.550294637680054,575000
205.30183,0.096905045,0.6724009,0.00476414,-198.48093,198.48093,[2.31396651e+00 1.36680591e+00 9.25887012e+00 6.87480330e-01
 4.11710072e+00 1.45142326e+01 2.73800993e+00 2.77438998e+00
 3.11550522e+00 7.14476705e-02 8.95652890e-01 1.34948039e+00
 1.25554100e-01 2.19365144e+00 8.38850975e+00 8.71409059e-01
 2.55444837e+00 3.87907028e-01 1.06675863e+00 1.10607159e+00
 3.74662042e-01 4.97016621e+00 1.21834493e+00 1.12800062e+00
 3.99425554e+00 5.67371941e+00 2.43301988e+00 6.29972339e-01
 3.15665798e+01 8.13474178e-01 1.55421734e+00 4.45173979e+00
 4.73459363e-01 1.88002539e+00 5.32997780e+01 9.26510143e+00
 3.76256418e+00 9.05036867e-01 2.09665632e+00 5.30943740e-04
 4.03440666e+00 1.42614022e-01 4.44364119e+00 5.44880056e+00
 7.18007565e+00 1.30500913e+00 4.18366432e+00 5.45385170e+00
 8.60274136e-01 1.15113068e+00 1.15082867e-01 1.49153054e+00
 1.37878776e+00 4.54287648e-01 2.94709167e+01 1.08031370e-02
 7.49779129e+00 1.47921280e+02 9.52213481e-02 4.39226055e+00
 7.11212397e-01 4.40959215e+00 2.06874087e-02 3.77734399e+00
 1.08870754e+01 2.36982059e+00 2.54215670e+00 2.69858646e+00
 8.52663231e+00 6.15532341e+01 3.11983041e-02 1.07348967e+00
 2.83683121e-01 5.65643024e+00 3.10105371e+00 6.79411459e+00
 6.69539928e+00 7.46432185e-01 5.69155455e+00 2.15251398e+00
 1.29128173e-01 6.20494843e-01 9.46033478e+00 8.55760002e+00
 9.62516963e-02 8.46452618e+00 3.31527066e+00 1.96845913e+00
 3.68435335e+00 2.36803102e+00 3.56052709e+00 9.73586369e+00
 2.24191523e+00 2.61250567e+00 4.88317966e+00 8.57026482e+00
 6.25886954e-03 9.74419594e+00 1.29844666e+00 4.68172014e-01
 7.49961281e+00 6.29500484e+00 1.51887798e+00 1.11446877e+01
 3.39071035e+00 1.67207330e-01 4.06840706e+00 4.76986542e-02
 2.35503331e-01 4.34645462e+00 6.53347909e-01 1.23407354e+01
 1.58070002e+01 3.09541082e+00 4.91406024e-01 9.24706364e+00
 2.10243523e-01 7.35485405e-02 5.47136593e+00 7.70119309e-01
 5.48125982e-01 5.44124186e-01 3.99404764e+00 3.24043345e+00
 5.42584753e+00 8.07535887e-01 5.03750563e+00 1.11634092e+01
 2.91418934e+00 1.19851041e+00 1.79195404e+00 1.02523636e+02
 6.38106644e-01 1.24126797e+01 2.99867773e+00 2.95821953e+00
 2.08528471e+00 5.01406956e+00 1.00093782e+00 2.57300639e+00
 6.56983471e+00 3.04309196e+01 2.15879154e+00 9.08777833e-01
 3.79630899e+00 7.61440468e+00 4.63823318e-01 3.24847162e-01
 2.29136276e+00 2.97988677e+00 6.20494485e-01 7.92041540e-01
 3.85241300e-01 6.63744748e-01 3.25240350e+00 1.56406021e+00
 2.88479477e-01 2.91584682e+00 4.04624224e-01 7.50180340e+00
 2.48544884e+00 3.00464082e+00 1.44756002e+01 7.19849396e+00
 8.37794685e+00 3.71571541e-01 2.34979320e+00 2.72259414e-01
 3.25788193e+01 9.94725418e+00 2.94317579e+00 9.88406658e+00
 2.52383575e+01 5.01673296e-02 1.35506973e+01 1.44621491e+00
 2.29633987e-01 7.51320076e+00 1.93357677e+01 7.82042217e+00
 1.07464993e+00 6.83956385e-01 1.42399132e+00 2.99581558e-01
 3.54512978e+00 9.72841167e+00 4.30109918e-01 1.04924226e+00
 2.99698997e+00 3.87548757e+00 3.39247227e+00 1.37999877e-01
 2.98195028e+00 9.03934383e+00 3.58280241e-02 5.52678871e+01
 9.29203808e-01 4.85545588e+00 1.39915466e+00 2.31988862e-01
 6.72642648e-01 1.02898045e+01 1.82560027e+00 4.62661535e-01
 1.21878281e+01 1.45937157e+00 3.04517245e+00 1.92949563e-01
 8.12852025e-01 2.34834135e-01 1.48884850e+01 1.35189247e+00
 2.37338805e+00 6.85132325e-01 1.31312370e+00 3.31777811e+00
 4.30521297e+00 2.37110353e+00 1.31049424e-01 6.44045100e-02
 1.76866603e+00 8.96380329e+00 6.67997837e-01 5.71064901e+00
 1.31048315e+03 2.08420253e+00 1.03728747e+00 1.21348417e+00
 7.13781357e-01 1.88966894e+00 5.62681913e-01 7.62009192e+00
 3.17077249e-01 1.75633359e+00 7.51463711e-01 9.84379482e+00
 9.23070812e+00 2.23690128e+00 2.20300126e+00 9.31872964e-01
 1.83048725e+00 6.71795883e+01 3.02844763e+00 2.68075609e+00
 3.98344688e+01 2.26807251e+01 3.63193639e-02 7.10223168e-02
 7.40468264e-01 8.35899448e+00 3.66009362e-02 5.38765907e+00
 4.62867647e-01 2.88600802e+00 4.90031451e-01 1.04272974e+00],12.313924,[9.07499194e-01 1.91813779e+00 2.82428861e+00 1.77151346e+00
 2.23816347e+00 9.97770309e-01 3.95213413e+00 2.81897497e+00
 8.57907534e-01 4.94333506e+00 6.50153017e+00 4.67086077e+00
 1.77432314e-01 1.57709587e+00 1.79818459e+01 6.96943164e-01
 3.77597094e+00 2.02606821e+00 2.22200918e+00 1.08529508e+00
 2.24233198e+00 7.41899848e-01 2.41502985e-01 4.27033961e-01
 1.31844511e+01 7.00409293e-01 3.34208512e+00 4.85218018e-02
 7.49191818e+01 1.88939798e+00 9.09422517e-01 2.80236197e+00
 3.93142223e-01 3.08454186e-01 8.53193378e+00 1.81944513e+00
 8.19486809e+00 2.52909601e-01 1.50599766e+01 8.12478542e-01
 2.52299404e+00 1.72354013e-01 1.11443114e+00 1.53373184e+01
 3.72663438e-01 8.62606943e-01 1.26064091e+01 2.68434596e+00
 4.69745416e-03 1.18679988e+00 2.62583971e+00 1.94861317e+00
 3.05634379e+00 7.31791878e+00 9.40289974e-01 4.15329933e-02
 1.12301505e+00 4.57174606e+01 6.15078449e-01 1.79569602e+00
 4.13411409e-02 7.59927273e-01 3.46386917e-02 2.55835223e+00
 6.85552549e+00 9.47378814e-01 8.14032793e-01 7.10898876e-01
 4.96412659e+00 3.63905602e+01 8.64923835e-01 4.98483086e+00
 2.38823175e-01 1.37592864e+00 2.07257843e+00 9.00280285e+00
 1.16359293e+00 5.37449300e-01 5.99520683e-01 1.00169933e+00
 1.16750121e+00 9.20555949e-01 3.39862943e-01 1.58786469e+01
 5.23670390e-02 1.16625919e+01 4.53838319e-01 1.47026873e+01
 3.86173439e+00 2.30407929e+00 1.14199698e+00 7.72258091e+00
 5.57189512e+00 2.15123224e+00 1.05719700e+01 1.72400475e+01
 4.86245472e-03 1.09243383e+01 8.10915053e-01 1.43030018e-01
 4.55750418e+00 1.38804495e+00 1.31987333e+00 3.73327017e+00
 4.20566845e+00 9.15635288e-01 8.70671844e+00 2.93126926e-02
 2.75100708e+00 2.94661832e+00 5.65477870e-02 4.73220396e+00
 9.98217940e-01 3.25820136e+00 3.95669651e+00 8.44310403e-01
 8.63451600e-01 7.90438801e-02 7.81155825e-01 6.66423321e+00
 8.75578523e-02 8.78893077e-01 1.71147728e+01 3.04029560e+00
 2.46973574e-01 6.64199638e+00 3.54436970e+00 2.21091771e+00
 2.47328544e+00 4.74905729e+00 3.10663080e+00 6.76529236e+01
 7.30755150e-01 2.16148338e+01 3.84337521e+00 1.63056421e+00
 2.29703411e-01 3.26167631e+00 2.00853035e-01 1.24451458e+00
 2.15333557e+00 4.95305538e+00 3.04626441e+00 7.50352263e-01
 3.33865643e+00 3.65015447e-01 3.70664656e-01 2.65508801e-01
 4.73207951e-01 1.50176048e+00 1.31406474e+00 5.51631832e+00
 3.21228886e+00 5.56808293e-01 3.38539696e+00 3.03655624e+00
 7.15323258e-03 4.03173745e-01 1.15479842e-01 1.20763168e+01
 2.05760553e-01 2.04947782e+00 4.24874020e+00 1.33290033e+01
 1.35195131e+01 8.70981365e-02 1.96305013e+00 2.93500245e-01
 3.09892540e+01 1.07560806e+01 4.53405619e+00 7.46929467e-01
 8.29796753e+01 1.21450879e-01 9.84252632e-01 4.06118774e+00
 2.90115523e+00 8.69185030e-01 1.17481070e+01 1.01743345e+01
 2.64451098e+00 6.43148661e-01 2.43107581e+00 4.23737854e-01
 1.94527054e+00 1.23314953e+01 1.14225030e+00 1.30428219e+00
 2.21498013e+00 1.94043732e+00 1.07127266e+01 1.12337127e-01
 9.52832580e-01 1.80207596e+01 1.35012105e-01 1.72427502e+01
 2.68568444e+00 1.00404310e+00 6.60278082e-01 2.93055117e-01
 6.79360807e-01 2.28642368e+00 2.87240958e+00 9.26849961e-01
 9.56012011e-01 8.24932575e-01 3.87666917e+00 5.35117015e-02
 1.76921204e-01 1.22844845e-01 3.27341843e+01 4.62814540e-01
 2.16071963e+00 4.45048332e+00 1.19388056e+00 5.68771696e+00
 7.77528822e-01 5.53797245e+00 1.13813901e+00 2.21748054e-02
 4.43976492e-01 1.22809565e+00 5.98856330e-01 5.34646225e+00
 2.00490997e+02 7.35980511e+00 1.64712811e+00 9.39636350e-01
 7.64594257e-01 1.74581721e-01 2.37116575e+00 9.33234215e+00
 1.67795733e-01 1.49687159e+00 3.01838446e+00 1.82056022e+00
 3.01547241e+00 1.10129261e+01 2.03594947e+00 4.47020769e+00
 8.31418896e+00 5.86594296e+00 3.35672379e+00 5.03116302e+01
 6.22350359e+00 4.57604837e+00 1.07904947e+00 1.72216147e-01
 1.14981905e-01 8.01987076e+00 8.00770987e-03 1.41778183e+01
 3.61086488e-01 2.60044503e+00 8.12778771e-01 2.27800140e+01],-128.26358,-276.73553,-400.0,1.51309,5.860377,0.862574,0.6133865,101.32887,-68.55652,1292.732,312.92188,0.8140464,0.63898724,0.089159496,-305.71796,305.71796,[3.45815704e+02 1.43910693e+04 2.12918701e+02 1.79924377e+02
 3.42019119e+01 4.02293854e+02 5.14432983e+02 1.22671671e+01
 1.11192726e+02 4.15864410e+01 9.49984009e+02 1.23057997e+00
 5.22188263e+01 5.84506607e+01 1.77465725e+01 2.81767607e+00
 3.47024536e+00 5.85289955e+00 3.84948975e+02 1.13741398e+00
 1.23084145e+02 2.23183594e+01 1.19474106e+01 1.05843048e+02
 3.88225708e+02 4.22260193e+02 1.93753033e+01 2.08300972e+01
 1.53997058e+03 4.52352715e+00 3.47216940e+00 1.11538864e+02
 2.42909134e+02 1.40014105e+01 1.03555511e+02 1.23894275e+03
 1.93394623e+02 1.94377728e+01 1.76814187e+00 1.91553345e+03
 7.46500778e+01 1.44172455e+02 3.42054820e+00 5.12796143e+02
 1.84645672e+01 7.86001444e-01 5.01639893e+02 9.76442575e-01
 1.74297595e+00 1.11871557e+01 7.94875671e+02 1.56264087e+03
 3.17612000e+02 5.65497314e+02 1.85213137e+00 2.12732964e+01
 1.15953052e+03 4.36913986e+01 5.95332825e+02 1.94216370e+02
 3.32169580e+03 3.34995178e+02 4.87303516e+03 8.95587254e+00
 9.55234692e-02 3.51407532e+02 5.64392548e+01 7.45170517e+01
 1.14419632e+01 3.18116241e+02 2.43450241e+02 4.42243713e+02
 1.12751518e+02 1.61890839e+02 1.88006058e+01 1.19603223e+03
 1.93318450e+00 9.81726990e+02 3.44727859e+01 5.53903931e+02
 2.81214050e+02 1.17980404e+01 5.66380463e+01 1.23181015e+02
 1.33852453e+01 1.05834131e+03 3.41495743e+01 8.16694458e+02
 8.58303356e+00 7.94322824e+00 2.24847260e+01 3.20761200e+02
 3.10837372e+02 3.62696228e+01 1.74849148e+01 2.21478996e+01
 3.69868469e+02 2.18416858e+00 9.99764502e-02 1.36074109e+03
 6.26214447e+01 5.80759583e+01 4.42514648e+01 4.33176117e+02
 1.28847803e+03 1.60310287e+01 3.80896698e+02 1.11823502e+02
 8.95519104e+02 2.38288832e+00 1.13759293e+02 8.58751488e+00
 4.00197327e-01 2.80648163e+02 4.52553864e+01 5.41988770e+02
 2.80914803e+01 9.06413651e+00 3.64499536e+03 1.42958545e+03
 8.42790680e+01 1.26919413e+00 2.01682701e+01 1.77161301e+02
 5.17073441e+01 1.12020996e+03 1.47851181e+02 7.15647339e+02
 1.62647537e+02 1.46376175e+02 2.89996021e+03 1.35775118e+01
 1.06100826e+01 1.04200354e+01 5.36268349e+01 4.34747314e+01
 2.43744171e+02 1.75292969e+03 8.03221069e+02 1.22154639e+03
 7.26613462e-01 2.14533424e+01 4.54206924e+01 1.74620056e+01
 1.48530176e+03 3.69616318e+01 2.50586731e+02 2.48816681e+00
 2.77774792e+01 3.15626717e+01 2.19121689e+02 2.29876480e+02
 6.79184675e+00 1.52478607e+02 4.37429749e+02 1.66425751e+02
 6.89175568e+01 8.40992920e+02 9.74625969e+00 1.49952710e+03
 9.50121033e+02 3.00370674e+01 4.85830545e+00 1.83915833e+02
 3.76570526e+02 4.50276221e+03 6.93185902e+00 2.45409058e+03
 1.55957675e+00 5.42187166e+00 2.68875408e+01 5.88345349e-01
 9.78765202e+00 6.52546005e+01 8.84432526e+01 2.53114594e+02
 2.29680511e+02 2.34783154e+03 1.04028052e+03 2.27560059e+02
 1.96645427e+00 2.19784961e+03 8.95092249e-01 5.03132095e+01
 3.45909190e+00 8.90869995e+02 7.44919434e+02 3.41586841e+03
 8.66965179e+01 3.75780249e+00 9.51935005e+00 3.60426216e+01
 2.71106281e+01 4.17915297e+00 6.65948181e+01 4.91683563e+02
 6.22045410e+02 8.73016715e-01 1.36536086e+00 5.67271919e+01
 1.06544441e+02 4.89878235e+01 1.78944340e+01 4.63105351e-01
 9.95794525e+01 2.22670898e+02 2.07185459e+01 1.27916101e+03
 2.86511936e+01 7.99439819e+02 3.59947472e+01 5.21771912e+02
 7.36987000e+01 1.15180264e+01 6.35767174e+01 3.54578369e+02
 2.33755273e+03 8.85568810e+00 7.92415649e+02 3.34624268e+02
 5.70063782e+01 5.55435514e+00 3.87669182e+01 5.15478271e+02
 1.10618823e+03 7.98487473e+01 2.87550807e-01 2.71771729e+02
 8.56431396e+02 4.23938354e+02 4.98370590e+01 6.70467957e+02
 6.57900342e+03 4.18479584e+02 8.37703323e+01 3.40563110e+02
 9.09676590e+01 1.26736364e+01 8.67145233e+01 3.84975886e+00
 9.17611122e+00 5.72502686e+02 5.71471596e+00 1.14291849e+01
 9.33042068e+01 3.26152802e-01 8.69836609e+02 5.54816484e-01
 5.21513760e-01 3.06278748e+02 1.07914694e-02 7.70020996e+02
 4.95796471e+01 4.04466782e+01 2.13022780e+00 2.17976958e-01],639.6351,[1.52162842e+02 1.67357051e+04 6.19727058e+01 1.70482895e+02
 4.02903214e+01 3.54485504e+02 5.08417664e+02 1.95128021e+01
 1.11607147e+02 2.50707054e+01 1.31884900e+03 1.43017149e+00
 9.54760790e-01 7.63113937e+01 6.18562794e+00 2.66788721e+00
 1.27495718e+00 9.97177243e-01 2.85184570e+02 3.75373387e+00
 1.06106392e+02 2.19948444e+01 3.87187347e+01 1.04330269e+02
 4.22083923e+02 4.23352722e+02 1.82095947e+01 1.43304348e+01
 1.69065942e+03 4.54397106e+00 1.96011472e+00 1.14720642e+02
 1.28577652e+02 9.12249565e+00 1.49897919e+02 7.75252869e+02
 2.45247528e+02 1.38196697e+01 1.78730309e+00 2.07548999e+03
 4.00618362e+00 1.21722733e+02 3.73334455e+00 5.33135498e+02
 1.82269096e+01 3.29053819e-01 6.22289795e+02 3.30957323e-02
 1.30679836e+01 1.05829353e+01 6.69598572e+02 1.46348218e+03
 2.25998138e+02 3.77340179e+02 1.63523901e+00 2.17711830e+01
 1.16465051e+03 4.87149162e+01 8.24099121e+01 8.07867126e+01
 4.00730811e+03 1.67542557e+02 5.11821777e+03 8.80960464e+00
 1.49829224e-01 3.51902649e+02 5.63154945e+01 7.04709244e+01
 1.13408661e+01 2.11781174e+02 2.43387695e+02 4.22967651e+02
 2.27997177e+02 1.93242645e+02 2.36450920e+01 5.64740540e+02
 5.00007772e+00 4.99988678e+02 4.03464584e+01 4.05925568e+02
 2.82586243e+02 1.13294191e+01 9.41677780e+01 1.71097839e+02
 1.39623108e+01 8.85441284e+02 3.36219559e+01 5.02153931e+02
 5.44408035e+00 1.65250149e+01 1.65364151e+01 3.17831085e+02
 2.95879303e+02 2.15283718e+01 1.06650944e+01 2.13950806e+01
 4.21765411e+02 1.82692802e+00 3.31709608e-02 1.33199060e+03
 6.34564972e+01 7.77622910e+01 6.41057968e+01 1.03518542e+03
 1.30950854e+03 8.16102982e+00 1.45153168e+02 2.83860283e+01
 8.67015442e+02 2.55468559e+00 9.94990921e+01 1.89519775e+00
 3.30534816e-01 6.48158264e+01 5.57282181e+01 5.23450378e+02
 3.85825272e+01 1.29672384e+01 3.38359863e+03 1.43048938e+03
 7.84187241e+01 1.56457698e+00 1.34446602e+01 1.46063568e+02
 6.48363419e+01 1.58315454e+03 1.59846039e+02 6.99642944e+02
 1.50999481e+02 1.95154175e+02 2.75888574e+03 1.34012098e+01
 1.94466496e+01 6.48005486e+00 3.18985767e+01 4.33707657e+01
 2.59879669e+02 1.68721057e+03 7.83788330e+02 1.65143091e+03
 6.94082856e-01 1.95752754e+01 3.71349640e+01 9.12703896e+00
 1.55096863e+03 3.29840660e+01 2.45215210e+02 2.09784012e+01
 2.02493210e+01 2.80758514e+01 1.83952042e+02 1.16650375e+02
 6.19121552e+00 2.99924774e+01 4.11174133e+02 1.69230865e+02
 6.88224983e+00 1.04410742e+03 9.39904213e+00 1.56525647e+03
 9.60311340e+02 3.27855072e+01 9.88873291e+00 3.92337769e+02
 1.56975113e+02 3.72621582e+03 2.13684006e+01 2.63086963e+03
 3.97253603e-01 5.32157850e+00 3.66412773e+01 8.68391693e-01
 9.64616966e+00 1.86605103e+02 6.83048553e+01 2.35935089e+02
 1.01083145e+02 1.27281909e+03 9.07933960e+02 2.25855194e+02
 1.87708831e+00 4.57823389e+03 2.33252525e+00 1.88207664e+01
 3.14891768e+00 9.46758179e+02 5.54214050e+02 2.88464673e+03
 4.27954407e+01 3.78227711e+00 6.61115646e+00 6.78793182e+01
 2.06180172e+01 4.15894890e+00 6.47739105e+01 5.97866699e+02
 6.31181152e+02 1.42438352e+00 1.38563657e+00 5.59512558e+01
 1.80962830e+02 4.75839577e+01 1.17537527e+01 5.17247617e-01
 2.60319538e+01 9.53877640e+00 1.07214260e+01 1.15712048e+03
 2.86996422e+01 8.48326477e+02 1.53576183e+01 2.62789001e+02
 7.10511627e+01 8.38832760e+00 7.62270117e+00 2.94692841e+02
 5.03952301e+02 8.35562325e+00 7.06610779e+02 3.45849365e+02
 4.73806000e+00 5.42901468e+00 8.31034470e+00 6.51589661e+02
 1.10367810e+03 7.64383926e+01 1.27500856e+00 4.97867859e+02
 8.23268921e+02 3.68399353e+02 4.95212784e+01 4.95265839e+02
 7.73145215e+03 3.70833252e+02 8.88148651e+01 5.07628693e+02
 1.28890594e+02 4.07627106e+00 3.04408760e+01 3.18008137e+00
 7.18465424e+00 4.20633087e+02 5.69546413e+00 1.79185028e+01
 8.40261154e+01 4.22995687e-01 8.66662720e+02 4.36468929e-01
 2.72221237e-01 1.92741302e+02 1.52547080e-02 7.48659546e+02
 3.29196587e+01 1.00458206e+02 2.20136714e+00 3.57573554e-02],-170.44292,-324.47928,-398.75693,1.824054,8.102487,1.0007015,0.64148605,0.013152368078231811,8149.041104316711,-0.14159323663784779,0.0010652093592025539,-0.14298351722262484,-0.03893055533159794,-0.9136465111127985,25.099999999996967,0.0,600000.0,-2.0,-1000.0,500.0,6.596081733703613,600000
204.86969,0.065779425,0.6695847,0.0064646895,-198.10806,198.10806,[3.1359797e+00 1.1810137e+00 6.1097038e-01 1.0665915e+01 5.3608350e-02
 1.1509296e+00 3.1625493e+00 6.4752966e-01 4.6561217e+00 3.8067040e+00
 5.5927782e+00 7.2842479e-01 1.4906803e-01 2.6893268e+00 1.1492057e+01
 1.7222118e+01 8.3136857e-01 3.0224729e+00 6.1665893e+00 7.8685015e-01
 5.2760239e+00 8.3914518e-01 3.0637794e+00 6.7744076e-01 1.8945411e-01
 2.2809541e+00 5.9236592e-01 3.5848746e-01 1.0175621e+01 1.4007528e+00
 1.7923143e+00 8.9318905e+00 8.5414803e-01 3.3217466e-01 3.5621944e-01
 1.4222987e+00 7.6065183e+00 4.7656012e-01 6.3834363e-01 9.1187418e-02
 3.1448379e+00 1.4445701e+01 7.1883698e+00 2.5539515e+00 5.3027472e+00
 4.0275505e-01 1.1573882e+01 1.8485062e+00 5.8592492e-01 1.1378695e+01
 2.5054753e+00 1.5440609e+00 2.0702457e+00 8.9050196e-02 1.3667727e+01
 3.2591122e-01 1.7038338e+01 2.9941282e-01 4.5595541e+00 1.8024429e+00
 8.5781069e+00 1.2672046e+01 6.8097603e-01 1.3570427e+00 2.5885734e-01
 7.2950155e-01 7.4078784e+00 1.2437693e+00 2.4864708e-01 7.6606140e+01
 2.1434602e-01 2.0263300e+00 4.4108329e+00 9.1207761e-01 9.1269565e-01
 4.1175127e+00 9.1332996e-01 4.6843176e+00 8.3342630e-01 1.2763504e+01
 1.3471874e+00 6.9539485e+00 7.2934771e+00 3.9514024e+00 1.5741646e+00
 2.3472801e+01 5.7307539e+00 3.1241697e-01 3.2172990e+00 8.0025082e+00
 2.2054920e+00 1.1730277e-01 1.3618039e+00 2.5744042e+00 5.8754444e-01
 6.2665772e-01 7.1750002e+00 1.3328507e+01 4.4218192e+00 2.8331682e+01
 2.3422256e+01 2.1761899e+00 4.2862554e+00 1.6968302e+01 4.2638011e+00
 5.0328694e-02 6.5648660e-02 3.2789316e+00 1.6486334e+01 3.8835707e+00
 8.3751804e-01 1.0169088e+00 3.7017313e-01 1.2817244e+01 1.0875518e+00
 3.5594642e+00 7.2673702e+00 2.2591631e+00 3.5732446e+00 1.2439079e+00
 6.0739975e+00 1.1088009e+01 1.6402048e+01 1.0531975e+00 5.9835541e-01
 5.4994249e-01 2.5645530e+00 7.1752295e+00 3.9509168e-01 3.2812064e+00
 7.1285808e-01 1.6862480e+01 5.4848471e+00 4.9593487e+00 9.5689587e-02
 4.0079079e+00 6.9356728e-01 2.1903622e-01 2.6250992e+00 2.8715584e+00
 1.0015558e+01 1.0263707e+01 2.2854413e-01 5.2717412e-01 5.3297669e-01
 8.4721518e-01 4.6006618e+00 1.3394211e+01 1.2687248e+00 2.3126943e+00
 3.9887287e-02 4.1952448e+00 5.9599257e-01 7.9238570e-01 7.1950205e-02
 1.4072722e+00 4.4437842e+00 6.7119735e-01 2.6538566e-01 7.6577294e-01
 1.6797538e+00 2.2892518e+00 2.6767132e+01 2.8709686e-01 2.8829832e+00
 2.1952490e+01 7.4885972e-04 4.2714448e+00 4.9538407e+00 2.1830654e-01
 1.0180235e+00 7.7953410e-01 3.6366513e+00 2.2326558e+00 4.5382643e+00
 5.3858099e+00 2.5973959e+00 3.4622474e+00 2.2378895e+00 4.3631786e-01
 7.9259005e+00 1.0456481e+00 5.0986612e-01 9.1152906e-01 9.1335535e-02
 5.2802320e+00 9.0968037e-01 1.1413088e+01 1.0668079e+00 3.7088578e+00
 1.8478398e+00 6.5783918e-01 4.8613334e+00 1.7249875e+00 2.7126503e-01
 2.6572218e+00 2.1352150e+00 6.0117919e-02 3.5745513e+00 4.9436073e+00
 3.6878347e+00 3.1216891e+00 2.6850665e+00 2.6747131e-01 1.7160334e+01
 3.6791199e-01 2.1833323e-01 5.6324208e-01 2.4676988e-01 2.7092638e+00
 1.8184909e+00 4.8580432e-01 9.7282094e-01 4.7536683e+00 2.7684455e+00
 1.9789399e+00 5.1955323e+00 2.8541651e+00 1.3799805e+01 1.5230360e+00
 2.8968601e+01 2.6562295e+00 1.2806791e+00 7.9104471e-01 7.2627872e-01
 1.5656065e+01 5.0941604e-01 7.4974885e+00 6.2397928e+00 9.6432738e-02
 5.4918844e-01 1.5340847e-01 2.6091347e+00 4.4291887e-02 8.2753628e-02
 2.1097925e+00 1.0393080e-01 9.2865324e-01 3.7878051e-02 4.1108861e+00
 1.9853930e+00 2.5277278e-01 1.0183580e-01 8.0038654e-03 4.3153872e+00
 1.3789841e+01 2.8580737e+00 1.4716277e+00 3.7039318e+01 1.5743411e+00
 5.1156497e+00 2.7820688e-01 4.3269248e+00 4.1087475e-01 1.1702973e-01
 8.3796053e+00],5.002158,[7.82783389e-01 1.20949939e-01 3.21697801e-01 5.78250504e+00
 6.29590368e+00 1.07052445e+00 5.19121456e+00 4.96539891e-01
 2.63917208e+00 5.28322399e-01 5.70737839e+00 1.32194805e+00
 1.08286600e+01 9.23139763e+00 3.71848869e+00 6.48790216e+00
 4.37404782e-01 4.16750622e+00 6.08289480e-01 8.14233363e-01
 3.06444168e+00 1.61511874e+00 2.13529038e+00 1.04283817e-01
 1.94071159e-01 2.79221845e+00 3.63278389e-01 1.03968453e+00
 2.80298734e+00 1.32583931e-01 2.45555997e-01 3.86995411e+00
 5.82222080e+00 2.28936505e+00 3.77000898e-01 4.69137788e-01
 3.55926037e+00 1.66382819e-01 1.07514811e+00 6.63808823e+00
 1.80489194e+00 6.39309263e+00 2.85010004e+00 1.46368849e+00
 4.56646347e+00 1.63634136e-01 1.24077535e+00 5.58484888e+00
 2.37969780e+00 1.03329983e+01 2.31426477e+00 9.39665511e-02
 4.33201933e+00 3.18936557e-01 9.63928604e+00 1.75851807e-01
 9.51863766e+00 3.20911407e+00 8.09641171e+00 8.38689232e+00
 1.95997465e+00 1.10497198e+01 9.11966786e-02 7.66862690e-01
 3.03467423e-01 4.04423332e+00 1.97755361e+00 4.41952038e+00
 1.44989401e-01 3.98057985e+00 4.10973072e+00 1.94819565e+01
 4.50251997e-01 3.46127963e+00 1.20570946e+00 5.44752926e-02
 1.71970582e+00 1.01741523e-01 1.63371772e-01 3.24492002e+00
 1.78564227e+00 4.49558079e-01 8.43926311e-01 3.93047285e+00
 2.01071978e+00 5.80404520e-01 4.08140373e+00 9.11645126e+00
 7.23989058e+00 1.57498688e-01 1.62431526e+00 7.34119654e-01
 3.15924525e-01 1.40739965e+00 4.00995404e-01 3.34332973e-01
 3.76872444e+00 7.81166458e+00 9.59586430e+00 3.22317734e+01
 3.82022738e+00 6.06745434e+00 4.98845339e+00 3.08831215e+00
 1.96910337e-01 3.69169652e-01 1.22993160e-03 3.58357096e+00
 2.33305969e+01 6.96209848e-01 5.16437626e+00 2.28199959e+00
 5.62842906e-01 2.60878372e+00 1.04747117e+00 6.58370852e-01
 4.76238060e+00 6.13860798e+00 3.78252697e+00 1.81220281e+00
 7.33590245e-01 5.04172945e+00 1.52149475e+00 6.23251140e-01
 1.15257688e-01 6.75774395e-01 8.80095720e-01 1.43539977e+00
 2.91024476e-01 2.13152409e+00 2.23353490e-01 9.00046825e+00
 8.42661095e+00 7.47616911e+00 2.69893594e-02 3.16827559e+00
 6.40908599e-01 5.48421629e-02 3.09529662e+00 8.64801109e-01
 5.65312338e+00 3.15178370e+00 2.19424105e+00 2.03780293e-01
 5.48720455e+00 2.69484282e-01 2.95248532e+00 2.88354373e+00
 2.39744329e+00 5.04271150e-01 1.29317492e-01 6.06916523e+00
 8.34843063e+00 5.63148931e-02 4.75282632e-02 1.33304805e-01
 6.14405144e-05 5.77875674e-01 9.51032400e-01 2.06875116e-01
 6.90843523e-01 2.84502363e+00 8.29429016e+01 2.71973491e-01
 3.87302136e+00 3.65873413e+01 4.10305649e-01 3.74664164e+00
 8.62595320e-01 4.33631599e-01 3.77287269e-01 3.15413952e+00
 9.67371404e-01 4.44215488e+00 7.53424740e+00 7.51229823e-01
 9.52649355e-01 4.60850418e-01 5.64823961e+00 3.36730599e+00
 1.00461923e-01 1.15722322e+00 9.75707531e-01 5.37194721e-02
 1.47305369e-01 7.91444704e-02 2.08301648e-01 3.24153066e+00
 9.84453559e-01 1.61100149e-01 1.57668352e-01 2.44818377e+00
 2.01938844e+00 4.74088699e-01 1.91341162e-01 2.84219027e-01
 8.00262928e-01 4.77210954e-02 7.45095313e-01 7.82767487e+00
 2.57919240e+00 9.43123913e+00 1.67818952e+00 4.84452724e-01
 9.03077602e-01 7.44005919e-01 2.71358758e-01 1.61015797e+00
 7.32575059e-02 3.92053652e+00 5.93388200e-01 1.98860943e-01
 2.50389290e+00 3.91559482e-01 7.40621996e+00 1.37613142e+00
 5.91088915e+00 3.00824523e+00 4.03583717e+00 2.50774479e+00
 1.60336723e+01 1.02301013e+00 1.43260217e+00 1.30603135e+00
 7.55945206e-01 3.51298928e+00 2.72797376e-01 1.90582350e-02
 1.82889313e-01 1.71591473e+00 3.16698456e+00 2.36136079e-01
 1.15360558e-01 8.64738971e-03 9.43633243e-02 1.11367464e-01
 1.14035940e+00 6.30874217e-01 1.26584992e-01 7.78305650e-01
 7.57435620e-01 3.67717445e-01 2.39780143e-01 3.68109196e-01
 7.06862640e+00 9.98276472e-01 1.36130667e+00 6.97588086e-01
 3.58597374e+01 1.50825948e-01 8.44402122e+00 3.49789888e-01
 6.24775982e+00 2.56844211e+00 1.05983347e-01 1.13922805e-01],-134.56879,-264.57846,-400.0,1.4829001,4.518219,1.000578,0.6123351,158.60362,-124.97746,1012.33966,314.92526,0.9840571,0.65360624,0.09833669,-307.40515,307.40515,[2.05853174e+03 2.56217651e+02 1.22882935e+03 1.10525990e+00
 2.39921533e+03 2.67235687e+02 5.59405823e+02 5.69179565e+02
 3.80350586e+02 2.03865555e+02 5.52903652e-01 5.66108017e+01
 2.12325439e+02 4.39377991e+02 1.00411982e+04 2.19550157e+00
 5.90967957e+02 1.06982708e+00 2.78683147e+01 1.28909119e+02
 4.65567474e+01 1.00418198e+02 1.39162155e+02 3.76611053e+02
 1.35511658e+03 1.89492111e+01 2.92390564e+02 4.47580261e+01
 6.22728424e+01 1.10477570e+02 2.02790131e+02 6.95375122e+02
 3.56708618e+02 1.51448828e+03 1.75265030e+02 2.73629494e+01
 3.17077820e+02 1.03057434e+03 4.83025055e+02 2.82240662e+02
 2.67960449e+03 9.49138165e-01 7.60112061e+02 1.35305817e+02
 8.52399063e+01 9.39291954e+00 4.96716797e+02 1.46290756e+02
 4.62499733e+01 1.45584900e+03 7.17562103e+01 6.61251373e+01
 5.75500450e+01 7.68840194e-01 2.38683032e+03 4.30355606e+01
 7.24198914e+01 9.78091507e+01 2.07348877e+02 1.92249268e+02
 4.26902657e+01 8.84376984e+01 5.32309692e+02 1.04545994e+01
 1.76679249e+01 3.66358063e+02 5.34019814e+01 3.81868401e+01
 4.73503065e+00 8.00687866e+01 3.69930935e+00 1.75226172e+03
 2.27282861e+03 2.46535835e+01 1.29591553e+02 8.66571069e-01
 3.02979717e+01 2.91280222e+00 1.36252666e+00 1.12357273e+01
 6.98783827e+00 3.26670036e+01 1.51016632e+02 1.10536331e+02
 8.61603851e+01 5.68783264e+01 2.92925949e+01 5.54011108e+02
 3.45625381e+01 1.01091209e+02 6.67446899e+02 1.68915405e+02
 1.75803623e+01 2.06362732e+02 3.87815247e+01 1.05771591e+02
 1.06243210e+02 5.26104164e+01 1.05846115e+02 1.45619261e+00
 3.60362196e+00 9.22378616e+01 2.11549139e+00 3.61977726e-01
 1.49627396e+02 8.48089111e+02 2.73850250e+01 1.05843334e+01
 3.32060059e+02 9.29524612e+00 7.08156872e+00 7.36412735e+01
 1.42743988e+01 1.59680817e+02 4.35308762e+01 1.05806030e+02
 9.44794922e+02 2.20917244e+01 1.66605713e+03 1.24786169e+03
 4.78134399e+02 1.15075592e+02 2.64678070e+02 2.80780010e+01
 7.87119064e+01 2.94637207e+02 1.49826584e+01 1.14732647e+01
 1.54718445e+02 2.05408878e+01 6.18799438e+02 5.86559916e+00
 3.26881897e+02 1.84753265e+02 8.38945862e+02 1.44930496e+02
 3.63245422e+02 4.36259270e+01 6.70675850e+00 4.64191589e+01
 5.52579498e+01 1.09275980e+01 1.89273056e+02 4.03136200e+02
 3.06711206e+03 1.71054883e+03 3.32133484e+02 4.36118984e+00
 1.01067146e+02 8.28286588e-01 1.36035004e+01 1.78792664e+02
 2.74730713e+02 5.46913528e+01 6.82192383e+02 2.94565582e+02
 1.44107752e+01 5.78150368e+00 2.31964970e+00 1.41131058e+01
 1.41716171e+02 8.41796143e+02 4.03050415e+02 1.51075468e+01
 1.65137255e+00 6.72548035e+02 1.05120338e+02 2.48259628e+02
 1.14377159e+02 6.31924295e+00 5.00935120e+02 8.22951965e+01
 9.31499634e+01 1.30567542e+03 1.12646744e+02 1.50992107e+01
 5.44077698e+02 5.08369303e+00 1.65250500e+03 6.83891296e+01
 6.68640015e+02 2.23137188e+00 2.25703613e+02 1.98131287e+03
 1.35436096e+03 1.10752710e+03 1.24623594e+01 7.98398819e+01
 8.55447769e+01 3.25209389e+01 1.56630545e+01 1.31116028e+02
 5.86224174e+00 2.84681152e+02 2.63123535e+02 3.03135796e+01
 4.05510178e+01 5.27678101e+02 8.15450549e-01 9.42316818e+01
 2.73900757e+02 3.44888702e+02 4.67294540e+01 7.69425049e+02
 2.29226898e+02 5.50154076e+01 6.09848099e+01 1.33574249e+02
 1.93903458e+02 4.77503479e-01 2.85550110e+02 1.95485897e+01
 8.58427246e+02 9.93814392e+01 7.52220032e+02 3.87358713e+00
 4.21858887e+02 1.03172534e+03 4.74410591e+01 3.34106079e+03
 1.28276855e+03 3.30691528e+02 2.79713745e+03 1.27418922e+02
 1.40147858e+01 1.33551270e+03 7.30951843e+02 7.43502884e+01
 1.55592451e+01 8.64212799e+01 1.96319916e+02 4.44339752e+01
 2.78937012e+02 6.06969738e+00 1.10561252e+00 1.50251404e+02
 7.24242096e+01 3.86762054e+02 1.97912430e+02 1.76380966e+02
 3.79905945e+02 4.59518528e+00 4.16136856e+01 3.09116760e+02
 7.91889620e+00 4.38048187e+02 7.25472784e+00 2.95436182e+03
 9.16706604e+02 8.84502441e+02 2.17416431e+03 6.71019440e+01
 6.44458771e+01 4.39597168e+01 6.53685120e+02 1.34035861e+00],527.23914,[2.05545532e+03 2.47853455e+02 1.07265149e+03 1.77474356e+00
 2.46860254e+03 2.48235962e+02 5.75267212e+02 5.88742493e+02
 1.92625065e+01 2.75332851e+01 2.40972221e-01 3.52072144e+01
 1.33964828e+02 4.43639282e+02 1.00271680e+04 4.39290136e-01
 5.12667908e+02 4.25180864e+00 1.91049385e+01 1.40008278e+01
 2.19045792e+02 1.06209373e+02 1.41923523e+02 5.15156921e+02
 1.29250098e+03 1.49111354e+00 5.54935341e+01 6.51489105e+01
 6.61690903e+01 1.87018097e+02 1.43621521e+02 7.02500427e+02
 3.64952728e+02 1.39548071e+03 1.62011734e+02 1.08806562e+01
 2.79029572e+02 1.02634961e+03 5.03506012e+02 3.37120422e+02
 1.07235901e+03 1.23792343e-01 6.51391113e+02 3.22824025e+00
 7.76826859e+00 1.26640797e+00 5.37370850e+02 9.54097061e+01
 1.75011787e+01 1.47445276e+03 3.54994164e+01 2.82733421e+01
 2.84116344e+01 8.37190568e-01 2.40733496e+03 3.51850357e+01
 1.63042431e+01 6.01711121e+01 9.20026321e+01 2.49437622e+02
 1.65071812e+01 8.75373077e+01 3.81291382e+02 4.06063690e+01
 6.89199982e+01 5.58560547e+02 4.79711990e+01 3.44286118e+01
 1.15372765e+00 6.35105286e+01 4.27858400e+00 1.26649011e+03
 2.30338330e+03 2.25745010e+00 1.67374802e+02 7.86753893e-01
 2.66346340e+01 2.60306358e+00 3.08313346e+00 1.00858326e+01
 3.35351524e+01 1.39648447e+01 9.00868073e+01 1.30103931e+01
 1.85461182e+02 2.72561073e+01 2.90064774e+01 3.30426331e+02
 3.54004974e+01 8.42418289e+01 6.59332764e+02 1.94655258e+02
 1.61678772e+01 1.77366898e+02 5.50041020e-01 1.02772232e+02
 1.10005959e+02 1.70257683e+01 8.17287922e+00 1.28233886e+00
 3.58020210e+00 2.01927368e+02 1.22525132e+00 2.54201233e-01
 1.80378082e+02 9.10957703e+02 2.52229919e+01 1.19088936e+01
 3.82102966e+02 8.70703316e+00 6.01453590e+00 5.72510719e+01
 1.39955015e+01 1.68282181e+02 7.74803734e+00 1.08549324e+02
 9.35912598e+02 2.19543076e+01 1.74328381e+03 1.44687964e+03
 2.01615326e+02 1.13033875e+02 2.57762390e+02 2.95563793e+01
 1.04121651e+02 2.32791290e+02 1.59906454e+01 1.05973597e+01
 1.47076721e+02 1.92785244e+01 6.61348145e+02 3.06201506e+00
 3.02367432e+02 1.53485870e+02 4.85157898e+02 1.38332703e+02
 4.14084351e+02 4.43999863e+01 6.73949242e+00 4.93944092e+01
 4.49169445e+00 1.14781799e+01 1.51170502e+02 4.15619354e+02
 2.82288916e+03 1.77622937e+03 3.18656006e+02 2.46557570e+00
 4.18821373e+01 1.43507290e+01 5.69080782e+00 5.57332563e+00
 1.37185532e+02 8.84574203e+01 7.38997803e+02 3.04442322e+02
 2.97905655e+01 5.69873476e+00 2.14641958e-01 5.93135500e+00
 1.41807281e+02 8.26729736e+02 4.96920013e+02 1.45844479e+01
 5.08314788e-01 8.28953308e+02 9.46299515e+01 2.08482147e+02
 9.71022110e+01 5.56345034e+00 5.80116028e+02 5.60127754e+01
 9.27293243e+01 1.30409326e+03 1.11488319e+02 8.34149170e+00
 4.49967438e+02 3.98903275e+00 1.63468652e+03 3.47289124e+01
 6.70767456e+02 1.81939459e+00 3.23870270e+02 1.39397913e+03
 2.42138863e+01 5.99109924e+02 1.13185940e+01 1.39547243e+01
 7.90913239e+01 3.24892311e+01 1.22357235e+01 9.15992203e+01
 8.11420727e+00 3.50519165e+02 2.69327667e+02 2.42267075e+01
 3.78036385e+01 5.09563171e+02 8.36223006e-01 1.92588684e+02
 2.76795288e+02 3.48410492e+02 4.48491383e+00 7.71773926e+02
 9.29498367e+01 9.04511642e+01 1.64808321e+00 1.22247009e+02
 1.15243988e+02 4.78897512e-01 2.86995941e+02 6.04344139e+01
 8.88869995e+02 9.21232529e+01 4.97994965e+02 3.56128693e+00
 1.22170891e+02 9.13689697e+02 7.16024399e+01 4.20559424e+03
 2.14886499e+03 3.28671906e+02 2.57658691e+03 1.07592453e+02
 1.36259956e+01 1.28146436e+03 7.30013611e+02 1.07800884e+01
 1.74717064e+01 5.52530632e+01 1.95353058e+02 2.13499088e+01
 2.89820984e+02 3.00215650e+00 1.18569708e+00 1.46495667e+02
 8.01517410e+01 3.92134277e+02 8.28591232e+01 5.48582344e+01
 3.03123016e+02 2.30480814e+00 4.09430389e+01 2.96603851e+02
 1.19761479e+00 4.12174133e+02 6.95798683e+00 3.69339111e+03
 7.56434570e+02 8.81002625e+02 2.26014233e+03 2.17105148e+02
 7.93816757e+01 4.16595726e+01 5.85218750e+02 2.36798286e+00],-192.78116,-323.0276,-396.46136,1.859334,7.6312103,0.99937487,0.64748013,0.013675302562713623,8490.923688411713,-0.13048282518238435,-0.006000545571901133,-0.13044530000458568,0.0005967489755037896,22.633204988641094,25.099999999996967,0.0,625000.0,-2.0,-1000.0,500.0,6.540441274642944,625000
209.82997,0.09126767,0.62444985,0.008251666,-203.4942,203.4942,[8.13169098e+00 4.83419466e+00 9.50296116e+00 9.98924002e-02
 5.99294519e+00 1.29740059e+00 1.92769015e+00 4.27852859e+01
 2.38406134e+00 1.33839917e+00 1.00539535e-01 1.64549885e+01
 1.93459454e+01 4.33108091e+00 3.39717239e-01 1.50156963e+00
 1.74899483e+00 8.55602741e+00 1.85720229e+00 1.69509530e-01
 3.79020882e+01 6.44828141e-01 6.95702600e+00 2.48475981e+00
 3.06010132e+01 3.29100728e+00 1.93428535e+01 5.67352819e+00
 1.61150146e+00 5.36370397e-01 2.52412885e-01 4.09359741e+00
 6.71833515e+00 3.58775258e-03 2.02421494e+01 9.81878090e+00
 1.17035856e+01 1.24780762e+02 9.48572814e-01 3.03667426e+00
 3.23012567e+00 2.54893818e+01 1.35757136e+00 2.77379513e+00
 2.13540983e+00 3.26706791e+00 7.70688057e+00 3.51218462e-01
 6.53490448e+00 1.09838799e-01 2.48424315e+00 1.62017918e+01
 3.16059160e+00 4.09597456e-01 1.99040270e+00 8.43554020e+00
 2.20052505e+00 7.12838936e+00 4.64145517e+00 1.14981823e+01
 3.01004791e+01 4.51222000e+01 6.43271971e+00 1.36408691e+01
 5.49176598e+00 2.80655622e+00 4.29113293e+00 4.96293962e-01
 8.05756569e-01 6.83126974e+00 6.93570733e-01 1.81409187e+01
 1.00448370e+00 5.81501102e+00 1.88597393e+01 1.17516232e+01
 2.67895555e+00 4.63140190e-01 1.15282738e+00 2.63384953e-02
 2.48726559e+00 1.27458410e+01 8.67419422e-01 6.51041260e+01
 1.00163972e+00 7.43801785e+00 1.01959124e+01 2.08994865e+00
 5.86975479e+00 1.98762608e+01 1.99136677e+01 1.95096552e-01
 4.02011585e+00 5.93168020e-01 6.18912220e+00 6.13093793e-01
 1.07329500e+00 5.57093978e-01 8.61599684e-01 8.81128597e+00
 6.23047352e-01 6.26802301e+00 7.44010329e-01 1.58860296e-01
 5.51869452e-01 6.82907772e+00 5.68383026e+00 1.74477375e+00
 1.93448162e+01 1.31478252e+01 2.06331491e+00 2.52068877e+00
 7.59359121e+00 3.78717959e-01 3.74705136e-01 2.12150612e+01
 3.86835790e+00 9.74690247e+00 1.74962848e-01 7.74440825e-01
 7.93559408e+00 7.55616379e+00 4.50783253e+00 6.05927086e+00
 2.09568024e+00 3.61977043e+01 3.22187853e+00 1.29590762e+00
 2.33554316e+00 1.70742798e+00 6.06007957e+00 1.71376534e+01
 2.63371925e+01 7.37066388e-01 1.52126336e+00 1.75301343e-01
 1.07329261e+00 3.65887642e+00 1.62605057e+01 2.52603035e+01
 6.02152061e+00 2.78537393e-01 8.20644951e+00 4.64482975e+00
 2.29164124e-01 5.35827303e+00 3.58748722e+00 8.21163368e+00
 3.97465754e+00 2.75826693e+00 1.60466957e+01 5.00925779e-01
 4.04603601e-01 1.05134659e+01 2.17106485e+00 3.84338760e+01
 1.32443047e+00 4.89312820e-02 1.10193658e+00 5.92987585e+00
 7.26912200e-01 3.38470497e+01 1.55715978e+00 2.72613978e+00
 3.38733625e+00 7.59255663e-02 1.49212509e-01 2.55983138e+00
 3.01870728e+01 7.05308676e+00 3.55260658e+00 1.47055416e+01
 6.33566952e+00 2.27308216e+01 1.24030612e-01 1.30580807e+00
 6.14452457e+00 1.55803347e+00 3.11909389e+00 7.77876258e-01
 2.49680710e+00 3.02696095e+01 1.90807271e+00 9.50863481e-01
 6.52380276e+00 3.13305163e+00 1.41945645e-01 2.45575294e+01
 5.13074517e-01 5.50020576e-01 5.90616226e+00 8.32351398e+00
 1.46900380e+00 6.17368031e+00 1.38228989e+00 3.36706281e-01
 1.24525499e+00 3.61284423e+00 6.35941601e+00 5.47496498e-01
 7.66769028e+00 1.26427279e+01 1.62553680e+00 1.43333876e+00
 7.51637936e+00 1.81215823e+00 4.06895018e+00 8.80595627e+01
 8.47811699e+00 1.48457632e+01 8.44536424e-01 3.67800450e+00
 2.20115337e+01 2.64842367e+00 3.58691245e-01 1.82039142e-01
 6.73919582e+00 1.31405277e+01 3.91661978e+00 1.09248667e+01
 8.26657009e+00 6.89123726e+00 5.14304256e+00 9.26831365e-01
 3.67546052e-01 9.59041297e-01 1.21717080e-01 3.88848162e+00
 1.31895199e+01 4.01810741e+00 6.98420668e+00 5.28916788e+00
 3.92852217e-01 4.26531219e+00 1.00858712e+00 3.40675056e-01
 2.57684822e+01 9.00875092e+00 8.64969254e+00 6.39644563e-02
 9.38740075e-01 7.00528979e-01 3.02433580e-01 4.46545982e+00
 3.38610196e+00 1.69043601e+00 1.66581845e+00 3.67272782e+00
 2.38863850e+01 1.01273561e+00 7.84476817e-01 6.96031094e+00
 2.27062368e+00 3.34584045e+00 1.46968746e+00 1.83369827e+00],9.073665,[2.4352369e+00 2.2169375e+00 1.3572540e+01 1.0799100e-01 8.0309272e-01
 1.3089824e+00 1.2238612e+00 2.4095280e+01 9.6837645e+00 1.3949850e+01
 3.1190886e+00 7.6755362e+00 5.6261663e+00 3.8360815e+00 6.1344814e-01
 1.1032302e+00 1.6483146e+00 5.9712166e-01 2.4102461e-01 1.2989822e-01
 2.8756020e+01 2.6450298e+00 8.5102689e-01 2.9547369e+00 3.3014164e+01
 1.7312567e+00 3.4130111e+00 7.0952153e-01 1.5223403e+00 3.4263630e+00
 1.0086610e+00 2.4460211e+00 2.8557918e+00 7.4796778e-01 9.1022797e+00
 2.6426866e+00 5.0601740e+00 1.1729736e+02 1.2263654e+00 3.7455380e-01
 1.0030959e+00 1.4095551e+01 1.4689654e+00 6.2537117e+00 1.5783279e+00
 3.5527447e-01 8.1958408e+00 1.3682262e+01 2.9921513e+00 1.5914898e+00
 2.5983713e+00 1.4771622e+00 2.1890635e+00 4.1284606e-01 1.9869894e+01
 4.9523516e+00 3.0965403e-01 6.9335213e+00 4.5879856e-01 2.4492936e+00
 4.1767616e+00 4.9373707e+01 1.2494547e+01 9.8775253e+00 4.3989620e-01
 3.0658586e+00 3.2021534e+00 6.0193706e-01 8.1996709e-01 6.9573414e-01
 1.9434576e+00 6.8402324e+00 8.4455645e-01 1.0143416e+01 4.5868635e+00
 9.6809454e+00 2.0488687e+00 6.1033815e-01 6.1299592e-01 5.1675601e+00
 4.3987184e+00 4.6914973e+00 1.3571343e+00 7.2366982e+01 9.1806346e-01
 7.5680671e+00 1.2346466e+01 1.2619217e+01 1.1046615e+01 9.5194912e+00
 7.4293523e+00 2.6403956e+00 3.3354874e+00 1.0411257e+00 1.1389139e+00
 3.9259009e+00 2.2280812e+00 4.4054800e-01 6.2016292e+00 7.3968425e+00
 3.7489906e-02 5.4124606e-01 3.2442043e+00 1.5222993e-01 4.5945036e-01
 4.9182022e-01 1.3756666e+00 3.0536494e+00 3.0632617e+00 3.3711374e-01
 5.6266350e-01 1.1562865e+01 4.1056852e+00 1.8305279e-01 2.9866898e-01
 1.3388688e+01 1.4068913e+00 1.7066551e+01 3.0820614e-01 7.8097236e-01
 4.3363590e+00 5.9932070e+00 4.5982313e+00 5.1644497e+00 4.3661755e-01
 5.4063344e+00 1.3121121e+00 1.7011369e+00 1.0669710e+01 1.5443103e+00
 2.2045803e+00 1.0865999e+01 2.4272957e+01 2.2318816e+00 4.0719867e+00
 4.1936934e-03 5.3941029e-01 3.0131105e-01 2.4748139e+00 1.2593496e+00
 3.7499344e+01 4.7299891e+00 7.3805799e+00 5.0137706e+00 2.4022038e+00
 1.1156427e+01 1.3364190e-01 1.1842471e+01 2.1312742e+00 1.9668070e+00
 3.7087741e+00 1.7038295e+00 5.3604946e+00 4.5370698e+00 2.1434364e+00
 1.1593521e+01 1.1750392e+00 1.5664859e-01 7.8795463e-02 4.7961121e+00
 7.3375291e-01 3.4286739e+01 1.4503547e+01 6.5810289e+00 8.3787751e-01
 3.5685163e-02 1.4034168e-01 1.5180972e-01 1.3719160e+01 2.0058372e+00
 1.6051965e+00 8.7231380e-01 3.9242846e-01 8.3850307e+00 1.6105661e-01
 1.8649026e+00 6.0529857e+00 9.8944597e+00 1.9104071e+00 2.4715035e+00
 7.2161388e+00 8.1027084e+01 3.0106707e+00 9.5156051e-02 1.0919194e+00
 4.6770701e+00 6.2756032e-01 4.4053268e+01 5.8109783e-02 6.5249863e+00
 6.5796790e+00 7.6633768e+00 1.3721690e-01 1.8496134e+00 1.0606167e+00
 2.3684415e-01 3.3164544e+00 1.1180192e+00 2.9314237e+00 7.8591818e-01
 2.1659062e+00 5.1304393e+00 3.2737780e+00 5.0565953e+00 7.1760836e+00
 1.3679323e+00 1.9859407e+00 1.0555551e+02 1.3289468e+01 2.5458799e+01
 8.2180846e-01 1.0021173e+00 7.9530220e+01 1.0772895e+00 4.2119522e+00
 1.2924775e-01 3.5946057e+00 5.2223024e+00 1.7980156e+00 3.1518474e+00
 2.5918269e+00 2.2642574e+00 9.9277747e-01 5.6415886e-01 2.8746247e-01
 5.7903132e+00 8.2473010e-02 4.0108147e+00 1.0186716e+01 4.6832174e-01
 2.9910833e-01 7.6115620e-01 2.7058268e+00 3.0623224e+00 1.2057480e+00
 4.1514130e+00 4.1311928e+01 1.8564855e+00 6.5126586e+00 1.2411980e-01
 3.3937166e+00 2.3595235e+00 1.7251520e-01 2.9295242e+00 3.9059246e+00
 1.8217406e+00 3.5953054e+00 4.7876949e+00 2.7412960e+01 9.8475045e-01
 1.9532857e+00 4.7055295e-01 2.4010430e-01 1.9294769e+00 2.0281255e+00
 1.6784378e+00],-156.1253,-269.7846,-400.0,1.4816813,8.641781,0.9961306,0.60846746,353.98126,-461.96967,1910.3003,308.26547,0.8256678,0.59809995,0.10046547,-301.4588,301.4588,[1.26208668e+01 3.25224648e+01 1.59972229e+01 1.76216446e+02
 1.82363403e+02 1.18015728e+01 6.72845764e+01 1.23689671e+01
 3.70929794e+01 2.72489624e+02 6.80046768e+01 2.89497375e+02
 3.59040741e+02 2.39292965e+01 2.69939056e+02 5.50944519e+01
 7.31770630e+02 2.92960571e+02 1.63171338e+03 2.23211334e+02
 7.92068100e+00 2.49832439e+01 1.73503232e+00 2.89024121e+03
 4.76113968e+01 7.42827820e+02 2.86779308e+01 1.71828156e+01
 2.61827965e+01 5.18776131e+00 1.35350842e+03 6.77739487e+01
 7.82241745e+01 2.30176538e+03 7.18819824e+02 4.85580933e+02
 6.43856888e+01 2.26766243e+01 3.86117676e+02 2.58139221e+02
 2.57961255e+03 2.71403259e+02 4.74418311e+03 1.97440262e+01
 1.74311508e+02 2.45816238e+02 2.15419043e+03 8.73227997e+01
 6.10319595e+01 5.23599548e+02 1.62753937e+02 5.14406853e+01
 2.17208832e+02 3.45997412e+03 2.67976074e+02 4.31374390e+02
 3.98175049e+02 3.02917728e+01 9.06656189e+02 2.70808811e+01
 1.36967920e+03 3.01786423e+01 1.12137390e+02 1.35766022e+02
 1.50963550e+03 4.69802818e+01 7.60352936e+01 3.75598564e+01
 9.70246270e-03 1.15455177e+02 9.41032562e+01 1.76421692e+02
 4.14662552e+01 1.90186806e+01 2.07735996e+01 4.33813538e+02
 3.71188581e-01 9.42967072e+01 2.46390381e+02 1.38513994e+01
 3.24506195e+02 1.96897842e+02 2.46052109e+02 2.58965942e+02
 4.66968903e+02 1.56265869e+02 5.51776428e+01 3.85394104e+02
 6.61605148e+01 7.87604427e+00 5.95486023e+02 2.12945892e+02
 1.43344727e+03 2.49955383e+02 7.43898621e+01 6.24600716e+01
 4.15611687e+01 1.17957866e+00 5.22452507e+01 2.78723999e+02
 1.76789017e+02 1.01089954e+03 1.02433975e+02 5.72585678e+01
 3.61971680e+02 8.91039371e+00 4.90859489e+01 4.11853973e+02
 3.70843597e+02 7.64248047e+02 4.72361237e+02 3.92479920e+00
 1.28258443e+00 1.08339241e+02 8.18557358e+01 9.80226685e+02
 1.54856787e+03 3.52192378e+00 2.20982104e+03 8.25513794e+02
 2.16685486e+02 5.02686577e+01 8.28100464e+02 1.22754824e+00
 3.94899597e+02 1.84172583e+03 3.06487989e+00 2.41892700e+01
 8.25285583e+02 1.02623792e+03 3.59614807e+02 1.20415367e+02
 1.05950610e+03 4.87355232e+01 6.11046829e+01 1.43348328e+02
 1.31978076e+03 8.74091339e+01 9.08636230e+02 5.13035679e+00
 1.00019348e+02 4.29482346e+01 1.09769268e+01 2.41832062e+02
 9.97286072e+01 2.18441715e+01 2.89680939e+02 8.29547424e+01
 5.14752051e+03 1.11622978e+02 6.62213867e+02 5.90864380e+02
 4.08917198e+01 1.99627638e+00 1.70257807e+00 2.16570465e+02
 2.33557434e+01 3.46988983e+01 5.69307747e+01 1.38861370e+00
 9.93648132e+02 1.00970779e+02 2.61523041e+02 1.95934639e+01
 3.50956055e+02 9.18332901e+01 1.48718338e+02 8.66555481e+01
 7.12308411e+02 1.01145428e+03 1.37762070e+02 1.24912109e+03
 1.44109131e+02 3.51790039e+02 5.76638269e+00 5.97948761e+01
 3.12013916e+02 1.40651993e+02 2.73344696e+02 8.86201019e+01
 7.34119629e+02 4.17271942e+02 1.15311947e+01 8.60601562e+02
 6.77660156e+02 7.37548542e+00 9.74521332e+01 8.60159111e+00
 1.74394363e+02 7.39037561e+00 6.57508301e+02 4.75632439e+01
 2.31693497e+02 2.83685394e+02 1.24559937e+01 9.78755035e+01
 4.64624695e+02 3.88550049e+02 5.93827591e+01 3.70227600e+02
 4.63352936e+02 9.71163845e+00 1.14115509e+02 1.82387886e+01
 8.90865479e+02 1.79391617e+02 3.38608704e+02 5.44088135e+02
 4.69454163e+02 4.94588043e+02 7.39851196e+02 9.95481567e+01
 7.88980103e+02 4.17221527e+01 8.17570801e+02 1.21142784e+02
 2.11638672e+02 7.93728943e+02 2.02819934e+03 9.86132965e+01
 7.10127197e+02 3.12043671e+02 3.19945812e+01 1.05692635e+01
 1.21392090e+03 2.17594067e+03 1.91003220e+02 5.28593826e+01
 9.67225571e+01 1.08885254e+02 1.45690048e+02 4.97282267e+00
 5.12265320e+01 4.33800293e+02 5.41518402e+01 3.51476746e+02
 2.61758008e+03 1.32180212e+03 4.32977478e+02 1.46688938e+00
 6.00236015e+01 1.14554977e+01 1.01092720e+02 1.14522729e+03
 2.33768539e+01 4.38985176e+01 7.06337341e+02 1.59203418e+03
 5.23525818e+02 1.10257080e+02 1.74252914e+02 2.06635345e+02
 1.41683178e+01 1.73026810e+01 4.13060913e+01 2.14767685e+01],549.1223,[5.21872663e+00 5.62962418e+01 2.60680084e+01 2.43305252e+02
 1.34288879e+02 3.23018909e+00 2.95921707e+01 3.56963120e+01
 3.43826408e+01 2.72088562e+02 1.12305136e+01 4.18528931e+02
 8.83790894e+01 1.59927780e+02 8.94099960e+01 4.94187088e+01
 7.28868530e+02 2.70373962e+02 1.63723193e+03 2.22824707e+02
 7.87663126e+00 2.56909895e+00 1.58613896e+00 2.81816089e+03
 1.19702423e+02 5.43604553e+02 1.71393585e+01 1.63496532e+01
 2.75641174e+01 1.00633049e+01 1.37718311e+03 4.04374657e+01
 7.14514236e+01 1.71366467e+03 5.21856689e+02 5.09765594e+02
 3.98196220e+01 7.95537901e+00 3.59953766e+02 3.15396210e+02
 2.43568140e+03 2.69463867e+02 4.25620117e+03 2.08624363e+01
 1.49958771e+02 2.19538086e+02 3.08020654e+03 8.16544037e+01
 9.48637390e+01 6.02386169e+02 1.41132553e+02 3.62762680e+01
 1.78242859e+02 3.58855225e+03 2.45458710e+02 4.47503296e+02
 3.08794708e+02 1.89476051e+01 8.92962036e+02 5.24565315e+01
 1.32554285e+03 3.22234001e+01 2.61969852e+01 1.02626450e+02
 1.42885083e+03 6.71234207e+01 1.88530655e+01 3.68530502e+01
 2.56855917e+00 8.33638916e+01 2.93186498e+00 4.17781982e+02
 7.13152313e+01 8.38876801e+01 2.25714111e+01 4.19905884e+02
 4.06105340e-01 1.00683029e+02 6.78865128e+01 1.16785347e+00
 2.49608002e+02 2.54561813e+02 1.87000580e+02 2.58820404e+02
 4.55688538e+02 1.36880646e+02 5.37097511e+01 3.48241028e+02
 5.43125458e+01 7.19550753e+00 6.10727112e+02 2.57783875e+02
 1.38600647e+03 1.79884384e+02 1.87721451e+02 5.02466545e+01
 1.00208412e+02 8.65045190e-01 2.22057381e+01 2.78023499e+02
 2.26431351e+01 1.07678491e+03 2.82257004e+01 8.11480713e+00
 3.67603821e+02 8.58909988e+00 4.69484596e+01 1.69258316e+02
 3.24122894e+02 6.37548218e+02 4.28193756e+02 2.54166412e+00
 2.50125438e-01 1.01506683e+02 6.95904617e+01 9.60212524e+02
 1.55520557e+03 3.42034960e+00 2.24156934e+03 1.23143372e+03
 1.73874329e+02 1.56081743e+01 5.11506424e+01 4.33344334e-01
 2.86559204e+02 1.74516199e+03 4.31334209e+00 2.21228027e+01
 6.58947632e+02 1.11838086e+03 3.02605347e+02 6.58701706e+01
 1.05497986e+03 4.29878960e+01 6.52547226e+01 6.93684998e+01
 1.49516638e+03 1.43368912e+02 1.08608740e+03 6.05914176e-01
 5.52599869e+01 4.32365875e+01 1.06477118e+01 2.13696457e+02
 1.06782242e+02 2.18934193e+01 2.86732086e+02 1.70333008e+02
 4.83729639e+03 3.58811981e+02 6.80870972e+02 5.00911621e+02
 4.67232285e+01 2.14926171e+00 1.56106734e+00 1.95596451e+02
 2.36131058e+01 3.89076729e+01 6.86737518e+01 9.14392054e-01
 8.14502075e+02 1.09633850e+02 2.15767151e+02 2.09746704e+01
 2.10328121e+01 9.65392609e+01 3.89101257e+01 7.15820999e+01
 6.60512573e+02 5.71824463e+02 1.49017242e+02 1.19650708e+03
 1.90650131e+02 3.59841949e+02 5.51087189e+01 6.13656273e+01
 3.23632141e+02 1.47972534e+02 2.73476105e+02 9.42660446e+01
 7.37150269e+02 3.62962341e+02 1.31377296e+01 8.64773438e+02
 4.94709503e+02 7.58974314e-01 1.05269150e+02 5.71732187e+00
 1.51408386e+02 2.69149685e+00 7.41517212e+02 4.55420685e+01
 9.46064072e+01 2.87646545e+02 2.21401997e+01 9.55985413e+01
 4.11542877e+02 1.46516266e+02 2.72035561e+01 2.91588562e+02
 4.45983887e+02 9.84826851e+00 1.29346008e+02 8.19074631e+00
 7.93362854e+02 5.21898193e+01 1.26363098e+02 6.33132812e+02
 2.94198181e+02 4.51272003e+02 7.42481689e+02 8.73630066e+01
 5.48225220e+02 4.10131607e+01 5.14600525e+02 9.93963699e+01
 1.85715393e+02 8.14198730e+02 2.18629785e+03 1.50642029e+02
 8.83798401e+02 7.07349777e+01 3.26786003e+01 5.42095709e+00
 1.31360498e+03 1.91041846e+03 1.56560455e+02 4.90404434e+01
 9.25442505e+01 1.11100784e+02 4.26778030e+01 8.55144691e+00
 1.20659142e+01 9.98967590e+01 5.22235107e+01 3.23276489e+02
 2.60100366e+03 1.34166589e+03 6.25340759e+02 1.35564613e+00
 1.31368134e+02 1.09263182e+01 4.34631805e+01 1.13028992e+03
 2.26658382e+01 9.30575085e+00 3.09594086e+02 1.80974951e+03
 7.66242798e+02 1.28910263e+02 2.07992950e+02 1.59506363e+02
 5.47886505e+01 2.36965199e+01 4.37250748e+01 2.71531372e+02],-205.94229,-317.977,-397.73544,1.9625361,6.887045,1.0072137,0.65763855,0.013160786190032959,8819.943365097046,-0.14629671805544217,-0.005215053804141917,-0.14689180869345148,-0.008109293105327611,-1.1015187133960362,25.099999999996967,0.0,650000.0,-2.0,-1000.0,500.0,6.5695717334747314,650000
206.8642,0.097882465,0.64707524,0.0065430403,-200.29556,200.29556,[9.28301430e+00 2.22318339e+00 4.57272243e+00 5.89624548e+00
 6.47282362e-01 2.93935180e-01 8.18178082e+00 1.51885757e+01
 1.96798313e+00 2.68232656e+00 1.12190533e+00 4.41850281e+00
 4.98871654e-01 1.07279015e+01 1.49114394e+00 4.27395916e+00
 7.39049435e-01 4.00790542e-01 8.22765946e-01 3.96675825e-01
 3.36578155e+00 6.22102261e+00 4.41873360e+00 4.06582689e+00
 5.78991294e-01 2.24249527e-01 3.24232507e+00 1.49638128e+00
 1.14450855e+01 1.64216065e+00 1.67067684e-02 6.38882637e-01
 1.09412678e-01 7.36140236e-02 2.64086246e-01 9.78236675e+00
 2.16594553e+00 6.85798764e-01 1.12917404e+01 1.37697721e+00
 9.51904804e-02 1.49017835e+00 4.26502943e+00 1.01250425e-01
 4.69201355e+01 5.33304548e+00 1.39691553e+01 2.73688984e+00
 2.89999270e+00 1.11823082e+01 5.28775835e+00 1.30681109e+00
 1.16559887e+01 9.29179764e+00 1.18070030e+00 3.72496009e-01
 6.31714249e+00 5.57253790e+00 5.73121071e+00 1.49484062e+01
 8.52794361e+00 8.67377281e+00 2.46795118e-01 2.20808566e-01
 4.06164527e-01 1.50772750e+00 1.88428867e+00 4.63611031e+00
 8.07849348e-01 2.49707311e-01 6.60878849e+00 1.81758356e+00
 3.78689736e-01 7.45887637e-01 8.06603581e-02 7.56365538e+00
 7.95182288e-01 2.84567952e+00 8.27641040e-03 2.15406752e+00
 2.38971853e+00 8.86644840e+00 4.58210678e+01 3.06945872e+00
 1.20200789e+00 1.38964981e+02 1.58534265e+00 5.92222643e+00
 3.49365115e-01 7.68964624e+00 6.20455074e+00 1.72277737e+00
 5.22360134e+00 1.28548074e+00 3.17614973e-01 1.47810137e+00
 7.87837601e+00 1.71388626e+01 1.20067561e+00 7.99096346e-01
 3.26947260e+00 1.97972226e+00 3.57798487e-01 2.58331704e+00
 1.02408731e+00 4.35592031e+00 2.43816718e-01 4.46181631e+00
 6.93744230e+00 7.09355774e+01 6.14883423e+00 1.14454079e+01
 2.35920042e-01 1.15707245e+01 4.70735025e+00 5.72924376e+00
 3.79821002e-01 1.54089451e+00 1.19926500e+00 1.27028430e+00
 1.00290966e+00 5.23039007e+00 1.42069888e+00 2.12177324e+00
 1.54670894e+00 3.62866223e-01 2.50068426e+00 9.94734859e+00
 2.09810615e+00 2.15512371e+00 2.90296227e-01 4.80181336e-01
 1.13198662e+00 6.81686103e-01 1.46966088e+00 7.20810235e-01
 3.47609558e+01 2.24095076e-01 2.91885066e+00 4.63510323e+00
 7.50172436e-02 3.05274620e+01 2.71687961e+00 8.36542621e-03
 6.80041611e-01 1.03274736e+01 2.71191740e+00 4.07543927e-02
 5.57053852e+00 6.65466452e+00 9.81057808e-03 6.66831112e+00
 3.61873627e-01 1.56722939e+00 8.15961647e+00 3.25282186e-01
 2.75973964e+00 2.08419967e+00 1.02853613e+01 6.14620924e-01
 3.99018288e-01 1.41104007e+00 2.03710413e+00 5.15468264e+00
 2.95253620e+01 8.57927024e-01 3.07293870e-02 1.71009779e-01
 7.34792590e-01 5.45897827e+01 1.00305259e-01 4.49532366e+00
 2.25632095e+00 6.63585615e+00 5.25918841e-01 2.37409687e+00
 9.06176448e-01 8.45486450e+01 1.61373937e+00 2.05603331e-01
 5.13735962e+00 1.94299877e+00 1.10960493e+01 4.02188635e+00
 2.72208023e+00 1.13094771e+00 1.45225942e+00 9.54304636e-01
 1.12682343e+01 2.54591122e+01 1.82308745e+00 3.72006011e+00
 2.23017049e+00 3.26303124e+00 4.41958714e+00 6.46765661e+00
 1.91436875e+00 4.74634075e+00 1.32466778e-01 5.22483063e+01
 1.13682146e+01 3.71089637e-01 7.52453208e-01 6.14213292e-03
 2.00823307e+00 5.17198420e+00 5.72202778e+00 1.40411460e+00
 3.40229073e+01 3.62247288e-01 2.25563854e-01 1.39506407e+01
 1.63838828e+00 6.63854885e+00 2.55357444e-01 4.24466610e+00
 4.62486696e+00 3.81871849e-01 1.19088230e+01 1.08597717e+01
 1.62143936e+01 1.38090813e+00 6.47781897e+00 2.41093421e+00
 1.27170086e+01 8.32072735e-01 1.21123934e+00 7.14208066e-01
 6.21044040e-02 2.34419179e+00 1.69214783e+01 1.60042858e+01
 1.23724282e+00 4.60215777e-01 2.49620962e+00 1.33368313e+00
 1.69406548e+01 8.41225386e-01 2.04960918e+00 2.72148085e+00
 1.25315237e+00 7.26134419e-01 1.14359927e+00 7.32136220e-02
 1.16908903e+01 2.31519699e+00 1.28225255e+00 3.62455249e+00
 2.60230446e+01 3.72117829e+00 1.98147640e+01 1.25444269e+00
 7.21400356e+00 1.28132850e-01 1.63282800e+00 2.75681078e-01],6.365102,[5.98190308e+00 1.13062456e-01 4.25249958e+00 4.48990631e+00
 5.26922417e+00 3.89871418e-01 9.80200863e+00 3.95561600e+00
 8.52069139e-01 7.41656005e-01 3.89563823e+00 1.01752877e+00
 1.60950974e-01 1.96177101e+00 2.99956965e+00 6.95469618e-01
 8.19301414e+00 2.73618013e-01 1.50319111e+00 3.96907377e+00
 4.27961206e+00 6.20421767e-02 4.39958602e-01 1.62735534e+00
 4.08414930e-01 9.49732214e-02 3.55600977e+00 1.31576622e+00
 1.05919037e+01 2.12454581e+00 2.01716125e-02 1.60166037e+00
 8.79821777e-02 5.43571860e-02 4.64084037e-02 1.44526997e+01
 9.37194765e-01 6.93024993e-01 1.76944339e+00 2.84290051e+00
 2.98771977e-01 3.15535367e-01 7.75835419e+00 3.47101316e-02
 1.03991795e+01 3.82127857e+00 1.26610589e+00 2.05524874e+00
 3.14627862e+00 4.99562407e+00 6.01087046e+00 2.19305903e-01
 1.62750721e+00 1.30595422e+00 9.61023569e-02 2.44341195e-01
 8.29736114e-01 9.94549179e+00 3.87316513e+00 2.09940505e+00
 2.57239437e+00 2.90009689e+00 6.11738209e-03 4.23640102e-01
 4.28430066e-02 5.44964314e+00 2.78416228e+00 4.07089666e-02
 2.76572633e+00 3.14680219e-01 5.83292103e+00 6.18749332e+00
 8.67177546e-01 3.32221079e+00 6.59462357e+00 5.00823021e+00
 5.41578579e+00 1.54224348e+00 1.76757172e-01 3.02677321e+00
 1.13018501e+00 2.95153975e+00 5.44042931e+01 6.79796457e-01
 5.86235523e+00 1.02718077e+01 1.54484320e+00 3.92219496e+00
 7.72759151e+00 9.00818634e+00 1.16830871e-01 1.20763035e+01
 3.05775166e-01 1.28290868e+00 1.27927110e-01 4.18820381e+00
 9.01893044e+00 5.36867809e+00 5.03788829e-01 6.94034994e-01
 2.42982462e-01 1.42466072e-02 1.78269908e-01 1.57707191e+00
 4.14031357e-01 1.91237628e+00 5.19113429e-02 1.19119167e-01
 4.20745230e+00 2.22176981e+00 8.61837769e+00 8.13542426e-01
 8.72186497e-02 1.60579503e+00 3.86472797e+00 2.19861412e+00
 4.05431211e-01 8.20592940e-02 2.02188568e+01 4.94107246e+00
 7.71540940e-01 9.39826131e-01 4.76690149e+00 1.65198536e+01
 6.85626078e+00 3.85948598e-01 3.90094161e-01 3.66646981e+00
 1.01060236e+00 1.04248309e+00 2.20179036e-01 3.04636449e-01
 1.24932694e+00 2.72493482e+00 1.07984746e+00 4.00442809e-01
 1.43892729e+00 1.99738264e-01 1.09306777e+00 2.42171216e+00
 2.61753947e-01 3.47109680e+01 2.02627182e+00 8.88893008e-02
 2.28263378e+00 3.08604908e+00 4.42781448e-01 1.72176689e-01
 1.69580877e+00 4.97873974e+00 1.94909465e+00 2.33602881e+00
 6.50426269e-01 6.47606194e-01 5.62660789e+00 2.53862953e+00
 6.76459193e-01 5.04334927e-01 8.10936356e+00 8.13733459e-01
 3.12922072e+00 7.33789444e+00 1.86032724e+00 3.88787699e+00
 1.47134542e+01 7.73986435e+00 6.41124547e-02 6.65561557e-01
 2.64549553e-01 6.41962967e+01 7.01842681e-02 4.20043564e+00
 1.01791278e-01 1.98846512e+01 4.30210978e-01 2.51025891e+00
 4.32332277e-01 4.71882057e+00 4.70456934e+00 1.16384876e+00
 1.01341867e+00 2.76232421e-01 2.21543484e+01 5.69421625e+00
 2.04483891e+00 9.17836130e-01 2.59675264e+00 2.61255264e-01
 1.65310657e+00 7.77834177e+00 4.41774607e+00 5.76718569e-01
 2.16473937e+00 3.93306077e-01 1.00755608e+00 1.91728675e+00
 3.98639393e+00 1.42744732e+01 6.02627844e-02 2.29616702e-01
 8.25822771e-01 4.06845427e+00 4.16534632e-01 2.68383045e-03
 1.82532084e+00 2.25465608e+00 6.18110895e+00 3.34274411e-01
 8.72963524e+00 1.51911259e-01 1.81472197e-01 2.92659068e+00
 3.00392890e+00 1.12586892e+00 9.53580952e+00 1.70344794e+00
 4.16813946e+00 3.74225140e+00 3.55742574e+00 7.75247589e-02
 1.84737489e-01 3.15851986e-01 4.42190218e+00 6.12178624e-01
 7.10591435e-01 4.24285740e-01 8.13931751e+00 2.02179456e+00
 1.26110971e-01 2.50844741e+00 6.17913157e-02 1.19553719e+01
 2.49558598e-01 2.66657639e+00 2.29498315e+00 1.96889877e+00
 4.89255190e+00 2.08475733e+00 1.23455286e-01 1.67907679e+00
 7.40092874e-01 4.95141238e-01 2.60122204e+00 1.80947438e-01
 3.58407235e+00 7.55586326e-02 7.83636212e-01 8.92835808e+00
 8.11254501e+00 2.50328159e+00 8.79096985e+00 1.01060414e+00
 1.29075599e+00 6.09111607e-01 2.26692486e+00 7.22699356e+00],-120.54092,-262.35468,-400.0,1.502002,4.735713,0.98952603,0.614022,162.98343,-331.31808,1366.6399,307.2887,0.7543786,0.65967786,0.09338464,-299.93753,299.93753,[3.05168884e+02 5.97912598e+02 9.63235596e+02 1.35984528e+02
 5.59267044e+01 2.12887085e+02 7.82239389e+00 6.78226746e+02
 8.56214966e+02 8.60535339e+02 1.10171288e+02 9.80931702e+01
 1.13619214e+03 2.25136621e+03 6.71567749e+02 1.29345947e+02
 5.42747314e+02 2.14127417e+03 1.29912903e+02 2.22984894e+02
 1.30738477e+03 2.75620193e+01 7.84283142e+01 7.62534027e+01
 4.87273331e+01 3.91995621e+01 2.12511414e+02 1.60442305e+00
 1.50618774e+02 3.94467688e+00 4.58654556e+01 2.51852751e-01
 1.63541031e+02 1.64627548e+02 5.34470947e+02 6.40708862e+02
 3.20060081e+01 4.90486908e+01 2.14564606e+02 4.11354102e+03
 7.66734070e+02 9.45939636e+00 7.89031906e+01 5.78480873e+01
 1.96329620e+02 1.20185478e+02 5.32926331e+02 1.47641134e+00
 7.69711304e+01 1.17338314e+01 9.30499268e+02 7.44281998e+01
 2.93763702e+02 5.31320915e+01 1.64037113e+01 4.57833344e+02
 1.64392432e+03 2.57845440e+01 5.24301758e+02 7.71925964e+01
 2.63313127e+00 3.42518845e+01 1.48879364e+02 4.29227722e+02
 9.59959183e+01 1.44702789e+02 3.65682487e+01 4.56156372e+02
 4.75262390e+02 1.78496484e+03 6.69138813e+00 1.40745964e+01
 6.22253723e+01 4.59724640e+02 1.59018250e+02 2.61384918e+02
 1.02303278e+03 7.12163010e+01 2.29905975e+02 3.25617294e+01
 5.87020187e+01 4.15197937e+02 1.59819231e+01 1.48224548e+02
 3.55635667e+00 9.47879791e+01 9.26631470e+02 2.76111012e+01
 2.53446503e+02 6.65651169e+01 7.62573242e+00 5.30508156e+01
 2.19683800e+01 8.54274902e+01 2.50399887e+02 3.33951123e+03
 4.49875450e+00 5.40794525e+01 1.38125961e+02 7.07076416e+01
 2.37654810e+03 3.61025635e+02 1.32160583e+02 5.76907959e+01
 2.19811249e+02 8.81073856e+00 2.43208885e+01 9.00135727e+01
 3.95704155e+01 4.70721550e+01 3.40047577e+02 5.76358223e+00
 3.41809702e+00 2.78742790e+00 3.54597130e+01 6.82703918e+02
 2.00271854e+01 1.63302811e+02 9.84109402e+00 2.38775940e+02
 1.28001566e+01 2.11400955e+02 4.60888405e+01 3.25498932e+02
 3.44907764e+03 4.61133179e+02 1.47550034e+02 1.46592017e+03
 5.88053751e+00 5.17940735e+02 2.19795929e+02 3.64866590e+00
 1.47925977e+03 1.19060840e+03 1.15139313e+02 5.58971825e+01
 6.06767044e+01 2.84007111e+02 2.32487583e+00 7.67458153e+00
 1.06867989e+02 1.33437698e+02 1.00334084e+02 3.60147715e+00
 1.33941455e+03 3.13172058e+02 2.40671635e+00 2.70025604e+02
 2.23502750e+01 1.32004776e+02 1.92368188e+03 8.56472046e+02
 1.29875397e+02 6.78728180e+01 1.67493477e+01 1.07979164e+01
 6.01313877e+00 2.03020776e+03 5.52492676e+02 4.78283691e+00
 2.24377579e+02 1.06825256e+02 1.60521863e+03 2.84703197e+01
 3.23097305e+01 3.18454227e+01 9.20096588e+01 5.98932419e+01
 9.54947571e+02 3.99254074e+01 7.77803406e+02 9.26735535e+01
 5.76433718e-01 6.26961060e+02 1.64796249e+02 3.09037361e+01
 1.32205521e+02 4.49005493e+02 8.11667236e+02 1.40471588e+02
 2.24114990e+02 1.19969897e+03 3.62968140e+02 9.30266724e+01
 1.69218750e+02 4.01125549e+02 2.99406099e+00 4.80068695e+02
 1.93181515e+00 1.65395288e+03 3.57579460e+01 4.23076057e+00
 1.77577295e+03 1.04351549e+01 1.60263992e+02 1.21773777e+01
 1.05344620e+01 3.14919629e+03 2.62404747e+01 9.11242199e+00
 6.13586426e+01 1.63739243e+01 8.68073486e+02 2.67200451e+01
 9.08831863e+01 7.58090942e+02 1.08912500e+03 4.80171997e+02
 3.58162537e+01 1.60653610e+02 7.32213259e+00 6.29575562e+02
 8.02344704e+00 2.95559570e+02 2.76486435e+01 3.18565643e+02
 3.59790698e+03 2.24784210e+02 8.52768799e+02 2.32131748e+01
 4.46868401e+01 2.35724525e+01 1.52660718e+03 4.35385193e+02
 5.35976105e+01 1.36348295e+01 2.41317230e+02 3.59857727e+02
 7.59535469e-03 3.59636169e+02 1.55807709e+02 1.69459351e+02
 6.60827637e+02 1.34890050e-01 2.03024634e+03 4.77639884e-02
 5.58563538e+01 4.73712402e+02 1.19152502e+03 5.53749008e+01
 1.52709747e+02 4.62652832e+02 4.06510071e+02 3.45445129e+02
 1.49343433e+03 1.12244095e+02 1.34227246e-01 6.12541080e-01
 6.58808899e+01 4.57684374e+00 5.23328629e+01 8.06784485e+02
 1.26759180e+03 1.51261536e+02 6.04745972e+02 4.43624817e+02],529.7551,[2.68817749e+02 6.03879517e+02 9.72621460e+02 9.74272079e+01
 8.09691315e+01 5.79375505e-01 6.63466978e+00 6.79138855e+02
 9.30066772e+02 1.05205078e+03 9.12205276e+01 1.02640343e+02
 1.13067578e+03 2.25619214e+03 7.05393066e+02 1.06790680e+02
 1.43585922e+02 1.94551257e+03 1.93047882e+02 2.20799759e+02
 1.35771069e+03 2.42130108e+01 6.85780029e+01 3.18533001e+01
 1.33004179e+01 3.96749496e+01 2.08786896e+02 1.96354389e+00
 1.97471588e+02 3.80898714e+00 3.87090073e+01 2.67832726e-01
 1.41982086e+02 1.43678741e+02 6.33177307e+02 6.75522339e+02
 3.03251705e+01 4.95116425e+01 3.54605347e+02 3.25431567e+03
 7.36178650e+02 9.14461613e+00 4.88392944e+01 5.75916862e+01
 2.24897034e+02 6.94216461e+01 3.76838135e+02 2.26483122e-01
 1.24275122e+01 1.52140932e+01 1.02380243e+03 1.25288467e+01
 2.85806854e+02 5.33281403e+01 1.28539391e+01 3.55948486e+02
 1.61851782e+03 1.33478565e+01 5.89215271e+02 6.29339333e+01
 2.56784296e+00 2.53157692e+01 8.13150558e+01 2.36942245e+02
 1.00320915e+02 2.03255264e+02 5.21637039e+01 3.87064087e+02
 4.19096191e+02 1.80417749e+03 5.33947515e+00 5.60419655e+00
 6.86342010e+01 2.30505112e+02 2.13492737e+01 1.65674683e+02
 9.84226257e+02 7.29949493e+01 2.27665405e+02 1.80859032e+01
 4.27754860e+01 5.13044312e+02 2.35845203e+01 1.45872223e+02
 2.11398411e+00 1.05168198e+02 1.02306299e+03 2.21301956e+01
 1.36740372e+02 1.74280281e+01 2.38044300e+01 3.73709602e+01
 4.66754227e+01 4.81425400e+01 2.63093140e+02 3.15890625e+03
 4.61956835e+00 5.49256783e+01 4.48520660e+01 7.33177338e+01
 1.32723560e+03 2.10310120e+02 1.40011047e+02 3.67330704e+01
 1.57373505e+02 3.40540237e+01 2.37048512e+01 2.74477406e+01
 3.87801628e+01 7.76318264e+00 5.23183411e+02 6.71981931e-01
 2.83867097e+00 2.95810556e+00 3.48176727e+01 2.10366653e+02
 2.08680782e+01 6.36101341e+01 9.10064125e+00 2.33281311e+02
 4.33796453e+00 1.81258087e+02 3.21688690e+01 5.21217773e+02
 3.39372803e+03 3.22430603e+02 2.81360596e+02 1.32789648e+03
 4.94138449e-01 6.46187500e+02 9.12666245e+01 3.57108021e+00
 1.36828845e+03 1.16697131e+03 7.54479828e+01 9.72493896e+01
 3.53360367e+01 2.74761139e+02 1.14683330e+00 1.47079887e+01
 3.70045395e+01 8.29815826e+01 1.01831497e+02 1.74441261e+01
 1.34059058e+03 3.29249969e+02 2.43370557e+00 3.60484192e+02
 6.01021719e+00 1.23909561e+02 1.62871484e+03 8.47691650e+02
 4.67709274e+01 7.01637192e+01 7.84833908e+00 6.01406050e+00
 1.59211226e+01 1.80501636e+03 5.44094360e+02 4.31893015e+00
 3.65722885e+01 7.62916031e+01 2.59903467e+03 3.40314178e+01
 8.83832550e+01 3.15515614e+01 8.32256241e+01 5.20063133e+01
 8.95059937e+02 3.41891327e+01 7.68776428e+02 3.07676659e+01
 6.52386844e-01 9.26323608e+02 1.63092529e+02 9.77379684e+01
 3.49675026e+01 4.39154358e+02 8.19471558e+02 3.67063408e+01
 2.10124207e+02 1.40040063e+03 3.91120667e+02 8.54196167e+01
 1.47568054e+02 1.48933075e+02 5.40879869e+00 5.51561707e+02
 6.17932796e+00 1.67229395e+03 1.04110041e+01 4.36711597e+00
 1.76145068e+03 8.34531975e+00 2.33661270e+02 1.19883699e+01
 1.04856520e+01 3.22554395e+03 3.06918297e+01 9.17488670e+00
 2.35681515e+01 1.65705566e+01 1.06111536e+03 8.74009895e+00
 1.25733826e+02 7.49186523e+02 1.13991748e+03 4.53198120e+02
 7.72839594e+00 9.43485870e+01 2.55383402e-02 5.35699280e+02
 7.84783077e+00 2.70409637e+02 2.25211248e-01 3.11929504e+02
 3.59528906e+03 2.43433716e+02 8.23393433e+02 4.11090813e+01
 2.68947182e+01 8.54243469e+00 1.51627136e+03 3.84933411e+02
 5.72768288e+01 1.34137812e+01 2.93288483e+02 5.75813110e+02
 3.59470844e-02 6.16650940e+02 1.72855453e+01 1.29467255e+02
 5.23665283e+02 4.33156878e-01 1.98227319e+03 7.44744390e-02
 6.18048935e+01 5.82343323e+02 1.22652332e+03 3.81619987e+01
 2.97599220e+01 4.72586121e+02 4.10971252e+02 3.70269775e+02
 1.47311548e+03 1.09668709e+02 1.63602486e-01 3.68400335e-01
 3.30117302e+01 3.92072582e+00 5.28547783e+01 8.08750061e+02
 9.97458923e+02 1.53173126e+02 5.24093201e+02 1.12910337e+01],-173.29904,-314.0395,-398.41568,1.9470763,6.7706785,0.9964777,0.6575191,0.013708260879516602,9162.649905920029,-0.08836500267801739,0.1612792256552932,-0.09053208120984649,-0.05905188479133808,25.939613343206645,25.099999999996967,0.0,675000.0,-2.0,-1000.0,500.0,6.558176517486572,675000
196.42484,0.077438556,0.7156546,0.007960378,-189.19086,189.19086,[2.0549612e+00 3.5293560e+00 1.2905276e+00 5.1477376e-02 4.3575534e-01
 8.0158740e-01 2.6677563e+00 5.9565544e-01 2.9260225e+00 1.8554153e+00
 2.5849667e-01 1.6630619e+01 1.9996876e+00 9.9740009e+00 4.3762869e-01
 1.9267868e+00 4.5188241e+00 3.1380291e+00 3.0758152e+00 3.5514337e-01
 1.2095288e-02 3.4881058e+01 5.4257231e+00 3.4216189e+00 2.7279272e+00
 7.7738767e+00 1.7577010e+00 2.4186430e+00 7.2370303e-01 5.9822197e+00
 5.4294455e-01 2.8276448e+00 8.2337217e+00 6.2669468e-01 1.3798991e-01
 5.0851669e+00 2.2111578e+00 3.8875761e+00 3.8234305e+00 3.3692421e+01
 2.9458573e+00 3.9728060e-01 1.7552933e+00 1.3030449e+00 8.3663282e+00
 1.1328940e+00 6.2453210e-01 5.6707424e-01 2.6280820e+00 2.8173178e-01
 5.9704340e-01 6.2408352e-01 5.1265389e-01 3.6859560e-01 4.4311786e+00
 1.0040234e+01 2.5780576e-01 4.6357337e-01 1.3637263e-02 5.9009081e-01
 6.8409187e-01 2.9894118e+00 2.7881453e+00 1.3387814e+00 8.4329033e-01
 1.3331205e+00 7.8967819e-03 8.3189559e-01 6.2014799e+00 7.0798926e+00
 7.1340785e+00 4.2576241e+00 5.2349876e+01 3.0397005e+00 3.4061327e+00
 1.0336897e+01 1.0496108e+01 1.1628830e+01 3.3197174e+00 4.4055331e-01
 1.0087051e+00 6.4183027e-01 4.6909885e+00 2.3324015e+00 2.3161967e-01
 4.9381046e+00 2.9678073e+00 2.3244195e-02 1.0445092e+01 5.8941424e-02
 2.1977053e+00 4.0309992e+00 4.5448895e+00 3.4839371e-01 2.4319141e+00
 2.9563725e+00 4.2792857e-02 2.7900735e-01 1.0352701e+00 2.5471616e-01
 5.7818499e+00 1.4199278e+00 1.9630229e-01 3.0038930e-02 5.5568199e+00
 3.0653200e-01 3.9014244e-01 7.2756773e-01 1.8051815e+01 4.9833565e+00
 5.4941446e-01 6.1771184e-01 3.7505569e+00 4.9765363e+00 1.2559121e+00
 8.8849229e-01 1.6277027e-01 1.5845857e+00 1.1873576e-01 3.6566032e+01
 1.2160164e+00 7.6596278e-01 5.3383231e+00 1.4953868e+00 3.0094665e-01
 6.3609213e-01 1.4705821e+00 1.8038471e+00 6.5336335e-01 1.3809074e+01
 1.0082025e+01 5.9905970e-01 1.9896641e+00 8.0895081e+00 6.3320243e-01
 9.7984676e+00 4.9732952e+01 2.3508637e+00 8.2681042e-01 3.6386833e+00
 1.5237648e-03 1.5355403e+00 4.3173079e+00 2.0144944e+00 2.2645722e-01
 1.5385654e+00 4.4841499e+00 6.5970621e+00 2.3141939e+01 3.7122199e-01
 4.0873551e-01 1.9492499e+00 7.0009923e+00 1.6009746e+00 1.3952869e+00
 2.6459703e-01 2.5863681e+00 1.2836218e+00 2.3126581e+00 1.4270331e-01
 6.8603096e+00 4.2426276e-01 1.4706385e-01 3.9987378e+00 2.5325189e+00
 1.2035772e+01 1.4701303e+01 1.5475455e+01 9.3403406e+00 3.3814194e+01
 8.9221224e-02 9.5725346e-01 1.4734398e+01 6.3422674e-01 1.5841833e+00
 9.6805561e-01 8.1634241e-01 7.9436153e-02 6.5695596e-01 1.1778169e+00
 1.4251486e+01 6.0092535e+00 4.8289003e+00 1.9556566e+01 2.9122884e+00
 1.0303203e+01 8.8822079e+00 4.7434676e-01 1.5116144e+00 4.8833346e+00
 5.3505836e+00 1.3170870e-01 5.9672171e-01 1.3322508e+00 1.2116307e-01
 6.4272971e+00 3.6877263e-02 1.5854917e+00 2.0557558e+01 5.0456595e+00
 7.8762069e+00 9.7665846e-01 1.9380379e+00 1.2010773e+00 8.9433771e-01
 6.7847806e-01 4.5514634e-01 1.9211336e+00 9.8095787e-01 1.4879651e+01
 1.8313707e+00 7.5059855e-01 1.2803966e+00 1.1092286e+00 1.2310172e+01
 3.0220964e+00 4.5243507e+01 4.8388100e+00 1.1926181e+00 3.1549770e-01
 1.8048286e+00 5.5775986e+00 1.6750979e+00 2.3759341e+00 6.9773877e-01
 6.6795766e-02 9.5096827e+00 1.9892231e+01 1.9684308e+00 2.0711324e+00
 2.5376592e+00 1.5102371e+01 7.1159687e+00 2.9199171e+00 4.1712672e-02
 1.7887900e+00 9.4051456e-01 3.3769245e+00 3.2434201e+00 5.8587515e-01
 3.5329394e-02 7.4920168e+00 4.7819586e+00 1.2481319e+00 5.7042589e+00
 1.1825187e+00 5.3267741e+00 9.3005390e+00 4.4879696e-01 4.2571478e+00
 2.9298402e-02 1.2196417e+01 1.0625379e-01 8.2285948e+00 1.7440052e+00
 2.0832648e+00],5.3626146,[3.6015644e+00 2.3313358e+00 2.1166134e+00 4.3887518e-02 5.4736419e+00
 7.4604630e-02 3.8431311e-01 2.0919821e+00 1.6355937e+00 8.2407017e+00
 4.3579552e-02 3.7191417e+00 6.2186604e+00 1.0323505e+01 2.0402157e-01
 1.4114330e+00 8.0348301e+00 7.6687231e+00 6.2930876e-01 3.4607333e-01
 4.5375116e-02 9.9486485e+00 8.8065186e+00 1.6734013e+01 1.0594784e+01
 1.4365411e+00 6.3816686e+00 7.8582561e-01 6.2808514e-01 2.8071322e+00
 2.4885483e+00 9.4885368e+00 2.3197784e+00 3.8599461e-01 1.7569621e+00
 3.9516373e+00 1.8431762e-01 1.1860318e+00 9.1529959e-01 3.7819767e+01
 5.9012878e-01 4.8074730e-02 1.6417029e+00 7.9279156e+00 1.8843105e+00
 4.3469712e-01 3.2354537e-01 3.6532980e-01 2.6938641e+00 1.1408808e-01
 1.5633202e-01 1.4744825e+00 1.3957371e-01 1.4173600e-01 1.7662909e+00
 2.8730121e-01 3.7240869e-01 3.6618936e-01 7.2915375e-02 1.3840879e+00
 1.5697218e-01 2.9309664e+00 5.7131648e-01 9.0868700e-01 1.1424408e+00
 1.5546932e+00 4.3997001e-02 8.3133852e-01 6.4247644e-01 1.2456182e+01
 1.3076890e+01 1.3533558e+00 8.6663231e+01 1.0706006e+01 8.0769796e+00
 8.3956820e-01 2.9832356e+00 7.3998106e-01 1.2892787e-02 8.8993967e-02
 4.0908737e+00 7.2710741e-01 6.4519715e-01 2.7178612e+00 8.5570965e+00
 7.3002499e-01 4.8870346e-01 4.7906833e+00 1.7701401e+00 1.5337289e-02
 1.9051262e+00 4.7916281e-01 1.0825684e+00 3.1036702e-01 1.5524768e-02
 2.8073704e+00 5.8405548e-02 3.0062783e-01 6.6768491e-01 1.6798307e+00
 1.1684153e+00 2.2721672e+00 2.1657541e-01 1.1192146e+01 3.4681559e+00
 4.4571757e+00 1.3722649e+00 9.3655336e-01 2.7746996e-01 1.0176825e+01
 7.0217252e+00 4.1717701e+00 1.3377619e-01 1.9671679e-01 2.0572388e+00
 3.2692490e+00 5.5587023e-02 1.1104783e-02 2.0534179e+00 8.7176819e+00
 2.9483161e+00 4.0050209e-02 2.4251776e+00 6.0933435e-01 1.8960008e-01
 2.1585496e-01 8.0133855e-01 1.3457582e+00 4.7538978e-01 4.9230089e+00
 3.7082237e-01 1.0526805e+00 9.9056549e+00 1.4791782e+00 5.8992207e-01
 6.9608841e+00 3.1614477e+01 1.1858399e+00 2.8659942e+00 2.8751981e-01
 9.6243341e-04 2.7925277e+00 3.8768945e+00 2.0579510e+00 2.1825971e-01
 2.0728731e+00 2.3109759e-01 4.9618876e-01 1.0311338e+01 2.3401012e-01
 5.3273839e-01 4.4615697e-02 2.9990369e-01 8.0154389e-01 8.2260256e+00
 7.7405596e+00 2.8397775e+00 2.0874259e-01 3.0602444e-02 8.6167345e+00
 5.9802908e-01 2.7752239e-01 1.0998109e-01 2.6300991e+00 5.0175434e-01
 2.4060812e+00 2.3800398e+01 5.9907398e+00 5.0175805e+00 1.7244877e+01
 1.3304625e-01 8.6481237e-01 8.7090988e+00 3.9352822e+00 1.3761543e+00
 1.8688791e+00 3.3182716e-01 2.1458679e-01 2.5051756e+00 2.3015041e+00
 3.0475891e-01 2.4095140e+00 2.4864551e-01 4.0553808e+00 4.4485599e-01
 5.7773099e+00 4.0857720e-01 5.1259696e-01 1.3087872e+00 2.9901904e-01
 3.2087271e+00 5.3884506e+00 4.8103783e-02 4.9601593e+00 1.0047561e-01
 1.6727866e+00 2.9769890e+00 1.8649764e+00 2.6779945e+01 6.4122186e+00
 1.0453444e+00 7.2161663e-01 1.8228415e-01 2.3869715e+00 2.1606653e+00
 6.0736704e-01 1.8762568e+00 2.3223987e+00 1.4654284e+00 4.3699417e+00
 4.6197915e-01 1.2514955e-01 2.8083622e+00 4.0416408e+00 1.1820367e+01
 1.0819860e+00 1.6682081e+01 2.5936872e-01 5.1736584e+00 8.9082527e-01
 4.4035711e+00 2.7484661e-01 1.1476746e+00 6.9126759e+00 5.4507399e-01
 7.1049705e-03 3.4677979e+01 1.4068248e+01 1.5183681e+00 1.4780129e+00
 2.1194410e+00 1.4548402e+01 1.0781139e-01 3.5394673e+00 1.5852589e-02
 5.1994219e+00 1.2324593e+00 1.8830143e+00 3.0446615e+00 2.8815499e-01
 4.2182896e-02 3.3798389e+00 2.8413039e-01 1.6642548e+01 4.3504629e+00
 5.9835176e+00 3.1128702e+00 6.6010512e-02 4.4755602e-01 6.2816358e-01
 3.6977012e-02 9.3392086e+00 8.4676296e-02 1.0211344e+00 5.8262061e-02
 2.2961727e-01],-109.312164,-260.082,-399.98242,1.5326635,4.1439714,0.95040894,0.6188666,176.29285,-152.01085,789.1025,307.53113,0.7899874,0.66332453,0.099538185,-300.1079,300.1079,[2.15425781e+02 9.83387817e+02 4.85795380e+02 1.71445972e+03
 1.26508759e+02 2.29839066e+02 2.71343506e+02 2.66313770e+03
 4.57618591e+02 1.23283409e+02 1.05755554e+03 9.51858902e+01
 1.71660278e+03 7.28111725e+01 2.19120239e+02 2.48140259e+01
 6.43512939e+02 1.58364844e+03 7.10396099e+00 1.74289455e+01
 3.53045959e+01 4.61528748e+02 9.33746338e+02 1.42446274e+02
 4.02679810e+02 4.14390802e+00 1.50120557e+03 2.31323657e+03
 6.35097107e+02 1.19317920e+03 3.58636230e+02 6.33155098e+01
 3.40406952e+01 2.14014454e+01 9.48852783e+02 5.04629822e+02
 9.23300842e+02 2.11216137e-01 4.35880951e+02 2.13003491e+03
 1.97184753e+02 3.41501465e+02 2.30233795e+02 2.90055908e+03
 2.83391998e+02 2.81336523e+03 5.49511185e+01 1.14087429e+01
 1.07278032e+01 1.21533947e+01 4.79784813e+01 1.86817798e+03
 2.30706970e+02 1.73492569e+02 9.40210438e+00 5.70049248e+01
 1.24812485e+02 1.39579725e+01 1.14254623e+02 3.74246124e+02
 2.85478906e+03 9.36735352e+02 7.80490540e+02 6.60374403e+00
 8.96601715e+01 5.16293564e+01 6.01733521e+02 1.01775122e+03
 1.17278183e+02 7.56472349e+00 2.38272217e+02 9.28434753e+01
 3.19810645e+03 1.90948067e+01 2.11505463e+02 4.53774834e+00
 3.18451233e+02 2.06685455e+02 7.05286102e+01 1.24597344e+04
 1.76884171e+02 3.31524109e+02 2.47261856e+02 1.92060074e+02
 1.86062195e+02 9.55321045e+02 4.83022070e+03 7.35428619e+01
 4.24750031e+02 6.50912476e+02 1.20354126e+03 3.48660248e+02
 2.29162574e+00 2.89120407e+01 2.65321655e+01 2.38036774e+02
 3.97545471e+01 3.58462341e+02 1.31675366e+03 1.21836670e+03
 9.29124951e-01 2.17504321e+03 1.81935410e+02 1.06630872e+03
 1.21783142e+01 2.66179962e+02 8.91708862e+02 2.08939571e+01
 1.06489801e+00 8.05048523e+01 1.13344078e+01 1.34876299e+01
 4.70798416e+01 3.37064972e+01 3.11856873e+02 1.69417419e+02
 1.31527173e+03 5.68779068e+01 6.79795227e+01 1.43512497e+01
 2.34104858e+02 3.19678589e+02 8.52033752e+02 1.24554324e+00
 2.29141541e+02 6.21843079e+02 1.23443555e+03 2.47200990e+00
 5.62449722e+01 7.56614685e+01 2.97376831e+02 8.02353745e+01
 5.26284851e+02 1.76140991e+02 3.74857239e+02 4.85462067e+02
 1.67265167e+02 8.40501022e+01 8.09330017e+02 1.93984021e+03
 5.63221924e+02 5.44146179e+02 2.41683945e+02 7.23645878e+00
 5.43113037e+02 4.18237418e-01 8.90411987e+01 6.08935165e+00
 6.27625585e-01 2.46231194e+01 2.88125824e+02 6.14262314e+01
 3.25768929e+01 4.64993286e+02 4.78015556e+01 2.53612328e+00
 1.82498779e+02 3.65496521e+02 5.69048309e+01 1.06569084e+02
 1.69786739e+01 2.87394592e+02 4.43898468e+01 2.98168812e+01
 3.71363861e+02 9.66576290e+00 2.21590836e+02 1.67168640e+03
 4.30770630e+02 1.93194717e+02 4.22788940e+02 1.09439812e+01
 1.04445312e+02 6.15256958e+02 3.83116264e+01 9.10786682e+02
 3.83064880e+02 7.00740234e+02 5.99202080e+01 8.95385933e+00
 2.95682312e+02 2.43952820e+02 5.09547281e+00 1.06104752e+02
 2.81115265e+02 1.99913757e+02 4.60848114e+02 2.23900437e+00
 1.32903275e+02 1.61378625e+03 2.02603531e+01 1.13501816e+02
 5.69444275e+01 3.86602753e+02 9.64469070e+01 2.01787424e+00
 5.94034615e+01 1.39170822e+02 2.40603076e+03 3.40341759e+01
 4.13444763e+02 8.86809635e+00 7.05287158e+03 4.56988281e+02
 1.03625928e+03 9.68119049e+00 3.27817841e+01 1.02040088e+03
 3.38945526e+02 6.31799683e+02 2.66179867e+01 1.00131035e+02
 7.51200485e+01 8.02114746e+02 5.34597114e-02 2.80222217e+03
 5.09177387e-01 3.01873077e+02 3.08359039e+02 2.21855021e+00
 9.60568695e+01 2.19895782e+01 6.61828156e+01 7.33860596e+02
 2.91475391e+00 7.59546375e+00 3.17910690e+01 1.70465723e-01
 6.38575602e+00 1.32503931e+03 3.33088608e+01 3.38390198e+02
 4.68452051e+03 2.23965912e+02 6.82391434e+01 6.24362993e+00
 1.09344363e+00 9.03810349e+01 2.74955505e+02 4.76053314e+01
 2.28682971e+00 2.63780945e+02 1.16414978e+03 1.54925735e+02
 4.55788517e+00 3.27484512e+00 1.11723623e+04 2.43878326e+01
 3.61299477e+01 1.35151505e+02 8.81935730e+01 2.61535492e+02
 4.26315308e+00 5.30984497e+01 5.51458496e+02 1.83430624e+00],737.231,[2.05265778e+02 5.60468811e+02 4.51543091e+02 1.72880481e+03
 1.47491730e+02 1.98928894e+02 2.38842239e+02 2.63619287e+03
 3.57951111e+02 7.96448517e+01 1.04271643e+03 8.40387726e+01
 1.70220703e+03 8.80826111e+01 2.26500870e+02 2.53213272e+01
 7.11969116e+02 1.63939233e+03 4.46314859e+00 1.34118624e+01
 1.68834853e+00 4.29378723e+02 9.61032227e+02 1.48505966e+02
 3.12163239e+02 4.10403538e+00 1.48345801e+03 2.30668701e+03
 5.87056580e+02 1.10493884e+03 3.32787292e+02 6.36844864e+01
 2.07206192e+01 2.58658943e+01 5.67012268e+02 5.89337402e+02
 9.61820007e+02 2.73669921e-02 3.62270721e+02 1.92961414e+03
 1.43296539e+02 2.20491684e+02 2.28829117e+02 2.83939893e+03
 3.10450989e+02 2.25164941e+03 7.17786865e+01 1.20081749e+01
 9.99126911e+00 1.22785072e+01 3.36856246e+00 1.80494299e+03
 2.71541809e+02 1.85363800e+02 2.51545477e+00 4.52611923e+01
 1.05329399e+01 9.58861637e+00 1.88041061e+02 3.79201965e+02
 2.85328418e+03 9.87749451e+02 7.79606323e+02 6.12528849e+00
 2.82314301e+02 4.89419632e+01 5.86051025e+02 1.07421912e+03
 1.55453720e+02 7.66581631e+00 1.77310364e+02 9.07263794e+01
 2.92680811e+03 1.50783882e+01 1.82329285e+02 3.39811287e+01
 2.41309250e+02 8.63695801e+02 9.32014694e+01 1.25194180e+04
 2.17500504e+02 3.89820892e+02 2.39250717e+02 1.96674026e+02
 1.55005219e+02 9.71222412e+02 4.83584033e+03 8.36819916e+01
 3.66959900e+02 2.59997620e+02 1.44385693e+03 3.52790833e+02
 2.12438130e+00 2.27013135e+00 9.34246750e+01 2.31437637e+02
 4.51810913e+01 4.65157440e+02 1.20915796e+03 1.20899304e+03
 2.77380133e+00 2.27268945e+03 1.46338318e+02 7.69674927e+02
 1.20626135e+01 2.07569824e+02 8.94529053e+02 2.23068943e+01
 4.00337636e-01 1.34193122e-01 5.89927197e+00 1.17728901e+01
 6.47640839e+01 8.37255287e+00 2.71248230e+02 3.47331055e+02
 1.32050745e+03 2.54215584e+01 4.06512566e+01 9.65026379e-01
 2.06893478e+02 1.80020020e+02 5.41700928e+02 7.64354691e-02
 2.80519073e+02 5.59941467e+02 1.24390405e+03 2.67637897e+00
 5.63454399e+01 7.77509537e+01 2.01741699e+02 1.98557389e+00
 4.91330566e+02 1.79112000e+02 9.06392670e+01 5.84724365e+02
 1.63840179e+02 7.66929169e+01 8.08554504e+02 1.44479333e+03
 5.52635986e+02 5.12256409e+02 2.18580231e+02 7.33345127e+00
 5.26802002e+02 5.73335767e-01 2.43957748e+01 5.76229763e+00
 2.56180668e+00 4.39453163e+01 3.57411377e+02 6.31418037e+01
 9.41480331e+01 1.83841896e+01 3.00112000e+01 3.17198873e+00
 8.50403290e+01 5.36467667e+01 1.01914177e+01 1.16456261e+01
 1.44260998e+01 2.99945068e+02 4.47969284e+01 2.44660683e+01
 3.44853516e+02 8.12717819e+00 8.64959049e+00 1.30549805e+03
 7.39085083e+02 2.26457504e+02 4.11759277e+02 1.00939198e+01
 1.17881233e+02 5.59571045e+02 7.11968384e+01 1.21152258e+03
 3.83019592e+02 3.69203461e+02 3.37809105e+01 9.21659851e+00
 2.84722778e+02 2.21362381e+02 5.19509029e+00 1.79677162e+01
 9.22225189e+01 3.18988075e+01 3.62311676e+02 2.54280624e+01
 1.43959961e+02 1.47081116e+03 2.06292553e+01 1.25394836e+02
 5.66037750e+01 5.17554855e+01 7.25673676e+01 1.72784758e+00
 1.05442108e+02 5.45662384e+01 2.43378125e+03 6.07545280e+01
 4.08971008e+02 9.00429535e+00 6.80848730e+03 4.06565613e+02
 8.97671692e+02 9.47845745e+00 3.35966606e+01 1.00372754e+03
 3.53224426e+02 5.55700317e+02 2.87110653e+01 4.45258255e+01
 7.50858765e+01 7.84172302e+02 1.30268633e-01 2.85394434e+03
 4.70874071e-01 1.63551331e+02 3.41888794e+02 2.12295032e+00
 1.96637840e+01 2.11886005e+01 3.15200176e+01 6.30666565e+02
 2.85144186e+00 6.95260906e+00 2.87764492e+01 6.02211393e-02
 1.34284554e+01 6.22448547e+02 3.75347900e+01 3.10234863e+02
 4.74739697e+03 2.30034851e+02 1.44199280e+02 6.16177177e+00
 1.74635077e+00 9.38653259e+01 3.00537598e+02 3.44780083e+01
 2.20269418e+00 2.59901764e+02 1.18669690e+03 2.36925526e+01
 5.95825958e+00 6.32548294e+01 1.01699092e+04 2.35911026e+01
 1.01616631e+01 1.27101578e+02 8.67906189e+01 2.52325928e+02
 3.97826080e+01 5.27808685e+01 1.04549255e+03 2.08355284e+00],-173.03546,-314.28912,-398.2953,1.997084,5.6862206,0.99314845,0.66218853,0.013120583581924439,9490.664514541626,-0.13160155122890277,0.028341050269150254,-0.13387596290021678,-0.03178456508740836,-0.8163691979212796,25.099999999996967,0.0,700000.0,-2.0,-1000.0,500.0,6.56664514541626,700000
177.90218,0.091343455,0.7713214,0.007798288,-170.09763,170.09763,[2.60128832e+00 1.71835709e+00 3.23250556e+00 1.19604528e+00
 8.46608829e+00 2.26082230e+01 1.14576693e+01 7.91196048e-01
 4.86204445e-01 9.10748386e+00 9.45265591e-01 7.78171015e+00
 1.93157899e+00 6.23057008e-01 3.25557065e+00 1.91426665e-01
 6.03413010e+00 1.94563866e+01 1.74363213e+01 1.28044615e+01
 1.66821778e-01 2.07411900e-01 8.59865856e+00 3.47240114e+00
 6.45371580e+00 3.48722935e-02 7.63318205e+00 3.71103108e-01
 7.05467105e-01 1.23179507e+00 4.42125273e+00 9.65552628e-02
 4.62236595e+00 1.32457304e+01 1.09550991e+01 1.74791086e+00
 1.67533323e-01 1.35820258e+00 3.44905186e+00 4.74550366e-01
 7.77793884e+00 1.74261943e-01 1.45893168e+00 2.16146898e+00
 1.16230726e+00 7.64311409e+00 8.39730358e+00 4.38238055e-01
 4.34130812e+00 1.08689861e+01 3.75771016e-01 1.97588615e+01
 1.44228420e+01 3.02916932e+00 1.02146566e+00 3.38351578e-02
 3.43138456e-01 2.24094838e-01 6.24408436e+00 9.78131831e-01
 1.86155185e-01 1.91809690e+00 2.33392787e+00 1.11027575e+01
 3.45128387e-01 1.46596849e+00 1.20829868e+00 6.13402843e-01
 9.33422470e+00 1.11655693e+01 3.48948725e-02 7.94596100e+00
 2.23859930e+00 6.10856175e-01 1.33194942e+01 5.92058277e+00
 1.12976326e+02 2.10140157e+00 8.15072632e+00 1.23218298e+01
 1.45873127e+01 2.65211773e+00 1.28841472e+00 9.57687759e+00
 2.68432021e+00 5.00067353e-01 5.19486368e-01 1.44758148e+01
 7.42198181e+00 1.02806367e-01 1.10664392e+00 5.52605057e+00
 6.80262280e+00 1.23171463e+01 5.88267183e+00 6.64097071e+00
 9.78476927e-02 1.28447866e+01 1.02581234e+01 2.54614091e+00
 1.25625200e+01 2.32186723e+00 2.72524178e-01 3.14398557e-01
 3.26948285e+00 9.13998699e+00 3.20335686e-01 2.25523448e+00
 6.83760464e-01 2.54382873e+00 4.45480967e+00 1.27274251e+00
 1.24592769e+00 6.82896328e+00 6.55224180e+00 8.02692986e+00
 6.28537178e+00 6.05462551e+00 3.75255704e-01 5.55265665e-01
 7.94097567e+00 2.20204979e-01 1.70053158e+01 1.66996551e+00
 9.68687594e-01 3.61666568e-02 1.25488269e+00 6.97698021e+00
 3.50312322e-01 7.18291521e-01 3.71598887e+00 9.93875742e-01
 1.30899704e+00 7.47728825e+00 1.44368574e-01 6.51612759e-01
 6.85093284e-01 2.13444090e+00 9.82098389e+00 7.66582131e-01
 3.01889496e+01 9.41281796e+00 4.24451780e+00 2.42780800e+01
 5.10143805e+00 1.66147041e+01 5.38047504e+00 2.03230047e+00
 8.63164043e+00 7.56795406e-02 9.18243110e-01 5.32754660e-01
 2.49946666e+00 2.45777696e-01 5.54699945e+00 1.51180279e+00
 1.44191563e+00 4.17318016e-01 6.43527031e-01 2.62359428e+00
 1.10595970e+01 1.22587705e+00 7.38827419e+00 7.31417274e+00
 1.95626831e+00 1.44356167e+00 8.58981073e-01 1.48378515e+00
 1.20485687e+01 5.04486465e+00 1.71741903e+00 1.44979572e+01
 4.66896629e+00 3.58415127e-01 2.58977979e-01 7.16935272e+01
 4.75898743e+00 3.30175579e-01 1.00372922e+00 4.70001841e+00
 8.54678154e+00 9.80720580e-01 2.68204994e+01 1.50080080e+01
 1.72471821e+00 1.04318786e+00 8.79825401e+00 5.78424168e+00
 1.29314022e+01 1.68713784e+00 1.04327374e+01 4.61743450e+00
 4.76159871e-01 3.27832007e+00 1.22218037e+00 5.97633839e+00
 2.39918518e+00 1.38176262e-01 2.92467594e-01 2.16570711e+00
 3.45661211e+00 1.21430197e+01 4.23021495e-01 7.55226326e+00
 4.08330250e+00 1.43351669e+01 9.97240829e+00 1.08845987e+01
 6.08200884e+00 3.78673172e+00 2.34010363e+00 6.29814339e+00
 4.09276867e+00 1.96455762e-01 3.16194725e+00 2.78689885e+00
 3.40274405e+00 1.34025729e+00 2.94383717e+00 1.10197127e+00
 8.70273209e+01 1.51049495e-01 4.32738400e+00 1.74315548e+01
 1.58850384e+01 1.29014082e+01 4.13154125e+00 7.66491890e-01
 2.43617477e+01 1.45716703e+00 1.95496774e+00 3.69683647e+00
 9.64805794e+00 7.20607986e+01 6.70431852e+00 1.45603508e-01
 5.57620287e+00 3.85724473e+00 4.53064728e+00 3.03273082e-01
 2.82783937e+00 8.89777184e-01 2.27525063e+01 6.10569179e-01
 3.59226882e-01 1.57050991e+01 2.87904263e+00 1.16721401e+01
 6.19945936e-02 2.85126629e+01 6.58106232e+01 6.94904709e+00
 8.31652260e+00 1.22465258e+01 7.03756332e+00 4.65671396e+00],7.3468604,[2.42204666e+00 2.62466311e-01 1.23547995e+00 2.03300357e+00
 9.44821548e+00 1.61882222e+00 2.11638594e+00 6.34262383e-01
 1.22391880e+00 6.55594349e-01 3.32554007e+00 3.41184425e+00
 7.22137868e-01 1.31168723e+00 1.49879825e+00 6.54199934e+00
 2.91871095e+00 2.17511415e+00 3.66344810e+00 2.48755360e+00
 1.83771029e-01 3.80444974e-02 1.34559584e+00 2.14600384e-01
 1.15653706e+00 3.61393404e+00 6.74775076e+00 1.08072042e+00
 5.76300383e-01 4.76360351e-01 3.10764074e+00 1.34879425e-02
 1.51243038e+01 1.01226437e+00 1.57539940e+01 1.54744065e+00
 2.53024507e+00 6.74086094e-01 5.31807327e+00 3.28763753e-01
 6.55810261e+00 1.91271901e-01 1.54162073e+00 4.98669207e-01
 4.97703664e-02 6.56005204e-01 1.41848779e+00 1.96587980e-01
 4.57434511e+00 1.39134874e+01 7.15942955e+00 5.54882956e+00
 2.17802691e+00 7.93953037e+00 7.21236646e-01 1.82406414e+00
 4.61475563e+00 1.39484572e+00 2.73948169e+00 1.43615031e+00
 1.11921027e-01 2.21859980e+00 2.51638603e+00 1.30470443e+00
 2.71084070e-01 4.91161156e+00 4.40558523e-01 8.64515156e-02
 2.69602418e-01 1.36249113e+00 1.60015255e-01 5.14688492e+00
 1.10897467e-01 5.43797195e-01 6.95007896e+00 2.00478125e+00
 2.86620789e+01 2.44867611e+00 1.93551483e+01 5.78170700e+01
 2.45977020e+00 4.91321206e-01 5.38878202e-01 7.19210720e+00
 3.00926352e+00 4.70510930e-01 4.14309740e-01 9.14416409e+00
 3.44824672e-01 1.66627228e-01 3.30316007e-01 2.08191252e+00
 3.17448688e+00 8.13190651e+00 1.49612963e+00 2.70973039e+00
 2.60298811e-02 9.06951237e+00 1.09589458e+00 1.50130570e+00
 1.45274897e+01 1.85410547e+00 8.86459649e-01 4.14286673e-01
 1.50439227e+00 1.30879438e+00 3.74596405e+00 2.02817932e-01
 2.14289403e+00 2.22371578e+00 4.43122625e+00 1.32718876e-01
 1.67674035e-01 1.70227253e+00 4.17646885e-01 2.45537043e+00
 1.41217041e+00 3.39483690e+00 3.84577900e-01 3.48902941e-01
 3.52198172e+00 1.89008951e-01 5.47933674e+00 4.43756104e+00
 1.10936928e+00 7.80265093e+00 2.38923430e+00 2.74176860e+00
 2.65460223e-01 8.88162255e-02 3.29866934e+00 2.99975574e-01
 1.64067596e-02 1.96924001e-01 5.62854004e+00 5.49201107e+00
 5.55059850e-01 1.77215695e+00 9.05207634e+00 5.06508231e-01
 9.09465027e+00 7.91587770e-01 1.86679220e+00 8.93762231e-01
 1.98486400e+00 1.81387234e+01 1.45988393e+00 8.03864419e-01
 1.99351997e+01 7.65017346e-02 2.09139657e+00 5.34081519e-01
 1.95894420e-01 2.93399811e-01 1.82089776e-01 1.75273371e+00
 1.28962803e+00 2.41202205e-01 5.72269619e-01 1.49186730e+00
 5.97291565e+00 7.11219430e-01 2.18164191e-01 2.57536716e+01
 2.32748437e+00 2.27845383e+00 4.25252318e-01 7.96170521e+00
 7.86677122e-01 7.22890425e+00 1.06350398e+00 1.51981649e+01
 5.30062258e-01 3.61056685e-01 8.20552826e-01 1.34723984e+02
 3.21917224e+00 4.28840488e-01 1.07655430e+00 1.02710524e+01
 5.34562051e-01 3.99042070e-01 1.42579246e+00 4.54160881e+00
 4.35259342e-01 2.55773485e-01 1.32946224e+01 6.49191999e+00
 3.03575802e+00 3.86723936e-01 2.63148516e-01 1.89774442e+00
 3.74423444e-01 1.20776052e+01 2.81080365e-01 3.43599051e-01
 1.93815732e+00 2.21947789e-01 7.15796292e-01 2.92994499e-01
 1.17561579e+00 2.73539019e+00 1.62127662e+00 9.94469833e+00
 1.91591752e+00 4.32559299e+00 8.46684551e+00 3.19194889e+00
 1.29407001e+00 5.38069773e+00 2.94652152e+00 1.31662905e+00
 6.82649040e+00 7.39439189e-01 8.86459637e+00 1.41661799e+00
 9.64487839e+00 4.74321365e+00 5.21438420e-01 5.70613556e-02
 3.94255714e+01 6.08250427e+00 4.97684097e+00 6.96461296e+00
 1.87843895e+01 1.26540718e+01 9.24812138e-01 7.86205232e-01
 2.43258619e+00 1.26990044e+00 5.16139865e-01 7.15871215e-01
 1.84836701e-01 3.95098953e+01 4.16804075e+00 4.41054702e-01
 1.28572106e+00 1.54712009e+00 6.72323763e-01 1.16058409e-01
 1.46778464e-01 8.25930238e-01 6.35382175e+00 4.48517680e-01
 4.31258082e-01 9.65380192e-01 1.05187712e+01 8.09369183e+00
 6.41836226e-02 3.77333546e+00 1.11390276e+01 1.00201154e+00
 2.45463347e+00 5.56059408e+00 7.22564459e+00 9.63584995e+00],-91.83787,-254.47623,-400.0,1.6254488,10.337949,0.99921113,0.6278044,204.50783,-350.5921,1367.8438,291.0972,0.7752843,0.69616,0.1013475,-283.36032,283.36032,[8.4651886e+01 7.7388985e+01 2.9615393e+02 3.6459760e+02 4.9104576e+01
 8.9629936e+01 4.0722516e+02 1.0693700e+02 2.1486511e+01 6.3466057e+01
 1.3220930e+03 1.3247135e+01 7.3972931e+01 3.5698438e+00 3.4502246e+02
 1.6672044e+02 1.8907057e+01 4.6707716e+00 2.1933218e+01 4.5225354e+02
 3.7885357e+01 7.0747290e+02 2.5370670e+02 7.6953828e-01 1.1736975e+01
 5.3662036e+02 6.2348621e+02 9.5243387e+00 8.9565216e+01 3.3210721e+02
 4.7998123e+00 9.1220274e+00 3.6930142e+03 6.6496719e+01 1.4251604e+02
 2.5356985e+02 1.8946011e+01 1.7835064e+01 1.4455121e+02 2.0849249e+02
 3.4770134e+01 2.6442833e+01 7.7478439e+01 9.0404358e+01 7.8781490e+00
 2.1290087e+01 1.0185094e+02 5.2632149e+01 5.0049100e+02 5.4094800e+02
 1.2290058e+01 7.3392502e+01 3.7655786e+02 9.5993433e+02 1.1003720e+00
 5.7447047e+00 1.6394447e+03 9.1405039e+00 2.1811990e-01 3.2619770e+01
 2.5661035e+02 2.5722399e+00 7.2732635e+02 2.2297849e+02 5.3823658e+01
 1.1777927e+03 1.3897630e+02 1.0872939e+00 3.1961926e+02 6.1085501e+00
 4.2838046e+02 1.4404967e+02 3.5166924e+01 6.2457837e+02 4.4472609e+00
 7.1502429e+02 1.7014299e+02 1.6332564e+02 2.0532697e+02 3.4678982e+03
 4.8197945e+01 2.0113712e+01 1.2857620e+01 2.5637766e+02 1.1769425e+03
 2.9453278e+02 2.3111830e+00 4.3944706e+01 3.9551403e-02 8.6423119e+01
 9.0446291e+00 1.2526711e+03 6.9269730e+01 8.7715143e+02 5.6749367e+01
 2.6528349e+01 2.7579596e+02 1.9419427e+02 1.4039624e+02 1.1242346e+00
 1.2683229e+03 4.5090320e+02 2.5141706e+00 1.4162718e+02 7.3627968e+01
 1.5073132e+02 6.7739464e+01 2.1611885e+03 1.0737825e+01 6.6175561e+00
 8.0286789e+01 3.8485608e+02 1.4770671e+01 7.9165894e+02 4.4983124e+02
 3.6188975e+03 1.2211047e+03 8.4146530e+01 8.9727368e+02 5.9683828e+00
 1.4376141e+02 6.9582001e+02 9.6821854e+01 5.7707634e+01 6.1625889e+03
 1.5859670e+03 1.0758878e+02 3.2258936e+02 7.6138788e-01 3.2124603e+02
 7.8691321e+02 3.1690509e+02 7.5116277e-01 5.0659871e+00 2.0741667e+02
 9.9888832e+01 2.2324578e+03 5.2162750e+02 9.4755386e+01 9.2605920e+02
 4.3681192e+00 5.4296406e+01 3.0377007e+03 3.2888548e+00 9.6826839e+00
 2.4570061e+01 4.5401718e+01 2.5262562e+01 4.7515705e+01 6.1346851e+02
 4.3710884e+01 1.4902380e+03 1.5452637e+02 1.3137057e+02 8.5911090e+02
 6.6791237e+01 1.9458209e+02 1.0870534e+01 1.0054952e+02 2.1264677e+02
 2.0985388e+03 2.3712105e+01 5.7765169e+00 3.0943945e+02 6.3928711e+01
 1.5788318e+02 3.5867477e+01 4.0178226e+02 2.1122346e+02 4.4565830e+00
 1.5562672e+03 1.4282549e+02 6.1865025e+00 9.0276749e+01 1.1174046e+02
 4.0184280e+02 6.6652283e+01 6.0249316e+02 6.9871204e+02 1.4275324e+00
 2.5188545e+01 8.9492321e+00 9.1869293e+01 4.3904595e+03 1.1629385e+02
 1.3374817e+02 1.7338482e+01 1.1116917e+03 3.1910205e+00 1.8657051e+03
 5.6193993e+01 5.4002161e+00 1.6991826e+03 1.0722935e+03 1.5987983e+03
 2.1277573e+02 8.5355812e+01 8.7020500e+01 1.4234836e+02 4.4382671e+01
 3.2029633e+02 5.2059357e+02 1.2381372e+02 9.6953392e+01 6.1277386e+02
 8.5169055e+02 5.2421452e+01 2.5802114e+01 2.9079132e+02 1.4815671e+02
 1.8801694e+02 2.1106927e+02 1.8810645e+03 1.8291675e+02 8.6827179e+01
 1.4266115e+02 1.1294523e+03 1.2011338e+02 1.6002013e+02 6.6067450e+02
 1.4993933e+02 2.7612118e+01 1.4141519e+02 1.2656003e+02 8.3403816e+01
 2.9618643e+02 3.7285320e+01 2.3037195e+02 7.5370054e+00 2.0706740e+02
 1.5293202e+02 9.6351387e+01 5.7797290e+02 6.2511718e-01 9.6049099e+00
 5.7612873e+01 6.1438858e+01 9.1343374e+00 5.2345966e+02 2.1173622e+01
 5.6272162e+02 8.0626926e+00 2.2473419e+01 2.2287123e+02 3.4936287e+01
 1.8192203e+00 1.1422722e+03 5.4855750e+02 1.9057459e+00 3.0636261e+01
 4.2459750e+00 1.5042525e+02 3.0267596e+00 9.7786743e+02 1.7391907e+02
 1.6196011e+01],527.83844,[2.0573000e+02 7.0545189e+01 2.9535715e+02 3.4976492e+02 6.2392120e+01
 1.3823309e+02 4.0559784e+02 9.1258652e+01 1.3118013e+01 4.1424591e+01
 1.2902219e+03 1.3127710e+01 8.5501223e+00 2.7476215e+00 3.3764148e+02
 1.2121628e+02 2.1208609e+01 2.0494487e+00 4.1005497e+01 5.2397345e+02
 5.1102554e+01 5.7250421e+02 2.1985913e+02 2.2431916e-01 1.1031673e+01
 5.5413446e+02 5.1600525e+02 1.2303321e+01 8.4247307e+01 3.0453854e+02
 2.7668738e+00 9.3685732e+00 4.0235664e+03 7.8428619e+01 3.7618389e+01
 2.5476776e+02 2.0184139e+01 1.8788830e+01 1.5390912e+02 1.8846729e+02
 7.0182562e+00 3.0732430e+01 1.4990085e+01 8.6387985e+01 8.4647379e+00
 1.7209089e+01 1.0261416e+02 6.5683144e+01 4.5337125e+02 5.5429590e+02
 1.2298136e+01 2.3458054e+02 3.3471118e+02 8.0953119e+02 1.1271648e+00
 1.4571045e-01 1.5688568e+03 4.8090863e-01 5.4226879e-02 3.7803444e+01
 5.5623428e+01 3.2984571e+00 7.1203180e+02 2.2609738e+02 7.7011139e+01
 1.7838409e+03 8.8612595e+01 1.4923931e+00 3.4929605e+02 1.0185994e+01
 3.7109637e+02 9.0877228e+01 8.5848198e+01 4.2636594e+02 1.2601849e+00
 7.1728394e+02 1.6697284e+02 1.6635677e+02 1.3357061e+01 3.3313843e+03
 3.3552856e+01 2.2129141e+01 1.2710336e+01 2.3572343e+02 1.3162124e+03
 2.4373854e+02 2.4468441e+00 2.2634258e+01 1.0094250e+01 7.0369904e+01
 6.3420496e+00 1.2504353e+03 6.8736702e+01 8.4805750e+02 5.6232880e+01
 2.2348866e+01 2.4510957e+02 1.9414767e+02 1.1476526e+02 1.4205376e+00
 1.2740896e+03 4.5712402e+02 3.1250046e+01 1.5319868e+02 7.3468826e+01
 1.6115302e+02 5.6672562e+01 2.0427953e+03 4.3327131e+00 8.1739922e+00
 1.2379734e+02 1.5387659e+02 1.3847786e+01 7.5112158e+02 4.4895856e+02
 2.7705391e+03 2.2487166e+02 6.1349487e+01 8.8194788e+02 2.5619073e+00
 5.9494482e+02 6.3559875e+02 8.1709633e+01 3.2307327e+01 6.2268911e+03
 1.5732673e+03 8.2377106e+01 1.4562250e+02 6.7298017e-02 2.0100348e+02
 1.4617401e+03 2.4126093e+02 8.6710536e-01 8.5316271e-01 2.1019130e+02
 1.0659019e+02 2.2255908e+03 3.1680420e+02 5.7352131e+01 9.3992480e+02
 4.8007784e+00 5.0251793e+01 2.9109109e+03 3.1841099e+00 5.9596114e+00
 2.5669289e+00 7.9200333e+01 2.6486429e+01 3.6983181e+01 9.0591003e+02
 5.1899597e+01 1.0754807e+03 1.5428270e+02 4.7575531e+01 2.3669649e+02
 2.8189331e+01 1.7371268e+02 1.0181901e+01 5.8641956e+02 4.0777243e+02
 2.0846362e+03 2.3632868e+01 4.5861669e+00 3.1530713e+02 6.2617847e+01
 7.6514091e+01 6.1183300e+01 3.4437411e+02 2.1586566e+02 3.9672246e+00
 1.4066471e+03 1.4838240e+02 6.2795997e+00 8.0892212e+01 1.3850635e+02
 6.3580652e+02 6.7940338e+01 8.9163953e+02 7.0213452e+02 1.4665161e+00
 2.1647640e+01 3.9205823e+00 1.0895449e+02 3.7967324e+03 1.6543066e+02
 1.8665477e+02 2.9174587e+01 9.7699963e+02 2.7369783e+00 1.8252986e+03
 4.2595797e+00 5.4624224e+00 1.7130829e+03 9.5263281e+02 1.6101633e+03
 4.4137671e+02 5.6430149e+01 8.0840393e+01 1.3650208e+02 3.8257763e+01
 2.3811288e+02 1.6763634e+02 9.5735458e+01 9.6047394e+01 6.0133191e+02
 7.4868652e+02 1.5168511e+01 2.6039249e+01 2.6384204e+02 1.4067351e+02
 1.9505394e+02 1.4878200e+01 1.9592389e+03 2.6849387e+02 1.8650295e+01
 1.0519413e+02 1.0885007e+03 7.6551155e+01 8.6936371e+01 8.6382190e+02
 5.0073376e+01 1.1099737e+01 1.5461398e+02 8.4200592e+01 5.0717155e+01
 2.8697504e+02 6.3580528e+01 2.2953601e+02 3.1105809e+00 3.3874780e+02
 5.6236019e+01 7.7767929e+01 5.2574164e+02 1.2500000e+00 1.3235953e+01
 5.8662025e+01 7.2443047e+01 9.3726597e+00 5.3931665e+02 4.7171162e+01
 1.7435768e+01 4.8208863e-01 2.7371698e+01 2.0787509e+02 2.0026564e+01
 2.9538528e+01 9.2982300e+02 4.6392627e+02 1.3156542e+00 2.0832060e+01
 3.7414222e+00 1.6157297e+02 3.2103741e+00 9.7755914e+02 1.9235713e+02
 6.7574606e+00],-150.40334,-305.47943,-399.1488,2.0756173,8.133667,0.98199505,0.6690101,0.013713457946777344,9833.50098323822,-0.18380453106627131,0.02120912620661093,-0.184519708395596,-0.020321437583698882,-1.134843598990858,25.099999999996967,0.0,725000.0,-2.0,-1000.0,500.0,6.596414804458618,725000
168.755,0.121378206,0.68525606,0.011671743,-161.78107,161.78107,[4.5781794e+00 4.4599608e-01 1.2583497e+00 3.4376827e+01 2.7772331e-01
 1.0644104e+01 9.2815666e+00 1.2437841e+01 5.0735992e+01 2.5674388e+00
 1.1109712e+00 2.5070944e+00 1.4890283e+00 1.2293352e-01 2.3060551e-01
 1.2704262e+01 4.2586216e+01 6.0927987e-01 1.8150620e+01 1.3714149e+01
 6.4151464e+00 8.9285128e-02 7.0420804e+00 1.2458575e+01 2.8855758e+00
 5.0117464e+00 3.6190312e+00 7.6464100e+00 3.5720849e+00 2.4260437e+01
 4.1065373e+00 2.8463917e+00 1.0825773e+00 4.3570318e+00 2.1586262e+01
 8.1202567e-01 7.1289629e-01 1.2685464e-01 3.4150118e-01 5.6327715e+00
 2.2277453e+00 5.8708328e+01 6.5235858e+00 7.8458018e+00 4.5837799e-01
 2.0031796e+00 6.2394142e-01 1.0987589e+01 2.0446253e+01 8.8718608e-02
 1.5638618e+01 9.2291594e+00 2.8778758e+00 5.0551133e+00 1.6357696e-01
 1.0265049e-01 3.1028364e-02 5.1418018e-01 4.1300127e-01 2.4899468e+00
 7.0730731e-02 9.9241829e-01 7.3931837e+00 8.7764531e-01 1.7177694e+00
 1.9041454e+00 5.1384978e+00 3.0238609e+00 4.8146420e+00 7.3280711e+00
 1.4501169e+00 1.7192858e+00 1.6933070e+02 4.8342934e+00 2.9463441e+00
 4.3697748e+00 1.2435523e+00 3.1578283e+00 5.2306004e+00 7.2943258e-01
 5.9092790e-04 5.4648464e+01 2.5800177e+01 9.3859619e-01 1.6963698e+00
 3.8564882e+00 6.0248557e-02 3.5582964e+00 4.4179525e+00 2.8455114e+01
 5.9788793e-01 8.6858779e-01 8.0597699e-01 1.2737527e+00 1.4146602e+00
 9.0635210e-02 1.4056824e+01 5.5136023e+00 1.4621563e+00 3.6123571e+00
 8.6382288e-01 8.3678073e-01 2.3816977e+00 1.0280344e+00 2.0031104e+00
 7.2947973e-01 1.2135868e+00 1.8925388e+01 1.6024324e+00 4.3137279e+00
 6.3942313e+00 4.0217528e+00 1.1837265e-01 2.8932959e-02 1.9314158e+00
 2.7512646e+00 2.3034820e-01 4.7379565e+00 3.4640911e-01 9.4045109e-01
 2.0769092e-01 2.4202583e+00 3.9686487e+00 1.6751501e+01 3.5884666e+01
 3.0080879e+00 2.7569163e-01 6.9858112e+00 1.9875913e+00 6.6711435e+00
 3.1866462e+00 5.8555377e-01 5.3348894e+00 2.4790087e-01 4.8846537e-01
 5.0543108e+00 3.2692382e-01 4.3864784e+01 1.2882511e-01 3.4863672e+00
 2.7647624e+00 2.5253725e+00 4.1680333e-01 7.3711028e+00 7.9854589e+00
 1.9684108e+00 8.5022336e-01 1.0461285e+00 8.8562908e+00 7.4858036e+00
 4.4962135e+01 1.0112851e+01 1.7564950e+00 7.9805233e-02 6.8897128e+00
 6.7858105e+00 1.2039055e+01 1.9384554e+01 5.5085301e+00 1.7822186e+01
 3.8999968e+00 1.7491859e+01 2.8876591e+00 2.5444226e+00 3.1355426e-01
 3.6068151e+00 1.0476726e+00 8.1710043e+00 2.1822295e+00 4.7577977e+00
 8.7778149e+00 2.8398675e-01 1.0789796e+00 1.3893803e+00 3.0445673e+00
 8.1889093e-01 9.8196487e+00 1.5840142e+00 6.5487652e+00 6.7275901e+00
 1.1816050e+00 2.2156378e+01 3.6535680e+00 2.6429554e+01 5.0254208e-01
 1.3214442e+00 1.7275095e+00 5.2654505e-01 2.5747320e+01 3.6547398e+01
 2.2046933e+00 9.5142698e+00 5.5337172e+00 1.1640388e+00 3.7908134e+00
 1.6574445e+00 3.1244347e+00 1.3312528e+01 9.2298374e+00 3.0572588e+00
 4.9220638e+00 8.6194295e-01 1.0884904e+00 1.7011806e+00 2.5324216e+00
 5.6502301e-01 2.2742763e+00 7.3276900e-02 7.6750737e-01 4.6759892e+00
 3.7054725e-02 4.3020874e-01 1.0117710e+00 2.2687019e+01 1.1915739e-01
 3.8212876e+00 6.5375310e-01 4.2357546e-01 1.9763908e+01 3.8859105e+00
 6.2475972e-02 2.1841457e-01 9.8806124e+00 9.3966615e-01 1.6245224e+00
 1.6838821e-02 1.3707004e-01 7.9918981e+00 2.7485836e+00 7.4190533e-01
 9.4772100e-02 2.4324386e+00 7.8010979e+00 2.7146938e+00 7.6690805e-01
 5.8002262e+00 7.0885239e+00 2.9303223e-02 6.3354999e-01 4.2025918e-01
 3.7333503e+00 6.5637360e+00 7.1677656e+00 9.1328931e-01 2.1866760e+00
 3.1907177e+00 4.2497053e+00 1.2284067e+00 1.4957170e-01 1.0393671e+01
 1.1873489e+01 7.4172869e+00 6.7245207e+00 1.9054250e+00 6.6041746e+00
 6.8580613e-02],9.056597,[3.30433631e+00 2.45346576e-01 2.45375180e+00 9.40593910e+00
 2.28976727e+00 2.19533157e+01 1.63524294e+00 2.78596258e+00
 8.71095562e+00 4.10453200e-01 7.22770095e-01 1.05187476e+00
 1.42171884e+00 4.56387615e+00 1.73660004e+00 8.69325066e+00
 8.32213879e+00 1.90606129e+00 1.25483823e+00 1.62245560e+01
 3.11197519e+00 5.82351200e-02 3.96358395e+00 4.84084606e+00
 4.55959225e+00 2.44153786e+00 1.58085003e-01 7.58573341e+00
 4.74993587e-01 2.63976898e+01 1.67481154e-01 8.36708260e+00
 2.79247135e-01 2.50558224e+01 3.48342819e+01 4.59371042e+00
 5.77284336e-01 6.37023598e-02 2.38106289e+01 8.16884995e+00
 1.22652638e+00 6.79127808e+01 6.90733814e+00 1.16635971e+01
 2.76433229e-01 5.69997883e+00 4.21184158e+00 3.84644222e+00
 1.90717716e+01 2.39625290e-01 7.86841059e+00 3.20772290e-01
 9.09662485e-01 4.87259483e+00 3.53515595e-01 1.71469480e-01
 3.37336153e-01 1.78611904e-01 3.07708889e-01 3.16906023e+00
 3.56328636e-02 3.19874239e+00 1.44231319e-01 1.11348696e+01
 1.83125007e+00 6.60551190e-01 6.77041471e-01 4.41058388e+01
 4.20935440e+00 1.93667583e+01 4.49404232e-02 9.87405872e+00
 2.95618195e+02 2.63148451e+00 9.73430252e+00 1.53056407e+00
 3.66557539e-01 5.80266190e+00 4.27818954e-01 2.48590851e+00
 3.41009572e-02 3.13777618e+01 1.68958354e+00 2.17844009e+00
 2.69535947e+00 4.83186990e-01 6.28537560e+00 3.82639170e+00
 3.20552945e+00 4.88212061e+00 5.48450127e-02 8.90510559e-01
 2.06720066e+00 3.05164051e+00 5.34984350e-01 3.41094613e+00
 6.30750179e+00 8.93628979e+00 2.56976247e+00 1.88446069e+00
 7.53678203e-01 4.86121893e+00 2.54785872e+00 4.46379995e+00
 5.79596710e+00 6.64695024e-01 2.28106666e+00 2.58922958e+00
 7.53706574e-01 3.21892262e+00 1.24084139e+00 1.08162105e+00
 1.53786755e+01 8.52008343e+00 3.33074760e+00 1.12023954e+01
 1.65585637e+00 1.26382709e+00 3.58363771e+00 2.67688503e+01
 5.67106915e+00 1.87893248e+00 6.56828284e-01 2.00496235e+01
 1.51288471e+01 2.66820693e+00 9.82859194e-01 6.30773306e+00
 1.35041392e+00 6.50523722e-01 7.66609478e+00 6.70984077e+00
 1.20379591e+01 3.85195166e-01 5.57001781e+00 1.16489971e+00
 4.02799904e-01 4.30026203e-01 4.26274911e-02 6.80118561e+00
 1.30767047e-01 1.47597635e+00 3.81270409e+00 2.45057344e+00
 6.60687256e+00 2.60000968e+00 5.97702265e+00 8.00931835e+00
 6.04777813e+00 2.90436804e-01 8.74235439e+00 7.84832621e+00
 4.12562370e+00 1.36135159e+01 2.81887960e+00 2.40950179e+00
 2.77705503e+00 1.26024628e+01 8.25550556e+00 1.61518841e+01
 4.31244731e-01 1.03767514e-01 8.14561784e-01 1.46089482e+00
 5.08340478e-01 2.58972955e+00 7.09577513e+00 7.17585444e-01
 5.09066439e+00 6.14205980e+00 9.01187897e+00 5.30128622e+00
 1.32578182e+00 4.42288667e-01 2.83232069e+00 4.59457397e+00
 5.34929156e-01 1.57857621e+00 1.68521965e+00 4.33051407e-01
 1.38887823e+00 1.69416313e+01 1.39708734e+00 2.81019173e+01
 2.15557594e+01 6.68711901e+00 3.11217141e+00 4.98114377e-01
 5.79495668e+00 2.12470570e+01 1.64220154e+00 8.73856735e+00
 1.99784851e+00 1.81899741e-01 5.36650610e+00 2.12004972e+00
 1.07353854e+00 3.64475250e+00 2.60022253e-01 1.69989662e+01
 7.28246117e+00 3.15066886e+00 3.87938237e+00 1.72902429e+00
 4.75907177e-01 9.50163174e+00 3.39541078e+00 1.64125413e-01
 1.57678013e+01 3.00910139e+00 2.56359670e-03 2.44863808e-01
 1.13919306e+00 9.65428829e-01 1.91839814e-01 4.41298246e-01
 3.42556906e+00 1.40169287e+00 3.10119241e-01 1.17439747e+00
 4.78634262e+00 5.93288302e-01 7.89796677e+01 1.41508284e+01
 1.43901706e-01 1.33652985e-02 1.98710704e+00 3.08712769e+00
 2.40729284e+00 1.35094333e+00 1.60958841e-01 3.12347007e+00
 7.81793892e-01 1.29209530e+00 1.18135571e+00 4.22757053e+00
 2.47810955e+01 5.80282882e-02 9.91881847e-01 1.47656527e+01
 1.56145763e+00 2.86218977e+00 1.18496742e+01 2.94550667e+01
 4.47589302e+00 1.33176696e+00 3.26269954e-01 3.82659137e-02
 5.64367390e+00 2.78615608e+01 1.29117179e+00 1.30177891e+00
 7.88993168e+00 1.77775943e+00 5.74243736e+00 5.07093072e-02],-71.27518,-233.06868,-400.0,1.6926894,5.067404,0.9954906,0.63947725,139.88808,-180.69662,1005.0856,284.35248,0.66785425,0.702764,0.10911162,-276.65698,276.65698,[4.3997421e+01 3.8615820e+02 1.6743950e+02 2.6586615e+02 2.6586536e+02
 1.5273188e+03 1.7436050e-01 2.1507440e+02 4.6562853e+00 1.9584126e+02
 1.8349336e+03 5.9163770e+02 4.6624609e+02 4.9901654e+02 6.0148706e+02
 1.2197091e+03 1.3136348e+02 2.2809381e+02 9.0851477e+02 4.1134070e+02
 1.8332309e+02 7.6047058e+01 4.2129059e+02 3.2299700e+00 2.7590662e+01
 2.5994179e+01 1.2962868e+01 1.8393130e+02 1.2833323e+01 8.8378876e-02
 5.9110498e-01 1.9614548e+02 1.5581955e+02 4.3814496e+02 4.1001228e+01
 2.7730780e+02 6.4041205e+02 1.7910233e+02 1.6553713e+01 2.8416104e+00
 8.6556473e+01 2.1621458e+02 6.0516973e+00 2.1062160e+00 4.2209137e+01
 4.9472229e+01 1.3584800e+01 3.0816905e+00 4.1159073e+01 9.4120941e+00
 1.0638965e+03 7.1915268e+01 3.8517517e+03 2.0103680e+02 3.6751602e+01
 1.5838048e+02 4.7157896e-01 1.4186901e+03 2.1692755e+02 7.1841486e+02
 1.9659497e+02 2.3129335e+01 5.0291400e+00 1.0881641e+01 1.9136044e+02
 4.0098167e+01 1.1665304e+03 4.2871452e+01 5.3152905e+00 1.9666438e+03
 7.7131830e+02 2.1714656e+02 1.7061253e+02 3.7932148e+01 2.2450117e+02
 5.7166840e+02 1.3818323e+01 1.8857008e+01 1.2112886e+03 3.2378268e+02
 2.0811377e+02 5.5222070e+02 1.2153197e+02 3.6428702e+02 6.4426479e+00
 1.3410164e+03 1.0775272e+02 1.5121956e+02 2.4636707e+00 6.4768173e+01
 1.0225737e+03 1.4629758e+02 4.4852679e+02 2.4016693e+01 4.8996765e+02
 2.3856358e+01 2.0844759e+01 4.4961208e+01 2.2798566e+02 2.4759537e+02
 2.7585657e+02 4.8211198e+00 2.2170053e+02 5.4686675e+00 3.0773813e+02
 1.0240247e+02 1.0917828e+03 1.7721521e+04 6.9319601e+00 3.7187641e+01
 4.1041156e+02 9.5276575e+02 4.6114243e+01 2.5380268e+01 1.3918523e+02
 8.6260424e+00 2.4293456e+02 2.1789201e+02 9.5514519e+01 1.6735329e+01
 5.3431244e+02 3.8450980e+02 6.0857574e+02 4.6036469e+01 9.0810535e+02
 6.2201440e+02 8.0103111e+01 1.4685638e+01 4.8543655e+01 6.0102295e+03
 5.6662960e+01 1.1139008e+03 1.2475939e+01 2.1687218e+02 1.9311633e+02
 3.6706322e+01 7.0166712e+00 8.2475122e+02 4.1608500e+00 2.1404160e+01
 6.2747350e+00 1.0838471e+01 1.1210441e+03 2.7425537e+01 3.4383564e+01
 6.5673251e+00 1.6483070e+03 1.8908475e+02 3.6433179e+02 9.4154329e+00
 1.1479965e+02 1.3602815e+02 7.1612259e+01 5.2597046e+02 1.8469997e+01
 8.6432266e+00 2.9913083e+02 3.7432852e+02 7.3056061e+01 3.0853000e+02
 1.2059498e+03 6.5113426e+01 2.9952316e+02 2.7031870e+02 4.8479004e+01
 3.3100197e+01 3.2467932e+02 5.2286863e-01 4.5952717e+01 1.2210566e+01
 2.6873438e+02 3.3831900e+02 1.3341528e+03 5.1241150e+01 5.5818096e+01
 4.1807146e+00 9.0681870e+01 1.2120447e+03 5.6861752e+01 7.7653099e+01
 6.0667290e+01 1.0768701e+03 1.5025101e+02 1.0934974e+03 1.7105681e+03
 1.8650275e+02 8.8259247e+01 4.6051065e+02 2.9895950e+02 5.6085052e+02
 5.0615772e+01 4.5249307e+03 1.0302912e+01 1.2464937e+03 2.2418080e+02
 2.9695511e+02 9.8647223e+00 7.9398901e+02 2.6932333e+02 3.0775897e+02
 9.0914742e+01 3.0695627e+02 7.8090363e+00 3.7360120e+02 3.4048273e+02
 2.4967320e+02 3.0059549e+02 1.4611766e+00 1.4276535e+02 1.9930533e+02
 4.5382893e-01 3.4421097e+02 1.3144291e+03 2.5286333e+02 6.4218836e+00
 9.9233917e+01 4.2706067e+02 2.4822166e+01 5.1362781e+02 1.9874340e+01
 1.0285899e+02 2.9287785e+01 5.2680584e+01 4.0214428e+01 5.6169804e+01
 1.6256348e+02 1.7569490e+02 1.3745743e+02 7.3173729e+01 6.6534157e+00
 6.3162317e+02 2.0103773e+02 2.5537041e+03 5.1850651e+01 5.5146904e+00
 1.1044144e+03 2.2872103e+01 9.4946804e+00 1.3508837e+00 9.2383051e+02
 1.6744106e+02 2.2521027e+02 1.1843947e+00 1.4666667e+02 1.9886089e+01
 4.8081494e+02 2.7565494e+02 4.0781088e+02 2.5775995e+02 6.7778400e+02
 8.9499487e+02 4.0032544e+02 2.3499681e+02 9.1509918e+02 1.4654126e+02
 1.3371954e+02],578.95166,[4.28026962e+01 3.81019287e+02 9.82424927e+01 3.35043396e+02
 1.42602051e+02 1.39822510e+03 2.05308095e-01 1.14684631e+02
 3.86836958e+00 1.97877712e+01 1.89062598e+03 9.05202026e+02
 4.13554626e+02 5.80399719e+02 5.00320007e+02 6.47811157e+02
 3.45516891e+01 1.67350098e+02 9.06273010e+02 5.95054260e+02
 1.84976517e+02 4.79142303e+01 2.32400330e+02 1.65137124e+00
 1.10354233e+01 1.08834438e+01 1.02176249e+00 1.85945572e+02
 8.34240913e+00 2.07870827e+01 6.66266739e-01 1.76012772e+02
 4.99466667e+01 4.97317688e+02 3.72403183e+01 4.14739258e+02
 2.26403702e+02 1.39208008e+02 5.79889953e-01 1.96227181e+00
 8.20562210e+01 1.32537628e+02 4.88262463e+00 1.91721988e+00
 4.51594887e+01 4.79267159e+01 8.26763058e+00 1.22875023e+00
 2.69765377e+00 2.66751862e+01 8.02742920e+02 6.22392426e+01
 3.96810449e+03 2.77441193e+02 1.77432632e+01 1.14842545e+02
 4.04670835e-01 9.02845947e+02 2.06665802e+02 9.44825134e+02
 2.06947372e+02 2.45940647e+01 4.70854521e+00 4.68106880e+01
 1.36251038e+02 8.65588303e+01 1.13845020e+03 1.34715500e+02
 5.09980822e+00 2.13444214e+03 5.76272156e+02 1.06351707e+02
 1.35434387e+02 4.11187019e+01 2.57219604e+02 5.51843811e+02
 6.89374161e+00 1.45935764e+01 1.11890881e+03 2.53198090e+02
 7.42449219e+02 4.49867554e+02 1.25523880e+02 2.87561768e+02
 6.78496218e+00 1.34361914e+03 6.01511230e+01 7.70750275e+01
 3.03069997e+00 6.41847534e+01 1.02824390e+03 1.13226624e+02
 2.74519348e+02 4.48545685e+01 4.75359802e+02 9.64597092e+01
 3.08840046e+01 1.93601437e+01 2.44447098e+02 3.14669159e+02
 1.70552048e+02 4.88701534e+00 2.15106831e+01 3.42818737e+00
 7.52494934e+02 1.16674034e+02 1.33036584e+03 1.72943203e+04
 6.94631290e+00 5.63016243e+01 5.28794373e+02 1.00246960e+03
 2.02823639e+01 3.32724881e+00 1.34624298e+02 8.66910744e+00
 3.77489204e+01 2.63609810e+01 9.38098068e+01 3.32375789e+00
 6.01813782e+02 2.84205170e+02 5.94883545e+02 8.73811531e+00
 8.92415710e+02 4.90786865e+02 2.95712070e+01 2.85342197e+01
 5.33793945e+01 5.03119629e+03 5.33437805e+01 1.13537915e+03
 1.25964565e+01 1.67225281e+02 1.94067017e+02 3.69986076e+01
 7.86157513e+00 9.43366089e+02 4.08379269e+00 2.13756847e+01
 4.75136423e+00 1.12292814e+01 4.44144867e+02 2.13120918e+01
 2.34240265e+01 6.57042885e+00 1.70512634e+03 1.92512939e+02
 2.78233643e+01 9.52132416e+00 1.18652267e+02 7.98216782e+01
 1.16177483e+02 3.11406677e+02 8.37928238e+01 1.25641098e+01
 2.98962219e+02 3.77133209e+02 3.14656792e+01 5.19604370e+02
 1.33344019e+03 3.39556046e+01 2.63103333e+02 3.08807739e+02
 1.58406458e+01 5.26604576e+01 6.77206268e+01 5.09217680e-01
 1.34352989e+01 9.26912842e+01 1.18054253e+02 4.01979767e+02
 6.99803406e+02 2.53307095e+01 5.78376846e+01 4.30989408e+00
 6.07635345e+01 7.88974915e+02 9.36567841e+01 7.78819885e+01
 1.71073944e+02 3.82245819e+02 1.98595596e+02 5.43069519e+02
 1.50490442e+03 1.84834839e+02 4.07988434e+01 4.42826904e+02
 2.73465271e+02 4.53587402e+02 2.28359318e+00 4.54722412e+03
 3.10482287e+00 8.64289246e+02 2.04603729e+02 1.82898956e+02
 1.09705610e+01 8.41115112e+02 1.75797623e+02 3.55171600e+02
 4.52018204e+01 3.05763885e+02 7.66303158e+00 2.50054230e+02
 5.09799438e+02 4.61711243e+02 3.83428375e+02 1.84323859e+00
 1.00409393e+02 2.31805328e+02 7.85784245e-01 2.91439697e+02
 5.12027100e+02 2.31397705e+02 6.24320698e+00 1.03165833e+02
 4.30243622e+02 2.82052307e+01 6.21184204e+02 1.70760632e+01
 1.45115681e+01 1.87854195e+01 3.08219604e+01 3.32743034e+01
 9.44668293e+00 1.61349518e+02 8.37097855e+01 1.53596542e+02
 9.23693695e+01 7.05806923e+00 2.72104858e+02 2.34673019e+02
 2.69589258e+03 6.27007256e+01 5.91015244e+00 1.10802515e+03
 3.00453625e+01 1.49224520e+00 1.57036948e+00 8.04450073e+02
 1.41174728e+02 2.48165741e+02 1.73077154e+00 1.09201004e+02
 3.61740379e+01 3.37807129e+02 2.48710129e+02 3.10129578e+02
 4.79655037e+01 6.62860107e+02 1.00930035e+03 3.09413086e+02
 2.32892319e+02 8.79420654e+02 2.52189026e+02 7.72874298e+01],-143.14905,-299.72247,-399.15292,2.4435053,10.690525,0.99425364,0.6889457,0.01317549469947815,10162.888370275497,-0.11780148233096886,-0.0018010232738247265,-0.11778802000191788,0.0008348339546965187,-0.7065799480500905,25.099999999996967,0.0,750000.0,-2.0,-1000.0,500.0,6.612715005874634,750000
159.711,0.07512206,0.68662924,0.0066812593,-152.76958,152.76958,[7.82423592e+00 9.33612633e+00 1.72511446e+00 7.39049256e-01
 1.28068936e+00 3.68612826e-01 1.07095594e+01 3.17426658e+00
 3.26364070e-01 7.00854111e+00 7.16305923e+00 1.41675019e+00
 8.11400563e-02 4.00819254e+00 5.10749197e+00 4.16143388e-01
 8.20768738e+00 3.24053097e+00 9.22540188e-01 2.12805319e+00
 7.25341082e-01 2.11989760e-01 9.49885309e-01 6.60056591e+00
 1.80753171e-01 7.07632229e-02 1.19367310e+02 1.44348021e+01
 3.93521762e+00 6.09427452e-01 6.92051506e+00 1.20988817e+01
 1.79189796e+01 3.35110474e+00 2.91171670e+00 2.42484331e+00
 4.90299320e+00 1.93521881e+00 9.77494240e+00 1.11937904e+01
 4.33194447e+00 1.58777261e+00 2.23871917e-01 1.36281371e+00
 8.72170353e+00 1.28801060e+01 1.46007404e+01 4.43624401e+00
 1.27454713e-01 1.19322360e+00 2.02232990e+01 5.67368984e+00
 8.01846683e-01 1.52672783e-01 1.32555509e+00 1.00415592e+01
 6.39253426e+00 7.01204109e+00 2.43906212e+00 1.32979840e-01
 2.66453695e+00 7.81794548e-01 4.44236755e+01 7.05554605e-01
 5.83223200e+00 2.77722552e-02 7.81321430e+00 2.74241495e+00
 3.56938899e-01 1.95618665e+00 1.52578104e+00 3.01619864e+00
 1.62114251e+00 1.77690468e+01 1.33974876e+01 4.90149349e-01
 1.41464591e-01 7.43122482e+00 1.38314459e-02 7.31298256e+00
 2.82112198e+01 1.43533688e+01 5.21032238e+00 2.05281448e+01
 8.85880375e+00 1.11139250e+01 4.51377660e-01 6.52232468e-01
 6.48650646e+00 1.63375580e+00 5.17467856e-01 8.25560033e-01
 2.76605904e-01 2.71296430e+00 3.13161564e+00 1.59537735e+01
 1.13511610e+00 3.13352656e+00 1.03573837e+01 1.31102409e+01
 4.99106026e+00 1.11444914e+00 2.06486950e+01 8.08753610e-01
 1.04749918e+01 5.65238371e-02 6.15590572e+00 4.30224210e-01
 4.25275612e+00 1.05661936e-01 5.42725992e+00 1.76684332e+00
 4.35556984e+00 6.15397155e-01 1.04596758e+01 7.19331312e+00
 9.92909074e-01 4.66481075e-02 5.56415081e+00 9.78311673e-02
 1.31410494e+01 8.15090775e-01 4.53248322e-02 1.18679011e+00
 6.01569080e+00 4.79655800e+01 3.59620619e+00 1.54865360e+01
 6.66822791e-02 1.39913297e+00 1.90357542e+00 1.70604098e+00
 4.01825857e+00 1.98431599e+00 1.99786946e-01 5.42180061e+00
 8.86803722e+00 5.74920177e-01 3.45763475e-01 5.78520596e-01
 3.61051053e-01 4.28392363e+00 1.14239287e+00 2.73941445e+00
 2.16452837e-01 5.52068996e+00 7.68430090e+00 2.29710722e+00
 3.44760895e+00 3.46746025e+01 7.55260324e+00 3.17811942e+00
 3.28561640e+00 1.30169439e+00 6.07223272e+00 1.10435569e+00
 8.80846405e+00 6.04318082e-01 2.44511342e+00 5.42745399e+00
 1.97045970e+00 9.67993498e-01 2.06764946e+01 6.94713444e-02
 1.42532527e-01 2.32505741e+01 9.79567146e+00 2.02184701e+00
 8.13805294e+00 3.47408533e+00 2.02624359e+01 1.35415821e+01
 4.59655857e+00 6.61548972e-01 1.35947275e+01 5.37238359e+00
 3.67856085e-01 3.53268814e+01 9.56787586e+00 1.17374706e+00
 5.70688844e-01 3.09353662e+00 1.31677628e+00 5.88111639e+00
 8.07890472e+01 3.82587671e-01 2.91579455e-01 2.68160129e+00
 6.36273384e+00 1.54441700e+01 1.59823442e+00 8.35825348e+00
 1.15800018e+01 2.64769764e+01 7.24030685e+00 1.54638278e+00
 7.80820274e+00 4.47783422e+00 1.55913198e+00 4.39776897e+00
 1.74523473e-01 5.28937697e-01 3.07167363e+00 7.67541409e+00
 9.26025867e+00 1.08769341e+01 7.50176620e+00 2.48249483e+00
 2.11224198e+00 7.25204468e+00 4.29049999e-01 4.37543411e+01
 2.79036194e-01 2.61612625e+01 2.15623593e+00 3.02418971e+00
 3.99568343e+00 1.30057077e+01 2.22031879e+00 3.50149345e+01
 1.01386604e+01 9.12777805e+00 8.53920460e-01 1.08262148e+01
 3.30298138e+00 3.41764641e+00 6.13059568e+00 1.20495990e-01
 2.89116836e+00 1.21880617e+01 3.90679181e-01 2.86064577e+00
 2.10347176e+00 8.73608971e+00 1.02189302e+00 3.64347482e+00
 1.21728778e+00 8.88663679e-02 8.29184341e+00 2.80438328e+00
 3.90798473e+00 3.10648060e+01 4.55703688e+00 1.09732113e+01
 1.36451609e-02 2.19722033e+00 4.05435503e-01 1.46528549e+01
 2.34523392e+00 4.24786377e+00 1.23218060e+00 1.58602393e+00
 7.48210049e+00 7.47538233e+00 3.03709149e+00 4.17455959e+00],7.0210705,[1.3002090e+00 4.7073275e-01 3.8138273e+00 2.5341488e+01 6.5119052e-01
 1.7335061e+00 1.4073795e+00 2.4733312e+00 3.0106485e-01 5.0884610e-01
 1.7680228e+00 1.5713831e+00 8.1895038e-02 1.4485376e-02 1.8282952e+00
 2.1310344e+00 2.4842732e+00 3.1716726e+00 1.0129050e+00 2.3525021e+00
 6.5472674e-01 1.0909238e-01 3.5520792e+00 2.4132104e+00 7.4156995e+00
 3.7234378e-01 4.2434855e+00 1.9013324e+00 5.6904900e-01 1.1524745e+00
 2.6230259e+00 2.6478329e-01 1.5564617e+00 1.8662067e-01 1.0093839e+00
 1.7592306e+00 6.2623973e+00 8.6726665e+00 1.0034643e+01 1.5777624e+00
 8.6732763e-01 1.2307321e+00 2.0993885e-01 1.0397148e+00 5.0862298e+00
 8.1764698e+00 1.5920918e+00 1.9799290e+00 2.4619684e+00 1.2304074e+00
 3.6212495e-01 8.3467042e-01 1.0277221e+00 8.4043458e-02 7.5201535e-01
 5.4910427e-01 1.4632510e-01 1.5823636e+00 3.5791326e-01 1.2245780e-01
 6.3849503e-01 6.7886317e-01 4.8909054e+00 4.1704030e+00 6.0367217e+00
 1.1755534e-02 1.3050167e+01 5.8650029e-01 2.3557594e-01 2.9710748e+00
 8.1754351e-01 3.1541589e-01 8.7917173e-01 1.3862539e+01 1.3690612e-01
 5.6245881e-01 4.0722723e+00 6.1057465e+01 5.7351450e-03 4.7822561e-02
 3.3498468e+00 2.4633319e+00 4.1470466e+00 7.0696726e+00 2.2736211e+00
 1.8725072e+00 5.5686841e+00 4.1970247e-01 2.8821337e+00 1.5609069e-02
 7.0493829e-01 6.0597706e-01 1.0079753e+00 1.2363339e+01 2.3843349e+01
 4.0109918e-01 1.2905324e-01 5.5718207e+00 5.3260922e-01 1.9393158e+00
 6.7139924e-01 9.9260974e-01 3.6235505e-01 6.4608121e+00 9.8868351e+00
 2.4730686e-02 1.2274191e+00 1.4725953e-01 3.3485931e-01 1.3378994e-01
 6.0048074e-01 3.9012761e+00 8.9542675e-01 2.5132279e+00 6.7094126e+00
 3.0008155e-01 6.3062133e-03 7.5852787e-01 4.7504938e-01 7.4052629e+00
 9.1892731e-01 1.3425112e+00 2.0727092e-01 5.1606870e-01 2.1486897e+00
 6.9802165e+00 1.0243349e+00 4.0963783e+00 6.7242235e-02 2.2523415e+00
 1.2014711e+00 3.4076381e+00 7.9963207e+00 1.2034351e+00 1.1619733e-01
 9.1696537e-01 9.6518511e-01 1.1909823e+00 2.6228708e-01 2.5353191e+00
 2.7910155e-01 5.2621369e+00 1.0405679e+00 1.6882226e+00 1.8921648e-01
 5.9994870e-01 5.9546642e+00 2.9022036e+00 4.3022146e+00 7.5682945e+00
 5.3482308e+00 1.4380634e+00 2.0534632e+00 2.2563279e+00 5.0335150e+00
 1.1212802e+00 1.4852090e-01 2.2546284e+00 1.9819083e+00 1.1836969e+00
 5.2507939e+00 6.1102253e-01 4.0700397e+00 7.6603870e+00 9.6077360e-02
 1.9387435e+00 3.2961410e-01 2.8708508e+01 1.5167290e+00 1.0424515e+00
 1.6342648e+01 7.6473403e-01 2.8672364e+00 1.8067156e+00 1.3370262e+01
 9.1072836e+00 1.7238516e+00 1.5532479e+00 2.6722689e+00 9.5606929e-01
 2.8274858e-01 3.0486448e+00 1.7655563e+00 1.4006397e+00 4.8717552e+01
 1.8384323e+00 9.1422617e-02 2.9485648e+00 1.9607121e-01 1.6425452e-01
 2.6999280e+00 8.3078051e-01 2.3959935e+00 3.9198468e+00 1.6921484e+00
 2.8601127e+00 6.5677404e-01 2.7584083e+00 2.4849491e+00 1.5375676e+00
 4.3295736e+00 7.3196340e-01 4.8110947e-01 4.4390945e+01 3.0436430e+00
 6.2534344e-01 3.8060927e-01 3.3563960e-01 1.5381007e+00 3.2492392e+00
 3.7727626e-03 1.4373203e+01 4.2751849e-01 5.4497795e+01 1.3878930e+01
 3.5780327e+00 2.1927361e+00 1.7906395e+00 1.0998496e+00 9.4632759e+00
 8.9917393e+00 3.3997588e+00 1.7396806e+00 2.1765671e+00 3.8763654e+00
 3.1667690e+00 7.6082623e-01 2.8825557e-01 2.2234585e+00 1.1480198e+01
 1.8599137e+00 6.7861706e-01 8.5095158e+00 6.6241497e-01 2.1128812e-01
 4.6364074e+00 2.1971130e+00 6.2893438e+00 7.4345016e+00 3.3751400e+00
 2.7599621e+00 3.3914418e+00 1.5366871e+00 4.3559914e+00 3.7295725e-02
 1.2053182e+00 3.5428101e-01 7.4856669e-02 6.4981413e+00 7.9753101e-01
 1.6039089e+00 2.4656761e+00 9.7253942e-01 2.3448677e+00 8.3710767e-02
 1.3815948e+00],-35.940086,-226.98271,-400.0,1.6938218,6.0289373,1.0052117,0.6380298,215.479,-363.40854,1394.2172,277.30142,0.66706425,0.65399927,0.10085416,-270.09436,270.09436,[6.52767761e+02 4.88226557e+00 1.36058887e+03 2.70120373e+01
 1.89652290e+01 1.57899536e+02 1.26757031e+03 4.06969337e+01
 1.46899048e+02 1.39341528e+03 4.06076698e+01 9.81941414e+00
 2.12982941e+01 1.74457474e+02 1.72147913e+03 3.51510590e+02
 3.84980408e+02 3.64602173e+02 2.70926285e+01 4.17780914e+01
 1.33957886e+03 1.05743372e+03 2.67085785e+02 1.75474976e+02
 1.85246253e+00 8.25611450e+02 2.24172020e+01 8.91612930e+01
 8.68634399e+02 5.00080681e+01 1.91749878e+03 2.14068241e+01
 4.20337391e+00 3.98990631e+01 1.04187378e+03 8.37332764e+01
 6.46916321e+02 2.24079514e+02 2.00065041e+01 9.68329086e+01
 3.11509338e+02 1.50609448e+03 4.97714569e+02 2.15913745e+03
 3.24597168e+02 2.08061957e+00 2.03629028e+03 2.17323944e+02
 2.61497253e+02 1.00391264e+01 1.47047215e+01 1.17510777e+01
 1.22796428e+00 1.31193262e+03 7.46894073e+00 8.64930786e+02
 5.17363770e+02 1.05251294e+03 6.62014221e+02 6.88228027e+02
 2.41703705e+02 7.24941301e+00 1.06127815e+02 4.41330322e+02
 1.36764572e+02 1.51302612e+02 2.08056226e+03 6.75059605e+00
 2.35330884e+03 1.73757520e+03 9.26378441e+00 2.23015289e+02
 7.31022827e+02 1.68992017e+03 1.73717937e+01 4.95459366e+01
 3.75546227e+01 8.40736294e+00 1.01210060e+01 7.97642334e+02
 3.93243670e+00 2.46481415e+02 2.28543339e+01 1.20338123e+03
 3.19395661e+00 1.63542664e+02 8.88464069e+00 5.83067274e+00
 2.27814453e+02 1.21685699e+02 4.78939514e+02 4.82038002e+01
 1.71471924e+02 2.75496693e+01 3.26713574e+03 5.93121767e+00
 1.46142206e+01 3.90742035e+02 1.81985302e+01 3.61878853e+01
 5.04756287e+02 2.70911484e+01 6.50092697e+01 1.73429737e+01
 1.42867157e+02 5.71414844e+03 2.07190342e+01 8.55181961e+01
 3.94355774e+02 7.97501068e+01 2.03955765e+02 2.21132172e+02
 6.24687767e+00 1.75284119e+02 4.24929779e+02 6.16691223e+02
 6.16815414e+01 1.64371300e+01 1.06710896e-01 2.10102386e+01
 1.11491680e+00 7.72543182e+01 3.29997223e+02 5.87630493e+02
 2.35163892e+03 4.22387314e+00 4.75363791e-01 6.74369873e+02
 3.75277802e+02 1.60397766e+02 1.15061498e+00 8.98607788e+01
 1.09193291e+02 5.61589539e+02 2.35329697e+02 1.08079767e+00
 6.64640570e+00 4.77319855e+02 6.18203369e+02 8.18636719e+02
 7.93773699e+00 9.17037476e+02 8.12482300e+01 1.12644324e+03
 1.41819477e+01 3.01184875e+02 2.05328522e+02 3.40113342e+02
 1.04887323e+01 7.89323502e+01 4.12646523e+01 7.11282682e+00
 6.86887939e+02 1.68784882e+02 6.54667130e+01 5.54482849e+02
 2.31393188e+02 3.63431091e+02 1.01291523e+01 4.05367737e+01
 1.39934009e+03 2.58239233e+03 6.33561707e+01 7.48669678e+02
 1.02097940e+01 3.44148254e+02 1.61841125e+03 5.60005493e+01
 1.01676620e+02 1.14850244e+03 1.58507812e+02 3.21316566e+01
 2.75256710e+01 8.18256836e+01 1.39111713e-01 9.21596336e+00
 2.70368988e+02 5.11008881e+02 4.11858749e+01 4.94558105e+02
 1.01387764e+02 3.14340607e+02 4.49434090e+00 3.54939575e+02
 1.16158104e+01 2.08080139e+02 4.70970795e+02 6.01205627e+02
 4.60638076e-01 3.70155182e+01 2.18092132e+00 1.17609778e+03
 1.07391504e+03 3.40327911e+02 2.85001587e+02 4.73784180e+01
 3.81885132e+02 2.37057587e+02 4.56237373e+01 1.43665735e+03
 5.05897980e+01 2.84087555e+02 9.14518814e+01 2.48255901e+01
 3.74033875e+02 9.37770996e+02 3.47420685e+02 1.44059952e+02
 5.66082214e+02 1.50973678e-01 1.04336119e+01 2.70586991e+00
 1.01953906e+03 2.71113190e+02 9.99721050e-01 2.86832943e+01
 3.86159515e+01 1.64456158e+01 4.55544243e+01 5.61941284e+02
 1.64217847e+03 7.74326897e+00 2.75789062e+02 1.13730764e+01
 6.01631939e-01 5.10447998e+02 7.81428894e+02 1.35524216e+02
 2.25572906e+02 1.55598879e+01 5.22880005e+02 1.12338184e+03
 1.36524023e+03 5.46499268e+02 1.01322037e+02 4.30043762e+02
 6.19924450e+00 4.50457954e+01 2.17214172e+02 4.54488464e+02
 9.46535797e+01 5.09725433e+02 7.91670288e+02 3.87179626e+02
 4.06182715e+03 2.14705597e+02 1.26604858e+03 6.73604797e+02
 1.86912024e+00 1.13780908e+03 1.52053413e+01 2.12588196e+02
 3.54251190e+02 3.54399834e+01 2.41074982e+02 4.48804199e+02],611.78577,[5.76712341e+02 4.52484608e+00 1.35464587e+03 3.56020749e-01
 1.71216545e+01 1.96548214e+01 1.42746692e+03 2.94125671e+01
 1.48618027e+02 1.34988635e+03 8.41699219e+01 6.34972000e+00
 2.26783504e+01 4.89054337e+01 1.70688977e+03 2.18842377e+02
 2.65550781e+02 3.71158936e+02 3.11304359e+01 8.24783325e+00
 1.30222925e+03 1.22706287e+03 1.14298534e+01 7.88954239e+01
 1.82900858e+00 6.18111816e+02 6.42447472e+00 1.40141306e+01
 1.19707373e+03 4.15208511e+01 2.02353174e+03 3.65154266e+00
 4.32817507e+00 5.10335617e+01 9.68942871e+02 2.89764023e+01
 1.76637833e+02 1.53600143e+02 2.34739323e+01 1.15716415e+02
 3.36569000e+02 7.80108521e+02 3.55704956e+02 1.65486035e+03
 3.16697205e+02 1.44325480e-01 1.94959583e+03 2.08948715e+02
 1.76229584e+02 4.34538126e+00 6.33392258e+01 7.16593552e+00
 7.79158652e-01 1.48753101e+03 2.83723855e+00 8.44817749e+02
 5.67769348e+02 8.69705811e+02 5.40446777e+02 8.70923950e+02
 1.70319855e+02 4.70714951e+00 1.19738708e+02 3.42784180e+02
 1.31590376e+01 7.99830399e+01 2.09207227e+03 5.91091633e+00
 2.25374561e+03 1.06885205e+03 1.43792023e+02 2.99504456e+02
 3.83298004e+02 9.30817993e+02 7.75172758e+00 1.00473984e+02
 2.96936817e+01 3.70207810e+00 9.56205750e+00 7.62452942e+02
 3.08099365e+00 2.28034241e+02 1.83235703e+01 1.08647351e+03
 1.80065346e+00 1.57025131e+02 6.46073484e+00 4.29744387e+00
 2.38687927e+02 3.90548668e+01 6.44518066e+02 4.30880508e+01
 5.62673664e+00 2.33123322e+01 2.98421973e+03 5.17943649e+01
 4.35797691e+01 3.80966980e+02 1.71605892e+01 2.74439125e+01
 4.93702362e+02 1.33227249e+02 5.18222427e+01 1.51921377e+01
 2.48708248e+01 5.43453906e+03 6.47015686e+01 4.36365662e+01
 4.02037781e+02 7.10265350e+01 1.17609863e+02 1.97991318e+02
 1.42602753e+02 1.40836517e+02 4.69937408e+02 6.47172729e+02
 6.11436920e+01 3.47919540e+01 1.41127491e+01 1.55226707e+01
 7.33786821e-01 7.34524689e+01 3.24149780e+02 5.43309143e+02
 2.27092383e+03 3.37544680e+00 8.12957510e-02 6.73881104e+02
 4.10726501e+02 1.63951767e+02 1.18480396e+00 6.27066956e+01
 1.25180130e+02 3.21917969e+02 2.64924469e+02 9.45806444e-01
 4.59733200e+00 4.00484619e+02 6.53403748e+02 6.78309448e+02
 9.42288494e+00 9.63530090e+02 1.48720551e+02 4.62664398e+02
 8.31533241e+00 3.04878845e+02 2.62035339e+02 3.12686890e+02
 2.33917980e+01 1.68997555e+01 1.57877293e+01 7.06986761e+00
 6.59939392e+02 1.36372719e+01 4.14548874e+01 1.47628418e+03
 1.57132225e+01 3.65698822e+02 2.58843460e+01 7.89640121e+01
 1.36206238e+03 4.93762061e+03 1.43248260e+02 6.61247803e+02
 3.48269892e+00 6.31004181e+01 1.67004541e+03 1.13756088e+02
 6.52202759e+01 1.16615845e+03 1.58840546e+02 3.27425461e+01
 2.83512192e+01 3.17715321e+01 1.39052033e-01 1.00576448e+01
 1.77239761e+02 3.74992371e+02 6.74884367e+00 6.09549683e+02
 2.38591480e+01 1.78317932e+02 6.31999636e+00 9.77684708e+01
 1.17424622e+01 2.11045670e+02 2.76458282e+02 6.14588470e+01
 4.07898307e-01 3.81317062e+01 2.42085409e+00 1.17678381e+03
 1.07290894e+03 4.12845459e+02 1.56774139e+02 1.09745049e+02
 7.45379395e+02 2.37150726e+02 4.51926651e+01 7.41067566e+02
 4.97880630e+01 2.56118561e+02 5.86371689e+01 1.78835332e+00
 1.19972481e+02 6.14976990e+02 1.13089424e+02 8.34996948e+01
 2.10727646e+02 1.86036319e-01 1.09596539e+01 2.67223501e+00
 9.28778381e+01 3.85770325e+02 1.39248455e+00 3.28959808e+01
 2.74668541e+01 1.66824017e+01 2.39162712e+01 5.97762329e+02
 1.65630493e+03 8.44571209e+00 2.71766174e+02 1.07899475e+01
 2.07879111e-01 3.56520996e+02 1.00635748e+03 1.90129959e+02
 1.94324524e+02 1.30115814e+01 5.88808960e+02 1.52295312e+03
 1.31081567e+03 5.28630493e+02 1.32160309e+02 7.63594116e+02
 6.65512466e+00 1.10295761e+02 1.26379181e+02 4.59469543e+02
 1.20734581e+02 4.44973175e+02 7.70702515e+02 4.88909302e+02
 4.00602051e+03 1.13573891e+02 1.25649072e+03 5.22044128e+02
 1.44376993e+00 1.47849463e+03 1.98380280e+01 4.19805634e+02
 1.02931786e+02 4.65316925e+01 2.60248962e+02 4.67364746e+02],-125.91675,-287.23438,-397.51202,2.6244714,17.54279,0.98911977,0.6979409,0.013669917449951172,10504.636327505112,-0.20413547713454488,-0.0050094868104621024,-0.20340565087806955,0.0100867310051215,-1.2148760585899774,25.099999999996967,0.0,775000.0,-2.0,-1000.0,500.0,6.638368129730225,775000
146.70483,0.08007747,0.7440392,0.008045275,-139.18437,139.18437,[1.87170875e+00 2.31693432e-01 3.58943701e+00 6.33771944e+00
 4.48914719e+00 5.26655102e+00 6.49350286e-01 2.30662197e-01
 2.08447952e+01 4.80828762e+00 1.87335193e+00 2.16202402e+00
 1.09247618e+01 2.51312470e+00 4.40651035e+00 2.89295346e-01
 9.25724411e+01 5.23231104e-02 1.87941513e+01 3.70155901e-01
 9.03165436e+00 3.66837358e+00 3.43934097e+01 6.25807381e+00
 5.31081104e+00 3.28420854e+00 9.78003693e+00 5.38447495e+01
 7.09217072e+00 1.13180041e+00 1.24108982e+00 2.13901377e+00
 4.98741436e+00 2.12564111e+00 1.26730585e+01 2.63613939e+00
 1.19265449e+00 4.53757629e+01 3.49821138e+00 1.79063622e-02
 2.97006178e+00 6.39816940e-01 2.61449146e+00 2.56882811e+00
 3.31818318e+00 2.75895405e+01 2.46827087e+01 1.60724854e+00
 3.87561178e+00 2.48162889e+00 7.97521591e+00 2.63531923e-01
 1.20383859e+00 1.13266859e+01 1.44094193e+00 1.84300156e+01
 1.92722172e-01 3.55309583e-02 8.74662590e+00 1.47499049e+00
 1.14937735e+00 2.29695630e+00 2.10537386e+00 2.44231606e+00
 1.91573834e+00 9.59583402e-01 2.53650039e-01 2.28361893e+00
 8.92092323e+00 4.41445827e+00 3.74604344e+00 2.21050644e+00
 5.90062428e+00 2.52984810e+01 6.07021523e+00 2.15602112e+00
 1.85793698e-01 1.35845020e-01 2.84739041e+00 4.01719522e+00
 3.02397919e+00 3.63967538e+00 5.34396410e-01 1.42472534e+01
 1.07674398e+01 2.92595959e+00 3.42779884e+01 2.18347222e-01
 4.76187372e+00 5.16489685e-01 5.02205670e-01 1.09591064e+01
 7.60138798e+00 1.72903657e-01 2.41660833e+00 8.96527052e-01
 1.80553818e+00 1.86480784e+00 1.16841006e+00 1.78884196e+00
 1.62767754e+01 3.90162170e-01 4.19955492e+00 2.97184157e+00
 7.42273331e+00 4.26275164e-01 1.30186486e+00 1.32113445e+00
 4.96052504e+00 4.96867466e+00 2.95173466e-01 5.32577559e-02
 1.21273785e+01 9.25574660e-01 6.76103258e+00 2.55766010e+00
 4.66953039e+00 1.29258089e+01 1.02701759e+00 1.03212833e+00
 1.90260142e-01 2.98475313e+00 2.24579081e-01 3.66108847e+00
 2.44188592e-01 3.01247406e+00 3.97117949e+00 4.23811626e+00
 5.18246770e-01 5.62284279e+00 1.67329505e-01 6.11074638e+00
 5.55916071e+00 1.21685898e+00 9.27723587e-01 4.60469913e+00
 9.70655441e-01 2.33488541e+01 1.54810250e+00 1.82373309e+00
 1.79420948e+00 6.89634144e-01 1.17898285e-01 1.28612709e+00
 1.10375524e+00 1.49855733e+00 9.92605877e+00 1.49058080e+00
 2.68826723e+00 3.19260645e+00 4.73296690e+00 1.63459346e-01
 9.53050911e-01 1.79700971e+00 1.33052123e+00 2.31244850e+00
 2.68865371e+00 5.76853466e+00 6.99323425e+01 7.33094335e-01
 1.14130354e+00 1.24954643e+01 2.31502473e-01 2.22355509e+00
 9.71881211e-01 1.09799843e+01 9.54545784e+00 3.82381082e-01
 7.95314598e+00 1.24911296e+00 7.74300575e-01 3.50995898e+00
 3.47881603e+00 4.25125510e-01 4.47114849e+00 2.59704185e+00
 2.40785539e-01 1.20206726e+00 3.79337215e+00 3.66965032e+00
 1.46722460e+01 3.48962631e+01 2.42182517e+00 1.27916265e+00
 9.93646204e-01 1.09983253e+01 8.62310529e-02 1.46140718e+01
 1.17256618e+00 3.54284706e+01 7.47332239e+00 1.28894496e+00
 1.36307535e+01 5.83670795e-01 5.76475096e+00 2.68291426e+00
 6.92850411e-01 1.73988366e+00 1.06190281e+01 2.97953272e+00
 1.80800796e+00 8.17482412e-01 4.66526747e-01 9.81322885e-01
 6.21382189e+00 2.43821168e+00 1.93102467e+00 7.27808685e+01
 4.35054398e+00 2.68820915e+01 1.00873935e+00 5.59891415e+00
 3.96685779e-01 3.81534958e+00 1.22846164e-01 7.47069120e-01
 9.49520969e+00 7.37402439e-01 4.74008703e+00 2.14704722e-01
 1.83293343e+00 1.32426250e+00 5.69028425e+00 9.55421066e+00
 1.99794235e+01 4.20630634e-01 3.07433510e+00 4.67981517e-01
 8.74698162e-01 4.39106178e+00 9.42985535e-01 6.85832798e-02
 5.15772486e+00 5.91792762e-01 1.13911791e+01 2.03333497e+00
 7.44501019e+00 5.14584482e-01 6.73752427e-01 1.73578000e+00
 9.68676269e-01 2.73250252e-01 6.47343826e+00 2.65669775e+00
 1.12018180e+00 3.46148181e+00 1.80675352e+00 5.98664379e+00
 3.40887737e+00 2.76272893e+00 4.20322800e+00 8.72419357e-01
 5.85967302e-01 1.53068677e-01 1.57838297e+00 2.29066873e+00],8.763136,[1.02282572e+01 2.20546961e+00 1.70672238e-01 1.03697705e+00
 1.41486540e+01 5.07412958e+00 2.05046034e+00 5.27319461e-02
 2.16408329e+01 1.65062106e+00 1.33117142e+01 6.07747126e+00
 4.10009308e+01 2.77739787e+00 1.19952118e+00 4.32939148e+00
 2.04978271e+02 4.70169373e-02 4.87230873e+00 5.81138611e-01
 1.21894989e+01 2.15734768e+01 6.67878876e+01 3.72374415e+00
 4.73747611e-01 4.40207148e+00 1.57409877e-01 5.26670151e+01
 9.88899395e-02 3.80872297e+00 2.47731423e+00 5.61766815e+00
 6.02931547e+00 5.77311325e+00 1.90133839e+01 7.52792692e+00
 5.83191919e+00 3.71772313e+00 1.90696791e-01 1.92676708e-02
 5.61701488e+00 5.24602985e+00 1.76781826e+01 4.76410389e+00
 7.98138237e+00 2.18610840e+01 1.32501431e+01 2.18255043e-01
 6.91799212e+00 8.21753025e+00 6.15945101e+00 1.68751645e+00
 7.79136181e-01 9.17678356e+00 7.06858039e-01 9.31398582e+00
 3.34157443e+00 1.54147014e-01 6.78795993e-01 7.08970904e-01
 4.17203712e+00 1.10413246e+01 5.86627102e+00 2.75670266e+00
 3.01897693e+00 1.24000704e+00 4.96359968e+00 2.06479263e+00
 3.75864868e+01 3.03599739e+00 1.61824584e+00 2.51020885e+00
 1.75017130e+00 1.00712601e+02 2.09405727e+01 2.28569078e+00
 2.28049755e-01 2.32476607e-01 5.52082014e+00 3.61698866e+00
 8.36478519e+00 2.13673329e+00 1.61668625e+01 1.43617296e+00
 8.26416779e+00 7.13116109e-01 4.44823682e-01 8.00522566e-01
 3.42843831e-01 2.48051330e-01 5.22318721e-01 1.78837242e+01
 5.45467043e+00 7.94582963e-02 3.22538805e+00 1.98708802e-01
 8.15904045e+00 2.01150036e+00 1.31039727e+00 3.35574567e-01
 8.76026535e+00 3.50609016e+00 4.97983742e+00 5.58750033e-01
 1.81031935e-02 4.41163015e+00 1.79582864e-01 2.58210802e+00
 7.69829378e-02 7.04077530e+00 5.02306557e+00 1.85627237e-01
 6.52999258e+00 1.89800286e+00 1.63367212e+00 8.13328362e+00
 3.45428753e+00 2.47025013e+00 1.05592787e+00 3.74356747e+00
 1.53289604e+00 1.50009885e-01 1.52704763e+00 2.36729932e+00
 3.33783054e+00 4.29395294e+00 9.61981201e+00 9.18770373e-01
 1.43809032e+00 2.93680906e+00 1.85523868e-01 5.21243095e+00
 1.08476174e+00 3.23618889e+00 5.88613987e-01 7.81546593e+00
 1.91996479e+00 2.04177341e+01 3.94079447e+00 1.12517607e+00
 1.49967039e+00 2.01175833e+00 4.06070566e+00 2.46882653e+00
 8.93939495e-01 5.74586058e+00 4.94812822e+00 9.58501053e+00
 2.20473289e+00 4.59318399e-01 3.52540421e+00 1.45049900e-01
 4.57513237e+00 1.18793259e+01 5.18335724e+00 3.32135940e+00
 1.83695960e+00 8.93821239e+00 1.40025116e+02 1.96726036e+00
 5.74919653e+00 1.16411362e+01 8.77602249e-02 3.37383568e-01
 9.65526962e+00 2.22727394e+00 1.47719078e+01 3.22034335e+00
 8.01939964e+00 2.88977027e+00 1.53439534e+00 3.40390015e+01
 4.29291344e+00 1.94063044e+00 9.82941389e-01 3.87781739e+00
 8.51583481e-01 6.38689518e+00 1.51473439e+00 1.49093080e+00
 9.54070449e-01 3.79320755e+01 1.09547722e+00 1.35183191e+00
 3.05679178e+00 4.08782959e+00 1.63162023e-01 3.80380726e+00
 2.27661085e+00 1.60723495e+01 8.36148453e+00 6.47243547e+00
 1.31018505e+01 1.06956673e+01 2.97920322e+00 4.82001781e+00
 8.11161280e-01 1.01275339e+01 1.81734562e+00 7.75313377e+00
 1.70240331e+00 1.16165030e+00 1.38434753e+01 3.02740574e+00
 1.35198757e-01 1.05004044e+01 1.19613194e+00 5.27321100e+00
 1.90468729e-01 3.67613323e-02 1.34823337e-01 2.40879083e+00
 1.02455091e+01 5.20070744e+00 2.93734550e+00 4.30088341e-02
 2.91355190e+01 4.95591283e-01 1.42936707e+00 4.30501431e-01
 3.32437181e+00 1.37401831e+00 5.36197090e+00 6.57940435e+00
 1.38959160e+01 6.81684017e-01 3.22743082e+00 4.25452560e-01
 3.50035524e+00 3.09306455e+00 8.50673580e+00 1.40800178e+00
 7.37651825e-01 5.76346397e-01 6.38401031e+00 1.90510178e+01
 2.81686745e+01 1.80630660e+00 6.49341941e-01 4.57465982e+00
 3.62938309e+00 1.37837162e+01 1.67675686e+01 2.15728879e+00
 3.07041669e+00 5.47187328e-01 1.31914282e+00 1.75385551e+01
 2.30190229e+00 5.02711892e-01 1.53817058e+00 3.91138434e+00
 3.52091819e-01 4.03580934e-01 2.68631077e+00 2.26269794e+00],-87.74246,-217.44495,-400.0,1.7613219,5.2742376,0.9819357,0.6467265,292.68042,-185.86522,1130.5474,271.74237,0.79041046,0.6585908,0.09964373,-264.36606,264.36606,[8.40537720e+02 3.63266876e+02 4.30342102e+01 1.76039391e+01
 1.16976685e+03 7.80493698e+01 5.33069191e+01 6.51463257e+02
 1.54783525e+01 1.67174768e+00 5.59638086e+03 1.16201462e+02
 1.49735508e+01 7.80212998e-01 2.55664825e+01 1.74690430e+03
 1.43177700e+01 4.44043671e+02 2.72378967e+02 5.84402733e+01
 2.37939590e+02 5.16179276e+00 1.81236115e+02 1.57693596e+01
 9.74244324e+02 4.48595543e+01 2.42268906e+01 4.24848602e+02
 2.08953810e+00 5.02968445e+01 2.25831619e+02 1.25972095e+03
 2.19647705e+02 8.44742188e+02 2.49486984e+02 2.67262543e+02
 1.45908493e+02 2.59834473e+02 1.49930787e+00 8.69497681e+00
 1.39909103e+02 1.44921207e+01 1.44590137e+03 1.59702271e+03
 4.81259888e+02 2.85813122e+01 8.38499603e+01 1.62720483e+03
 1.37093287e+01 7.52744934e+02 2.36562714e+02 7.05490356e+02
 4.38735321e+02 2.65399246e+01 2.11328467e+03 2.90202515e+02
 2.57381378e+02 1.53965210e+03 5.94123840e+02 2.91590363e+02
 8.53425537e+02 5.34835892e+01 6.30308228e+02 1.75349097e+03
 1.36809189e+02 4.85559349e+01 1.00578278e+02 2.24221512e+02
 1.36039148e+03 4.27245598e+01 1.50519836e+02 4.40331612e+01
 4.21617737e+02 1.68171143e+02 2.08749268e+02 6.40275650e+01
 3.52408203e+02 6.05538063e+01 1.64257050e+02 6.98550510e+00
 4.76391220e+01 8.17538757e+02 1.48455185e+02 3.27185449e+03
 1.12260559e+02 1.17896301e+02 1.73894989e+02 4.32336609e+02
 1.41364174e+01 2.51036811e+00 2.78022785e+01 1.36953918e+02
 5.10134792e+00 7.48224449e+00 2.39030225e+03 7.31698914e+01
 2.39834747e+02 1.13903503e+02 1.41104889e+02 4.67197304e+01
 3.03332462e+01 2.11763281e+03 5.05031555e+02 1.56189346e+02
 5.23260071e+02 8.95637817e+02 6.63060684e+01 9.01967926e+01
 3.95402637e+03 3.15871582e+03 5.55992889e+01 5.82588684e+02
 5.36088379e+02 2.48845744e+00 1.65321381e+02 1.51979601e+00
 1.84127979e+01 1.21800900e+00 6.30852461e-01 3.07444630e+01
 3.40650063e+01 9.73057151e-02 1.16555396e+03 2.44437109e+03
 2.06585813e+00 4.57751038e+02 5.17531662e+01 1.48551540e+01
 1.81951636e+03 1.47656265e+02 1.94063644e+02 2.51298485e+01
 3.19437500e+03 1.14487866e+03 2.28228416e+01 2.34511353e+02
 8.42525085e+02 8.83175278e+01 6.21074905e+01 8.65128708e+01
 4.05763153e+02 2.21287203e+00 7.19485044e+00 1.37549023e+03
 7.66266632e+01 5.62191308e-01 3.75881592e+02 1.17394686e+01
 3.50358795e+02 4.76096497e+02 7.12727051e+02 6.42931519e+02
 9.23652802e+01 1.14487891e+03 3.49148315e+02 4.83616364e+02
 1.57605972e+02 2.28803921e+01 3.86926147e+02 7.31874542e+01
 8.21032898e+02 2.98126717e+01 2.03789444e+01 1.35131152e+03
 1.29415039e+02 6.05247319e-01 3.95197461e+03 3.96270703e+03
 2.84988480e+01 6.21226807e+01 1.21299072e+03 1.96042679e+02
 6.59643402e+01 1.26437207e+03 1.49369278e+01 7.94333553e+00
 1.09290137e+03 2.14901390e+01 9.80331345e+01 8.23058701e+00
 1.08792336e+02 3.07560181e+02 2.53697658e+00 8.43228340e+00
 1.75080292e+02 6.60626099e+02 4.86743317e+01 1.93611618e+02
 1.24101624e+02 1.88349724e+01 2.07446335e+02 3.51363330e+03
 2.58017725e+03 4.26506927e+02 2.18899765e+01 6.02159882e+01
 1.93895969e+01 1.39715308e+03 5.85915649e+02 5.40734619e+02
 6.20852295e+02 7.78728390e+00 9.97624268e+02 6.43557983e+02
 1.07103567e+01 1.64682419e+02 9.27925110e+00 5.29212219e+02
 2.00600934e+00 2.06907812e+03 1.69495514e+02 4.16286896e+02
 1.21990128e+01 7.90853958e+01 3.93203094e+02 4.90750465e+01
 1.61246667e+03 2.90054504e+02 1.97863686e+00 7.54296017e+00
 9.54284668e+02 7.22820312e+02 2.10928369e+03 1.29405688e+03
 8.95965958e+00 4.22088928e+01 1.89715332e+02 1.06490768e+02
 1.64065323e+01 1.28432812e+03 2.68015533e+02 1.79848824e+01
 1.37384253e+03 2.22428931e+03 1.34391492e+03 1.58343921e+03
 5.94437718e-01 9.49720947e+02 5.26463867e+02 4.29445190e+01
 5.70275513e+02 6.89508209e+01 5.98385632e-01 4.06720495e+00
 1.61591992e+03 4.64523602e+00 2.44702896e+02 8.33256340e+00
 4.58910065e+02 6.22240295e+02 9.40710306e-02 7.39124584e+00
 1.78739786e+00 1.44039154e+01 6.54623840e+02 3.65836029e+02],698.80817,[7.33605896e+02 3.80322937e+02 4.36827888e+01 1.86603298e+01
 1.08763916e+03 3.35145836e+01 4.39769821e+01 3.94220093e+02
 1.08933868e+01 1.83149695e+00 5.65844531e+03 1.14172241e+02
 1.82939320e+01 7.26645648e-01 1.68541451e+01 2.63948975e+02
 1.37835770e+01 3.08947876e+02 2.95526001e+02 5.78006821e+01
 6.64898224e+01 1.34236898e+01 3.65515671e+01 3.82898827e+01
 3.15789886e+02 4.27088852e+01 2.41557045e+01 4.09535767e+02
 1.45971079e+01 4.82130737e+01 2.09582153e+02 1.49725598e+03
 1.52192123e+02 9.62879211e+02 4.05883636e+02 2.72590759e+02
 9.08124466e+01 1.77776215e+02 2.76130033e+00 6.26060963e+00
 1.11637459e+01 9.46383286e+01 9.01577515e+02 1.53461816e+03
 4.93656250e+02 3.09425488e+01 1.03801125e+02 1.65273254e+03
 1.02298798e+02 5.89864685e+02 8.19779892e+01 5.78604004e+02
 2.65225189e+02 2.77027321e+01 2.05879102e+03 2.39223877e+02
 2.34079590e+02 2.00962372e+02 5.84394043e+02 2.84012573e+02
 9.94206787e+02 1.19869041e+01 6.02474915e+02 9.96528748e+02
 1.80195114e+02 2.92888527e+01 7.87520294e+01 2.20898621e+02
 1.66378882e+03 1.02860413e+01 1.04176651e+02 4.30250549e+01
 2.98696014e+02 1.19851232e+00 2.01163589e+02 6.56169367e+00
 2.90914795e+02 5.69013367e+01 6.05369110e+01 6.73305035e+00
 4.27342300e+01 6.16805603e+02 9.68454742e+01 2.95667920e+03
 1.20656105e+02 1.17789185e+02 3.01192837e+01 3.40459473e+02
 1.25418644e+01 2.67601347e+00 8.41821194e+00 1.58179255e+01
 8.94075811e-01 7.34793663e+00 2.46311890e+03 6.86485596e+01
 2.42230286e+02 2.22103825e+01 1.46122253e+02 3.50369301e+01
 3.03944073e+01 2.05530054e+03 1.76559677e+01 1.89867554e+01
 5.35357788e+02 2.83270721e+01 2.20754585e+01 1.45922989e+02
 3.72538086e+03 2.69799316e+03 1.70173996e+02 3.97778107e+02
 5.76597534e+02 2.12389326e+00 1.12684021e+02 7.41041470e+00
 4.42224731e+01 1.24497199e+00 2.01476250e+01 7.77286072e+01
 2.97894821e+01 7.02778548e-02 1.16205908e+03 2.44001611e+03
 3.68345146e+01 4.61638245e+02 3.64484520e+01 3.84123459e+01
 1.83617749e+03 8.29303360e+01 1.04139023e+02 2.30139465e+01
 1.41163696e+03 1.05549622e+03 1.06240578e+01 5.07535362e+01
 3.48559204e+02 7.21735916e+01 1.66281033e+01 3.70551338e+01
 2.45039978e+02 1.88312852e+00 9.69581985e+00 9.69606079e+02
 1.03382339e+02 7.92410254e-01 3.54518158e+02 1.61078587e+01
 1.97669678e+02 3.82881714e+02 6.57855957e+02 3.61521851e+02
 7.85676837e-01 4.71217072e+02 3.25654999e+02 2.47078079e+02
 7.61038208e+01 1.05655336e+01 3.03486633e+02 9.47874451e+01
 1.25790723e+03 3.60462570e+01 2.74981461e+01 7.41928284e+02
 6.53784180e+01 1.55642614e-01 3.98777100e+03 3.95620776e+03
 2.67500858e+01 3.31808548e+01 1.96915552e+03 2.41685760e+02
 1.07496750e+02 1.27710254e+03 1.16502638e+01 3.60510406e+01
 1.02232330e+03 1.53241861e+00 1.25760063e+02 8.30105495e+00
 3.47370491e+01 1.63598740e+02 1.06790602e+00 3.54185677e+00
 1.53461685e+02 3.78108887e+02 1.78343620e+01 7.39848328e+01
 3.01307602e+01 1.18050137e+01 2.23890274e+02 3.56545654e+03
 2.30106860e+03 2.16831253e+02 1.09483280e+01 3.04183407e+01
 2.63117542e+01 1.23384143e+03 5.82619873e+02 8.16818542e+01
 6.01993652e+02 7.53593254e+00 1.28159485e+02 6.42706787e+02
 9.17782879e+00 1.53442993e+02 1.18307457e+01 4.31182861e+02
 4.72156906e+00 2.04290308e+03 3.83383751e+01 3.45154785e+02
 2.46932144e+01 9.03208466e+01 1.89132294e+02 9.39679031e+01
 1.66182031e+03 2.11734436e+02 1.98392355e+00 7.70633602e+00
 2.84785431e+02 7.25342529e+02 2.10871289e+03 1.26345874e+03
 6.98024368e+00 3.54936256e+01 1.20113327e+02 1.01484962e+02
 1.55263214e+01 1.26078687e+03 3.34727234e+02 1.81331997e+01
 6.06692566e+02 2.88139136e+03 7.74143860e+02 1.65400085e+03
 2.64891396e+01 9.98465820e+02 1.23886314e+02 2.33040428e+01
 5.79087952e+02 6.29619827e+01 7.23583460e-01 4.10910511e+00
 1.65011865e+03 8.79397202e+00 2.12604462e+02 7.54270077e+00
 4.48991577e+02 6.79748901e+02 5.65729380e+00 6.11506605e+00
 2.20735836e+00 1.38706875e+01 6.11551880e+02 2.14906647e+02],-116.27721,-284.44424,-397.51758,2.4641414,10.3047,0.99197984,0.69462025,0.013150523252487183,10833.399431228638,-0.1749207307002177,-0.013780961865059702,-0.17639160117242647,-0.01874904265370953,19.593172769849314,25.099999999996967,0.0,800000.0,-2.0,-1000.0,500.0,6.611913442611694,800000
134.12239,0.11763578,0.84879726,0.006509839,-125.51678,125.51678,[4.5775843e+00 8.5594511e+00 1.8149910e+00 9.3779379e-01 3.1188667e+00
 5.7020217e-01 2.0698073e+00 1.5228308e+01 4.2037430e+00 8.3520651e-01
 3.3300233e+00 9.8561746e-01 1.7380129e+01 2.0123448e+00 1.4701757e+01
 5.5224757e+00 9.1834850e+00 1.4027094e+00 1.6530363e+01 1.6655466e-01
 9.6093359e+00 2.2604252e-01 1.8644316e-01 1.9451575e+00 6.2074604e+00
 1.4721918e+00 2.5180423e+00 1.3495804e-02 1.3971063e+00 6.4287627e-01
 3.9616330e+00 4.3062234e+00 1.6639078e+00 1.0682723e+01 3.5397477e+00
 4.7644606e+00 4.8473048e+00 2.0508332e+00 6.3127446e-01 4.6298325e-01
 2.9143207e+00 2.1920441e+01 2.5190539e+00 1.3623822e+00 4.1836658e+00
 5.6794834e+00 5.9073462e+00 6.5539122e+00 2.9515545e+00 7.7312070e-01
 2.4505825e+00 3.4045110e+00 1.4160347e+01 2.0637996e-02 5.6506586e-01
 5.7147849e-01 3.9360482e-01 2.2512946e+00 8.2731457e+00 1.2852201e+00
 9.2823162e+00 1.3441556e+00 8.7018223e+00 5.9947224e+00 1.6014203e+00
 3.8602238e+00 2.9384289e+00 5.4097929e+00 9.1668719e-01 3.2348821e-01
 5.7337155e+00 1.2016788e+00 7.4590838e-01 7.5850401e+00 5.4611387e+00
 1.6434059e+00 1.3255937e+00 4.3787537e+00 1.6460556e+00 1.5691412e+01
 1.4985929e+00 1.6534647e+01 1.5169548e+00 6.2455285e-01 2.9815364e+00
 1.2861345e+01 2.2403298e-01 7.7533722e+00 1.0901447e+01 2.0614901e+00
 2.2576497e+00 3.5814852e-01 2.3274620e+00 3.6086178e+00 5.2385058e+00
 1.0415029e+01 7.2438192e+00 2.8873844e+00 3.9175656e+00 8.0172765e-01
 6.2348380e+00 2.8704097e+00 9.2726412e+00 1.1568877e+01 4.0788317e-01
 5.0103483e+00 1.1865914e+01 1.3879002e+00 2.5721318e-01 5.0890177e-01
 3.7723058e-01 8.2858992e+00 4.7760229e+00 1.4434291e+00 2.2611411e+00
 1.0560501e+01 8.3091623e-01 7.4027784e-02 4.1295629e+00 1.2584783e+01
 9.7434539e-01 1.6215530e+01 1.9265021e+00 1.8240212e-02 9.4771475e-01
 7.3964338e+00 1.2061993e-01 1.4072642e+01 5.5937600e+00 4.9119401e+00
 3.1385953e+00 8.5095513e-01 7.0067234e+00 5.1293411e+00 1.4138356e+00
 3.8473040e-01 1.0532044e+01 3.4026322e+00 4.4510432e-02 1.6419747e-01
 3.0878440e-02 8.3913879e+00 1.4999475e+00 7.8937640e+00 9.3186598e+00
 1.0125222e+01 3.7427399e-01 1.1358153e+01 2.1206536e+00 1.1786049e+01
 2.2907073e+00 1.0020831e+01 2.5802937e+00 1.7310323e-02 5.7669382e+00
 8.1053603e-01 2.3825667e+00 5.2145786e+00 4.2022955e-01 1.0041534e+00
 1.4725701e+01 6.3862004e+00 5.6080070e+00 1.6340406e+00 1.3131860e+00
 1.9277091e+00 1.0729753e+01 5.3536963e+00 3.7367120e+00 2.7804620e+00
 4.4991350e+00 4.8406734e+00 8.1085926e-01 4.9199681e+00 5.2877851e+00
 4.7744068e+01 8.1170835e+00 6.1211306e-01 3.5998755e+00 2.4567916e+00
 1.1220074e+00 4.3896761e+00 2.7065986e-01 3.0996265e+00 2.3801434e+00
 2.9304850e+00 6.6887838e-01 1.0430378e-02 8.9949875e+01 2.2885680e-01
 7.9757710e+00 2.8857367e+00 1.7063362e+01 5.3259249e+00 4.2865696e+00
 1.5799098e-01 2.6027668e+01 2.0030994e+00 2.9181104e+00 4.8635454e+00
 5.0797687e+00 1.6741598e+01 2.7236671e+00 2.8163734e+01 6.7500800e-01
 9.5338364e+00 2.6035587e+01 1.4125392e+00 2.9268758e+00 1.2304657e+01
 9.3831654e+00 6.6495025e-01 1.7868479e+00 1.2790393e+00 3.9786575e+00
 9.4088984e-01 2.2122902e+01 3.0285945e+00 9.3111408e-01 3.1394496e+00
 1.9594629e+00 8.8781941e-01 1.1633320e+01 1.4307078e+00 7.7162212e-01
 7.3355441e+00 4.4541750e+00 1.8844068e+00 3.1241409e+01 7.4410528e-01
 1.0743776e+01 1.1642439e+00 5.2837010e-02 9.9579930e-01 1.2225322e+01
 1.1383656e-02 1.3124636e+00 8.6318655e+00 3.1468930e+00 9.9906273e+00
 6.0684462e+00 2.9355717e-01 9.5748031e-01 1.0499132e+00 4.1566839e+00
 8.0763263e-01 3.0879233e-02 3.1265790e+00 3.1704578e-01 4.2636676e+00
 1.1490703e+01 6.5792632e-01 5.4619583e+01 7.4587464e+00 2.3317385e+00
 5.5685897e+00],6.65707,[5.8793193e-01 2.9399101e+01 8.0216575e-01 1.1408139e+01 3.9651403e+00
 9.0514004e-01 2.1475909e+00 1.1791603e-01 1.4678121e+00 7.9887619e+00
 1.4253774e-01 5.8687291e+00 3.5637794e+01 1.5223620e+00 3.8767385e+00
 2.5300021e+00 4.5555973e-01 1.6484313e+00 1.5336230e+00 6.9262683e-02
 7.0469719e-01 3.7948902e+00 2.7295688e-01 1.0549435e+01 7.0667644e+00
 5.9797082e+00 2.2075408e+00 1.9985594e-02 8.2092705e+00 1.7121764e+00
 2.7799959e+00 1.8020436e+00 1.7975686e+00 3.2691095e+00 2.7902275e-01
 6.3056660e+00 2.2922187e+00 3.1937057e-01 4.4504374e-01 1.7343785e+00
 4.3481750e+00 4.7651725e+00 3.5713098e+00 1.7845553e-01 9.4437772e-01
 2.0059192e+00 2.4424069e+00 5.3180277e-01 4.8757026e-01 6.2321067e-01
 2.2208438e+00 1.3184358e+00 2.4339653e+01 9.5895367e+00 4.8636341e+00
 1.8938520e+00 2.0144701e+00 3.0803699e+00 2.1182270e+00 3.4804335e+00
 5.8441868e+00 6.8386326e+00 2.9520528e+00 2.6937223e+01 7.1894464e+00
 1.2927091e+00 6.7506588e-01 2.8736553e+00 7.6980700e+00 4.7508550e-01
 1.3623128e+00 4.0234861e+00 4.4799514e+00 4.0749326e-02 2.9206410e-01
 3.2212436e-01 1.2600746e+00 1.9059303e+01 9.4184694e+00 6.3283720e+00
 1.8552979e+00 1.4050682e+00 6.9278526e-01 6.3850057e-01 7.9648738e+00
 5.8023834e+00 9.8609366e-05 3.1282267e-01 1.5121391e+00 4.2230821e+00
 3.4723561e+00 1.4534950e-01 4.8642797e+00 6.7179022e+00 1.4412378e+00
 5.1304646e+00 2.3980432e+00 6.5390790e-01 8.8319361e-01 9.0729129e-01
 5.3289452e+00 2.3545685e+00 8.8575441e-01 2.6960957e+00 7.4619222e-01
 1.4518559e+00 2.0995085e+00 3.9741750e+00 4.7050638e+00 5.7950735e+00
 1.3132018e-01 2.2438669e+00 2.2926986e+00 2.1765409e+00 1.5284675e+00
 4.7181578e+00 4.9320865e-02 4.6024042e-01 1.1384982e+00 9.2563415e-01
 1.0847725e+01 4.2356143e+00 1.5291712e+00 4.0359006e+00 9.6238858e-01
 3.6653686e+00 2.8131776e+00 2.4673753e+00 1.7644849e+00 4.4432769e+00
 1.1966934e+00 8.8000078e+00 1.0715099e+01 3.9896197e+00 4.7232580e+00
 8.8657606e-01 3.4116950e+00 3.6163507e+00 7.0286423e-01 7.3548067e-01
 1.5116439e-02 6.2569374e-01 3.5413153e+00 2.4262116e+00 5.9002261e+00
 2.7108068e+00 4.6485317e-01 3.7901871e+00 3.3466015e+00 4.4450040e+00
 3.6425333e+00 7.3621902e+00 1.6752931e+00 3.5602369e+00 7.1414334e-01
 1.9182135e+01 1.0406089e+01 7.1764874e-01 1.5215511e+00 1.3350935e-01
 2.2171421e+00 2.5517914e+00 1.3374037e+00 2.6604700e+00 4.4345737e-01
 1.3586797e-01 7.3131311e-01 9.8873425e+00 7.9453164e-01 3.9952734e+00
 2.2335784e+00 1.8568847e+00 9.2546624e-01 4.1963849e+00 3.2680411e+00
 4.8633850e+01 5.6569231e-01 1.5602553e-01 1.3965538e+00 1.6150608e+01
 8.9448700e+00 4.8205280e+00 2.6010036e-01 4.2382269e+00 5.9018457e-01
 9.1194181e+00 6.2158924e-01 1.9795052e+00 5.7696922e+01 2.4241604e-01
 2.0009975e+00 4.1270275e+00 3.4395013e+00 7.7541366e+00 1.1061188e+01
 2.8315848e-01 2.5724461e+00 6.6398203e-01 5.3661741e-02 1.5875685e+00
 8.8288279e+00 2.0591478e+01 2.2878354e+00 5.8047047e+00 5.8224130e-01
 8.5123628e-01 4.5560279e+00 3.6290362e+00 1.0622141e+00 1.6438126e+01
 4.1651260e+01 7.8602123e-01 1.0193191e+00 3.6596704e+00 6.4040768e-01
 1.9839003e+00 1.6582012e+00 1.1101744e+00 1.4892969e+00 4.9193411e+00
 1.7367229e+00 5.5519481e+00 3.4799340e-01 7.5248690e+00 3.2908157e-01
 4.0066704e-01 4.0597515e+00 1.3280746e+01 2.5118167e+00 3.4212856e+00
 1.9416803e+01 6.4991708e+00 5.7669239e+00 3.5206804e-01 4.7273488e+00
 1.0830440e-02 7.4589670e-01 6.4790683e+00 4.2697783e+00 5.2180939e+00
 5.8279783e-01 8.7741733e-01 5.3176147e-01 3.2740569e+00 5.4538779e-02
 1.6050491e-01 2.0305015e-02 2.2036506e-01 5.8374815e+00 6.3055544e+00
 1.8513343e+00 1.9005978e+00 2.8554840e+01 2.6419721e+00 9.4148846e+00
 1.4503534e+00],-55.27412,-208.03218,-399.851,1.7422724,8.118575,1.0061153,0.6429087,70.560425,-130.13922,762.631,251.11014,0.7526876,0.7112229,0.10874339,-243.24522,243.24522,[1.89844373e+03 9.30381714e+02 6.89613953e+02 1.07580643e+02
 3.12639221e+02 1.49912781e+03 2.71055913e+00 1.75225452e+03
 3.02696762e+01 2.48443335e+03 5.29615879e+00 9.11427841e+01
 3.13815088e+03 1.12954041e+02 6.51953613e+02 4.19608784e+00
 1.45846820e+00 1.61490059e+01 6.87611961e+00 1.69588280e+01
 3.37023888e+01 4.15337181e+00 7.62441025e+01 1.07504163e+03
 7.21463745e+02 4.66238632e+01 2.66927826e+02 7.26364014e+02
 8.33809357e+01 4.22735119e+00 2.58124664e+02 1.74888496e+01
 1.55046661e+02 5.96916260e+02 2.25507153e+03 1.42104125e+00
 1.36407852e+02 4.39573746e+01 1.48138696e+03 2.36735840e+02
 8.35878601e+02 7.99765625e+01 3.29405165e+00 6.15578461e+01
 5.07624298e+02 3.15542694e+02 1.84126099e+03 1.47745880e+02
 5.64713526e+00 1.83494987e+01 1.16304688e+03 6.84625769e+00
 4.67275574e+02 2.09950928e+03 1.36755872e+00 1.87629730e+02
 7.78775269e+02 1.45078293e+02 2.98126678e+02 1.17874481e+02
 3.96373634e+01 4.72500671e+02 2.08152847e+02 1.14781364e+02
 1.61784954e+01 2.25812683e+02 3.18165455e+01 5.83102295e+02
 1.00393048e+03 1.40365591e+01 2.58852051e+02 1.84246922e+01
 2.48159253e+03 4.05018555e+02 1.15201611e+03 5.81487732e+01
 6.20529709e+01 1.03982496e+01 2.02915401e+01 1.61095764e+03
 2.05555878e+02 9.10202179e+01 4.35563477e+02 1.63579154e+00
 1.42364716e+02 1.78471832e+02 7.24324875e+01 7.13470886e+02
 2.23616791e+02 2.27104889e+02 4.67027950e+00 1.03550316e+02
 2.35541687e+02 7.72933716e+02 5.20417786e+01 7.73530884e+02
 1.77183929e+02 9.26394577e+01 2.25638519e+02 6.76811142e+01
 1.65301318e+03 4.75189270e+02 1.25626945e+02 2.07299469e+02
 6.97649670e+00 1.23646265e+03 1.41912975e+01 1.06283496e+03
 2.52872105e+01 1.00622693e+03 7.53762878e+02 2.47390381e+02
 2.97825104e+02 8.70699707e+02 8.49109497e+02 3.28006668e+01
 3.32364410e+02 2.89647522e+01 3.70971649e+02 2.29999359e+02
 1.81738770e+02 1.95185512e-01 2.47439255e+02 7.97028351e+00
 6.98432312e+01 3.97419128e+02 2.51543503e+02 1.93603369e+03
 9.12129822e+01 2.56726105e+02 1.25177559e+02 8.04785728e+00
 1.91236109e-01 4.36059074e+01 1.54710815e+02 7.98907013e+01
 7.10059570e+02 2.73751099e+02 3.23322174e+02 2.04766602e+02
 6.48708923e+02 2.61319977e+02 2.97315216e+01 1.48077332e+02
 8.59584427e+01 8.22440308e+02 6.02782532e+02 2.77345398e+02
 2.72683868e+01 1.04173450e+03 8.77367210e+00 4.98074280e+02
 7.44463379e+02 6.43286926e+02 2.32004745e+02 7.70659485e+02
 6.12129578e+02 3.64459534e+02 2.09724194e+03 1.36843521e+02
 9.44499016e+00 2.16046234e+02 4.05676178e+02 1.36388818e+03
 7.79851379e+01 9.18499908e+01 3.16527191e+02 2.39145615e+02
 2.00284225e+02 5.86987991e+01 3.86392700e+02 3.79837988e+03
 4.78165970e+01 1.18598438e+03 1.03405998e+02 8.64414444e+01
 6.08727407e+00 2.59708519e+01 1.44961945e+02 6.23340912e+01
 1.43444336e+02 1.61659875e+03 2.58174512e+03 7.04812988e+02
 1.54163110e+00 2.23277893e+02 1.96161392e+02 5.31378223e+03
 1.13580751e+00 1.74482593e+03 2.79172424e+02 2.66684814e+02
 9.06036865e+02 1.90822998e+02 1.29094681e+02 2.31435742e+03
 1.59966339e+02 3.92155670e+02 3.20814453e+02 1.55076953e+03
 3.54517937e+01 2.67594109e+01 2.05338287e+01 2.55048486e+03
 1.13424988e+02 1.01622284e+02 6.78946228e+01 5.59645386e+01
 2.11279655e+00 6.72067451e+00 8.96371307e+01 1.47914459e+02
 1.22725327e+02 4.62396118e+02 6.35830469e+03 4.28160583e+02
 4.76666985e+01 4.17412872e+02 1.60464424e+04 4.22434845e+02
 7.75077362e+01 4.48781538e+00 2.60958710e+02 4.50898804e+02
 1.05936060e+03 2.56689625e+01 5.06590454e+02 1.21966682e+02
 1.14218735e+02 8.89715625e+03 3.34536572e+03 2.38262177e+02
 8.02115440e+00 1.50410767e+01 1.91174698e+01 1.76504425e+02
 8.84728638e+02 1.12103920e+01 8.49507996e+02 2.32036352e+00
 4.84812073e+02 1.23995020e+03 4.34146309e+01 3.32985291e+02
 2.24716751e+02 4.84968948e+01 2.23721451e+02 2.56541595e+02
 7.91136246e+01 1.79579620e+02 5.45891479e+02 4.56457710e+00
 3.71628571e+00 2.52187988e+02 1.04182386e+01 1.99745804e+02],813.95374,[1.44570679e+03 8.73052490e+02 5.21123047e+02 7.27855408e+02
 4.50063599e+02 1.35524695e+03 8.99907768e-01 1.82047510e+03
 3.96426964e+01 2.18051904e+03 5.39596891e+00 6.88490753e+01
 2.97444287e+03 1.11571655e+02 3.71749207e+02 4.35410452e+00
 8.89264584e+00 1.54309158e+01 1.65159512e+01 3.24553704e+00
 3.19084206e+01 3.24901891e+00 3.64445724e+01 1.45394554e+01
 6.94322571e+02 3.86443520e+01 1.31072693e+02 7.70212280e+02
 8.91184769e+01 2.73273319e-01 1.65112076e+02 2.51005340e+00
 1.37869995e+02 6.87552185e+02 6.72724915e+02 2.84181893e-01
 8.79009705e+01 1.23075008e+00 1.51248694e+03 1.40455818e+01
 6.42775635e+02 4.71827812e+01 3.30749822e+00 1.16865826e+01
 9.73225708e+02 7.11842880e+01 1.54650146e+03 2.09106033e+02
 1.72592163e+00 7.88979530e+00 1.11859692e+03 1.46407738e+01
 4.70330627e+02 2.19671582e+03 9.84934235e+00 3.00575623e+02
 8.81939270e+02 1.10733284e+02 5.97011719e+02 1.15222565e+02
 1.85680294e+01 5.37331299e+02 9.83594360e+01 7.59482574e+01
 1.49210625e+01 2.03132538e+02 2.91632023e+01 8.38741760e+01
 1.09183887e+03 1.01875696e+01 2.54700642e+01 1.38961143e+01
 2.09019995e+03 3.94856323e+02 1.14263525e+03 9.00825424e+01
 8.23766479e+01 8.22246742e+00 4.73900032e+00 1.73446973e+03
 9.85376358e+01 1.10223293e+00 4.69234558e+02 1.34588873e+00
 1.05877899e+02 1.15136147e+02 2.53900757e+01 7.42507568e+02
 3.41712433e+02 2.12526077e+02 1.85559254e+01 1.80621246e+02
 6.23256836e+01 1.23079788e+02 5.02300873e+01 2.35177277e+02
 1.27604393e+02 7.02882843e+01 2.24248596e+02 3.99383011e+01
 1.64683398e+03 6.67463135e+02 1.29433228e+02 8.18746338e+01
 3.91165662e+00 1.26923047e+03 3.80127716e+00 1.02284656e+03
 4.93480034e+01 1.81700366e+03 7.39221313e+02 1.62055115e+02
 1.23230537e+02 8.63560181e+02 7.23812378e+02 3.00252986e+00
 3.38938721e+02 1.42318512e+02 3.64562042e+02 7.52323608e+02
 8.93347549e+01 1.81009714e-02 7.06452484e+01 7.52102280e+01
 6.52754288e+01 4.34875916e+02 2.06060120e+02 1.74025366e+03
 3.61803192e+02 2.69053268e+01 1.04846695e+02 1.15233314e+00
 1.57300964e-01 4.19337082e+01 3.25990479e+02 6.44380264e+01
 8.73257568e+02 3.26644470e+02 1.74478912e+02 2.61712769e+02
 4.16356354e+02 5.82820282e+01 4.01633873e+01 1.30317734e+02
 8.22967148e+01 8.34049194e+02 4.82807526e+02 2.35777283e+02
 3.76219368e+01 9.17560547e+02 1.20630193e+00 7.10412354e+02
 5.12829163e+02 5.17482117e+02 2.27706482e+02 4.30521240e+02
 4.80181458e+02 3.90830688e+02 3.15605957e+03 2.60350098e+02
 1.29654160e+01 6.37161598e+01 4.66392517e+02 1.34502344e+03
 2.27612329e+00 7.70869980e+01 2.76232788e+02 3.62379730e+02
 1.57448715e+02 1.10691330e+02 3.33309998e+02 3.96355249e+03
 5.65803528e+01 1.01242963e+03 1.81333572e+02 1.61379364e+02
 1.02062380e+00 9.87413597e+00 6.55925140e+01 3.20166664e+01
 5.94826279e+01 3.95449066e+02 2.60527148e+03 6.50137817e+02
 1.57502341e+00 3.69910309e+02 1.34564117e+02 3.86012988e+03
 5.78667641e-01 1.54526871e+02 3.33023285e+02 2.61123718e+02
 1.15252234e+03 1.74622009e+02 1.20851654e+02 2.41486499e+03
 2.93412590e+00 3.50631653e+02 6.24759817e+00 1.43377478e+03
 3.77033081e+01 3.12932014e+01 3.78506531e+02 2.39257178e+03
 1.40348251e+02 9.06321869e+01 2.32026978e+01 9.18547211e+01
 2.44549332e+01 6.93703365e+00 9.56395264e+01 1.49649628e+02
 1.23360764e+02 4.20880585e+01 6.20013379e+03 4.06846588e+02
 1.11852894e+01 4.36731354e+02 1.62749521e+04 2.76685730e+02
 6.48407135e+01 2.55431151e+00 1.97335632e+02 4.36539734e+02
 9.68330933e+02 1.88131351e+01 5.46958313e+02 1.22092056e+02
 1.63012634e+02 9.45925195e+03 3.68807788e+03 1.50283630e+02
 1.08764229e+01 1.35487211e+00 2.23995171e+01 7.13502741e+00
 8.30112183e+02 2.04965553e+01 1.49312585e+03 2.05345416e+00
 3.99162231e+02 1.11229407e+03 7.45526314e+00 4.32514343e+02
 2.80912262e+02 2.34093723e+01 6.25323639e+01 2.20839901e+01
 6.54828186e+01 1.67672379e+02 4.19656891e+02 7.69554806e+00
 8.78465748e+00 1.54478760e+02 1.00155106e+01 1.92072662e+02],-109.522354,-265.31665,-397.46155,2.6410291,18.60372,1.009999,0.70495325,0.013647873363494873,11174.596284389496,-0.2848249952734812,0.018826225931213254,-0.2861091459715648,-0.021946221845551887,15.265544563198523,25.099999999996967,0.0,825000.0,-2.0,-1000.0,500.0,5.688026666641235,825000
126.42738,0.118166246,0.7288987,0.013597757,-119.02023,119.02023,[2.96999633e-01 1.53280461e+00 1.77041173e+00 1.65192783e+00
 2.58189321e+00 2.10617018e+00 1.19540894e+00 3.04600805e-01
 1.17423239e+01 3.02211285e-01 6.55713320e-01 1.33841157e+00
 4.18800735e+00 2.36815500e+00 9.17744904e+01 2.40365553e+00
 3.47500944e+00 5.95166922e+00 1.63426456e+01 1.99040079e+00
 1.22739732e+00 6.55366361e-01 8.97581697e-01 1.24924505e+00
 1.23031604e+00 1.69652903e+00 1.26962686e+00 1.55030280e-01
 2.05725741e+00 5.05608273e+00 8.62806797e+00 2.84369326e+00
 9.67533290e-01 2.69468218e-01 1.02883329e+01 1.39586222e+00
 1.51841145e+01 9.79263604e-01 1.52329922e-01 1.91203785e+00
 2.47605038e+00 6.63475633e-01 6.67389965e+00 1.19511604e+00
 3.82966518e+00 6.01464796e+00 1.11435986e+01 4.84482241e+00
 3.67063236e+00 1.01987052e+00 2.94437313e+00 9.35412049e-01
 5.48951983e-01 2.68248606e+00 1.92571568e+00 6.27915192e+00
 1.74848385e+01 4.67442840e-01 1.56716859e+00 1.34785783e+00
 2.99465847e+00 3.05033875e+00 2.48438573e+00 2.15290871e+01
 5.67027517e-02 1.51631165e+01 1.55992165e-01 2.12486887e+00
 4.73568082e-01 5.62260771e+00 7.05414820e+00 3.24629807e+00
 3.56004745e-01 1.16965046e+01 8.10000658e-01 1.03604674e+00
 3.47484684e+00 3.51622152e+00 6.13438225e+00 8.00641477e-01
 6.93791926e-01 1.04821813e+00 6.82678318e+00 8.37968674e+01
 5.77520207e-02 3.49967670e+00 4.01304871e-01 7.63318443e+00
 1.41856480e+01 4.51910719e-02 8.54357004e-01 3.31223071e-01
 8.39770198e-01 4.26071703e-01 1.07633705e+01 7.87615776e+00
 1.02627640e+01 9.88685548e-01 1.45695090e+00 3.77239990e+00
 3.19006443e-01 9.45413947e-01 5.70907772e-01 1.73020959e+00
 3.20670009e-01 3.71609151e-01 1.43166637e+00 2.56676406e-01
 4.82311726e+00 1.16136341e+01 3.60414267e+00 9.81902301e-01
 7.53497630e-02 4.33561182e+00 1.24988198e+00 4.52225327e-01
 1.06673050e+00 3.37788343e-01 3.40126848e+00 1.11290860e+00
 9.44310546e-01 4.83829141e-01 2.61914587e+00 1.99032950e+00
 3.31861782e+00 9.74353790e+00 3.09699059e-01 5.13260937e+00
 6.43242455e+00 3.38630915e+00 4.60968304e+00 6.65861177e+00
 5.39170933e+00 3.09896803e+00 2.25478220e+00 6.81231880e+00
 1.93009853e-01 2.44844675e-01 2.62663341e+00 1.76099277e+00
 4.32520199e+00 1.73572040e+00 1.60622072e+00 1.28904739e-02
 3.76382947e+00 4.89722347e+00 5.12186944e-01 7.40992594e+00
 1.17844734e+01 5.68554223e-01 6.80738926e-01 8.76697922e+00
 1.27600300e+00 1.12723148e+00 2.33493909e-01 7.46842027e-01
 1.05676794e+00 1.23113365e+01 8.76694679e+00 2.53874660e-01
 8.03244877e+00 3.28858590e+00 1.38277090e+00 4.65135098e-01
 1.83829343e+00 1.56520522e+00 7.77547598e-01 1.04539955e+00
 1.59298742e+00 8.62106860e-01 2.42662858e-02 1.62922835e+00
 8.82065296e+00 1.10350838e+01 1.63003006e+01 4.53632802e-01
 1.45546265e+01 3.60302711e+00 6.33428431e+00 1.36016920e-01
 1.69055402e-01 1.72466755e+00 1.46901846e-01 6.81798744e+00
 3.27306843e+00 9.74131203e+00 5.55341530e+00 9.69326735e-01
 4.26630592e+00 6.32028282e-01 1.55953467e+00 6.49843264e+00
 1.52462101e+00 2.92609692e+00 1.16671050e+00 2.88023829e+00
 4.24311543e+00 1.05937777e+01 1.55841599e+01 5.93144035e+00
 3.46757364e+00 1.71469736e+00 1.09455562e+00 6.38154936e+00
 2.06876326e+00 2.17030573e+00 3.75527191e+00 7.78283179e-01
 5.45672226e+00 2.16220641e+00 1.56048548e+00 1.05948663e+00
 2.60732085e-01 5.14842844e+00 1.42590103e+01 2.87548923e+00
 1.87799072e+00 1.20674849e+01 2.60529900e+00 9.09483790e-01
 6.02160811e-01 3.64596391e+00 1.06842566e+01 1.14890480e+00
 2.78632355e+00 9.82486844e-01 1.23682761e+00 1.12211494e+01
 6.69855881e+00 3.62894535e+00 1.72941360e+01 1.48973143e+00
 4.30431157e-01 2.06273699e+00 3.85340881e+01 8.24092701e-03
 4.92688131e+00 2.24461412e+00 5.95930576e+00 8.22092342e+00
 3.78778052e+00 4.94650722e-01 2.99630976e+00 3.77910346e-01
 1.07155406e+00 1.36205935e+00 3.53719425e+00 1.58170300e+01
 7.64502943e-01 3.50588828e-01 3.25017619e+00 2.79310465e-01
 4.91344166e+00 4.42680836e-01 4.77074575e+00 1.70343995e-01],7.020665,[7.2615671e+00 1.6208458e+01 4.2097454e+00 8.3618050e+00 2.5179141e+00
 4.5828013e+00 4.8135405e+00 1.7299161e+00 4.8495736e+00 1.3046409e+00
 3.0746336e+00 1.9279028e-01 2.9745405e+00 3.4208646e+00 1.7342464e+01
 2.2320235e+00 7.9956641e+00 5.3797727e+00 3.8330541e+00 1.6077299e+01
 6.5846229e+00 2.7512090e+00 4.6500263e+00 1.0819927e-01 4.1504674e+00
 1.8687238e+00 2.1810692e+01 5.4936762e+00 1.4318373e+01 4.5502133e+00
 4.9891356e-01 8.9402475e+00 2.0553774e+01 7.3099356e+00 8.1602745e+00
 9.0210992e-01 1.9091992e+00 6.4659753e+00 3.7012317e+00 2.9931259e+00
 4.9809632e+00 7.5517547e-01 1.3214090e+00 4.0856686e+00 7.4220071e+00
 3.5203407e+00 1.8261606e+00 1.6075302e+00 1.1001734e+00 5.0416410e-01
 2.9122481e+00 1.7227230e+00 4.7755426e-01 1.9662364e-01 6.8122035e-01
 3.6376030e+00 5.8110704e+00 7.6538694e-01 1.6471514e+01 2.1561701e+00
 3.8901344e-01 2.7523084e+00 1.9620121e+00 1.2210576e+01 2.2495291e-01
 5.4906640e+00 3.4647243e+00 4.4132967e+00 8.2654172e-01 4.8389235e+00
 7.9614943e-01 7.3767281e+00 8.4044075e-01 7.6428885e+00 6.4641118e+00
 6.8476257e+00 2.1915722e+00 3.6038144e+00 3.5625656e+00 7.8168046e-01
 6.3009262e-01 1.0064159e+01 1.4469730e+01 1.0047382e+02 3.8406043e+00
 3.5358665e+00 6.4737953e-02 2.4505667e-01 2.1918510e+01 2.5591411e-02
 1.3333153e+00 2.0133796e-01 9.3039827e+00 3.1997893e+00 3.8882446e+01
 6.9526857e-01 1.7917522e+01 3.0091834e+00 3.5316501e+00 4.5746350e+00
 4.8668985e+00 7.1400654e-01 3.3303857e+00 7.3017651e-01 1.1178175e+01
 3.9101234e-01 4.0666869e-01 2.7688438e-01 8.3362856e+00 3.7222972e+00
 1.4280495e-01 4.0967498e+00 3.1778577e-01 1.0971630e+00 3.8519664e+00
 4.6187553e+00 5.1962614e+00 7.3967546e-02 1.7809346e+00 7.0069914e+00
 2.4022045e+00 2.1226733e+00 2.9050970e+00 2.0900810e+00 3.5470479e+00
 1.1488616e-01 6.4947329e+00 6.8644869e-01 1.7520033e+01 4.4072528e+00
 4.6618829e+00 2.7659948e+00 1.6632833e+00 1.9604361e+00 7.4016176e-02
 2.0615075e+00 4.7124519e+00 4.7425324e-01 2.4170349e+00 3.1598208e+00
 4.8633151e+00 1.6218443e+00 6.6220384e+00 8.6905546e+00 3.1915407e+00
 1.3102483e+01 1.7004164e+01 4.4258437e+00 1.3566538e+00 4.1223483e+00
 6.8025477e-03 1.2723669e+00 5.5006900e+00 9.0102692e+00 2.5173342e-01
 5.8527452e-01 2.3729157e+00 8.4068460e+00 8.8766518e+00 3.0434213e+00
 1.1949513e+00 1.1625881e+00 3.6281958e+00 1.7026693e+00 5.1481056e-01
 1.6218523e+01 9.7486156e-01 9.6147746e-01 3.9638433e+00 1.0178534e+01
 8.9142818e+00 3.6142244e+00 3.5364571e+01 1.0098610e+01 5.0536118e+00
 2.4125452e+00 1.1436303e-01 6.8899527e-02 6.9505939e+00 4.4164391e+00
 1.7401911e+01 1.1272616e+00 2.2217230e-01 4.2127218e+00 3.2327247e+00
 1.5119612e+00 1.6562990e+00 1.1271825e+01 1.9118947e+00 1.8160982e+01
 3.5861561e+00 9.4734430e+00 9.8679285e+00 2.9005580e+00 3.9667661e+00
 3.6187482e-01 2.3499358e+00 1.1375420e+00 2.7160749e+00 3.6584708e-01
 1.6697919e+00 3.6698427e+00 1.6097088e+01 5.5010028e+00 2.1826816e+00
 2.3396995e+00 5.0900693e+00 3.3155198e+00 3.0758359e+00 2.2958283e+00
 1.6935712e+00 6.2670326e+00 2.3333740e+00 2.2147198e+00 8.4326534e+00
 1.8488649e+00 1.4334300e+01 1.1305243e+01 1.7891477e+00 2.3386940e+01
 6.8473787e+00 3.4726074e-01 8.0873293e-01 1.6305655e+00 2.7267022e+00
 1.6685441e+00 3.8510413e+00 2.2137686e+01 1.9939135e+01 2.8434274e+00
 2.0751690e+01 2.6952515e+00 3.1955762e+00 8.2050556e-01 2.1932678e+00
 9.5829277e+00 4.2695508e+00 6.8743854e+00 4.1896544e+00 1.8131438e+00
 2.6957903e+00 1.4577203e+00 1.8064601e+00 2.0481188e+00 1.2509153e+02
 5.6407394e+00 2.6496639e+00 6.8700614e+00 9.5383091e+00 8.2766571e+00
 3.9307876e+00 5.2302036e+00 1.4852890e+00 3.4833658e-01 1.1545923e+01
 3.8937249e+00],-54.430534,-183.82976,-399.83572,1.7215056,10.00393,1.0099919,0.64276433,298.30945,-160.17082,981.73785,254.02588,0.74671096,0.677269,0.12578471,-246.50648,246.50648,[2.46147518e+01 3.26114235e+01 6.47674805e+02 6.72987366e+02
 2.87831378e+00 1.88775120e+01 5.82662598e+02 4.74848145e+02
 3.91483650e+01 6.35640381e+02 2.80918384e+03 4.38779106e+01
 2.34881638e+02 2.32331573e+02 9.38210487e+00 1.21629700e+03
 8.46195412e+00 2.38678341e+01 3.16270813e+02 7.82826996e+01
 8.18363892e+02 8.75471020e+00 2.80378342e+01 2.07458801e+02
 7.27956200e+00 4.42513062e+02 9.42082214e+01 3.43808057e+03
 2.73616619e+01 4.62048492e+01 1.59055359e+03 3.79565763e+00
 9.92114868e+02 3.17673981e+02 1.97896080e+01 3.70567657e+02
 2.07108955e+01 5.38436174e+00 6.00385376e+02 6.99213562e+02
 2.07304977e+02 5.87725464e+02 1.94931396e+03 2.92833710e+02
 3.84998016e+01 3.94588074e+02 3.57283630e+02 9.02120056e+01
 5.31539693e-02 2.87175049e+02 9.62361374e+01 2.39803581e+01
 5.19996155e+02 2.27573639e+02 4.14301611e+03 3.70611801e+01
 1.94523418e+00 1.20762726e+02 1.29810196e+02 2.96796436e+01
 3.68737549e+02 5.07360153e+01 1.97304192e+01 6.69218445e+01
 9.95213318e+00 1.80932922e+02 6.64817886e+01 8.98106098e+00
 2.04926920e+00 1.56516797e+03 2.05230308e+00 8.88510254e+02
 6.07444275e+02 2.74206848e+01 5.02889786e+01 1.14422066e+02
 2.75387939e+02 1.76999760e+00 7.33595037e+00 6.97169018e+00
 2.20502148e+01 6.14705772e+01 3.11289856e+02 9.21868896e+02
 7.98700180e+01 2.60913391e+01 3.81716125e+02 4.90267932e-01
 5.38384399e+02 6.65868347e+02 7.26252651e+00 1.40763178e+01
 5.04908508e+02 7.98075928e+02 1.28149246e+02 6.82194458e+02
 2.39501083e+02 2.27121002e+02 5.64882874e+02 5.55932541e+01
 1.53942676e+03 2.82003479e+01 2.79644966e+00 3.42565582e+02
 3.54633255e+01 4.06015259e+02 1.64651721e+03 5.76529419e+02
 5.05898628e+01 1.59660965e+02 2.74972229e+01 1.00758419e+01
 6.52967651e+02 2.13711491e+01 3.67725903e+03 1.31878922e+02
 3.35248962e+02 8.63827026e+02 2.05633144e+01 4.03134521e+02
 6.16121216e+02 6.25690889e+00 1.71273047e+03 1.07225311e+02
 3.86258659e+01 5.72364258e+02 2.51384506e+01 5.53003784e+02
 1.07325306e+01 1.94376030e+01 1.22582903e+01 1.01846878e+02
 1.86394897e+02 8.14781647e+01 2.42482544e+02 9.15127792e+01
 1.29338333e+02 2.05857716e+01 9.35808716e+01 2.56294946e+03
 2.82260246e+01 7.18420792e+01 1.40635147e+02 7.23770386e+02
 1.29628305e+01 8.59787964e+02 2.25631470e+02 2.16590869e+03
 3.85515738e+00 9.42039307e+02 2.16748596e+02 1.01283674e+01
 7.97135889e+03 1.81744564e+00 6.04823232e-02 3.55521774e+01
 2.91392028e-01 4.24853783e+01 5.47773682e+02 2.17940994e+02
 3.50236420e+02 7.74777830e-01 9.84544983e+02 1.86137115e+02
 5.14898682e+01 3.05767298e+00 1.14911278e+02 1.99731064e+02
 1.04546570e+02 3.90675537e+02 3.46285133e+01 2.47591843e+02
 8.34207687e+01 5.13445740e+02 1.15979004e+03 4.36988190e+02
 4.13292419e+02 4.27137390e+02 5.20037727e+01 3.69736664e+02
 9.73585571e+02 5.00629139e+00 3.89483246e+02 7.78862536e-01
 1.01867409e+02 3.18955064e+00 2.81950016e+01 5.57665405e+02
 8.52527695e+01 4.82544556e+02 1.07929122e+00 1.60144482e+01
 2.00919434e+02 8.67323608e+01 2.47446228e+02 3.12731110e+02
 3.57410049e+00 7.72816528e+02 2.03967194e+02 2.67730560e+01
 2.85021881e+02 5.67575634e-01 3.59825043e+02 2.31185532e+02
 1.12965881e+02 1.87497437e+02 1.31036774e+02 9.53112698e+00
 2.72955750e+02 4.33637787e+02 8.86189758e+02 4.96649599e+00
 1.70583687e+01 1.19667322e+03 3.95495129e+00 4.46851349e+01
 7.35272949e+02 1.55087781e+03 3.34787872e+02 1.25395801e+03
 6.31669083e+01 6.14395237e+00 2.43060623e+02 3.87387970e+02
 1.58490667e+01 5.06788111e+00 1.24636421e+01 4.60870544e+02
 9.61787999e-02 1.48964127e+02 1.17831482e+02 2.98581009e+01
 1.63216629e+02 6.28560104e+01 1.12042566e+03 2.84445728e+03
 7.09275208e+01 9.79409313e+00 3.16895695e+01 6.02307617e+02
 7.79218063e+01 5.39670105e+02 7.63350525e+01 3.84961033e+00
 1.00767813e+01 8.68766052e+02 4.13862762e+02 8.78137207e+00
 2.70733887e+02 2.62089819e-01 5.16572266e+02 4.07689667e+01
 6.15438660e+02 5.90043762e+02 3.66972961e+02 9.30115662e+01],548.2435,[3.94389496e+01 5.95592976e+00 6.18952271e+02 5.47269669e+01
 3.00387263e+00 1.74158669e+01 5.73972595e+02 3.14591248e+02
 3.72731514e+01 6.46538818e+02 1.96359314e+03 2.39819984e+01
 2.28446259e+02 2.22441559e+02 1.57195168e+01 1.36585913e+03
 8.45146561e+00 1.66706486e+01 3.30195160e+02 2.76732597e+01
 6.94761902e+02 6.66091871e+00 8.38365479e+01 4.09526367e+01
 2.56259727e+00 3.69777405e+02 7.86999359e+01 2.97811182e+03
 2.28871422e+01 7.67247248e+00 1.57373096e+03 3.01056099e+00
 1.33652600e+03 2.44173721e+02 9.19433212e+00 2.88662109e+02
 1.96319160e+01 3.92028880e+00 5.67256958e+02 8.93621399e+02
 1.94181458e+02 6.26286987e+02 1.53256287e+03 1.49477356e+02
 4.06607788e+02 3.91549683e+02 1.49948090e+02 9.08117142e+01
 1.80173576e-01 5.58919250e+02 2.71369690e+02 1.55136166e+01
 4.59047760e+02 2.41704926e+02 9.11844910e+02 3.47262726e+01
 4.75636780e-01 9.44899063e+01 1.38241253e+01 1.39625111e+01
 4.32542450e+02 8.65040112e+00 2.34875660e+01 5.74669228e+01
 8.35577965e+00 1.17209366e+02 2.02189865e+02 6.08437958e+01
 3.33531469e-01 1.12305420e+03 2.23627138e+00 2.75699219e+02
 6.87592163e+02 1.15047539e+02 4.55822792e+01 1.27686584e+02
 3.26095398e+02 3.29266510e+01 5.39592218e+00 4.74992228e+00
 1.35028687e+01 4.26489487e+01 2.84169540e+01 1.09724780e+03
 8.44484024e+01 3.34661174e+00 3.33286743e+02 6.05389071e+00
 5.40009277e+02 6.08202271e+02 2.32446404e+01 1.29107752e+01
 4.94935242e+02 7.30359314e+02 1.54399857e+02 6.70020508e+02
 1.83043488e+02 7.04307922e+02 3.83132111e+02 6.79506378e+01
 2.01134167e+03 2.26756516e+01 1.95644867e+00 1.36917236e+02
 3.50452728e+01 5.15475037e+02 1.43678491e+03 3.83578735e+02
 1.61888748e+02 1.32786591e+02 1.07235289e+01 6.85793304e+00
 4.61344872e+01 1.56351852e+01 3.22964014e+03 1.11724777e+02
 4.12608826e+02 6.81062744e+02 1.40596523e+01 3.18834259e+02
 9.54519424e+01 2.24403976e+02 2.05911206e+03 1.58291992e+02
 9.88797760e+00 5.45595337e+02 2.03181305e+01 1.59270874e+02
 7.13037395e+00 1.74524269e+01 1.05810270e+01 1.07786522e+02
 8.31569767e+00 8.22641602e+01 2.42171814e+02 8.63105316e+01
 4.63271667e+02 1.70940659e+02 6.00321388e+01 2.67361133e+03
 1.13855591e+02 1.08886035e+03 1.44941910e+02 5.16065308e+02
 1.10179939e+01 9.84010803e+02 2.13596725e+02 1.62483813e+03
 3.80550218e+00 5.91993835e+02 1.71945435e+02 1.97195740e+01
 7.79299707e+03 1.90892494e+00 5.71551695e-02 2.13798180e+01
 1.52724341e-01 7.67557220e+01 5.56047241e+02 6.43376617e+01
 4.89489044e+02 9.23564076e-01 1.01785797e+03 6.13077469e+01
 3.63428802e+01 1.05126553e+01 4.16878891e+01 1.88426575e+02
 4.34407730e+01 3.36344360e+02 1.24417753e+01 3.59057434e+02
 5.21970100e+01 1.75904099e+02 1.19299805e+03 4.50322937e+02
 3.12276489e+02 5.00592224e+02 4.19317818e+01 1.38516205e+02
 1.10143542e+03 9.61820602e+00 3.05480774e+02 1.90913558e-01
 1.05601562e+02 1.46937428e+01 5.46613083e+01 9.55415192e+01
 2.09048218e+02 5.12477783e+02 2.42099449e-01 6.74532471e+01
 1.75750946e+02 7.70490494e+01 3.05208191e+02 3.03352295e+02
 3.78777146e+00 7.00389893e+02 1.57130249e+02 2.57619247e+01
 4.33303589e+02 2.59660244e-01 3.48886490e+01 3.23886963e+02
 1.42432999e+02 2.81930676e+01 4.30600319e+01 5.97495651e+00
 2.98937683e+02 4.26881927e+02 8.91028320e+02 4.79954052e+00
 1.76094990e+01 1.24848648e+02 7.71822035e-02 4.35561333e+01
 1.64980957e+03 9.14820740e+02 3.37387909e+02 1.13384729e+03
 6.87337799e+01 2.95094180e+00 5.59620819e+01 3.39495117e+02
 1.38584347e+01 3.72953987e+00 8.96310043e+00 4.50599976e+02
 4.08959389e+00 3.65586853e+02 1.20025558e+02 3.01160851e+01
 2.67038940e+02 8.42430420e+01 6.28017456e+02 1.19568069e+02
 5.46533775e+01 8.66701603e+00 1.70576324e+01 9.03529541e+02
 7.25161076e+00 9.96642303e+01 1.52030457e+02 1.00296249e+02
 5.24295273e+01 6.64358887e+02 4.23146576e+02 5.35726023e+00
 3.57263214e+02 1.17441311e-01 4.53020630e+02 3.27008629e+01
 2.96433167e+02 5.74262024e+02 2.54874084e+02 1.42126251e+02],-111.60811,-267.70047,-397.76282,2.6804028,14.004613,0.997789,0.70368,0.013172027854919433,11503.897000074387,-0.3446949602702822,-0.00397519279208078,-0.3447723402591562,-0.00143690986271395,6.364448780084284,25.099999999996967,0.0,850000.0,-2.0,-1000.0,500.0,6.661635637283325,850000
125.53034,0.13102077,0.8277239,0.018590227,-117.122086,117.122086,[1.3100514e+00 2.3968604e+00 4.7157855e+00 8.6839944e-03 5.4862347e+00
 6.0199690e-01 1.7375568e-01 6.0118422e-02 7.4919373e-01 2.1085386e+00
 5.4035182e+00 7.6130128e-01 9.0529227e-01 2.8807312e-01 6.7508888e-01
 8.2991924e+00 1.3865057e+00 9.2869186e-01 9.5426416e-01 6.8751440e+00
 5.2325684e-01 1.3800611e+00 5.7290913e+01 1.2327542e+00 1.3131028e+00
 1.0163677e+00 3.3318014e+00 2.2277218e+01 1.1739128e+00 8.0073977e+00
 3.2415853e+00 9.8656952e-01 1.8915324e-01 2.5075874e+00 3.0114267e+00
 5.8252800e-01 1.1672161e+01 8.5327091e+00 1.6879696e+00 1.5579534e-01
 2.1140490e+00 2.5652115e+00 5.3388324e+00 5.7107818e-01 5.1951847e+00
 4.4765892e+00 1.2111876e+00 2.1768527e+00 8.4074461e-01 5.6670314e-01
 1.3339628e+01 8.0601670e-02 4.5093780e+00 3.2166417e+00 1.2418362e+01
 2.8558679e+00 3.2642138e+00 3.2614174e+00 4.5680242e+00 3.6443639e+00
 1.2492151e+00 1.1363098e+01 1.2174722e+01 3.3716326e+00 2.3586750e+00
 1.6891401e+00 1.9836559e+00 1.2654430e-01 4.3164191e+00 6.9304194e+00
 7.8178029e+00 3.1846180e+00 2.9795446e+00 7.9713526e+00 1.0214175e+00
 4.4944372e+00 1.4035338e-01 4.2909179e+00 9.4992667e-03 2.0223727e+02
 3.0923221e-01 4.6457824e-01 7.7185683e+00 5.7177448e+00 1.8085992e+00
 2.9377763e+00 2.7006054e+00 1.0525253e+00 2.9495000e-03 9.3777847e+00
 9.2824620e-01 3.1568494e+00 4.9167032e+00 3.9665866e+00 7.8698635e+00
 6.3350785e-01 2.3731751e+00 8.7463665e-01 4.4084210e+00 9.0305847e+01
 3.2492347e+00 3.5154760e-02 1.0023503e+00 3.8824999e-01 9.0706596e+00
 7.9989595e+00 1.8250560e+00 1.0824213e+00 3.0102286e+00 3.0425125e+01
 8.3610296e-01 1.1735686e+01 7.1313727e-01 6.8822832e+00 6.0921335e+00
 2.4791992e+00 6.5422297e-01 5.2107435e-01 7.7635603e+00 2.1451764e+00
 6.9293571e-01 1.2458265e+00 1.4128168e+00 6.2864196e-01 7.7158833e+00
 3.2625092e+01 1.8255326e-01 1.1831541e+01 9.2353945e+00 3.8771019e+00
 9.4174852e+00 1.1869457e+01 8.5991341e-01 2.7064055e-01 6.3138129e-03
 2.7482580e+01 2.3851061e+00 2.4887164e+00 1.0842869e+00 8.9651871e-01
 4.1954818e-01 1.2746706e+00 1.6336739e+00 6.9481209e-02 1.2806476e+00
 1.7990751e+00 4.9659777e-01 4.8944804e-01 3.0905156e+00 3.9407172e+00
 1.3141105e+00 5.5398816e-01 4.8337477e-01 6.3968363e+00 2.3371043e+00
 7.6968974e-01 5.3454690e+00 4.0802318e-01 1.4931056e+00 2.7688370e+01
 1.0467965e+01 2.3740671e+00 1.1558276e+00 7.1987319e+00 1.3184153e+00
 2.6282421e+01 6.9649738e-01 8.6604748e+00 7.8976494e-01 3.6818233e+00
 1.3433011e-01 7.5833058e-01 4.2443442e+00 4.8920588e+00 2.8517219e-01
 1.7804596e+01 3.9870825e+00 1.1820164e+00 6.6581678e+00 2.4554083e-01
 1.2348538e+01 3.4115809e-01 5.0056691e+00 1.4024489e+00 8.3076143e+00
 2.2426435e+01 5.7711887e+00 6.2742262e+00 3.8208013e+00 1.7109435e+00
 3.4053223e+00 5.6733221e-01 7.0653933e-01 5.9538465e+00 3.9157690e-03
 2.0347462e+00 6.5307838e-01 6.9142246e-01 2.1717021e+00 3.3056581e-01
 3.7865396e+00 2.3990850e+00 1.4855840e+00 8.6459417e+00 7.4425201e+00
 1.4285403e+00 2.2266564e-01 5.4883295e-01 3.7411530e+00 1.9470702e+00
 4.5885038e+00 2.6861463e+00 2.2371674e+00 1.1099513e+00 7.4525595e+00
 2.9081726e+00 1.0393711e+00 6.0556831e+00 5.1498928e+00 1.4405191e+00
 2.4637132e+00 4.0251245e+00 2.6375666e+00 2.6345372e+00 1.3874653e+01
 9.8339891e-01 1.8615288e-01 3.0010171e+00 2.5844619e+00 8.2873430e+00
 2.1662004e+00 1.1223188e+01 4.0550303e+00 9.5703334e-01 4.9874701e+00
 4.2500982e+00 2.1193027e-01 7.2420774e+00 7.3298426e+00 2.4243858e-01
 1.5075195e+00 1.2887966e+01 4.8389096e+00 2.5579057e+00 1.5713397e+01
 5.3754301e+00 3.4157662e+00 1.8405181e+00 2.3084891e+00 2.0911430e-01
 7.6246443e+00 3.4727817e+00 3.0649326e+00 3.5692146e+00 1.6700651e-01
 1.4176862e+01],8.142998,[3.84737873e+00 2.30115108e+01 3.80126524e+00 3.90593004e+00
 1.16949892e+00 1.45403445e+00 5.75619650e+00 8.96206349e-02
 1.36693799e+00 1.44477832e+00 1.33211529e+00 1.05357014e-01
 2.73199797e+00 4.24353886e+00 6.81936443e-01 4.81985855e+00
 4.20442390e+00 4.27897596e+00 1.30435514e+00 9.12998915e-01
 3.49744558e-01 4.87248325e+00 5.30619087e+01 5.25726557e+00
 1.97252631e+00 2.23344193e+01 2.80805945e+00 1.51369786e+00
 1.41740108e+00 4.63151646e+00 8.77394485e+00 4.85490501e-01
 2.53203049e+01 2.40741897e+00 2.26630974e+00 1.26274154e-01
 5.90620518e-01 1.68513560e+00 5.64197254e+00 1.48149705e+00
 6.88791466e+00 4.09536886e+00 3.20091105e+00 5.16259074e-01
 3.62312579e+00 5.61005306e+00 7.85268354e+00 3.37263560e+00
 1.38643646e+00 4.99568415e+00 5.53014803e+00 2.02186251e+00
 1.15817451e+01 3.81939316e+00 6.66496754e-01 5.56290030e-01
 1.33193564e+00 2.33216572e+00 1.08274269e+01 4.92082691e+00
 4.77748585e+00 6.59617960e-01 1.00648022e+01 5.17239213e-01
 2.95898581e+00 3.53715086e+00 1.85933948e-01 1.84238255e-01
 1.20179758e+01 7.90953040e-01 7.80856085e+00 8.21235371e+00
 7.72487879e-01 5.63823938e+00 1.44179630e+00 9.51757729e-01
 7.54832983e+00 7.56892622e-01 1.05188084e+01 3.46139183e+01
 3.64490461e+00 5.53691626e-01 2.48170400e+00 4.66576219e-01
 9.99474812e+00 1.06088839e+01 7.82287693e+00 2.62327909e+00
 9.62877274e+00 1.43178406e+01 4.52857876e+00 5.59149170e+00
 2.08501363e+00 4.24872726e-01 2.59638286e+00 7.19522595e-01
 1.86243534e-01 9.67413712e+00 1.18118897e-01 1.55088272e+02
 1.40878350e-01 1.58824425e+01 8.28654957e+00 1.71481934e+01
 1.00961838e+01 4.77518082e+00 7.30678141e-01 4.93834162e+00
 2.99418855e+00 8.12489808e-01 5.80388212e+00 3.94807339e+00
 5.55966377e+00 2.49628901e+00 2.19619179e+00 2.08563662e+00
 2.91642475e+00 1.43623084e-01 2.93273664e+00 1.01889210e+01
 1.34130347e+00 8.45509320e-02 8.88043594e+00 4.47614479e+00
 2.72977233e+00 3.25844917e+01 4.60104609e+00 4.83508253e+00
 2.02918917e-01 2.23305397e+01 1.09709587e+01 2.72352397e-01
 1.00641727e+00 4.09104490e+00 1.44716463e+01 1.79731369e+02
 2.16829300e+00 3.36168909e+00 7.44101000e+00 2.22581601e+00
 4.12838268e+00 3.19124603e+00 5.82032681e+00 1.07125301e+01
 5.70399427e+00 1.74386585e+00 1.49132168e+00 6.00871372e+00
 8.90012383e-01 1.34723651e+00 3.87746191e+00 5.86809731e+00
 2.59180695e-01 1.43200123e+00 3.35852313e+00 2.18778801e+00
 2.85961800e+01 4.43899214e-01 1.94083548e+00 2.10194302e+01
 2.47408175e+00 1.43016934e+00 1.24676552e+01 2.39796519e+00
 1.22275114e+00 9.92175388e+00 2.31399298e+00 9.62982476e-02
 2.94190741e+00 8.37311596e-02 2.30426341e-01 1.48171782e+00
 3.76268911e+00 2.60176468e+01 1.57115631e+01 2.64749050e-01
 1.68016028e+00 2.87706733e+00 3.87597704e+00 2.22439349e-01
 4.57535362e+00 5.40689278e+00 2.05625820e+00 1.78310370e+00
 1.15965700e+00 2.40118957e+00 3.44474106e+01 5.42381144e+00
 4.24527025e+00 3.33694601e+00 3.20622921e+00 1.27214825e+00
 8.10181618e+00 9.43991303e-01 5.99391535e-02 4.62549829e+00
 1.59703064e+00 4.68606949e+00 9.25252342e+00 2.15573254e+01
 1.26391106e+01 1.38317406e-01 8.98362446e+00 1.27777061e+01
 5.65471888e+00 6.24495411e+00 1.04015015e-01 4.63937759e+00
 2.36652136e+00 2.54269910e+00 1.49086738e+00 4.78018332e+00
 1.43940449e+00 1.34621561e+00 4.82184601e+00 2.16594529e+00
 1.65348887e-01 6.89654350e+00 2.86414003e+00 5.15788221e+00
 1.81993675e+00 2.18318439e+00 1.25095024e+01 1.25172024e+01
 5.70386469e-01 5.85438237e-02 5.29842091e+00 6.00869751e+00
 2.87293935e+00 3.22272271e-01 3.62679362e+00 2.16828179e+00
 5.97789168e-01 3.36044002e+00 4.04660702e+00 5.51701975e+00
 1.00204088e-01 1.52086270e+00 2.85328865e+00 6.00165734e-03
 3.80241811e-01 2.88310862e+00 7.17774749e-01 1.00060587e+01
 2.06297569e+01 1.90137923e-01 1.62101984e+00 1.37547522e+01
 4.57452774e+00 2.77315331e+00 2.51147056e+00 4.89305544e+00
 8.18591690e+00 1.68244910e+00 3.09664059e+00 6.40447330e+00],-52.814682,-186.17854,-399.65076,1.7322009,5.307407,1.0074673,0.6441592,175.49745,-40.617382,844.7457,237.0969,0.52925587,0.74438256,0.09483023,-229.12381,229.12381,[1.97740463e+02 7.93533447e+02 4.65569702e+02 6.35133545e+02
 1.11868530e+03 8.29479980e+02 4.61613388e+01 3.27351501e+02
 5.12714996e+01 6.33086891e+01 4.58112183e+02 7.42510757e+01
 1.68856537e+02 3.83656036e+02 4.90004349e+00 7.69993744e+01
 9.13871155e+01 4.66318512e+02 1.19576216e+00 2.93866119e+02
 5.59014893e+02 2.08182098e+02 2.85217377e+02 6.47289124e+02
 8.95535889e+02 2.94315186e+01 2.38388710e+01 1.32471344e+02
 1.68239697e+03 4.86389771e+02 2.79328247e+03 6.31164124e+02
 1.07677933e+02 9.59148598e+00 9.02140808e+02 5.40829735e+01
 6.18306694e+01 1.38223450e+02 4.03716431e+01 6.27357849e+02
 9.52361938e+02 1.21601245e+03 1.99139053e+02 2.02894516e+01
 1.11139687e+02 2.32446426e+02 4.89701691e+01 2.48874140e+00
 3.80786560e+02 1.42994141e+02 5.79239746e+03 1.36469250e+01
 3.17603760e+03 5.26754089e+02 5.64290142e+00 6.81863831e+02
 6.39485352e+02 5.27329826e+00 3.58501101e+00 1.93494476e+02
 2.16995701e-01 1.89708350e+03 2.93313525e+03 1.14513168e+02
 1.81588116e+01 2.79768028e+01 3.42781487e+01 1.09864917e+03
 2.97906017e+00 1.89868561e+02 3.18066845e+01 1.10747461e+03
 2.11976120e+02 1.18869153e+03 6.64847088e+00 6.40334396e+01
 1.38195581e+01 1.64962842e+03 1.47833939e+02 9.38321114e+00
 4.62636471e+00 1.32203360e+01 1.22828894e+01 9.07834473e+02
 3.41557831e+02 1.72145882e+01 1.80658035e+01 5.24661011e+02
 4.57023621e+02 6.35951050e+02 1.13265259e+03 1.51424255e+02
 6.71759399e+02 8.00247421e+01 2.74536011e+02 4.86130615e+02
 2.19791855e+02 2.75454010e+02 1.73601288e+02 1.25398302e+01
 4.12559540e+02 7.61396973e+02 7.70166874e+00 2.60711151e+02
 1.55552454e+03 1.67834183e+02 1.98746796e+02 7.40719757e+01
 3.28092224e+02 1.62983252e+03 1.50429626e+03 7.22075119e+01
 4.63146118e+02 2.58379440e+01 3.15510132e+02 9.55799713e+01
 5.28648254e+02 1.61089417e+02 3.51958435e+02 3.67300903e+02
 8.33604813e+01 1.80956879e+02 1.49927170e+02 3.70307922e+02
 1.55399521e+02 1.55557489e+01 2.04074615e+02 1.59106770e+01
 1.02302116e+02 7.51805649e+01 3.57043915e+01 2.38382202e+02
 3.63451813e+02 9.77552429e+02 5.55921814e+02 4.54244110e+02
 1.88634778e+03 3.72848785e+02 1.03645287e+02 6.75000854e+02
 2.80824005e+02 1.40576126e+02 1.47022690e+02 6.91315063e+02
 3.73177795e+02 5.03050280e+00 7.91883423e+02 8.51006088e+01
 5.70717041e+02 9.40694618e+00 2.53508438e+02 1.89489771e+03
 5.16021118e+01 1.58233032e+02 2.97431660e+01 5.84329895e+02
 4.34152651e+00 4.36224060e+02 2.80444855e+02 9.21261692e+00
 1.85074759e+00 6.40933762e+01 5.47412796e+01 3.21012207e+02
 3.53821526e+01 6.54756927e+01 8.07392273e+01 1.59162537e+02
 1.57991314e+00 2.97496185e+01 3.97320518e+01 8.00946903e+00
 3.19663879e+02 3.89623352e+02 1.94443359e+03 2.23445508e+03
 4.68958832e+02 4.23317223e+01 4.60386353e+01 1.06812085e+03
 2.37814240e+02 4.40800819e+01 1.17351489e+03 2.99453247e+02
 9.06064377e+01 3.30932693e+01 1.53142029e+02 2.77166958e+01
 3.19030731e+02 1.40163488e+01 5.46103516e+02 5.66041679e+01
 9.36434326e+02 4.10675812e+02 1.25824356e+01 9.07979507e+01
 7.52049988e+02 4.06382324e+02 1.37924854e+03 9.90024292e+02
 3.13767365e+02 9.89543056e+00 2.99461517e+02 1.02261627e+00
 7.48739090e+01 2.64218994e+02 3.63690338e+01 3.96414185e+02
 4.31915283e+02 2.29675125e+02 4.04470901e+01 2.66615265e+02
 6.15925232e+02 7.21875488e+02 1.51895020e+02 5.28246826e+02
 3.84089630e+02 1.79561737e+02 1.26098557e+01 2.51279633e+02
 4.71951103e+00 9.97241058e+01 6.79609375e+02 7.51587402e+02
 6.05387039e+01 4.69113159e+01 3.37548462e+02 2.32991821e+02
 5.45704994e+01 1.26828293e+02 2.02378067e+02 2.40737247e+01
 1.39147095e+02 3.11189795e+00 2.25785160e+01 1.51104321e+03
 1.67044653e+03 1.67537956e+01 4.38593811e+02 2.88522148e+01
 1.67658112e+02 9.73005615e+02 5.60192566e+02 1.35575720e+03
 1.12810631e+02 6.56254272e+01 3.14742165e+01 1.13843605e+02
 4.15368469e+02 3.28323456e+02 5.05466537e+01 7.89116764e+00
 1.08929358e+03 1.05130811e+03 7.51796509e+02 3.64711517e+02],585.5442,[1.94863953e+02 7.66057739e+02 2.93459106e+02 5.69887085e+02
 9.83623169e+02 9.16992798e+02 4.75401726e+01 3.43511078e+02
 2.18885727e+01 7.82393494e+01 4.60152740e+02 3.68594666e+01
 1.68031891e+02 5.36196350e+02 4.72995281e+00 1.83775909e+02
 2.42508926e+02 4.44622986e+02 5.19583225e-01 2.82722717e+02
 5.64477722e+02 1.01645683e+02 1.69650574e+02 4.01256287e+02
 8.46490601e+02 9.69205704e+01 2.56542015e+01 1.37871735e+02
 1.70720166e+03 4.74315125e+02 1.43977380e+03 5.29697876e+02
 1.68373451e+01 5.22272491e+00 2.03244019e+02 5.22615356e+01
 6.39015961e+01 1.62630325e+02 3.76367607e+01 5.81771790e+02
 9.26378357e+02 3.07146454e+02 1.83482651e+02 3.69360077e+02
 1.22544220e+02 1.52024200e+02 1.08946295e+01 1.05757213e+00
 7.64929749e+02 1.42237534e+02 5.59547461e+03 5.54100466e+00
 3.16756665e+03 8.91981323e+02 1.75102079e+00 7.01604187e+02
 6.83710083e+02 7.10695505e+00 3.63025641e+00 1.38261414e+02
 1.14250221e+01 1.52125073e+03 2.92939038e+03 1.01783081e+02
 3.03825817e+01 2.98812447e+01 1.44829311e+01 3.56429291e+02
 1.94771271e+01 5.38040314e+01 3.50633545e+01 8.88796326e+02
 1.06159569e+02 1.24574365e+03 1.44854889e+01 9.40372467e-01
 1.08614559e+01 1.79157788e+03 1.10560043e+02 7.11051512e+00
 5.50030899e+00 1.60492268e+01 2.73077822e+00 7.32907166e+02
 2.63430389e+02 9.56543446e+00 1.69451065e+01 8.36841187e+02
 4.20952576e+02 7.30618238e-02 1.16351831e+03 1.47914642e+02
 5.99620911e+02 9.94584503e+01 2.46845875e+01 4.79291901e+02
 1.11773720e+02 1.99464142e+02 1.81971954e+02 1.51522799e+01
 4.18446259e+02 7.61202820e+02 8.43838215e+00 9.59621124e+01
 1.62000781e+03 3.93476028e+01 6.91559372e+01 5.24145660e+01
 2.59862152e+02 1.54941577e+03 1.89330090e+03 4.16684685e+01
 3.46236267e+02 1.17366924e+01 3.02330322e+02 8.56008530e+01
 4.92480774e+02 1.19975830e+02 3.48490234e+02 5.12698853e+02
 9.02620926e+01 2.11817505e+02 2.43293549e+02 3.19158600e+02
 1.31889038e+02 3.43859787e+01 3.19770935e+02 1.43429413e+01
 1.18964745e+02 6.04893494e+01 1.09441223e+02 2.19374664e+02
 3.87351410e+02 8.30401184e+02 7.23423340e+02 4.06214172e+02
 1.99030029e+03 8.59922729e+02 9.29416580e+01 6.74821472e+02
 3.40722229e+02 1.43471870e+01 4.19482651e+01 7.69573212e+01
 2.34835724e+02 4.17306900e+00 8.01487427e+02 9.30587692e+01
 5.44659607e+02 1.40527115e+01 1.24030502e+02 1.68478577e+03
 5.69446602e+01 1.37958008e+02 7.99533920e+01 2.79063019e+02
 4.30343628e+00 3.83272522e+02 5.79767036e+01 8.47917366e+00
 1.51399088e+00 2.31741180e+01 4.17353096e+01 1.19012604e+02
 4.04868851e+01 9.54341583e+01 5.05535126e+01 1.54932465e+02
 2.31788978e-01 2.26751881e+01 1.53690281e+01 7.62486267e+00
 2.98133118e+02 4.06965698e+02 1.98407666e+03 2.16614453e+03
 2.20218018e+02 5.25206184e+01 2.48602200e+01 1.08074365e+03
 2.43678207e+02 4.23193588e+01 1.23432471e+03 3.30650818e+02
 1.33070206e+02 1.80716076e+01 1.50314850e+02 5.41453838e+00
 3.22685608e+02 1.21449966e+01 2.64267914e+02 3.33943405e+01
 7.47035156e+02 3.05427704e+02 1.14117613e+01 9.38769836e+01
 4.22315308e+02 4.98426941e+02 1.36813806e+03 5.78842651e+02
 3.80598877e+02 1.31204519e+01 9.21766129e+01 1.66946459e+00
 8.72089539e+01 1.22948120e+02 1.21346329e+02 3.03662598e+02
 4.88690491e+01 1.01238052e+02 6.91247864e+01 3.91153442e+02
 5.76732056e+02 7.12547424e+02 2.00955338e+02 5.84386047e+02
 2.12633240e+02 1.49090302e+02 2.49652028e+00 2.41820740e+02
 4.48813057e+00 1.11926590e+02 1.52056824e+02 1.32243201e+03
 6.36518440e+01 2.94209290e+01 5.26722229e+02 2.20643890e+02
 1.68268158e+02 1.41054230e+02 1.94978012e+02 6.27754021e+01
 1.22332588e+02 2.62446308e+00 1.66173157e+02 1.58012646e+03
 1.43664563e+03 1.97100830e+01 3.90142029e+02 2.85109730e+01
 1.32323273e+02 5.32203003e+02 1.56135895e+02 3.34195770e+02
 3.69188309e+01 1.24206787e+02 5.15538177e+01 2.08276196e+01
 1.57477188e+02 4.17544800e+02 4.84217911e+01 3.52144194e+00
 9.71700562e+02 1.07287524e+03 5.48038086e+02 3.83112396e+02],-112.55972,-249.82245,-394.9242,2.874412,12.208279,1.0016637,0.72171265,0.013843511800765991,11849.984817266464,-0.2627670395105196,-0.0008910519197940566,-0.26293831745942026,-0.0029000617885251165,7.75085840641003,25.099999999996967,0.0,875000.0,-2.0,-1000.0,500.0,6.418775796890259,875000
134.74191,0.11528585,0.74962467,0.010712445,-127.13038,127.13038,[1.22444277e+01 5.17384648e-01 8.74874115e+00 2.91540432e+00
 3.02751112e+00 1.09015250e+00 4.66992664e+00 1.11121998e+01
 9.70225692e-01 3.33322477e+00 6.66269541e+00 1.63992858e+00
 1.21588266e+00 1.85561829e+01 2.30695343e+00 5.11871529e+00
 1.92180991e+00 9.45995972e-02 3.56486797e-01 5.49900675e+00
 1.34019911e+00 1.07637715e+00 5.37862778e+00 2.06851101e+00
 4.10384476e-01 6.65179849e-01 1.81391394e+00 3.91796112e+00
 7.55898654e-01 1.31883860e+01 3.11391890e-01 4.40283918e+00
 3.75610375e+00 1.28050178e-01 1.01076221e+00 1.51217937e+00
 6.71048880e-01 1.15078220e+01 1.64929104e+00 6.30350494e+00
 7.05976772e+00 5.53756952e-02 8.93769264e+00 2.11885309e+00
 3.67280149e+00 2.47892547e+00 3.83373618e-01 7.93785629e+01
 3.49647474e+00 1.96500946e+02 3.43645024e+00 1.05920911e+00
 1.58145881e+00 1.65088761e+00 5.65791905e-01 2.63099466e-02
 1.01278267e+01 1.71294463e+00 2.13428825e-01 1.41217148e+00
 4.73738253e-01 2.84947485e-01 1.34585214e+00 2.55143237e+00
 5.05433559e-01 8.95291042e+00 6.66257381e+00 4.72230768e+00
 1.88396312e-02 2.06663683e-01 3.61837411e+00 1.69843876e+00
 1.69773817e+00 8.26028585e-01 1.98291826e+00 2.78213471e-01
 1.05290198e+00 3.82050967e+00 6.04958355e-01 1.37782741e+00
 4.92950916e+00 3.66316414e+00 2.98163605e+01 3.54843974e+00
 1.87302661e+00 4.70201778e+00 7.39358425e+00 3.19738328e-01
 2.71728230e+00 1.08209610e+00 3.02106190e+00 3.11262488e+00
 4.32648811e+01 9.41940212e+00 2.00014639e+00 2.33692980e+00
 8.35472584e-01 5.70166779e+00 1.44255495e+00 1.00956516e+01
 1.24089670e+00 6.22563899e-01 3.03823638e+00 9.45258789e+01
 1.09164071e+00 2.21397476e+01 1.67274022e+00 7.12294877e-01
 4.80461299e-01 2.57499409e+00 4.60581017e+00 4.22425032e+00
 8.76195371e-01 5.56610942e-01 4.74432144e+01 7.35155725e+00
 9.30138901e-02 6.27262235e-01 5.20317316e+00 9.96828616e-01
 9.23189700e-01 1.03453121e+01 2.98790246e-01 1.96122777e+00
 5.25572348e+00 1.93021223e-01 2.13387275e+00 1.12499218e+01
 2.92895651e+00 2.69945259e+01 5.99680245e-01 1.21050000e+00
 1.02821560e+01 6.78725100e+00 1.32608116e+00 2.78793883e+00
 4.31644154e+00 6.88434124e-01 1.23180544e+00 4.90210724e+00
 4.75429446e-01 4.84042227e-01 3.97071815e+00 1.89818513e+00
 1.06193495e+00 3.97789240e+00 3.42266417e+00 3.93293452e+00
 5.21014643e+00 3.51294100e-01 1.35998144e+01 8.56920838e-01
 6.32507229e+00 9.67013478e-01 7.72491026e+00 1.64898384e+00
 7.35739022e-02 2.98523569e+00 8.33788872e-01 3.96172833e+00
 3.78679729e+00 1.71359563e+00 6.74879402e-02 4.89000416e+00
 3.92402649e+01 2.79955721e+00 1.32029972e+01 6.89023876e+00
 6.73003256e-01 1.31697321e+00 1.44887352e+01 2.66683996e-01
 1.22024479e+01 2.55098128e+00 2.10117757e-01 2.62200332e+00
 9.04970360e+00 7.50332117e-01 1.03310215e+00 4.06464052e+00
 4.46209431e+00 8.55745602e+00 2.13890284e-01 4.26671326e-01
 2.51804757e+00 1.15918994e+00 1.53339696e+00 1.80451703e+00
 5.88543296e-01 1.10796185e+01 3.87631655e-01 5.92508621e+01
 5.50417757e+00 2.68492073e-01 1.51052034e+00 9.75764275e-01
 2.65295178e-01 6.52426338e+00 4.14007366e-01 3.15411210e+00
 8.15052891e+00 1.11858082e+00 4.10354004e+01 4.99555588e+00
 6.87844157e-01 2.01626754e+00 2.45477581e+00 3.18254828e+00
 9.37402993e-02 1.51985586e+00 8.52321863e-01 2.78825068e+00
 4.48045254e+00 7.98451424e+00 3.36203551e+00 4.49206293e-01
 9.37485695e-02 2.42362022e+00 1.24850296e+02 9.42556667e+00
 2.93184757e+00 4.19376105e-01 7.09342360e-01 3.92475700e+00
 5.05976915e-01 1.93594627e+01 2.88817257e-01 1.81623375e+00
 8.22934723e+00 7.45089471e-01 1.31162417e+00 9.90496731e+00
 3.48069358e+00 3.62831306e+00 9.33947182e+00 1.07621598e+00
 3.46603489e+00 2.80291997e-02 2.55880833e+00 1.36176419e+00
 2.20229721e+00 3.14017445e-01 6.92584515e-01 4.15894938e+00
 1.54158044e+00 1.61663055e+00 3.14679503e+00 1.28197098e+00
 2.33977646e-01 6.93612874e-01 3.47658896e+00 7.15861654e+00
 1.88395786e+00 8.35865116e+00 1.98992276e+00 4.12969923e+00],7.8340483,[4.6074371e+00 1.8980687e+00 9.9849969e-01 8.4319324e+00 3.1379235e+00
 4.0027456e+00 4.6474867e+00 2.4357080e+00 1.0532509e+00 1.1633955e+00
 8.3483467e+00 3.5739629e+00 2.0002182e+00 2.2405273e+01 1.2144159e+00
 1.1520501e+00 4.4257039e-01 2.9178552e-02 3.3668423e+00 3.5982440e+00
 2.3046792e+00 4.8899007e+00 3.7879705e+00 1.8629638e+00 3.0949259e-01
 5.6805694e-01 8.0857811e+00 1.6081816e-01 9.3286657e+00 8.9447565e+00
 4.3183503e+00 5.7092267e-01 2.8605127e+00 2.5902638e-01 9.0707827e+00
 1.2262722e+00 2.0767517e+00 6.1337652e+00 1.1744783e+00 1.2783649e+00
 3.9574378e+00 5.3742923e-02 2.0855122e+00 3.7010393e-01 1.6062075e+00
 2.0251174e+00 1.9437149e+01 9.8730919e+01 3.7544060e+00 1.9505531e+01
 2.8853617e+00 9.9498624e-01 6.4350805e+00 1.6750469e+00 3.0932288e+00
 7.4252310e+00 1.0900618e+01 4.7434788e+00 3.7163246e-01 1.5498836e+00
 4.5711166e-01 4.9634809e+00 1.8982503e+00 1.6030349e+00 2.5446305e+00
 1.7536263e+01 9.1804701e-01 4.9130650e+00 4.9118643e+00 1.6061653e-01
 7.4783279e+01 3.6621726e+00 3.9801052e+00 1.4437666e+00 8.1626928e-01
 1.6123410e-01 3.4598513e+00 1.2942669e+00 4.3160663e+00 4.0821843e+00
 1.0559392e+00 1.9522678e+00 2.4186919e+00 1.5555121e+00 3.8186562e+00
 1.5850013e-01 2.8426163e+00 5.0819626e+00 3.0260372e+00 3.0507715e+00
 2.0478797e+00 6.4550793e-01 3.9425343e+01 6.1146889e+00 1.1314240e+00
 2.4877756e+00 8.4793015e+00 1.8609113e+00 1.2605020e+01 1.1655684e+00
 2.3254039e+00 3.0531044e+00 3.5320783e+00 8.2087736e+00 4.1351852e-01
 5.7935019e+00 6.4023943e+00 7.9830909e-01 2.1320024e+00 1.4229702e+00
 9.1505442e+00 2.2268274e+00 7.5815868e+00 2.6553292e+00 2.0539394e+01
 1.5159061e+00 9.8672810e+00 1.4402634e+00 4.6733141e+00 9.5824373e-01
 1.6684146e+00 1.1650594e+01 1.3890862e+00 4.8352051e+00 7.6737952e+00
 1.1719465e-01 2.1011150e+00 1.5551794e+01 3.0422220e+00 2.4731302e+01
 7.8517704e+00 4.7948679e-01 7.7405727e-01 6.9455166e+00 7.8032595e-01
 2.5853718e+01 3.5374427e+00 7.2230166e-01 8.1414080e-01 4.8552094e+00
 5.6303561e-01 1.0928272e-01 2.6069779e+00 2.8062191e+00 3.3010635e+00
 3.5237942e+00 1.6423817e+00 2.8664479e+00 1.2534131e+00 4.2643979e-01
 3.4595201e+00 5.3425779e+00 5.1001173e-01 1.6810859e+00 1.2299958e+00
 1.9180086e+00 6.3139181e+00 1.6453619e-01 3.5333760e+00 3.8417318e+00
 9.5517981e-01 1.0977347e+00 8.8050346e+00 8.7509167e-01 8.9479237e+00
 2.1435289e+00 5.1283484e+00 7.2461791e+00 7.3497707e-01 7.6766109e+00
 1.9302914e+00 6.8206592e+00 2.1201224e+00 1.5086389e+00 8.3740463e+00
 3.4984603e+00 3.8607697e+00 9.0049887e-01 6.9685946e+00 5.6803960e-01
 6.8997049e+00 2.9092652e-01 1.5451884e+00 3.6565204e+00 1.1035644e+00
 2.5880104e-01 2.2169495e+00 1.9194646e+00 9.0600986e+00 1.0019209e+01
 3.6953521e-01 7.5181766e+00 4.6313939e+00 3.2533491e-01 6.3591307e-01
 2.0369411e+00 6.0102348e+00 2.1211790e+01 4.0907931e+00 2.2124937e+00
 5.0416827e+00 2.8885388e+00 1.5903850e+01 2.8202124e+00 6.6110843e-01
 2.5141239e+00 1.6402785e+00 2.2794702e+00 3.0372410e+00 1.4177536e+00
 7.6092380e-01 9.9022446e+00 2.2696390e+00 2.7033594e+00 3.3759761e+00
 3.6285815e+00 7.1668506e-02 2.7709932e+00 1.6634227e+02 3.6987882e+00
 3.8890743e-01 1.5039689e+01 3.4607940e+00 3.1955380e+00 4.5216328e-01
 6.8939238e+00 3.2884455e-01 1.0368275e+01 4.8986249e-02 3.3771212e+00
 2.3879578e+00 5.5045743e-02 4.5153131e+00 7.7571106e+00 1.3865572e+00
 3.1652620e-01 4.1009817e+00 1.9277580e-02 2.5142505e+00 1.9641017e+00
 2.6218188e+00 2.7836251e-01 3.5073900e+00 3.5077436e+00 6.2979555e+00
 3.5456219e-01 1.4801075e+00 5.9826293e+00 2.8565404e-01 1.2795445e-01
 2.9409942e-01 4.6270347e+00 4.1840558e+00 3.5492380e+00 3.2439275e+00
 6.8778934e+00],-61.1437,-199.1756,-400.0,1.6361794,9.528143,0.9938516,0.6299961,138.74716,-346.01843,1445.5221,247.48535,0.77705926,0.71978277,0.10699377,-239.51047,239.51047,[8.98316498e+01 8.95757446e+01 6.52975388e+01 2.29871535e+00
 1.77860367e+02 1.08729553e+01 1.14454079e+02 1.51239052e+01
 2.42532440e+02 5.18399429e+01 2.64274475e+02 3.67085968e+02
 1.02405371e+03 1.53867688e+03 5.36222916e+01 1.97203140e+02
 1.01990585e+02 8.02546021e+02 4.41505859e+02 3.07143774e+03
 1.48960327e+02 2.35311783e+02 2.85440283e+03 1.53359644e+03
 4.11780518e+02 9.61484833e+01 1.52498350e+01 1.18347216e+01
 9.27407349e+02 2.25054639e+03 7.98475342e+02 1.04710114e+02
 8.96002350e+01 5.12395508e+02 1.98893158e+02 8.42729004e+02
 1.08592308e+00 9.92112350e+01 2.33723679e+02 1.70105029e+03
 2.22892838e+01 3.72493164e+02 3.32141037e+01 9.80608273e+00
 7.57228699e+01 1.82913940e+02 5.36412888e+01 1.62782196e+02
 2.45885590e+02 1.50661536e+03 2.31881142e+01 5.70136230e+02
 9.50561523e+00 1.01081805e+03 2.91069150e-01 3.52420227e+02
 5.06032639e+01 2.69543976e+02 1.83388412e+00 4.35800537e+03
 2.92026615e+00 1.65949154e+01 4.90260544e+01 1.19417786e+02
 1.04781342e+02 3.03211365e+01 2.57741516e+02 7.40401611e+02
 1.50411667e+02 3.50836563e+01 1.87488174e+01 7.80106995e+02
 3.07815765e+02 1.25539246e+02 1.70631470e+02 7.69096756e+01
 5.52598389e+02 2.14589572e+00 1.01241714e+02 3.37986717e+01
 8.05046448e+02 3.94903351e+02 9.27445221e+01 1.40570740e+02
 3.63491241e+02 4.36848816e+02 2.69665100e+02 9.38819427e+01
 6.86164429e+02 6.04713917e-01 4.58695190e+02 3.31699276e+00
 6.23182617e+02 4.63368149e+01 1.37519983e+03 9.13603363e+01
 1.99785144e+03 2.32236542e+02 2.51119184e+00 1.96801971e+02
 4.43919727e+03 1.26754984e-01 8.44764023e+01 3.20236969e+01
 1.66703873e+01 1.38654541e+02 4.57899704e+01 4.76289332e-01
 3.24695557e+02 4.32555603e+02 2.57384109e+01 1.50806589e+01
 2.57117554e+02 3.92636156e+00 1.20906775e+03 5.68377502e+02
 6.92877769e+00 1.02907788e+03 3.14712677e+02 5.69114494e+00
 4.42627655e+02 2.13001007e+02 2.55321217e+00 2.54709797e+01
 4.67154312e+01 1.12715347e+02 3.43439423e+02 5.49963806e+02
 6.84019928e+01 1.34417969e+02 2.49859562e+01 6.21140930e+02
 8.99295959e+01 2.70981201e+02 1.36024817e+03 2.01079605e+02
 2.54767853e+02 6.71934937e+02 2.09863525e+03 2.80155277e+00
 3.14968213e+03 1.35687775e+02 1.74720135e+01 1.64984546e+03
 6.30655823e+02 6.64791107e+01 8.02780437e+00 6.74034790e+02
 3.51437402e+03 1.86953748e+03 2.31225207e-01 7.08443604e+01
 9.58569412e+01 1.53253698e+01 2.24577148e+03 9.25446625e+01
 3.88496124e+02 8.20481644e+01 2.91812782e+01 2.83202314e+00
 2.82568817e+02 7.06270325e+02 7.45000076e+00 2.83111633e+02
 3.96209121e+00 7.57807388e+01 4.24019547e+01 8.70775208e+02
 5.70638809e+01 5.26485107e+02 3.17956299e+03 8.90533997e+02
 1.31385895e+02 9.18831726e+02 5.73440674e+02 2.41000793e+02
 1.93292358e+02 1.37793259e+02 2.37602249e+02 8.69452698e+02
 3.04028046e+02 7.89546356e+01 1.53639114e+02 3.96979980e+01
 1.35658417e+02 1.35696716e+02 2.73407684e+02 1.37347473e+02
 2.26099472e+01 1.69569885e+03 6.63373535e+02 6.30887451e+02
 4.28562431e+01 7.82594482e+02 6.66469193e+00 3.50093384e+01
 2.63094971e+02 1.44550390e+01 6.79451752e+01 3.78942627e+02
 3.75440063e+01 3.38203400e+02 7.37226868e+01 6.54001526e+02
 3.70530396e+01 2.96146703e+00 1.60033447e+02 7.19858948e+02
 4.58240784e+02 8.58159943e+01 1.72028784e+03 1.45566339e+01
 1.97140675e+01 2.63548908e+01 6.59534607e+02 9.29435181e+02
 2.25334686e+02 4.10775261e+01 4.46377258e+02 5.27291069e+01
 7.56864868e+02 3.38840332e+01 1.00125317e+03 2.37401295e+01
 1.16833672e+02 6.85948608e+02 3.76436584e+02 7.78747925e+02
 2.78281097e+01 6.97411804e+02 4.06754837e+01 3.93555817e+02
 2.64982653e+00 1.05135307e+02 4.40642090e+02 1.20724594e+02
 1.19373547e+03 8.66979141e+01 1.04918799e+03 8.58884335e-01
 2.07361107e+01 7.72816563e+00 3.28677637e+03 2.34918121e+02
 2.85131969e+01 4.18182449e+01 5.17629776e+01 9.54815521e+01
 6.85385056e+01 4.34358057e+03 1.06895477e+02 5.22830467e+01
 3.32724884e+02 3.28494537e+02 4.94815140e+01 6.41664673e+02],641.00684,[8.82410507e+01 5.87210007e+01 8.73410492e+01 2.79640889e+00
 9.61482086e+01 2.21987128e+00 1.76477142e+02 2.12348843e+00
 2.83321198e+02 3.71450119e+01 6.62272522e+02 2.54714066e+02
 7.94617676e+02 1.43231250e+03 1.95654297e+01 1.64715302e+02
 1.13158951e+02 7.90112793e+02 5.70072571e+02 2.27003247e+03
 1.59172850e+01 1.22718521e+02 2.96275415e+03 2.08257275e+03
 3.96709961e+02 8.49431763e+01 9.17039514e-01 1.05803118e+01
 6.56546082e+02 2.18485864e+03 7.45369141e+02 1.75046463e+02
 7.19822998e+01 8.76687527e+00 1.35318497e+02 2.83518616e+02
 1.29355836e+00 7.30507812e+01 2.15588608e+02 1.33799402e+03
 2.73392639e+01 2.01820251e+02 4.42347031e+01 3.21536942e+01
 7.31401215e+01 1.20736328e+02 8.91873074e+00 1.39351242e+02
 2.06363464e+02 1.50729749e+03 1.02196968e+00 7.33905212e+02
 8.15889359e+00 1.27377698e+03 1.32868603e-01 3.46301697e+02
 4.40123291e+01 1.37166519e+02 2.57246995e+00 2.06508057e+03
 1.80584145e+00 6.41008472e+00 5.56315117e+01 1.30201843e+02
 6.20365448e+01 3.02207603e+01 1.88620468e+02 7.34190247e+02
 1.22046249e+02 1.40605021e+01 4.07220421e+01 2.43283157e+02
 1.72237778e+01 1.37893768e+02 9.67298965e+01 4.42805862e+00
 4.66436432e+02 3.92707300e+00 8.80816116e+01 1.96283970e+01
 1.01426501e+03 1.79292798e+03 8.84878235e+01 1.33902390e+02
 4.16905289e+01 5.58370743e+01 1.61647919e+02 7.80237732e+01
 4.51846802e+02 2.23301813e-01 5.25773682e+02 5.26348915e+01
 5.12712830e+02 4.42269516e+01 1.19632642e+03 3.54129257e+01
 1.83840015e+03 2.32260876e+01 2.42665553e+00 3.19893799e+02
 3.83226709e+03 1.89107478e+00 7.79938126e+01 2.35481625e+01
 3.49336853e+01 1.25607773e+02 3.31690788e+01 1.18811595e+00
 5.66736908e+01 3.93992798e+02 9.20220261e+01 1.24373436e+01
 1.77049850e+02 8.14564362e+01 1.32070618e+03 4.84897827e+02
 1.12889566e+01 4.92366699e+02 1.69169464e+02 6.25745916e+00
 4.28989075e+02 1.19114975e+02 1.39105530e+01 2.57097969e+01
 1.08478798e+02 1.32223618e+02 4.24178986e+02 2.10606964e+02
 3.06534004e+01 1.16193077e+02 1.58209524e+01 6.49577271e+02
 9.21526260e+01 2.00399353e+02 1.37364465e+03 1.56941971e+02
 7.16375671e+02 7.47111816e+02 1.84509277e+03 1.23236585e+00
 3.49074219e+03 1.37649033e+02 1.59762573e+01 1.56657544e+03
 5.60124023e+02 6.36474762e+01 6.66210842e+00 7.01312500e+02
 4.82313477e+03 1.11888672e+03 2.80926466e+00 5.96877441e+01
 6.61636200e+01 1.50776014e+01 1.99944299e+03 9.88772049e+01
 2.59458893e+02 2.21940589e+00 2.16942787e+01 3.56245232e+01
 1.56623825e+02 8.49196167e+02 5.71658516e+01 2.75021881e+02
 3.70952892e+00 2.49732552e+01 4.24848785e+01 8.75824951e+02
 1.21454353e+02 5.16230713e+02 2.97289404e+03 6.89438904e+02
 1.51388214e+02 9.50130676e+02 3.85480408e+02 3.85303436e+02
 1.75640320e+02 3.56409760e+02 4.82943649e+01 5.49806946e+02
 3.81572784e+02 7.83348694e+01 9.92437439e+01 3.39541473e+01
 1.37452988e+02 1.27700516e+02 2.79240540e+02 2.81148651e+02
 3.08219624e+01 1.04723267e+03 6.30367920e+02 2.79864136e+02
 2.12753010e+00 1.83153366e+02 7.64985085e-01 1.52801666e+01
 4.80059662e+02 1.56187363e+02 4.82356491e+01 3.26979340e+02
 3.76309180e+00 1.95876816e+02 9.08489075e+01 5.91742554e+02
 3.83371506e+01 6.29813433e+00 1.30886673e+02 1.88395096e+02
 2.17453461e+02 8.67660370e+01 2.13512009e+02 5.02798176e+00
 1.09514503e+01 2.58900375e+01 1.49054337e+02 9.79736877e+02
 1.02427826e+02 5.08373108e+01 1.71739746e+02 7.76403275e+01
 7.81442810e+02 4.01947327e+01 9.82514160e+02 8.06696606e+00
 3.92658195e+01 7.71869812e+02 3.50319427e+02 2.60876923e+02
 4.10335045e+01 4.54822418e+02 3.21253281e+01 2.26028549e+02
 2.85871625e+00 1.48418503e+02 9.13984604e+01 6.99684814e+02
 9.95260254e+02 7.42221146e+01 6.32812927e+02 9.63139117e-01
 2.31873875e+01 7.66320848e+00 1.76020923e+03 2.25200027e+02
 1.60310608e+02 6.71428604e+01 5.47427902e+01 1.23151047e+02
 1.73809547e+01 4.32773242e+03 5.66438675e+01 6.54261551e+01
 3.78951477e+02 3.83407898e+02 6.01499138e+01 1.28792709e+02],-117.63115,-263.12,-399.2555,2.802651,12.359462,0.9914261,0.71356404,0.013184430055618286,12179.595588207245,-0.2603860687682623,0.001323283855761986,-0.26050730896583774,-0.003207083287159968,-0.8853010269397703,25.099999999996967,0.0,900000.0,-2.0,-1000.0,500.0,6.557966232299805,900000
136.31602,0.09011372,0.8077526,0.014574624,-128.14839,128.14839,[1.99004412e+00 2.97490048e+00 1.67874002e+00 1.57901897e+01
 7.75669622e+00 1.76332784e+00 1.44653666e+00 1.53917193e+00
 5.26735365e-01 7.58383179e+00 4.94095993e+00 1.67473149e+00
 4.99082267e-01 6.46047926e+00 5.05225420e-01 5.22657108e+00
 8.75304127e+00 2.99044943e+00 3.37782502e+00 3.67877841e+00
 2.71403956e+00 1.13220387e+01 2.74098349e+00 3.70167518e+00
 2.13770056e+00 1.65730429e+00 5.97162209e-02 1.81003988e+00
 2.71620822e+00 2.75512552e+00 1.09002781e+00 1.12033777e+01
 3.91665244e+00 2.31758714e+00 4.94307899e+00 5.75305557e+00
 2.38581967e+00 1.09631443e+01 1.35498452e+00 2.28345108e+00
 5.89063704e-01 1.52605975e+00 1.30938768e+00 2.88668799e+00
 7.87290525e+00 1.04377282e+00 4.89072233e-01 4.15023088e+00
 3.39361429e+00 5.92829037e+00 8.65019894e+00 1.05739355e+00
 4.92669106e+00 1.91022292e-01 3.87432098e+00 8.49821210e-01
 1.92625999e+01 1.16167488e+01 1.54476953e+00 1.34254694e+00
 1.09714162e+00 2.59649587e+00 3.78849006e+00 3.85938674e-01
 3.08391047e+00 1.11828282e-01 1.28711281e+01 6.47665262e+00
 1.83367980e+00 4.04403973e+00 5.58392048e-01 1.62534416e+00
 7.84496117e+00 7.03869057e+00 1.21144485e+00 1.19564390e+00
 2.55526686e+00 2.18846142e-01 2.38919568e+00 5.52988625e+00
 6.24583185e-01 1.73520303e+00 2.16448188e+00 3.37752414e+00
 1.91138220e+00 7.29631543e-01 2.00361776e+00 2.70039787e+01
 1.58106387e-02 2.11647940e+00 1.46246777e+01 3.44675636e+00
 6.23256445e+00 1.92533913e+01 5.23866463e+00 1.77596295e+00
 1.02634258e+01 1.03465289e-01 5.16490161e-01 3.87561393e+00
 7.96318769e+00 4.53159094e-01 9.13511038e-01 6.02257824e+00
 7.53987908e-01 7.11692286e+00 3.79126167e+01 7.62928581e+00
 1.46158571e+01 8.30500031e+00 7.04416275e-01 1.71452773e+00
 5.57002735e+00 2.78826451e+00 1.89734042e+00 8.30273449e-01
 2.82512569e+00 2.85626531e-01 4.71632481e+00 4.80209684e+00
 2.41910243e+00 6.56628990e+00 3.92151756e+01 3.21041971e-01
 1.19066322e+00 4.39732879e-01 1.90995383e+00 4.96277884e-02
 3.37353973e+01 7.47327518e+00 1.57822466e+01 5.67972422e-01
 5.50497830e-01 6.08147264e-01 2.25373793e+00 1.06485617e+00
 4.83311987e+00 4.57522774e+00 9.66597795e-02 4.99318981e+00
 5.02082253e+00 3.44386220e+00 1.06394172e+00 5.62519836e+00
 7.82718420e-01 8.09683418e+00 8.77735436e-01 6.22382343e-01
 3.47490215e+00 1.71685028e+00 3.69402647e+00 9.60642397e-01
 7.94825375e-01 5.07308722e+00 3.28518972e-02 1.12639740e-01
 3.96846724e+00 6.51645327e+00 2.70666051e+00 9.90705490e+01
 1.53216600e+00 4.98418665e+00 5.59561253e-01 1.02247870e+00
 2.89895177e-01 8.87526870e-01 7.27512264e+00 1.09537983e+00
 8.75208601e-02 2.35696650e+00 1.13700104e+00 8.13465118e-02
 1.36854792e+00 4.91429901e+00 3.37743902e+00 8.98758698e+00
 6.18105621e+01 1.00663006e+00 2.13042378e+00 9.95366096e+00
 6.29377246e-01 3.11195221e+01 2.49106359e+00 8.14577103e-01
 2.70693970e+00 3.17611146e+00 4.65307236e+00 2.08252698e-01
 7.96063614e+00 3.34512100e+01 3.33877707e+00 3.44226897e-01
 1.90539110e+00 1.24718940e+00 1.40135348e+00 4.67285156e+00
 3.81672597e+00 3.75260532e-01 2.63913212e+01 2.59432244e+00
 2.66532230e+00 3.54908133e+00 1.18713096e-01 2.30869722e+00
 5.04540920e+00 2.20008516e+00 4.04707575e+00 3.95648670e+00
 2.09891766e-01 1.92993879e+00 1.42154551e+00 2.69446039e+00
 2.08141184e+00 1.75665247e+00 2.85395837e+00 3.10627341e+00
 1.00312877e+00 8.64416361e-02 7.61209249e+00 5.42702675e+00
 1.03643727e+00 4.94676709e-01 2.33777452e+00 7.99293146e-02
 3.65223479e+00 1.38671637e+00 4.65814257e+00 2.58320785e+00
 4.17800808e+00 3.34245634e+00 2.71540308e+00 5.94123781e-01
 5.39890349e-01 8.78407860e+00 8.29029942e+00 1.61534572e+00
 9.31642246e+00 2.20841770e+01 1.25178461e+01 1.73765153e-01
 6.26782036e+00 1.59061980e+00 1.06812251e+00 3.97945094e+00
 1.17374790e+00 2.83469868e+00 9.62841976e-03 5.34139442e+00
 4.29876661e+00 1.34020853e+00 3.12807198e+01 6.06296003e-01
 3.47563601e+00 1.24529767e+00 1.19259350e-01 1.24033958e-01],5.9463043,[4.52418149e-01 1.20133758e+00 1.43049133e+00 1.81222653e+00
 6.89743102e-01 1.75013089e+00 4.60813475e+00 2.79031920e+00
 5.51775634e-01 8.89940679e-01 6.06232345e-01 7.78752267e-01
 1.22271597e+00 8.46597195e+00 3.10823488e+00 3.05971599e+00
 1.60988750e+01 2.02115774e+00 1.76656950e+00 8.31734717e-01
 5.59729040e-01 4.70313549e+00 1.86934042e+00 1.13649070e+00
 1.85783815e+00 3.09891295e+00 7.84099293e+00 3.45751190e+00
 1.80517077e+00 4.60866499e+00 3.45234394e-01 2.35189104e+00
 7.28545284e+00 3.24504089e+00 9.23813321e-03 1.62837625e+00
 1.85207343e+00 1.08357143e+01 9.16186035e-01 2.80636978e+00
 3.44866562e+00 1.89671725e-01 3.24059319e+00 8.81083846e-01
 9.53036070e-01 7.16638267e-01 2.13065195e+00 1.21072114e+00
 2.95072651e+00 6.70419186e-02 7.33057404e+00 1.30770183e+00
 2.57198900e-01 8.83908868e-01 5.52600801e-01 1.91217351e+00
 2.87647939e+00 1.11373959e+01 1.05940771e+00 8.12300220e-02
 4.25197542e-01 1.63192558e+00 1.27877700e+00 8.53840634e-02
 1.85739422e+01 2.13789977e-02 1.01537681e+00 6.48485661e-01
 4.46428657e-02 1.03130117e-01 3.42548513e+00 1.34396768e+00
 5.31328678e-01 2.58647785e+01 5.11563587e+00 2.90964675e+00
 1.82822371e+00 1.01021013e+01 7.71463394e-01 4.76836443e+00
 2.33599380e-01 3.87863129e-01 3.06325984e+00 1.02802479e+00
 4.06019974e+00 1.72017515e+00 2.36020756e+00 3.90227966e+01
 1.17169023e-01 1.59406948e+00 2.69736648e+00 2.13792014e+00
 4.70495701e+00 3.07531618e-02 1.51064479e+00 3.52824306e+00
 3.46825942e-02 4.05028725e+00 2.01116040e-01 9.18074071e-01
 2.57845819e-01 1.87314719e-01 1.29857492e+00 8.98561478e-01
 3.98588538e+00 9.79384995e+00 1.18938904e+01 6.07174492e+00
 7.19057274e+00 8.47383881e+00 1.79019496e-01 2.38718224e+00
 2.12530398e+00 5.90629005e+00 3.79218197e+00 1.10685790e+00
 6.00570329e-02 3.47440147e+00 4.78722429e+00 4.63580459e-01
 2.34597945e+00 1.15110219e-01 5.60346222e+00 3.39766204e-01
 4.26042795e+00 3.63507175e+00 4.19700480e+00 9.30339694e-02
 1.39562368e+01 6.56759501e-01 1.94354367e+00 7.30757046e+00
 5.92376649e-01 4.57139874e+00 1.88921559e+00 2.30557680e+00
 1.13700449e+00 3.38492632e+00 8.05943236e-02 2.94884980e-01
 2.87560105e+00 1.08209026e+00 4.86987734e+00 1.23934307e+01
 5.19431949e-01 8.81872773e-01 1.30210066e+00 1.27091827e+01
 1.57194149e+00 3.07335758e+00 4.99135852e-02 1.86177015e+00
 6.83769524e-01 6.09480190e+00 2.56184582e-03 5.19319010e+00
 6.77716136e-01 4.35773075e-01 1.43608928e+00 1.44298538e+02
 4.89930487e+00 2.33506227e+00 1.52326334e+00 1.59633541e+00
 3.86055470e-01 7.98685551e-01 1.05674386e+00 8.84236455e-01
 1.18554175e-01 1.54499269e+00 1.32735097e+00 1.75037766e+00
 2.05704951e+00 2.50280201e-01 2.68105090e-01 1.45929146e+00
 1.75435047e+01 9.85916710e+00 4.07138586e+00 1.23081088e+00
 1.26385355e+00 8.82008553e+00 1.39670849e-01 6.01148009e-01
 1.45016700e-01 8.30871820e-01 1.27213430e+00 1.05308223e+00
 1.02360535e+00 8.73985767e+00 2.50523734e+00 6.00462854e-01
 1.36918044e+00 1.29671597e+00 8.33697510e+00 4.07114029e-01
 9.77073574e+00 7.56214380e+00 6.10075235e+00 2.97134018e+01
 1.82113576e+00 2.42238373e-01 1.17278135e+00 4.04660606e+00
 2.02164605e-01 2.82732105e+00 2.70658374e+00 6.07642949e-01
 1.85135216e-01 4.74160433e+00 8.31950366e-01 1.26581275e+00
 2.75173068e+00 2.26725650e+00 1.41376376e+00 3.51056838e+00
 2.98457794e+01 1.00724945e+01 1.79105282e+00 2.59489689e+01
 2.14744229e-02 9.06128585e-01 2.90867114e+00 1.20764159e-01
 3.01626301e+00 3.36042619e+00 8.57656002e-01 2.35343695e+00
 1.03295997e-01 8.83483708e-01 8.91204700e-02 6.60416543e-01
 1.36706328e+00 1.31804907e+00 1.80967283e+00 6.50537777e+00
 8.09381390e+00 7.57473886e-01 2.98817520e+01 4.19054651e+00
 6.22852421e+00 6.57334447e-01 4.47200203e+00 5.46987867e+00
 7.71489620e+00 2.16169095e+00 3.16462326e+00 3.92443924e+01
 4.69407082e+00 1.61531723e+00 6.49492836e+00 1.13776207e+01
 7.25540447e+00 1.66493368e+00 2.32527122e-01 6.84281811e-02],-43.487843,-199.71082,-400.0,1.619419,4.627546,0.95423985,0.6311407,50.03915,-161.00267,600.09845,242.79915,0.7831389,0.7734062,0.115253486,-234.28195,234.28195,[5.83136139e+01 6.94828033e+01 1.61922318e+02 1.30597961e+00
 1.36413010e+02 2.83010986e+02 5.86691101e+02 2.05942841e+02
 4.49532471e+01 4.50005226e+01 1.26130261e+03 4.72188477e+02
 2.66512451e+02 9.68927765e+00 2.42937057e+02 7.41968002e+01
 1.32125183e+02 8.03467529e+02 1.25678566e+02 4.96203613e+02
 4.95518860e+02 2.34232300e+02 4.36050537e+02 8.94307804e+00
 8.05835571e+01 1.45112152e+02 5.16728210e+02 4.51381897e+02
 4.39820404e+01 1.68692799e+01 6.16077156e+01 2.69808441e+02
 1.75508838e+03 4.74589813e+02 1.32704382e+03 4.79527187e+00
 1.70657568e+03 2.19092911e+02 7.87554779e+01 2.16292267e+01
 8.21280151e+02 1.21092911e+02 2.43909119e+02 8.41854736e+02
 4.05554161e+01 1.17706852e+01 1.96947998e+02 1.71690464e+01
 9.22411156e+00 1.78068848e+01 3.31087830e+02 1.01969444e+02
 3.12461114e+00 2.62142143e+01 5.68328629e+01 6.11526823e+00
 8.27522949e+02 1.75012726e+02 3.89338760e+01 2.79232063e+01
 6.98908936e+02 1.81507416e+02 1.87616653e+02 8.00081238e+02
 2.46489372e+01 4.99731407e+01 6.87527847e+01 2.23994995e+02
 9.27112793e+02 7.84005859e+02 8.65748596e+01 6.94726467e+00
 7.24751587e+02 8.91651978e+02 1.41959131e+03 1.04394092e+03
 7.53871155e+01 5.03694977e+02 2.79731232e+02 2.06865101e+01
 1.34746851e+03 1.19637671e+03 2.89327264e+00 5.49957703e+02
 2.44812660e+01 1.70791031e+02 1.21811628e+01 1.54839551e+03
 1.14695593e+03 2.01057465e+02 2.86251640e+01 2.25824680e+01
 1.43522000e+00 2.11694298e+01 5.09202805e+01 4.37180099e+01
 9.71010590e+01 2.89890381e+02 2.01660248e+02 6.31610203e+00
 2.87996338e+03 1.40694812e+03 1.03536701e+00 3.02525421e+02
 8.80182114e+01 2.17046528e+01 4.76899567e+01 1.95148773e+02
 1.57744873e+00 1.52766205e+02 1.46636486e+01 3.77651215e+01
 8.71846313e+01 3.52401855e+03 8.23550262e+01 6.91118164e+01
 1.81849632e+01 4.01805305e+01 1.34357361e+03 1.47586884e+02
 9.27343689e+02 6.30552856e+02 5.67452209e+02 2.62898674e+01
 5.34247627e+01 1.07749033e+01 6.52886581e+01 1.37818008e+02
 5.68933606e-01 2.54447723e+02 1.84291971e+00 2.98014917e+03
 5.90755432e+02 2.54907322e+01 1.96109533e+00 2.86351807e+02
 7.34421509e+02 2.55201859e+02 5.79570129e+02 1.19410034e+03
 4.80233431e-01 1.94015915e+02 4.63500641e+02 1.79402039e+02
 2.77327423e+02 8.91729164e+00 3.34203522e+02 1.22215286e+02
 1.36819611e+02 4.68357117e+02 5.13872795e+01 1.15560303e+01
 3.04467194e+02 6.09334766e+03 1.34112869e+02 3.29508567e+00
 1.08834333e+01 3.50301465e+03 6.09744446e+02 6.85226583e+00
 7.34275452e+02 4.66679810e+02 1.46871875e+03 5.66527939e+00
 4.60606232e+02 3.05669250e+02 7.34885025e+01 5.33669014e+01
 2.63602081e+02 6.71224442e+01 5.93804264e+00 1.03221460e+03
 3.51536499e+02 6.25947510e+02 5.50911674e+01 3.33065147e+01
 5.19021130e+00 7.00264587e+01 2.95881165e+02 5.87105827e+01
 1.09155566e+03 2.05352951e+02 3.43710236e+02 1.45471399e+03
 1.47488892e+02 1.17687073e+02 4.23964783e+02 4.25029510e+02
 3.10990906e+01 2.41621056e+01 4.18034546e+02 5.13188248e+01
 3.05671234e+02 8.47696533e+01 1.56817017e+02 1.42474634e+03
 1.29875565e+02 2.91822449e+02 2.77531891e+02 6.56389893e+02
 4.48812294e+01 6.13390923e+00 1.50710938e+03 7.69113846e+01
 1.49636734e+02 2.13377319e+03 4.44598816e+02 9.25686951e+01
 2.28994965e+02 2.47497826e+01 4.54352386e+02 6.66291443e+02
 2.82577133e+01 2.53108032e+02 6.20363098e+02 6.43546143e+01
 1.17766733e+01 1.74685962e+03 1.09153786e+01 8.70505554e+02
 5.17020386e+02 2.22511673e+01 2.64661926e+02 1.11532547e+02
 1.51381027e+02 2.99122620e+01 7.73176193e-01 2.71180019e+01
 2.35826805e-01 2.85859741e+02 5.69924500e+02 6.96822968e+01
 3.49472656e+02 3.09474548e+02 1.71345230e+02 1.66406136e+01
 1.09195557e+02 7.95072266e+02 1.51243628e+03 1.87977676e+02
 3.61593628e+00 3.17327766e+01 1.18593109e+02 4.48094910e+02
 4.27491684e+01 2.41209766e+03 1.18175945e+01 3.11700745e+02
 2.18493866e+02 2.25758408e+02 1.51740820e+03 5.27117386e+01
 2.10463745e+03 3.20074158e+02 5.83268066e+02 9.69564285e+01],575.98584,[3.29768372e+01 6.26881256e+01 8.12304153e+01 1.12706070e+01
 1.76872284e+02 7.26505101e-01 2.07960983e+02 2.02201614e+02
 3.31019287e+01 8.42201328e+00 1.72760315e+03 4.73305786e+02
 2.69157806e+02 1.87884319e+00 1.93716949e+02 8.93116226e+01
 2.67470894e+01 8.64199097e+02 1.26947083e+02 5.32277588e+02
 4.81975861e+02 4.21204285e+02 4.65783501e+01 2.71258621e+01
 1.35296158e+02 1.03107773e+02 3.60877960e+02 5.64718506e+02
 3.69365387e+01 2.86909847e+01 9.01825562e+01 1.99939987e+02
 1.75709985e+03 3.47632141e+01 1.26614404e+03 5.95836449e+00
 1.71888184e+03 3.57515442e+02 1.06627975e+02 1.12052460e+02
 7.92311035e+02 1.08257858e+02 3.14829636e+01 8.56380859e+02
 3.96454926e+01 1.78400688e+01 1.98449768e+02 2.03160915e+01
 1.31115122e+01 1.60920715e+01 1.91654854e+01 3.83192787e+01
 2.00541925e+00 4.15873241e+00 3.95876846e+01 2.21522784e+00
 1.78631763e+03 1.71006012e+02 3.84332542e+01 5.02206383e+01
 5.03257904e+02 3.21931672e+00 3.05221313e+02 7.50215942e+02
 2.45761909e+01 3.93854179e+01 1.04496231e+01 1.17451492e+02
 9.17593994e+02 1.32627954e+03 8.45829315e+01 7.68748188e+00
 4.49555115e+02 8.93126587e+02 1.22667188e+03 1.00362457e+03
 6.12401199e+01 7.94389954e+02 3.71212952e+02 1.32924986e+01
 1.39530103e+03 1.28005225e+03 2.90378332e+00 5.19075508e+01
 2.94124203e+01 1.02575729e+02 8.67031670e+00 1.49742725e+03
 3.43943542e+02 2.04988708e+02 2.11773453e+01 2.13106232e+01
 1.51338506e+00 5.15880251e+00 3.07872276e+01 6.06059570e+01
 2.44870548e+01 1.65324287e+01 2.72601318e+02 6.00611353e+00
 2.37498218e+03 1.28610266e+03 8.68195891e-01 5.37230911e+01
 7.81983643e+01 1.96495705e+01 1.15924103e+02 1.29208527e+02
 2.76140392e-01 1.09041214e+02 1.33282347e+01 3.61666870e+01
 4.52692318e+00 3.53581567e+03 9.09073563e+01 8.78695526e+01
 1.80694046e+01 2.72134132e+01 6.66011108e+02 3.63481140e+01
 3.76407593e+02 7.22858521e+02 1.02770642e+03 3.92302227e+00
 5.21587715e+01 3.77113676e+00 5.93682213e+01 1.53758148e+02
 7.01814950e-01 2.17736084e+02 1.99602175e+00 2.95863428e+03
 6.54594299e+02 3.20872421e+01 1.14810801e+00 2.64864899e+02
 5.94447754e+02 2.12582306e+02 5.94477173e+02 1.26962463e+03
 7.28233635e-01 1.65173645e+02 4.59589539e+02 1.79297546e+02
 1.02920006e+02 2.65942597e+00 7.70850830e+01 1.32931259e+02
 3.71735649e+01 6.09876862e+01 3.09893372e+02 7.76330090e+00
 9.10983353e+01 5.91720166e+03 2.00787079e+02 1.07567143e+00
 7.78170252e+00 1.86175610e+03 5.40630615e+02 8.79375839e+00
 1.37290649e+03 3.97015991e+02 1.64134436e+03 5.22418690e+00
 4.88800903e+02 2.58981354e+02 6.17270699e+01 5.21454506e+01
 2.69116882e+02 2.56572609e+01 5.83330822e+00 1.15131653e+03
 3.31404602e+02 5.71504333e+02 3.28268471e+01 3.31068535e+01
 3.70828152e+00 9.82295990e+01 3.06262695e+02 4.64480782e+01
 8.76544250e+02 2.43667221e+02 2.94920410e+02 1.18829724e+03
 1.91124146e+02 1.16950859e+02 4.02046417e+02 3.90123383e+02
 2.96119499e+01 1.76048386e+00 3.64862061e+02 6.87271214e+00
 4.03893066e+02 7.47968102e+00 1.56217590e+02 1.28004443e+03
 7.55284195e+01 2.98211823e+02 1.83921432e+02 6.36610107e+02
 2.01055355e+01 4.79931068e+00 1.45780371e+03 9.56732559e+01
 4.68561211e+01 2.07922925e+03 6.89941772e+02 1.30326294e+02
 1.72097534e+02 2.32782402e+01 4.56269104e+02 2.99341492e+02
 2.46434669e+01 2.57220001e+02 5.24982910e+02 1.17435059e+02
 4.19244146e+00 2.25314502e+03 3.19742179e+00 6.22884033e+02
 1.33378620e+01 2.32511635e+01 1.92561798e+02 7.52274466e+00
 5.78905220e+01 7.33203201e+01 3.47369308e+01 2.25857773e+01
 4.41679764e+00 2.59893005e+02 3.99006317e+02 3.58311234e+01
 2.70834534e+02 2.80030823e+02 1.14600601e+02 1.19917259e+01
 1.09953262e+02 4.79389954e+02 1.36633093e+03 3.77121964e+01
 4.73245680e-01 4.33716267e-01 1.05123863e+02 3.33546265e+02
 4.11440277e+01 2.08944092e+03 1.17326050e+01 1.16695480e+01
 8.21697235e+01 1.86426758e+02 1.61007190e+03 1.20203888e+02
 2.21268115e+03 5.20814896e+01 5.41391113e+02 7.16032386e-02],-110.998886,-259.17456,-398.08594,2.707984,14.886344,0.9965658,0.70754117,0.01373351879119873,12522.9335770607,-0.13153646771482477,0.00415130062612262,-0.13104622158167387,0.0004652124550848713,-0.9282314135411445,25.099999999996967,0.0,925000.0,-2.0,-1000.0,500.0,6.584471225738525,925000
133.11044,0.119889095,0.72370046,0.016846012,-125.753555,125.753555,[5.4036064e+00 9.4308786e+00 2.3461080e+00 1.0193705e+01 1.1180657e+00
 2.1886162e+01 6.2330770e+00 9.5428267e+00 1.5279309e-01 9.2154157e-01
 5.2364197e+00 1.5166682e+00 1.7941265e+01 1.0789678e-01 7.0252857e+00
 1.5624689e+00 3.4297137e+00 1.0730890e+01 1.1548898e+01 4.3839207e+00
 1.3820276e+00 6.5035052e+00 1.0487544e+01 5.7873702e+00 3.8857522e+00
 2.8274471e-01 2.6007845e+00 6.3367522e-01 2.7900243e-01 4.8150134e-01
 6.8326178e+00 2.5692098e-02 2.0324712e+00 8.4211912e+00 4.9510093e+00
 1.9400527e+00 9.7643232e+00 3.5954279e-01 1.4762708e+01 3.6909301e+00
 3.7823834e+00 7.3398650e-02 4.7341619e+00 2.7911343e-02 4.6811202e-01
 8.8138504e+00 1.3007247e+00 1.9582304e+01 1.4528250e+00 5.0064106e+00
 9.4351358e+00 1.4922758e+01 2.3396268e+00 1.5832329e+01 6.4311557e+00
 1.4069979e+00 1.2391701e+01 9.0384722e-01 1.3886754e+01 3.9025722e+00
 1.5469712e+00 5.3700476e+00 2.7462425e+00 4.7531977e+00 7.4566798e+00
 1.2869251e+00 4.3315535e+00 9.0086535e-02 8.9370785e+00 1.1686533e+01
 1.0443753e+01 5.3771460e-01 6.1488433e+00 3.4305429e-01 2.6027315e+00
 1.4636832e-01 2.0454969e+00 1.4790411e+01 7.2099409e+00 5.3633141e+01
 1.9684867e+00 1.2701231e+01 1.6649761e+00 1.7468445e+01 8.8914967e+00
 7.7307858e+00 5.1421790e+00 5.3785127e-01 5.5575275e-01 4.8211260e+00
 9.0229425e+00 2.7628117e+00 2.9918966e+00 8.4458327e-01 5.3436069e+00
 5.2230644e+01 2.6013412e+00 1.4901291e+01 9.4400139e+00 4.7342391e+00
 2.0662498e+01 6.8268723e+00 6.5302091e+00 3.5532372e+00 9.5526953e+00
 2.7826209e+00 1.4986288e+01 5.1068025e+00 3.5360150e+00 3.9890022e+00
 4.9385872e+00 1.8350188e+00 9.2317781e+00 1.9586699e+00 4.5078521e+00
 4.0152745e+00 5.6189289e+00 4.5642242e+00 1.3931134e+00 1.9119620e+00
 5.0689902e+00 4.6236424e+00 9.0884422e+01 4.9237070e+00 5.5890365e+00
 3.0614395e+00 2.2501807e+00 7.7517796e-01 2.0930796e+00 4.8745012e-01
 3.0971370e+00 4.1941128e+00 1.5998912e+00 1.6470007e+01 1.0850483e+01
 1.4338059e+00 9.4594603e+00 5.5101089e+00 1.8024149e+00 7.2220057e-02
 8.1408749e+00 6.2356746e-01 1.1289197e-01 4.0725255e+00 1.0171077e+01
 5.5623066e-01 8.5158834e+00 1.1394317e+00 3.2433286e+00 4.4578180e+00
 3.3735650e+00 4.9008336e+00 9.1435852e+00 1.8309524e+00 1.4938346e-01
 2.1109650e+01 1.3001228e+01 1.0577450e+01 2.7886636e+00 3.8171577e-01
 3.9487820e-02 8.9616680e+00 1.4418210e+01 1.4922218e+01 1.6272602e+01
 9.9839849e+00 9.5988148e-01 1.9151720e+00 4.7320986e+00 6.7845309e-01
 6.6393623e+00 1.4668677e+00 8.9262047e+00 2.8950529e+00 2.1201646e+00
 1.9711887e+01 1.7688199e+00 5.3335494e-01 1.2457054e+00 4.3558624e+01
 1.4740092e+01 4.2790518e+00 6.5631336e-01 1.2369916e+01 6.2692156e+00
 1.3804031e+01 8.6691179e+00 2.3426149e+00 2.0539920e-01 2.3664429e+00
 6.7519398e+00 7.7599263e+00 4.3034501e+00 2.6183429e+00 1.9068291e+00
 5.6212330e+00 3.9487629e+00 3.0594110e+00 1.1627316e+00 7.7978224e-02
 2.4313450e+00 3.8754131e+01 7.0522671e+00 7.0559134e+00 9.2913675e-01
 4.7557521e-01 3.9277825e-01 1.1099821e+00 2.5530319e+00 9.5947104e+00
 1.5134730e+00 3.0086024e+00 4.2606030e+00 1.3368580e+01 6.2167330e+00
 1.0503131e+00 9.9334183e+00 2.0039806e+00 1.0462353e+01 1.0938353e+01
 6.8356080e+00 3.3438325e+00 4.8794622e+00 1.5256956e+00 1.0904176e-01
 1.0698611e+00 5.4822574e+00 1.8810833e+01 2.3292871e+00 1.1928210e+00
 1.1539118e+01 5.2156467e+00 1.1785401e-01 6.1766851e-01 2.8441935e+00
 7.6423860e+00 5.4832506e+00 5.2149194e-01 1.0386239e+00 2.3395485e+01
 2.1193178e-01 8.9218702e+00 4.7149534e+00 9.5226364e+00 3.5769215e+00
 8.4692507e+00 2.9583969e+01 5.4506783e+00 2.9633598e+01 3.2549551e+00
 1.4309039e+00 7.7056217e+00 4.4336437e+01 1.8771280e+01 8.9185896e+00
 1.0010699e+01],7.4778504,[8.34146214e+00 1.52094424e+00 5.74328378e-02 6.03574812e-01
 2.25765681e+00 1.13764658e+01 4.82339668e+00 9.14615691e-01
 1.78821716e+01 2.50989008e+00 9.80036259e-01 1.47501731e+00
 7.27202892e-02 2.06959190e+01 4.44387123e-02 4.76126242e+00
 1.85721445e+00 1.69354801e+01 3.10437536e+00 4.53134596e-01
 2.01758236e-01 2.07401538e+00 1.09117317e+00 3.53775144e+00
 1.06936274e+01 5.46862125e-01 1.85255146e+00 8.39828253e-01
 3.83032393e+00 4.28226376e+00 1.34206206e-01 5.44397905e-02
 4.53399563e+00 9.92949677e+00 1.83215296e+00 8.38193178e-01
 2.33019161e+00 1.49132419e+00 1.74385700e+01 3.03280354e-01
 2.08028615e-01 5.28104827e-02 1.97521949e+00 5.60883880e-02
 9.04163778e-01 8.39904118e+00 4.31934738e+00 4.38202620e+00
 2.69625616e+00 6.07116127e+00 7.78073549e-01 1.31713362e+01
 1.72521615e+00 2.61303291e+01 1.34068274e+00 4.76261759e+00
 2.02578497e+00 1.79104948e+00 4.33780050e+00 7.69694448e-01
 1.45108864e-01 1.65556049e+00 3.48051143e+00 1.38971195e+01
 1.39289451e+00 4.16779852e+00 9.33520973e-01 3.10308248e-01
 1.16112876e+00 3.23944628e-01 2.03259563e+00 7.77074695e-02
 7.26237011e+00 1.19549870e+00 5.55333257e-01 1.11746132e+00
 2.55116773e+00 9.11814594e+00 1.69985700e+00 9.57053185e+00
 7.54358959e+00 2.44664550e+00 5.58710277e-01 3.57149148e+00
 4.08721399e+00 3.62034559e-01 1.99040842e+00 3.83707553e-01
 4.18625212e+00 1.58202105e+01 2.47661680e-01 2.05431104e+00
 1.18503678e+00 1.35550666e+00 6.53152227e+00 2.44769268e+01
 7.23555088e-01 1.19842815e+00 1.71831644e+00 1.65009248e+00
 1.39070225e+00 1.04970801e+00 2.58130035e+01 1.57897720e+01
 9.74656868e+00 2.08031750e+00 4.98702288e-01 9.34645057e-01
 6.88697219e-01 6.11504650e+00 1.88048911e+00 4.60146713e+00
 5.05806565e-01 3.90471339e-01 1.68481903e+01 1.02922559e+00
 2.91349125e+00 4.43737596e-01 8.90226960e-01 3.89533305e+00
 1.30422282e+00 3.03261089e+00 3.64286804e+01 1.71110898e-01
 3.26142097e+00 1.28092170e+00 2.27853775e+00 5.81608295e-01
 1.29825354e+01 2.30169564e-01 1.35392559e+00 2.44324517e+00
 4.86613560e+00 1.90398359e+00 9.85628247e-01 1.61328259e+01
 2.54747272e-02 1.86678618e-01 1.63946855e+00 5.37080169e-02
 1.96899757e-01 8.73583198e-01 3.04054528e-01 2.25442290e+00
 2.13270359e+01 9.04405534e-01 6.34904146e-01 1.31445885e+00
 1.67122650e+01 1.01637983e+01 5.27160025e+00 3.45483720e-01
 8.24231052e+00 5.35224736e-01 1.36314660e-01 1.36773038e+00
 4.10768223e+00 6.54515409e+00 7.49465108e-01 7.74992800e+00
 2.37880898e+00 8.96083927e+00 4.53630877e+00 2.04965744e+01
 1.07123244e+00 4.12155294e+00 1.52920592e+00 6.74089193e-01
 5.23799777e-01 4.93746668e-01 2.08645010e+00 4.22874832e+01
 2.44994330e+00 8.53016675e-01 2.83126545e+00 3.66980743e+00
 4.96716470e-01 7.20761657e-01 2.93613887e+00 5.58882380e+00
 3.97081661e+00 3.63896275e+00 2.73306465e+00 1.34099197e+01
 4.12169552e+00 1.13563144e+00 1.84835815e+00 3.05937588e-01
 1.90148994e-01 1.87083051e-01 8.55003484e-04 2.27998590e+00
 3.00313735e+00 1.71952367e-01 1.94250256e-01 4.45556307e+00
 4.41873372e-01 9.85518813e-01 1.30086243e+00 5.08120693e-02
 1.48400962e-01 2.21842690e+01 2.45018363e+00 1.66846657e+00
 7.27158666e-01 1.30992117e+01 6.09558821e+00 1.48926961e+00
 2.00749826e+00 2.34998196e-01 1.51377320e-01 3.84185052e+00
 2.47305179e+00 3.88891721e+00 3.49708581e+00 5.42884171e-01
 8.49361420e+00 1.23959541e+00 3.94840360e-01 4.76386261e+00
 2.36525074e-01 3.19955659e+00 4.82862666e-02 7.23852158e-01
 6.12349749e+00 1.69628453e+00 4.71104193e+00 9.93288755e-01
 3.40106845e+00 5.19850922e+00 7.29575336e-01 7.26358891e-02
 3.27945757e+00 7.46935010e-01 1.60849583e+00 7.93148875e-01
 2.40244818e+00 8.83178055e-01 2.07035518e+00 1.83918304e+01
 5.21845150e+00 2.45477229e-01 6.26440287e-01 2.59188442e+01
 1.08899713e+00 1.96450913e+00 1.07755938e+01 1.60251179e+01
 4.92464733e+00 4.86536694e+00 7.18226242e+00 9.15296745e+00
 1.63442059e+01 8.56866896e-01 4.09394884e+00 7.82892704e-01],-69.77031,-193.28651,-400.0,1.8089287,21.654133,0.94700027,0.64423233,321.56128,-278.85074,1538.4061,231.0852,0.50725764,0.7500252,0.10463927,-223.0777,223.0777,[1.86372471e+01 2.02693420e+02 9.04410019e+01 7.03695984e+01
 2.67319012e+01 3.62058792e+01 1.38093552e+02 8.74021179e+02
 2.59147522e+02 1.92633953e+01 8.04960556e+01 8.82843246e+01
 5.11106750e+02 3.98752594e+01 2.09863358e+02 1.10696220e+01
 1.51234772e+02 2.24284375e+03 4.31599655e+01 1.19323105e+02
 1.48008325e+03 1.91589340e+02 1.30362911e+01 5.78537842e+02
 1.35078705e+02 2.81641407e+01 2.36322403e+02 9.87630127e+02
 2.89083466e+02 2.03435547e+02 5.64814186e+01 2.22678247e+03
 1.05586133e+03 2.07165497e+02 3.38344040e+01 1.54353690e+00
 1.86082959e+03 4.61377295e+03 1.80706635e+02 1.73702126e+01
 8.79615173e+01 2.44271431e+01 1.33143723e+02 5.49708069e+02
 1.48176559e+02 2.44040947e+01 4.14468918e+01 4.67053284e+02
 1.19811497e+01 2.68565178e+01 5.68794067e+02 6.24649506e+01
 5.41491852e+01 3.94477393e+03 1.13510034e+03 5.35528755e+01
 5.74361000e+01 1.13804054e+02 1.19202862e+01 3.89585781e+00
 5.32006454e+00 1.00591688e+01 8.83866272e+01 3.11871887e+02
 4.13001709e+02 1.46066559e+02 4.85652809e+01 1.32304474e+02
 1.46043978e+01 1.20837280e+03 2.41091553e+03 2.09494629e+02
 3.16796143e+02 9.61454697e+01 9.38014679e+01 8.83239746e+01
 1.12315869e+03 1.74965210e+03 2.47588539e+01 6.03583527e+01
 8.20051956e+00 2.32541466e+01 1.06281982e+02 2.15048370e+01
 1.74556259e+02 3.57257373e+03 1.71441666e+02 5.22226196e+02
 1.04309412e+03 8.29265289e+01 3.83057332e+00 9.12096024e+01
 1.91132492e+02 4.95721802e+02 1.75111592e-01 3.14853764e+01
 4.21427582e+02 4.26300094e-02 7.55715466e+00 1.39278656e+02
 7.76252014e+02 6.11437988e+02 3.45150146e+02 2.11508915e-01
 9.08088867e+02 1.98629492e+03 2.09729424e+01 4.25566750e+01
 9.51416473e+01 3.33060822e+02 1.32331924e+02 9.97576523e+01
 5.25884628e+01 3.65361359e+02 3.10245838e+01 1.00221550e+02
 2.73530762e+02 1.00620766e+02 2.31784332e+02 2.71154266e+02
 1.35924997e+01 2.60015381e+02 1.66696152e+02 8.75899582e+01
 3.91399023e+03 8.34302856e+02 1.86515713e+01 6.13591242e+00
 7.27735214e+01 1.26594849e+03 4.00439758e+02 9.79571899e+02
 8.80995117e+02 8.62350098e+02 9.82814884e+00 5.92889709e+02
 2.97412140e+02 5.21941772e+02 2.58378863e-01 9.06785431e+01
 9.01733215e+02 5.33793762e+02 1.50565357e+01 3.36534500e+01
 3.63994141e+02 2.52123795e+02 3.97042961e+01 3.12296814e+02
 7.63047668e+02 1.96272602e+01 4.16570702e+01 8.01773315e+02
 2.79036446e+01 7.86899447e-01 4.23211182e+03 1.73044571e+02
 4.14920998e+00 3.54576447e+02 1.21797607e+02 4.19599915e+01
 6.74081268e+01 6.55703201e+01 3.07581451e+02 9.63729954e+00
 1.13638867e+03 4.98954468e+01 6.61370178e+02 3.29659027e+02
 4.98878937e+01 2.35293732e+01 1.62578101e+03 1.70069778e+02
 2.05213737e+01 6.56356567e+02 5.64192078e+02 1.51345627e+02
 3.00776100e+01 2.13274878e+03 2.95740204e+02 8.87185364e+01
 2.57005615e+02 1.93871368e+02 3.08888702e+02 2.88544098e+02
 2.82587471e+01 3.07017651e+03 1.56421005e+02 2.60837913e+00
 7.03250000e+02 3.00403809e+02 1.25646988e+02 8.08267578e+02
 4.78361130e+01 1.90128448e+02 1.25208969e+02 3.03142517e+02
 6.04822588e+00 2.13968408e+03 4.44053078e+00 9.65474319e+01
 2.10807297e+02 5.11173401e+02 6.05902386e+00 7.26722290e+02
 1.47780518e+02 1.35416962e+02 6.45736618e+01 1.15735565e+02
 4.04027802e+02 3.75009839e+03 4.64276848e+01 3.60668604e+03
 2.92017632e+01 3.72292694e+02 1.41552109e+02 3.63775635e+02
 1.08436745e+02 1.63639313e+02 2.71781647e+02 6.33809209e-01
 2.64481018e+02 2.76067780e+02 9.47255802e+00 3.18394501e+02
 1.12933937e+02 6.11720009e+01 1.09687424e+01 5.14310837e+00
 6.87754028e+02 1.98883743e+02 1.10892746e+02 3.05044287e+03
 4.00973999e+02 2.50158081e+02 1.55737964e+03 2.80457092e+02
 6.50732422e+02 8.95531540e+01 1.75556111e+00 2.30872864e+02
 7.94309631e+02 1.39590435e+01 2.43592636e+02 2.64244110e+02
 2.75254995e-01 1.15359659e+01 2.63498516e+01 2.14121887e+02
 4.35943298e+02 5.14091431e+02 1.79447021e+02 7.18020569e+02
 1.29141617e+00 2.17649780e+03 3.75941498e+02 1.07502881e+03],637.5031,[1.88245182e+01 2.92851105e+02 1.11795578e+02 7.90613937e+01
 7.63434677e+01 1.90891981e+00 1.71341522e+02 5.13145813e+02
 2.26315018e+02 2.00480556e+00 7.95579300e+01 8.43809052e+01
 5.07845123e+02 1.08129875e+02 8.06190796e+01 7.66913605e+00
 3.91340332e+01 1.98234009e+03 4.27205429e+01 4.85391006e+01
 1.47692444e+03 9.28853302e+01 1.79567223e+01 4.38116882e+02
 1.34092529e+02 3.84335136e+01 1.72066010e+02 9.82901367e+02
 2.96570160e+02 4.64498100e+01 3.19592667e+01 2.39592334e+03
 9.43538452e+02 1.40655136e+02 3.23351326e+01 1.35042572e+00
 1.89933203e+03 4.03671143e+03 3.72821922e+01 1.54169092e+01
 8.46554718e+01 2.41325417e+01 7.86659393e+01 3.13698944e+02
 6.53844223e+01 2.68750591e+01 1.47556808e+02 4.54123535e+02
 3.19034061e+01 3.30240135e+01 3.76678833e+02 1.20887403e+01
 4.22581749e+01 3.99453882e+03 1.18305750e+03 5.83075027e+01
 4.23649635e+01 7.57446899e+01 7.21439514e+01 1.44813728e+00
 3.61859632e+00 4.60308027e+00 1.62909698e+02 2.90907593e+02
 3.75361450e+02 1.34030441e+02 8.94268036e+01 1.41610596e+02
 9.22054577e+00 1.48047827e+03 3.76629614e+03 2.88331146e+02
 3.19936279e+02 8.57302170e+01 3.32134361e+01 9.23332443e+01
 1.10756848e+03 1.83705127e+03 1.05450678e+01 8.71851254e+00
 8.65719604e+00 4.47063334e-03 1.02264297e+02 6.57117004e+01
 1.68757492e+02 3.67100244e+03 3.16234161e+02 5.00756287e+02
 1.33545471e+03 2.09685822e+02 6.79008713e+01 1.32665771e+02
 1.98632874e+02 4.32002014e+02 1.11466026e+01 7.01576138e+00
 3.01348145e+02 1.05013971e+01 7.56583977e+00 3.12338161e+00
 5.74155457e+02 4.19556763e+02 5.92505859e+02 1.89543635e-01
 9.20907471e+02 3.83507965e+02 3.11939716e+01 6.22416306e+01
 9.87819824e+01 1.57777542e+02 5.59135294e+00 1.25678574e+02
 2.92718143e+01 2.90739380e+02 1.55612564e+01 4.49117699e+01
 2.18157501e+02 1.00341583e+02 2.44799576e+02 2.81205994e+02
 1.25387135e+01 2.39303040e+02 2.81901062e+02 2.01591904e+02
 4.79422021e+03 8.35268677e+02 3.56781654e+01 8.89848404e+01
 7.19367905e+01 1.21085437e+03 4.47328583e+02 9.37130005e+02
 8.81837769e+02 8.59894897e+02 9.17101860e+00 5.01857880e+02
 2.93844055e+02 7.26001221e+02 4.90497649e-01 1.23019096e+02
 4.68814789e+02 4.29978943e+02 2.12244293e+02 1.49150667e+01
 1.46708862e+02 2.39958191e+02 2.86903419e+01 7.19195618e+02
 8.15421021e+02 1.79701388e+00 7.51997757e+01 6.59152466e+02
 2.31019554e+01 3.74035692e+00 3.10118066e+03 1.52437317e+02
 3.82858610e+00 5.72228699e+02 9.91067047e+01 4.93732986e+01
 8.46379395e+01 9.78157139e+00 1.78087006e+02 7.84614801e+00
 1.05978101e+03 3.69366765e+00 6.30698486e+02 1.95101837e+02
 1.94033325e+00 2.33788471e+01 1.61542249e+03 2.66444916e+02
 1.90241013e+01 1.08506677e+03 5.34647400e+02 1.00942665e+02
 2.43298073e+01 2.11568665e+02 2.93332367e+02 7.71037292e+01
 3.00862946e+02 3.87192719e+02 2.50107956e+02 2.77548492e+02
 2.38766885e+00 2.84238965e+03 4.17981796e+01 1.12560318e+02
 9.00077362e+01 4.90190613e+02 1.55949020e+02 2.15792404e+02
 2.79064751e+01 1.14177673e+02 1.53480530e+02 1.31116272e+02
 9.08388901e+00 2.09505542e+03 2.85306435e+01 4.26154861e+01
 1.80529968e+02 3.39576447e+02 5.79693174e+00 1.41216626e+03
 1.47019291e+01 1.28631958e+02 5.76919441e+01 1.16274414e+02
 4.92145157e+00 3.50853198e+03 5.82680206e+01 3.57757422e+03
 2.78411636e+01 2.21175919e+02 6.24280701e+01 3.30533264e+02
 8.96275253e+01 2.66736572e+02 1.90893768e+02 3.37969184e-01
 3.81235016e+02 2.20567612e+02 9.32603607e+01 2.66295349e+02
 3.28789406e+01 8.35896072e+01 6.22330399e+01 1.49521112e+00
 3.83567780e+02 3.00447655e+01 6.21712494e+01 2.97126392e+03
 3.67708771e+02 3.64451996e+02 1.64709717e+03 2.41734009e+02
 6.42187439e+02 1.79984100e+02 1.72299156e+01 3.91943787e+02
 7.78303101e+02 1.68923168e+01 2.19910706e+02 2.49297104e+02
 2.54555988e+00 1.54771566e+01 3.34193153e+01 2.91976720e-01
 4.48224823e+02 2.49260284e+02 1.80886932e+02 8.39410095e+02
 7.04867554e+00 2.11536060e+03 4.02834930e+02 6.17163025e+02],-108.773674,-247.69002,-395.0972,3.0865104,27.903542,1.0006256,0.71636117,0.013195695695877075,12852.82598733902,-0.20010735781509828,0.03196976647094812,-0.2013384968351675,-0.02519530407811697,-0.9583416010971273,25.099999999996967,0.0,950000.0,-2.0,-1000.0,500.0,6.595752954483032,950000
120.89214,0.13330054,0.7091864,0.018526258,-113.66698,113.66698,[3.74555922e+00 6.43222928e-01 1.11127818e+00 1.17914772e+01
 3.44436705e-01 7.24049950e+00 3.15975308e+00 5.35636806e+00
 3.03626013e+00 1.84001598e+01 3.60546470e-01 1.41728888e+01
 7.08347261e-01 3.86699140e-01 1.32790112e+00 1.94891071e+00
 3.61064696e+00 3.39895844e+00 1.85042076e+01 4.74760485e+00
 2.48400599e-01 2.11139941e+00 1.34542904e+01 6.58411694e+00
 9.73750687e+00 1.38301821e+01 9.69530404e-01 1.39017229e+01
 2.91749549e+00 6.40163517e+00 6.76213360e+00 5.00525773e-01
 3.66897464e+00 1.00622249e+00 6.19117320e-01 6.23981692e-02
 9.22984314e+00 3.50300550e-01 1.23522043e+00 2.95478439e+00
 6.12210870e-01 3.16408873e+00 8.31244767e-01 1.01083117e+01
 1.82305360e+00 9.62461084e-02 5.54445877e+01 4.03444916e-02
 3.46580315e+00 6.97198585e-02 9.39609766e-01 5.71576834e+00
 9.03464079e-01 2.67077446e+00 3.58562374e+00 4.10415077e+00
 1.65226758e+00 6.78595638e+00 1.53466845e+00 2.34032536e+00
 1.03550663e+01 6.61303663e+00 1.28831136e+00 2.04665923e+00
 3.81357312e+00 8.36106300e+00 7.99232960e-01 1.06792402e+00
 2.60251188e+00 2.66421223e+00 1.99265867e-01 3.00839520e+00
 1.30257440e+00 4.65325880e+00 3.63553584e-01 7.31086302e+00
 5.66625786e+00 8.21105289e+00 4.80909872e+00 5.14000595e-01
 7.73446503e+01 1.60108681e+01 2.02230048e+00 1.73116755e+00
 8.09675694e+00 2.43880482e+01 2.02861238e+00 2.31020465e-01
 1.29428792e+00 3.65760565e+00 8.67295837e+00 2.00703106e+01
 9.76396179e+00 1.11710930e+01 9.62312341e-01 4.28036594e+00
 1.53568995e+00 2.51518679e+00 1.96461566e-02 7.41789398e+01
 4.32713079e+00 2.62268639e+00 1.61543339e-01 3.12120032e+00
 2.48621559e+00 3.55889845e+00 8.29800606e+00 4.55212593e+00
 1.51410830e+00 6.66667104e-01 6.06559181e+00 1.38168192e+00
 1.46647632e+00 1.83499098e+00 4.66106510e+00 1.83525543e+01
 1.34489059e+01 1.08559966e+00 7.10139799e+00 2.11046696e+00
 1.62891284e-01 4.13246012e+00 5.66490269e+00 5.18841267e+00
 9.14994717e-01 1.55340099e+00 5.89468241e+00 4.33339357e+00
 1.64454639e-01 2.50727882e+01 3.49459350e-01 2.89870310e+00
 4.01355791e+00 3.16939526e+01 2.16749167e+00 1.00787754e+01
 3.81973314e+00 7.02030897e-01 4.99754429e+00 1.10192738e+01
 1.31473856e+01 6.74552345e+00 2.11397433e+00 1.02364637e-01
 9.20732212e+00 1.17714310e+01 2.40970287e+01 6.47267151e+00
 6.08275986e+00 5.98479271e-01 5.49276733e+00 1.95384049e+00
 6.01192894e+01 5.47630847e-01 7.48229086e-01 4.09783554e+00
 1.37006652e+00 8.43077123e-01 6.96237469e+00 3.18478632e+00
 1.96955562e+00 7.54619551e+00 2.97124362e+00 7.14813471e+00
 1.36258736e+01 5.52628078e-02 2.25857878e+00 2.88362808e+01
 2.73737373e+01 1.50105560e+00 3.09245434e+01 8.60756493e+00
 4.52193111e-01 9.03100872e+00 3.11775827e+00 7.47037601e+00
 2.11947556e+01 1.31820345e+00 1.02594872e+01 2.02306056e+00
 2.60849285e+00 1.03948617e+00 4.04571581e+00 9.63517249e-01
 4.38601398e+00 8.42400970e+01 2.21302509e+00 8.79382133e+00
 7.63677180e-01 3.06775880e+00 1.82328568e+01 4.31716633e+00
 1.28259599e+00 7.78025508e-01 1.95041037e+00 5.18983936e+00
 1.60292740e+01 9.05459464e-01 5.96063137e+00 4.54715967e+00
 8.45335960e+00 1.23729467e+00 5.03960514e+00 1.20081320e-01
 1.10594635e+01 5.54293251e+00 1.77378953e+00 2.76264429e+00
 5.10684824e+00 1.15437469e+01 1.37094891e+00 9.56961751e-01
 7.34303427e+00 5.75080442e+00 1.08815613e+01 3.44820175e+01
 2.47207582e-01 1.64073372e+01 6.93165827e+00 2.65966564e-01
 5.08780909e+00 5.40675759e-01 3.94518495e+00 3.90346646e+00
 1.69687033e+00 4.20719194e+00 5.82252026e+00 4.96251613e-01
 1.42877305e+00 2.82114530e+00 4.05371475e+00 1.23697233e+00
 4.98421478e+00 3.19314778e-01 1.57419872e+01 6.55880785e+00
 5.19356537e+00 2.01094002e-01 5.39510345e+00 1.20407639e+01
 2.61265063e+00 5.00238180e+00 1.44849384e+00 1.20265031e+00
 7.68611240e+00 5.96826172e+00 4.36349201e+00 5.77957273e-01
 1.24438107e+00 1.39761925e+00 3.51325464e+00 3.98218656e+00
 1.61962461e+00 1.12711716e+00 1.83240128e+01 4.60880423e+00],7.7427835,[6.40796280e+00 1.50949180e-01 3.50869328e-01 1.65267074e+00
 1.10212917e+01 1.38156486e+00 2.73941803e+00 8.50460291e-01
 5.59888363e+00 5.50292397e+01 5.14217556e-01 7.89532959e-01
 4.54999399e+00 2.88821191e-01 2.38139248e+00 3.08457994e+00
 1.32724917e+00 1.93591194e+01 1.87884867e-01 4.46773100e+00
 7.16232538e-01 8.87018967e+00 9.52954233e-01 1.77672124e+00
 1.06295166e+01 3.64091769e-02 5.20095468e-01 3.21946192e+00
 2.40160561e+00 1.45866549e+00 9.17977989e-02 5.17941427e+00
 8.36313963e-02 3.21441460e+00 1.29165471e+00 4.02829647e-01
 1.16275847e+00 6.06105042e+00 2.91203588e-01 3.74683404e+00
 1.71240342e+00 3.66985393e+00 8.06399250e+00 7.17426091e-03
 1.12788115e+01 4.92253482e-01 1.26019821e+01 1.65179312e-01
 2.65641141e+00 1.74967041e+01 5.01528454e+00 1.89596391e+00
 7.84733653e-01 4.54897404e-01 8.49020481e-01 7.71745086e-01
 4.27704430e+00 4.63518590e-01 5.60602665e+00 6.19475460e+00
 8.69169593e-01 2.44037986e-01 8.90991747e-01 6.61407804e+00
 9.59502399e-01 1.89229444e-01 3.51935840e+00 1.18255556e+00
 3.55908608e+00 1.01020727e+01 7.10696697e-01 3.54661703e-01
 4.63825107e-01 4.40614367e+00 4.78122115e-01 1.41099775e-02
 2.58227617e-01 5.78822565e+00 1.95571089e+00 5.17176867e-01
 2.26013231e+00 4.69129086e+00 3.62705421e+00 2.32895660e+01
 1.45333433e+00 1.32606344e+01 5.92473221e+00 2.00593758e+00
 3.30110931e+00 1.76414418e+00 5.36252260e+00 6.93804359e+00
 8.64780140e+00 1.11845951e+01 7.77098560e+00 7.14588451e+00
 7.78817749e+00 2.67336535e+00 1.46839783e-01 1.05407379e+02
 1.55221701e+01 5.89787817e+00 2.83508837e-01 1.44919643e+01
 4.13614333e-01 4.47731256e-01 6.61645293e-01 8.15431893e-01
 9.90387678e-01 2.05767348e-01 4.62127876e+00 1.51628752e+01
 3.27780813e-01 1.68555558e+00 2.78351879e+00 5.27918816e+00
 7.81290650e-01 2.07116365e+00 5.26034927e+00 2.59377575e+00
 2.96429247e-01 6.11886740e+00 2.93577719e+00 8.80956078e+00
 2.05434346e+00 5.87603509e-01 2.20701218e+00 3.85666192e-02
 3.66951413e-02 9.12664032e+00 7.26049995e+00 9.17249680e+00
 4.08948326e+00 9.07837200e+00 1.52831584e-01 8.32392025e+00
 2.56807494e+00 2.89737630e+00 1.82210946e+00 2.17001343e+00
 5.97768426e-01 5.43410158e+00 5.53618717e+00 2.54134275e-02
 2.37851572e+00 4.02718878e+00 4.36481094e+00 7.70990753e+00
 1.22746229e+01 9.67048764e-01 8.80860233e+00 4.57236886e-01
 1.39945831e+01 5.09806514e-01 1.26162968e+01 7.30422139e-01
 9.96865177e+00 7.19057703e+00 1.87072730e+00 4.94137049e+00
 2.99513079e-02 6.86463654e-01 2.31047368e+00 7.47862625e+00
 3.32857788e-01 2.29312927e-02 9.37328243e+00 6.50360918e+00
 1.57442894e+01 1.54282713e+00 2.49579620e+00 3.07198834e+00
 4.63972092e+00 1.87230766e+00 1.49139118e+00 2.12764168e+01
 7.81626105e-01 8.85309410e+00 1.41697705e-01 2.94219780e+00
 1.60894823e+00 1.11628752e+01 1.17347026e+00 1.76790163e-01
 7.27175045e+00 1.84259682e+01 9.07765329e-01 5.90698898e-01
 1.99952221e+00 2.67660427e+00 7.91845751e+00 1.35711908e+00
 5.70460498e-01 1.47864178e-01 3.91792440e+00 1.11281157e+01
 4.28223729e-01 9.97603416e+00 4.21726108e-01 4.55359268e+00
 1.22820413e+00 6.11578321e+00 1.75972426e+00 2.38326073e+00
 7.04584837e+00 7.31656504e+00 1.26584029e+00 1.53414595e+00
 6.81998372e-01 1.05447750e+01 4.07018042e+00 3.81802171e-01
 3.92409515e+00 8.61424541e+00 2.51309514e-01 6.50707626e+01
 6.74252796e+00 1.80395174e+00 9.66885686e-01 4.56259155e+00
 3.02385354e+00 1.16095390e+01 5.15494868e-02 2.06767154e+00
 2.42466593e+00 1.36877084e+00 4.29369688e+00 5.69879818e+00
 3.99753928e-01 5.03883123e-01 3.89378953e+00 1.34081259e+01
 1.19484596e+01 1.82519054e+01 4.30090380e+00 8.24430466e+00
 1.53477991e+00 3.13447297e-01 2.01361871e+00 1.65814802e-01
 9.06062126e-01 8.86763287e+00 2.73492737e+01 2.11971130e+01
 3.53210783e+00 4.50222254e-01 1.13220215e+00 4.72835732e+00
 1.08273137e+00 8.00270653e+00 5.74428844e+00 4.53589153e+00
 1.49547410e+00 1.01177883e+00 2.22576690e+00 6.36881590e-02],-67.01706,-192.46796,-400.0,1.7641343,5.736595,0.96269065,0.6492917,118.87374,-129.79785,784.4673,227.52228,0.6842187,0.7994903,0.12897329,-218.84315,218.84315,[3.63814453e+02 1.57842989e+01 1.74309753e+02 5.52182884e+01
 2.48255882e+01 7.65058746e+01 2.87251415e+01 5.57910843e+01
 1.08909436e+03 7.28546295e+01 7.70886230e+01 1.45242538e+02
 3.26025238e+02 4.16680298e+01 3.19980103e+02 5.15868416e+01
 8.47500916e+01 1.46082550e+02 1.41119897e+00 1.44576157e+02
 7.83612823e+01 6.84426193e+01 1.94434402e+02 6.02225708e+02
 3.96076782e+02 1.28536469e+02 3.04240631e+02 3.32500488e+02
 3.65838916e+03 8.57385445e+00 6.12275146e+02 5.09549561e+01
 2.87620354e+01 9.01971436e+02 9.12177856e+02 1.50579407e+02
 1.37665857e+03 9.78310913e+02 1.67198761e+02 6.51565002e+02
 1.09306297e+01 1.15534067e+01 1.88742523e+02 4.07541016e+02
 1.69851732e+00 1.38318445e+03 3.15088428e+03 1.04104080e+02
 3.76913910e+01 7.38319702e+01 1.99878769e+02 2.00504913e+01
 6.37111206e+02 1.62477271e+03 5.47118103e+02 4.76255722e+01
 2.81051056e+02 1.52336848e+00 1.02889185e+03 1.54850159e+02
 6.98533096e+01 2.89042236e+02 3.08851910e+01 1.01950854e+03
 8.15216370e+01 3.56620697e+02 1.60226395e+02 1.43973942e+01
 3.02799559e+00 7.19391537e+00 3.84472923e+01 5.03913116e+01
 6.73917236e+01 2.18595734e+02 4.51034660e+01 2.28215485e+01
 1.67894043e+02 3.60792542e+01 1.79544964e+01 2.28880157e+02
 2.10056567e+03 2.00745581e+03 1.13192493e+03 4.28501816e+01
 1.01074440e+02 2.07474902e+03 3.69412842e+02 7.38600342e+02
 6.75406555e+02 2.00281860e+03 4.80907013e+02 1.19874802e+02
 1.90819489e+02 3.77565918e+02 1.41152725e+01 4.44825562e+02
 8.00085068e+00 1.69292773e+03 5.85941162e+02 2.46368848e+03
 1.46476868e+02 5.87086914e+02 1.09938889e+02 2.95167983e-01
 2.66517329e+00 5.40318146e+01 3.10900879e+02 3.86310425e+02
 3.14670227e+02 3.07134460e+02 1.83949295e+02 4.13347092e+01
 7.84806633e+00 2.36681549e+02 6.08036255e+02 1.25339600e+03
 7.42557220e+01 2.38697052e+02 1.07940100e+03 2.46982208e+02
 4.32235870e+02 7.36852051e+02 2.44708740e+03 2.59906006e+00
 1.45507715e+03 8.94482994e+00 9.17983818e+00 8.16543045e+01
 5.46803589e+01 1.32832727e+03 2.04337170e+03 2.43537430e+02
 1.04480751e+02 1.05484021e+03 1.04824745e+02 1.14755707e+01
 1.93824875e+02 3.47474060e+02 7.52914673e+02 9.46150742e+01
 7.57837629e+00 3.59962036e+03 7.26279297e+01 1.21228876e+01
 4.98163109e+01 5.76582886e+02 7.45050659e+02 2.41048022e+03
 2.78336377e+03 1.88317337e+02 2.14123878e+01 8.11445999e+01
 4.14500195e+03 2.72632561e+01 5.35335876e+02 5.13184265e+02
 1.69602524e+02 2.61209778e+02 2.43084297e+01 5.81948975e+02
 9.66350250e+01 1.00498146e+02 2.77102148e+03 1.83188133e+01
 1.31317501e+01 2.06095215e+03 2.04306091e+02 3.52797394e+01
 1.96130341e+02 3.69569054e+01 3.44806519e+01 2.49449215e+01
 3.38962646e+02 5.81034374e+00 2.53672104e+01 1.56680756e+02
 1.61755829e+02 2.28218903e+02 1.53532684e+02 6.97128296e+02
 3.91335510e+02 2.13806323e+03 2.92978973e+01 1.86073868e+02
 1.29518652e+01 7.59422974e+02 5.06806335e+02 2.24408890e+02
 4.23060303e+02 2.28173315e+03 1.09954872e+02 6.94695358e+01
 1.91039848e+01 6.10793457e+02 1.88133881e+02 3.53871674e+02
 5.86528664e+01 1.79550598e+02 1.29175858e+02 1.93114062e+03
 5.11915039e+02 2.14456573e+02 5.40860046e+02 1.62194462e+01
 9.67398560e+02 9.17075539e+00 2.04063855e+03 8.12285614e+00
 2.28992569e+02 9.62561111e+01 6.83511658e+02 3.95685768e+01
 1.84265228e+02 9.27016846e+02 1.44935883e+02 1.20184241e+03
 7.38323486e+02 1.21334248e+01 9.16835499e+00 1.72306000e+02
 9.76787186e+00 1.18781909e+03 8.52949753e+01 3.17902222e+02
 6.37247437e+02 5.50600863e+00 7.20232056e+02 4.70838916e+03
 3.23369637e+01 4.50673103e+01 6.70649109e+02 6.34348206e+02
 1.06410133e+02 2.09133154e+03 6.32514610e+01 9.14127686e+02
 1.17557669e+01 8.34753647e+01 5.46629295e+01 3.91137360e+02
 1.14775467e+02 2.43886642e+01 7.55568359e+02 1.21046497e+03
 8.35835205e+02 4.97033539e+01 2.40186816e+03 5.51406433e+02
 2.63016663e+02 6.36093323e+02 5.07402051e+03 1.42845793e+01
 1.50582170e+01 7.96642822e+02 1.50001495e+02 3.41552094e+02],719.7854,[3.93925262e+02 2.24659912e+02 2.37709717e+02 5.15417023e+01
 2.42636585e+01 6.52850113e+01 2.76803780e+01 5.41906662e+01
 1.08924182e+03 2.22866726e+01 3.33705063e+01 1.55634430e+02
 1.39036438e+02 2.52926502e+01 3.09640198e+02 3.73865891e+01
 9.51478882e+01 1.36432617e+02 1.21891916e+00 1.38022766e+02
 6.63932037e+01 1.19975639e+02 7.09508743e+01 5.46712891e+02
 4.06501892e+02 1.32278900e+02 1.46683182e+02 2.05150787e+02
 3.61009839e+03 2.07088394e+01 8.78630554e+02 4.88120117e+01
 1.08327484e+01 8.93381592e+02 6.07600464e+02 1.31029236e+02
 1.30405261e+03 9.96542969e+02 1.49896240e+02 4.15477203e+02
 2.52018784e+02 4.68160486e+00 1.95317856e+02 3.29375671e+02
 1.75526062e+02 1.55718738e+03 2.27045386e+03 9.61388092e+01
 3.42472386e+00 1.73473969e+01 6.59890671e+01 1.08156555e+02
 6.43205200e+02 1.52833301e+03 2.48977356e+02 5.49814682e+01
 1.89064941e+02 2.94349442e+01 7.81704163e+02 5.93750839e+01
 6.46991653e+01 2.83974884e+02 7.85737562e+00 1.83752106e+02
 9.07008591e+01 5.32517151e+02 6.38769188e+01 1.50551010e+02
 6.90044284e-01 2.60215878e-01 5.14087334e+01 9.41444092e+01
 8.87856216e+01 3.58637939e+02 3.10094662e+01 3.43107529e+01
 1.26280212e+02 1.49210215e+01 1.01768417e+02 9.48408203e+01
 2.04424231e+03 8.56317200e+02 1.13420557e+03 2.41618133e+00
 1.07928543e+02 1.79874536e+03 3.51694946e+02 7.20751190e+01
 6.80259949e+02 1.14889990e+03 3.86534332e+02 1.32583847e+02
 1.85600540e+02 3.02917175e+02 1.15806503e+01 4.80087036e+02
 7.70347595e+00 9.03147217e+02 5.37799072e+02 2.36528809e+03
 1.34682022e+02 6.17706543e+02 9.92157288e+01 1.07808933e+01
 7.52682114e+00 2.66342964e+01 3.21056549e+02 2.57638031e+02
 5.58361572e+02 2.94259033e+02 1.86954636e+02 2.72921028e+01
 7.29109240e+00 4.01794662e+01 5.61037415e+02 1.21155933e+03
 3.48911171e+01 2.26050659e+02 9.11043579e+02 2.47072418e+02
 1.76026413e+02 7.87557007e+02 2.35509009e+03 2.43572092e+00
 1.37636523e+03 2.64064097e+00 2.04474568e+00 9.24174194e+01
 5.77594986e+01 3.90916931e+02 1.82322888e+03 1.05784216e+01
 1.07284996e+02 1.08692810e+03 9.20553741e+01 1.25872116e+02
 1.42710251e+02 3.46603638e+02 5.36726196e+02 2.44075813e+01
 5.11035156e+00 1.54096094e+03 7.69886627e+01 1.66042156e+01
 1.42513142e+01 5.81124268e+02 7.28123230e+02 2.55668311e+03
 2.15342944e+03 1.84351440e+02 1.41253853e+01 3.45861893e+01
 4.16028613e+03 3.27860146e+01 3.46195465e+02 7.79079056e+01
 5.08926086e+01 2.45071533e+02 6.15514259e+01 4.93868927e+02
 6.20063171e+01 4.44273949e+00 2.79260938e+03 2.93475533e+01
 1.18509331e+01 1.39563086e+03 1.01678818e+02 3.83335457e+01
 1.96729797e+02 1.12872932e+02 3.40151176e+01 1.87221756e+01
 2.97609558e+02 2.54190540e+00 3.41216698e+01 4.42791939e+01
 1.00524185e+02 6.14863892e+01 2.09208588e+02 6.12951050e+02
 3.84654175e+02 2.00758545e+03 2.66412086e+01 1.28565796e+02
 1.06848946e+01 7.72126282e+02 6.10601807e+02 2.41031586e+02
 4.76272522e+02 2.89328735e+03 4.32242737e+01 1.76271194e+02
 3.20993257e+00 6.52082703e+02 6.60114975e+01 2.58467621e+02
 1.19813721e+02 1.36572906e+02 2.66798157e+02 4.52503448e+02
 7.15505981e+01 2.13437210e+02 3.23602051e+02 3.24285316e+01
 5.48408394e+01 1.19972601e+01 2.14293530e+03 2.79616857e+00
 1.87212784e+02 6.14775200e+01 6.73297974e+02 9.49675598e+01
 1.91295959e+02 1.14528699e+03 2.46930847e+01 1.20527112e+03
 6.82904358e+02 1.02133446e+01 9.52651310e+00 9.77402687e+00
 9.81717758e+01 1.19065820e+03 1.04806786e+02 6.29335480e+01
 6.25914551e+02 1.93834305e+01 6.88791565e+02 3.35772314e+03
 1.90181904e+01 4.77778625e+01 1.50090179e+02 6.47760803e+02
 3.03321209e+01 2.49210718e+03 3.57100258e+01 9.49845093e+02
 1.97433167e+02 6.74293823e+01 4.73368073e+00 5.64001503e+01
 6.08949738e+01 2.10972710e+01 8.75353882e+02 1.11090479e+03
 8.16972168e+02 1.49803305e+00 2.53714990e+03 4.53504791e+02
 2.41418289e+02 6.55613037e+02 5.00650342e+03 1.20498676e+01
 9.19813919e+00 7.84542358e+02 3.13846741e+01 3.65615662e+02],-111.030945,-248.07953,-388.62503,2.997645,13.168584,1.0651085,0.73394775,0.013763743124008179,13196.919583797455,-0.32391798659652543,0.06651583071008285,-0.32903133246535277,-0.08071383376502467,11.12008208530074,25.099999999996967,0.0,975000.0,-2.0,-1000.0,500.0,6.612575054168701,975000
111.55084,0.13093598,0.73846644,0.018525263,-104.03524,104.03524,[4.73416939e+01 1.40677280e+01 3.44342136e+00 2.33346248e+00
 8.40504913e+01 6.78422165e+00 7.13847923e+00 1.12425470e+01
 9.36127663e+00 1.54625816e+01 8.45855904e+00 3.93213463e+00
 8.70147705e+00 4.92166710e+00 2.60531254e+01 2.56734657e+01
 4.10115814e+00 3.02975559e+01 2.74384823e-02 9.82388592e+00
 2.16422176e+00 1.20345008e+00 3.96819890e-01 1.61366997e+01
 2.06207371e+00 2.43066216e+00 9.42552471e+00 4.89919233e+00
 2.24173236e+00 4.52637148e+00 2.17651486e+00 3.30471706e+00
 9.10918274e+01 1.65839825e+01 6.15152407e+00 2.01353245e+01
 3.18596506e+00 4.81157780e+00 7.22474384e+00 9.06218910e+00
 1.09968428e-02 1.62928715e+01 4.81570721e+00 1.12832947e+01
 6.56060553e+00 7.89794874e+00 1.21377933e+00 7.50420094e-01
 2.21258950e+00 1.01628218e+01 3.38282883e-02 9.11715317e+00
 3.33086109e+00 4.26552582e+00 1.88127959e+00 6.11125660e+00
 1.11458397e+00 5.24976730e+00 3.55789375e+00 2.33093414e+01
 2.81343699e+00 7.27211285e+00 6.42102814e+01 7.92296505e+00
 6.76668739e+00 9.15999174e-01 4.69198179e+00 6.00790977e+00
 2.96809721e+00 2.44952726e+00 6.01847887e+00 1.14802771e+01
 1.40609722e+01 2.78153110e+00 2.57188641e-02 3.70204830e+00
 3.61594915e+00 9.46538925e+00 3.70847249e+00 3.92806840e+00
 7.61001706e-01 9.32764149e+00 3.58273029e-01 3.30389547e+00
 5.85200262e+00 5.00584841e-01 2.99381781e+00 2.60610056e+00
 1.04430733e+01 9.90491807e-02 9.96136785e-01 3.48383021e+00
 3.68894958e+01 4.35573578e-01 4.58313763e-01 1.12116508e+01
 4.30808449e+01 2.62683239e+01 3.94702172e+00 6.71243620e+00
 2.37624397e+01 1.09502850e+01 3.23413062e+00 5.46511793e+00
 2.25957465e+00 1.26177716e+00 4.09783983e+00 2.73057431e-01
 1.89200974e+00 1.96492171e+00 2.92142558e+00 3.56271362e+00
 1.19862118e+01 5.94104385e+00 1.21121085e+00 5.73377788e-01
 4.39731538e-01 6.78461552e+00 5.13743401e+00 2.20236135e+00
 5.51672554e+00 6.70979261e+00 4.06295443e+00 2.05811234e+01
 1.97006926e-01 5.15745020e+00 3.19095421e+00 4.27601546e-01
 4.47837532e-01 1.83919945e+01 1.26377945e+01 3.55583334e+00
 4.02998066e+00 1.60065746e+01 1.63084908e+01 1.01040573e+01
 1.26782732e+01 7.70092106e+00 1.46396275e+01 4.16939688e+00
 1.26181049e+01 1.41508541e+01 7.46608675e-02 2.19845543e+01
 2.58356190e+00 1.76361132e+00 3.67775583e+00 6.76795542e-01
 8.11831284e+00 7.28008568e-01 1.03856831e+01 1.16070356e+01
 1.88970280e+00 5.70962811e+00 1.28993759e+01 1.69473515e+01
 2.64605999e+00 8.49075890e+00 4.83542156e+00 1.60846100e+01
 1.10935431e+01 1.86260676e+00 1.15027828e+01 6.15607834e+00
 2.13887787e+01 7.06644583e+00 2.27195501e+00 1.12162590e+01
 8.29410267e+00 9.03589845e-01 1.94688782e-01 7.55295229e+00
 1.57267559e+00 1.92341447e+00 1.25300121e+01 1.56986923e+01
 5.56519508e+00 1.78062141e+00 1.46973956e+00 7.05856514e+00
 1.12033482e+01 2.74880385e+00 4.16563362e-01 9.99613190e+00
 1.56908226e+01 4.95723343e+00 4.91521001e-01 5.96264553e+00
 4.30369759e+00 1.08993864e+01 6.18313670e-01 1.13710747e+01
 1.66019249e+00 9.09524345e+00 2.79919434e+00 5.63153386e-01
 2.85118818e-01 1.14109850e+01 5.24643040e+00 2.01575260e+01
 5.34678383e+01 2.35245752e+00 5.58701658e+00 4.54963970e+00
 2.19732933e+01 5.96487331e+00 8.81245017e-01 9.09866905e+00
 4.96336460e+00 2.29267693e+01 3.19744277e+00 3.26215601e+00
 7.49972200e+00 5.94003201e+00 5.04917479e+00 2.58357310e+00
 3.50699365e-01 6.74313641e+00 3.00049663e+00 7.55924797e+00
 8.22078896e+00 3.92431307e+00 5.48679054e-01 3.87466311e+00
 8.46885681e+00 3.36449528e+00 9.11058617e+00 9.95214748e+00
 4.56335878e+00 1.46258545e+01 8.30878448e+00 4.75059319e+00
 5.02464724e+00 6.75690317e+00 1.34752598e+01 7.35899568e-01
 5.26648089e-02 4.14489365e+00 2.20123100e+00 4.33362103e+00
 4.07890491e-02 1.41077700e+01 1.51195848e+00 3.27562356e+00
 5.98263204e-01 1.94422722e+01 1.40467625e+01 4.48107910e+00
 1.40396476e-01 6.35550022e+00 1.16659477e-01 7.60592520e-01
 1.77211404e+00 2.67027521e+00 1.11482773e+01 3.07067561e+00],9.186373,[4.5227623e+01 3.6810142e-01 7.0268025e+00 4.7211084e-01 1.7775334e+02
 1.0294609e+00 3.2682197e+00 3.4565840e+00 1.4579488e+00 5.2021112e+00
 8.3942633e+00 3.6401222e+01 1.9031795e+00 2.8440576e+00 2.7502996e+01
 2.8223891e+00 1.6616030e+00 4.9322319e+00 3.0072780e+00 2.1429181e+00
 8.3966744e-01 3.5084218e-01 9.8346293e-02 9.4892812e-01 9.7633582e-01
 2.3394620e-01 9.9904352e-01 1.4716430e+00 2.4440298e+00 1.1792297e+00
 4.7603378e+00 4.7900315e-02 2.1060104e+01 1.1944523e+01 1.7276749e-01
 2.7966648e+01 1.5111083e+00 3.2340436e+00 6.2506728e+00 1.9670320e+00
 3.1742640e-02 2.4226365e+00 2.0832698e-01 1.1840669e+00 4.9454832e+00
 3.8448122e+00 3.6856492e+00 1.3912276e+00 2.2942195e+00 1.4225484e+00
 2.0501606e+00 3.6145246e-01 3.3436842e+00 1.1806358e+00 1.4872706e+00
 8.3345318e-01 5.3667319e-01 4.0899258e+00 3.8868225e+01 3.6505497e+01
 1.4909139e+00 5.7666068e+00 1.2940467e+01 1.1615188e-01 3.1207234e-01
 9.5725253e-02 1.6305674e+00 9.5259607e-01 8.1184263e+00 1.3512306e-01
 5.7079644e+00 2.8482165e+00 5.0274652e-01 2.9103744e-01 9.9077296e-01
 4.1273413e+00 1.2126091e+00 4.1535916e-03 6.3315624e-01 4.5530885e-02
 4.0968451e+00 1.0732770e+00 1.1492030e-02 2.6268582e+00 1.5146638e+00
 9.0881270e-01 5.9087591e+00 7.6351440e-01 2.4799892e-01 6.4495969e+00
 2.5217159e+00 3.0653849e+00 1.7289955e+01 8.3707666e+00 3.7959543e-01
 4.7304034e-01 8.2030630e+00 9.6256310e-01 1.3223191e+00 3.1246367e+00
 1.7542664e+01 9.6924400e+00 2.1574347e+00 2.3297253e+00 2.5047483e+00
 5.3381777e-01 2.9290462e+00 1.4396571e+00 7.0585909e+00 6.6236383e-01
 1.0195713e+00 1.8400911e+00 4.2689049e+01 4.3299127e+00 9.0351373e-01
 1.0099534e+00 2.0130199e-01 3.8530964e-01 3.1315064e+00 1.9845321e+00
 1.1264254e+00 1.9715344e+00 1.6777678e+00 7.5077736e+01 5.2423835e-01
 4.7891814e-01 1.0266285e+00 1.5833831e-01 2.8441849e+00 5.0974855e+00
 5.7788415e+00 5.9891447e-02 2.9614317e+00 1.7765511e+00 1.5780191e+01
 1.0865857e+01 8.4596519e+00 3.0675521e-01 3.9584572e+00 3.2477030e-01
 1.0984309e+00 1.0462679e+00 2.2608075e+00 4.7028512e-01 1.9941014e+00
 2.0798598e-01 1.2326401e+00 6.0982513e-01 1.8066168e+00 1.6520573e+00
 1.0274239e+00 7.0228142e-01 6.3701588e-01 1.0512196e+00 3.0434911e+00
 1.1101908e+01 4.7052555e+00 5.3495929e-02 3.1219428e+00 2.4396033e+00
 2.8673770e+00 1.7880509e+00 1.3956118e+01 6.5151339e+00 9.8977423e+00
 8.8270473e-01 1.4994621e+00 3.0991592e+00 3.3544934e-01 2.6768329e+00
 2.8557763e+00 3.0602032e-01 5.0307226e-01 4.1915303e-01 1.3800243e-02
 8.4544897e+00 7.7789754e-02 2.2509243e+00 1.6667135e+00 6.2924151e+00
 2.1417929e+01 3.7145040e+00 1.1788068e+01 4.4151388e-02 2.5045300e+00
 4.9687662e+00 3.0841517e+00 2.3189844e+01 6.1260343e-01 1.3601954e-01
 1.6329403e+00 5.6616077e+01 7.0667863e-02 1.2148852e+01 1.4348838e+00
 1.3635290e+00 4.8404121e+00 2.5668101e+00 1.1415561e+00 1.3761143e+01
 4.5440826e+00 1.4552773e+00 2.8365858e+00 7.8584256e+00 6.0163116e+00
 8.5792613e-01 4.4731755e+00 3.0972248e-01 7.9991764e-01 2.8426883e+00
 3.3506889e+00 1.4591680e+00 6.1087408e+00 2.0998206e+00 1.0256243e+00
 1.4256322e-01 5.7481301e-01 9.6797800e-01 6.6320620e+00 1.2760267e+00
 3.4376094e+00 9.9725729e-01 2.3866749e-01 1.4831233e+00 3.4015007e+00
 1.3121212e+00 1.6308215e-01 4.0112156e-01 8.4133797e+00 5.5184088e+00
 2.2507262e+00 1.2511762e+01 3.8725287e-01 7.7986676e-01 1.1995978e-01
 2.7904365e+00 1.3438253e+00 6.8173218e+00 3.5475020e+00 1.0005615e+00
 3.0593850e-02 1.5716846e+01 2.9444745e+00 6.5510517e-01 1.0526100e+00
 6.3816600e+00 1.4846653e+01 1.4132984e+01 1.3078539e-01 4.5639830e+00
 6.7508966e-02 3.3429846e-01 2.7179050e-01 3.5296950e-01 1.5191679e+01
 2.6217341e+00],-68.043045,-183.3057,-400.0,1.7888386,4.706346,0.99879956,0.65130025,168.45789,-282.99567,1102.0002,217.72191,0.6608979,0.8152901,0.11228265,-208.90811,208.90811,[6.49867737e+02 4.93133362e+02 1.81898853e+03 1.46472949e+03
 2.92924164e+02 9.97758691e+03 5.43851196e+02 5.70412827e+01
 1.11993973e+02 9.04590912e+01 3.95129776e+01 7.34782227e+02
 8.06226959e+01 2.43671219e+02 9.46884583e+02 1.76762619e+01
 6.38085365e+00 3.02140686e+02 2.52232788e+02 7.11513214e+01
 1.48533740e+03 1.45469104e+03 1.05122363e+03 4.83768997e+01
 6.16060608e+02 4.66318878e+02 3.34368262e+03 1.38684631e+03
 1.77633911e+02 2.10095642e+02 9.68160272e-01 1.23450732e+03
 2.63870850e+02 2.59860992e+02 9.43435287e+00 3.16101465e+03
 2.29795105e+02 1.22902740e+02 7.76158630e+02 3.39186035e+02
 1.84183655e+02 1.13355627e+03 4.67962875e+01 6.53605986e+00
 2.39058691e+03 1.29409149e+02 1.42061462e+01 1.32822095e+03
 3.79984711e+02 8.87080383e+01 1.84058838e+01 1.51504492e+03
 2.07365552e+03 1.57992039e+01 3.25260712e+02 1.93271851e+03
 2.63817383e+02 1.91247925e+02 2.62518921e+02 2.03695557e+02
 1.88130585e+02 2.18742725e+03 2.55521259e+01 6.14268921e+02
 2.14896744e+02 3.00089531e+01 7.41586365e+02 1.05003212e+02
 3.75522614e+02 2.19517041e+03 5.22222805e+00 3.06112885e+02
 1.68519141e+03 1.34401672e+03 2.99878998e+01 6.71571533e+02
 3.07880707e+01 2.47235298e+01 2.65767670e+02 7.98567505e+01
 4.04490967e+02 4.14283398e+03 2.64503125e+03 1.64615405e+03
 1.89038864e+02 4.97944641e+01 3.14225245e+00 1.06990372e+02
 5.33495728e+02 3.63874207e+02 1.74883240e+02 2.37053986e+02
 1.63723907e+02 2.13582249e+01 3.47698708e+01 7.79721436e+02
 1.44443335e+03 1.40935455e+02 1.55397243e+01 4.59187683e+02
 8.49273315e+02 1.49204300e+02 1.87058304e+02 6.10241966e+01
 9.35268555e+01 6.02410889e+02 4.56859985e+02 9.81104088e+00
 4.69198181e+02 2.39585590e+00 2.08130121e+00 1.16212166e+02
 2.76467432e+03 3.21038177e+02 2.28126698e+01 5.16676521e+00
 1.32324866e+03 4.10235748e+02 3.73777802e+02 4.92118042e+02
 1.07517493e+03 1.34181885e+02 5.51782166e+02 1.42106384e+02
 2.71411560e+02 6.62765121e+01 5.40810852e+02 1.00643811e+03
 4.50935440e+01 2.13907257e+02 1.01044769e+02 2.15107300e+02
 7.71258179e+02 4.37195831e+02 4.10546265e+02 4.11515503e+01
 8.49862976e+01 8.65482254e+01 3.84606641e+03 6.28724670e+02
 1.28957443e+02 4.63531227e+01 5.15066772e+02 3.89306335e+01
 1.46425476e+02 6.05015283e+03 5.20167923e+01 3.62396584e+01
 9.14987305e+02 7.12369156e+01 5.39682922e+01 3.87510276e+00
 2.14654327e+02 1.42260205e+03 7.41667175e+01 1.30034668e+02
 9.20543289e+01 4.82453156e+02 7.77480957e+02 1.30123901e+03
 8.64888000e+01 6.08589706e+01 7.03400940e+02 8.09779358e+01
 3.08912402e+03 5.19337891e+02 5.66951942e+01 1.19424751e+02
 6.21127014e+02 8.12654037e+01 1.47424719e+03 7.04308472e+02
 3.75667554e+03 2.64416333e+03 3.81078125e+02 1.82605026e+02
 7.10381104e+02 1.67410431e+02 5.13779236e+02 7.57253885e-01
 1.60637569e+01 3.24990501e+01 2.89853833e+03 1.01925438e+02
 1.68473236e+02 5.79450684e+02 1.35969702e+03 4.02424255e+02
 8.27955566e+02 1.24449825e+01 1.69848995e+01 7.20517273e+01
 5.93497681e+02 7.59782654e+02 2.98582062e+02 5.99859200e+01
 2.21461182e+02 3.13450187e-01 5.40623474e+02 9.50679993e+02
 3.17736450e+02 4.35945312e+02 2.76488678e+02 9.84927856e+02
 2.26916146e+00 2.12574601e+00 1.73612000e+02 4.98537781e+02
 6.56481079e+02 2.93044403e+02 4.87902405e+02 1.19888466e+02
 1.93702966e+03 1.89138037e+03 1.72764819e+03 2.48427881e+03
 7.29278793e+01 5.27121353e+01 2.56348343e+01 1.15109062e+02
 3.04500305e+02 9.88360138e+01 3.43431854e+01 3.63551666e+02
 1.11325737e+02 6.32829742e+01 7.98981247e+01 2.60801964e+01
 5.47747925e+02 5.54950928e+02 1.15675110e+02 9.02072449e+02
 8.58211365e+02 1.05713513e+03 1.20324353e+03 6.74398376e+02
 1.59485138e+02 6.94134521e+01 2.00888708e+03 1.57093579e+03
 2.59827843e+01 1.52682788e+03 5.34747131e+02 1.14145251e+03
 1.12783897e+02 3.37135620e+02 3.29286804e+01 3.98229309e+02
 4.84961914e+03 3.11026794e+02 8.18364685e+02 4.82220703e+02
 3.38433563e+02 6.09720825e+02 2.66016632e+02 1.58742409e+01],917.0109,[5.92995117e+02 4.75863312e+02 1.49104102e+03 1.77719385e+03
 3.55213531e+02 1.20222910e+04 6.30838867e+02 8.12601395e+01
 5.46232452e+01 2.33734741e+01 5.61283767e-01 3.43720795e+02
 7.78761063e+01 1.90813904e+02 4.24776611e+02 1.44803133e+01
 2.28133631e+00 3.26809113e+02 8.73181610e+01 4.75612030e+01
 1.49130042e+03 1.25707507e+03 1.18096826e+03 4.80947876e+01
 6.57160522e+02 4.39676971e+02 3.56474316e+03 9.04447693e+02
 1.92952576e+01 2.11085541e+02 1.02306418e-01 1.00232599e+03
 1.55518356e+02 3.35471558e+02 3.49047685e+00 2.39770361e+03
 1.94301239e+02 4.46623291e+02 6.73884399e+02 2.88467163e+02
 2.54386993e+02 1.21699268e+03 2.28496723e+01 4.32110748e+01
 2.40011133e+03 1.32925949e+02 1.87454987e+01 1.26241602e+03
 2.49286453e+02 8.90902710e+01 5.34465485e+01 4.14659149e+02
 1.33697046e+03 1.55982733e+01 3.21263977e+02 1.90032275e+03
 5.86260948e+01 2.00522644e+02 2.21758156e+01 2.25919968e+02
 2.29631023e+01 2.14745825e+03 1.65602856e+01 5.71670044e+02
 2.02407135e+02 3.54776230e+01 5.82022583e+02 7.12361526e+01
 7.46365356e+00 1.27608899e+03 6.35800809e-02 4.96359711e+01
 1.67681140e+03 6.43893921e+02 2.03440514e+01 7.43715332e+02
 4.00949516e+01 1.20960388e+02 2.09171265e+02 7.58704605e+01
 3.18060211e+02 4.09164404e+03 2.67313208e+03 1.73779724e+03
 1.28195923e+02 1.90219212e+00 8.91097641e+00 1.30428741e+02
 1.81262207e+01 1.92775085e+02 4.01991539e+01 1.01429138e+02
 1.83010513e+02 1.96060677e+01 1.21985614e+00 8.44162979e+01
 1.61080383e+03 1.01431131e+01 1.74835625e+01 4.50579407e+02
 5.24575073e+02 1.29498199e+02 7.84252853e+01 8.41079712e+00
 7.39951477e+01 4.99743225e+02 4.47760803e+02 2.17924976e+01
 4.16628052e+02 5.35631466e+00 2.58667040e+00 1.86916626e+02
 2.94308105e+03 2.19138977e+02 2.72492733e+01 4.86457443e+00
 1.32721326e+03 1.42882492e+02 4.35637360e+02 3.35285919e+02
 8.60314514e+02 1.27008881e+02 5.46158875e+02 1.58019058e+02
 3.17808289e+02 4.98496933e+01 4.38252838e+02 4.68775787e+02
 9.95570278e+00 2.29427063e+02 6.95785065e+01 6.14081116e+02
 2.39419205e+02 4.10689941e+02 4.94399658e+02 6.81146622e+01
 7.46041870e+01 8.81718445e+01 3.89980249e+03 4.62989380e+02
 9.17280655e+01 1.42948517e+02 5.07703278e+02 3.09303799e+01
 8.14759445e+01 6.48975488e+03 5.24541626e+01 1.43913603e+01
 9.07903076e+02 7.50865097e+01 5.31610718e+01 2.63163686e+00
 7.09775696e+01 1.42129639e+03 2.34057274e+01 1.30131500e+02
 3.10721226e+01 3.41596619e+02 7.99343628e+02 1.20902319e+03
 1.78936890e+02 1.83584738e+00 7.68374878e+02 5.06917191e+01
 3.24838257e+03 5.34991028e+02 5.36671982e+01 1.00458527e+02
 5.84051758e+02 1.79709427e+02 1.51679529e+03 8.02773804e+02
 3.77898486e+03 2.67300732e+03 3.02773895e+02 3.93276825e+01
 6.37031982e+02 1.08902954e+02 4.74632874e+02 7.64926970e-01
 3.66048276e-01 1.02459059e+01 2.07523511e+03 4.89010239e+01
 1.62473312e+02 2.12309586e+02 1.40302148e+03 3.08713501e+02
 8.42559204e+02 4.83723021e+00 2.67106495e+01 1.63548362e+00
 6.47151367e+02 8.35709595e+02 3.02654358e+02 9.03863907e+01
 1.08804236e+03 2.02427816e+00 5.60746948e+02 8.74824707e+02
 3.12282715e+02 4.35289093e+02 2.21744873e+02 1.01099634e+03
 1.95151443e+01 1.81032646e+00 1.66793152e+02 4.63380371e+02
 6.70281738e+02 3.06002899e+02 4.41838928e+02 1.17384438e+02
 1.77963257e+03 1.75638135e+03 1.67155505e+03 2.16604492e+03
 3.91414032e+01 3.25024490e+01 3.97194481e+01 4.71071091e+01
 4.36702385e+01 5.92654514e+00 1.21210155e+01 3.78749939e+02
 4.39244843e+01 5.53051491e+01 1.82933304e+02 1.89321957e+01
 3.95614014e+02 5.60206726e+02 9.75772247e+01 4.86053619e+02
 5.68782227e+02 6.16567627e+02 1.01613477e+03 6.90139038e+02
 1.08310745e+02 1.17695908e+02 3.60146729e+02 1.56371997e+03
 3.26433640e+01 1.42788660e+03 2.81154144e+02 1.15697925e+03
 1.03486923e+02 4.27425423e+01 6.33737373e+00 3.97887054e+02
 4.59207178e+03 3.25991882e+02 2.47831604e+02 4.57370239e+02
 3.07419159e+02 8.00060547e+02 1.58852982e+02 5.51842833e+00],-78.84688,-239.53525,-394.9926,2.8758233,10.908138,0.99815273,0.7295438,0.013217582426071166,13527.359165668488,-0.07194510172471873,-0.13046656934615994,-0.06284065381718867,0.17643144312523723,21.624459714142933,25.099999999996967,0.0,1000000.0,-2.0,-1000.0,500.0,6.604771375656128,1000000
