training/actor/actor_loss,training/actor/bc_flow_loss,training/actor/distill_loss,training/actor/mse,training/actor/q,training/actor/q_loss,training/critic/bcfm_loss,training/critic/critic_loss,training/critic/dcfm_loss,training/critic/q_max,training/critic/q_mean,training/critic/q_min,training/critic/q_std,training/critic/q_std_max,training/critic/q_std_min,training/critic/weight,training/grad/max,training/grad/min,training/grad/norm,validation/actor/actor_loss,validation/actor/bc_flow_loss,validation/actor/distill_loss,validation/actor/mse,validation/actor/q,validation/actor/q_loss,validation/critic/bcfm_loss,validation/critic/critic_loss,validation/critic/dcfm_loss,validation/critic/q_max,validation/critic/q_mean,validation/critic/q_min,validation/critic/q_std,validation/critic/q_std_max,validation/critic/q_std_min,validation/critic/weight,time/epoch_time,time/total_time,exploration/prev_button_states,exploration/button_states,exploration/prev_qpos,exploration/prev_qvel,exploration/qpos,exploration/qvel,exploration/control,exploration/time,exploration/success,exploration/total.timesteps,exploration/episode.final_reward,exploration/episode.return,exploration/episode.length,exploration/episode.duration,step
873.55585,0.05300907,0.16166699,0.0029752166,-871.88617,871.88617,[7.12772827e+01 1.33515322e+00 1.25976920e+00 2.11535597e+00
 1.26192274e+01 6.14612436e+00 9.23652458e+00 3.18322811e+01
 1.68026960e+00 2.59553432e-01 1.03234351e+00 8.74268818e+00
 5.54521847e+00 1.57335300e+01 3.53555679e-01 1.37849899e+02
 2.80075893e+01 6.16180837e-01 6.77120090e-01 1.61923199e+01
 5.81586957e-01 2.68399030e-01 7.40427246e+01 4.19697076e-01
 3.31423283e+00 7.20300369e+01 8.82283173e+01 2.63709593e+00
 3.96659493e+00 2.59242582e+00 1.26575422e+00 9.36840668e+01
 3.61681557e+00 2.38465652e+02 2.43935211e+02 2.21894240e+00
 3.06991405e+01 6.04335403e+00 2.24952736e+01 3.49081421e+00
 1.71576405e+00 1.06178665e+00 1.82879166e+02 1.30287778e+00
 4.86547455e+02 1.37924652e+02 1.00982008e+01 5.08748293e+00
 2.89639258e+00 7.62992859e+01 2.16146398e+00 8.22383213e+00
 2.59490430e-01 1.01644989e+02 1.32755066e+02 3.79347687e+01
 5.97996330e+01 4.48513538e-01 1.24769688e+01 2.92008114e+00
 1.26521730e+00 9.94579554e-01 5.30546331e+00 3.25411301e+01
 9.39427763e-02 5.30378008e+00 2.78892231e+00 1.06826544e+00
 1.06166363e+00 1.27910113e+00 1.45562506e+00 4.84173393e+00
 7.32084453e-01 6.79742470e-02 1.61718524e+00 1.41247253e+02
 1.15518036e+01 8.42819214e-01 4.95790634e+01 4.63619232e+00
 5.80887318e-01 4.85636234e-01 7.67583907e-01 5.39823711e-01
 4.96155119e+00 2.15462470e+00 9.16317272e+00 2.43945618e+01
 2.16353104e-01 6.59403763e+01 7.92936087e+00 2.97536635e+00
 6.04942226e+00 1.66786819e+02 1.98708785e+00 1.87613770e+02
 9.76344168e-01 4.82004690e+00 8.95015717e+00 2.95605221e+01
 4.15111971e+00 7.42771816e+00 9.45616150e+00 4.62769745e+02
 9.43353462e+00 4.29508781e+00 1.48965967e+00 1.06448746e+00
 1.24826121e+00 1.25907576e+00 5.08265686e+00 1.23396754e+00
 1.16941476e+00 9.70888424e+00 1.38427997e+00 6.37294483e+00
 2.66439295e+00 8.92159081e+00 5.98385859e+00 7.26009941e+00
 1.53323412e+01 4.86524963e+00 2.58954668e+00 2.19415474e+00
 1.05195894e+01 3.06091232e+01 1.20489868e+02 1.18276626e-02
 4.62551727e+01 6.67325139e-01 2.06159058e+01 1.41450338e+01
 1.41976028e+02 1.00429332e+00 2.60350561e+00 5.55571437e-01
 1.49034166e+00 5.68497658e+00 8.76723289e-01 3.96468414e+02
 1.08414450e+01 4.00312304e-01 1.88254261e+00 3.06981063e+00
 2.67919183e+00 2.92442932e+02 9.02710571e+01 1.21781036e-01
 8.53551674e+00 2.92066803e+01 1.38904305e+01 6.25069189e+00
 2.33854818e+00 2.73800135e+00 8.84393501e+00 2.04842281e+00
 2.84214354e+00 7.72178841e+00 5.78524704e+01 2.98780859e-01
 6.85458527e+01 3.14729619e+00 1.98501453e-01 1.97319138e+00
 1.60414413e+02 4.21473682e-01 1.91152185e-01 2.61258054e+00
 1.21834648e+02 6.68194771e+00 4.42580819e-01 6.77330494e-01
 2.01344538e+00 1.56098318e+01 7.28642941e-01 8.92862737e-01
 2.37482567e+01 1.86096497e+01 1.74345732e+00 5.12406349e+00
 8.73875737e-01 1.46603787e+00 2.83865511e-01 3.14614197e+02
 8.24039764e+01 1.84213409e+02 3.03439093e+00 9.76051807e+00
 7.01184511e-01 1.44134398e+01 4.56305084e+02 7.75745697e+01
 6.08131552e+00 1.54719543e+02 1.48866248e+00 1.53472312e-02
 1.11565468e+02 2.20087655e-02 7.88405518e+02 6.40282249e+00
 5.13494606e+01 6.28972411e-01 2.25130987e+00 6.27515030e+00
 8.10757351e+00 7.55672302e+01 1.33045626e+00 6.18826962e+00
 6.52839065e-01 4.94688213e-01 6.44925690e+00 5.32416916e+00
 3.74471893e+01 1.26187363e+02 2.07685070e+01 5.65872431e+00
 4.56754732e+00 6.56966114e+00 7.64998007e+00 5.01268244e+00
 1.66766620e+00 7.37223268e-01 3.01630249e+01 3.11995506e+00
 2.25241585e+01 1.39666474e+00 3.67350316e+00 1.15850866e+00
 5.86547899e+00 9.82464850e-01 5.27485073e-01 4.25197929e-01
 2.19749737e+00 5.01266670e+00 4.97970047e+01 2.25826383e-01
 2.42580628e+00 1.80889435e+02 1.04941816e+01 5.09358749e+01
 9.25922585e+00 1.43000269e+00 5.68190873e-01 1.82472595e+02
 2.12282538e-01 6.61993861e-01 6.31329179e-01 5.52490330e+00
 5.97230494e-01 2.16018021e+02 2.68767948e+01 5.10203028e+00
 3.02960052e+01 1.47185181e+02 8.95266056e+00 1.75864925e+01],22.241219,[5.60483398e+01 1.16572833e+00 2.11561493e+02 3.64032459e+00
 1.34016609e+01 1.06982927e+01 4.06355286e+00 4.64215183e+00
 3.76380754e+00 5.88656902e-01 9.42078829e-02 9.45319271e+00
 2.85955596e+00 5.74434042e+00 1.21168256e+00 1.28091240e+01
 2.68889275e+01 9.13042068e+00 2.03663445e+00 1.12223711e+01
 1.08234096e+00 6.92744032e-02 2.98247509e+01 2.79267073e+00
 5.80052900e+00 8.25840187e+00 1.69414368e+01 4.53399944e+00
 1.88386595e+00 1.15682030e+00 1.09862256e+00 2.14236412e+01
 1.84268701e+00 1.49093390e+01 2.09998169e+02 6.15639782e+00
 6.08813047e+00 1.63148880e+01 6.39627724e+01 5.97501278e-01
 2.60220170e+00 1.01443815e+00 5.29035263e+01 8.93500566e-01
 3.55854454e+01 3.09605002e+00 1.53137684e+01 2.90809155e+00
 1.74857354e+00 1.26555979e+00 3.40194583e+00 3.25003886e+00
 3.61791897e+00 9.35607529e+00 1.71237411e+01 2.92470150e+01
 3.15921059e+01 2.27942967e+00 3.17565417e+00 4.47444963e+00
 1.32027614e+00 9.51983511e-01 4.37001848e+00 6.94141293e+00
 4.64032233e-01 2.21116276e+01 1.11910403e-02 5.94767511e-01
 1.19067597e+00 2.06396818e+00 3.29769731e-01 9.69205093e+00
 4.88410980e-01 1.75312805e+00 2.77409554e+00 8.94379711e+00
 5.93011475e+00 8.17517042e-01 3.48227005e+01 6.27845669e+00
 5.02592504e-01 1.04321337e+00 3.83671701e-01 4.05558884e-01
 4.06746721e+00 1.53854623e-01 6.01934738e+01 3.10399675e+00
 1.62681711e+00 8.03553820e-01 8.73218834e-01 3.36117291e+00
 3.84380102e+00 3.87622108e+01 1.36630166e+00 2.25444260e+01
 3.02679420e+00 2.10771236e+01 8.22641373e+00 3.58332024e+01
 4.96602297e-01 6.14878988e+00 2.22656250e+00 3.55051918e+01
 6.41170502e-01 6.67679358e+00 5.59762478e-01 1.27120745e+00
 1.65329826e+00 2.85244912e-01 7.35237479e-01 2.03928161e+00
 2.45088291e+00 9.48421860e+00 9.52816129e-01 6.38742638e+00
 5.10102654e+00 8.22255671e-01 5.02499533e+00 6.26822615e+00
 6.24682999e+00 1.18985128e+00 2.23175716e+00 3.40279484e+00
 2.20608940e+01 1.36941147e+00 4.46468391e+01 9.39677596e-01
 2.26968689e+01 1.41946220e+00 2.12457619e+01 5.08673935e+01
 3.98573532e+01 2.41579175e+00 1.23179960e+00 1.95730650e+00
 9.51083064e-01 2.05084935e-01 8.05754542e-01 1.35825987e+01
 1.54099693e+01 1.43607688e+00 5.39371148e-02 1.34766221e+00
 2.85295224e+00 2.18549347e+01 1.04132286e+02 3.50834489e-01
 2.14571724e+01 3.92463136e+00 8.00586987e+00 2.18471527e+00
 2.33195915e+01 4.50387210e-01 2.86072588e+00 1.28229237e+00
 8.37958336e-01 2.70558763e+00 1.80194778e+01 2.02886081e+00
 6.81013870e+01 4.48246241e+00 2.03860092e+00 1.19833577e+00
 1.29003744e+01 3.34153795e+00 2.22101665e+00 2.50286531e+00
 4.06604528e+00 3.05211496e+00 9.84129071e-01 6.02884710e-01
 1.64066830e+01 3.28333817e+01 2.03757215e+00 2.31351829e+00
 1.32278948e+01 2.31385231e+00 3.13187420e-01 2.67667460e+00
 5.36114722e-03 7.01908350e-01 3.97838980e-01 5.89672565e+00
 1.22123814e+01 4.82000198e+01 1.34019327e+00 2.92441130e-01
 2.65901089e-01 7.59596777e+00 1.10306320e+01 8.66793518e+01
 3.27266157e-01 5.41583519e+01 2.02197576e+00 9.16587710e-02
 7.53877831e+00 1.54775643e+00 1.32426910e+02 2.77803421e+00
 1.05911512e+01 3.56989694e+00 6.06799424e-01 7.23894596e+00
 1.39241374e+00 2.58928251e+00 2.28682232e+00 6.91372156e-01
 4.61724138e+00 1.57262480e+00 5.10198975e+00 3.88232946e+00
 8.30393600e+00 1.55975866e+01 1.40522757e+01 9.11639595e+00
 6.90029907e+00 3.50776601e+00 9.42633510e-01 9.37081242e+00
 1.32116890e+00 9.87349749e-02 2.89181042e+01 3.09315062e+00
 1.71098633e+01 1.22531855e+00 3.35971260e+00 4.35170412e-01
 3.41036105e+00 9.28149796e+00 9.26586151e-01 2.63817167e+00
 3.46253252e+00 6.72661066e-02 1.55723892e+02 1.66925359e+00
 2.05303135e+01 3.00867081e+00 6.66724682e+00 1.09665470e+01
 2.28467979e+01 1.03786993e+00 1.93687558e+00 3.69355850e+01
 4.47656304e-01 3.01004243e+00 9.87277806e-01 1.31039858e+00
 6.77391171e-01 2.20897408e+01 7.46901474e+01 2.65830064e+00
 2.06980777e+00 6.11823654e+00 4.54322577e+00 2.65848160e+00],-833.17993,-876.81287,-1016.2285,0.2503912,1.2754352,0.057197772,0.694881,236419.02,-96458.7,460108.62,994.92865,1.035271,0.42688727,0.1519241,-989.6245,989.6245,[2.2969751e+02 4.1934902e+03 4.5953979e+03 7.6897449e+02 9.2821216e+02
 1.1412999e+02 1.2150609e+03 9.6229663e+02 9.0594316e+03 1.1189021e+02
 1.5300487e+03 5.3700763e+02 1.2957523e+03 5.5166207e+04 5.9718457e+03
 2.1815083e+03 1.8027856e+03 5.5191902e+01 2.5524643e+02 3.7941922e+02
 3.4115686e+02 3.6075348e+02 1.2077896e+03 7.4228711e+02 6.4317004e+02
 4.8113892e+02 3.9302286e+02 1.9591909e+03 5.9163608e+03 2.0851235e+03
 1.7335347e+02 8.2450226e+01 3.3650253e+01 2.0847010e+04 1.0809736e+03
 4.7508783e+02 3.4616641e+03 6.2472144e+02 1.5131607e+04 1.7328311e+03
 5.9241772e+03 2.7284106e+02 7.2458667e+03 6.7797571e+02 1.6757180e+03
 7.4332764e+02 2.2063320e+03 6.5320205e+03 1.2903343e+04 8.3137754e+03
 1.6621846e+03 2.8282178e+04 3.5969797e+02 6.9633374e+02 2.0117557e+04
 1.1775699e+02 6.9650104e+02 8.0385124e+01 4.7616005e+01 4.1383865e+02
 1.9909985e+03 4.4854927e+03 9.0045044e+02 1.7019473e+04 2.0927102e+04
 1.2840168e+03 2.0092670e+03 1.0188474e+03 1.3462760e+03 3.5027069e+02
 3.2416833e+02 1.3698596e+03 1.5988884e+03 1.4747699e+02 1.5714720e+03
 6.2072188e+03 2.7205698e+02 2.2726028e+02 2.3659653e+03 2.6655225e+02
 2.0758701e+04 2.0522054e+02 4.5709467e+02 8.9490753e+02 1.1819499e+02
 5.0131689e+03 1.8922359e+02 6.9944878e+01 4.0194839e+02 1.4632275e+02
 4.9627080e+03 1.5538873e+02 5.8254675e+02 3.1111829e+02 1.3968848e+03
 8.4338574e+03 4.2254834e+03 2.2413796e+03 1.1916006e+02 5.0067130e+02
 8.1900513e+02 6.6269476e+02 3.3030103e+02 2.2983929e+02 4.1339569e+01
 5.6620404e+02 6.6072485e+02 2.4926213e+02 3.5460720e+03 7.6040479e+03
 1.3653333e+02 1.2374921e+02 1.5658915e+03 1.0585597e+03 3.8806106e+03
 5.0639859e+02 1.3323239e+02 1.8168739e+03 6.0543999e+03 1.8816089e+03
 1.3627994e+02 2.6408862e+02 1.7349215e+03 2.7288142e+03 3.0803391e+02
 2.9323542e+03 4.9618552e+02 3.3429913e+02 2.3994541e+03 1.8814951e+02
 6.6928967e+02 5.3502275e+03 4.0961539e+02 1.1328818e+03 2.9470879e+03
 2.6985781e+03 3.6359930e+02 6.1350384e+00 1.5496365e+02 5.7940912e+02
 8.6565039e+02 1.9909299e+03 3.6386719e+00 8.4575848e+02 4.6097617e+03
 5.2449139e+02 2.8701357e+04 7.1381201e+02 5.2590156e+03 1.1189402e+03
 1.5258291e+03 1.3884048e+02 3.7483609e+04 1.2547188e+02 4.9334537e+02
 1.0303063e+02 3.5481025e+03 5.0765857e+02 4.5121976e+02 6.5067462e+02
 1.0186107e+02 1.2416543e+03 2.1622690e+03 3.4839737e+01 1.0927729e+03
 2.8001270e+02 5.7097339e+02 2.9844479e+02 9.3272125e+02 1.6043402e+04
 1.3809058e+02 9.4906244e+02 5.8412900e+03 3.3897014e+03 3.0376849e+02
 7.5293268e+02 3.8462894e+02 6.7016891e+01 1.9016469e+02 3.2557895e+02
 2.5414493e+02 6.4210200e+03 4.0749542e+02 1.5917471e+03 2.5649789e+02
 6.2590430e+02 1.6161138e+03 1.0869908e+03 1.5234113e+03 1.2731022e+03
 1.2296954e+03 3.7964838e+02 2.3577082e+04 1.0120881e+02 3.4017153e+03
 7.3886853e+02 7.8061346e+02 6.6365491e+02 4.3363428e+03 9.6438812e+02
 7.4792847e+03 4.4277893e+02 7.7719722e+03 4.7434546e+03 7.9861584e+02
 1.4808113e+03 2.4309038e+03 4.2890997e+02 7.2582085e+01 8.2930078e+02
 6.5061211e+03 2.9111584e+02 7.6731671e+02 9.3401794e+02 2.3746836e+03
 1.8907541e+02 6.8586334e+01 2.2687688e+02 2.7082857e+01 1.3305815e+03
 3.2711243e+02 4.2146201e+02 1.1581012e+03 6.2596472e+02 5.5727649e+02
 5.1680466e+01 1.2596855e+03 1.7817310e+03 3.7091052e+02 1.9827073e+03
 6.3135297e+02 1.3507770e+02 1.9321404e+04 1.2445890e+03 4.9142451e+03
 4.7129590e+02 1.9845746e+02 1.9053379e+03 5.7677875e+02 6.7145795e+02
 1.9379537e+04 8.8261093e+01 8.0022798e+03 1.3383164e+03 1.1030423e+04
 6.9575699e+01 4.7789514e+02 4.1394062e+03 9.3865811e+03 3.6093127e+02
 1.6128647e+03 4.5121006e+03 9.1001934e+03 1.0817306e+03 1.5739433e+04
 8.7629453e+03],4924.666,[1.95749283e+02 6.74116797e+03 4.77668018e+03 2.41811935e+02
 2.62336523e+03 1.73292126e+03 1.05901550e+03 1.21452356e+03
 9.90659180e+03 1.21889381e+02 4.72069434e+03 2.95037872e+02
 5.26415283e+02 1.32650283e+04 3.09300391e+03 2.49172925e+03
 2.06971836e+04 1.01494125e+02 3.30648132e+02 2.02689285e+02
 1.17368994e+03 3.65036102e+02 3.77238045e+01 6.76472656e+02
 7.72408676e+01 1.45957764e+02 1.14329262e+02 1.11134143e+03
 7.54799609e+03 5.92855797e+01 1.70058914e+02 3.47238062e+03
 2.31380493e+02 1.05624395e+04 4.55656616e+02 4.01159863e+03
 2.89495923e+03 2.27802277e+02 2.09318555e+04 7.25390234e+03
 5.05850293e+03 1.29000867e+03 1.42517520e+04 1.71909509e+03
 1.22438194e+02 5.93744812e+02 2.86295044e+03 6.82050342e+03
 1.78392761e+02 1.77886543e+04 1.60002363e+04 1.30679961e+04
 2.68811218e+02 8.45045312e+03 8.78604395e+03 8.65761963e+02
 8.08245056e+02 4.20970337e+02 1.74740454e+03 1.42064453e+03
 1.73707489e+02 8.86003174e+02 8.04854980e+02 7.90675938e+04
 3.05493887e+04 1.09360742e+03 3.93448730e+03 8.13152885e+00
 2.86477753e+02 1.19716956e+03 1.33549426e+03 4.62232147e+02
 8.71838770e+03 2.74684692e+02 4.17337036e+01 5.41835938e+03
 1.76151855e+02 6.45519165e+02 5.03476791e+01 1.37841827e+02
 3.26158667e+03 8.11290283e+02 2.14215576e+03 7.63397903e+01
 4.11276184e+02 1.42713257e+03 3.15376160e+02 9.64711533e+01
 3.17112457e+02 6.35655746e+01 2.70641895e+03 4.30704834e+03
 3.70870117e+03 7.09466370e+02 2.66107324e+04 4.83353076e+03
 3.53372681e+03 3.83442603e+03 3.10214508e+02 2.84171814e+02
 1.15017517e+03 2.95613306e+03 8.54306946e+02 5.28151245e+01
 1.02877678e+02 4.48124634e+02 4.65434998e+02 8.78242683e+00
 1.31437085e+03 2.69175537e+02 1.06828184e+01 9.27549011e+02
 9.40069092e+02 1.11277496e+02 1.34254082e+04 8.67237305e+02
 5.64113342e+02 2.11674878e+03 3.55733179e+03 9.70604553e+02
 2.02312813e+01 1.94742993e+03 3.50497627e+01 5.11093063e+01
 6.19256738e+03 1.64864316e+04 7.75216357e+03 4.91300430e+01
 9.20493359e+03 1.65642975e+02 1.77755994e+03 1.33716611e+04
 1.77042859e+03 3.40753708e+01 2.64811230e+03 1.53060767e+03
 4.51985741e+01 1.79401825e+02 3.98513184e+01 2.67600664e+04
 9.73493958e+01 7.90090271e+02 4.84400368e+01 6.73809448e+02
 7.14669800e+02 3.75853638e+02 3.46834453e+04 1.21228430e+03
 6.56831055e+02 1.50468506e+02 7.60333069e+02 1.88843127e+03
 1.67588574e+04 9.76587067e+01 8.77226440e+02 4.11734467e+02
 6.07685742e+03 1.92683487e+01 1.85343201e+03 7.16282654e+01
 3.15756714e+02 6.64990417e+02 3.46243591e+02 2.18172913e+02
 1.05127100e+03 1.53582687e+02 9.80935192e+00 6.34820703e+03
 5.02275848e+01 5.42542334e+03 3.14916687e+02 1.16446991e+02
 1.50833240e+03 6.28064062e+03 1.01379266e+03 1.35909106e+03
 1.10993262e+03 7.83141418e+02 5.59110596e+03 9.17710419e+01
 6.82670593e+01 2.66102832e+03 1.51688904e+02 4.46142822e+03
 4.47779007e+01 1.54732704e+00 7.52341919e+01 1.92139549e+01
 3.14200073e+02 7.68072205e+01 4.55077344e+03 1.73788128e+01
 1.64213828e+04 1.75273453e+02 1.28724258e+02 3.44611015e+01
 2.25462964e+03 8.73296509e+02 3.03283535e+04 4.19800244e+03
 8.15566016e+04 2.67956055e+02 6.59657227e+02 5.82084033e+03
 2.21726904e+03 3.06569336e+02 5.84050928e+03 6.49117994e+00
 1.99089996e+02 1.82422729e+02 8.44974707e+03 1.34865234e+02
 2.22548809e+01 7.12058960e+02 2.23780487e+02 4.73571484e+03
 3.71418311e+03 3.48603302e+02 5.38180664e+02 2.50140674e+03
 1.05106384e+02 1.88502541e+01 1.64872559e+02 1.72402206e+02
 3.89531555e+02 2.41858521e+01 5.63346240e+03 6.67870544e+02
 4.03244286e+01 1.35427271e+03 3.57437195e+02 5.80124207e+01
 3.01678711e+04 2.37213440e+02 2.20339316e+04 1.14802826e+02
 4.38661499e+02 1.17759863e+04 1.76265857e+03 4.45433936e+03
 1.39132793e+04 2.31003284e+01 3.81875928e+03 5.79611511e+02
 6.47915186e+03 2.69204370e+03 9.99900665e+01 1.08781567e+03
 3.90622974e+03 1.21639519e+02 2.56495056e+02 9.62559998e+02
 2.74754858e+03 2.43505829e+02 3.84501978e+03 1.66040771e+03],-889.9247,-997.501,-1047.9258,1.3755329,3.2827168,0.39118522,0.940025,0.01892555149078369,473.13880705833435,0.125,0.125,-0.325454349946036,-0.0008160832151240541,-0.32548620273266643,-0.0005618887849341752,-1.398526912805823,25.249999999996884,0.0,25000.0,-10.0,-5000.0,500.0,7.436607360839844,25000
1007.6712,0.071606986,0.0042865905,0.004959196,-1007.5567,1007.5567,[2.60934718e-02 1.37270167e-01 9.83907655e-02 4.60406452e-01
 6.82658702e-02 1.17013037e+00 1.24116689e-01 4.21273150e-02
 1.01569295e-03 3.23965587e-02 5.43306172e-02 5.27608432e-02
 5.25837317e-02 2.69803107e-02 4.77207303e-02 6.17131963e-02
 2.27462202e-02 5.94022423e-02 1.44269109e-01 3.33391726e-01
 9.00348425e-02 3.59479046e+00 4.04472835e-02 1.85612991e-01
 1.10445246e-01 5.47709353e-02 2.42526419e-02 1.13270655e-02
 1.12226200e+01 3.98219898e-02 3.17525901e-02 8.82428169e-01
 4.92142439e-01 4.34413552e-01 6.62622005e-02 1.26529336e-02
 3.86693031e-02 3.04032731e+00 1.24935770e+00 6.25473559e-02
 5.83881512e-03 2.91195698e-02 1.11224204e-02 6.17707446e-02
 2.55107260e+00 5.99214509e-02 6.32626116e-02 1.48706049e-01
 5.27186878e-02 2.96433878e+00 8.91179979e-01 4.39978577e-02
 2.07615867e-02 6.34446740e-04 1.05850108e-01 8.74963403e-02
 7.40310252e-02 3.90584357e-02 1.34275153e-01 2.64555849e-02
 5.75975515e-02 3.67255509e-02 3.32811475e-02 5.07882610e-02
 2.85846964e-02 3.84103134e-02 6.22399759e+00 8.92627835e-02
 3.09065916e-02 5.15358225e-02 1.20796904e-01 9.40600038e-03
 7.27279633e-02 2.08109093e+00 3.02873433e-01 1.35170746e+00
 1.62352622e-02 1.13147964e+01 4.06282902e-01 1.86608508e-02
 1.17621213e-01 9.45096612e-02 1.23811588e-01 4.48528528e-02
 1.38493598e+00 3.68972309e-02 1.60439685e-02 2.04357654e-01
 7.10793287e-02 2.93192901e-02 1.24114227e+00 2.83304229e-02
 7.30104819e-02 2.65290216e-02 7.45604634e-02 3.56133729e-02
 7.11865723e-02 1.13509074e-01 4.51273695e-02 1.97922476e-02
 6.38079226e-01 5.96644469e-02 1.45221174e-01 4.71521646e-01
 3.17511931e-02 1.44392341e-01 1.26454413e-01 5.85366637e-02
 1.99303210e-01 1.89128518e-02 4.64677252e-02 6.50633126e-03
 6.38147071e-03 1.16742402e-02 3.24800551e-01 6.53490722e-02
 6.79625720e-02 6.12580329e-02 1.56613663e-02 4.92124587e-01
 3.08968313e-02 5.61321266e-02 1.70654699e-01 5.35036504e-01
 2.42260993e-02 8.31982642e-02 2.00954750e-02 1.52079284e-01
 4.04579788e-02 1.40033253e-02 5.80828264e-02 4.22111154e-02
 3.99326235e-02 3.21895070e-02 2.23936334e-01 1.42517686e-02
 1.39964199e+00 1.62822396e-01 5.26181608e-02 8.42633992e-02
 4.11170870e-02 6.77886605e-02 1.45195276e-01 5.06294370e-01
 1.72286369e-02 1.03385404e-01 5.25487736e-02 5.78923896e-02
 2.11604126e-02 1.64436176e-02 1.04026631e-01 7.52310306e-02
 2.36970484e-02 4.26429462e+00 1.68018118e-02 4.64266717e-01
 1.04673892e-01 5.53166755e-02 8.53506625e-02 6.75700009e-02
 4.60085645e-02 6.07224777e-02 4.33985144e-04 5.08137718e-02
 1.14505589e-02 9.17168856e-02 5.95893338e-02 6.37757331e-02
 7.69984871e-02 6.40980005e-01 1.86767650e+00 2.01878846e-02
 3.32861729e-02 5.50457016e-02 8.35216194e-02 2.01962627e-02
 1.63270012e-02 2.42601708e-02 2.72762962e-02 1.94484532e-01
 1.01566315e-01 3.57182652e-01 8.10895115e-03 5.01644500e-02
 2.52706185e-02 5.56467846e-02 6.26553670e-02 3.53455544e-04
 7.84898162e-01 4.24023867e-02 3.29110771e-02 1.76776409e-01
 8.95164087e-02 1.55012026e-01 3.42792839e-01 5.96456602e-02
 1.16799660e-02 9.49714184e-02 1.42822303e-02 4.96935286e-02
 1.73806325e-02 5.36342412e-02 1.98091604e-02 1.32456958e-01
 1.65302493e-02 2.39303000e-02 6.12190999e-02 1.11189373e-02
 1.74685910e-01 1.99347734e-04 1.03046075e-02 6.75174296e-02
 2.19136067e-02 1.04843259e-01 7.29871169e-02 2.34050304e-02
 1.60478070e-01 1.62981257e-01 1.70566618e-01 1.03429146e-02
 5.06118611e-02 3.25930715e-01 2.26085931e-02 1.17422581e-01
 6.37266785e-03 9.52914804e-02 4.21974301e-01 1.12115890e-01
 3.74715447e-01 1.19308718e-02 9.84195620e-03 4.02727611e-02
 2.44200900e-02 6.52754307e-02 5.77555895e+00 2.68709101e-02
 8.45609754e-02 1.94104016e-02 1.26991019e-01 3.95954579e-01
 3.22719872e-01 2.31113687e-01 5.85613549e-02 5.51568642e-02
 8.97898152e-03 4.35481146e-02 1.65047720e-02 1.31802559e-01
 2.14176252e-02 1.06362253e-03 4.35136631e-02 2.17187479e-01
 5.68234101e-02 4.28247824e-02 3.27985920e-02 2.99769282e+00],0.22024326,[1.73271634e-02 1.37136057e-02 2.42833048e-02 4.25693870e-01
 6.23777509e-02 9.23469663e-03 9.98581201e-02 3.30824405e-04
 3.98817249e-02 3.98434699e-03 6.72880560e-04 3.18186358e-03
 5.06705791e-03 2.35040486e-03 3.68035473e-02 2.50846036e-02
 3.76338139e-03 4.42076474e-03 1.14538968e-01 5.12657315e-03
 1.44514330e-02 2.63248771e-01 6.46415055e-02 1.20521203e-01
 2.66361386e-02 3.33011933e-02 1.64593235e-02 1.48410350e-03
 3.13593447e-03 2.95497477e-04 2.98005342e-03 3.17925587e-03
 5.27866185e-02 3.69827189e-02 2.99274921e-03 6.31612912e-03
 7.90193975e-02 3.66876334e-01 1.61688402e-03 1.76811963e-02
 1.11495890e-02 4.09600884e-03 1.41004473e-02 3.98426443e-01
 4.88391854e-02 4.54474986e-03 1.37618184e-03 1.52194872e-03
 2.60593370e-03 2.73292437e-02 8.00122693e-03 7.23857433e-04
 2.03776956e-02 2.50212923e-02 1.58827081e-02 8.53285342e-02
 6.57180697e-03 1.11058392e-02 1.11371636e-01 2.43304707e-02
 6.63734227e-03 1.22949183e-02 1.45947114e-02 3.04506309e-02
 2.76179612e-03 4.58911806e-03 2.37826258e-03 1.14972889e-03
 8.10918584e-03 2.23644078e-04 3.19276005e-03 1.42927468e-02
 2.68782452e-02 2.41286196e-02 5.01533225e-03 7.64614195e-02
 3.79158556e-03 4.27566862e+00 1.04398280e-03 4.78837639e-03
 4.32700664e-03 1.48412958e-02 6.25148416e-03 1.80743374e-02
 2.50440931e+00 7.55209476e-04 5.18081337e-03 6.51190057e-03
 2.65004113e-03 3.87556106e-03 7.29941204e-03 1.12537928e-02
 6.07681647e-03 1.50091797e-01 1.24467909e-03 4.63506766e-02
 1.86501332e-02 7.09455088e-03 2.60645524e-03 2.84473784e-02
 3.17496844e-02 3.35146561e-02 9.30247903e-02 1.21571928e-01
 1.40209086e-02 8.13879073e-04 1.49132498e-02 4.57333401e-03
 4.98800613e-02 1.58892423e-02 7.94357806e-03 8.88516009e-03
 8.15823674e-03 4.12568823e-03 1.51072741e-02 1.23791382e-01
 6.34694472e-03 4.35064621e-02 9.16129351e-03 8.95345509e-02
 2.31383480e-02 5.27923182e-03 7.04422593e-04 2.04504207e-02
 8.17552581e-03 6.81506470e-03 1.68588199e-02 1.02522358e-01
 3.58258560e-03 2.70368010e-02 8.03597271e-03 7.76018202e-03
 6.60182908e-03 1.27827227e-02 1.40880913e-01 8.80287960e-03
 1.71700120e-02 5.04855156e-01 1.75123289e-03 3.22662666e-03
 1.02311447e-02 6.00860268e-03 2.62502581e-04 1.11313537e-02
 3.81249934e-03 3.12456638e-02 1.22321397e-02 4.69480827e-03
 1.39979273e-02 9.41327214e-03 8.69967937e-02 3.42522934e-03
 2.49928981e-03 7.49609619e-03 1.65341049e-02 1.29040211e-01
 2.64316797e-03 1.73165090e-02 7.44350255e-04 2.82906368e-03
 4.28640842e-03 4.23220545e-03 1.62039772e-02 3.72410566e-03
 8.25626031e-03 6.74993098e-02 1.39406323e-03 4.53779787e-01
 4.95440513e-03 3.12167145e-02 4.13865224e-03 7.16382638e-03
 3.39318067e-03 2.29622424e-03 4.12270799e-03 6.23026490e-03
 1.01819634e-02 2.48251930e-02 1.31489336e-02 1.40931606e-01
 4.72635366e-02 4.08487208e-02 2.82995701e-02 4.75349724e-02
 1.72154978e-03 2.51010805e-02 6.48118928e-03 2.04618275e-03
 1.71966851e-03 3.39175016e-03 1.56971514e-02 4.21591103e-04
 1.05917454e-02 9.97533277e-03 5.23127988e-03 3.04673985e-03
 1.50583759e-02 4.20875847e-04 2.31320038e-03 2.65271962e-03
 7.60916620e-03 2.32388265e-02 7.79570639e-03 1.89307816e-02
 3.65024246e-02 2.95867026e-03 2.23676749e-02 2.88168527e-02
 1.18972361e-01 3.17295864e-02 1.24161430e-02 1.58201128e-01
 1.51842274e-02 1.21100262e-01 1.05939060e-02 3.13611329e-03
 3.47472727e-03 9.57833529e-02 1.60131603e-03 1.09443255e-02
 1.34612210e-02 1.03752047e-01 1.23002827e-02 7.00056553e-04
 1.04611889e-02 1.82939917e-02 7.22058773e-01 3.19576338e-02
 6.82932287e-02 1.69110298e-02 1.26514584e-03 4.67070825e-02
 9.65458155e-03 2.00826898e-02 6.37477115e-02 1.21788718e-02
 1.54512003e-02 1.36768594e-02 4.53982502e-03 3.67674604e-03
 5.72754033e-02 5.12684137e-03 1.88757926e-02 5.17340377e-03
 8.38521868e-03 5.35994172e-02 1.56870365e-01 5.53756952e-03
 2.31550075e-02 4.56721336e-03 5.55986539e-03 6.80677295e-02
 5.95775992e-03 2.04155594e-02 1.39394403e-02 3.34472954e-03],-982.6747,-1007.5155,-1014.1812,0.99104184,1.0892521,0.9672941,0.92488265,140.66602,-51.814983,292.53745,1039.4568,1.4902204,0.28198478,0.16697407,-1035.1467,1035.1467,[1.31719103e+01 3.01487793e+02 4.79889771e+02 4.71196991e+02
 4.70454346e+02 3.85717773e+01 2.57156128e+02 2.57135906e+01
 2.87067986e+01 2.33213608e+02 7.48248291e+02 1.37224533e+02
 1.45039392e+03 1.95436058e+01 1.12658249e+02 5.80492920e+02
 2.07170319e+02 2.30352768e+02 6.11505432e+01 2.40634937e+01
 3.04737892e+01 2.56067108e+02 5.40733414e+01 1.37722107e+02
 1.15559326e+02 1.84256943e+02 4.05319138e+01 1.42540226e+01
 6.53987122e+00 4.11596954e+02 1.79092484e+02 7.72424927e+02
 3.20604126e+02 3.87401031e+02 8.53569641e+01 9.05373993e+01
 7.65719986e+01 1.18498035e+03 8.37710114e+01 2.93385193e+02
 5.46850586e+02 2.66058254e+01 5.03405418e+01 7.80575806e+02
 2.02008255e+02 1.35086563e+02 1.84283966e+02 1.67702541e+01
 1.83001480e+02 7.98818726e+02 4.11832285e+00 3.34246674e+01
 8.46403992e+02 3.42090088e+02 1.12091278e+02 4.73805237e+01
 7.04835449e+03 1.44954138e+03 2.79853699e+02 2.37854242e+00
 8.27901077e+00 5.70401855e+02 1.11194397e+02 1.33445396e+01
 2.57787994e+02 6.36084778e+02 2.34889236e+02 2.85614502e+03
 7.44113037e+02 4.93462524e+02 1.58295929e+02 3.58644287e+02
 1.02993195e+02 7.38951660e+02 2.76979584e+02 3.68419495e+01
 6.02894325e+01 2.09054062e+02 2.16576263e+02 7.19501877e+00
 8.15166950e+00 7.21811523e+01 7.40559158e+01 3.18563934e+02
 1.47773331e+02 1.45956116e+01 2.25198029e+02 7.22802368e+02
 2.02799088e+02 2.56773022e+03 3.21956116e+02 5.84621948e+02
 1.36433182e+02 6.98520508e+02 1.11104004e+02 1.16569870e+02
 6.91849365e+01 2.54028229e+02 4.08170410e+02 2.98216492e+02
 5.12993958e+02 2.21650726e+02 7.47044495e+02 6.05096674e+00
 1.92135971e+02 6.43673462e+02 7.55318726e+02 1.46080490e+02
 3.20353241e+01 3.27793091e+02 1.52465849e+01 4.15780273e+02
 8.32022095e+01 4.54252148e+00 6.29927540e+00 4.12710632e+02
 6.44191223e+02 1.67586365e+02 2.40054199e+02 8.63672104e+01
 1.24207176e+02 1.88438385e+02 6.77357300e+02 1.24605888e+02
 7.36451782e+02 6.17512891e+03 9.28000946e+01 1.28177843e+01
 3.38842346e+02 4.61295166e+01 2.28235092e+02 4.06099930e+01
 1.82599983e+01 4.49143066e+02 8.04361877e+01 3.82907928e+02
 8.41363892e+02 7.74259766e+02 1.00007056e+03 8.66421661e+01
 3.91867294e+01 8.82836914e+02 6.70210495e+01 8.53746796e+01
 7.91640244e+01 3.27215149e+02 3.54905273e+02 1.44845367e+02
 8.45652710e+02 5.54172554e+01 3.77046800e+00 5.61586761e+01
 5.72153807e+00 2.94867439e+01 9.16238689e+00 1.64543427e+02
 7.66204655e-01 7.03147156e+02 3.74636421e+01 9.79081543e+02
 4.43724304e+02 1.78198380e+02 3.24037744e+03 2.44035690e+02
 1.07240593e+02 4.26948051e+01 1.94218353e+02 1.96524121e+03
 2.35044746e+01 8.22049942e+01 3.50060959e+01 4.02721283e+02
 3.08867188e+03 5.20558929e+01 2.81338379e+02 1.73690933e+02
 1.86663895e+01 9.68407669e+01 2.83561450e+03 1.99163422e+02
 3.13193420e+02 2.17446274e+02 1.03894287e+02 5.03781982e+02
 2.73119850e+01 4.34562805e+02 2.41471191e+02 5.05092072e+02
 1.80875488e+03 9.00920715e+01 1.91595459e+02 7.56192993e+02
 6.34794731e+01 2.95273120e+03 2.99282150e+01 1.79294540e+02
 8.80721893e+01 3.44923492e+02 8.75646179e+02 9.78234558e+01
 1.96893234e+01 2.15031033e+01 4.19579773e+01 2.35439560e+02
 3.04403320e+02 4.73004761e+01 8.59329147e+01 1.09678131e+02
 2.76654449e+02 2.91726196e+02 1.02002643e+03 1.54166138e+02
 2.67142303e+02 2.27784901e+01 5.71497559e+02 2.45769119e+01
 2.31952209e+02 9.52880798e+02 7.01215674e+03 1.92090845e+03
 4.30998306e+01 9.97581177e+01 4.56828918e+02 9.96231689e+01
 9.73437424e+01 1.74278906e+03 5.89438438e+00 2.15997372e+01
 7.43424927e+02 5.22320007e+02 1.94245644e+01 1.30278793e+02
 3.06096832e+02 2.06143341e+02 3.22999287e+00 3.72453796e+02
 1.37165863e+02 2.13768829e+02 1.01298416e+02 2.81348663e+02
 1.05405380e+02 1.82257843e+02 4.65497803e+02 1.98277321e+01
 1.19658691e+02 1.21683750e+01 5.80666260e+02 9.17905960e+01
 9.66700806e+02 2.00374023e+02 2.08933578e+02 1.81556702e+02
 3.95430031e+01 2.27342224e+02 1.55157944e+02 1.70517792e+02],681.8644,[3.16495018e+01 6.15540161e+02 3.77236603e+02 6.36449524e+02
 4.35595703e+02 4.95680695e+02 1.77340576e+02 5.50166779e+01
 5.65294800e+01 1.19423225e+02 6.65419983e+02 2.62924316e+02
 1.25975378e+03 2.48815098e+01 3.44256683e+02 2.33389130e+02
 2.17096741e+02 5.33518448e+01 8.05808105e+01 2.17389317e+01
 9.86946201e+00 4.27273865e+02 4.57563629e+01 6.47852356e+02
 8.26324844e+00 3.05305237e+02 1.99905563e+02 1.70165024e+01
 3.28907471e+01 1.61874658e+03 2.59521088e+02 1.15755264e+02
 2.52574875e+02 5.67465820e+02 2.84643311e+02 8.61176910e+01
 2.38225765e+01 7.54940430e+02 1.40658295e+02 2.96765442e+02
 7.29584167e+02 1.04041397e+02 3.96707115e+01 5.88654419e+02
 1.60189331e+02 9.56257324e+01 8.21570557e+02 1.92741913e+02
 2.12764771e+02 9.41781738e+02 5.82680664e+01 4.45826607e+01
 9.38964417e+02 4.13492615e+02 4.81519714e+02 7.76399078e+01
 6.92598340e+03 8.01865234e+02 7.35611496e+01 2.87341857e+00
 5.73971977e+01 7.52077026e+01 7.83940369e+02 2.30130493e+02
 9.95540527e+02 5.73390564e+02 6.04582901e+01 4.31247131e+02
 7.31155823e+02 4.35142487e+02 1.91046204e+02 8.19346741e+02
 1.64964447e+02 3.83820831e+02 1.00331848e+02 3.42071838e+01
 1.36755356e+02 2.32424500e+02 6.53941223e+02 5.34030437e+00
 1.00057632e+02 3.16573448e+01 1.45427979e+02 9.88667786e+02
 5.49761925e+01 1.74534283e+01 7.90473557e+01 1.35533094e+01
 3.11850739e+02 2.74562500e+03 3.60689270e+02 1.19713086e+03
 7.75867691e+01 1.09074524e+03 2.24651886e+02 6.98233871e+01
 3.94666840e+02 1.39142395e+02 8.39501099e+02 1.15512207e+03
 4.51559052e+02 1.58691940e+02 5.96209778e+02 4.87855196e+00
 9.79019241e+01 6.43549927e+02 9.97578308e+02 3.05766235e+02
 1.18354846e+03 9.55153564e+02 2.62772441e+00 2.86828369e+02
 4.46180878e+01 1.28773527e+01 1.56448686e+00 5.78108276e+02
 6.76901062e+02 1.35523033e+01 1.12381989e+02 2.80670715e+02
 2.06803177e+02 5.60055969e+02 3.23226099e+03 1.44127243e+02
 9.55486908e+01 7.18854492e+03 8.10702515e+01 6.09340858e+01
 1.10250069e+02 6.67917557e+01 5.74214439e+01 1.73401596e+02
 4.38419304e+01 6.14187378e+02 1.25145218e+02 1.75319397e+03
 1.22253162e+03 6.95310425e+02 2.18214478e+03 3.09623230e+02
 1.77433338e+01 1.01762061e+03 7.85321884e+01 3.52299652e+01
 2.72884583e+02 1.59828262e+02 3.05294556e+02 3.78534851e+01
 4.42270050e+02 6.68982162e+01 6.45226955e+00 1.35990524e+02
 1.37059832e+00 8.73418808e+00 2.73377953e+01 1.38823029e+02
 1.31775789e+01 7.05408203e+02 2.51218286e+03 9.64058228e+02
 4.22748657e+02 4.82884705e+02 3.10846191e+03 7.75382233e+01
 4.03890015e+02 7.46633072e+01 2.96746368e+02 9.75765015e+02
 3.34330330e+01 2.41694965e+01 2.20444397e+02 7.84282532e+02
 3.68400391e+03 4.43523254e+01 3.35733337e+02 3.89571037e+01
 9.35113335e+00 5.89096107e+01 2.73744800e+03 4.71736816e+02
 4.20476776e+02 3.91693268e+02 1.72198830e+01 2.36152969e+02
 8.44569588e+00 9.19486694e+02 5.06288300e+02 1.11925427e+03
 1.19012659e+03 1.50406311e+02 2.44785690e+02 1.11766968e+03
 4.50747452e+01 3.14992651e+03 1.83317749e+02 1.97194672e+02
 8.23406029e+00 8.31080627e+01 5.45041016e+02 1.22799995e+02
 7.61953278e+01 2.91835499e+01 2.54648972e+01 5.52804199e+02
 3.39326630e+01 1.43630333e+01 1.43520905e+02 1.16635332e+01
 1.39228943e+02 3.07129639e+02 1.67880273e+03 1.50815628e+02
 1.79034363e+02 3.43392792e+01 1.11510938e+03 7.18072662e+01
 6.26637917e+01 1.73453125e+03 9.11970605e+03 1.91729871e+03
 3.90971375e+02 4.49033630e+02 3.97858505e+01 1.52234238e+02
 6.95215759e+01 2.46085376e+03 7.77158813e+01 5.80660248e+00
 1.18560791e+03 1.60035413e+03 6.38096848e+01 1.37478247e+03
 1.81991501e+02 1.80519043e+02 2.40374794e+01 4.63289490e+02
 1.92849236e+01 6.49114014e+02 2.91194550e+02 1.54593033e+02
 5.08851196e+02 5.83029358e+02 2.40172699e+02 4.26946411e+01
 1.12920143e+02 1.78727551e+01 8.84457031e+02 2.99635895e+02
 8.72283447e+02 1.71341686e+01 3.37873627e+02 1.37578445e+02
 4.99179230e+01 4.11052704e+02 2.94592113e+01 6.48647705e+02],-971.0709,-1031.2029,-1129.2317,1.035783,1.4795752,0.8786906,0.9272566,0.014894879703521728,845.510812997818,0.125,0.125,-0.40803595408309284,-1.7088606544632532e-09,-0.4080359540487292,5.379466694052667e-10,-1.7624656337324898,25.249999999996884,0.0,50000.0,-10.0,-5000.0,500.0,7.323119401931763,50000
1012.58673,0.05846834,0.013798216,0.003037501,-1012.39026,1012.39026,[5.09857573e-02 6.79124296e-02 1.72870532e-02 6.84728622e-02
 1.90184452e-02 4.51292634e-01 5.61211258e-02 2.10489519e-02
 6.46632016e-02 1.66765213e+00 2.80747190e-03 1.91238433e-01
 1.55036524e-02 3.99859622e-03 1.76105089e-02 5.32227421e+00
 2.38811314e-01 3.66695598e-03 3.52000743e-02 2.97954455e-02
 7.34577924e-02 3.77072282e-02 1.45597048e-02 2.42990971e+00
 1.38150454e-02 2.06666067e-03 6.63284734e-02 2.40963876e-01
 1.11046046e-01 1.00940660e-01 1.74070634e-02 1.86601914e-02
 1.69333257e-02 5.80437481e-03 4.60009910e-02 1.51822343e-03
 3.04037407e-02 1.92090416e+00 1.80087239e-03 2.68823542e-02
 3.40352058e-02 4.26475443e-02 7.03855157e-02 9.09045711e-03
 4.83854488e-03 7.62903690e-02 5.55908568e-02 1.40526332e-02
 4.98099700e-02 3.16664129e-02 1.56948306e-02 1.95109963e-01
 1.60541832e+00 5.07663526e-02 5.25812693e-02 5.26165999e-02
 2.01417878e-03 5.28959967e-02 8.19151476e-02 7.56593347e-02
 4.65579703e-03 1.05546325e-01 2.02700086e-02 3.13919969e-02
 4.26762179e-03 1.05158247e-01 3.69970538e-02 3.26028839e-03
 1.86916435e+00 1.81258470e-03 4.53444242e-01 1.05684340e-01
 1.55118890e-02 6.09959662e-03 5.54996282e-02 4.70024884e-01
 2.18474805e-01 4.63572890e-03 9.16269571e-02 2.38855034e-02
 9.25799757e-02 2.57324055e-03 4.07555699e-03 1.90001912e-02
 3.31236906e-02 4.51964438e-02 1.90573245e-01 4.78871539e-03
 4.12972160e-02 9.87642556e-02 8.96937102e-02 2.30972886e-01
 5.53049564e+00 2.52803601e-02 1.28659792e-02 1.28489509e-02
 1.58438653e-01 5.12462147e-02 1.09823123e-02 9.46273953e-02
 1.58305466e+00 5.94696999e-02 7.65915588e-03 1.60948671e-02
 4.09932807e-03 4.24905872e+00 3.61734092e-01 5.28333336e-03
 1.89572461e-02 1.28959203e+00 1.53744407e-02 1.24980882e-03
 2.55415179e-02 3.76520306e-02 4.64548171e-03 4.13652696e-02
 1.86576322e-03 1.69311836e-03 5.13452627e-02 2.81266011e-02
 4.20004129e-02 2.66442686e-01 2.69165374e-02 9.89535451e-02
 2.70475224e-02 1.04106963e-04 1.93980053e-01 1.23074539e-02
 4.75491919e-02 4.46368605e-02 3.60395946e-02 3.13576534e-02
 4.22491133e-03 6.81564361e-02 1.37618959e-01 5.61567023e-03
 9.00960341e-03 1.08184367e-02 5.63398004e-03 3.15273553e-03
 3.00356187e-02 2.55957246e-03 3.72963138e-02 8.56134444e-02
 4.95246798e-03 1.98269822e-02 3.23449969e+00 3.19726765e-03
 8.48648846e-02 8.20959061e-02 3.71839479e-02 1.79231539e-03
 1.15237907e-02 4.95906547e-03 7.03731626e-02 5.18857874e-02
 3.01771797e-02 1.07147634e-01 2.96226889e-02 1.61357899e+01
 4.61269170e-04 2.40475722e-02 5.86690381e-02 2.99649835e-02
 4.95175496e-02 5.55599518e-02 3.31345946e-03 3.10688391e-02
 1.50235929e-02 1.58115816e+00 1.50050327e-01 8.26497376e-02
 2.52779908e-02 3.17789614e-02 1.07693225e-01 5.93762472e-03
 1.51701117e+00 7.52307847e-02 1.17119491e-01 1.51752710e+00
 2.00403919e+01 7.85659626e-02 3.71632725e-02 3.48227099e-03
 7.75636077e-01 7.92253092e-02 9.69872594e-01 1.11839920e-03
 2.26678327e-03 5.70697337e-02 1.37196526e-01 1.57825994e+00
 4.82434370e-02 1.19058825e-02 3.06085110e-01 1.34356692e-01
 2.02072598e-02 7.09009171e-02 4.33480479e-02 4.63250168e-02
 1.12014450e-02 4.36718762e-02 2.70973518e-03 1.43766776e-03
 6.91721216e-03 3.51791456e-03 1.04023144e-01 2.35307455e+00
 5.24960794e-02 1.06741488e-02 1.41290762e-02 8.27203095e-02
 5.56358136e-02 4.06503737e-01 1.03260309e-01 2.26412900e-02
 2.73907483e-02 8.04830194e-02 7.64265507e-02 5.29630482e-03
 4.12857272e-02 5.02929129e-02 1.14216611e-01 2.25331560e-02
 1.12391450e-02 3.41279991e-02 8.12428072e-03 1.83282979e-02
 1.99913085e-02 5.07385284e-03 2.56550200e-02 2.55156946e+00
 2.73377076e-02 4.29055728e-02 2.43915059e-02 2.21685655e-02
 9.46829468e-02 3.18352766e-02 1.60656273e-02 1.13636360e-01
 1.75023265e-02 2.96334177e-03 2.23332644e-03 1.90649666e-02
 6.83537498e-02 1.30508339e+00 2.78875202e-01 1.80044211e-02
 2.22268879e-01 1.03191026e-02 4.01218235e-03 1.13619119e-02
 5.92799857e-03 1.39858082e-01 6.99556246e-02 3.50078881e-01],0.24224734,[3.64990905e-03 3.82529572e-03 4.30323556e-03 3.40521336e-03
 2.92816758e-03 3.80823389e-03 7.03449920e-03 1.23776495e-03
 2.62069292e-02 1.11862719e-02 1.26625448e-02 3.61746438e-02
 1.35550275e-03 2.13342085e-02 2.03934982e-02 1.05208345e-02
 9.21188742e-02 1.46097317e-02 5.43681160e-03 1.07283033e-02
 4.84805182e-03 2.99023464e-03 1.18299909e-02 1.86148834e+00
 1.24977902e-03 1.45359039e-02 3.28141637e-02 7.25926757e-02
 4.74821366e-02 7.96178356e-03 3.29293311e-04 1.65287405e-04
 1.88160688e-04 6.45354763e-03 1.44059956e-03 1.07703954e-02
 3.44995037e-03 1.06229439e-01 1.58219971e-02 9.88423973e-02
 8.63611698e-02 2.59438530e-03 1.43845566e-02 2.39955261e-03
 9.65784863e-03 3.18089500e-03 3.48329917e-03 2.34777108e-03
 4.53353301e-03 6.95945695e-03 2.17205286e-03 6.92535341e-02
 1.07869692e-02 9.83781368e-03 8.20697099e-03 4.99446690e-03
 1.17815882e-02 6.27227128e-03 9.53451544e-03 4.09510024e-02
 1.31960288e-02 9.00449231e-03 2.77001038e-03 4.41694632e-03
 1.68205537e-02 5.48394397e-03 1.47261396e-02 1.24333501e-02
 2.27102906e-01 9.69040394e-03 2.41118260e-02 7.31513649e-03
 9.22713429e-04 1.30869821e-02 8.34956765e-04 1.17365271e-04
 1.25831217e-01 1.27714314e-02 4.32126299e-02 6.48466125e-03
 2.24624760e-02 9.92373377e-03 1.24083832e-02 1.06707588e-03
 2.74457410e-03 2.34911218e-03 1.24088302e-03 9.83333960e-03
 8.41546804e-03 1.33143552e-02 9.07424837e-03 1.29174173e-01
 1.10265650e-02 5.82937151e-04 4.73409891e-04 1.29865482e-03
 8.47029835e-02 2.29831040e-03 4.35527042e-03 9.05979052e-03
 1.77512944e-01 4.35126200e-03 8.87069851e-03 1.44091994e-03
 2.62373425e-02 3.64373446e+00 2.11720005e-01 1.13989152e-02
 4.30672243e-03 7.91762024e-03 1.88912824e-03 1.27998181e-02
 1.47584826e-04 2.25836784e-03 1.00792386e-02 2.37372890e-03
 1.48039497e-02 1.14270523e-02 1.68982893e-03 2.96424702e-03
 1.19240768e-02 7.07434490e-03 4.58653644e-03 5.03392890e-03
 1.15634874e-03 1.40361860e-03 4.76574898e-03 1.45351887e-03
 6.94643334e-03 2.11425498e-03 6.17016107e-03 5.07818535e-03
 1.08518489e-02 2.44909897e-03 8.34819376e-02 1.43487789e-02
 3.82401049e-04 1.55032054e-03 1.35346428e-02 1.60202719e-02
 6.95411116e-03 1.65856667e-02 3.15809287e-02 1.15694106e-02
 7.72924721e-03 4.54654172e-03 2.92764211e+00 1.11319907e-02
 8.05576146e-03 8.46930221e-03 6.53444603e-03 1.48244202e-02
 3.94653156e-03 1.05076469e-02 2.20156014e-02 1.36916786e-02
 2.60788985e-02 5.66414744e-03 1.01612881e-03 1.73124897e+00
 2.40713358e-04 5.43344766e-03 1.40673667e-03 6.43900782e-03
 7.91082159e-03 2.97889858e-03 1.05670132e-02 2.48052180e-04
 1.05044618e-03 1.06079876e-02 2.16104090e-02 8.23166966e-03
 1.72652304e-03 2.04959512e-03 1.11765005e-02 1.08524896e-02
 1.65678561e-03 9.56907868e-04 8.89593363e-03 7.95374274e-01
 1.82432920e-01 7.27136806e-03 2.97339261e-03 1.03065148e-02
 2.20200643e-01 1.61881745e-02 4.45141792e-01 1.01033598e-02
 1.15844645e-02 2.06927210e-03 1.64205022e-02 4.14342433e-03
 1.68464333e-02 5.92984259e-04 8.42031538e-02 7.08036721e-02
 1.00960210e-03 8.47175717e-02 6.73760474e-03 1.61674097e-02
 4.23693806e-02 7.21390545e-02 1.69651546e-02 1.15134194e-02
 6.44166023e-03 8.97208229e-03 3.76386940e-03 1.43379904e-02
 6.14004210e-03 3.50940600e-03 4.31712344e-03 1.82967961e+00
 2.21097842e-03 1.02752931e-02 2.12625414e-02 5.66364825e-03
 4.70120087e-03 1.13310106e-02 1.08597763e-02 1.03110820e-02
 1.60405412e-03 5.62209263e-03 1.05557330e-02 2.54185870e-03
 5.03916293e-04 9.21994448e-04 8.76890495e-03 2.57093385e-02
 6.20950013e-04 4.28933650e-04 1.88583508e-03 8.17384720e-02
 5.02562895e-03 9.83906165e-03 1.56869367e-02 7.25038722e-03
 6.61528483e-03 1.95458531e-04 4.72195446e-04 9.45883989e-03
 4.52739745e-03 1.52505375e-02 1.23475678e-02 3.93576920e-05
 7.13333860e-03 6.95735872e-01 1.26046129e-02 5.46246767e-04
 1.25636852e+00 1.24358013e-02 1.59769431e-02 4.64253500e-03
 1.73919834e-02 7.09432811e-02 8.23289156e-03 2.79731303e-02],-979.6643,-1012.8265,-1169.3518,1.0024204,1.0563707,0.9938481,0.9257319,65.28258,-14.323517,129.91107,1034.643,1.5469137,0.25505754,0.1627975,-1030.5454,1030.5454,[1.11664258e+03 4.84648438e+03 1.04051867e+01 1.11087817e+03
 2.49779883e+03 1.09027260e+02 1.69276848e+01 3.86914368e+01
 3.93771706e+01 2.38773950e+03 3.14786148e+00 8.75875671e+02
 5.05594521e+01 8.89650345e+01 8.10634155e+02 1.80013828e+04
 2.54564686e+01 1.88055286e+01 7.42863586e+02 5.05962038e+00
 1.40584885e+02 9.26440811e+00 1.65957928e+00 2.40665747e+03
 6.45698929e+01 3.95835278e+03 1.73921219e+02 9.14907776e+02
 6.19526465e+03 4.48639412e+01 3.89658447e+03 9.52340469e+01
 5.00970673e+02 3.42143799e+02 6.92373535e+02 6.77134476e+01
 6.51738647e+02 4.01299858e+01 6.64189990e+03 2.80300045e+01
 1.48366235e+03 8.90534687e+00 4.02568237e+02 2.68574142e+01
 1.07655464e+02 2.52428079e+00 1.92028542e+01 3.24309570e+02
 1.29014244e+01 2.38341293e+01 4.01460083e+02 4.82636230e+02
 2.98539305e+00 2.43492565e+01 3.86109900e+00 6.89618759e+01
 3.12939819e+02 3.98785095e+02 5.86822472e+01 6.51838013e+02
 1.69551233e+03 4.60229187e+02 2.87612061e+02 2.29743066e+03
 9.90463318e+02 3.89636536e+01 2.68099243e+02 4.71881561e+01
 1.35539871e+02 4.13042139e+03 5.84366516e+02 2.51108208e+01
 7.41679297e+03 4.45904503e+01 2.42046906e+02 3.17753553e+00
 9.46234207e+01 3.47328491e+01 5.30783154e+03 1.87449980e+04
 2.75217018e+01 1.64312096e+01 3.03354004e+02 2.24700871e+01
 1.41393628e+03 2.92128516e+03 8.87013550e+01 1.30007200e+01
 3.10730927e+02 3.04631885e+03 4.35394173e+01 3.93216324e+01
 6.51664551e+02 5.83145599e+01 4.04568695e+02 3.08255291e+00
 1.03206070e+02 2.30830765e+01 5.13941162e+02 1.33436707e+03
 1.20489178e+01 2.11871167e+03 1.47865845e+02 1.00268517e+02
 2.40667282e+02 6.39972852e+03 7.24054794e+01 3.53987551e+00
 5.41094742e+01 4.32440338e+01 1.48643555e+02 2.39328232e+01
 1.23135635e+02 1.24827667e+02 6.05680603e+02 1.85841650e+03
 5.24329041e+02 1.02245918e+02 2.69828701e+01 4.79834266e-02
 3.09555473e+01 1.60956665e+02 2.27056193e+00 9.33181335e+02
 3.00053520e+01 2.63290088e+03 1.52493066e+03 1.50214026e+03
 1.90924644e-01 4.26015663e+01 9.43436027e-02 1.21344397e+03
 8.06880875e+01 4.48792577e-01 5.43558838e+03 2.35194778e+01
 7.62180939e+01 1.39123770e+04 1.89372940e+02 2.35788803e+02
 1.68138147e+03 1.17186719e+03 4.21966410e+00 3.72928772e+02
 5.14025726e+01 3.64049341e+03 3.53937111e+01 1.05567093e+02
 7.29414429e+02 2.38339081e+02 3.33401260e+01 8.36573792e+01
 2.15028596e+00 1.18795071e+01 7.07612671e+02 2.71086694e+03
 6.36571264e+00 3.61299400e+01 2.75956604e+02 1.10456848e+01
 2.30880981e+03 1.98998690e+00 4.18959579e+01 1.45166153e+02
 7.80219889e+00 2.09043518e+02 6.60909570e+03 1.54267151e+02
 8.63339710e+00 1.95449677e+01 1.70764046e+01 3.25406094e+04
 4.61247375e+02 1.43514893e+02 2.06364014e+03 9.69030285e+00
 1.68180954e+00 5.60653419e+01 1.91367416e+01 1.43087549e+01
 3.24825226e+02 1.87249908e+02 9.39099304e+02 8.50662964e+02
 3.65356104e+03 2.77215991e+03 2.02853333e+02 1.10338144e+01
 9.14196045e+02 5.66209364e+00 1.24201679e+01 4.23305969e+01
 5.97177881e+03 2.04005890e+01 6.54839172e+01 4.84868555e+03
 3.20545273e+01 6.26405859e+00 9.26687866e+02 2.51781958e+03
 1.20419312e+03 7.62083923e+02 5.31059631e+02 6.97108612e+01
 4.15576553e+00 4.67308855e+00 1.06250537e+03 1.84993457e+03
 8.05919495e+02 6.81721619e+02 1.97032336e+03 5.27672949e+03
 1.38386047e+02 1.02000824e+02 1.64644226e+02 7.66688728e+00
 1.67604785e+03 2.03007736e+02 1.26770531e+02 6.17381250e+03
 1.50015078e+01 1.29882031e+03 6.97924328e+00 6.90282135e+01
 1.12801624e+03 1.87010056e+02 2.54283569e+03 5.93487061e+02
 5.42147751e+01 1.46152630e+01 1.47837305e+01 4.94831348e+03
 1.73686951e+02 6.44867249e+01 1.43253922e-01 7.62559961e+03
 3.93039185e+03 6.92400574e+02 3.60451698e+00 3.88142944e+03
 1.72196579e+01 6.47979736e-01 2.03202667e+02 1.88668091e+03
 1.06466025e+04 3.31033667e+03 3.38613777e+01 8.27944885e+02
 2.62067947e+01 2.38926208e+02 1.10981804e+02 3.16417332e+01
 1.08094780e+02 2.43305884e+03 8.20808697e+00 3.98013379e+03],1956.2247,[1.54189624e+03 5.70990039e+03 1.22935939e+00 1.97532922e+03
 3.44104810e+03 3.58270599e+02 1.78425550e+00 1.27104248e+02
 1.44107933e+01 8.33068909e+02 4.55203354e-02 6.50163879e+02
 1.07599266e+02 2.25267273e+02 1.61125351e+02 1.56945205e+04
 2.18329029e+01 4.36561508e+01 8.50526245e+02 1.87185822e+01
 1.01370752e+03 1.93985653e+01 3.65923271e+01 3.33970874e+03
 8.82785263e+01 6.74184277e+03 3.64973793e+01 1.37199463e+03
 6.16341406e+03 2.31019268e+01 6.69378809e+03 9.55659866e+01
 2.24772537e+02 7.01453552e+01 1.14645508e+03 6.42975006e+01
 7.28807678e+02 1.02991676e+02 9.48478320e+03 4.33414650e+01
 1.86741382e+03 1.43602417e+02 3.04566895e+02 2.40269547e+01
 6.49827271e+01 4.43528175e+00 1.07119614e+02 5.39101318e+02
 4.47008400e+01 1.45077148e+02 7.07795410e+02 7.80374512e+02
 5.07023525e+00 8.68936386e+01 7.24844694e+00 5.74460258e+01
 4.05706329e+02 7.55312134e+02 1.27981827e+02 9.31415588e+02
 1.84701636e+03 2.60191925e+02 6.00573486e+02 2.86489600e+03
 6.46360168e+02 5.74367142e+01 5.69559814e+02 6.05033951e+01
 1.96495026e+02 2.19305444e+03 1.75050671e+03 1.00173826e+01
 8.92202930e+03 2.40476379e+01 3.38854492e+02 2.66133614e+01
 1.52698776e+02 1.92130966e+01 6.91771924e+03 2.14701680e+04
 5.29094162e+01 7.95650864e+00 5.23846741e+01 1.36563358e+01
 2.19352246e+03 4.72897510e+03 1.59776489e+02 1.12382107e+01
 6.28790710e+02 3.00748120e+03 8.58088779e+00 1.31050014e+01
 8.95291687e+02 6.78449440e+00 2.81756256e+02 1.35826912e+01
 2.75715271e+02 4.64358139e+01 3.49070770e+02 2.56357788e+03
 1.42994213e+00 1.51614648e+03 8.59133759e+01 6.20129700e+01
 8.45055084e+01 9.41262598e+03 5.78753624e+01 6.34963036e+00
 5.22838196e+02 2.02231178e+01 3.87611847e+01 4.90018082e+00
 2.38498230e+02 1.43778320e+02 1.76060760e+02 3.89601489e+03
 3.19345398e+02 1.98425217e+02 2.88948002e+01 2.55180669e+00
 2.78976784e+01 6.28091003e+02 1.06869793e+00 1.42637927e+03
 1.79497620e+02 2.97102490e+03 1.00599927e+03 1.86821558e+03
 4.14758205e+00 2.68897400e+01 3.12198830e+00 2.45560254e+03
 1.25827490e+03 1.05142410e+02 6.45993457e+03 4.28940239e+01
 1.18297935e+02 1.74885801e+04 1.51888550e+02 4.96704620e+02
 2.46792993e+03 9.06936035e+02 4.17776337e+01 5.20574524e+02
 6.74562454e+01 4.21525928e+03 8.16735840e+01 8.61824570e+01
 1.52080591e+03 1.31922974e+02 1.96897945e+01 6.33399887e+01
 1.20784426e+01 2.09090252e+01 4.84273193e+02 2.90629834e+03
 3.65482926e+00 5.44117622e+01 2.83172359e+01 8.16681099e+00
 1.80991528e+03 1.80023060e+01 3.68525276e+01 1.11060814e+02
 1.54391730e+00 1.67552155e+02 8.61858594e+03 8.75436523e+02
 2.43257942e+01 8.92439880e+01 2.61059113e+02 4.00117812e+04
 8.08221375e+02 2.56456757e+02 1.79557959e+03 6.53034363e+01
 2.19940567e+00 4.70492744e+01 3.06799889e+00 2.76915264e+01
 4.59143372e+02 1.21273331e+02 1.45260742e+03 7.33195312e+02
 4.70886133e+03 2.49643408e+03 2.43158051e+02 3.13130817e+01
 1.55066138e+03 5.07967758e+01 1.15952759e+01 7.16808090e+01
 6.95231738e+03 2.21528130e+01 7.70236206e+01 7.29840820e+03
 7.93099594e+01 2.32170677e+01 4.33646271e+02 3.13453711e+03
 2.56410962e+03 4.86870117e+01 5.42016663e+02 8.69626904e+00
 1.23319702e+01 2.88860035e+00 2.13829932e+03 1.96924634e+03
 7.45258484e+02 5.89217712e+02 2.05286548e+03 6.55107812e+03
 7.26302032e+01 1.01130196e+02 1.68713257e+02 4.96810961e+00
 1.31339136e+03 7.94975357e+01 2.67106781e+02 7.20206641e+03
 9.91751385e+00 1.65370679e+03 1.54919267e+00 1.93001083e+02
 1.13785657e+03 1.70706375e+02 1.85773315e+03 1.27259546e+03
 6.87682800e+01 4.77235832e+01 2.81145592e+01 4.59014648e+03
 8.13375397e+01 1.06026474e+02 8.21519470e+01 9.23017480e+03
 6.76293018e+03 4.01251251e+02 4.04378853e+01 5.78492773e+03
 1.29572769e+02 1.81077538e+01 1.40841080e+02 3.49269556e+03
 1.27549922e+04 3.15222168e+03 2.82564011e+01 1.41359521e+03
 3.34298668e+01 2.96405548e+02 1.70588104e+02 4.05132141e+01
 2.07843414e+02 3.24883154e+03 1.93952541e+01 4.79370801e+03],-974.5528,-1022.14545,-1155.2297,1.0230262,1.3519384,0.83275664,0.9269562,0.015732974109649658,1238.8351800441742,0.125,0.125,-0.2868252716398166,0.0026828852020165826,-0.2867219043457137,0.0018209281720129578,-1.2303804964823775,25.249999999996884,0.0,75000.0,-10.0,-5000.0,500.0,7.423664331436157,75000
1010.9518,0.06433447,0.024323309,0.0028544522,-1010.6442,1010.6442,[2.08327919e-02 7.18684867e-03 1.69276074e-01 1.54800773e-01
 2.04090960e-02 2.21963406e+00 1.84367442e+00 1.90956593e-02
 4.02968264e+00 5.83859235e-02 4.45357747e-02 1.38577707e-02
 1.95110515e-02 1.41204484e-02 4.26619388e-02 6.19102269e-04
 1.49069801e-02 1.58340484e-02 2.25600973e-02 7.15859842e+00
 6.78541139e-03 1.00417808e-03 4.34960909e-02 1.22484937e-03
 1.09551288e-02 1.24759972e-03 1.60725415e-02 3.19587994e+00
 1.86111517e-02 1.02961421e+00 1.74805261e-02 3.29722464e-03
 1.63612366e-02 1.65641904e-02 1.22337416e-03 4.23720551e+00
 3.56609561e-02 1.47533603e-02 2.35849805e-02 1.59436241e-02
 5.00573553e-02 1.60819478e-02 5.96574582e-02 1.39979757e-02
 4.81969929e+00 3.69744375e-03 4.94976342e-03 1.00793019e-02
 1.41249970e-02 3.38990241e-04 1.95829011e-02 1.27414614e-03
 6.85396552e-01 2.71875411e-03 5.32928854e-04 1.84447505e-02
 1.67225935e-02 3.14730443e-02 2.23827660e-02 2.17778869e-02
 2.89545953e-01 3.89447995e-02 4.36343253e-03 6.92478567e-02
 1.82691365e-02 8.88837725e-02 5.23097813e-04 3.84907313e-02
 1.97828151e-02 6.17897399e-02 2.24036463e-02 2.65032426e-03
 4.36528027e-02 1.14244595e-02 1.47235580e-02 1.72814116e-01
 1.95759833e-02 1.55683048e-02 1.51904263e-02 2.60443427e-02
 1.85068250e-01 1.08683854e-03 1.01356581e-03 2.17604525e-02
 1.32643282e-02 7.59230927e-03 2.75150016e-02 2.85125114e-02
 2.56689675e-02 6.82528168e-02 1.17457286e-03 4.38074209e-02
 3.67314517e-01 5.90880871e-01 8.55303943e-01 5.67722321e-03
 1.36123210e-01 2.50402838e-04 7.85425305e-04 3.12222727e-02
 1.29299238e-03 6.04032636e-01 9.72304493e-03 9.07177106e-03
 2.55592540e-02 9.28163528e-04 1.09252818e-02 2.21900493e-02
 1.93837024e-02 3.58043797e-02 1.33024529e-03 2.78271735e-03
 4.31050360e-03 2.83920504e-02 2.14285292e-02 2.26025321e-02
 3.70282680e-04 2.61370480e-01 8.75104785e-01 1.19016953e-02
 8.35090727e-02 4.15339209e-02 1.30373612e-03 8.99642855e-02
 6.58716634e-03 1.69493631e-02 1.33812428e-03 5.03666699e-04
 1.09128393e-02 1.22559696e-01 2.45603360e-02 2.82020867e-01
 6.45211029e+00 4.52859223e-01 4.37784493e-02 1.62758864e-02
 1.94691196e-02 2.14689411e-02 2.60097422e-02 3.89343575e-02
 1.85681835e-01 1.10270455e-02 1.70763023e-02 1.44047625e-02
 2.17927434e-02 1.18567683e-02 2.66876407e-02 9.37003642e-04
 4.93642725e-02 1.89107098e-02 8.78218561e-04 1.36907697e-02
 4.11233678e-03 5.88372722e-03 7.98695385e-02 1.35529041e-02
 1.96396895e-02 1.87514722e-01 2.75196761e-01 4.70948257e-02
 1.80140883e-02 3.49009410e-02 2.42506154e-02 2.56254151e-03
 3.30986269e-02 2.04114467e-02 9.74822789e-04 2.88890973e-02
 3.92008573e-04 2.09747106e-02 4.33331504e-02 1.66402645e-02
 1.48897171e-02 1.96788460e-04 1.77207179e-02 2.14531720e-02
 1.75887123e-02 1.59038641e-02 1.13935184e+01 1.75075121e-02
 3.18925455e-03 1.73751736e+01 2.00034417e-02 8.00915062e-04
 4.12151694e-01 6.05303794e-04 1.12946332e-02 1.20519028e+01
 2.37132944e-02 1.20888150e+00 3.55037637e-02 3.93874943e-04
 3.19850817e-02 1.49347261e-03 7.02802390e-02 1.32098794e-02
 1.27876736e-02 9.86905769e-03 2.25279108e-03 1.76023853e+00
 2.51676328e-02 2.59165838e-02 1.68716311e-01 1.13719240e-01
 2.00708210e-03 7.36912131e-01 8.95697623e-03 2.18193606e-03
 1.59993954e-02 9.08244401e-04 1.62409730e-02 7.90832937e-02
 1.69105716e-02 6.40639961e-02 1.42490864e-03 8.89610052e-01
 5.99630959e-02 1.56808831e-02 2.47825123e-02 1.72342733e-02
 4.17618752e-02 1.63198300e-02 1.57367289e-02 1.92075148e-02
 3.55805494e-02 1.00043565e-02 4.74478006e-02 3.15687686e-01
 2.48444825e-03 1.66694000e-02 1.75574422e-02 5.33109456e-02
 1.03701442e-01 9.61957127e-03 2.24889815e-02 2.04194523e-02
 1.38739683e-02 9.69521105e-02 7.05098033e-01 1.35323778e-02
 1.70471966e-02 3.56520154e-02 1.61626935e-03 6.20890409e-04
 5.59277833e-04 6.09898865e-02 1.76150322e+01 1.23728859e+00
 2.11306699e-02 7.16604292e-04 9.20533389e-02 1.75870843e-02
 2.12036856e-02 3.42986956e-02 3.69885936e-02 5.11229038e-04],0.47867218,[3.5422333e-02 8.2686648e-02 9.5973700e-02 8.1408039e-02 4.4640142e-02
 5.4039109e-01 7.9806983e-02 3.6559049e-02 4.9676139e-02 7.4506447e-02
 1.0638124e-01 3.8235702e-02 5.2574314e-02 4.7078181e-02 4.4124722e-03
 2.2702590e-02 3.7810583e-02 3.8152773e-02 3.3021439e-02 1.1852960e+01
 4.3365110e-02 2.1703068e-02 1.2696702e-02 2.0405892e-02 1.9210149e-02
 1.7739892e-02 4.0427525e-02 4.7333497e-01 7.1819097e-02 2.3861129e-02
 4.1566879e-02 1.7007887e-02 5.7152543e-02 6.6492707e-02 1.7523482e-02
 3.8091693e-02 7.5623170e-02 4.4637121e-02 5.7200450e-02 3.3971000e-02
 2.3384053e-02 4.6817306e-02 8.4286422e-02 3.7838820e-02 5.2536426e+00
 3.6228243e-02 8.0218509e-02 5.3358272e-02 4.1016210e-02 3.8224343e-02
 4.8018355e-02 2.0987887e-02 1.3530266e-01 3.7253335e-02 2.8653778e-02
 4.7041524e-02 3.3471573e-02 5.1175147e-02 4.7389988e-02 5.2129127e-02
 4.1777287e-02 8.1807569e-02 3.3268251e-02 5.4687560e-02 4.0055409e-02
 7.8610122e-02 3.2312877e-02 1.5404660e-02 4.2680625e-02 9.7225025e-02
 4.5523439e-02 3.3202626e-02 7.1333803e-02 3.4738202e-02 4.5331128e-02
 1.0311337e-01 5.2507892e-02 4.1148234e-02 5.8591653e-02 5.0691504e-02
 9.6644081e-02 3.4429498e-02 2.7899340e-02 3.3663351e-02 3.6023770e-02
 4.1953076e-02 5.6136329e-02 5.3253509e-02 4.5228843e-02 5.1650945e-02
 2.1879289e-02 1.4394715e-02 2.0023007e-02 6.2436536e-02 2.6056154e+00
 3.7837535e-02 3.5248572e-01 3.1631924e-02 2.9059321e-02 3.3349667e-02
 3.5898853e-02 6.2367105e-01 1.1030752e-02 3.3586491e-02 3.2228477e-02
 1.9975174e-02 1.2588145e-01 5.1036242e-02 4.9798325e-02 1.7757723e-01
 1.4574766e-01 3.1269882e-02 3.6482308e-02 7.3830664e-02 4.6842553e-02
 3.8416702e-02 3.7171040e-02 4.3721564e-02 3.8181543e-01 4.3796320e-02
 8.4450275e-02 1.3078455e-02 2.0220101e-02 8.3830297e-02 4.1525114e-02
 4.4930104e-02 2.1567810e-02 3.3170916e-02 1.5206177e-02 2.0290911e-03
 4.7939420e-02 5.8030803e-02 3.0786700e+00 2.1238220e-01 1.0215719e-01
 3.8461037e-02 4.1765217e-02 8.7607987e-03 5.4318149e-02 7.6529220e-02
 4.3739012e-01 1.8570483e-02 3.9469142e-02 8.2006767e-02 5.4006912e-03
 5.3257097e-02 4.6679381e-02 1.8255893e-02 7.2289646e-02 4.5704637e-02
 2.5007192e-02 4.1885413e-02 3.2822881e-02 3.4779716e-02 1.3450891e-02
 4.1878261e-02 4.0262230e-02 3.8965419e-02 4.2445574e-02 7.5891048e-02
 4.5030165e-02 9.1520637e-02 5.4851044e-02 3.2025948e-02 3.5772033e-02
 4.8078481e-02 3.7327059e-02 2.0479277e-02 2.3585755e-02 7.7040792e-03
 7.9671949e-02 4.2842273e-02 6.4318784e-02 2.5970045e-02 4.7072861e-02
 4.8049260e-02 3.8041666e-02 4.1791089e-02 2.5051478e-02 4.2843018e-02
 1.1529036e-02 2.3135166e+01 3.8806736e-02 3.4331251e-02 1.5278654e+00
 6.7225106e-02 3.8805101e-02 2.2855733e-02 7.2577968e-03 3.6573815e+00
 8.0224589e-02 3.5904739e-02 3.5924017e-02 3.4614876e-02 2.0893384e-02
 6.3000903e-02 4.2627826e-02 8.3385423e-02 2.5001917e-02 8.2708180e-02
 1.8424094e-02 5.5860348e-02 9.1922820e-02 3.9338894e-02 1.9951571e-02
 4.8219913e-01 4.2255271e-02 3.8451258e-02 4.3672297e-02 2.4872810e-02
 3.7574816e-02 3.5823677e-02 4.5586862e-02 3.4697298e-02 3.4488708e-02
 2.6626516e-02 3.8370746e-01 3.6194492e-02 4.8162732e-02 4.6762887e-02
 4.0949825e-02 4.5021567e-02 4.0455136e-02 4.5397311e-02 8.5350960e-02
 8.2682639e-02 8.3973587e-02 2.2792794e-02 2.1868188e-02 4.9329776e-02
 4.9584989e-02 5.0468832e-02 4.7907922e-02 7.7837773e-02 3.9850835e-02
 6.0806531e-02 3.9249305e-02 5.9844404e-03 3.5019495e-02 3.4116305e-02
 3.4951884e-02 1.1538211e-02 1.9242231e-02 3.4866489e-02 3.4907360e-02
 2.5450066e-02 1.0149141e+01 2.1571551e-02 1.3000995e-01 3.1418223e-02
 8.1484050e-02 3.9021630e-02 5.9300829e-02 2.0384826e-02 7.5514540e-02
 3.4832675e-02],-974.0447,-1011.7707,-1186.1807,1.0034103,1.0401654,0.9958814,0.9258051,80.74651,-113.09184,360.78217,1011.9521,1.528437,0.26626715,0.18233506,-1007.761,1007.761,[2.65921478e+02 1.92052898e+01 6.37132446e+02 6.73504868e+01
 4.08805046e+01 1.03299084e+03 7.68562866e+02 8.04676743e+01
 4.58904457e+01 1.25335632e+02 1.22731331e+02 1.24037113e+01
 5.30129700e+01 6.06735764e+01 8.00328979e+01 1.16699553e+00
 5.64199121e+03 1.76425446e+02 3.49432831e+01 4.84403114e+01
 1.60941772e+02 3.33311890e+02 6.10048447e+01 4.08106543e+03
 5.04409561e+01 5.83084183e+01 1.66675419e-01 3.81183411e+02
 1.85232251e+03 2.18302784e+01 4.59677544e+01 3.80135071e+02
 5.07126770e+01 4.85256201e+03 2.28888824e+02 5.77180481e+01
 1.52349663e+01 2.56443024e+02 1.35419083e+02 8.99619980e+01
 9.83766357e+02 1.28363571e+01 1.71896816e+04 3.24230898e+04
 1.41270342e+04 5.31266785e+00 8.76097031e+01 4.93101990e+02
 7.35505981e+01 2.56398254e+02 2.37824249e+02 6.30711594e+01
 2.82863129e+02 5.89443169e+01 2.86038452e+03 4.34967102e+02
 1.59111252e+02 6.03041801e+01 2.79361649e+01 4.22671906e+02
 8.99351654e+01 2.51516797e+03 1.36950723e+04 2.18394196e+02
 2.06794385e+03 3.18229256e+01 3.67020583e+00 1.89943958e+03
 4.26183739e+01 7.54650928e+03 6.66915436e+01 2.96255280e+02
 7.52409220e+00 2.10037823e+01 5.24256849e+00 4.54446449e+01
 3.55008774e+01 2.28006439e+02 4.46602966e+02 1.78419533e+01
 1.79162674e+02 1.02543213e+02 1.20429184e+02 6.92708683e+00
 9.82163315e+01 6.49284424e+02 7.47861252e+01 1.43341736e+03
 7.71610947e+01 1.56078537e+02 4.35786523e+03 5.05571709e+01
 4.12204361e+01 8.60232925e+01 3.75914734e+02 1.72518559e+01
 1.49497852e+01 1.85436050e+02 3.89250391e+03 4.17893463e+02
 8.58438293e+02 8.29421021e+02 4.19196968e+01 2.32106293e+02
 5.77704353e+01 7.30150879e+02 1.07850304e+02 9.67815933e+01
 2.24821472e+02 5.48539307e+02 7.79079468e+02 1.36000757e+01
 9.86302185e+00 7.00904053e+02 8.93594894e+01 2.50961151e+01
 1.42827964e+00 4.34442215e+01 2.25087719e+01 1.76710758e+01
 1.76568527e+01 1.28965332e+02 4.79683838e+01 2.04580288e+01
 8.85028687e+02 2.55347290e+01 8.22959518e+00 2.82423157e+02
 2.64068389e+00 2.90206985e+01 4.03681259e+01 3.00759644e+02
 7.82670364e+01 6.23649864e+01 2.07461456e+02 3.46600304e+01
 7.16604053e+03 3.96763245e+02 1.36855881e+02 7.10796661e+01
 4.88886932e+02 4.67969147e+02 8.09570999e+01 4.12694626e+01
 2.47564316e+01 4.66542206e+02 1.39890107e+04 2.03913452e+02
 6.55948944e+01 1.21413086e+02 6.57668076e+01 3.52486763e+01
 2.47527852e+04 1.64706154e+01 3.95708801e+02 2.62581110e+00
 3.51694844e+04 1.53219681e+02 5.44577148e+02 1.23853955e+03
 1.30909061e+01 2.57140102e+01 1.93283813e+03 3.02183716e+03
 4.35521301e+02 7.35637665e+00 6.70668750e+03 5.83227246e+03
 1.07080431e+01 7.76697510e+02 1.94618576e+02 2.44475479e+02
 1.10648354e+02 1.60147858e+02 1.82986033e+00 3.32465839e+00
 4.71399736e+00 8.14294243e+00 2.61243367e+00 1.61172348e+02
 6.13477039e+00 2.58560371e+01 1.81820999e+02 2.46275864e+01
 2.06233292e+02 1.52155771e+01 1.26077644e+02 2.05401859e+01
 2.22902954e+02 1.81842804e+01 4.11167031e+04 3.58488068e+02
 1.33970337e+01 2.47796416e+00 3.23529755e+02 1.58559866e+01
 5.83787079e+01 1.29360626e+02 1.13280239e+01 1.75925461e+02
 3.02725922e+02 1.85220742e+04 9.52083206e+00 1.49280059e+04
 1.52027466e+02 2.26141785e+02 8.12745972e+01 2.65067043e+01
 1.74822357e+02 7.00903273e+00 1.55383072e+02 1.61169186e+01
 2.56904724e+02 2.01297241e+02 5.77712769e+02 1.01821641e+04
 7.26867523e+01 1.57505646e+02 2.66060085e+01 1.05391064e+01
 4.86736565e+01 1.28473373e+02 2.74028473e+02 1.99770939e+00
 3.17034302e+03 8.51542652e-01 6.88997269e+01 1.20290833e+02
 2.19778709e+01 2.09407832e+04 4.21543884e+00 1.98690109e+01
 4.00360077e+02 3.54036682e+02 7.69554291e+01 2.34651661e+01
 2.14685883e+02 1.06869755e+01 2.01441660e+04 3.82121086e+01
 3.79876518e+01 1.34391308e+01 3.32622772e+02 1.09333672e+02
 2.82453213e+01 2.72217140e+01 3.83785515e+01 9.58532324e+03
 6.30591431e+01 2.34357300e+01 3.57118774e+02 7.64119263e+01
 7.89389114e+01 1.80642075e+02 2.93768349e+01 1.82910965e+02],2221.781,[3.16959564e+02 1.38227072e+01 3.42488525e+02 1.01253288e+02
 4.31113739e+01 8.14005859e+02 6.62839417e+02 1.01446434e+02
 6.84290848e+01 1.06024567e+02 7.73342285e+01 7.64099197e+01
 1.86507645e+01 3.32777863e+02 5.70207672e+01 1.08011985e+00
 5.63051367e+03 6.78701878e+00 2.30074158e+01 4.25498886e+01
 1.59169586e+02 3.75688843e+02 6.38402557e+01 5.88396826e+03
 1.99552422e+01 7.04433746e+01 3.35507184e-01 4.35126434e+02
 1.77411584e+03 3.04507809e+01 7.51690369e+01 3.99650940e+02
 1.70230846e+01 5.66969238e+03 2.00881393e+02 5.30985832e+01
 1.79694328e+01 2.51038071e+02 1.02446442e+02 9.52183533e+01
 1.10753320e+03 8.19162560e+00 2.16411914e+04 3.36860586e+04
 1.71292734e+04 5.88692617e+00 8.46132126e+01 9.33931885e+02
 9.45346451e+01 1.03591232e+02 3.25321960e+02 4.91675415e+01
 2.66911713e+02 5.60058289e+01 2.66994141e+03 5.23131409e+02
 2.64949432e+02 1.30601303e+02 4.21719437e+01 4.29101685e+02
 1.42342529e+01 2.40562744e+03 1.42017529e+04 1.94408279e+02
 3.07712720e+03 5.08747597e+01 7.74484444e+00 4.95112988e+03
 5.91176071e+01 3.27449268e+03 1.10379761e+02 2.06642700e+02
 5.96163673e+01 9.36279221e+01 2.87647295e+00 8.89333649e+01
 5.08490410e+01 1.88269928e+02 4.20398376e+02 2.99103699e+01
 2.52906387e+02 6.04128265e+01 1.80498413e+02 2.13433409e+00
 1.16929901e+02 7.17956909e+02 2.02837051e+02 6.80778442e+02
 7.75794144e+01 1.24504829e+02 2.40926904e+03 8.54419785e+01
 5.65961380e+01 9.06991043e+01 7.60690430e+02 7.30278931e+01
 2.45833721e+01 2.26752197e+02 2.26620508e+03 3.55158630e+02
 5.04687927e+02 6.88680054e+02 4.90109138e+01 3.43998566e+02
 3.56530762e+02 1.86111353e+03 1.23129677e+02 2.26766567e+01
 2.37262573e+02 3.63762207e+02 8.78009888e+02 9.81496201e+01
 1.10763235e+01 8.40220459e+02 1.01092926e+02 5.65885582e+01
 3.53076591e+01 8.45314636e+01 1.72764397e+01 5.24130920e+02
 2.76504478e+01 7.50200500e+01 5.18176498e+01 9.38654065e-01
 5.02700745e+02 4.96454668e+00 6.88793182e+01 4.52873383e+02
 8.06878328e-01 7.47223816e+01 1.18244385e+02 3.75790436e+02
 2.93157787e+01 2.17315979e+01 2.65000366e+02 7.42618895e+00
 7.01972754e+03 3.90705841e+02 6.47958527e+01 1.07454994e+02
 6.77031921e+02 7.28027344e+02 4.04291725e+01 2.01861694e+02
 2.76569500e+01 5.42002991e+02 6.45825879e+03 1.57030441e+02
 5.54303970e+01 1.69028732e+02 4.99228592e+01 4.34349365e+01
 2.93800547e+04 1.87491417e+01 4.25061432e+02 2.03932714e+00
 3.92410781e+04 1.53376663e+02 4.31946075e+02 1.41951746e+03
 4.71887016e+00 6.51326656e+00 1.46652234e+03 3.09047705e+03
 4.34394531e+02 8.49859333e+00 1.13038672e+04 4.71651270e+03
 5.19659843e+01 7.82186768e+02 2.46369293e+02 3.70472717e+02
 1.21318451e+02 1.47544373e+02 2.49275041e+00 2.73844635e+02
 5.02897882e+00 1.67643547e+01 5.56491089e+00 1.96362350e+02
 2.08783092e+01 4.10686798e+01 1.64181213e+02 2.78680086e+00
 1.93898529e+02 2.14163876e+01 1.18651489e+02 6.17220650e+01
 2.30411652e+02 2.24926872e+01 4.19297266e+04 4.31095612e+02
 2.14818649e+01 1.99337158e+01 4.03115479e+02 8.59572142e-02
 8.87820740e+01 1.34181137e+02 1.40413427e+01 2.00914505e+02
 1.30640228e+02 2.00508203e+04 8.02797985e+00 1.97658711e+04
 1.09091919e+02 1.70660553e+02 1.96400879e+02 4.31140289e+01
 2.31056274e+02 1.57872219e+01 9.16567841e+01 1.89743195e+01
 3.87891266e+02 3.31231842e+02 6.94020569e+02 1.05841641e+04
 3.63015175e+01 1.41847336e+02 2.84412994e+01 1.12611532e+01
 5.64832191e+01 1.43708832e+02 1.71858368e+02 6.52982235e+00
 4.27228760e+03 5.34031916e+00 5.93593254e+01 3.24819069e+01
 4.54894104e+01 2.49948906e+04 5.44462156e+00 3.28293495e+01
 3.04394318e+02 1.05288406e+02 6.02100029e+01 5.16093712e+01
 2.12919296e+02 1.03456059e+01 1.43572207e+04 2.13765774e+01
 2.21449524e+02 3.34415970e+01 4.69751465e+02 9.83427658e+01
 2.01954529e+02 2.15083618e+01 1.21367764e+00 1.29937812e+04
 1.27125382e+00 4.14303322e+01 9.40361206e+02 7.98010864e+01
 4.12198753e+01 2.13095840e+02 4.03851814e+01 2.23804855e+02],-971.0273,-1006.2949,-1186.6925,1.0024942,1.1006576,0.80379844,0.92563146,0.015189332532882691,1618.568508386612,0.125,0.125,-0.2946660718777404,-0.002360502632347948,-0.2947836572196782,-0.002084828188456972,-1.2682308505734532,25.249999999996884,0.0,100000.0,-10.0,-5000.0,500.0,7.383665084838867,100000
1010.91724,0.045676813,0.01435061,0.0019219011,-1010.728,1010.728,[2.97456980e-03 6.51784316e-02 1.01643987e-02 1.82138756e-03
 8.24928284e-04 9.14484262e-05 1.15667656e-03 8.02464783e-04
 3.26104835e-03 7.00239092e-04 3.43918800e-04 1.22624077e-02
 1.53626874e-03 9.48462635e-03 2.51745731e-02 4.49771062e-03
 1.18536502e-03 1.57184899e-03 8.30506161e-03 1.21812262e-02
 8.81268457e-03 1.30648160e+00 6.17094338e-04 2.44144350e-03
 1.30433679e-01 6.72012568e-04 7.99731165e-03 1.95670441e-01
 1.49390250e-02 6.37330115e-03 1.67800859e-02 8.75630975e-03
 5.21233678e-03 7.31197000e-03 1.07141212e-03 7.57421926e-03
 2.44223028e-02 2.88344920e-04 2.42595404e-01 9.73558426e-03
 1.51637197e-03 7.45760560e-01 8.74731690e-04 9.90658998e-04
 5.27158380e-04 1.70896202e-03 1.26220584e+00 7.33681023e-04
 3.53015959e-04 1.29032779e+00 6.01008534e-04 1.68499723e-02
 2.39802152e-03 7.73007423e-03 3.44783813e-01 1.75259262e-03
 3.69006395e-03 3.70866433e-03 7.30250031e-04 2.78574973e-03
 2.44343020e-02 2.68692613e-01 1.51515342e-02 2.82537937e-03
 8.69520009e-04 1.71510652e-02 1.47809088e-02 1.73551589e-03
 9.81666565e-01 1.93177536e-03 3.47813405e-02 3.51241603e-03
 6.34572282e-03 1.14627182e-03 1.43913180e-03 2.33237818e-02
 1.30895525e-03 8.08782876e-04 1.12503543e-02 9.68515873e-03
 1.23325661e-02 4.37665731e-04 4.44120914e-03 1.00045180e+00
 6.87553361e-03 1.84880570e-03 4.09746170e-01 3.69516946e-02
 3.71058255e-01 1.45924762e-02 1.59044504e-01 1.26821175e-03
 8.57174397e-03 6.12884760e-04 1.90750510e-03 2.46313587e-02
 6.70768321e-03 4.66722995e-04 3.03587206e-02 1.83326378e-02
 2.33129598e-02 2.76401639e-04 1.74093992e-03 1.29658729e-03
 3.39820981e-05 5.74631244e-03 4.61903401e-02 1.77202858e-02
 5.05267158e-02 5.17544895e-02 1.84585527e-03 2.69513205e-03
 4.88922372e-03 2.12112442e-03 5.18336892e-05 5.77913597e-03
 1.32022705e+01 1.53808028e-01 1.13158301e-03 5.09537756e-03
 4.51447442e-03 7.74823502e-03 4.68117371e-03 1.69623643e-03
 1.07676536e-03 2.16880426e-01 3.25774439e-02 1.49601251e-02
 2.70787627e-03 2.42997706e-03 9.50634480e-04 5.70005536e-01
 4.42252345e-02 2.60427594e-02 2.63836123e-02 3.80072668e-02
 1.82945281e-03 6.35211542e-03 7.93157890e-03 4.11683694e-03
 3.84274870e-04 1.96079165e-03 9.33522731e-03 6.60184771e-04
 5.09299338e-04 1.12375990e-03 1.49630383e-03 4.02752310e-04
 9.41783190e-04 9.99309123e-04 1.30701065e-02 7.07030669e-03
 8.73738408e-01 3.06065381e-03 1.05921365e-02 9.68455076e-02
 1.34212539e-01 7.72533566e-03 4.64548856e-01 3.45140696e-03
 1.72258653e-02 7.12312758e-04 4.78079654e-02 2.39391044e-01
 2.23085769e-02 1.58426538e-02 1.88788548e-02 4.12938744e-03
 8.11964273e-04 8.40142369e-03 3.09075005e-02 4.96904659e+00
 4.36045229e-04 2.12642923e-03 2.09642202e-03 2.95758620e-03
 2.06695870e-03 2.51045376e-02 7.20180571e-04 5.96195459e-04
 6.50772825e-03 4.94502574e-01 2.23830342e-02 2.09107995e-03
 2.21863762e-03 7.06363469e-04 4.45440784e-03 5.47245145e-05
 2.26316936e-02 2.56844833e-02 3.14668566e-03 1.19847608e+00
 9.03465152e-02 2.00513750e-03 1.24034472e-02 4.72310930e-04
 5.14414907e-03 1.64281465e-02 6.22272864e-03 4.53631952e-02
 1.06371951e+00 8.67092982e-03 1.59818679e-03 6.12176955e-04
 6.36626035e-04 3.15180421e-03 1.35237351e-03 1.04501843e-02
 2.36824639e-02 2.59132385e-02 4.61477786e-04 1.33501776e-02
 2.42221504e-02 5.53883612e-03 9.45413485e-03 3.16347182e-03
 1.59359723e-03 7.86259770e-04 2.13973597e-03 3.50847840e-05
 9.36664641e-04 1.48877203e-02 1.23709396e-01 9.30607691e-03
 3.73188294e-02 2.20220163e-02 9.62267399e-01 9.44761187e-03
 3.01748514e-06 6.36219978e-04 2.93541700e-04 7.05344558e-01
 1.17249042e-03 2.30351090e-03 7.85369426e-04 5.73802710e-01
 2.56914645e-04 2.77596712e-02 1.01987123e-02 2.21434981e-03
 8.85952264e-04 5.02705574e-04 6.71297312e-04 1.59144163e+00
 6.46028668e-04 1.08432956e-02 4.74413075e-02 1.87281519e-04
 7.42588192e-04 2.09818155e-01 6.02839112e-01 4.17132452e-02
 1.85538203e-01 9.58938152e-03 8.22333246e-03 8.44854265e-02],0.40148106,[1.29236914e-02 5.15409745e-02 1.86034516e-02 1.48458965e-02
 3.03512886e-02 2.98187025e-02 3.13312896e-02 3.17844637e-02
 1.90811306e-02 1.14966035e-02 3.07189710e-02 1.17603615e-02
 3.24280560e-02 2.94359326e-02 1.14372447e-02 1.57644190e-02
 1.33130141e-02 3.36823612e-02 3.30091715e-02 3.22984755e-02
 4.07208949e-02 1.70215406e-02 5.97779304e-02 4.24284488e-02
 1.54912591e-01 1.47002973e-02 2.84975842e-02 5.96381962e-01
 5.92250377e-03 3.68788838e-02 1.76871195e-02 3.61307338e-02
 2.79244520e-02 2.61431485e-02 1.39825530e-02 1.28997639e-02
 1.35480464e-02 3.51296961e-02 1.47420079e-01 4.44150716e-02
 5.36794998e-02 1.36499293e-02 3.21749598e-02 1.61379762e-02
 1.26657262e-02 1.62979141e-02 1.55009598e-01 1.19927078e-02
 2.69291736e-02 2.40130439e-01 1.26680471e-02 3.58498096e-02
 1.49076357e-02 3.38837095e-02 2.74530202e-02 3.27638537e-02
 4.78962250e-02 3.31682041e-02 6.99223429e-02 2.74513103e-02
 8.90594721e-03 3.90347421e-01 1.03959925e-02 4.55260016e-02
 2.99347937e-02 4.11663689e-02 2.37185247e-02 2.84785815e-02
 1.10033527e-02 1.12343617e-02 9.00123268e-03 6.83124736e-03
 4.61519733e-02 3.41603830e-02 2.85592861e-02 1.61230564e-02
 3.25724259e-02 3.61271054e-02 2.83792615e-02 1.94297172e-02
 5.42023964e-02 1.43069960e-02 2.50490010e-02 4.27900076e+00
 2.81012654e-02 3.19723040e-02 7.71608233e-01 1.01358071e-02
 2.78897434e-02 5.26339561e-02 3.00719351e-01 1.93008073e-02
 1.67783871e-02 9.71490145e-03 3.14648449e-02 9.81051475e-03
 3.80927362e-02 2.69442946e-02 1.23535581e-02 1.11936629e-02
 3.08997817e-02 3.65487337e-02 3.22144516e-02 4.49394323e-02
 9.05855000e-03 2.97130495e-02 1.55643255e-01 1.52052380e-02
 6.71569407e-02 2.15718299e-02 3.06579657e-02 5.12613207e-02
 3.12109925e-02 3.88284326e-02 8.39999318e-03 1.29151344e-02
 7.16853180e+01 2.62995481e-01 2.87928917e-02 1.95113793e-02
 7.08108544e-02 1.20144039e-02 4.48149219e-02 1.09288245e-02
 3.88489105e-02 9.12133992e-01 6.43230975e-02 7.83480704e-03
 3.46055664e-02 3.21182646e-02 1.46138966e-02 4.15205419e-01
 4.10787500e-02 2.60724604e-01 2.99227610e-02 4.36735041e-02
 2.42321640e-02 3.36414725e-02 7.34961927e-02 1.04978234e-02
 1.69497132e-02 3.29742804e-02 3.73283178e-02 9.49049741e-03
 3.63097973e-02 6.20384701e-02 3.63649800e-02 3.11970152e-02
 1.29278377e-02 3.64907458e-02 3.89509797e-02 2.53548175e-02
 6.24271929e-02 9.63751227e-03 2.57942826e-02 1.53770402e-01
 3.00819874e-02 3.03736366e-02 2.87458897e-02 3.18790227e-02
 2.19898261e-02 3.05884853e-02 2.35719338e-01 7.75665581e-01
 6.45993650e-02 7.12585822e-02 3.66902724e-03 3.70596983e-02
 3.00056227e-02 4.21808735e-02 1.03487708e-02 2.02255416e+00
 1.75023712e-02 2.00255401e-02 3.48910727e-02 3.38173099e-02
 3.19754370e-02 3.88398767e-02 2.33774334e-02 1.79327801e-02
 1.31195560e-02 3.05034220e-02 9.84704643e-02 7.29295760e-02
 3.37293334e-02 1.22672655e-02 3.60396393e-02 4.07239981e-02
 2.19851136e-02 1.52838565e-02 3.36225964e-02 2.48288214e-02
 1.87131584e-01 1.55832805e-02 2.84913927e-02 2.93408185e-02
 2.24128366e-02 4.13126498e-02 3.16909030e-02 2.34249979e-01
 2.73083001e-02 3.08431424e-02 2.90655270e-02 3.99627835e-02
 1.36477686e-02 3.38497050e-02 3.43012251e-02 1.81442052e-02
 7.89929181e-03 5.32669574e-03 1.03687420e-02 3.11261788e-02
 1.29901804e-02 5.06220162e-02 1.74911506e-02 3.61377373e-02
 2.52665021e-02 2.35643163e-02 1.53214671e-02 2.94609554e-02
 4.02082987e-02 2.07909383e-02 1.46958604e-03 4.04685177e-02
 6.77704886e-02 1.14142671e-02 3.77830043e-02 4.46148068e-02
 3.30297239e-02 1.97013989e-02 8.45797360e-03 2.82547846e-02
 1.28446221e-02 3.53530049e-02 3.15595418e-02 1.15324408e-02
 4.18572798e-02 1.57096684e-02 3.51532176e-02 3.71571854e-02
 1.50327757e-02 1.19606033e-02 3.45173180e-02 2.22753674e-01
 9.54193249e-03 1.48282647e-02 4.73409891e-02 3.33139449e-02
 1.29173175e-02 4.31249328e-02 5.46957888e-02 2.78675556e-02
 1.16112977e-02 1.23119503e-02 5.64720966e-02 2.31763870e-01],-979.78125,-1011.4038,-1065.5552,0.999984,1.0116842,0.9766076,0.92555594,47.27182,-61.601006,447.7505,1012.42737,1.5802441,0.28760362,0.14581628,-1007.97107,1007.97107,[2.33211380e+02 5.55466652e+01 2.94062317e+02 9.14330750e+02
 2.43873047e+03 1.07983704e+02 3.98762878e+02 2.95546703e+01
 4.29457664e+01 1.78459060e+00 7.52640442e+02 6.38711205e+01
 1.84687915e+03 8.58159180e+01 1.14137497e+01 1.30097141e+01
 3.28726685e+02 1.72450119e+02 1.11975357e+02 3.62069931e+01
 2.45112438e+01 7.07460327e+02 5.78816462e+00 1.76708603e+01
 6.58819775e+03 8.33491089e+02 8.96584570e+03 3.99096799e+00
 3.04137383e+01 3.18518921e+02 1.79997272e+01 2.08330444e+02
 2.67213898e+02 3.26669908e+00 4.26002175e-01 1.06551224e+02
 6.25742340e+01 2.48488525e+02 1.31974688e+01 4.51798535e+03
 2.74550533e+01 1.63529541e+02 4.27950531e+02 1.09770874e+02
 4.40941772e+01 4.12239777e+02 1.37855692e+01 4.37339020e+00
 3.40288963e+01 2.80017109e+04 2.84672607e+02 6.49373817e+00
 2.56864136e+02 2.97291231e+00 7.49418640e+01 2.76262299e+02
 3.90722008e+01 1.01653481e+00 6.77921753e+02 1.47518127e+02
 2.07986012e+01 1.04705688e+02 8.50598730e+03 5.03431749e+00
 4.26772969e+04 6.30008736e+01 5.80732910e+02 3.39890991e+02
 1.72619653e+00 8.90885849e+01 2.69052715e+01 3.61381531e+00
 7.36907959e+00 2.28896785e+00 1.24730995e+02 8.60535717e+00
 6.54689026e+01 9.65537338e+01 9.96090625e+03 4.62265930e+01
 3.06540039e+02 8.92901688e+01 8.56572876e+02 4.09884872e+01
 1.40180634e+02 1.48475250e+02 4.18922901e+00 8.43468666e+00
 2.72672577e+01 1.19233353e+02 1.02562573e+03 7.33762436e+01
 1.08335579e+02 5.13096189e+00 4.11850128e+01 3.23109424e+03
 1.97839985e+01 5.60036373e+00 8.48138809e+00 2.95957317e+01
 2.00329834e+02 1.82299301e+02 3.57514420e+01 2.71655369e+01
 1.00461731e+02 8.77312393e+01 6.55354553e+02 5.13887024e+02
 1.13806229e+01 3.71513510e+00 3.58007812e+01 2.47295135e+02
 5.25516357e+02 3.89792862e+01 8.65782715e+02 3.12272461e+02
 1.64917135e+00 4.51474619e+00 4.90656185e+00 9.18495865e+01
 3.92119781e+02 3.16713715e+01 1.23230553e+02 3.49979591e+01
 2.22133957e+02 2.59690033e+02 1.30440506e+02 4.51737976e+01
 1.17668045e+02 6.83434677e+01 5.17441063e+01 1.24949394e+02
 5.82046127e+01 3.75626602e+01 3.56097641e+01 1.50765015e+02
 1.06239624e+01 1.77101929e+02 6.26120850e+03 4.33175964e+01
 2.68221497e+02 8.03610352e+03 4.05534554e+00 2.21946487e+02
 3.06348495e+01 6.12493813e-01 4.50357437e+01 5.75097656e+02
 1.08066431e+03 2.46926594e+00 8.54326465e+03 1.03104492e+02
 1.66036758e+01 9.74228859e+00 1.80668396e+02 2.84540222e+02
 3.16863379e+03 9.71241226e+01 4.04935608e+01 1.55865387e+02
 2.39058304e+01 9.93604736e+01 1.17171761e+02 2.80820984e+02
 9.04095508e+03 4.46539259e+00 1.30612936e+01 1.42692551e+02
 2.81930733e+01 7.27957153e+01 1.08817244e+01 2.56559181e+01
 2.14906952e+02 3.13615332e+03 5.78357239e+02 1.31152618e+02
 8.67646912e+02 1.73364906e+01 6.18498108e+02 6.29831726e+02
 1.80661152e+04 3.85365204e+02 1.27631836e+03 1.32806087e+00
 3.16508675e+01 1.52609421e+02 3.29371582e+02 1.04608459e+02
 1.39535007e+01 1.25737450e+02 7.88027346e-01 1.71952774e+02
 5.15138321e+01 1.30717793e+01 2.40050964e+02 1.30188522e+02
 4.78725815e+01 2.97411194e+02 3.49208252e+02 3.73042908e+02
 1.29455652e+03 7.64150925e+01 1.37963086e+03 3.04732483e+02
 7.49766235e+01 1.99330872e+02 1.93716370e+02 5.39483765e+02
 7.15883255e+01 4.00123215e+01 6.75698669e+02 5.60901070e+00
 1.13142303e+02 9.14795017e+00 1.79828339e+02 3.83850403e+01
 4.32783081e+02 2.12334937e+03 4.19823837e+01 1.62586365e+02
 8.96261787e+00 1.04756177e+03 2.85561310e+02 1.02479118e+02
 1.78843355e+00 6.92139587e+01 2.07873363e+01 1.48123917e+02
 2.39289322e+02 1.60918617e+00 1.21326385e+02 1.13056177e+03
 7.49008972e+02 1.17101593e+02 6.21072435e+00 3.52826843e+01
 3.40684448e+02 6.24188652e+01 1.12608093e+03 2.30768112e+02
 1.55650818e+02 1.56780701e+02 7.19925995e+01 2.37720528e+01
 4.67302856e+01 1.82038860e+01 9.30331909e+02 1.50672714e+02
 4.87693939e+01 1.57074951e+04 2.47162762e+01 1.76760181e+03
 1.68249451e+03 4.18325462e+01 5.08270502e+00 4.30345123e+02],1430.7881,[2.91114136e+02 2.48951836e+01 1.77475861e+02 2.41185181e+03
 2.91591138e+03 1.95585770e+02 4.71611206e+02 2.04676437e+01
 4.23064995e+01 9.79450703e+00 4.73654572e+02 6.84579010e+01
 2.09833228e+03 5.25697231e+00 6.63019991e+00 2.91190567e+01
 6.13180359e+02 8.22850342e+02 1.25889404e+02 1.07502594e+02
 3.58258781e+01 1.06413037e+03 5.72643423e+00 8.03195190e+01
 7.86787842e+03 7.42614136e+02 1.13358027e+04 6.79786873e+00
 3.59106941e+01 3.85699310e+02 2.05254726e+01 9.88842316e+01
 1.39499435e+02 7.56119564e-03 2.02866673e-01 2.27507954e+01
 2.52886524e+01 4.56633728e+02 1.08511524e+01 1.17823613e+04
 2.11507988e+01 1.78854553e+02 3.24204193e+02 4.90186920e+01
 6.80284348e+01 5.59048096e+02 2.13533268e+01 3.27161121e+00
 1.16457214e+01 2.45142891e+04 3.41760315e+02 4.97295499e-01
 1.22714767e+02 6.66754055e+00 1.51973969e+02 1.93378723e+02
 8.92161484e+01 4.81978512e+00 4.79515320e+02 4.77326843e+02
 3.74906006e+01 1.09587822e+02 1.01246230e+04 4.04513817e+01
 4.71810781e+04 9.33486023e+01 1.29912146e+03 4.44368835e+02
 2.78858829e+00 2.59061188e+02 3.51887178e+00 4.23047924e+00
 6.62741327e+00 1.00030386e+00 1.86521606e+02 2.69078979e+01
 9.20929642e+01 1.59081497e+02 1.10178203e+04 6.28171425e+01
 3.21043091e+02 1.33014008e+02 1.52908630e+03 2.62944851e+01
 4.42968475e+02 4.44893303e+01 2.57895317e+01 1.11946154e+01
 2.15432949e+01 2.94204712e+02 7.05320679e+02 1.14330902e+02
 1.08739853e+02 6.36738443e+00 6.36455307e+01 2.57100635e+03
 6.26279414e-01 8.14582443e+00 1.10380096e+01 2.30974770e+01
 3.28102631e+02 2.74748840e+02 5.33688393e+01 1.08691702e+01
 2.01021709e+01 1.55618195e+02 3.21418823e+02 5.39662537e+02
 1.31314354e+01 1.06861246e+00 1.07052933e+02 2.76800903e+02
 5.47943604e+02 3.69767075e+01 2.02289734e+02 3.63456024e+02
 4.46298676e+01 5.59971619e+00 6.10601664e-01 4.71947021e+01
 3.89569305e+02 2.83039799e+01 4.48531494e+01 4.60733566e+01
 1.47591125e+02 1.27006554e+02 1.78025116e+02 8.60624008e+01
 7.34802856e+01 1.61113037e+02 8.15675430e+01 1.33464249e+02
 7.54567947e+01 1.00389729e+01 2.87708099e+02 1.66854172e+02
 6.33945084e+00 3.37799988e+02 4.69341650e+03 4.43124657e+01
 3.04380554e+02 9.18287402e+03 2.11443233e+00 2.62340454e+02
 8.08684063e+00 4.11549187e+00 1.78452972e+02 1.61543213e+03
 7.58951721e+02 1.93315697e+00 1.21148477e+04 8.35347443e+01
 1.83016949e+01 9.84600127e-01 1.72299957e+02 1.11545403e+02
 3.32750684e+03 1.24212257e+02 7.46550751e+01 2.64640594e+02
 3.14759426e+01 1.86643524e+02 7.98627625e+01 4.86610535e+02
 1.24390762e+04 2.28604336e+01 1.25424652e+01 1.42945679e+02
 4.70559657e-01 7.41870117e+01 7.94784641e+00 1.51682978e+01
 2.58559052e+02 4.13035889e+03 6.49318665e+02 2.12815445e+02
 1.31096289e+03 1.67661304e+01 1.12201282e+03 2.57647552e+02
 1.99224082e+04 1.76497482e+02 9.18630188e+02 1.28449428e+00
 2.15478916e+01 1.89476807e+02 3.15667999e+02 1.60593903e+02
 3.09571915e+01 5.68047981e+01 6.87988102e-02 1.52508102e+02
 7.56714249e+01 1.07822409e+01 3.75161255e+02 2.16017502e+02
 7.38961029e+01 2.90689880e+02 5.18418518e+02 4.43971924e+02
 2.54975488e+03 4.65387764e+01 1.72577271e+03 4.70691284e+02
 1.18729401e+01 2.12444214e+02 2.40690186e+02 1.09764038e+03
 9.86970215e+01 2.57811832e+01 1.12589124e+03 6.36076069e+00
 1.52923798e+02 1.22843342e+01 2.97457550e+02 3.46482162e+01
 6.08859619e+02 5.11758936e+03 5.07541542e+01 2.17583969e+02
 2.58865261e+00 7.15188599e+02 3.84206512e+02 9.66672516e+01
 5.99608707e+00 8.39857635e+01 1.28908901e+01 1.83815109e+02
 1.82593918e+02 1.00225002e-01 1.10253960e+02 1.52709619e+03
 7.85152283e+02 1.77571335e+02 7.22356844e+00 7.10245743e+01
 2.17989807e+02 2.21493778e+01 1.01032495e+03 1.30829041e+02
 1.78754150e+02 2.23296844e+02 1.23351688e+01 3.63784752e+01
 7.20829010e+01 5.42184753e+01 8.08895386e+02 1.70934357e+02
 3.69535942e+01 1.81999980e+04 3.63902664e+01 9.42941895e+02
 1.25213574e+03 1.51040859e+01 6.23457015e-01 2.37160492e+02],-972.954,-1010.01306,-1164.4819,1.0085325,1.1586559,0.87188256,0.92612875,0.015747535734176636,2012.2569162845612,0.125,0.125,-0.274531099457329,0.00013219105972662508,-0.27456485517158996,-0.0006094404693100858,-1.1803275265484099,25.249999999996884,0.0,125000.0,-10.0,-5000.0,500.0,7.325967073440552,125000
1011.75525,0.046076294,0.025630746,0.0031161315,-1011.4529,1011.4529,[7.03464597e-02 1.16830021e-02 2.92614102e-03 1.03915405e+01
 6.73661008e-03 6.80923834e-03 1.14132650e-02 1.27854496e-02
 2.00081058e-02 4.56897169e-03 1.06454045e-02 1.52660348e-02
 1.25473812e-02 1.68516636e-02 1.43590011e-02 1.81258954e-02
 3.89860943e-03 3.10573727e-03 3.57875600e-03 9.47371125e-04
 3.14146765e-02 3.42289358e-03 5.87633252e-03 5.84849644e+00
 1.04441829e-02 5.33081964e-03 7.03452826e+00 2.69214250e-02
 2.44914865e+00 5.14584221e-02 8.33779573e-04 2.05566771e-02
 1.05064750e+00 1.13451868e-01 5.79895452e-03 5.15909865e-03
 1.52308494e-03 1.22422129e-02 5.66700473e-03 3.07042152e-03
 8.46270919e-01 1.33500114e-01 4.23558056e-04 1.17059834e-02
 4.01087105e-03 2.59645134e-02 2.59120762e-03 1.99354440e-02
 1.46119669e-03 9.65268165e-03 1.36174262e-02 7.40789250e-03
 9.84949246e-03 7.87413120e-03 5.82567602e-03 1.81985855e-01
 1.36714354e-02 5.18668443e-04 1.04971230e-03 8.49682838e-03
 7.78291374e-03 1.91894546e-02 1.68386996e-02 4.67712060e-03
 5.26436210e-01 1.35564245e-02 4.24519014e+00 8.90019909e-03
 1.42756850e-03 7.88069144e-03 3.28553468e-03 3.62185389e-03
 5.05275279e-03 7.13259727e-03 1.58347189e-02 2.01185420e-03
 7.09567881e+00 2.37351209e-02 8.17305222e-03 3.12853605e-04
 2.08564475e-03 1.51588097e-02 2.15569511e-03 1.05508387e-01
 2.19284371e-02 2.39495188e-03 1.58200338e-02 1.79599673e-02
 2.86457874e-02 5.67052513e-03 1.80593506e-03 1.09866261e-01
 1.53626241e-02 1.56651475e-02 1.79410353e-03 2.22571567e-03
 3.03265825e-03 6.99988008e-03 4.09782678e-03 1.59315348e-01
 1.79188108e+00 1.79514599e+00 4.97400761e-05 2.37584859e-03
 1.32425614e-02 7.44632259e-03 2.95435265e-03 1.53473154e-01
 3.00593674e-04 1.19007975e-02 1.31300464e-03 1.76136233e-02
 8.61528888e-03 1.17654391e-02 4.21740487e-03 1.30316615e+00
 6.32363558e-03 1.20193064e-02 2.90768221e-03 5.69518283e-03
 1.03623641e+00 2.25791410e-02 2.22683325e-02 7.70665705e-04
 1.20766461e-03 2.06536427e-02 9.67621803e-02 1.32687874e-02
 5.76662636e+00 2.38217413e-03 1.53915957e-01 3.52749974e-03
 1.70608237e-03 2.47476175e-02 7.63918608e-02 8.85529816e-03
 8.95157456e-03 2.23610550e-04 1.27796352e-01 6.25656918e-03
 9.25709307e-03 2.20276415e-03 7.31245428e-03 1.86178875e+00
 6.67447224e-03 5.59957698e-03 1.05947442e-02 5.33643067e-02
 2.14992929e+00 3.35626006e+00 6.57935813e-03 2.83079207e-01
 1.71880461e-02 5.42522408e-02 4.41342741e-02 2.88874656e-03
 5.10916486e-03 4.63787466e-03 5.65126538e-03 4.13050130e-03
 8.16136599e-03 2.36821920e-03 1.96760035e+00 8.10423493e-03
 4.84675914e-03 2.36504711e-02 1.03919074e-01 9.59855616e-01
 2.78834254e-04 5.37815690e-03 5.36969677e-02 2.13568844e-02
 1.38375536e-03 4.02899459e-03 1.53835490e-03 1.24297291e-03
 6.32265583e-03 1.48387142e-02 1.04916036e-01 6.28604367e-03
 3.18545628e+00 1.05775893e-03 1.70449376e+00 9.07422975e-03
 3.18203121e-04 5.24120405e-03 6.25921637e-02 1.91843659e-01
 2.50473991e-03 3.10528018e-02 1.67725421e-02 3.13139707e-03
 8.17735866e-03 2.01147985e+00 1.02770701e-02 1.29333027e-02
 4.21004370e-03 5.96988574e-03 1.09417409e-01 2.67632306e-04
 2.95345783e-02 6.37400523e-03 7.65675157e-02 6.24621287e-03
 2.09957696e-02 3.73366848e-03 5.46442345e-03 7.43300468e-03
 2.29896978e-03 4.67268005e-03 5.70936501e-03 2.91246921e-04
 1.88734680e-02 4.31339359e+00 1.83467753e-02 1.80895217e-02
 7.57910311e-03 1.55341178e-02 4.80105355e-03 3.44307721e-02
 1.96196809e-02 4.93837893e-03 7.87888616e-02 6.62649423e-03
 4.13951650e-03 3.03411819e-02 6.40499496e+00 1.63152814e-03
 3.13717015e-02 9.79323685e-01 2.47107819e-03 2.70587578e-03
 1.16723068e-02 3.81091125e-02 1.66061856e-02 1.20229758e-02
 4.57004085e-03 6.03415258e-02 4.44311649e-04 5.10675088e-03
 1.09530874e-02 5.72688878e-03 2.57870331e-02 1.83943585e-02
 3.19118649e-02 8.92161131e-02 2.44069584e-02 1.30134113e-02
 1.39561445e-02 9.66842771e-01 5.67530468e-03 7.25336745e-03
 2.99491361e-03 1.86480546e+00 3.20710242e-03 1.26230621e+01],0.27669203,[2.88631976e-01 8.05479735e-02 8.23371485e-03 7.89692020e+00
 4.94462624e-03 6.03562780e-02 5.99924512e-02 3.39589268e-03
 6.86403066e-02 6.51701167e-03 4.40258868e-02 8.68679583e-03
 5.92182949e-03 3.96244712e-02 4.89074364e-03 8.92710835e-02
 8.39856640e-03 1.56434961e-02 3.79730016e-03 5.88372350e-03
 1.11404836e-01 5.25193289e-03 4.42174077e-03 5.03316894e-03
 6.42359704e-02 1.83996893e-02 9.36703756e-03 7.72147551e-02
 6.90307170e-02 1.73682988e-01 5.52522019e-03 7.45767727e-03
 7.15476573e-02 2.57772386e-01 2.04161890e-02 8.86024907e-03
 8.12264159e-03 1.19361319e-02 1.30428746e-02 2.06951052e-03
 1.54069439e-02 6.54274523e-02 5.51450625e-03 7.25342780e-02
 1.66667439e-02 9.23525840e-02 3.04648653e-03 6.66971654e-02
 5.39414957e-02 1.03620775e-02 1.09000988e-02 6.36097938e-02
 5.31346537e-02 7.17497617e-03 1.32864155e-02 7.22452253e-02
 8.38217884e-03 1.89363956e-03 7.18975440e-03 1.36984624e-02
 7.31767565e-02 7.28914514e-02 7.40666538e-02 8.69367272e-03
 4.78647888e-01 9.12750512e-03 2.52119638e-02 5.71565703e-02
 1.47479661e-02 3.12231556e-02 1.65921822e-02 1.34649910e-02
 6.52356595e-02 3.77463177e-03 9.91143733e-02 1.40466243e-02
 2.25004005e+00 1.19446471e-01 1.67534538e-02 7.12729990e-03
 1.29157603e-02 9.76570845e-02 6.05084971e-02 1.75717957e-02
 1.05784774e-01 2.35077478e-02 6.51041865e-02 9.48413908e-02
 6.59980252e-03 8.37484375e-03 9.92763415e-03 1.94055215e-02
 5.46732731e-02 6.63207620e-02 5.56035712e-03 5.71990386e-03
 7.35305622e-03 5.67087419e-02 1.24400891e-02 5.00530973e-02
 9.39198732e-02 1.14224124e+00 5.30365855e-02 1.20214894e-02
 1.19400173e-02 1.35260299e-02 8.58593360e-03 6.51781559e-02
 4.04897481e-02 5.85777499e-02 2.28985846e-02 1.26017720e-01
 5.31816855e-03 3.27276066e-03 3.43704596e-03 1.13907456e-02
 1.96228325e-02 7.60574043e-02 5.26989996e-03 2.74565816e-03
 1.00326329e-01 8.16356689e-02 9.60797369e-02 2.71577388e-03
 2.72983685e-03 7.00142384e-02 2.09783651e-02 7.88280740e-03
 4.61236387e-03 1.28965676e-02 3.81714478e-02 1.91504844e-02
 3.74396518e-03 8.77307802e-02 2.68668294e-01 4.96622063e-02
 9.44741443e-03 4.26283851e-03 5.77116758e-03 1.12927891e-02
 8.12825933e-03 1.73612982e-02 6.66825473e-02 4.35048230e-02
 8.14828649e-03 1.36110969e-02 5.94866425e-02 5.74655831e-03
 6.59509003e-02 5.62149286e-01 9.34460759e-03 1.05152801e-01
 8.82943422e-02 1.50845386e-02 1.27553493e-02 7.55179673e-03
 2.18273178e-02 3.31977382e-03 1.47152729e-02 2.55944915e-02
 1.31648518e-02 4.91354540e-02 1.20784529e-02 7.75620714e-03
 5.23831323e-03 1.00491919e-01 8.71872902e-03 1.24118961e-02
 3.28605212e-02 1.62806064e-02 5.95567003e-03 3.27020884e-04
 3.35620716e-03 2.78240815e-03 4.69956137e-02 4.97050583e-02
 7.05238879e-02 2.44714320e-03 4.75238636e-03 4.74721566e-03
 3.25462770e+00 9.21099260e-03 1.08059317e-01 5.07176295e-03
 4.77192439e-02 4.95184213e-03 1.36356878e+00 5.77384904e-02
 5.00894338e-03 1.12182483e-01 1.91145018e-03 1.33378059e-03
 6.01983666e-02 9.08892304e-02 6.47982061e-02 8.93123895e-02
 2.20463462e-02 9.48331133e-03 5.98467924e-02 3.94076854e-02
 1.49717048e-01 1.48659721e-02 1.24147087e-02 6.34409487e-03
 1.05082154e-01 5.52598014e-03 3.59932333e-03 1.86516084e-02
 6.50683418e-03 6.99305907e-03 7.61969388e-03 7.36230984e-03
 9.86842215e-02 1.77750625e-02 9.71315801e-02 5.00734523e-03
 1.26767531e-02 7.17788935e-03 5.81677631e-03 9.11716521e-02
 8.87366384e-02 3.85792926e-03 9.54395682e-02 5.25838509e-03
 7.97871500e-03 8.53478089e-02 1.05878897e-02 6.22183457e-03
 1.48151666e-02 1.09652907e-01 9.15890932e-03 2.36066058e-03
 3.02448869e-03 1.11052781e-01 6.98971897e-02 1.62326284e-02
 2.14298368e-02 1.24857761e-02 1.82491541e-02 2.51756981e-03
 5.88552095e-02 6.87034801e-03 7.98039809e-02 9.24489498e-02
 1.27911493e-01 5.14376909e-02 1.07263580e-01 4.53452952e-02
 6.28877431e-02 3.48547995e-02 6.67491928e-03 7.94088840e-03
 3.27656902e-02 7.63537362e-03 4.45190445e-03 4.77636233e-03],-974.4264,-1013.2647,-1210.4894,0.99985176,1.044642,0.98991567,0.9255457,17.304497,-12.731113,131.70753,1018.9171,1.4130381,0.24115463,0.15016463,-1015.0925,1015.0925,[6.45333862e+01 5.24468470e+00 1.18664597e+02 5.88649536e+02
 3.05067635e+01 1.23749626e+02 2.37432137e+01 1.43139053e+02
 1.07916603e+02 4.10247192e+01 1.56250067e+01 4.49829292e+00
 7.03346497e+02 7.20801367e+03 3.13404922e+01 7.10664062e+01
 1.19011665e+02 1.89571590e+01 5.30853699e+02 1.54748130e+00
 2.09980698e+01 6.77474856e-01 5.42050391e+03 2.34347992e+01
 4.68325653e+01 8.73730183e+00 1.12419188e+00 5.66848755e+01
 9.00702715e-01 8.90243262e+03 1.42037325e+01 2.43954849e+02
 1.55231201e+02 3.67966003e+01 1.10884814e+03 5.14572334e+01
 1.05498753e+01 4.42337990e+00 1.94184341e+01 1.96440857e+02
 8.14898529e+01 2.47634521e+02 3.96539764e+01 5.38676529e+01
 1.55099809e-01 1.14055115e+02 5.65651306e+02 4.28118172e+01
 3.14873409e+01 4.23140259e+01 1.63169052e+02 9.02621269e+00
 4.69488106e+01 1.69316025e+02 2.19556534e+02 1.76593339e+00
 5.76889648e+01 6.57237671e+02 4.53828796e+02 1.01792451e+04
 2.36873230e+02 1.35469856e+01 5.24800537e+02 2.25490448e+02
 2.26105523e+00 1.31990021e+02 4.74053726e+01 7.19733337e+02
 3.59879112e+00 1.02373260e+02 1.50616760e+02 4.57395111e+02
 2.33126099e+02 1.01754837e+02 3.05092651e+02 3.14270630e+01
 7.93813782e+01 1.87909663e+00 2.00564758e+02 2.58100903e+03
 1.17484717e+03 6.42156067e+01 2.48347748e+02 6.52034988e+01
 1.76045036e+01 6.09619904e+00 5.89794693e+01 1.93811798e+01
 1.43376377e+04 1.58912033e+02 4.44033127e+01 1.57529089e+03
 5.33922043e+01 1.08215576e+03 1.94863167e+01 3.83021622e+01
 8.97408447e+02 1.05657422e+03 1.47225342e+03 2.60221680e+02
 7.35230637e+01 1.43442974e+01 2.96514465e+02 6.96906982e+02
 6.73988953e+01 5.11728943e+02 2.13114410e+02 5.60568115e+02
 3.44690971e+01 4.68722461e+03 1.62828751e+01 1.06350088e+01
 2.14076904e+02 3.75453674e+02 9.08993454e+01 1.54804459e+02
 3.31205688e+02 6.78483963e+00 2.38742123e+01 4.36702042e+01
 1.68702930e+03 1.20200159e+03 1.56119061e+01 1.05446887e+03
 8.77061646e+02 3.42661743e+01 3.06747665e+01 1.55309479e+02
 7.52068138e+00 4.07408638e+01 2.22189682e+02 1.26651402e+01
 3.88250427e+01 3.51071143e+03 1.75526123e+01 6.23896599e+01
 4.79597206e+01 9.69134331e+00 5.08203430e+01 3.59180069e+01
 1.83201721e+02 3.15219259e+00 1.07800793e+03 2.75094433e+01
 4.09894791e+01 1.02245779e+01 2.01697656e+04 7.10588694e+00
 2.93692741e+01 2.44237396e+02 9.30002136e+01 1.34845953e+01
 4.88557854e+01 2.97438995e+02 3.49416494e+00 2.85918304e+02
 1.85666695e+01 9.20652405e+02 2.77339535e+01 1.80128174e+02
 1.71270828e+01 6.74656105e+00 1.19641248e+03 2.09167786e+01
 4.76526096e-02 1.36452939e+04 1.02278702e+02 1.81309119e+03
 3.03150757e+03 1.49539261e+02 6.93679199e+02 8.72200391e+03
 7.24640656e+01 1.46126755e+02 2.13086865e+03 9.42982101e+00
 1.43196790e+03 4.28453159e+00 4.43676056e+02 4.66749365e+03
 4.60782373e+03 5.56714516e+01 1.61599521e+04 1.10663166e+01
 6.58801422e+01 1.67034016e+01 2.23001636e+03 9.62552338e+01
 2.37431665e+03 1.01442080e+01 5.54917932e-01 3.82000183e+02
 8.46022705e+02 4.69931671e+02 4.96637764e+01 1.72901184e+02
 2.09499481e+02 1.92422266e+04 1.52701845e+01 6.58624725e+01
 2.03465881e+02 7.84787130e+00 6.07405243e+01 1.69093582e+02
 4.13219986e+01 1.74178535e+04 2.64685326e+01 1.01268013e+02
 3.04051941e+02 1.39896561e+02 6.31708740e+02 4.25673904e+01
 7.72434540e+01 6.29269348e+02 5.52839279e+01 1.26999475e+03
 1.16679697e+01 4.12645578e+00 8.70213965e+03 2.25911140e+01
 2.58812447e+01 3.47897522e+02 7.75263290e+01 4.37799873e+01
 1.29583669e+00 7.10962036e+02 3.10046082e+02 3.16502094e+01
 1.75796722e+02 6.60483154e+02 1.18132111e+02 4.62630157e+01
 3.06987109e+03 1.09419197e+02 1.81494476e+02 4.86617859e+02
 3.56838684e+01 6.97083008e+02 4.13569824e+03 1.55805206e+02
 1.40638847e+01 6.53675903e+02 1.94791122e+02 1.04524040e+02
 1.24893723e+01 9.31245728e+01 1.81557541e+02 6.91093826e+00
 3.59103912e+02 3.11265839e+02 4.75552979e+03 3.10981312e+01
 1.21727188e+02 3.40952339e+01 6.16839333e+01 2.91412663e+00],1553.4865,[4.45115776e+01 6.92332935e+00 8.22891312e+01 6.39901245e+02
 9.01069641e+01 1.43940796e+02 3.08888931e+01 1.99192627e+02
 2.02469666e+02 4.64587364e+01 9.75861435e+01 5.36499939e+01
 1.36917371e+03 7.99584033e+03 2.97720146e+01 8.67028122e+01
 7.58971176e+01 1.16402273e+01 6.92589783e+02 5.04235649e+01
 5.78105593e+00 9.93923378e+00 5.49191260e+03 3.61995888e+01
 6.79728088e+01 9.15153265e-01 3.50565648e+00 6.74458618e+01
 1.67778087e+00 1.02788105e+04 2.34238777e+01 4.73745117e+02
 2.24791351e+02 4.98171997e+00 1.40665930e+03 1.95551128e+01
 1.20050774e+01 6.87757444e+00 1.22498026e+01 1.35683823e+02
 1.77958054e+02 3.47428040e+02 1.75602131e+01 6.02048035e+01
 2.47874928e+00 4.72323799e+00 6.75094421e+02 4.38629913e+01
 3.04776897e+01 6.13718605e+00 6.18589294e+02 6.41402531e+00
 4.23510475e+01 2.60280548e+02 1.61150909e+02 8.98614407e+00
 4.43266907e+01 2.26352246e+03 1.00493860e+03 9.47786914e+03
 3.50917389e+02 3.08573380e+01 6.31919189e+02 7.24510132e+02
 1.88747621e+00 2.52360096e+01 5.55587244e+00 8.03409607e+02
 3.18491192e+01 2.64664398e+02 1.76991165e+02 4.17645935e+02
 5.40789124e+02 1.62864258e+02 1.35010620e+02 1.31067276e+02
 2.64138985e+01 3.81660485e+00 2.23624237e+02 1.77881128e+03
 1.91353687e+03 8.20398102e+01 5.85025513e+02 1.08176811e+02
 4.42352448e+01 1.07453175e+01 1.17169075e+02 1.94740829e+01
 1.95451074e+04 8.90817871e+01 1.79758339e+01 2.77994604e+03
 4.76099701e+01 1.19385266e+03 6.67905579e+01 3.02380714e+01
 9.30625122e+02 1.40981262e+03 9.40440125e+02 1.40581299e+02
 3.50690575e+01 9.91728401e+00 2.47227539e+02 1.18219116e+03
 1.10419922e+02 5.53719482e+02 2.85402100e+02 1.05327429e+03
 1.81752453e+01 5.88158008e+03 2.87284832e+01 2.07820339e+01
 9.18021622e+01 4.05280426e+02 5.86238518e+01 7.94700851e+01
 3.57557861e+02 5.37612200e+00 3.88536682e+01 7.20136414e+01
 1.04462024e+03 2.23694751e+03 1.02874565e+01 7.63338562e+02
 1.73027563e+03 1.96565418e+01 1.42848328e+02 1.87568573e+02
 7.90134583e+01 2.32333832e+01 3.18338043e+02 2.56073074e+01
 2.66532822e+01 3.18133618e+03 4.75924988e+01 4.39110413e+01
 1.37602631e+02 7.64907503e+00 3.27289963e+01 5.84444618e+00
 1.82600479e+02 3.01099586e+00 9.28105896e+02 5.11739006e+01
 5.37622681e+01 1.74988480e+01 2.33066191e+04 3.73298767e+02
 4.94993210e+00 2.15049774e+02 6.02050781e+01 1.28001947e+01
 1.61568394e+01 2.83725677e+02 2.39454770e+00 3.91854279e+02
 1.12532177e+01 2.84921606e+03 5.99069748e+01 8.61975861e+01
 3.44263306e+01 1.02955942e+01 1.33897009e+03 9.23672485e+00
 2.56817455e+01 1.72245391e+04 4.44847198e+02 3.66328296e+03
 3.29598804e+03 1.16732330e+02 8.75774902e+02 9.99972852e+03
 1.92664734e+02 8.59964752e+01 3.03314673e+03 1.02437572e+01
 2.06735107e+03 3.95395699e+01 1.30593848e+03 5.04811621e+03
 5.56982471e+03 1.49525604e+02 2.76375215e+04 1.24396915e+01
 6.77847910e+00 2.48455944e+01 2.22450854e+03 2.65541626e+02
 2.83754736e+03 7.59904146e+00 8.02076638e-01 2.98292969e+02
 6.13810730e+02 2.35952545e+02 8.40757294e+01 2.59824463e+02
 2.28815826e+02 2.40955859e+04 3.15427113e+01 2.72004318e+01
 1.79426117e+02 1.98982544e+01 1.44368706e+01 2.00620087e+02
 1.46983002e+02 2.97015039e+04 3.31806922e+00 9.06101913e+01
 2.90947327e+02 1.34445465e+02 3.03383057e+02 2.56497536e+01
 1.80972350e+00 9.26487976e+02 5.40324326e+01 1.47295996e+03
 5.61694479e+00 6.21976519e+00 2.79909644e+03 2.55735016e+01
 4.43682709e+01 4.48166199e+02 3.98731041e+01 2.21575610e+03
 1.04655480e+00 3.55898743e+02 3.51122070e+02 3.06052551e+01
 1.89819672e+02 8.89909485e+02 8.45423813e+01 5.36977463e+01
 5.95586182e+03 2.03933167e+02 1.34857513e+02 4.91734497e+02
 8.89322128e+01 1.08745325e+03 2.91200977e+03 3.99990906e+02
 9.01249123e+00 8.49510376e+02 1.22303879e+02 8.63362656e+01
 1.28876600e+01 1.88685120e+02 1.83923874e+02 1.12888956e+01
 5.50292236e+02 7.06651794e+02 7.48649121e+03 4.07882118e+00
 1.32184341e+02 4.63079910e+01 1.46433441e+02 5.46313715e+00],-974.0477,-1018.5488,-1182.5835,1.0089476,1.186825,0.81837636,0.9261286,0.014877297782897949,2384.1893751621246,0.125,0.125,0.07421145879156564,1.4947422836238644e-14,0.07421145879156564,1.6818181977899333e-14,0.3577772008338068,25.249999999996884,0.0,150000.0,-10.0,-5000.0,500.0,7.542123317718506,150000
1011.0587,0.043860167,0.015980601,0.0027647296,-1010.85504,1010.85504,[1.25081658e-01 6.18942454e-03 7.41117120e-01 1.44950934e-02
 1.18117020e-01 4.58632112e-02 1.90757886e-02 1.45912766e-02
 1.82363763e-02 5.32813743e-02 3.80069762e-02 1.49964727e-02
 4.70951945e-02 2.52512284e-02 1.30605131e-01 6.64302409e-02
 1.70853093e-01 2.57511772e-02 1.00942329e-02 1.93916038e-02
 2.22972780e-02 1.82376988e-02 2.40533985e-02 4.42806631e-04
 5.50293215e-02 6.10019639e-03 1.99261680e-02 1.24212392e-02
 8.87973607e-03 3.69876698e-02 1.31378323e-03 4.45771813e-02
 4.31810655e-02 7.79751688e-04 2.37644650e-02 9.78663638e-02
 1.31574273e-02 3.76745611e-02 3.91179696e-03 5.42142875e-02
 1.27574348e+00 2.46236101e-02 1.38734654e-02 3.56072560e-02
 7.00289756e-03 3.59884873e-02 3.46160680e-02 1.39381364e-03
 3.50133926e-02 3.03876586e-02 8.28225464e-02 3.50770094e-02
 1.40330330e-01 1.87515095e-02 8.48302618e-03 2.84116603e-02
 1.19466074e-02 6.07138462e-02 1.16607249e-01 4.86061350e-02
 1.36691853e-01 2.49926932e-02 2.70250320e+00 3.65431905e-02
 1.41023174e-01 1.30641744e-01 1.35326862e-01 3.66264023e-02
 1.65693417e-01 2.18540430e-02 6.35906756e-02 5.58879115e-02
 4.83098328e-02 1.09977737e-01 2.26914957e-02 2.57901028e-02
 3.04999091e-02 2.20923826e-01 1.73958093e-02 4.25709970e-02
 9.69427299e+00 3.42605412e-02 2.48439685e-02 5.63346781e-02
 1.84126422e-01 2.76576616e-02 9.24660444e-01 9.38959420e-05
 3.39400955e-02 5.47318757e-02 4.59603556e-02 8.16378742e-03
 2.12927349e-02 5.23972884e-03 2.20495202e-02 1.06581636e-02
 5.35951927e-03 4.31209952e-02 2.29752250e-02 8.65578651e-03
 1.32331625e-02 1.90553702e-02 3.75276178e-01 8.97801667e-02
 9.23607126e-03 9.86399129e-03 2.98596710e-01 7.61123002e-02
 4.67149019e-02 5.95804602e-02 2.79418379e-02 1.69544131e-01
 5.70829585e-03 7.26672649e-01 1.73156336e-02 2.80331150e-02
 1.92321911e-02 1.27414055e-02 3.18216756e-02 1.11205727e-02
 5.38054146e-02 1.85898691e-02 6.66761771e-02 1.44273825e-02
 7.54667819e-02 7.34138936e-02 1.72912270e-01 8.93997028e-03
 9.70060825e-02 2.67777592e-03 9.42441225e-02 3.97388041e-02
 7.45697170e-02 3.89767475e-02 2.43673064e-02 4.04831842e-02
 1.51893869e-01 3.27611454e-02 1.17776282e-02 3.87225188e-02
 2.45204568e-03 7.59402066e-02 2.90275551e-02 2.58279480e-02
 2.89453939e-03 6.69256225e-03 3.66841292e+00 8.59459043e-01
 1.78650953e-02 1.59682333e-02 3.25787552e-02 2.07886286e-02
 3.66205350e-02 1.27470493e-03 1.24178529e-01 3.25160660e-02
 1.74054392e-02 1.56489201e-02 4.82431985e-02 3.02306451e-02
 4.46238816e-02 3.44621316e-02 2.36886926e-02 4.90595773e-03
 1.84376128e-02 3.14665623e-02 2.06096545e-02 4.83722270e-01
 1.98653974e-02 3.54743972e-02 1.48523599e-04 2.05444232e-01
 1.17262065e-01 2.66774774e+00 2.65267640e-02 7.13746697e-02
 8.02174211e-03 9.33516771e-03 1.34951808e-02 2.01148540e-02
 1.37491710e-02 7.29422569e-01 2.45094933e-02 1.20724738e-03
 5.62782288e-02 1.97769292e-02 1.84927955e-02 6.98592424e-01
 2.80358829e-02 4.04221006e-02 1.64196827e-02 1.18941367e-02
 3.42295505e-02 3.33127752e-03 1.98021531e-03 1.85459867e-01
 1.28638037e-02 1.71522951e+00 1.37025490e-03 1.51262321e-02
 3.23163904e-02 1.57391876e-01 8.44657570e-02 1.43317595e-01
 2.30160095e-02 1.54286832e-01 4.98442426e-02 5.45099497e-01
 4.33022290e-01 2.87421532e-02 1.51728377e-01 2.61785462e-02
 2.26186812e-02 2.89963521e-02 4.44604494e-02 8.74030441e-02
 3.49691287e-02 6.07875362e-03 1.66589655e-02 1.79661065e-02
 3.01683322e-02 6.96844235e-02 5.72408617e-01 1.92952454e-02
 4.76002246e-02 2.02748641e-01 4.01705392e-02 5.97720034e-02
 3.32780369e-02 2.47377045e-02 2.73996368e-02 3.81667912e-03
 2.70354301e-02 2.11600810e-02 8.27087462e-02 6.19958378e-02
 3.91176380e-02 2.82214619e-02 1.62229314e-02 3.04802954e-01
 4.05928232e-02 5.06512895e-02 1.23382546e-02 4.07042243e-02
 5.36620140e-01 4.96611930e-02 6.05698302e-03 1.75487138e-02
 3.14281657e-02 5.50894737e-01 4.49702644e+00 4.29140404e-03
 4.81321998e-02 5.19562066e-02 3.84598523e-02 1.47558637e-02],0.119768254,[8.70961696e-03 1.74115971e-03 6.04425743e-03 6.21080399e-03
 5.27301431e-03 7.15831295e-03 1.64967775e-03 6.24464825e-03
 3.52466479e-03 5.26475906e-03 1.06722116e-03 2.38075852e-04
 1.27927437e-02 5.91832772e-03 3.63664702e-03 1.89362913e-02
 7.87786394e-03 1.83542259e-02 2.65745074e-03 5.82428277e-03
 8.06916505e-04 3.38592008e-03 8.13174993e-04 4.17018309e-03
 1.87477656e-02 4.57111374e-03 1.41946226e-02 7.38414004e-03
 3.07428278e-02 5.80940396e-03 4.19711545e-02 2.74409354e-03
 3.62182036e-03 1.24371350e-02 1.89132988e-03 2.97220424e-03
 4.09632921e-03 1.18836462e-02 3.18931416e-03 1.42885000e-03
 2.93264627e-01 5.02560288e-03 1.89403445e-03 6.63504377e-03
 3.57890502e-03 3.46811116e-03 7.71684200e-03 2.86436453e-03
 1.16444007e-02 4.44198027e-03 9.14691761e-03 6.83426857e-03
 4.69701365e-03 6.04977086e-03 1.12349167e-03 6.03053719e-03
 4.35669720e-03 3.91164795e-03 6.05135038e-03 8.28064978e-03
 3.20158042e-02 1.43575110e-02 2.27651998e-01 5.75602800e-03
 4.76639345e-03 6.05601817e-03 3.14686447e-03 6.31066039e-03
 1.17526203e-02 5.08511439e-03 1.46076269e-02 3.83243337e-02
 3.43247131e-03 2.31835991e-03 1.26389004e-02 1.59338117e-03
 1.22325495e-03 3.65045667e-02 8.47727060e-03 3.54317203e-03
 2.15360612e-01 5.78727201e-03 2.34206393e-03 5.36552258e-02
 1.73052937e-01 5.95785677e-03 8.57863545e-01 2.20496207e-04
 3.88236716e-03 5.38185120e-01 1.27086230e-02 3.23850289e-03
 1.26954354e-02 1.40872598e-03 1.15036964e-04 1.12525895e-02
 5.42262569e-03 5.69874793e-03 9.62270051e-03 3.67186219e-03
 4.71064225e-02 2.72301212e-03 3.64867598e-03 2.78650597e-03
 8.41591507e-04 8.93492252e-04 4.14106995e-04 1.50522292e-02
 1.02690794e-02 3.56360152e-03 1.24690682e-03 7.65052810e-03
 6.98782876e-03 6.70770183e-03 3.51593271e-03 6.98763877e-03
 5.90564683e-03 9.59554315e-03 2.29504704e-03 5.22928312e-03
 5.68131357e-03 2.19874457e-03 1.49930753e-02 3.42104733e-02
 8.35313275e-03 2.05516405e-02 9.17328596e-02 2.34412029e-03
 6.88808039e-03 3.26963142e-03 5.60172275e-03 1.35321170e-03
 1.76488496e-02 3.99144366e-03 5.67972660e-03 5.15711308e-03
 7.45891407e-03 2.91951001e-04 4.18005139e-03 7.47309998e-03
 1.65270604e-02 6.51927292e-03 1.53878815e-02 2.77260691e-03
 3.55161726e-03 7.79863074e-03 3.68174219e+00 7.12118745e-02
 2.89972574e-02 2.89268792e-05 9.57622007e-03 4.05764952e-03
 1.88845769e-03 3.53148952e-03 5.64042106e-03 5.06490842e-03
 8.65929201e-03 5.10363653e-03 1.56996027e-03 4.07207757e-03
 3.01258639e-03 4.75664809e-03 3.06752697e-03 1.63689256e-03
 7.97090679e-03 4.68958169e-03 3.05475295e-03 8.51758718e-02
 1.94798186e-02 3.84229794e-03 2.56702676e-03 6.46686628e-02
 7.34085217e-03 4.11190093e-03 2.26441771e-04 7.35677779e-03
 5.00275195e-03 8.61659646e-05 1.29937567e-02 4.28448990e-03
 3.27350572e-03 5.17047942e-04 4.68178578e-02 2.63131037e-03
 5.51215895e-02 4.12295014e-03 2.43470445e-03 5.86036593e-03
 2.49268115e-03 1.19218864e-02 6.56950474e-03 1.32098794e-03
 1.67880207e-04 2.94435769e-04 7.68378749e-03 2.39728726e-02
 6.27901629e-02 3.25948000e-03 7.22861588e-02 6.52868301e-03
 7.44946301e-03 5.99639490e-03 1.42873079e-02 2.67671421e-03
 1.67563558e-04 3.89530137e-02 6.54471666e-03 3.46702710e-03
 5.11850789e-03 1.17739327e-02 2.39793099e-02 3.73069197e-03
 5.77243045e-03 4.25706394e-02 5.58241084e-03 6.16703182e-03
 7.69743696e-03 5.20164520e-03 5.58633357e-04 5.92528656e-03
 7.22778216e-03 1.81669742e-03 1.46574154e-02 5.08728623e-03
 6.67482987e-03 4.74238768e-03 1.03708543e-02 1.05138905e-02
 2.22044475e-02 8.11127201e-03 5.75000420e-03 5.96597791e-04
 4.87591699e-03 3.23968232e-02 1.57849863e-03 1.25764683e-03
 1.68008693e-02 1.29993632e-03 1.86328962e-03 1.58953108e-02
 4.77180257e-03 1.36929937e-02 2.50748172e-03 6.35688379e-03
 1.00776285e-01 5.88244572e-03 3.40521336e-04 1.63459778e-03
 6.28906861e-03 7.03120604e-03 2.02991343e+00 4.98182513e-02
 5.50152734e-03 6.50063157e-05 6.12777844e-03 4.63832915e-03],-980.29236,-1011.5188,-1147.2705,0.99920297,1.0080597,0.99362576,0.9254987,5.562905,-5.0238037,59.84033,1023.97253,1.1998442,0.2357503,0.14886677,-1020.41516,1020.41516,[3.30738487e+01 4.49184113e+02 9.64046936e+01 1.26394812e+03
 1.63802090e+01 3.17102871e+01 2.43672867e+02 1.44759766e+02
 1.94626755e+02 4.49193192e+00 1.28015747e+02 1.62340225e+02
 7.08412628e+01 9.03967285e+02 1.11506529e+01 3.54222069e+01
 4.72082458e+02 9.71824570e+01 1.19093552e+01 3.19971523e+01
 2.76042318e+00 4.17310498e+03 7.26739883e+00 1.43911963e+01
 7.42227249e+01 1.56779022e+02 6.53130908e+03 2.07537766e+01
 7.75114441e+01 2.04253426e+01 5.98330460e+01 7.39138550e+02
 2.11494980e+01 3.59560699e+02 7.38413467e+01 6.06084766e+03
 1.06755135e+02 3.61773300e+01 5.16966309e+02 1.86409409e+02
 6.90563416e+02 2.01156799e+02 6.38437042e+01 3.35457080e+03
 7.21565063e+02 5.10942078e+02 1.60043121e+02 2.53021717e+01
 6.67251816e+01 1.51829803e+02 2.79404358e+02 1.88683395e+02
 5.61369202e+02 5.59750610e+02 7.53901660e+03 1.39171600e+02
 5.75766277e+00 4.56216736e+02 2.11160431e+01 2.85541748e+02
 1.57274548e+03 1.05075469e+04 1.07460953e+02 2.74248474e+02
 2.35077419e+01 1.20800142e+01 2.47528164e+04 1.09994308e+02
 1.14081848e+02 9.16475449e+01 1.62504712e+03 3.41823196e+01
 8.39308472e+01 3.80034546e+03 8.65849915e+01 4.78014160e+02
 1.12365532e+02 4.66786438e+02 2.21928997e+01 1.87445755e+01
 9.17621948e+02 3.44646782e-01 1.54523926e+02 5.39632019e+02
 2.37382141e+02 8.68741074e+01 1.66682495e+02 2.09450928e+03
 2.06078796e+01 4.91118050e+01 8.99339294e+01 4.73099947e+00
 6.91228467e+03 6.12312746e+00 2.35627222e+03 5.41425842e+02
 9.95939255e+00 8.18935394e+01 1.91505165e+01 3.31898994e+01
 5.62490749e+00 3.10695312e+03 2.05009766e+02 1.11601402e+02
 7.82618332e+01 1.87825714e+02 2.11044044e+01 1.08134668e+03
 1.15216141e+02 4.18775253e+01 2.32976074e+01 4.45840820e+03
 1.62081512e+02 1.06665359e+02 2.15400124e+01 2.78205585e+00
 5.71629761e+02 1.02465248e+02 4.31104136e+00 1.41566391e+02
 1.59406834e+01 2.49143028e+01 2.36778145e+01 2.33508203e+03
 9.27545319e+01 1.11750586e+03 1.60054665e+01 1.73577698e+02
 2.27558838e+03 2.28508797e+01 5.73668518e+02 8.19588661e+00
 3.79012909e+01 2.95050454e+00 1.09537716e+01 3.14550972e+01
 3.59950294e+01 4.12172661e+01 2.56650043e+00 1.59001175e+02
 1.47632751e+01 2.68664185e+02 1.72682800e+02 2.99553619e+02
 9.83788818e+02 1.01344668e+04 6.35905151e+02 3.17841644e+01
 4.88871689e+01 1.13140540e+03 1.25992920e+02 1.63331280e+01
 2.38798485e+01 3.53867109e+04 6.68904175e+02 6.01298485e+01
 4.16470093e+02 2.96643524e+02 5.56304102e+03 6.41712524e+02
 7.02617554e+02 8.25973988e+00 1.18756622e+02 2.93592194e+02
 3.91941910e+01 4.28600146e+03 1.90048798e+02 1.67165939e+02
 2.57465649e+01 3.85456482e+02 3.25444849e+03 1.89159985e+03
 3.61877785e+01 5.73530566e+03 2.26986084e+03 6.90954876e+00
 1.33779312e+02 1.24223584e+03 2.04463928e+02 3.85823822e+01
 6.65365448e+01 1.26155615e+04 2.77733498e+01 6.14461975e+01
 3.77203931e+03 1.66875964e+03 5.97900342e+03 9.33910059e+03
 1.06151199e+02 6.69241810e+00 2.85285258e+00 1.52783480e+01
 1.76212196e+01 6.30255585e+01 3.59854828e+02 3.12636475e+02
 1.10766544e+01 4.39865601e+02 1.69852100e+03 3.87660484e+01
 5.37445908e+01 5.81822266e+02 8.44673438e+03 2.90167580e+01
 1.45628540e+03 2.18234833e+02 1.80481445e+02 1.98060818e+01
 2.63445435e+01 1.10089539e+02 4.75950592e+02 3.98175934e+02
 1.10519277e+04 7.68645996e+02 6.21834900e+02 1.45052500e+01
 7.09702026e+02 2.92444141e+03 2.01441589e+02 2.18171924e+03
 1.13316734e+02 1.14271277e+03 7.11698242e+03 3.58515320e+01
 7.80253516e+03 2.73007011e+01 2.07296228e+00 1.03132983e+03
 2.01446973e+03 8.10115430e+03 1.84600500e+03 5.19771461e+01
 5.90634842e+01 1.16725082e+02 5.94807190e+02 4.18489111e+03
 9.31498566e+01 6.61076736e+01 3.19930084e+02 1.19345711e+02
 7.26613846e+01 4.30949211e+00 7.28385448e-01 6.29813599e+02
 7.69173050e+00 5.45915039e+02 2.64404633e+02 1.16686572e+03
 5.13378448e+01 1.64305328e+02 1.58188293e+02 1.56169876e+02
 3.25107307e+01 1.41076096e+02 3.01664459e+02 6.56188660e+01],1684.1244,[1.49574995e+01 6.60966248e+02 1.06977676e+02 1.70241614e+03
 6.17569780e+00 3.94974518e+01 2.95687469e+02 8.22000122e+01
 1.53086578e+02 1.17231960e+01 2.05718353e+02 1.48455811e+02
 8.73131866e+01 1.25984619e+03 2.83713455e+01 1.60121506e+02
 5.06932343e+02 1.20387863e+02 2.69192696e+01 4.85163116e+01
 5.94078016e+00 1.87500269e+03 1.03374100e+00 6.16847277e+00
 1.27997162e+02 2.26822128e+02 1.52359595e+03 1.01380890e+02
 1.01126976e+02 4.75829983e+00 1.48098335e+01 8.87171814e+02
 5.60457573e+01 3.08313416e+02 1.24681793e+02 7.97722949e+03
 5.51630188e+02 1.44378681e+01 2.11613983e+02 2.86870392e+02
 1.08960193e+03 1.51728531e+02 6.01570282e+01 3.25807422e+03
 9.59407715e+02 4.12641632e+02 1.64791504e+02 1.60855532e+00
 3.36287537e+01 2.76145050e+02 4.80481232e+02 1.56790802e+02
 7.67194702e+02 6.59989319e+02 4.69553809e+03 1.29448410e+02
 5.20594168e+00 4.26997498e+02 1.04615831e+00 1.25558884e+02
 2.20892554e+03 1.20130254e+04 5.58810913e+02 5.72902466e+02
 5.95492601e+00 2.98282566e+01 3.06622461e+04 1.30494583e+02
 1.47216522e+02 3.85776825e+01 4.11907520e+03 5.20325584e+01
 7.92354660e+01 7.30419336e+03 1.46189148e+02 3.49406189e+02
 1.75065918e+02 4.99846466e+02 2.76292992e+01 1.03062305e+01
 7.45213257e+02 1.21735668e+00 5.56507141e+02 4.50467407e+02
 2.77344238e+02 9.81850586e+01 2.70936584e+02 2.39205103e+03
 1.53969002e+01 4.71424927e+02 8.09898529e+01 5.40010166e+00
 6.85321436e+03 1.90429153e+01 6.26759033e+02 6.51630493e+02
 4.19053555e+00 3.97376251e+01 2.22879753e+01 7.77953247e+02
 2.42235012e+01 2.65722729e+03 2.28177277e+02 2.00097461e+03
 1.98372452e+02 1.71796173e+02 5.17079430e+01 6.37498352e+02
 1.01859520e+02 3.31532593e+01 8.74420547e+00 4.17503418e+03
 8.49482727e+01 1.40248337e+02 3.24105949e+01 2.35079708e+01
 9.41232483e+02 1.17247192e+02 1.38755198e+01 1.96395905e+02
 4.62707233e+00 1.88501625e+01 2.73793373e+01 2.28481641e+03
 1.42225891e+02 1.22649548e+03 2.56705666e+00 2.54757446e+02
 3.34077271e+03 3.95109940e+01 4.17595398e+02 9.31191158e+00
 1.45608339e+01 1.03790617e+00 3.78718674e-01 1.97997570e+01
 7.10545578e+01 4.85004845e+01 3.21208930e+00 8.25657196e+01
 3.42303658e+00 3.26282593e+02 1.98371384e+02 3.24164246e+02
 1.06580298e+03 6.98998682e+03 5.35677856e+02 3.72210922e+01
 4.16832733e+01 1.06923401e+03 1.13916451e+02 1.90958920e+01
 5.66588058e+01 3.11105234e+04 1.82791992e+03 6.95130997e+01
 4.30492157e+02 2.94251221e+02 1.84474121e+03 5.73176514e+02
 1.91574966e+02 3.96212363e+00 4.95308266e+01 3.62495758e+02
 7.63238983e+01 3.19301489e+03 1.02281845e+02 2.56386749e+02
 4.62023468e+01 3.58492249e+02 8.72784668e+03 3.29868872e+03
 3.12613602e+01 1.41525623e+03 4.41635791e+03 4.36080360e+00
 1.81152222e+02 1.41367529e+03 2.41440567e+02 4.45249786e+01
 4.36504517e+01 1.43637676e+04 1.07852306e+01 7.43430939e+01
 4.71710297e+02 8.12048035e+02 6.06737402e+03 1.59168418e+04
 1.74980392e+02 1.71781864e+01 7.05603981e+00 2.18748512e+01
 1.15501604e+01 1.63375492e+01 4.38844025e+02 3.18992798e+02
 2.97893858e+00 5.96555664e+02 1.53577686e+03 5.33184052e+01
 9.52037659e+01 2.66234528e+02 1.02196045e+04 3.67364578e+01
 2.51322949e+03 1.32016632e+02 4.01226990e+02 7.90306807e-01
 3.20698013e+01 9.39217072e+01 6.34031860e+02 5.08692810e+02
 1.07188877e+04 1.08821838e+03 4.00355255e+02 1.29435396e+00
 5.38550781e+02 2.89546460e+03 4.15088440e+02 4.18540234e+03
 2.10168953e+01 6.91661682e+02 4.46410156e+03 6.26973772e+00
 7.67802734e+03 1.89367275e+01 2.23983917e+01 5.12220947e+02
 1.88768506e+03 7.67951660e+03 1.34333459e+03 3.98313408e+01
 5.78602295e+01 1.36806961e+02 9.15844910e+02 9.86180469e+03
 7.35214157e+01 6.30809937e+01 1.84109604e+02 5.24637375e+01
 1.40693542e+02 8.65524232e-01 4.28094983e-01 2.47871558e+03
 8.84116113e-01 6.80679688e+02 3.29337982e+02 1.00472144e+03
 4.96830101e+01 4.61642426e+02 1.46334946e+02 2.44228027e+02
 2.47705612e+01 7.38284988e+01 2.89005768e+02 1.79357128e+01],-973.1929,-1022.7381,-1217.6187,1.0057917,1.2245132,0.80864227,0.92586505,0.015921699991226196,2782.23188829422,0.125,0.125,-0.34466616480032297,-1.9493004641855664e-09,-0.3446661647184345,1.2014936184784198e-09,-1.4909993451430468,25.249999999996884,0.0,175000.0,-10.0,-5000.0,500.0,7.50196385383606,175000
1012.44836,0.06992868,0.030481014,0.0026067835,-1012.0736,1012.0736,[2.15674415e-01 6.00944832e-03 3.53502810e-01 1.47326970e+00
 6.86261505e-02 2.82830633e-02 1.11851469e-03 5.13004139e-03
 3.73649783e-02 4.09137487e-01 1.03831649e+00 6.39041066e-01
 1.26109459e-02 1.37169972e-01 1.49822623e-01 1.09306887e-01
 5.50452620e-04 6.36060908e-03 3.94202769e-04 1.19979568e-02
 9.19971243e-03 1.43603422e-02 6.44547033e+00 1.40019923e-01
 1.01475306e-02 1.14890088e+03 4.48507443e-02 5.13329506e-02
 5.66958822e-02 3.78977060e-02 1.99083880e-01 3.97995114e-01
 8.52385402e-01 3.70763123e-01 3.53323892e-02 3.00142355e-02
 9.67049971e-03 5.38401157e-02 1.28932571e+00 9.65693593e-02
 9.62470919e-02 8.59836638e-02 4.46893275e-02 6.83561563e-02
 8.46155137e-02 2.07353123e-02 5.51009364e-02 3.06256711e-01
 9.01597887e-02 1.20151192e-01 4.78537530e-01 8.66819173e-03
 2.49923542e-01 6.46764189e-02 5.22732735e-03 1.16344345e+02
 7.63867199e-02 2.49044038e-02 1.80876628e-02 1.68133080e-02
 2.52332062e-01 1.25624239e-02 1.70475066e-01 1.18311718e-01
 1.00458324e-01 1.11227818e-02 2.51344591e-03 6.17641956e-02
 3.06716934e-03 2.21032649e-03 8.34329724e-02 5.02935946e-02
 3.40980983e+00 6.64329681e+01 2.40617976e-01 4.35316861e-02
 5.69262244e-02 2.86521092e-02 4.08765711e-02 2.04048529e-01
 7.67180383e-01 8.51202756e-04 3.37324739e-02 1.01591468e-01
 3.16547304e-01 2.43766165e+00 1.63635179e-01 2.89558709e-01
 1.43152550e-01 2.53914547e+00 2.12514192e-01 3.21738012e-02
 1.76092938e-01 4.92529690e-01 1.97724439e-02 9.52581763e-02
 5.95952459e-02 5.93037248e-01 3.94574590e-02 1.25472434e-02
 1.16432048e-02 6.20612875e-03 1.59560472e-01 4.18055803e-01
 2.61197388e-02 2.36173940e+00 2.69368947e-01 9.85457078e-02
 4.34441715e-02 1.59851648e-02 3.44977212e+00 1.82687849e-01
 8.16863179e-02 2.63802148e-02 3.60068865e-02 9.69089568e-04
 2.07242146e-02 6.14988282e-02 1.14734545e-02 1.23163691e+01
 6.64347783e-03 7.23045883e+01 3.05317380e-02 5.43612279e-02
 1.13686711e-01 4.20878440e-01 6.19802251e-03 4.34428006e-02
 1.35026053e-02 8.38382393e-02 3.84463161e-01 6.52680546e-02
 1.01212502e-01 5.59188604e-01 8.47234875e-02 1.39706805e-01
 5.86815178e-04 1.69965811e-02 3.40894498e-02 3.64193512e+02
 1.04799032e-01 9.69958603e-02 4.24401648e-02 9.19440389e-03
 2.71109119e-02 8.91415030e-02 5.85291274e-02 3.54991294e-02
 5.19408956e-02 1.03567377e-01 9.89595205e-02 8.77404585e-03
 2.03649588e-02 2.03356519e-01 4.33378853e-02 3.51554155e-03
 4.53276820e-02 2.25131065e-02 7.62057602e-02 2.39954926e-02
 4.28693183e-02 7.74727166e-02 9.91951302e-03 6.46808892e-02
 1.36441365e-03 1.48294374e-01 2.54198194e-01 2.78894044e-02
 9.44031626e-02 6.91423193e-03 1.37162097e-02 1.37077644e-02
 1.15931034e-03 9.22743499e-01 7.61776090e-01 2.20976263e-01
 5.08325219e-01 8.46780837e-03 9.97039378e-01 8.62317830e-02
 1.24879912e-01 7.77693242e-02 7.40433112e-03 9.64486748e-02
 7.44887441e-02 1.46314874e-03 2.29330733e-03 3.59474611e+00
 5.31153232e-02 2.83009000e-02 5.37209660e-02 1.14436820e-01
 2.21432187e-02 3.05998840e+01 1.05177090e-01 3.96028757e-01
 9.58357602e-02 3.04221995e-02 1.09527111e+01 5.40407486e-02
 1.35274148e+00 1.12886146e-01 3.55076790e-03 5.85012078e-01
 1.92857273e-02 3.86878736e-02 1.02618963e-01 1.33890882e-01
 3.05463374e-01 1.60376132e-02 8.64148438e-02 6.35439530e-03
 6.02583475e-02 2.27452256e-02 1.00283697e-01 1.01358928e-02
 2.42717750e-02 2.20823325e-02 6.68653250e-02 3.81714478e-03
 1.22594722e-02 2.41847336e-02 5.22335052e-01 5.11103161e-02
 2.87111104e-03 1.89585423e+00 1.21078327e-01 2.31404036e-01
 3.44490826e-01 8.30600038e-03 1.67484239e-01 1.52243471e+00
 2.76781991e-02 3.05033565e+00 1.16328897e+01 4.37336564e-02
 1.09109473e+00 1.23863891e-02 6.51814044e-05 9.39138606e-03
 2.97635347e-02 6.16191983e-01 8.08197260e-02 1.68443657e-02
 1.47789791e-02 3.07781398e-01 5.97505644e-02 6.28770143e-03
 7.32724220e-02 4.84357476e-02 3.17273617e-01 5.78613758e-01
 1.27421468e-01 1.39775462e-02 7.40970075e-02 6.56436235e-02],13.392309,[8.16020817e-02 2.87365913e-03 1.36777401e-01 1.10420179e+00
 4.74963374e-02 2.51104310e-02 1.22226514e-02 5.84480539e-03
 2.89058723e-02 1.60864383e-01 9.98904705e-01 2.88906336e-01
 4.87728789e-03 1.04350820e-01 4.47914749e-03 2.70986855e-02
 9.31363180e-03 1.51188113e-02 2.03977600e-02 1.41688064e-03
 7.43444636e-03 1.27081759e-02 5.97442532e+00 3.86952639e-01
 3.53060439e-02 1.95092188e+03 8.81047919e-03 7.46974722e-03
 2.18133271e-01 4.16298546e-02 1.99003488e-01 1.85316026e-01
 3.50977369e-02 4.92265821e-03 1.74834616e-02 9.32808593e-03
 3.41966748e-03 1.54261477e-02 1.01631153e+00 5.84274903e-03
 4.97709289e-02 4.87741120e-02 1.35933533e-02 5.94163127e-02
 4.66262475e-02 2.20021792e-02 6.61227852e-03 2.75943637e-01
 3.47338207e-02 1.23985559e-01 7.04674795e-03 1.31815113e-02
 8.67761075e-02 3.56348306e-02 2.61768475e-02 7.80672989e+01
 3.99296917e-02 2.36500055e-04 3.34635749e-03 2.69709378e-02
 1.88631833e-01 3.58166173e-03 7.44575560e-02 9.60953236e-02
 1.72775574e-02 3.21455672e-03 6.54244795e-03 3.91650796e-02
 1.21177584e-02 9.57776606e-03 7.34335929e-03 4.39359248e-03
 5.87362684e-02 5.74763184e+01 6.55170977e-02 7.45863467e-03
 7.57405534e-03 2.27518380e-02 6.80597499e-03 6.61462247e-02
 1.07252669e+00 2.23763660e-02 2.51800567e-02 1.75328553e-02
 9.41481143e-02 3.63930631e+00 1.22389302e-01 1.00433335e-01
 1.02458984e-01 3.86824417e+00 9.08676982e-02 1.71556510e-02
 4.63208675e-01 2.45146394e-01 5.25183976e-03 9.26931798e-02
 3.33294608e-02 4.89117205e-03 1.71380118e-03 1.36232451e-01
 2.30242684e-02 1.41385868e-02 2.59177759e-02 2.16510326e-01
 4.85392287e-03 2.00856471e+00 8.15048665e-02 9.77065042e-03
 6.60735369e-03 2.02742219e-02 5.87491703e+00 1.37876607e-02
 7.08805174e-02 9.80513170e-03 4.72366810e-03 3.04818153e-04
 1.01330020e-02 3.43614258e-02 3.01634148e-03 1.72227943e+00
 1.61646642e-02 6.68138962e+01 2.31110342e-02 6.56731427e-03
 4.51402403e-02 1.18453696e-01 4.82955948e-03 3.57860699e-03
 1.95710547e-02 3.70170176e-02 2.83258826e-01 8.37239996e-03
 7.91220963e-02 2.18891695e-01 6.82969242e-02 1.98488422e-02
 8.43449309e-03 3.63171585e-02 4.99702245e-03 5.11922974e+02
 5.81937768e-02 2.29655281e-02 2.51779705e-02 1.37892365e-02
 8.74549150e-03 3.96247506e-02 2.93258168e-02 2.63859108e-02
 7.67344609e-03 3.45906802e-02 5.26995398e-02 2.49127932e-02
 2.37044878e-02 5.44939376e-02 3.66363674e-03 7.81301409e-04
 3.19005586e-02 2.13153847e-02 2.15820223e-02 1.01783335e-01
 8.69525969e-03 3.91398072e-02 2.42741778e-03 7.03430176e-03
 9.63283330e-03 3.78393307e-02 2.43085936e-01 3.78714874e-03
 8.68688375e-02 2.23400593e-02 1.69818290e-02 1.41119547e-02
 1.51905492e-02 1.71854043e+00 2.59502083e-02 6.90950453e-02
 1.79864652e-02 9.70186666e-03 7.67824352e-02 4.78163362e-03
 4.27402593e-02 2.51573697e-03 1.85126998e-02 5.82054146e-02
 3.04798037e-02 1.90879591e-02 1.30550861e-02 8.73921156e-01
 4.64151539e-02 2.14523822e-02 7.29996711e-03 4.61182036e-02
 4.20785323e-03 3.00496616e+01 8.01942945e-02 2.47737765e-01
 3.62667218e-02 1.63091198e-02 1.33777571e+00 7.12884218e-03
 7.92304426e-03 2.01569870e-02 1.05759874e-02 4.10036176e-01
 1.52795203e-02 1.58724561e-03 2.13993527e-02 3.55386078e-01
 1.52106062e-02 2.17659213e-02 3.81223038e-02 8.82280767e-02
 8.96947458e-03 3.34794819e-03 6.33955896e-02 2.40157917e-02
 4.75294888e-03 1.59269571e-02 1.56925693e-02 1.17873438e-02
 2.77966745e-02 5.43634966e-03 2.09054515e-01 1.79678872e-02
 5.86283579e-03 1.72074866e+00 1.95122398e-02 9.78167057e-02
 1.38583958e-01 1.05362125e-02 1.19154483e-01 1.49814916e+00
 5.81827760e-03 2.53791690e+00 8.30194378e+00 6.18653372e-03
 2.82348581e-02 1.49695016e-02 1.08675137e-02 7.75644556e-03
 2.74834074e-02 2.88551152e-01 6.49212673e-02 2.25867331e-02
 1.79624707e-02 6.02216125e-01 6.23345748e-03 6.79244474e-03
 4.08855081e-03 5.14322892e-03 2.98420370e-01 3.03157009e-02
 2.97236517e-02 1.71107426e-02 1.05922863e-01 7.13932812e-02],-973.716,-1013.6579,-1233.1777,0.9999082,1.0125873,0.98740077,0.92555046,555.32623,-644.28973,3140.8643,1028.3175,1.8857834,0.23781608,0.16110371,-1024.0536,1024.0536,[3.58020058e+01 2.80134491e+02 4.55206299e+03 1.29833282e+02
 6.74900198e+00 4.64906693e+00 4.11009796e+02 2.87851238e+01
 4.34874840e+01 2.25192215e+02 2.68361603e+02 5.69750595e+00
 1.52713104e+02 7.29746628e+01 1.54581445e+03 4.29190865e+01
 5.78186768e+02 2.07065247e+02 1.62752289e+02 1.62690308e+03
 1.60713486e+02 2.14902246e+03 1.52690536e+02 1.03775131e+02
 3.50947784e+02 5.79238330e+03 6.91707275e+03 2.40245459e+03
 1.97013672e+02 6.58671265e+01 5.39896622e+01 1.48126617e+02
 1.08727844e+02 3.35198517e+01 8.26171265e+01 1.60408203e+02
 6.53434906e+01 6.28630493e+02 4.85116214e-01 8.15196716e+02
 9.59394169e+00 4.92933426e+01 1.76096390e+02 6.12570763e+00
 1.20349884e+02 2.48112476e+03 1.17999980e+04 3.60739624e+03
 1.64971100e+02 1.11684363e+03 5.92679492e+03 4.57588654e+01
 1.04901390e+01 6.68598700e+00 1.78112671e+02 1.78252356e+03
 7.18800720e+02 3.69089928e+01 4.46793480e+01 4.58368896e+02
 1.73323090e+02 3.03056755e+01 6.17398438e+03 4.77859070e+02
 2.22583103e+01 6.98810547e+03 7.08609863e+02 9.01631641e+00
 3.24698257e+01 1.76799927e+02 2.21327881e+03 8.59712158e+02
 4.04316406e+01 4.16709518e+01 2.54463806e+02 4.52700958e+01
 1.20819176e+02 1.35316071e+02 3.15577576e+02 5.15895459e+03
 3.19511230e+03 2.36547260e+01 2.12729272e+03 2.12257553e+02
 1.93369980e+01 1.76594531e+04 2.18272934e+02 2.69804718e+02
 1.54790390e+00 1.49938538e+02 1.53641028e+03 2.08294360e+03
 3.29602051e+03 4.78989258e+03 9.27556763e+01 2.04987411e+01
 3.13644714e+02 2.40297127e+01 3.15259609e+01 5.58622894e+01
 1.37355461e+01 7.03868750e+03 3.80648926e+02 9.20880508e+00
 1.01211066e+03 2.05114014e+02 3.13141553e+03 4.66060638e+01
 1.53023285e+02 1.83407303e+02 6.74107056e+01 6.43961426e+02
 6.00400963e+01 4.31743286e+02 4.67613892e+02 7.06056458e+02
 3.38979279e+02 2.55574112e+01 6.07016663e+02 6.93966113e+03
 1.42625227e+01 9.39446875e+03 4.53022804e+01 1.77947144e+03
 7.95486755e+01 8.51591339e+01 6.20841675e+02 1.19304224e+03
 3.72539101e+01 2.05460010e+03 3.90396179e+02 8.33718262e+01
 1.48138232e+03 1.34502029e+02 1.13645337e+03 1.56688098e+03
 4.74598408e+00 1.73060950e+03 2.11688385e+01 3.52486865e+03
 3.52088257e+02 7.94349731e+02 1.98533203e+02 5.72303772e+01
 2.49708786e+02 1.89491534e+00 5.95936096e+02 8.60217285e+03
 5.49422150e+01 3.12422104e+01 7.67962341e+02 1.80349293e+01
 2.85044849e+03 2.95971143e+03 3.88079443e+03 1.07143717e+01
 3.71319061e+02 2.83906738e+02 2.32596603e+02 3.73081146e+02
 3.40781372e+02 4.18489258e+02 2.60818124e+00 2.90416626e+02
 4.30799164e+02 5.87220550e-01 9.93223877e+01 3.51150584e+00
 1.48733841e+02 7.81467152e+00 4.49018127e+02 6.09546852e+01
 6.35896606e+02 4.14455811e+02 1.30026257e+03 6.23494873e+01
 3.34913292e+01 2.44881836e+02 5.13011398e+01 1.07541351e+01
 6.82627380e+02 1.65379410e+02 7.60603577e+02 4.89160767e+01
 2.71153125e+03 1.29660889e+02 6.89227219e+01 1.12653351e+02
 7.38749008e+01 1.80271820e+02 5.22534943e+00 2.33868091e+03
 1.75528750e+04 2.72885056e+01 8.35403198e+02 9.71077051e+03
 1.56303943e+03 3.20164299e+00 7.84244385e+02 4.42979908e+00
 4.30157373e+03 2.01993591e+03 1.49456924e+02 6.71004257e+01
 1.21860184e+02 1.00983502e+03 6.60508667e+02 7.64722998e+03
 1.39917965e+01 3.18113047e+04 6.29818392e+00 1.43122473e+03
 1.85257095e+02 6.28801270e+01 1.63133717e+01 2.16991425e+02
 1.79149048e+02 1.35015631e+01 2.33646133e+04 1.25942017e+03
 3.18121338e+03 9.85242310e+01 5.40873985e+01 6.01713257e+02
 7.89237549e+02 9.06948425e+02 3.21569702e+02 1.30550833e+01
 3.10703392e+01 1.03967021e+04 8.50611782e+00 1.08887275e+04
 1.66267410e+02 3.57755280e+01 4.10310938e+03 1.76241836e+04
 3.41635857e+01 4.26598535e+03 6.94742480e+03 3.82340240e+02
 1.50539764e+02 1.56651978e+03 5.14740334e+01 1.00459961e+02
 5.15211906e+01 1.76068325e+01 9.13415451e+01 4.89832666e+03
 4.54742432e+01 1.16617889e+01 2.10467407e+02 7.15097122e+01
 4.15387726e+01 1.68083457e+04 4.98537369e+01 2.00194855e+01],2168.671,[5.64756622e+01 1.89774734e+02 3.99646777e+03 1.16371674e+02
 8.35721588e+00 7.83460045e+00 1.50039856e+03 5.29815903e+01
 7.03150570e-01 7.34197159e+01 4.63292450e+02 9.74370766e+00
 2.51375763e+02 2.51568203e+01 1.16753088e+03 4.80146837e+00
 5.10935699e+02 2.23589157e+02 2.25636292e+01 1.88173120e+03
 2.11970154e+02 2.70042822e+03 1.24024429e+02 1.55046110e+01
 2.40173889e+02 6.42197021e+03 5.66550537e+03 2.61856616e+03
 2.46309204e+02 3.75039558e+01 5.32440262e+01 1.70119156e+02
 9.61415405e+01 4.46876564e+01 3.09391113e+02 2.40070801e+02
 5.19847946e+01 5.23276794e+02 3.61533254e-01 5.65568481e+02
 6.48323917e+00 5.38576393e+01 2.72576477e+02 1.37732973e+01
 1.70170059e+02 9.46090918e+03 1.23149570e+04 4.09930029e+03
 2.33615540e+02 1.05921936e+03 4.41180518e+03 2.23011799e+01
 3.19308624e+01 1.36949167e+01 3.18922882e+02 1.30538379e+03
 7.79372559e+02 2.48886299e+01 7.50862045e+01 3.23292969e+02
 2.79453827e+02 1.07589226e+01 3.77759741e+03 5.26525696e+02
 5.99635410e+00 5.65082227e+03 5.75756958e+02 1.03219819e+00
 5.10200500e+01 5.61856140e+02 3.25451099e+03 9.69403076e+02
 5.37692451e+01 5.45644951e+01 2.88687531e+02 7.96719551e-01
 1.42119934e+02 1.10726509e+02 9.94820435e+02 5.69331689e+03
 4.58509326e+03 7.26887703e+00 1.10208484e+03 5.56229858e+02
 4.95541611e+01 2.06414531e+04 4.45720856e+02 4.02212616e+02
 5.01548529e-01 2.17413757e+02 1.06504211e+03 1.42463525e+03
 2.48553369e+03 6.70231494e+03 8.55566177e+01 6.07821369e+00
 2.13528564e+02 7.22192383e+01 2.27286854e+01 8.07104950e+01
 2.81910000e+01 8.06000549e+02 4.13882080e+02 5.51566792e+00
 5.94941101e+02 1.49433365e+02 1.21988782e+03 1.04796394e+02
 1.63896576e+02 3.86537170e+01 3.91619110e+00 4.16622620e+02
 1.24681229e+02 5.39653931e+02 5.83069519e+02 3.85218689e+02
 3.46947266e+02 5.74589310e+01 4.16490997e+02 2.69261084e+03
 1.26056528e+01 7.19653271e+03 1.26772789e+02 1.95964404e+03
 2.27019165e+02 1.25572968e+02 1.05524670e+03 1.09398730e+03
 1.76031399e+01 1.86003082e+02 5.52748291e+02 8.16887436e+01
 1.57171594e+03 5.06671829e+01 2.07440747e+03 1.54366968e+03
 2.26524124e+01 2.91510669e+03 2.73388356e-01 7.09972510e+03
 4.83850372e+02 1.28214807e+03 1.56569183e+02 6.71931915e+01
 7.45746216e+02 2.20660597e-01 5.15587769e+02 8.78035449e+03
 1.07998604e+02 2.61452408e+01 7.19817993e+02 1.51796656e+01
 3.85451587e+03 2.84201587e+03 4.31014258e+03 8.34381485e+00
 3.26966370e+02 4.93032646e+00 4.50105103e+02 9.06809921e+01
 1.76795914e+02 4.61414612e+02 3.34889293e+00 3.34888214e+02
 2.23129059e+02 6.40367413e+00 1.82865097e+02 1.98678551e+01
 7.63907013e+01 1.04809389e+01 5.65594849e+02 8.64400711e+01
 8.76101929e+02 1.09253906e+03 4.47962646e+02 1.61822186e+01
 7.74853439e+01 4.08947571e+02 1.08691277e+02 1.79125622e-01
 1.31243115e+03 1.09604736e+02 6.26807922e+02 5.62607346e+01
 1.96419739e+03 1.02194466e+02 1.31577072e+02 2.18773178e+02
 3.25129242e+01 7.97070740e+02 6.62029743e+00 5.48841309e+02
 1.79386152e+04 2.11492615e+01 7.87309692e+02 9.28442871e+03
 1.94399023e+03 3.09367767e+02 7.51333618e+02 1.31231558e+00
 5.27720117e+03 2.31050586e+03 5.98079712e+02 2.79128723e+01
 1.56155640e+02 3.50066650e+02 6.04414978e+02 1.76691484e+04
 4.90012169e+01 4.06675859e+04 4.82993984e+00 4.71680225e+03
 6.38317966e+00 6.71739197e+01 1.66859493e+01 1.40134857e+02
 2.33077194e+02 1.77984905e+01 1.35081201e+04 7.97049194e+02
 5.64876709e+03 1.02641869e+02 1.18465290e+01 6.86523621e+02
 6.12721313e+02 8.84662109e+02 2.80663513e+02 1.34953070e+01
 2.00172150e+02 9.12001758e+03 9.92510605e+00 1.61913604e+04
 1.93692490e+02 8.16159439e+00 3.48103638e+03 9.77603906e+03
 2.61177711e+01 3.01722729e+03 7.04378467e+03 3.67074158e+02
 1.87711731e+02 2.03777319e+03 1.43409821e+02 1.23889107e+02
 5.65595207e+01 3.10431042e+01 9.83393097e+01 5.35040576e+03
 7.38195038e+01 8.70371094e+01 1.05407921e+02 5.02280502e+01
 2.01487503e+01 1.66851602e+04 6.20191269e+01 1.44622307e+01],-974.6504,-1026.2977,-1221.3704,1.008123,1.3758119,0.60323155,0.92588025,0.015016880569458008,3157.653916835785,0.125,0.125,-0.25368072102198463,-0.0005353695962020558,-0.25370722775562865,-0.0004702566107522497,-1.0908249106505397,25.249999999996884,0.0,200000.0,-10.0,-5000.0,500.0,7.419945955276489,200000
1011.552,0.06646346,0.024457365,0.0027548277,-1011.24097,1011.24097,[2.32290179e-02 7.57324994e-02 4.67817858e-03 6.85418025e-03
 1.96770206e-02 2.04682350e-03 1.76994279e-02 2.22373754e-04
 2.64330149e-01 7.03531504e-02 5.20651229e-02 6.47328049e-03
 4.40588966e-03 3.27878781e-02 2.24448740e-04 3.87924351e-02
 4.50804830e-04 3.94502655e-03 4.26133350e-02 3.27213109e-03
 4.55373898e-03 2.96092667e-02 7.63218477e-03 2.62815505e-03
 1.74437553e-01 2.11507455e-03 1.14336349e-02 2.89751589e-02
 9.26019287e+01 6.50737435e-04 5.84280863e-03 2.97478586e-02
 1.07986480e-02 1.38453543e-02 1.91347847e+01 3.16395238e-03
 1.83556616e-01 1.05549768e-02 1.12973228e-02 7.11665392e-01
 3.27156223e-02 5.87358475e-02 4.65587564e-02 4.79593873e-03
 1.05923742e-01 2.24244036e-02 1.40623167e-01 2.82060578e-02
 3.12822521e-01 2.48380639e-02 8.79455358e-03 9.83319432e-03
 4.20921482e-02 7.12865740e-02 1.67848542e-03 1.07634440e-03
 2.88645178e-03 2.03919448e-02 3.68753448e-03 1.72558427e-02
 5.40343672e-03 2.77328551e-01 3.43210876e-01 2.22468615e-01
 1.06999353e-02 1.38864703e-02 6.57001883e-03 7.60916620e-03
 3.67254138e-01 2.23076716e-02 7.30509460e-02 1.03548840e-02
 1.47173181e-03 5.99971294e-01 1.26369581e+01 4.85727564e-03
 2.49454416e-02 6.73899800e-02 9.59609151e-02 4.70080614e-01
 5.51523983e-01 5.29922545e-04 5.02434745e-03 1.51192918e-02
 1.14859976e-02 1.20124556e-02 3.25093046e-03 4.03727964e-02
 1.27114367e+00 7.04305246e-03 8.93400982e-03 5.27609363e-02
 1.45559922e-01 9.42038059e-01 6.07194233e+00 9.54929367e-03
 3.11300904e-03 6.27685338e-03 6.04875386e-03 1.62355974e-03
 9.02000815e-03 2.74397433e-03 2.93172896e-04 9.68677402e-02
 7.05762580e-03 7.61914998e-03 8.54986310e-01 2.04177523e+00
 5.31164557e-02 1.11103810e-01 2.28107125e-02 1.56133920e-02
 9.69356671e-03 1.51417032e-03 5.55578619e-04 5.88833876e-02
 2.12395936e-02 3.11391428e-02 8.33803356e-01 4.55835797e-02
 1.54802948e-02 1.94261163e-01 1.43806115e-02 2.71665961e-01
 5.45252115e-03 3.14368558e+00 2.17516613e+00 1.13498807e-01
 2.32422423e+00 2.17849389e-03 4.39633802e-03 6.00521639e-03
 8.12480599e-03 2.55958475e-02 3.72292474e-03 6.45083785e-02
 7.67101347e-03 1.64787844e-02 4.26760204e-02 1.86098702e-02
 6.75267726e-03 3.17706168e-03 1.21010914e-02 5.15190840e-01
 4.37073745e-02 4.36121561e-02 3.95456329e-03 3.67821343e-02
 2.20891014e-02 1.47881508e-01 2.77637318e-03 2.14856602e-02
 8.15199852e-01 1.98878720e-03 1.43408664e-02 9.98364761e-03
 2.75505185e-02 5.91076910e-03 4.14062291e-03 7.89120793e-03
 4.33607459e-01 7.22206980e-02 2.04669312e-02 9.45348293e-03
 1.56540394e-01 2.92756595e-02 1.10613294e-02 1.12581626e-03
 6.48884848e-03 1.00316480e-03 3.01424041e-02 7.73837045e-03
 2.66363099e-02 3.92189063e-02 3.21987607e-02 4.25600484e-02
 4.66321297e-02 8.92555714e-03 4.93006743e-02 1.13779977e-02
 3.49827483e-02 2.03880556e-02 1.18081063e-01 3.11678089e-02
 2.43363876e+01 1.99456587e-02 5.86390868e-03 1.04163624e-02
 1.43960118e-02 3.62725928e-03 1.54675543e-02 2.99492335e+00
 2.23456658e-02 1.06169283e-03 5.40353730e-03 1.58585347e-02
 3.31633300e-01 6.33308068e-02 5.58801293e-02 7.10891783e-02
 3.62321496e-01 3.01696360e-04 6.49170950e-03 9.73469391e-03
 3.62242013e-03 4.90779057e-03 6.17297366e-02 3.00437585e-03
 1.96153298e-03 7.61688501e-03 2.77528539e-03 7.72447884e-02
 1.69785805e-02 1.18969120e-02 1.39654791e+00 2.32982710e-02
 6.16207495e-02 2.87656561e-02 4.50001098e-02 7.93451443e-03
 9.15327668e-03 4.01931286e-01 2.63094790e-02 6.20069653e-02
 3.85202467e-03 3.18424731e-01 1.18582547e-02 8.77167657e-03
 3.17851081e-03 1.16446055e-02 5.55390194e-02 4.75103498e-01
 2.68575624e-02 1.04792602e-02 1.99024566e-02 3.81431729e-02
 9.36898962e-03 7.50232488e-04 1.46693178e-02 3.07757594e-02
 6.88675791e-03 6.09544706e+00 8.60784203e-04 3.28391530e-02
 4.84290309e-02 2.14995518e-02 2.75153995e-01 6.82737827e-02
 6.63938001e-03 5.55961765e-02 1.43013336e-02 1.34259462e-02
 2.07354069e-01 1.90499462e-02 3.98030728e-01 9.66645032e-03],0.79653186,[2.00261064e-02 1.89127401e-03 1.11324787e-02 3.15818563e-02
 1.13773532e-02 2.25566216e-02 1.65188685e-03 3.46620232e-02
 2.63629735e-01 1.25414133e-02 4.34093550e-02 6.72683865e-03
 5.23499884e-02 1.49802983e-01 2.85345204e-02 1.05765954e-01
 3.84953693e-02 1.19084194e-02 1.72406435e-02 5.07066399e-02
 1.49977691e-02 8.18262696e-02 1.46963075e-02 1.28814615e-02
 2.20482916e-01 1.92689076e-02 2.53891535e-02 1.73673965e-02
 6.24497147e+01 2.46931054e-02 3.44554223e-02 1.27347857e-02
 2.11320557e-02 4.15214337e-02 4.28492498e+00 1.81157328e-02
 6.42758369e-01 6.87547401e-03 1.01493932e-02 6.16851330e-01
 1.15414143e-01 4.35266532e-02 6.67102635e-02 7.74743035e-03
 2.34481171e-01 2.45851018e-02 2.85771579e-01 5.85602410e-02
 1.05460919e-02 1.28884800e-02 3.43246832e-02 1.24077387e-02
 3.57542634e-02 4.29380909e-02 2.41852179e-02 1.31590106e-02
 4.60832752e-02 5.58543578e-03 1.73286386e-02 1.46725215e-02
 1.75667740e-02 1.91400647e-01 1.90353878e-02 1.16253209e+00
 2.71749087e-02 6.97414950e-03 4.71701920e-02 1.66707672e-02
 1.02580592e-01 2.49971226e-02 1.18175745e-02 1.16822310e-02
 4.67615612e-02 2.66079493e-02 8.61255109e-01 5.68561628e-03
 7.81315938e-03 1.72467977e-02 3.05784829e-02 4.19986919e-02
 6.39747381e-01 2.46034861e-02 2.37256624e-02 2.43352726e-02
 2.27612443e-02 4.02831323e-02 3.64767946e-02 1.30009845e-01
 1.47880876e+00 8.85147229e-03 2.61612236e-02 6.22542575e-03
 6.51452094e-02 1.99763514e-02 5.24414110e+00 2.63698399e-02
 1.74413398e-02 8.22773576e-03 1.69599392e-02 1.40240677e-02
 2.32142583e-02 6.75917417e-02 3.28123942e-02 1.11132950e-01
 1.28350407e-02 3.17478254e-02 1.48243248e-01 4.20457423e-02
 3.49006988e-02 3.62154186e-01 2.87698247e-02 2.35849917e-02
 5.89819625e-02 2.00460255e-02 3.77996601e-02 2.65769482e-01
 7.75922686e-02 1.36456378e-02 6.77755848e-02 8.91361013e-03
 4.06240299e-03 2.83463188e-02 1.45045109e-02 1.79396905e-02
 1.16284192e-02 2.67912173e+00 5.96938133e-01 2.60393620e-01
 2.42917575e-02 6.10995665e-03 1.82712451e-02 3.13380249e-02
 1.06478818e-02 7.57592171e-02 2.54302397e-02 2.43987180e-02
 2.64452882e-02 1.27466954e-02 5.43167777e-02 1.93292573e-02
 3.10871191e-02 9.12705064e-03 2.62170471e-02 2.30959713e-01
 6.64952844e-02 2.18529254e-03 1.35499984e-02 6.09519519e-02
 2.63890810e-02 4.28034253e-02 3.20443884e-02 3.26291658e-02
 2.94104889e-02 3.94130498e-02 3.56557965e-02 3.28193456e-02
 3.25337946e-02 2.83385813e-02 2.06807330e-02 1.78844072e-02
 4.47057374e-02 1.93182290e-01 3.41928080e-02 9.78503376e-03
 1.75782800e+00 2.09916569e-02 1.14636607e-02 2.00418383e-02
 1.33168735e-02 4.03065234e-02 2.33713873e-02 1.87703744e-02
 2.44241692e-02 2.26736553e-02 3.67490724e-02 2.13393159e-02
 1.21002533e-02 1.49171241e-02 3.15755978e-03 1.22070089e-02
 1.31006539e-02 4.39780727e-02 5.84524162e-02 3.35289575e-02
 2.57786484e+01 5.76681234e-02 1.46396793e-02 2.06284598e-02
 1.25573613e-02 2.62309499e-02 4.62058373e-02 5.19799627e-02
 1.57234743e-02 2.32496858e-02 4.76542749e-02 1.43185630e-02
 4.64239419e-01 8.31585005e-03 1.58769369e-01 5.23969121e-02
 5.22269845e-01 4.32440080e-02 3.12933698e-02 2.17195153e-02
 2.36883797e-02 1.56678259e-02 4.55939509e-02 1.16793066e-02
 3.12165804e-02 9.28278640e-03 4.32199128e-02 9.30607691e-03
 1.90454610e-02 2.53341086e-02 3.17835249e-02 2.29979157e-02
 1.82980672e-02 8.41410831e-03 1.07417867e-01 6.89599663e-03
 9.39942896e-03 1.22583658e-02 1.03153661e-02 8.05183649e-02
 2.31785253e-02 6.76788539e-02 6.23104349e-03 3.97510082e-03
 4.88881804e-02 1.97943635e-02 5.10734469e-02 3.04084569e-02
 7.96628967e-02 1.60831958e-02 6.30067661e-02 4.04699035e-02
 3.14144678e-02 3.29015329e-02 4.20455970e-02 2.15179212e-02
 8.12229663e-02 4.26846790e+00 3.56499143e-02 3.46328691e-03
 8.10529292e-03 1.71047449e-03 5.28767109e-01 4.70650196e-02
 7.02061132e-03 1.97906047e-04 1.13878734e-02 1.45581067e-02
 1.53028473e-01 3.11354436e-02 2.10781880e-02 8.67918879e-03],-970.63837,-1014.8666,-1323.1155,0.9991571,1.0185821,0.9723002,0.92549485,50.469593,-79.67404,301.72705,1026.3679,1.4749966,0.18420248,0.15076542,-1023.0509,1023.0509,[6.24100876e+01 3.08100739e+02 8.81603622e+01 1.84175491e+02
 3.15133032e+03 5.95477148e+03 8.63881493e+00 1.99514206e+02
 1.48745576e+04 6.64126831e+02 1.00967655e+01 1.24747266e+03
 1.40395498e+00 1.42337173e+02 1.33622086e+02 1.79592392e+02
 2.33769745e+02 8.70332031e+02 5.03014221e+01 6.71228027e+02
 8.35603882e+02 2.04293518e+03 3.81306610e+02 2.13566528e+03
 2.40807171e+01 1.07080884e+03 1.74611908e+02 1.92894531e+02
 9.40018368e+00 1.17795563e+02 6.53781616e+02 5.79474365e+02
 1.15047493e+01 1.12928932e+02 1.12621436e+03 1.91130814e+02
 6.24942017e+00 6.73315308e+02 1.91235608e+03 1.03065102e+02
 9.90268860e+02 5.50882339e+01 2.45773499e+02 3.15606506e+02
 4.38940002e+02 2.55772003e+02 9.87633362e+01 1.36073624e+02
 5.42295593e+02 2.22630402e+02 4.33008423e+02 5.23459900e+02
 5.66917627e+03 3.23762665e+01 1.42780046e+01 7.89610547e+03
 1.17507922e+03 1.32488164e+04 2.13872827e+03 5.48621559e+01
 1.16333969e+02 3.20296851e+03 2.54851440e+03 7.72367477e+01
 6.28356836e+03 1.56000122e+02 8.58191284e+02 3.71991158e+01
 3.04143384e+03 7.57552948e+01 9.60058365e+01 1.97244644e+01
 1.30262375e+02 2.43717432e+03 2.20093594e+01 4.48246613e+01
 2.96934143e+02 1.01973419e+02 6.39705696e+01 8.38988113e+01
 4.97026794e+02 6.59878159e+00 1.38719861e+03 2.33756348e+02
 9.13550797e+01 4.52271614e+01 3.36388672e+03 6.17099756e+03
 1.25948535e+03 1.67789440e+01 4.06074921e+02 1.30298681e+01
 6.35076752e+01 4.08801880e+01 1.10390381e+03 3.73593506e+02
 1.36294647e+02 5.67890854e+01 1.45570520e+03 1.67360879e+04
 3.33780542e+03 2.85245667e+01 9.26578674e+02 7.32543335e+01
 1.89460052e+02 1.55749405e+02 2.47134018e+02 8.35674866e+02
 1.66395550e+01 1.71926060e+01 1.67056732e+01 6.48626938e+01
 1.66974365e+02 2.09742081e+02 1.24056775e+03 4.81812195e+02
 3.44344385e+03 2.40712570e+02 1.56810417e+01 4.77680481e+02
 1.35611908e+02 1.42540308e+03 1.22083716e+03 6.55165955e+02
 7.60291901e+01 2.49935303e+02 3.62020117e+03 9.99899902e+02
 9.40003204e+01 4.38237701e+02 5.21789474e+01 4.58949509e+01
 6.55010254e+02 9.49316711e+02 3.85632660e+02 8.52237854e+02
 7.59336304e+02 2.04003198e+03 5.39386463e+00 2.96697178e+01
 7.34610596e+03 1.91031504e+00 2.67443395e+00 7.50756226e+01
 1.59531367e+04 3.97611035e+03 4.08160309e+02 8.50497070e+02
 1.45955601e+01 7.29252625e+02 5.47198730e+03 1.51115015e+03
 1.04160522e+02 2.86332836e+01 8.43058594e+02 7.82048889e+02
 4.33663721e+03 2.34964282e+03 2.81308060e+01 1.39328821e+03
 6.58596420e+01 7.65345840e+01 1.89568126e+00 2.63534106e+03
 1.71242078e+03 2.07544971e+03 2.63982880e+02 1.85345211e+01
 4.54416565e+02 2.04108643e+03 6.69987106e+01 2.39002895e+00
 1.84159203e+01 3.47408130e+03 4.57281036e+01 1.81172363e+03
 4.34133387e+00 3.02255096e+02 6.50521545e+01 3.97623062e+00
 1.60865631e+02 1.61252224e+00 3.90964569e+02 4.26435394e+02
 2.79952736e+01 1.47958355e+01 2.35464081e+02 2.66775787e+02
 1.60183545e+03 2.27546387e+03 4.75869598e+01 3.00013142e+01
 1.75144119e+02 7.24070996e+03 4.78793945e+01 6.59805908e+01
 6.16108551e+01 3.40004303e+02 2.17969360e+02 5.58197510e+03
 1.06465012e+02 7.09014844e+03 1.77373804e+03 1.82694202e+03
 2.29263330e+03 1.40808777e+02 5.53978210e+02 5.73770828e+01
 1.04464310e+02 3.36793091e+03 4.98281281e+02 3.42160950e+02
 6.68551636e+01 2.94088770e+03 1.04378891e+02 1.65745544e+01
 2.53495801e+03 1.28512068e+01 4.03697090e+01 3.38218292e+02
 1.77126579e+01 1.06526270e+03 1.69110336e+02 1.25857480e+04
 1.63159008e+01 6.06610840e+03 6.36306519e+02 1.17667007e+00
 1.30832788e+03 1.75180640e+03 1.69977890e+02 1.46329224e+03
 1.38176041e+02 1.12159297e+04 6.32276392e+00 1.57793418e+04
 8.19150146e+02 7.88904736e+03 1.38766497e-01 3.64408836e+01
 1.01211023e+03 4.26699219e+03 8.35269836e+02 1.53525208e+02
 7.65447187e+00 1.12286400e+02 1.39967617e+04 1.26410847e+01
 2.08868574e+04 7.22103760e+02 7.18240891e+01 7.14933838e+02
 5.67554138e+02 4.94398041e+01 2.38354370e+02 4.85968323e+02],2081.02,[1.51977264e+02 1.72793777e+02 1.26874657e+02 9.44220047e+01
 7.75478809e+03 9.67492773e+03 4.39208078e+00 2.93877686e+02
 1.04035029e+04 1.03666248e+03 1.07874641e+01 1.76373035e+03
 1.43415222e+01 1.09742261e+03 1.35663513e+02 1.20052872e+02
 1.90109802e+02 3.34720001e+02 9.77201614e+01 2.26651184e+02
 6.09858826e+02 1.23939722e+03 5.40516296e+02 1.88057666e+03
 3.17719040e+01 1.14829395e+03 1.34209961e+02 2.24881607e+02
 1.93367100e+01 1.61829071e+02 5.45984375e+02 1.97231714e+03
 1.39689255e+01 8.88898544e+01 7.84024658e+02 1.28061966e+02
 1.15766544e+01 6.72432312e+02 2.85464526e+03 9.30773468e+01
 1.02165643e+03 4.05394287e+01 3.40607666e+02 4.63525177e+02
 3.65904602e+02 1.65339493e+02 1.17640633e+02 1.60770996e+02
 4.31200012e+02 3.75365601e+02 4.32090088e+02 5.00736694e+02
 5.40218555e+03 3.17337341e+01 1.25350189e+01 8.07888428e+03
 1.28071838e+03 2.30930352e+04 1.76977502e+03 1.21569376e+01
 1.13091850e+02 2.52943213e+03 1.19791528e+03 3.41420975e+01
 7.13907910e+03 7.14111805e+00 8.63617065e+02 1.44246811e+02
 3.84994824e+03 1.23401413e+02 3.10895081e+01 3.84414673e+01
 1.40544235e+02 2.89329346e+03 3.50482712e+01 7.30216522e+01
 3.57127289e+02 1.47523834e+02 4.85662413e+00 9.28845673e+01
 6.08402954e+02 1.94080734e+01 1.69575415e+03 3.26168488e+02
 6.27454910e+01 1.68070358e+02 3.64114673e+03 7.23806250e+03
 1.53054773e+03 8.92567444e+00 5.81414917e+02 1.53535538e+01
 2.20329952e+01 5.25532341e+00 1.30191895e+03 5.07586670e+02
 2.60283630e+02 4.71405506e+00 1.28492871e+03 1.36492500e+04
 3.46735938e+03 3.54261055e+01 1.31518750e+03 7.08275375e+01
 1.94015640e+02 1.73897766e+02 1.14120499e+02 7.72628418e+02
 3.34700050e+01 9.62641907e+00 1.15932608e+01 7.76173096e+01
 4.09220390e+01 2.39691284e+02 1.00983020e+03 4.03691864e+02
 3.73563794e+03 4.20850555e+02 1.13861008e+01 5.32491577e+02
 4.20304077e+02 1.95357849e+03 1.54681152e+03 1.26181702e+03
 1.31528616e+00 2.50153625e+02 3.26317529e+03 1.64197095e+03
 5.82619171e+01 7.23504211e+02 6.24102020e+01 1.89262199e+01
 6.75417053e+02 9.85778809e+02 3.81227234e+02 9.32182251e+02
 6.07584412e+02 2.27277124e+03 7.35573947e-01 2.49474030e+01
 7.70955713e+03 9.94156551e+00 1.51322496e+00 1.27969124e+02
 1.65254922e+04 4.53903906e+03 2.46742142e+02 1.36743188e+03
 9.40197563e+00 7.06582947e+02 5.47561719e+03 2.27104443e+03
 1.56723160e+02 1.37894573e+01 7.16214478e+02 1.55875586e+03
 4.29958301e+03 3.05386719e+03 8.50799789e+01 1.77540991e+03
 1.37028091e+02 6.64009628e+01 3.36213887e-01 2.06693848e+03
 1.43001294e+03 2.03357251e+03 2.65866058e+02 5.57763100e-01
 5.66791138e+02 1.41284351e+03 5.86094933e+01 1.77021503e+01
 4.98900557e+00 5.65133398e+03 6.14392090e+01 1.98267969e+03
 2.95552540e+00 3.12306702e+02 6.69695511e+01 4.14471512e+01
 2.92017517e+01 5.42737198e+00 1.33749969e+02 1.10507129e+03
 3.49529305e+01 1.89159470e+01 8.28833847e+01 4.51548492e+02
 8.32999268e+02 1.98074976e+03 2.41598682e+01 7.97654190e+01
 1.39799866e+02 5.82468555e+03 3.39040794e+01 6.64093475e+01
 5.74721909e+01 3.03034546e+02 1.79934662e+02 6.10087793e+03
 1.67568497e+02 4.99632227e+03 1.57851050e+03 1.33511145e+03
 2.59343848e+03 3.76997948e+01 8.33592407e+02 1.73013733e+02
 1.36540771e+02 2.00691895e+03 5.22534790e+02 9.71902100e+02
 1.51598139e+01 5.58716357e+03 1.41343445e+02 1.89805756e+01
 2.21698071e+03 7.92060242e+01 9.12049770e+00 4.75421997e+02
 2.35310421e+01 1.45318152e+03 9.70360870e+01 1.07182812e+04
 1.76056900e+01 7.31494531e+03 4.70778961e+02 1.97844982e+00
 1.23202551e+03 1.82639514e+03 1.28443451e+02 1.94491052e+03
 1.10593201e+02 1.50649424e+04 7.92115593e+00 6.77274854e+03
 6.38760010e+02 8.94049707e+03 5.11144924e+00 4.43572693e+01
 1.07391272e+03 5.29115088e+03 1.08515405e+03 1.31727020e+02
 4.58292770e+00 1.36984238e+02 1.10857031e+04 1.56489288e+02
 3.08715332e+04 7.14756470e+02 1.57669830e+02 7.19578247e+02
 5.60232544e+02 3.18504028e+01 2.03908234e+02 3.64557281e+02],-973.605,-1029.7542,-1175.9712,0.99810064,1.3300864,0.8149493,0.9252379,0.015622207641601563,3548.209122657776,0.125,0.125,-0.24182374069226917,-0.0008085051380340511,-0.2418655590052676,-0.0007415727428304988,-1.0403033496114047,25.249999999996884,0.0,225000.0,-10.0,-5000.0,500.0,7.465170860290527,225000
1012.1906,0.05738405,0.024366206,0.0017562326,-1011.8896,1011.8896,[1.32819787e-02 4.31560427e-02 1.79132707e-02 8.13648850e-03
 1.08704157e-02 1.04277767e-02 3.08938324e-04 1.27527490e-02
 1.96962729e-02 9.70328450e-02 3.05357948e-03 5.34852333e-02
 6.63473606e-01 1.01464279e-02 4.17990237e-03 1.19365387e+01
 2.21652538e-03 3.39470059e-03 1.39233507e-02 3.35192204e-01
 2.38417536e-02 1.87125243e-02 8.66720453e-03 1.32949686e+00
 6.81932271e-03 2.94969864e-02 3.54687460e-02 3.90797034e-02
 5.02619892e-03 3.75969559e-02 3.79771367e-03 3.14799286e-02
 1.29204728e-02 7.84187391e-03 2.21610814e-02 1.92995369e-02
 1.47408135e-02 2.80352831e-02 6.36751205e-03 6.93716109e-03
 4.17120010e-03 1.94819644e-03 1.31362118e-02 5.17729297e-03
 1.16666295e-02 1.70705661e-01 2.59182006e-02 9.77434218e-03
 8.62545148e-03 1.28638931e-02 6.31261617e-03 1.88789703e-02
 6.08687140e-02 8.34203511e-03 1.59362629e-02 1.32899471e-02
 4.07350138e-02 1.21561028e-02 1.23341754e-03 1.33494639e+00
 1.93313248e-02 3.61680984e-03 3.12818587e-03 1.62498429e-02
 8.62414017e-03 2.52635963e-02 1.60357729e-03 1.03134103e-02
 1.07080080e-02 1.50084384e-02 4.22592461e-03 1.29859336e-02
 1.10209323e-02 2.50564888e-02 2.31771544e-02 1.01857074e-02
 3.97159047e-02 6.85254112e-03 1.34759247e-02 4.02447939e-01
 1.74705870e-02 2.16442682e-02 2.14706734e-03 3.24719325e-02
 6.52031973e-03 1.50479265e-02 2.14005783e-02 1.68476440e-02
 8.77902284e-03 1.91995874e-03 2.66888812e-02 3.14147770e-03
 1.20050646e-02 2.77851857e-02 2.19907202e-02 2.29931846e-02
 9.22353938e-03 6.73789531e-03 9.56899673e-03 1.38012320e-02
 8.71071592e-03 2.72712857e-02 1.89879537e-02 1.63553096e-02
 2.29747966e-03 8.19544867e-03 2.94480473e-03 7.29742646e-02
 2.82200053e-03 8.61785188e-03 1.67011097e-02 7.69161060e-03
 1.09387822e-02 3.80023122e-02 8.20243731e-03 4.33157265e-01
 8.32099557e-01 2.69236043e-02 4.12350670e-02 1.94729753e-02
 1.53842473e+00 8.64487886e-03 1.71810761e-03 1.18315220e-02
 1.11663379e-02 1.60723366e-02 2.15647854e-02 1.17551573e-02
 6.02192767e-02 1.85372122e-02 4.16917540e-02 1.30368412e-01
 9.96712223e-03 1.06795132e-02 7.24680722e-04 5.04284091e-02
 1.61880441e-02 4.10785198e+00 9.42021981e-03 7.14193657e-03
 1.40195191e-02 6.89102709e-03 1.05317906e-02 9.99311358e-03
 2.09191777e-02 1.09199435e-02 1.33941211e-02 1.99744478e-03
 1.35946572e-02 6.40236214e-03 8.41885805e-03 1.41296722e-02
 1.37226656e-02 8.59849229e-02 4.34977189e-03 2.21611001e-02
 7.68823996e-02 4.86527756e-03 1.22057684e-02 3.02941352e-03
 1.81280263e-02 6.60249963e-03 5.53301239e+00 1.49864331e-03
 1.54015608e-02 1.78788342e-02 1.01667643e-02 1.42684728e-02
 2.57689506e-04 1.39046088e-02 7.24466145e-03 7.79464841e-04
 8.78908515e-01 2.05242127e-01 3.44628468e-03 4.36403789e-02
 1.18225254e-02 2.79549696e-02 1.92101300e-02 8.96300375e-02
 1.57439262e-02 8.06532055e-03 3.12716737e-02 4.85857204e-03
 9.77987424e-03 5.25409728e-03 3.25347900e-01 2.40935273e-02
 1.89428592e+00 1.36362351e-02 3.14781442e-03 1.42038353e-02
 3.11189532e+00 3.07447463e-02 5.73957339e-03 1.29441358e-02
 4.62325290e-03 2.57734209e-02 1.10529270e+01 1.50929093e-02
 1.36964805e-02 1.17647387e-02 4.19618860e-02 1.59088522e-02
 9.78637487e-03 1.55442543e-02 1.01098251e+00 1.58363059e-02
 1.39312297e-02 3.55163097e-01 5.48188575e-02 6.91666082e-02
 8.22446495e-03 1.02604926e-02 7.55341724e-03 5.80770522e-03
 1.74451806e-02 1.39601417e-02 2.46528573e-02 6.68214634e-03
 6.12765551e-03 4.49183989e+00 8.24671984e-03 3.21939588e-04
 4.79860082e-02 1.42338462e-02 1.34920813e-02 1.56790800e-02
 6.95128739e-03 2.90049052e+00 4.87545109e+00 2.02369727e-02
 1.20611715e+00 9.57222104e-01 5.67208603e-03 3.18822503e-01
 3.20830941e-03 1.26246363e-04 1.55712552e-02 1.49924345e-02
 8.44169036e-03 3.64759937e-03 6.16822392e-04 2.25286372e-02
 4.72236425e-04 1.03064813e-02 6.68703392e-03 2.82273069e-02
 2.88261324e-02 1.46576479e-01 9.71706584e-03 1.57123990e-02
 9.81176272e-03 5.82256913e-03 1.16497464e-02 3.63518484e-02],0.17321695,[8.02573934e-03 5.49007207e-03 4.61100414e-03 3.54762748e-03
 9.59685817e-03 4.05934826e-03 1.16783567e-02 2.85977498e-03
 1.70159340e-03 1.52544454e-02 7.16276467e-03 4.84068692e-03
 2.54181027e-02 3.13207880e-03 9.09081846e-03 1.03559589e+00
 3.57759744e-03 1.31042376e-02 3.35860997e-03 6.34141266e-03
 8.29743221e-03 3.72872502e-03 2.34453753e-03 6.18661195e-03
 2.05915049e-03 1.34933740e-03 2.38986596e-01 1.69040263e-03
 5.12496009e-03 1.30028278e-03 3.63403931e-03 5.08005507e-02
 6.01906329e-03 1.29824467e-02 3.82442027e-03 2.75120884e-03
 5.59297949e-03 6.70226291e-03 2.18901187e-02 6.26958907e-03
 4.29900363e-03 8.13189521e-03 4.41287830e-03 5.42265549e-03
 6.10478222e-03 4.51009348e-03 7.96843320e-04 4.21289355e-03
 1.29340962e-02 5.57631627e-03 1.87388435e-03 1.44453645e-02
 7.50813037e-02 6.92868605e-03 4.77907807e-03 1.05950870e-02
 7.83414394e-03 3.58945131e-03 4.13504615e-03 3.17085862e-01
 6.35478646e-04 5.18158823e-03 3.32862139e-03 1.80338696e-03
 6.96929172e-03 4.55278531e-03 9.86563042e-03 2.41581351e-03
 5.31587377e-03 5.90083376e-03 6.98729232e-03 7.33290985e-03
 7.43214041e-03 1.59106627e-02 5.66233695e-03 5.75760379e-03
 7.57649541e-05 5.45041636e-03 7.63107091e-04 1.72040313e-01
 1.04417242e-02 1.45735219e-03 6.67765886e-02 1.83263794e-03
 2.96510756e-03 7.66086578e-03 3.48604061e-02 3.33406031e-03
 1.20356120e-02 6.44732267e-03 3.73886898e-02 1.66157074e-02
 8.10731202e-03 2.46934965e-03 5.57312742e-03 1.08063221e-03
 2.64492668e-02 6.82981312e-03 6.73164800e-03 2.18424946e-04
 4.31051850e-03 1.02698840e-02 1.03524700e-03 2.76251510e-03
 4.35471535e-03 2.19178572e-03 5.18475845e-03 4.58411910e-02
 1.58482082e-02 5.37506118e-03 1.28827468e-02 6.48343936e-03
 1.09357387e-02 1.08744279e-02 2.05988623e-02 3.27422097e-03
 2.69351155e-03 5.65125048e-03 5.56864217e-03 1.09921247e-02
 5.70166856e-03 8.83701444e-03 8.66587833e-03 6.29586726e-03
 7.43079931e-04 3.04822810e-02 5.56761399e-03 2.51834467e-03
 4.11881879e-03 3.77878919e-03 3.35003920e-02 5.55466302e-02
 3.74097377e-03 9.45616513e-03 4.08641249e-03 5.73197380e-03
 6.19645789e-03 6.88318163e-03 6.83558360e-03 2.26009823e-02
 1.04683526e-02 5.44685870e-03 4.30459157e-03 5.90336695e-03
 8.85253027e-03 7.64401257e-03 5.32272458e-03 1.88480504e-02
 7.43420422e-03 2.16741115e-03 6.14783913e-03 3.57981026e-03
 2.61870399e-03 9.37566534e-03 9.51710716e-03 4.84660268e-03
 1.41702779e-02 1.59692951e-02 1.23290159e-02 6.20547682e-03
 6.91111386e-03 2.83662230e-03 9.77543235e-01 1.07298046e-02
 4.02297080e-03 3.87904793e-03 4.50818613e-03 6.06663525e-04
 5.73085621e-03 5.90525940e-03 5.78055531e-03 6.06531650e-03
 1.28253885e-02 3.11634317e-02 7.30410963e-03 2.10543163e-02
 3.91425565e-03 1.36883445e-02 5.56196645e-03 1.94860148e+00
 3.66333500e-03 6.25158846e-03 3.76341492e-03 3.31986323e-03
 8.04521143e-03 4.59941104e-03 4.65494543e-02 3.87905911e-03
 5.04880734e-02 5.50538301e-03 5.21067530e-03 1.76154450e-03
 5.76864555e-03 1.62896663e-02 3.89385968e-04 3.57466415e-02
 7.40817934e-03 6.69168308e-03 5.74777508e+00 3.48705798e-04
 7.41202384e-03 9.12507251e-03 3.92930582e-03 6.22782856e-03
 6.83115795e-03 6.98773935e-03 5.33962622e-03 7.08720833e-03
 2.23699994e-02 4.80909646e-03 3.02393734e-03 6.53086156e-02
 8.43169168e-03 1.65744126e-03 4.83268872e-03 4.37224284e-03
 9.91948321e-03 5.47654927e-03 2.84786895e-03 3.95361334e-03
 9.62395966e-03 1.16940774e-02 5.18481471e-02 7.19772652e-03
 1.45496167e-02 2.44939700e-03 3.85569409e-03 3.34954560e-02
 1.02664605e-02 2.78257206e-03 1.89267850e+00 6.09998778e-03
 7.40738586e-03 8.30074251e-02 3.47851589e-03 9.43310931e-03
 1.65176541e-02 4.64639701e-02 4.01533395e-03 4.03136387e-03
 1.25631392e-02 5.00420108e-03 6.54590502e-03 4.29629162e-03
 6.72317296e-03 9.64439288e-03 7.83663988e-03 6.80080429e-03
 1.69957168e-02 4.25030291e-03 2.85464674e-02 1.88096538e-02
 7.83834606e-03 7.08945468e-03 4.30990010e-03 2.66209245e-04],-973.64856,-1013.7864,-1206.2407,0.9988276,1.0321467,0.992579,0.9254708,6.0163493,-7.28764,53.14831,1020.82935,1.7965107,0.22898412,0.14868608,-1016.743,1016.743,[2.44058258e+02 2.45573502e+02 3.75884323e+01 6.71375046e+01
 3.24833984e+02 1.03086230e+03 1.68659912e+02 3.89335365e+01
 3.34501636e+03 3.06664886e+01 6.19653740e+01 1.52764832e+02
 2.22358398e+03 3.92977562e+01 2.19528275e+02 2.92404968e+02
 2.00092697e+01 2.47640457e+02 1.24771057e+03 8.76818085e+00
 5.06196899e+01 2.20214233e+02 2.27829902e+04 3.83518402e+02
 1.69951385e+02 1.32953358e+01 1.64031934e+03 2.50612964e+03
 7.75434692e+02 1.56778516e+03 4.36442413e+01 1.00933006e+02
 2.67356484e+04 2.45099068e+01 2.42029533e+01 5.97403603e+01
 9.39464966e+02 4.62496872e+01 3.53921173e+02 2.74003223e+03
 3.64340820e+03 1.03335701e+02 3.38679028e+03 2.27564713e+02
 1.20785847e+01 8.65270081e+01 5.07178345e+01 2.60132103e+01
 1.97535437e+03 1.82496002e+02 6.69634094e+02 3.62631178e+00
 8.40735779e+01 3.41592216e+01 1.15437717e+01 9.42095642e+01
 1.73875443e+02 2.30341320e+01 3.20065727e+01 1.60265312e+01
 1.55712601e+02 2.98566467e+02 2.37736877e+02 2.59510803e+02
 3.27498207e+01 7.93215137e+03 8.94015884e+01 1.83989465e+03
 5.43610077e+01 1.91170444e+01 4.42045746e+02 9.48599487e+02
 2.66122894e+01 7.11171875e+01 3.05173244e+01 6.58493286e+02
 9.57941528e+02 2.90976167e-01 1.80149162e+00 2.47663803e+02
 6.23720245e+01 9.12882843e+01 4.54987823e+02 4.75629807e+00
 7.96158981e+01 1.90696960e+02 2.30355957e+02 1.93499603e+02
 3.22975945e+00 5.46046753e+02 1.18039404e+03 7.42994263e+02
 3.23554565e+02 2.26247589e+02 2.12679710e+01 1.00901404e+03
 2.14530430e+01 5.48564682e+01 5.13390564e+02 2.94124756e+02
 1.38545093e+03 3.34349899e+01 1.37691746e+01 7.46874237e+01
 1.63760706e+03 1.57803040e+02 4.20201187e+01 5.62993469e+02
 5.79794617e+02 8.03102295e+02 1.14465714e+00 4.04776294e+03
 2.49326382e+01 5.11082227e+04 9.60606384e+01 2.85119324e+02
 2.13304639e+00 1.23289453e+03 2.19866409e+02 1.23818565e+02
 5.28817200e+02 2.17562061e+03 7.10031738e+01 1.46568939e+02
 6.67699097e+02 2.10544758e+01 5.62694130e+01 1.86135044e+01
 1.76871758e+01 4.12928886e+01 7.77933273e+01 5.01389694e+01
 7.26628235e+02 3.57187958e+02 1.27384315e+02 6.87020630e+02
 4.88636208e+01 2.17213516e+01 7.80240631e+01 9.31666183e+00
 6.47175110e+02 2.19562820e+02 2.73540222e+02 1.14911667e+02
 7.00758179e+02 1.11288155e+02 1.08742744e+02 2.68172054e+01
 1.29167151e+03 2.22926941e+01 2.18089819e+03 4.58649330e+01
 8.15756302e+01 3.93410683e+01 4.03036261e+00 3.58669205e+01
 1.30285721e+02 1.41869153e+03 2.55938492e+01 2.53510952e+01
 6.49252472e+01 7.43488922e+01 2.31854305e+01 9.67703781e+01
 2.60718848e+03 5.61725220e+02 5.14478607e+01 1.98625259e+02
 9.89086533e+00 1.26667610e+02 6.18699170e+03 4.96407776e+01
 1.49525156e+04 4.19998320e+04 3.02002449e+01 3.43040943e+00
 5.20370293e+01 1.69032349e+03 5.38251610e+01 6.46181091e+02
 1.13960785e+02 1.97698853e+02 2.63221619e+02 1.31307846e+02
 1.48739548e+02 4.41633606e+01 9.54888000e+02 7.44580765e+01
 4.13941269e+01 2.74065132e+01 1.89571640e+02 8.33009473e+03
 6.04830360e+00 2.75671349e+01 3.57475311e+02 2.19192743e+00
 5.64786816e+00 1.55686407e+01 5.62498360e+01 8.18636841e+02
 6.96420364e+01 9.51600781e+03 2.50072746e+01 2.15283691e+02
 1.40119476e+02 2.84766693e+01 1.95641251e+02 5.38421402e+01
 5.57052441e+03 4.73146935e+01 1.02915735e+01 2.29845016e+02
 1.01190819e+02 5.28053970e+01 1.18920698e+01 1.57658765e+03
 8.82265949e+00 1.75265283e+03 2.24338721e+03 6.21133911e+02
 2.81273779e+03 1.58006628e+03 4.71403503e+00 4.12349319e+01
 5.84674988e+01 1.13677832e+03 1.99215186e+03 2.02129383e+01
 2.10012115e+02 6.29888306e+01 4.27640820e+03 2.88802948e+01
 1.49780445e+01 2.26221826e+03 3.76260147e+01 9.62918579e+02
 9.98504257e+00 7.69637988e+03 5.47334717e+02 1.09614506e+01
 6.85604932e+03 7.60775954e-02 4.67827441e+03 2.93867584e+02
 6.93103790e+01 3.90595169e+01 4.25833691e+03 2.21837640e+00
 7.37575455e+01 2.57204651e+02 9.89014404e+02 8.61185760e+01
 2.27387466e+02 1.68645401e+02 4.12547461e+03 3.44697075e+01],1913.1411,[2.87351562e+02 2.64289398e+02 7.42119598e+01 3.36513023e+01
 2.03676270e+02 1.19293872e+03 1.95199493e+02 1.50503731e+00
 3.07908569e+03 9.31629715e+01 3.14508423e+02 1.59955292e+02
 2.46706372e+03 3.83337555e+01 2.81002197e+02 2.75905060e+02
 2.61073494e+01 2.53201447e+02 7.27617310e+02 6.91637564e+00
 3.42421951e+01 1.14263130e+02 2.55045879e+04 3.36262817e+02
 2.55818207e+02 3.98824768e+01 2.32665894e+03 4.40502930e+03
 7.89194946e+02 1.18229553e+03 4.88358421e+01 2.18428406e+02
 2.61541895e+04 1.03725517e+02 2.10155315e+01 4.81382294e+01
 5.49762817e+02 4.13701706e+01 3.48270111e+02 2.76933887e+03
 4.03526123e+03 8.57889557e+01 4.09204199e+03 3.48401764e+02
 5.58827209e+00 9.13659058e+01 7.64351883e+01 1.06664619e+01
 1.75318115e+03 1.00427254e+02 9.32401001e+02 1.30131607e+01
 1.01530701e+02 4.95407944e+01 1.33906803e+01 1.91464310e+01
 1.74678436e+02 2.12660027e+01 5.44309731e+01 8.43304291e+01
 1.00937355e+02 2.74573639e+02 5.63037048e+02 3.73299164e+02
 4.21820755e+01 7.88059326e+03 1.26668152e+02 2.07631323e+03
 4.93152542e+01 1.37409668e+01 4.92702271e+02 1.64622119e+03
 2.57684059e+01 3.35336243e+02 7.26721287e+00 7.07789612e+02
 8.70127625e+02 2.79699707e+00 2.56832218e+01 3.55881683e+02
 9.12562027e+01 1.42105652e+02 3.81970306e+02 8.19230366e+00
 1.15881859e+02 1.24428520e+02 2.77085815e+02 8.11042358e+02
 5.96147575e+01 6.12089478e+02 1.09049231e+03 9.25907227e+02
 1.27722679e+02 3.22973083e+02 1.66378555e+01 8.99988403e+02
 1.77209425e+00 3.77854958e+01 6.61337219e+02 4.07153442e+02
 1.47343774e+03 8.00584335e+01 5.93997300e-01 1.05389847e+02
 1.53247095e+03 1.59396027e+02 5.29695892e+01 7.01918213e+02
 5.04174225e+02 2.21038403e+03 1.98072231e+00 5.34642285e+03
 5.79484863e+01 5.28310156e+04 7.77998810e+01 2.85841461e+02
 6.86870432e+00 1.05616846e+03 2.70771729e+02 1.19717178e+02
 6.53742310e+02 2.98532959e+03 9.47384872e+01 2.32548523e+02
 4.25757019e+02 2.61193180e+01 6.03486595e+01 5.30811768e+01
 2.32105370e+01 4.59582253e+01 5.57347183e+01 4.79253731e+01
 2.00567102e+03 6.14814514e+02 1.25649689e+02 7.13451721e+02
 1.13062637e+02 1.73100777e+01 2.36702087e+02 6.12289047e+01
 7.29509155e+02 1.39580704e+02 2.02772034e+02 1.41983139e+02
 8.64449768e+02 1.29597107e+02 3.26688507e+02 9.40950775e+01
 1.19528870e+03 3.60836754e+01 2.69314502e+03 2.76138821e+01
 5.81873535e+02 1.02338303e+02 8.81541920e+00 9.22278137e+01
 2.23105652e+02 1.52968860e+03 4.09387932e+01 1.41828108e+00
 1.46026886e+02 8.08849945e+01 5.52103662e+00 1.05678574e+02
 3.87202856e+03 6.69002319e+02 6.92748184e+01 2.06089417e+02
 2.32105327e+00 1.06318932e+02 6.81781738e+03 4.66903591e+00
 2.13461484e+04 4.50022734e+04 2.13867264e+01 6.88569129e-01
 4.39351654e+01 2.86414062e+03 6.05923309e+01 9.08810669e+02
 2.01872757e+02 2.19476669e+02 3.82633911e+02 1.23850769e+02
 2.10177917e+02 6.93924713e+01 8.84320251e+02 6.10822601e+01
 2.40971851e+01 1.39234324e+01 1.85838104e+02 8.78460742e+03
 1.41502657e+01 4.03309364e+01 4.81808594e+02 1.44138832e+01
 3.43174458e+00 1.60173626e+01 1.20025093e+02 6.27235535e+02
 9.25721130e+01 1.17605166e+04 7.50032806e+00 2.35077316e+02
 1.27720627e+02 2.83822327e+01 6.87841644e+01 1.00142441e+02
 6.32834473e+03 1.12517700e+02 8.50125408e+00 5.91145935e+02
 1.75600986e+01 2.46440792e+01 1.39887753e+01 1.74725525e+03
 2.74164009e+00 1.46713489e+03 5.44592712e+02 6.23382935e+02
 3.05384985e+03 9.10122498e+02 1.16630754e+01 3.19166374e+01
 4.54846420e+01 1.37509570e+03 2.42111035e+03 1.15229904e+02
 8.80944366e+01 2.91174126e+01 4.76744971e+03 4.76731453e+01
 1.11462555e+01 1.40133740e+03 9.25094070e+01 1.01103235e+03
 1.78761234e+01 5.04480078e+03 1.44838257e+03 9.93491821e+01
 9.70222070e+03 1.92017376e+00 4.87532617e+03 4.10112793e+02
 8.30613708e+01 2.86285496e+01 6.54049902e+03 8.95874882e+00
 3.88796196e+01 2.19215134e+02 1.83673157e+03 1.53261780e+02
 4.13235107e+02 3.20671753e+02 5.77147852e+03 3.47110963e+00],-978.57275,-1022.4549,-1191.3336,0.9911199,1.1798187,0.55541015,0.92470884,0.015029357481002807,3923.9430751800537,0.125,0.125,-0.26037345589686095,0.0004101279727381608,-0.26034427805225285,0.0005200331291237685,-1.1184330170487855,25.249999999996884,0.0,250000.0,-10.0,-5000.0,500.0,7.427680015563965,250000
1011.3833,0.039920114,0.017202055,0.001664637,-1011.1714,1011.1714,[4.37725969e-02 1.19036004e-01 8.04284588e-02 7.36907721e-02
 5.34630902e-02 2.87989452e-02 2.81501450e-02 1.44788480e+00
 3.69294286e-02 4.93961945e-02 1.35139562e-02 1.91073740e+00
 8.32740739e-02 3.24774086e-02 3.14110279e+00 1.76069111e-01
 5.55071570e-02 2.04863593e-01 4.17744704e-02 7.34899342e-02
 3.26672234e-02 2.15115935e-01 2.50302106e-02 1.22501373e+00
 2.94059813e-02 1.45605244e-02 1.19263008e-02 4.68016639e-02
 6.82432726e-02 3.00783291e-02 2.01851279e-02 1.29397213e-02
 3.22309323e-02 3.62322479e-02 6.29888624e-02 1.67616799e-01
 1.58427693e-02 5.04801758e-02 4.22724672e-02 5.99282458e-02
 2.84453183e-01 3.08492780e-02 5.94503619e-02 3.81152704e-02
 1.69133276e-01 5.82372695e-02 6.10168017e-02 3.21194567e-02
 5.53625897e-02 3.09001841e-02 3.25766988e-02 1.50739886e-02
 3.89538482e-02 4.59502316e+00 4.75592352e-02 4.15639319e-02
 4.61406596e-02 1.88560225e-02 2.26036794e-02 5.13851419e-02
 3.81978154e-02 3.18198092e-02 5.20351864e-02 5.00537343e-02
 1.84414126e-02 2.02360190e-02 4.47393395e-02 6.31454065e-02
 2.36398652e-02 3.32794785e-02 2.30461396e-02 3.60226072e-02
 2.05865987e-02 4.02968861e-02 1.49745680e-02 2.85241194e-02
 1.62716284e-01 5.61181344e-02 1.48414433e-01 6.32125288e-02
 4.78766937e+01 2.64671631e-02 7.48615861e-02 3.76374274e-02
 2.05940813e-01 6.10027462e-03 3.64131667e-02 2.46064007e-01
 3.29786278e-02 1.21769197e-02 4.43749614e-02 1.37847945e-01
 6.00990430e-02 1.27459504e-02 8.64626765e-02 6.07587397e-04
 4.75168712e-02 3.86171341e-02 9.10318643e-02 3.77288833e-02
 1.02856755e-02 6.12795241e-02 1.74588151e-02 5.46645895e-02
 5.02259769e-02 5.07247634e-02 7.20657408e-03 3.62372734e-02
 4.01112027e-02 6.16549142e-02 4.48809750e-02 2.23899260e-02
 9.66917425e-02 7.32123375e-01 3.45202163e-03 7.92385489e-02
 2.60980017e-02 1.36069894e-01 8.54374504e+00 1.95387006e-02
 1.43292286e-02 5.80754317e-02 3.64585090e+00 4.13879231e-02
 3.57972272e-02 5.75351305e-02 4.17547561e-02 3.38236280e-02
 7.51581043e-02 1.40886046e-02 3.62776071e-02 3.19944099e-02
 2.50526704e-02 2.24031545e-02 3.99692729e-02 4.85485382e-02
 3.57380211e-02 2.96950229e-02 1.83082223e-02 1.37839913e-01
 3.66973318e-02 4.43115979e-02 2.35669650e-02 3.17620113e-02
 4.38497849e-02 2.25711539e-02 4.68001723e-01 5.55607796e-01
 2.87142135e-02 4.02507558e-02 2.93818057e-01 1.19574741e-02
 9.85462219e-03 6.44238442e-02 3.23806144e-02 2.01159716e-02
 5.25200665e-02 3.77219582e+00 6.31512776e-02 4.72870059e-02
 3.23052444e-02 3.14524360e-02 3.75064053e-02 5.32076135e-03
 2.90594287e-02 3.48784029e-02 7.00498372e-02 3.45377810e-02
 3.17172296e-02 5.03561087e-02 1.08487681e-02 9.98279154e-02
 5.15830107e-02 3.58261019e-02 4.88846377e-02 2.40337849e-02
 1.47573985e-02 5.41015901e-02 3.56678851e-02 7.64495432e-01
 1.27543695e-02 3.41958888e-02 1.19997799e-01 8.66629183e-03
 4.85118218e-02 7.07923770e-02 3.28128010e-01 5.14710136e-02
 1.63528509e-02 5.08523025e-02 6.53536767e-02 1.89033337e-02
 2.20964588e-02 1.52336992e-02 7.21691400e-02 2.00656354e-01
 3.28001566e-02 2.42160894e-02 4.46987785e-02 3.22048552e-02
 3.01643163e-02 2.27373511e-01 4.40169126e-02 1.14845112e-03
 4.14383896e-02 3.14510055e-02 6.16765320e-02 2.83364691e-02
 4.93272021e-02 1.36761010e-01 3.38967331e-02 1.67893358e-02
 3.00711133e-02 5.13207652e-02 2.73999758e-02 3.43302973e-02
 2.42244340e-02 5.07882722e-02 1.77372172e-02 3.73909809e-02
 3.44735868e-02 3.56818214e-02 5.77975065e-02 4.12057228e-02
 3.16804834e-02 2.85435468e-02 6.35605037e-01 4.73853983e-02
 3.56739648e-02 6.55018240e-02 4.52989526e-02 3.78870703e-02
 2.91777886e-02 2.49434449e-02 3.96529026e-02 2.51055695e-02
 3.04616280e-02 6.33642972e-02 3.21713276e-02 5.30386344e-02
 1.18354149e-02 2.53542997e-02 2.14204378e-02 4.78530861e-02
 3.48206237e-02 3.18012573e-02 5.34858890e-02 4.36017290e-02
 2.91636623e-02 1.63456090e-02 5.26350178e-02 5.75496294e-02
 1.54425241e-02 1.39964856e-02 2.61059552e-02 1.92302652e-02],0.20115134,[4.8688203e-03 4.4397596e-02 3.3846498e-03 3.5344847e-03 2.5743432e-03
 1.9451417e-03 1.5097857e-04 8.3833821e-03 3.2254197e-03 1.6566291e-03
 2.3448840e-03 2.2075549e-03 4.5867637e-03 2.5203116e-03 4.7751263e-02
 1.0264553e-03 4.7667362e-03 1.7314591e-03 2.1694787e-03 1.6200829e-02
 2.3560114e-03 1.6115978e-03 4.5487657e-04 2.2090413e-03 4.7265030e-03
 1.0413859e-02 2.6894994e-03 2.3416430e-03 1.8323217e-02 1.3994910e-03
 3.0312836e-03 2.6502907e-03 2.7996637e-03 5.5373460e-04 7.4815191e-03
 2.6157871e-04 1.9035824e-03 5.3788759e-03 3.0252226e-03 1.5778095e-03
 3.7604757e-03 3.6505610e-03 1.5052035e-04 2.9643178e-03 3.0157715e-03
 3.5026371e-03 6.7371912e-03 2.8367676e-03 5.8941618e-03 1.4046580e-03
 3.7367828e-03 3.4393556e-03 8.7319501e-03 1.8685944e-03 1.8947758e-03
 1.8161833e-03 7.4505806e-05 3.7591234e-03 1.3926513e-03 4.4246305e-02
 1.0019634e-02 5.9492886e-05 9.1008097e-04 5.8362037e-03 6.4370967e-03
 2.5651231e-04 5.3436309e-03 1.3936866e-02 9.5798448e-04 2.6976801e-03
 8.0629066e-04 4.1111894e-03 3.0383058e-03 1.3920069e-03 5.0880015e-05
 1.3757534e-03 2.5025389e-01 9.0579540e-03 7.8675576e-02 4.7370084e-03
 5.8766923e+00 2.0275861e-03 1.3415553e-03 3.2357760e-03 4.5927204e-03
 1.2321360e-02 4.4994242e-03 2.1636039e-03 7.5438991e-04 8.0039091e-03
 7.4445643e-03 2.5188465e-02 9.0127587e-03 7.3852576e-03 6.8223625e-03
 4.3956377e-03 2.7953573e-03 9.6664205e-04 1.7188743e-02 3.2137819e-03
 2.8978325e-03 5.2542277e-03 1.6321726e-03 3.3752061e-03 1.7061830e-03
 1.1281744e-03 3.6392547e-03 1.6961247e-02 2.7184375e-03 1.7881781e-02
 2.7135946e-03 2.1868385e-03 5.3463764e-03 2.7868338e-03 6.8035722e-03
 1.8224914e-02 6.2209740e-03 6.0862023e-02 3.6896592e-01 2.1606684e-04
 1.1122599e-03 7.0434995e-03 1.1185620e-02 4.3242052e-03 9.6205622e-04
 1.8928725e-02 6.8522990e-05 2.2073276e-03 9.3920976e-03 4.5086220e-03
 5.0480619e-02 6.3736737e-04 1.9798651e-03 8.7070838e-04 3.2893009e-03
 7.7734143e-04 1.7429143e-04 2.7051941e-04 1.5109368e-03 2.6228219e-02
 2.7406402e-03 3.2091290e-03 5.8219209e-04 4.7571957e-04 5.6485273e-03
 2.9048994e-03 6.6095144e-01 3.4757331e-04 1.3140813e-03 2.1839030e-03
 6.9867708e-02 5.2619725e-05 2.6640967e-03 8.4398866e-02 2.5073960e-03
 8.6123683e-03 1.7447509e-03 5.4081149e-02 2.2107437e-03 1.1977144e-03
 2.8849840e-03 1.0274723e-04 7.0076585e-03 5.8842786e-03 2.9428676e-04
 2.6906170e-03 5.3215213e-03 3.6261417e-03 1.1835843e-03 5.2396208e-05
 7.8216195e-04 2.9604319e-02 9.6676499e-04 2.1532178e-04 7.9981387e-03
 4.8540905e-04 7.3922053e-04 8.9535490e-03 4.2636134e-03 5.9754658e-01
 3.9253384e-05 3.9594248e-04 5.7444721e-02 2.9999651e-03 6.5637417e-03
 9.0987951e-02 1.2666607e-01 3.1162985e-03 9.5997006e-04 3.9838441e-03
 1.2257595e-02 2.2600368e-03 2.1516867e-03 1.8823929e-03 6.2611699e-02
 1.3177935e-02 4.5509078e-03 1.4884818e-02 3.5229959e-03 2.4109632e-03
 3.2273680e-04 1.3837500e-01 5.1657595e-03 9.3144923e-04 6.1761215e-04
 2.8592348e-03 9.6447244e-03 3.5999902e-03 1.1221506e-03 1.9052997e-03
 4.1952766e-03 8.2989410e-04 1.9885600e-03 2.8945543e-03 1.0305978e-03
 2.6084483e-04 2.2280514e-03 2.3066290e-03 5.8097616e-03 2.0644255e-03
 2.3955293e-03 2.0280257e-03 3.1169802e-03 7.7455640e-03 2.6838727e-02
 1.4282838e-03 3.6026277e-03 7.1437545e-03 7.1012169e-02 1.2208410e-02
 2.2653230e-03 2.4590530e-03 1.2729950e-03 5.4090694e-03 3.0235797e-03
 5.7378784e-04 1.7029978e-03 1.0587938e-02 3.9425828e-03 4.9757697e-03
 1.2869574e-03 1.5206017e-02 1.4670640e-03 2.5905110e-03 1.2920573e-03
 6.1333813e-03 3.7217736e-03 4.1390210e-03 1.8129125e-03 1.2104809e-03
 8.4705651e-04 3.8160719e-03 5.4379180e-03 1.9440282e-02 1.7109551e-03
 1.0172315e-03],-973.8312,-1013.27924,-1290.6367,0.9998256,1.0060034,0.9966347,0.9255445,25.745525,-53.25541,145.95537,1025.5281,1.5853689,0.22286916,0.16179955,-1021.714,1021.714,[2.95253174e+02 1.21315842e+02 2.44357727e+02 3.82983446e+00
 1.33064966e+03 7.39283752e+02 8.15717346e+02 3.54962451e+03
 4.07405710e+00 8.55377344e+03 4.36350311e+02 2.04795435e+03
 9.87814560e+01 2.33798645e+02 1.45593166e+01 1.54198341e+01
 3.91527496e+02 1.03672752e+01 1.78675404e+01 1.42841291e+00
 3.43914062e+02 2.13475571e+01 1.60648041e+01 1.84049377e+02
 1.04353600e+02 3.18200122e+03 3.47390137e+02 1.88118011e+02
 1.36182449e+02 6.07656384e+00 8.34107788e+02 1.31707163e+01
 3.17437012e+03 5.65750885e+01 2.95006073e+02 1.74972229e+02
 5.42250137e+01 5.42536240e+01 1.90146753e+03 6.28685303e+01
 2.73985825e+01 1.67447925e+03 3.82050659e+02 9.14646289e+03
 2.90028394e+03 1.80033752e+03 3.52445435e+02 5.17635645e+03
 3.17708168e+01 1.33073502e+02 8.58354004e+02 1.60206409e+03
 2.56047192e+03 6.11480904e+00 6.68815765e+01 1.76822720e+01
 1.63435730e+03 2.81078296e+03 7.40599731e+02 8.83843384e+02
 3.96759460e+02 1.40762711e+01 1.15480165e+01 2.30784576e+02
 2.88376999e+01 4.81633224e+01 3.76895605e+03 4.24154639e+03
 4.29098427e-01 1.89658652e+04 5.97874023e+02 2.60992401e+02
 1.09556793e+02 1.26364075e+03 9.45658569e+01 1.38184717e+03
 1.22924088e+02 1.88659420e+01 2.03561680e+04 3.35369995e+02
 4.30929779e+02 6.05167725e+02 2.48746265e+03 3.95673561e+01
 3.52761597e+03 1.49798547e+03 5.57968079e+02 1.72907214e+03
 3.05834541e+01 2.24560469e-01 7.41127734e+03 9.04604065e+02
 7.77700586e+03 8.79793750e+03 4.56056404e+01 1.19705078e+03
 4.18720474e+01 1.12871218e+01 1.51342041e+03 6.17535522e+02
 1.73373071e+03 4.74376434e+02 8.61964294e+02 1.69050217e+02
 5.34213181e+01 4.73420982e+01 7.73015785e+00 8.23816016e+03
 2.27277466e+02 1.02584973e+03 5.74372196e+00 5.53092468e+02
 1.25141562e+05 5.13537720e+02 1.24053802e+01 9.21968937e+00
 8.31265259e+01 4.63394653e+02 3.87244558e+00 3.83631516e+01
 1.21179146e+02 7.95476379e+02 1.80206650e+02 3.36707878e+01
 3.77797699e+02 7.82474609e+02 2.17749268e+03 1.91838806e+02
 1.54938843e+03 2.22066116e+00 2.05530858e+00 1.05699516e+05
 4.07594818e+02 5.32780518e+02 4.72824414e+03 6.80927673e+02
 2.85509369e+02 8.47046204e+01 4.45437402e+03 5.41781433e+02
 1.00157666e+03 1.32088008e+04 4.06113159e+02 1.30290634e+02
 1.46603287e+02 7.74631548e+00 3.10174438e+03 1.35804234e+01
 4.25802051e+03 4.17486023e+02 3.78083878e+01 4.01300903e+02
 2.06576587e+03 4.00096092e+01 6.35559570e+03 3.06088314e+01
 1.88518692e+02 3.29816943e+03 2.08999538e+01 5.88683891e+00
 4.67584534e+01 2.23217773e+01 1.10971466e+02 1.55612137e+02
 4.61480675e+01 1.72447119e+03 1.32876270e+03 1.79751381e-01
 9.91445084e+01 3.14329419e+03 9.20723419e+01 2.00055939e+02
 7.10821533e+01 2.32303613e+04 6.98241348e+01 9.40988831e+02
 6.67540283e+01 1.25350809e+00 1.09518883e+02 1.91501797e+04
 1.13187183e+03 9.85670227e+02 2.40373810e+02 2.20495087e+02
 1.05980459e+04 7.83155908e+03 3.76668945e+03 3.63071991e+02
 5.77566223e+01 9.27523376e+02 1.39351343e+03 3.23782080e+03
 6.11194946e+02 8.45262268e+02 1.32930640e+03 5.96268005e+02
 9.75627041e+00 2.48104904e+02 1.50031274e+03 8.50712830e+02
 2.57893429e+01 5.67757751e+02 5.27882910e+03 6.23446899e+02
 5.74577759e+02 2.45128189e+02 3.81934424e+03 1.48966235e+03
 2.42272705e+02 1.47971069e+02 6.40654785e+03 1.25836743e+03
 5.25865479e+01 4.31447296e+02 2.23532788e+03 1.52274141e+01
 1.09134720e+02 4.92794043e+03 8.27614212e+00 1.73079422e+02
 5.05597778e+02 4.97297058e+01 9.73442993e+02 2.62563416e+02
 2.33378571e+02 6.02109375e+02 6.40503320e+03 2.53385201e+01
 1.80481377e+01 1.13940020e+04 9.04657288e+01 5.79872475e+01
 9.37218170e+01 8.16426697e+02 8.94812927e+01 3.31295288e+02
 1.05099878e+03 2.94330780e+02 1.28565018e+02 5.61700195e+02
 4.28610718e+02 7.40915527e+02 4.17407112e+01 2.03544739e+02
 3.16978516e+02 8.10406952e+01 9.79410547e+03 5.22390985e+00
 7.16218109e+01 6.12761914e+03 2.66480377e+02 1.32415723e+04
 1.01050596e+04 2.46155670e+02 4.07103968e+00 8.22578064e+02],3821.5586,[2.21976257e+02 1.37012695e+02 2.01144943e+02 5.31454229e+00
 2.25522095e+02 7.11230103e+02 1.43871545e+03 4.99367676e+03
 7.72103548e-01 7.45146240e+03 4.89454407e+02 1.57383044e+03
 6.72963486e+01 2.49577087e+02 2.16183662e+00 3.39298630e+00
 5.33736389e+02 9.75357342e+00 8.01234665e+01 2.61445403e+00
 3.26670197e+02 2.23905087e+00 1.88932877e+01 1.85977356e+02
 1.76843704e+02 1.59038611e+03 4.17750061e+02 2.49768158e+02
 1.80503662e+02 2.86385155e+00 6.94859985e+02 1.98505859e+01
 5.66910938e+03 4.64604683e+01 2.69998505e+02 8.33318405e+01
 6.29292183e+01 2.76380825e+01 1.98482947e+03 1.40268692e+02
 2.71911583e+01 1.27778088e+03 3.63042297e+02 1.38623242e+04
 3.18760938e+03 1.76442346e+03 6.40601135e+02 7.03246777e+03
 9.62094650e+01 2.74130615e+02 7.10218323e+02 1.56859473e+03
 2.56587085e+03 1.43712111e+01 2.11178360e+01 3.84247704e+01
 2.17196924e+03 3.68433008e+03 9.84450134e+02 7.51175842e+02
 5.15548584e+02 2.19998646e+00 1.45145092e+01 3.92285400e+02
 1.80427818e+01 7.60246811e+01 2.21962646e+03 1.19300869e+04
 1.23753026e-01 4.02445039e+04 7.21485840e+02 3.47440704e+02
 4.42027702e+01 7.98841553e+02 1.82231033e+02 1.45381006e+03
 1.26417236e+02 4.23373451e+01 2.43071309e+04 3.23921936e+02
 5.26198303e+02 7.12212280e+02 2.91080737e+03 3.94222832e+01
 4.17102979e+03 1.36820264e+03 7.05566833e+02 2.21948047e+03
 5.55067940e+01 2.57605591e+01 1.04945410e+04 8.91398621e+02
 6.23747998e+03 1.10477637e+04 3.65701294e+01 1.22260461e+03
 3.35884056e+01 8.40267944e+01 7.06843506e+02 5.73639832e+02
 2.01278479e+03 3.54493958e+02 2.48212476e+03 2.26119476e+02
 1.22052032e+02 4.82825089e+01 3.25014091e+00 1.13032090e+04
 1.86395386e+02 1.19364771e+03 2.00786858e+01 2.27471680e+02
 1.36615875e+05 2.43912933e+02 2.37848053e+01 1.27931004e+01
 1.18197339e+03 4.87219208e+02 1.06620479e+00 4.70174789e+01
 2.41024872e+02 8.67960632e+02 9.79798889e+01 2.23890457e+02
 5.13586914e+02 6.32360168e+02 4.50786572e+03 3.40843872e+02
 3.85901428e+02 1.44166172e+00 1.55796566e+01 1.08086031e+05
 5.12962036e+02 2.71590302e+02 3.98812012e+03 6.91808044e+02
 5.02817932e+02 1.01050888e+02 6.96606152e+03 5.64390686e+02
 7.98069763e+02 1.33795654e+04 4.76088470e+02 1.88754761e+02
 1.41065994e+02 9.05149460e+00 3.29976147e+03 1.70186615e+00
 3.88676074e+03 5.80823303e+02 2.21703491e+01 4.66116058e+02
 3.18167554e+03 1.60098597e-01 8.65969238e+03 2.82501316e+01
 1.61252609e+02 5.27375537e+03 9.64073277e+00 5.57343340e+00
 6.17880859e+01 1.65976677e+01 5.89105797e+01 1.46464859e+02
 1.43925514e+01 1.59814172e+03 7.97850952e+02 5.93920326e+00
 1.52181427e+02 4.29099756e+03 5.87032959e+02 3.10670593e+02
 4.17993774e+01 2.05164102e+04 5.27857666e+01 2.27290796e+03
 1.01546120e+02 3.78862786e+00 9.44296341e+01 3.90633203e+04
 1.09593921e+03 1.14224011e+03 2.58638672e+02 3.24836792e+02
 1.56936240e+04 9.66674414e+03 4.54044141e+03 2.64900787e+02
 3.48358917e+01 2.57515320e+02 1.27170093e+03 3.35458130e+03
 6.69620728e+02 8.79458008e+02 1.82869128e+03 2.69364746e+02
 9.97403812e+00 2.10710181e+03 1.20934644e+03 1.81822678e+02
 9.51748199e+01 4.80528961e+02 5.84437207e+03 1.15339909e+01
 6.89760803e+02 3.06102966e+02 3.60690356e+03 8.82171753e+02
 6.78888702e+01 3.29871178e+01 1.65206016e+04 1.47076843e+03
 3.52807274e+01 5.18708069e+02 1.04697949e+03 2.58952236e+01
 6.29941940e+01 2.47931152e+03 2.13462162e+00 2.02300507e+02
 6.64928406e+02 1.10342247e+02 1.23128723e+03 4.85784668e+02
 2.40174362e+02 6.58985413e+02 6.44948682e+03 3.76046324e+00
 1.25025189e+00 5.04428320e+03 1.07990921e+02 6.46199646e+01
 5.43893204e+01 1.22094312e+03 1.62907776e+02 4.81474640e+02
 1.32690503e+03 3.12046936e+02 2.60052368e+02 1.80993774e+03
 4.71667920e+03 7.46833252e+02 3.37029419e+01 4.30468018e+02
 2.46285355e+02 9.09318805e-01 6.90942871e+03 2.61447067e+01
 1.40572693e+02 4.98678613e+03 3.36339752e+02 8.08453076e+03
 1.37047393e+04 7.87121964e+01 4.62084866e+00 1.36751648e+03],-976.94073,-1027.1174,-1223.3932,1.0035594,1.2562895,0.85315955,0.9256557,0.015727282629013063,4317.125155925751,0.125,0.125,0.07421145937654364,4.2265289180924473e-10,0.07421145935598318,-3.01574189973533e-10,0.3568475363695899,25.249999999996884,0.0,275000.0,-10.0,-5000.0,500.0,7.5352959632873535,275000
1013.4866,0.0516526,0.030952552,0.0017865442,-1013.12537,1013.12537,[3.78994532e-02 2.63547450e-02 2.46762224e-02 3.76096308e-01
 4.69712168e-02 3.16582955e-02 2.83532329e-02 2.75555886e-02
 2.05211192e-02 1.64434862e+00 1.02683604e-02 1.81276351e-04
 3.33457924e-02 4.15753610e-02 2.68347599e-02 3.36558372e-02
 3.98138538e-02 2.09822208e-02 3.77265401e-02 2.26240730e+00
 1.83288264e+00 3.54073085e-02 3.55003960e-02 2.67711952e-02
 1.85978599e-02 4.15847339e-02 1.20791085e-02 2.70049646e-02
 5.21904603e-02 6.40162706e+00 3.48154046e-02 8.00521076e-02
 1.68916965e+00 1.88205540e-02 2.94617899e-02 4.23254855e-02
 2.41214409e-02 1.40115060e-02 1.45812333e-02 8.25499371e-03
 7.46660307e-03 4.01576236e-03 7.63917342e-03 1.28115900e-02
 2.67771669e-02 4.42213923e-01 3.20737250e-02 1.03756443e-01
 2.50283666e-02 2.72540525e-02 5.18106520e-02 3.74587066e-02
 3.59580666e-02 3.34369019e-02 2.66433544e-02 2.53916271e-02
 1.64816864e-02 9.05514807e-02 3.58136334e-02 3.12860943e-02
 2.72003174e-01 1.93871573e-01 3.29720117e-02 7.75298849e-03
 3.68243195e-02 3.09686251e-02 3.35238315e-02 1.42974138e+00
 3.54919471e-02 5.78595579e-01 2.34985948e-02 8.26529041e-03
 7.77734816e-02 4.96893227e-02 6.53463602e-02 1.95045844e-02
 4.71277833e-02 1.78204663e-02 4.77994718e-02 3.41751315e-02
 8.47230107e-03 1.04383379e-02 6.33902103e-02 2.26801038e-02
 4.73728776e-02 1.21384442e-01 8.62565786e-02 2.58228518e-02
 3.40547860e-02 5.06079197e-02 2.80080527e-01 1.85079314e-02
 1.10079385e-02 3.60956937e-02 4.47492674e-03 1.56313181e-03
 1.23400822e-01 5.03411926e-02 1.77902132e-02 1.69020638e-01
 6.52606562e-02 4.48837914e-02 3.83819826e-02 3.72664034e-02
 2.12385207e-02 1.27069503e-02 4.64873388e-03 8.41657072e-02
 3.16090472e-02 1.13266557e-01 2.76638269e-02 2.46735103e-02
 3.22265700e-02 1.99912079e-02 1.09713316e-01 3.51004340e-02
 2.43212171e-02 4.51375961e+00 2.65104508e+00 3.14787030e-02
 2.52168477e-02 3.86393070e-02 3.48340347e-02 7.70053640e-03
 3.54157574e-02 2.94664837e-02 6.42998889e-03 4.09771502e-02
 2.25976445e-02 1.44969299e-03 4.01564874e-02 3.97857465e-02
 9.54153612e-02 8.07389989e-03 1.43709302e-01 3.31549719e-02
 1.72298737e-02 4.35224213e-02 2.31477357e-02 1.02719814e-02
 1.33638456e-02 2.56961472e-02 3.69514264e-02 2.37841904e-02
 2.01810375e-02 8.01288635e-02 1.68172009e-02 6.44983724e-02
 7.61821866e-02 8.08078423e-03 1.29775214e+00 3.78534384e-02
 4.21224684e-01 2.33025327e-02 3.49090435e-02 2.83421651e-02
 1.53973289e-02 6.15125716e-01 1.36205912e+00 7.92320967e-02
 5.56584597e-01 7.54632115e-01 6.52149320e-03 2.08170749e-02
 1.48498304e-02 2.03712918e-02 2.49754973e-02 6.66351989e-03
 2.50826068e-02 3.93927693e-02 1.37924701e-01 1.15698791e+00
 4.97945696e-02 4.02672030e-02 4.60380800e-02 4.69983891e-02
 6.38959557e-03 3.26102376e-02 1.38381198e-02 1.44917071e-01
 2.43809111e-02 7.07403719e-02 2.63859704e-02 2.80146934e-02
 4.29022312e-02 4.94967140e-02 2.40341760e-02 2.18888558e-02
 2.60493495e-02 5.95817342e-02 1.70447864e-02 1.57286264e-02
 1.40301660e-02 1.01562887e-02 4.05416079e-02 1.30600519e-02
 4.86762114e-02 5.16312197e-02 1.83315761e-02 9.46481824e-02
 2.75128186e-02 3.64777483e-02 2.82351859e-02 1.15293413e-02
 2.46171840e-02 8.12369728e+00 1.47920346e+00 3.52194346e-02
 1.12751201e-02 3.97580899e-02 2.58071721e-02 3.54644395e-02
 6.16217405e-03 2.74952427e-02 9.69951451e-02 4.26370837e-02
 2.44429857e-02 3.29565778e-02 1.12034574e-01 4.80355322e-02
 3.99013050e-02 5.42997420e-02 1.16422772e-02 3.51353362e-03
 2.89706278e+00 5.03416732e-02 9.96992365e-03 2.38040425e-02
 3.15231383e-02 1.39890090e-02 4.13010716e-02 6.92991167e-02
 2.94628181e-02 9.81241837e-03 1.94429457e-02 2.70571783e-02
 1.82038099e-02 3.52090187e-02 4.50624943e+00 9.77907330e-03
 3.77012976e-02 8.00807774e-02 2.29820758e-02 2.07185477e-01
 1.36491843e-02 3.52271535e-02 8.24336857e-02 2.13279463e-02
 4.93978895e-02 4.10004333e-02 3.14889289e-02 1.88334659e-03
 2.66463310e-02 1.21794827e-02 1.76617682e-01 8.25679600e-02],0.13759732,[8.31861049e-04 8.10064375e-05 4.76811081e-04 4.07736488e-02
 3.05790454e-04 1.54482201e-03 8.23296607e-04 2.48972327e-04
 1.96887553e-03 2.34282941e-01 3.99756506e-02 5.89707866e-03
 1.69025734e-03 4.80414182e-03 2.27341428e-03 1.87967837e-01
 2.56390609e-02 1.40512362e-03 7.66266137e-04 4.08917665e-04
 1.01988152e-01 7.96843320e-04 3.84930260e-02 6.90706074e-04
 4.70962562e-02 7.41053373e-04 1.39826573e-02 1.60918385e-03
 2.79541686e-03 6.40679151e-03 1.53011456e-03 4.12834063e-03
 5.30542374e-01 4.18676324e-02 2.33810022e-03 2.91178003e-03
 1.26107410e-03 2.74413601e-02 4.23105098e-02 3.22243460e-02
 7.49681145e-04 1.54754221e-02 3.23899277e-02 1.11696869e-03
 5.73868304e-03 2.27237493e-03 7.39920884e-04 1.01103425e-01
 2.22273171e-04 4.82872128e-04 1.48820877e-03 3.91495973e-03
 8.25263560e-04 1.38081983e-03 1.78034976e-03 7.74804503e-04
 4.43478115e-02 2.56304815e-03 2.69635394e-03 1.36208534e-03
 3.63255978e-01 2.42819950e-01 1.79875642e-03 3.27555127e-02
 9.34988260e-04 1.30615011e-03 2.19900161e-04 1.02236569e-01
 1.15588307e-03 2.40019336e-03 6.21695071e-04 2.08098441e-03
 8.58280808e-04 3.24240699e-03 2.13509798e-03 5.43738902e-03
 3.96350399e-03 2.91977078e-04 7.09624588e-03 2.59008445e-02
 2.95807794e-03 1.19836815e-02 5.58820553e-02 9.63497907e-04
 1.74346939e-03 2.59642936e-02 4.64454181e-02 2.06062570e-03
 4.28903848e-04 4.72332388e-02 3.96237999e-01 6.99473917e-03
 9.69201326e-04 7.63893127e-04 2.25791223e-02 1.15256198e-02
 1.98492780e-02 1.46342814e-03 4.84297313e-02 3.72333266e-02
 1.67057104e-02 2.61977315e-03 1.68955326e-03 4.21098359e-02
 7.18176365e-04 4.83193435e-02 1.48207098e-02 2.81763449e-03
 1.41394138e-03 2.79679894e-04 2.00528651e-03 1.31653622e-03
 1.28901750e-03 4.90727201e-02 1.17672831e-02 1.52625144e-03
 2.43792310e-03 1.33866221e-01 5.68106771e-04 3.61710787e-03
 1.33995153e-02 7.99167901e-04 4.69977036e-03 1.07484795e-02
 1.12801790e-03 1.91086903e-03 1.09034963e-02 7.44987726e-01
 9.79367644e-04 1.76951364e-02 1.93355232e-03 7.20378458e-02
 2.78128684e-03 3.91159207e-03 4.83085588e-03 9.34489071e-05
 4.76339348e-02 3.23140994e-03 4.89993393e-03 3.71124223e-02
 1.01240352e-03 4.96706739e-02 2.16336548e-03 2.51028687e-04
 4.88813519e-02 2.99526341e-02 4.73406501e-02 8.81835520e-02
 4.10239771e-03 9.82293859e-03 2.23927572e-03 2.16868520e-03
 4.84678894e-04 5.86820878e-02 1.90344453e-03 9.53987241e-04
 2.28908248e-02 1.18149340e-01 1.31214038e-03 2.19882280e-03
 2.47167423e-03 5.67474484e-01 5.08583337e-03 2.97892839e-03
 5.63359931e-02 2.33460218e-04 7.24170357e-04 2.23280862e-03
 1.27587467e-04 6.88771456e-02 7.53987581e-04 5.05490482e-01
 9.01520252e-06 2.05222517e-04 1.55001767e-02 7.73675740e-04
 1.34548135e-02 6.23125583e-04 1.07312575e-03 1.07891655e+00
 5.32989278e-02 4.06922773e-03 6.00234270e-02 1.18729845e-03
 1.27108395e-01 2.60914862e-03 7.99931586e-05 5.58494069e-02
 7.07268715e-03 5.65365329e-03 6.37332350e-03 1.48210675e-04
 3.76867130e-03 2.10294276e-02 4.91261482e-04 9.63785127e-03
 1.32072717e-03 6.93537295e-05 2.21822411e-03 7.65079632e-03
 2.16873363e-03 1.76243857e-03 8.82148743e-04 9.09923390e-03
 6.96305186e-04 1.10538912e+00 9.12804157e-04 1.72154978e-03
 2.74784863e-03 4.51994315e-03 5.19961491e-02 4.21848297e-02
 2.18086019e-02 5.45631684e-02 2.93717161e-03 1.23976544e-03
 4.16683927e-02 4.78271395e-04 4.72525135e-02 1.21638551e-03
 1.36140734e-03 2.74131075e-03 2.39701569e-03 3.35458666e-03
 1.90426782e-03 2.60091759e-02 9.86919552e-03 8.26859847e-03
 8.66836682e-03 4.04766873e-02 5.75536862e-03 1.08583607e-02
 2.16441229e-03 6.12371042e-03 2.82278545e-02 1.04643404e-03
 6.34981841e-02 6.08265400e-04 1.88415125e-03 9.02289897e-03
 5.35169616e-03 1.72620118e-02 6.99365139e-02 2.00707987e-02
 5.93781471e-03 6.95031434e-02 2.81026103e-02 5.03025241e-02
 5.13175502e-03 5.86584210e-05 5.11391833e-03 2.94882804e-04
 5.15379012e-04 1.94520503e-02 1.04717463e-01 1.28442451e-01],-974.0406,-1014.4862,-1237.153,0.99969447,1.0034997,0.9957875,0.9255349,3.1215024,-3.4699883,35.944817,1019.15155,1.6533451,0.21725903,0.16904317,-1015.3256,1015.3256,[3.41083740e+02 7.75115051e+01 1.56314331e+02 4.24659843e+01
 1.09179611e+01 1.69063013e+03 1.90218445e+02 9.86132431e+01
 1.18210864e+03 4.30043507e+00 2.54889740e+02 2.43167633e+02
 2.48569473e+02 2.41202667e+02 3.70759326e+03 1.06162853e+01
 6.15776917e+02 1.77433228e+02 2.77892065e+03 5.86855965e+01
 1.74744892e+01 3.19701324e+02 6.51776276e+01 3.50247917e+01
 1.25406570e+02 1.77040043e+01 1.77322357e+02 8.41335205e+02
 3.43527466e+02 1.07777515e+03 2.19561634e+01 3.04656315e+01
 1.41947708e+02 1.39734268e+02 3.56709930e+02 3.83115381e+03
 6.21723318e+00 8.44335571e+02 4.71284065e+01 2.23980560e+02
 7.84865494e+01 2.80272408e+01 9.42145386e+01 1.65602661e+02
 2.39411938e+03 5.44176369e+01 2.34054165e+01 9.51990967e+01
 2.85744381e+01 8.33136902e+01 3.77589050e+02 2.54856705e+02
 4.99025879e+01 2.85288770e+03 4.98493408e+02 2.78038177e+01
 6.07372131e+02 1.52733887e+02 3.04662537e+02 1.71738377e+01
 3.48234081e+00 1.69532776e+02 8.40628815e+01 6.66800547e+00
 1.67447388e+03 8.45437088e+01 3.24434863e+03 4.86244598e+02
 6.26214075e+00 2.06077103e+02 3.48315857e+02 5.15681000e+01
 2.85023608e+03 3.42291919e+03 4.02646154e-01 2.80425122e+03
 8.26423950e+01 1.31454565e+03 2.33594336e+04 1.92337933e+01
 2.27440300e+01 3.40661572e+03 1.04863403e+03 1.86384509e+03
 1.56988190e+02 7.58157492e+00 1.85094795e+01 2.75572540e+02
 1.12755562e+02 1.41939561e+04 6.61254150e+02 5.42308691e+03
 1.61794177e+03 6.04717493e-01 2.26375751e+01 2.95796795e+01
 6.25972862e+01 3.00888500e+01 1.10225159e+03 1.01435625e+04
 2.60527100e+02 9.66783691e+02 1.08338684e+02 5.45034027e+01
 1.14262886e+01 8.81685028e+01 1.25195827e+01 1.01864719e+00
 3.60626450e+01 3.15046811e+00 5.33446121e+00 5.79561462e+01
 4.57436218e+02 9.43579712e+01 6.06366821e+02 5.72509216e+02
 1.70241797e+03 8.55997852e+03 2.91248444e+02 1.54680920e+00
 4.62254763e+00 1.67343369e+01 2.64821716e+02 7.16738739e+01
 1.11969080e+03 1.25700951e+01 8.62817139e+02 7.66569748e+01
 2.37402252e+02 1.80919525e+02 2.33559497e+03 1.80311852e+01
 2.22982285e+02 2.72446060e+01 6.17416725e+01 1.78753687e+03
 6.88495752e+03 7.51926562e+03 1.96621964e+02 1.38750267e+01
 9.69086035e+03 2.42657351e+00 4.65996490e+02 5.48116943e+02
 9.96169853e+00 3.57501640e+01 8.18430786e+02 8.14668604e+03
 8.01339014e+03 4.74753332e+00 1.00886936e+01 6.38612488e+02
 2.27813049e+02 8.50381226e+02 1.08886360e+02 2.02461681e+01
 2.01882505e+00 1.63408012e+01 6.81979752e+01 3.15577728e+02
 3.61181235e+00 2.10512146e+02 1.64799423e+01 7.69961121e+02
 1.09169495e+02 1.11004126e+03 4.73915939e+01 3.17122742e+02
 1.54461121e+02 3.00015068e+01 7.13135803e+02 6.40844604e+02
 1.28026816e+04 1.02904453e+04 1.71195068e+01 5.53256607e+00
 8.01935196e+01 6.64811340e+02 1.40244785e+04 2.77194385e+03
 1.10565039e+03 1.67112549e+02 1.45785637e+01 2.66628399e+01
 1.00393381e+01 6.00018506e+03 2.30857887e+01 3.46905701e+02
 4.39282513e+00 1.02932068e+02 8.23261566e+01 7.06008301e+01
 3.74564600e+03 5.10239315e+00 2.76178875e+01 2.23721756e+02
 1.12844437e+02 2.44695288e+03 8.58455933e+02 1.59331913e+01
 3.10470200e+01 5.70936182e+03 9.72615204e+01 8.51103973e+01
 1.26399451e+03 1.55852165e+01 4.99396858e+01 5.02884979e+01
 3.41055469e+03 2.52034592e+02 4.69317398e+01 4.80315933e+01
 5.35287399e+01 1.59888940e+03 1.82061539e+01 7.16332912e+00
 6.36960938e+02 1.67897961e+03 2.42765649e+03 4.64401245e+00
 4.67370819e+02 3.86347729e+03 3.40450317e+02 5.20932068e+02
 4.03838654e+01 2.40693420e+02 5.19209839e+02 5.22019165e+02
 6.01051807e+03 4.59132385e+00 7.19441509e+00 3.94680664e+02
 2.26280060e+02 2.82923996e-01 1.24284943e+02 2.84602722e+02
 3.27442230e+02 1.59158417e+02 1.66229089e+03 4.19812698e+01
 1.45146971e+01 7.53615856e-01 1.34014990e+03 7.66422195e+01
 9.88123633e+03 2.71298313e+01 5.36117310e+02 2.43002747e+02
 6.66943787e+02 8.81173782e+01 1.65084595e+02 2.86988477e+03
 8.18390274e+01 1.20327673e+01 2.46616577e+02 2.46710854e+01],1689.9402,[3.3773538e+02 6.7131534e+00 3.6713974e+01 1.1600842e+01 2.4421440e+01
 1.5960569e+03 3.5342377e+02 1.5780820e+02 1.0862673e+03 5.5509405e+00
 2.7007654e+02 1.5888906e+03 1.9455533e+02 5.5230768e+02 2.6640811e+03
 1.0296572e+01 7.1054132e+02 2.2021112e+02 1.3447252e+03 1.0683248e+01
 8.1812143e+00 3.4940601e+02 1.1319565e+02 4.1118679e+01 1.6628944e+02
 2.6500757e+01 5.4043304e+01 2.3800632e+02 2.9087201e+02 7.7915271e+02
 2.8957483e+01 2.6859413e+01 1.0797861e+02 1.8879683e+02 2.7710529e+02
 4.0477131e+03 6.0155401e+00 2.6545682e+02 1.7423676e+01 1.5008990e+02
 1.2332821e+02 2.6493716e+02 1.1828802e+01 2.9276321e+01 1.3587974e+03
 1.5989273e+02 4.4507259e+01 1.9220506e+02 9.5906021e+01 4.3033286e+02
 4.0096246e+02 2.6694879e+02 3.7780216e+01 3.1537109e+03 4.2013303e+02
 2.3172592e+01 4.7371970e+02 1.6642740e+02 1.2851025e+02 8.1111937e+00
 7.6369786e+00 1.0182125e+02 2.8757717e+01 7.0664067e+00 1.2404259e+03
 8.9354382e+00 8.3406140e+02 6.5233136e+02 4.6727562e+00 3.2848511e+02
 1.5727364e+02 4.6930923e+01 2.8574426e+03 2.8250024e+03 2.6437340e+01
 3.1963379e+03 9.5054779e+00 6.6286646e+02 2.3797754e+04 3.0788298e+00
 1.1936156e+01 3.7606243e+03 1.2730380e+03 1.5149983e+03 4.4795113e+01
 1.3133243e+00 2.5668804e+01 2.9811563e+02 8.6598000e+01 7.2577207e+03
 1.7131635e+03 7.1398799e+03 2.0366083e+03 9.9589386e+00 1.9302479e+01
 5.5206398e+01 6.0522579e+01 4.1101532e+01 1.0506697e+03 1.6737926e+04
 1.2305344e+02 1.1039438e+03 6.8006950e+01 1.3698628e+02 9.1965026e-01
 4.5152557e+01 3.5855484e+01 7.3114014e+00 8.9779940e+00 1.3621162e-01
 2.7431256e+02 4.8328239e+01 4.8545547e+02 9.3797691e+01 1.2508101e+03
 4.8458514e+02 1.8253336e+03 8.8541328e+03 2.1726453e+02 1.4997548e+02
 9.5239391e+00 3.5200930e+00 2.7151959e+02 5.1028004e+00 1.1462671e+03
 1.0791233e+01 4.4261957e+02 1.1092252e+02 2.4731567e+02 2.2601523e+02
 2.3128303e+03 2.0856554e+01 2.7863208e+02 3.8045464e+01 4.9040131e+01
 1.0385432e+03 6.5948154e+03 9.9103076e+03 1.6106502e+02 1.6111612e+01
 2.3983189e+04 4.8449974e+00 4.9766202e+02 5.3470203e+02 6.3504672e+00
 6.8907936e+01 7.4420398e+02 9.5190566e+03 1.0945574e+04 3.6618545e+00
 1.9012287e+01 7.8208911e+02 2.0733104e+02 7.3877393e+02 1.4935163e+01
 3.7551807e+01 1.1685940e+01 2.8721740e+00 4.4877876e+01 3.3128030e+02
 1.2212004e+01 1.2298699e+02 2.9195862e+00 6.9295129e+02 1.7975812e+02
 5.5035242e+02 8.0273552e+00 1.9041667e+02 9.1217850e+01 2.0880320e+01
 1.0479010e+03 8.5558630e+02 1.3470200e+04 9.4967041e+03 9.9624062e+00
 1.8260990e-01 6.6064514e+01 5.3935071e+02 1.7494832e+04 3.5459490e+03
 1.4802217e+03 1.9587511e+02 4.7242630e+01 1.4706995e+01 9.7650375e+00
 7.9275898e+03 8.4286850e+01 3.5883835e+02 2.9962018e+00 8.0396027e+01
 6.8671906e+01 9.2329865e+01 2.8373828e+03 6.6483955e+00 7.5532913e+01
 2.7706723e+02 5.2409534e+02 2.2379138e+03 7.3270990e+02 2.4667017e+00
 2.1650005e+01 7.6178384e+03 6.2080509e+01 1.0364382e+02 1.2377839e+03
 2.0300024e+01 1.0172330e+02 1.1833880e+01 9.0897686e+03 7.1728973e+02
 7.4739197e+01 1.3512072e+01 5.4047951e+01 1.5673501e+03 1.0603067e+01
 1.1398985e+01 1.7540277e+02 1.2786879e+03 2.6801606e+03 2.3785130e+01
 8.5348151e+02 4.1167715e+03 2.4817728e+02 2.9837903e+02 4.8228889e+01
 9.5520599e+01 3.9654254e+02 4.5977570e+02 1.1950305e+04 1.1707153e+01
 1.6978018e+01 2.1136806e+02 3.6282483e+02 1.1949958e+00 2.5062003e+02
 5.2213409e+02 4.5933371e+02 1.7356519e+02 3.5290220e+03 6.5385063e+01
 4.2851025e+01 6.7376270e+00 1.8897878e+03 1.2213996e+02 1.0744279e+04
 4.0226946e+00 5.5064655e+02 2.6203979e+02 1.0917543e+03 2.8566719e+01
 2.4533093e+02 2.3805034e+03 6.9142395e+01 8.9519920e+00 2.1940369e+02
 3.7466839e+01],-975.9517,-1018.84674,-1159.7336,0.99850535,1.1308326,0.732031,0.92536044,0.015011385498046875,4692.4098081588745,0.125,0.125,0.07421145879156775,3.806070699077796e-15,0.07421145879156778,5.3723931253951136e-15,0.3577772008338153,25.249999999996884,0.0,300000.0,-10.0,-5000.0,500.0,7.6004228591918945,300000
1011.25696,0.04968298,0.015199947,0.0015795259,-1011.0553,1011.0553,[1.43771946e-01 1.10063672e-01 1.65379077e-01 9.40736532e-02
 1.06732503e-01 1.21252924e-01 1.90575033e-01 9.38105658e-02
 1.04620963e-01 1.94030607e+00 6.65704161e-02 8.10256302e-02
 1.12843350e-01 1.45346522e-01 1.56417966e-01 1.47145376e-01
 3.51335168e-01 5.27374521e-02 8.37297738e-03 2.31630243e-02
 3.19270992e+00 6.37228936e-02 1.07596695e-01 1.10417679e-01
 1.00031048e-01 1.05276406e-01 1.05997875e-01 6.73293173e-02
 4.52870876e-03 5.37047274e-02 1.38038814e-01 1.54385924e-01
 1.38867334e-01 2.03031972e-02 8.35009813e-02 1.27904356e-01
 1.18624881e-01 1.64174587e-02 1.15210623e-01 1.88081890e-01
 8.29412490e-02 6.98545426e-02 1.23447657e-01 1.30580463e+01
 9.06131417e-02 8.26855898e-02 4.65500653e-02 6.75379932e-02
 2.08870918e-01 1.07059032e-01 7.60469586e-02 6.47558644e-02
 1.14421353e-01 5.47663458e-02 1.09078184e-01 8.70865583e-02
 4.73392308e-02 1.12318039e-01 4.96426940e-01 1.13057613e-01
 1.94124669e-01 1.68697327e-01 1.41015005e+00 2.10079461e-01
 4.41897929e-01 1.80278450e-01 1.31893337e-01 9.67923701e-02
 3.41927595e-02 1.04292601e-01 1.18012637e-01 1.29729539e-01
 1.41843721e-01 1.36286750e-01 1.05850816e-01 5.30654937e-02
 5.24471775e-02 1.60688221e-01 1.10245585e-01 2.24769413e-01
 1.29379764e-01 1.33165315e-01 1.01668149e-01 3.88739258e-03
 1.06206566e-01 1.11625686e-01 4.59813513e-02 4.67110649e-02
 7.89661407e-02 8.28132331e-02 1.23886317e-01 2.13029549e-01
 1.71110988e-01 7.87968785e-02 5.83286956e-02 1.34555846e-01
 3.99691351e-02 5.04944474e-03 1.21506229e-01 4.29828882e-01
 8.23841095e-02 2.74945378e-01 6.78623617e-02 4.54929620e-02
 3.90030060e+01 9.05947238e-02 2.06423476e-02 9.61033106e-02
 4.03941013e-02 2.08281547e-01 1.57970056e-01 1.05319887e-01
 3.67616713e-02 7.87572935e-02 8.06472898e-02 1.07677817e-01
 2.29744017e-02 9.75144282e-03 9.25778300e-02 1.72584891e-01
 2.63985252e+00 1.39380366e-01 2.03385979e-01 1.28005803e-01
 9.31787491e-02 1.06181055e-01 1.49562433e-01 1.23954594e-01
 7.50967860e-02 9.72452164e-02 6.47975504e-02 1.18743539e+00
 1.28633276e-01 2.87570447e-01 1.41388476e-01 2.48144102e+00
 6.64694607e-03 1.53055358e+00 2.31776655e-01 2.53671780e-03
 1.70456208e-02 1.32038981e-01 1.05015010e-01 1.37682438e-01
 1.36916950e-01 2.02172428e-01 6.29834235e-02 4.61718321e-01
 1.16036415e-01 9.05455649e-02 8.79721344e-02 1.76164776e-01
 2.02082694e-01 6.90734833e-02 6.90523535e-02 6.90995753e-02
 1.16795450e-01 1.64533436e-01 9.27848220e-02 2.97839828e-02
 1.05557844e-01 8.17403346e-02 9.35200751e-02 7.09137619e-02
 1.90812439e-01 5.12447394e-02 2.19521433e-01 5.83610088e-02
 8.95965695e-02 4.33287397e-02 6.31629303e-02 8.67002010e-02
 4.62680534e-02 7.64584094e-02 6.20479137e-02 1.08198196e-01
 1.23522565e-01 1.01293236e-01 7.39737153e-02 8.07198435e-02
 1.13160878e-01 1.57292962e-01 6.45152107e-03 3.92366946e-02
 2.74769217e-02 1.75737396e-01 1.73346937e-01 3.54410149e-02
 4.09151204e-02 8.01709071e-02 1.75051451e-01 1.30492687e-01
 4.26015329e+00 9.73003507e-02 1.04862452e-02 1.46977499e-01
 5.12275845e-03 9.77088660e-02 2.93567963e-02 8.90154541e-02
 1.57210970e+00 8.76409113e-02 1.27371669e+00 3.72225666e+00
 3.47849168e-02 4.46659699e-03 9.42809582e-02 1.22025937e-01
 8.20698887e-02 1.11495331e-01 3.86053264e-01 1.32442832e-01
 1.04668215e-02 1.23927712e-01 1.15938112e-01 8.11727792e-02
 2.04774588e-01 9.68463719e-02 1.17748141e-01 2.76923943e+00
 4.60290909e+00 1.26516014e-01 4.11163568e-02 2.09428743e-03
 9.04828161e-02 1.36941266e+00 1.57973200e-01 9.63544548e-02
 7.36562014e-01 1.33847237e-01 1.00077763e-01 1.41069621e-01
 7.98726529e-02 1.13232322e-02 1.18712440e-01 1.00827590e-01
 1.22539937e-01 1.08433038e-01 6.76556975e-02 1.88182861e-01
 7.89867640e-02 4.49586697e-02 1.78945616e-01 1.25030935e-01
 1.13923177e-01 2.32883143e+00 1.29563546e+00 1.20096534e-01
 1.03307799e-01 5.01437932e-02 1.30846635e-01 2.07495943e-01
 6.24842107e-01 1.18273228e-01 7.09416270e-02 2.17102900e-01],0.6799903,[5.15416898e-02 8.30307975e-03 1.37962401e-02 3.53846326e-02
 3.65808383e-02 5.37855700e-02 2.78309360e-02 3.01857963e-02
 3.12460959e-02 2.92194821e-02 1.91831961e-02 2.34884396e-02
 1.54820718e-02 2.80087069e-02 9.14151967e-02 2.65796483e-02
 7.36722350e-01 1.61574632e-02 1.92293897e-02 9.38649476e-03
 5.33713400e-01 3.25800851e-02 2.47372761e-02 4.01994362e-02
 2.84434110e-02 3.66447344e-02 5.66247478e-03 8.48782957e-02
 4.95440513e-03 4.62975577e-02 7.38872960e-03 1.01731904e-02
 1.73543282e-02 2.63422914e-02 3.08902934e-02 4.02634032e-02
 2.31387094e-02 3.27034183e-02 3.59608606e-02 1.22225061e-01
 3.05912644e-02 1.80295147e-02 4.68516722e-02 6.30688381e+00
 2.65953839e-02 2.78677493e-02 2.67609432e-02 2.22035684e-02
 5.31066805e-02 9.54260305e-03 3.61383259e-02 2.08558142e-01
 2.23268345e-02 3.18259932e-02 2.30972320e-02 4.03530672e-02
 8.61411169e-03 2.95973569e-02 1.45306483e-01 3.88347581e-02
 1.96687654e-02 4.09779325e-02 4.33018096e-02 2.03408636e-02
 5.44971704e-01 3.60615551e-02 3.54387946e-02 2.74534002e-02
 2.61535197e-02 3.91582437e-02 1.74436867e-02 1.27681829e-02
 3.93255688e-02 4.64429148e-02 3.97608466e-02 1.37609020e-01
 9.44824517e-03 1.91830881e-02 5.09530678e-02 2.64691859e-02
 8.10610056e-02 3.31192613e-02 2.62378529e-02 2.12796107e-02
 3.08365002e-02 3.66628766e-02 2.90063769e-03 2.93422677e-02
 2.77036801e-02 2.71118656e-02 4.65959385e-02 1.76689513e-02
 1.45320036e-02 9.45384055e-03 3.10388282e-02 8.69162828e-02
 1.58969536e-02 1.61600262e-02 8.19166675e-02 2.34693624e-02
 3.61672118e-02 9.86815393e-02 2.19255164e-02 3.05894390e-02
 8.76275787e+01 8.08244497e-02 5.53803816e-02 3.30842920e-02
 4.30962630e-02 4.00870927e-02 2.50428319e-01 4.32500131e-02
 7.54801184e-03 2.18165107e-02 3.41725983e-02 2.56248787e-02
 3.10692936e-02 2.56977379e-02 2.80513838e-02 1.98477581e-02
 8.21224332e-01 6.20541610e-02 1.40266493e-02 6.57931715e-02
 3.57957259e-02 3.20909396e-02 8.21376219e-03 3.54328528e-02
 2.91201212e-02 1.84029974e-02 4.54378873e-03 4.45537359e-01
 3.01915407e-02 3.18723209e-02 9.24059898e-02 6.64535761e-02
 2.57980563e-02 2.22299528e+00 3.74059230e-02 2.05632225e-02
 1.29880644e-02 2.12536529e-02 2.23562792e-02 1.48517400e-01
 4.44475748e-02 1.87229663e-02 3.09739187e-02 4.36740339e-01
 2.87954882e-02 3.32184508e-02 2.92534269e-02 4.25489619e-02
 1.00430027e-02 3.77427414e-03 2.80624703e-02 3.13273668e-02
 3.14371064e-02 1.33797713e-02 3.15880552e-02 7.36001879e-03
 1.37418985e-01 1.70485750e-02 3.52873392e-02 2.80830637e-02
 1.67308822e-02 1.34319998e-02 1.38821043e-02 2.78785266e-02
 3.99285741e-02 3.79819423e-04 6.85716569e-02 4.55098525e-02
 3.23480144e-02 2.16314383e-02 2.71858647e-02 4.36258912e-02
 4.20119353e-02 7.22745433e-02 2.72139981e-02 3.20721306e-02
 2.26893015e-02 4.38093245e-02 2.23306566e-02 1.47644915e-02
 3.10285464e-02 1.14243403e-02 1.08608976e-02 5.65669872e-02
 1.60608962e-02 6.70123845e-03 9.43212584e-03 5.47803938e-03
 3.59191000e-01 4.26179208e-02 2.02481635e-02 1.21751800e-02
 4.16123942e-02 4.20603938e-02 4.59407456e-02 1.05305016e-01
 6.95931390e-02 2.74190642e-02 2.79803053e-02 2.03633461e+01
 4.06252220e-02 3.22612822e-02 2.36946642e-02 1.37198605e-02
 1.54787675e-02 2.79497579e-02 1.27561048e-01 5.20877317e-02
 2.08658352e-02 3.36218625e-02 8.83295015e-03 1.93287618e-02
 1.67928822e-02 3.83983627e-02 2.77827084e-02 4.56495583e-03
 3.06244075e-01 4.77016158e-02 2.79470831e-02 1.18200853e-02
 1.45182684e-02 3.76086980e-02 1.04909316e-02 3.89083102e-02
 2.96127796e-02 2.93897763e-02 1.69504955e-02 7.43156672e-03
 6.43213093e-03 4.38222662e-02 6.19932786e-02 3.22465375e-02
 3.85069922e-02 5.04305959e-03 3.35276127e-02 1.88666731e-02
 3.44526246e-02 6.28416613e-03 4.75170091e-03 2.89393961e-02
 2.93649510e-02 9.02528763e-02 4.67772372e-02 3.60860713e-02
 2.47328170e-02 8.38813931e-03 3.82627919e-02 1.02633595e-01
 2.00515985e-01 5.36908843e-02 8.72646272e-02 2.44822279e-02],-973.19684,-1013.7915,-1260.6108,0.9996779,1.0038269,0.9957646,0.92553365,36.952206,-62.989864,227.57513,1013.0108,2.0080593,0.18706988,0.16327332,-1009.132,1009.132,[1.79685272e+02 1.19715840e+04 1.46458264e+03 1.33119827e+02
 1.25979724e+03 5.58164893e+03 3.47785492e+01 7.17046204e+01
 1.52676516e+01 6.54697113e+01 4.46267545e-01 8.55402603e+01
 6.87166595e+00 1.84095516e+01 5.38975906e+01 7.74305969e+02
 7.46126328e+01 4.56041162e+03 9.36867554e+02 1.22472172e+01
 1.28702942e+03 2.10828743e+01 2.33461227e+01 9.05692673e+00
 1.81543958e+03 1.37722153e+02 4.61471283e+02 2.12587681e+01
 1.99180359e+02 9.87901367e+02 2.31270075e+00 8.40080261e+01
 5.58566956e+02 1.28339186e+01 1.32240341e+02 7.13828735e+01
 2.14119675e+02 1.72076294e+03 1.44901413e+02 5.19045486e+01
 1.93913745e+03 2.70320526e+02 1.11315823e+01 1.23693825e+02
 3.90766528e+03 4.80497314e+02 1.33822424e+03 3.60716963e+00
 3.88975525e+02 1.66373932e+02 2.44087753e+01 5.55330017e+02
 5.78370819e+01 8.24766159e+01 7.90573926e+03 1.56736164e+01
 1.53959302e+03 3.42434814e+02 3.15724426e+02 5.35003815e+01
 3.14387932e+01 2.32800018e+02 6.37614059e+00 2.23497391e+02
 3.33092316e+02 2.55437286e+02 1.98371391e+01 9.74256992e+00
 1.00134004e+04 2.58274632e+01 3.94096451e+01 6.87266785e+02
 5.96972351e+02 6.53486300e+00 3.46144714e+01 3.37410508e+04
 4.46108007e+00 1.25204506e+02 1.27958366e+02 3.98378334e+01
 2.19289703e+01 1.94646950e+01 2.46775513e+01 2.39254013e+02
 3.96483536e+01 9.99400139e+00 7.25823288e+01 9.46221289e+03
 1.13449142e+02 1.84824792e+03 1.60837650e+01 3.33187500e+04
 6.43889236e+01 7.12141275e-01 1.66133179e+02 5.70221634e+01
 2.33330835e+03 6.96301697e+02 2.42151566e+02 1.00987568e-01
 2.55316992e+03 3.84100781e+03 2.32903557e+01 1.03367477e+02
 3.81596289e+03 1.59927082e+01 2.31039810e+01 8.92169556e+02
 5.45615112e+02 3.85199829e+03 5.76466484e+01 2.48626147e+03
 6.99954468e+02 4.88771820e+02 1.01881427e+03 8.74803711e+02
 7.55653076e+01 3.05320573e+00 3.31177101e+01 7.33101349e+01
 1.51916489e+02 2.78860235e+00 7.00796631e+02 1.30385696e+02
 3.96488953e+01 7.39573441e+01 9.41832703e+02 8.21644104e+02
 8.02976608e+00 5.56169243e+01 9.37002754e+00 1.48515892e+01
 5.36923462e+02 1.10416077e+02 3.00032288e+02 2.10295609e+02
 2.08777027e+01 1.24497978e+02 2.02918933e+03 4.75396271e+01
 6.88675684e+03 8.32268333e+00 1.00388023e+02 1.15990486e+02
 5.30224075e+01 8.12453613e+01 8.66359680e+02 4.44537592e+00
 1.12906208e+01 5.83070496e+02 1.38871851e+01 7.84060211e+01
 1.12359344e+02 1.05047340e+01 5.42044531e+03 1.47815065e+01
 1.37035742e+01 3.48604965e+01 4.38371658e+01 2.64413605e+02
 1.33235217e+03 6.78998947e+01 7.71076736e+01 6.12277832e+02
 3.63938260e+00 9.18591187e+02 3.07376465e+02 9.06665344e+01
 4.57008057e+02 6.47492142e+01 8.70217529e+02 3.01780884e+02
 2.77249870e+01 2.01365448e+02 1.90370712e+01 6.13650513e+00
 6.07266502e+01 3.79535446e+01 7.96788208e+02 2.01320343e+02
 1.05125537e+03 8.74750916e+02 4.29826965e+01 2.01061755e+03
 5.10808228e+02 3.46290894e+01 4.50007772e+00 5.23776674e+00
 2.76810059e+02 3.97378006e+01 5.24132141e+02 6.24816875e+04
 4.19029327e+02 2.17295818e+01 2.75561867e+01 4.67842529e+02
 1.13531677e+02 6.73678284e+01 1.10564899e+01 1.20423861e+01
 1.52612354e+03 8.36216278e+01 2.71305561e+00 7.28789902e+01
 5.34722519e+01 1.72729321e+01 2.87984638e+01 2.60647697e+01
 9.85636234e+00 1.58645754e+01 9.95918091e+02 5.01959515e+00
 1.16492871e+03 7.75559235e+00 2.31613522e+01 8.79937012e+02
 5.70558510e+01 2.26881146e+00 5.53220276e+02 5.06373672e+01
 1.36471024e+02 3.70641919e+03 2.60511865e+03 2.46960327e+03
 1.10456055e+04 1.12239365e+02 7.27270660e+01 1.39696074e+01
 9.96821442e+01 2.80269379e+02 2.27942944e+01 1.23708130e+03
 1.84543365e+02 2.96414948e+02 1.83438080e+02 5.09025000e+03
 1.00584364e+01 5.84861145e+01 7.67049332e+01 8.53577881e+01
 7.13112305e+02 7.40390808e+02 1.47832825e+02 8.22237488e+02
 1.42038364e+01 1.14906281e+02 4.32440491e+01 2.14194059e+00
 8.50778885e+01 3.52608459e+02 4.09106250e+03 2.13605781e+04
 1.84399805e+03 1.85326602e+04 3.89667480e+02 7.55651074e+03],2103.0942,[1.77566437e+02 1.27568223e+04 2.49764160e+03 1.69535934e+02
 1.14697266e+03 2.40024048e+03 9.80267429e+00 9.77686386e+01
 2.02100563e+01 6.98055725e+01 9.76509285e+00 1.17082497e+02
 2.87699986e+01 1.56297183e+00 1.42863979e+01 9.63003784e+02
 3.62762070e+01 4.34774219e+03 9.81925171e+02 2.83332748e+01
 1.10279919e+03 1.03119135e+00 1.61741745e+00 8.56807423e+00
 1.18650818e+03 2.17712296e+02 5.28814697e+02 9.38849258e+00
 3.11507629e+02 4.60251038e+02 3.83028626e+00 5.45218811e+01
 6.88434509e+02 3.98847198e+01 1.52426910e+02 1.10450783e+02
 7.50742188e+01 1.85829810e+03 1.40156769e+02 4.39276772e+01
 1.77474023e+03 2.32963959e+02 6.29641652e-01 1.92080368e+02
 3.42530396e+03 2.93489990e+02 9.05789490e+02 3.95452642e+00
 5.49416931e+02 7.74219360e+01 1.99369125e+01 7.62704041e+02
 7.13049622e+01 6.42397156e+01 9.25614941e+03 2.77735538e+01
 1.54494116e+03 6.13426575e+02 9.21497345e+01 5.63713150e+01
 1.12323349e+02 3.59830200e+02 8.74803066e-01 2.27349548e+02
 2.83302216e+02 9.98283310e+01 4.57036209e+00 4.08458519e+00
 2.25699980e+04 5.34886265e+00 5.58992767e+00 5.62123535e+02
 8.17583313e+02 1.49272947e+01 2.07459164e+00 3.30329492e+04
 4.26558161e+00 8.13654709e+01 6.13899803e+01 7.24892616e-02
 4.21230202e+01 1.96667824e+01 2.79471951e+01 2.38788055e+02
 1.80775375e+02 7.96036196e+00 1.15440689e+02 8.64911523e+03
 1.00674377e+02 1.36791260e+03 1.48777122e+01 4.09993516e+04
 6.95378265e+01 5.51432180e+00 1.13476463e+02 1.51427069e+01
 2.15285791e+03 4.47400543e+02 2.43440369e+02 2.42398405e+00
 2.54083691e+03 9.67437598e+03 4.46458855e+01 3.03337708e+01
 5.59990918e+03 1.16639338e+01 2.20249310e+01 7.40562134e+02
 5.47308228e+02 6.32661230e+03 4.25652008e+01 1.52325244e+03
 5.04221985e+02 2.98951599e+02 1.01282025e+03 9.08528503e+02
 3.86782990e+01 6.35407333e+01 5.46947060e+01 1.36305771e+02
 2.09504181e+02 7.74271107e+00 7.41930176e+02 9.80494308e+01
 3.53127441e+01 4.57878151e+01 1.50462622e+03 7.55922729e+02
 9.71548462e+00 5.94526100e+01 9.51798630e+00 3.12776985e+01
 9.77134766e+02 1.14955833e+02 3.96785339e+02 2.09410049e+02
 8.09908450e-01 9.55027847e+01 1.28659473e+03 6.24461784e+01
 7.91553467e+03 1.70632973e+01 6.78412704e+01 1.08019035e+02
 7.68353271e+02 7.50218811e+01 1.67313867e+03 3.41100502e+00
 1.83235130e+01 4.98755249e+02 1.12159014e+00 6.81308441e+01
 1.61148438e+02 6.86258507e+00 8.05335156e+03 2.00610008e+01
 2.27903290e+01 4.21513939e+01 6.99910812e+01 2.44291412e+02
 5.94963440e+02 3.44496689e+01 6.93950348e+01 2.03766345e+03
 6.50809813e+00 2.20571213e+01 2.66144745e+02 3.83750954e+01
 1.53972397e+02 5.68400421e+01 1.02196729e+03 4.81940765e+02
 5.15154266e+01 2.97969757e+02 3.09319286e+01 3.67016411e+00
 3.40299835e+01 4.50781059e+01 7.80978271e+02 2.38283875e+02
 8.82518799e+02 7.09414734e+02 6.19460392e+00 1.85888428e+03
 5.84341187e+02 5.13396988e+01 1.95798759e+01 3.73437095e+00
 1.90714905e+02 6.74115524e+01 6.94740723e+02 6.30316328e+04
 3.84276245e+02 7.26202698e+01 1.92352848e+01 4.55748993e+02
 1.67810571e+03 9.28935623e+01 1.93361435e+01 2.48988342e+01
 1.13369006e+03 1.62061783e+02 2.85010433e+00 1.27526989e+01
 4.92378159e+01 2.90037060e+01 5.07334137e+00 3.10155468e+01
 1.74591427e+01 7.55363312e+01 1.93211621e+03 3.04002953e+00
 1.34719373e+03 4.61051941e+00 7.14098663e+01 6.09608398e+02
 9.92435532e+01 5.60442305e+00 6.43717285e+02 1.11854401e+02
 2.38120834e+02 1.24331367e+04 1.94024622e+03 2.11895264e+03
 1.12149902e+04 1.25210747e+02 1.10962662e+02 3.03035469e+01
 1.30815308e+02 3.10951141e+02 4.47052536e+01 1.27243274e+03
 5.97950783e+01 7.59588623e+02 1.92959030e+02 5.30835889e+03
 1.28745813e+01 8.14869690e+01 8.81773300e+01 4.78638763e+01
 4.49815552e+02 1.66296667e+03 1.39507675e+02 1.00296234e+03
 4.59318008e+01 8.71356049e+01 8.58005905e+01 2.91153488e+01
 4.47580566e+01 4.90057526e+02 1.35390271e+03 2.28398906e+04
 1.82198743e+03 2.09450195e+04 1.01182257e+03 6.30944824e+03],-978.2571,-1013.7798,-1205.843,0.99728906,1.1533787,0.82003915,0.9252615,0.015678062810897828,5084.361392736435,0.125,0.125,-0.2485918840927803,0.00041686377486831243,-0.2485784046084059,0.00023714458700457253,-1.0682452708939194,25.249999999996884,0.0,325000.0,-10.0,-5000.0,500.0,7.413063049316406,325000
1011.27234,0.039456535,0.016170228,0.0020118959,-1011.07117,1011.07117,[8.76143053e-02 8.89186338e-02 1.04078740e-01 8.07373673e-02
 9.25544649e-02 9.50413346e-02 1.84563190e-01 4.45978977e-02
 9.01811272e-02 1.38997316e-01 8.09603930e-02 6.91887885e-02
 6.50277138e-02 1.08108528e-01 1.44283772e-01 5.36341220e-02
 7.84153461e-01 7.89031163e-02 1.76154748e-01 2.03135705e+00
 5.47373295e-03 8.44428688e-02 1.81724615e-02 6.41735271e-03
 6.71775043e-02 8.65080953e-02 8.48949105e-02 6.18534572e-02
 5.22843748e-02 9.04165208e-02 8.37653577e-02 6.51048571e-02
 8.51595402e-02 1.75171331e-01 6.92872852e-02 5.34388758e-02
 7.05043152e-02 3.26440454e-01 3.59449126e-02 9.21254158e-02
 1.80155970e-02 4.39392477e-02 9.52290446e-02 1.67023972e-01
 1.90621066e+00 1.07360125e-01 3.41776386e-02 1.07949048e-01
 1.80781201e-01 2.34457806e-01 6.21383376e-02 6.38842359e-02
 6.38815910e-02 9.22507495e-02 4.75539267e-02 1.49748728e-01
 1.12069935e-01 6.45892471e-02 5.87949343e-02 1.27373517e-01
 8.73894244e-02 7.33905137e-02 5.95476404e-02 8.45473051e-01
 1.48470044e-01 7.28202611e-02 2.08510309e-01 2.11763024e-01
 5.77614382e-02 2.86007002e-02 8.03793147e-02 1.72052532e-01
 1.43576908e+00 5.18968701e-02 6.11212999e-02 1.54265553e-01
 7.88844004e-02 4.85254563e-02 1.77371955e+00 7.14065284e-02
 1.99988484e-03 2.75495350e-01 7.32542276e-02 1.82061940e-01
 6.10165596e-02 6.98366836e-02 7.30447483e+00 1.06657103e-01
 8.53235779e+01 5.46121073e+00 1.08327076e-01 9.38916206e-02
 2.83167422e-01 1.63509160e-01 2.36768901e-01 7.48168230e-02
 6.49096072e-02 8.65347385e-02 7.85853714e-02 7.69727901e-02
 1.37745976e-01 2.09291697e+00 1.98247731e-01 4.38161381e-02
 8.33064318e-02 7.83069879e-02 6.30441606e-02 9.23640877e-02
 9.78297591e-02 1.04732931e-01 9.37910751e-02 8.49096179e-02
 8.95239115e-02 1.64277509e-01 1.83982439e-02 1.39157325e-01
 7.28322268e-02 8.61817971e-02 6.54058307e-02 1.11113191e-01
 7.82314986e-02 1.06478900e-01 1.01407357e-01 1.30093187e-01
 1.03706375e-01 4.83779907e-02 1.43240646e-01 7.83173740e-02
 2.06505179e-01 3.28449279e-01 7.83786774e-02 1.74492657e-01
 6.21222407e-02 1.16711229e-01 8.36771876e-02 6.38093090e+00
 6.60762340e-02 1.63137674e-01 7.10654557e-02 5.49156405e-02
 9.92392302e-02 1.53261572e-01 6.13612607e-02 7.06885457e-02
 7.66809285e-02 8.98590684e-02 6.80838823e-02 6.69366419e-02
 5.63829541e-01 1.36915401e-01 8.56045187e-02 6.69789463e-02
 1.24471843e-01 6.69871941e-02 1.54737189e-01 8.37911665e-02
 1.91437781e-01 6.54010773e-02 8.94820392e-02 1.36728391e-01
 6.61164671e-02 8.41754973e-02 3.70687023e-02 1.03615433e-01
 7.74232522e-02 6.40931726e-02 1.46072364e+00 1.99565262e-01
 1.52414411e-01 6.93608820e-02 6.57001212e-02 6.63124174e-02
 3.51450928e-02 6.36980310e-02 8.67918879e-02 5.33311144e-02
 6.51491955e-02 7.66244829e-02 3.71632725e-02 6.05723411e-02
 2.69024372e-02 6.97831362e-02 9.79180932e-02 6.06722385e-02
 7.59182423e-02 8.31554011e-02 5.80986217e-02 7.61971354e-01
 2.06351176e-01 5.19671328e-02 7.17169046e-02 5.13542444e-02
 8.23418200e-02 7.61305094e-02 5.66115566e-02 3.32562596e-01
 2.09269539e-01 9.30287838e-02 7.92469978e-02 1.01041406e-01
 1.45398542e-01 1.03044480e-01 7.17352033e-02 5.50039299e-02
 5.48761562e-02 1.52014166e-01 2.72668988e-01 6.70676082e-02
 1.33412093e-01 7.84157589e-02 1.69355310e-02 9.91138592e-02
 8.10249224e-02 6.40822202e-02 6.51928931e-02 1.61761105e-01
 7.17457384e-02 8.46371651e-02 6.62519038e-02 2.52167225e-01
 8.15211087e-02 5.78328669e-02 1.31855518e-01 6.75702393e-02
 3.08183767e-02 9.95661393e-02 7.49265328e-02 6.27194718e-02
 5.31634130e-02 3.57699007e-01 9.08308923e-02 9.78800729e-02
 1.78395182e-01 5.98160267e-01 1.01239264e-01 1.50721282e-01
 1.03930093e-01 7.94055611e-02 9.94997621e-02 7.25299716e-02
 8.32247809e-02 1.07148677e-01 1.40370518e-01 7.68089443e-02
 6.75408542e-02 1.52282178e-01 6.75769523e-02 7.73072615e-02
 5.69680370e-02 5.94195873e-02 9.84238759e-02 4.93796170e-02
 8.26121867e-02 8.16308558e-02 6.50339201e-02 5.24470583e-02],0.5125853,[7.49731436e-03 1.27180256e-02 2.27551237e-02 1.97648145e-02
 4.01612557e-02 1.19841285e-02 1.01239011e-01 1.43023618e-02
 2.04273351e-02 7.10238516e-02 2.15075985e-02 7.83405453e-03
 1.75065175e-02 1.10501982e-02 4.51827236e-02 1.60357729e-02
 1.85169019e-02 1.06830746e-02 3.98981608e-02 4.45092805e-02
 1.83979422e-02 9.36333090e-03 1.78492256e-02 7.26316124e-03
 5.53805009e-03 1.31632835e-02 1.67746432e-02 1.79087222e-02
 3.18282396e-02 2.72645243e-02 2.26988383e-02 3.17497402e-02
 2.37883702e-02 9.07137841e-02 1.71517804e-02 1.38850287e-02
 1.62394419e-02 3.22913416e-02 2.93298699e-02 2.32216306e-02
 1.75711550e-02 1.52327605e-02 3.78017798e-02 4.21726480e-02
 7.83220172e-01 1.94225088e-02 3.24183702e-02 2.28075534e-02
 9.07442272e-02 9.25215483e-02 3.44079770e-02 1.86726637e-02
 3.69804054e-02 1.39271505e-02 2.51667798e-02 4.65309620e-02
 1.48935989e-02 1.65524967e-02 1.07699782e-02 5.87730184e-02
 1.40180625e-02 3.53539027e-02 3.57306600e-02 1.35878101e-02
 9.34060812e-02 2.06924230e-02 8.87203366e-02 3.73357274e-02
 4.33619693e-03 2.37916261e-02 1.73387863e-02 8.97860527e-02
 3.21821499e+00 1.13371015e-02 1.17302239e-02 7.88308680e-02
 1.41840056e-02 1.19329467e-02 1.31417252e-02 2.03746334e-02
 1.60982043e-01 7.54506588e-02 1.55084468e-02 8.99198800e-02
 9.24363732e-03 8.62816721e-03 2.98986006e+00 3.71953249e-02
 4.53888130e+01 1.04127235e+01 6.26837015e-02 1.98218971e-02
 1.45926014e-01 4.80504707e-03 3.68013531e-02 1.62100345e-02
 1.01629645e-02 1.55930072e-02 1.41968280e-02 1.54961124e-02
 7.93516785e-02 3.17907669e-02 1.79725923e-02 2.01709569e-02
 1.86989456e-02 1.41958781e-02 2.27754489e-02 2.45804377e-02
 2.44125761e-02 2.47869641e-02 1.26831084e-02 2.06914321e-02
 2.15777941e-02 1.83025189e-02 6.59809262e-03 2.74662971e-02
 5.92067838e-03 1.20693222e-02 1.38603747e-02 6.80888444e-03
 2.49490514e-02 2.42807306e-02 1.86730176e-02 6.53218329e-02
 1.49319321e-02 4.38988581e-03 7.20193982e-02 4.45399433e-02
 3.90403308e-02 1.74232200e-02 1.91880241e-02 7.41043389e-02
 3.86536121e-02 2.96028443e-02 7.87216425e-03 1.56727806e-02
 7.91956484e-03 8.00857693e-02 1.56324990e-02 1.32578053e-02
 2.45677009e-02 8.11398625e-02 3.91608365e-02 1.43264472e-01
 1.82598568e-02 2.19030529e-02 1.10800751e-02 1.64071321e-02
 5.49035072e-02 6.64981306e-02 1.99136287e-02 3.46335955e-02
 3.37625816e-02 1.13692433e-02 7.89204985e-02 1.06331781e-02
 9.02660191e-02 1.25599876e-02 1.80211999e-02 8.43060315e-02
 3.86976078e-02 2.09893063e-02 1.54718198e-02 3.27089615e-02
 1.99941173e-02 2.07457319e-02 1.77571923e-02 1.41911507e-01
 7.60246515e-02 1.40477717e-02 2.34621167e-02 4.06634249e-02
 2.41481140e-03 1.12591088e-02 1.69881880e-02 6.07016683e-03
 8.06275383e-03 3.72921415e-02 3.52861956e-02 1.88644715e-02
 1.61495954e-02 1.53342262e-02 2.15345994e-02 3.86345983e-02
 2.08897665e-02 2.24929191e-02 1.70330293e-02 3.81912962e-02
 2.10478902e-02 2.34800950e-02 3.71614993e-02 1.51884742e-02
 4.62722965e-02 4.24588397e-02 2.46827789e-02 8.89394432e-03
 4.73523289e-02 3.18827108e-02 3.36275101e-02 1.73356906e-02
 8.41885954e-02 1.93362273e-02 4.01643701e-02 3.11670192e-02
 1.20063908e-02 8.71993601e-02 2.65422612e-02 1.56041384e-02
 2.58166343e-02 1.50004402e-02 3.37179303e-02 1.62456967e-02
 2.60207951e-02 1.43204965e-02 1.55144706e-02 9.17480141e-02
 1.24005228e-02 1.60723999e-02 3.56579609e-02 1.39967963e-01
 1.97843090e-02 5.32378629e-03 2.46121772e-02 4.02911678e-02
 6.86401501e-03 2.35989094e-02 7.89238513e-03 3.17306817e-03
 1.42785460e-02 6.61277324e-02 1.74253918e-02 2.49949284e-02
 1.01688832e-01 1.08315982e-02 6.24133646e-03 7.10766912e-02
 3.24752107e-02 1.83943585e-02 2.21273676e-02 1.33016296e-02
 1.42643042e-02 2.03085095e-02 2.92856731e-02 4.74703200e-02
 1.74958147e-02 7.70474374e-02 1.91307813e-02 9.50899720e-03
 1.07273236e-02 1.46458820e-02 1.46814883e-02 8.33176449e-03
 2.10630931e-02 2.38602348e-02 1.33764930e-02 1.45660974e-02],-974.1981,-1012.406,-1147.0818,0.9996901,1.0107813,0.9815028,0.9255345,142.8781,-99.1617,492.57672,1014.0055,1.8366791,0.21449168,0.15901928,-1010.0239,1010.0239,[1.14810852e+02 9.87915955e+02 2.18070850e+03 5.06785278e+01
 7.46429291e+01 6.23252792e+01 3.40492578e+03 5.12224922e+01
 6.16551857e+01 5.96096008e+02 4.67888527e+01 6.42338623e+02
 1.07948990e+02 6.55994812e+02 2.29968965e+04 2.99911602e+04
 7.19711731e+02 4.89436913e+00 2.60578117e+01 9.24543823e+02
 1.00130548e+03 4.56137085e+02 3.20172429e+00 7.35384903e+01
 1.32974640e+02 3.89358253e+01 4.26742920e+02 7.05579590e+02
 1.15894997e+02 8.42625732e+01 2.57672749e+01 2.71834278e+01
 5.07857285e+01 4.37467041e+01 3.68101120e+01 1.15698341e+02
 5.56080627e+02 5.46864090e+01 1.57518591e+03 5.62433195e+00
 4.09959183e+01 7.81495605e+03 5.55962944e+00 5.74855270e+01
 1.45529633e+02 2.92597275e+01 9.25443573e+01 2.01296997e+00
 1.36507300e+03 3.07533325e+02 2.93161163e+01 9.37363663e+01
 1.09260817e+01 7.60020113e+00 1.36597015e+02 1.23600250e+02
 2.37833838e+03 2.79289276e+02 4.48266602e+01 1.65875562e+03
 1.03828079e+02 1.03732861e+03 2.53133545e+01 1.28485174e+01
 3.69638062e+01 1.28785172e+02 2.38138623e+03 1.08181628e+03
 5.48970108e+01 7.86502609e+01 2.01884327e+01 2.70323067e+01
 1.35111933e+01 1.96550354e+02 1.58805405e+02 1.00785529e+03
 4.37384319e+00 1.36004895e-01 4.58397980e+01 7.55155640e+02
 1.10808201e+01 4.30099297e+00 2.63061218e+01 1.82398434e+01
 2.16092720e+01 1.37322254e+01 7.90467682e+01 2.98387432e+01
 2.24382629e+01 7.27281152e+03 1.32401905e+01 2.87670670e+01
 1.91993752e+01 4.56883972e+02 2.04659668e+03 5.34783691e+03
 1.02724883e+04 1.42662927e+03 1.11696501e+01 1.13825478e+02
 3.37235284e+00 1.31594395e+04 2.77280945e+02 1.25427147e+02
 6.94303894e+01 1.19501793e+02 4.25566101e+01 1.64467545e+01
 1.91775055e+02 6.62052002e+02 1.23192482e+01 1.41675269e+03
 1.15327873e+01 8.29040527e+00 3.29224091e+02 1.57007666e+03
 4.97175179e+01 2.20842789e+02 7.28701935e+01 1.00439752e+03
 6.63962646e+02 2.11294312e+03 1.33001450e+02 2.03427429e+01
 2.94865341e+01 9.74603424e+01 1.06316416e+04 3.20615935e+00
 1.86958725e+02 1.34846426e+04 2.11085472e+01 4.32842834e+02
 1.05040863e+02 5.58577347e+01 2.70404727e+04 4.31838043e+02
 1.98042395e+03 4.39652435e+02 1.43078785e+01 4.72463608e+01
 5.02569977e+02 6.42276764e+01 1.51818665e+02 4.88422394e+01
 2.60563354e+01 6.49050140e+01 5.95387230e+01 2.89001221e+03
 7.17511988e+00 1.40643234e+02 8.95828962e-01 1.12505847e+03
 8.18879297e+03 1.99129669e+02 2.86665253e+02 8.86209564e+01
 1.38191872e+01 8.42134888e+02 1.68038774e+00 2.76617249e+02
 6.13666344e+00 2.25911697e+02 4.09325342e+03 6.56863428e+03
 1.06395302e+01 1.66580772e+01 1.92722480e+04 3.62817192e+01
 1.47405322e+03 2.63650341e+01 3.18650244e+03 7.29600601e+01
 3.76556320e+01 4.60588303e+01 9.10909772e-01 6.73528137e+02
 7.89236450e+02 2.23142014e+01 2.40251236e+01 3.13970288e+03
 3.11651630e+01 1.20000940e+03 3.91374780e+03 1.70803198e+03
 4.17283325e+01 4.15732941e+02 3.56682007e+02 3.85273590e+01
 2.12935776e+02 5.57963623e+03 1.09480026e+02 1.33472366e+02
 3.15038818e+03 4.86576709e+03 4.96006934e+03 1.84321075e+02
 2.36098633e+02 1.13907871e+04 4.31961823e+02 3.65090454e+02
 9.49644375e+00 2.12041569e+01 4.77691612e+01 2.88866024e+01
 6.13802493e-01 1.54784839e+03 2.80578247e+02 4.70316544e+01
 6.80720215e+01 3.22333252e+02 7.12852539e+02 3.68912582e+01
 1.43508957e+02 2.09353619e+01 1.24850826e+01 7.55283966e+01
 1.77844810e+01 7.36365204e+01 2.05674414e+03 3.09596558e+01
 2.31504242e+02 1.71939240e+02 4.25145215e+03 2.96632373e+03
 1.76943874e+01 2.92285181e+03 6.19283398e+03 4.78455127e+03
 8.35862446e+00 6.09482765e+00 2.31078320e+03 2.76576281e-01
 2.66662750e+01 1.10706406e+02 5.81869019e+02 5.42676904e+03
 1.52608643e+02 4.00232849e+02 1.09349260e+01 8.83720970e+00
 5.32251978e+00 3.89174690e+01 5.53466263e+01 1.20163798e+00
 3.08366302e+02 1.25709705e+01 3.23958435e+02 2.61199150e+01
 1.65309326e+02 1.48017540e+01 4.76120796e+01 4.83028793e+01
 1.14136810e+01 2.15362363e+04 9.00419331e+00 3.95799065e+01],2022.7106,[9.23465881e+01 9.41961060e+02 1.36123840e+03 8.68906021e+01
 1.10755516e+02 9.19900513e+01 2.84676953e+03 1.00859833e+02
 9.93320236e+01 2.78645081e+02 9.45370560e+01 5.43889465e+02
 9.35487976e+01 5.43656128e+02 2.92026094e+04 2.56038457e+04
 8.29889771e+02 1.46463490e+00 3.32126274e+01 1.43161377e+03
 9.95277527e+02 6.22344604e+02 7.80113173e+00 5.99598503e+01
 1.31489258e+02 7.11381760e+01 2.06217392e+02 6.30527161e+02
 2.92661991e+01 8.48312912e+01 6.04241252e-01 2.10786285e+01
 1.44354210e+01 4.87262115e+01 1.74766388e+01 8.00186310e+01
 5.70884827e+02 5.04196167e+01 7.61693054e+02 1.52605066e+01
 1.22954407e+02 7.34664160e+03 1.27847505e+00 3.92407379e+02
 1.50823349e+02 4.53471909e+01 9.81690750e+01 1.91853867e+01
 1.21824866e+03 3.60105408e+02 1.13548017e+00 1.23318336e+02
 1.39243555e+01 5.86293876e-01 1.32668045e+02 3.10934906e+01
 2.03117029e+03 4.36089264e+02 5.99751663e+01 1.21133215e+03
 2.89755974e+01 3.57864441e+02 1.67882366e+01 8.40547657e+00
 1.11905384e+01 1.45821045e+02 2.39637988e+03 1.46449158e+03
 4.33494034e+01 9.85438843e+01 2.44855614e+01 3.48172998e+00
 2.98491936e+01 2.21524506e+02 1.29779709e+02 1.32068958e+03
 4.72425222e+00 1.21623981e+00 1.59173370e+02 9.18969849e+02
 6.79063511e+00 9.24083292e-02 4.98358631e+00 1.46168203e+01
 2.73903046e+01 3.33260384e+01 5.95991669e+01 3.44971886e+01
 4.99324274e+00 6.65623438e+03 4.51320267e+01 6.12104683e+01
 5.24932384e-01 3.11077209e+02 2.00670923e+03 2.07645996e+03
 1.20991104e+04 1.78329163e+03 9.98093224e+00 8.43602066e+01
 2.84401627e+01 2.07522461e+04 3.28028259e+02 2.18151611e+02
 1.57119965e+02 1.14399239e+02 2.66300850e+01 6.84069777e+00
 2.33066101e+02 1.11871460e+03 6.24277449e+00 1.30521997e+03
 2.03481522e+01 9.64804268e+00 5.34821594e+02 4.37109521e+03
 9.22050858e+01 2.67671112e+02 2.86108952e+01 1.02440259e+03
 5.02848755e+02 2.49884644e+03 1.12096436e+02 4.67629147e+00
 1.29607529e+02 6.06309395e+01 2.33688438e+04 6.53922939e+00
 4.92609978e+01 1.15118662e+04 1.23612175e+01 3.54112793e+02
 1.56983398e+02 4.49006958e+01 2.77814824e+04 5.55048462e+02
 1.41521753e+03 8.99940796e+02 8.35733318e+00 5.20440006e+00
 5.63017456e+02 9.23293915e+01 1.44978134e+02 2.54482040e+01
 5.01032982e+01 1.58108864e+01 4.38930626e+01 1.65711511e+03
 1.55895519e+01 2.09862274e+02 6.36259317e+00 1.64423682e+03
 2.69898438e+03 1.47843338e+02 3.17334656e+02 4.85469627e+01
 1.02773943e+01 5.93885681e+02 5.46256971e+00 2.13973221e+02
 4.28302002e+01 6.74869843e+01 2.91539209e+03 6.66362891e+03
 1.90227914e+00 1.60075455e+01 1.42818672e+04 8.75454254e+01
 2.25822021e+03 1.33749437e+01 2.90304712e+03 1.07278938e+02
 5.16198044e+01 1.43682814e+01 9.37614799e-01 8.71222717e+02
 9.03358459e+02 8.55922508e+00 1.28846703e+01 5.11026221e+03
 1.12695724e+02 8.42476074e+02 4.39340234e+03 1.99923425e+03
 4.28486137e+01 3.57427185e+02 1.99708466e+02 2.47111893e+01
 1.25784424e+02 4.73414111e+03 1.45325119e+02 1.70657867e+02
 4.08324365e+03 5.27138086e+03 4.10575391e+03 1.67752762e+02
 4.49253876e+02 1.10273389e+04 3.61414398e+02 3.73204407e+02
 1.21600571e+01 2.34918003e+01 1.11409576e+02 1.28044868e+00
 5.07487583e+00 5.39097046e+02 3.89516266e+02 5.46221542e+01
 4.55607147e+01 5.55161682e+02 5.79105042e+02 5.92821236e+01
 1.72421631e+02 7.20146513e+00 1.55863523e+01 8.16136856e+01
 7.43840456e-01 2.96736298e+01 2.85197778e+03 6.75760880e+01
 1.42103662e+03 2.19778351e+02 5.51940674e+03 7.90908740e+03
 2.04263992e+01 4.42342480e+03 1.50619053e+04 4.98856982e+03
 1.02442694e+00 4.33139801e+00 2.46361768e+03 3.98301554e+00
 2.94046545e+00 1.25188797e+02 5.82231323e+02 9.62485547e+03
 2.15144348e+02 5.59978333e+02 1.68580761e+01 2.92436257e-02
 2.83880596e+01 4.32100601e+01 6.78031158e+01 2.09542608e+00
 1.94019333e+02 8.38534594e-01 4.67133972e+02 2.15531540e+01
 9.65613632e+01 7.39707470e+00 8.73979721e+01 3.49159861e+00
 7.71498585e+00 2.71512148e+04 3.26056075e+00 1.30919113e+01],-974.9237,-1018.636,-1254.1887,0.9873496,1.1007321,0.87408644,0.9245596,0.014960936756134033,5458.384824991226,0.125,0.125,-0.24275255549740665,0.00013530145669821093,-0.24274892331420278,6.347947112190087e-05,-1.0434091489190436,25.249999999996884,0.0,350000.0,-10.0,-5000.0,500.0,7.403524875640869,350000
1010.9762,0.03399567,0.0118676275,0.002003191,-1010.82355,1010.82355,[9.47225839e-03 5.32010943e-02 3.05454805e-02 8.36769164e-01
 7.26874247e-02 4.66230102e-02 2.14874521e-02 1.57194525e-01
 2.94011608e-02 5.61857410e-02 4.30401303e-02 2.24684429e+00
 2.51417048e-02 3.66603285e-02 6.88341409e-02 2.45908275e-03
 5.01698554e-02 3.58233228e-02 2.95163281e-02 5.79916127e-02
 3.65068689e-02 6.55296445e-02 5.36920205e-02 4.46573980e-02
 4.33106758e-02 3.92286852e-02 4.10929918e-02 3.16038281e-02
 1.82476687e+00 6.14090934e-02 4.60456908e-02 7.46463394e+00
 3.67402136e-01 8.71250927e-02 4.28288057e-03 6.50721043e-02
 1.10930502e-02 3.57982554e-02 4.48771194e-02 2.25416571e-02
 4.37922515e-02 5.16524650e-02 5.54814078e-02 6.08733773e-01
 3.47441323e-02 8.23844820e-02 6.66218176e-02 1.08363181e-01
 1.40641667e-02 5.23063578e-02 4.52609435e-02 2.73085572e-02
 4.68338467e-02 4.29248847e-02 2.98189260e-02 5.72612435e-02
 3.47262211e-02 6.19859770e-02 3.58066447e-02 3.02881837e-01
 3.63620669e-02 5.86589351e-02 1.01433420e+00 3.05502415e-02
 2.32263803e-02 5.91481626e-01 1.77859105e-02 3.09683420e-02
 3.23286988e-02 2.38289721e-02 4.20036912e-02 2.91627198e-02
 4.65911068e-02 3.01910949e+00 1.32716149e-01 6.10427931e-02
 6.78295791e-02 1.04400665e-01 2.74397880e-02 2.85423584e-02
 1.83888078e-02 3.60324979e-02 4.76679146e-01 1.54570103e-01
 4.20454182e-02 3.27571407e-02 4.81065586e-02 2.75373757e-02
 6.94964975e-02 2.76711360e-02 7.18775749e+00 5.97873703e-02
 1.64834440e-01 1.29572898e-02 3.67914177e-02 2.19496155e+00
 3.89856882e-02 6.25574887e-02 5.33010438e-02 3.99134494e-02
 3.75720300e-02 6.92103058e-03 1.81692317e-01 6.53669611e-02
 6.22279167e-01 4.60090116e-02 3.87981720e-02 2.74606980e-02
 3.94711271e-02 1.60712674e-02 4.19392884e-02 4.14258987e-03
 5.04470542e-02 5.55016585e-02 1.98168188e-01 1.84364468e-02
 4.72653583e-02 6.50163963e-02 1.81572303e-01 8.80412400e-01
 1.09330148e-01 5.58889844e-02 3.61255594e-02 4.51358594e-02
 2.71969214e-02 5.95963001e-02 9.81617346e-03 1.25376172e-02
 4.66350466e-02 1.82972908e+00 5.35399504e-02 5.64629212e-03
 3.25085558e-02 3.56374122e-02 8.65005851e-02 1.50000453e-01
 5.00183851e-02 2.88195968e-01 5.65177239e-02 1.71667375e-02
 1.68905050e-01 2.66935304e-02 4.43538614e-02 2.09191591e-02
 5.98383099e-02 3.68282385e-02 2.73778923e-02 3.96020450e-02
 5.05800880e-02 4.73193899e-02 4.51784208e-02 9.46466029e-02
 3.08621861e-02 2.47387476e-02 7.76917413e-02 4.28598076e-02
 5.54260314e-02 6.15345314e-03 3.79908681e-02 3.90701778e-02
 2.78711654e-02 2.05592066e-02 1.81922466e-02 6.20117374e-02
 2.17520967e-02 7.27823675e-02 4.49945219e-02 7.40629435e-02
 1.39559992e-02 4.16954048e-02 9.82560217e-03 2.36730911e-02
 1.46169513e-01 1.20110080e-01 7.54473358e-03 1.44654289e-02
 6.13880232e-02 2.52439976e-02 4.48296554e-02 3.69263440e-02
 6.51629418e-02 1.78033128e-01 3.72506678e-02 3.89523804e-03
 2.50932314e-02 2.68326774e-02 5.09214997e-02 6.95168227e-02
 6.72343075e-02 6.43062439e+01 5.39695807e-02 2.91100889e-02
 2.55983025e-02 2.63808370e-02 5.10802555e+00 2.72746161e-02
 7.30943084e-01 4.41429205e-02 3.87008578e-01 3.08464840e-02
 4.56442624e-01 2.39811853e-01 1.47827640e-01 5.70717156e-02
 4.41229083e-02 8.74600067e+01 2.89599061e-01 5.62445298e-02
 9.54089314e-03 1.09468925e+00 3.13164182e-02 8.46606642e-02
 1.85723379e-02 6.44464791e-02 8.36575031e-03 2.89538689e-02
 5.22606447e-02 3.12503129e-02 7.85995275e-03 2.17411473e-01
 6.03856519e-02 4.89605702e-02 6.47041947e-02 1.23418756e-02
 2.48630792e-02 5.93889505e-02 1.03619285e-02 3.41251679e-02
 6.64258450e-02 5.97642064e-02 1.64193541e-01 3.67933996e-02
 7.56620467e-02 3.24530341e-02 3.62395197e-02 2.20293179e-03
 3.78902107e-02 1.55486238e+00 5.10628372e-02 2.69903131e-02
 5.60172275e-02 2.05081415e+00 1.80626288e-02 4.85396422e-02
 1.89178586e-02 2.36439779e-02 4.46356311e-02 4.33494188e-02
 9.58237350e-02 5.09609282e-02 5.53850532e-01 3.27758864e-02
 8.45212042e-02 4.23992015e-02 3.23815644e-02 3.04872870e-01],0.868433,[5.25964797e-03 1.62351280e-02 1.03361979e-02 2.66123295e-01
 1.06483698e-02 4.67620045e-03 2.82177702e-03 3.31935473e-02
 2.72847712e-03 3.14344838e-03 9.41276923e-03 6.89034536e-03
 1.08687952e-03 3.94428521e-03 8.94487277e-03 5.65158203e-03
 7.52883032e-03 5.96647337e-03 5.63953072e-03 8.71549919e-03
 8.54134560e-04 6.29790127e-03 7.64454901e-03 2.22477689e-03
 6.57296926e-03 1.76132210e-02 1.97134167e-03 1.29326656e-02
 8.29331875e-02 7.35462457e-03 3.30240279e-03 8.04699063e-02
 1.55249760e-01 9.12065357e-02 3.90205160e-03 1.25930794e-02
 4.25354019e-03 1.26903690e-02 5.49462438e-03 5.37628308e-03
 4.19928133e-03 6.79444149e-03 4.82816249e-03 1.15641475e-01
 1.18067861e-02 1.42558999e-02 7.87905231e-03 4.59708311e-02
 4.70776111e-03 7.40543753e-03 2.14786269e-02 2.09803134e-03
 1.57762319e-03 2.93041021e-03 5.66959381e-04 6.03765622e-03
 2.32646242e-03 1.43918432e-02 5.23904338e-03 2.02375390e-02
 1.39761716e-03 4.12162915e-02 1.40562654e-02 1.90997496e-03
 3.03903595e-03 4.54867631e-03 4.47254255e-03 8.94732773e-04
 2.22719088e-03 2.20704824e-03 1.16970129e-02 3.42074782e-03
 3.65078449e-04 3.80028039e-02 1.94989517e-02 1.46265030e-02
 1.25741959e-02 2.25512125e-02 5.53200394e-03 1.34518445e-02
 2.75807455e-03 1.41479075e-03 6.74683601e-04 2.97560170e-02
 1.94109976e-03 2.14766338e-03 6.47440925e-03 2.43787840e-03
 9.43765789e-03 1.07255317e-02 7.19542801e-03 2.26119533e-03
 5.23636118e-03 3.97798792e-03 4.11363319e-03 3.36927846e-02
 1.64605677e-02 9.28912312e-03 2.20809318e-02 1.58028677e-03
 1.79658905e-02 2.84001976e-03 7.99470842e-02 6.56299666e-03
 6.85702115e-02 2.24152207e-03 5.22828847e-03 6.41090050e-03
 3.91639769e-03 8.23492557e-03 6.58456236e-03 8.39836150e-03
 7.75577128e-03 2.03732401e-03 9.90023091e-03 7.12588429e-03
 1.98448002e-02 8.91913474e-03 4.62866202e-02 1.04823852e+00
 1.12603195e-02 1.45873204e-02 5.55920973e-03 9.53124836e-03
 4.24028933e-03 2.36038268e-02 1.16611309e-02 8.24406743e-03
 7.07452372e-03 3.17628551e+00 8.10486823e-03 8.07409361e-03
 4.13575768e-03 2.85435468e-04 1.89121142e-02 3.23161855e-02
 5.41228801e-03 3.19623426e-02 2.51896679e-03 3.98542359e-03
 1.81000866e-02 4.75589186e-03 4.20756638e-03 4.67226654e-03
 1.00828782e-02 1.40549615e-03 3.22747231e-03 3.16816457e-02
 3.09691578e-03 4.24293429e-03 3.42281535e-03 9.07049328e-03
 6.11473620e-03 9.20285657e-03 2.14690715e-03 2.89976969e-03
 2.51101330e-03 5.39499521e-03 3.78381088e-03 3.61410528e-03
 2.46848799e-02 5.12756407e-03 5.35533577e-03 1.54931918e-02
 2.06154957e-03 1.11613162e-02 3.29804420e-03 1.31085068e-02
 1.99656561e-03 5.20635396e-03 4.91851941e-03 4.71086055e-03
 1.93295255e-02 6.76909834e-03 3.84580977e-02 5.41356206e-03
 6.53553754e-03 6.35798275e-03 1.10148676e-02 3.08809057e-03
 7.98727572e-03 5.66355139e-03 1.32289268e-02 4.94873896e-03
 1.01089478e-03 5.21879271e-03 1.15019865e-02 1.04621723e-02
 2.42779404e-03 6.14173508e+01 3.92510369e-03 4.55719978e-03
 1.67291239e-03 6.37145713e-03 1.76508248e-01 4.88878563e-02
 1.38466406e+00 3.93914059e-03 1.00839511e-02 2.69085169e-04
 3.17465544e-01 9.46757942e-03 8.87215137e-05 5.00959530e-03
 8.57913867e-03 6.25760193e+01 1.05149180e-01 1.47881582e-02
 1.40782185e-02 2.42616558e+00 1.74899474e-02 4.45530191e-02
 2.78690830e-03 2.56537870e-02 6.14057854e-03 6.53767958e-03
 4.81100753e-03 5.93120605e-03 6.08772784e-03 4.95038070e-02
 6.56177104e-03 2.30062753e-03 7.77148083e-03 3.34786251e-03
 1.25474483e-03 1.55247226e-02 1.22923031e-03 1.91104785e-03
 1.53537542e-02 1.56696476e-02 1.13655999e-02 5.05782664e-03
 2.14584023e-02 2.36264244e-03 3.43620777e-05 1.82783976e-02
 5.05864993e-03 2.99743563e-03 1.00193098e-02 2.98506767e-03
 5.82192093e-03 2.27113068e-03 3.12713534e-03 1.78702176e-03
 3.29640508e-03 6.35684282e-03 6.49464875e-03 4.39304858e-03
 2.51807608e-02 4.50531021e-03 5.95323563e-01 1.23269111e-03
 5.01025096e-03 1.41835958e-03 4.92427498e-04 3.70477736e-01],-974.10004,-1011.4291,-1160.8628,0.999844,1.0033431,0.9838059,0.92554593,105.662186,-53.83568,382.36514,1008.6008,1.7349557,0.18129206,0.15954673,-1005.053,1005.053,[3.4946576e+02 5.9579319e+01 8.9447906e+01 1.0644570e+03 8.4369583e+00
 4.5577972e+01 1.9017862e+01 1.0892797e+03 2.6976572e+02 2.6640038e+00
 4.0272732e+01 3.7430763e+01 2.9780276e+02 4.3855319e+00 1.3422797e+01
 3.9668591e+01 1.0201590e+01 9.1586847e+00 1.4704084e+01 1.6709531e+02
 3.3382999e+02 5.6031223e+01 4.6078359e+03 6.2987463e+02 1.6687598e+03
 1.7385275e+01 4.2590451e+02 1.5216273e+02 3.1533291e+03 1.7865869e+02
 6.5939679e+02 1.7318909e+01 1.3436917e+01 2.9429016e+02 7.7973991e+01
 5.2517834e+02 1.0195287e+01 3.9701114e+02 1.0691891e+01 8.5169777e+01
 6.6246924e+02 2.2121616e+01 1.2360605e+03 2.7169287e+02 9.9948280e+01
 9.6218250e+02 2.0326168e+01 1.2816028e+02 1.7508521e+03 9.0324612e+00
 8.4987266e+03 6.8757629e+01 2.5708910e+01 5.9315262e+00 1.0371450e+02
 1.6533941e+04 1.1442113e+02 1.7155495e+02 1.4921202e+03 6.0009827e+02
 2.5053464e+03 9.8394647e+02 1.4272565e+02 1.7702611e+02 1.0452428e+00
 2.0645641e+04 7.1704724e+02 9.1399490e+01 6.2147017e+03 4.7566831e+03
 1.8367273e+01 4.5381115e+01 4.8204681e+02 3.8624981e+01 2.0520265e+02
 1.3039407e+02 6.3843677e+02 1.6183629e+02 8.8843060e-01 7.5531000e+02
 9.0526324e+02 4.7848923e+01 6.1874222e+01 7.5078668e+02 1.5644934e+02
 6.9333588e+01 3.3058517e+01 1.6346653e+01 7.6304810e+01 8.9658798e+01
 4.3222842e+03 4.9176712e+02 9.4885361e+01 5.4651756e+00 2.5447979e+03
 1.2878668e+02 1.5088659e+01 1.5599242e+03 9.3152267e+01 8.0497314e+01
 2.4440979e+01 5.2350848e+02 6.3088892e+02 1.1729717e+05 1.0924431e+01
 4.4840305e+02 1.4963809e+01 1.1941890e+01 2.8297508e+01 6.4926971e+01
 2.7512897e+02 2.7379011e+01 2.0761323e+03 1.2481406e+02 6.3677722e+02
 4.9117622e+03 3.5636612e+01 3.9796507e+00 1.1997286e+03 3.6815134e+02
 1.3157654e+02 2.3534129e+02 3.0206009e+01 1.0013406e+01 1.9495832e+01
 1.6243259e+02 6.9829492e+03 1.7675953e+01 3.1861542e+01 3.0169761e+00
 4.2458168e+01 1.1551020e+01 1.5358154e+02 5.4308162e+00 4.7593573e+02
 6.7416481e+01 5.0867081e+01 6.4567604e+00 5.1795902e+01 5.4858499e+00
 7.5703629e+01 4.9381882e+02 5.7505169e+00 2.0795288e+03 4.7370610e+00
 1.8890972e+01 8.8983563e+02 9.0710354e+00 1.2246760e+03 2.5072343e+02
 3.4107135e+02 3.6030588e+02 1.9924635e+01 1.8809601e+02 2.8897955e+02
 1.8875074e+01 2.5815796e+02 1.0102320e+02 2.9048420e+01 7.3629584e+02
 1.0190180e+01 3.1357237e+01 3.1788576e+01 4.7322253e+02 5.2740421e+00
 8.0829327e+02 3.2098289e+01 4.0630268e+01 4.5457225e+00 3.0364606e+02
 7.5297461e+00 4.7297568e+02 1.2239253e+02 8.7880389e+02 1.1853323e+00
 1.3178221e+02 1.3446124e+02 6.9041664e+01 1.6825014e+02 3.8176670e+01
 4.0802942e+02 1.5771477e+01 6.7352228e+02 1.0927889e+01 2.9228624e+01
 1.2808482e+01 9.5699341e+01 8.0828026e+01 1.4505427e+01 2.4112434e+00
 4.2898964e+01 1.3039325e+02 7.2547020e+01 7.4477396e+00 2.7612729e+02
 2.4391846e+02 1.9053644e+01 4.1321645e+00 4.0148864e+00 1.0091629e+02
 4.3303076e+03 3.8325269e+02 5.9350004e+00 1.1155347e+02 2.3953957e+02
 3.9693325e+01 2.9301232e-01 1.0421564e+01 2.7326281e+04 3.3005118e+02
 1.5523603e+01 3.3876154e+02 1.2966862e+03 6.0517603e+03 3.3998184e+03
 9.1723648e+01 2.3390743e+01 1.0377102e+01 5.3243332e+01 2.0090005e+00
 1.8519543e+01 3.6672104e+02 1.2015068e+03 1.5262929e+01 2.2899664e+02
 2.3695417e+01 1.3194719e+03 4.5940338e+01 6.6893875e+01 1.3991902e+02
 1.0213662e+02 1.9568063e+02 3.0333171e+00 4.4410895e+02 4.6528961e+02
 1.2472650e+01 8.2785699e+02 1.3775151e+03 1.8028647e+02 3.0131320e+02
 1.9263674e+03 1.8596605e+01 5.3419029e+01 3.4545132e+03 1.8171701e+01
 1.1420632e+03 4.7597568e+02 1.7309082e+01 6.6397762e+00 1.2000264e+02
 2.7419263e+02 3.0147427e+02 3.4069099e+01 3.3622604e+02 1.1993585e+02
 5.4739491e+01],1767.2601,[3.10443909e+02 3.05181122e+01 7.23262939e+01 8.53665161e+02
 9.18152924e+01 4.00013542e+01 3.51816952e-01 9.33053711e+02
 3.05648529e+02 5.14263992e+01 5.17016144e+01 1.46204254e+02
 2.80928040e+02 2.64764833e+00 2.04465103e+01 1.72031116e+00
 2.53556228e+00 8.71388626e+00 1.18084526e+01 1.86232239e+02
 6.33378174e+02 7.61070251e-01 5.05739111e+03 5.33249146e+02
 1.61852600e+03 1.99280720e+01 2.41109116e+02 1.55280014e+02
 3.41368262e+03 1.80893799e+02 1.42125146e+03 2.09507561e+01
 6.70348740e+00 3.62384399e+02 7.29909286e+01 8.99272827e+02
 3.38340974e+00 5.51205261e+02 3.47537346e+01 1.04427307e+02
 6.09237915e+02 2.20460529e+01 1.06665759e+03 2.87188568e+02
 1.03836708e+02 8.18794739e+02 6.48344955e+01 4.05598724e+02
 1.48352234e+03 8.58430672e+00 1.00251562e+04 6.63344879e+01
 3.80841789e+01 8.15140343e+00 1.36416519e+02 1.62361855e+04
 1.93481216e+02 6.47329407e+01 1.22999377e+03 5.01820648e+02
 2.02615833e+03 7.94407104e+02 1.69517609e+02 2.43357681e+02
 8.90338898e+00 2.49749082e+04 4.52786346e+02 5.39492760e+01
 1.40116836e+04 3.65003857e+03 7.21464539e+01 5.88835192e+00
 4.40050934e+02 1.62094650e+01 3.33517395e+02 2.16343689e+02
 5.97060547e+02 6.10162506e+01 5.28777456e+00 9.50771423e+02
 1.06523743e+03 4.22802658e+01 6.41126251e+01 1.44027136e+03
 3.45052490e+01 3.80582695e+01 1.02355072e+02 2.32401848e+01
 5.59621460e+02 4.06339264e+00 5.29870020e+03 9.51017212e+02
 6.22342148e+01 1.18740873e+01 2.44322266e+03 2.85703430e+02
 1.81352005e+01 2.36810083e+03 1.25654388e+02 7.22647705e+01
 7.19586639e+01 7.31461609e+02 7.39287903e+02 1.24241695e+05
 9.69878864e+00 3.82851959e+02 1.74249821e+01 1.38693027e+01
 2.28232384e+01 4.96660690e+01 2.73982147e+02 1.26720459e+02
 2.22462646e+03 1.01628487e+02 6.06700745e+02 4.58762939e+03
 2.64141579e+01 6.51241779e-01 1.63202820e+03 2.67773163e+02
 5.44295120e+01 1.44136597e+02 2.36862736e+01 1.18967896e+01
 1.47032089e+01 1.61459427e+02 3.95232812e+03 1.14262705e+01
 5.02887611e+01 2.47142525e+01 1.44918194e+01 6.39230728e+00
 2.10975006e+02 9.91685104e+00 4.30801483e+02 5.35282974e+01
 6.50330658e+01 7.41414690e+00 1.41408520e+01 4.42550945e+00
 1.28101166e+02 5.93136353e+02 9.68648434e+00 2.17581250e+03
 3.87779770e+01 2.16447525e+01 6.49449524e+02 6.62522268e+00
 1.17930920e+03 2.14492203e+02 4.04634766e+02 3.29475922e+02
 2.18336849e+01 3.04339142e+02 3.07694122e+02 3.72573433e+01
 2.40146469e+02 2.13168579e+02 2.57091694e+01 6.04442383e+02
 3.56821656e+00 8.70680084e+01 2.89853649e+01 5.22081665e+02
 1.37289543e+01 9.07387207e+02 1.54098797e+00 3.83628120e+01
 1.40974140e+01 3.19766754e+02 4.59890270e+00 8.05050293e+02
 1.28741486e+02 8.25893433e+02 4.70639896e+00 1.78787354e+02
 1.17536598e+02 9.81977615e+01 1.24321899e+02 1.26134583e+02
 3.86929199e+02 4.46106453e+01 7.81626282e+02 3.37783545e-01
 8.41751251e+01 5.60546684e+00 1.11583923e+02 5.50112486e+00
 1.06049461e+01 3.38286996e+00 9.31570816e+01 2.40349945e+02
 7.54919662e+01 3.37323074e+01 4.68554443e+02 2.57347107e+02
 5.43221283e+00 3.48972130e+01 4.55322113e+01 1.85516312e+02
 5.66652246e+03 4.14709900e+02 4.44959164e+00 9.42951202e+01
 5.31924744e+02 2.75633602e+01 1.24699364e+01 6.38158035e+00
 1.84088359e+04 1.96625778e+02 1.38948364e+01 2.81061249e+02
 1.20577710e+03 4.67775049e+03 1.48606865e+04 7.01318130e+01
 5.81776314e+01 1.94915543e+01 7.76131973e+01 1.21416068e+00
 1.67873001e+01 3.27614227e+02 5.95313049e+02 3.74365463e+01
 3.53107269e+02 1.72187424e+01 1.38490735e+03 3.59079666e+01
 5.93176270e+01 1.98463852e+02 5.99163284e+01 2.37814117e+02
 4.25906897e+00 6.65992615e+02 3.36963745e+02 3.63335776e+00
 1.12763313e+02 4.21087769e+02 2.75140198e+02 1.60040421e+02
 2.33234521e+03 2.60300808e+01 9.48753662e+01 3.51387231e+03
 1.06327391e+01 1.40159985e+03 4.75373352e+02 2.74821930e+01
 3.59073296e+01 1.53163385e+00 3.72201843e+02 3.00800995e+02
 8.90556793e+01 5.42121399e+02 2.07191010e+02 3.37619781e+01],-973.7977,-1007.886,-1184.9335,0.98733294,1.1715436,0.75750244,0.9245167,0.015706047172546388,5851.036020994186,0.125,0.125,0.07421145879156565,1.1804502163423211e-14,0.0742114587915657,1.4272407685407986e-14,0.35777720083380693,25.249999999996884,0.0,375000.0,-10.0,-5000.0,500.0,7.628316164016724,375000
1011.3896,0.053239774,0.021317827,0.0014639079,-1011.12317,1011.12317,[8.3218366e-03 4.2130053e-03 8.5723087e-02 4.5028217e-02 3.3183470e-02
 4.6103247e-02 6.8383515e-01 2.5387444e-02 7.2322905e-02 3.4987003e-02
 5.6302287e-02 6.0101736e-01 8.5199326e-02 2.7359355e-02 1.9891019e-01
 7.2427541e-02 4.9797125e-02 2.2140935e-02 1.3870702e+00 1.1459544e-02
 2.3118086e-02 1.5304554e-02 7.1329623e-02 6.5875232e-02 1.1079907e-03
 3.0481726e-02 4.9098641e-02 6.7643210e-02 7.4888363e-02 8.7007821e-02
 4.2280436e-02 1.3736255e+00 5.3981617e-02 2.0451608e+00 1.5258856e-02
 2.3504901e-01 4.0734589e-02 4.8538152e-02 3.7047662e-02 6.6846080e-02
 5.3827979e-02 4.3131866e-02 1.7548334e+01 3.5295356e-02 5.3713277e-02
 3.1842060e-02 4.5216177e-02 4.5326520e-02 3.5193026e-02 4.8128445e-02
 2.2130841e-01 2.9994119e-02 6.8715107e-01 1.4883208e+00 1.0896750e-02
 7.1335770e-02 6.2575608e-02 4.4520948e-02 6.4698465e-02 5.2358583e-02
 1.8696580e-02 2.3112912e-02 2.4422097e+00 5.7627745e-03 3.6091957e-02
 3.2611508e-02 4.5176351e-01 5.9902761e-02 2.8019983e-02 4.6290014e-02
 5.6477919e-02 9.1059119e-02 1.2268517e-02 6.5161377e-02 1.7003094e+00
 2.9241097e-01 4.7805108e-02 5.6085408e-02 5.2139021e-02 1.9659705e-02
 7.9867139e-02 5.5044748e-02 5.5131860e-02 3.0074753e-03 3.7440188e-02
 6.6214353e-03 1.6165767e-02 3.0028019e-02 4.2516831e-02 1.2508530e-02
 4.5844771e-02 5.9929326e-02 2.2128344e+00 2.0537615e+00 5.3557787e-02
 7.1312970e-01 3.1970460e-02 6.0993381e-02 1.8422578e-02 1.7659295e-02
 3.1422205e-02 4.1817281e-02 1.9980259e-02 4.5342445e-02 1.6629322e-01
 6.4029731e-02 3.1836648e-02 2.4346340e-02 5.2017123e-02 1.0798858e-01
 5.4872680e-02 8.7064266e-02 5.8893591e-02 1.2073178e-02 1.1284102e-02
 1.0236728e+00 3.9644428e-02 6.7773104e+00 4.3989871e-02 1.1497283e-01
 7.8484595e-02 2.5903419e-02 5.0257519e-02 8.7372422e-01 1.5321673e-01
 1.2192756e-02 9.2628509e-02 6.7219749e-02 9.2634931e-03 1.8343199e-02
 5.1454082e-02 6.5357693e-02 2.7980331e-02 6.0033150e-02 5.2775092e-02
 5.9297994e-02 4.2865574e-02 1.7115548e-02 6.9654420e-02 2.9659707e-02
 1.9360133e-01 4.0292699e-02 5.4005358e-02 3.2656617e-02 1.0109034e-01
 8.5156336e-02 1.9301760e-01 7.6447934e-02 5.6848563e-02 4.5310084e-02
 3.3936217e-02 3.2534156e-02 2.9846556e-02 7.4267685e-01 7.5898081e-02
 1.9291881e-02 6.6602200e-02 1.8045135e-02 6.2098700e-01 4.3360386e-02
 5.0388134e-01 3.8787730e-02 4.8354734e-02 6.1629035e-02 6.7743003e-02
 6.2658310e-02 5.7945803e-02 7.5919405e-02 5.8090889e-01 3.6370493e-02
 8.0266401e-02 3.2478929e-02 2.1677945e-02 7.7469140e-02 2.2114307e-02
 5.0501376e-02 7.9082280e-02 6.5768182e-01 1.7870024e-02 8.2503170e-02
 5.1588789e-02 1.2958555e+00 1.9600585e-02 2.8879173e-02 4.1493692e-02
 6.9328025e-02 4.9062707e-02 4.3396503e-03 8.2022622e-03 4.4237826e-02
 3.6964186e-02 7.1266189e-02 3.8555749e-02 1.7776878e+00 4.4018753e-02
 6.5929338e-02 2.7499624e-02 5.5207089e-02 5.3374398e-02 3.0187249e-02
 2.1670911e-02 1.2731529e+00 1.0591294e-01 4.2699669e-02 3.0429073e-02
 8.6133778e-03 3.2272715e-02 4.0209800e-02 3.7480861e-02 1.0738267e-01
 1.1996281e-01 4.2193301e-02 3.9887205e-03 4.9600843e-02 5.6698628e-02
 4.2332951e-02 3.5027638e-02 3.9503947e-03 6.2606372e-03 1.0371808e-02
 3.4627218e-02 3.3836283e-02 3.1946901e-02 1.6023431e-02 3.9676536e-02
 5.1440671e-02 1.4152303e-02 1.1203773e-03 2.1949783e-02 1.1027772e-02
 5.0029411e+00 1.2503539e-01 7.6053441e-03 5.9293933e-02 6.1782151e-03
 2.4692155e-02 3.6379732e-02 1.7191358e-03 3.1987671e-02 1.2991905e+00
 3.0926302e-02 4.3441106e-02 3.5897829e-02 1.0908697e-02 1.9056566e-02
 1.0109535e-01 4.3750234e-02 7.1996585e-02 5.6314993e-01 9.2987157e-02
 6.2107034e-03 9.8357391e-01 8.5368112e-02 3.9487008e-02 6.5981910e-02
 3.7307117e-02],0.19942755,[1.47951394e-03 4.38974053e-03 1.31799355e-02 3.12705711e-03
 4.32971865e-03 2.63689831e-03 3.58939543e-03 7.62572885e-03
 6.83334470e-03 2.22567096e-03 3.95305455e-03 1.93665177e-03
 2.87768990e-02 4.12966684e-03 3.55521441e-02 6.98081404e-03
 5.95739484e-03 1.08112395e-03 1.02532990e-02 2.62904912e-04
 1.13726407e-03 2.78497823e-02 3.32282856e-03 6.71232492e-03
 4.32766974e-05 7.40028918e-04 1.01707764e-02 1.11371651e-02
 7.16303661e-03 2.89782025e-02 3.39527428e-03 8.72585922e-04
 2.93755531e-03 1.17350370e-03 3.06203961e-03 4.69641760e-02
 1.91405788e-03 5.41303307e-04 6.21366873e-03 5.10648638e-03
 1.70050748e-02 3.70349362e-03 5.76978207e+00 9.14341956e-03
 3.73799354e-03 1.18956342e-02 3.36704403e-03 1.18005648e-03
 2.10288167e-03 1.17114931e-03 5.35443425e-03 1.68607384e-03
 1.47938728e-03 5.08012250e-03 2.63864174e-03 1.31155923e-02
 1.70903280e-03 1.44091994e-03 1.05117746e-02 4.52090055e-03
 1.54585019e-03 4.10735346e-02 3.59480441e-01 1.50178745e-03
 3.42112780e-03 9.54438001e-03 1.56218186e-02 5.84085286e-03
 1.09204128e-02 1.82632357e-03 1.96539052e-02 3.22161466e-02
 9.29035246e-04 5.71091846e-03 2.58698046e-01 6.31442666e-02
 4.93187457e-03 2.80431286e-03 1.90035254e-03 7.96983019e-03
 5.75112179e-03 1.26262940e-02 5.51122800e-03 2.54822522e-03
 1.33531168e-03 1.65659934e-03 9.79353487e-03 2.45127827e-03
 2.17350200e-03 1.03551522e-03 3.60939652e-03 3.11558321e-03
 8.55598927e+00 3.00391436e-01 5.82434237e-04 7.66852647e-02
 4.54727560e-03 6.96790963e-03 3.74546647e-03 2.55337730e-03
 2.30720639e-03 1.40047818e-03 7.18523562e-03 1.75777078e-03
 2.14166194e-02 5.68389893e-03 5.82356006e-03 1.43144280e-03
 2.86879018e-03 2.15395167e-02 1.65047124e-03 4.01640683e-03
 4.00967151e-03 7.79787078e-03 4.17904928e-03 4.60061803e-03
 6.99628145e-04 1.56857073e-03 1.39351562e-03 2.30419055e-01
 1.21428110e-02 2.03197300e-02 8.65329057e-03 1.31889749e+00
 1.77899934e-02 6.99467957e-04 5.23832813e-03 4.48234379e-04
 2.01815851e-02 3.17377597e-03 2.11931765e-03 2.87140161e-03
 5.65322116e-03 8.82960111e-03 1.89182907e-03 3.90047580e-03
 5.60926273e-03 1.84930116e-03 6.73289970e-03 4.04573977e-03
 6.96999207e-02 1.40844770e-02 8.66148621e-04 1.75181404e-03
 5.26698306e-03 6.36883453e-03 2.26783752e-03 1.22136362e-02
 1.01576000e-03 1.53878331e-03 3.28506902e-03 2.63694674e-03
 4.18667868e-03 1.89600140e-03 1.48206949e-02 2.45304778e-03
 4.85546887e-04 2.34909356e-04 2.28208885e-01 2.13421881e-03
 2.60797814e-02 4.12649289e-03 3.21050175e-02 4.18756157e-03
 4.64515761e-03 1.76029280e-03 3.71879712e-03 4.25446033e-03
 1.61628500e-02 5.48977032e-03 1.62122399e-03 3.16942483e-03
 1.77272037e-02 2.92256847e-03 2.06381083e-03 2.89644673e-03
 2.60504037e-02 3.53837758e-03 3.91248614e-03 2.12225690e-02
 7.02757016e-03 1.27490833e-02 1.00569613e-02 2.85432115e-03
 2.24448740e-04 2.36629136e-02 2.86594778e-03 6.42348081e-04
 1.59638003e-03 1.97151676e-03 1.02113783e-02 2.80887261e-03
 2.10788846e-03 1.48114696e-01 1.54857524e-02 3.49164009e-03
 5.46005368e-03 3.59967351e-03 2.43360177e-03 1.05709583e-03
 6.03535771e-03 6.97572902e-03 7.80278444e-03 6.29053265e-03
 5.67324460e-04 4.32515889e-03 1.67408586e-03 2.30152905e-03
 9.21636820e-05 2.88254321e-02 9.39004496e-03 7.72339478e-03
 6.38097897e-03 1.09899975e-02 6.98039681e-03 2.52033025e-03
 1.01745874e-03 6.69008493e-03 1.01614743e-02 1.39099546e-02
 7.24826008e-03 5.83699346e-03 6.63739815e-03 2.46793032e-04
 6.55340031e-03 1.59901865e-02 2.01724842e-03 4.30811197e-03
 3.48065048e-04 5.03633171e-04 2.49965653e-01 2.89388932e-02
 1.40730292e-03 4.58469987e-03 1.35750547e-02 4.13470566e-02
 6.79204240e-03 6.23849779e-03 7.18124211e-04 3.59268859e-03
 5.71529940e-03 5.02839684e-05 1.06197968e-03 1.01918727e-03
 1.80091150e-02 2.15431526e-02 2.75082141e-03 1.60700828e-03
 7.23321736e-03 2.80831009e-03 6.19824603e-03 5.44593096e-01
 4.95175272e-03 4.37095761e-03 2.69317999e-03 8.25166702e-03],-972.81793,-1012.8607,-1247.2405,0.9999801,1.0048661,0.9957126,0.92555594,9.286701,-5.805664,56.809376,1030.3184,1.9146378,0.22389169,0.14480515,-1026.1648,1026.1648,[8.77142944e+02 5.20364746e+02 1.07282349e+03 1.76108289e+03
 1.96765649e+03 5.80726953e+03 1.17309131e+03 8.79976074e+02
 1.17459938e+02 3.21131172e+01 8.29095173e+00 1.43134570e+04
 5.32253369e+03 2.73513885e+02 1.09204626e+00 2.57567215e+01
 1.58394458e+03 8.18843689e+01 9.20113602e+01 3.12862122e+02
 1.85636182e+03 1.81847644e+03 1.80034523e+01 4.68945026e+00
 1.91928186e+03 7.79349518e+01 4.59360504e+01 3.39683652e+00
 2.02452949e+04 5.66136074e+00 2.57556982e+03 1.53199806e+01
 3.38468094e+01 1.25550122e+03 5.47764609e+04 1.74077015e+01
 9.43200970e+00 1.71107886e+03 1.44923992e+01 4.60806427e+01
 8.26855225e+02 8.45139236e+01 6.95348572e+02 2.93976326e+01
 1.92291355e+01 1.93511993e+02 1.70824182e+03 2.39674866e+02
 4.64095520e+02 1.84000580e+02 7.63589325e+01 1.53011923e+01
 1.64039871e+02 1.13886133e+04 1.58898102e+02 4.67928436e+02
 3.70663033e+01 2.16011139e+02 1.90654999e+02 2.27234688e+01
 3.56679590e+03 3.98508906e+00 3.45186584e+02 1.37267780e+01
 5.90195862e+02 1.63115784e+02 2.59681958e+03 1.64591602e+03
 1.70819321e+02 2.84054642e+01 1.49647579e+01 6.99358320e+00
 8.16948700e+01 2.11242383e+03 2.79112854e+02 2.38101053e+00
 7.59509735e+01 3.51362305e+04 3.26389847e+01 1.16667798e+03
 3.83101616e+01 1.06555052e+01 1.10861298e+02 2.85797180e+02
 4.94582471e+03 1.21621170e+01 6.31778479e+00 3.33516699e+03
 9.70023376e+02 1.56519177e+03 7.73473053e+01 5.02459076e+02
 2.20105684e+04 1.17001183e+02 7.03671417e+01 3.96540771e+02
 5.18191455e+03 8.15968275e-01 4.91088501e+02 1.46687918e+01
 2.15285416e+01 1.59895850e+03 2.23675652e+01 3.94916699e+03
 4.22815527e+03 6.63475098e+03 8.27920959e+02 5.76449463e+02
 1.15909348e+02 1.21429291e+01 1.09912491e+01 2.63594131e+01
 1.65392871e+03 3.92988625e+01 3.34682190e+02 3.85667450e+02
 1.91800159e+03 4.00948334e+00 1.65925024e+03 1.16967592e+01
 3.49087988e+03 9.23085632e+02 1.89093384e+03 1.09072479e+02
 9.62171021e+02 1.26091199e+03 1.45193193e+04 1.22230188e+03
 2.44633774e+02 3.07434784e+02 8.64922070e+03 9.03127060e+01
 6.56949472e+00 1.70928986e+02 2.32994482e+03 2.26964016e+01
 1.09071344e-01 3.38497047e+01 1.32169568e+03 2.44997177e+01
 9.69401169e+01 2.90772168e+03 1.50738239e+01 6.76086731e+02
 9.82447070e+03 7.62623291e+01 2.18344841e+01 2.99208130e+02
 2.45331154e+01 2.98666153e+01 3.05260913e+03 2.27077835e+02
 5.97663689e+00 3.75031616e+02 2.88317920e+03 6.41010056e+01
 3.97387314e+01 6.20857191e+00 1.30509262e+01 1.18795910e+01
 5.39158859e+01 3.58746758e+01 2.33710449e+02 9.06397095e+01
 1.68279633e+02 3.77661285e+01 1.29094925e+02 3.12252197e+02
 1.20406532e+01 1.21693213e+03 2.38844299e+01 1.96454529e+02
 1.79653625e+03 1.73621143e+03 1.13024231e+02 1.30136871e+02
 7.39974899e+01 3.32568665e+02 2.27600288e+00 2.11928320e+03
 1.69873947e+02 3.46741089e+03 1.21416397e+01 6.70737305e+01
 4.42947235e+01 2.76011627e+02 3.41306274e+02 2.12346924e+03
 5.11826563e+00 8.53622532e+00 1.20951282e+03 7.77927065e+00
 1.15368286e+03 1.15778381e+02 1.27878748e+03 1.25959265e+03
 4.18433990e+01 7.77784180e+02 2.45489120e+01 1.90572632e+02
 6.60656357e+00 5.01038788e+02 5.34594971e+02 4.18726715e+02
 6.62567472e+00 2.30507031e+03 8.75655957e+03 6.95796570e+02
 4.87112904e+00 2.50288696e+01 5.68813848e+00 6.30293236e+01
 1.20546432e+02 1.94111328e+01 4.00909119e+02 1.97091101e+03
 4.62200049e+03 9.09557343e+00 2.70993690e+01 1.93461418e-01
 2.71248932e+02 4.16570625e+01 8.37823792e+02 5.23962326e+01
 2.72895996e+03 9.72499752e+00 7.23817444e+01 3.50433411e+02
 4.90951920e+00 1.07268631e+02 1.38347961e+02 7.33408142e+02
 2.92965607e+02 8.19317773e+03 1.53791016e+02 7.02127686e+01
 1.05550041e+01 2.29177046e+00 6.85162842e+02 1.00677826e+03
 4.76205658e+02 2.63478180e+02 6.89345032e+02 3.92243958e+02
 3.39398364e+03 1.65201996e+02 5.32993438e+04 4.27575928e+03
 1.23466211e+03 3.35014877e+01 3.67515335e+01 1.00125043e+03
 2.14869217e+02 5.89427002e+03 6.44896179e+02 3.01146997e+03],2468.7932,[9.77934265e+02 6.19060364e+02 1.50983477e+00 1.97844031e+03
 2.16267700e+03 6.49417236e+03 1.98851965e+03 2.07929785e+03
 1.00102577e+02 8.66498032e+01 3.27530289e+00 1.02976953e+04
 5.42120898e+03 5.87992310e+02 1.13153019e+01 2.17506599e+01
 1.31337024e+03 8.59527893e+01 2.23025455e+01 1.02488113e+02
 1.74379102e+03 1.13718103e+03 2.86135082e+01 1.70411911e+01
 1.90736719e+03 2.02433151e+02 1.21911278e+02 2.50299335e+00
 2.59012129e+04 1.89655495e+01 2.66234473e+03 1.66479187e+01
 8.98737240e+00 1.16630603e+03 5.51115469e+04 2.42654438e+01
 3.97270250e+00 1.89566064e+03 2.18180504e+01 2.49642487e+01
 8.25836670e+02 6.08278389e+01 1.32378101e+03 6.25268898e+01
 5.22444458e+01 8.68637238e+01 2.04086377e+03 2.03323212e+02
 3.47932526e+02 1.42888992e+02 7.51334229e+02 2.16426411e+01
 1.86130905e+02 1.30728770e+04 1.10751389e+02 3.47533295e+02
 7.30572939e+00 3.40305481e+02 1.29440659e+02 2.70642319e+01
 1.97128247e+03 9.16316795e+00 3.05353333e+02 1.35826321e+01
 4.11928040e+02 1.90060928e+02 2.12602783e+03 1.19530554e+03
 1.37437683e+02 2.95176792e+00 6.59347677e+00 1.51475468e+01
 7.08572693e+01 1.88997510e+03 6.01414124e+02 1.47025204e+00
 2.30226212e+01 3.01285586e+04 7.13151093e+01 5.28579224e+02
 2.01389160e+01 8.67079735e+00 1.77216675e+02 3.01898560e+02
 4.27089502e+03 6.72613382e+00 4.95930195e+00 2.79502051e+03
 9.73589661e+02 1.26450037e+03 1.12332535e+02 4.16593231e+02
 2.36437246e+04 1.51446442e+02 2.46103120e+00 4.82130646e+02
 6.55956299e+03 1.85597694e+00 7.37017029e+02 2.02505264e+01
 1.00252609e+01 1.71835254e+03 2.01936951e+01 3.37730078e+03
 2.23858281e+04 4.80525244e+03 3.09249316e+03 4.22326477e+02
 1.57408295e+02 2.11771030e+01 4.83817053e+00 1.90872231e+01
 1.55972217e+03 8.68215978e-01 1.04712048e+03 2.09027176e+02
 2.25395898e+03 1.27465558e+00 1.47654956e+03 2.30347939e+01
 2.57296143e+03 2.89852631e+02 5.49554260e+02 1.18628670e+02
 4.65459778e+02 2.71103149e+02 1.64838613e+04 7.03485693e+03
 3.67633575e+02 2.01621765e+02 6.88799512e+03 1.20587456e+02
 6.52298641e+00 2.31062012e+02 2.06598145e+03 8.08703327e+00
 1.99239016e+00 2.79528751e+01 1.15617969e+03 7.30615759e+00
 1.44287872e+02 3.91055786e+03 6.25475044e+01 8.92206604e+02
 1.12262676e+04 1.77724247e+01 1.77261009e+01 1.99663162e+02
 1.24705563e+01 1.26855621e+01 2.36508643e+03 9.97218857e+01
 6.15201139e+00 3.95774078e+02 2.52432886e+03 3.56163940e+01
 3.78762894e+01 2.45047798e+01 3.75663948e+01 3.24085274e+01
 8.74769897e+01 4.36621189e+00 1.78551514e+03 1.18637901e+02
 2.11197723e+02 1.79931850e+01 1.95914871e+02 1.01871869e+03
 8.21129441e-01 9.77136475e+02 2.64208717e+01 1.94606934e+02
 1.67433240e+03 1.33527429e+03 2.01798172e+02 1.59523895e+02
 2.48329937e-01 1.18812302e+02 9.99201298e-01 2.12170630e+03
 2.27542053e+02 3.73154419e+03 1.55407791e+01 1.27076012e+02
 9.29556732e+01 2.80893005e+02 2.38407516e+02 2.44157031e+03
 1.01059771e+01 3.91610169e+00 1.12984290e+03 3.60281348e+00
 8.36763489e+02 3.01117110e+00 1.34759949e+03 1.48087476e+03
 2.00517715e+02 1.05668970e+03 8.39171559e-02 2.01523300e+02
 8.85442734e+00 5.20826050e+02 6.26025146e+02 2.77216248e+02
 9.23675919e+00 1.83186670e+03 8.94302832e+03 1.21836121e+03
 1.20595169e+01 3.32553024e+01 4.36333237e+01 5.28320007e+01
 6.83831024e+01 3.24709587e+01 4.22341614e+02 2.06410889e+03
 6.14680664e+03 2.81126475e+00 1.72087049e+00 9.63698273e+01
 1.19039047e+02 2.18470688e+01 9.03066956e+02 1.61708183e+01
 2.39318945e+03 1.57802267e+01 2.33683378e-01 4.86960114e+02
 1.86912012e+00 7.13202667e+01 1.91205307e+02 1.08097534e+03
 3.61656219e+02 7.82508789e+03 1.44635727e+02 9.75881958e+01
 1.23387918e+01 1.85241730e+02 7.72529724e+02 2.51638232e+03
 6.93807617e+02 3.32378845e+02 1.13266882e+03 3.79521545e+02
 2.62724609e+03 6.92306290e+01 4.67979609e+04 5.37511377e+03
 1.49748486e+03 4.58517494e+01 6.32308922e+01 2.32730811e+03
 3.99567230e+02 5.17152441e+03 5.29606689e+02 3.12461011e+03],-975.0839,-1028.5465,-1253.8514,0.97150886,1.0685602,0.69796866,0.9232525,0.014943948163986207,6224.634740591049,0.125,0.125,-0.34466616455593097,8.045878081690309e-10,-0.34466616448043413,9.934647138393004e-10,-1.4895373562945942,25.249999999996884,0.0,400000.0,-10.0,-5000.0,500.0,7.463979244232178,400000
1011.3453,0.04578977,0.021012627,0.0019438316,-1011.08936,1011.08936,[3.80917080e-02 5.15479326e-01 2.43518400e+00 1.27569467e-01
 2.55077817e-02 1.19577423e-02 4.58817855e-02 2.29318328e-02
 6.44469634e-03 8.43115523e-03 2.70285346e-02 1.81443766e-02
 1.06239691e-03 2.35612132e-02 1.63337328e-02 2.95883454e-02
 2.69917026e-02 1.48949996e-01 2.18266621e-03 2.03557201e-02
 1.47190429e-02 1.89328566e-02 2.05327645e-02 2.09486373e-02
 9.09755006e-03 3.07775922e-02 1.90474540e-02 2.74818279e-02
 3.60122323e-01 6.43351227e-02 3.06893349e+00 8.17649961e-02
 2.75226012e-02 1.91580392e-02 2.64789537e-03 3.53399999e-02
 1.73437372e-02 2.01311149e-02 1.14658818e-01 1.43562150e+00
 5.18830493e-03 8.52631405e-03 8.73180106e-03 3.60727310e-04
 3.95272411e-02 5.28598502e-02 1.28937289e-01 2.29738057e-02
 3.00354138e-02 1.13289282e-01 1.38617195e-02 2.20187493e-02
 3.02002579e-03 5.09298220e-03 2.11861178e-01 1.38450600e-02
 2.41050459e-02 4.37504947e-01 7.74875283e-03 3.93874943e-03
 4.74134684e-02 3.35597284e-02 4.28587869e-02 1.58046074e-02
 3.97301465e-02 2.46066041e-02 2.42859125e-03 2.27961875e-02
 9.23471525e-03 7.14724138e-02 3.48276049e-02 5.53855672e-02
 3.81374545e-02 1.66342594e-02 3.10666934e-02 3.16073000e-03
 1.02547169e+00 3.16850096e-02 9.56475198e-01 1.82082839e-02
 2.04116106e-02 1.39780545e+00 6.91604018e-02 1.26227170e-01
 1.71829648e-02 3.81690152e-02 3.83199394e-01 1.78429857e-03
 3.12136188e-02 1.40534043e-02 5.59379347e-02 2.86525376e-02
 2.68773809e-02 2.48146206e-02 4.78072651e-02 6.71119785e+00
 1.60810426e-02 3.44702937e-02 1.50782242e-02 3.22822221e-02
 4.75868769e-02 1.22467615e-02 4.16284382e-01 1.99008361e-03
 2.10626793e+00 4.15290929e-02 1.34643912e+00 4.39297035e-03
 1.91401429e-02 5.66631556e-02 3.06279399e-02 5.62667623e-02
 4.00285795e-02 3.74036022e-02 2.78982893e-02 7.33066350e-04
 4.48042192e-02 4.36038971e-02 1.62841752e-02 2.88987532e-03
 9.64871794e-03 1.73307657e-02 1.05336681e-02 1.66190602e-02
 2.46781856e-03 9.79926050e-01 1.39082223e-03 1.51824690e-02
 4.34979945e-02 2.78926566e-02 2.44429857e-02 4.50119749e-03
 3.40912417e-02 1.61070302e-02 1.27755478e-02 1.90425083e-01
 4.14604321e-02 8.54643941e-01 6.15966693e-03 4.19298001e-02
 1.41695881e+00 3.49428654e-02 1.30348988e-02 2.58901156e-02
 1.72069259e-02 2.20024660e-02 5.18024340e-03 2.23980285e-02
 7.67077059e-02 3.52797806e-02 1.66399851e-02 5.40558249e-03
 2.07389146e-03 1.56817026e-02 6.76110387e-03 2.95864418e-02
 7.87611306e-03 5.28389104e-02 1.34041384e-02 1.48648098e-02
 1.61978975e-02 1.46431938e-01 1.99414790e-03 1.63518228e-02
 3.82222235e-04 6.92438334e-02 7.30682164e-03 1.60052255e-02
 9.71620977e-01 5.97644597e-03 1.95227601e-02 3.67312171e-02
 2.49181576e-02 5.82907081e-01 1.39295012e-02 2.08486617e-02
 2.08064802e-02 8.16115737e-02 3.84845212e-02 4.39609028e-02
 1.08511932e-02 1.44571997e-02 1.84252150e-02 8.83419871e-01
 4.00293805e-02 2.26712227e-03 1.47112086e-02 3.22028548e-02
 3.61144319e-02 3.40791419e-03 4.95902598e-02 2.34186649e-02
 5.42420484e-02 8.90395939e-02 3.41407061e-02 1.04825214e-01
 1.35489240e-01 1.20438635e-03 5.65615483e-02 2.79967561e-02
 1.60617419e-02 8.56569409e-02 5.51956058e-01 4.09372523e-03
 1.11924894e-02 4.24765721e-02 1.58478357e-02 1.06653050e-02
 2.30881460e-02 2.62927897e-02 1.45672709e-02 3.16712409e-02
 5.24563342e-03 1.00951481e+00 1.80175081e-01 4.05738130e-03
 7.65459612e-03 1.82696171e-02 4.75433469e-02 3.11201252e-02
 1.36170685e-02 5.79730161e-02 4.69759941e+00 1.20538063e-02
 2.85016969e-02 1.20250657e-02 9.52519849e-03 8.89089257e-02
 2.79600509e-02 2.36993469e-02 9.08196867e-02 5.48185147e-02
 2.10193731e-02 2.35028863e-02 4.32760268e-03 3.21521498e-02
 1.80547126e-02 1.42959148e-01 3.69960815e-03 1.58529356e-02
 3.01876403e-02 9.68721509e-03 9.41059142e-02 4.16324735e-02
 3.04746814e-02 3.00452299e-02 2.26636380e-01 3.44491042e-02
 7.95030892e-02 3.56983244e-02 3.54869999e-02 4.01156582e-02
 4.54306938e-02 3.78854014e-02 3.11973579e-02 1.22967847e-02],0.11458178,[6.32381812e-03 1.66475224e+00 6.99982420e-03 1.51245147e-02
 6.13350421e-04 3.04544345e-03 3.06649879e-03 1.07586756e-02
 2.52174214e-03 1.10385157e-02 7.85458833e-04 6.82552159e-03
 1.97151676e-03 1.26446038e-03 1.63822249e-03 1.14623457e-04
 9.27360356e-03 1.02414824e-02 1.02216378e-03 6.32426515e-03
 1.17589906e-03 5.93531877e-04 4.47160751e-03 1.05769522e-02
 8.00641254e-03 2.63191760e-05 1.49562955e-03 6.05268031e-03
 1.04503706e-03 2.01765448e-03 3.77930701e-04 1.76186636e-02
 2.87528709e-03 7.45125115e-04 4.27897647e-03 2.40231305e-03
 1.95566192e-03 3.16787139e-03 1.06449500e-02 3.52418795e-03
 1.42196566e-03 4.31258231e-04 1.05226412e-02 1.15789473e-02
 2.42892653e-04 1.04669109e-03 1.82988942e-01 3.75867262e-03
 8.77387077e-03 4.60566171e-02 1.01644732e-02 2.53371149e-03
 7.68331438e-03 6.83156028e-03 1.63081810e-01 3.03851441e-03
 2.35028937e-03 1.49813443e-01 1.09431185e-02 1.10754743e-03
 8.25955346e-03 3.69364396e-03 1.19798258e-03 5.58479130e-03
 2.72119418e-03 9.99309123e-05 1.50162727e-03 8.87562707e-03
 7.83326104e-03 2.85615399e-03 8.63646343e-03 8.10332596e-04
 5.15054539e-03 2.16195360e-03 2.92487442e-04 9.64254886e-03
 1.56293847e-02 3.29903513e-03 3.74913216e-05 1.71529129e-03
 4.42521647e-03 1.57479383e-02 2.05914497e-01 1.70234032e-02
 5.71627170e-04 3.09087336e-04 2.11963430e-03 4.82502952e-03
 6.41286746e-03 3.57440859e-03 3.16519476e-02 8.63397866e-03
 2.05487050e-02 5.55399805e-04 7.89947808e-04 1.48637481e-02
 7.45761767e-03 4.41348851e-02 2.45020539e-03 1.93080679e-03
 7.18227029e-02 9.90707055e-03 5.71640767e-02 4.54850495e-03
 1.71195343e-03 1.30096450e-03 1.24741346e-04 1.19204074e-03
 1.14716589e-03 7.37625733e-03 5.28803468e-03 1.49402767e-03
 1.54312886e-02 2.70936638e-03 1.96937472e-04 6.21469691e-03
 1.57016888e-03 1.41111761e-03 1.37090757e-02 1.65278092e-03
 5.81303239e-03 6.88395649e-03 2.42384151e-03 2.81615555e-03
 9.79034975e-03 1.25628002e-02 8.22133571e-03 4.01786342e-03
 1.72810629e-03 1.03778429e-02 2.40598992e-03 5.36985695e-04
 2.05541402e-03 1.80524476e-02 6.98246062e-03 1.22291043e-01
 5.12802973e-03 1.74685955e+00 1.87672675e-03 1.85395032e-03
 8.60996366e-01 2.37254389e-02 2.37366930e-03 2.22699717e-03
 8.71317461e-03 8.30287114e-03 6.16256148e-04 2.43360177e-03
 8.01716000e-04 2.97494233e-03 5.10811806e-05 5.03005087e-03
 6.65510073e-03 1.39237195e-03 6.42873347e-03 1.27565861e-03
 2.65540555e-03 7.40507543e-02 1.96611919e-02 5.73015213e-03
 1.23716146e-02 9.76027548e-03 9.62145627e-03 6.47652149e-03
 1.51920691e-03 9.23383981e-03 1.00509562e-02 2.77657062e-03
 2.45433599e-02 6.22493029e-03 7.12145120e-04 4.86357510e-03
 4.28549200e-03 1.09795481e-03 2.56653503e-03 3.73328105e-03
 1.19358301e-03 2.43434682e-03 1.01199038e-02 1.04999915e-03
 3.85274366e-03 2.70223171e-02 8.06773081e-03 5.37991524e-04
 6.27685338e-04 4.50832024e-03 7.33454898e-03 5.51331080e-02
 5.60960919e-03 5.42818382e-03 1.79714710e-03 3.78945470e-03
 7.51562417e-04 2.17440844e-01 3.66162136e-03 8.18032771e-04
 5.54872230e-02 4.08641249e-03 2.16031075e-03 1.77449733e-03
 1.58512034e-02 6.29392028e-01 8.58997822e-01 2.17111781e-03
 5.51022962e-03 1.61649659e-03 9.62311029e-03 2.19303742e-03
 1.04573108e-02 8.48560408e-03 1.52508803e-02 3.11237760e-02
 1.81632116e-03 3.83368134e-03 3.19723822e-02 4.42487746e-03
 4.12542373e-03 3.28250229e-03 1.38139725e-03 8.41766968e-03
 5.05167991e-04 7.51394406e-03 1.80453122e+00 8.35098326e-05
 1.85099617e-03 4.87489998e-03 1.36257298e-02 1.13232806e-03
 4.20827046e-03 6.17030635e-03 8.59380662e-02 8.85184109e-03
 3.20835784e-03 9.15117562e-04 6.95777684e-03 2.24526227e-03
 1.20669976e-03 4.07785922e-03 9.14428681e-02 1.09923258e-03
 2.12183595e-02 6.95105270e-03 1.18655302e-02 2.54783779e-03
 3.39733437e-03 1.01823956e-02 6.34090975e-03 7.38476589e-03
 1.39135867e-04 1.04920454e-02 1.36198476e-03 1.89730898e-03
 5.15848771e-03 6.50236383e-03 7.80210271e-03 1.07479841e-03],-972.5315,-1011.9475,-1275.4008,0.99983186,1.0039667,0.9962615,0.9255451,5.529759,-3.4158142,27.655212,1023.3747,1.945501,0.20847201,0.1574739,-1019.3445,1019.3445,[1.05657227e+04 1.60564912e+04 4.82367773e+03 3.69614414e+04
 1.90006485e+02 7.86718178e+00 7.21113682e+00 2.11327484e+02
 1.18213171e+03 1.97023694e+03 9.16025257e+00 1.63873611e+02
 1.42924225e+02 2.10948410e+02 4.98165869e+03 8.70865479e+02
 1.53065201e+02 2.27349243e+03 4.55314795e+03 1.86007721e+02
 3.54339905e+01 5.57475000e+03 1.73889389e+01 3.73202209e+02
 5.78971240e+03 3.41125244e+03 1.10905170e+01 4.57754547e+02
 1.27877217e+04 5.47663403e+00 2.79620972e+03 2.93676739e+01
 1.98301468e+01 2.63151283e+01 8.62858887e+02 6.93215256e+01
 3.35883545e+02 2.90035919e+02 2.66759644e+01 3.96888695e+01
 3.60324512e+03 2.52463036e+01 8.32380219e+01 1.18859985e+03
 4.18103821e+02 5.78865051e+02 3.99676437e+01 6.23335693e+02
 2.24042740e+01 5.89556592e+03 3.95177429e+02 4.91030090e+02
 2.75982933e+01 8.35371887e+02 1.06323366e+01 1.62309863e+03
 1.36029648e+04 1.07172568e+04 3.83453064e+01 1.99090958e+01
 7.84525000e+03 6.59537061e+03 8.63996696e+00 1.26513412e+02
 3.61663742e+01 4.22326508e+01 8.73824615e+01 2.23846531e+00
 3.71935959e+01 1.44167130e+02 1.12748652e+01 9.34214355e+03
 1.29445740e+02 9.77975388e+01 1.61602936e+01 1.61617090e+03
 2.40638885e+01 4.11607437e+01 1.06529102e+03 3.43544983e+02
 1.34179602e+03 1.54315063e+03 5.30080700e+00 3.68600067e+02
 1.22511646e+03 2.36333122e+01 4.42776428e+02 4.02716641e+04
 3.60557413e+00 9.89664936e+00 8.41292419e+01 9.43741379e+01
 1.25131045e+04 1.17843952e+01 1.88549103e+02 8.12449768e+02
 2.18712476e+03 1.92527390e+02 6.21236267e+02 1.62565060e+01
 3.52550391e+04 3.50620331e+02 3.33125586e+03 1.30015047e+05
 2.26489258e+03 4.95828629e+00 7.01423340e+01 4.63509705e+02
 8.70309668e+03 3.50283928e+01 2.43158545e+03 2.54721851e+01
 2.52420959e+02 6.14192383e+02 8.93356140e+02 1.75113066e+04
 5.67127323e+00 5.86572742e+00 1.05806470e+03 3.90097717e+02
 1.95249355e+04 6.75961609e+01 1.68697300e+01 9.17224426e+02
 6.01044884e+01 1.71988000e+03 6.39674377e+01 5.45860449e+03
 4.18512993e+01 6.17271500e+01 3.43926544e+02 9.23432159e+01
 9.32397079e+01 1.75987427e+03 9.66454391e+01 3.66855526e+00
 1.13740993e+00 8.38548889e+01 2.66875505e+00 9.65886917e+01
 1.38442047e+02 1.74123688e+02 2.26866531e+02 1.38310822e+02
 1.92132660e+02 9.76691602e+03 2.15600439e+03 6.09937935e+01
 3.56788330e+01 1.80095482e+01 8.35579038e-01 8.46570312e+03
 2.47887720e+03 3.55431032e+00 1.27831841e+02 4.56032486e+01
 2.56175073e+03 3.18857983e+03 2.15743677e+03 1.27803993e+02
 3.99753021e+02 4.41911774e+02 1.77883542e+00 1.22758167e+03
 4.49365479e+02 6.51732559e+01 4.62126427e+01 2.19957428e+01
 7.94366577e+02 3.75192078e+02 9.21595459e+02 1.91699561e+03
 1.97530518e+01 1.58745985e+01 2.45147858e+02 4.13923035e+01
 9.34902039e+01 6.47867798e+02 1.00144873e+03 1.54776138e+02
 1.29311719e+04 1.05292873e+01 1.98529644e+01 1.85136987e+03
 2.70404480e+02 7.39643616e+02 3.46660645e+03 3.87178307e+01
 6.39366577e+02 6.98722656e+03 1.08432422e+03 8.94132690e+01
 2.49900781e+03 3.14146118e+02 1.77103625e+03 1.31962219e+02
 1.37595186e+01 3.79333374e+02 1.76989336e+04 5.64148865e+01
 1.53880676e+02 1.43255889e+04 4.07788574e+02 1.01848061e+02
 1.01928673e+02 1.20805847e+03 8.14997314e+03 2.22170486e+01
 2.21146240e+03 6.56216187e+02 1.44710342e+02 9.76006567e-01
 2.79297918e-01 8.15800607e-01 1.83750977e+02 1.09526768e+01
 1.20465362e+00 1.11678910e+00 1.62799957e+02 1.04666543e+04
 3.16613281e+03 4.13804703e+01 9.01849270e+00 1.12654587e+02
 1.56128662e+02 1.28634546e+03 1.44857705e+04 3.10268307e+01
 2.57443086e+04 2.78423242e+04 1.85422717e+03 1.64490918e+04
 2.29735306e+02 1.42115082e+02 2.76355127e+03 4.13516162e+03
 2.69866577e+03 2.01000601e-01 2.82936249e+01 6.71683740e+03
 1.39060106e+01 1.05711346e+01 1.23930786e+02 9.15675312e-02
 7.08176758e+03 2.06354219e+04 9.01689258e+03 2.94644562e+02
 1.94639034e+01 4.27119537e+02 2.79540291e+01 1.08848907e+02
 5.76477337e+00 9.82817480e+03 7.98708679e+02 8.19730759e+00],4774.6533,[8.97216504e+03 3.35473672e+04 6.19385132e+02 6.03102461e+04
 3.01279663e+02 2.70396996e+01 2.07587128e+01 3.57290649e+02
 1.23071643e+03 2.43410181e+03 4.84711742e+00 1.32068024e+02
 6.58839905e+02 4.33318573e+02 5.71786084e+03 1.36512585e+03
 1.26098236e+02 2.64694873e+03 4.51307471e+03 2.43207169e+02
 1.96328831e+01 5.84514697e+03 1.21348095e+01 1.45255786e+03
 1.89674023e+03 3.05330127e+03 3.87667894e+00 3.74035217e+02
 2.50103984e+04 2.51063871e+00 2.16381519e+03 6.78172226e+01
 1.79580498e+01 2.50291824e+01 8.27535278e+02 2.70739193e+01
 5.90528809e+02 5.40274048e+02 4.52610245e+01 9.17959213e+00
 3.96447461e+03 4.96718102e+01 7.36472549e+01 6.96564453e+02
 7.88682861e+02 2.54417465e+02 3.08848038e+01 5.51098450e+02
 4.04343109e+01 7.07933838e+03 4.12905090e+02 3.24392120e+02
 1.16119862e+01 1.04571167e+03 9.51633811e-01 2.30189673e+03
 1.04369570e+04 1.07278223e+04 3.79231882e+00 1.26922953e+00
 1.29185498e+04 5.03131396e+03 6.47184944e+00 8.60187988e+01
 1.44938843e+02 2.89056530e+01 1.26023376e+02 5.46922874e+01
 1.04481926e+01 4.22839783e+02 6.12608566e+01 6.29765820e+03
 2.82923035e+02 1.14405067e+02 4.23154297e+01 4.15718604e+03
 2.95179310e+01 1.03426918e+02 1.58758728e+03 3.55671875e+02
 1.08877112e+03 1.59810693e+03 1.80071545e+00 2.63143036e+02
 1.45145715e+03 2.03946996e+00 8.07268188e+02 6.32686797e+04
 5.67433167e+00 5.81362724e+00 8.17069016e+01 2.50857651e+02
 1.27987207e+04 1.33447199e+01 3.45411530e+02 1.17432642e+03
 1.26651440e+03 1.84476242e+02 5.91599915e+02 1.02151048e+00
 4.63234023e+04 4.04814789e+02 4.19257617e+03 1.36395031e+05
 3.32752441e+03 2.65123248e+00 2.12616563e+00 4.65968140e+02
 9.04174316e+03 3.97280998e+01 3.84025049e+03 2.82681599e+01
 3.45076172e+02 4.21975488e+03 7.46002380e+02 2.01471523e+04
 5.63235855e+00 7.79748559e-01 1.43156824e+03 4.51967041e+02
 2.11077578e+04 1.37374611e+01 2.69852877e-01 4.08727600e+02
 5.47982025e+01 5.16174805e+02 1.31309967e+02 5.78961230e+03
 5.93019028e+01 1.79910019e+02 8.05748657e+02 1.05987122e+02
 5.51413269e+01 3.79191846e+03 1.30781265e+02 9.85391259e-01
 1.05462227e+01 5.22166481e+01 1.81425977e+00 7.12641678e+01
 1.60102264e+02 3.20716003e+02 3.07552002e+02 1.33658340e+02
 1.06253479e+02 2.03759824e+04 2.61959790e+03 4.53049126e+01
 5.55120201e+01 6.79477310e+00 2.79773083e+01 1.06629062e+04
 3.08034766e+03 4.37247324e+00 3.60438309e+01 2.93978462e+01
 3.09316211e+03 3.22173926e+03 1.97754712e+03 1.78938385e+02
 4.96085663e+02 4.49161682e+02 7.73100078e-01 2.84094879e+02
 1.69902893e+02 1.75355434e+01 1.19335648e+02 9.61559963e+00
 9.62637695e+02 5.82754150e+02 9.26969238e+02 3.48754303e+02
 2.40366383e+01 8.98939896e+01 3.30591522e+02 4.06198654e+01
 7.46457672e+01 1.93293042e+03 1.31042419e+03 1.91265518e+02
 1.06382256e+04 2.70015335e+01 7.22788162e+01 1.60205640e+03
 1.34322937e+02 9.58124512e+02 3.67558765e+03 5.63263750e+00
 2.86833252e+03 1.06464072e+04 4.30564606e+02 7.94323273e+01
 2.35566724e+03 4.48139832e+02 2.39718726e+03 4.38006020e+01
 2.31787720e+01 7.46515015e+02 3.04852075e+03 6.68520594e+00
 3.48563202e+02 8.68853711e+03 5.40468750e+02 2.04489716e+02
 1.18433334e+02 1.74001880e+03 3.52499844e+04 1.80783195e+01
 4.17892871e+03 1.14139636e+03 6.44190308e+02 1.60755038e+00
 5.05315959e-01 1.14125488e+02 1.34492599e+02 5.74043732e+01
 2.76845789e+00 2.14350910e+01 2.24207642e+02 1.40695098e+04
 1.83944055e+03 6.22311783e+00 8.41215611e+00 1.52067383e+02
 2.54648865e+02 1.56464868e+03 1.43273369e+04 5.06069298e+01
 2.76990254e+04 5.87607266e+04 1.32930249e+03 1.67464102e+04
 1.17204529e+02 1.03333328e+02 2.30592529e+03 6.50821436e+03
 2.56544116e+03 1.56725240e+00 6.29865694e+00 7.13311377e+03
 2.07036610e+01 8.85713518e-01 6.54548569e+01 3.87429357e+00
 1.59998804e+03 3.01908281e+04 1.02789502e+04 3.48729370e+02
 2.25084671e+02 6.59640930e+02 1.97503891e+01 1.97953320e+01
 2.55772853e+00 4.39662402e+03 2.08167505e+03 3.10928993e+01],-977.10095,-1022.9328,-1241.0286,0.98734844,1.1562052,0.813489,0.9245077,0.015623099336624145,6615.212239265442,0.125,0.125,-0.24134579756933927,-8.426622618397034e-05,-0.2413402935046161,0.00010028671851446515,-1.037342377598461,25.249999999996884,0.0,425000.0,-10.0,-5000.0,500.0,7.471519708633423,425000
1010.4323,0.048035394,0.020728001,0.0052343444,-1010.177,1010.177,[7.86829740e-03 5.07595129e-02 6.02946430e-02 1.88358165e-02
 1.01611671e+02 5.52473105e-02 7.76103437e-02 2.08791211e-01
 6.84787631e-02 6.53574020e-02 1.75227411e-02 1.47673041e-02
 3.33865434e-02 5.62683493e-02 2.15860084e-02 1.58918872e-02
 3.05245854e-02 4.31079902e-02 5.48298657e-02 7.92278349e-02
 3.68482172e-02 1.28306478e-01 3.10516730e-02 1.26605034e-01
 1.38334370e+00 2.46882617e-01 8.45438063e-01 6.14884645e-02
 2.04035729e-01 3.46555747e-02 1.21843010e-01 1.60194933e-01
 3.25834043e-02 6.17169216e-02 5.30104712e-03 1.58163762e+00
 3.16546448e-02 8.55613470e-01 1.18600205e-02 2.98292786e-02
 6.82171404e-01 2.49190760e+00 6.47173077e-02 6.00151606e-02
 1.37727499e-01 5.72714396e-02 1.71373129e-01 4.20393422e-03
 1.33214965e-02 1.00409880e-01 1.14332944e-01 1.06468797e-04
 6.98836222e-02 3.01461756e-01 4.27947380e-02 5.89497760e-02
 1.90949626e-02 5.53631961e-01 4.73305359e-02 1.41041338e-01
 7.34175891e-02 2.29754597e-02 8.83131102e-03 7.53784478e-02
 7.60934949e-02 1.85490921e-02 5.69623262e-02 9.82786417e-01
 8.13881457e-02 1.27816737e-01 1.94099694e-01 3.36607769e-02
 6.77817315e-02 1.67408586e-01 2.06391290e-02 4.03831303e-02
 4.07913446e-01 4.31278124e-02 3.74255329e-03 5.16411185e-01
 3.98775823e-02 3.42114903e-02 1.07343793e-01 8.87805894e-02
 7.57291690e-02 2.18871981e-01 2.92463160e+00 5.60673550e-02
 1.56562403e-02 1.15755349e-02 3.33621241e-02 2.99346000e-02
 1.22369826e-01 5.27214184e-02 1.96926212e+00 1.70413160e+00
 3.02586257e-01 3.40026654e-02 3.44249979e-03 7.47515708e-02
 3.42539698e-02 3.86272222e-02 2.98582502e-02 1.51336104e-01
 2.87891179e-03 6.77919686e-02 3.17348912e-02 2.84177363e-01
 1.69081725e-02 1.07364476e-01 3.91425565e-02 3.17258425e-02
 4.86562029e-02 9.29830074e-02 6.51335269e-02 4.21422124e-02
 3.89335528e-02 1.11135021e-01 7.38952309e-03 5.06237149e-03
 9.55779999e-02 8.04665089e-02 8.28317106e-02 2.84204483e-02
 7.71695524e-02 6.77973777e-02 2.69537456e-02 5.59699088e-02
 3.51152897e-01 1.66343987e-01 6.54718727e-02 1.72600016e-01
 3.61829400e-02 3.37441638e-02 4.19173874e-02 3.36681195e-02
 4.70716693e-02 2.27492191e-02 1.49940956e+00 1.17763472e+00
 4.17453237e-02 7.20810890e-02 5.78995049e-03 4.85723093e-02
 2.35156156e-02 7.36875236e-01 4.05725427e-02 4.51005772e-02
 7.15534389e-02 4.37008217e-02 2.71503220e+01 1.04278398e+00
 6.11566193e-02 4.13751341e-02 1.02201462e-01 1.14858973e+00
 1.44881383e-01 5.06273657e-03 4.49850559e-02 8.08595791e-02
 4.24381161e+00 8.49998668e-02 2.94875056e-02 5.64282127e-02
 1.88330579e+00 1.15651220e-01 3.13336998e-02 1.41017422e-01
 2.33219475e-01 1.09877884e-01 1.62826017e-01 1.10515386e-01
 2.79028788e-02 4.07928601e-02 1.93873420e-02 3.33788425e-01
 6.10042214e-02 5.32106310e-03 1.07168093e-01 1.52295619e-01
 3.56690958e-02 3.86716202e-02 3.02832961e-01 2.64652073e-03
 2.28231698e-02 6.38000202e+00 1.09355271e-01 2.60154195e-02
 8.06647688e-02 7.18318820e-02 5.36985695e-03 6.24689348e-02
 2.62966938e-02 5.81238568e-02 1.34129226e-01 8.84700567e-03
 5.11945263e-02 7.37433583e-02 6.59926385e-02 1.88896433e-02
 6.12070441e-01 1.07696533e-01 3.33714485e-01 8.30921903e-03
 4.76733185e-02 4.76956740e-02 6.84876889e-02 4.78076115e-02
 7.04332441e-02 3.51012158e+00 2.79969648e-02 1.04920238e-01
 2.82529742e-02 2.13398188e-01 7.07832277e-02 8.95049930e-01
 4.39106300e-02 2.89197639e-03 1.26979485e-01 4.49069776e-02
 3.82443704e-02 6.23039976e-02 5.25050834e-02 1.82953417e-01
 6.67174608e-02 3.57480049e-02 4.56776991e-02 1.57367066e-02
 1.27491094e-02 4.41214330e-02 5.56447580e-02 4.13661078e-03
 1.02898210e-01 3.14270146e-02 6.63153976e-02 3.26538458e-02
 1.82646550e-02 1.19774528e-02 6.74590319e-02 1.48637034e-02
 6.32114112e-02 3.92185211e-01 4.47983295e-03 3.93608868e-01
 3.10568362e-02 6.97343946e-02 5.81663884e-02 8.72229412e-03
 6.30233437e-03 1.89482942e-02 8.03289413e-02 3.62875797e-02
 2.77026668e-02 2.62940601e-02 2.67258239e+00 4.98724170e-02],1.004477,[2.97512114e-03 2.43628807e-02 2.55025923e-02 8.65176320e-04
 1.38359863e+02 1.86544135e-02 1.40628405e-02 1.06253065e-02
 3.96129377e-02 2.23380998e-02 8.85212421e-03 1.22126527e-02
 9.77799669e-03 7.24736601e-04 1.77283771e-02 6.54788315e-03
 3.31357121e-04 1.35572292e-02 5.76544553e-04 7.26444274e-03
 2.57664397e-02 1.73858143e-02 2.32491791e-02 1.81904018e-01
 7.98440278e-02 3.24094668e-03 5.06276190e-01 6.78546727e-04
 3.00539806e-02 1.76789053e-02 1.27591193e-02 1.67608634e-02
 4.26144153e-03 3.42433751e-02 1.38818100e-02 4.94472757e-02
 1.62008591e-02 1.37314588e-01 1.50026828e-02 3.22116911e-03
 1.16275102e-02 1.80650130e-03 3.43762711e-03 3.23708355e-03
 9.88021493e-03 7.46645033e-03 1.84014440e-04 3.15643847e-04
 2.23280862e-03 1.84207931e-02 2.48201266e-02 4.69759107e-04
 2.60423310e-02 6.49068207e-02 5.69708645e-04 8.18982720e-03
 3.66302207e-03 1.07693672e-03 1.04433484e-02 2.05101520e-02
 4.00788821e-02 7.12061301e-03 9.08078253e-03 1.35262758e-02
 8.12763348e-03 2.07834579e-02 7.93505460e-03 2.54576504e-01
 7.98280537e-03 2.93730572e-02 1.43328682e-03 1.46346428e-02
 1.47570856e-02 2.89303362e-02 2.53415257e-02 4.10623103e-03
 2.19201118e-01 1.55566037e-02 4.11809236e-03 1.03274025e-02
 2.30428949e-03 8.17151740e-03 2.76488438e-03 2.31839716e-04
 1.17936134e-02 9.67841148e-02 1.24922469e-02 4.68792394e-03
 1.46227367e-02 1.08329430e-02 7.67508149e-03 1.56868249e-02
 9.10683870e-02 2.88815536e-02 6.89314157e-02 4.58572060e-04
 8.20692331e-02 1.95699483e-02 5.45386225e-03 2.46177986e-02
 2.35680491e-04 4.14659083e-03 1.16352625e-02 1.27310902e-02
 3.69006395e-03 8.15511495e-03 1.78010017e-03 2.59681232e-02
 2.04848684e-02 1.40612125e-02 3.84390727e-03 3.83900478e-03
 2.57611275e-03 1.14314444e-02 9.56637412e-03 2.03150883e-03
 1.32912584e-02 1.72970928e-02 1.51509419e-03 1.95281543e-02
 3.01618017e-02 1.45324804e-02 1.32812448e-02 3.33428383e-04
 6.89438730e-02 1.91427618e-02 1.46682560e-02 6.97255135e-03
 4.40708548e-03 3.65979224e-02 1.52999908e-03 9.36472788e-03
 1.86093152e-03 3.45686078e-03 1.50166228e-02 1.16279610e-02
 2.27826312e-02 4.40791249e-03 4.13849950e-04 1.91358104e-03
 1.70988217e-03 4.24036086e-02 3.53150442e-03 5.57079911e-05
 4.52160835e-03 7.62750208e-03 1.13922544e-02 4.14860249e-03
 2.09877528e-02 1.14885867e-02 3.18836746e+01 7.96946347e-01
 8.80045444e-03 4.73815948e-03 1.15108043e-02 1.44939795e-02
 2.11730599e-02 3.24274972e-03 2.14687735e-02 8.28508288e-03
 5.29362392e+00 2.73074657e-02 2.71935016e-03 2.28270479e-02
 5.23136675e-01 9.47131217e-03 3.05373222e-04 1.89278200e-02
 2.25410238e-02 9.00010020e-02 2.47311473e-01 1.13933235e-02
 4.19560820e-04 2.04310566e-03 1.20211393e-03 3.90771776e-02
 2.34063901e-02 7.88290799e-03 5.40641844e-02 3.43624502e-03
 9.85635072e-03 5.54075837e-03 2.11216658e-01 1.05636194e-03
 8.00687820e-03 1.34121096e+00 1.33813694e-02 1.26101077e-05
 1.26055256e-02 3.11135985e-02 5.83276525e-03 4.63870540e-03
 1.04136840e-02 8.26194882e-03 1.39482319e-03 1.01092160e-02
 2.51200199e-02 2.60156542e-02 4.13150862e-02 5.13671711e-03
 5.51290810e-04 2.35062614e-02 1.26125380e-01 4.92636114e-03
 4.94179502e-03 2.26604939e-03 5.89741021e-03 3.99469025e-02
 6.13965094e-04 1.08772703e-02 1.72551349e-03 1.59522966e-02
 2.86502913e-02 1.92348398e-02 2.55736858e-02 2.03272142e-02
 3.10093910e-03 1.27498060e-03 1.23882666e-03 3.03663313e-02
 1.83828846e-02 1.25335008e-02 1.78794339e-02 1.71555951e-02
 6.81266934e-03 6.14464283e-03 2.26732865e-02 1.26087144e-02
 7.10308552e-03 7.08151609e-03 5.61833754e-03 3.08522955e-03
 3.91544476e-02 8.41962174e-03 1.63616613e-02 2.86077745e-02
 2.35694833e-02 5.59646636e-04 9.01944935e-03 9.45689157e-03
 3.03045660e-03 1.22382358e-01 1.44478120e-02 4.92246866e-01
 1.27507597e-02 6.47083670e-03 2.04917267e-02 7.55861402e-05
 8.79243016e-03 1.28789879e-02 3.87459770e-02 4.16717678e-03
 4.11434472e-03 8.07821751e-04 1.40781142e-02 5.75094596e-02],-973.9005,-1011.0603,-1119.3925,1.0000819,1.0101144,0.97836995,0.9255631,50.64405,-46.930172,352.31775,1035.106,1.7925926,0.26947385,0.15601224,-1030.6187,1030.6187,[1.23533594e+04 9.21934223e+00 1.07747754e+04 6.09518089e+01
 2.97125305e+02 1.70691013e+01 1.09864612e+03 3.67579384e+01
 3.46238327e+01 4.54333398e+03 2.68366058e+02 1.91717852e+04
 1.47747974e+03 4.72173291e+03 2.80533740e+03 5.19498389e+03
 2.43065613e+02 4.61383301e+03 1.31489594e+02 2.01794853e+01
 3.91113586e+01 1.23423491e+01 1.81859609e+04 1.45214676e+02
 1.41354380e+01 4.50323257e+01 6.38900879e+02 1.43490625e+03
 3.66330811e+03 6.27957773e+00 1.32947144e+02 1.99826965e+02
 6.79176102e+01 1.10944580e+03 9.28321094e+03 1.66911973e+04
 4.00841093e+00 6.32760205e+03 2.34984398e+00 1.53129562e+02
 2.62858301e+03 8.80042572e+01 2.99550195e+03 7.79119873e+01
 4.53275986e+01 1.36374277e+04 1.53170435e+03 6.35035156e+02
 2.05662327e+01 1.71911169e+03 5.80285797e+01 2.10340515e+02
 7.11463867e+03 4.51727829e+01 5.90546303e+01 1.17545326e+02
 1.08914099e+03 2.26914368e+02 5.86716675e+02 2.52310718e+03
 8.47157593e+01 6.20331299e+03 4.89653740e+01 1.22004785e+03
 9.08905792e+00 3.11089429e+03 1.70775948e+01 9.38986053e+01
 3.26996155e+01 6.32820007e+02 3.58533821e+01 5.68072624e+01
 5.93547058e+01 3.97524506e+02 5.80908012e+00 4.44898300e+01
 4.82678741e+02 4.54930664e+03 1.59258453e+02 2.52035156e+03
 8.94635742e+03 6.57888672e+03 4.14683301e+03 1.03152861e+04
 1.68837051e+01 1.23412305e+04 1.38261093e+02 3.30353508e+01
 8.54662891e+03 2.38820076e+00 6.11164551e+03 1.66771641e+04
 6.59969238e+03 4.21554804e+00 1.79671875e+03 9.48946875e+03
 6.42292969e+03 1.17321182e+02 3.03969574e+02 2.11255569e+01
 2.72245880e+02 2.02535431e+02 9.89816699e+03 1.05217310e+03
 2.52211395e+02 1.53792520e+04 1.50206006e+03 7.95446515e-01
 3.75061035e+00 1.69074993e+01 2.70953613e+03 6.20446663e+01
 2.03219040e+02 4.07373871e+02 3.41356468e+01 3.22020361e+03
 2.48898964e+01 7.30568390e+01 1.85805298e+02 9.93532715e+01
 1.33102951e+02 5.79179053e+03 3.91129395e+02 1.27934433e+02
 3.52175513e+03 5.24704056e+01 3.04607925e+01 7.60361404e+01
 2.13289185e+01 8.20277051e+03 2.98745087e+02 1.91389124e+03
 6.09565381e+03 8.56052246e+02 1.39236743e+03 2.01978226e+01
 4.26385010e+03 1.66427637e+04 5.55611649e+01 1.29519958e+01
 5.54343224e+01 5.09759949e+02 2.44653091e+01 4.31313562e+00
 1.67649689e+01 7.67218094e+01 4.68306885e+01 1.27325754e+01
 8.98562744e+02 2.03439375e+04 4.59264851e+00 1.03593338e+02
 9.89615326e+01 6.29553418e+03 3.68318863e+01 6.50391996e-01
 3.84414893e+03 8.04459277e+03 2.00975204e+02 1.08255188e+02
 3.93688278e+01 3.91676117e+02 7.51745911e+01 1.81217954e-01
 1.72393250e+02 1.12298047e+03 2.33145218e+01 3.85373120e+03
 5.20361426e+03 2.91819153e+01 1.49632312e+03 2.60695953e+02
 7.65665332e+03 2.75606421e+03 7.14373657e+02 5.16639099e+02
 9.21941528e+02 2.23703418e+03 3.45675598e+02 2.10816002e+01
 2.13099701e+02 1.37485571e+01 3.02953271e+03 7.52879953e+00
 4.00060974e+02 1.32214294e+02 2.76195717e+01 1.12548467e+04
 5.11314270e+02 9.25320053e+00 2.54088477e+03 2.25264277e+04
 3.48772192e+00 2.09715576e+01 2.20747363e+03 3.39750099e+01
 1.19570374e+03 1.44505520e+01 3.26539492e+04 5.07642698e+00
 1.17047559e+04 1.33739343e+03 6.79809509e+02 2.40661201e+01
 1.12862708e+03 6.92588135e+03 9.70330887e+01 2.16078782e+00
 2.76574170e+03 1.30905716e+02 1.81800323e+02 2.44803572e+00
 7.57486523e+03 1.42057141e+03 4.73760437e+02 6.93885986e+03
 4.49898109e+01 9.98114014e+02 9.21980408e+02 4.40072975e+01
 1.09041519e+02 4.12135887e+01 5.75561890e+02 2.34870195e+04
 5.68004578e+02 1.35996521e+03 1.75279297e+02 2.66806526e+01
 2.28214160e+03 2.48259716e+01 1.62351160e+03 2.86585026e+01
 1.03163788e+02 7.66444824e+03 3.78111572e+02 5.53917773e+03
 1.79250458e+02 2.05325378e+02 6.57643366e+00 1.31428650e+03
 5.16239471e+01 1.74685028e+02 9.56836060e+02 4.84645920e+01
 8.91738892e+01 7.77531787e+03 8.74589746e+03 3.13041039e+01
 7.03471533e+03 3.58930278e+00 5.68652930e+03 4.31144775e+03
 2.66190381e+03 1.50138035e+01 3.68438599e+02 2.43083643e+03],3728.3074,[1.79177578e+04 6.61068964e+00 1.51418281e+04 7.06996994e+01
 1.06692932e+02 1.48329811e+01 9.60180176e+02 1.25724442e+02
 3.12011986e+01 3.59526025e+03 1.08711624e+02 2.55139883e+04
 2.80688110e+02 3.63948340e+03 2.43072925e+03 1.12518135e+04
 2.09350113e+02 4.45401172e+03 9.18662643e+01 6.77518845e+01
 5.56367264e+01 2.27880516e+01 3.41336016e+04 1.73545441e+02
 4.27519112e+01 2.26588257e+02 5.66155701e+02 1.67817810e+03
 3.38492676e+03 1.96717281e+01 1.48093713e+03 1.55675644e+02
 2.54913376e+02 3.45146582e+03 4.04795898e+03 1.90318125e+04
 4.25752258e+00 4.55607861e+03 3.65336466e+00 5.77775192e+01
 7.09181738e+03 9.05790558e+01 4.30596094e+03 7.70214157e+01
 8.21935463e+00 1.86388359e+04 1.75721069e+03 1.00379089e+03
 5.67675972e+00 3.59406464e+02 7.35172577e+01 2.62572449e+02
 5.98417603e+02 1.74609451e+01 5.42952194e+01 1.69495529e+02
 7.36842102e+02 2.38686401e+02 7.26739990e+02 3.50461743e+03
 7.31192112e+00 6.50775684e+03 5.66748543e+01 1.15649487e+03
 1.25417221e+00 4.16373633e+03 2.21711845e+01 1.04711739e+02
 2.01805363e+01 4.52719482e+02 2.08958298e+02 1.90328369e+01
 7.72831268e+01 5.69339050e+02 9.51952934e+00 4.32353878e+00
 4.31355194e+02 1.16998262e+04 1.24162659e+02 2.53976880e+03
 1.22871992e+04 3.64738599e+03 2.12157129e+03 1.06611182e+04
 1.73107414e+01 1.19063545e+04 1.70178513e+02 7.21081467e+01
 1.78456543e+04 3.20776749e+00 7.37643213e+03 2.15008945e+04
 9.12018750e+03 4.09011984e+00 2.96197021e+03 1.02836074e+04
 7.38354590e+03 1.83611542e+02 3.82990417e+02 2.42298183e+01
 2.83603668e+02 1.37331345e+02 9.60394434e+03 7.37399475e+02
 9.08902527e+02 1.35265449e+04 1.29760864e+03 5.69413602e-01
 4.92048788e+00 4.05751457e+01 2.72335234e+04 2.62636623e+01
 3.08635803e+02 2.80236969e+02 4.04559364e+01 2.50934888e+03
 8.00609779e+00 5.65717010e+01 1.48517776e+02 1.24331579e+01
 1.54707886e+02 3.26022534e+03 5.69700073e+02 1.21869331e+02
 5.10505127e+02 4.74047508e+01 1.57077446e+01 1.01812660e+02
 2.19659758e+00 6.16304639e+03 1.00019617e+03 1.31329993e+03
 6.11167432e+03 8.18338745e+02 1.77060620e+03 1.97775021e+01
 5.19723438e+03 1.91016133e+04 7.62397766e+01 2.92567806e+01
 7.71879959e+01 8.92676025e+02 2.14633369e+01 3.18675728e+01
 1.48053274e+01 1.79677315e+01 3.15466642e+00 2.26797009e+00
 5.39701691e+01 8.47553906e+03 8.05589981e+01 9.51774216e+00
 9.39835052e+01 5.88601318e+03 4.10783424e+01 6.47654819e+00
 4.53385938e+03 9.18157910e+03 1.94898209e+02 1.16315353e+02
 2.08258495e+01 3.23054321e+02 4.02834058e-01 2.75610872e-02
 1.10255890e+02 1.23658459e+03 3.18082476e+00 6.37692383e+03
 4.33037354e+03 4.10661392e+01 9.60286011e+02 6.71613693e+01
 7.46937793e+03 3.55315918e+03 8.57769653e+02 6.10593689e+02
 1.76197485e+03 1.48871841e+02 3.44551361e+02 3.27841492e+01
 1.99266708e+02 1.13440561e+01 3.93325391e+03 2.03540754e+00
 4.40899963e+02 4.68389359e+01 1.71861076e+00 1.57652129e+04
 6.43750122e+02 3.84144425e-01 3.02356079e+03 3.09712109e+03
 6.21389866e+00 3.89826851e+01 1.24265637e+03 3.24321976e+01
 1.13489722e+03 3.96258049e+01 3.21899121e+04 4.99950600e+00
 1.14315830e+04 2.10809668e+03 7.10802795e+02 2.22191277e+01
 1.14394941e+04 9.64674414e+03 1.23150932e+02 2.54189444e+00
 3.43339233e+03 3.29957352e+01 1.91647476e+02 1.70365727e+00
 8.16789062e+03 1.34670032e+03 5.58180908e+02 5.52653223e+03
 2.05977488e+00 9.59255066e+02 9.14631836e+02 1.26132965e+00
 1.75435905e+01 3.56491585e+01 8.24624207e+02 2.13025215e+04
 2.82468506e+02 3.04611768e+03 1.23477829e+02 9.93055344e+00
 3.77466260e+03 3.27148476e+01 1.78734937e+03 2.50824604e+01
 1.14531487e+02 1.13548730e+04 1.95036591e+02 4.20162305e+03
 2.35712189e+02 3.98257294e+01 8.60181153e-01 1.23623145e+03
 3.77720566e+01 2.53667267e+02 2.00012146e+03 3.09851837e+01
 1.19968882e+01 6.81289160e+03 7.11796582e+03 6.73248291e+01
 6.85742432e+03 4.47468567e+00 4.96202539e+03 7.74624902e+03
 1.77246057e+03 1.34820604e+01 5.82409790e+02 3.12769727e+03],-977.2637,-1049.804,-1356.9224,0.9793529,1.1218652,0.7501106,0.9238157,0.014976059970855713,6989.613753318787,0.125,0.125,-0.3446661643141051,1.8421316226672665e-09,-0.34466616443120657,-1.671553733540438e-09,-1.4901865432893722,25.249999999996884,0.0,450000.0,-10.0,-5000.0,500.0,7.515482187271118,450000
1010.02625,0.053970344,0.03354564,0.0017367149,-1009.63684,1009.63684,[5.79932965e-02 4.00412381e-02 1.26775987e-02 4.86531556e-02
 1.30115040e-02 7.91961700e-02 1.10863596e-01 1.40425056e-01
 9.30024087e-01 1.61677167e-01 1.12293839e-01 8.00446570e-02
 3.75369459e-01 9.68069583e-02 1.99146137e-01 2.26742700e-02
 8.74008834e-02 4.72412147e-02 2.06836796e+00 9.23204273e-02
 2.46570259e-02 5.11546470e-02 3.42480280e-02 5.30064702e-02
 1.56511441e-02 1.88430578e-01 7.57442489e-02 1.03934944e-01
 2.71215178e-02 2.59020925e-02 9.99566615e-01 3.24503946e+00
 2.79381871e-03 1.11578889e-02 3.27534415e-02 1.41586319e-01
 5.17213084e-02 3.69755149e-01 5.96787408e-02 4.51787376e+00
 1.47594392e+00 6.38746768e-02 1.33210719e-01 1.85601518e-01
 3.41542512e-02 2.14169174e-01 1.72319353e-01 1.99774653e-03
 2.65180208e-02 7.21536875e-02 6.90443665e-02 5.02731419e+00
 8.01626593e-02 7.18541294e-02 1.71265937e-02 5.83055854e-01
 2.17447057e-02 7.71725327e-02 1.56904414e-01 3.53446603e-03
 2.42481381e-03 5.97017586e-01 1.65660744e+01 6.28602058e-02
 6.85988739e-03 1.01017192e-01 1.97960675e-01 2.06058979e-01
 5.09843975e-02 2.10347846e-02 4.47167829e-03 1.43962955e+00
 1.60430431e-01 7.13834539e-03 7.77007341e-02 1.20095149e-01
 2.55330992e+00 5.53320535e-02 5.95592678e-01 6.48142099e-02
 2.85568908e-02 3.25535610e-02 2.91657758e+00 4.75461245e-01
 1.00023612e-01 6.07894547e-02 2.01992109e-01 1.84832454e-01
 9.57507640e-03 2.04720534e-02 1.33733898e-01 2.58196481e-02
 1.58394873e-03 1.36636235e-02 1.12988092e-02 5.66060022e-02
 1.06704861e-01 1.13336354e-01 9.14692879e-03 8.66115391e-02
 4.36221778e-01 5.69567457e-02 2.67522186e-01 1.34241804e-01
 1.55336872e-01 2.13994086e-02 2.39086881e-01 6.34147674e-02
 1.68370046e-02 1.38494802e+00 2.17393041e-03 3.88230234e-02
 7.99510255e-03 1.94438994e-01 4.78855148e-03 1.42127919e+00
 6.79430738e-02 2.43065506e-03 1.26794055e-02 3.56234372e-01
 1.30704194e-02 4.43644822e-04 2.00070307e-01 1.26929022e-02
 3.54602709e-02 1.84949376e-02 7.56874159e-02 1.40651718e-01
 6.13927960e-01 8.17037374e-03 4.18846786e-01 6.16772249e-02
 9.91327316e-02 1.56266578e-02 2.35573113e-01 7.78033212e-03
 4.11350280e-02 4.59801912e-01 8.11542124e-02 3.00960615e-02
 4.08098555e+00 1.36624113e-01 3.59218009e-02 1.18177474e-01
 9.92722064e-03 1.06237233e-01 3.59037891e-03 1.13401152e-02
 2.60222144e-02 1.65734962e-02 6.86061800e-01 2.01389343e-02
 1.57544923e+00 3.87151912e-03 2.83455923e-02 5.78390896e-01
 2.04122677e-01 4.79156710e-02 8.75858814e-02 4.49464083e-01
 1.79774031e-01 1.40302002e-01 1.01836145e-01 2.44209245e-02
 9.99309123e-03 9.15126875e-03 3.59833241e-03 1.10728100e-01
 6.08506799e-02 4.49882805e-01 6.00375235e-03 6.05994016e-02
 7.85558373e-02 4.56422940e-02 1.64516628e+00 9.62305814e-03
 3.23881149e-01 7.89649636e-02 4.64537740e-02 1.55110151e-01
 2.08721310e-03 1.29642725e-01 1.62957788e-01 6.93995506e-03
 1.79206163e-01 8.48009065e-03 5.64008951e-03 1.55800059e-01
 6.61164522e-03 4.89915907e-03 4.98739257e-03 6.38953149e-02
 1.00178838e-01 2.22114936e-01 2.89358139e-01 5.78618795e-03
 5.26287593e-02 3.62846628e-02 3.59330475e-01 1.57203585e-01
 1.98543146e-01 4.56135944e-02 1.78623140e-01 1.03650764e-02
 8.80486310e-01 3.36525321e+00 3.75100411e-02 2.26642102e-01
 9.03189927e-03 5.38638234e-03 7.61770248e-01 6.08930364e-03
 1.10354030e+00 5.10728732e-02 5.83373792e-02 5.56715317e-02
 3.95129442e-01 2.75281072e-02 3.30684841e-01 9.98433530e-02
 7.09413886e-02 2.26991512e-02 8.64151859e+00 9.78124738e-02
 2.07573324e-02 1.39795151e+01 5.24547398e-02 1.03664964e-01
 3.53767350e-03 2.63702184e-01 3.24822962e-03 8.55143517e-02
 1.59535185e-02 7.89433718e-02 2.25634277e-01 9.72487628e-02
 1.29982591e-01 2.08002366e-02 4.93670750e+00 1.17833167e-02
 1.60452515e-01 1.68530181e-01 3.92214693e-02 2.38641715e+00
 1.51081830e-01 4.92939427e-02 3.03777575e+00 8.93036276e-03
 1.55816138e-01 1.35705143e-01 1.79043162e+00 9.25828099e-01
 5.43631613e-03 1.57040179e-01 1.53213739e-03 2.48434424e+00],0.46499866,[2.95913965e-03 5.70845976e-02 2.04122439e-03 8.35603848e-03
 8.61819088e-03 3.99110615e-02 3.69242579e-02 1.03135169e-01
 1.44078326e+00 4.65268567e-02 1.26222864e-01 8.61928239e-03
 1.15802959e-01 1.20585598e-02 2.80726582e-01 2.52034143e-03
 6.15765527e-03 8.16193596e-03 1.17429532e-02 5.29556908e-02
 1.40988901e-02 4.19930518e-02 2.14803889e-01 9.90433991e-02
 2.82314606e-02 4.70986515e-02 6.95243478e-03 4.18700166e-02
 8.48408341e-02 1.14111491e-02 3.00633490e-01 1.25440985e-01
 8.32602754e-03 2.29986943e-02 3.98855358e-02 4.95543815e-02
 3.75388414e-02 3.13314974e-01 1.41670108e-01 3.95042121e-01
 6.82448447e-02 1.69781521e-02 4.06760722e-03 6.29555285e-02
 8.14712420e-03 8.44045281e-02 1.12770975e-01 3.98254395e-03
 6.88767806e-03 4.46619131e-02 6.99982420e-02 2.31919289e-01
 7.12209493e-02 6.85718805e-02 7.74951279e-03 3.44483644e-01
 3.11789289e-02 1.04534365e-02 4.13695052e-02 5.24865687e-02
 4.87543643e-04 1.30538714e+00 1.84482975e+01 8.15065354e-02
 1.30049661e-02 9.21074301e-02 4.80578616e-02 8.79487991e-02
 1.16029188e-01 4.24109884e-02 8.16150010e-02 1.46023184e-03
 2.39882424e-01 1.62749588e-02 2.82963403e-02 1.21369049e-01
 1.54103294e-01 1.16838068e-01 3.15825380e-02 5.59247285e-02
 1.83332711e-03 1.56696141e-03 4.40486819e-02 1.74813807e-01
 8.96976143e-02 1.06675103e-02 2.15169862e-02 2.56569870e-02
 2.06013471e-02 6.74971193e-02 4.24650997e-01 2.79666483e-02
 6.43512458e-02 8.22670758e-03 3.72774899e-02 1.34807661e-01
 5.07689007e-02 8.09382349e-02 8.59219208e-03 9.71960425e-02
 4.20570463e-01 7.66427517e-02 5.82638569e-02 3.36874463e-02
 4.70903851e-02 4.56664339e-03 8.86980072e-03 1.22912645e-01
 2.10884586e-03 1.63549557e-03 5.83149269e-02 2.90039927e-03
 8.23931694e-02 4.68924381e-02 1.27432495e-02 9.25838947e-03
 2.14136019e-03 2.31451541e-03 6.46505505e-03 1.25933886e-01
 3.35940160e-02 1.99748009e-01 1.66354194e-01 4.37784940e-03
 1.67806037e-02 8.77809525e-03 5.08833677e-03 2.32888848e-01
 3.88444960e-02 1.48477033e-03 4.97861981e-01 6.36495650e-03
 8.75171721e-02 4.73893434e-03 2.74585009e-01 5.55193610e-02
 4.14664336e-02 1.26047754e+00 3.06589380e-02 3.38933244e-03
 3.48571396e+00 7.62546659e-02 9.25231725e-03 1.16972998e-03
 5.58662415e-03 1.77577510e-03 1.18965209e-02 2.05128677e-02
 1.22384913e-02 6.31809235e-04 1.51961148e-01 1.44907869e-02
 4.69470978e-01 1.53753906e-03 2.39405222e-02 9.53258157e-01
 1.87462822e-01 3.43503058e-03 3.43234837e-02 2.16754511e-01
 1.19799882e-01 9.24150050e-02 2.62786485e-02 7.05335289e-04
 7.90644437e-04 1.64634921e-02 6.26354516e-02 1.62934735e-02
 1.25588253e-02 9.10125971e-02 4.36504558e-03 4.36168909e-03
 1.64329149e-02 6.81099892e-02 5.91253400e-01 8.28025490e-03
 2.11206943e-01 1.00092322e-01 2.48301774e-02 6.46943450e-02
 1.70154110e-01 3.26809436e-02 1.69532493e-01 3.28171924e-02
 1.51597485e-01 1.97008289e-02 1.17403269e-03 6.15808964e-02
 2.45506205e-02 5.96028939e-03 2.24921852e-04 8.69464129e-02
 4.60158475e-02 5.85497357e-02 2.37611949e-01 2.38263980e-03
 1.57016888e-03 6.07687980e-04 2.63791159e-03 2.24191114e-01
 6.54937774e-02 1.25367939e-03 1.26672998e-01 1.33487172e-02
 2.77528554e-01 7.65709400e-01 5.27969003e-02 2.17113718e-01
 3.33287194e-02 9.75023210e-02 8.32565594e+00 2.41834670e-03
 7.35045969e-01 7.22410828e-02 3.30901518e-03 2.51892582e-03
 2.94915497e-01 1.95175298e-02 2.64551759e-01 8.98754895e-02
 5.34725934e-02 5.29661775e-03 5.06334209e+00 5.06036915e-02
 3.31033021e-04 4.98754597e+00 3.62012535e-03 5.96667863e-02
 2.58636847e-03 2.33589679e-01 1.38522997e-01 6.99095801e-02
 1.39156058e-02 3.50636318e-02 9.24282074e-02 3.29716541e-02
 4.83835116e-02 5.73641062e-03 1.23987034e-01 1.30511522e-02
 1.40940160e-01 8.56835395e-02 2.27170177e-02 4.78522003e-01
 1.42553478e-01 5.99890947e-04 2.53365874e+00 4.36101109e-03
 8.73586684e-02 6.54844195e-03 1.42254606e-02 5.24092093e-02
 1.74263492e-03 6.23163953e-02 6.84237480e-02 1.39959586e+00],-972.7942,-1011.7342,-1432.1013,1.0000817,1.0103357,0.99769914,0.92556334,10.125992,-6.81843,70.50283,1045.0948,1.5512294,0.23690335,0.15578775,-1041.1746,1041.1746,[1.54879365e+04 3.35706958e+03 5.68977637e+03 7.69772705e+03
 1.72543335e+01 6.20213184e+03 7.80735107e+03 2.53981705e+01
 6.28534126e+01 4.23937598e+03 7.49704819e+01 9.74945221e+01
 9.83327332e+01 2.27594746e+04 7.37540820e+03 1.52290440e+01
 4.37462012e+03 1.21296600e+02 2.41334688e+04 1.27626862e+02
 1.25871836e+04 3.74723438e+03 8.55241394e+02 6.44646835e+01
 9.45025864e+01 7.77485962e+01 2.60731415e+02 9.44713287e+01
 1.29790664e+04 7.43776917e+02 8.95231836e+03 7.21457617e+03
 6.30772344e+04 2.66080856e+01 5.25094092e+03 3.31614609e+04
 1.60282007e+03 2.92069763e+02 5.18719482e+02 5.97199020e+01
 1.52237048e+03 3.98702583e+01 1.03205029e+03 7.64841797e+04
 2.17698312e+00 4.56645584e+00 3.54743652e+03 1.69118546e+02
 1.11706406e+04 3.23468471e+00 8.79145355e+01 3.79964868e+03
 1.31913057e+04 1.66362213e+02 2.09210854e+01 1.04533252e+04
 1.94809395e+04 5.51152191e+01 2.19726172e+04 1.21912758e+02
 2.80352325e+01 3.37349961e+04 1.13597070e+04 7.95696640e+01
 1.78495674e+01 1.07856750e+01 5.73489014e+03 4.57271805e+01
 9.49526367e+02 3.83252295e+03 1.79167080e+01 2.64428857e+03
 9.63091504e+03 3.04493561e+01 2.46540466e+02 3.00587482e+01
 2.10123608e+03 3.65218604e+03 3.22102954e+03 6.44143127e+02
 5.07909790e+02 8.99698486e+01 4.01659760e+02 3.89758759e+01
 2.72441223e+02 2.29419336e+03 3.13982544e+02 7.34970016e+01
 1.00750465e+01 1.99329895e+02 1.40284424e+02 1.20479698e+01
 9.38567810e+02 2.28260718e+03 4.21030998e+01 2.49707129e+04
 1.33515106e+02 8.60795801e+03 8.76546387e+03 1.70546684e+01
 3.66632861e+03 6.67774963e+00 4.26148877e+03 1.77563147e+03
 1.06518829e+02 9.49704971e+01 2.25817978e+02 5.61109570e+03
 2.67023712e+02 1.53112059e+01 1.71727930e+03 5.81322607e+03
 4.55886650e+01 1.45333359e+02 1.58813525e+03 2.41575531e+02
 1.97654938e+02 1.42504521e+04 3.46460602e+02 9.61674118e+00
 1.19436783e+02 1.44525928e+04 1.10016846e+03 9.82589245e+00
 1.82711472e+02 3.19465017e+00 3.24386482e+01 2.36555157e+01
 2.66556339e+01 1.14072754e+03 5.29853394e+02 3.88203247e+02
 4.98343164e+03 1.01930286e+03 9.94264954e+02 6.60613647e+02
 3.35606432e+00 5.50390747e+02 1.58622925e+02 1.23089123e+01
 3.69619287e+03 9.98766797e+03 1.71880234e+04 2.06501343e+02
 1.09149150e+04 5.79527954e+02 1.62198108e+03 9.03563904e+02
 5.64938379e+03 1.41938312e+05 2.14161282e+01 3.74895813e+02
 5.83562050e+01 2.18166348e+04 9.97189426e+00 1.34949713e+01
 2.02425308e+01 1.81799240e+01 3.66632141e+02 2.26001660e+03
 8.55185742e+03 4.28722878e+01 3.07858181e+01 5.38424500e+02
 1.55497427e+01 1.07666182e+04 1.52501724e+02 1.14112461e+04
 2.01966882e+00 6.68235481e-01 5.74032776e+02 1.17286621e+04
 8.25717926e+01 8.25378174e+02 1.06764580e+02 1.16850791e+04
 1.55031876e+02 1.03077192e+01 2.06969702e+03 3.76311218e+02
 4.53205078e+03 2.17438965e+03 5.47881851e+01 6.75610718e+02
 1.98409043e+04 7.56697363e+03 2.13733828e+04 4.40033643e+03
 5.87333679e+01 1.10103855e+01 2.61081982e+01 8.32877426e+01
 3.09289160e+03 1.06385010e+02 1.82859554e+01 1.73972229e+02
 1.63406357e+02 1.51260662e+00 7.47815063e+02 1.12675543e+01
 4.07701912e+01 1.63273108e+03 1.74606812e+02 2.95286530e+02
 5.26485010e+03 2.16088120e+02 1.20401426e+04 2.56356592e+03
 2.14207275e+02 6.07801514e+01 1.15134840e+01 1.18593740e+04
 1.21498230e+03 2.40278149e+01 1.69243066e+03 2.59364960e+02
 5.22123596e+02 3.25191223e+02 2.19922546e+02 4.70497021e+03
 4.58602844e+02 8.34929657e+00 1.84797617e+04 6.03864899e+01
 2.44805023e+02 4.45406006e+03 1.31416699e+04 7.48029785e+03
 2.97159176e+01 2.45174515e+02 2.31336422e+01 5.75151550e+02
 9.35285378e+00 1.43545563e+02 2.33566772e+02 1.67309174e+02
 5.20577202e+01 1.93936230e+03 5.36912659e+02 1.99344788e+02
 1.05194977e+02 1.06753510e+02 1.12838696e+03 9.04378479e+02
 2.85014062e+03 2.03488586e+03 2.38543289e+02 5.87108803e+01
 1.84006238e+03 6.30742340e+01 6.98443555e+03 7.63408051e+01
 7.04145050e+01 1.58257117e+03 3.73451953e+03 6.24368057e+01],5412.559,[1.16863145e+04 3.28103906e+03 4.43451709e+03 1.41288306e+03
 1.69703369e+01 9.84690039e+03 1.00833604e+04 3.98606834e+01
 3.64602432e+01 6.38664990e+03 9.56147156e+01 1.90851746e+02
 1.16640587e+02 1.95540527e+04 8.87866895e+03 2.33611126e+01
 4.32537598e+03 1.57086182e+02 2.30154688e+04 3.64502883e+00
 1.13154590e+04 6.32884369e+01 6.51787415e+02 1.46997051e+01
 1.65894684e+02 2.47594814e+01 1.05950577e+02 1.77313263e+02
 1.22523105e+04 8.79238464e+02 9.39968848e+03 6.65270850e+03
 2.82782090e+04 8.98925591e+00 1.20970544e+03 3.79358398e+04
 1.02714124e+03 2.90866272e+02 6.17656982e+02 4.17888737e+00
 1.49550342e+03 4.18283691e+01 1.16781860e+03 8.35152188e+04
 1.73943253e+01 1.61728358e+00 2.18796558e+03 3.37889923e+02
 1.23031455e+04 4.18243551e+00 3.29642105e+01 3.04537817e+03
 7.42972607e+03 9.33306427e+01 3.29452744e+01 9.74269043e+03
 1.72838203e+04 7.99089050e+01 1.59419590e+04 3.16256123e+01
 3.51351762e+00 2.13050312e+04 1.24762510e+04 6.78603516e+01
 1.50259521e+02 4.76120996e+00 7.30776953e+03 1.73323107e+00
 1.19495850e+03 1.94605591e+03 1.84381828e+01 2.72655493e+03
 1.28001201e+04 2.00863113e+01 3.34120056e+02 2.38619652e+01
 2.33586475e+03 3.41874121e+03 3.99836401e+03 6.94717224e+02
 4.32576294e+02 2.14142227e+01 3.13402008e+02 4.61674786e+00
 1.43337341e+02 2.66402637e+03 3.24274292e+02 9.08299789e+01
 6.37993765e+00 1.04396690e+02 1.30014297e+02 3.74001579e+01
 5.40928162e+02 1.85349500e+03 5.76937866e+01 2.49354141e+04
 3.10789413e+01 6.49904102e+03 8.38558594e+03 9.33437424e+01
 7.85342725e+03 1.15700140e+01 3.44743335e+03 9.83002747e+02
 3.49908676e+01 1.15136307e+02 3.72151611e+02 6.63435645e+03
 1.87725082e+02 2.91154861e-01 9.53366455e+02 2.46384741e+03
 1.58931351e+01 1.87315414e+02 2.84398462e+03 1.22926132e+02
 2.02014236e+02 1.08769209e+04 4.93604553e+02 2.21277676e+01
 1.83209290e+02 8.11341650e+03 4.94429657e+02 1.44060583e+01
 1.38491928e+02 1.19184933e+01 2.03919244e+00 9.94527969e+01
 2.16765480e+01 1.22850244e+03 6.09589355e+02 5.18781250e+02
 6.21810596e+03 6.41544800e+02 1.08461084e+03 1.25776953e+03
 6.94595957e+00 5.99228271e+02 1.27742714e+02 6.37005329e+00
 4.96179883e+03 8.71167773e+03 8.73041406e+03 2.44897507e+02
 8.69842773e+03 7.00973267e+02 2.09986450e+03 7.68115479e+02
 5.10055762e+03 1.59016250e+05 3.46028900e+01 3.92742859e+02
 7.57262039e+01 8.03861377e+03 5.75060120e+01 1.89775810e+01
 1.14369125e+01 7.41132784e+00 4.74733521e+02 2.14537915e+03
 5.06152832e+03 2.90346742e+00 2.16800117e+01 4.53831390e+02
 1.63726521e+00 1.14892158e+04 1.12190994e+02 1.22761426e+04
 4.95798035e+01 1.10600781e+00 4.48410767e+02 8.06686182e+03
 9.38942337e+01 1.69419092e+03 7.95706253e+01 1.39947266e+04
 2.09220535e+02 1.15609894e+01 2.61984497e+03 4.56319153e+02
 2.40754614e+03 1.02404370e+03 5.79912415e+01 5.38220947e+02
 2.08223398e+04 1.72601184e+03 1.20315977e+04 4.92115967e+03
 1.22944893e+02 9.55068493e+00 3.06012230e+01 7.06944704e+00
 2.93192139e+03 1.17689407e+02 2.92999344e+01 1.27892502e+02
 1.71837570e+02 2.85941048e+01 6.87827911e+01 7.22764254e+00
 3.71691856e+01 2.04170679e+03 1.54140640e+02 2.73716644e+02
 4.48166943e+03 2.10708511e+02 1.43211016e+04 1.84120520e+03
 1.75785706e+02 2.94310455e+01 1.00943060e+01 1.21845410e+04
 1.17839478e+03 3.97059708e+01 1.02582874e+03 2.10700165e+02
 6.92527100e+02 2.42649536e+02 2.80458069e+02 2.33411133e+03
 6.19200928e+02 1.36974430e+01 1.63053457e+04 5.52832832e+01
 2.70186844e+01 4.54509180e+03 1.46025381e+04 8.29087695e+03
 3.80549431e+01 4.96499023e+01 4.82329082e+00 6.42281433e+02
 2.94977045e+00 1.58877594e+02 2.89504425e+02 3.67316895e+01
 2.68149147e+01 2.72557300e+03 4.67203857e+02 1.65859711e+02
 1.01419914e+02 1.47278549e+02 4.07667877e+02 9.43022949e+02
 4.25443207e+02 2.77218750e+03 4.33650452e+02 1.53861256e+01
 1.02131995e+03 9.30761566e+01 6.25928467e+02 1.20280273e+02
 1.37721588e+02 3.04866260e+03 3.81542432e+03 4.30388336e+01],-978.30206,-1055.6353,-1407.0708,0.9784922,1.0717405,0.72615844,0.9237242,0.015734428396224975,7382.974478960037,0.125,0.125,-0.23591958217843198,0.00010344203881401491,-0.2359073713274727,0.00021846243400209253,-1.0139583023987837,25.249999999996884,0.0,475000.0,-10.0,-5000.0,500.0,7.4517738819122314,475000
1009.49396,0.05384661,0.029149441,0.0012132259,-1009.1486,1009.1486,[3.97902012e-01 3.36558372e-03 1.76712066e-01 3.15492637e-02
 3.05760026e-01 5.27617097e-01 1.34718275e+00 1.04792371e-01
 1.35577366e-01 9.94065180e-02 7.69839168e-01 9.32113379e-02
 5.03060967e-02 2.47534230e-01 1.18551874e+00 7.78757989e-01
 1.15662232e-01 6.35091019e+00 4.44740690e-02 1.74016762e+00
 9.69748211e+00 2.09037997e-02 4.95037213e-02 1.14318982e-01
 2.21298718e+00 1.03575476e-02 1.00843824e-01 2.93750502e-02
 5.41234091e-02 3.41953933e-01 8.72505158e-02 5.36420166e-01
 6.35128617e-02 5.17102385e+00 8.80160928e-02 2.15133905e+00
 1.70998722e-01 2.37732604e-02 1.74131431e-02 5.88446148e-02
 4.95382287e-02 4.35953736e-01 2.12378442e-01 5.45969248e-01
 1.64712429e-01 8.55400041e-02 1.67070076e-01 1.70129910e-02
 3.22236925e-01 1.54183388e-01 9.92220193e-02 1.97856247e-01
 3.71750176e-01 2.32268527e-01 4.88417484e-02 9.59936157e-03
 2.18610503e-02 7.62099400e-03 2.03313023e-01 2.84289002e-01
 9.70308483e-02 1.35637790e-01 2.59092487e-02 3.36189568e-02
 8.88493806e-02 1.27008736e-01 4.40068007e+00 1.28021330e-01
 4.68464829e-02 7.41509944e-02 1.18987113e-01 7.51491785e-02
 3.15261555e+00 1.40397415e-01 4.35205176e-03 1.84375554e-01
 1.94611385e-01 1.76424995e-01 5.75207025e-02 9.77383256e-01
 1.28313452e-01 1.04356080e-01 1.07543349e-01 6.86759502e-02
 6.51052967e-02 8.52281004e-02 1.29349446e+00 2.39792943e-01
 8.68137553e-03 5.82418084e-01 5.81983961e-02 3.17602098e-01
 2.42557563e-02 2.28654027e-01 1.48669124e-01 1.53471351e-01
 4.20760900e-01 1.00234777e-01 1.12205386e-01 3.48818302e-03
 3.27941686e-01 2.90060416e-02 3.39551735e+00 3.92092705e-01
 3.74873400e-01 3.38924117e-02 3.89958918e-02 6.91102266e-01
 7.54513800e-01 1.39281154e-01 9.74999189e-01 1.15843087e-01
 2.81213894e-02 1.63173005e-01 2.82347560e-01 2.80386694e-02
 3.54934096e-01 4.81016822e-02 3.90889168e-01 5.08335710e-01
 1.74317509e-01 9.50886458e-02 9.32589173e-03 3.21711111e+00
 2.64010020e-02 6.41527921e-02 1.31662995e-01 6.76780790e-02
 7.81974494e-02 9.44380909e-02 5.97329214e-02 1.05261430e-01
 2.76057161e-02 3.34951609e-01 2.12326087e-02 3.24510038e-01
 9.59349275e-02 1.02419332e-02 2.97549553e-02 1.65917166e-02
 5.57810254e-02 1.14166319e-01 2.20938116e-01 5.28048337e-01
 2.06797051e+00 2.29138881e-01 7.73160607e-02 2.29601955e+00
 1.68401253e+00 8.95056534e+00 6.98573887e-02 7.58375525e-02
 7.94755363e+00 6.28424585e-02 2.60016799e-01 9.26516205e-02
 6.01594336e-02 2.73925930e-01 1.01137713e-01 1.44483051e+01
 2.04330826e+00 1.29326373e-01 7.02281445e-02 1.05306357e-01
 3.97488661e-02 1.97075164e+00 3.40338051e-01 1.34769469e-01
 6.66718781e-01 3.93888474e-01 1.06134027e-01 4.79624048e-03
 1.32942051e-01 8.83421302e-02 4.88071516e-03 8.04207176e-02
 4.62064683e-01 9.71980631e-01 1.20508477e-01 2.28269148e+00
 4.95406866e+00 6.71545565e-02 2.23813094e-02 1.37583590e+00
 1.41038060e-01 3.94528396e-02 9.66072202e-01 9.51291993e-03
 3.41319946e+03 3.63171846e-03 1.91209503e-02 2.91837990e-01
 2.92743444e-01 7.73034394e-02 1.73072591e-01 2.24861242e-02
 1.34960279e-01 7.82534629e-02 2.25982457e-01 3.81001413e-01
 4.42968793e-02 6.04598112e-02 2.90792370e+00 5.11100674e+00
 5.93482144e-02 3.13780904e-01 6.25786245e-01 7.13138580e+00
 2.52003849e-01 3.26491371e-02 1.54360011e-01 1.57893509e-01
 8.13455658e+01 2.38754168e-01 2.67626524e-01 4.15388495e-02
 9.52573493e-03 1.81492157e-02 1.07693062e+01 9.06620771e-02
 1.32308781e+00 9.12458599e-02 1.04046240e-01 3.70932668e-01
 1.33462310e-01 1.30522564e-01 1.94400735e-02 3.23739424e-02
 1.27685860e-01 9.48389173e-02 7.98390359e-02 9.77972150e-02
 1.75545849e-02 1.51112854e-01 1.29225105e-01 1.72593370e-02
 6.37185946e-03 1.46988988e+00 1.20836049e-01 2.54159600e-01
 1.46012712e+00 3.54282796e-01 1.30029500e-01 4.16717008e-02
 1.22453362e-01 1.69858225e-02 3.28924567e-01 5.18833935e-01
 4.14225236e-02 3.38259363e+00 1.73096545e-02 2.71454640e-02
 6.14302233e-03 1.45962134e-01 5.70680052e-02 1.47421443e+00],21.30303,[5.11620641e-01 1.08281150e-02 2.53422976e-01 8.95321518e-02
 2.73128837e-01 3.63834321e-01 2.33876154e-01 6.38123155e-02
 2.03006268e-01 1.80073366e-01 7.35791504e-01 2.08371028e-01
 1.23083815e-01 1.59631848e-01 3.57054621e-01 6.83503628e-01
 2.48352244e-01 5.52278805e+00 6.31681234e-02 1.68160021e-01
 1.95042114e+01 4.14521247e-03 1.03571504e-01 1.93599351e-02
 2.06566617e-01 6.33843988e-02 1.10144958e-01 2.24773772e-02
 8.08276683e-02 2.89930820e-01 5.01034595e-02 3.14226604e+00
 2.49272734e-02 1.94554314e-01 5.02053834e-02 6.82824969e-01
 2.36862093e-01 4.49959375e-02 6.67994395e-02 8.20631534e-03
 5.23366369e-02 2.10564770e-02 2.65238464e-01 3.53577375e-01
 6.12784103e-02 1.14202335e-01 8.07987154e-02 1.84541978e-02
 3.81843776e-01 1.25480607e-01 2.78656073e-02 1.35101989e-01
 5.13734281e-01 3.00200164e-01 8.33375901e-02 5.29190935e-02
 4.65104021e-02 1.90204531e-02 2.62698054e-01 4.12441492e-01
 1.43175378e-01 2.16400638e-01 5.38227148e-02 4.92117479e-02
 1.00090146e-01 2.51862481e-02 1.25115827e-01 1.50806546e-01
 3.83746959e-02 7.13958740e-02 1.11577615e-01 1.51912346e-02
 3.05368245e-01 2.29207814e-01 4.38006595e-03 2.57387877e-01
 1.42510876e-01 3.44767332e-01 1.95242763e-01 1.49504185e-01
 4.41021472e-02 1.62739873e-01 2.11283550e-01 1.27828449e-01
 9.00771618e-02 9.63812172e-02 5.66026717e-02 1.86911091e-01
 5.11936285e-02 8.13387483e-02 1.50352210e-01 4.08317149e-01
 1.01730511e-01 3.07326794e-01 9.48917717e-02 1.99626625e-01
 4.51135099e-01 1.33943662e-01 1.93920165e-01 1.85365826e-02
 2.42561951e-01 6.71363249e-02 2.03089505e-01 5.89961052e-01
 4.36372519e-01 8.05187374e-02 7.35089481e-02 6.67796016e-01
 6.47768140e-01 1.84629694e-01 7.73797274e-01 1.67241931e-01
 1.33432448e-04 2.20608786e-01 3.53338599e-01 6.43643886e-02
 4.79486525e-01 1.29364669e-01 2.99362063e-01 3.92441839e-01
 2.33699709e-01 1.12136245e-01 4.09563072e-02 6.44476473e-01
 8.08521956e-02 1.19794086e-01 3.43050696e-02 1.01174235e-01
 1.49952948e-01 1.62115321e-01 8.84557813e-02 2.26304248e-01
 7.30413944e-02 6.20547868e-02 1.33346058e-02 4.29170251e-01
 2.23858476e-01 6.00712188e-02 1.56817213e-03 4.61898148e-02
 1.94536433e-01 3.96442488e-02 2.72077501e-01 7.50706643e-02
 1.11613914e-01 1.68847859e-01 9.96152610e-02 8.76444280e-02
 7.39352703e+00 1.74008904e+01 1.59666911e-01 2.04687059e-01
 3.99066247e-02 8.50376189e-02 3.32502544e-01 1.60537913e-01
 1.36587694e-01 6.40025616e-01 1.50051638e-01 3.63369865e+01
 1.61454618e+00 2.11929604e-01 6.92982376e-02 1.76693738e-01
 5.11580147e-02 1.76799968e-02 3.92598629e-01 1.90095305e-01
 6.00449681e-01 4.99535084e-01 1.61786199e-01 4.68328595e-02
 1.25199556e-01 1.88545048e-01 4.53508645e-02 2.64771767e-02
 4.41317588e-01 7.74668813e-01 1.17069498e-01 1.43438965e-01
 4.09578621e-01 2.45209709e-02 7.51287490e-02 1.57391977e+00
 2.20173791e-01 6.62492514e-02 2.01821536e-01 2.18834318e-02
 3.87871289e+03 1.35192424e-02 7.81457499e-02 2.38104701e-01
 3.58215123e-01 1.37603551e-01 2.43257836e-01 1.07118428e-01
 1.35780722e-01 1.95889808e-02 2.71101415e-01 6.32745326e-01
 7.71270096e-02 3.75011005e-02 1.52363586e+00 7.22319782e-02
 7.89536536e-02 2.29215041e-01 4.92279112e-01 2.94944501e+00
 3.20129871e-01 7.30821639e-02 6.48520738e-02 1.39340535e-01
 2.78547668e+01 2.09835529e-01 2.14153260e-01 5.67540079e-02
 2.90530361e-02 3.34167667e-02 8.23313522e+00 2.11395130e-01
 1.58113599e+00 1.22595757e-01 4.01366688e-02 4.29745391e-02
 1.79639965e-01 1.06891841e-01 4.51202393e-02 9.78259817e-02
 1.98225036e-01 9.15799290e-02 5.46131767e-02 4.32105362e-02
 4.18421216e-02 3.05078506e-01 4.49386425e-02 1.90659054e-02
 1.91681124e-02 3.97394784e-02 1.16828457e-01 3.42235744e-01
 3.78797650e-02 8.18638802e-02 1.26573548e-01 4.59144153e-02
 1.64771691e-01 2.09724195e-02 2.60947466e-01 5.15958428e-01
 8.70257765e-02 1.27333760e+00 7.15512782e-03 5.16807623e-02
 8.59297812e-03 2.28698641e-01 1.06943801e-01 1.73531914e+00],-973.49475,-1011.02875,-1159.0002,0.9998441,1.0147542,0.9965359,0.9255457,4611.246,-2357.0994,6661.88,1036.8079,1.8589932,0.3050129,0.15777394,-1031.8987,1031.8987,[1.86660278e+02 2.57551025e+02 6.08503723e+00 5.10495186e+00
 1.03894941e+04 2.33604698e+01 2.76524951e+03 7.91101953e+03
 1.85697327e+02 1.19272119e+03 3.57595459e+02 7.01600552e-01
 3.17581875e+04 1.81551492e+00 3.07040601e+03 1.29716855e+04
 4.35348129e+01 9.90094360e+02 5.01382080e+03 1.69214297e+04
 5.71186676e+01 2.13622665e+00 1.38191973e+04 3.79622307e+01
 5.16705200e+02 1.53217959e+04 2.69238033e+01 2.08894672e+01
 2.52775879e+03 1.77799878e+03 8.88629246e+00 4.91856201e+02
 6.72803497e+01 3.94538306e+03 7.36757565e+00 7.62436377e+03
 5.12643799e+02 6.68286819e+01 9.50760460e+00 5.06026878e+01
 2.69161263e+01 1.91848301e+04 3.44102898e+01 5.79985059e+03
 7.37754965e+00 2.73287781e+02 5.38610268e+01 1.43917266e+04
 2.43589355e+03 2.39373001e+02 2.89281602e+04 6.28110504e+00
 1.11323706e+03 5.21268044e+01 4.17138214e+02 1.45358643e+04
 8.96313965e-01 1.17404609e+04 7.93953247e+01 6.36710548e+01
 1.74134609e+04 7.07621777e+03 8.22648804e+02 1.10603650e+03
 2.08250879e+04 6.06623340e+03 4.15945129e+02 9.25495508e+03
 1.16374365e+03 1.94475212e+01 5.49288702e+00 1.57086797e+04
 1.94762287e+01 2.47986865e+03 1.22314368e+03 1.16151719e+04
 1.20562329e+03 2.61827148e+03 1.29663564e+04 1.03568984e+05
 5.67654236e+02 6.85870819e+01 7.49302637e+03 2.49453955e+03
 4.86395187e+01 3.28911353e+03 2.34715605e+04 3.08839355e+02
 3.08091484e+04 4.63258728e+02 1.57271576e+02 1.50215068e+04
 1.55430817e+02 2.12676328e+04 1.52763159e+03 8.23017188e+03
 2.70180908e+03 2.43107254e+02 2.15942749e+03 7.73204231e+00
 4.40004639e+03 7.48098755e+02 3.31355938e+04 3.15839307e+03
 7.50904541e+01 2.36412201e+02 9.38834229e+01 7.28067261e+02
 1.31923657e+03 1.54564228e+01 7.57002344e+03 5.48489094e-01
 2.75251160e+02 1.74394277e+04 5.28384743e+01 2.09420729e+00
 1.50407524e+01 5.70462891e+02 4.91885254e+03 8.54942188e+03
 6.29273682e+02 5.20279834e+03 1.40224160e+04 1.54960864e+03
 1.06670781e+04 6.46484909e+01 2.07638208e+03 5.49027939e+01
 1.62039890e+01 5.84804764e+01 2.93975739e+02 1.57687439e+02
 1.19149834e+02 7.58037793e+03 1.06348184e+04 5.39291077e+01
 7.35999966e+00 9.44719505e+00 3.99237747e+01 3.40698535e+03
 1.64859058e+03 5.76795425e+01 3.10295586e+04 2.44616406e+04
 1.93974670e+03 5.74837097e+02 6.87406921e+01 2.13943184e+04
 5.41074951e+03 1.66154114e+02 8.49442215e+01 2.34390732e+02
 3.39365796e+03 2.36747101e+02 1.54868457e+03 9.14402542e+01
 1.16427193e+02 1.08784873e+04 1.44922218e+01 3.95212769e+02
 2.62436328e+03 5.93779144e+01 3.11762268e+02 2.68060229e+03
 1.98183926e+04 7.22128830e+01 4.50076709e+03 3.42219141e+04
 7.96788184e+03 2.48362152e+02 1.06729946e+01 4.46528870e+02
 8.76052539e+03 5.38620544e+02 2.88154663e+02 5.24851379e+02
 8.57441309e+03 4.71935059e+03 2.34992172e+02 1.02434984e+05
 4.04347725e+01 8.88357422e+03 2.18912872e+02 2.25671021e+02
 1.53699387e+02 7.58303467e+02 1.16412866e+03 2.22552419e-01
 9.02836328e+03 1.40089813e+02 4.67791328e+01 2.96983307e+02
 1.64774160e+04 1.31050840e+04 1.99502731e+02 1.22960730e+03
 6.32845726e+01 3.78434296e+01 7.33232880e+00 1.54770517e+01
 5.46382471e+03 5.42913965e+03 1.23077148e+03 2.91868774e+02
 5.74950146e+03 7.35427490e+03 9.96291211e+03 1.68154414e+04
 1.94388938e+00 7.44500122e+02 3.30669453e+04 2.46618439e+02
 2.06797695e+01 6.06663574e+02 4.96750031e+02 4.68413162e+01
 8.48774147e+00 2.14014320e+01 2.89421597e+01 2.11679727e-01
 8.66212500e+03 3.85257935e+02 4.96986115e+02 1.15266968e+02
 3.42842984e+00 4.08115921e+01 7.41394567e+00 1.31247498e+03
 1.20873145e+04 8.70066452e+00 1.32909691e+00 5.46979199e+03
 6.86843018e+03 2.14835396e+01 5.07610010e+03 1.38745102e+02
 4.27517059e+02 3.60887599e+00 9.66377449e+00 1.16210754e+03
 1.88713025e+03 1.51584238e-01 7.25469238e+02 2.13519325e+01
 5.00225586e+03 6.36163826e+01 7.98826828e+01 7.74666824e+01
 1.16420715e+02 6.95697461e+03 9.04862549e+02 8.22966797e+03
 1.88050742e+04 1.13246399e+02 2.69342923e+00 2.68600559e+01],6769.601,[1.89997452e+02 3.24233795e+02 7.05725479e+00 3.98925591e+00
 1.19222178e+04 4.34549599e+01 2.74221924e+03 3.01152930e+03
 3.39130890e+02 1.40960779e+03 5.84714966e+02 2.21377802e+00
 4.62923438e+04 1.35041356e+00 2.65912061e+03 1.21142930e+04
 4.67510681e+01 1.16591675e+03 6.06741504e+03 2.04652168e+04
 1.43577515e+02 1.75836599e+00 1.32289473e+04 2.96721802e+01
 4.78637878e+02 1.54863379e+04 1.91246521e+02 6.23466587e+00
 2.79845752e+03 1.82583813e+03 2.31882401e+01 6.11687256e+02
 5.55827332e+01 4.01071875e+03 1.05909910e+01 7.64791260e+03
 3.45721405e+02 1.04709259e+02 3.43391490e+00 3.37824936e+01
 2.14980545e+01 2.55469023e+04 8.14072418e+01 4.60644531e+03
 2.68862581e+00 2.93020599e+02 7.85903473e+01 1.19834541e+04
 1.78076624e+03 9.49475098e+01 3.69356250e+04 3.45324326e+01
 4.51994751e+02 4.75341263e+01 7.15997849e+01 1.48411299e+04
 1.05330920e+00 1.36018164e+04 6.51591110e+01 9.64678879e+01
 2.10512500e+04 6.46508008e+03 6.07384216e+02 1.08772107e+03
 2.48704648e+04 6.94500146e+03 2.03102814e+02 9.76860840e+03
 1.09480701e+03 5.29009399e+01 5.90188074e+00 1.84533672e+04
 3.97956604e+02 1.77600159e+03 2.07438037e+03 8.92302637e+03
 1.16438623e+03 2.71953589e+03 9.91644531e+03 1.08271750e+05
 5.95311279e+02 2.32658005e+01 7.65302441e+03 1.63491345e+03
 4.07981873e+01 4.05012231e+03 2.24216230e+04 4.27616608e+02
 3.16711406e+04 2.17259872e+02 5.40707016e+01 1.38226289e+04
 1.00242224e+03 2.10660879e+04 1.41296313e+03 1.00829980e+04
 2.57242505e+03 1.86435913e+02 3.04453687e+03 8.12675095e+01
 2.09054668e+04 9.40317505e+02 1.39474160e+04 3.70400098e+03
 1.00609856e+01 2.71343170e+02 1.21612930e+01 7.34706787e+02
 1.51875391e+03 2.11096020e+01 8.64623145e+03 1.19070187e+01
 2.31157745e+02 1.43445000e+04 9.15287018e+01 3.85516691e+00
 2.59096646e+00 3.83206757e+02 4.58906201e+03 8.35552148e+03
 1.15056714e+03 3.76545264e+03 7.74502197e+03 1.65870959e+03
 6.39481396e+03 1.26076134e+02 2.51103955e+03 1.80368633e+01
 5.64659958e+01 5.81870880e+01 4.94601257e+02 6.09360504e+01
 7.97214508e+01 7.91297656e+03 1.11369629e+04 1.51152201e-02
 3.59465904e+01 2.88346462e+01 3.93285789e+01 3.76105029e+03
 7.60001343e+02 6.86776352e+01 3.59630508e+04 2.27189902e+04
 2.03676599e+03 7.79691650e+02 1.47614624e+02 2.37578945e+04
 5.60568848e+03 3.27569885e+02 7.45202255e+01 2.89828918e+02
 2.59858862e+03 2.43310944e+02 1.15992676e+03 8.17045670e+01
 1.37074905e+02 5.28075293e+03 1.92694817e+01 4.62761139e+02
 2.18729517e+03 3.65247536e+01 5.09543091e+02 1.59689978e+03
 2.30591562e+04 6.54731689e+02 2.95492383e+03 2.38817832e+04
 5.67011133e+03 4.82399559e+01 3.36245232e+01 5.19112183e+02
 9.84745996e+03 1.42090808e+03 3.12751312e+02 3.73832672e+02
 7.82302441e+03 4.65954932e+03 6.95353699e+02 9.61772109e+04
 6.46845703e+01 6.44502783e+03 2.56272644e+02 2.12968536e+02
 1.01209579e+02 9.76223267e+02 1.30684399e+03 2.18598390e+00
 1.14902275e+04 2.55035043e+00 1.96608086e+01 3.60597839e+02
 1.63724971e+04 1.38200635e+04 2.21489197e+02 1.62922778e+03
 3.29778748e+01 3.04153080e+01 6.74126673e+00 6.74873657e+01
 5.78136670e+03 7.43854688e+03 4.54501495e+02 1.78479858e+02
 3.23188086e+03 5.70352295e+03 1.21958047e+04 1.82205195e+04
 1.98958359e+01 6.47085815e+02 3.98049414e+04 2.59364594e+02
 1.34060612e+01 6.74767456e+02 3.62079956e+02 1.42269333e+02
 3.43699036e+01 3.78652611e+01 1.65764252e+02 2.28795433e+00
 8.65228711e+03 1.48895683e+01 3.98908142e+02 1.14899246e+02
 9.52652740e+00 2.56510201e+01 4.14648628e+00 2.18416870e+03
 1.22487051e+04 9.69403458e+00 2.18689227e+00 5.86001953e+03
 4.96742383e+03 1.61740093e+01 4.22390430e+03 8.64675369e+01
 6.88405518e+02 2.90681148e+00 2.72327747e+01 1.11409717e+03
 2.82707812e+03 1.06549406e+00 9.08461853e+02 3.01385101e+02
 4.85795215e+03 4.29330139e+01 1.40595413e+02 8.21100540e+01
 1.68646194e+02 7.02062695e+03 1.04446277e+03 8.46445703e+03
 1.96470781e+04 1.59375565e+02 6.41496062e-01 9.61626470e-02],-975.926,-1061.5962,-1427.3177,0.96758753,1.0788006,0.7719191,0.9229067,0.015042729654312133,7759.042734622955,0.125,0.125,-0.23850049894611497,-0.0015862583580531176,-0.23859185033624453,-0.0016231860201785296,-1.0270172605265322,25.249999999996884,0.0,500000.0,-10.0,-5000.0,500.0,7.482434272766113,500000
1010.1132,0.03544323,0.029737264,0.0017990882,-1009.7804,1009.7804,[1.85717084e-02 3.66644748e-02 6.74821585e-02 3.98819335e-02
 8.63502920e-02 6.76402664e+00 5.20747490e-02 2.49629989e-02
 1.23679221e-01 2.07433119e-01 2.60689199e-01 9.62685645e-02
 2.20601940e+00 1.39441341e-01 1.68161169e-02 1.92064233e-02
 5.55430800e-02 5.30433729e-02 7.67433792e-02 4.87348512e-02
 1.48591340e-01 3.08426209e-02 6.90760553e-01 4.14486416e-02
 3.97297814e-02 6.42154887e-02 2.78057493e-02 5.14535196e-02
 1.25133134e-02 8.37786347e-02 6.62522689e-02 8.47684669e+00
 1.49293661e+00 3.90769616e-02 3.84429246e-02 9.28216100e-01
 2.55519897e-01 4.53968048e-02 5.25498763e-03 4.61255983e-02
 5.66391684e-02 1.33503415e-02 9.49223414e-02 3.91752720e-02
 2.41312571e-02 4.09866944e-02 3.47822458e-02 1.35245574e+00
 4.12149727e-02 7.03839064e-02 3.44497710e-02 2.38205492e-02
 4.71978560e-02 6.66269362e-01 4.41262871e-02 4.67686558e+00
 2.09290273e-02 4.24726158e-02 6.88739121e-02 3.97709459e-01
 3.00914437e-01 4.41894531e-02 4.42167558e-02 8.08382109e-02
 5.20532317e-02 1.66513026e-02 4.65617813e-02 3.68763842e-02
 4.27068546e-02 8.74975473e-02 2.17092499e-01 3.36592086e-02
 1.40967667e-02 2.24778838e-02 1.27468146e-02 4.62583452e-02
 5.39533198e-02 4.67015803e-03 5.80276884e-02 1.46487743e-01
 3.12569514e-02 1.06039077e-01 1.05138578e-01 2.94519711e+00
 2.05040976e-01 6.74105072e+00 3.27175188e+00 8.67513567e-03
 3.57092805e-02 2.53899455e-01 3.77645046e-02 7.42283463e-01
 1.59836449e-02 5.42832203e-02 5.97629249e-01 9.70140100e-03
 1.75207233e+00 8.35722238e-02 2.81874090e-02 5.41948453e-02
 4.07090224e-02 1.36293805e+00 8.84623080e-03 3.84056643e-02
 3.95826250e-02 3.00627835e-02 7.65971094e-02 1.23635367e-01
 9.68385488e-02 1.29906729e-01 6.62528872e-02 1.56943798e-01
 4.93407622e-03 6.40411451e-02 2.30116919e-02 6.99665546e-02
 1.70576543e-01 2.17612460e-03 1.53674722e-01 6.49634376e-02
 3.61165293e-02 2.75893398e-02 7.09622651e-02 5.36715463e-02
 4.12164070e-02 3.17570902e-02 1.51306391e-03 3.49018574e-02
 2.77851373e-02 3.31022292e-02 1.00241408e-01 3.37358490e-02
 5.36806881e-02 5.14051355e-02 3.88602167e-02 4.69009429e-02
 6.48463517e-02 1.86054260e-02 2.90858224e-02 8.86210501e-02
 9.85017568e-02 7.57504404e-02 6.04167581e-04 9.36281681e-02
 9.48793769e-01 6.00085557e-02 7.51998574e-02 8.68441677e+00
 2.84170061e-02 3.50332297e-02 4.61712480e-02 5.10916300e-02
 4.67503257e-02 3.26587297e-02 3.39682400e-02 1.80336386e-02
 4.06170666e-01 6.45095482e-02 7.15276152e-02 2.20542699e-02
 3.47123519e-02 5.88756092e-02 1.39748067e-01 9.97888184e+00
 3.74134451e-01 4.27805819e-02 4.26481701e-02 2.86955722e-02
 9.02792513e-02 4.72262502e-02 2.73754634e-02 4.50199582e-02
 1.14525296e-02 3.34518105e-02 2.16714293e-02 2.30340436e-02
 1.26059130e-02 4.41628769e-02 4.39919531e-02 1.44531086e-01
 2.18456537e-02 1.52542019e+00 1.77236199e-01 3.02989669e-02
 4.41318937e-02 5.06897122e-02 2.03008205e-01 2.00794674e-02
 2.94784345e-02 4.21783701e-02 9.68304724e-02 3.69687453e-02
 5.16742058e-02 6.14076853e-02 1.03409216e-01 5.45199776e+00
 2.40947790e-02 1.54492959e-01 2.64318660e-02 9.37773287e-03
 5.23984805e-02 4.50545028e-02 8.32622945e-02 2.96032095e+00
 8.85634124e-02 2.10410452e+00 2.18509388e+00 3.05891186e-02
 2.64919400e-02 1.47889197e-01 6.00891262e-02 4.27882224e-02
 4.69123013e-02 1.73137605e-01 2.58668736e-02 3.95977572e-02
 1.35884769e-02 1.34817362e-01 4.84681129e-02 1.70737505e-04
 3.06505337e-02 3.01862434e-02 1.40223801e+00 4.50095087e-02
 6.06495887e-03 1.34446099e-02 1.46162577e+01 1.93613060e-02
 5.07905073e-02 3.46701480e-02 9.02966690e+00 9.02581275e-01
 1.51077695e-02 1.41515166e-01 3.83457728e-02 4.53344025e-02
 4.60793114e+00 3.25142480e-02 5.87198883e-03 5.85008860e-02
 3.18254866e-02 1.23827234e-02 3.12195197e-02 2.96101719e-03
 2.73930021e-02 1.15557946e-02 6.46839887e-02 2.14994103e-02
 3.68181616e-02 1.30021758e-02 2.85652913e-02 2.51502879e-02
 4.08905037e-02 7.83316851e-01 5.06750345e-02 5.66959679e-02],0.39571777,[4.03422862e-04 2.73748934e-02 1.30006149e-02 1.86819024e-02
 1.57721341e-02 6.62244856e-04 1.48311257e-02 8.65578651e-04
 1.51480585e-02 4.70247045e-02 5.78767434e-03 1.56194717e-02
 4.24524307e-01 3.29190865e-02 5.37965447e-03 3.16895619e-02
 1.85884535e-02 4.99315932e-03 4.97150607e-02 1.68176368e-02
 3.29423919e-02 3.85573283e-02 1.55186094e-02 6.61111772e-02
 3.68938595e-03 4.55916114e-02 6.24433160e-04 1.59830488e-02
 2.09059790e-02 1.80178322e-02 2.18454376e-02 7.34555721e+00
 7.29430467e-04 1.42125972e-02 2.18010917e-02 3.37933376e-03
 3.68307605e-02 1.01641454e-02 5.97468764e-03 2.67717615e-02
 2.16783918e-02 1.17875636e-04 1.25209168e-02 5.05635887e-03
 2.32888348e-02 6.91790134e-03 2.60948278e-02 6.78642094e-03
 7.73981586e-03 1.77324452e-02 3.26164067e-04 1.56924613e-02
 2.49061137e-02 1.52135268e-02 1.77995898e-02 2.18995400e-02
 3.13314348e-02 3.37300189e-02 4.95150834e-02 1.51633359e-02
 2.37042382e-02 3.34847718e-04 1.08455718e-02 1.15833618e-02
 2.19051912e-03 3.50413471e-03 1.45741142e-02 9.31937248e-04
 2.64302567e-02 1.39560178e-02 5.19670881e-02 6.01042062e-04
 6.42038882e-03 1.44200400e-03 2.78249271e-02 3.13798264e-02
 2.92001963e-02 3.75900045e-03 7.58558512e-02 7.09987283e-02
 2.84314156e-03 2.49248780e-02 3.85362655e-04 4.88192749e+00
 1.67661190e-01 2.26152875e-02 2.35047713e-02 3.79078463e-03
 2.27726996e-05 2.03330070e-03 4.55753878e-03 9.41861421e-03
 1.02985278e-03 1.67534500e-03 7.76285231e-02 8.43322650e-03
 7.73814693e-02 1.57217719e-02 8.16658884e-03 6.16234913e-03
 2.43367627e-02 3.93117249e-01 8.95336270e-05 9.07758623e-03
 2.37095356e-03 1.70991458e-02 8.59262347e-02 1.14129156e-01
 1.82846226e-02 5.27048171e-01 5.80312312e-03 3.17850150e-02
 4.79344279e-03 1.30928941e-02 3.20074558e-02 1.64448209e-02
 3.23598981e-02 1.04046613e-03 1.59438282e-01 2.95665003e-02
 1.79838017e-03 4.74478491e-02 8.69765878e-03 6.59832731e-03
 1.70128420e-02 4.05731797e-03 3.47023793e-02 2.33551152e-02
 1.40823424e-04 1.21575184e-02 1.48239285e-02 9.19688493e-03
 4.46930267e-02 1.01930276e-02 1.31643303e-02 1.43714249e-03
 2.09083632e-02 1.06137767e-02 2.87987292e-04 5.79986759e-02
 1.03518553e-02 1.68033317e-02 1.14996172e-02 1.46243125e-02
 2.54837051e-02 1.44523159e-02 3.17815691e-03 2.67728734e+00
 2.11108476e-04 7.88427889e-04 1.79020315e-02 1.47398449e-02
 1.65457502e-02 2.76524201e-03 4.27724421e-03 3.44898850e-02
 1.44995041e-02 2.71711498e-02 9.41554457e-03 6.59129769e-03
 7.87176192e-04 6.58841804e-03 3.00948694e-02 2.80822068e-03
 2.24049315e-01 4.12774831e-03 7.76772574e-03 9.99309123e-05
 8.67322832e-03 1.56846717e-02 2.25060619e-02 1.16211362e-02
 2.85750665e-02 2.04609707e-03 2.72665173e-03 4.76650037e-02
 4.26298380e-03 2.55030170e-02 7.73612410e-03 2.00671144e-02
 1.01437047e-03 2.10539415e-01 6.94051981e-02 1.85953453e-02
 3.86527926e-03 8.00687820e-03 1.69415846e-02 1.02788582e-03
 1.03865266e-02 1.23506524e-02 3.58579643e-02 7.79870525e-03
 3.69215757e-03 1.02728195e-02 1.71085075e-02 8.81509209e+00
 8.10704008e-03 3.22056442e-01 1.11416355e-03 5.54067641e-03
 1.41025782e-02 2.43740566e-02 2.73226090e-02 3.88116837e-02
 1.77711397e-02 3.15163946e+00 1.67797841e-02 2.13269144e-04
 6.02751970e-05 6.76836967e-02 8.91150534e-03 1.09455325e-02
 1.90551430e-02 4.06737700e-02 3.13711204e-02 1.13034621e-02
 1.29161961e-02 5.31070270e-02 1.55035034e-02 4.34816629e-03
 4.97146584e-02 2.14137509e-03 1.32831968e-02 1.32864192e-02
 5.79067506e-02 3.27383354e-03 1.35616007e+01 1.13406964e-02
 2.45875418e-02 3.46604735e-03 1.11073628e-03 8.61256495e-02
 3.69431451e-03 4.47936431e-02 1.99067481e-02 2.73429230e-03
 8.86944681e-03 1.92815438e-03 9.80647281e-03 8.94147903e-03
 2.04950571e-03 2.07910910e-02 9.63844359e-04 3.42398360e-02
 1.45900622e-03 3.97656113e-03 1.32294334e-02 1.34383328e-02
 2.30325013e-03 2.35595889e-02 1.52501650e-02 1.24126673e-02
 6.56355619e-02 3.33860219e-01 5.28211072e-02 1.01786889e-02],-972.4006,-1011.22534,-1231.7716,0.9997813,1.0161388,0.99386203,0.92554104,19.638567,-18.779686,110.08747,1053.402,1.7281246,0.3376959,0.17339365,-1048.2969,1048.2969,[5.06135101e+02 1.72371523e+04 4.01978424e+02 1.36669403e+02
 1.56003994e+04 9.84065369e+02 4.87080781e+04 3.75934662e+02
 5.04263344e+01 1.21206512e+02 1.88170609e+02 3.58182031e+03
 6.48281189e+02 2.28768173e+02 5.31737289e+01 7.99009521e+03
 1.00484703e+05 2.38503418e+04 1.85331650e+02 4.02756592e+02
 1.06208930e+05 1.35087194e+01 4.36672630e+01 9.42104416e+01
 1.60138171e+03 5.23495903e+01 9.12962723e+00 8.36913681e+01
 1.47055649e+02 1.81839783e+02 1.71300449e+04 6.26940283e+03
 7.36962986e+00 4.14828720e+01 1.91258335e+01 1.16193726e+02
 7.97649002e+01 2.72690698e+03 1.34825089e+02 1.88177231e+02
 6.80802734e+02 1.96381622e+02 1.19579932e+03 2.55381992e+04
 4.93072510e-01 2.83896118e+02 3.96325234e+04 1.00075757e+03
 1.14368762e+03 1.08990295e+02 8.96115398e+00 1.59778919e+01
 1.96381592e+03 2.05205591e+03 3.75105542e+03 9.57805542e+02
 8.22636719e+01 4.05132866e+01 5.97572998e+02 3.95593452e+01
 7.50559769e+01 2.54710083e+02 3.02375458e+02 5.51363330e+03
 1.10450625e+04 7.33833801e+02 8.07839648e+03 6.21468124e+01
 3.84727500e+04 3.65566292e+01 9.31297112e+00 1.36394653e+02
 2.28407344e+04 4.89310352e+03 1.62677917e+01 7.83100510e+00
 4.26150977e+03 2.07266528e+03 1.29132385e+02 2.79609844e+04
 4.30521812e+01 7.78079376e+01 4.53328781e+01 2.08380215e+04
 1.63459053e+04 1.74693420e+03 1.21362442e+02 2.19770630e+03
 1.89802266e+04 2.25043726e+03 6.66029736e+03 3.52708252e+02
 3.86672705e+03 4.58845444e+01 2.15938187e+02 2.84885368e+01
 3.20902863e+01 6.38995312e+03 1.81590039e+04 1.37378387e+01
 1.79093420e+03 5.31763428e+03 1.59395483e+03 2.52610469e+04
 3.49544492e+04 6.85655420e+03 4.26148682e+01 6.21652508e+00
 2.62591610e+01 1.01227093e+01 1.04215859e+04 1.27056580e+02
 4.47604523e+01 3.42438904e+02 3.78671631e+03 1.89769287e+01
 2.61982837e+03 4.01596498e+00 2.39220898e+04 1.07953137e+03
 3.07403931e+03 5.36789436e+01 7.77986450e+02 1.31514600e+03
 1.28553513e+02 2.11882422e+03 1.49256575e+00 2.93489697e+03
 2.77204838e+01 2.49721826e+03 4.05015678e+01 1.81630112e+02
 1.94692047e+02 2.44040234e+03 1.91701289e+04 1.17470579e+01
 1.96753067e+02 1.25420654e+02 3.17524780e+02 4.53048291e+03
 4.59922577e+02 7.80903992e+02 9.57980194e+01 1.74490585e+02
 1.70299740e+01 1.29428650e+02 1.43485229e+03 1.06673108e+03
 3.60442505e+03 3.98796836e+04 1.14699329e+03 1.42269049e+01
 2.07683325e+03 3.03154980e+03 2.85874463e+03 3.81217969e+04
 6.73052168e+00 2.49008980e+01 1.05179806e+01 5.47971680e+02
 1.30894031e+03 1.36842972e+02 2.10410217e+02 7.38255713e+03
 1.06156297e+05 3.93344946e+03 4.64627258e+02 6.13469062e+04
 3.16365784e+02 4.79298859e+01 1.89035309e+02 5.56296631e+03
 1.61254318e+02 2.21487051e+04 3.01783740e+03 5.36660719e+00
 6.71733398e+02 4.34835022e+02 4.98173877e+03 1.95688095e+01
 1.99433069e+03 2.68147021e+03 2.03162769e+03 2.53773145e+04
 8.45239453e+03 1.52731705e+01 1.16433508e+03 1.72278867e+04
 6.50069122e+01 2.34946320e+02 1.08310361e+04 1.90742700e+03
 1.82865508e+04 7.72184814e+03 2.45900497e+01 3.75165078e+04
 2.43961544e+01 2.83707910e+03 1.04200283e+04 2.82863574e+03
 2.87658520e+01 2.35152148e+03 3.66018164e+03 1.25340385e+02
 4.98871231e+01 4.37098169e+00 2.04908875e+02 8.26084473e+03
 4.66742676e+02 8.09381409e+01 1.26455116e+02 1.92946411e+03
 1.15626579e+02 9.84756775e+01 2.58809814e+02 2.99027771e+02
 2.36844590e+04 7.17573309e+00 2.20281372e+01 2.49239014e+03
 2.42250992e+02 2.22853789e+04 3.81124951e+03 4.97455469e+03
 6.55374832e+01 1.47336517e+02 1.00973848e+04 2.55873642e+01
 1.58836487e+03 1.48627988e+04 4.68072998e+03 1.73751770e+02
 2.03003750e+05 1.36567535e+02 1.92244983e+03 4.50037994e+01
 1.52860547e+03 1.12405332e+04 6.98925469e+04 1.54856018e+03
 6.26251074e+03 3.23987484e+00 8.16958447e+03 8.18174375e+04
 1.43681898e+01 2.01757532e+03 4.87539551e+02 6.08883906e+04
 1.34698486e+02 1.50201240e+04 6.99359512e+00 1.01914597e+01
 2.87655898e+04 6.94463882e+01 1.99989688e+04 3.94049713e+02],10117.779,[5.1200214e+02 8.3112988e+03 4.3879404e+02 7.8642798e+02 1.5021068e+04
 4.7049725e+02 7.1058938e+04 3.8232870e+02 1.1939463e+01 1.4238013e+02
 2.5788327e+02 5.5372905e+03 1.0534779e+03 3.8520105e+02 1.1113049e+01
 7.4114980e+03 9.9627984e+04 1.0947422e+04 2.1632866e+02 1.9472643e+02
 1.0188399e+05 1.8664610e+01 6.2055331e-01 1.7248677e+02 2.8011445e+03
 8.2717819e+01 1.2603949e+01 1.0257949e+02 7.6330627e+01 1.9866682e+02
 2.0212727e+04 4.4905435e+03 3.9248898e+00 3.7253368e+01 5.9945885e+01
 2.7880970e+01 6.5403280e+00 2.3759802e+03 1.5433864e+02 2.1392746e+02
 3.4445679e+02 2.1405481e+02 1.8167208e+03 2.7075770e+04 7.6041120e-01
 1.0162157e+02 3.1889943e+04 1.5645022e+03 1.9405234e+03 7.7049072e+01
 9.7284966e+00 9.0036976e-01 2.4466846e+03 1.7016803e+03 1.8995905e+03
 1.9870679e+03 5.9838581e+01 2.1884711e+02 2.4052126e+03 2.4504900e+01
 7.7975326e+00 1.5595729e+02 4.3803326e+02 7.3153735e+03 1.2349813e+04
 1.5171547e+03 1.1020252e+04 1.7460580e+02 4.8341164e+04 2.0194139e+01
 1.4727644e+00 2.4447711e+02 3.1600581e+03 5.1116992e+03 2.1599882e+01
 6.0184348e-01 9.4573770e+03 2.5252710e+03 1.4400584e+02 3.6245781e+04
 3.3998550e+01 1.4454383e+01 9.0946968e+01 2.0150219e+04 1.3355491e+04
 2.7099443e+03 1.1016962e+01 2.6286597e+03 1.9815746e+04 2.0304591e+03
 9.5219678e+03 1.9056055e+02 1.3930868e+03 1.6468306e+01 2.0769952e+02
 5.0745007e+01 2.5815176e+02 1.5854459e+03 1.1816613e+04 1.6501322e+01
 2.1134197e+03 5.8351284e+03 2.7154246e+03 2.6462793e+04 5.2091016e+04
 5.5573999e+03 3.6583607e+01 1.2184584e+01 2.6789706e+00 2.3559271e+01
 1.1141934e+04 2.0937071e+02 4.9787815e+01 1.0895157e+03 3.5886665e+03
 5.1431408e+00 3.1118516e+03 8.3544254e+00 3.1047078e+03 7.1524957e+02
 1.6157698e+03 6.6276040e+00 5.7870270e+02 4.8077798e+03 5.7456104e+02
 2.8563767e+03 6.6783648e+00 9.9383368e+02 1.8476711e+01 5.2094575e+03
 1.1449801e+02 1.8992122e+02 1.4664114e+02 3.6464374e+02 1.9066840e+04
 4.8500034e+01 5.2699852e+01 2.4436032e+02 5.6418988e+02 3.2955244e+03
 6.3156476e+02 4.4453360e+02 4.8218723e+01 1.5509808e+02 3.2767067e+01
 5.4194226e+02 9.2191248e+02 1.7935477e+03 5.9641382e+02 5.7616828e+04
 2.0729004e+03 1.3775063e+01 2.6428081e+03 1.7832063e+03 3.4133745e+03
 4.0891367e+04 1.2565235e+01 7.0929770e+00 5.8601768e+01 7.4773401e+02
 3.1174534e+03 1.3721582e+02 3.4012622e+02 7.3239214e+03 9.5370328e+04
 3.1378125e+03 7.0744397e+02 7.5476188e+04 7.3671021e+02 5.1790661e+01
 3.2429672e+01 7.7276040e+03 1.5561028e+02 2.1965049e+04 3.2156663e+03
 1.5479933e+01 7.4411621e+02 3.2208167e+02 6.4167129e+03 4.8855920e+00
 1.8390812e+03 2.9964500e+03 1.9349053e+03 1.8759559e+04 7.7511191e+03
 6.0305467e+00 6.3917212e+02 1.5846809e+04 4.3101387e+00 3.1094672e+02
 8.3926328e+03 1.0091470e+03 1.5355225e+04 8.4188574e+03 1.3724141e+02
 4.6174609e+04 4.1264137e+01 3.3805750e+03 2.7912336e+03 2.8470989e+03
 1.8717596e+01 2.7554360e+03 2.6463154e+03 5.2066723e+01 6.5302956e+01
 2.6937597e+00 4.2173254e+02 1.1137270e+04 5.5233929e+02 1.8824712e+02
 1.4141452e+02 2.8354243e+03 2.3016962e+02 2.6603403e+01 3.7208115e+02
 5.9390918e+02 2.7166049e+04 1.5308079e+01 1.9039162e+01 2.8739507e+03
 4.1835168e+02 2.3529893e+04 2.8026140e+03 6.5990557e+03 6.2593624e+01
 1.8123869e+02 1.0308657e+04 8.4545908e+00 2.1765444e+03 5.2100283e+03
 1.1090322e+03 1.9592575e+02 2.0436883e+05 1.0234512e+02 1.5854630e+03
 2.1247877e+01 1.5970945e+03 1.6182659e+04 5.6873781e+04 1.6061560e+03
 9.3179805e+03 7.0955558e+00 1.0942804e+04 4.5259109e+04 7.1725659e+00
 2.0065051e+03 3.7100342e+02 3.4413000e+04 4.1593393e+02 2.4520176e+04
 7.1191025e+00 1.6576694e+01 2.9449623e+04 9.3410652e+01 2.0565225e+04
 7.8688635e+02],-977.6786,-1081.4978,-1491.6699,0.982659,1.152597,0.64737463,0.9239945,0.01581508511543274,8154.419876813889,0.125,0.125,-0.2346058584781465,-0.0005362620826943338,-0.23462180407864286,-0.0002787648242803554,-1.0088682308706365,25.249999999996884,0.0,525000.0,-10.0,-5000.0,500.0,7.446887254714966,525000
1009.918,0.05073855,0.011958323,0.0012529754,-1009.7477,1009.7477,[3.51132825e-02 5.20948507e-02 2.59906426e-02 7.07903877e-03
 8.07322502e-01 3.88558581e-03 3.50434351e+00 2.42593884e-02
 6.76240399e-03 2.35574022e-02 4.28777523e-02 9.75049287e-03
 9.50916484e-03 4.04248387e-02 1.56637318e-02 7.60954693e-02
 4.31652740e-03 2.20309138e+00 8.49433616e-02 4.42099944e-03
 7.14410394e-02 1.30242892e-02 6.28790632e-03 5.43724932e-02
 3.73740149e+00 4.31463458e-02 5.72455674e-03 4.75928672e-02
 7.11529329e-03 4.95027065e-01 1.00134648e-02 1.67434551e-02
 1.01033598e-02 2.53918208e-02 8.25307518e-03 5.23687363e-01
 7.20261157e-01 4.90536727e-02 2.52038278e-02 6.06153794e-02
 2.58402713e-02 2.15335377e-02 4.30384651e-03 6.29819930e-03
 5.33236638e-02 1.93203129e-02 7.43374377e-02 4.54916097e-02
 8.72725695e-02 2.06414461e-01 3.60690542e-02 3.48658301e-02
 1.74736261e-01 2.27403082e-02 1.01612881e-02 3.64791639e-02
 2.73875035e-02 2.87802890e-02 5.41226901e-02 1.64229609e-02
 3.57949175e-02 2.78389603e-01 5.92950918e-02 7.18729571e-03
 6.35112762e-01 2.05881149e-02 4.48468514e-02 4.07916345e-02
 4.23770286e-02 5.38920239e-03 3.59165706e-02 2.63010412e-02
 5.11041701e-01 6.59880787e-02 8.99641871e-01 1.35726482e-02
 3.16784717e-02 5.46433404e-03 1.18930221e-01 1.02057233e-01
 2.93320157e-02 5.42128123e-02 3.42445523e-02 7.01443255e-02
 2.25147940e-02 1.06303549e+00 1.67711079e-02 2.18444057e-02
 2.02789456e-02 3.46051492e-02 4.65256721e-02 1.52746029e-02
 2.85770074e-02 1.56256929e-02 1.99725963e-02 1.75637491e-02
 3.37655917e-02 8.80424529e-02 6.75769150e-03 5.75900450e-02
 1.60553977e-01 6.37132674e-03 3.61902714e-02 6.74058944e-02
 4.52346355e-02 5.12700155e-02 4.42251936e-03 4.18180265e-02
 1.90654397e-01 4.75634485e-02 2.06332095e-02 2.55620629e-02
 2.53910609e-02 5.24471477e-02 3.69566865e-02 5.09188510e-02
 5.40141612e-02 3.10518295e-02 1.76671833e-01 4.42957431e-02
 4.13085856e-02 1.09882653e-02 8.75896454e+00 9.16850448e-01
 1.23209432e-02 4.35274728e-02 3.99749875e-01 5.21388650e-02
 9.95303392e-02 1.96585990e-02 5.67753613e-02 2.73845911e+00
 8.13939720e-02 3.41309458e-02 5.83720282e-02 2.04309180e-01
 2.70725787e-03 2.91026905e-02 2.82192566e-02 2.48342752e-03
 3.63370919e+00 7.25485757e-03 1.44146070e-01 1.33180209e-02
 2.11815573e-02 5.36685064e-02 4.14153673e-02 2.77057476e-02
 3.98404896e-01 5.68427145e-04 1.60703540e+00 6.24433160e-02
 5.86182363e-02 2.05166712e-02 7.17197508e-02 1.07815415e-02
 3.64592858e-02 2.17009224e-02 4.65331711e-02 2.14816965e-02
 1.32772662e-02 3.63011694e+00 2.46475652e-01 4.67796624e-02
 5.42235672e-02 4.52281311e-02 6.09092787e-03 2.46417709e-02
 9.98956084e-01 2.81898566e-02 8.01391006e-01 4.88668121e-02
 1.28114000e-01 2.89255381e-01 1.88699514e-02 3.62561978e-02
 3.50157209e-02 8.87588114e-02 2.95693614e-02 5.83631545e-02
 1.72971375e-02 1.97091699e-02 3.60456347e-01 1.70441903e-02
 3.40262540e-02 1.54591465e+00 4.53547314e-02 2.89545730e-02
 1.09568611e-02 2.26763971e-02 4.13403884e-02 3.18781473e-02
 4.11690772e-02 6.94589689e-03 1.17226876e-02 2.72396952e-03
 1.45561881e-02 7.52929598e-04 6.88875094e-03 6.46019727e-02
 1.67179894e+00 2.81725079e-03 9.72989947e-03 3.62210013e-02
 1.98930115e-01 3.41404229e-03 1.39690042e-01 1.04071982e-02
 6.03774905e-01 1.68665387e-02 8.73079598e-02 5.26920110e-02
 1.07765384e-02 5.35166264e-03 1.16641410e-02 4.82032783e-02
 5.99281788e-02 1.76313862e-01 4.39778641e-02 6.35845512e-02
 3.09818462e-02 2.08666474e-02 7.43385032e-03 3.08554806e-02
 2.92380810e-01 5.02309948e-02 5.52299395e-02 4.05602343e-02
 1.33649260e-02 2.01747008e-02 2.25660816e-01 7.99383938e-01
 7.33332634e-02 1.35619231e-02 4.82380725e-02 2.98516639e-02
 5.40834554e-02 2.12609792e+00 3.90709192e-02 2.12851539e-03
 8.06144252e-02 2.20850110e-02 5.68827726e-02 4.47913297e-02
 6.57637566e-02 7.32340291e-03 2.50126123e-02 4.42317128e-03
 6.13761693e-03 8.67823511e-03 4.93480116e-02 9.00793076e-02
 6.12049177e-03 3.16859037e-02 5.45227416e-02 1.15671903e-01],0.14887716,[1.56694837e-02 3.13723087e-03 4.83143367e-02 5.44520095e-03
 1.94019020e-01 1.17924809e-03 1.99993715e-01 3.20190527e-02
 1.15085393e-04 2.10677870e-02 1.65918842e-03 9.83858481e-03
 1.33279599e-02 8.44791904e-03 1.78335682e-02 4.91269305e-03
 6.62381947e-03 8.61556649e-01 3.42531502e-03 2.02835351e-03
 9.16783884e-03 2.71297991e-04 5.42666391e-03 5.39404899e-03
 3.00721502e+00 2.98254266e-02 1.08348206e-03 4.16431762e-02
 3.76183540e-04 1.77169591e-03 6.82609156e-03 2.99436487e-02
 1.39214098e-04 9.33634341e-02 2.94781104e-03 5.53165749e-03
 4.75153297e-01 2.89059058e-03 8.80017877e-04 4.54925373e-03
 3.92657667e-02 2.72901542e-02 4.83039767e-03 3.90640646e-03
 1.27183981e-02 3.89732420e-04 1.39210261e-02 6.78975135e-03
 2.59264298e-02 9.43994373e-02 3.71196344e-02 4.77523357e-03
 2.25430317e-02 1.52096525e-03 4.02261317e-03 4.31779400e-03
 8.56367499e-02 4.45999578e-03 5.41037694e-03 2.69877352e-02
 8.95074755e-03 1.23649016e-02 1.39337778e-02 3.29281762e-03
 6.53226078e-01 2.40497068e-02 1.89995766e-03 1.03158690e-02
 1.41075440e-02 2.61215121e-03 2.55335718e-02 4.89531904e-02
 1.56789094e-01 1.92690641e-04 5.29266894e-04 5.40859997e-04
 3.71839479e-03 4.16025892e-03 7.09329918e-03 5.41468263e-02
 2.36840919e-03 4.67626043e-02 1.30569972e-02 7.68874958e-02
 3.53837386e-03 6.96305186e-03 6.85341656e-05 3.78662720e-03
 1.27799064e-03 7.41906464e-04 4.86508384e-03 3.30376998e-03
 2.19828971e-02 4.99732792e-04 1.39807537e-02 2.77290493e-03
 1.31113902e-02 7.50470534e-03 1.15960240e-02 1.31719746e-02
 8.65558535e-03 4.44207340e-03 3.57351452e-03 2.89142206e-02
 1.01434290e-01 8.89060274e-03 3.03155184e-03 2.66853720e-04
 1.49413899e-01 3.02495435e-03 7.09239393e-04 1.03348680e-02
 1.25287846e-02 2.56169587e-02 2.22782195e-02 2.35448517e-02
 4.18425351e-03 1.64644793e-03 7.43009150e-05 3.15893069e-03
 4.15704027e-03 6.31304458e-03 4.13896516e-03 5.18379211e-01
 2.51066685e-03 2.93364860e-02 3.21570784e-04 2.08347440e-02
 1.78632475e-02 5.15468419e-03 1.82356276e-02 2.39983946e-03
 9.38918069e-03 1.29168220e-02 1.27599016e-03 9.71634388e-02
 7.09589198e-03 2.16854997e-02 3.93941142e-02 2.10801139e-03
 2.22743303e-03 4.66861762e-02 7.77357370e-02 2.55428627e-03
 3.76183428e-02 1.74920447e-02 2.63431668e-03 2.98908725e-03
 3.91887501e-03 5.96046448e-04 2.80101597e-02 1.32881179e-02
 4.48682904e-03 4.47671488e-03 1.41453631e-02 4.51285392e-04
 4.02529128e-02 5.30827790e-04 2.78748944e-03 6.37654215e-04
 4.23651934e-03 5.62517419e-02 9.55674350e-02 1.35486014e-02
 5.00429049e-03 1.31002069e-03 5.96748665e-03 1.58164650e-04
 4.83568385e-03 9.51627269e-03 2.11219862e-03 6.99920952e-03
 4.95428979e-01 2.95643568e-01 9.79937613e-05 3.39037552e-03
 7.40438700e-05 1.26554742e-01 4.69930470e-03 1.25239231e-02
 4.08106223e-02 4.03547660e-03 4.95798886e-05 2.04098597e-03
 1.55181475e-02 2.54796818e-03 5.16007729e-02 2.91045010e-03
 1.61874667e-03 8.96636397e-04 9.35193300e-02 1.10664405e-02
 1.08013488e-02 2.34777108e-03 5.73374331e-04 4.98891249e-03
 3.79202515e-03 4.85467911e-03 1.07870698e-02 8.08251649e-03
 1.94849300e+00 7.34301284e-03 2.72396579e-03 1.58188976e-02
 2.15418637e-03 1.30760111e-02 9.33794081e-02 4.73864377e-03
 1.66779339e-01 1.19287148e-03 5.83532825e-03 7.61995092e-03
 1.27571560e-02 9.92893055e-03 3.28214355e-02 1.59928091e-02
 1.30806118e-04 1.93657354e-03 3.72842327e-03 6.97160512e-03
 1.10361464e-02 1.86035410e-03 5.93012758e-02 3.58401611e-03
 2.33784795e-01 3.29719074e-02 1.36174932e-02 1.92798674e-03
 2.20614448e-02 5.61571121e-02 2.34652311e-03 1.17377192e-02
 5.91058284e-03 1.39401741e-02 4.88487259e-03 5.32150641e-03
 2.16417387e-03 1.78033300e-02 2.50902213e-02 4.58271801e-03
 4.59477678e-03 2.39983574e-03 2.15912648e-02 1.82423741e-03
 7.91762024e-03 4.39847261e-03 2.26393342e-03 3.69380787e-03
 5.15604392e-03 7.91056454e-03 1.35304965e-02 1.78375281e-02
 1.74916163e-02 1.01980306e-02 5.01285270e-02 2.30055451e-02],-976.72656,-1010.30286,-1084.3954,0.999601,1.0166477,0.9954263,0.92552805,6.8492074,-11.907389,41.212227,1033.1691,1.6585139,0.33208135,0.15809353,-1028.1897,1028.1897,[2.02476997e+01 2.74051660e+03 1.01586094e+04 5.24672651e+00
 4.42746429e+01 6.40354843e+01 2.73128296e+03 3.03139502e+03
 4.86036602e+04 5.90284681e+00 9.54985809e+00 1.92535889e+03
 1.91555879e+04 4.47843170e+02 7.64961914e+02 6.99068165e+00
 1.03012158e+03 2.47088110e+03 4.62801743e+01 4.30384735e+02
 2.50785041e+00 1.32859619e+02 9.45728577e+02 2.40829785e+04
 6.47690048e+01 2.55980859e+04 1.43411047e+03 4.52727197e+03
 2.31153641e+01 4.77418747e+01 1.38506677e+03 3.71523834e+02
 8.96732101e+01 5.46798242e+04 3.55395508e+02 5.10286835e+02
 2.39732941e+02 1.45624557e+02 6.98190994e+01 8.79774453e+04
 2.15644727e+04 3.53042267e+02 2.23520927e+01 8.91458035e+00
 1.55022263e+02 2.78707550e+02 4.96837061e+03 9.26816101e+01
 4.04609222e+01 1.18246348e+04 5.20894629e+03 2.36127656e+05
 1.09469014e+04 1.18901624e+03 2.82257285e+04 1.94925391e+04
 6.37507095e+01 6.34509010e+01 7.05686493e+01 1.41829277e+04
 1.47539209e+03 7.04422760e+01 2.41422348e+01 5.82060928e+01
 2.41829810e+03 1.02220261e+02 7.09789941e+03 4.03481226e+03
 8.10137695e+02 3.18274002e+01 8.80681250e+03 2.47796993e+01
 6.63818298e+02 1.04201981e+02 1.15326729e+02 2.24900696e+02
 4.05862378e+03 4.63930469e+03 2.19081226e+03 6.81772461e+01
 6.73845520e+01 1.01261726e+02 2.29897266e+04 1.26493469e+03
 8.63088379e+03 3.45988330e+03 4.98348541e+01 7.74329150e+03
 6.40819482e+03 7.40493088e+01 2.39749536e+03 1.32384998e+03
 1.33102631e+02 9.22141846e+02 1.55698456e+02 2.47623672e+02
 2.47906104e+03 3.68633509e+00 8.56004883e+03 1.44202538e+01
 1.52832291e+02 4.99045776e+02 1.13146347e+02 8.46681366e+01
 3.09190845e+01 2.10507184e-01 1.21549365e+03 1.66314551e+03
 1.24530310e+03 3.35081172e+04 3.89926465e+03 7.24087646e+02
 7.15825378e+02 8.32343102e+00 5.83986435e+01 3.91387329e+03
 1.57057532e+03 8.46328320e+03 1.10703793e+01 5.54467010e+01
 6.41510849e+01 1.85563034e+02 2.53929626e+02 1.17847919e+01
 6.23575287e+01 7.11340942e+02 1.28457438e+05 2.71679414e+04
 1.97306152e+02 7.85332520e+02 1.53983326e+01 1.18942168e+04
 2.60763672e+02 3.01877670e+01 2.69564018e+01 7.87771523e-01
 3.43762329e+02 2.49131543e+03 5.11774216e+01 5.36302948e+01
 1.70228043e+02 4.76225000e+04 5.13309631e+01 4.05892830e+01
 8.27420807e+01 5.12939160e+03 2.51539233e+03 1.40952240e+02
 2.92180691e+01 2.55656128e+03 1.69120682e+02 6.67953339e+01
 8.01872620e+02 5.80742432e+03 5.87850708e+02 4.08897858e+02
 5.43444397e+02 1.01251745e+01 5.94837463e+02 2.43172092e+01
 1.17810364e+01 1.36665897e+01 1.73283005e+01 3.77203989e+00
 8.77479401e+01 9.07527100e+02 6.97985153e+01 1.24594641e+05
 9.24372266e+04 6.23697617e+04 7.99236328e+03 2.46203750e+04
 1.16657119e+04 8.35067505e+02 7.51845911e-03 1.92946808e+02
 5.18543518e+02 1.41753848e+04 2.20614433e+01 8.30865112e+02
 1.11091357e+04 9.05495605e+02 1.51078125e+02 1.20816675e+03
 9.10329163e+02 1.63333105e+03 8.57483978e+01 6.39724854e+03
 9.61061914e+03 1.31600449e+04 7.46181946e+01 6.71105408e+02
 7.13188362e+00 7.68564062e+04 1.59177826e+02 1.96714630e+02
 6.59153214e+01 2.41510703e+04 1.34681826e+01 1.10460046e+03
 7.18114258e+02 1.35239883e+02 8.42322159e+00 5.07742236e+03
 3.30298584e+03 7.69982147e+01 3.12523174e+00 5.29674911e+01
 2.96949258e+04 6.92498193e+03 4.26511574e+00 6.68983002e+01
 2.67440605e+00 3.56988501e+03 2.37056656e+02 6.42813379e+03
 3.49775122e+03 1.89614105e+02 1.94688855e+03 7.04233093e+01
 4.60228729e+01 4.88359947e+01 7.80277634e+00 6.61703568e+01
 9.84208298e+00 3.75523872e+01 3.02333183e+01 1.85443176e+02
 1.43291107e+02 4.29060699e+02 9.39352417e+00 3.40690948e+02
 2.62687988e+04 7.51725891e+02 4.40670586e+01 7.78461670e+02
 1.34735670e+01 9.94151402e+00 3.14995605e+02 6.12232666e+01
 3.94491425e+01 1.82027245e+01 1.31637688e+05 2.07974805e+04
 4.08823471e+01 2.90070724e+01 5.16862207e+03 4.51783276e+00
 2.49030859e+03 1.64917969e+02 1.19929466e+01 1.11457217e+04
 2.04345184e+02 4.07954041e+02 3.01752687e+00 5.01827148e+03],10751.814,[2.74331779e+01 1.25576934e+04 9.06186523e+03 1.29862309e+00
 1.76942253e+01 3.35032410e+02 3.10617993e+03 3.53432666e+03
 4.07799297e+04 3.22698288e+01 1.08531008e+01 8.43194153e+02
 1.65919531e+04 5.52229736e+02 2.97471802e+02 1.76094265e+01
 5.80475293e+03 3.19078101e+03 4.28005981e+00 6.01131348e+02
 1.66223121e+00 1.66995056e+02 9.98672668e+02 2.11046250e+04
 6.62900620e+01 2.38197676e+04 4.77067969e+03 4.76896045e+03
 5.27913928e-01 2.17411160e+00 1.14379358e+03 4.85634216e+02
 1.14428848e+02 8.36698984e+04 4.23364838e+02 1.79153088e+03
 2.47006653e+02 2.08370468e+02 3.55768890e+02 9.32037969e+04
 3.65597891e+04 3.50118927e+02 3.63868904e+00 1.05281067e+01
 4.12219788e+02 1.97822914e+01 5.61074365e+03 1.75296066e+02
 3.97105484e+01 1.07618936e+04 3.61591602e+03 2.30417812e+05
 1.76565332e+04 1.87128308e+03 3.24328633e+04 6.71811377e+03
 3.50864449e+01 8.96311264e+01 8.31656570e+01 1.82870527e+04
 5.66366797e+03 7.25347290e+01 6.12814951e+00 1.13330336e+01
 3.21837476e+03 9.66846771e+01 1.34024963e+03 4.01944043e+03
 4.79064301e+02 1.72301540e+01 9.68217383e+03 1.85464668e+01
 6.56087830e+02 1.71499695e+02 2.05121872e+02 8.11453674e+02
 1.18031143e+04 7.98541870e+02 2.03231592e+03 8.65640793e+01
 9.41301346e+01 2.89197612e+00 1.02420439e+04 2.21896973e+03
 1.11064639e+04 5.55444763e+02 2.03782394e+02 3.51681562e+04
 5.32926367e+03 8.93122406e+01 9.40864319e+02 1.63478308e+03
 1.35934967e+02 9.67344910e+02 9.01744537e+01 3.32522583e+02
 3.76721973e+03 1.00966625e+01 7.24021045e+03 1.77672424e+01
 7.44806061e+01 4.60312073e+02 6.52707153e+02 8.88149567e+01
 3.21469307e+01 3.02622509e+00 1.82794617e+03 1.33175647e+03
 2.14057764e+03 3.82905859e+04 3.16423926e+03 9.23576355e+02
 1.45085771e+04 1.36062155e+01 1.19620407e+02 5.86109912e+03
 1.28674133e+03 1.06316816e+04 1.43678226e+01 7.39389572e+01
 1.61103027e+02 2.73298706e+02 1.70174911e+02 3.39432678e+01
 1.37711548e+02 5.63585999e+02 1.22658570e+05 2.07793418e+04
 1.67343262e+02 1.51783960e+03 3.46253128e+01 8.74327051e+03
 2.92838654e+02 6.05085564e+01 6.24937592e+01 5.84765768e+00
 3.64863922e+02 2.31964185e+03 2.81952786e+00 2.43733044e+01
 2.54374939e+02 4.30070234e+04 1.20299583e+02 3.39208221e+01
 1.85673218e+02 7.44833154e+03 9.57776465e+03 2.09119461e+02
 1.14782877e+01 9.68145703e+03 2.36983139e+02 9.70447731e+00
 3.92665192e+02 4.89327588e+03 5.63615845e+02 3.54824066e+02
 3.16510254e+02 1.21558701e+02 3.18862427e+02 5.53366776e+01
 1.84920578e+01 9.14657712e-02 2.76449356e+01 8.86691630e-01
 1.17610426e+01 1.06508325e+03 1.45439407e+02 1.22333781e+05
 1.13323266e+05 7.74055859e+04 1.56019297e+04 5.76263711e+04
 1.20193271e+04 1.20286804e+03 2.19628668e+00 3.76906036e+02
 6.48586548e+02 1.65440879e+04 3.42794609e+01 7.07979553e+02
 5.93425171e+02 1.81663635e+02 1.37514313e+02 1.25680249e+03
 6.00756653e+02 1.59332593e+03 1.14599731e+02 7.99608105e+03
 1.02740557e+04 3.59408789e+04 7.19703293e+01 1.80044592e+03
 4.06979675e+01 7.69687656e+04 1.58444687e+02 4.30963020e+01
 1.04697006e+02 3.19582266e+04 1.48697977e+01 1.21169312e+03
 1.33284863e+03 1.60072464e+02 2.75956726e+02 9.51587988e+03
 2.26408789e+03 1.64691940e+02 5.10294533e+00 3.92944026e+00
 8.21619297e+04 8.33439453e+03 6.97058716e+01 7.20940094e+01
 7.53801489e+00 7.11743945e+03 4.13051758e+02 1.25237002e+04
 5.26518799e+03 1.85930435e+02 1.49113367e+03 2.13027325e+01
 1.41236591e+01 6.89233780e+01 9.02431107e+00 1.52963009e+01
 1.83978920e+01 2.13514881e+01 2.64602489e+01 1.98741852e+02
 4.21318016e+01 3.27465912e+02 3.32078314e+00 4.68442871e+02
 3.81909570e+04 1.29320020e+03 6.06155128e+01 1.89461349e+02
 1.49207754e+01 4.43666887e+00 1.31133957e+02 6.11381912e+01
 1.52501953e+02 4.09773636e+00 1.22767531e+05 9.84858887e+03
 1.00695404e+02 8.20677872e+01 9.73187500e+03 4.04449615e+01
 3.36873901e+03 5.99015503e+02 1.18147821e+01 1.39137266e+04
 1.93590622e+02 1.43051971e+02 1.09770241e+01 5.47737402e+03],-975.25757,-1049.574,-1464.0613,1.001508,1.195612,0.82045376,0.92551446,0.014991240434646606,8529.200901031494,0.125,0.125,-0.23650787388262476,3.371791938122067e-05,-0.23651184694260255,-7.193708582413716e-05,-1.016792831139042,25.249999999996884,0.0,550000.0,-10.0,-5000.0,500.0,7.506504058837891,550000
1011.6835,0.05098487,0.0350611,0.0017573991,-1011.28186,1011.28186,[1.39648952e-02 3.42387334e-02 2.65451223e-02 3.46198417e-02
 3.18332203e-02 9.36051905e-01 1.33885816e-02 1.18777193e-02
 1.43744826e+00 3.37620452e-03 5.65746799e-03 1.26881935e-02
 6.43673912e-03 1.27159506e-02 1.41550936e-02 1.35226920e-03
 9.47761908e-03 1.09234825e-03 2.08509900e-02 4.85440530e-02
 5.05305305e-02 2.53064364e-01 9.05411318e-03 6.87180328e+00
 1.24123879e-02 2.94563361e-02 5.92301607e-01 9.56730843e-01
 1.32015385e-02 2.22672708e-02 1.71076372e-01 1.45769604e-02
 2.13121250e-02 6.28098428e-01 5.04861958e-02 1.10913105e-02
 1.46317668e-02 1.92435694e+00 3.49232927e-03 1.02928020e-02
 1.24442019e-02 2.09197141e-02 6.79619983e-03 9.37918574e-03
 5.62389195e-03 1.31857768e-03 1.17665417e-02 8.24715972e-01
 1.10376626e-02 1.09569617e-02 1.24601170e-01 1.04055293e-02
 2.12150253e-02 1.53997898e-01 5.71794808e-04 2.96659768e-04
 1.03110087e+00 1.06297588e+00 1.25746019e-02 3.33048403e-04
 1.07506290e-02 4.15861964e-01 9.61182266e-03 1.70741230e-03
 5.91953158e-01 9.20901075e-03 7.81095400e-03 1.04285665e-02
 6.65958598e-03 2.44439282e-02 1.65596306e-02 1.37505084e-02
 3.94088402e-03 6.03872895e-01 1.21194012e-02 6.00171462e-03
 1.12422258e-02 1.81784058e+00 1.75481451e+00 1.32778659e-02
 7.10643083e-03 4.69106808e-03 2.09328011e-02 1.09928623e-02
 9.82825831e-03 3.93884325e+00 8.06525350e-03 5.68829849e-03
 4.69991118e-02 8.94785672e-03 3.06418911e-03 2.30988301e-02
 2.40381062e-02 1.75859109e-02 4.99634333e-02 2.76098990e+00
 7.53449276e-03 2.87533551e-03 1.21493079e-02 1.06706508e-02
 1.56489360e+00 3.59582491e-02 1.97328478e-02 9.23015177e-04
 1.83227360e-02 8.26353580e-03 6.92532718e-01 6.54706731e-03
 3.07171531e-02 7.16624260e-01 5.80928102e-03 6.07091606e-01
 8.36892426e-03 3.25826183e-03 2.28367634e-02 1.75322182e-02
 1.43182948e-02 2.01857425e-02 3.72258663e-01 4.60632145e-04
 7.70332292e-03 1.46475807e-02 2.62367725e-02 2.38774456e-02
 9.15147305e-01 7.23678246e-03 3.70293051e-01 1.11349428e+00
 5.97955659e-03 4.75343317e-01 3.83382514e-02 1.00971013e-02
 1.14278235e-02 8.31250101e-04 1.06175616e-02 1.88130178e-02
 1.44612826e-02 7.93743804e-02 2.29422487e-02 2.76356228e-02
 2.03491002e-03 4.33208421e-03 1.02802292e-02 2.29777880e-02
 6.29622489e-03 1.07119121e-02 6.71867281e-04 3.13541666e-03
 1.19143128e-02 4.94855084e-02 1.72940083e-02 5.75979531e-01
 1.35562606e-02 1.54278621e-01 4.87605110e-03 1.98323742e-01
 1.41474195e-02 7.30562583e-03 2.28640474e-02 8.01370293e-03
 1.35797560e-02 2.75277533e-02 6.11237064e-03 2.46611983e-03
 4.36190143e-03 2.19596960e-02 6.70092180e-03 1.25854649e-02
 4.44303043e-02 7.50029460e-03 1.20751411e-02 1.49301328e-02
 3.18658501e-02 1.85255893e-02 1.04891844e-02 2.43077911e-02
 8.99105147e-03 1.36616242e+00 2.17474476e-01 6.49798289e-03
 3.10563929e-02 5.99338818e+00 8.48945737e-01 2.81478941e-01
 2.71222964e-02 7.27853552e-03 1.98377445e-02 2.59910710e-02
 3.75111774e-02 3.06449123e-02 1.17396004e-02 3.08756717e-02
 2.25433484e-02 2.42136158e-02 5.43345511e-03 2.10608728e-02
 2.17400268e-02 9.60567415e-01 9.37086716e-03 1.86005235e-02
 9.66739058e-01 9.83525068e-04 9.54605639e-05 3.88778746e-04
 1.88862719e-02 1.44122727e-02 1.65524073e-02 2.20205374e-02
 2.94553414e-02 4.23031487e-02 4.37754765e-03 8.70958343e-03
 1.98951691e-01 1.43096037e-02 6.00295141e-03 7.60917813e-02
 1.32468417e-02 1.31681897e-02 3.10534611e-03 2.61721760e-03
 8.84542242e-03 5.87905198e-03 8.34670067e-01 1.51260681e-02
 1.89104453e-01 6.21370226e-03 7.12241232e-03 8.55356827e-03
 1.09877050e-01 1.48710348e-02 8.36047232e-01 2.73806602e-03
 9.80567932e-03 6.17928803e-04 1.28009357e-02 2.82799341e-02
 1.24782361e-02 3.25022973e-02 1.07082017e-02 5.87355532e-02
 8.89028981e-03 2.56845690e-02 3.40640917e-03 1.05977431e-03
 2.03548074e-02 6.04985046e+00 9.87413526e-03 8.47507268e-04
 3.82113829e-02 2.35572457e-04 6.08192757e-03 1.34351030e-02
 9.08461586e-03 7.25941733e-03 5.74715436e-03 1.30743533e-03],0.18852088,[8.6691715e-03 2.4794526e-03 1.4701858e-03 2.6776083e-03 1.7709918e-03
 1.2849152e-02 3.3793785e-03 9.3234964e-03 2.6088692e-03 3.5296477e-02
 2.5096089e-03 6.5029413e-04 4.3890961e-03 2.3633912e-03 4.0918738e-03
 2.8210171e-03 3.1683780e-03 5.0339773e-03 1.8477812e-04 2.8590038e-03
 1.1682320e-02 1.3203919e-03 2.2656657e-03 1.1481612e+00 1.8494129e-03
 3.0911937e-03 9.0799816e-03 1.6104467e-02 4.5571923e-03 6.1540343e-03
 2.7500279e-03 3.1422451e-03 2.3590401e-04 9.0757944e-03 1.0458775e-02
 2.6462153e-03 6.5831095e-03 2.3945011e-03 7.2707608e-04 3.7770346e-03
 1.0300875e-03 5.6596138e-03 1.9782372e-03 6.9803968e-03 8.2718618e-03
 4.9958006e-04 9.2734769e-04 1.6231090e-03 4.2128935e-04 4.2809583e-03
 2.1649487e-01 5.0467625e-04 1.8397905e-03 4.1072145e-03 5.7991222e-04
 3.9755180e-04 5.1333047e-03 9.9165869e-01 2.6438236e-03 2.6783831e-03
 1.2030043e-03 6.2527850e-02 1.5973765e-02 1.6026050e-03 6.9797635e-03
 3.1653792e-03 1.4859810e-04 2.4764016e-03 7.5155869e-04 3.4138896e-03
 4.5338348e-03 2.0580962e-03 3.3163913e-03 9.3359128e-04 3.8263686e-03
 2.1951273e-03 1.0815714e-02 1.2956038e-03 2.4190325e-02 5.1357225e-04
 2.5709458e-03 5.5705383e-04 3.1152703e-03 6.8856031e-04 3.6632605e-03
 2.4225369e-01 1.1551976e-03 1.1285692e-03 4.3452121e-03 3.3523627e-03
 2.2562332e-03 6.9415942e-04 1.7955899e-03 1.4878884e-03 7.0066750e-03
 3.8319370e-01 1.8990178e-02 2.6102401e-03 1.1598505e-03 2.5869049e-03
 1.7471947e-03 5.5185705e-04 6.9116428e-04 1.0472868e-02 1.8682219e-03
 1.5628431e-02 2.6558824e-03 2.5955439e-03 1.0733940e-03 9.1073103e-03
 6.1557069e-03 1.7044619e-03 8.2621723e-04 1.5377589e-03 6.0980394e-04
 4.5916811e-04 5.8010407e-03 1.7559901e-03 1.5441437e-01 1.9410737e-03
 1.2312867e-03 1.5531853e-03 1.7552562e-03 1.4609471e-03 7.1728118e-03
 6.2955506e-03 3.3557191e-03 2.3958422e-03 1.4426187e-03 1.1516872e-01
 1.5846081e-03 2.0040609e-03 2.4224110e-03 9.3570501e-03 2.4498440e-03
 2.4260953e-04 2.9531196e-03 4.7873333e-03 1.4379695e-03 3.5597086e-03
 4.9713999e-04 2.1895804e-03 2.3368336e-03 6.6286698e-04 3.1204019e-02
 2.6225485e-03 2.9845275e-03 1.3691820e-03 1.5369803e-03 2.7199585e-02
 9.6831098e-04 2.5462061e-03 1.0959841e-03 3.4204692e-01 2.0978600e-03
 8.4791519e-03 5.2852184e-03 2.6851967e-03 4.7169067e-03 2.7819462e-03
 3.6286414e-03 1.3288148e-03 4.6048202e-03 4.0775575e-03 1.1548288e-03
 3.7089065e-03 1.1541847e-02 6.1031617e-03 6.9067068e-03 2.3862757e-03
 2.6101954e-03 5.0577410e-03 4.8656017e-03 3.2816902e-03 8.1948191e-04
 1.3617314e-03 2.2351220e-03 1.7610677e-03 3.4400513e+00 7.7384152e-03
 1.9379258e-03 7.6912374e+00 1.8451612e+00 4.0833497e-01 3.2723881e-03
 1.2403615e-03 3.4665056e-03 8.6413696e-04 2.6761368e-03 1.8890388e-03
 3.6942400e-03 1.0523573e-03 4.6322122e-04 1.4937297e-03 4.1982867e-03
 1.3897903e-03 3.7346035e-04 8.5083395e-04 1.3481453e-03 3.6571175e-03
 7.3821306e-01 4.8670657e-03 1.8201686e-02 3.7060119e-03 4.5153238e-03
 1.4593191e-03 2.6903130e-02 1.9548088e-03 2.3830011e-03 1.4989529e-02
 5.4785050e-03 2.8466359e-03 1.7954446e-03 2.0902790e-03 3.1264573e-03
 1.9254281e-01 2.4899431e-03 1.5079714e-03 2.1896400e-03 1.0417290e-03
 2.4772063e-03 9.8202005e-04 2.0092763e-03 4.8473477e-04 1.2861565e-04
 2.1820851e-03 5.0091781e-03 3.4676865e-04 1.9301312e-01 3.2113034e-02
 1.1040751e-02 2.2829957e-03 5.8067217e-04 3.0706078e-03 4.4952817e-03
 2.8563082e-02 5.1546842e-04 1.3667740e-02 3.3126660e-03 8.5141547e-03
 6.5665543e-03 3.2251626e-03 1.5074313e-03 4.2435713e-03 7.9307705e-04
 3.6398363e+00 1.4967099e-04 2.0125546e-03 4.0289946e-03 3.9224923e-03
 8.6094812e-04 2.1271594e-03 1.2908567e-02 2.0014793e-03 1.4441051e-03
 3.6961026e-03],-981.68964,-1014.15106,-1480.4576,0.9999012,1.0218315,0.99504375,0.92555,7.8234444,-7.6937833,66.38786,1049.5067,1.6919692,0.3294811,0.15279542,-1044.5199,1044.5199,[3.78836255e+03 7.47744824e+03 3.81418799e+03 1.71578730e+04
 3.40575943e+01 6.05104858e+02 9.76065159e+00 2.45582861e+03
 1.17864296e+02 8.47657031e+03 9.87471985e+02 1.20119781e+02
 1.39664520e+02 8.24257227e+03 1.67860332e+04 2.60537262e+02
 9.29241992e+03 3.25672441e+04 2.43836594e+01 4.55263184e+02
 1.76994980e+04 5.38272583e+02 1.83942852e+04 1.06636877e+03
 2.04899811e+02 3.89252106e+02 5.24229288e+00 4.71545982e+01
 8.10437939e+03 2.69883545e+03 5.21703568e+01 1.49204272e+03
 3.08449799e+02 1.73002148e+03 2.17779587e+02 1.67431621e+04
 8.24848080e+00 9.79477158e+01 3.52205963e+02 7.04745000e+04
 4.10154199e+03 5.09116554e+01 5.72704895e+02 3.95989563e+02
 3.05397891e+04 9.33727539e+02 7.38280273e+02 5.05792383e+04
 1.27636795e+01 2.55997461e+03 9.36688538e+02 1.81147144e+03
 6.24843254e+01 1.19411364e+01 8.86958679e+02 1.94836365e+02
 3.85008972e+02 1.37219690e+03 3.01988304e-01 3.77903595e+02
 3.22990015e+03 3.41761353e+03 6.02394897e+02 2.53934961e+03
 3.07038498e+01 5.87998276e+01 1.37530937e+01 1.62924423e+01
 1.68162207e+03 1.54149688e+04 9.96852417e+01 5.06925635e+03
 2.22839844e+03 1.88095307e+00 8.46293091e+02 7.80257111e+01
 1.95041260e+02 3.65882019e+02 5.12088013e+02 6.28478088e+01
 2.92449341e+02 1.50958242e+04 9.85817719e+00 3.59844500e+05
 5.75086792e+02 1.19490112e+02 3.78537939e+03 2.17256348e+04
 1.86366291e+01 2.42786438e+02 1.12085312e+04 6.90464795e+03
 1.59128952e+02 2.15346336e+00 5.21527893e+02 2.47927658e+02
 1.78333740e+03 6.12800110e+02 3.18839307e+03 1.12994775e+04
 3.68061707e+02 1.47695479e+04 1.81187775e+02 1.63496069e+03
 5.54344254e+01 2.04912573e+03 4.59728281e+04 5.16484814e+03
 1.91828296e+03 7.03246094e+02 2.40076485e+01 4.43447304e+01
 3.07017136e+01 2.79516699e+03 8.08908350e+03 2.11957912e+01
 1.52583965e+04 5.13096523e+00 2.24530371e+03 6.65952682e+01
 9.25071838e+02 1.41885498e+04 4.16310645e+03 7.60698047e+03
 1.83387222e+02 3.10016907e+02 8.92487188e+04 6.68934844e+04
 3.02432227e+04 2.83467377e+02 8.29794464e+01 6.33564568e+01
 9.86031006e+02 4.15470848e+01 1.58388052e+01 1.79233848e+04
 1.51854727e+04 1.47824102e+04 3.38795776e+03 5.97708740e+02
 1.01385945e+05 2.51680023e+02 1.18369408e+01 7.84812744e+03
 2.01770781e+04 3.23156624e+01 7.43036621e+03 1.45260669e+03
 8.79521027e+01 3.36805430e+04 1.00948963e+01 1.78602848e+01
 3.85496143e+03 2.61759106e+03 7.62745898e+03 1.77723887e+04
 7.05390137e+02 8.17490935e-01 2.50822250e+02 9.43279800e+01
 7.96210556e+01 4.09016870e+03 2.78810062e+01 8.67315960e+00
 1.25323604e+04 9.53323730e+03 5.98692969e+03 9.34796753e+01
 1.82187653e+01 4.01532326e+01 1.55455996e+04 1.71962952e+02
 3.55592995e+01 1.12089368e+03 1.45352393e+03 2.95184277e+03
 8.85424133e+02 1.39996429e+02 4.53851044e+02 1.49370618e+03
 5.55709419e+01 5.98691797e+03 4.42947502e+01 1.34669571e+02
 2.38096289e+04 3.57645912e+01 6.97983313e+00 2.04774866e+03
 2.57908478e+02 7.63803253e+01 9.86242981e+02 2.69505844e+01
 3.64957062e+02 9.18184570e+03 1.05640649e+03 1.44842798e+03
 5.03479828e+02 3.02714142e+02 2.25809609e+04 3.22250269e+03
 1.85370636e+02 1.28202942e+02 5.10246045e+03 6.42320996e+03
 4.08492828e+02 2.89556976e+02 2.50962524e+02 2.41923340e+03
 3.09070969e+01 2.46556717e+02 6.32810120e+02 9.63887207e+03
 1.39523270e+02 9.49558691e+03 6.41809845e+01 1.69502487e+02
 1.21407080e+04 9.50747833e+01 4.40096289e+03 2.46017258e+02
 7.84352441e+03 8.65099869e+01 7.07484497e+02 1.15077203e+05
 7.78025928e+03 1.10025537e+03 4.07807884e+01 8.12924438e+02
 8.81618066e+03 1.23989334e+02 1.17034639e+04 5.40374170e+03
 7.65599854e+02 3.64254639e+02 1.46531631e+04 1.33228464e+01
 1.78484219e+04 4.29551367e+03 1.31947327e+02 3.84450722e+01
 1.76653101e+03 4.47702832e+03 2.84423853e+03 3.20504180e+04
 1.73222852e+03 1.64536575e+02 3.71296289e+04 2.71449661e+00
 7.24742480e+03 3.76750171e+03 1.83041611e+01 5.77484277e+03
 1.82142637e+04 3.48110809e+02 1.04391865e+04 4.84856171e+02],10543.439,[7.93764160e+02 1.94213306e+03 3.81292383e+03 9.00417383e+03
 1.03072739e+01 5.47734863e+02 1.00329895e+01 3.78765820e+03
 1.39065582e+02 8.55262305e+03 1.65345361e+03 1.58896454e+02
 2.76547516e+02 1.99274524e+03 3.16474570e+04 1.38908524e+02
 6.92656006e+03 2.91136152e+04 9.55511284e+00 4.45823364e+02
 1.56503672e+04 6.03444580e+02 1.60726846e+04 9.75070984e+02
 1.21610781e+04 5.77054016e+02 9.21391547e-01 2.48645935e+01
 8.17037695e+03 2.74170679e+03 5.22931557e+01 2.01790996e+04
 1.73311081e+02 2.22919214e+03 4.88970764e+02 1.61148047e+04
 7.56987810e+00 3.35121368e+02 1.86632751e+03 5.28992109e+04
 4.21711865e+03 2.94214745e+01 3.36426849e+02 3.32682495e+02
 3.62249023e+04 7.41836426e+02 4.43129932e+03 5.41588086e+04
 2.81735229e+01 2.65746338e+03 4.47178955e+03 1.70132886e+03
 3.03859100e+02 2.48526115e+01 1.73940649e+03 1.44770416e+02
 1.16833466e+02 1.16889124e+03 1.12509394e+01 3.96150574e+02
 5.58022314e+03 3.49187256e+03 7.02422729e+02 4.43218604e+03
 4.64134521e+01 3.42519989e+01 2.00616894e+01 8.75699234e+00
 1.61535022e+03 1.00823672e+04 6.46095276e+01 6.58544141e+03
 6.33049438e+02 4.66798325e+01 5.53245972e+02 7.67373025e-01
 2.63102264e+02 6.22225647e+02 3.32249207e+02 9.20081940e+01
 6.43771240e+02 1.27022988e+04 5.52783298e+00 3.60848750e+05
 5.24238098e+02 2.14874939e+02 5.13081201e+03 2.22127148e+04
 3.31711102e+00 4.01710968e+02 1.32545566e+04 7.18090234e+03
 3.45027985e+02 6.67092371e+00 6.10000488e+02 3.36814758e+02
 4.34962207e+03 3.02787537e+02 5.95022168e+03 7.13726855e+03
 2.55345779e+02 3.27994434e+03 1.85236237e+02 1.25063398e+04
 3.44634819e+01 1.35630420e+03 3.50258359e+04 6.53828857e+03
 3.56268140e+03 3.08953223e+03 6.04040289e+00 1.89609436e+02
 1.90530849e+00 2.61122266e+03 1.09397246e+04 2.88515911e+01
 2.27226621e+04 7.68301010e+00 1.35838398e+04 1.84277252e+02
 1.06528809e+03 1.16360908e+04 4.12253271e+03 1.01215714e+02
 2.28478821e+02 2.70912262e+02 8.61413125e+04 6.36024570e+04
 3.32626406e+04 9.48658630e+02 7.44669962e+00 1.87407516e+02
 2.38348633e+03 1.43233215e+02 8.74069023e+00 1.80891387e+04
 1.61013799e+04 4.33754883e+03 4.35024023e+03 6.43334656e+01
 9.36885234e+04 4.53751221e+01 8.41013527e+00 1.43217949e+04
 4.46572656e+04 1.43401215e+02 5.32859814e+03 2.01644507e+03
 1.52834061e+02 3.05383027e+04 2.74980717e+01 1.51455271e+00
 3.10914185e+03 3.42360156e+03 7.81827686e+03 1.72386914e+04
 3.80051079e+01 2.18696861e+01 5.39207764e+02 8.07351837e+01
 4.40755119e+01 2.83791455e+03 3.55579529e+02 3.05138111e+00
 1.09792285e+04 1.16226924e+04 6.30701270e+03 9.03071747e+01
 2.28617287e+00 5.02567482e+00 1.67912910e+04 3.54762299e+02
 2.32093201e+01 1.37917542e+03 2.19047339e+03 4.28091125e+02
 1.75463989e+03 1.46559006e+02 1.52949683e+03 1.39430493e+03
 2.00092896e+02 1.18226680e+04 9.45404663e+01 3.61243081e+00
 3.10483301e+04 1.60496063e+01 5.55712414e+00 2.21759888e+03
 1.27587112e+02 1.16578445e+01 1.69810815e+03 3.12145691e+01
 1.66501022e+02 1.20428350e+04 1.03015369e+03 1.64156445e+03
 5.21427368e+02 4.37270386e+02 2.38029883e+04 2.38269556e+03
 1.53359985e+02 1.29283676e+02 6.60357520e+03 4.06868921e+03
 1.96892151e+03 2.67410522e+02 2.81410098e+00 1.82659969e+01
 4.38664093e+01 3.35513336e+02 1.33181860e+03 1.14426338e+04
 9.22227554e+01 3.57510938e+04 8.10032959e+01 8.15290070e+01
 1.73987734e+04 1.43087433e+02 4.22003369e+03 2.92009888e+02
 6.92436719e+03 3.04870087e+02 7.79470337e+02 9.51883047e+04
 8.73059082e+03 1.59179663e+03 5.53721094e+00 1.23556140e+03
 9.82458789e+03 3.11356812e+02 1.47230391e+04 9.04751172e+03
 1.31915588e+02 3.37373047e+02 8.34443359e+03 4.75848007e+00
 1.51261270e+04 2.62792999e+02 6.54137878e+01 1.00034691e+02
 2.04947070e+03 2.12704321e+03 3.01033789e+03 3.23924062e+04
 1.91019946e+03 2.33919525e+02 4.94956680e+04 5.73147726e+00
 4.07499170e+03 3.35712891e+03 4.26550770e+00 4.72531689e+03
 2.69740527e+04 5.62869446e+02 6.93307666e+03 4.59821075e+02],-978.6327,-1069.0674,-1459.4202,1.0004318,1.1540873,0.6829835,0.9254069,0.01587226872444153,8926.007633209229,0.125,0.125,-0.23728828101288713,3.720508437958818e-05,-0.23729358703656428,-9.61242839165448e-05,-1.0201635669497435,25.249999999996884,0.0,575000.0,-10.0,-5000.0,500.0,7.5388147830963135,575000
1009.9211,0.034639377,0.0166223,0.0015205314,-1009.7202,1009.7202,[1.84998401e-02 3.27113904e-02 2.87014730e-02 2.09024921e-02
 5.48011810e-02 2.10926607e-02 9.87021774e-02 1.86865963e-02
 1.19472481e-02 2.09660269e-02 8.00340772e-02 2.37116404e-02
 2.52806321e-02 1.68837085e-02 2.02195793e-02 2.00047828e-02
 2.52465196e-02 1.93366893e-02 2.90068164e-02 6.76976740e-02
 5.98892868e-01 3.07947770e-02 1.89425237e-02 6.18345030e-02
 2.50222757e-02 1.73818618e-02 2.04911307e-02 3.00164409e-02
 3.01677495e-01 2.07040049e-02 5.11844456e-02 2.06271894e-02
 3.49084663e+00 3.64661887e-02 2.28687301e-02 4.48817052e-02
 1.76713802e-02 5.52334547e-01 1.89927220e-02 4.87159267e-02
 3.13750923e-01 2.34670788e-02 3.86638232e-02 2.18035467e-02
 2.19102576e-02 7.44157732e-02 3.46790925e-02 2.51079388e-02
 3.05332877e-02 3.25872445e+00 1.84969492e-02 2.79855505e-02
 2.64149942e-02 2.06016488e-02 1.85638964e-02 2.38534287e-02
 3.86983454e-02 1.18105002e-02 1.09486237e-01 1.62569433e-02
 2.36705691e-02 7.36178532e-02 2.28030719e-02 6.40050322e-02
 2.86481678e-02 3.31313498e-02 1.26291998e-02 4.04840149e-02
 1.91224590e-02 1.36698969e-02 2.05826946e-02 2.48512216e-02
 2.19615884e-02 2.36765817e-02 5.23937419e-02 3.87853861e-01
 2.96466425e-02 6.42115593e-01 2.74134651e-02 1.85064413e-02
 7.32512474e-01 1.93656459e-02 9.45570171e-02 4.58639812e+00
 1.71082988e-02 2.93966569e-02 2.75481977e-02 3.27249244e-02
 4.12708187e+00 2.26501413e-02 2.19890118e-01 2.28701383e-02
 2.43787318e-02 7.04424083e-02 2.70667225e-02 1.87789090e-02
 3.22260037e-02 1.99057192e-01 3.13245989e-02 6.85099810e-02
 2.17503347e-02 1.69447064e-02 1.15471371e-02 2.03837454e-02
 3.01012158e+00 2.96716273e-01 2.73859575e-02 1.10714674e+00
 3.39197665e-02 3.72451842e-02 3.42561364e-01 3.28526385e-02
 3.22490335e-02 7.64212608e-02 2.73089483e-02 2.21279636e-02
 8.33881050e-02 1.99404645e+00 3.16009641e-01 6.82178885e-02
 1.69011094e-02 1.84281655e-02 1.10727668e-01 1.69718303e-02
 1.21170953e-01 2.08986141e-02 2.12087817e-02 4.11028042e-03
 2.77108923e-02 1.95364244e-02 1.71970204e-02 8.62665892e-01
 1.97965540e-02 1.91434771e-02 2.66557522e-02 3.02909948e-02
 4.00941111e-02 2.17051879e-02 8.26444924e-02 1.86187029e-02
 1.59719139e-02 6.28786162e-03 1.96748115e-02 2.04117596e-02
 1.73802152e-02 3.92277241e-02 1.42591745e-02 2.06844956e-02
 2.62173899e-02 4.86788654e+00 1.93138868e-02 5.41581549e-02
 2.42981911e-02 2.25419290e-02 9.25884783e-01 2.89578624e-02
 3.21121514e-02 3.06302577e-01 2.08707042e-02 2.80502617e-01
 1.89608522e-02 1.94202140e-02 2.42298990e-02 4.16329876e-02
 5.01860119e-02 5.76220900e-02 3.24331559e-02 2.04056390e-02
 2.22198255e-02 1.61184408e-02 8.28517377e-02 3.15203145e-02
 3.19618769e-02 4.96096946e-02 1.48818105e-01 2.33374983e-02
 4.64544445e-02 5.51764071e-01 2.25847736e-02 1.35861672e-02
 2.88774259e-02 2.30975337e-02 5.37355244e-01 2.71040983e-02
 1.77537656e+00 2.77150944e-02 2.18549073e-02 6.83424175e-01
 2.87696123e-02 2.76137143e-02 2.63833776e-02 1.86745077e-02
 4.38391715e-02 6.62741810e-02 2.00466253e-02 8.52786079e-02
 1.36472657e-02 2.07554884e-02 1.63241601e+00 1.05262101e-02
 2.31279470e-02 1.01756006e-02 8.68314877e-03 2.10009888e-02
 3.00577767e-02 1.03095424e+00 3.28915007e-02 2.35578902e-02
 9.50614214e-01 3.83711047e-02 2.75665298e-02 2.31682211e-02
 9.68427211e-02 6.63841516e-02 6.89554513e-01 2.03531720e-02
 1.41005702e-02 1.65708268e+00 2.12413147e-02 2.55299844e-02
 2.57662870e-02 1.61613300e-02 1.76460221e-02 2.44760811e-02
 3.20537627e-01 2.88944989e-02 2.93111280e-02 2.28748992e-02
 2.16836669e-02 2.09344923e-02 1.39021762e-02 1.75703317e-02
 1.71050131e-02 1.78698635e+00 6.59468472e-02 3.02836336e-02
 2.37191468e-02 4.06678692e-02 2.97383368e-02 3.05668563e-01
 7.97809139e-02 2.30670273e-02 2.36052461e-02 3.56848128e-02
 2.11083442e-02 2.38433480e-02 2.53825560e-02 2.65078619e-02
 8.81669819e-02 1.49899185e+00 3.14642489e-02 9.73482072e-01
 5.40588200e-02 3.47104454e+00 2.92446651e-02 1.83155127e-02],0.18998548,[1.86610967e-02 3.43742445e-02 2.13800557e-02 7.72203878e-03
 5.71805723e-02 3.16472352e-03 1.10797226e-01 7.21453503e-03
 3.30801681e-02 1.08549334e-02 8.90277326e-02 8.51038098e-03
 1.04844943e-02 7.73451477e-03 1.54776126e-03 7.72390515e-03
 3.52098420e-03 2.03031637e-02 6.12822548e-03 7.18624890e-02
 1.73972636e-01 4.27512117e-02 5.76288998e-03 4.17964794e-02
 2.01715529e-03 1.10411830e-02 3.22224200e-02 5.47254831e-03
 2.57314950e-01 1.24061853e-02 2.16195062e-02 2.17440799e-02
 1.05489790e-02 3.19697000e-02 1.16943605e-02 4.47526760e-02
 1.45538822e-02 1.64627492e-01 1.66657344e-02 5.69854118e-02
 6.42001405e-02 7.07004219e-03 9.28021222e-03 4.83116880e-03
 8.06808844e-03 1.42685980e-01 4.77736667e-02 7.41379336e-03
 4.36903611e-02 7.20232868e+00 1.97954364e-02 3.06761637e-02
 2.60052830e-03 7.74802640e-03 1.54936053e-02 6.19150698e-03
 1.83529407e-02 1.29927136e-02 1.10396773e-01 8.58256966e-03
 1.43141486e-02 7.64386952e-02 3.76413018e-03 2.62851194e-02
 7.21655041e-03 5.40922768e-02 1.10512562e-02 5.61612621e-02
 1.40926428e-02 7.97084719e-03 7.71685317e-03 1.02738924e-02
 1.13186613e-03 2.94375718e-02 5.12388721e-02 3.14280629e-01
 1.58053227e-02 7.50333071e-03 3.59760597e-03 1.68217570e-02
 3.03482600e-02 1.11517012e-02 1.71159096e-02 1.16077483e-01
 9.85989720e-03 2.70910561e-03 1.02238096e-02 3.50251980e-02
 1.67280805e+00 5.19499928e-03 2.64582872e-01 1.88454427e-02
 2.58688517e-02 2.02180818e-02 5.35594560e-02 2.07931176e-02
 4.11855057e-02 2.97226645e-02 5.33381477e-03 2.32011080e-03
 2.55205669e-02 9.73204523e-03 9.14630666e-03 5.21808863e-03
 1.22149065e-02 1.83912247e-01 3.20097581e-02 4.55039814e-02
 4.03527804e-02 2.42387392e-02 4.00180593e-02 1.31097138e-02
 5.84730878e-03 8.22349787e-02 3.52180153e-02 3.82112339e-02
 8.52479935e-02 1.71565145e-01 2.01130509e-02 1.75550915e-02
 4.52897698e-03 2.09606178e-02 1.32777154e-01 1.52826086e-02
 2.06940062e-02 5.78886271e-03 2.50149705e-02 1.55296363e-02
 7.39753991e-03 1.47168823e-02 9.10181552e-03 1.24878436e-02
 2.31135525e-02 2.30983086e-02 3.07086855e-03 1.32711604e-03
 4.61834110e-02 1.42309256e-02 4.47784305e-01 5.77743724e-03
 7.33518973e-03 2.07269080e-02 8.27181339e-03 1.90666020e-02
 2.54812874e-02 4.82820906e-02 2.85086669e-02 1.63174629e-01
 3.42511013e-02 2.03321195e+00 4.65903431e-03 8.03554356e-02
 3.34218293e-02 2.71989740e-02 8.56028870e-03 2.40758434e-02
 6.47265464e-04 1.09655447e-02 1.81313232e-02 8.25144351e-04
 5.26732951e-03 6.84995204e-03 2.11536177e-02 2.86916271e-03
 1.45247951e-03 1.19347855e-01 3.03630903e-02 4.33207639e-02
 1.44091994e-03 8.21474940e-03 1.26344301e-02 1.61469579e-02
 3.12098749e-02 7.46718794e-03 2.92187780e-01 1.64012983e-02
 2.13952437e-02 1.19175911e-02 4.94067743e-03 9.57853347e-03
 1.08361244e-04 1.43300444e-02 5.39625958e-02 5.24435192e-03
 1.98051371e-02 2.69121118e-02 2.75957026e-02 2.46647149e-02
 5.85228205e-03 1.21895149e-02 3.94218713e-02 6.15221262e-03
 3.31021883e-02 1.57630816e-03 1.43187121e-03 9.02806520e-02
 1.24718025e-02 4.15841490e-03 1.02892846e-01 1.11109763e-03
 6.31195679e-03 7.12060928e-03 1.37579218e-02 2.46717110e-02
 1.27989128e-02 5.53407311e-01 7.93412700e-03 2.23079324e-02
 3.67528945e-02 2.92559750e-02 4.06564958e-02 4.12097573e-03
 8.31353068e-02 3.72945741e-02 1.62992626e-03 1.75053962e-02
 6.68770075e-03 2.08934844e-02 8.01661983e-03 2.26933397e-02
 1.47625692e-02 1.86165050e-02 1.94506422e-02 2.48777643e-02
 3.62414628e-01 3.31640989e-03 2.48831697e-02 2.66958550e-02
 8.59067589e-03 7.59195164e-03 1.48384310e-02 5.26593998e-03
 9.96527821e-03 1.49579719e-02 1.09901205e-01 3.50691155e-02
 7.33532012e-03 3.74880619e-02 9.80980694e-04 1.06945068e-01
 1.14453554e-01 7.76806474e-03 2.06757337e-03 9.40240920e-04
 2.12872103e-02 3.31244804e-02 4.39869910e-02 7.83646405e-02
 1.10296026e-01 1.25385582e+00 2.46975198e-02 2.63372436e-02
 6.58868626e-03 1.80330217e+00 4.71301377e-03 9.69708711e-03],-973.78406,-1011.56067,-1243.5214,0.99977493,1.0138049,0.9929589,0.9255408,3.9310708,-8.202949,104.16966,1028.2734,1.9197571,0.34654483,0.16134192,-1022.8882,1022.8882,[6.3732971e+02 5.4237490e+03 1.0000882e+04 3.9675648e+04 1.0106801e+04
 8.6299217e+01 4.2147266e+02 5.3440793e+04 1.1558105e+04 2.4729181e+02
 4.6740789e+00 1.3545337e+02 1.8639700e+02 4.7122314e+03 2.2870376e+03
 2.1706892e+03 7.0118298e+02 1.0370006e+03 3.4970602e+02 1.1313647e+01
 9.4818457e+02 6.0302856e+03 7.1395099e+02 3.1984892e+01 2.9617684e+00
 4.4145371e+03 2.1614069e+02 3.8778716e+03 1.4922915e+01 1.9810421e+03
 5.7478979e+03 3.3724460e+03 7.1055441e+00 4.2050885e+02 9.3404922e+01
 1.8697115e+04 1.1198456e+03 1.6511438e+04 7.2902358e+03 9.1351973e+03
 8.5307480e+03 3.7956696e+01 5.3822864e+02 2.5251317e+02 1.3617360e+02
 4.2778137e+01 9.5914490e+02 2.5433873e+02 7.2937563e+03 6.2057119e+03
 4.4763799e+03 2.5325599e+00 4.2615128e+01 1.7034919e+00 7.0715234e+02
 1.3056773e+01 3.2246918e+01 7.8393219e+01 5.1119137e+01 5.1256189e+02
 6.7696362e+02 7.5946254e-01 1.0165062e+04 7.6990476e+00 6.8828546e+02
 2.8931467e+04 3.5019949e+04 1.0021672e+02 3.1935023e+04 3.8007936e+00
 2.4319304e+02 6.2204663e+02 1.5439110e+00 2.4399452e+01 5.0288406e+01
 7.7901154e+01 2.6582903e+01 4.8201865e+02 1.8746594e+03 5.8867741e+00
 3.9723333e+03 7.3413056e-01 2.6292771e+03 1.8470134e+02 6.2329689e+01
 5.5924673e+00 1.5279576e+01 1.1237746e+04 3.9847324e+01 8.8376672e+02
 9.3691431e+02 1.7569475e+01 4.4183980e+04 3.3727528e+01 2.0562978e-01
 3.0689927e+03 2.8119469e+00 2.2586566e+04 1.3684703e+02 1.1081016e+01
 2.4573029e+04 3.1744770e+04 4.2963451e+01 8.4142865e+02 4.9668793e+01
 3.2565015e+03 5.2592522e+01 1.1120222e+01 1.0071564e+02 6.2755005e+01
 9.4549284e+00 1.1506157e+03 4.9098296e+03 5.9174484e+01 1.7844583e+02
 6.4102374e+02 1.1729930e+02 6.1324941e+03 9.3749847e+02 4.7132333e+02
 1.8988463e+03 1.8728878e+01 8.8462975e+01 1.1562309e+04 1.7463635e+04
 8.5089966e+01 1.4438599e+03 1.1974025e+02 8.2704333e+02 4.7261949e+00
 6.8635361e+03 1.7912949e+01 1.9068723e+00 2.7447629e+02 8.2318828e+03
 7.9209854e+01 2.8993182e+02 3.0242114e+02 1.1637121e+01 7.0198792e+01
 1.4982020e+04 1.4387574e+03 6.5388760e+03 1.6986377e+00 1.1119985e+01
 1.1929955e+05 8.5963531e+02 1.1632371e+04 1.5355281e+03 8.4071084e+03
 9.9561816e+02 5.9942493e+02 1.0639512e+04 1.7799664e+01 2.0190239e+02
 2.1212630e+00 1.3187576e+02 4.8063965e+01 1.7457576e+03 1.6970552e+01
 4.1347290e+02 1.9140962e+02 7.2308124e+02 3.5172878e+03 4.4366785e+02
 6.6093540e+03 1.5213128e+01 2.3425668e+04 5.7025986e+03 3.2594934e+02
 3.4698306e+03 8.5698685e+01 8.8929468e+02 3.1575470e+02 4.9715277e+02
 1.1861392e+03 1.1695597e+02 6.8474336e+03 2.7360455e+02 5.6804108e+01
 1.5492896e+01 1.1751223e+01 1.3700822e+02 1.8041164e+02 2.7848605e+02
 1.4380287e+02 3.4334199e+03 1.7512265e+02 7.0095768e+00 3.0079398e+02
 2.9185559e+03 1.8451396e+04 2.4758816e+01 1.3981521e+04 2.7014830e+01
 3.5181750e+04 2.3077376e+02 8.9384415e+01 1.6057804e+03 1.1550559e+03
 7.1315662e+02 1.2018369e+04 1.7304590e+03 3.3802292e+02 3.9060226e+01
 1.0066746e+03 8.3350082e+01 5.6145166e+03 1.5090066e+03 1.1909318e+04
 5.5736122e+01 2.7268657e+03 5.3029613e+01 3.0486928e+04 1.4050257e+04
 1.8325262e+04 1.9046500e+04 3.9768231e+00 9.7110119e+00 1.0303393e+04
 2.9717855e+00 5.6664789e+02 1.9027187e+02 5.7804443e+03 1.1246379e+04
 1.8215992e+04 1.2219738e+02 1.1921552e+02 2.2838029e+04 4.2037441e+01
 1.4520042e+01 3.6255411e+02 5.5168575e+01 1.4497004e+03 4.3249761e+03
 4.7693467e+03 6.5983423e+02 2.5811851e+03 9.8341172e+03 2.0894702e+02
 2.8554691e+01 2.9555441e+02 1.8056374e+01 2.7422043e+02 4.6501843e+02
 1.6338060e+03 1.0567689e+03 4.3252106e+01 3.6473663e+02 1.2612583e+05
 7.8178357e+02 2.5518105e+01 8.6472496e-02 3.9285027e+01 2.3054624e+03
 5.0393867e+01],7355.246,[6.20092651e+02 5.46431396e+03 9.79454492e+03 3.97329414e+04
 7.97762842e+03 1.07486618e+02 5.42969482e+02 7.60835547e+04
 1.00350898e+04 1.80613074e+03 3.20054078e+00 1.39942749e+02
 1.56027305e+00 6.01992627e+03 3.09569116e+03 5.78287207e+03
 1.84273169e+03 1.27847473e+03 4.44485107e+02 4.15359545e+00
 6.14386230e+02 5.01802051e+03 9.56302795e+02 2.59818420e+01
 5.79544449e+00 8.95450879e+03 2.22227753e+02 2.77615527e+03
 1.34813547e+01 3.04337549e+03 5.83508447e+03 8.91050000e+03
 1.63201294e+01 2.72445251e+02 2.15666046e+01 1.85797539e+04
 1.97283777e+03 2.17345547e+04 1.05074395e+04 1.20227812e+04
 7.84222266e+03 8.43464813e+01 4.16159973e+02 2.51417419e+02
 5.43632431e+01 7.45092621e+01 1.20964966e+03 2.08517319e+02
 6.87417578e+03 5.70743457e+03 5.54715820e+03 6.20737457e+00
 6.89039459e+01 2.60512573e+02 1.60744983e+03 8.61506748e+00
 6.64594498e+01 1.57927334e+00 5.40845261e+01 6.80310120e+02
 2.62350861e+02 5.72838593e+00 4.73675146e+03 1.18450804e+01
 8.47470581e+02 1.42562949e+04 3.69305664e+04 3.37308502e+01
 2.23095859e+04 4.65093184e+00 2.71321930e+02 9.30044312e+02
 1.15594482e+01 3.29136696e+01 6.63902817e+01 1.23721451e+02
 9.24484921e+00 3.80692780e+02 1.57185815e+03 2.47515068e+01
 4.24315283e+03 5.71076012e+00 2.64774078e+02 1.04112720e+01
 8.16106567e+01 4.44460869e-01 3.54962006e+01 1.37872842e+04
 1.20204826e+02 8.06025513e+02 9.23631104e+02 5.06264877e+01
 4.96810156e+04 1.04528717e+02 2.35563949e-01 3.31960376e+03
 7.13139296e-01 2.36364141e+04 1.47107312e+03 9.38295269e+00
 5.82665283e+03 1.16912688e+05 5.70902405e+01 1.13307434e+03
 3.25162537e+02 6.41273438e+03 8.31213608e+01 5.03443336e+00
 3.49185715e+01 2.91505051e+01 8.94303769e-02 1.03953394e+03
 6.09667041e+03 9.17756119e+01 2.00770935e+02 6.01681702e+02
 2.25781128e+02 3.49095703e+03 1.25197461e+03 5.62398743e+02
 3.12052734e+03 1.89787407e+01 4.18386192e+01 1.45571543e+04
 1.18369404e+04 1.38715240e+02 1.07474475e+03 6.16860657e+02
 9.88288391e+02 1.25837204e+02 9.99509277e+03 1.66779327e+00
 4.00963783e+00 1.65009888e+02 1.03145723e+04 6.06824875e+01
 3.60154236e+02 8.57603455e+01 3.35454297e+00 1.52121765e+02
 1.97245977e+04 7.52855103e+02 8.74131250e+03 1.33722365e+00
 3.49847794e+01 1.52253344e+05 9.21764160e+02 3.14514624e+03
 1.89788855e+03 9.49627441e+03 1.08299889e+02 4.61177521e+02
 6.00919141e+03 1.32129745e+01 2.31412262e+02 2.92190361e+01
 1.49279541e+02 2.03583206e+02 7.39910767e+02 2.31567993e+01
 3.89348450e+02 2.90848663e+02 5.13546143e+02 2.39821143e+03
 6.81161011e+02 5.68605127e+03 6.94365921e+01 1.52849768e+03
 6.18028271e+03 7.00853394e+02 3.33219238e+03 2.90474796e+00
 1.04904565e+03 2.76636292e+02 1.13778760e+03 7.65768945e+03
 8.76127930e+01 9.80887012e+03 2.97369873e+02 3.36379471e+01
 3.35815697e+01 9.17091274e+00 1.74848633e+02 1.79370117e+01
 1.89914566e+02 1.09643196e+02 6.23651514e+03 3.47028290e+02
 3.45870438e+01 2.88277283e+02 2.86408130e+03 2.30412246e+04
 1.54776697e+01 1.88641816e+04 5.72607300e+02 3.95434766e+04
 4.20404297e+02 9.89431763e+00 1.91268530e+03 1.07282703e+03
 1.67131201e+03 5.77383594e+03 2.39554047e+02 3.55882629e+02
 3.09023285e+02 1.21913672e+03 7.70559540e+01 7.32775146e+03
 9.75116699e+02 1.65457285e+04 4.14587555e+01 7.19639062e+03
 6.22750359e+01 3.97181055e+04 1.19591758e+04 2.62504199e+04
 1.92942168e+04 2.45558224e+01 1.37716913e+01 5.68897803e+03
 1.20506907e+00 1.01047656e+03 1.26857155e+02 8.39154199e+03
 3.30604180e+04 1.80057559e+04 1.48800415e+02 1.26745216e+02
 2.12165781e+04 5.90272865e+01 9.45615959e+00 6.08570251e+02
 8.37380028e+00 1.02822180e+03 4.02142529e+03 4.01510864e+03
 9.65575928e+02 2.26133057e+03 9.32637402e+03 3.49830231e+02
 4.41919403e+01 5.30708069e+02 4.06623955e+01 7.77106567e+02
 2.91936523e+02 1.17911658e+03 1.05672998e+03 6.63461609e+01
 3.42030457e+02 1.32056656e+05 1.07934277e+03 2.59192142e+01
 5.32385111e-01 4.49151154e+01 4.15442188e+03 5.97107658e+01],-977.8696,-1053.7477,-1421.3191,0.9981278,1.1729381,0.80327225,0.92531925,0.01511236367225647,9303.81674027443,0.125,0.125,-0.34466616462596406,1.6698651395471083e-09,-0.3446661646551247,-4.662303271659128e-10,-1.4911636344039176,25.249999999996884,0.0,600000.0,-10.0,-5000.0,500.0,7.582047700881958,600000
1009.169,0.035822254,0.007594847,0.0018868138,-1009.05725,1009.05725,[2.18862534e-01 1.27130070e+01 2.82610476e-01 1.16398409e-01
 8.98491740e-02 1.18852630e-01 2.34331036e+00 4.25873756e-01
 2.21691936e-01 3.10503878e-02 1.49866581e-01 1.16082168e+00
 8.18347931e-02 1.27457634e-01 1.19118547e+00 2.32933909e-01
 1.80789471e+01 2.39854693e-01 1.22189045e-01 7.70884216e-01
 5.91076910e-01 5.01685321e-01 7.19843805e-02 2.14124262e-01
 1.07506871e-01 6.83454126e-02 2.36297086e-01 1.91515043e-01
 2.97976807e-02 1.57522410e-01 5.00324190e-01 3.61734368e-02
 1.00374490e-01 9.90632921e-02 1.26566067e-01 6.95498586e-02
 8.12755898e-02 1.59235865e-01 4.57691789e-01 3.80441435e-02
 4.30091508e-02 6.62770644e-02 6.77045137e-02 1.69809103e-01
 1.50895095e+00 8.54945779e-02 1.22148260e-01 8.63327235e-02
 8.43652934e-02 1.15890658e+00 5.02024963e-02 2.55420715e+02
 6.26780093e-02 5.93963206e-01 4.79691356e-01 2.25840712e+00
 1.11804232e-01 6.26232401e-02 1.04425564e-01 3.07077765e+00
 1.81657910e+00 2.55007483e-02 1.36264130e-01 1.77566811e-01
 1.16443634e-01 5.14495611e-01 1.08384565e-01 1.11075766e-01
 2.22421974e-01 5.08359194e-01 1.36648148e-01 6.78462461e-02
 1.64077550e-01 2.11750835e-01 3.26962185e+00 1.99575797e-01
 6.18960895e-02 8.67909193e-02 5.13604954e-02 1.79731280e-01
 3.51985276e-01 7.57441074e-02 9.82132405e-02 2.26373017e-01
 6.12231269e-02 3.59177470e-01 2.34708562e-01 1.33445144e-01
 7.17996955e-02 6.99360669e-02 2.06947207e-01 1.48621231e-01
 1.25862420e-01 1.50532281e+00 6.37152344e-02 1.85675240e+00
 2.19565764e-01 5.63565567e-02 4.34233248e-01 1.25862479e-01
 4.91827190e-01 4.38986003e-01 1.26718149e-01 9.28324014e-02
 2.40380955e+00 1.14034116e-01 3.37728620e-01 1.40751988e-01
 8.08600336e-02 1.32153839e-01 7.20511198e-01 6.88806847e-02
 2.90891230e-01 4.67609644e-01 1.84783220e-01 8.24234635e-02
 8.15907493e-02 1.11178219e-01 1.53422907e-01 1.90951392e-01
 8.70835781e-02 1.04949504e-01 1.74379081e-01 2.16967672e-01
 2.91026905e-02 1.54333854e+00 1.01120114e-01 1.98987797e-01
 7.58795977e-01 6.41304106e-02 1.21053770e-01 7.90138841e-02
 3.52860987e-01 1.93484306e-01 1.35459632e-01 5.01743704e-02
 2.89814472e-01 3.54796171e-01 8.30089003e-02 1.08825594e-01
 6.91790134e-02 8.51501971e-02 1.90750420e-01 2.29500398e-01
 1.64564148e-01 6.62971288e-02 7.06854537e-02 4.34430218e+00
 8.39290172e-02 8.27690512e-02 1.84595346e-01 9.35074836e-02
 1.61100578e+00 2.48664498e-01 7.45581239e-02 1.18619874e-01
 2.09694162e-01 1.05069458e-01 9.32280123e-02 1.19601130e-01
 1.06042489e-01 1.03099555e-01 1.14322558e-01 1.11194044e-01
 1.19978458e-01 1.70085758e-01 6.59491196e-02 9.49359089e-02
 9.11611468e-02 6.27100617e-02 4.89161164e-02 1.42032281e-01
 6.89233005e-01 1.43490970e-01 5.78187656e+00 1.10756591e-01
 7.56448582e-02 8.20632553e+00 4.82534505e-02 9.72674191e-02
 1.28957286e-01 1.06161964e+00 1.52188480e-01 7.76313543e-01
 8.57176781e-02 1.10365853e-01 1.05602160e-01 1.14409223e-01
 8.99434239e-02 9.39894021e-01 9.50847566e-02 2.65251696e-01
 2.07917184e-01 1.08388647e-01 4.38308455e-02 1.22299016e-01
 4.61232245e-01 5.41103072e-02 5.97955063e-02 3.76014784e-02
 1.70926645e-01 3.55139792e-01 1.53822318e-01 1.34423643e-01
 6.24825545e-02 7.19204694e-02 6.97437972e-02 4.68738452e-02
 4.07772630e-01 4.79292303e-01 1.60351658e+00 1.51553959e-01
 1.02026105e-01 2.28380293e-01 8.71897936e-02 5.29682711e-02
 2.11014330e-01 2.14589104e-01 5.28874546e-02 3.23284888e+00
 2.77651763e+00 9.17268991e-02 1.82296365e-01 1.18463412e-01
 2.24643528e-01 6.99704140e-02 1.13682091e-01 2.15464830e-01
 6.40099123e-02 5.15534170e-02 1.35772005e-01 3.89111018e+00
 1.08383477e-01 2.24236637e-01 2.15226188e-01 1.03404000e-01
 5.82690611e-02 6.98440969e-02 1.21284857e-01 9.55162123e-02
 1.25391968e-02 9.67965126e-02 1.08952254e-01 2.20609784e-01
 7.50943959e-01 6.61006644e-02 5.54884374e-01 2.73430169e-01
 1.48526505e-01 2.40625277e-01 1.42307356e-01 1.98788941e-01
 1.24742419e-01 6.36306480e-02 7.39146769e-02 1.94743484e-01],4.2011604,[3.23569357e-01 3.41686829e+02 3.09675604e-01 1.91472143e-01
 1.74330220e-01 2.11778939e-01 2.13584691e-01 3.88921201e-01
 3.88612002e-01 2.20672503e-01 2.45239154e-01 1.95404023e-01
 1.48237616e-01 2.80831963e-01 1.78239673e-01 1.84111163e-01
 1.95799541e+01 9.84538317e-01 1.98585585e-01 2.05731541e-01
 2.41073608e+00 2.20604539e-01 2.03929543e-01 2.63093054e-01
 2.65780270e-01 1.65845886e-01 4.36797798e-01 3.40547442e-01
 1.16699487e-01 2.82564640e-01 4.58839297e-01 1.23848602e-01
 1.69818789e-01 2.47839868e-01 2.38838136e-01 1.79594696e-01
 2.10303009e-01 2.46209741e-01 1.04481764e-01 1.97348744e-01
 1.38756588e-01 1.33607686e-01 1.62208617e-01 2.03871146e-01
 1.07221395e-01 2.40591645e-01 2.19810784e-01 1.77344143e-01
 2.01465189e-01 2.86387473e-01 1.46716982e-01 5.33228027e+02
 1.80512980e-01 4.57225800e-01 1.77330151e-01 2.06686258e-01
 2.49797359e-01 1.69497132e-01 1.99893028e-01 1.69095933e-01
 2.50090897e-01 4.85012084e-02 2.03291804e-01 1.05893120e-01
 2.03423768e-01 1.91912428e-01 2.22482115e-01 2.11710811e-01
 3.39346468e-01 5.10422289e-01 2.60340214e-01 1.76057711e-01
 2.20651060e-01 1.81803778e-01 1.57024682e-01 1.36738598e-01
 1.88866571e-01 1.58760026e-01 1.61673576e-01 1.06490672e-01
 2.48150244e-01 1.72284290e-01 2.35573962e-01 3.79626513e-01
 1.73826844e-01 2.48069346e-01 3.08557183e-01 1.57928541e-01
 2.10446924e-01 1.41195416e-01 1.06795371e-01 2.29858637e-01
 5.60184121e-02 2.37866029e-01 1.51276380e-01 2.02172756e+00
 2.11413413e-01 2.23564938e-01 3.74430716e-01 2.42119744e-01
 2.27780789e-01 2.25872338e-01 1.89361483e-01 1.67128891e-01
 1.87205866e-01 1.62055790e-01 1.90066844e-01 2.70303369e-01
 1.43563643e-01 2.13454157e-01 2.77470261e-01 1.73339620e-01
 3.25974345e-01 1.94076166e-01 1.02256328e-01 1.93446651e-01
 2.18778193e-01 2.16382608e-01 2.53972828e-01 2.07297415e-01
 1.75954044e-01 1.80811673e-01 2.98372477e-01 3.02699685e-01
 1.09436467e-01 2.27392292e+00 1.92784697e-01 5.00258565e-01
 1.24018878e-01 1.70742854e-01 2.19917595e-01 1.55716270e-01
 8.98927599e-02 3.57398808e-01 2.15953499e-01 1.05530411e-01
 2.11042792e-01 7.82499790e-01 2.93843210e-01 2.37887025e-01
 1.63996935e-01 1.65905386e-01 2.08919495e-01 3.81620169e-01
 2.78448462e-01 1.72370851e-01 1.81800380e-01 6.25235856e-01
 1.12382174e-01 2.32545152e-01 3.29843163e-01 2.11042494e-01
 1.59663886e-01 1.91533953e-01 1.92700818e-01 1.16473734e-01
 4.66207296e-01 1.66504160e-01 2.23801002e-01 1.11003906e-01
 2.40455151e-01 1.83065273e-02 2.04905778e-01 2.15183094e-01
 2.27694824e-01 2.87652314e-01 1.87436819e-01 1.30895853e-01
 2.33129606e-01 1.67320862e-01 2.28057876e-01 2.19117820e-01
 2.01007262e-01 1.07874408e-01 2.57812977e-01 1.68810114e-01
 2.09596336e-01 2.21874923e-01 1.51561648e-01 8.17545056e-02
 2.07946762e-01 5.55817127e-01 2.47809440e-01 5.94480038e+00
 1.78974152e-01 2.05270112e-01 1.85037509e-01 1.87396169e-01
 2.62857556e-01 6.41224575e+00 1.65097475e-01 4.23476189e-01
 3.11753273e-01 1.65048853e-01 1.14280999e-01 2.85961986e-01
 1.65097630e+00 1.76468641e-01 1.37426570e-01 9.34228003e-02
 3.26435924e-01 3.30805063e-01 2.42417574e-01 3.57204795e-01
 1.80036858e-01 2.49248892e-01 1.50722280e-01 1.88193887e-01
 2.11800054e-01 4.88209426e-01 2.51826197e-01 1.88653655e-02
 1.98244229e-01 3.18627596e-01 1.72659814e-01 2.29935259e-01
 3.67683113e-01 1.97150946e-01 1.55372396e-01 2.89224386e-01
 2.42849365e-01 2.59963810e-01 1.42260030e-01 3.66314240e-02
 2.25766510e-01 1.46923304e-01 1.98845997e-01 1.10186353e-01
 1.38642520e-01 4.68986668e-02 2.68571615e-01 1.67862087e-01
 2.29363590e-01 2.19871849e-01 3.53381217e-01 2.19073445e-01
 1.55842781e-01 2.39343435e-01 2.33609200e-01 2.01966986e-01
 2.21148595e-01 9.65240598e-02 2.16830909e-01 1.75936550e-01
 1.69728756e-01 1.83233559e-01 6.42633200e-01 3.85262609e-01
 1.00777760e-01 2.53519893e-01 2.01836661e-01 2.23589033e-01
 2.07449377e-01 1.47851765e-01 1.69185609e-01 1.93678930e-01],-973.15784,-1010.32166,-1245.0066,0.9998036,1.0196663,0.95043015,0.9255422,78.45075,-81.812744,629.75385,1027.7507,1.859692,0.36254555,0.15406223,-1022.2656,1022.2656,[4.18015350e+02 4.64898584e+03 6.97977969e+04 4.85318828e+04
 8.81224060e+02 1.87136914e+04 3.42205048e+01 9.28129120e+01
 1.21859290e+03 3.64536743e+02 5.66483521e+02 2.76539111e+03
 1.25306982e+03 5.12198828e+03 1.36545517e+02 2.92106171e+02
 1.46135742e+04 3.10131409e+02 7.17270156e+04 1.45187366e+03
 1.89790672e+05 3.92377031e+04 4.67392852e+04 1.25614368e+03
 8.78019238e+03 2.83040771e+02 3.34448395e+02 3.56345947e+03
 2.11835181e+03 3.68719883e+04 6.05520752e+02 5.82118896e+02
 1.46800085e+03 1.53599766e+04 3.43700195e+03 6.59360275e+01
 5.59791931e+02 5.41733203e+04 9.92779541e+02 1.19315315e+02
 1.88569565e+02 2.32186660e+04 1.24990936e+02 2.78079041e+02
 4.03514954e+02 8.32922459e+00 2.37263555e+04 1.58010147e+02
 8.99400391e+04 5.86980469e+04 8.73735428e+00 1.20023096e+04
 7.91168976e+01 7.12954617e+00 1.91218274e+03 4.64852246e+03
 3.46794043e+03 3.48509790e+03 6.05875664e+01 1.86478105e+04
 1.12462964e+03 6.62372055e+01 2.18566341e+01 4.59996147e+01
 9.48192692e+00 4.64345001e+02 2.70666046e+02 2.21972168e+03
 2.79786133e+02 3.76759648e+04 2.91966003e+02 1.28340515e+02
 3.69806824e+02 4.90878242e+04 2.33116360e+01 1.83548262e+04
 2.66671445e+04 8.78219452e+01 8.85826465e+03 2.24444751e+03
 3.69563171e+02 7.71116748e+03 1.12690361e+04 1.73967334e+03
 4.45914421e+01 6.33732715e+03 1.23065461e+05 4.79028594e+04
 4.19161835e+02 1.34832773e+04 5.84017500e+04 1.12841431e+03
 2.49677010e+01 1.40239221e+03 1.71893770e+04 1.20559160e+04
 5.14217041e+03 2.37201504e+04 1.36976221e+04 4.92542969e+03
 6.25238330e+03 9.75698535e+03 2.32258862e+03 4.13537750e+02
 2.44773516e+04 3.98259773e+01 4.35285986e+03 3.84481544e+01
 1.81693085e+02 9.14951660e+03 9.88655243e+01 5.36929016e+02
 1.49678564e+03 2.72004375e+01 4.25704346e+02 4.20208516e+04
 1.36237461e+04 5.86680603e+02 3.55477441e+03 9.83960352e+03
 4.73395081e+02 1.19246387e+03 2.72945538e-02 2.57342072e+01
 1.93628809e+04 8.31376160e+02 1.93212246e+04 4.18566704e+00
 5.96012598e+03 5.85111797e+04 5.86490352e+04 5.14475488e+03
 1.03752884e+02 1.16051638e+00 1.55960938e+03 2.70336399e+01
 6.06204285e+02 1.10604881e+02 1.45467548e+01 1.00556068e+02
 2.16749298e+02 2.48208047e+04 9.88155273e+02 5.01582756e+01
 7.79248730e+03 2.57456172e+04 4.95701828e+01 1.50283467e+04
 2.25706616e+03 1.95970703e+02 1.86319385e+03 2.96058047e+04
 5.44247168e+03 6.48663330e+01 1.53770000e+04 2.15844678e+03
 1.53862402e+04 4.17918477e+04 7.70812866e+02 2.28145581e+03
 6.93752380e+02 1.17135718e+03 6.82975616e+01 2.51886426e+03
 1.58472347e+01 6.79817041e+03 2.06499069e+02 2.55246875e+04
 7.74438416e+02 3.17054727e+04 1.56907451e+04 7.16207324e+03
 6.45926719e+04 2.09249249e+01 2.08906895e+04 1.60922318e+02
 1.86433884e+02 6.97805710e+01 1.80723223e+04 1.48956924e+04
 2.94235439e+01 9.90197754e+02 4.99503479e+01 2.13450356e+01
 5.00907822e+01 7.38583350e+03 7.42674112e+00 2.31331836e+04
 4.03696953e+04 2.88228174e+03 9.93414230e+01 6.06216492e+02
 1.04349298e+01 2.33428528e+02 5.11592871e+03 5.13775711e+01
 2.14545312e+04 2.21336133e+03 2.48561084e+03 1.74030609e+05
 8.10588257e+02 6.52867461e+04 2.44229767e+02 5.87825547e+04
 9.22158508e+01 1.26671260e+04 3.64252777e+02 3.50004346e+03
 1.10357092e+03 1.21986084e+04 2.15448022e+03 2.18221729e+03
 1.84438950e+02 3.22808189e+01 2.11412793e+03 3.86580957e+03
 3.84031639e+01 3.53695825e+03 7.85176562e+04 1.01015900e+02
 1.30094696e+02 4.16457715e+03 7.51968750e+04 3.01312408e+02
 1.22219917e+02 2.55977516e+01 2.37206970e+02 1.59609102e+04
 1.96524048e+02 2.10926285e+02 2.50869102e+04 8.56556549e+01
 1.23777783e+03 4.75984912e+03 3.83343544e+01 1.18216515e+01
 1.47229858e+02 1.37566879e+02 9.07227478e+01 1.63835449e+02
 2.28613262e+04 1.19246514e+04 9.84353485e+01 9.01861016e+04
 1.71540796e+03 1.39763969e+05 9.14463257e+02 3.96865173e+02
 4.34180603e+02 3.72953857e+03 1.60363960e+01 9.54347559e+03
 4.02886133e+03 1.78774643e+02 1.26506950e+02 7.84569946e+02],12772.131,[4.32526611e+02 2.88869897e+03 2.40791094e+04 2.15035254e+04
 1.50156360e+03 1.70505017e+03 8.77940063e+01 8.23463364e+01
 1.23686536e+03 4.40740326e+02 5.33461121e+02 2.68373999e+03
 2.36735010e+03 5.31761035e+03 2.04420990e+02 3.64467041e+02
 1.49812598e+04 5.73236450e+02 1.60769375e+04 2.06370703e+03
 5.24888750e+04 4.00747969e+04 3.92567930e+04 1.65312341e+03
 9.89691016e+03 1.68138351e+02 1.01938622e+02 3.00119580e+03
 1.34138550e+03 2.50980742e+04 6.93316211e+03 3.37306854e+02
 1.04356934e+03 1.19852666e+04 4.32867041e+03 1.35005112e+02
 1.62330582e+02 2.93680801e+04 4.90804626e+02 1.73204849e+02
 6.34217978e+00 4.97443984e+04 3.43254585e+01 2.55552658e+02
 4.46127869e+02 9.89541721e+00 9.31797656e+03 3.36010504e+00
 2.26816250e+04 3.46304688e+04 1.32027931e+01 3.85160352e+03
 1.20499763e+02 1.40693636e+01 1.59435229e+03 1.45221387e+03
 1.49266980e+03 2.19338403e+03 4.32032433e+01 4.95898486e+03
 6.32515747e+02 7.17726135e+01 1.67537045e+00 3.92828064e+01
 9.48665047e+00 4.06044434e+02 2.83120361e+02 3.41392285e+03
 2.34342300e+02 1.36995234e+04 6.39838257e+02 9.24274063e+00
 1.23003868e+02 6.70096016e+04 1.10063334e+01 7.24703223e+03
 3.17290703e+04 7.08480682e+01 3.79148657e+03 2.61496240e+03
 3.38593475e+02 3.80352344e+03 2.95032861e+03 4.28203278e+01
 4.87707863e+01 2.52646509e+03 1.27496328e+05 4.54946387e+03
 1.16556870e+02 1.36207695e+04 1.09232842e+04 1.17334033e+03
 2.33699684e+01 1.84099976e+03 7.93496582e+03 3.00813867e+04
 7.19057520e+03 1.37024727e+04 7.49011670e+03 7.93293152e+01
 6.28200635e+03 4.52341522e+02 5.89110229e+02 2.91671021e+02
 2.33122363e+04 2.86522617e+01 9.72924500e+02 6.84710083e+01
 8.07532959e+01 5.74657422e+03 6.50072327e+01 2.30543640e+02
 3.48603320e+03 2.78503952e+01 5.77935371e+01 4.49244453e+04
 1.71951270e+04 5.49413391e+02 3.22634961e+03 5.05402197e+03
 1.07372168e+03 1.00433856e+03 8.28262024e+01 5.31241341e+01
 1.43030488e+04 1.02377454e+03 1.13971016e+04 4.46799934e-01
 1.43652100e+03 8.39192578e+04 5.90557695e+04 3.97335474e+03
 5.23368759e+01 6.86275148e+00 2.87547394e+02 1.27020721e+01
 4.08283539e+02 1.25082031e+02 1.85034744e+02 1.55211430e+01
 3.75832886e+02 2.16149043e+04 9.31908325e+02 6.18303604e+01
 5.39318994e+03 4.40196484e+03 7.38046112e+01 2.47558926e+04
 5.16006836e+03 6.68996429e+01 3.88901123e+02 1.13006729e+04
 6.36527344e+03 1.17112747e+02 6.24283105e+03 1.95132812e+03
 2.22432007e+03 1.77193047e+04 7.28596619e+02 1.67759888e+02
 1.24597119e+03 1.16612659e+03 1.17010513e+02 2.87219849e+03
 1.45274933e+02 2.93057422e+03 1.76274658e+02 2.40169707e+04
 2.54325882e+02 4.15523008e+04 1.70713438e+04 4.11647656e+03
 4.19939414e+04 1.95187645e+01 1.32278467e+04 8.23110352e+01
 2.93152527e+02 6.40813065e+01 2.82954932e+03 1.00879658e+04
 3.05763779e+01 1.33980579e+03 6.28507271e+01 3.59205055e+01
 1.54658718e+01 8.90213379e+03 2.66958618e+01 9.84079407e+02
 1.15070771e+04 3.88767407e+03 1.17977226e+02 4.87075134e+02
 9.60103416e+00 8.17588348e+01 1.02670789e+03 1.39743748e+01
 1.65681016e+04 2.10394263e+03 2.70159351e+03 1.18528156e+05
 8.63121277e+02 2.45473105e+04 2.60693207e+02 6.73986328e+04
 2.47515533e+02 1.25510869e+04 2.06564728e+02 3.15620117e+03
 8.10706445e+03 1.94368713e+03 4.76903015e+02 3.84464233e+03
 2.04688828e+02 1.92635307e+01 8.99114685e+02 1.41052832e+03
 4.23828545e+01 4.50572656e+03 3.72360508e+04 4.44694748e+01
 8.04300995e+01 7.03490088e+03 1.50230000e+04 2.60971344e+02
 8.94503250e+01 4.94798470e+01 7.56121292e+01 1.83790059e+04
 1.79273254e+02 2.48438644e+02 3.68307695e+04 3.37555618e+01
 2.15958862e+03 3.64968066e+03 1.20141239e+01 1.32258788e-01
 1.58765228e+02 1.15433693e+02 5.73214355e+02 1.10177284e+02
 3.18962134e+03 1.20425488e+04 3.60426025e+02 2.80651289e+04
 4.97803613e+03 9.66870312e+04 6.44649597e+02 6.05714905e+02
 5.09277374e+02 4.59929004e+03 2.35007362e+01 7.44201172e+03
 1.98695605e+04 7.54218140e+02 1.40517273e+02 1.48615833e+03],-977.1387,-1042.8966,-1419.7197,1.0393231,1.2644534,0.82370543,0.92811143,0.015779101724624635,9698.294297456741,0.125,0.125,-0.23897363524043208,9.72587288356898e-05,-0.2389587857697371,0.0002663011546023907,-1.026995468582103,25.249999999996884,0.0,625000.0,-10.0,-5000.0,500.0,7.506556034088135,625000
1009.9559,0.039963182,0.014414738,0.0019139346,-1009.7718,1009.7718,[7.44836405e-03 2.37584412e-02 7.06270710e-03 3.54526080e-02
 1.54105574e-02 2.14850791e-02 9.13195610e-01 6.71900064e-02
 3.96914668e-02 5.06143644e-02 1.65005215e-02 1.23820342e-02
 8.73690033e+00 8.67143273e-03 3.82175483e-02 1.17170699e-02
 2.62399986e-02 3.36098708e-02 1.73005670e-01 3.39937396e-02
 1.35733671e-02 1.13547631e-02 4.91243973e-02 3.89589705e-02
 1.41186714e-02 1.29795074e-02 6.44921139e-03 9.20500234e-03
 6.19141012e-03 6.15485430e-01 3.24356891e-02 2.24923640e-02
 9.37837735e-03 2.26956606e-02 1.95060790e-01 1.07591785e-02
 2.15914845e-02 5.52448519e-02 2.69298144e-02 8.27698782e-03
 1.37505814e-01 5.53584881e-02 3.51810344e-02 6.11466914e-03
 1.52783468e-02 1.30202338e-01 3.49017859e+00 3.92417200e-02
 2.94915773e-02 1.93706527e-02 1.44285150e-02 2.42966190e-02
 1.82735361e-02 1.15892112e+00 2.49614269e-02 3.74062359e-03
 3.73550989e-02 5.35988696e-02 9.90429893e-03 2.46256478e-02
 2.07935572e-02 3.13484855e-02 2.42073126e-02 2.84747854e-02
 2.98855938e-02 1.31857336e-01 4.03036363e-02 1.81631041e+00
 1.84293725e-02 4.67600599e-02 9.52115655e-03 3.73666920e-02
 2.62657739e-02 1.01686902e-02 9.06782448e-02 7.88700521e-01
 5.17592207e-02 2.11444497e-02 1.13150251e+00 1.17217088e+00
 2.08336152e-02 4.88559961e-01 2.20821984e-02 2.20726514e+00
 1.17581654e+00 3.34248915e-02 3.30246724e-02 2.57533677e-02
 2.14769430e-02 8.20133984e-02 2.88648084e-02 4.72448021e-03
 7.49120489e-03 2.40455642e-02 8.30656290e-03 8.55738297e-03
 1.25733763e-02 3.19262296e-02 4.79507037e-02 2.10688598e-02
 6.91354871e-02 8.83610919e-03 2.55361617e-01 1.00833416e-01
 2.69339569e-02 1.15050860e-02 2.31734291e-02 9.05850902e-03
 1.34692527e-02 6.96849078e-02 1.75635591e-02 2.88304873e-02
 1.24894865e-02 7.47345164e-02 4.59451154e-02 4.27292474e-02
 1.51550126e+00 3.87142077e-02 1.71109331e+00 3.11265066e-02
 4.60622497e-02 1.18328072e-02 2.53100879e-02 1.69175304e-02
 6.62522390e-03 2.86621600e-02 2.26897970e-01 1.55425221e-01
 4.21267338e-02 5.64700842e-01 9.97436419e-03 7.77897984e-03
 2.99052037e-02 1.39309913e-02 5.34875877e-02 2.04104090e+00
 2.02972665e-02 4.02442403e-02 3.25257815e-02 2.22299844e-02
 1.83866173e-02 3.34064960e-02 5.27222335e-01 2.25160457e-02
 4.69448902e-02 3.03775407e-02 4.10201587e-02 8.98214057e-03
 3.68878879e-02 1.70852095e-02 7.02758968e-01 7.63722137e-03
 1.92896463e-02 8.66362825e-03 6.36911988e-01 2.49945596e-02
 2.12655999e-02 4.57290560e-03 6.68674326e+00 2.03969255e-01
 4.06423140e+00 1.78067163e-02 1.37072802e-02 5.78109175e-03
 8.10533762e-04 6.04624525e-02 3.50675955e-02 2.04158761e-02
 8.92186356e+00 1.56072527e-02 7.43691996e-03 3.02006342e-02
 1.28216088e-01 1.95652246e-05 1.46061964e-02 1.71034709e-02
 1.36668235e-02 2.96524949e-02 2.67231345e-01 4.10439521e-02
 5.31888492e-02 2.83320218e-01 3.29207480e-02 9.58305448e-02
 2.28142291e-02 2.88631693e-02 1.45282932e-02 5.39496541e-05
 2.73758359e-02 1.07848123e-02 3.73826660e-02 4.83353026e-02
 8.81791115e-03 3.55582125e-02 1.28846633e+00 2.75029428e-02
 3.73268910e-02 1.17103197e-02 9.91589189e-01 1.22883655e-02
 1.59423724e-02 1.64474443e-01 2.30858326e-02 5.13446704e-02
 6.09060004e-03 2.81738378e-02 3.26043554e-02 4.77231033e-02
 1.88056037e-01 2.20031515e-02 5.84792271e-02 1.23297758e-02
 2.79589929e-02 7.06777871e-02 1.78153403e-02 8.79964679e-02
 3.16145457e-02 1.97485089e-02 1.42657831e-02 3.55361886e-02
 8.25248063e-02 3.17303129e-02 1.09619573e-02 5.12935221e-02
 8.14006105e-03 3.00539322e-02 1.17948487e-01 1.11402944e-02
 5.66233277e-01 1.61175072e-01 3.70764174e-02 2.42109969e-02
 3.34324017e-02 7.81783834e-03 2.99960561e-02 5.72113581e-02
 2.60532685e-02 3.02137434e-02 1.22825876e-02 2.88818069e-02
 9.93983820e-03 1.89522840e-02 4.33955230e-02 3.66209298e-02
 5.68561628e-03 1.73870102e-02 4.17004898e-03 2.90659070e-02
 6.47421181e-02 9.61080566e-03 4.51073647e-02 4.09690030e-02
 1.43754669e-02 1.22011268e+00 4.64161709e-02 2.88980342e-02],0.19177766,[3.72417271e-05 1.06960535e-03 4.70209867e-04 1.15251914e-03
 9.26572829e-04 5.93502074e-04 2.93041021e-03 5.28982282e-03
 6.00579381e-03 2.84228474e-03 2.16373987e-02 2.12383643e-03
 3.39866430e-03 1.84133649e-04 9.20955092e-04 2.37844139e-03
 7.85011798e-04 1.41388550e-03 2.24508345e-04 5.16153872e-04
 2.05204263e-03 5.63312322e-04 1.95760615e-02 1.51276961e-03
 3.33383679e-04 2.18083337e-03 4.90911305e-04 1.03524864e-01
 2.73219123e-03 8.21966678e-04 2.43142247e-03 5.70926815e-04
 3.62404063e-03 1.92848220e-03 1.28449574e-02 2.26128846e-03
 5.70643321e-03 1.68056786e-03 5.17462566e-03 7.79397786e-04
 2.41623074e-03 3.96882370e-03 2.14103609e-03 3.92273068e-05
 1.63267925e-03 8.00076872e-04 1.06242672e-03 9.72712785e-03
 2.65884772e-03 1.01692230e-03 1.00493804e-03 7.55697489e-04
 2.65428796e-03 1.99673682e-01 3.77211720e-04 2.49521807e-03
 7.16734678e-04 2.81205773e-03 1.59926713e-05 1.66887417e-03
 3.44589353e-05 8.17362219e-04 1.90082937e-04 3.22729349e-04
 6.94394112e-04 1.04710788e-01 5.41393831e-03 9.06772912e-05
 1.58019736e-03 2.57600322e-02 5.71615994e-04 7.94831663e-04
 3.32392752e-04 1.21929124e-03 9.80528072e-03 5.13789415e-01
 8.53713229e-03 1.41031295e-03 2.33646631e-01 1.21093881e+00
 1.43756345e-03 9.85696912e-04 6.97746873e-05 3.52794677e-03
 3.29462923e-02 6.44236803e-03 1.52942911e-03 5.93520701e-04
 5.32008708e-04 1.40741840e-02 3.35975364e-03 5.40681183e-04
 1.12701207e-04 8.12847167e-04 2.96980143e-05 4.77329269e-03
 1.86835602e-03 3.29123810e-03 1.18914247e-03 1.10061839e-03
 1.12718977e-02 5.27072698e-04 5.30772991e-02 2.52760388e-02
 6.90419227e-04 3.30001488e-03 1.44223124e-03 1.22476369e-04
 1.66374817e-03 3.87674570e-03 1.27090514e-03 8.12713057e-03
 7.34753907e-04 9.97874886e-04 1.43900514e-03 1.11715868e-03
 2.25843862e-03 2.53728405e-03 2.46241689e-04 3.97268683e-04
 1.16172746e-01 3.05473804e-05 2.49350071e-03 2.55330279e-03
 1.35425106e-03 1.70260668e-03 1.33328512e-03 1.84420496e-03
 9.68793407e-03 5.01622021e-01 8.00160319e-03 2.52276659e-04
 1.26751140e-03 5.28771430e-04 2.26258114e-03 2.14604288e-03
 3.71534377e-04 2.37466395e-03 1.17557123e-03 2.68459693e-03
 8.90720636e-04 1.21872500e-03 2.25845724e-04 1.26797706e-04
 4.59114090e-03 3.87642533e-04 4.63349000e-03 6.14620745e-04
 3.11861187e-03 1.38806179e-03 1.54479519e-01 9.76014882e-04
 3.65354121e-04 5.65304235e-03 6.79232553e-03 7.00745732e-04
 1.89331174e-03 3.38587910e-04 9.08189893e-01 2.32737154e-01
 2.25873160e+00 3.02440673e-03 6.39397651e-04 2.15172768e-04
 1.19829550e-03 1.01091452e-02 6.85848296e-04 1.13730505e-02
 1.14067936e+01 1.75256282e-04 7.77840614e-04 8.07125121e-04
 3.81724872e-02 1.05239451e-03 3.30837145e-02 2.54008919e-04
 1.12606920e-02 1.67030841e-03 7.77958333e-02 8.22637230e-04
 1.75271705e-02 1.26047954e-01 5.54825738e-03 2.83131786e-02
 2.30143219e-03 1.82976201e-03 1.75241381e-04 1.48797408e-03
 4.77696247e-02 2.04034150e-03 9.84602049e-03 1.52088702e-03
 9.89735126e-04 8.15140083e-03 1.24368846e+00 1.66302063e-02
 1.19293109e-03 2.47765332e-04 3.73059884e-03 1.01228058e-03
 1.07807294e-03 7.22859055e-04 6.50704652e-03 1.67300180e-03
 5.80936670e-03 2.03445554e-03 8.18643719e-04 2.24128366e-03
 1.15411967e-01 2.22684443e-03 5.45168296e-03 3.96205485e-03
 5.48351556e-04 1.47845782e-02 7.09563494e-04 1.73503049e-02
 1.94078684e-03 8.14735889e-04 9.57049429e-04 1.95217505e-03
 1.06467754e-02 6.30952418e-04 6.87602907e-04 2.28456408e-03
 1.34218112e-03 6.44266605e-04 2.37520412e-03 3.90069559e-03
 4.34571877e-03 6.70719892e-04 6.41564280e-03 1.57039240e-03
 4.52101231e-04 2.83547118e-03 1.02520324e-02 3.86172906e-03
 1.57986954e-03 3.50544229e-03 3.29092890e-03 3.48784029e-04
 2.35199928e-04 9.61698592e-04 6.02751970e-04 8.01729038e-03
 1.24661997e-03 6.10444695e-04 3.39858606e-03 4.02271748e-04
 2.48437002e-02 4.11437824e-03 2.80032307e-03 9.13161784e-04
 1.42301954e-02 6.24914706e-01 5.06694615e-03 6.97572902e-03],-976.97205,-1009.9273,-1152.6462,0.9997734,1.0077962,0.9816544,0.9255407,15.421274,-13.498138,82.26405,1040.3419,1.7723147,0.30856743,0.15108593,-1035.4839,1035.4839,[1.80264740e+01 9.78314453e+03 1.59140062e+01 2.22806494e+03
 5.39673901e+00 4.23496063e+02 2.82530029e+02 7.83841748e+03
 1.11002842e+04 2.66744702e+03 1.71743271e+02 1.39445923e+02
 5.26660614e+01 3.78706818e+02 1.77409473e+03 2.12963418e+04
 9.94480762e+03 7.34100056e+00 3.84040985e+01 1.87708191e+03
 1.83503815e+02 4.33259857e+02 8.55903613e+03 9.76462988e+03
 4.16073799e+01 9.73959732e+00 1.30619409e+03 1.61725684e+03
 8.87956055e+02 2.21905742e+04 1.15193680e+02 8.44343185e+01
 5.68955029e+03 2.33803857e+03 8.14884033e+01 9.00200348e+01
 3.73991895e+03 1.19502068e+02 4.71162748e+00 1.65844288e+01
 8.28427551e+02 4.37623138e+02 1.63447539e+04 2.88123474e+02
 3.86348438e+03 2.62195215e+03 8.69213257e+02 2.17809677e+00
 3.98128027e+03 8.09928436e+01 5.47614014e+03 2.65688574e+03
 1.18533899e+03 2.77843903e+02 4.86752396e+01 3.63699158e+02
 6.34816040e+02 8.70202271e+02 2.17924658e+03 3.83019629e+03
 3.00532578e+04 1.00528450e+01 5.71650581e+01 1.99189625e+01
 4.23914990e+03 1.36374680e+02 1.08297051e+04 8.81019974e+01
 7.03890747e+02 7.64324829e+02 1.08172412e+03 4.23805771e+01
 2.50490649e+03 1.03977509e+01 1.17147773e+04 2.18687031e+04
 2.10367871e+03 1.74376387e+04 1.21064713e+02 4.26701975e+00
 1.14592188e+04 1.93388733e+03 1.12012378e+03 2.40808929e+02
 2.32494067e+03 1.57325476e+03 5.12134094e+01 6.86676855e+03
 2.08484741e+03 1.01107712e+02 1.92565327e+01 3.39924438e+03
 3.37741547e+02 1.55572388e+02 2.25662817e+03 2.44094055e+02
 8.26605835e+02 2.77982666e+03 1.47647873e+02 2.99445534e+01
 4.52641022e+02 5.44766504e+03 1.81507188e+04 4.13972969e+01
 1.22382950e+02 4.94254150e+01 7.45819397e+01 6.75577011e+01
 2.63354740e+01 9.21004492e+03 5.04148560e+02 1.34017305e+04
 2.85402539e+04 2.06726245e+03 3.81258678e+00 5.06200273e+04
 2.17517656e+04 1.39129456e+02 2.73341370e+02 4.95196648e+01
 1.18876670e+04 1.35964336e+01 1.33007874e+03 1.66275716e+00
 1.04905322e+03 4.84263123e+02 3.63367386e+01 3.05905212e+02
 1.96126770e+02 8.87353210e+02 6.83745289e+00 3.81181122e+02
 2.41255566e+03 6.70933342e+00 1.21349192e+01 4.25000342e+03
 2.26135254e+02 4.56084709e+01 5.11767349e+01 5.97623169e+02
 7.44507629e+02 7.52688675e+01 9.47886353e+01 1.26922989e+01
 1.45663700e+01 6.75060889e+03 2.92340164e+01 9.70104492e+03
 9.55383423e+02 1.21466348e+04 9.28075012e+02 5.47475625e+04
 3.80442266e+04 7.31882666e+03 1.29031921e+02 6.32928650e+02
 2.66737671e+03 7.04412341e-01 5.58252197e+03 3.49471321e+01
 9.98668289e+00 2.55487299e+00 1.55587738e+02 9.59544531e+03
 1.12488955e+04 4.59350250e+02 1.32700720e+03 3.49003410e+01
 4.69995804e+01 4.36720009e+01 5.50898682e+02 1.00709602e+02
 1.83002067e+00 1.48528235e+03 4.80108711e+04 2.89937891e+04
 2.03803076e+03 3.16408752e+02 9.72699341e+02 1.13315372e+01
 8.88394727e+03 5.22197800e+01 4.03464336e+04 1.31201099e+03
 2.37179279e+01 9.76961243e+02 4.10835449e+03 5.35448685e+01
 5.25786499e+02 2.71231750e+02 4.11494751e+01 3.55900659e+03
 1.23529034e+01 1.04721367e+02 1.20321497e+03 1.35213806e+02
 3.90145531e+01 2.19575775e+02 7.69113235e+01 2.89306421e+03
 3.58057969e+04 1.55375098e+04 2.71610748e+02 4.86915466e+02
 1.79813862e+01 5.70499763e+01 2.11051666e+02 2.63127899e+02
 1.22039499e+01 2.33839096e+02 1.01110630e+01 3.10276165e+01
 2.70673676e+01 1.57629272e+03 1.70703435e+00 9.38470032e+02
 4.68411407e+01 4.70152222e+02 5.24532812e+03 8.38256836e+02
 3.78382039e+00 8.71185938e+03 2.55463988e-01 3.49378174e+02
 8.10978317e+01 6.30663910e+01 2.49536209e+01 1.63209839e+02
 2.76008797e+00 1.07074219e+05 1.64830948e+02 2.77160498e+03
 7.48658252e+03 1.70317957e+03 1.19076074e+03 1.74325981e+01
 5.12531616e+02 8.82867432e+00 7.12991797e+03 3.64978467e+03
 3.35257861e+03 2.91442919e+00 7.34315125e+02 5.74211768e+03
 3.84658179e+03 1.66805115e+01 1.76763940e+03 5.96644678e+03
 3.58533828e+04 3.00293732e+01 8.68805078e+03 1.95298648e+00
 2.11339111e+02 8.88950928e+02 1.49896250e+04 3.24253174e+03],6338.3564,[3.80304947e+01 3.83066162e+03 4.39202843e+01 2.32009277e+03
 3.39659643e+00 4.04885590e+02 2.31022537e+02 1.55049688e+04
 1.52343936e+04 1.31341729e+04 2.33470130e+00 1.02096825e+02
 1.70416406e+03 4.81988617e+02 9.90639160e+03 2.31915449e+04
 4.74374463e+03 1.00420914e+01 5.06847305e+01 1.62563379e+03
 8.58263321e+01 4.96792969e+02 1.13525107e+04 7.97668304e+01
 1.12688828e+02 7.88750553e+00 1.54994128e+03 1.97878198e+03
 9.14599243e+02 1.06429639e+04 1.02908112e+02 1.97321548e+01
 5.91106104e+03 3.10646094e+03 2.17024811e+02 1.65185760e+02
 4.85752832e+03 3.26012512e+02 1.72462143e+02 4.30618429e+00
 2.43146820e+02 1.86803137e+03 2.47011426e+04 7.37632141e+01
 2.07091797e+04 1.62123486e+03 4.29677490e+02 1.22701683e+01
 1.19347051e+04 2.02650738e+01 6.64213672e+03 5.73735107e+02
 3.99739532e+02 1.07044907e+02 1.44968536e+02 1.23789543e+02
 4.16134827e+02 8.34598828e+03 1.36420825e+03 1.64589429e+03
 2.97479238e+04 1.51969862e+01 2.21951965e+02 6.34900093e+01
 2.69291321e+02 1.93817490e+02 1.12215459e+04 9.13834457e+01
 4.70147644e+02 1.49503821e+03 4.76008945e+04 3.75859108e+01
 1.20830042e+03 1.94026337e+01 1.17467529e+04 2.17299219e+04
 2.15537720e+03 3.02503613e+04 9.80320053e+01 2.24202499e+01
 1.68849766e+04 2.71231348e+03 1.21881018e+03 3.24061584e+02
 2.01757410e+03 1.49598865e+03 5.10715485e+01 7.13582812e+03
 1.60950891e+03 1.57774445e+02 3.54395819e+00 4.27607959e+03
 3.20593048e+02 1.25169360e+03 3.33486011e+03 1.89922344e+04
 5.65617065e+02 6.91444824e+02 3.04680084e+02 3.55888672e+01
 5.67770996e+02 4.66189746e+03 3.21563477e+04 1.42753959e+00
 1.39399246e+02 1.06229088e+02 1.35455208e+01 9.03153381e+01
 1.11976357e+01 1.21559697e+04 4.84583893e+02 1.44568457e+04
 3.06265254e+04 1.68921643e+03 1.70804749e+01 5.29311484e+04
 1.82152852e+04 5.66765556e+01 7.01663818e+02 9.91206360e+00
 2.29284395e+04 2.88832130e+01 1.31313950e+02 5.38140655e-01
 1.88130566e+03 6.28950806e+02 5.10049667e+01 1.39425003e+02
 1.59934479e+02 1.64247961e+03 1.57281723e+01 4.55704224e+02
 4.62065625e+03 1.41421556e+01 3.22447166e+01 4.32343359e+03
 1.34858780e+02 8.23455582e+01 1.52676086e+02 4.56506561e+02
 1.07874365e+03 1.67765686e+02 1.85768860e+02 4.79682016e+00
 7.98172684e+01 8.41778125e+03 3.95255966e+01 9.84159485e+02
 8.52326172e+02 4.94168555e+03 8.66368225e+02 7.10277969e+04
 8.87476406e+04 1.65019739e+03 1.52927170e+02 6.41634521e+02
 5.64515259e+02 4.47584534e+00 6.59952979e+03 5.42016888e+00
 1.12585335e+01 4.01039810e+01 1.18928543e+02 6.04912842e+03
 1.02911162e+04 2.15878052e+02 8.81629715e+01 7.07823334e+01
 1.70722961e+00 2.74588299e+01 2.68066699e+03 8.03229752e+01
 9.65407104e+01 5.79521118e+02 2.37856328e+04 2.19880938e+04
 2.35115454e+03 1.98567047e+02 1.10302039e+03 2.26094379e+01
 7.31295117e+03 1.30672140e+01 2.69954199e+04 8.96554626e+02
 1.24439735e+02 3.81114594e+02 5.08272559e+03 1.90762711e+01
 1.27224146e+03 5.44365540e+01 1.16140804e+01 4.04137524e+03
 3.43367004e+01 2.66953369e+02 6.51062939e+03 9.84378235e+02
 2.53856716e+01 1.78700061e+03 1.83826813e+02 8.97919434e+02
 3.33865312e+04 8.90400879e+03 2.71216858e+02 3.27727112e+02
 1.93982944e+01 1.56265900e+02 2.60031006e+02 3.30512512e+02
 4.34868145e+00 4.77250793e+02 6.48069334e+00 1.41212530e+01
 3.18548050e+01 2.81187683e+02 5.54513321e+01 7.60842102e+02
 9.44714661e+01 2.86708038e+02 4.02054272e+03 8.24607666e+02
 2.11161804e+02 1.61767559e+04 4.11741447e+00 1.20446259e+02
 5.50429306e+01 2.02350044e+00 4.20043678e+01 2.43937805e+02
 6.77648783e+00 8.35276094e+04 3.90291016e+02 1.19170288e+03
 6.14181934e+03 5.09693750e+03 1.16605615e+03 2.27565384e+01
 1.60375293e+03 1.00452380e+03 2.99521899e+03 1.39704492e+03
 4.00610962e+03 3.32316017e+01 2.10368726e+03 3.39600220e+03
 9.39245312e+03 1.66558014e+02 2.58183618e+03 1.38394082e+04
 2.70217715e+04 2.06207619e+01 2.69904761e+03 6.20158052e+00
 1.18136963e+02 9.06878418e+02 3.21798975e+03 3.74177686e+03],-975.2366,-1056.7523,-1392.2253,1.012403,1.1500506,0.83873725,0.926327,0.01506642879486084,10074.955030202866,0.125,0.125,-0.2417198487455898,-0.00010581425232671904,-0.241728380762638,-0.0001522572914237894,-1.0392176903417278,25.249999999996884,0.0,650000.0,-10.0,-5000.0,500.0,7.524217844009399,650000
1009.5808,0.0553231,0.013963546,0.0017402538,-1009.38586,1009.38586,[6.69449568e-02 2.48872578e-01 2.43480243e-02 4.58442010e-02
 3.91946323e-02 1.37869157e-02 1.26705575e+00 4.36220355e-02
 7.53528252e-02 4.16046754e-02 7.47066200e-01 5.54239228e-02
 7.61630684e-02 3.00572067e-02 3.47428955e-02 1.13563702e-01
 2.77006745e-01 3.46570635e+00 2.81186774e-02 1.45507598e+00
 4.52686548e-02 3.26181054e-02 2.58529425e+00 4.01074439e-03
 1.88841112e-02 7.46566057e-02 7.59484172e-02 3.42101045e-02
 3.45152654e-02 4.50988151e-02 4.70981486e-02 2.96349898e-02
 2.40916759e-01 4.45967354e-02 1.76963247e-02 3.56504656e-02
 6.22028150e-02 4.29915264e-02 3.67792249e-02 5.44560887e-02
 3.92273553e-02 3.87742668e-02 1.04837179e+01 2.24962980e-02
 2.56648153e-01 2.64121965e-02 1.11173868e-01 4.36152518e-02
 4.76229936e-02 1.02052033e-01 4.54549566e-02 5.60219765e-01
 2.48890296e-02 1.62546523e-02 1.04286313e-01 4.46258225e-02
 2.85772458e-02 1.66250840e-02 4.46150675e-02 3.99597362e-02
 2.55416520e-02 1.88412257e-02 5.59722669e-02 1.24569476e-01
 2.80300565e-02 3.63127328e-02 3.67624760e-02 5.48949130e-02
 2.51382962e-02 5.32871604e-01 4.29784060e-02 4.43573333e-02
 4.17394936e-02 6.76776171e-02 3.93899158e-02 8.30592662e-02
 2.37005398e-01 4.66325767e-02 5.14849722e-02 3.65831144e-02
 4.03829217e-02 5.23949414e-02 1.02677375e-01 2.47079134e-02
 3.86058092e-02 2.14831442e-01 2.36946531e-02 6.30276278e-02
 5.04720248e-02 1.19311698e-02 2.15888955e-02 2.23281533e-02
 1.51752383e-02 3.42612900e-02 4.31156904e-02 4.13158573e-02
 7.63902441e-03 1.33084692e-02 4.17511463e-02 1.15148500e-01
 5.45653775e-02 5.46214357e-02 9.52196866e-02 3.79841328e-02
 2.95660831e-02 2.76933052e-02 7.38959610e-02 3.96149792e-02
 4.05395962e-02 1.13608576e-02 2.10939980e+00 1.91108763e-01
 3.97755206e-02 7.07502782e-01 2.32002544e+00 2.25532800e-03
 2.38655880e-02 2.07734406e-01 5.05934991e-02 4.45934422e-02
 8.38449970e-03 2.62331152e+00 3.76828946e-02 1.95104256e-02
 2.33556516e-02 3.05175968e-02 5.82041517e-02 1.68110535e-01
 2.75430270e-02 6.78439438e-03 5.73193617e-02 5.88006452e-02
 4.87989523e-02 5.73040023e-02 3.58904786e-02 4.73666564e-02
 5.96840866e-02 1.34345412e+00 4.52256799e-02 3.60049680e-02
 2.97678895e-02 4.84396704e-02 3.25999744e-02 3.63484211e-02
 3.00467491e+00 3.77973951e-02 5.38152009e-02 2.49156244e-02
 5.86992875e-03 5.87839633e-02 4.27053310e-02 3.89735177e-02
 3.32430378e-02 3.08266915e-02 5.00756502e-02 3.04059601e+00
 2.84768641e-04 1.54059008e-02 1.60831273e+00 9.36636448e-01
 5.20157367e-02 2.36930624e-02 2.27990746e-02 7.50075653e-03
 6.38918281e-02 3.82281914e-02 3.54321301e-02 5.41144982e-02
 1.66528299e-03 4.26563509e-02 5.11470810e-02 2.65380293e-02
 2.92150415e-02 1.80635042e-02 2.26776409e+00 3.81063856e-02
 2.10980810e-02 4.05553356e-02 4.96763736e-02 5.15135109e-01
 4.37606610e-02 5.51084056e-02 6.12617470e-02 1.61563233e-02
 7.30317712e-01 6.26681224e-02 1.22719482e-02 5.04628308e-02
 9.16257501e-03 1.76248312e-01 5.06441928e-02 6.13355935e-01
 4.54534031e-02 9.20016319e-03 4.23825756e-02 4.51784208e-02
 3.78202833e-02 5.79515770e-02 2.45507136e-02 3.43141705e-02
 1.08504668e-02 7.64723122e-03 1.90421343e-02 2.46068805e-01
 1.19326973e+00 3.52637246e-02 5.87013364e-02 4.73112017e-02
 5.42829782e-02 2.91052163e-02 3.16661969e-02 8.90208781e-02
 4.21531685e-02 3.12160142e-02 2.39617415e-02 6.32399693e-03
 3.12229879e-02 4.42164019e-02 2.67909802e-02 3.11427750e-02
 2.55639032e-02 3.58414084e-01 3.97591628e-02 3.03412750e-02
 3.54168192e-02 4.00901809e-02 9.69964266e-03 2.36931331e-02
 3.31803039e-02 1.36162796e+01 7.71929175e-02 4.91650403e-02
 3.95165756e-02 3.40183564e-02 5.28665073e-02 4.62490368e+00
 5.20245805e-02 3.61182764e-02 9.39178839e-03 2.04808451e-02
 5.68503514e-02 1.01093128e-01 3.69735397e-02 3.24749947e-02
 2.79469490e-01 4.96940762e-02 4.30061407e-02 4.31348830e-02
 7.16170013e-01 1.11501589e-01 4.90509570e-02 4.10947986e-02
 1.29333511e-02 7.26064801e-01 2.02316195e-02 1.56610087e-02],0.21301252,[3.48714367e-03 1.53629556e-02 8.82984698e-03 9.44276527e-03
 1.05148032e-02 3.57279927e-03 3.31977494e-02 3.31583992e-03
 7.88526535e-02 7.17902556e-03 1.10636391e-02 1.33738294e-03
 9.18517262e-03 3.08708102e-03 6.45012408e-03 1.46485865e-02
 8.72277096e-03 4.18014824e-04 7.83780217e-03 6.39138371e-03
 7.88438693e-03 4.35601547e-03 3.78528237e-03 5.99855557e-03
 3.35860997e-03 9.47703421e-03 4.11633588e-02 5.16290963e-03
 3.83529812e-03 7.92133808e-03 2.63348967e-03 4.87545505e-03
 3.29971313e-03 2.20549479e-03 4.84148413e-03 1.21002086e-02
 5.59521466e-03 1.05105676e-02 6.50169328e-03 4.87980992e-03
 2.69020349e-03 6.31868839e-03 1.57186925e-01 6.63024560e-03
 9.04602185e-03 1.55963004e-03 1.26797944e-01 9.47538018e-03
 8.48688558e-03 8.07750970e-03 8.93989950e-03 4.27896157e-03
 5.87677956e-03 4.08307984e-02 1.79721788e-02 7.83348456e-03
 1.37624331e-02 2.03974918e-03 6.23781234e-04 1.38319209e-02
 2.44778767e-03 6.88498095e-03 1.04776807e-02 3.24944556e-02
 4.17289510e-03 2.83161551e-03 5.76097518e-03 1.52252503e-02
 9.61378217e-03 1.28249563e-02 1.03978850e-02 5.28784096e-03
 9.54881310e-03 7.97963589e-02 6.81107119e-03 7.81543553e-03
 5.08457184e-01 2.18338147e-02 1.74343586e-03 9.38716531e-03
 4.36492264e-03 1.32322796e-02 4.24942076e-02 6.88739121e-03
 9.93140042e-04 1.74138695e-03 6.92814961e-03 1.55902207e-02
 2.84833089e-03 1.92305818e-03 8.07262957e-04 1.04931742e-03
 1.93755701e-03 6.63769618e-03 4.99406829e-03 9.42823663e-03
 9.91760567e-03 1.00234523e-03 9.21991840e-03 5.68843037e-02
 2.82219425e-03 8.96699727e-03 1.55272782e-02 6.19578734e-03
 1.15299821e-02 8.33904743e-03 3.46348658e-02 1.06779672e-02
 5.09358943e-03 1.17288902e-02 8.03260878e-03 2.99992040e-03
 4.08906490e-03 3.87143373e-01 7.59033799e-01 5.31391054e-03
 3.79028916e-02 1.22570433e-02 8.70861113e-03 7.82728940e-03
 4.67244536e-04 3.50362808e-03 6.68438151e-03 3.76868993e-03
 3.09798867e-03 3.17087770e-03 4.91962582e-03 1.48788467e-03
 2.99800932e-03 7.05439597e-03 2.74926424e-03 1.48225576e-02
 9.03735310e-03 1.64708085e-02 6.52367249e-03 2.68287957e-03
 1.03202835e-02 2.22888961e-02 6.65853173e-03 6.65724277e-03
 5.71313500e-03 1.25986710e-02 8.33619013e-03 5.97526133e-03
 6.66914135e-03 2.71818787e-03 8.80888104e-03 2.48453394e-03
 8.16166401e-04 1.05144083e-02 3.81589681e-03 6.69509172e-03
 8.39675963e-03 5.00309840e-03 3.86840105e-03 3.94063640e+00
 3.68634239e-03 3.62077355e-03 4.97956946e-03 3.99653256e-01
 4.32021916e-03 2.85927206e-03 2.46222690e-03 3.84835154e-03
 1.03708282e-02 4.81785834e-03 6.37159497e-03 1.45665407e-02
 2.18171626e-03 6.35273755e-05 2.84459926e-02 4.74467874e-03
 2.91333348e-03 2.72169709e-03 5.56845963e-02 1.56334229e-02
 2.82616168e-03 4.78570536e-03 1.04265846e-02 5.68250418e-01
 2.31855214e-02 5.17982990e-03 3.38466465e-03 7.60245696e-03
 9.26722586e-03 9.27785411e-03 1.89595297e-03 1.64527446e-03
 3.42241302e-03 1.40394121e-02 6.32701069e-03 3.44699502e-01
 1.15525275e-02 1.99416168e-02 7.63657689e-03 3.68300825e-03
 6.06246293e-03 1.31287612e-02 8.24916735e-03 9.11075622e-04
 7.17557967e-04 8.62065703e-03 8.99733976e-03 1.21896639e-01
 3.71630490e-03 3.28356400e-03 9.33087245e-03 9.33271646e-03
 1.70035101e-02 9.35629010e-03 8.00595433e-03 9.75780562e-03
 9.39515978e-03 3.60054523e-03 3.07669118e-03 3.22295725e-03
 4.44341078e-03 4.06002998e-03 8.12353566e-03 7.57528841e-03
 4.70054522e-03 1.97910145e-03 6.38506189e-03 6.43374398e-03
 1.22144967e-02 6.65790588e-03 8.26108828e-03 3.56663764e-03
 4.99895960e-03 1.00800171e+01 1.88757926e-02 7.72739202e-03
 7.15007260e-03 9.67002660e-03 1.00171939e-02 1.14759588e+00
 9.13319737e-03 8.05637613e-03 8.55423510e-04 6.15036860e-03
 1.25298142e-01 6.13208115e-02 9.64434817e-03 7.60138035e-03
 4.24623489e-04 2.51584128e-03 4.11564112e-03 7.31003284e-03
 1.38998240e-01 7.50408471e-02 1.35149062e-03 4.66052070e-03
 1.07717887e-03 1.24235190e-02 3.16319242e-03 6.81111962e-03],-974.63214,-1010.6238,-1191.9705,0.9998876,1.0152011,0.99677706,0.9255491,18.20126,-9.238707,89.59483,1039.2141,1.6280034,0.3469448,0.1539038,-1034.1167,1034.1167,[4.50910583e+02 1.06784470e+02 4.43818054e+02 2.99017029e+01
 2.42659351e+03 1.82517822e+02 2.59212329e+03 1.81404961e+04
 1.16852734e+03 7.11649756e+03 1.96345490e+02 8.43299389e+00
 3.53597879e-01 7.49315247e+02 1.47474155e+01 1.62486602e+04
 3.56170273e+01 2.45316772e+02 7.14558315e+00 4.97191895e+03
 4.18171406e+00 3.17291309e+03 1.59370087e+02 2.22394849e+03
 1.59237289e+02 4.98060078e+04 1.32068634e+01 5.20442041e+03
 3.52790680e+02 7.67222061e+01 4.19869566e+00 1.83057871e+04
 3.03499072e+03 5.21874727e+04 1.15559531e+04 3.54222834e-01
 2.94562852e+04 2.64244160e+04 1.27460012e+01 1.01856221e+04
 4.66417427e+01 7.74495557e+03 1.83317021e-01 4.62328377e+01
 1.18662139e+04 1.27356461e+02 1.57213104e+02 7.88724609e+02
 7.58250928e+03 3.13889648e+03 2.19722137e+01 6.31786523e+03
 6.69423447e+01 4.54577103e+01 9.70152930e+03 1.46865149e+03
 7.92693939e+01 1.59063599e+02 3.02100086e+01 8.55642822e+02
 2.26489023e+04 3.04783130e+03 6.65523242e+03 8.56532227e+02
 2.55489160e+03 1.34545723e+04 2.37302461e+04 1.13782326e+02
 1.29404602e+01 5.26133895e-01 8.74545212e+01 1.12896362e+03
 1.03638220e+01 1.07228445e+05 1.55625553e+01 2.02535828e+02
 2.39899788e+01 2.54599194e+03 1.01844482e+03 6.55033105e+03
 5.73933105e+02 3.82266968e+02 3.43795204e+00 3.29689941e+02
 4.18476807e+03 9.22141479e+02 2.76584206e+01 1.93290645e+04
 4.91528381e+02 5.25403381e+02 1.59242275e+04 3.16643963e+01
 2.90496613e+02 2.93627393e+03 2.08408594e+03 6.87860779e+02
 2.86372925e+03 8.16116047e+00 7.50370557e+03 2.26808071e+01
 1.93295691e+03 4.63157166e+02 3.39018524e+02 3.16010971e+01
 3.60349634e+03 3.76228955e+03 1.86085669e+03 4.19027588e+03
 1.39770269e+00 3.99993683e+02 2.80888496e+04 8.70072461e+03
 6.12127647e+01 4.99081543e+02 1.95091457e+01 2.26416138e+02
 1.35124802e+02 2.38209209e+01 2.74729228e+00 4.22223779e+03
 9.52799034e+00 7.33303833e+01 6.28219528e+01 2.86004059e+02
 3.07296816e+04 1.77093842e+02 1.86331958e+03 7.66643000e+00
 5.90845776e+00 7.00617676e+02 4.15875483e+00 1.57063721e+04
 9.42924118e+01 3.69657446e+03 2.75427673e+02 8.57916832e+00
 4.71475732e+03 3.06043976e+02 7.26567480e+03 8.55224762e+01
 7.63332825e+01 2.72478711e+03 2.95577588e+03 6.97440918e+03
 1.46645691e+03 1.60299263e+01 1.33357697e+02 2.42110729e+01
 3.56761627e+01 1.55451069e+01 3.45042450e+02 2.20671055e+04
 4.41310469e+04 2.64660669e+03 1.21515970e+01 7.06643295e+00
 1.67626305e+01 4.23477881e+03 7.19252548e+01 3.52870312e+03
 1.51497937e+03 1.99608379e+04 1.83292953e+02 5.02590942e+01
 7.47683029e+01 6.02936935e+01 4.61230431e+01 6.69980347e+02
 3.16673120e+03 2.20094193e+02 9.66867676e+01 3.06718555e+03
 3.03430005e+03 2.05828400e+02 7.05789661e+00 5.32679871e+02
 3.04442139e+01 1.48923836e+01 8.93703027e+03 8.08491325e+00
 4.50509071e+01 2.09686340e+02 2.33428848e+02 1.13154770e+02
 2.42418427e+02 1.21060109e+00 1.25851025e+03 1.31121721e+01
 5.48183438e+04 3.42007751e+01 5.40589828e+01 4.56599236e+01
 2.91730420e+03 2.03868198e+00 1.17966382e+03 8.86061859e+00
 3.95182373e+02 1.45317798e+03 6.91304874e+00 1.17370253e+01
 8.53171875e+03 1.68517418e+01 2.47700781e+03 1.08003516e+03
 1.26449922e+04 1.99031482e+03 1.07042908e+03 3.28189397e+00
 2.36873960e+00 4.09057251e+02 5.14625879e+03 1.24611900e+02
 4.28077930e+03 3.02333789e+03 2.16560059e+04 3.96608734e+01
 1.83921722e+02 5.68407275e+03 5.35473137e+01 1.69870865e+02
 1.09175583e+02 1.99260193e+03 1.80199909e+01 4.83438184e+03
 6.53184271e+00 1.00736658e+03 1.24907458e+03 2.14810693e+03
 3.53010791e+03 4.53112030e+00 3.49990088e+03 1.38112744e+03
 4.24606836e+03 4.55922266e+03 1.05939912e+04 8.77936484e+04
 5.30543945e+03 2.08573071e+03 4.20551262e+01 4.56370201e+01
 1.97271164e+02 4.99889014e+03 4.93414032e+02 9.94645215e+03
 7.19237328e+00 2.70306454e+01 7.69786719e+03 1.60786969e+05
 1.03563446e+02 2.66171758e+04 2.26202660e+01 1.10369637e+02
 7.02022119e+03 4.34617305e+04 4.04093506e+02 7.79696808e+01],8117.2524,[3.40870087e+02 1.20533371e+00 4.16686523e+02 1.50497351e+01
 6.91730420e+03 2.57310010e+03 2.91917285e+03 2.87655039e+04
 1.95315845e+03 1.29239856e+03 9.12282257e+01 9.59335685e-01
 7.63391018e+00 1.26816551e+02 3.03151073e+01 1.67918398e+04
 5.33424950e+01 8.05478149e+02 1.02583103e+01 8.61647461e+03
 1.01190126e+00 5.14979980e+03 2.15836609e+02 3.27111914e+03
 4.70928612e+01 4.23633750e+04 6.64167881e+00 9.86767578e+02
 4.86435303e+02 6.14221268e+01 1.55022535e+01 4.98241797e+04
 5.29517139e+03 3.15744531e+04 2.26081836e+04 7.71019840e+00
 2.92137188e+04 1.99000273e+04 4.55400515e+00 9.29329199e+03
 8.81346321e+00 3.97570142e+03 2.20883265e-01 9.70098853e-01
 1.06878906e+04 1.90441849e+02 8.54330933e+02 5.96289978e+02
 2.43601855e+03 3.09425977e+03 2.49605885e+01 2.85814136e+03
 8.46931992e+01 2.49819122e+02 1.86508828e+04 1.28953052e+03
 6.40162354e+01 1.98810074e+02 2.86749359e+02 3.11380371e+03
 2.65128887e+04 1.82493066e+03 7.81076465e+03 4.62234406e+02
 1.54025415e+03 1.55835664e+04 2.71427109e+04 1.35567932e+02
 6.36944675e+00 5.42802811e+00 1.88012405e+02 1.36903174e+03
 1.56694114e+00 1.45154125e+05 3.33589911e-01 1.09557190e+02
 1.13073433e+02 1.64246621e+04 1.18771387e+03 7.65902148e+03
 3.29901855e+02 4.51206055e+02 2.10084896e+01 6.44790527e+02
 4.59533398e+03 1.15309717e+03 4.99448166e+01 2.01527910e+04
 4.55263306e+02 7.94399292e+02 1.27846104e+04 1.96809635e+01
 1.64588232e+03 1.12790850e+04 2.01992102e+03 9.39506165e+02
 2.24130322e+03 2.04049325e+00 9.85169922e+03 2.36339207e+01
 2.43751831e+03 5.58959595e+02 4.61311279e+02 3.18856168e+00
 1.20479492e+03 4.78948975e+03 2.55416553e+03 3.61373999e+03
 5.08379459e-01 3.30217285e+02 2.82164766e+04 6.35283301e+03
 1.07538895e+02 4.31698914e+02 4.14767551e+00 2.03461304e+02
 1.06273521e+02 4.20590096e+01 1.48613701e+01 5.14536426e+03
 1.56899672e+01 2.45303986e+02 5.49955215e+01 1.16684647e+02
 3.17267695e+04 1.93107567e+01 1.77793115e+03 2.01580048e+00
 1.01317606e+01 1.58463318e+03 4.71598434e+00 1.88491074e+04
 1.50362564e+02 3.50645801e+03 5.12229431e+02 9.16747570e+00
 2.20298145e+03 6.47690506e+01 1.44229434e+04 5.80265656e+01
 8.97383308e+00 3.27819775e+03 3.12902832e+03 5.28063965e+03
 2.39106982e+03 1.31451683e+01 2.15578827e+02 3.64836645e+00
 5.09779129e+01 3.69817805e+00 6.41052673e+02 2.54333438e+04
 3.18600879e+04 1.66325000e+03 2.46939735e+01 5.77186928e+01
 8.42042351e+00 4.85106738e+03 5.02506332e+01 4.19886865e+03
 2.13637720e+03 1.45150117e+04 9.65180206e+01 1.02622156e+01
 7.89192963e+01 7.32587814e+00 7.80466690e+01 9.28028381e+02
 1.95782361e+03 5.47848755e+02 2.23864960e+02 3.52118262e+03
 1.88990059e+04 3.15044434e+02 1.63417473e+01 4.35431091e+02
 2.93203163e+01 2.54189491e+00 6.79639648e+03 9.80579376e+00
 1.26666574e+01 9.60380707e+01 2.83238068e+02 4.62511902e+01
 2.15799347e+02 1.86105955e+00 9.38891785e+02 7.44792938e+00
 5.55808750e+04 1.68597327e+03 9.68493164e-01 5.31181679e+01
 2.98950635e+03 1.11045265e+01 1.68182605e+03 1.03125477e+00
 4.00072974e+03 2.76789307e+03 6.70357323e+00 7.57671890e+01
 1.58484648e+04 7.07451630e+00 2.46434601e+02 8.33213257e+02
 1.32784150e+04 1.73726184e+03 3.85646179e+02 3.01213765e+00
 5.57243347e+00 9.64084595e+02 6.16462793e+03 7.19882584e+01
 1.43400415e+03 1.43787646e+03 3.03678828e+04 1.25805311e+01
 1.99402191e+02 4.64835059e+03 2.23480358e+01 2.78987503e+01
 1.49881683e+02 1.66989111e+03 2.57041283e+01 5.33800342e+03
 1.57295179e+01 4.73469116e+02 9.08636475e+02 2.85490942e+03
 3.07886353e+03 5.88580608e+00 3.85228662e+03 2.22509692e+03
 2.12212109e+03 6.33020801e+03 5.86143701e+03 1.04406398e+05
 5.29670264e+03 1.18957666e+03 5.09676857e+01 2.22154598e+01
 4.73145844e+02 4.87900537e+03 4.35603149e+02 4.03486572e+03
 3.05676880e+02 1.99720291e+02 1.10011572e+04 2.32857906e+05
 4.54049568e+01 2.52118145e+04 4.18131180e+01 8.32972870e+01
 1.67566235e+03 6.49701172e+04 3.73512238e+02 2.09561424e+01],-974.86414,-1063.5029,-1409.2649,0.999341,1.1075635,0.8074999,0.9254216,0.015717291383743285,10467.887328863144,0.125,0.125,-0.2416156030312701,0.0006237365308587834,-0.241581335980806,0.0006080466255221223,-1.0379460855027551,25.249999999996884,0.0,675000.0,-10.0,-5000.0,500.0,7.377945423126221,675000
1009.7056,0.052759778,0.021045437,0.0016388383,-1009.4424,1009.4424,[2.37277299e-02 2.62572914e-02 9.07932594e-03 9.15318727e-04
 2.01720744e-02 1.06910802e-02 1.40689164e-02 5.62224537e-03
 7.95723051e-02 2.77288258e-02 1.23170204e-02 4.53268170e-01
 6.53694049e-02 3.42744142e-02 2.43582204e-03 2.74772942e-03
 2.61219926e-02 2.36323550e-02 1.39819868e-02 2.09642202e-03
 3.39388490e-01 9.20999795e-04 3.97267975e-02 9.58579779e-02
 1.77756697e-03 1.18953502e+00 1.24452300e-02 8.21033865e-03
 1.29249878e-02 7.55451471e-02 2.30297185e-02 6.96722418e-03
 1.43924728e-02 1.04731955e-02 1.06008649e-02 1.46296769e-02
 9.85196382e-02 1.36925466e-02 2.92026043e+00 1.40638687e-02
 1.60405785e-02 2.55118579e-01 6.61231950e-03 2.76631504e-01
 1.24029852e-02 1.30313821e-02 6.58967271e-02 1.08939409e-02
 1.50215775e-02 4.22262698e-02 1.01890750e-02 1.04665831e-02
 1.42996199e-02 1.35180056e-02 1.15836151e-02 1.84171870e-02
 2.64548808e-02 8.85460526e-03 9.14624929e-02 1.64289661e-02
 1.00470734e+00 6.06240332e-02 2.80410528e-01 1.22226775e-02
 1.25865415e-02 4.20083478e-03 1.71349421e-02 1.37878545e-02
 6.17839769e-03 1.73627809e-02 3.23703028e-02 1.51107647e-02
 9.58202034e-03 1.40137747e-02 3.02857065e+00 2.59545445e-03
 2.55973674e-02 1.33211032e-01 2.56708264e-03 6.30310923e-03
 1.02701969e-02 3.25234473e-01 8.36804882e-03 2.60662138e-02
 1.55168213e-02 5.47801331e-03 4.06501442e-03 1.25587136e-02
 2.40819193e-02 1.13418885e-02 2.92167544e-01 6.18633080e+00
 1.33795583e+00 1.69198103e-02 2.27648765e-02 5.33440709e-03
 1.31943971e-02 7.48135522e-03 1.38405710e-03 1.21732093e-02
 2.14885354e+00 3.57323885e-02 8.49948078e-03 2.45603472e-02
 1.84980407e-02 8.68057087e-03 2.36048847e-02 4.44074050e-02
 1.84961148e-02 1.84306055e-02 1.36833861e-02 1.63585879e-02
 8.33965093e-03 6.45327941e-03 2.31025517e-02 4.81547415e-03
 1.54589489e-02 1.48973644e+00 6.34882227e-03 3.09837051e-02
 2.31585279e-02 8.28413010e+00 4.19179499e-02 1.42815709e-02
 1.76086500e-02 5.03667630e-02 1.54543424e+00 4.75332737e-02
 8.92765820e-04 4.92327698e-02 1.83886476e-02 2.06435062e-02
 8.84820819e-01 1.71902776e-02 1.46280813e+00 1.36550255e-02
 3.32671791e-01 1.58060379e-02 4.62020189e-02 7.30045140e-04
 3.15190107e-02 2.66053714e-02 5.06620482e-03 9.05705243e-03
 9.15062800e-03 2.58645490e-02 1.95321813e-02 1.72540434e-02
 2.78074481e-02 2.26096064e-03 9.57408965e-01 4.51980904e-03
 2.64839232e-02 1.11681223e-03 4.84540939e+00 2.07670406e-02
 2.60948129e-02 1.33950263e-02 6.77006319e-03 5.24394587e-03
 1.87810212e-01 9.43512097e-03 7.04777241e-03 2.00854331e-01
 5.99034131e-03 1.68280751e-02 8.45797360e-03 3.13143916e-02
 5.38639164e+00 1.42565060e+00 9.18086147e+00 2.86717713e-03
 2.92607594e+00 2.43678428e-02 2.35748604e-01 1.96427293e-02
 8.91532376e-03 1.80766657e-02 4.00794625e-01 9.80940834e-03
 2.78673840e+00 4.75285500e-01 2.84434445e-02 1.44802332e-02
 1.45398267e-02 5.42731956e-03 1.92586482e-02 1.40727796e-02
 9.77420807e-03 7.19012693e-03 9.02928412e-04 1.54913254e-02
 4.32647049e-01 1.84399620e-01 1.18139423e-02 6.14446774e-03
 9.51260701e-03 1.39665380e-02 2.16050482e+00 1.25421025e-02
 1.07736923e-02 4.02714312e-03 1.15566999e-02 4.34644558e-02
 1.98538043e-02 2.15893507e+00 1.61231346e-02 1.03694272e+00
 1.12790614e-02 9.48590785e-03 9.29422677e-03 6.50485098e-01
 6.70746341e-03 7.67446309e-03 2.67966464e-02 2.12868005e-02
 1.36970170e-02 2.27967650e-02 3.18782404e-03 3.53005864e-02
 7.69679844e-02 1.86179414e-01 2.24460997e-02 2.66583443e-01
 3.29366699e-03 1.47445872e-02 6.33531809e-03 4.31306660e-02
 6.62300736e-03 1.05379298e-02 1.12014785e-02 5.75263798e-03
 4.14850488e-02 2.39373103e-01 2.58960761e-02 5.43566421e-03
 7.55669177e-03 1.60923339e-02 3.09664980e-02 1.64386705e-02
 1.82597458e-01 2.31891014e-02 1.44862682e-02 1.65322460e-02
 2.21063569e-03 3.02430439e+00 1.27189532e-02 1.44644417e-02
 1.16830803e-02 3.36719826e-02 3.42041314e-01 2.06881203e-02
 1.57744437e-02 3.81395966e-03 3.56600769e-02 2.29471661e-02],0.36917597,[2.20812857e-04 3.34228575e-03 7.40963966e-04 6.16610050e-04
 3.72707844e-04 2.64498964e-03 6.77693635e-03 6.66624308e-03
 2.38700695e-02 6.21983781e-03 6.20126724e-04 1.57006085e-03
 4.49009240e-04 8.13845545e-04 9.10628587e-04 1.83437206e-02
 6.55207410e-03 2.03428417e-03 2.75287777e-03 3.95702198e-03
 7.44856894e-04 1.38854124e-02 3.98476273e-02 8.83403271e-02
 1.21938065e-03 1.46327652e-02 1.78244710e-03 1.77680925e-02
 2.12274864e-03 6.81228191e-03 1.50278211e-03 6.00681454e-03
 1.69971585e-03 1.08617321e-02 1.43392757e-03 1.08168460e-02
 3.53570729e-02 7.69443810e-03 3.51645052e-04 6.09964877e-03
 7.39756972e-04 3.10486794e-01 1.79441646e-03 9.27750021e-04
 4.12086621e-02 2.61981040e-03 2.11428553e-02 5.95575310e-02
 2.66425684e-03 1.19235367e-01 8.19954649e-03 4.05712426e-03
 1.65337697e-03 2.85325199e-03 2.55897641e-03 2.14532763e-03
 9.50593501e-03 2.26709619e-03 6.08880073e-04 1.77306682e-03
 2.66068056e-03 6.89589530e-02 4.62891519e-01 8.93510878e-04
 2.33443454e-03 3.24578956e-03 4.21954691e-03 6.34737313e-03
 1.86551362e-03 1.87768117e-02 3.15837637e-02 8.57112557e-03
 1.35176256e-03 4.00874764e-04 7.60737807e-04 1.43235959e-02
 7.19584525e-04 1.67182237e-02 2.10478902e-03 4.17150557e-03
 5.44185191e-03 1.36274844e-04 4.36569750e-03 8.00170004e-04
 5.48603013e-03 2.47335806e-03 1.53984129e-02 2.14398094e-02
 1.15166642e-02 2.12812796e-03 2.17166916e-02 1.59561634e-03
 2.54098326e-03 1.72676519e-03 2.23765150e-03 5.50166145e-03
 2.56348401e-03 5.62921166e-04 9.47453082e-04 1.25616938e-02
 7.98541784e-01 1.62364542e-03 2.99150832e-02 1.98379159e-04
 9.99666750e-04 3.45818140e-02 8.18762928e-04 8.55666250e-02
 1.53595209e-03 1.02210790e-03 2.76342034e-05 2.65408307e-03
 4.79169190e-03 2.89654918e-02 1.76257193e-02 1.23534352e-03
 1.84003264e-03 1.55572319e+00 6.78808242e-03 1.44317746e-05
 3.25925648e-04 4.59295399e-02 1.04258209e-03 2.98096612e-03
 2.05609947e-04 3.25416401e-03 2.99874693e-03 2.77853757e-03
 2.02124193e-03 4.27518040e-03 1.06336549e-02 1.59627572e-02
 4.27339226e-04 3.51015478e-03 3.32757570e-02 1.71008781e-02
 1.72393806e-02 1.27846748e-03 5.40790707e-03 3.61710787e-04
 1.59064308e-03 5.15382364e-03 1.66544691e-03 5.60209528e-03
 2.45530158e-04 8.37499648e-03 3.95331532e-04 3.56397778e-03
 5.64614311e-03 7.66105950e-04 6.27896935e-02 1.68900564e-02
 3.67053226e-03 3.95495445e-04 1.45243466e-01 2.88676098e-03
 1.99878588e-03 5.27538359e-04 1.25103071e-03 1.91550329e-03
 8.38525593e-05 3.01827490e-03 3.55330855e-03 9.72981229e-02
 1.71402469e-03 9.56002623e-04 3.73259187e-03 2.25051120e-03
 2.15771222e+00 1.65063813e-01 3.23056984e+00 3.55258957e-03
 4.02821787e-02 2.02755816e-02 3.51374745e-02 5.23135439e-03
 5.03058732e-03 3.89553607e-04 1.50161162e-02 5.53281978e-03
 1.61326447e+01 1.44715607e-03 1.00059994e-02 1.91246346e-03
 2.66249478e-03 7.13855028e-03 3.44343483e-04 1.04431063e-03
 8.64215195e-04 1.64385512e-03 2.92793661e-03 1.76347047e-03
 2.80500698e+00 8.75930488e-02 9.41548496e-04 1.65769830e-03
 4.66801226e-04 2.22506002e-03 3.21155167e+01 2.16888264e-03
 4.82577831e-03 1.37606896e-02 1.48203447e-02 5.65016456e-02
 1.25277638e-02 5.76687604e-02 5.56834042e-04 3.87244299e-03
 1.62634999e-02 2.04675272e-03 1.09826662e-02 5.60793400e-01
 2.60261446e-03 5.77695668e-04 2.77973711e-04 4.95977700e-04
 6.24552369e-03 2.33275443e-02 3.76788527e-03 2.28287652e-03
 1.65325180e-02 1.07647479e-03 1.37127936e-04 5.08558750e-03
 6.51455671e-03 9.74480063e-04 3.19040567e-03 1.10964663e-02
 3.21021676e-03 2.06992775e-03 3.53801996e-03 1.52871683e-02
 3.20409127e-02 4.59142029e-05 5.14902174e-04 9.85778868e-04
 6.22900203e-03 6.03971258e-03 1.57747418e-03 1.60005689e-03
 1.65815413e-01 5.87581471e-03 7.70360231e-04 1.72171742e-03
 1.23260207e-02 1.16530180e-01 3.48905101e-03 1.19449571e-03
 2.43693590e-03 1.21640041e-03 1.38783455e-02 2.73585469e-02
 3.10633332e-03 1.97861344e-03 1.80430710e-04 8.83999839e-03],-972.7461,-1011.37225,-1168.2441,1.0000198,1.0516145,0.9966221,0.9255581,32.558548,-25.007328,143.76216,1039.9241,1.9209341,0.35390794,0.16321237,-1034.4641,1034.4641,[9.75693817e+01 7.87902308e+00 4.94158401e+01 6.58965912e+01
 4.71894455e+00 1.64128189e+02 1.00776434e+01 4.04322662e+01
 6.67231104e+03 8.17327423e+01 2.32269897e+03 5.71753984e+04
 3.18466211e+03 2.15393963e+01 7.41622467e+01 2.99784050e+01
 4.02462769e+01 9.96102441e+03 5.08585059e+03 7.77907324e+03
 8.63149490e+01 7.04522552e+01 8.00481982e+03 9.60097408e+00
 1.60132103e+01 1.14418526e+02 4.65989044e+02 2.82455788e+01
 7.88863281e+02 1.09743462e+02 3.56309509e+01 1.12256201e+03
 3.53058586e+01 1.15734778e+03 9.74728516e+03 1.09446045e+02
 6.26317322e+02 2.51950150e+01 6.04197769e+01 3.52859326e+03
 1.47284576e+02 2.51576653e+01 6.37817955e+01 2.44281543e+03
 4.57316406e+02 1.00199622e+03 5.48590137e+03 3.16917343e+01
 2.78053711e+02 1.04721875e+03 2.12838789e+04 2.60160084e+01
 4.58404999e+01 1.22541846e+03 2.86890697e+01 4.08226490e+00
 2.40438614e+02 1.55830414e+02 1.43263733e+02 2.77752960e+02
 1.53651221e+03 5.01694717e+01 1.00249127e+03 3.66682648e+02
 3.54709206e+01 1.53146124e+01 9.40328293e+01 8.89798828e+03
 3.00391663e+02 1.22686834e+01 1.13837471e+02 4.68883301e+03
 3.26468203e+04 4.87633154e+03 1.67912578e+04 1.20524664e+05
 2.55986816e+03 4.32181787e+03 1.45723071e+03 1.94579964e+01
 3.48677185e+02 1.73241318e+02 1.31616016e+03 1.31582092e+03
 2.03552277e+02 9.53451767e+01 3.59779205e+01 5.28193283e+01
 1.10069763e+03 3.00251123e+03 8.54331017e+00 3.63223000e+01
 3.72789124e+02 1.82110382e+02 7.10982752e+00 1.16617119e+04
 2.71352246e+03 4.95733594e+03 6.35907898e+01 2.24279810e+03
 1.33739746e+02 2.19892616e+01 4.13462944e+01 1.31266739e+02
 9.36136932e+01 1.97298816e+03 2.73882385e+02 8.82270020e+02
 3.20478363e+02 1.20089783e+02 1.01477568e+04 6.16134102e+04
 1.43521585e+01 2.69419169e+00 2.15874121e+04 1.35243613e+04
 9.57333887e+03 6.58167773e+03 3.30162735e+01 3.62203932e+00
 1.68042030e+01 2.96817535e+02 4.74943799e+03 2.61034946e+01
 4.65154205e+02 5.74457153e+02 5.70225067e+01 1.59790277e+01
 6.75317307e+01 4.38075867e+01 1.31021460e+03 5.43703760e+03
 3.54562775e+02 1.32305762e+03 5.64352539e+02 7.31800842e+02
 8.67065979e+02 1.03053579e+01 1.06595332e+04 5.50342383e+03
 1.30037285e+04 1.19081207e+02 1.59605713e+01 3.87233246e+02
 3.87422905e+01 1.52211256e+01 2.19851208e+01 1.03015846e+02
 6.40988047e+04 1.43242783e+02 4.06613037e+03 1.52079268e+04
 2.15420508e+03 1.94475293e+03 9.54563046e+00 5.26526318e+03
 3.96963696e+03 9.49221680e+02 3.90727959e+01 1.23053545e+04
 1.44002124e+03 8.97327881e+01 1.55446582e+03 1.35054175e+03
 9.65896606e+01 5.22879333e+02 2.89141719e+04 1.60104790e+01
 2.24611740e+01 1.51297714e+02 1.36411095e+00 1.16708138e+02
 1.91774197e+01 2.49932959e+03 1.30020801e+03 1.20700706e+02
 5.85417891e+04 1.66060801e+04 9.74192383e+02 8.16329712e+02
 3.85235400e+03 2.21570044e+03 8.59645767e+01 1.26821211e+04
 1.21863354e+03 3.81513647e+03 3.52617302e+01 3.32157739e+03
 9.90516797e+03 1.63831730e+01 2.59651108e+01 1.85834312e+00
 9.13722290e+02 6.53249316e+03 7.06357910e+02 2.24828839e+00
 5.11917633e+02 2.05403118e+01 7.47594604e+01 2.18019482e+03
 5.25658057e+03 1.06135571e+03 1.97824717e+00 7.47775497e+01
 3.91887512e+02 1.02680444e+03 2.59986786e+02 1.42531952e+02
 4.88920319e+02 1.82865631e+02 7.20135742e+03 4.53422021e+03
 9.45231262e+02 1.39576282e+03 1.45529465e+02 8.21822363e+03
 3.74293823e+01 5.24346161e+01 2.85060310e+01 2.54400146e+02
 3.05753193e+01 1.53368042e+02 1.68765000e+04 1.52083130e+02
 5.50912399e+01 7.56199036e+01 4.13189258e+03 3.93355438e+02
 2.62204858e+03 1.21356189e+03 6.07624168e+01 5.83518311e+03
 3.57031836e+03 1.66392305e+04 6.28689160e+03 7.35441017e+00
 8.66786346e+01 6.63170410e+03 1.94742908e+01 2.34061680e+01
 2.63121045e+03 2.36867236e+03 8.81313782e+01 4.75078125e+01
 1.73490566e+04 1.11859863e+03 2.01718359e+04 1.30170898e+03
 1.74998560e+03 1.39557648e+01 6.34433594e+03 7.46097794e+01
 3.74514160e+03 1.58163252e+04 5.52753677e+01 1.08170293e+04],5419.8247,[1.43592957e+02 1.23434095e+01 5.48084755e+01 1.51312683e+02
 1.68309250e+01 2.01642670e+02 1.02318211e+01 5.50557098e+01
 6.98369824e+03 4.36183510e+01 1.84106189e+03 5.79536562e+04
 4.31162598e+03 9.86277294e+00 2.45263710e+01 4.15541763e+01
 8.77360916e+00 1.04263447e+04 5.18860107e+03 1.16469912e+04
 8.07312775e+01 8.49066353e+00 6.19984814e+03 2.39789906e+01
 9.28182697e+00 8.15886230e+01 3.71911987e+02 3.50153809e+01
 1.22213599e+03 7.30259018e+01 1.46243229e+01 1.02517175e+03
 7.58186188e+01 5.31289917e+02 1.03174766e+04 6.72901535e+01
 8.31790466e+01 2.71577873e+01 4.65731277e+01 3.49021289e+03
 1.11041428e+02 7.11391754e+01 7.44948502e+01 2.84202954e+03
 6.28482910e+02 1.23346094e+03 6.67575391e+03 1.87511501e+01
 3.11941711e+02 8.09964294e+02 2.12236406e+04 9.19222717e+01
 9.32562351e+00 1.50271521e+03 4.67240219e+01 1.24968376e+01
 3.02758942e+02 1.30197205e+02 1.28405548e+02 2.61631073e+02
 1.62950830e+03 1.31169968e+01 1.17943005e+03 2.53412720e+02
 1.57669926e+01 1.99633467e+00 1.18319099e+02 8.55641797e+03
 4.62630157e+02 1.21566101e+02 1.79518631e+02 5.30740479e+03
 2.99577422e+04 5.61385107e+03 1.61709941e+04 1.29583172e+05
 2.88884790e+03 3.97129590e+03 1.30813330e+03 3.36360512e+01
 4.96014221e+02 2.56225555e+02 1.36462122e+03 1.88634180e+03
 9.65868149e+01 6.13998795e+00 9.79310131e+00 6.97849884e+01
 6.26384705e+02 2.52387231e+03 4.54769058e+01 1.35718948e+02
 1.21589233e+03 2.80894104e+02 1.13228166e+00 1.35652158e+04
 3.28855127e+03 5.28232422e+03 4.95842400e+01 2.01333496e+03
 7.58892441e+01 3.15381384e+00 4.21543579e+01 1.31003006e+02
 5.66686935e+01 2.00891040e+03 2.96842468e+02 8.87034180e+02
 4.08511169e+02 7.74420624e+01 1.09295293e+04 3.77323555e+04
 6.81956482e+00 4.60636330e+00 1.26364629e+04 1.24005312e+04
 1.17640293e+04 8.10270264e+03 1.99097462e+01 1.21391506e+01
 2.11415291e+01 6.88126831e+02 3.58545605e+03 8.78557396e+00
 1.07377319e+03 5.26961853e+02 1.00787125e+02 2.33132343e+01
 1.02707428e+02 4.89849777e+01 1.40433398e+03 5.93337549e+03
 3.82672852e+02 2.89459961e+03 8.29514465e+02 3.38634918e+02
 6.12652283e+02 8.58831882e+00 7.41544727e+03 6.05238965e+03
 2.86609922e+04 1.09024002e+02 2.13388615e+01 9.98547485e+02
 4.11312714e+01 2.02828541e+01 6.88379974e+01 1.23229340e+02
 6.68493125e+04 6.43207245e+01 4.13417188e+03 1.62484648e+04
 2.29703125e+03 1.74298486e+03 1.89797096e+01 6.16718311e+03
 4.31232764e+03 7.11872803e+02 3.91250076e+01 1.27906367e+04
 1.78750757e+03 7.34465790e+01 1.66149634e+03 1.11747974e+03
 3.87511635e+00 7.31274170e+02 3.54171875e+04 1.63164921e+01
 2.22333527e+01 1.23990143e+02 1.22787106e+00 1.66435379e+02
 7.37833798e-01 2.38581616e+03 1.47491089e+03 1.00398430e+02
 6.66155000e+04 3.25745459e+03 1.40672485e+03 9.59267090e+02
 2.43732007e+03 2.72582300e+03 1.80449997e+02 1.43841494e+04
 1.65420862e+03 3.96252002e+03 4.17074623e+01 3.37790918e+03
 9.80349219e+03 7.04938352e-01 3.41560669e+01 4.23826313e+00
 1.17542224e+03 6.95716504e+03 1.08232739e+03 1.36493540e+01
 3.29320374e+02 1.24029589e+00 1.56858788e+01 2.04145203e+03
 2.45503149e+03 7.59970093e+02 1.20215333e+00 1.13673370e+02
 2.95742950e+02 1.15752600e+03 2.65324127e+02 1.74447266e+02
 6.41283020e+02 2.38885315e+02 7.43842627e+03 3.87135815e+03
 1.05852612e+03 1.58261597e+03 1.95958069e+02 9.92770215e+03
 7.83872700e+00 8.67767639e+01 4.16395426e+00 1.41427582e+02
 5.44921207e+00 2.01964249e+02 1.42787910e+04 2.70228241e+02
 1.91214199e+01 6.34020920e+01 4.77268750e+03 1.81727310e+02
 3.47903735e+03 1.42431848e+03 8.01431808e+01 6.20038818e+03
 9.64371094e+02 5.46628906e+03 6.79904639e+03 1.05159378e+01
 6.38832626e+01 6.52818359e+03 2.26856308e+01 2.91046190e+00
 4.75344287e+03 1.38680566e+03 1.25262352e+02 1.58574734e+01
 1.77087012e+04 4.47859033e+03 1.33269336e+04 1.07167847e+02
 2.17777637e+03 2.43440604e+00 6.66537500e+03 1.35105484e+02
 4.48288184e+03 1.70011543e+04 5.63287125e+01 8.14710840e+03],-975.6936,-1049.065,-1404.6487,0.98224115,1.083493,0.697305,0.9241058,0.015121662492752075,10845.928905010223,0.125,0.125,-0.24266600525986243,7.98594529362511e-05,-0.24267267256699404,-0.00012112994192829102,-1.0432374761826393,25.249999999996884,0.0,700000.0,-10.0,-5000.0,500.0,7.605692148208618,700000
1010.10345,0.05609233,0.018083753,0.0016176442,-1009.8665,1009.8665,[1.30869523e-02 9.25467759e-02 3.36785056e-02 4.91926558e-02
 4.29995693e-02 4.54171039e-02 2.96700740e+00 1.36679232e-01
 8.52560401e-02 7.98620284e-02 9.01618749e-02 8.58121067e-02
 6.49808228e-01 2.66855776e-01 5.18824816e-01 1.07814848e-01
 7.99369514e-02 4.63181622e-02 9.73852277e-02 7.92177022e-02
 2.26813495e-01 1.16873652e-01 6.82932511e-02 7.27018714e-02
 3.37553807e-02 7.41230100e-02 7.91489482e-02 1.23833135e-01
 6.08384162e-02 9.17465985e-02 5.94362170e-02 3.26789767e-02
 8.85190666e-02 6.37893975e-02 8.00984502e-02 2.45601684e-02
 8.56471211e-02 6.24805130e-02 8.01467746e-02 7.33912289e-02
 3.57713178e-02 2.41122320e-01 6.66451454e-02 8.30545723e-02
 6.00360781e-02 6.95978254e-02 6.61916286e-02 5.80436774e-02
 2.90671177e-02 6.92566931e-02 7.83251971e-02 8.73010159e-02
 5.83623536e-02 8.95088315e-02 9.29981768e-02 1.83188468e-01
 1.76053420e-02 4.31272984e-02 3.41651030e-02 7.22521544e-02
 1.67156011e-02 5.97175248e-02 9.13329870e-02 3.04493047e-02
 7.66680241e-02 6.49857670e-02 6.59286156e-02 4.21427079e-02
 6.33613616e-02 5.89951612e-02 1.04192007e+00 5.54432452e-01
 4.13245931e-02 5.88133931e-02 1.18266672e-01 6.98397160e-02
 7.77245164e-02 8.00133586e-01 8.07835162e-02 8.58929604e-02
 6.57407343e-02 6.67614043e-02 3.33178234e+00 8.84521306e-02
 1.94408000e-02 8.64941031e-02 8.26453418e-02 6.99874163e-02
 6.74706250e-02 1.40697077e-01 6.55520707e-02 1.23095632e-01
 7.79721141e-02 7.22745359e-02 2.42476255e-01 1.03688672e-01
 7.67510533e-02 8.41709077e-02 9.50123370e-02 8.08627307e-02
 6.16092980e-02 1.61548868e-01 4.67694476e-02 4.35190685e-02
 9.31134224e-02 9.13868845e-02 1.41160578e-01 1.66497096e-01
 2.65663087e-01 1.04333490e-01 1.68752857e-02 7.46435076e-02
 2.64766403e-02 1.38356018e+00 6.35027438e-02 7.89885670e-02
 7.99680054e-02 7.61863291e-02 2.14287847e-01 7.26408958e-02
 7.96136409e-02 4.29060496e-02 1.25310004e-01 7.61824787e-01
 8.60818774e-02 8.28018188e-02 3.53825465e-02 8.42178762e-02
 3.37585993e-02 8.55206549e-02 3.07370909e-02 5.64418435e-02
 7.24116117e-02 7.13558495e-02 4.17757034e-02 6.66738153e-02
 6.24550357e-02 8.33171010e-02 1.00771323e-01 8.92566323e-01
 6.47001639e-02 1.32342294e-01 7.36623257e-02 8.34545791e-02
 4.24151197e-02 7.04330355e-02 1.41630948e+00 8.59403014e-02
 7.44214058e-02 4.53204289e-02 7.50605762e-02 1.39012247e-01
 2.33809322e-01 5.77994660e-02 6.46345168e-02 7.55745471e-02
 1.88333571e-01 8.89661014e-02 4.80805063e+00 2.90730074e-02
 7.39418417e-02 1.40089899e-01 2.78790617e+00 6.83072358e-02
 1.30171925e-01 8.64210725e-03 7.12290406e-02 4.46659513e-02
 6.56355917e-02 7.20840245e-02 1.25979558e-01 8.09455216e-02
 7.60858059e-02 6.93436414e-02 8.53505880e-02 1.78222030e-01
 7.82340169e-02 8.22654516e-02 5.42550623e-01 6.91099912e-02
 7.10336715e-02 5.70987351e-02 4.15958226e-01 8.74242187e-02
 4.85321172e-02 4.32397760e-02 6.90760165e-02 4.87256981e-02
 2.84290612e-02 1.59516409e-01 6.93962052e-02 5.22983409e-02
 7.03710169e-02 1.99545085e-01 5.99720515e-02 2.89222538e-01
 7.91426778e-01 9.21616256e-02 3.18060294e-02 5.78092635e-02
 6.88660219e-02 7.47901201e-02 4.00833905e-01 3.94772962e-02
 1.66768551e-01 9.67503637e-02 1.19369078e+01 2.59762742e-02
 5.65925725e-02 1.61107436e-01 9.32099819e-02 6.31909221e-02
 8.02153051e-02 4.35329564e-02 1.62435696e-01 6.17910810e-02
 2.55121961e-02 1.17199495e-03 9.49702263e-02 9.49350595e-02
 7.86907077e-02 2.05364537e+00 1.26413479e-01 8.51498842e-02
 1.99828446e-02 7.33212382e-02 9.17080343e-02 8.64208043e-02
 7.40358084e-02 9.47085202e-01 2.55144894e-01 6.40164912e-02
 7.39064962e-02 5.95080890e-02 4.40898575e-02 8.05002153e-02
 2.19531730e-02 3.25428665e-01 9.75061703e+00 9.60193723e-02
 7.56345093e-02 7.58582950e-02 5.64590025e+00 1.76427913e+00
 4.13561501e-02 1.53366223e-01 1.16260648e-01 4.07152444e-01
 7.44032264e-02 3.16274476e+00 8.44971091e-02 7.39758015e-02
 7.49283284e-02 6.66530877e-02 6.86051026e-02 1.43473303e+00],0.2496562,[1.30628534e-02 3.74584273e-02 3.81739438e-03 1.90768391e-02
 1.88539363e-02 2.20629759e-02 1.49861658e+00 1.86157227e-02
 3.64862718e-02 2.27976441e-02 1.83459260e-02 3.32293548e-02
 4.65626493e-02 1.83635354e-02 2.55919635e-01 3.83181870e-02
 2.57705338e-02 1.74565800e-02 3.73836048e-02 3.22488435e-02
 3.26011814e-02 3.55222411e-02 1.73300542e-02 3.99798490e-02
 1.62267424e-02 4.89908792e-02 2.15759762e-02 4.35320027e-02
 1.79139525e-02 2.92610265e-02 2.31156088e-02 1.31459124e-02
 4.30084020e-02 1.72765143e-02 3.58302034e-02 1.31058134e-02
 3.18056718e-02 2.10266598e-02 2.80642807e-02 2.45407410e-02
 5.88386133e-03 4.51394692e-02 1.28822960e-02 3.17065008e-02
 2.18842514e-02 2.35842541e-02 2.30999924e-02 1.36931613e-02
 1.64093561e-02 2.74372473e-02 3.37451138e-02 2.90228799e-02
 4.54612449e-02 2.97119096e-02 3.36242095e-02 3.30978073e-02
 1.22581013e-02 1.98443420e-02 8.99802521e-03 3.81336361e-03
 1.28646642e-02 2.53500678e-02 3.93907204e-02 1.85320564e-02
 1.75098367e-02 2.36783326e-02 2.57469751e-02 5.92412055e-03
 2.20584944e-02 1.96207352e-02 4.41140868e-02 8.71086866e-02
 1.49044171e-02 1.92167796e-02 4.73199971e-02 2.62080580e-02
 3.54449302e-02 3.98509540e-02 1.92047246e-02 2.78586224e-02
 2.51585431e-02 2.74440348e-02 2.19186693e-02 3.08186561e-02
 1.34007819e-02 3.27641852e-02 4.19088751e-02 2.99509801e-02
 2.74029411e-02 4.91327234e-02 2.34598070e-02 3.98075059e-02
 2.22788230e-02 2.96388604e-02 1.91655904e-01 2.80763097e-02
 2.67113224e-02 3.28833163e-02 4.98689301e-02 3.25855054e-02
 1.48928314e-02 5.26192226e-02 1.13586523e-02 1.82004012e-02
 3.21830399e-02 2.73929238e-02 4.22945805e-02 2.99575217e-02
 5.90587035e-03 6.55825436e-03 3.09852548e-02 2.33848765e-02
 1.33939087e-02 3.53673436e-02 2.34446116e-02 3.97033170e-02
 2.84470059e-02 2.36383453e-02 3.36802378e-02 9.35085118e-03
 5.23230620e-02 2.51717754e-02 4.34914902e-02 5.88311970e-01
 2.67441571e-02 9.16625559e-03 3.01549211e-02 3.39055993e-02
 1.38220079e-02 2.66796350e-02 2.90879793e-02 1.89115196e-01
 1.23174824e-02 1.84993930e-02 2.52690911e-02 2.19724849e-02
 1.61907561e-02 3.61707248e-02 3.35634686e-02 1.61815196e-01
 2.31396705e-02 4.12198938e-02 4.63056713e-02 3.27467695e-02
 3.08087841e-02 2.76630558e-02 2.99014524e-03 2.69667245e-02
 2.59858705e-02 1.03516020e-02 2.05523558e-02 7.86763728e-02
 3.34949233e-02 2.10578591e-02 2.56189257e-02 2.45049372e-02
 5.37209511e-02 2.34334059e-02 1.53809512e+00 1.51771605e-02
 3.62795331e-02 6.33857995e-02 3.88419569e-01 3.71992625e-02
 7.17350245e-02 7.00450689e-03 3.07505876e-02 3.69269401e-04
 2.14063711e-02 2.10086443e-02 6.56105280e-02 3.18155065e-02
 4.44393791e-02 1.97699219e-02 2.60490924e-02 3.24955359e-02
 3.33099999e-02 3.08588780e-02 2.52397731e-02 3.34914401e-02
 3.47271115e-02 1.61719508e-02 2.68512107e-02 3.90195735e-02
 1.01171620e-02 1.70682445e-02 2.41255648e-02 1.82529725e-02
 1.69170089e-02 4.31368127e-02 1.41654164e-02 2.04411149e-02
 1.86379142e-02 1.08369827e-01 2.45589763e-02 3.66047025e-03
 6.75340533e-01 3.77177075e-02 1.89331807e-02 1.96626224e-02
 2.86457725e-02 2.18451992e-02 3.43802162e-02 1.73592903e-02
 5.41462079e-02 3.06383520e-02 2.59284949e+00 2.15328112e-02
 2.63039954e-02 5.28892763e-02 3.09744179e-02 3.01310569e-02
 2.88113095e-02 1.13666244e-02 5.57418540e-02 2.17152014e-02
 1.42589547e-02 1.68350339e-03 4.33404744e-02 3.91322710e-02
 3.51841822e-02 1.59336664e-02 3.75305563e-02 6.58701956e-02
 5.61149716e-01 4.09181006e-02 2.75394209e-02 3.31818014e-02
 4.88377251e-02 4.01644781e-02 2.32944578e-01 1.90249123e-02
 2.37009116e-02 2.71402486e-02 1.21768862e-02 4.82148901e-02
 3.04066241e-02 1.60424188e-02 1.12196903e+01 2.96090320e-02
 3.59807312e-02 2.67048851e-02 1.25906396e+00 2.21642144e-02
 1.41650438e-02 4.93618734e-02 1.42906263e-01 3.88947316e-02
 1.96979232e-02 2.36611404e-02 2.18787380e-02 3.08526158e-02
 2.38147378e-02 2.55663879e-02 2.42635161e-02 5.99128127e-01],-973.9763,-1011.80347,-1189.6353,1.0000423,1.0121326,0.9978884,0.9255605,5.327257,-9.360817,94.661316,1042.5134,2.0669315,0.3284588,0.16240054,-1037.1619,1037.1619,[5.0741064e+03 6.6790948e+02 2.9217322e+02 2.0326102e+03 6.1586865e+03
 2.2865158e+01 3.4882591e+01 3.5748663e+02 7.8278107e+02 3.5417549e+03
 5.5433020e+02 5.0514499e+02 8.8556652e+00 1.2753351e+02 4.1039352e+01
 3.6233513e+01 2.9078183e+02 2.6183951e+02 3.7070877e+01 1.1341258e+02
 1.7773328e+02 1.1773254e+03 2.1066733e+03 1.2657236e+04 6.9635967e+03
 7.4763025e+02 5.8459033e+03 1.4199182e+02 1.6542843e-01 8.9577285e+03
 4.7326651e+02 4.4707471e+02 1.5740785e+03 3.0424387e+03 9.5238910e+02
 2.5358205e+02 4.1418591e+01 2.8069489e+01 7.3473688e+02 2.7472694e+01
 6.5761660e+03 3.0840851e+01 1.0474358e+03 8.1020409e+01 1.5107778e+01
 1.5533870e+02 2.6124981e+01 3.7722725e+01 5.8261707e+02 1.3103760e+02
 2.7280096e+02 4.5546230e+03 4.1387067e+02 2.4913516e+04 1.8055919e+03
 2.8639148e+02 7.7747910e+01 8.3112328e+01 2.3454917e+03 1.8388697e+01
 2.9569260e+01 4.1127945e+02 3.2879709e+03 3.2733243e+00 4.2104922e+03
 1.4013744e+01 1.4308879e+03 1.6167188e+00 8.3364426e+01 7.7745471e+02
 3.6258572e+03 7.0833633e+01 9.1965566e+03 1.4652107e+04 1.5662969e+01
 6.8940098e+03 2.2235520e+04 2.6783746e+04 1.0180167e+03 4.8216069e+03
 4.1468521e+01 4.1346338e+03 1.4530529e+04 3.4349351e+03 1.3909241e+02
 7.8774254e+01 2.0681797e+03 8.4479199e+03 2.9488191e+03 9.2996709e+03
 1.8860336e+01 2.4712736e+01 4.7864965e+04 4.4318759e+02 1.3785748e+02
 9.3631639e+00 2.8733734e+02 8.0471954e+01 2.0409514e+04 1.2510162e+04
 6.6776509e+03 1.0991931e+04 1.0411276e+04 1.0660995e+03 2.7747443e+02
 3.4242085e+01 5.5138008e+03 1.1456833e+04 8.7086706e+00 1.3999261e+03
 8.1880932e+00 7.8906162e+03 3.5355794e+00 1.3918549e+02 2.2714750e+01
 6.9750687e+01 1.0638740e+03 8.4877373e+03 2.3107468e+03 2.4379824e+03
 5.1546880e+03 2.5614256e+01 2.6732984e+00 4.0981875e+03 8.7288628e+01
 5.6060543e+01 3.6763969e+04 1.9758502e+02 5.0818858e+00 9.7886780e+01
 3.8712578e+01 9.8184882e+02 5.8914131e+01 5.2091890e+03 1.2031809e+04
 5.3735004e+02 1.4518316e+01 7.3279099e+01 2.7510059e+03 3.7401085e+01
 2.6855969e+04 6.2716724e+02 4.0567062e+02 1.4830193e+04 3.0550007e+01
 6.7306753e+03 1.1100474e+03 4.1710243e+01 1.3519551e+03 2.3872040e+02
 3.2019970e+01 7.8896847e+00 1.7554227e+02 1.9986519e+03 1.8897258e+03
 2.6530460e+02 6.1111858e+01 4.1513054e+01 2.0542143e+01 7.9813820e+04
 6.4831067e+02 7.5807524e+03 3.1635540e+01 6.0253062e+03 6.1281061e+00
 4.5505811e+02 1.8563411e+03 1.0489604e+03 1.2888700e+03 8.9814125e+01
 7.8226829e+00 2.2001040e+03 9.0057457e+01 9.1112823e+00 9.4776871e+01
 9.3889685e+02 6.7306633e+01 1.9219803e+01 1.3411304e+03 5.2499148e+04
 8.6020384e+00 6.6699115e+02 2.7322747e+03 3.5979460e+03 9.7588662e+03
 4.7211899e+02 1.1934405e+02 1.1667872e+03 1.6472537e+03 8.9558319e+01
 1.9094144e+03 5.2015729e+02 2.6619732e+01 3.7804554e+01 3.3213641e+02
 8.4311981e+00 4.7880798e+01 6.0710945e+01 5.1854292e+03 3.1205312e+03
 1.0888866e+01 4.2582590e+02 1.5614097e+04 4.2943881e+02 7.0738777e+01
 4.9808771e+02 2.9980875e+04 1.5034697e+03 8.5613213e+03 1.8851475e+03
 3.8029688e+02 3.3367230e+02 6.0098789e+03 2.4989798e+00 3.8258863e+04
 2.2547705e+03 7.0983789e+03 6.4507190e+02 2.6616531e+03 1.0592451e+01
 1.0882533e+04 3.4165430e+04 3.8763638e+01 1.0129334e+03 2.0339645e+02
 5.9165601e+02 6.6554858e+02 9.5897018e+01 3.6091080e+01 7.3540837e-01
 6.4875336e+02 3.1592573e+01 6.5953452e+03 6.4512016e+01 2.9025707e+01
 1.2994354e+03 7.1880524e+02 7.2083362e+02 8.3269386e+01 1.0528529e+02
 5.5632202e+03 9.7028184e+03 1.1158502e+02 1.5910337e+01 2.9044271e+00
 2.1191022e+02 1.4342768e+01 2.5417020e+04 9.6625476e+02 1.8384034e+03
 2.8975400e+03 3.6862323e+02 1.5355844e+03 7.5078621e+01 1.9458311e+03
 2.8817949e+03],5194.443,[6.19373145e+03 1.19900989e+03 1.91120712e+02 4.09736133e+03
 5.43004395e+03 3.14004116e+01 1.07717075e+01 4.18555359e+02
 6.76567688e+02 4.70124902e+03 9.76070312e+02 5.51396729e+02
 1.54977262e+00 8.83807526e+01 9.45897369e+01 3.19812679e+00
 2.60811707e+02 2.33414047e+02 1.40953796e+02 2.66249420e+02
 2.42964508e+02 2.01745337e+03 2.12186475e+03 1.86473105e+04
 6.57397412e+03 7.45228882e+02 5.11056641e+03 7.09989471e+01
 1.19205505e-01 7.69402051e+03 2.89112732e+02 3.63844269e+02
 2.13765625e+03 4.21398047e+03 4.70868713e+02 2.53253830e+02
 7.16877975e+01 5.62912521e+01 3.21275635e+02 1.24189444e+01
 8.26161133e+03 3.35775032e+01 9.73892761e+02 4.18384628e+01
 3.00861454e+00 2.44121719e+02 1.10847282e+01 1.84581528e+01
 9.98682129e+02 1.31434235e+02 2.64874908e+02 3.33451807e+03
 3.26337463e+02 2.25245039e+04 8.15463135e+02 3.63938507e+02
 2.37683372e+01 1.64819199e+02 2.70035669e+03 1.39606533e+01
 1.81876965e+01 2.24100342e+02 3.01732080e+03 2.29843688e+00
 5.70531934e+03 1.53636131e+01 4.63310669e+02 5.95932341e+00
 5.79188805e+01 1.05929041e+03 2.96727881e+03 5.05554810e+01
 9.45826074e+03 1.40206641e+04 1.24718618e+01 1.14779209e+04
 2.16961504e+04 1.53766680e+04 1.20334644e+03 3.42675293e+03
 3.74332962e+01 6.41358838e+03 1.28591240e+04 2.62868530e+03
 9.13142776e+01 1.57886724e+01 1.02980215e+04 8.77090723e+03
 1.11638496e+04 3.08606133e+04 1.90710144e+01 4.93963203e+01
 4.42200664e+04 4.47604095e+02 3.53471558e+02 4.11638107e+01
 2.03860321e+02 1.10929428e+02 2.12652559e+04 1.82313359e+04
 1.22650234e+04 8.11309668e+03 8.69013379e+03 1.45597794e+02
 7.42595825e+02 3.31029091e+01 4.56103174e+03 1.38888291e+04
 3.83219552e+00 1.69572913e+03 1.80079231e+01 7.88596191e+03
 7.57160091e+00 2.27813599e+02 7.19701576e+00 1.02059288e+02
 1.84432764e+03 4.56636377e+03 1.07657117e+03 2.37407617e+03
 1.29602783e+04 5.10251570e+00 4.15485840e+01 4.83844531e+03
 6.67571899e+02 1.63529785e+02 2.92596074e+04 2.51746857e+02
 6.72248697e+00 1.90384415e+02 4.03771973e+01 1.31491772e+03
 4.10144958e+01 6.34863379e+03 8.74041211e+03 6.34923523e+02
 5.52209187e+00 1.47271786e+01 2.54602148e+03 7.67821980e+00
 2.43431465e+04 4.49449158e+02 4.04867981e+02 1.35182852e+04
 1.17927189e+01 9.68230176e+03 1.30965637e+03 4.22731781e+01
 7.50403137e+02 3.37731384e+02 7.97931366e+01 2.64068241e+01
 3.13867065e+02 2.13557544e+03 1.09925708e+03 2.74733063e+02
 7.79478683e+01 2.18340511e+01 2.93820782e+01 9.48706719e+04
 9.48968384e+02 9.16406738e+03 4.77891273e+01 4.25061523e+03
 1.32377267e+00 6.44835449e+02 2.43292773e+03 4.20932159e+02
 1.03627808e+03 1.61461487e+02 1.25858927e+01 1.42179761e+03
 2.07282928e+02 3.22743416e+00 8.89553604e+01 2.18301953e+03
 5.23314629e+01 6.66367416e+01 1.11400977e+03 2.62096055e+04
 9.75900364e+00 4.65861206e+02 3.35544971e+03 2.22316187e+03
 1.08737783e+04 3.48468323e+02 1.17443954e+02 9.05111328e+02
 3.51492725e+03 1.25692825e+02 1.70885181e+03 5.28522339e+02
 9.77557182e+00 3.54639030e+00 4.75441467e+02 2.19817486e+01
 3.92810860e+01 1.13564590e+02 7.06986035e+03 2.25058154e+03
 2.42043610e+01 4.05156281e+02 1.84927109e+04 5.15342834e+02
 2.32124138e+01 6.68284546e+02 1.47462998e+04 2.22897949e+03
 1.21231172e+04 1.91825623e+03 4.84087830e+02 3.34102478e+02
 4.62045508e+03 3.27310066e+01 4.86724688e+04 2.31712085e+03
 5.43864209e+03 7.79844360e+02 2.75386011e+03 1.18120641e-01
 8.54378711e+03 2.10490547e+04 3.11963224e+00 9.99072144e+02
 2.01455551e+02 4.70509277e+02 7.32220032e+02 8.79628448e+01
 3.50344849e+00 3.62387180e-01 4.40558008e+03 7.09814835e+01
 3.52424683e+03 1.00996178e+02 2.84712677e+01 1.32162488e+03
 6.76443237e+02 9.80309326e+02 7.04777908e+00 1.39924179e+02
 6.92216211e+03 7.67452295e+03 1.82347839e+02 1.67683563e+01
 1.51648645e+01 2.28885315e+02 1.24983463e+01 2.57216465e+04
 9.91064331e+02 2.14127002e+03 4.57725293e+03 3.36607086e+02
 1.59997461e+03 6.75231628e+01 2.47646606e+03 1.37735303e+03],-975.26263,-1053.5984,-1353.9304,0.9985196,1.1548054,0.78816235,0.92535913,0.015714572744369507,11238.793239593506,0.125,0.125,-0.23966843070048408,2.616916739177386e-05,-0.23967399958852809,-0.00010068845812344869,-1.0303691895767078,25.249999999996884,0.0,725000.0,-10.0,-5000.0,500.0,7.504530429840088,725000
1010.96594,0.034619108,0.027799327,0.0014281458,-1010.6533,1010.6533,[8.96117464e-03 1.47555657e-02 2.45566085e-01 1.14985704e-02
 5.59566766e-02 1.60441685e+00 4.54537943e-03 5.59552014e-03
 2.72346772e-02 5.45573044e+00 1.71571150e-02 3.25183916e+00
 1.78975239e-02 2.07640566e-02 2.33125724e-02 9.72397998e-03
 5.28157502e-03 6.21220708e-01 1.74377747e-02 1.44877769e-02
 1.50104791e-01 5.31092286e-03 1.50260329e-01 1.29633583e-02
 1.37129688e+00 6.10624850e-02 8.87012854e-03 1.98624015e+00
 1.39661320e-02 2.75729001e-02 8.49247351e-03 1.85529329e-02
 1.11387111e-02 5.75495511e-03 8.13870370e-01 1.97021700e-02
 1.00685403e-01 1.40360072e-02 1.36716701e-02 4.86325212e-02
 1.42274368e+00 6.14765659e-03 3.62357534e-02 2.37042382e-02
 2.60393620e-02 2.50242092e-02 1.16721727e-02 1.30396970e-02
 3.69867265e-01 1.68767758e-02 3.87553126e-04 1.61545351e-02
 9.28008705e-02 2.96272874e-01 1.24212243e-02 2.61390507e-02
 3.60502340e-02 1.79376379e-02 6.78632036e-03 1.89323463e-02
 1.47534162e-03 1.37472190e-02 1.99377611e-02 1.39647275e-02
 2.06967629e-02 3.30260545e-02 1.19073167e-02 1.40334368e-01
 2.99109519e-03 6.13895431e-03 6.21862507e+00 2.28012204e-02
 1.14092380e-02 1.39325663e-01 8.31851736e-03 2.26214901e-03
 8.73543695e-03 1.21323206e-02 1.55917890e-02 2.13908032e-02
 3.80467474e-01 2.40247324e-03 1.76598169e-02 6.33228570e-03
 2.83211060e-02 8.90641510e-02 8.36882740e-03 1.10667981e-02
 4.82638553e-03 1.83844715e-02 1.62948705e-02 1.25112012e-02
 1.46242119e-02 1.11790486e-02 2.77729817e-02 3.12052853e-02
 1.67054310e-02 1.66051462e-02 1.14365295e-02 2.19455138e-02
 6.88666850e-03 1.51497498e-02 2.25845948e-02 3.71509790e-03
 1.84710808e-02 4.41111183e+00 1.44141987e-02 2.78122798e-02
 1.03544481e-02 9.81667638e-03 8.14484432e-03 1.84361674e-02
 1.99686028e-02 2.48075910e-02 2.62329169e-02 5.13422787e-02
 1.04071647e-02 3.87683898e-01 1.45116821e-02 6.85027614e-03
 2.33086981e-02 1.36982091e-02 4.89065424e-03 5.05738594e-02
 2.47087516e-02 5.44552878e-03 9.70894471e-03 6.87443092e-03
 3.01340222e-03 1.23793967e-02 1.03668310e-02 1.85300596e-02
 2.68095173e-02 1.73085369e-02 8.05398375e-02 2.90050220e+00
 2.95469500e-02 1.23606995e-02 7.15659931e-03 4.55407985e-02
 1.23813190e-02 2.76327729e-02 7.42544055e-01 2.18306258e-02
 3.09737399e-03 2.28748098e-02 4.86530736e-03 6.80816919e-02
 2.33623721e-02 1.31867439e-01 1.18554570e-02 5.08963056e-02
 3.86964828e-02 5.93426824e-03 6.41049817e-03 3.06261517e-02
 2.69140750e-02 2.84884945e-02 9.75529104e-03 8.30414742e-02
 1.70367844e-02 5.37384152e-01 7.89209008e-02 1.13958359e+00
 2.26687230e-02 9.39168409e-03 2.16637142e-02 2.07395107e-02
 1.33013017e-02 3.11635621e-02 3.38012278e-02 1.91880949e-02
 3.11917737e-02 1.68295577e-03 3.12293231e-01 1.40720606e-02
 9.24767926e-03 1.17637850e-02 2.47302353e-02 2.46804729e-02
 2.14035995e-02 2.45921761e-02 1.75373629e-02 5.34193590e-03
 4.47398797e-03 2.71132775e-02 2.70502716e-02 1.89112499e-03
 1.23082474e-02 9.82244313e-03 3.02116945e-03 1.91178471e-02
 1.72974356e-02 2.43191607e-02 1.96676999e-02 2.86047535e+01
 1.47292651e-02 8.12763348e-03 1.75175108e-02 1.11064501e-02
 2.55593099e-02 1.73845328e-02 2.39612535e-03 3.31867076e-02
 1.00496598e-02 2.71926522e-02 1.01833828e-02 8.24262574e-03
 9.22944486e-01 1.69746652e-02 1.54571533e-02 5.00613824e-03
 3.34443338e-02 2.57072039e-02 6.10040575e-02 6.47015870e-03
 3.04620862e-02 7.40193203e-03 3.24584544e-03 1.45302601e-02
 6.49989396e-03 1.67250670e-02 1.10185742e-02 1.75319362e+00
 5.94574958e-04 7.49083236e-03 1.51894242e-02 1.97102204e-02
 8.56361687e-01 4.78952855e-01 1.50457770e-03 2.99214311e-02
 1.90239288e-02 5.02690196e-01 1.24912336e-03 1.99616328e-02
 3.21162678e-02 1.82773924e+00 1.18176825e-02 1.66230276e-02
 3.32124270e-02 6.39721900e-02 9.06296447e-03 5.86407259e-03
 3.31763364e-02 1.32051148e-02 1.60540199e+00 1.54964417e-01
 2.39179209e-02 1.17590576e-02 7.30473548e-03 1.67319551e-02
 2.38136388e-02 2.61362083e-02 8.63434747e-03 2.28378959e-02],0.1777589,[3.75080854e-03 2.15829909e-03 1.07095391e-03 1.59754232e-03
 4.73723561e-03 4.85857204e-03 2.90581957e-03 7.32333958e-03
 6.45644963e-04 5.61371446e-03 8.53610411e-03 4.93600965e-04
 6.52707368e-03 1.26101077e-03 1.59436837e-03 3.24765220e-03
 2.77701765e-04 6.30877137e-01 2.08256021e-03 1.72262266e-03
 2.64069811e-03 1.46780163e-04 4.10000868e-02 8.21239129e-03
 1.07754767e-03 5.24131209e-03 1.21980347e-02 3.74136120e-03
 2.75096670e-03 6.95288181e-04 5.75827435e-03 1.40495598e-03
 1.94484368e-03 7.76350498e-06 3.71248960e-01 2.12360173e-04
 1.97139382e-03 3.36090103e-03 2.59022787e-03 4.80094552e-03
 3.64921242e-03 4.15964425e-03 9.40635800e-06 7.81028345e-03
 7.37834722e-04 9.59195197e-04 1.47504359e-03 1.97977573e-03
 2.01689392e-01 1.54278055e-03 6.09613955e-04 2.19197571e-03
 1.99202895e-01 2.02622485e+00 4.30908799e-03 8.85874033e-04
 3.54750454e-03 9.43426043e-04 3.64558771e-03 2.08716467e-03
 5.26133925e-04 2.16383487e-04 8.62658024e-04 3.16256657e-03
 1.06946379e-03 5.06199896e-03 7.43080676e-03 2.22031176e-02
 2.06247866e-02 1.05912983e-03 3.85241583e-02 9.17185098e-04
 7.07346201e-03 1.01458445e-01 2.48858705e-03 5.29058278e-03
 5.79789281e-04 3.77400592e-03 1.07783824e-02 8.34751874e-04
 1.99552253e-02 3.00346687e-03 1.24222785e-03 1.00221224e-02
 5.20456582e-04 2.68507749e-03 8.43095779e-03 6.07109442e-03
 1.28755718e-03 2.32530013e-03 1.08308792e-02 3.99020687e-03
 1.18438154e-03 7.53102079e-03 1.54019892e-03 7.28145242e-04
 7.30581582e-03 1.52923167e-04 4.13067639e-03 1.19009614e-03
 4.17981297e-04 7.08974898e-04 1.14283711e-03 5.97216561e-03
 1.96743757e-03 1.87604725e-01 5.85595146e-03 1.30273402e-03
 3.25057283e-03 4.25190106e-03 4.61799279e-03 3.43543664e-03
 3.15446407e-04 8.21877271e-04 1.06570497e-02 2.57256627e-03
 1.03521720e-03 1.33982673e-03 2.04814970e-03 1.76564753e-02
 2.77567655e-04 5.00519574e-03 6.33299351e-04 7.23573416e-02
 1.14749745e-03 2.77202204e-03 2.57957354e-03 1.49518251e-04
 4.27668169e-03 4.30074707e-03 5.48753887e-04 2.04969198e-04
 1.21166185e-03 2.30968744e-03 9.74897295e-03 4.33821231e-04
 1.55824795e-03 2.68677250e-03 9.15849581e-03 9.26502049e-04
 4.95392084e-03 1.69660151e-03 1.96288899e-03 4.88923863e-03
 5.31706959e-04 1.13345422e-02 6.90698624e-04 1.25173479e-03
 1.10818818e-03 3.40882897e-01 4.38939407e-03 7.10599497e-03
 1.35973096e-03 3.04076821e-04 1.08181126e-02 2.33471394e-04
 3.48377973e-04 7.03830272e-04 1.22191384e-03 1.10004097e-04
 2.64051110e-02 1.97971240e-03 2.20471248e-01 1.07573308e-02
 6.58787787e-04 1.48594454e-02 2.20666081e-03 1.97545066e-03
 2.91325152e-04 6.27070665e-04 1.38056278e-03 2.62973085e-03
 1.18331984e-03 1.12610348e-02 8.63898546e-04 6.64342195e-04
 1.64270401e-04 1.29939988e-03 1.19170919e-03 1.69482827e-03
 7.13820010e-03 7.01673329e-04 4.92222607e-04 5.72949648e-04
 9.19987634e-03 3.07150185e-04 8.68685544e-04 1.59723237e-02
 9.71231610e-04 8.35658610e-03 8.33738595e-04 1.34188309e-03
 9.89577919e-03 1.51367486e-03 6.27864152e-04 1.76111889e+00
 2.35106051e-03 1.78554356e-02 1.70499831e-03 1.73880160e-03
 1.81433931e-03 1.12122670e-03 3.03745270e-03 1.13371760e-04
 7.23530725e-03 1.89334154e-04 1.91122293e-04 2.29387358e-03
 1.65414810e-03 2.19744816e-03 6.94766641e-06 2.29920931e-02
 7.91624561e-03 4.83699143e-04 6.51124865e-03 3.36758047e-03
 1.05249882e-03 4.93902713e-04 9.70438123e-05 2.41100788e-04
 5.60202077e-03 1.91648677e-03 3.37489322e-03 1.53575093e-03
 2.60837749e-03 1.35304406e-02 1.86772645e-03 7.82199204e-05
 3.71117973e+00 2.97600403e-03 1.65076926e-03 6.75950199e-04
 2.81555206e-03 4.44650650e-05 1.84193626e-03 1.05414540e-04
 3.33383679e-04 3.46409157e-03 2.77347863e-04 6.89301640e-03
 2.47316435e-03 1.94312632e-02 9.46954638e-03 1.45635493e-02
 1.02342665e-03 9.21800733e-04 7.38221779e-03 1.61204487e-04
 1.21537596e-04 3.37261707e-04 5.01789153e-03 6.29825890e-03
 1.66422874e-03 2.71780372e-01 4.03919816e-03 1.73810869e-04],-973.3095,-1012.5375,-1188.8142,1.0000012,1.0054579,0.9980121,0.9255575,6.034437,-9.00057,40.790176,1039.0288,1.7456753,0.29277167,0.15675905,-1034.3555,1034.3555,[8.10069752e+00 2.08425507e+02 2.36144470e+02 4.60531104e+03
 8.42248154e+01 2.26197148e+04 1.35362817e+03 4.05882797e+01
 7.40933887e+03 1.52098848e+04 9.00682190e+02 1.60932793e+04
 1.14407031e+04 2.08509659e+02 1.46140195e+04 1.62238045e+01
 3.52781802e-01 4.53898193e+03 3.15016270e+01 5.96797424e+02
 2.87372528e+02 3.38418503e+01 5.44848862e+01 2.24217468e+02
 5.16826367e+03 1.60645351e+01 9.86628479e+02 1.77766943e+03
 1.07874292e+03 3.35435028e+01 3.32614532e+02 1.58156921e+02
 5.17693186e+00 9.44635086e+01 4.45227509e+01 5.13768482e+00
 1.46347363e+03 1.80991250e+04 8.53530371e+03 2.22319531e+03
 7.39075586e+03 3.66272607e+03 1.48877773e+04 9.54749634e+02
 3.22988472e+01 6.99851811e-02 5.33633789e+03 1.66969766e+04
 1.90614734e+03 2.63405762e+01 7.67216919e+02 1.34634766e+02
 2.32905445e+01 4.66845436e+01 8.36331081e+00 3.06376038e+02
 7.65835449e+03 2.21735962e+02 1.27933618e+03 1.80508713e+02
 3.90469627e+01 1.25274915e+03 2.65734316e+04 6.56487579e+01
 2.02522676e+04 2.83283234e+01 3.07993011e+01 3.22130605e+04
 6.83174419e+00 1.27288580e+01 2.48906231e+00 1.26288452e+02
 1.38119373e+03 4.44534225e+01 6.29588965e+03 3.95696338e+03
 1.34702408e+02 3.26992302e+01 3.46031680e+04 2.34370022e+01
 1.35804941e+04 7.12682983e+02 1.09731102e+02 5.29284592e+01
 3.72455505e+02 1.31413612e+01 1.94998428e+02 5.49419899e+01
 4.01206818e+01 1.36542465e+02 2.46837921e+01 3.06954285e+02
 7.52834015e+01 6.68968201e+02 7.90750781e+03 2.03781815e+02
 1.26480933e+03 2.64161892e+01 4.69818344e+01 2.21478119e+01
 1.32809105e+01 1.02071142e+01 1.16519141e+03 6.00849457e+01
 6.08435402e+01 3.65151611e+02 1.25410195e+04 5.51053047e+04
 4.24073744e+00 5.49613113e+01 2.53396034e+00 2.12838989e+03
 6.29569946e+02 9.55927734e+03 1.03218579e+03 2.05509497e+03
 3.04590721e+01 1.60361984e+02 6.53485596e+03 1.26563281e+04
 1.75681094e+04 5.90039635e+01 1.36339575e+03 7.51569153e+02
 1.45458908e+02 3.62045593e+01 1.10702246e+03 6.74708008e+02
 1.09495224e+02 3.34493701e+03 5.62314575e+02 3.23122120e+00
 3.15766162e+03 1.83297491e+00 2.04698151e+02 4.21613678e+02
 5.71822977e+00 3.80358691e+03 2.19927216e+02 7.19377232e+00
 2.50491238e+01 2.21246004e+00 5.07503693e+02 1.01943665e+02
 9.02208301e+03 1.27175255e+02 7.38150864e+01 3.08696035e+04
 2.01732178e+02 7.72901611e+01 5.65132976e-01 7.77951584e+01
 1.83064232e+01 6.37886475e+02 4.78129414e+04 6.86392822e+01
 6.24848022e+02 2.03263733e+03 4.35527783e+03 1.71623755e+00
 7.04621429e+01 9.22851181e+00 3.45088387e+01 4.82594971e+02
 2.52544336e+03 9.32847168e+02 3.58816523e+04 1.15890210e+03
 1.28285376e+03 2.90257969e+01 1.81789093e+01 7.43839905e+02
 9.59875641e+01 1.19312811e+01 2.34917529e+03 5.63394737e+01
 2.02749854e+03 2.33674707e+03 2.45554662e+00 4.23203461e+02
 6.71423798e+01 9.05303027e+03 6.25926552e+01 5.97570361e+03
 1.24569534e+02 8.10283947e+00 1.14480581e+01 1.49787231e+02
 2.89142700e+02 6.22693157e+00 6.85786475e+03 1.55152769e+01
 8.39359070e+02 3.83419132e+00 3.08339600e+03 1.26723987e+03
 1.28697519e+01 5.50981104e+03 2.12458878e+01 2.00166893e+01
 1.06908369e+04 7.21982880e+01 1.49472412e+03 6.25737244e+02
 3.58374194e+03 7.40923594e+04 5.58309692e+02 1.43162527e+01
 2.96734570e+03 1.10860693e+03 1.00225897e+03 5.14275586e+03
 1.08789673e+03 6.11190529e+01 2.37655859e+03 7.38966827e+01
 2.49110352e+03 1.93231970e+03 3.32358867e+04 2.21289062e+03
 1.98078027e+03 4.34228125e+03 6.68419556e+02 4.01914253e+01
 2.04969864e+02 7.64067001e+01 7.95608187e+00 4.24484253e+01
 2.38118011e+02 1.06364136e+03 1.78663055e+02 8.70059668e+03
 4.17628899e+01 3.27059097e+01 1.14408179e+03 3.29695312e+03
 1.36782211e+02 2.95337866e+03 1.22725293e+04 4.50708038e+02
 4.44681702e+01 5.69958725e+01 2.06391914e+04 4.41661172e+04
 1.06424957e+02 1.25394573e+01 6.14198685e+00 4.65719872e+01
 2.48550024e+03 4.06672783e+01 1.42774781e+05 2.49979858e+03
 1.01755920e+02 8.85245743e+01 9.59742285e+03 1.58142700e+01],5544.2656,[2.08912216e+02 2.26877457e+02 1.15690186e+02 6.87968140e+02
 9.33364105e+01 5.90953164e+04 5.46010803e+02 1.40843511e+00
 3.53598315e+03 1.58301006e+04 4.87823639e+02 4.78277930e+04
 1.12490977e+04 1.50780136e+02 8.48723047e+03 2.45961595e+00
 5.27563763e+00 6.23150208e+02 3.12822304e+01 5.58848999e+02
 2.15518600e+02 2.15315842e+02 5.41626778e+01 9.37722092e+01
 8.74358594e+03 4.92689037e+00 7.62002258e+02 8.75388281e+03
 1.10483630e+03 2.85897064e+01 3.31887512e+02 5.24851807e+02
 2.74166946e+01 1.12536552e+02 6.15789795e+01 8.34851742e+00
 1.34897046e+03 2.24010352e+04 4.48265820e+03 2.93985596e+03
 3.95515703e+04 2.79701343e+03 5.35697949e+03 5.87076538e+02
 3.12200050e+01 7.78951198e-02 7.68479346e+03 8.48798730e+03
 2.14863312e+02 1.56827332e+02 4.58916211e+03 2.08522568e+01
 6.12462807e+00 4.72654057e+00 1.44763699e+01 4.79603668e+02
 2.93728540e+03 1.44415771e+02 1.15808203e+03 3.42636566e+02
 2.50749302e+01 1.34807178e+03 3.64110938e+04 6.45201778e+00
 2.75693535e+04 1.96739407e+01 4.44984016e+01 7.25439844e+03
 1.74202514e+00 3.80506945e+00 6.96457863e+00 1.94874832e+02
 1.53640649e+03 1.20379890e+02 2.28150586e+03 4.82281934e+03
 1.00201927e+02 1.04295921e+00 3.03456582e+04 1.58899403e+01
 2.03867012e+04 3.77349414e+03 4.82779770e+01 9.01392746e+00
 7.19416016e+02 3.82995439e+00 1.45245337e+03 2.90527096e+01
 3.13685551e+01 1.56610397e+02 2.60883212e+00 2.43275040e+02
 4.94867592e+01 1.66108020e+03 6.12516113e+03 1.41950989e+02
 5.94782654e+02 1.57980833e+01 6.36089478e+01 5.84536314e+00
 1.82312813e+01 1.62541977e+02 9.61992981e+02 1.14014847e+02
 4.85786819e+00 5.82600647e+02 5.06157129e+03 2.99417637e+04
 2.87693667e+00 2.09731216e+01 1.98677897e+00 1.23844434e+03
 1.01024512e+03 1.02506592e+04 1.72370740e+03 1.22572681e+03
 3.92797318e+01 1.60393768e+02 3.61984924e+02 1.26998926e+04
 9.82805859e+03 5.76987305e+01 1.74796912e+03 9.91488708e+02
 4.23235779e+02 1.08043039e+00 8.39423706e+02 5.23493164e+02
 2.36137100e+02 3.10945386e+03 5.48450134e+02 4.25652075e+00
 8.00217896e+02 1.02315199e+00 3.54282196e+02 4.49543610e+02
 1.59154129e+00 3.50588525e+03 2.61203857e+02 1.59915984e+00
 5.21137047e+00 5.05083084e-01 4.20651367e+02 4.00081421e+02
 5.22138281e+03 4.14187355e+01 1.64541290e+02 2.23063379e+04
 1.34512146e+02 9.44916382e+01 5.69040418e-01 3.69658203e+02
 6.67823181e+01 2.60581989e+01 4.87330977e+04 3.28011441e+00
 3.48023468e+02 2.52456128e+03 1.36317578e+03 6.84982061e+00
 5.80779419e+01 1.04954453e+01 2.76450691e+01 3.03699860e+02
 4.27174316e+03 3.57871460e+02 3.57055625e+04 1.10834717e+03
 6.89730347e+02 1.39388981e+01 1.12763115e+02 3.12577057e+02
 2.09080009e+01 3.60346619e+02 1.43066574e+02 8.76162109e+01
 8.77238770e+02 2.11781128e+03 1.86131439e+01 4.15828583e+02
 9.84827652e+01 8.90655469e+03 1.00004163e+03 2.82020898e+03
 4.59659180e+02 8.03485298e+00 3.92925262e+00 1.65057953e+02
 4.34775391e+02 3.65111008e+01 5.96023438e+02 1.88788147e+01
 7.66302795e+02 1.42915815e-01 4.87124414e+03 7.02059082e+02
 3.55483365e+00 7.25087341e+02 1.37131233e+01 3.16951542e+01
 1.27420586e+04 1.03832645e+01 9.93111725e+01 3.96339020e+02
 7.49561844e+01 5.22979531e+04 4.75023682e+02 1.80177326e+01
 3.60687158e+03 1.46823071e+03 7.55356934e+02 4.41451855e+03
 1.82781641e+03 8.20794220e+01 3.38069434e+03 3.99025955e+01
 3.90417824e+01 6.42505811e+03 2.90434316e+04 2.61441223e+02
 1.15455273e+03 4.15253369e+03 6.39282593e+02 2.27062092e+01
 2.46814148e+02 8.84437485e+01 1.73442936e+01 4.32074356e+01
 5.30356445e+02 1.18137988e+03 3.31374512e+02 1.08510020e+04
 1.35773716e+01 5.41100578e+01 1.84100574e+03 1.43547900e+03
 1.56436829e+02 5.64303467e+03 1.50000312e+04 1.29229164e+01
 1.03693161e+02 1.43942398e+02 8.43115234e+03 3.27493774e+03
 1.84733841e+02 5.38826287e-01 2.73295250e+01 1.26703358e+01
 4.84465271e+02 4.02248669e+00 1.33151359e+05 2.61115601e+03
 1.40415833e+02 2.51602440e+01 1.30457168e+04 1.49495735e+01],-975.43787,-1045.3972,-1356.8892,1.02752,1.1662581,0.8595307,0.92740375,0.015104674081802369,11616.41010594368,0.125,0.125,0.07421145879156603,1.0380337155729836e-14,0.07421145879156603,1.5618458221837895e-14,0.35777720083380693,25.249999999996884,0.0,750000.0,-10.0,-5000.0,500.0,7.643982410430908,750000
1010.80206,0.032052316,0.012292514,0.0016723134,-1010.6471,1010.6471,[9.04266834e-02 5.60741760e-02 5.63588738e-03 4.11235034e-01
 1.56073309e-02 6.27584755e-02 6.51081353e-02 5.96647203e-01
 5.40717579e-02 7.06397742e-02 9.20417011e-02 6.00679889e-02
 4.93635014e-02 5.52026369e-02 1.03506088e-01 1.04844406e-01
 2.41324641e-02 2.59745307e-02 5.49779117e-01 3.37698199e-02
 1.06830090e-01 5.42715564e-02 4.04734761e-02 4.37872559e-02
 6.39658272e-02 2.58051045e-02 8.04916620e-02 5.13773747e-02
 4.87826467e-02 9.83875543e-02 5.25135547e-02 5.31022027e-02
 8.72691125e-02 4.73417528e-02 4.62545641e-02 4.22636755e-02
 4.36164029e-02 1.63070112e-01 6.86107725e-02 7.67951310e-02
 7.16474652e-02 1.52436681e-02 1.98196210e-02 6.16158582e-02
 9.74004269e-02 1.05831027e-01 6.39089420e-02 6.03801757e-02
 7.98595101e-02 6.61205128e-02 4.15971354e-02 1.00264341e-01
 1.05331182e-01 5.08216955e-02 6.44730181e-02 1.21188566e-01
 6.80113584e-02 7.93428421e-02 5.54910973e-02 2.81643778e-01
 3.21728475e-02 8.66458714e-02 3.94638598e-01 1.15863234e-01
 7.48872012e-02 2.00354233e-02 1.15872622e-01 5.44387437e-02
 6.68669343e-02 2.45706722e-01 9.78674442e-02 7.64168650e-02
 8.09337711e+00 6.38481528e-02 4.72629929e+00 3.94667685e-02
 8.00631940e-02 6.81192577e-02 8.32919478e-02 7.59785026e-02
 7.38088787e-02 2.39099279e-01 1.87962249e-01 9.49456692e-02
 3.76187831e-01 1.21509179e-01 9.56624389e-01 4.83657718e-01
 6.84922338e-02 3.23450752e-02 6.27479330e-02 1.19891763e-02
 1.80841774e-01 6.63826466e+00 1.05589703e-01 8.63647163e-02
 2.45742686e-02 9.69539881e-02 6.37323093e+00 9.62996036e-02
 1.49005264e-01 8.49346966e-02 1.06368095e-01 2.98336148e-02
 2.56665237e-02 5.70320524e-02 1.12277955e-01 8.68412256e-02
 1.62515092e+00 4.72420342e-02 3.85576677e+00 6.84149712e-02
 1.07201770e-01 1.35598898e-01 6.45101145e-02 7.19013810e-02
 1.00282267e-01 9.13136303e-02 8.22988898e-02 5.53737618e-02
 3.68029624e-02 2.43248045e-02 4.54991497e-02 9.72194821e-02
 1.80345960e-02 5.43910339e-02 5.75064309e-02 5.02541214e-02
 7.61645436e-02 2.36085430e-02 1.17278472e-01 8.09512377e-01
 4.14877713e-01 8.78155380e-02 2.07941914e+01 1.64525405e-01
 4.47573811e-02 1.35385737e-01 6.66951835e-02 2.66247094e-02
 8.41850191e-02 1.22870222e-01 2.85164453e-02 1.10898405e-01
 7.52097070e-02 6.83663487e-02 6.23047389e-02 2.74387598e-02
 1.31245449e-01 7.24851936e-02 8.11549723e-02 2.96854258e-01
 7.02936426e-02 1.10241115e-01 1.07774317e-01 7.34986514e-02
 1.86221674e-02 2.44310871e-02 5.54535165e-02 6.49432540e-02
 1.08459830e-01 8.65881741e-02 4.46671546e-02 3.53453755e-01
 1.06059939e-01 6.76193982e-02 1.03728428e-01 3.56915779e-02
 1.11608893e-01 8.68537426e-02 7.04430193e-02 4.33924235e-02
 1.59285617e+00 3.04997154e-02 1.64693370e-02 3.95519304e+00
 5.46131469e-02 1.24027765e+00 6.01056591e-02 6.65103644e-02
 4.64641824e-02 4.99709919e-02 6.83236718e-02 5.18497415e-02
 7.74685591e-02 1.26152635e-01 3.33560348e-01 2.56579705e-02
 2.80333757e-02 7.58655071e-02 2.95864418e-02 1.07700109e-01
 8.01211968e-03 1.13591945e+00 9.18472111e-02 3.22304916e+00
 8.81342292e-02 4.50779684e-02 8.08533430e-02 8.18161070e-02
 1.93310559e-01 1.18832156e-01 4.50544894e-01 1.02957606e-01
 7.55304396e-02 5.74975014e-02 7.47224092e-02 6.34364039e-02
 1.45393461e-01 4.15892750e-02 1.85854638e+00 6.99630380e-02
 5.93071319e-02 6.38461560e-02 1.17353141e-01 7.87665695e-02
 3.17219377e-01 6.96992427e-02 7.66936243e-02 5.99103160e-02
 2.94023938e-02 3.58847752e-02 9.57058072e-02 7.39410669e-02
 1.31402045e-01 1.09139711e-01 3.81541625e-02 1.00866914e-01
 9.83762145e-02 4.73321117e-02 1.40699461e-01 7.13506117e-02
 7.37496167e-02 5.00005037e-02 6.72776103e-02 6.85604885e-02
 5.81519939e-02 4.86537218e-02 8.09406042e-02 2.03834176e-01
 3.34236979e-01 4.33379002e-02 7.58385807e-02 1.02799267e-01
 9.01499093e-02 5.61019517e-02 8.94077420e-02 8.94553363e-02
 3.06413844e-02 5.66087723e-01 1.48577422e-01 1.26341730e-01
 1.03918314e-01 1.04043104e-01 1.14373118e-01 1.87710381e+00],0.4053705,[3.30886394e-02 3.17336805e-02 1.04104169e-02 3.91045213e-03
 2.35690363e-02 2.63296738e-02 2.07651891e-02 6.90170467e-01
 8.22157413e-03 2.19471455e-02 3.14187445e-02 1.22439340e-02
 2.04469450e-02 2.57027633e-02 1.64533742e-02 1.72758475e-02
 6.46416098e-03 6.81183115e-03 2.30160356e-01 7.91139156e-03
 2.07672194e-02 2.30354741e-02 8.39151815e-03 2.86834128e-02
 4.47982922e-02 7.76950270e-03 4.70385887e-02 1.89782679e-02
 1.62475146e-02 8.59811455e-02 2.11630352e-02 1.98383816e-02
 2.77123787e-02 8.34936276e-03 4.33652475e-03 4.37787175e-03
 7.77627900e-03 3.55999358e-02 1.85007192e-02 4.71449830e-02
 1.16521120e-02 3.42007317e-02 1.92014724e-02 1.90101862e-02
 2.25410238e-02 2.26004794e-02 1.89924613e-03 3.14763263e-02
 4.67548110e-02 1.56039931e-02 1.46441534e-02 2.08821893e-02
 2.89218314e-02 5.74458390e-03 2.98890211e-02 1.93804540e-02
 2.10154057e-02 2.51973942e-02 2.59434320e-02 2.60894835e-01
 1.07010156e-02 1.49958022e-02 2.16518678e-02 2.09362656e-02
 1.42622180e-02 6.38798252e-03 2.14906223e-02 1.02113523e-02
 1.47717930e-02 1.31063551e-01 1.79336816e-02 5.11470810e-02
 1.21274662e+01 2.50000693e-02 1.74489953e-02 2.63400376e-03
 3.31882276e-02 2.38566585e-02 2.43000574e-02 2.12839581e-02
 2.54402757e-02 1.01869851e-01 6.82318211e-02 2.00980455e-02
 9.82486978e-02 1.82826556e-02 6.03051901e-01 1.51413083e-02
 3.09615619e-02 7.89103657e-02 2.56090946e-02 1.77845694e-02
 2.59512603e-01 6.12949207e-03 2.45157853e-02 4.80754413e-02
 8.84616747e-03 4.70189042e-02 7.89270592e+00 4.64040413e-02
 8.02828372e-02 2.83310004e-02 4.22311611e-02 1.65099874e-02
 1.14035860e-01 9.82934237e-03 4.72873822e-02 3.58172096e-02
 2.45148577e-02 3.57795693e-02 7.08758712e-01 3.33830006e-02
 1.95156373e-02 2.58783177e-02 1.70086510e-02 1.39263645e-02
 2.10464634e-02 3.79448570e-02 5.18135466e-02 1.95079781e-02
 1.69273801e-02 6.40218332e-03 2.50454322e-02 4.14951518e-02
 1.98814645e-03 2.43441015e-02 1.40501000e-02 1.11239590e-02
 3.56433578e-02 7.20793754e-03 2.07768567e-02 8.29419643e-02
 3.06583047e-02 2.09776498e-02 3.30863152e+01 3.18342820e-03
 9.25192609e-03 5.51324636e-02 2.38253959e-02 7.20155984e-03
 1.09890401e-01 4.28654738e-02 6.83271885e-03 3.74731608e-02
 2.33423896e-02 3.22789028e-02 1.53503157e-02 5.52870706e-03
 2.76873447e-02 1.59490146e-02 2.25774236e-02 6.81485236e-03
 2.29852945e-02 1.75902024e-02 3.86303961e-02 2.64904387e-02
 4.50678542e-03 5.89937717e-03 2.00178698e-02 4.19909135e-02
 2.35183872e-02 3.14027071e-02 1.87606700e-02 8.75881612e-02
 1.80428103e-02 1.52220912e-02 4.32907231e-02 1.09574087e-02
 3.47551890e-02 4.66050990e-02 1.08903088e-02 9.40142944e-03
 8.90955701e-03 8.63121822e-03 3.09398212e-02 2.31861509e-02
 2.65396014e-03 5.43739140e-01 2.73718722e-02 2.29898877e-02
 7.30639696e-03 1.79839022e-02 1.66304410e-02 2.02024318e-02
 3.36924940e-02 3.79517116e-02 8.31218213e-02 1.73747726e-02
 5.64186648e-03 2.59861052e-02 8.17148760e-03 2.77435780e-02
 1.91137977e-02 1.46837926e+00 2.84666196e-02 7.94549286e-01
 4.24075872e-02 1.76447518e-02 3.31185497e-02 3.43310177e-01
 3.51114646e-02 2.43230052e-02 1.64299145e-01 3.30540277e-02
 3.52180041e-02 1.42164528e-02 1.45211108e-02 2.47042812e-02
 9.52286422e-02 2.12801136e-02 5.77117875e-03 3.89546901e-02
 1.55426301e-02 3.58156897e-02 3.81656885e-02 2.94881798e-02
 5.72314084e-01 2.14773789e-02 2.46847346e-02 2.30648816e-02
 5.97596541e-03 2.50317156e-03 4.23988886e-02 4.02012356e-02
 5.04262932e-02 3.51159461e-02 5.22352010e-03 2.45023854e-02
 1.82796493e-02 3.00140567e-02 3.69032659e-02 1.36186630e-02
 2.94936076e-02 9.21182707e-03 5.28455153e-02 1.51523985e-02
 2.39506997e-02 9.57847014e-03 2.01805010e-02 5.47177382e-02
 4.04707938e-02 1.24499090e-02 2.67765597e-02 2.24970877e-02
 3.29854526e-02 3.60077992e-02 4.51935120e-02 1.19602978e-02
 8.02141801e-03 2.81948932e-02 2.41400674e-02 4.45663370e-02
 2.09125467e-02 1.76176801e-03 3.76853682e-02 1.00939609e-02],-977.6277,-1011.7095,-1160.3228,1.0000436,1.0137534,0.99747425,0.92556053,24.045006,-55.32862,138.41928,1039.034,1.5738928,0.30054662,0.150061,-1034.4547,1034.4547,[5.72779922e+01 1.23487939e+03 7.94572217e+03 3.06874771e+01
 6.67072559e+03 6.67848877e+03 5.64162779e+00 3.07645931e+01
 3.33991328e+04 9.27642059e+00 6.89800568e+01 1.57380408e+03
 1.63075732e+04 4.58296484e+04 1.04859607e+03 4.97000537e+03
 7.13997602e-01 1.87108660e+00 2.53245010e+01 8.12165146e+01
 3.56211151e+02 3.34577751e+01 8.49051208e+02 1.53181299e+04
 3.07913723e+01 2.87764336e+04 2.89069863e+04 1.18326709e+03
 2.20705688e+02 7.87600632e+01 6.70286523e+03 1.47430296e+01
 3.18673767e+02 2.42271484e+04 3.31893826e+00 1.36709778e+02
 4.36359033e+03 7.91741882e+02 4.08443832e+00 2.89724884e+01
 5.49086761e+01 3.24592334e+03 1.54513623e+03 4.59669775e+03
 8.33699646e+02 3.62294849e+03 3.51440674e+02 3.38114844e+04
 1.65710137e+04 6.19643021e+01 4.80264702e+01 3.13904883e+04
 2.87364868e+03 2.84597378e+01 1.29875092e+02 9.53884201e+01
 5.91610229e+02 1.36329975e+01 2.51663232e+03 1.10286143e+04
 5.98364906e+01 2.25423901e+03 1.31614578e+02 7.23430405e+01
 3.32406250e+02 1.68293671e+02 7.07170593e+02 4.92334839e+02
 1.54506470e+02 8.45116806e+00 7.70233154e+03 3.65546417e+01
 2.12538008e+04 2.67658228e+03 5.06805534e+01 8.87960156e+03
 3.70144069e-01 6.73242645e+01 3.86164612e+02 8.26653931e+02
 8.42548447e+01 3.92174780e-01 2.38024160e+04 1.66110889e+03
 2.73320937e+00 3.63472176e+01 6.71729395e+03 7.69247375e+02
 1.65697006e+02 6.07781543e+03 7.09302750e+01 6.29812683e+02
 8.47753601e+01 2.14774303e+01 5.62474976e+02 1.83245575e+02
 2.48893604e+03 1.14325897e+02 1.62367382e+01 1.11241516e+02
 8.93447388e+02 5.50625381e+01 2.63161240e+01 5.84324112e+01
 8.73515472e+01 6.99424896e+01 3.74597900e+02 6.25490283e+03
 1.25894539e+02 1.37175283e+01 7.93896790e+02 2.58337688e+00
 3.83972168e+01 5.55292368e-01 1.36510376e+02 7.77094238e+02
 1.38094772e+02 1.55078516e+04 6.23627205e+01 1.71444336e+03
 5.07471100e+02 2.82995264e+03 5.07925879e+03 3.18399727e+04
 4.61991196e+01 2.42269577e+02 1.96585388e+01 6.41047058e+01
 1.70148652e+04 1.23599266e+02 4.98211403e+01 5.00733337e+01
 1.20014062e+03 6.34664774e-01 2.14117871e+03 5.56910156e+03
 6.90213318e+02 5.44546509e+02 2.13027725e+02 2.04070415e+01
 3.28509674e+01 2.78220367e+02 2.30181035e+04 2.81886749e+01
 3.56277695e+01 6.69314209e+03 5.58310165e+01 4.67926331e+01
 1.72258105e+03 3.28853416e+01 1.73872510e+03 4.62320175e+01
 3.17251709e+02 1.91042188e+03 2.12022568e+02 2.85708961e+01
 1.23145035e+02 1.45964551e+03 1.54558525e+04 4.64837207e+03
 2.56724701e+02 3.26110742e+03 1.87467344e+05 1.85684311e+02
 1.32985645e+04 1.42755225e+03 1.14022057e+02 1.22325427e+03
 6.28112869e+01 7.26424637e+01 1.99727478e+01 2.28728652e+00
 7.29734955e+01 4.61139107e+01 1.57060242e+02 3.46507891e+04
 4.07333936e+03 8.69736576e+00 2.05307056e+03 2.71139795e+03
 4.96951953e+03 1.67009973e+03 3.54874766e+04 4.21701172e+02
 5.22022781e+01 2.97718353e+02 2.42608770e+04 4.99922949e+03
 7.34963379e+02 2.70665552e+03 2.06649238e+04 5.14729195e+01
 9.72266912e-01 9.32731250e+03 1.19264221e+03 1.34704077e+03
 1.81087842e+03 6.81434814e+03 1.56728833e+03 4.72863245e+00
 1.08139786e+02 1.56581554e+01 3.38850586e+02 4.22391992e+03
 1.14711938e+03 4.02095337e+03 3.95703125e+01 1.65212769e+02
 2.24730453e+01 9.53460449e+03 2.50021797e+04 1.88101680e+04
 8.96475403e+02 3.59675865e+01 1.19003135e+04 1.38406769e+02
 1.98900375e+01 1.60272595e+03 1.50814621e+02 2.40351484e+04
 1.94319973e+01 1.02933502e+01 1.69869110e+02 5.85942200e+02
 3.89191172e+04 5.03952255e+01 1.84938919e+02 1.25687305e+03
 4.43508034e+01 4.64187317e+01 7.93563867e+03 2.81331818e+02
 1.06748550e+02 2.33252869e+01 2.16191086e+02 6.17701611e+03
 7.74152374e+01 3.24070850e+03 9.17224731e+01 5.63720856e+01
 6.33544238e+03 9.19206970e+02 2.34406906e+02 1.91389740e+02
 1.81224785e+04 4.34150085e+02 4.94735031e+01 1.70202927e+02
 2.66290527e+03 2.44641235e+02 4.71074768e+02 5.13089111e+02
 8.58579254e+01 7.66714258e+03 6.27068520e+00 6.44156250e+03],6013.213,[2.45997412e+03 6.99773865e+02 1.07010488e+04 1.30075000e+03
 4.92576318e+03 8.23678516e+03 2.84892845e+00 3.94545212e+01
 4.87410889e+03 2.55306091e+01 1.69091095e+02 1.36304785e+03
 7.87298779e+03 4.29653047e+04 9.58457336e+02 5.30376416e+03
 4.31524849e+00 1.26060891e+00 1.78751640e+01 3.72566490e+01
 2.98188202e+02 3.24186516e+01 5.99603943e+02 1.36973857e+04
 7.40906477e+00 3.10458633e+04 2.39167871e+04 1.53744458e+03
 1.56500702e+02 7.88962860e+01 4.93247998e+03 2.54549084e+01
 1.91286758e+02 2.32111641e+04 1.25058937e+01 1.62743988e+02
 4.16340088e+03 6.33454651e+02 1.24947810e+00 1.84875345e+00
 2.10599022e+01 1.55685083e+03 3.95133398e+03 4.71021680e+03
 7.29450745e+02 5.07006104e+03 2.83487854e+02 6.33943750e+03
 1.66956094e+04 5.49098320e+01 4.85419235e+01 1.49270508e+04
 2.79751984e+02 2.17408714e+01 1.23025604e+02 8.67711670e+02
 7.88501831e+02 1.04119606e+01 4.57082031e+03 9.88246484e+03
 2.15229683e+01 9.74606201e+02 6.41780853e+01 2.84241848e+01
 6.33892029e+02 5.77250328e+01 9.59458862e+02 4.70204803e+02
 6.22736168e+01 4.60087204e+00 6.41146777e+03 4.16561584e+01
 2.31813633e+04 3.21877124e+03 4.52998505e+01 5.22730713e+03
 5.18697834e+00 9.03301315e+01 7.85966736e+02 9.71334106e+02
 3.55437393e+01 7.05907974e+01 2.20214531e+04 1.61530359e+03
 1.77753949e+00 4.11196289e+01 9.11405371e+03 4.96221289e+03
 1.65909973e+02 4.55933203e+03 8.27014160e+01 7.84248535e+02
 1.86422520e+01 1.69504571e+00 6.55064514e+02 1.97504379e+02
 2.04965967e+03 7.21505966e+01 1.01065168e+01 2.21280556e+01
 1.40354968e+03 2.38745316e+02 3.49760246e+01 6.41876297e+01
 8.82581177e+01 6.97003098e+01 3.25487366e+02 7.16921094e+03
 5.40728836e+01 3.07799187e+01 4.83979553e+02 1.45007086e+00
 5.23446732e+01 1.58346963e+00 2.10878868e+01 7.97062744e+02
 1.32195526e+02 1.48547754e+04 3.39124632e+00 3.05315845e+03
 3.28193390e+02 2.68762256e+03 6.77739893e+03 4.13871406e+04
 5.14410019e+01 3.04008453e+02 8.66289139e+00 6.79070511e+01
 1.50183086e+04 3.79130933e+03 4.11436577e+01 3.15554428e+01
 1.66163721e+03 2.01161361e+00 5.09871704e+02 5.56112500e+03
 5.60005554e+02 1.23004089e+03 2.50497665e+02 8.44093800e+00
 4.34277916e+01 2.27064728e+02 5.08710469e+04 2.24331024e+02
 3.02768745e+01 6.81289014e+03 1.42309799e+01 2.09264641e+01
 1.37509155e+03 8.94241333e+01 2.19331323e+03 5.59272308e+01
 2.87277740e+02 1.85049487e+03 2.42675690e+02 1.86652908e+01
 7.40289001e+01 4.63744629e+03 9.86122168e+03 5.00607178e+03
 1.10190460e+02 3.29479321e+03 1.90473438e+05 1.74568176e+02
 9.06114551e+03 1.25083496e+03 1.45235901e+02 9.41203491e+02
 2.71983967e+01 3.17311802e+01 9.29777145e+00 2.51503205e+00
 2.82047331e-01 8.30504322e+00 2.65444794e+02 2.88940645e+04
 2.38579077e+03 9.66370869e+00 1.48094678e+03 3.94629590e+03
 3.30890234e+03 1.04934326e+03 4.04276133e+04 5.21271729e+02
 7.47357082e+00 6.35620850e+02 2.99910625e+04 4.77933447e+03
 2.90992851e+01 2.20331592e+03 1.57535215e+04 1.75817966e+01
 1.40634286e+00 6.66994873e+03 1.40101453e+03 1.83514478e+03
 2.43100952e+03 3.13428369e+03 1.89048181e+03 6.29945612e+00
 8.04335499e+00 3.83225441e+01 3.47614014e+02 2.22123169e+03
 1.60911914e+03 5.72843066e+03 1.08232021e+01 8.64738464e+01
 4.87778053e+01 2.51090039e+03 2.12232051e+04 1.80550742e+04
 7.51361816e+02 7.72244873e+01 1.10118594e+04 4.11802750e+01
 1.58173771e+01 1.41078394e+03 1.90448715e+02 1.61457490e+04
 6.06466961e+00 1.62139473e+01 2.98796722e+02 1.08816992e+03
 3.82973008e+04 7.10766525e+01 2.52655182e+02 1.23419006e+03
 1.57721767e+01 4.26807671e+01 3.91043555e+03 3.68303284e+02
 1.70235123e+02 8.55216599e+00 2.13762436e+02 5.08582129e+03
 1.28164215e+02 1.09930420e+03 5.37051678e+00 3.41812439e+01
 6.98475195e+03 6.82308777e+02 1.90526138e+02 1.60961731e+02
 1.10411875e+04 1.05675488e+03 6.22162437e+01 7.32462311e+01
 1.44763000e+03 2.18169846e+02 5.33363403e+02 2.97567236e+03
 1.38463058e+02 6.55237109e+03 1.29616451e+01 4.24082275e+03],-975.17316,-1056.0183,-1346.5247,0.99840647,1.1817445,0.8627812,0.9253719,0.015877364044189452,12013.34422135353,0.125,0.125,-0.23763653969259851,0.0001181415509857232,-0.23762450339462587,0.00021514456984262693,-1.0213201049017893,25.249999999996884,0.0,775000.0,-10.0,-5000.0,500.0,7.541475057601929,775000
1009.8884,0.039576024,0.015323587,0.0014503766,-1009.6956,1009.6956,[2.32381970e-02 3.55876163e-02 1.15103698e+00 3.66751887e-02
 4.12706286e-03 7.04270601e-03 6.28703237e-02 4.29358222e-02
 3.80513757e-01 4.23987582e-02 7.89095461e-03 2.31908634e-01
 2.85280719e-02 6.12064153e-02 5.66440225e-01 9.91524011e-03
 6.28724247e-02 1.03706777e-01 6.42187148e-03 2.30845511e-02
 1.89991072e-02 3.44604921e+00 9.62231755e-01 4.50378433e-02
 3.92891355e-02 6.54856414e-02 6.09076396e-03 1.08222038e-01
 6.42189234e-02 8.26521814e-02 5.15100993e-02 5.32437116e-02
 1.07641704e-02 6.38803989e-02 1.66608393e-03 5.91289997e-03
 3.90249491e-02 4.14483404e+00 2.33281404e-02 3.80924344e-02
 7.48528600e-01 6.51943684e-02 1.21859089e-02 4.57762852e-02
 9.00007784e-03 1.11232176e-02 6.74299359e-01 1.75740421e-01
 4.23852988e-02 5.09577170e-02 1.60664357e-02 1.74389817e-02
 2.54898453e+00 2.03910112e-01 1.46906748e-02 9.18049365e-03
 1.07887161e+00 8.50314870e-02 1.16616279e-01 2.01129057e-02
 2.43758512e+00 1.85094476e-02 8.37214291e-03 3.21788597e+00
 2.37401783e-01 1.59313187e-01 4.99885567e-02 1.88425183e-02
 5.28382137e-03 2.50479126e+00 3.12368348e-02 1.10814720e-02
 2.05888748e-02 2.91279703e-03 1.22513063e-02 1.87041208e-01
 6.02402806e-01 1.51358731e-02 2.09578574e-02 4.13694158e-02
 2.86114514e-02 4.50775003e+00 2.52767988e-02 9.16983247e-01
 1.11352280e-02 5.36406413e-02 5.95788434e-02 6.30644709e-03
 2.01916881e-02 2.25817934e-02 6.95947781e-02 1.71303041e-02
 2.07366683e-02 1.19231082e-02 1.09997988e-02 5.45409694e-02
 1.07626058e-02 8.90273601e-03 1.00469142e-02 6.11172989e-03
 3.82612050e-02 1.22627929e-01 5.55493951e-01 5.94400503e-02
 9.88140702e-03 4.89369035e-03 1.91933699e-02 6.32181764e-05
 8.65126029e-03 1.55401304e-02 4.87358309e-02 2.13453560e+01
 2.46159941e-01 1.45994313e-02 7.22009987e-02 9.89017263e-03
 6.54041409e-01 5.10821491e-03 2.45633423e-02 1.27673656e-01
 1.75430253e-02 1.53926209e-01 6.07785061e-02 4.46671993e-03
 1.32088661e-02 5.47299385e+00 3.98869753e-01 2.53711567e+01
 4.76269200e-02 1.12910252e+01 1.00738108e-02 1.18245542e-01
 1.25755578e-01 1.53583241e+00 1.66046172e-02 4.58649546e-02
 1.83261223e-02 4.76004183e-03 1.68765225e-02 1.38468295e-02
 8.59767199e-03 5.56302071e-02 4.78757173e-03 2.40928121e-02
 1.31757811e-01 8.41197744e-03 1.86179474e-01 1.46378219e-01
 4.17600311e-02 1.71927400e-02 1.55622400e-02 1.57503970e-02
 1.52490027e-02 6.68397665e-01 2.91056819e-02 2.42536142e-02
 3.50226462e-02 1.29160464e-01 1.40360743e-02 4.07862216e-01
 1.46925449e-02 5.58160916e-02 1.46535784e-01 1.93984166e-01
 5.88671714e-02 1.08151212e-02 8.38441402e-02 5.16224280e-02
 1.18032098e-02 2.77069993e-02 3.97609957e-02 7.32583180e-03
 3.20031717e-02 1.36596598e-02 4.06373292e-04 6.43752664e-02
 2.22420514e-01 1.04479343e-02 7.58698285e-02 3.54464725e-03
 2.32351013e-02 2.04612054e-02 1.85293332e-02 4.41986322e-02
 1.56133920e-02 1.53755695e-02 1.22068262e+00 1.16994977e-02
 3.78172487e-01 1.42590308e+00 3.62847522e-02 1.67438574e-02
 2.51518637e-01 4.98704493e-01 2.41583958e-02 7.95328915e-01
 4.05836739e-02 2.38385983e-02 9.64817703e-02 7.70979524e-02
 3.02710719e-02 1.94673426e-02 8.61556083e-03 1.86761357e-02
 5.36726788e-03 1.78711154e-02 6.67605177e-03 1.27977282e-02
 3.32481414e-02 5.64634800e-02 2.06122547e-03 1.34961791e-02
 2.85592079e-02 1.34870112e-02 1.87452510e-02 3.73540223e-02
 4.42873575e-02 4.95754555e-02 5.30711561e-03 3.02650005e-01
 9.37748700e-02 4.52150404e-02 2.64066830e-02 2.46382505e-02
 4.41135466e-03 1.61897726e-02 1.07664056e-02 5.24826813e+00
 5.80433756e-03 2.19109133e-02 5.40574074e+00 5.62617302e+00
 1.16556771e-02 1.90453067e-01 1.35366097e-01 6.56027347e-02
 5.18158823e-02 2.02079490e-02 5.15038408e-02 8.32337886e-03
 7.93218762e-02 1.86018087e-02 7.29996711e-03 3.63821164e-03
 1.15825422e-02 1.31951809e+00 4.04478982e-02 5.30828908e-03
 5.87058812e-02 6.68703392e-02 7.85936862e-02 1.01143494e-02
 4.70289961e-03 4.37082723e-03 3.90638411e-03 1.88867040e-02],0.405627,[6.98544458e-03 3.16720083e-03 2.27862187e-02 5.94955683e-03
 2.24271417e-03 3.37548554e-03 1.91402622e-02 1.35817826e-02
 4.21841443e-03 8.81386548e-03 1.80741027e-03 8.26822817e-02
 3.40952352e-03 1.45484693e-02 1.08713284e-03 3.89696658e-03
 1.47897750e-02 3.26513201e-02 5.33238053e-03 3.08344141e-03
 2.85058096e-03 2.81131417e-02 9.58338380e-03 5.06604090e-03
 1.26422942e-02 2.52955593e-02 4.01609018e-03 3.26116383e-02
 3.29155475e-02 3.65262367e-02 4.01449949e-03 1.43587627e-02
 3.42252851e-03 2.36373320e-02 1.92129984e-03 4.71855700e-03
 2.86032259e-03 3.33167613e-03 1.87665597e-03 7.56071880e-03
 3.38398218e-01 1.28365345e-02 3.47689539e-03 8.32770914e-02
 3.22671235e-03 2.37229466e-03 4.01820242e-03 1.88232064e-01
 1.22965872e-02 1.05448067e-02 6.13064319e-03 3.23082879e-03
 4.88717109e-03 5.69229610e-02 2.45114043e-03 1.39505416e-03
 2.64406204e-03 9.75478441e-03 4.46489826e-03 4.27987054e-03
 6.37708977e-03 2.49136984e-03 3.98130715e-03 5.65947965e-03
 9.61765051e-02 3.37535515e-03 1.29866898e-02 5.99081814e-03
 1.68176368e-03 6.76749423e-02 9.81885940e-03 3.62779200e-03
 7.44111836e-03 1.72718242e-03 4.04456630e-03 3.47681716e-03
 7.13820696e-01 2.28185207e-03 4.89639118e-03 1.40861422e-03
 7.43458420e-03 6.30660725e+00 8.81869346e-03 7.42747068e-01
 5.08319214e-03 1.76318176e-02 8.14080238e-03 3.35372984e-03
 3.76351178e-03 8.10501724e-03 1.07120760e-02 4.04613093e-03
 4.31329012e-03 4.77875769e-03 2.18175724e-03 1.13434419e-01
 6.66566193e-03 9.44346935e-03 5.49862534e-03 3.73084843e-03
 9.28044319e-05 5.59003726e-02 4.53224778e-03 1.45202354e-02
 4.50718775e-03 4.59748879e-03 3.55464593e-03 1.24549821e-01
 1.94616988e-03 3.67024913e-03 1.74787655e-01 8.55210876e+00
 9.43198800e-02 4.96791676e-03 1.81962997e-02 1.32778659e-03
 7.13008642e-01 3.33600119e-03 3.46077979e-03 5.40838577e-02
 7.32602552e-03 4.48308140e-02 1.43561512e-02 2.47398391e-03
 5.47734275e-03 2.88471556e+00 2.44957954e-03 1.13140469e+01
 1.27755478e-02 8.85324121e-01 1.53431669e-03 4.16120961e-02
 1.15233660e-01 3.81318107e-03 3.58412042e-03 4.20010835e-03
 4.14888933e-03 6.29313290e-03 3.69568169e-03 3.68772820e-03
 4.34457138e-03 1.89517215e-02 2.31945887e-03 1.42408907e-03
 3.72324288e-02 1.98788941e-03 1.14008337e-01 1.85789540e-03
 9.23211128e-03 4.23950329e-03 2.22474337e-03 4.98898327e-03
 4.00884449e-03 1.78146601e+00 3.31524387e-03 3.41911986e-03
 2.95529142e-03 3.61775942e-02 4.37755883e-03 3.34440565e+00
 5.90932742e-03 3.72591689e-02 1.29813701e-03 7.06869662e-02
 2.17723586e-02 4.65646759e-03 2.11227685e-02 1.71146542e-02
 6.72287121e-03 3.15351039e-03 8.74551013e-03 1.00977719e-03
 1.12919249e-02 1.46128610e-03 1.68377161e-03 2.37397924e-02
 7.74223357e-02 5.95885515e-03 2.04187818e-02 1.70521811e-03
 2.15382129e-03 3.24658304e-03 6.05763867e-03 1.41091496e-02
 5.34789637e-03 2.39229202e-03 1.21617652e-02 6.79999590e-03
 3.91383767e-01 3.81844118e-03 1.19283795e-03 3.87225300e-03
 1.69130713e-02 2.56301835e-03 1.06938198e-01 1.62272230e-02
 2.27303803e-02 2.80622020e-03 3.70406061e-02 2.01014057e-02
 1.26348287e-02 4.38767672e-03 2.87909061e-03 3.01066041e-03
 1.39451027e-03 4.52213362e-03 2.14309990e-03 3.57664376e-03
 5.53949215e-02 1.05382949e-02 7.16163218e-03 8.04431736e-04
 5.28768077e-03 2.47777253e-03 1.14007145e-02 9.52950120e-03
 1.12825818e-02 9.52470675e-03 7.05832615e-03 3.56532633e-03
 3.64861861e-02 5.11705875e-03 3.77669930e-03 4.96477634e-03
 8.28534365e-04 5.75933605e-03 1.53896958e-03 9.10335779e-03
 1.17857009e-03 3.38220596e-03 2.60365009e-03 5.67946434e+00
 1.56235695e-03 1.34598732e-01 6.45653009e-02 1.67056955e-02
 3.66610661e-03 3.81477177e-03 1.60930343e-02 1.56082287e-02
 1.59211829e-02 4.66615334e-03 3.14004719e-03 2.35387832e-02
 4.30585444e-03 6.01528957e-03 5.96676022e-03 2.80723721e-03
 1.45621896e-02 1.73519403e-02 1.73149593e-02 5.46218455e-03
 3.07092443e-03 5.96286729e-03 3.20249796e-03 7.09375143e-02],-972.1327,-1012.2883,-1232.7411,1.0001245,1.0123825,0.99884486,0.9255665,27.330734,-55.443104,152.54135,1040.9728,1.5764021,0.33646175,0.15605767,-1036.0317,1036.0317,[2.54390186e+03 1.39983838e+03 5.94234924e+01 4.66792480e+02
 1.08249863e+02 1.87023379e+04 7.66107788e+01 3.91996509e+03
 4.51994531e+03 4.00747131e+02 1.12319507e+03 1.13347559e+04
 2.06937207e+03 4.61515381e+02 1.17545464e+02 2.65228699e+02
 4.08766060e+01 1.91194971e+03 2.53714316e+04 3.04550720e+02
 1.05256758e+04 5.53407860e+00 5.71788672e+03 1.16803646e+01
 4.83728760e+03 9.54971790e+00 6.06310791e+02 2.80822083e+02
 1.78401928e+01 6.29631470e+02 1.02315869e+03 3.18313613e+04
 1.25874489e+02 1.22855377e+01 3.43917236e+02 5.63313354e+02
 2.28543610e+02 9.38897476e+01 1.12695532e+03 7.53527222e+02
 4.49301562e+04 6.77514893e+02 2.33617268e+01 1.15486877e+03
 1.20699444e+01 6.46103096e+00 1.14787683e+03 4.90772949e+02
 2.34258716e+03 2.87435360e+01 8.74839935e+01 5.15723511e+02
 5.22549648e+04 1.13818264e+01 2.62674446e+01 1.20544300e+01
 2.13733459e+02 2.09326562e+04 1.76500845e+00 3.17920704e+01
 1.29948496e+04 1.48176651e+01 3.99677734e+02 4.73509766e+02
 1.03409439e-01 2.48271997e+03 1.52455542e+03 2.79759636e+01
 1.77331848e+02 1.78371353e+01 7.79768658e+00 1.59207385e+03
 3.18211269e+01 1.14991159e+01 2.93160210e+01 8.25233536e+01
 1.03435576e+04 2.95104980e+02 9.32929492e+03 7.79752045e+01
 1.26821350e+02 6.22398926e+03 1.86224707e+03 1.14346948e+03
 1.82378528e+03 1.17093203e+04 5.54951611e+03 9.52256226e+02
 6.36924805e+02 1.39767715e+04 5.10698242e+03 8.46308441e+01
 1.92375024e+03 1.81408289e+03 8.38205957e+03 8.13058243e+01
 7.86411499e+02 4.85486992e+04 1.07302948e+02 1.77829766e+04
 1.13327780e+01 1.47138379e+03 1.27896797e+04 2.51219824e+03
 5.69627304e+01 1.09433145e+04 2.99476611e+03 8.37965164e+01
 7.30126381e+00 3.74099609e+02 1.44733276e+01 1.09536484e+02
 2.01745071e+02 1.58356016e+04 3.95321997e+03 8.02983704e+01
 4.50930061e+01 1.30315277e+02 1.19649818e+02 1.87014612e+03
 1.30345459e+03 1.46631074e+04 8.97631287e+02 2.95130645e+04
 3.10681641e+02 7.62784058e+02 5.36289297e+04 8.33345261e+01
 2.00915661e+01 2.00360165e+01 1.86196842e+01 1.84469746e+04
 4.10318375e+01 6.31505051e+01 1.04810461e+03 1.47329285e+02
 5.19991797e+03 5.89418555e+03 3.91396713e+01 3.75643372e+02
 2.62163754e+01 1.71322220e+02 6.42856693e+00 4.46346008e+02
 5.00467133e+02 1.92456270e+04 1.74871406e+05 4.10554492e+03
 1.71511865e+03 4.94423256e+01 8.87945175e+00 1.06296118e+03
 5.15166680e+04 4.33447461e+03 2.74114609e+04 1.85434532e+01
 9.67676258e+00 1.94988711e+04 9.66215229e+00 3.94526611e+02
 1.49835587e+01 1.00063458e+03 3.42601051e+01 1.80573418e+04
 6.13970886e+02 3.94178772e+01 2.12638140e+00 1.20022224e+02
 4.66619219e+04 4.29378174e+03 1.06513718e+02 9.53570366e+00
 1.26314072e+02 2.65586731e+02 8.17939026e+02 1.13397058e+03
 2.59560242e+02 2.89313867e+03 3.73120850e+02 5.84730644e+01
 7.29812908e+00 5.23190479e+03 2.03021230e+04 1.33392191e+01
 1.96870276e+03 2.95993774e+02 6.50391340e+00 2.96559229e+03
 6.96033478e+01 4.62572212e+01 1.09342566e+01 1.03512249e+01
 1.64828359e+04 9.46131363e+01 2.14663677e+01 1.18273613e+04
 1.16924191e+01 7.39702530e+01 2.34197656e+03 5.46178284e+02
 2.50495930e+01 1.73467896e+02 4.31379150e+03 2.71096821e+01
 7.06748389e+03 1.65868397e+01 1.33455713e+03 1.42157043e+02
 1.03029411e+02 6.20859277e+03 5.16896924e+03 6.76333618e+02
 4.37766457e+01 6.86199379e+00 3.81192578e+03 5.89603271e+03
 5.19541992e+03 1.10297913e+02 5.30261169e+02 6.24791374e+01
 1.48460693e+02 3.81695747e+01 3.21173584e+03 9.55888939e+00
 2.47268753e+01 6.39176953e+04 7.23498230e+01 8.57796326e+02
 1.63881180e+02 1.12955859e+03 1.70377051e+04 3.21635620e+02
 8.11444458e+02 2.59373512e+01 3.43911896e+01 4.47212249e-01
 1.68539238e+01 2.86354834e+03 2.27515698e+03 2.48524355e+04
 1.78647705e+02 5.24105286e+02 4.53932812e+03 8.41313867e+03
 2.33587280e+03 1.05045142e+03 3.57537427e+03 6.95268311e+03
 4.29880333e+00 1.73519883e+04 1.44919647e+02 1.67915859e+04
 6.09435349e+01 6.52992615e+02 3.46708838e+03 2.87112949e+04],7600.9946,[1.31136853e+03 5.40116895e+03 3.00325108e+00 3.83749573e+02
 2.88938808e+01 1.83205820e+04 4.41091034e+02 5.60923389e+03
 5.60869141e+03 3.40621094e+02 1.35846899e+03 1.24957139e+04
 2.96982886e+03 3.14602051e+02 9.67932968e+01 3.92094818e+02
 7.97752571e+00 7.88106567e+02 2.94585898e+04 4.46789062e+02
 8.39137500e+03 2.92990074e+01 1.37567119e+04 2.23138452e+00
 5.37647461e+03 1.22040581e+02 6.13889404e+02 3.78817932e+02
 9.60583115e+00 2.03349487e+03 1.20998926e+03 3.06767227e+04
 1.18441139e+02 3.31825714e+01 4.35357941e+02 8.73689026e+02
 1.39960495e+02 1.21462097e+02 6.74845642e+02 1.21880760e+02
 5.33880312e+04 1.82648340e+03 3.69325333e+01 3.87026562e+03
 4.30354805e+01 3.89077216e-02 1.74218542e+03 6.74649963e+02
 9.75672974e+02 2.21855431e+01 1.11969841e+02 5.86805481e+02
 5.37824062e+04 1.82623787e+01 7.32519073e+01 3.39477654e+01
 2.26528748e+02 2.36611094e+04 3.68222713e+00 3.60081253e+01
 1.43249160e+04 1.65942688e+01 2.51991028e+02 1.15473938e+02
 4.34481907e+00 2.71917578e+03 1.87134705e+03 1.85072935e+00
 2.28909241e+02 2.87997379e+01 2.82808914e+01 1.27459326e+03
 1.43099957e+01 6.41291504e+01 5.79127769e+01 7.68533783e+01
 8.95511230e+03 3.65334595e+02 1.13948328e+03 8.14252090e+01
 1.09377174e+02 5.92191797e+03 1.68906653e+03 3.09644507e+03
 1.65074487e+03 4.19675000e+03 5.55501953e+03 3.48476343e+03
 1.81688403e+03 3.51280469e+04 5.53419043e+03 2.76520215e+03
 3.80483813e+03 2.77070435e+03 1.17144336e+04 1.67189827e+01
 1.10029712e+03 7.64993906e+04 2.35684090e+01 1.75550137e+04
 7.26952744e+01 5.89882031e+03 6.40419141e+03 3.10425293e+03
 5.96933975e+01 1.09507715e+04 3.67414087e+03 9.56241302e+01
 5.60675573e+00 4.60928070e+02 1.77555237e+01 1.48974899e+02
 2.53942291e+02 1.63169375e+04 1.37985693e+03 3.01555634e+02
 3.98361664e+01 1.38624191e+02 1.17557788e+03 3.64434009e+03
 3.82284619e+03 8.78230273e+03 5.45901001e+02 6.54559727e+04
 1.40477463e+02 1.75291809e+02 3.70672266e+04 7.99767914e+01
 2.84908943e+01 2.56724701e+01 2.64859352e+01 1.45166475e+04
 5.78058472e+01 1.17521114e+01 9.50079407e+02 3.83987305e+02
 5.71388330e+03 6.34495166e+03 8.18863583e+00 4.03271240e+02
 4.59572554e+00 3.67894348e+02 8.36976624e+00 4.54265259e+02
 1.22509277e+03 1.41073252e+04 2.17185281e+05 1.59070312e+03
 8.81328247e+02 9.55263290e+01 1.19153700e+01 1.56086768e+03
 3.52550742e+04 7.50997412e+03 3.89955586e+04 4.06842308e+01
 1.91710986e+03 8.78822656e+03 8.24183846e+00 8.47531799e+02
 7.91331768e-01 2.88039990e+03 3.33027382e+01 2.42020938e+04
 9.85033630e+02 1.90370789e+01 8.54031467e+00 9.66026077e+01
 3.57055938e+04 9.24530957e+03 1.01267082e+02 8.59007120e-01
 1.28481277e+02 6.74373169e+02 7.56624329e+02 1.28074524e+03
 1.40056396e+02 2.08427832e+03 5.00205597e+02 3.42303734e+01
 1.74786282e+01 5.87425195e+03 2.82254160e+04 1.04043570e+01
 2.64291211e+03 2.53812775e+02 1.27376175e+01 3.59322388e+03
 1.18992531e+02 7.80272064e+01 3.68290949e+00 6.82463455e+00
 2.00485879e+04 1.16889893e+02 5.19410629e+01 2.26686465e+04
 2.98767548e+01 5.08767395e+01 2.77539014e+03 9.63554688e+02
 7.28299942e+01 4.87027039e+02 5.23945361e+03 6.32030640e+01
 6.55868555e+03 5.57342987e+01 8.32052063e+02 1.48638367e+02
 1.09875748e+02 6.42445117e+03 3.93542285e+03 9.71347656e+02
 4.31348114e+01 1.33172140e+01 1.74748523e+03 7.31437646e+03
 7.91329346e+02 1.44025085e+02 4.64337006e+02 1.49726059e+02
 1.67305145e+02 3.94538727e+01 5.08155811e+03 1.19616098e+01
 8.75738144e+01 5.46730195e+04 3.89626923e+01 5.35150269e+02
 1.14594067e+03 4.50238983e+02 1.69224375e+04 3.57927002e+02
 6.76124146e+02 2.62644267e+00 1.20012741e+01 3.49530716e+01
 1.73573639e+02 7.99066455e+03 2.10765234e+03 1.70116172e+04
 2.96583691e+03 1.21272266e+03 3.35707520e+03 8.69782812e+03
 2.65964697e+03 1.38386487e+03 6.06001611e+03 4.64968262e+03
 1.99957905e+01 1.59884668e+04 1.90463837e+02 1.64054785e+04
 5.22911758e+01 3.78328644e+02 6.69939819e+02 3.00101562e+04],-975.3275,-1054.1649,-1369.8889,1.0134559,1.1345465,0.9495126,0.9264642,0.015120338668823242,12391.352702379227,0.125,0.125,-0.23651020336958772,-0.00010424752255991731,-0.23653712967343368,-0.0004834874992335766,-1.017247333015454,25.249999999996884,0.0,800000.0,-10.0,-5000.0,500.0,7.506001710891724,800000
1010.603,0.04070682,0.024565987,0.0015769996,-1010.31665,1010.31665,[1.97626650e-05 3.41752172e-03 1.99649483e-04 1.21296197e-03
 2.12673098e-03 6.66812062e-04 1.02809817e-02 1.82712451e-03
 3.14106494e-02 7.73377717e-04 2.55239755e-03 9.29034054e-02
 2.67650187e-03 1.25243738e-02 1.86974183e-03 6.55265525e-03
 1.05769187e-01 8.59633088e-03 1.99789554e-02 1.40937984e+00
 1.00078061e-03 6.92475215e-03 5.61574221e-01 1.43740326e-03
 6.79511577e-04 6.93380833e-04 1.97044387e-03 1.79766752e-02
 2.57807076e-02 1.02427937e-02 1.36682279e-02 4.84287739e-04
 4.66853380e-04 7.50767067e-03 8.97280127e-03 6.25271350e-03
 6.79055229e-03 1.29915476e-02 3.14423814e-03 2.93491818e-02
 2.57710367e-03 3.53017449e-03 1.17090344e-02 2.44626775e-03
 7.19351321e-03 3.34020913e-01 2.01705843e-03 1.08678080e-02
 1.37932599e-03 3.99211422e-03 1.37872249e-03 1.42630726e-01
 7.83279538e-03 3.09217721e-04 9.52193514e-03 1.05728582e-03
 1.84042752e-03 1.52752042e-01 9.31334839e+02 9.16301250e-01
 6.97642565e-04 7.50601292e-04 6.29372150e-03 1.40576437e-03
 7.60342553e-03 1.25890113e-02 4.93358448e-03 1.74506295e+00
 3.90137732e-03 3.21272701e-01 4.02443483e-03 5.12600690e-03
 2.06740238e-02 2.68613175e-03 1.74427405e-03 1.12934783e-02
 6.16561249e-03 1.82725489e-04 6.41126931e-03 7.07910210e-03
 3.10570970e-02 1.50138140e-03 1.47938728e-02 4.33716923e-03
 1.10210955e-01 1.75656378e-03 1.23668462e-02 6.40638545e-03
 2.28272751e-03 2.80714703e+00 1.06262043e-03 5.87430969e-02
 1.68057159e-03 5.49213961e-03 2.32291520e-02 7.71421939e-04
 6.08123913e-02 1.18444711e-02 1.28819384e-02 1.79383047e-02
 1.39828101e-02 2.49526575e-02 5.26173785e-03 2.23992556e-01
 5.32532483e-03 1.39993019e-02 1.66133232e+01 1.62415832e-01
 5.92399389e-04 2.89810956e-01 2.51749158e-03 1.65079907e-03
 1.45334750e-04 2.19730176e-02 4.18800861e-04 4.50982526e-03
 5.68474829e-03 1.62322596e-02 1.81743279e-02 8.21930170e-03
 6.32134825e-03 7.55414739e-03 1.10628977e-01 1.77301466e-04
 2.02981636e-01 2.22032845e-01 1.05417110e-02 6.89644367e-04
 8.17710161e-03 1.03758648e-03 4.43495810e-05 3.37962341e+00
 2.01748684e-02 1.99467689e-03 6.32870197e-03 2.27252021e-03
 1.75907105e-01 3.15430760e-03 3.97843495e-03 1.13937676e-01
 5.45618311e-03 6.02001697e-03 2.98633724e-02 4.16651368e-03
 2.44628675e-02 5.34981862e-03 3.63436937e-02 7.80747086e-03
 1.74361058e-02 1.03788450e-02 4.01992351e-03 7.34925270e-04
 9.09627974e-03 8.57889652e-04 6.47678971e-05 1.26311556e-02
 7.89800659e-03 2.95438528e+00 1.10819077e+00 1.76164880e-03
 1.48031153e-02 4.51985747e-03 6.23108819e-03 6.23120725e-01
 1.76053643e-02 4.65366989e-03 1.27661228e-02 3.94168980e-02
 2.10911408e-03 5.14297605e-01 6.80142641e-03 4.02918071e-01
 1.39719993e-03 4.50894609e-03 5.18466979e-02 1.94945931e-03
 1.45112276e-02 2.82791629e-03 8.03166628e-03 3.82900834e+00
 4.65669107e+00 9.39599425e-03 5.74713945e-03 1.67737156e-03
 1.97205806e+00 2.41984613e-02 1.21731535e-02 1.86199322e-03
 1.03597939e-01 1.44701637e-02 8.94367695e-04 2.97023542e-02
 3.02679837e-04 1.01813209e+00 3.95912677e-03 1.06412917e-02
 1.99999705e-01 3.52859497e-03 5.77226281e-04 6.73551112e-04
 1.74165703e-02 9.97855142e-03 1.49578489e-02 1.21703744e-02
 6.06909394e-03 4.45092469e-03 2.21125036e-03 1.36624053e-02
 1.63379624e-01 4.17348862e+00 1.06925517e-03 8.43860209e-04
 1.92201883e-03 2.38753855e-03 1.10891238e-02 3.85028496e-03
 7.51379877e-04 2.72381678e-03 1.64601952e-03 2.79202498e-02
 1.52949430e-02 4.72453594e+00 1.74908526e-02 1.14001942e+00
 6.61957264e-03 4.91524115e-03 1.17741898e-02 2.49247625e-03
 4.33580950e-03 1.87791884e-03 8.33005458e-03 1.51551515e-03
 4.09002975e-03 2.47736275e-03 7.09155947e-03 8.76653939e-04
 1.22050196e-02 2.18120962e-03 1.80625021e-02 1.41067803e-03
 1.69380009e-03 7.11785674e-01 1.05787069e-03 2.51490623e-04
 3.40997316e-02 5.07118180e-03 9.58998874e-03 1.95894390e-03
 9.61380079e-03 2.10285559e-03 6.35225058e-01 6.61529601e-03
 1.22886896e-02 4.15815413e-03 1.29440799e-02 7.92850927e-03],8.251036,[1.08279027e-02 7.51167536e-03 9.72897187e-03 2.86766663e-02
 1.28036737e-02 1.73356570e-02 3.24845314e-03 2.17304379e-02
 4.25160304e-03 1.08436719e-02 1.77480765e-02 2.15524510e-02
 2.08957680e-02 3.22842039e-02 2.11848095e-02 1.80164352e-03
 3.50112766e-01 1.40377060e-02 7.99344778e-02 9.05580819e-03
 1.10042281e-02 4.32069600e-03 5.19147396e-01 1.34224966e-02
 9.22939926e-03 1.39228851e-02 1.20163895e-02 8.02498832e-02
 6.73657209e-02 6.20240346e-03 6.02084436e-02 1.33045092e-02
 1.53859630e-02 5.88853136e-02 4.58674505e-03 1.64943412e-02
 8.16746429e-03 5.72620705e-03 9.86792147e-03 7.42752105e-03
 2.59828568e-02 7.75698572e-03 3.22907045e-03 1.02856755e-02
 3.30486894e-02 1.37336403e-02 6.63289800e-03 1.71843953e-02
 6.99327141e-03 2.37010866e-02 9.81463492e-03 1.42030753e-02
 2.89249420e-03 1.47815123e-02 1.08699948e-02 1.24009922e-02
 8.95763934e-03 1.16500743e-02 1.77305164e+03 1.25635266e-02
 1.14673451e-02 9.36882570e-03 1.39814764e-02 1.58407167e-02
 1.31525174e-02 2.68188864e-03 1.31890923e-02 5.07189333e-03
 2.15482488e-02 1.45931616e-02 5.83043694e-03 1.01721473e-02
 2.70030648e-03 4.06003781e-02 1.29237361e-02 2.70378590e-03
 3.09626013e-03 1.12618953e-02 1.02214254e-02 1.74755789e-02
 3.87789682e-03 1.02518238e-02 1.38220564e-03 1.07366517e-02
 7.83322006e-03 1.19347945e-02 1.75118446e-04 5.24860509e-02
 2.49731913e-02 1.82696581e-02 1.78628601e-02 6.48902729e-03
 1.89665705e-04 4.73470986e-03 9.73196328e-03 1.03552639e-02
 3.30582261e-03 8.04368407e-03 1.89395621e-03 6.67613894e-02
 1.53774396e-03 1.26006082e-03 6.39090315e-03 6.54853880e-03
 5.46896458e-03 1.26075745e-03 1.15771179e+01 1.54850669e-02
 1.30470097e-02 2.06358373e-01 6.40286878e-03 7.83827901e-03
 1.13779381e-02 1.56020001e-03 2.25937702e-02 7.12771714e-03
 7.84418359e-03 5.43892384e-06 3.87091190e-03 6.01893663e-03
 5.78475744e-03 1.35479756e-02 1.43438764e-02 1.19541325e-02
 9.54420120e-03 6.34773076e-03 1.53780729e-03 1.83583386e-02
 1.35008730e-02 1.05360150e-02 1.43298209e-02 8.42155889e-03
 3.23209912e-02 1.03043392e-02 2.76548341e-02 4.56008464e-02
 7.89696723e-03 2.27130204e-03 1.52875483e-02 1.41851045e-02
 3.75849754e-03 5.15719131e-03 2.05119923e-02 6.90741092e-03
 2.72521526e-02 2.06678286e-02 1.82039514e-02 2.77284160e-03
 5.80372289e-03 1.35112554e-02 8.14057887e-03 1.56241730e-02
 2.10820585e-02 1.15686655e-02 1.44757219e-02 1.51485950e-03
 1.96183473e-03 8.38398933e-03 7.24867463e-01 1.30553581e-02
 2.01778486e-03 1.66326202e-02 1.05841048e-02 1.10762157e-02
 6.70185089e-02 9.70024616e-03 1.07591189e-02 3.99038941e-03
 2.98448801e-02 2.10480131e-02 4.22148779e-03 4.18720245e-02
 1.29461437e-02 1.32468529e-02 7.76854530e-03 1.05680898e-03
 7.08581507e-02 9.27001238e-03 3.93895060e-03 1.67100914e-02
 5.63124605e-02 6.45322353e-03 1.78809054e-02 1.11888945e-02
 2.37730145e-03 4.21393551e-02 5.04980572e-02 1.34034492e-02
 2.41372675e-01 1.01313740e-03 2.03411318e-02 5.84697276e-02
 1.74129196e-02 2.01383419e-02 9.84985009e-03 6.74027577e-03
 1.62031218e-01 1.61379874e-02 1.42152086e-02 2.27042325e-02
 1.52594224e-03 6.79131225e-03 9.78946686e-04 1.40029378e-02
 7.02152029e-03 1.85005218e-02 1.46339238e-02 6.54793531e-03
 6.49798661e-03 4.86321338e-02 7.20469803e-02 2.24886090e-02
 6.89192116e-03 2.52287760e-02 1.50875337e-02 1.26825720e-02
 1.46118179e-02 4.44585457e-03 2.00019218e-02 8.09562951e-03
 1.97918713e-03 1.26288086e-02 2.76157632e-02 1.43497363e-02
 1.40140802e-02 5.84477969e-02 4.86060455e-02 2.53654122e-02
 6.05146959e-03 9.48503613e-03 2.14123279e-02 1.76720619e-02
 5.76931611e-03 1.09754279e-02 4.96031716e-03 2.02273466e-02
 1.86921991e-02 7.45392591e-03 3.42899933e-03 4.04302850e-02
 2.80300155e-02 1.24683249e+00 8.85472447e-03 1.26186162e-02
 1.49233595e-01 2.26592608e-02 5.78332692e-04 1.90574229e-02
 3.16307694e-03 1.92170180e-02 4.89902869e-03 2.09155679e-03
 3.03601772e-02 4.12993208e-02 2.52915397e-02 7.81688839e-03],-974.3602,-1011.91925,-1229.5198,0.9999138,1.0077627,0.9671565,0.9255508,568.12024,-672.79407,2069.8062,1028.9667,1.6611931,0.26870856,0.16681382,-1024.6184,1024.6184,[2.14952057e+02 8.58837708e+02 9.37217578e+03 8.05765747e+02
 1.11823755e+03 1.23745758e+02 1.00076889e+02 5.34266016e+04
 1.66951279e+02 1.54686060e+01 1.48565826e+02 8.33932190e+01
 2.05024384e+02 7.38069971e+03 7.05307159e+01 1.34406567e+01
 8.06883240e+02 2.85357239e+02 5.13357910e+02 1.17550766e+02
 9.07245728e+02 2.51601113e+04 1.18313599e+02 2.59668457e+03
 3.07148981e+00 2.58704758e+00 1.10965076e+03 5.47947327e+02
 2.83775330e+00 2.13500078e+04 1.48999939e+03 4.22714630e+02
 7.00761337e+01 3.43942798e+03 1.90969805e+04 8.94885406e+01
 3.92374922e+04 6.05740547e+01 8.29123592e+00 3.79311401e+03
 3.34099854e+02 1.48393341e+02 1.79758636e+02 9.29710876e+02
 6.77295227e+01 2.71670322e+01 2.56855865e+02 6.32150635e+02
 3.66112747e+01 8.19207306e+01 2.77282227e+04 2.50247025e+02
 2.47659500e+02 9.32003479e+01 3.82492518e+00 7.77878516e+04
 7.98296814e+01 9.20062180e+01 1.71989918e+01 1.60693848e+03
 3.49457397e+02 8.41417188e+03 4.08910571e+03 1.80065063e+02
 5.52206650e+01 3.38505322e+03 4.87791176e+01 1.56971069e+02
 1.39713562e+02 2.75735512e+01 3.59317847e+03 1.68163180e+00
 6.44330597e+01 1.40650654e+01 8.49125862e+00 1.68248367e+02
 1.47762650e+02 4.69113770e+03 1.45556885e+03 8.44651337e+01
 1.99374207e+02 8.30402908e+01 3.04150629e+00 2.41067656e+04
 3.87030371e+03 1.51084194e+01 4.40702002e+03 6.78468323e+01
 1.48669937e+02 7.69716992e+03 3.04803772e+02 2.56187992e+01
 6.40144531e+03 6.76731836e+03 6.16575977e+03 4.06369434e+03
 2.00054629e+04 2.34134872e+02 1.75060828e+03 6.24043652e+03
 4.67392383e+04 8.34135246e+00 1.90707246e+04 1.18535999e+03
 1.67868909e+03 1.05402893e+03 9.65859961e+03 2.54582214e+01
 6.70499207e+02 3.32759937e+03 3.27870445e+01 9.73031982e+02
 4.35944141e+03 8.10092926e+01 8.58509903e+01 2.63638525e+03
 3.72798315e+03 6.02446518e+01 1.26993942e+01 2.34347510e+03
 3.49005542e+03 7.73137734e+04 3.89288452e+03 3.32136574e+01
 2.29622217e+03 7.84423370e+01 4.75804253e+01 6.30795105e+02
 3.66422296e-01 2.70860020e+04 6.68217969e+03 1.15221603e+02
 1.89401709e+03 5.43946934e+00 1.61684229e+03 1.63118281e+04
 9.64223145e+03 1.94690845e+03 2.99585156e+04 3.12857495e+03
 2.20949756e+03 1.64570081e+03 1.73900254e+04 2.48830032e+02
 2.08572617e+04 2.07314722e+03 1.74114189e+01 2.86327591e+01
 5.21507141e+02 2.45061340e+01 7.09572021e+03 1.05432849e+03
 4.00586172e+04 6.00023575e+01 1.05889977e+02 1.18992290e+01
 7.41458887e+03 3.82641959e+00 7.96856094e+04 1.06470820e+04
 7.32523651e+01 3.44264555e+00 5.32382141e+02 6.70197830e+01
 1.04155098e+04 1.34842010e+02 7.02632080e+03 1.25798538e+02
 3.17492773e+04 3.40136499e+03 2.89794373e+02 5.44131348e+03
 7.24156445e+03 5.12657928e+00 1.30513696e+03 1.02277687e+02
 4.68399719e+02 1.83536157e+03 4.08539398e+02 1.11875275e+02
 1.75326416e+02 5.55695648e+01 5.33694453e+04 1.37508398e+04
 2.16187801e+01 3.56915207e+01 1.81001877e+02 9.63776172e+03
 2.83684601e+02 1.39896374e+01 3.71354126e+02 1.45951416e+03
 8.01315430e+02 1.41175464e+03 8.87910538e+01 5.33923340e+02
 1.07420825e+03 1.38736633e+02 5.55689727e+04 4.34710645e+03
 1.96819263e+03 1.95461243e+02 3.60668793e+02 6.97172594e+00
 1.43052207e+04 5.91442375e+01 1.89077721e+01 9.21531982e+01
 4.74762115e+01 9.06418213e+02 9.86650391e+03 5.96467773e+02
 1.18573523e+03 1.14927292e+02 8.12477905e+02 4.79366016e+04
 1.85157690e+03 4.13131523e+04 9.85796777e+03 8.38908264e+02
 9.82782837e+02 1.02035189e+01 1.53774971e+04 1.04014900e+02
 3.93171158e+01 4.37075233e+01 9.52302063e+02 2.90109375e+04
 1.30262115e+02 5.06186445e+04 9.13548203e+01 5.38534790e+02
 2.24885547e+03 2.81249976e+03 3.44859375e+04 1.95770679e+03
 7.82981873e+01 1.69611890e+03 3.37542627e+03 3.01814502e+03
 1.44601501e+02 2.18344173e+01 1.92185867e+02 1.89978027e+02
 8.83056259e+00 3.80521851e+02 6.14954407e+02 7.15898672e+04
 5.15383484e+02 5.33948746e+01 2.84662647e+01 1.77497986e+02
 3.78933563e+02 5.22938477e+03 1.28208027e+01 7.54691699e+03],8162.9043,[1.38417465e+02 9.96148804e+02 1.27762549e+04 8.70712769e+02
 1.79896558e+03 4.47612305e+02 5.25482300e+02 5.59821211e+04
 3.47838379e+02 5.04430771e+01 5.80188408e+01 2.96877022e+01
 2.10321960e+02 5.38661768e+03 6.35083199e+01 7.17489660e-01
 1.74156494e+02 2.37043060e+02 8.94633850e+02 1.80979111e+02
 1.39352368e+03 3.57071523e+04 2.05334671e+02 2.63846094e+03
 6.89998322e+01 1.39310968e+00 1.44773169e+03 2.57851855e+03
 3.07981129e+01 3.06259922e+04 9.87978638e+02 3.17770935e+02
 8.84936371e+01 5.93845850e+03 7.52952881e+03 2.23872696e+02
 5.69100430e+04 5.87745056e+01 1.29070435e+01 3.42864648e+03
 3.16916870e+02 2.13306458e+02 2.96579193e+02 8.27609497e+02
 7.94226837e+01 4.28466835e+01 2.05041733e+02 3.54808319e+02
 3.49023342e+00 4.55869446e+01 8.71746582e+03 5.93116455e+01
 1.85409744e+02 1.58983551e+02 1.83473396e+01 5.51704531e+04
 1.31433044e+02 1.67598053e+02 1.73962193e+01 2.20871191e+03
 3.30883698e+02 5.50183838e+03 2.96505420e+03 5.38743713e+02
 1.22635147e+02 4.32868066e+03 7.06940308e+01 5.22335327e+02
 2.00009216e+02 4.01104927e+01 5.36962598e+03 9.02421570e+00
 4.21137123e+01 3.62402573e+01 1.36936352e-01 1.74347702e+02
 1.47305817e+02 3.59225494e+02 1.40797388e+03 4.56946106e+01
 1.62382568e+02 1.21089256e+02 2.01473351e+01 1.17761387e+04
 3.81716162e+03 2.04820824e+01 3.45796338e+03 3.11699066e+01
 2.21353424e+02 5.41242432e+03 3.01814606e+02 2.98344402e+01
 7.25206055e+03 1.04355303e+04 7.23554883e+03 4.05385522e+03
 3.27047812e+04 3.26372467e+02 1.70345081e+03 8.31351562e+03
 3.12208281e+04 3.31467986e-01 7.43672168e+03 1.12874817e+03
 8.97424927e+02 6.08919861e+02 4.23943516e+04 7.35322800e+01
 1.07830103e+03 2.38794189e+03 2.41402874e+01 1.75307617e+03
 2.05251294e+03 7.35144119e+01 1.54420502e+02 9.98823608e+02
 3.00757739e+03 3.34033165e+01 6.07922077e+00 1.29231953e+04
 1.46991992e+03 4.90091562e+04 7.09811914e+03 3.29177132e+01
 7.86028625e+02 6.22009460e+02 5.72679787e+01 5.71223328e+02
 6.21287405e-01 3.34180352e+04 7.47045215e+03 1.40671906e+02
 2.25590869e+03 5.91640759e+00 2.14376367e+03 7.41050488e+03
 4.52331982e+03 3.26169775e+03 3.38417891e+04 3.09006445e+03
 5.90732227e+03 1.88872437e+02 2.04914453e+04 2.55980316e+02
 2.45255898e+04 1.99293860e+03 2.30098534e+01 2.58236027e+01
 4.79544220e+02 2.15966949e+01 8.92981543e+03 6.96416931e+01
 5.92942734e+04 1.29835220e+02 1.39954803e+02 1.41194935e+01
 1.42519082e+04 2.18549881e+01 7.81161328e+04 6.48533154e+03
 1.79877594e+02 6.30198669e+00 4.45827942e+02 7.99134979e+01
 1.31100977e+04 1.19559731e+02 5.86317529e+03 1.63452652e+02
 2.82339062e+04 4.56451270e+03 5.27836182e+02 5.34786133e+03
 1.03753965e+04 1.68044834e+01 3.10532178e+03 3.97043610e+01
 3.38813477e+02 2.04469763e+03 2.71532013e+02 2.41098175e+02
 8.60911942e+01 1.40396242e+01 5.67005273e+04 1.74411895e+04
 5.13136711e+01 4.00836563e+01 1.26056114e+02 7.18767920e+03
 2.16970428e+02 7.34732628e+00 3.20807959e+03 4.10506055e+03
 3.28226135e+02 2.42642059e+02 6.81795197e+01 1.40936841e+03
 3.76123596e+02 1.70178253e+02 4.65442773e+04 4.78995898e+03
 2.61127002e+03 2.39948959e+02 2.87212128e+02 7.01577044e+00
 1.14778623e+04 4.50555382e+01 2.90965152e+00 1.49908722e+02
 3.51127968e+01 3.86104199e+03 6.31438184e+03 5.05159729e+02
 3.75431885e+03 1.31482727e+02 1.48221484e+03 5.03624258e+04
 2.60887695e+03 3.37539609e+04 1.01802598e+04 3.90308655e+02
 1.22469238e+03 8.93406296e+00 2.01765547e+04 2.13290833e+02
 3.21189804e+01 3.66028481e+01 3.31691064e+03 3.66007422e+04
 1.40627243e+02 3.96214883e+04 1.13558151e+02 1.13317200e+03
 3.55163135e+03 1.58134216e+03 2.51921680e+04 2.30706445e+03
 5.98156776e+01 1.96641138e+03 5.17353760e+02 5.01654395e+03
 1.25902748e+02 2.54252377e+01 2.01918182e+02 2.57365601e+02
 8.15743637e+00 7.47252991e+02 8.75939880e+02 8.28872031e+04
 7.30462402e+03 9.68116302e+01 6.57454205e+00 1.89860092e+02
 5.23750916e+02 6.89672656e+03 4.13126945e+00 9.69026562e+03],-976.9827,-1031.9873,-1311.9885,1.0285163,1.1994631,0.93955195,0.9274708,0.015907900953292847,12789.050240039825,0.125,0.125,-0.23902897083521016,0.00011596161956274824,-0.23902816662193527,1.2895902199919078e-05,-1.027505519367382,25.249999999996884,0.0,825000.0,-10.0,-5000.0,500.0,7.554826498031616,825000
1009.9092,0.043641537,0.0050876844,0.0012998566,-1009.81464,1009.81464,[1.81661397e-01 9.85624909e-01 1.85461104e-01 2.58311667e-02
 1.50971204e-01 1.28795385e-01 4.43688072e-02 6.99727237e-02
 1.25347495e-01 9.02429819e-02 1.61031783e-01 7.60044754e-02
 2.27602258e-01 8.80515873e-02 3.35811043e+00 1.07082516e-01
 1.04576021e-01 1.73930317e-01 1.80341020e-01 2.36091182e-01
 1.90986261e-01 2.74644661e+00 1.03687361e-01 8.32265913e-02
 2.15906456e-01 2.11852431e-01 1.70681596e-01 1.45243853e-01
 3.96005213e-01 2.17017055e-01 1.70962468e-01 2.38745749e-01
 5.88495314e-01 1.24219820e-01 3.56098920e-01 1.83026567e-01
 3.44343758e+00 1.76904321e-01 1.75456673e-01 1.94028884e-01
 4.54144850e-02 6.13632798e-02 2.39635989e-01 1.79414466e-01
 1.20588109e-01 1.85438216e-01 2.01545298e-01 8.27741325e-02
 9.12214518e-02 2.26887405e-01 6.55851960e-02 4.58092280e-02
 1.75667718e-01 1.64669290e-01 2.15012863e-01 9.87911373e-02
 9.34162885e-02 1.29895520e+00 7.45242834e-02 4.23265249e-02
 3.64163935e-01 2.27332070e-01 3.52441855e-02 2.03955546e-01
 2.09432378e-01 1.63258627e-01 1.04400671e+00 1.70305684e-01
 1.12386882e-01 2.17470616e-01 1.84988260e-01 1.89735562e-01
 1.94396019e-01 1.76002353e-01 3.86355706e-02 2.07130373e-01
 2.03831002e-01 1.67850256e-01 1.16998702e-01 2.01319039e-01
 1.24514505e-01 1.86696470e-01 4.32874709e-02 8.90003145e-02
 1.93851307e-01 1.52692124e-01 1.85076937e-01 1.85675755e-01
 3.74946690e+00 1.69692144e-01 1.62543297e-01 2.17116863e-01
 2.69928277e-01 2.07636699e-01 4.23822021e+00 2.04583347e-01
 1.92197740e-01 1.81323290e-01 2.04637617e-01 2.68020108e-03
 2.02517733e-01 1.99820697e+00 1.17059618e-01 2.58991480e-01
 1.66255087e-01 2.77428657e-01 3.27589065e-01 8.81997347e-02
 1.08156994e-01 1.98859811e-01 1.90558463e-01 1.63818836e-01
 1.71647713e-01 5.30077755e-01 7.31914639e-02 4.76575881e-01
 1.36060193e-01 1.61454773e+00 2.58656055e-01 1.02546886e-01
 7.31894523e-02 1.80149347e-01 1.05299011e-01 2.08672702e-01
 1.86574191e-01 8.54627192e-02 1.03624558e+00 1.90548450e-01
 2.06057504e-01 1.52713910e-01 2.13016063e-01 1.77887186e-01
 9.35977846e-02 9.03073549e-02 1.33496672e-01 2.00287789e-01
 4.47803512e-02 3.21157053e-02 1.96196973e-01 1.86774105e-01
 1.31970450e-01 1.49320394e-01 2.59739943e-02 5.96832782e-02
 1.22904330e-01 2.25747094e-01 5.94753064e-02 1.27594024e-01
 1.93916783e-01 9.15752649e-02 1.74620062e-01 1.63989082e-01
 1.65634006e-01 1.87321901e-01 4.16986980e-02 1.86445460e-01
 2.17023432e-01 2.11992338e-01 1.43853307e-01 2.14205563e-01
 3.43816616e-02 2.72011831e-02 2.25554657e+01 2.98070349e-02
 1.76852703e-01 2.31481530e-02 7.74806142e-02 2.25582197e-01
 6.82183355e-02 3.45049441e-01 9.52802062e-01 8.02723229e-01
 1.94345653e-01 1.49065509e-01 1.83980167e-01 2.27532789e-01
 2.14490205e-01 5.57667054e-02 2.19635278e-01 2.43527591e-01
 2.13827908e-01 1.40610886e+00 1.85309008e-01 2.15536773e-01
 1.91153169e-01 1.09491682e+00 8.48991126e-02 8.01490247e-02
 1.33735359e-01 2.02031523e-01 6.71739280e-02 1.53536513e-01
 2.37492830e-01 2.33249873e-01 4.36272994e-02 4.64337952e-02
 1.07415393e-01 8.28472674e-02 1.76427811e-01 2.86962539e-02
 5.32274532e+00 2.34929189e-01 4.45452750e-01 1.59541979e-01
 1.33743405e-01 1.73384860e-01 3.20385471e-02 1.33831561e-01
 4.69490588e-02 1.82045892e-01 9.14743245e-02 1.45529938e+00
 1.82623670e-01 6.51596561e-02 1.67272285e-01 1.76259428e-01
 2.31031060e-01 1.73266619e-01 1.03843749e-01 2.15539947e-01
 1.88928574e-01 2.41239667e-01 4.83168103e-02 1.64188445e-04
 1.85244799e-01 1.00780457e-01 2.86454082e-01 1.67026028e-01
 2.01896310e-01 4.01842594e-02 4.35811169e-02 7.40866438e-02
 1.45286530e-01 1.09180942e-01 1.14324999e+00 1.80858821e-01
 1.77675918e-01 1.96128502e-01 1.79000437e-01 3.28564718e-02
 9.69843030e-01 1.46751618e+00 1.00293189e-01 1.75831407e-01
 1.07891351e-01 2.72266157e-02 1.86798155e-01 1.27827480e-01
 4.51342948e-02 1.36074752e-01 3.31460625e-01 1.00631356e-01
 2.30620056e-01 9.16207254e-01 1.03424266e-01 6.25668466e-01],0.53104985,[9.75551605e-02 4.75796461e-01 1.22541562e-01 2.53547728e-03
 9.98242199e-02 4.99201007e-02 5.88307157e-03 2.65106894e-02
 5.30465432e-02 3.77620496e-02 7.43933916e-02 2.74962373e-02
 2.00903282e-01 3.23573500e-02 8.06154162e-02 3.76206785e-02
 4.95108552e-02 1.14601687e-01 1.21051267e-01 1.76280409e-01
 1.16762072e-01 6.82086796e-02 1.91121846e-01 1.75713897e-01
 6.94954544e-02 1.75208077e-01 1.30859613e-01 5.13509884e-02
 4.13495958e-01 2.10766733e-01 6.20155819e-02 1.94309771e-01
 8.07679445e-02 4.52188998e-02 6.07476123e-02 1.40756860e-01
 5.59502792e+00 2.01748252e-01 7.57333487e-02 1.42279297e-01
 1.00233145e-02 1.29968859e-02 1.96843058e-01 1.30746603e-01
 8.69255066e-02 6.77951127e-02 1.94905534e-01 1.92765035e-02
 4.28784974e-02 1.72051668e-01 1.70018226e-02 1.39505751e-02
 1.29804850e-01 6.95522726e-02 1.56200320e-01 3.85733135e-02
 3.26487906e-02 9.11525935e-02 2.39779726e-02 9.29536298e-03
 7.62859732e-03 9.25491899e-02 5.15092164e-03 9.87722129e-02
 1.68520436e-01 4.23918366e-02 1.85795911e-02 1.11243278e-01
 4.84521873e-02 8.62334222e-02 1.07363924e-01 1.25691071e-01
 9.70176011e-02 1.19630173e-01 4.22541052e-04 2.06235051e-01
 1.46051124e-01 1.09395564e-01 1.84799999e-01 1.89138219e-01
 6.97591305e-02 1.39218271e-01 7.56718218e-05 1.21966489e-02
 1.59415141e-01 7.28708357e-02 1.17535144e-01 1.08679309e-01
 9.34956074e-02 8.95934105e-02 7.53817260e-02 1.77659258e-01
 1.67781487e-02 7.53031075e-02 1.99567437e-01 8.92755538e-02
 1.42272383e-01 1.37081921e-01 1.16989747e-01 4.08727676e-03
 1.55232221e-01 6.78936541e-02 2.42197402e-02 1.06677055e-01
 1.20109648e-01 1.29132938e+00 2.30553895e-01 1.19105518e-01
 3.53605188e-02 1.36629865e-01 7.40866661e-02 1.83792710e-01
 1.71179399e-01 4.26235497e-01 7.41900802e-02 2.31018439e-01
 5.70544675e-02 3.92839983e-02 2.06709489e-01 3.30092795e-02
 1.83998384e-02 1.06367260e-01 4.00731936e-02 1.56403512e-01
 1.27963632e-01 2.43415125e-02 1.39610961e-01 1.11523226e-01
 6.67620301e-02 6.72399402e-02 1.00682437e-01 6.70938194e-02
 4.49483730e-02 1.48412921e-02 4.64392453e-02 1.63645685e-01
 1.24088302e-03 7.35124201e-02 1.40420243e-01 6.33460358e-02
 1.92075998e-01 5.79107553e-02 1.27178617e-02 3.56294215e-04
 5.45048155e-02 1.91641599e-01 1.12582684e-01 5.09600192e-02
 1.47505268e-01 4.09894772e-02 8.66424292e-02 1.11817956e-01
 7.71396309e-02 6.71139657e-02 2.48141587e-05 9.66408253e-02
 8.53889287e-02 1.78048745e-01 1.31952360e-01 1.76740944e-01
 3.46441567e-03 4.10784036e-03 6.34775085e+01 2.71372870e-03
 4.52221073e-02 2.11532786e-03 3.88074256e-02 8.99214149e-02
 2.26798803e-02 1.01530343e-01 1.03720605e-01 1.51227832e-01
 6.79484010e-02 5.15038408e-02 9.74764973e-02 9.53373313e-02
 7.07145333e-02 1.33906618e-01 1.96993962e-01 1.76530048e-01
 2.01221868e-01 1.78880110e-01 1.26123011e-01 1.70560569e-01
 1.97617829e-01 3.91827002e-02 3.26911397e-02 3.81719619e-02
 4.17460874e-02 1.63054645e-01 2.21367367e-02 7.56140202e-02
 1.36184901e-01 1.84630349e-01 1.74449161e-02 1.37643553e-02
 2.47288421e-02 1.91188343e-02 1.43602207e-01 4.72776964e-03
 5.50897755e-02 8.32240283e-02 2.52712846e-01 6.66714981e-02
 4.59905304e-02 5.97811937e-02 4.23047319e-03 5.43194562e-02
 2.20440701e-03 1.31268442e-01 3.51480544e-02 9.26187485e-02
 9.95784551e-02 6.29794896e-02 6.56860471e-02 6.61008954e-02
 1.89277619e-01 5.99834509e-02 5.16319051e-02 1.68832436e-01
 1.25300199e-01 9.21300054e-02 8.68572593e-02 1.60572305e-03
 7.49811083e-02 1.42449290e-02 9.78470743e-02 5.04695252e-02
 1.49408072e-01 2.23655254e-04 1.25674158e-02 1.44350827e-02
 8.24854672e-02 4.69406322e-02 9.43936527e-01 7.80871660e-02
 9.93141830e-02 1.37493461e-01 5.76603897e-02 2.32942402e-04
 1.83800370e-01 1.51654398e+00 4.81653288e-02 6.73774779e-02
 5.09848781e-02 1.87329538e-02 1.32876903e-01 6.42720014e-02
 8.05199891e-03 6.85702264e-02 1.34242773e-01 4.16041166e-02
 8.36193264e-02 5.96093059e-01 4.51815464e-02 1.83066167e-02],-972.3467,-1010.6604,-1216.4152,0.999782,1.0050846,0.99869466,0.92554146,26.058107,-14.690462,154.4525,1040.5587,2.0095782,0.2640483,0.16416776,-1035.9087,1035.9087,[2.0994009e+02 6.7417700e+02 9.1401512e+01 1.6260773e+02 4.2059585e+03
 1.3284407e+00 1.4415654e+02 9.4089893e+03 2.9013932e+04 1.4044958e+02
 2.1824392e+03 3.9438846e+02 3.0400293e+01 3.1416496e+01 7.3110132e+02
 7.3440834e+01 5.2522231e+03 7.0402891e+04 2.6571670e+03 2.1695291e+02
 4.5224774e-01 1.3756729e+02 1.3789035e+02 8.1347168e+01 2.9325100e+01
 1.2524597e+03 3.6209412e+03 5.5096875e+03 6.4999884e+02 5.4706483e+00
 1.7672852e+04 9.3735016e+02 2.9297951e+01 4.7747241e+03 4.5633626e+00
 3.6711273e+04 6.5496729e+03 1.3782937e+01 2.6064629e+03 5.9906567e+02
 4.4480145e+02 1.3251464e+03 6.3189429e+03 5.3011328e+02 2.5981384e+02
 2.7164294e+03 3.1030210e+01 3.4790276e+01 2.1828682e+02 3.8028038e+01
 2.9271836e+00 1.1336206e+02 1.7507544e+03 8.4688145e+03 4.7441626e+02
 1.8125177e+02 1.0588383e+01 4.0488922e+01 2.8180247e+03 9.3470862e+02
 3.2653584e+01 3.2615566e+03 1.4038762e+02 1.7198357e+02 1.9287178e+04
 3.2700586e+02 4.3557388e+02 2.2063019e+02 2.2843638e+03 2.1422287e+01
 6.5571992e+03 1.0227034e+01 9.2547630e+01 2.2450642e+01 1.1495700e+02
 2.0138155e+01 2.3164514e+03 1.9217778e+03 1.2800004e+03 1.3118475e+02
 4.2593096e+03 3.1672791e+01 5.1469023e+03 9.3250713e+03 7.3877338e+02
 2.1725299e+00 2.4875593e+03 2.4730864e+03 7.0990957e+03 4.7684469e+00
 3.0405060e+02 3.8303047e+03 9.6019859e+00 3.1717987e+01 4.0315561e+00
 1.2339551e+03 8.6353076e+03 5.0214458e+01 3.3889060e+03 3.8879243e+03
 2.4871539e+04 7.8240700e+01 1.5894148e+01 5.4891159e+01 1.3178726e+03
 3.5897926e+01 1.5283875e+02 1.4880856e+04 1.5924245e+01 1.5719534e+02
 2.7959991e+02 4.4823149e+03 3.9921221e+03 3.9139722e+02 2.5512885e+02
 2.6669492e+03 7.7432930e+01 6.4318588e+01 3.8359197e+03 4.9141306e+02
 1.1255002e+04 9.5039949e+00 6.7004624e+03 6.7558271e+03 2.9540659e+03
 5.8922285e+04 3.8254765e+01 2.3100697e+02 3.4003841e+01 8.6259784e+02
 7.8722938e+04 1.6656937e+02 2.6273754e+01 2.9207127e+01 2.2830533e+04
 5.4057198e+01 1.5793661e+04 2.2672688e+04 7.5325537e+00 6.6463234e+01
 2.6453023e+04 3.0196543e+03 1.9491480e+01 2.8715244e+02 1.6086031e+02
 5.4653120e+03 2.6077320e+04 6.2206795e+01 1.9897217e+02 1.0316503e+03
 2.7136838e+03 1.7514841e+03 3.2091795e+04 2.1929653e+00 4.3894661e+01
 5.0099545e+00 7.4579383e+04 5.0682305e+03 1.5595160e+04 3.8771938e+01
 2.8220342e+03 2.3710772e+01 3.2341585e+00 1.6570259e+01 4.3397441e+03
 5.7531395e+01 2.1352116e+02 2.6585084e-01 2.4814478e+02 2.8847473e+02
 4.2116968e+03 8.9068711e+03 1.3788368e+04 2.1118330e+03 1.9610966e+03
 2.1879813e+02 1.9178589e+03 7.3946945e+01 1.1431633e+02 1.7531725e+01
 1.4637989e+04 3.1324395e+04 8.8618085e+02 2.2216742e+01 1.3453587e+02
 2.3329060e+02 1.5516294e+03 5.4472256e+01 2.8014203e+02 1.7754535e+03
 9.2525186e+03 7.2545376e+03 9.9320572e+01 1.2682343e+02 1.0904486e+04
 3.2215388e+03 2.5066590e+04 1.4465832e+04 3.0930271e+03 1.3934560e+02
 2.6272293e+04 1.2508419e+02 2.6458447e+02 3.8569893e+01 1.0035539e+04
 1.2155176e+03 1.0032529e+02 6.4648462e+02 2.4054399e+03 3.3376135e+02
 1.3699177e+03 3.6480562e+03 1.6038507e+02 1.0945089e+04 2.2745637e+03
 2.2421631e+02 2.5543990e+02 7.5876320e+01 1.3271227e+00 9.0160427e+00
 1.1267115e+04 5.8128711e+02 3.1410356e+03 8.1775940e+01 3.8150574e+02
 2.1254460e+03 3.3491477e+03 1.5117441e+02 1.5725475e+01 5.8247490e+01
 1.1124297e+02 1.2067381e+02 3.7358542e+02 2.3236887e+00 4.9013924e+01
 1.3781313e+03 3.7130165e-01 7.1147632e+02 2.4222416e+01 2.4791405e+01
 6.6220420e+03 5.7857336e+04 1.2140704e+02 6.0701599e+01 1.1985998e+02
 1.8909140e+02 1.5713971e+02 6.0414984e+02 9.0183301e+02 6.3197328e+04
 1.6950581e+03 1.5404708e+03 2.7215298e+01 2.0412296e+02 4.3423904e+01
 3.6563696e+02],7216.0244,[3.07043762e+02 4.27480255e+02 9.35028915e+01 1.59410294e+02
 3.94440454e+03 9.82842803e-01 4.59470272e+00 7.61975098e+03
 2.62694844e+04 2.35576855e+03 2.42366138e+03 1.42608704e+02
 1.84944592e+01 2.67172394e+02 9.60063599e+02 4.59365234e+01
 7.70293750e+03 4.04707422e+04 2.71815479e+03 1.42501221e+02
 3.72847867e+00 9.24165726e+01 2.13705170e+02 2.22618723e+00
 6.03553963e+00 9.47137695e+02 9.00680273e+03 4.77537402e+03
 5.72552002e+02 7.10500336e+01 2.58223975e+03 1.12853455e+03
 2.13312893e+01 1.97919952e+02 4.02383118e+01 9.26008008e+03
 3.89326758e+03 9.76113224e+00 2.65064990e+03 8.98619995e+02
 5.06801605e+02 4.73032080e+03 1.05063906e+04 7.35667627e+03
 3.20545929e+02 4.01633862e+03 2.44932652e+01 1.02674614e+02
 1.70331726e+02 2.51517887e+01 7.62796831e+00 2.97415276e+01
 3.28391309e+03 2.66816675e+03 5.66955853e+00 2.16486145e+02
 9.87038345e+01 1.77944717e+01 2.75044336e+03 4.10883881e+02
 3.39305305e+01 3.41256470e+03 1.66700611e+01 1.11803101e+02
 5.92872812e+04 3.55053711e+02 2.22789886e+02 1.00976837e+02
 3.57433672e+04 3.19230890e+00 8.07754028e+02 7.63704777e-01
 5.41177292e+01 1.27825104e+02 2.26080994e+02 2.81358566e+01
 5.42398291e+03 1.52080249e+03 7.06854980e+02 2.26427689e+02
 1.89553730e+04 4.64174080e+01 2.83255762e+03 1.33923369e+04
 1.01222308e+03 7.57226610e+00 1.52266968e+03 1.74942505e+03
 1.07336836e+04 1.41655893e+01 2.65234680e+02 8.06363770e+03
 2.01265221e+01 2.57906151e+01 1.07898617e+00 2.96406097e+02
 1.03060400e+04 2.35405874e+00 2.83929541e+03 1.36943691e+04
 1.50950225e+04 1.44431656e+02 6.34809971e+00 2.06795940e+01
 6.60591736e+01 1.45481445e+03 2.18179916e+02 2.79902344e+04
 1.31098914e+00 1.36968002e+02 3.70819641e+02 4.41326562e+03
 1.58303467e+03 3.23610504e+02 2.63667267e+02 9.62153613e+03
 8.44088593e+01 1.70345154e+01 2.99560840e+03 5.45925476e+02
 8.00414502e+03 6.36681175e+00 6.55936218e+02 4.94856982e+03
 1.13994470e+03 4.58855859e+04 5.03085279e+00 3.63443817e+02
 9.98815775e-01 7.13416687e+02 1.18229820e+05 2.45896667e+02
 3.00061226e+01 5.22893906e+01 1.78967441e+04 9.10466614e+01
 1.28466514e+04 1.15182959e+04 1.02401972e+01 3.27973785e+01
 5.01838477e+04 3.50011768e+03 2.45154667e+00 3.90879272e+02
 1.67086411e+02 2.00885913e+03 2.60956250e+04 1.52131012e+02
 1.24575447e+02 4.37634961e+03 1.03535632e+03 1.66234570e+03
 3.98951719e+04 1.24318910e+00 8.99887772e+01 3.21315079e+01
 7.44832734e+04 1.79656895e+04 3.07680410e+04 6.95698013e+01
 7.48260645e+03 5.16053152e+00 1.27657900e+01 1.05911045e+01
 4.60593896e+03 3.51831794e+00 3.40957550e+02 6.28574276e+00
 2.29558243e+02 1.63098557e+02 4.29808789e+03 6.64572388e+02
 5.48606875e+04 2.85513818e+03 2.67494458e+03 1.70762909e+02
 1.99488232e+03 2.88072929e+01 1.44780369e+01 1.09576530e+01
 1.00558350e+04 5.67752266e+04 6.71098755e+02 1.38021408e+02
 4.40806488e+02 8.74829834e+02 4.21912689e+02 1.01178955e+02
 1.34135803e+03 1.16464429e+03 8.60478223e+03 1.85246133e+04
 9.90918159e+00 3.73620415e+01 2.09853149e+03 2.32580200e+03
 2.32490234e+04 4.18458789e+04 9.46360779e+02 1.45564362e+02
 7.24983906e+04 1.64290359e+02 3.06335236e+02 5.44230995e+01
 1.66577793e+04 1.36863782e+03 1.03644234e+02 1.26152771e+02
 1.06713232e+03 7.02325867e+02 2.81851294e+03 2.89812817e+03
 1.36089996e+02 2.58013477e+04 2.18423047e+03 1.96718201e+02
 1.96986832e+02 4.58803673e+01 1.92258625e+01 1.76341400e+01
 7.92761963e+03 9.54109985e+02 2.17557251e+03 1.14195923e+02
 3.42177466e+03 1.72515137e+03 2.39239355e+03 2.83263458e+02
 3.66912514e-01 2.69385338e+01 9.73100662e+01 1.80823242e+02
 2.00666199e+02 5.37327814e+00 8.43118515e+01 1.90940247e+03
 1.10703480e+00 4.27259583e+02 2.27273159e+01 1.79304047e+01
 7.55844141e+03 1.75497617e+04 1.01077385e+01 2.69973564e+01
 1.78705704e+02 8.39732590e+01 3.58725739e+02 6.35334900e+02
 1.08245361e+03 5.30171484e+04 1.70408362e+03 3.89025562e+03
 3.39187202e+01 3.03555206e+02 1.54381771e+01 7.50596069e+02],-976.10974,-1041.4119,-1352.6265,1.0216548,1.2196176,0.95068055,0.9270224,0.015200612201690673,13169.065559625626,0.125,0.125,-0.2391615465605015,-0.0002663509804402372,-0.23918162944264273,-0.0003574713229864311,-1.0284754625347718,25.249999999996884,0.0,850000.0,-10.0,-5000.0,500.0,7.555740833282471,850000
1010.85974,0.03926766,0.018293697,0.0017025743,-1010.6375,1010.6375,[4.62646037e-03 3.50719690e-03 5.30654192e-03 3.58227640e-03
 2.47772038e-03 2.29657441e-03 9.79185849e-03 3.99718374e-01
 1.46346763e-02 7.53413916e-01 2.47396529e-03 4.78286296e-03
 1.69620290e-03 1.93714872e-02 2.24383548e-03 8.61193240e-03
 2.25938857e-03 5.27394563e-03 2.10478902e-03 1.27475336e-02
 1.53673068e-03 1.16159022e-02 6.57792389e-03 3.23541462e-03
 7.98083842e-03 3.85766104e-03 2.75517255e-03 7.30435625e-02
 2.19418108e-03 2.61746645e-02 2.31281668e-03 2.69784021e+00
 4.36697155e-03 8.05955231e-01 3.14850688e+00 2.60743871e-02
 1.81855261e-03 3.29770595e-02 5.57519436e-01 3.19257379e-03
 4.01988626e-03 4.44181263e-03 1.28099695e-03 3.14042717e-03
 5.92030585e-03 2.02102959e-03 1.22460201e-02 1.04843453e-02
 5.01218438e-03 5.24964370e-02 1.99057162e-01 2.56527215e-03
 1.03866793e-02 1.40899792e-03 1.49626285e-02 2.46024765e-02
 1.07899308e-03 5.27866185e-03 4.90255654e-03 4.52369824e-03
 3.14060599e-03 4.12854925e-03 3.89028341e-03 2.60738283e-03
 5.78381121e-04 2.38373876e-03 9.64247063e-03 2.75547057e-03
 1.53296590e-02 6.92389309e-01 5.42326272e-03 1.07548013e-03
 6.65447488e-03 2.15948254e-01 2.46480592e-02 1.52933598e-02
 9.69997048e-01 8.61652195e-04 2.82606214e-01 1.97929330e-02
 1.23972446e-01 1.47540122e-03 7.17452168e-03 1.08031183e-02
 9.07268003e-03 5.60130551e-03 7.98523799e-03 3.81045081e-02
 3.23985845e-01 4.84231859e-03 5.45615330e-03 7.45186582e-03
 2.59367228e-02 5.30488789e-03 3.10276568e-01 1.62165537e-02
 7.15628266e-04 4.22455549e-01 4.06432524e-03 3.82261351e-03
 4.22928110e-03 4.91080433e-03 3.86234000e-03 3.24911810e-02
 3.24312598e-03 1.34618431e-02 1.67433545e-01 9.13113728e-03
 8.83951783e-04 3.61717083e-02 3.74892429e-02 1.16658285e-02
 1.78188458e-03 4.91263345e-03 2.29460374e-03 3.84915620e-03
 5.38416207e-03 1.32942510e+00 3.89089361e-02 1.79234892e-03
 1.06358677e-02 2.02655792e-05 6.48366394e+01 2.58225948e-03
 3.52459028e-03 1.61916390e-03 3.34164053e-01 4.76931691e-01
 2.83747911e-04 4.04589251e-03 1.55203417e-03 2.78607383e-03
 1.00906193e-03 2.10471451e-03 6.74191862e-03 4.20953333e-03
 6.26660883e-03 3.03465873e-03 2.83167139e-03 4.44340706e-03
 4.96215001e-03 5.38172200e-03 9.07266513e-03 4.06014919e+00
 1.67225674e-03 1.00374222e-02 3.88434902e-03 6.49734214e-03
 6.26165420e-04 1.57655962e-02 1.79295912e-02 7.69090223e+00
 1.81393698e-03 2.32589431e-02 1.53382421e-02 2.93266773e-03
 2.86713988e-03 2.18313336e-02 9.59426165e-03 1.17128976e-02
 4.20207530e-03 1.81033090e-03 1.37108006e-02 6.93043619e-02
 1.51724555e-02 6.26396015e-03 4.28000465e-03 1.10559359e-01
 6.66120648e-03 3.47052887e-03 2.14938074e-03 6.66148365e-02
 1.33100897e-03 2.08114460e-03 2.88752466e-03 9.40747559e-04
 1.17459334e-02 2.72593275e-03 1.96126604e+00 2.09555775e-03
 5.42087927e-02 2.59748846e-03 1.70955136e-02 6.07549101e-02
 2.34255567e-03 8.49135220e-04 3.94589081e-03 5.88889793e-03
 7.83897191e-03 5.58039919e-03 2.42162496e-03 1.10666305e-02
 4.17158067e-01 3.16032982e+00 3.16810980e-03 4.50876355e-03
 6.04513660e-03 1.08227730e-02 8.26175511e-03 2.76929885e-03
 3.98391858e-03 9.00815800e-03 2.39989944e-02 4.49109823e-03
 7.11855665e-03 2.57836655e-03 1.77431852e-03 4.72386554e-03
 4.97112051e-03 2.57398188e-03 9.62316990e-03 7.11477548e-03
 7.58637786e-02 9.08822566e-03 3.15227985e-01 4.96134907e-03
 1.51715308e-01 3.73082832e-02 7.76685774e-05 2.37925351e-03
 3.78728628e-01 7.95236230e-03 4.83641773e-03 5.57081997e-01
 6.01353124e-03 5.19547611e-03 1.64916426e-01 4.18578461e-03
 4.57254425e-03 9.25900042e-03 1.87650695e-03 5.33881187e-01
 7.88916647e-03 6.47649914e-03 3.60614434e-02 3.87413055e-02
 3.93298641e-03 7.02474266e-03 5.89240342e-03 8.36283341e-03
 4.58977729e-01 3.28742743e+00 3.84055525e-02 7.68977404e+00
 7.11370260e-03 9.15608183e-03 1.77577510e-03 5.98312169e-03
 9.65346396e-03 3.60514641e+00 4.36101109e-03 1.90438569e+00
 6.66344538e-03 2.98039988e-03 4.82678413e-03 9.39017534e-03],0.9503248,[1.22595578e-02 2.62220055e-02 5.03058732e-03 1.00948811e-02
 6.51786104e-03 1.08364597e-02 3.00014764e-03 6.30225241e-03
 1.69679895e-03 5.84875420e-02 2.37894990e-02 9.37053934e-03
 1.08050741e-02 5.17330319e-03 6.84205443e-03 4.86296602e-02
 1.75016299e-02 1.01671554e-02 5.89992478e-03 6.00503758e-03
 9.33146849e-03 5.40900975e-03 9.15045291e-03 8.10791925e-03
 4.37899306e-03 1.04606338e-02 1.30325109e-02 4.00640704e-02
 6.86886907e-03 1.83565170e-03 1.36677399e-02 7.43066147e-03
 2.47614458e-03 4.80357558e-04 3.41964513e-03 2.58978195e-02
 2.64265686e-02 5.90215400e-02 2.61646092e-01 5.79323247e-03
 1.16496459e-02 1.67042799e-02 4.05955650e-02 8.07653740e-03
 8.77393782e-03 6.15030900e-03 1.66803598e-03 5.71662560e-03
 1.01508833e-02 4.19074297e-03 3.56495380e-03 8.53820518e-03
 9.40075517e-03 2.19945796e-02 1.04759336e-02 4.00541797e-02
 6.64336979e-03 8.19260255e-03 9.01792198e-03 5.57158142e-03
 8.85495916e-03 4.90988046e-03 1.48551762e-02 1.05862953e-02
 1.40555836e-02 5.58758527e-03 3.29537466e-02 7.37986714e-03
 4.25234437e-04 2.03851610e-02 9.72280279e-03 1.81090981e-02
 3.17067876e-02 1.89785101e-02 1.03569895e-01 1.04170889e-01
 2.56862104e-01 1.39983185e-02 4.41547111e-03 9.81352478e-03
 6.75098971e-03 1.07968226e-02 2.90999189e-03 3.94850746e-02
 6.98500872e-03 8.47633556e-03 1.33920647e-02 2.02311248e-01
 3.75027210e-02 6.23888522e-03 3.80441919e-02 6.68469816e-03
 4.16298248e-02 3.53792682e-03 2.03302383e-01 2.86457427e-02
 2.64686681e-02 8.69723037e-03 5.78880683e-03 2.64287479e-02
 5.95081598e-03 7.72375241e-03 1.23851597e-02 7.45123774e-02
 3.07965018e-02 1.31510571e-03 1.00295022e-02 3.23774293e-03
 2.21577659e-02 8.29422846e-03 1.59685686e-03 9.72989947e-03
 7.63035789e-02 1.17881894e-02 7.37409666e-03 3.44417244e-02
 5.55351377e-03 6.39371014e+00 6.32566959e-02 4.55396473e-02
 3.07893939e-02 4.60925698e-03 1.74866638e+02 1.99021883e-02
 1.16870552e-02 9.82021168e-03 9.46158916e-03 1.61588013e-01
 1.04371086e-02 4.26934510e-02 8.00162554e-03 7.31954724e-03
 4.52635437e-03 1.66977048e-02 1.50276609e-02 6.99499995e-03
 5.09237126e-03 1.66965798e-02 7.59187713e-03 5.63193113e-03
 8.34288076e-03 2.09162422e-02 1.62667409e-03 3.68263796e-02
 3.11952606e-02 2.37273052e-03 1.18297227e-02 1.01042092e-02
 1.56230666e-02 1.16669573e-02 7.38952309e-04 8.72744751e+00
 7.26509467e-03 3.55089940e-02 2.01984681e-02 2.08553113e-02
 9.46410000e-03 1.19239092e-03 3.80660966e-03 6.32697716e-03
 9.10440832e-03 2.71439850e-02 1.29093230e-03 8.63341242e-03
 3.29497829e-03 4.02249396e-02 5.82937151e-03 7.70274177e-03
 5.49606234e-03 4.52770665e-03 1.24088675e-02 1.26460195e-02
 1.98536292e-02 5.49286976e-03 5.41688502e-03 1.28355697e-02
 5.63367084e-03 3.35483737e-02 2.87715346e-03 6.99974597e-03
 2.19786912e-02 1.09759755e-02 2.40913406e-03 1.84160545e-02
 4.93081287e-03 1.05685070e-02 8.66511837e-03 7.42767006e-03
 1.16107836e-02 9.23538953e-03 1.43776722e-02 4.87164408e-03
 5.24414897e-01 3.04078497e-02 5.37453964e-03 6.64750114e-03
 9.62343812e-03 1.13873556e-02 9.66358930e-03 8.67377594e-03
 6.30127266e-03 2.51165777e-03 2.59660557e-03 5.16654551e-03
 4.90023829e-02 1.17821470e-02 1.50897540e-02 5.10896742e-03
 1.22888573e-02 2.26293243e-02 7.61933625e-03 5.03598526e-03
 2.91479267e-02 3.69265676e-03 1.41468793e-02 4.16237861e-03
 5.19524217e-01 6.40206188e-02 1.20167285e-02 9.66686755e-03
 2.30981261e-01 3.59442830e-03 8.47328454e-03 1.43997744e-02
 3.95057276e-02 4.90313768e-03 1.04445964e-02 8.05886090e-03
 3.64483371e-02 8.54201615e-03 2.27927119e-02 3.26632142e-01
 6.51468709e-03 1.03415549e-02 2.10200623e-03 6.96601346e-03
 5.74583188e-03 7.36876205e-03 4.68005240e-03 7.16017559e-03
 3.26370388e-01 8.64839926e-03 2.48140842e-03 7.75729084e+00
 2.56726891e-03 2.44957581e-03 7.68964365e-03 4.36192639e-02
 8.26092064e-03 3.62487324e-02 7.66364112e-03 1.40544251e-02
 1.66000873e-02 2.58964188e-02 7.60585815e-03 4.80175763e-03],-1007.1887,-1012.4894,-1390.9634,0.99996465,1.0113161,0.9823534,0.9255547,120.53725,-92.029305,342.82404,1039.2723,1.8941468,0.26321417,0.1539101,-1034.7461,1034.7461,[2.49652520e+04 7.64723511e+01 2.72408581e+01 2.27887573e+01
 3.25992627e+03 1.40725861e+02 3.66586456e+01 4.76847420e+01
 2.89190137e+03 1.12052725e+04 1.13309580e+04 5.97607727e+01
 3.07988548e+01 4.40220508e+03 1.84818823e+03 2.24180879e+04
 1.69831650e+02 1.83678848e+02 1.15716858e+03 8.76512390e+02
 2.72467114e+03 1.66691010e+02 5.72622299e+00 1.13223381e+02
 7.06523132e+00 6.23670044e+02 4.89980469e+02 8.03465967e+03
 2.32289185e+03 2.80482292e+01 1.71859833e+02 2.90709717e+02
 1.72226532e+02 2.83059814e+02 2.11428809e+03 4.04244995e+01
 1.46897400e+02 2.68887496e+00 1.12048711e+04 6.00133008e+03
 1.36129883e+02 3.41404077e+03 3.91631805e+02 1.41059131e+03
 4.56957970e+01 4.01094873e+03 1.63888809e+02 1.00983131e+02
 1.51356421e+03 7.80871948e+02 2.16751923e+02 4.54435730e+02
 1.15731239e+00 1.28524487e+03 1.09059521e+03 3.55248756e+01
 4.58085742e+03 7.41700287e+01 5.54361206e+02 7.89541473e+01
 3.00073669e+02 8.35142517e+01 3.78468353e+02 1.37451904e+03
 4.92150586e+03 1.04451332e+02 1.61949622e+03 2.49758387e+00
 7.59684875e+02 2.61525970e+02 5.14882812e+01 1.88838923e+00
 1.85277686e+03 1.18720645e+04 2.76472827e+03 7.09666138e+02
 1.95503979e+01 5.06214478e+02 5.35278711e+03 1.53059235e+01
 1.71120000e+04 9.42916626e+02 3.29372498e+02 2.09503359e+04
 2.52397148e+04 1.44828100e+01 2.77964497e+01 2.53276685e+03
 4.61890564e+01 4.08607292e+01 5.20809570e+03 4.53884338e+02
 7.72733984e+03 3.23734619e+02 2.25931107e+02 7.56214355e+02
 7.91490186e+03 3.80237383e+04 5.56002637e+03 1.22419098e+02
 1.58138428e+01 3.25269175e+00 7.51361084e+02 5.74768066e+03
 5.21931543e+03 7.37797119e+02 7.18544861e+02 1.99959949e+03
 1.14784893e+04 2.27581520e+01 7.50660477e+01 7.41899872e+01
 9.26935959e+00 1.29797188e+04 1.67423169e+03 1.35766249e+01
 1.44116711e+03 2.12826508e+02 4.83929492e+03 8.99345779e+00
 2.46297264e+01 9.67533398e+03 7.70199805e+03 4.73692535e+02
 9.97326050e+02 6.28153687e+02 1.05674863e+04 9.99358789e+03
 1.27025307e+02 1.26657227e+03 3.52221655e+03 4.13271582e+03
 3.41999435e+01 4.85696697e+00 6.97436401e+02 5.55942421e+01
 1.90521692e+03 6.43980713e+01 1.43179236e+03 3.50190273e+04
 1.54458630e+03 1.21216660e+01 1.01104775e+04 1.28197864e+03
 5.34127014e+02 3.60184814e+03 1.63479347e+01 1.93346838e+03
 2.82770459e+03 2.19006421e+03 7.31306836e+03 1.06429561e+04
 9.79290695e+01 6.56624634e+02 1.62470044e+03 7.25067676e+03
 5.20720337e+02 1.44062285e+04 1.69065323e+01 2.45924268e+03
 9.46635449e+03 2.14624141e+04 2.35943634e+02 6.05599548e+02
 3.69144745e+02 1.90226288e+02 4.73652881e+03 3.99078941e+01
 1.22861061e+01 8.50805957e+03 3.99938354e+02 1.43788330e+02
 2.97710791e+03 8.69726440e+02 5.24549942e+01 5.13673682e+03
 1.81829315e+02 4.95088921e+01 3.54002188e+04 7.96422363e+02
 1.15754318e+02 5.56919403e+01 3.38799951e+03 2.91401642e+02
 1.75645264e+03 1.09410591e+02 1.42189551e+04 2.30258987e+02
 7.62594727e+02 3.39971581e+01 5.71504053e+03 8.51093521e+01
 1.01765820e+04 1.41746045e+04 7.34453857e+03 2.38711230e+04
 4.17075000e+03 5.02563623e+03 8.91477394e+00 8.27273804e+02
 1.72887671e+03 4.26626758e+03 2.60740509e+02 4.36404932e+03
 2.21369922e+03 1.10295753e+01 2.20103848e+04 7.24954712e+02
 1.58854141e+02 7.21188672e+03 3.94379102e+03 1.62058569e+03
 6.26952324e+01 2.42971176e+02 1.77166885e+02 2.26196537e+01
 2.34785728e+01 1.81502954e+03 7.04652100e+01 6.75893173e+01
 4.75651270e+03 1.06282312e+03 1.51811630e+02 3.19331284e+01
 2.91611290e+01 1.18074656e+01 4.10700287e+02 3.15974007e+01
 3.06810852e+02 1.53987061e+03 6.60885193e+02 1.00962754e+04
 9.25019531e+03 9.26716003e+02 4.29303646e+00 2.81884575e+01
 1.22883539e+01 9.10257031e+03 5.10190979e+02 3.11550293e+03
 5.39591614e+02 9.93463989e+02 3.66551781e+01 4.28156787e+03
 6.12055603e+02 5.76310791e+03 2.16809106e+03 3.44856909e+03
 1.51817212e+03 5.75964551e+03 1.85372827e+03 1.22632666e+04
 3.88269727e+03 1.41633174e+04 1.93368317e+02 2.42774220e+01],4864.6777,[2.68513828e+04 2.07294678e+02 4.72052860e+00 4.89190102e+01
 3.34220312e+03 1.85058975e+02 6.03582573e+01 1.18444466e+02
 2.22674121e+03 9.87727344e+03 2.63805957e+04 1.08212490e+01
 1.49637098e+01 6.86723340e+03 7.97485791e+03 1.52696719e+04
 1.60544769e+02 1.63231796e+02 1.23028784e+03 1.12597766e+03
 4.57699951e+03 1.72826797e+02 2.15866508e+01 1.71593338e+02
 1.60412331e+01 5.80629089e+02 7.33900024e+02 1.22663291e+04
 2.36333569e+03 4.85176430e+01 1.86138138e+02 2.59107086e+02
 8.59374542e+01 4.60981720e+02 2.18649463e+03 3.68573303e+01
 4.71701813e+00 9.61020660e+00 1.14250693e+04 6.60996387e+03
 2.49373901e+02 3.45856274e+03 4.82905884e+02 2.52941016e+03
 7.00646667e+01 4.91186865e+03 1.38194275e+02 7.40456085e+01
 2.08880591e+03 2.41077728e+02 1.98364304e+02 1.88080554e+03
 2.55887127e+01 6.36449341e+02 1.66671265e+03 2.46386528e+01
 6.50289307e+03 4.77292633e+01 9.05295410e+01 3.95351562e+02
 1.99492279e+02 2.13887291e+01 4.06202423e+02 2.50860352e+03
 5.54504443e+03 7.14046631e+01 9.47386133e+03 1.99602699e+01
 3.26903534e+02 4.39428131e+02 5.95548668e+01 1.07066274e+00
 4.68368750e+03 1.28943076e+04 3.57009131e+03 4.71356934e+02
 1.71664314e+01 2.88039856e+02 4.21432715e+03 1.18215733e+01
 1.53054941e+04 5.64086914e+02 2.36000748e+02 1.87459062e+04
 2.53130762e+04 2.41695576e+01 4.51924286e+01 3.76829517e+03
 2.42933121e+01 1.07834606e+01 2.84327905e+03 1.47128638e+03
 1.36147646e+04 4.18418732e+02 2.49239838e+02 7.36186951e+02
 9.17980762e+03 4.22669062e+04 9.64000391e+03 2.25624741e+02
 1.36031693e+02 9.03234024e+01 9.29827347e+01 8.34385645e+03
 4.32343115e+03 1.91556189e+03 1.25602808e+03 2.45648462e+03
 1.10894639e+04 1.31518297e+01 6.98870621e+01 7.87893372e+01
 1.22028942e+01 1.43553213e+04 9.02960999e+02 1.07399073e+01
 1.95135913e+03 3.95557983e+02 4.44357422e+03 2.38379335e+00
 3.76552429e+01 1.02981631e+04 6.69034180e+03 1.92789502e+03
 2.82679199e+02 5.63528137e+02 8.39881641e+03 1.14374141e+04
 5.88286987e+02 7.84526123e+02 8.49725464e+02 4.80865137e+03
 3.39548492e+01 6.65720522e-01 2.21642798e+03 7.67897654e+00
 1.08482361e+03 2.37617054e+01 1.45716675e+03 3.52853086e+04
 1.15803235e+03 3.69584465e+01 9.72450879e+03 1.10566821e+03
 2.59148877e+03 3.70945801e+03 4.94669735e-01 2.52380786e+03
 3.20374512e+03 2.31475830e+03 6.95557031e+03 1.38975488e+04
 1.25722824e+02 5.72080933e+02 8.81520935e+02 7.65078418e+03
 1.00878864e+03 1.38308691e+04 4.39195275e-01 2.83992847e+03
 3.64064922e+04 8.13114600e+03 1.16213989e+02 1.39104599e+02
 4.59921265e+02 2.12882935e+02 5.44286572e+03 1.72758350e+01
 1.91047993e+01 1.10551133e+04 3.63719025e+02 1.52754120e+02
 3.24954199e+03 1.07589014e+03 1.75513916e+01 8.07660254e+03
 2.18637131e+02 1.71005554e+01 1.93277305e+04 1.44447144e+03
 8.54005356e+01 3.84924583e+01 1.81171484e+03 5.48842285e+02
 1.66399939e+03 1.10767136e+02 1.21784746e+04 3.41547470e+01
 1.22869714e+03 9.02851200e+00 2.43675781e+03 6.95695190e+01
 1.23482480e+04 6.56305664e+03 6.99562500e+02 2.52128516e+04
 1.88515045e+02 6.02379736e+03 1.50426311e+01 8.71728027e+02
 1.86002209e+03 6.94055469e+03 4.23930054e+02 4.39851904e+03
 3.90730225e+03 1.02133358e+00 2.31588555e+04 5.32645813e+02
 2.06550186e+02 1.46170000e+04 5.62356787e+03 1.70180139e+03
 2.74819107e+01 4.19125641e+02 2.14867767e+02 7.10477686e+00
 3.05306740e+01 1.10469238e+02 1.13187286e+02 4.56119499e+01
 8.37687695e+03 2.16434009e+03 2.07162018e+02 4.81386328e+00
 1.03779587e+02 1.94767967e-01 2.88283691e+02 2.07195892e+01
 3.78971558e+02 4.05801819e+02 1.05384473e+03 9.60015625e+03
 8.16988037e+03 1.16743445e+03 1.36092892e+01 2.01812256e+02
 5.43319778e+01 8.57423242e+03 9.34590759e+02 1.51826685e+03
 6.21572144e+02 1.92536377e+03 1.44305172e+01 1.18479863e+04
 5.55355713e+02 4.41051855e+03 2.75303931e+03 6.81975195e+03
 2.37471216e+03 6.49612158e+03 1.09237549e+03 1.32409131e+04
 2.29304590e+03 1.57858164e+04 1.99220718e+02 5.72589149e+01],-972.1682,-1043.4146,-1346.3113,1.017947,1.1272576,0.94566524,0.9268049,0.015868448190689086,13565.776779174805,0.125,0.125,-0.2389409146671227,-0.00021837165095811933,-0.23895029929755082,-0.00016596398510830183,-1.0273236336976004,25.249999999996884,0.0,875000.0,-10.0,-5000.0,500.0,7.590449094772339,875000
1010.0828,0.06825364,0.0038045177,0.001310277,-1009.9765,1009.9765,[1.59700587e-02 3.41631472e-04 2.93695815e-02 1.09722652e-02
 3.18164006e-03 6.06074929e-03 1.52518488e-02 2.63512135e-03
 5.93689457e-02 3.33990157e-03 1.55111849e-02 1.09299757e-02
 5.73099405e-03 3.86758149e-03 2.77295448e-02 5.18890098e-03
 3.89857590e-03 8.06935132e-04 2.74829045e-02 4.94238213e-02
 1.47385187e-02 3.77021022e-02 2.16258056e-02 2.25841999e-03
 9.89773870e-03 3.03940363e-02 2.17452645e-03 1.00200251e-03
 2.52280720e-02 2.39186175e-02 1.76544487e-03 6.44926876e-02
 1.20007135e-02 9.45206359e-03 6.09997660e-03 2.04199925e-03
 8.23590532e-03 9.07288864e-03 6.39706850e-04 7.82844797e-03
 1.38265717e+00 6.66505471e-03 5.08017838e-03 1.48140937e-02
 1.26411468e-02 1.03132799e-03 2.79057771e-03 2.08345242e-02
 7.64019787e-05 1.78180076e-02 7.55786896e-04 2.09986046e-03
 1.65103562e-02 4.25228849e-03 3.23386848e-01 9.28262249e-03
 1.19007006e-02 1.21275559e-02 1.58805028e-03 1.69635773e-01
 1.35460868e-02 1.95663050e-03 2.07244232e-03 1.45228207e-02
 1.05202869e-02 2.11792663e-02 6.48403913e-03 8.38563219e-03
 2.70260125e-03 1.37422234e-04 3.05868864e-01 1.54213980e-03
 5.00814342e+00 2.51656771e-03 4.80849296e-04 7.37477094e-04
 5.83487749e-03 5.64402230e-02 1.15607226e+00 2.04658374e-01
 2.12762728e-02 2.72170082e-03 4.44991887e-03 3.82084399e-03
 2.45170370e-02 4.12776247e-02 1.37887970e-02 3.03763896e-02
 1.15879662e-02 3.73328105e-03 9.66418535e-03 2.78330147e-02
 2.01905146e-02 7.37039000e-03 1.83751471e-02 7.68426806e-04
 1.77577138e-03 1.30893290e-03 5.60720637e-03 1.05444342e-02
 2.53372490e-02 6.23352826e-04 7.98411667e-04 1.73867121e-02
 2.85544433e-02 2.03985721e-04 5.02206385e-03 1.47159174e-01
 2.75576487e-02 1.74905546e-02 2.34324671e-02 7.49025494e-03
 3.26697603e-02 1.59041062e-02 2.73491815e-02 7.17977062e-03
 1.10188127e-03 2.51978412e-02 8.22223723e-04 3.29113752e-03
 1.16609074e-02 6.08193316e-02 1.16362667e+00 4.75171953e-03
 7.77430832e-05 3.02666798e-03 1.03271380e-02 1.01049244e-02
 2.37300992e-05 2.58645788e-02 7.21562654e-04 1.50407702e-02
 1.39959157e-05 4.93150130e-02 3.15817073e-02 6.54999167e-03
 2.03821808e-03 2.63673253e-02 2.93245912e-03 1.35621801e-01
 5.48677221e-02 1.11342855e-02 2.90673710e-02 3.69377732e-02
 1.31179765e-02 2.80309469e-02 9.01892781e-04 8.57092440e-04
 4.29288596e-01 2.94439569e-02 2.47324854e-02 8.41189176e-03
 5.48310578e-03 1.33508608e-01 5.15674427e-02 6.84324652e-03
 1.10356545e+00 8.03008676e-02 3.88577580e-03 4.45872284e-02
 1.29654557e-02 2.49538571e-03 2.34264880e-02 8.55142251e-02
 1.77576065e+00 2.73039676e-02 1.74534321e-03 4.91444655e-02
 2.43760645e-02 1.14628822e-02 1.83471777e-02 2.33033299e-03
 3.55975702e-02 2.49487348e-02 5.29011562e-02 1.91061869e-02
 1.27403624e-02 2.65317038e-03 1.16840005e-03 5.60954213e-04
 2.32832834e-01 6.58311322e-03 9.21860337e-04 2.30048783e-02
 2.12544575e-03 8.90994444e-03 2.85781920e-03 1.85984746e-03
 1.52760893e-02 5.90727068e-02 3.06770578e-02 4.60762531e-03
 6.36402518e-04 1.02069974e-03 3.07831913e-03 2.32363492e-02
 4.52409461e-02 1.90559514e-02 2.44436450e-02 6.01785071e-02
 1.50025636e-02 4.60233167e-03 5.63682988e-03 2.61429697e-04
 1.69179589e-03 1.78508200e-02 2.56342068e-03 1.19186938e-04
 2.47929692e-02 2.62241513e-02 1.11632682e-02 3.68858624e+00
 2.71793008e-02 7.70155340e-04 4.17224914e-02 3.32017317e-02
 7.69210607e-02 1.40472129e-03 2.86557153e-03 2.21534446e-03
 1.57443024e-02 5.63824177e-03 1.08122267e-02 3.75977904e-03
 1.84587121e-01 8.43293965e-03 2.72602215e-02 1.26776583e-02
 1.11703761e-02 1.43989712e-01 7.60991126e-04 5.59709191e-01
 3.89390625e-02 8.60063493e-01 4.97121364e-02 9.94010270e-03
 1.73893943e-03 1.29781514e-02 7.07553700e-03 9.47133183e-01
 2.37863138e-03 7.36762583e-03 2.95985043e-02 2.41740048e-02
 2.35680491e-02 2.78573185e-02 6.32501394e-03 3.63794900e-02
 2.22285129e-02 2.17175074e-02 1.74204260e-02 3.62652019e-02
 2.25163251e-03 1.01530194e-01 1.28336251e-02 3.32896300e-02],0.06260275,[5.52449822e-02 5.25720417e-03 1.71389952e-02 5.69455177e-02
 7.00493157e-03 8.27981904e-03 1.51112676e-03 9.53616574e-03
 2.54283100e-03 1.34140588e-02 2.51876190e-03 6.13020733e-03
 4.06412035e-03 1.17147341e-02 2.44993344e-03 1.02529302e-02
 5.57613745e-03 7.01119006e-03 5.61396033e-03 9.94379073e-03
 2.96997912e-02 1.44118816e-03 6.13103062e-03 1.46959908e-02
 1.27881505e-02 7.13625923e-03 8.50457698e-03 1.87133104e-02
 1.81073323e-03 4.52160835e-03 4.17501666e-02 1.50851384e-02
 4.85012308e-03 1.69212706e-02 5.58969751e-03 1.16674006e-02
 4.01714444e-02 5.05311042e-03 9.02827457e-03 1.10700428e-02
 7.76951373e-01 4.33129817e-03 4.06771898e-03 8.31248239e-03
 3.17353755e-03 9.61846486e-03 1.11375190e-02 1.51523985e-02
 9.81799141e-03 2.57154182e-03 3.54446471e-03 9.17986035e-03
 6.90025091e-02 8.79247487e-03 1.01111531e-02 4.07900289e-03
 6.13627210e-03 7.01820850e-03 9.22483951e-03 2.26861611e-03
 4.14410606e-03 1.43552572e-02 9.98767093e-03 3.65211070e-03
 6.10485673e-03 3.65717709e-03 1.22764446e-02 5.15915342e-02
 3.06846201e-03 3.98666412e-02 1.67474210e-01 1.27975941e-02
 6.65217638e-03 1.21424980e-02 1.46116316e-02 1.31596476e-02
 4.95195761e-03 6.04005158e-03 5.56553155e-03 1.30465701e-02
 5.35631925e-03 1.05987340e-02 4.74626198e-03 1.12340786e-02
 5.02169132e-05 6.65523112e-05 4.92601469e-03 3.06215882e-03
 1.02408230e-03 2.65126899e-02 7.66760111e-03 2.85781920e-04
 5.77823073e-03 5.16399480e-02 4.07911092e-03 3.13825905e-03
 7.66868889e-03 5.46760857e-03 4.32650000e-03 7.09369779e-03
 9.59698111e-04 5.94392419e-03 5.74627891e-03 1.98619850e-02
 9.56048444e-03 1.04555823e-02 8.07166845e-03 1.13316551e-02
 7.84371048e-04 6.14859536e-03 4.45158780e-03 7.06741586e-03
 2.97732651e-03 6.43779188e-02 2.18450315e-02 3.33775617e-02
 3.22687998e-03 7.65059292e-02 8.24150816e-03 5.10378182e-03
 2.60237604e-04 8.02088529e-04 6.58870399e-01 3.85180116e-03
 4.70273569e-03 1.23251230e-02 5.48014790e-03 2.73710676e-02
 4.74908650e-02 5.62803820e-03 6.60647452e-03 5.81679121e-03
 1.05685741e-02 4.12537530e-03 8.62032175e-04 4.06015664e-03
 7.94288889e-03 1.01182610e-03 3.08495760e-03 3.71049792e-02
 6.73265010e-03 8.14822316e-03 2.02909112e-03 1.27928331e-03
 4.99809161e-03 1.08221173e-02 3.70341130e-02 6.63056970e-03
 5.82823530e-03 5.37037849e-04 7.32470304e-04 5.98223880e-03
 7.44439662e-03 3.34829465e-03 5.79655170e-05 5.81868365e-03
 3.97132710e-03 3.54571640e-03 7.58818537e-03 1.63562596e-03
 6.52557984e-03 1.75906494e-02 2.22391374e-02 1.51208788e-03
 3.32278386e-03 6.33755699e-03 2.09613591e-02 5.28395176e-04
 1.77443027e-02 1.15927830e-02 5.11528924e-03 1.64808333e-02
 6.76065683e-04 1.53978169e-03 8.15287232e-04 4.60878015e-04
 8.90856981e-03 3.64961661e-02 8.74221697e-03 1.00500174e-02
 1.38786227e-01 8.00062716e-03 1.76223069e-02 2.11197883e-03
 1.08738728e-02 7.64385238e-03 1.80802085e-02 4.71644476e-03
 4.84681129e-03 7.05162436e-03 3.13699618e-03 1.79822184e-02
 1.37379654e-02 1.94873810e-02 1.99341774e-03 1.39658339e-02
 5.63044101e-04 4.30555642e-03 6.01900369e-03 2.50561535e-02
 7.47393444e-03 3.41183729e-02 1.24372542e-02 5.92768192e-03
 8.54605809e-03 3.63452733e-03 6.11362234e-03 8.44574720e-03
 5.68829849e-03 3.12262774e-03 9.87309590e-03 6.18026316e-01
 5.39238751e-03 5.81352785e-03 1.39082968e-03 1.18914992e-04
 1.01299025e-02 1.52957626e-02 1.39636472e-02 1.12093724e-02
 5.20246103e-03 1.17555857e-02 9.19676572e-03 2.43054703e-03
 4.43734586e-01 7.41596520e-03 4.41360474e-03 3.17797214e-02
 1.94088370e-03 6.50562346e-03 8.90163332e-03 3.77099849e-02
 8.55796412e-03 6.10831380e-03 6.83143735e-05 1.49613619e-03
 8.92055407e-03 2.21304670e-02 3.60001996e-03 1.14156753e-02
 5.53651527e-03 9.03288275e-03 2.84567475e-04 6.50853291e-03
 1.18962675e-03 5.39902598e-04 9.19760019e-03 4.93712723e-05
 2.61573866e-03 5.15133142e-02 6.08235970e-03 1.48478895e-04
 1.96043402e-02 1.43507309e-02 5.73511422e-03 1.67718530e-03],-980.7378,-1010.04675,-1021.277,0.99990106,1.001513,0.99923664,0.92555016,0.76997966,-0.57656324,23.222672,1032.8264,1.6328465,0.24647708,0.15622428,-1028.7288,1028.7288,[1.63686338e+04 4.65765106e+02 1.04094443e+04 1.11765236e+02
 2.20588272e+02 4.40488373e+02 3.48607422e+03 5.64542046e+01
 9.40213966e+00 1.81785510e+03 6.77500534e+01 8.36384668e+03
 7.88575977e+03 1.18691376e+02 1.39956836e+03 1.72172947e+01
 5.88051318e+03 1.47521570e+03 5.13320654e+03 1.36584033e+04
 2.20856400e+01 4.94836273e+01 4.43905078e+03 3.29613135e+03
 7.59662500e+03 8.20165430e+03 2.34804718e+02 1.22593359e+03
 2.62571075e+02 1.27355328e+01 3.94862773e+04 9.92838906e+04
 2.73864478e+03 8.67623138e+01 8.50402527e+01 1.57599726e+01
 2.89842822e+03 4.04506775e+02 2.19966263e+02 3.89072192e+03
 1.26801498e+02 1.07904373e+02 4.40469704e+01 5.99424902e+03
 2.92439629e+04 5.15371094e+02 1.66517129e+04 3.24667358e+01
 1.06982635e+02 6.66737938e+00 3.56323776e+01 9.44586868e+01
 3.00958984e+02 2.05715527e+04 8.40722290e+02 2.42290234e+03
 1.02538157e+01 1.59452286e+01 5.76606903e+01 5.58060791e+03
 4.19846631e+03 2.94229248e+02 6.87853775e+01 2.51185242e+02
 6.80961975e+02 3.44738184e+03 4.64578223e+03 6.66301155e+00
 2.20144019e+03 1.87324619e+01 1.37174980e+04 1.12854919e+01
 2.91301992e+04 3.47979050e+01 1.82689087e+02 1.68052710e+03
 6.74653320e+02 5.74515762e+01 5.95969922e+03 5.60474739e+01
 1.25150719e+05 4.06557422e+03 3.79821558e+03 5.29757751e+02
 4.26452393e+03 1.74677582e+02 3.77482391e+02 7.68535843e+01
 1.28687402e+03 1.68568398e+04 5.07121191e+03 1.26770918e+04
 9.22155859e+03 2.48840527e+04 9.41622852e+03 1.86088855e+03
 3.27915576e+03 7.10572937e+02 8.03434692e+02 3.31510376e+03
 5.99210892e+01 1.83162651e+01 2.19358960e+03 4.30245132e+01
 2.57933862e+03 3.46574188e+02 3.34122192e+02 1.85536602e+04
 4.27935625e+04 3.52852631e+00 1.10747559e+02 7.42996094e+03
 2.57068939e+02 2.87538166e+01 1.05458672e+04 6.38341675e+02
 8.15302505e+01 1.72335620e+03 1.13489844e+03 9.82651465e+03
 1.31551602e+04 5.35686377e+03 1.96403369e+03 2.72355933e+03
 7.52600098e+02 1.09050085e+03 4.36877060e+01 2.03419531e+03
 1.18961699e+04 1.15352165e+02 1.75991003e+03 1.14280899e+02
 3.46281982e+02 9.05421448e+02 9.72561829e+02 1.68355141e+01
 2.11574688e+04 8.37698547e+02 5.80433388e+01 6.31168175e+01
 5.87097595e+02 1.22419296e+02 4.78810742e+03 4.76723877e+02
 1.64863815e+01 1.25306104e+03 1.16373389e+03 2.56780167e+01
 8.00452979e+03 2.50526113e+04 4.43351025e+03 6.18989014e+02
 4.50113892e+02 6.85594406e+01 1.20115808e+03 1.13704857e+02
 3.69770325e+02 1.62637436e+02 6.98584223e+00 8.97041779e+01
 7.84522070e+03 9.54695129e+02 3.57312073e+02 2.07544525e+02
 2.74600928e+03 1.59501858e+01 3.86782532e+02 1.30288379e+03
 5.38748856e+01 2.12375342e+03 7.49543750e+03 5.87077188e+00
 1.82821007e+01 4.66219543e+02 2.10845764e+02 3.36240570e+02
 9.27289001e+02 4.86053085e+01 1.37766205e+02 1.43974121e+03
 3.91162549e+03 8.66328711e+03 1.08717432e+04 1.19478951e+01
 2.46631860e+03 1.45026050e+03 2.56531563e+01 1.05866043e+02
 9.37968597e+01 5.62889633e+01 1.15482307e+02 3.73271141e+01
 3.06658844e+02 9.54591293e+01 3.66589279e+01 2.13491172e+04
 1.04527295e+03 4.29773750e+04 5.85407104e+02 6.43753967e+01
 2.00808395e+02 2.70296135e+01 3.13510864e+02 2.68411406e+04
 3.16259229e+03 7.99594580e+03 4.31299756e+03 3.80906592e+03
 1.00222809e+02 2.58512970e+02 5.01520844e+02 2.57429657e+01
 1.17622363e+03 3.62327423e+02 6.54229150e+03 5.15982129e+03
 9.25512695e+03 2.33548874e+02 1.15653900e+02 1.00205307e+02
 2.71310791e+03 5.98105615e+03 4.09673096e+03 3.36250078e+04
 5.37684937e+01 8.52873203e+04 3.36517715e+01 3.63179844e+04
 4.25871038e+00 3.82632617e+03 3.12363428e+03 3.76105408e+02
 6.69127045e+01 3.12880312e+04 2.95164185e+03 1.40625172e+05
 7.38895557e+03 3.20348206e+02 6.43089218e+01 2.44807227e+03
 1.75102266e+04 2.51078535e+04 2.23717484e+02 8.49179001e+01
 6.76523056e+01 1.52239441e+03 4.62402246e+03 1.32670183e+01
 2.63566821e+03 6.93715698e+02 9.32726758e+03 2.74109268e+01
 8.71709137e+01 2.38001328e+01 4.69358002e+02 1.29350235e+02],7851.638,[5.63683398e+03 1.82282547e+02 6.73123291e+03 9.97893295e+01
 4.36238800e+02 8.25075562e+02 3.91607373e+03 6.99095917e+01
 2.46345749e+01 2.06068262e+03 2.32908096e+02 9.01453308e+02
 8.06446729e+03 1.50598129e+02 5.88325977e+03 8.97884667e-02
 4.90582275e+03 7.46611328e+02 1.22789832e+03 2.33348066e+04
 1.15026077e+02 9.02823792e+01 2.88793477e+04 1.22049780e+03
 5.47314746e+03 4.72765283e+03 5.30128601e+02 1.09886890e+03
 1.54858154e+02 8.15432549e+00 2.16939316e+04 9.80652109e+04
 1.30890566e+04 9.39747467e+01 1.11939934e+02 9.84409571e-01
 1.24220293e+04 3.64662079e+02 8.12100677e+01 2.00628833e+03
 1.33113007e+02 1.15191994e+02 5.20638733e+01 4.59907275e+03
 3.65509922e+04 5.56226746e+02 4.53433838e+03 2.44974461e+01
 1.49207642e+02 6.43355865e+01 4.21628761e+01 1.75996292e+02
 3.73027557e+02 6.65305957e+03 1.49919885e+03 1.67596448e+03
 1.23224297e+01 5.05192986e+01 9.27453613e+01 9.18032910e+03
 1.67229584e+02 7.34351624e+02 7.18933563e+01 1.01999872e+03
 8.25755249e+02 5.15759863e+03 4.69297217e+03 1.39931707e+01
 1.69710693e+03 1.60913582e+01 7.99473242e+03 3.61774397e+00
 2.35831172e+04 6.26521606e+01 2.44872711e+02 1.12512061e+03
 9.33406372e+02 8.55320129e+01 1.56964629e+04 9.66245956e+01
 1.18500016e+05 3.70280566e+03 9.31294128e+02 4.62002930e+02
 1.60333936e+03 2.28150787e+02 3.93321167e+02 4.03326721e+02
 3.29275220e+03 3.22102710e+03 3.38713281e+04 5.73089355e+03
 2.58098828e+03 2.01087285e+04 2.86657422e+04 2.25715424e+02
 3.11834240e+01 6.80806335e+02 1.69891919e+03 4.56912842e+03
 1.17063684e+01 2.50113907e+01 7.36069092e+02 1.10072449e+03
 4.48230615e+03 3.93813782e+02 7.12105713e+02 1.15622500e+04
 4.88331445e+04 1.07000275e+01 1.21183914e+02 6.85185889e+03
 6.84371490e+01 3.09303246e+01 5.67321777e+03 2.70056915e+02
 3.46065445e+01 3.83726611e+03 6.64253998e+01 1.80758008e+04
 3.56300562e+03 8.36751660e+03 2.57170996e+03 1.04033765e+03
 1.01983929e+03 2.06302563e+03 1.71422350e+00 4.94915186e+03
 1.60347793e+04 2.18020523e+02 7.41987891e+03 1.06725815e+02
 2.62277832e+02 1.47275916e+03 6.38075928e+02 2.27382398e+00
 1.38236396e+04 1.14905220e+02 3.73960228e+01 8.37255783e+01
 9.23315857e+02 1.43668213e+02 3.77931909e+03 8.48069519e+02
 2.44611549e+01 1.41049097e+03 2.54034988e+02 8.50800228e+00
 8.10160156e+03 2.21429414e+04 1.12076680e+04 1.99538116e+02
 1.52242041e+03 1.02078842e+02 1.43037415e+03 1.12756859e+02
 1.23027869e+03 1.96525162e+02 7.19396830e+00 1.29249176e+02
 3.29614471e+02 2.05015308e+03 5.33960815e+02 3.33406708e+02
 3.47366943e+03 1.85287132e+01 4.90094757e+02 7.79157104e+02
 5.32205048e+01 9.50207947e+02 4.22446838e+02 6.36109352e+00
 3.36435242e+01 3.65398499e+02 4.10783905e+02 2.91367035e+02
 6.14622154e+01 3.64850693e+01 2.29314072e+02 1.26316052e+03
 2.95087842e+03 2.23304419e+03 6.28687891e+03 1.93923359e+01
 3.30902441e+03 6.89090332e+02 2.80526237e+01 9.45424423e+01
 1.06783440e+02 5.56363106e+01 3.38708923e+02 4.10140457e+01
 2.65586452e+01 1.18541809e+02 3.75934448e+01 2.19881299e+03
 1.74240002e+03 4.38852461e+04 8.28811157e+02 2.32524662e+01
 2.15954865e+02 3.29085541e+01 5.11176392e+02 1.91661445e+04
 9.28216248e+01 6.56619873e+03 4.80597803e+03 5.34549951e+03
 1.65017960e+02 9.32365417e+01 7.55278809e+02 3.33093719e+01
 4.23746399e+02 3.23985046e+02 5.14756641e+04 1.74730957e+03
 1.04353115e+04 2.63441406e+02 1.64443362e+00 1.53907028e+02
 3.71663330e+02 1.32337480e+04 1.27111194e+03 3.06940312e+04
 4.46085167e+01 1.07647562e+05 1.37708252e+02 1.79119609e+04
 3.72389069e+01 4.71272607e+03 7.12816162e+03 3.16334137e+02
 2.63899658e+02 2.41495195e+04 4.18166455e+03 1.60164594e+05
 2.38355255e+02 3.39776672e+02 7.76740723e+01 2.88647876e+03
 9.80306641e+02 1.47142002e+04 2.49489365e+02 1.46886185e+02
 4.73315811e+01 3.97229004e+02 1.14487378e+03 1.06088581e+01
 5.13332617e+03 6.02478394e+02 1.25500000e+04 7.30941849e+01
 7.13895874e+01 4.39214096e+01 2.11348682e+03 1.90455292e+02],-973.1175,-1038.1448,-1337.7905,1.0309402,1.1650457,0.9702525,0.9276452,0.015158575944900513,13944.741192102432,0.125,0.125,-0.34466616501370323,1.1096211827820485e-10,-0.3446661649897905,3.184647065716919e-10,-1.4927848139263926,25.249999999996884,0.0,900000.0,-10.0,-5000.0,500.0,7.573063373565674,900000
1010.2853,0.027236333,0.014617241,0.0013244884,-1010.1119,1010.1119,[1.81652308e-02 5.62933162e-02 5.23858704e-02 1.44716471e-01
 3.61428298e-02 9.81273130e-02 9.06184316e-03 6.88687116e-02
 7.88346827e-02 1.48617423e+00 1.02731474e-02 1.00453384e-02
 2.93028243e-02 8.39786381e-02 2.62354553e-01 3.17545868e-02
 1.68483928e-02 2.41737105e-02 3.59266773e-02 8.56542960e-03
 3.82146426e-02 9.55589116e-03 2.62620524e-02 2.61122175e-02
 1.94769241e-02 2.16550016e+00 2.78091170e-02 3.73733975e-02
 2.18768865e-02 3.99843752e-01 3.16416658e-02 5.25720268e-02
 2.81742401e-02 4.77756932e-02 1.89007074e-02 3.97237018e-03
 3.14940885e-02 3.12611200e-02 4.04099561e-02 3.48073989e-02
 5.57556190e-02 3.39710154e-02 1.79057755e-02 3.80650908e-02
 1.33298174e-01 4.25871015e-02 2.92415619e-01 3.24847735e-02
 6.36389256e-02 1.66671164e-02 2.94538811e-02 2.50605978e-02
 5.00083208e-01 2.10717097e-02 1.22376718e-02 1.16631575e-02
 2.82898135e-02 1.38304383e-02 4.91730459e-02 5.24533764e-02
 2.44709328e-02 1.08886547e-02 3.04025449e-02 2.80744173e-02
 9.22242180e-03 5.68245687e-02 4.32620198e-02 3.24807651e-02
 4.20373864e-02 2.57196166e-02 7.94474036e-03 1.41920038e-02
 6.26659840e-02 4.64648753e-02 2.47619227e-02 8.73807073e-02
 8.95369798e-03 4.36348952e-02 2.66748667e-02 8.32166076e-02
 4.48434427e-02 3.53517011e-02 2.41313167e-02 4.66961041e-03
 4.72607732e-01 9.20285285e-03 1.25503808e-01 3.78751643e-02
 1.97477937e-02 1.71903409e-02 2.47011520e-02 4.70742136e-01
 8.61722976e-03 7.62732774e-02 2.80201025e-02 1.42499246e-02
 3.59688997e-02 1.27305165e-02 5.24660833e-02 7.45171681e-03
 1.37803054e+00 2.62556560e-02 3.96552160e-02 1.17861219e-02
 2.76475139e-02 3.20166834e-02 2.10829973e-02 1.35095790e-02
 1.05413771e+00 2.25931153e-01 2.95912661e-02 1.82462931e-02
 9.07647908e-02 9.37197357e-02 5.47825769e-02 2.23230496e-02
 2.86267139e-02 1.19455345e-02 4.05736752e-02 1.94541001e+00
 3.48010547e-02 4.00530398e-02 3.81932892e-02 6.28014058e-02
 1.26600750e-02 3.10079195e-02 1.32674709e-01 2.43333864e+00
 3.19796391e-02 2.65473016e-02 2.13218667e-02 3.15145403e-02
 9.76222754e-02 3.85245867e-02 6.96605444e-02 2.97283567e-02
 1.41995884e-02 2.72777714e-02 3.71388882e-01 2.38294154e-02
 3.11899930e-03 4.10274044e-03 9.83237773e-02 8.68712515e-02
 3.27976122e-02 3.92435491e-01 4.41847481e-02 1.06021315e-02
 8.02174211e-04 9.16357785e-02 4.01258804e-02 1.11130551e-02
 4.25771415e-01 1.24969780e-02 3.65128107e-02 3.35234478e-02
 3.19895484e-02 2.55296975e-02 1.07401200e-02 1.33816153e-02
 4.80733067e-02 6.42342940e-02 2.66614556e-03 1.10193864e-02
 8.07939321e-02 1.03638507e-02 8.05325806e-03 1.18655898e-02
 2.57733203e-02 4.15766276e-02 2.20184214e-02 2.62765959e-03
 3.95318568e-02 1.77778676e-03 4.58957739e-02 7.71315396e-03
 8.53959098e-03 3.77588458e-02 1.24964571e+00 2.57358886e-02
 3.51899415e-02 8.14066052e-01 1.09306723e-02 6.60587996e-02
 3.26536864e-01 6.30711764e-02 2.72104777e-02 3.27502161e-01
 5.69332913e-02 1.07404329e-02 2.69426145e-02 3.22549231e-02
 4.30801995e-02 1.03968754e-03 4.29893136e-02 3.56284566e-02
 1.43541582e-02 1.71120949e-02 2.99888924e-02 2.71504700e-01
 2.38076225e-02 2.65466356e+00 3.35015357e-03 5.30877151e-02
 5.71886674e-02 4.53007407e-02 3.63298208e-02 1.05756611e-01
 3.30813415e-02 1.76115707e-02 2.85494514e-02 1.03383660e-02
 1.69189461e-02 3.11358273e-02 9.09793079e-01 3.08823362e-02
 7.51619935e-02 2.68507041e-02 7.40970448e-02 5.14531881e-03
 6.76048696e-02 2.23094411e-02 1.62624307e-02 9.30765271e-03
 2.02578194e-02 2.42141262e-02 5.90346456e-02 6.41713291e-02
 3.79763730e-02 1.73798576e-02 1.31109357e-02 1.43131986e-02
 2.20139325e-02 4.46813293e-02 2.01152898e-02 4.55050208e-02
 2.92951167e-02 4.94195521e-03 9.29573551e-03 9.34107602e-03
 4.34609130e-02 3.75519134e-02 5.69924451e-02 5.87867387e-02
 4.58670631e-02 1.33380368e-01 2.24272199e-02 7.14070082e-01
 3.06181796e-02 5.09122014e-02 3.35246213e-02 7.18576461e-03
 3.35333832e-02 1.06192268e-02 5.24062663e-03 1.86136514e-02],0.061148956,[2.4274923e-03 5.7097152e-04 1.1592247e-03 2.8581917e-04 4.8816949e-04
 9.6113980e-04 8.7681785e-04 3.2168999e-04 5.1397420e-03 2.0051934e-03
 8.1529096e-04 8.6330250e-04 3.8028844e-03 3.2739360e-02 4.2479187e-03
 1.5635677e-03 1.6843118e-03 1.2925640e-04 1.7161518e-03 2.6258118e-03
 2.9657818e-03 1.1175945e-03 1.0818020e-03 1.2833066e-03 7.5759366e-04
 2.4796017e-03 8.6845830e-04 2.8317608e-03 4.7128275e-04 2.4669208e-03
 1.1478253e-03 1.1866130e-03 3.2031909e-04 3.6612898e-04 2.3511983e-03
 3.6719814e-03 2.1049716e-03 2.5137141e-03 1.9618757e-03 5.6181885e-03
 1.7482400e-02 1.7718412e-03 4.0692464e-04 2.4737418e-03 2.0456798e-03
 3.6736205e-04 1.0369606e-02 4.2019971e-03 5.8235601e-04 1.4833249e-03
 2.6098266e-04 2.0476170e-03 3.6735833e-04 1.3309754e-03 2.0819344e-03
 2.1581203e-03 1.9477904e-03 1.1084713e-03 2.2853166e-03 1.2311675e-03
 9.9665672e-04 8.2267076e-04 6.8492070e-04 1.0562688e-03 5.9352070e-04
 1.1839975e-02 2.3885146e-03 1.0907389e-03 2.5289357e-03 2.6030317e-03
 1.2277998e-03 1.1287108e-03 4.5115128e-03 2.7437694e-03 9.6239522e-04
 9.9888630e-03 1.9044615e-03 2.8453842e-03 2.1664575e-03 8.7987334e-03
 5.6703873e-03 5.0613657e-04 1.8157065e-03 3.0456521e-03 5.4969266e-03
 2.9803663e-03 5.2578487e-03 1.3553239e-03 2.9414035e-03 1.2991615e-03
 6.6198781e-04 3.9696693e-03 1.2833849e-03 4.3500252e-03 1.9412674e-03
 2.3473054e-04 3.3258870e-03 6.7594647e-04 1.7458536e-03 1.9637085e-03
 1.5353788e-01 1.6991049e-03 1.1024810e-03 9.1125444e-04 1.8329360e-03
 2.2446252e-03 2.8310008e-03 8.4985793e-04 1.8053539e-03 2.1236831e-01
 1.4833882e-03 1.6607977e-03 2.2490598e-02 8.4920228e-04 4.2917877e-03
 8.4429979e-04 3.5026260e-03 2.6201084e-03 4.1455515e-03 3.2842904e-02
 1.0330826e-03 2.2481121e-03 2.5135316e-03 2.7501956e-04 4.5119822e-03
 1.4320165e-03 3.4795441e-03 2.1830201e-04 1.7768480e-03 1.2538806e-03
 7.3947012e-06 5.4086000e-04 8.5327774e-04 2.7118102e-03 1.6522780e-03
 3.0626990e-03 1.8366612e-03 2.4310127e-04 1.4396805e-01 1.9133836e-03
 7.7304617e-04 1.2925155e-03 1.1131540e-03 3.1179935e-03 2.4396181e-04
 1.8021166e-03 8.9414790e-04 6.7201257e-04 5.8724359e-04 4.6157837e-04
 3.9506592e-03 8.8026002e-04 1.0824241e-03 2.1382608e-03 6.8641454e-03
 3.1826831e-03 5.0879903e-03 7.1464777e-03 1.5740283e-03 3.8871542e-03
 1.1233240e-03 8.7291002e-04 4.0322579e-03 3.8628653e-04 2.5953725e-04
 5.2554905e-04 1.7905273e-03 5.7376176e-04 6.5485388e-03 1.5407477e-02
 1.7171837e-03 1.0667220e-03 3.0553080e-03 2.1835569e-02 6.6734850e-04
 5.0735846e-04 1.1300333e-03 6.3537657e-03 4.2114992e-02 2.1531917e-03
 2.1596141e-03 6.5984809e-01 1.8514879e-03 9.1991015e-03 1.3568439e-03
 2.6703067e-02 1.6371049e-03 8.7158754e-04 7.8366138e-03 2.4457462e-03
 1.5968718e-03 3.1159595e-03 7.0729852e-04 1.7968602e-03 1.2001731e-03
 5.8299303e-04 2.2957101e-03 1.5254691e-03 3.8865544e-03 2.9681642e-02
 1.5012398e-03 1.0658503e-03 1.5840307e-03 2.2327080e-03 5.8902986e-03
 5.5548027e-03 1.0695942e-03 3.5205856e-04 7.4565783e-04 2.1351725e-03
 2.0251870e-03 9.8326802e-04 1.2180284e-03 7.9389289e-04 5.2178279e-04
 2.4037436e-03 7.7997334e-03 4.0692464e-04 1.8530041e-03 2.1989085e-03
 6.0677901e-04 1.5536733e-03 1.9554831e-03 1.2146309e-03 7.4069574e-04
 1.5713312e-03 5.7244971e-03 4.0888228e-03 7.2087109e-02 4.2653866e-03
 2.8339028e-04 3.3317544e-03 8.4195286e-04 2.5206991e-03 8.4536150e-04
 2.0796694e-03 2.7380921e-03 7.0603192e-04 2.7169175e-03 1.0199025e-03
 1.5505590e-03 4.4176318e-03 6.5824762e-03 2.2500105e-02 2.9910281e-03
 1.9761361e-03 5.8028735e-03 8.7850995e-02 1.4340170e-03 1.0126978e-03
 2.7475506e-03 1.9655712e-03 1.8919483e-03 1.3136454e-03 1.6484559e-03
 1.0768920e-03],-973.2654,-1010.8158,-1146.5076,0.9998817,1.0057634,0.99706984,0.9255488,1.3403358,-1.0472338,30.096619,1039.9204,1.8400964,0.237154,0.16748807,-1035.7087,1035.7087,[6.24333203e+03 3.00928008e+04 5.20026270e+03 1.99709192e+03
 4.88827705e+00 2.76116602e+03 1.81042754e+04 3.75174121e+03
 4.18589014e+03 5.74774902e+02 3.37740356e+03 1.43689775e+00
 8.31962402e+03 8.77976227e+01 9.36571960e+02 3.32248145e+03
 3.61593726e+03 2.28454883e+03 1.11681919e+01 5.57830322e+03
 9.50258008e+03 1.55525996e+04 1.79768982e+01 2.45266838e+01
 5.35773193e+02 3.37865273e+04 5.25401904e+03 1.35306238e+03
 3.37990977e+04 9.03802643e+01 2.47578125e+02 6.88031311e+01
 6.73181534e+01 7.57608789e+03 3.25886116e+01 5.84554720e+00
 9.77143921e+02 3.31911841e+03 6.47254105e+01 3.50491699e+03
 9.19858780e+01 1.15413623e+03 6.38404226e+00 6.48962842e+03
 9.22245145e-01 1.84328284e+03 9.11739258e+03 1.67373267e+03
 1.31980453e+02 1.72648730e+03 2.95182861e+02 3.86580887e+01
 9.65477832e+03 1.28158271e+04 4.31624023e+03 7.15172607e+03
 1.75047943e+02 6.74555420e+02 9.03049219e+03 2.40546411e+03
 7.70745789e+02 3.61029480e+02 5.13019043e+03 1.80418713e+03
 2.71480005e+03 5.92357300e+02 3.04891235e+02 4.47507904e+02
 2.43869522e+02 4.57642078e+00 9.34811020e+01 1.54264707e+04
 1.57768677e+03 1.21754417e+02 6.51567822e+03 1.39752559e+04
 5.33879834e+03 1.52500734e+01 1.81293867e+04 1.65765247e+03
 1.42970562e+01 1.90787732e+03 9.25390320e+02 4.26084297e+04
 7.65355606e+01 1.63737471e+04 5.93051855e+03 2.15767879e+01
 1.14600898e+04 3.79240601e+03 3.06375427e+02 4.63193798e+00
 1.80561328e+04 3.12017639e+02 2.61823463e+01 1.38040924e+01
 1.99283374e+03 9.75720692e+00 8.31105957e+02 2.94875145e+01
 1.59804033e+04 2.59286572e+03 8.12408154e+03 8.41197998e+02
 1.80270496e+03 2.55223398e+04 9.13064651e+01 1.01050068e+04
 3.17849522e+01 2.96728363e+02 1.56109316e+04 1.07232483e+02
 1.15051460e+02 1.70489121e+04 1.79815308e+02 6.19590950e+01
 1.64844434e+04 8.15889038e+02 3.44789238e+01 3.78697876e+03
 3.12248022e+03 5.33920288e+01 1.68426641e+04 9.84581152e+03
 2.33569004e+04 3.72510071e+02 1.08754858e+03 3.50274531e+04
 5.01596719e+04 3.39047058e+02 7.11655884e+01 2.96912265e+00
 6.84912744e+03 4.74642725e+03 7.46135840e+03 7.82155457e+01
 1.81785779e+03 2.33697662e+02 2.74633064e+01 1.64090530e+02
 3.34335571e+03 5.35066032e+00 1.82301826e+01 1.75428543e+01
 1.85643368e+01 7.44273877e+03 7.62924652e+01 7.56410522e+02
 5.63537064e+01 8.47778076e+02 5.48638123e+02 2.06262324e+04
 2.21474375e+04 1.10463638e+01 3.24438965e+02 1.36294983e+02
 1.20802002e+03 2.12556738e+03 5.63277002e+03 7.08455515e+00
 1.29069796e+01 1.83757191e+01 3.07341895e+03 2.37313281e+04
 1.07562769e+03 5.63207695e+04 2.58704712e+03 7.02121216e+02
 2.56030518e+02 8.58558398e+03 2.26598377e+01 1.21640244e+02
 8.51531792e+00 1.16310776e+02 3.20296753e+02 1.22875232e+03
 4.77923340e+03 3.48068506e+03 8.67864609e+00 4.72842865e+01
 2.74684741e+03 6.60843213e+03 4.40710869e+01 3.00499306e+01
 1.54807678e+02 9.80653954e+00 2.85957397e+02 4.12109802e+02
 9.71265640e+01 1.61844864e+01 9.00312683e+02 3.11440449e+01
 2.37587524e+02 8.82885742e+03 1.58130859e+02 9.82337769e+02
 6.93070410e+03 3.04871090e-02 4.42283211e+01 8.13897803e+03
 2.50278882e+03 7.17931494e+03 1.38090518e+04 4.97924121e+03
 1.43596786e+02 2.10299902e+03 3.14966797e+03 3.61923145e+03
 3.39405365e+02 2.94868213e+03 1.85181777e+04 7.68907532e+02
 9.27933984e+03 7.95462256e+03 1.63048572e+03 2.24974219e+03
 3.01310852e+02 1.29788008e+04 2.38209972e+01 1.53360234e+04
 1.78588928e+02 2.12674389e+01 3.71735278e+03 6.20044861e+01
 7.29473389e+02 1.72863327e+02 1.93332052e+00 2.26868153e+01
 8.87907314e+00 6.91099121e+03 5.99345642e+02 1.08256067e+03
 1.88200059e+04 2.20881592e+03 2.41311816e+04 5.95577209e+02
 2.66443750e+03 1.19390404e+02 4.80749474e+01 2.05702026e+02
 4.22660303e+03 5.99803320e+03 1.73614746e+03 2.37101440e+03
 5.67870654e+03 1.11795532e+03 6.59942334e+03 1.65433292e+01
 1.23864990e+02 5.89333789e+03 1.59032242e+02 4.05616646e+01
 1.86718438e+04 1.17780212e+03 3.55043060e+02 3.84037872e+02],6439.2637,[7.00845312e+03 1.37062461e+04 1.74199780e+03 1.57334131e+03
 1.26739521e+01 8.13857812e+03 1.49597568e+04 1.58624141e+04
 6.50289502e+03 1.16004041e+03 4.50732324e+03 1.83806915e+01
 9.78840234e+03 7.62348251e+01 5.24920883e+01 8.06550171e+02
 5.46131055e+03 5.01557275e+03 1.72359447e+01 7.56613477e+03
 5.09446045e+02 4.30899365e+03 1.19593964e+01 1.12659302e+01
 5.66091614e+02 1.81192559e+04 3.19714307e+03 4.02862915e+03
 1.91882188e+04 1.04926254e+02 3.17343384e+02 1.31820816e+02
 1.81723053e+02 7.07091113e+03 6.61415329e+01 1.19034719e+01
 9.59440857e+02 3.78638452e+03 5.36109467e+01 4.86452344e+03
 1.02333427e+02 1.16107324e+03 6.83288765e+00 2.22337921e+02
 1.01350794e+01 2.64633179e+03 2.72485291e+02 2.01169678e+03
 1.04666092e+02 5.05047314e+03 1.47441757e+02 1.12547913e+02
 9.08591309e+03 1.03266191e+04 3.40467651e+03 1.13070234e+04
 5.05394226e+02 8.51132629e+02 8.00370850e+03 2.86193921e+03
 1.21684399e+03 7.40091003e+02 9.68192578e+03 7.12997168e+03
 2.35798672e+04 4.23008301e+02 2.65586975e+02 2.19670212e+02
 8.72762817e+02 2.18547401e+01 1.26942459e+02 1.01159688e+04
 1.42236877e+03 1.49861221e+02 6.64744775e+03 2.19790801e+04
 4.97708691e+03 2.64890251e+01 1.76592285e+04 1.45419812e+03
 2.07212601e+01 8.79663379e+03 2.18799414e+03 2.93479277e+04
 3.04154510e+02 9.20779883e+03 1.50061748e+04 1.72527771e+01
 3.93966333e+03 4.06608691e+03 5.27989746e+02 5.25656548e+01
 1.16133242e+04 6.19829468e+02 1.51668835e+01 1.34010878e+01
 2.67331177e+03 2.82795277e+01 6.49998718e+02 2.86754837e+01
 9.69728613e+03 4.56028369e+03 8.31414307e+02 1.93055145e+02
 1.37010901e+03 5.08977578e+04 9.75237885e+01 1.00776748e+04
 2.80089817e+01 2.99100311e+02 1.99255039e+04 1.24863106e+02
 2.15921265e+02 1.24853047e+04 1.26186356e+02 9.98438478e-01
 1.23209727e+04 2.25447815e+02 1.32807894e+01 1.19209180e+03
 8.76473999e+02 2.48081875e+00 1.21599004e+04 1.41585322e+04
 4.93099609e+04 5.17143433e+02 7.13384277e+02 4.26134648e+04
 2.87673711e+04 1.54377612e+03 1.80861908e+02 6.83747578e+00
 3.09057178e+03 5.13088257e+02 1.17588926e+04 8.06615479e+02
 1.59721741e+03 2.43317688e+02 6.08102875e+01 1.79181091e+02
 3.01857568e+03 1.76081676e+01 4.34337158e+01 7.05639219e+00
 4.37771149e+01 1.22203477e+04 1.02653320e+02 1.27811487e+03
 7.46777420e+01 6.98947266e+02 1.01174371e+03 2.64406816e+04
 8.32259375e+03 5.42976418e+01 2.21283020e+02 8.74502373e+00
 7.40278931e+02 2.50331055e+03 3.78372900e+03 1.61906624e+00
 1.18020763e+01 7.47051392e+01 3.33300269e+03 5.11203750e+04
 1.37114380e+03 2.79109199e+04 4.04678589e+02 3.80449585e+03
 2.65774963e+02 5.54915381e+03 9.16779041e+00 7.53317413e+01
 6.65137768e+00 1.65145828e+02 1.35355347e+02 1.52961292e+03
 5.58173438e+03 4.23101221e+03 3.32465363e+01 8.30436096e+01
 5.26436133e+03 7.27483545e+03 1.34890274e+02 5.19436188e+01
 2.36580582e+02 5.92740154e+00 6.04836548e+02 3.73000221e+01
 2.19806767e+00 7.34620762e+00 5.39673340e+03 1.98372478e+01
 6.35423706e+02 7.47668066e+03 2.36379653e-01 3.45483813e+03
 3.45698682e+03 2.35648274e+00 8.94561615e+01 1.13382148e+04
 6.15196729e+03 2.53796899e+03 1.59910352e+04 3.27162964e+03
 1.42997604e+02 2.95953638e+03 2.39472998e+03 4.39684326e+03
 8.55767059e+01 1.83837656e+04 1.77302734e+04 4.08841278e+02
 6.68749414e+03 4.07446851e+03 1.58777612e+03 2.77185107e+03
 5.41968079e+02 4.14817780e+02 2.16698780e+01 2.11701504e+04
 2.16322342e+02 1.09075403e+01 3.93269867e+02 6.17617226e+01
 1.46742847e+03 2.85412598e+02 1.00122559e+02 1.21737118e+01
 1.14340944e+01 1.85419023e+04 6.30736938e+02 1.29504163e+03
 1.46230459e+04 2.69018457e+03 2.39940039e+04 7.72492859e+02
 1.09719128e+03 4.30077362e+02 4.40849762e+01 3.65192556e+00
 2.82837646e+03 7.01086377e+03 1.10968145e+04 2.28142578e+03
 2.37605273e+04 1.06950940e+03 3.53701172e+03 3.69712753e+01
 1.52122513e+02 2.07847656e+03 1.50533203e+02 9.88510132e+00
 1.51481572e+04 1.35170654e+02 3.08495392e+02 4.59172150e+02],-971.11633,-1040.1194,-1360.7446,1.0329702,1.1965196,0.96681666,0.9277859,0.0158711713886261,14341.520492553711,0.125,0.125,0.07421145879156563,1.2483557326711636e-14,0.07421145879156563,1.3398930485179554e-14,0.3577772008338068,25.249999999996884,0.0,925000.0,-10.0,-5000.0,500.0,7.6531782150268555,925000
1010.9107,0.038427398,0.02027497,0.0011586463,-1010.66956,1010.66956,[2.18319371e-02 1.56035542e+00 6.27117231e-03 4.63307835e-02
 5.16541302e-03 2.04611570e-02 4.82937455e-01 1.19452611e-01
 2.49947250e-01 1.06598027e-02 8.42668116e-04 1.62867047e-02
 2.31468119e-02 1.74821354e-02 2.98526771e-02 3.65253150e-01
 1.17573217e-02 2.42385007e-02 1.77269354e-02 9.11720470e-03
 1.38326623e-02 9.13898945e-02 1.38302818e-02 2.86164172e-02
 1.05834031e+00 2.39487886e+00 1.34204514e-02 1.47413053e-02
 1.06136656e+00 8.88702154e-01 1.67203918e-02 1.33340247e-02
 5.26756421e-03 5.98827377e-03 2.22654678e-02 2.31302157e-02
 1.52802952e-02 1.02908164e-02 4.54115607e-02 1.78494006e-02
 1.27181895e-02 9.01684538e-03 5.87863475e-03 1.40512474e-02
 9.67655331e-03 1.88744850e-02 3.57313827e-03 3.98544222e-02
 3.42010334e-02 1.57522708e-02 1.05748959e-02 5.95675781e-03
 1.39459111e-02 8.29407945e-03 2.03794576e-02 8.75907019e-03
 9.31624323e-03 1.78585458e+00 1.17459781e-02 2.04159990e-02
 2.01756842e-02 1.27954632e-02 9.71722603e-03 1.90729834e-02
 1.16578117e-02 6.39525428e-03 8.49921256e-03 2.92417742e-02
 1.01196587e+00 6.67693093e-03 5.85876778e-02 1.23634674e-02
 2.66990252e-02 5.98691225e-01 5.32830134e-03 1.86435729e-02
 2.06049122e-02 1.71211846e-02 1.47821188e+00 3.68396118e-02
 4.67321910e-02 8.53364542e-03 7.83285871e-03 2.17483528e-02
 1.38619852e+00 1.32236555e-02 8.74178484e-03 6.82622194e-03
 1.41725838e-02 3.75986844e-03 1.83461048e-02 1.34124942e-02
 9.41415504e-03 1.31294280e-02 3.45413017e+00 7.24809244e-03
 1.32399537e-02 4.34004593e+00 1.65280439e-02 1.41480565e-02
 4.54373658e-02 2.11713649e-02 1.36875659e-02 1.48869045e-02
 2.09550895e-02 8.55179504e-03 1.08967751e-01 5.30214049e-02
 1.24016590e-02 1.06216222e-03 1.46060944e+00 1.20580532e-02
 1.65762492e-02 4.64490242e-02 5.50805405e-03 9.03262198e-03
 3.24403979e-02 2.12049074e-02 5.56749284e-01 1.50315203e-02
 9.20888484e-02 1.11991316e-02 3.46003771e-02 1.09333582e-02
 1.23770013e-02 2.13206746e-02 1.77400894e-02 1.32069662e-02
 2.21742168e-02 6.73489720e-02 2.63359137e-02 7.85960257e-03
 4.10106927e-02 9.95332375e-03 2.02345327e-02 1.57127120e-02
 9.89724696e-03 6.08872324e-02 1.47984958e+00 6.89870864e-03
 1.81048848e-02 1.70613267e-02 2.79479831e-01 2.55136564e-02
 8.18370655e-02 2.90622860e-02 8.73871148e-03 4.07898799e-03
 3.00761759e-01 1.52442195e-02 7.21577182e-03 1.07578523e-02
 2.06525065e-02 1.53263286e-02 4.09204513e-03 2.29753740e-02
 2.38206685e-02 1.60830654e-02 9.98327509e-03 5.83610311e-03
 2.06967480e-02 1.24329701e-02 1.04107000e-02 1.71089806e-02
 1.23409182e-02 8.81675631e-04 1.45117529e-02 1.69773586e-02
 2.56297179e-02 2.83961713e-01 9.84746590e-03 1.31450780e-02
 1.79575756e-02 1.39853545e-02 2.13701166e-02 1.57136358e-02
 1.42875090e-02 6.76776841e-03 7.69618899e-03 2.75580063e-02
 1.66523531e-02 1.65274329e-02 1.97044611e-02 3.17954756e-02
 1.15401959e+00 2.85700448e-02 2.05137022e-02 1.28031150e-02
 1.90186426e-01 2.53916159e-02 5.76833822e-02 5.26455417e-03
 1.79720670e-02 2.70503648e-02 6.07245043e-03 1.43828177e+00
 1.33031681e-02 7.42767006e-03 1.08710006e-02 3.19346674e-02
 1.12294948e+00 9.32982937e-03 1.42132118e-02 1.61411911e-02
 4.25693130e+00 2.06345618e-02 1.22370690e-01 2.83170938e-02
 9.42663312e-01 3.02469015e-01 2.38850713e-02 1.87131204e-02
 1.12176687e-02 1.05807371e-02 1.46606602e-02 1.12619734e+00
 2.17912793e-02 1.21933259e-02 2.14154863e+00 6.58268481e-03
 1.74451470e-02 3.08191516e-02 1.59801915e-02 9.12696362e-01
 1.10159703e-02 3.04867744e+00 1.50328763e-02 5.28239086e-03
 1.69578567e-02 1.56461336e-02 2.56391503e-02 1.33225694e-03
 2.83630677e-02 4.29861620e-03 3.11215408e-02 6.05115533e-01
 8.10546055e-03 2.64766169e+00 4.04452272e-02 1.82185844e-01
 2.87875608e-02 7.73446634e-03 6.67034462e-03 3.61266732e-03
 2.28540637e-02 9.83333960e-03 3.34282853e-02 2.63082981e-02
 1.69308335e-02 1.91088356e-02 1.53940059e-02 7.76149333e-03
 8.72627273e-03 4.20527197e-02 1.99734047e-02 7.19619542e-03],0.11788657,[7.88275152e-04 2.82211113e+00 2.00569630e-03 4.18651849e-04
 2.00748444e-04 2.61448696e-03 1.82748586e-03 1.07759610e-03
 9.86862555e-03 2.18503550e-03 5.08461148e-04 8.28985125e-04
 1.08934939e-04 1.54426694e-03 1.80295110e-03 3.09029967e-03
 1.54275447e-03 6.64837658e-03 1.97273865e-03 6.03098422e-04
 2.26626173e-03 3.70150805e-03 8.07195902e-04 5.58902323e-03
 2.60607153e-03 1.40317273e+00 1.09681860e-03 5.08222356e-03
 1.62146240e-03 2.13835388e-03 6.74147159e-04 2.05822289e-05
 9.61665064e-04 1.90325454e-03 6.01211935e-03 2.15900317e-03
 2.50697881e-03 1.53248385e-03 6.14710152e-05 3.66489962e-02
 1.50233880e-03 1.28344446e-03 1.42593682e-03 3.26801091e-04
 1.26193836e-03 1.01865083e-03 1.31857395e-03 9.31920484e-03
 1.08339265e-03 2.24996358e-03 6.30486757e-04 3.15933302e-03
 1.92368776e-03 7.23127276e-04 4.63891774e-04 1.41139701e-03
 5.57739288e-04 6.06074929e-04 1.82292610e-03 1.69671327e-03
 2.81170011e-03 2.17647105e-03 3.77852470e-04 3.40476632e-04
 1.04168430e-03 1.95995346e-03 4.37427312e-04 3.16268951e-03
 3.76863033e-03 4.02440131e-03 2.62290239e-04 7.69797713e-04
 2.86123492e-02 2.79721171e-02 9.46819782e-04 2.04900652e-03
 7.75326043e-04 3.34371626e-03 1.17190555e-03 1.67931616e-03
 5.60678542e-04 3.40435654e-04 9.89198685e-04 2.43057683e-03
 1.11553833e-01 6.18653372e-03 1.56956911e-03 1.01821497e-03
 6.24693930e-04 3.03611904e-03 7.44644552e-04 4.39177826e-03
 9.18060541e-04 8.91525298e-04 4.32439148e-04 2.34533846e-03
 6.47846609e-04 7.27180019e-03 1.02911144e-04 1.03533268e-03
 2.84882262e-03 3.28519940e-03 2.62296572e-03 1.94478780e-04
 1.17535144e-03 1.68529153e-03 1.95812061e-03 2.31492892e-03
 1.38369203e-03 3.90548259e-04 7.89109617e-04 9.16663557e-04
 6.73676282e-03 2.42823735e-03 1.05173141e-02 8.33466649e-04
 7.12729245e-03 1.88264996e-03 1.51747838e-03 2.15757638e-03
 1.17266551e-01 9.60472971e-04 1.23808160e-03 1.19358674e-03
 1.78278983e-03 6.12530857e-04 8.87215137e-04 4.39751893e-04
 1.16703287e-03 3.44660357e-02 2.66326219e-03 8.45864415e-04
 3.55196744e-03 3.67191434e-03 2.38869339e-03 1.30303204e-03
 1.04444958e-02 1.47271901e-03 2.22021714e-03 6.18699938e-04
 1.66669488e-05 9.61914659e-04 3.98069620e-03 1.03167668e-02
 1.09467655e-03 3.67525965e-04 1.11133605e-03 1.90797448e-03
 1.44721940e-03 2.59239227e-03 9.24423337e-04 6.25826418e-04
 9.90677625e-04 2.12355331e-03 1.23687088e-03 8.15160573e-04
 3.90782952e-04 1.61488354e-03 1.92189589e-03 7.04813749e-03
 1.86303630e-03 6.39927387e-03 7.83279538e-05 3.69006395e-03
 2.24234536e-03 9.53860581e-04 4.28301468e-03 2.03100592e-03
 1.49889290e-03 7.82383233e-02 9.26483423e-04 1.99642777e-03
 2.73972750e-04 1.23204663e-03 1.34673715e-03 6.14643097e-04
 6.09893352e-04 1.01123005e-03 5.89448959e-04 1.30411424e-02
 5.37443906e-04 9.83784348e-03 4.31500748e-03 1.25712529e-03
 1.46325636e+00 1.05447322e-03 1.99046731e-03 2.03504041e-03
 3.66892293e-03 2.53068283e-03 3.42290178e-02 5.93144447e-04
 1.08984113e-03 1.39494613e-03 1.57512724e-03 7.46384263e-04
 9.07365233e-04 5.29058278e-04 2.33447924e-03 2.25352123e-03
 1.48845464e-03 9.36675817e-04 2.40507722e-03 9.96608287e-04
 1.38482824e-03 5.97498193e-03 2.35863030e-03 1.95271149e-03
 1.25129893e-03 5.59125543e-02 4.26204503e-03 2.06533819e-03
 1.20892003e-03 8.26336443e-04 2.44052708e-03 3.70750904e-01
 1.36343017e-03 2.24469975e-03 3.71821225e-04 2.45871022e-03
 9.70192254e-04 9.19178128e-04 3.23690474e-05 2.22647563e-03
 1.38210133e-03 2.43164971e-03 1.28844753e-03 2.40317732e-03
 6.80405647e-04 2.01250985e-03 2.35948712e-03 2.79638916e-04
 1.35473162e-03 2.43917108e-03 3.20840627e-04 1.13936141e-03
 1.69931725e-03 4.45730984e-05 7.58745819e-02 3.04438174e-03
 2.78923661e-04 3.37438658e-03 5.53939492e-04 2.29491293e-03
 2.71651521e-03 4.53893095e-04 4.91514802e-04 2.02298537e-03
 1.55279413e-03 1.65158510e-03 6.94341958e-04 1.17662549e-03
 9.58740711e-04 3.15983966e-03 7.23918155e-03 1.42536312e-03],-977.08514,-1012.2058,-1362.3977,0.9999973,1.0047381,0.9983955,0.92555726,2.4392474,-4.273104,34.525253,1052.7655,1.8284969,0.3159431,0.1623361,-1047.7776,1047.7776,[4.67599609e+03 1.03087939e+03 2.77051196e+03 1.30557461e+04
 1.54672031e+04 7.30937109e+03 1.89065308e+03 5.71839160e+03
 4.61354736e+02 2.59961797e+04 5.33093719e+01 3.99769092e+03
 8.05162201e+01 2.00516724e+02 8.70275211e+00 3.48190399e+02
 4.92470703e+04 4.57994499e+01 6.95354767e+01 1.31440039e+03
 1.15323906e+04 8.83582458e+01 1.34518896e+04 6.47538330e+03
 1.63945732e+01 1.65430237e+03 5.16733398e+02 7.37096863e+01
 2.69803040e+02 3.21976582e+04 6.59300415e+02 1.03266396e+04
 6.42873688e+01 2.84372290e+03 1.51625824e+01 2.71145078e+04
 2.29193935e+01 8.86045105e+02 3.32857849e+02 1.94782600e+01
 2.66050744e+00 5.54192276e+01 3.40174469e+02 8.18713965e+03
 3.73745117e+01 7.88730526e+00 3.71964539e+02 2.26540619e+02
 2.85044727e+03 9.34038867e+03 1.19642847e+03 9.17298508e+01
 1.53220068e+03 1.58529502e+04 4.24852610e+00 7.15107956e+01
 2.21449922e+04 4.54484024e+01 1.79307232e+01 3.49432907e+01
 3.85568390e+01 1.23357690e+03 2.27669219e+04 8.28825156e+04
 1.18097974e+03 3.48361816e+01 5.19397217e+03 3.04579956e+03
 6.41373730e+03 1.13752136e+03 1.36417484e+01 2.68816395e+01
 7.30093079e+01 5.63939270e+02 3.01706006e+03 6.75036426e+03
 5.18084335e+00 6.40905176e+03 3.48515137e+03 6.13673401e+02
 4.51672577e+02 2.91950264e+01 8.35968164e+03 1.14000998e+01
 1.13718330e+02 3.16493874e+01 5.58642266e+04 1.08771948e+03
 2.14976120e+02 3.24498022e+03 3.91357346e+01 6.40603638e+01
 5.41623154e+01 2.56339172e+02 1.05025711e+01 5.10425377e+00
 1.36313550e+03 2.58319849e+03 8.34002113e+00 6.70363770e+03
 1.37085968e+02 6.23168869e+01 1.19610742e+04 1.12012657e+02
 1.28102615e+02 9.99330139e+02 2.64686775e+01 1.35344299e+03
 5.22935730e+02 4.22058334e+01 1.57195282e+02 4.71288574e+03
 2.54877777e+01 1.43118286e+03 4.59753914e+01 8.89497070e+02
 2.33329414e+04 1.28718945e+03 2.00128164e+04 3.99701843e+01
 5.44023170e+01 5.02912598e+03 1.20305103e+03 4.63426323e+01
 1.22533459e+03 1.89896545e+01 1.40878067e+02 1.51078892e+01
 5.19210889e+03 1.70269547e+01 1.00955188e+03 9.17521820e+01
 3.39707031e+01 8.02304649e+00 8.46754913e+01 4.48476367e+03
 4.67895850e+03 2.37529219e+04 2.44152588e+03 4.34098877e+02
 7.41684265e+01 2.08475586e+02 2.34404869e+01 8.08736877e+01
 3.51862183e+01 4.21341248e+01 1.10867949e+01 3.45963776e+02
 5.79333838e+03 1.27861792e+03 2.09733027e+04 4.89826514e+03
 2.15283676e+02 7.14985199e+01 1.14599963e+03 2.07014102e+04
 2.61567627e+02 4.79642285e+03 1.30522107e+03 1.34828281e+01
 1.18854103e+01 4.48055078e+04 4.10408554e+01 3.05244121e+04
 7.37654907e+02 3.68679047e-01 1.22218567e+03 1.87813339e+01
 8.02254677e+00 2.09012556e+00 2.31806836e+03 2.29674146e+03
 2.22570877e+01 5.61232178e+03 3.49081523e+04 2.25280243e+02
 5.28708076e+01 7.34249939e+02 2.46024078e+02 2.84525085e+02
 3.74712868e+01 5.22982483e+01 4.50928789e+04 6.73134583e+02
 6.54779053e+00 2.89434998e+02 1.07244043e+04 3.75478027e+03
 3.32439041e+01 1.35759629e+04 8.27703027e+03 2.51098242e+04
 6.65131348e+02 7.68044556e+02 1.29472334e+04 1.35289749e+02
 1.35690986e+04 8.07836304e+01 3.72277618e+02 4.02788721e+03
 7.05277222e+02 2.49065399e+02 8.71196594e+01 4.71861719e+03
 3.63568711e+04 2.50661316e+01 1.70253882e+03 4.45930878e+02
 2.37463574e+04 3.99844580e+03 6.20960140e+00 8.82324414e+03
 1.78403473e+02 1.31894521e+04 1.85218774e+03 3.65761909e+01
 9.84125366e+01 3.45087695e+04 1.42676436e+04 6.31091211e+03
 7.92890723e+03 9.23165283e+01 5.19457722e+00 2.40096704e+03
 2.64951782e+01 1.00810706e+03 9.34940159e-01 1.79933191e+03
 4.28612423e+00 3.00708890e+00 1.67758242e+04 3.26071655e+02
 3.61499863e+01 9.16896729e+02 4.20073223e+00 3.54957891e+04
 2.20749454e+01 2.06554031e+02 2.19885430e+04 9.77730164e+02
 1.15426592e+04 2.60927486e+01 6.24488721e+03 1.51207471e+04
 3.54539299e+01 6.44508594e+03 2.33493799e+03 1.09947195e+01
 1.87387195e+03 1.02460166e+04 6.76588574e+03 4.89714600e+03
 1.99778381e+02 6.67725281e+02 9.67047806e+01 1.13233906e+04],7266.6113,[6.24876074e+03 1.64123621e+03 2.17944116e+03 1.69197852e+04
 2.39430723e+04 6.76710352e+03 2.28773364e+03 8.60351855e+03
 4.40104645e+02 2.46338340e+04 4.62337570e+01 3.57954248e+03
 3.58375122e+02 1.87566910e+02 1.67586823e+01 3.87668335e+02
 5.06857773e+04 9.19900417e-01 1.29028229e+02 1.56931470e+03
 1.22778320e+04 3.13976002e+00 1.19715527e+04 5.07520264e+03
 3.21271095e+01 1.96814331e+03 8.68769958e+02 6.45508881e+01
 3.55236084e+02 2.20197832e+04 5.10832764e+02 1.11584756e+04
 9.52542267e+01 4.01149585e+03 8.67914124e+01 2.25881094e+04
 1.92948914e+01 9.68144409e+02 1.90095901e+02 2.11543331e+01
 3.23180652e+00 6.26844559e+01 4.02013306e+02 1.31333320e+04
 7.71712923e+00 9.72670937e+00 6.01361816e+02 5.76655029e+02
 2.85141382e+03 1.05556436e+04 9.47399170e+02 1.80409332e+02
 2.09413623e+03 1.54217617e+04 4.50414371e+00 5.41316757e+01
 2.72585742e+04 9.62818832e+01 3.40417314e+00 4.68034363e+01
 3.50469666e+01 2.86893311e+02 3.26183633e+04 8.45286719e+04
 1.96268213e+03 2.30814575e+02 6.19499854e+03 2.66647485e+03
 1.30150996e+04 8.86741882e+02 1.26306763e+01 3.84976616e+01
 9.52303772e+01 3.12174957e+02 2.99400513e+03 8.39120996e+03
 9.70631409e+00 7.83973877e+03 1.94881128e+03 6.58048340e+02
 4.01492920e+02 5.72094498e+01 7.51501367e+03 4.43691349e+00
 4.64398193e+01 2.04069843e+01 4.85938984e+04 1.58737817e+03
 9.79619629e+02 2.65476221e+03 2.02794342e+02 2.30659271e+02
 1.79613113e+02 2.55955597e+02 2.75153313e+01 3.17672110e+00
 1.98560095e+03 2.44908716e+03 6.43867798e+02 6.50080518e+03
 3.41877556e+01 6.88376083e+01 1.11625244e+04 1.10396904e+02
 1.34050949e+02 1.25118640e+03 5.47927570e+00 6.00141846e+03
 5.75098877e+02 5.68306732e+01 1.30209076e+02 8.20804297e+03
 8.59383392e+01 1.21003052e+03 1.24797516e+02 8.83953308e+02
 2.14174531e+04 1.49545288e+03 2.47693438e+04 6.80260801e+00
 6.04803200e+01 3.12516211e+03 8.92340149e+02 5.69287567e+01
 9.71030273e+02 2.01624393e+01 8.64670715e+01 2.68324451e+01
 4.62992139e+03 1.42073050e+01 7.28213257e+02 1.18349236e+02
 5.52654648e+00 1.38493395e+01 1.32287384e+02 1.47974951e+04
 8.04427930e+03 2.45384395e+04 1.98562268e+03 5.15513000e+02
 1.67255356e+02 2.91870087e+02 2.46982312e+00 4.74345016e+01
 9.42263222e+00 1.87197372e+02 7.84379005e+00 7.49264282e+02
 6.10492676e+03 1.74933350e+03 2.49092930e+04 6.12049512e+03
 2.91417206e+02 7.49249039e+01 2.21611816e+03 2.04967676e+04
 3.27773590e+02 4.74625049e+03 1.74838330e+03 2.29726105e+01
 1.38578310e+01 4.90775078e+04 5.28232193e+01 3.21572715e+04
 9.52047974e+02 3.09440088e+00 2.03356274e+03 7.62548494e+00
 1.01195660e+01 1.22306376e+01 4.12002637e+03 1.80723169e+03
 3.79045677e+00 6.63570264e+03 3.50571641e+04 2.18130798e+02
 5.07685127e+01 7.54392014e+01 3.31669525e+02 4.26531219e+02
 8.35290222e+01 1.42915436e+02 3.78013594e+04 9.98408752e+02
 1.22928162e+01 9.48255249e+02 6.12783496e+03 2.90125464e+03
 2.18780014e+02 1.37673447e+04 6.81989746e+03 2.93355469e+04
 8.36925659e+01 1.28544043e+03 1.06276260e+04 2.08664261e+02
 1.03881992e+04 1.18797867e+02 4.12739136e+02 4.36778516e+03
 1.09304456e+03 6.21633949e+01 1.12481300e+02 4.97323730e+03
 4.18111484e+04 3.26326714e+01 1.85666541e+03 4.25552673e+02
 2.40875918e+04 5.15893359e+03 8.31223845e-01 5.97652686e+03
 2.35791138e+02 1.06334912e+04 6.09947449e+02 2.73795605e+01
 1.30344620e+01 3.65900938e+04 2.21687520e+04 7.98038916e+03
 8.76715918e+03 5.06973565e-02 1.31979980e+01 1.74722266e+03
 3.78228149e+01 9.48098022e+02 2.41215277e+00 2.03695068e+03
 2.91291952e-01 7.75206280e+00 1.43480352e+04 9.41655502e+01
 2.44233475e+01 3.00815826e+02 1.56674051e+01 3.76485234e+04
 2.40050449e+01 9.50545410e+02 2.00800586e+04 1.08765442e+03
 2.52691973e+04 2.27865009e+01 5.19321582e+03 1.65755664e+04
 1.45469528e+02 5.68761084e+03 2.68960547e+03 1.15643797e+01
 4.24636719e+03 8.11608838e+03 3.63133105e+03 7.46827295e+03
 1.67405182e+02 6.82025879e+02 1.09590973e+02 9.40974512e+03],-972.81226,-1061.4082,-1359.7324,0.9873536,1.0566058,0.8715303,0.92454684,0.015165953779220582,14720.669352054596,0.125,0.125,-0.23700532037855412,-0.00017419755022771377,-0.2370118444667671,-0.00011505328853230011,-1.018973009349612,25.249999999996884,0.0,950000.0,-10.0,-5000.0,500.0,7.576974868774414,950000
1011.6104,0.029346853,0.044180572,0.0017400918,-1011.1393,1011.1393,[2.97217444e-02 5.19693680e-02 5.65101691e-02 6.58547282e-02
 4.52214256e-02 4.10154499e-02 1.36610419e-02 5.68549223e-02
 4.07654792e-02 6.80746287e-02 8.64237309e-01 3.94349173e-02
 7.99157619e-02 1.05032757e-01 4.72176261e-02 4.91548330e-02
 2.61574459e+00 3.73921581e-02 6.93056136e-02 7.93954253e-01
 5.53163774e-02 1.92656472e-01 2.68352404e-02 5.00717498e-02
 8.32416117e-03 4.16945107e-02 4.99957241e-02 7.23960549e-02
 6.98984563e-02 4.11006165e+01 2.46855021e-02 1.26541924e+00
 2.82808691e-02 5.86234070e-02 5.86167313e-02 3.88790406e-02
 1.08394727e-01 4.17736244e+00 8.70670080e-02 4.24373895e-02
 2.64931656e-02 4.55797687e-02 5.50061226e-01 5.96405447e-01
 5.77107072e-02 7.23755360e-02 7.81251788e-02 4.65286523e-02
 4.48762216e-02 1.60752296e+00 2.00087130e-01 4.47987206e-02
 6.60535544e-02 4.41970304e-02 4.90251072e-02 5.96758500e-02
 4.12003435e-02 4.63628955e-02 3.51654626e-02 4.66480255e-02
 7.39549994e-02 3.58262658e-02 1.70506656e-01 1.05463147e-01
 1.54485881e-01 2.19123401e-02 6.34825230e-02 3.73655930e-02
 2.47292593e-03 9.75269079e-02 6.89936936e-01 5.91357090e-02
 3.90487053e-02 3.20453197e-02 7.55771399e-02 3.29565555e-02
 5.97060658e-02 5.94313145e-02 4.57709171e-02 7.30773211e-02
 3.16535607e-02 4.20784689e-02 4.70461398e-02 3.47228535e-02
 5.31218238e-02 7.39582554e-02 8.97399664e-01 3.94995548e-02
 4.67676669e-02 4.86908928e-02 3.36522609e-02 7.71618187e-02
 4.51041013e-03 5.23288883e-02 2.99950577e-02 2.02823915e-02
 4.13649566e-02 3.83587368e-02 4.21864465e-02 4.27115634e-02
 7.98616707e-02 4.18002903e-02 2.01961771e-02 5.97459078e-02
 5.12024499e-02 4.14618626e-02 5.91250658e-02 4.70722802e-02
 1.21058777e-01 4.05119099e-02 9.71752107e-02 6.19615801e-02
 7.23298267e-02 4.88690510e-02 4.98129167e-02 6.50496185e-02
 8.25564563e-01 4.37917300e-02 4.43753190e-02 2.38482952e+00
 3.65969725e-02 3.71562429e-02 9.04988945e-02 4.47189957e-02
 3.07255425e-02 3.65125425e-02 3.84096093e-02 7.10438043e-02
 1.42993975e+00 1.25818074e-01 9.11463946e-02 1.15914084e-02
 1.11730251e+01 5.38798869e-02 9.78173316e-02 6.11853972e-02
 5.89279570e-02 9.98292118e-02 4.44151647e-02 7.05573335e-02
 4.19656336e-01 1.35399103e-02 6.81981146e-02 3.76585126e-02
 4.79788221e-02 4.23309393e-02 3.78703810e-02 3.58795896e-02
 3.27101350e-02 3.72058526e-02 8.24138641e-01 4.94595505e-02
 5.58635667e-02 4.32104059e-02 4.07202542e-02 4.75941934e-02
 3.84325273e-02 3.52789223e-01 2.14282311e-02 8.33398163e-01
 1.04257965e+00 4.85060401e-02 5.73139973e-02 4.96214069e-02
 9.05004263e-01 2.72360034e-02 1.05690126e+01 3.69665809e-02
 2.19750777e-01 3.48482169e-02 1.15761101e-01 1.71773314e+00
 5.70390373e-02 2.18196847e-02 3.69473770e-02 9.51911882e-02
 4.28944826e-04 4.36008312e-02 1.60704270e-01 4.46226634e-02
 4.15009893e-02 4.43888307e-02 4.55413945e-02 4.51826341e-02
 5.18477798e-01 3.79230566e-02 4.41121496e-02 6.74352422e-02
 1.93692327e-01 4.73557264e-02 3.67435999e-02 4.66466136e-02
 4.65643294e-02 4.66999598e-02 5.84848672e-02 5.05743660e-02
 5.29201701e-02 3.05787958e-02 2.71237679e-02 4.97303046e-02
 1.19675756e-01 5.03508337e-02 1.20648183e-02 2.04942375e-02
 1.42436326e+00 3.37339826e-02 3.88140418e-02 9.14986134e-02
 2.92479306e-01 3.24062183e-02 5.14041260e-02 5.04013970e-02
 1.20375395e-01 5.89371212e-02 5.37067093e-02 5.42569347e-02
 4.34276834e-02 1.22656018e-01 9.67973173e-02 8.83601367e-01
 5.73913790e-02 6.94232285e-02 7.77480379e-02 3.84305269e-02
 5.23902848e-02 9.24884230e-02 1.65897393e+00 8.10688436e-02
 3.71671356e-02 1.77243978e-01 3.91432375e-01 4.96301129e-02
 3.83894034e-02 3.62255462e-02 4.94727232e-02 6.14680536e-02
 8.16276222e-02 8.25240165e-02 2.14654580e-01 4.50050272e-02
 2.60020383e-02 5.01624681e-02 4.77547236e-02 1.51756555e-02
 3.15279245e-01 6.11821562e-02 1.17226982e+00 8.82145882e-01
 8.12450200e-02 1.94031000e-02 4.10497375e-02 5.83287068e-02
 4.09713425e-02 3.98540981e-02 5.87662518e-01 5.16452938e-02],0.36964574,[4.09156829e-03 9.70307738e-04 4.77543846e-03 1.90962926e-02
 2.92900950e-03 3.47356871e-03 5.94258308e-04 6.15850464e-03
 2.33947113e-03 4.95048240e-03 6.08068705e-03 6.78143278e-03
 1.55763961e-02 1.60613358e-02 7.18299299e-03 3.88748944e-03
 6.96487725e-03 1.55735761e-02 1.43466331e-02 1.49913318e-02
 3.38027254e-03 1.66820064e-01 5.14968112e-03 3.50714102e-03
 1.01778284e-03 6.58376887e-03 6.84732571e-03 9.77016240e-03
 4.04501334e-03 2.94899120e+01 5.67543507e-03 8.06280017e-01
 5.60177863e-03 9.34604183e-03 6.47297874e-03 8.46402720e-03
 2.71733291e-02 1.19334795e-02 1.84259750e-02 2.54685059e-03
 3.65898758e-03 2.93599442e-03 3.94277453e-01 1.16426003e+00
 4.71718609e-03 1.48118883e-02 2.99671441e-02 7.91000202e-03
 1.09766014e-02 2.02730536e+00 3.29340994e-03 4.94547188e-03
 4.29210439e-03 3.20751220e-04 6.34771585e-03 1.35888346e-02
 8.26663151e-03 1.55661255e-02 2.75814906e-03 3.86955217e-03
 2.74427608e-02 5.53313270e-03 3.05537321e-02 6.11983277e-02
 2.48623826e-02 3.90874222e-03 2.26468220e-03 7.83631578e-03
 5.40617853e-03 6.07649386e-02 2.33652629e-02 1.63564980e-02
 6.55982643e-03 3.74088347e-01 2.04005279e-02 2.74715200e-03
 5.78059256e-03 3.55340913e-03 3.16000357e-03 3.42244655e-03
 4.25247103e-03 6.17435947e-03 3.69511917e-03 8.08918849e-03
 4.62279469e-03 1.67808309e-02 2.45915726e-03 5.49569726e-03
 2.15221941e-03 1.04463734e-02 6.72260299e-03 1.56964734e-02
 4.35316563e-03 8.29124823e-03 7.08512217e-03 6.95455819e-03
 1.79951265e-03 7.08234683e-03 5.18642738e-03 2.21495666e-02
 1.24890544e-02 4.81427088e-03 8.03414732e-03 1.13605447e-02
 1.70106068e-03 8.34707171e-04 1.70889497e-03 2.83785164e-03
 1.96933299e-02 5.67968562e-03 1.41498633e-02 1.78605616e-02
 1.43739171e-02 6.75732270e-03 6.50030375e-03 1.71451308e-02
 5.06930426e-03 6.19182736e-03 1.04037598e-02 1.95676461e-03
 9.52865556e-03 5.88305667e-03 7.04056770e-03 4.75101545e-03
 6.88377395e-03 2.84303166e-02 5.95750287e-03 1.24956146e-02
 7.20773995e-01 2.37030536e-03 2.24219635e-02 1.86415389e-03
 5.78719902e+00 9.96874645e-03 2.12979391e-02 1.08302422e-02
 1.12844855e-02 1.26911588e-02 1.75331905e-03 1.43395960e-02
 3.07185948e-01 7.13888556e-04 1.47133172e-02 4.66937199e-03
 3.43057886e-03 1.01642683e-03 5.79370558e-03 6.93948567e-03
 6.53602183e-03 2.19071284e-03 9.02930275e-03 4.92470339e-03
 1.11585930e-02 1.28598250e-02 3.66368890e-03 1.24208704e-02
 4.92758304e-03 3.80357981e-01 1.10050514e-02 2.36296393e-02
 6.72740117e-03 5.09984791e-03 2.01292336e-03 1.06036812e-02
 2.18288660e-01 1.52619556e-03 3.10247087e+00 7.14594498e-03
 7.70716816e-02 4.97555733e-03 6.31127954e-02 1.48138627e-01
 1.76531449e-02 1.14460625e-02 6.65781274e-03 5.62389567e-03
 2.31305137e-03 5.20469621e-03 1.12990923e-02 2.23330408e-03
 1.04237348e-02 3.32595780e-03 1.25818327e-02 1.69124641e-02
 1.48608163e-02 3.19934264e-03 3.22875753e-03 4.63549048e-03
 1.35372020e-02 1.34969391e-02 3.05954367e-03 4.84314933e-03
 2.72675231e-03 7.41173327e-03 3.90843302e-03 2.66144052e-03
 1.56969205e-03 5.44439629e-03 4.90589440e-03 5.23151830e-03
 6.16607405e-02 6.28741458e-03 4.33829799e-03 2.23530084e-03
 4.02708724e-03 2.54975632e-03 4.01057303e-03 2.67673731e-02
 4.00336087e-03 7.72150233e-03 7.81882554e-03 1.33290887e-03
 1.86114796e-02 7.24225119e-03 1.54827125e-02 3.54564935e-03
 7.66089931e-03 1.63732737e-01 1.31198168e-02 1.58289075e-03
 1.18511207e-02 5.22642210e-03 9.61620361e-03 3.24340165e-03
 9.41533223e-03 1.84614249e-02 1.23557821e-03 2.15185620e-02
 4.58982959e-03 2.23906711e-03 2.50012428e-02 1.42125040e-03
 6.09138981e-03 1.12735108e-02 1.82271376e-02 6.21673837e-03
 1.32760108e-02 1.45837143e-02 4.18155670e-01 1.21711232e-02
 7.87192956e-03 7.75850564e-03 8.40756670e-03 8.06060806e-03
 5.66493347e-03 1.41121037e-02 4.84370068e-03 6.95957616e-03
 1.33912005e-02 3.17086652e-03 5.61730936e-03 1.13119557e-02
 8.06609169e-03 1.27934851e-02 3.27619687e-02 7.07399845e-03],-974.4874,-1013.5912,-1229.223,1.0000285,1.0055885,0.9977422,0.9255595,13.187887,-9.523785,73.58964,1038.2936,2.055333,0.28044415,0.16463259,-1033.4338,1033.4338,[3.98341949e+02 1.86867966e+02 7.58143750e+03 2.93202472e+00
 8.92509766e+03 1.30971786e+02 1.00525112e+01 2.99980965e+01
 1.42339980e+04 2.04197070e+04 1.08990063e+03 9.10113867e+03
 1.17763135e+03 2.34446518e+02 3.16139893e+02 1.15935799e+02
 4.44062073e+02 9.19972706e+00 2.51845741e+01 5.10262148e+04
 7.86085033e+00 2.41149585e+03 5.27803841e+01 2.48246727e+01
 3.28913956e+01 5.55569506e+00 1.37648467e+04 2.24176239e+02
 3.98310165e+01 2.07420914e+02 3.20053589e+03 6.18001514e+03
 2.13540283e+03 6.26647682e+01 5.69054688e+03 4.53311719e+03
 2.74391035e+04 2.87624145e+00 7.08847900e+03 1.45542969e+04
 1.68204370e+03 4.60536438e+02 8.20046289e+03 1.88298120e+03
 1.03907788e+03 7.97604883e+03 3.89504364e+02 2.54426384e+01
 1.51751358e+02 1.43604971e+04 1.63414795e+03 2.76519623e+02
 6.86642265e+00 2.62090607e+02 8.26775742e+00 2.51018384e+03
 1.68088025e+03 9.54630469e+03 1.44314004e+04 8.83263367e+02
 5.81007195e+01 1.98004961e+04 2.03509023e+04 4.06174896e+02
 8.52554260e+02 1.17374817e+03 3.51121167e+03 2.61945215e+03
 6.91809814e+02 3.91841927e+01 1.70286835e+02 8.91638916e+02
 3.35439529e+01 1.01424465e+01 1.49014624e+03 7.02945312e+04
 1.89492416e+01 1.70024292e+03 5.93204041e+02 9.63727875e+01
 1.37171722e+02 1.47368359e+03 8.61520004e+01 8.30134430e+01
 1.20300362e+02 1.76411865e+03 1.35374731e+03 1.31840259e+03
 1.00179527e+02 2.44880742e+04 1.00203845e+03 8.72856712e+00
 3.77353955e+03 6.03916260e+02 4.45098750e+04 1.13523523e+03
 2.00444016e+02 2.51645565e+00 2.84521777e+04 9.91611767e+00
 2.05277295e+03 1.74892051e+04 9.94079785e+03 8.78146362e+02
 6.23887578e+04 2.44296875e+02 5.64530396e+02 7.97484360e+01
 2.58869336e+03 3.96516541e+02 2.43996155e+02 5.87692017e+02
 7.02491608e+01 2.19812164e+01 3.35105625e+04 6.23633667e+02
 1.58970264e+03 3.29093408e+03 3.14564789e+02 1.98764219e+04
 8.24947834e+00 4.00106018e+02 3.95165038e+00 5.01807812e+04
 4.73557968e+01 3.36256775e+02 2.21660815e+03 2.90548291e+03
 9.70155640e+02 5.72518359e+03 3.36705170e+02 8.90243454e+01
 9.36549512e+03 1.55850887e+01 8.19195557e+03 1.81247815e+03
 5.17862854e+01 8.32875854e+02 1.54024048e+03 7.28573547e+02
 1.04465580e+01 7.01712402e+02 4.34337061e+03 7.57452539e+03
 2.89932402e+04 2.38290195e+04 1.14295830e+02 2.73282867e+02
 1.35698883e+02 5.25107969e+04 1.70063080e+02 3.71695290e+01
 9.09911377e+02 7.86021057e+02 1.00479633e+03 3.53604584e+01
 4.02453308e+02 2.43722681e+03 1.62718127e+03 1.16868248e+01
 2.00861588e+01 1.47980362e+02 9.71607227e+03 1.25484265e+03
 4.22283008e+03 1.21205723e+04 2.30381758e+04 8.82568741e+01
 1.28423828e+03 1.27272559e+03 2.92498657e+03 3.62888855e+02
 7.27833557e+02 3.98070039e+04 9.09737091e+01 2.17081250e+03
 1.24299766e+04 5.52144570e+04 1.20394873e+03 1.82289609e+04
 3.39155420e+03 5.31015503e+02 4.65989868e+02 1.59199011e+03
 4.00936508e+01 5.62382793e+00 1.56588535e+04 2.48568287e+01
 3.35142746e+01 5.24989688e+04 1.83418274e+02 4.23604441e+00
 8.19456848e+02 1.13900332e+04 2.58011914e+03 1.04869482e+03
 2.70390576e+03 5.68739510e+01 2.99672241e+01 3.16784766e+03
 4.46011810e+01 1.46775039e+04 5.59537582e+01 8.88500671e+02
 1.36570038e+02 1.09607129e+03 4.91902051e+03 8.67913628e+00
 4.09706836e+04 1.81713219e+01 2.53029236e+02 1.59939127e+01
 2.59388613e+04 2.14967133e+02 7.85166245e+01 6.43701553e+01
 3.00626450e+01 1.58452051e+04 3.79252410e+00 3.33602661e+02
 2.36768164e+04 1.62988403e+02 2.90775940e+02 1.17247284e+02
 8.62192285e+03 1.80308044e+02 2.74523804e+02 4.64809326e+03
 1.35181484e+04 1.52922308e+00 4.96055908e+03 1.13710962e+03
 4.57168994e+03 5.21589844e+03 2.15946523e+04 6.09746284e+01
 1.29535027e+01 1.00278732e+02 1.52063828e+01 8.98140812e+00
 6.73694702e+02 6.78190796e+02 3.55747604e+01 8.88134613e+01
 2.29525342e+03 3.79010898e+04 9.55387695e+03 2.59016209e+01
 3.86043663e+01 3.30637932e+01 1.30118561e+02 1.42077600e+03
 8.47539520e+01 4.79204416e+00 8.56692261e+02 1.34980537e+04],8492.497,[6.6249524e+02 8.6079321e+02 6.2924180e+03 2.1329189e+01 1.0829397e+04
 1.5030843e+02 1.8276232e+01 3.9590263e+01 3.0257783e+04 1.2216381e+04
 8.5715057e+01 6.4385566e+03 2.4546675e+03 7.2872559e+02 7.4888306e+02
 1.3286560e+02 6.4526373e+02 9.2955570e+00 2.0416861e+01 5.6175371e+04
 2.0874477e+01 1.9749926e+03 9.0532951e+00 2.7854002e+00 2.2165899e+01
 1.9374674e+01 1.2432028e+04 9.7735802e+01 9.9902220e+00 3.4179340e+02
 1.5618254e+03 1.8115930e+03 4.3249453e+03 1.9982931e+01 6.9343506e+03
 8.0168569e+03 3.5782035e+04 3.2705425e+01 1.1362061e+04 2.6374795e+03
 8.0456567e+02 4.4664304e+02 2.2069438e+04 1.0714640e+03 4.4764587e+02
 4.4112021e+03 2.2816401e+03 2.9594570e+01 2.9531476e+02 2.3050904e+04
 1.3288710e+03 1.0151316e+02 1.5634481e+01 2.6898715e+02 1.2938375e+00
 5.6564102e+03 3.4153174e+03 1.3236992e+04 3.1427027e+04 1.7491460e+02
 5.2521782e+01 1.0501430e+04 1.2561243e+04 4.2474332e+02 8.5112769e+02
 1.4431305e+04 3.0012195e+03 2.0517805e+03 2.8619070e+02 6.7928009e+01
 1.1031320e+02 1.5179504e+03 2.7121139e+00 5.2506557e+01 5.6411951e+02
 5.8538617e+04 2.6793436e+01 1.6298533e+03 7.3343457e+02 8.6487801e+01
 4.1487976e+01 2.5293992e+03 7.2123001e+01 1.5764891e+02 1.3104356e+02
 3.6203752e+03 1.3017749e+03 7.1516855e+03 1.5764030e+02 2.7336123e+04
 1.8189281e+03 2.1527843e+01 3.2869333e+03 2.1082625e+03 3.3420270e+04
 4.4159357e+02 7.2049762e+02 5.4794664e+00 3.3446270e+04 1.8943842e+01
 3.1452463e+02 1.1960117e+04 4.8086875e+03 4.2780856e+02 3.3646703e+04
 9.8468994e+01 2.1818086e+03 1.4121202e+02 6.6452471e+03 6.1637207e+02
 8.1452167e+02 2.1618468e+02 2.1889902e+02 2.6702132e+00 3.3594207e+04
 7.4029230e+02 5.2693926e+03 5.3152656e+03 4.1710269e+02 1.0590053e+04
 7.2482877e+00 2.8964838e+02 2.8891523e+00 4.6662828e+04 2.6088926e+01
 5.3309747e+02 1.1590734e+03 2.6537712e+03 2.7546416e+03 4.1791138e+03
 9.6795586e+01 8.0414200e+01 2.1492719e+04 5.9858179e+00 4.7037124e+03
 5.3006636e+03 4.2558044e+01 1.0693669e+03 1.6089780e+03 1.2697025e+03
 9.4520277e-01 2.7817932e+03 9.8807422e+03 8.0335303e+03 2.6642258e+04
 1.9312518e+04 1.7752705e+02 1.4347655e+02 1.6355327e+02 6.3882859e+04
 3.7742172e+01 4.5292793e+01 7.8519263e+02 7.0661121e+02 4.5803525e+03
 3.9919689e+01 8.1279465e+01 2.4074192e+03 3.1286377e+03 2.8922608e+00
 5.2098000e+01 3.0782700e+01 4.9535845e+03 8.6478015e+02 7.6231641e+03
 2.1785344e+04 2.7223898e+04 6.2562109e+03 7.1106995e+02 1.0545369e+03
 5.6445903e+03 2.1024352e+02 2.6928510e+02 7.5522484e+04 1.3578087e+02
 8.3547109e+03 1.8094256e+04 2.0429121e+04 2.4006973e+03 7.7496147e+03
 2.8691177e+03 9.4901985e+01 5.1735822e+02 1.2572959e+03 1.2286297e+00
 1.2554499e+01 1.2243163e+04 5.4281834e+01 3.1927788e+00 2.8702744e+04
 9.0518964e+02 2.5325979e+01 4.4504453e+02 1.5944991e+04 2.4585332e+03
 2.1805801e+03 5.7408877e+03 2.5019073e+02 7.3033608e+03 2.0481694e+02
 3.6280237e+02 1.8587818e+04 3.5155815e+01 1.2709584e+03 1.4944812e+02
 2.7246697e+04 1.1882735e+04 1.0887744e+01 5.6895328e+04 2.6419044e+01
 5.0496429e+02 8.1821976e+00 2.9574871e+04 4.8336655e+01 1.3904141e+02
 1.0120666e+02 1.1284330e+02 1.0589689e+04 3.0658934e+00 5.3764729e+01
 1.8617879e+04 3.3713635e+02 1.3908226e+03 2.0303156e+03 6.3397456e+03
 7.0431671e+01 3.9358832e+02 3.5996494e+03 8.8142789e+04 3.5158752e+01
 4.7322793e+04 1.2140831e+03 2.6357542e+03 8.0718486e+03 1.8581594e+04
 5.4645378e+01 5.1474481e+00 1.6063921e+02 5.1774494e+01 3.7150121e+00
 1.2381888e+03 1.6987109e+04 1.5014866e+01 9.0172142e+01 9.0945259e+01
 2.8023002e+04 2.9721240e+03 2.0338970e+01 3.1687943e+01 1.4848438e+02
 1.9366031e+02 1.7915018e+03 5.3265091e+01 1.0758073e+00 4.0087616e+02
 2.1175338e+04],-974.2074,-1034.5042,-1315.7947,1.0289936,1.2113872,0.967293,0.92752886,0.01596274917602539,15119.738095521927,0.125,0.125,-0.34466616454615284,-6.254503479493523e-10,-0.3446661646232409,-1.0232847931620483e-09,-1.4911648707785328,25.249999999996884,0.0,975000.0,-10.0,-5000.0,500.0,7.631453037261963,975000
1010.2616,0.048883688,0.016277386,0.0013686268,-1010.0499,1010.0499,[9.72262025e-03 3.96695614e-01 3.41746695e-02 2.08490789e-01
 1.45705715e-02 3.77590396e-02 2.18917616e-02 1.11109167e-02
 3.68014127e-02 2.19895944e-01 4.45694864e-01 7.00332224e-03
 4.70085815e-03 4.29378748e-01 9.71980810e-01 1.99179538e-02
 4.20861840e-01 1.65511370e-02 6.24986961e-02 3.06343809e-02
 4.39704657e-01 2.98065096e-02 3.18627208e-01 4.18842494e-01
 3.50954264e-01 1.27574503e-02 4.38232005e-01 3.10785957e-02
 3.64743248e-02 7.54073262e-03 4.55576420e-01 2.43078291e-01
 1.09548122e-02 1.84758194e-02 9.46227670e-01 3.41936126e-02
 2.60879435e-02 2.07982212e-02 4.95206863e-02 4.80613559e-01
 2.66023651e-02 2.71635890e-01 2.93261185e-02 3.58861759e-02
 3.53837088e-02 3.17867100e-02 1.37755051e-02 3.62461835e-01
 2.97134209e+00 1.95987374e-01 2.54115164e-02 4.34206814e-01
 1.81562185e-01 6.17517710e-01 4.51020241e-01 3.92898619e-01
 4.09969032e-01 3.83809879e-02 6.00648761e-01 3.99834290e-03
 4.24840637e-02 3.57786566e-02 2.72720337e+00 2.64131799e-02
 9.64847207e-03 2.25535333e-01 4.02086020e-01 3.42371523e-01
 3.09702456e-02 4.44347560e-01 1.09765120e-02 5.72537258e-02
 2.61284332e+01 2.22155571e-01 1.50209740e-02 1.16826296e-02
 5.50598025e-01 4.74183857e-01 1.83077008e-01 6.14187270e-02
 2.15793777e+00 4.44847643e-02 3.29264551e-02 8.17871839e-03
 6.04818612e-02 2.78271961e+00 4.88626570e-01 2.61335611e+00
 2.11966969e-02 4.13198844e-02 1.97294541e-02 5.61320400e+00
 2.73496285e-02 1.44882277e-02 3.88047397e-01 3.00453678e-02
 2.25008875e-02 3.92610490e-01 3.16716172e-02 4.07000780e-01
 2.59132534e-02 3.63271534e-02 4.58411276e-01 4.60654236e-02
 4.29766536e-01 4.15138125e-01 1.04748644e-02 4.29195940e-01
 1.60723224e-01 2.14683637e-01 1.48600712e-03 4.80060786e-01
 2.06496745e-01 2.52696425e-02 2.38995314e-01 1.12904608e-02
 2.18716636e-02 2.79163010e-02 1.57283023e-02 1.49234012e-02
 3.73173729e-02 2.15409398e-02 4.90663469e-01 2.67295390e-02
 4.38394642e+00 1.80659182e-02 3.90203834e-01 2.18780711e-02
 1.18700638e-02 5.21922484e-02 2.96024159e-02 3.92777503e-01
 2.29478478e-02 5.57837635e-03 3.49465847e-01 1.36190988e-02
 4.17008519e-01 5.53449988e-01 9.28528607e-03 4.59624827e-01
 2.19118334e-02 1.62227571e+00 2.55235583e-02 8.33219469e-01
 3.23372722e-01 8.63358751e-03 2.60755569e-02 4.28292960e-01
 1.89074337e-01 1.57221109e-02 9.15155560e-03 3.63896906e-01
 4.15722370e-01 1.60620548e-02 4.33199853e-01 1.10541046e-01
 3.45828682e-02 1.03151679e-01 4.70414460e-02 3.12870145e-01
 6.86666191e-01 5.14898419e-01 2.31225379e-02 1.71810761e-02
 1.08009055e-02 2.77886577e-02 2.00581431e-01 2.71797943e+00
 3.02274972e-02 3.97241545e+00 2.35445753e-01 2.39241309e-02
 4.09758762e-02 1.12077035e-02 2.91878171e-02 2.97495015e-02
 4.29401636e-01 3.60316411e-02 1.48111975e+00 4.55264002e-04
 3.90474260e-01 3.81820351e-02 2.94474602e-01 3.55869532e-02
 2.59778053e-02 4.50960636e-01 2.07717158e-02 4.08216119e-01
 2.03410164e-02 1.40223056e-02 1.36078149e-01 3.82676721e-02
 1.35051198e-02 2.52981670e-02 3.38520892e-02 4.33186173e-01
 3.10911685e-02 3.59514505e-02 4.74043190e-04 1.46784902e-01
 1.35703588e+00 4.45711374e-01 1.58499718e-01 1.79959029e-01
 3.73011619e-01 2.23231055e-02 1.33493915e-02 1.89925581e-02
 1.56128779e-03 1.32624246e-02 4.32956934e-01 1.86947852e-01
 2.91921385e-02 4.08686519e-01 2.74883583e-02 6.98430091e-03
 1.94579139e-02 5.86763799e-01 2.31346861e-02 2.62749381e-02
 4.31543529e-01 2.53031254e-02 1.14785768e-02 2.88163312e-02
 1.12224817e+00 2.07398087e-02 1.90888077e-01 3.98132205e-01
 3.81343246e-01 4.13457584e+00 3.28373648e-02 2.65293792e-02
 3.91748309e-01 1.82086863e-02 1.16892606e-02 2.43713051e-01
 1.90825844e+00 1.38220489e-01 2.00841144e-01 3.46697688e-01
 3.83816689e-01 3.81471515e-01 6.08596392e-02 1.54734440e-02
 2.41618939e-02 2.77456880e-01 2.72874907e-02 2.69077396e+00
 2.74603367e-02 3.06461491e-02 5.30086905e-02 1.80435367e-02
 2.93561555e-02 5.00239730e-01 1.45344257e-01 5.97376376e-03],0.67393756,[1.73912086e-02 3.39850277e-01 2.95610204e-02 9.97652262e-02
 5.26867062e-03 3.54230143e-02 1.33920088e-02 2.39993632e-03
 7.39904642e-02 1.04301512e-01 3.77996743e-01 1.13980658e-02
 2.26001628e-02 2.76151180e-01 1.32817999e-02 1.67563558e-02
 3.37386310e-01 6.48345053e-03 9.59941298e-02 2.77622119e-02
 3.29834491e-01 3.26020196e-02 7.21323863e-02 2.69589007e-01
 2.98315465e-01 8.68294388e-03 2.89048254e-01 1.28276125e-02
 1.85339339e-02 3.12478095e-03 3.06339353e-01 9.98595506e-02
 5.55578619e-03 1.31655708e-02 2.02439666e-01 4.01619822e-03
 2.62368470e-03 2.36455351e-02 8.74828398e-02 5.89900851e-01
 1.77474990e-02 4.76131514e-02 1.67473853e-02 1.56124271e-02
 4.25042585e-02 2.80985609e-02 1.71136335e-02 2.87099808e-01
 4.54411834e-01 8.06820393e-02 2.57141069e-02 2.67127663e-01
 8.37309062e-02 2.99216509e-01 3.21053505e-01 2.17954382e-01
 2.96061754e-01 5.04249111e-02 1.81579031e-02 1.82875283e-02
 3.84543091e-03 2.32930258e-02 4.49962187e+00 2.04279460e-02
 1.61889941e-03 1.13061190e-01 2.73370832e-01 2.22705916e-01
 3.26217711e-03 2.85900861e-01 4.61909547e-03 1.74045004e-02
 3.51137161e+01 7.09418133e-02 4.32599336e-04 8.70162621e-03
 3.36260855e-01 2.67521232e-01 7.82522112e-02 6.24799207e-02
 1.75340021e+00 9.42669213e-02 9.10907984e-03 8.86280835e-03
 7.57779554e-03 1.65069476e-02 2.71587044e-01 1.22007467e-02
 2.95240432e-03 5.36224134e-02 6.07959181e-03 1.33012608e-02
 9.01610404e-03 1.43503025e-02 2.65148014e-01 2.75661498e-02
 1.88024715e-02 1.10849679e-01 3.53370979e-02 3.23079109e-01
 9.85179096e-04 6.50936738e-03 2.73953736e-01 8.37340951e-02
 3.00297707e-01 2.67495722e-01 9.27348435e-03 2.82892466e-01
 2.22858563e-02 4.73884434e-01 9.83187929e-03 2.69498467e-01
 6.29137233e-02 5.80731779e-03 1.07161403e-01 6.43864274e-03
 1.12576038e-02 5.96332550e-03 8.73478130e-03 7.57787377e-03
 1.76713504e-02 2.52286233e-02 2.86411077e-01 1.57520063e-02
 1.81104615e-03 8.12828541e-03 2.87316173e-01 5.26884943e-03
 1.96481124e-03 6.27932101e-02 5.49972802e-03 2.87025064e-01
 4.17063385e-03 3.50625068e-03 2.80188680e-01 6.58947974e-03
 3.14845622e-01 4.84037139e-02 1.38771087e-02 3.67287189e-01
 4.75800782e-03 1.13881096e-01 1.82188191e-02 2.09639549e-01
 8.38740170e-02 1.30328909e-03 1.24520808e-02 2.70876646e-01
 8.45638067e-02 1.06984563e-02 1.20941177e-02 3.03480297e-01
 3.09921861e-01 5.10743260e-03 2.87021697e-01 8.84447172e-02
 2.18470581e-02 1.37486994e-01 2.61821821e-02 1.61106437e-01
 9.51107219e-03 3.30155849e-01 1.48320384e-02 1.80211663e-02
 2.52659991e-03 1.81818940e-02 7.35574961e-02 7.60731846e-03
 3.12724859e-02 6.46109467e+01 8.68303031e-02 1.84958056e-03
 5.06860204e-02 2.74313241e-03 1.97246447e-02 1.93997771e-02
 2.71361262e-01 8.99202377e-02 3.01502645e-01 1.02499202e-01
 2.81592429e-01 5.87431341e-03 1.70094639e-01 4.60678712e-03
 5.43326288e-02 2.41160855e-01 1.95147097e-03 2.73122370e-01
 6.41695410e-03 5.22506982e-03 6.15638979e-02 1.90217569e-02
 1.16873719e-02 1.13542452e-02 3.62551212e-02 2.78656304e-01
 1.11486390e-03 3.63352969e-02 2.93473378e-02 2.99753159e-01
 2.14072764e-02 3.12237740e-01 7.13689029e-02 7.84502327e-02
 2.73143589e-01 1.46305300e-02 5.93455136e-03 1.19886771e-02
 4.80212271e-03 3.49136069e-03 3.36871505e-01 8.79293829e-02
 1.74792446e-02 2.00914115e-01 1.28220394e-02 2.36167014e-03
 9.61679965e-03 3.63643706e-01 1.45996399e-02 2.90613808e-02
 2.90237993e-01 6.79695979e-03 1.27288736e-02 1.71004534e-02
 9.13508236e-04 4.31843549e-02 5.19099906e-02 2.73819119e-01
 1.44036151e-02 1.01933368e-02 1.76725537e-02 2.72415951e-02
 2.47618333e-01 8.35929066e-03 6.62948191e-03 7.57068545e-02
 5.04923239e-02 2.94001997e-01 8.22838247e-02 2.50865877e-01
 2.02289924e-01 2.53683865e-01 7.52134323e-02 7.26540387e-03
 1.11968108e-02 1.11872330e-02 1.46265700e-03 4.96402979e-02
 1.08903795e-02 9.92177725e-02 8.21153820e-02 4.17785719e-02
 1.60687119e-02 3.54559690e-01 2.53941208e-01 4.98181954e-03],-970.7621,-1011.2095,-1232.544,0.9998274,1.0085781,0.9984821,0.92554474,22.511995,-16.160795,151.0442,1037.6346,1.5155325,0.33352265,0.14615305,-1032.7839,1032.7839,[8.79405396e+02 2.81604767e+00 1.78594180e+04 1.75106758e+04
 2.73982086e+01 1.20253410e+01 9.66812561e+02 1.09229651e+03
 5.86226855e+03 4.58313379e+03 1.47476099e+03 4.82017891e+04
 1.37248058e+01 2.68319141e+03 9.83153076e+02 6.30177185e+02
 4.23063171e+02 4.69240234e+02 6.36336994e+00 1.63331680e+02
 1.15110120e+03 2.56997871e+01 9.16952705e+00 5.53746872e+01
 9.76591949e+01 1.39619398e+01 1.32400273e+04 1.68377966e+03
 1.75679840e+02 2.85616417e+01 4.40442108e+02 1.10367139e+03
 1.39828887e+04 6.58866425e+01 5.43820953e+01 2.55884985e+03
 6.68252792e+01 4.81161423e+01 1.43537872e+02 2.80746346e+01
 1.83796127e+02 3.20708086e+04 1.63334751e+01 1.14099102e+04
 2.83144629e+03 1.00975733e+01 9.74574280e+02 2.92254211e+02
 8.71327591e+00 7.02380798e+02 2.66839526e+03 2.98907471e+02
 9.08644028e+01 1.23217484e+02 1.17531281e+02 1.07966982e+04
 7.98011621e+03 3.10225697e+01 2.38472629e+00 6.10945129e+00
 1.89972992e+01 4.80763483e+00 8.69188004e+01 2.10824066e+02
 6.27082944e-01 7.78024495e-02 1.12076721e+02 7.81504211e+01
 9.06957626e+00 4.17692604e+01 3.86633835e+01 2.19065210e+03
 3.52285957e+01 3.02659035e-01 1.51636932e+02 6.58491592e+01
 7.59345398e+02 2.26190811e+02 2.03541101e+03 1.00103594e+04
 4.10754639e+02 2.61904945e+01 1.87089062e+04 5.79689293e+01
 8.82769531e+02 6.86603149e+02 3.25675439e+03 1.37548057e+04
 2.80916691e+01 5.21209326e+03 1.27319803e+01 5.19290527e+02
 1.55736923e+01 4.65995703e+03 1.81383575e+02 7.87630920e+02
 5.05629844e+04 4.55188385e+02 1.09037141e+05 2.84183865e+01
 2.88410301e+01 9.34429688e+02 2.61086945e+02 1.81469336e+03
 2.18237793e+03 5.46895409e+01 1.94955978e+02 4.80732193e+01
 1.21213371e+02 3.51761505e+02 3.31466748e+03 2.50837204e+02
 7.21991491e+00 4.23792419e+02 4.60606480e+00 3.70118856e+00
 9.81005957e+03 1.08029175e+03 2.47744102e+04 2.14621658e+01
 4.93144035e+01 1.70827255e+01 2.11787781e+02 8.97822418e+01
 6.98781689e+03 2.26239331e+03 7.46843672e+00 2.68031578e+01
 1.83487422e+04 7.12714478e+02 4.22849960e+01 4.38183691e+03
 2.10774375e+04 1.47303088e+03 9.15081635e+01 8.71514160e+03
 2.27067017e+03 1.00764258e+04 3.72012424e+00 3.88499707e+03
 9.46201953e+03 8.23462500e+04 4.04874878e+02 3.16571999e+00
 1.49439795e+04 1.32827301e+01 1.08485794e+01 2.14166602e+03
 1.66619980e+04 4.33407860e+01 2.50988350e+01 2.65095856e+02
 3.97876816e+01 1.88779572e+02 2.85002380e+02 2.05454788e+01
 6.35613818e+03 3.04179668e-01 7.47476149e+00 9.59659277e+03
 9.49132824e+00 3.66024844e+04 6.31000146e+03 2.93195469e+04
 4.95591895e+03 4.84095116e+01 1.05607483e+02 6.56591309e+02
 9.86892700e+01 3.97360742e+03 9.59144878e+00 2.27212311e+02
 3.92514766e+04 1.37066357e+03 2.14285996e+04 8.69744922e+04
 3.10720898e+03 2.61900854e+00 4.84547653e+01 1.06918008e+05
 5.02205696e+01 4.43195557e+03 7.62645264e+01 9.23428421e+01
 9.58531952e+01 1.02686005e+02 8.48130608e+00 5.12341347e+01
 2.74302998e+01 3.56873970e+01 1.00815107e+04 3.13761743e+03
 8.19170380e+01 1.44691116e+02 5.50109229e+03 4.61856003e+01
 1.85665259e+03 1.74960754e+03 3.39414459e+02 2.77336254e+01
 1.78978615e+01 4.95363770e+01 1.37766797e+03 4.07264557e+02
 9.24603195e+01 1.81814709e+01 1.09958763e+02 2.89694142e+00
 5.41737354e+03 3.62565804e+01 1.23952612e+03 1.11023407e+01
 3.03572416e+00 9.88615295e+02 3.52797556e+00 3.32676094e+04
 4.45720978e+02 1.53705902e+01 3.39450269e+03 3.81378149e+03
 5.70252881e+03 1.22365856e+01 5.33741283e+00 9.02452469e+00
 1.68911279e+03 1.24188446e+02 8.44720764e+01 5.46502190e+01
 2.10849854e+03 2.69878775e-01 1.90499329e+03 1.78105412e+01
 2.42166691e+01 1.20538429e+02 1.82700500e+02 1.04362390e+03
 1.53083401e+01 3.26300850e+01 6.13029480e+01 3.45337598e+03
 1.64024734e+01 6.35129662e+01 3.39202734e+04 1.02460132e+03
 1.59514618e+01 6.47177673e+02 3.66580887e+01 2.84130287e+01
 8.24682159e+01 3.25162659e+02 2.30607815e+01 3.89201758e+03
 4.20809143e+02 7.17681543e+03 1.92006874e+01 1.23400101e+02],6331.9316,[1.02905798e+03 4.66036141e-01 7.74792236e+03 1.97259160e+04
 2.01579361e+01 8.57013702e+00 9.91380615e+02 1.62054968e+03
 7.02411475e+03 6.09214746e+03 4.31278351e+02 5.06298242e+04
 3.35770264e+01 2.80671704e+03 1.58455237e+03 6.36475952e+02
 1.92186478e+02 6.98325378e+02 8.02987099e-01 2.29696991e+02
 7.54014038e+02 2.21216640e+01 1.63225899e+01 1.85412811e+02
 2.06903641e+02 1.96171112e+01 1.12854990e+04 9.58970947e+02
 2.13075256e+02 4.41548538e+00 2.41485168e+02 1.88973389e+03
 1.93420654e+02 5.42989044e+01 1.22960842e+00 2.43988550e+03
 4.07155037e+01 3.31272766e+02 1.66484253e+02 8.29403152e+01
 1.01129349e+02 2.50030469e+04 1.26422863e+01 9.65187305e+03
 3.18647363e+03 2.27403336e+01 1.06198352e+03 6.72091797e+02
 1.01601386e+00 7.47995972e+02 3.33934741e+03 2.33303757e+02
 3.16531563e+01 1.52262329e+02 1.10774086e+02 8.50807227e+03
 8.09585449e+03 5.12020378e+01 1.72161732e+01 4.08135033e+01
 1.77528553e+01 1.28188572e+01 7.60429916e+01 2.50923096e+02
 1.22287569e+01 6.44703817e+00 3.69411987e+02 6.99379959e+01
 1.02930605e+00 6.55470810e+01 2.47135296e+01 2.58519287e+03
 8.34975204e+01 6.58998871e+00 3.09382477e+01 5.57587776e+01
 1.76171375e+03 3.55478027e+02 7.47380762e+03 1.40073877e+04
 2.64281067e+02 1.09000015e+01 1.38480713e+04 1.92758095e+00
 9.52885376e+02 4.74136536e+02 2.70148193e+03 1.33898760e+04
 6.32798529e+00 3.50075928e+03 1.56106663e+01 5.66064453e+02
 1.03804810e+02 4.19928125e+03 1.88098618e+02 6.72850708e+02
 4.02232344e+04 6.56798279e+02 8.54340859e+04 2.35042534e+01
 3.99300423e+01 1.70189355e+03 2.78368626e+01 1.67810645e+03
 7.09903906e+03 2.89831619e+01 2.23831161e+02 5.62863808e+01
 1.61398560e+02 4.16763275e+02 4.00621387e+03 6.15555725e+02
 1.48037985e-01 3.90724121e+02 1.00231075e+01 1.00783396e+01
 1.70648301e+04 3.08328906e+03 3.18611660e+04 1.04641167e+02
 8.76953506e+00 5.16423607e+01 3.92318823e+03 7.01499634e+01
 7.45758936e+03 6.03790466e+02 1.28623943e+01 2.61175442e+01
 1.59007764e+04 6.87131882e+01 5.64533424e+01 3.97011914e+03
 1.46700166e+04 1.85535779e+03 1.56149216e+01 7.87719043e+03
 3.17201831e+03 8.97195508e+03 9.59604359e+00 4.79812598e+03
 9.82913672e+03 8.11956094e+04 4.29471375e+02 3.29772449e+00
 2.50175234e+04 1.49068222e+01 8.70539284e+00 1.15187170e+03
 2.06403945e+04 1.02373825e+02 9.24031734e+00 2.42473938e+02
 1.08811302e+02 2.07690674e+02 3.38709717e+02 4.97258377e+01
 2.10500000e+03 2.41659224e-01 5.63922024e+00 1.17569834e+04
 6.16999388e+00 4.03235703e+04 8.63959082e+03 3.10134941e+04
 2.82116113e+03 7.41008711e+00 1.33770065e+02 2.79089386e+02
 2.34321442e+02 4.11923828e+03 1.99779388e+02 3.19673462e+02
 2.55532637e+04 1.45572131e+03 1.57402715e+04 6.88069766e+04
 3.11552319e+03 1.49018455e+00 9.40577469e+01 1.04372508e+05
 1.16804321e+02 7.99387500e+03 2.57038937e+01 9.19407425e+01
 1.52581421e+02 1.45055786e+02 5.31718407e+01 4.10912971e+01
 1.31612122e+02 3.11180019e+01 1.07892617e+04 2.24572241e+03
 8.59501495e+01 7.42246033e+02 5.68057910e+03 2.84510269e+01
 1.88034729e+03 1.82366626e+03 1.95164948e+02 1.38336694e+00
 2.79889317e+01 3.54961319e+01 4.10949768e+02 2.04461594e+01
 1.51546692e+02 4.92067337e+01 2.61631958e+02 2.00314922e+01
 6.07431445e+03 1.47089691e+01 9.22104614e+02 4.53789864e+01
 1.30445805e+01 8.41443604e+02 4.36197233e+00 5.50556133e+04
 6.78236694e+02 3.51002045e+01 3.18748120e+03 1.04914521e+04
 6.65978516e+03 1.05469532e+01 2.06025085e+01 1.09381170e+01
 1.10453284e+03 2.28256683e+02 8.50716400e+01 8.84470654e+00
 1.53890657e+01 6.35690308e+00 2.18661157e+03 3.89464264e+01
 4.34333265e-01 8.33222961e+01 2.49318451e+02 1.49478052e+03
 1.39092851e+00 1.98324280e+01 8.53889236e+01 1.10509412e+03
 2.86440563e+01 2.31536064e+01 3.67518438e+04 1.43011853e+03
 1.04895897e+01 4.70802795e+02 7.50153809e+01 1.76931381e+01
 2.09770950e+02 5.60471069e+02 3.18963623e+00 1.26983081e+03
 1.33406567e+03 7.44531104e+03 1.73626900e+01 2.26233368e+02],-974.73975,-1039.3175,-1363.417,1.0095104,1.1163915,0.931419,0.92619985,0.015207701988220215,15499.93065905571,0.125,0.125,-0.23453199305690592,-0.0005170511688011117,-0.23455845227824193,-0.0004689684589914454,-1.008756841911816,25.249999999996884,0.0,1000000.0,-10.0,-5000.0,500.0,7.573385715484619,1000000
