training/actor/actor_loss,training/actor/bc_flow_loss,training/actor/distill_loss,training/actor/mse,training/actor/q,training/actor/q_loss,training/critic/bcfm_loss,training/critic/critic_loss,training/critic/dcfm_loss,training/critic/q_max,training/critic/q_mean,training/critic/q_min,training/critic/q_std,training/critic/q_std_max,training/critic/q_std_min,training/critic/weight,training/grad/max,training/grad/min,training/grad/norm,validation/actor/actor_loss,validation/actor/bc_flow_loss,validation/actor/distill_loss,validation/actor/mse,validation/actor/q,validation/actor/q_loss,validation/critic/bcfm_loss,validation/critic/critic_loss,validation/critic/dcfm_loss,validation/critic/q_max,validation/critic/q_mean,validation/critic/q_min,validation/critic/q_std,validation/critic/q_std_max,validation/critic/q_std_min,validation/critic/weight,time/epoch_time,time/total_time,exploration/prev_qpos,exploration/prev_qvel,exploration/qpos,exploration/qvel,exploration/control,exploration/time,exploration/success,exploration/total.timesteps,exploration/episode.final_reward,exploration/episode.return,exploration/episode.length,exploration/episode.duration,step
161.1525,0.07622384,0.560522,0.008323288,-155.47105,155.47105,[2.37215924e+00 4.67991769e-01 1.39168692e+00 2.78769398e+00
 3.33691311e+00 1.02774024e+00 4.21663761e-01 1.16001523e+00
 1.33009419e-01 7.08094478e-01 2.13431239e-01 9.21467781e-01
 3.04802716e-01 1.39874482e+00 3.08182806e-01 5.91773212e-01
 8.85358453e-01 2.85714447e-01 3.11645269e-01 1.57535124e+00
 4.01186384e-02 1.59087219e+01 3.67800117e-01 2.34705061e-02
 7.37481236e-01 5.28488219e-01 1.94571924e+00 1.23472202e+00
 1.85240471e+00 5.39972112e-02 2.81926483e-01 3.71715009e-01
 4.57499504e-01 3.85844946e-01 5.60775995e-01 8.38351324e-02
 7.36429915e-03 7.12720990e-01 1.05257738e+00 1.43503457e-01
 4.22667921e-01 5.71212709e-01 2.05879235e+00 3.13367009e-01
 2.74348927e+00 1.08414376e+00 6.63824856e-01 9.38223377e-02
 6.42422795e-01 1.53702128e+00 6.77634418e-01 5.58397770e-02
 1.00782883e+00 8.51425290e-01 2.59148169e+00 4.29243755e+00
 2.93727756e+00 8.96380305e-01 5.07028937e-01 4.89142239e-01
 1.11658850e+01 2.80171782e-02 1.04712987e+00 8.18914318e+00
 9.46526706e-01 5.53683221e-01 1.44844264e-01 1.52136967e-01
 3.48702580e-01 5.56607395e-02 3.27255726e-02 7.74980068e-01
 1.52962282e-02 4.33426350e-02 9.26313847e-02 9.75406110e-01
 1.31737832e-02 7.76004255e-01 1.19644225e+00 1.15372002e+00
 3.09335232e-01 2.69914299e-01 1.59055039e-01 1.32422125e+00
 1.07957564e-01 3.31772208e-01 8.18139493e-01 1.98463678e-01
 1.79564309e+00 1.67918472e+01 1.10689831e+00 3.47393423e-01
 2.37104073e-02 7.00182533e+00 7.14044631e-01 7.30301046e+00
 1.25416756e+00 1.90861881e-01 1.34737754e+00 6.37350321e-01
 6.91678405e-01 1.41467545e-02 4.46914673e-01 9.09417629e-01
 1.71615183e-02 1.79348469e-01 5.59402585e-01 6.47644922e-02
 2.02684365e-02 2.76031405e-01 9.22039747e-01 2.77705193e-01
 4.60092992e-01 5.69124603e+00 6.00495934e-01 1.19040895e+00
 2.16131583e-01 5.46004251e-02 7.32917309e-01 9.90479350e-01
 6.83616102e-02 2.76539445e-01 3.75297725e-01 1.42310226e+00
 7.11357176e-01 1.37743783e+00 2.49576315e-01 9.61863399e-02
 8.18488538e-01 4.03730059e+00 8.39413404e-01 2.82519875e+01
 1.52462289e-01 2.77705759e-01 5.53151906e-01 2.02775318e-02
 1.18830159e-01 4.55299807e+00 4.62136865e-01 1.08635545e+00
 6.99504852e-01 4.97441031e-02 3.65948975e-01 5.52118942e-02
 3.25679988e-01 5.29825115e+00 7.81530499e-01 2.98206306e+00
 7.74138987e-01 4.53540087e-01 8.94466400e-01 9.32436705e-01
 2.99372315e-01 4.32973266e-01 8.84310722e-01 1.09701920e+00
 6.01210892e-02 7.02512324e-01 2.97516203e+00 3.99794169e-02
 8.92911792e-01 1.87159508e-01 3.89206916e-01 2.54323423e-01
 1.37363195e+00 2.69492343e-02 1.70053877e-02 5.92847109e-01
 1.56538467e+01 7.42672980e-01 7.27330148e-02 3.31680030e-01
 3.86452466e-01 1.86625671e+00 4.08018529e-02 1.02371907e+00
 7.67771363e-01 8.66421998e-01 2.03347969e+00 3.08582926e+00
 1.08891726e-02 4.37650114e-01 7.67790222e+00 1.29061913e+00
 7.81553686e-01 9.67812777e-01 1.75282466e+00 1.39667138e-01
 5.08605301e-01 7.14240742e+00 7.74484098e-01 4.80363667e-01
 1.58700442e+00 4.48119044e-01 4.40521449e-01 1.99991727e+00
 1.02815330e+00 1.46599049e-02 9.06391382e-01 8.09704661e-01
 1.02832270e+00 9.40792710e-02 2.82690018e-01 5.94212866e+00
 2.11350650e-01 8.61885786e-01 1.48571014e+00 2.45229751e-02
 1.34960282e+00 3.33659723e-02 7.87271187e-02 1.64875090e-01
 1.20029306e+00 1.94477236e+00 1.10504293e+00 2.40939188e+00
 9.12015140e-02 6.74087584e-01 3.12982649e-01 3.21219504e-01
 4.13734280e-02 1.89666986e+00 1.21621668e+00 4.72390234e-01
 8.70617032e-01 6.51940182e-02 6.73365533e-01 1.19313467e+00
 5.45561194e-01 4.28932762e+00 1.65663719e-01 2.27150470e-02
 3.86248380e-02 6.33363277e-02 3.77587974e-01 2.36037262e-02
 2.76127040e-01 2.09238491e+01 2.57496685e-01 2.00698566e+00
 7.99159765e-01 5.42088330e-01 1.11804679e-01 1.24359646e+01
 1.29179999e-01 4.19993281e-01 5.52300457e-03 1.11162746e+00
 1.70565844e-01 3.96002007e+00 6.52904153e-01 1.66738796e+00
 3.98334712e-01 1.65616250e+00 2.00009659e-01 6.58044517e-01],1.3801277,[4.9692321e-01 9.4975568e-03 4.7010106e-01 9.0022847e-02 1.4022490e+00
 9.2698836e-01 6.1860347e-01 3.6365175e-01 7.6357320e-02 7.0594996e-01
 7.7070731e-01 1.0463152e-01 1.3412386e-03 2.9633982e+00 2.8761003e-02
 1.9011635e+00 4.0293962e-02 1.6485919e-01 1.3324178e+00 2.6602149e-01
 8.3747404e-03 4.2902632e+00 3.2368979e-01 2.7355021e-01 1.3787964e-01
 1.4242291e+00 6.7309582e-01 2.1040101e+00 2.2242101e-01 6.0577136e-02
 9.7785182e-02 4.2194849e-01 2.2017655e-01 1.8635430e+00 7.4243534e-01
 5.8041580e-02 1.1799082e-02 9.9300194e-01 6.7053205e-01 1.5535772e-02
 2.3999780e-02 1.3069800e-01 5.5936141e+00 4.9060389e-02 5.6116557e-01
 1.3094454e+00 6.1043996e-01 2.6933828e-02 8.8409495e-01 8.1540483e-01
 1.5914853e-01 4.1054405e-02 2.4860419e-01 8.6724734e-01 9.3394488e-02
 7.0564765e-01 4.2401552e-01 1.2847343e-01 5.7110780e-01 4.2015797e-01
 1.1898392e+00 2.3620440e-01 1.8349243e+00 2.4873768e+01 1.9067922e-01
 3.9927316e-01 3.4523240e-01 5.4863043e-02 5.6206208e-02 1.2094157e-01
 2.5003397e-01 4.8725027e-01 9.2987698e-01 1.0833197e-01 7.5902291e-02
 4.8795262e-01 4.6233408e-02 7.4905789e-01 1.7644522e-01 6.2519479e-01
 1.1234796e-01 9.2918701e-02 3.6229052e-02 2.2698030e+00 3.2509781e-02
 7.6980375e-02 5.4332376e-01 3.1219864e-01 3.7906459e-01 6.7335906e+00
 1.2273791e+00 2.8587621e-01 1.6800940e+00 3.2348898e-01 9.5788568e-02
 7.1653491e-01 1.0147232e+00 3.9639062e-01 2.3616438e+00 1.1745563e+00
 9.1193616e-02 1.8382579e-02 2.1159334e-01 7.5151312e-01 1.2864621e+00
 3.8308012e-01 1.0079643e+00 2.0774439e-01 5.7416528e-02 2.9045286e+00
 8.9879647e-02 5.0195968e-03 8.6674467e-02 9.6225986e+00 1.4024444e-01
 2.8484249e-01 3.2439899e-01 4.2494470e-01 1.7030247e-02 2.7460763e-01
 2.9755821e+00 5.0930284e-02 3.5065937e-01 1.5852390e-01 3.6493498e-01
 6.2200946e-01 2.7958150e+00 9.3480602e-02 7.1653259e-01 4.3889046e-01
 4.8039180e-01 8.3010702e+00 1.5138992e+00 6.5469839e-02 3.5273227e-01
 9.0397239e-02 1.2844944e-01 7.2924751e-01 4.2046145e-02 7.7956581e-01
 9.3084857e-02 8.7853760e-02 1.6798681e-01 3.3944923e-01 3.0509821e-01
 4.3801630e-01 8.0100018e-01 1.2714094e+00 4.1812205e-01 8.5357037e+00
 1.1333263e+00 1.0977787e+00 1.5951046e-01 1.0217519e-01 7.7448928e-01
 6.2844120e-02 1.4601392e-04 1.0953673e+00 6.4323592e-01 4.8108332e-02
 6.8660539e-01 1.4335281e-01 4.8226468e-02 1.5143041e-01 1.1394498e+00
 9.4607443e-02 1.0066215e-02 1.8243997e-01 2.7613533e+00 1.8355173e-01
 3.6070991e-02 1.6938062e-01 7.7380931e-01 2.8411812e-01 1.3086209e-01
 1.3614051e+00 1.0418591e+00 1.7224580e-01 1.6641592e+00 1.2151018e+00
 1.0389286e-01 1.2754071e-01 3.2168359e-01 1.0020704e+00 5.8175349e-01
 5.9394377e-01 8.7970185e-01 1.0675652e+00 1.1580077e-01 4.8520603e+00
 9.1198760e-01 9.0567863e-01 1.2663448e-01 3.7179794e+00 1.3172825e-01
 5.9610826e-01 6.0933316e-01 2.9029783e-02 8.5489047e-01 3.4999749e-01
 4.5718074e-01 1.1789160e-01 1.4975802e-03 1.4282163e+00 4.1324854e-02
 9.8870039e-01 4.3374735e-01 5.4920368e-02 4.6827593e+00 3.6626864e-02
 2.5054997e-01 1.3259837e-01 4.0213802e-01 1.9054019e+00 4.5288138e-02
 5.4015231e-01 4.0805902e-02 8.6101979e-01 8.1230953e-02 3.0909869e-01
 3.3414952e-02 4.2528468e-01 1.1228170e+00 1.0988090e+00 3.8424021e-01
 4.5022991e-02 8.2473159e-02 1.4316317e+01 1.6441408e-01 8.4109869e+00
 1.1504186e-01 9.3570888e-02 7.4956886e-02 1.2047905e-01 6.4643693e-01
 3.5545127e-03 1.6589570e-01 2.0516987e+00 2.8274792e-01 4.6560508e-01
 9.9297935e-01 1.4297321e-01 5.9670709e-02 1.2549225e+00 2.1061043e-01
 1.8767087e-02 6.7687362e-02 1.8386696e-01 5.3417778e-01 9.0354514e-01
 2.7052128e+00 6.6924882e-01 4.8157886e-02 7.2562164e-01 3.5856862e-02
 8.7477803e-01],-78.127426,-172.60648,-212.05762,0.81954116,3.5883064,0.49668333,0.53037274,39.736534,-49.58376,383.16272,157.64792,0.568979,0.36129084,0.08962901,-153.46603,153.46603,[3.85773134e+00 1.20328537e+02 4.63724327e+01 3.67159882e+01
 6.75315189e+00 4.44529800e+01 4.34988785e+01 4.88080139e+01
 4.29831429e+01 1.64118977e+01 2.69672832e+01 1.51808763e+00
 2.72707386e+01 1.28038578e+01 1.11218243e+01 6.21508455e+00
 2.08497742e+02 5.04426727e+01 2.51117477e+01 7.04881134e+01
 1.00282135e+01 5.01264000e+01 1.38491335e+01 4.97079277e+01
 2.88098278e+01 1.61860430e+00 1.58483992e+01 2.67995334e+00
 5.65580225e+00 5.07250428e-01 1.32760468e+02 2.60015411e+01
 3.97193193e+00 4.70249510e+00 1.96634712e+01 7.03226471e+01
 3.87416077e+01 5.55871544e+01 6.97497272e+00 1.26449337e+01
 4.59303513e+01 1.96674480e+01 3.79895449e+00 3.70901203e+00
 6.97265148e+00 1.17362587e+02 1.84664345e+01 1.22310610e+01
 8.68945789e+00 5.15759563e+00 2.39925552e+02 1.98577194e+01
 3.09269667e+00 4.98912201e+01 1.44958286e+01 4.53327332e+02
 3.29985657e+01 1.59071751e+01 9.25590515e+01 6.22748108e+01
 3.27659264e+01 1.57663345e+01 6.93199539e+01 7.25138807e+00
 1.65059814e+01 2.05315571e+01 1.11131172e+01 2.47115498e+01
 1.42830032e+02 7.50111389e+00 2.56823215e+01 1.03980541e+01
 5.20335817e+00 9.86727295e+01 3.43822241e+00 1.25519323e+01
 8.96298447e+01 9.47338700e-01 6.82911158e+00 8.57124984e-01
 1.20892990e+02 1.22881805e+02 2.08041430e+00 2.99886169e+01
 3.36169577e+00 4.18364525e+00 1.70140877e+01 1.74259148e+01
 9.66613235e+01 2.24579926e+02 7.96285152e+00 2.75069218e+01
 2.68531895e+00 6.25618286e+01 3.97360516e+00 4.59235001e+01
 2.48551514e+02 7.18200378e+01 3.15899849e+01 1.94665314e+02
 5.61269798e+01 2.70066620e+02 4.90730400e+01 2.03419113e+01
 9.13691103e-01 1.41637459e+01 7.16521549e+00 1.41829681e+02
 2.24566994e+01 5.48821259e+00 6.75189056e+01 4.28405762e-01
 4.75612335e+01 5.48778009e+00 5.31927299e+01 2.53556919e+00
 8.58902264e+00 2.81228852e+00 4.74337120e+01 1.35577564e+01
 5.61121521e+01 2.92989182e+00 5.15691910e+01 3.33158569e+02
 1.11960964e+01 1.52353485e+02 1.02672272e+01 3.95235753e+00
 2.26369324e+02 1.96084261e-01 1.12416184e+00 2.22307396e+01
 7.54151611e+01 6.77242804e+00 1.10715461e+00 3.63679886e+00
 7.39552002e+02 1.63770905e+01 1.11504326e+01 2.83099613e+01
 1.18778248e+01 5.22695351e+01 1.01046173e+02 2.26231937e+01
 5.88767700e+01 7.56159067e+00 2.40027294e+01 1.28189487e+01
 3.22687645e+01 2.73435545e+00 1.55358124e+01 4.87761199e-01
 5.75392246e+00 1.07833916e+02 1.78561764e+01 1.08985367e+01
 1.09087524e+01 1.18892014e+02 2.80061302e+01 4.29560661e+01
 1.35116928e+02 2.44237175e+01 7.85613708e+01 1.88742805e+00
 9.12514572e+01 2.58658173e+02 4.69938087e+00 1.53740540e+01
 1.69258118e+00 7.98134918e+01 5.40336609e+01 7.39589787e+00
 3.30970993e+01 1.78243179e+02 9.09018993e+00 5.83293724e+00
 2.29698334e+01 3.07036042e+00 3.82951200e-01 3.69293404e+01
 2.25400715e+01 4.91476440e+01 1.87653694e+01 6.32928419e+00
 2.47518539e+01 1.33533554e+02 1.27173813e+02 2.79495716e+00
 2.18667011e+01 1.20713835e+01 2.49727688e+01 8.99225616e+00
 4.73126373e+01 1.24918442e+02 1.19464931e+01 2.68685722e+01
 8.77788544e-01 2.52960632e+02 2.77658005e+01 4.76602661e+02
 1.80952587e+01 2.65831146e+01 5.68806152e+02 1.71241028e+02
 4.45572548e+01 1.39507751e+02 4.43067436e+01 7.47478638e+01
 1.27367691e+02 4.42388982e-01 4.33844376e+01 4.53156509e+01
 4.52054382e+02 2.90425038e+00 1.86631699e+01 1.05238619e+01
 3.64330053e-01 2.69931355e+01 1.08358755e+01 6.22391777e+01
 2.58874603e+02 1.15047369e+01 4.56979065e+01 8.96528721e+00
 9.65406609e+00 1.95338478e+01 6.34500599e+00 4.72856026e+01
 1.12645645e+01 1.60427036e+01 2.71280441e+01 2.08642101e+01
 8.73418522e+00 6.17151680e+01 7.48476868e+01 1.98453655e+01
 9.88597679e+00 2.90372205e+00 8.82928772e+01 8.86690140e+00
 3.87325197e-01 6.18536091e+00 1.99284039e+01 4.09328918e+01
 4.88343805e-01 5.42479324e+01 5.82662239e+01 1.88917789e+01
 6.49617910e-01 5.92976196e+02 3.26308098e+01 1.16581261e+02
 4.79682121e+01 9.80648651e+01 1.34779949e+01 5.14825478e+01],67.5339,[1.01458254e+01 1.60565369e+02 6.98055115e+01 3.77105598e+01
 1.11636496e+01 4.57119179e+00 7.87873459e+01 3.96625214e+01
 3.35718560e+00 2.58548336e+01 3.68990974e+01 6.10243261e-01
 2.70472660e+01 3.02393985e+00 1.07757740e+01 9.61595154e+00
 2.73404846e+02 2.01137066e+01 5.62951803e-01 8.75676270e+01
 1.46364870e+01 6.47681580e+01 2.46416807e+00 4.28388405e+01
 3.77191315e+01 1.02736721e+01 5.28988953e+01 7.48696518e+00
 7.04132271e+00 5.61107159e+00 7.83826523e+01 3.04999466e+01
 6.78349972e-01 6.30596304e+00 1.91906128e+01 1.22935272e+02
 2.98137627e+01 3.94701271e+01 1.61078224e+01 1.56253252e+01
 4.80529175e+01 1.98061562e+01 4.26984787e-01 5.70482683e+00
 1.36177797e+01 2.53995419e+01 2.05124035e+01 5.14851999e+00
 1.74812737e+01 6.85352755e+00 2.14455734e+02 2.14473057e+01
 5.20142257e-01 2.88530960e+01 7.54578686e+00 5.62568115e+02
 8.71924496e+00 2.34004269e+01 7.44645996e+01 5.76473923e+01
 4.80504913e+01 7.14583015e+00 8.20487671e+01 1.61742973e+00
 3.29101295e+01 6.87849045e+01 1.67909832e+01 3.58933258e+01
 1.27218132e+02 1.46875067e+01 1.94027500e+01 1.74249382e+01
 1.37151909e+01 2.16856136e+01 2.75575948e+00 2.33800392e+01
 1.16710396e+02 5.81578779e+00 1.45759039e+01 5.14497185e+00
 1.17420792e+02 7.43429871e+01 6.37044907e+00 4.54298286e+01
 7.58941889e+00 2.69263053e+00 4.50648499e+00 2.78018856e+01
 3.38349266e+01 2.66592896e+02 4.04406261e+00 4.46667137e+01
 1.91265717e+01 6.85578308e+01 8.74369049e+00 7.02245255e+01
 4.21919632e+01 8.93090363e+01 1.99206390e+01 2.11964989e+01
 6.28437843e+01 2.44172119e+02 5.91378403e+00 5.04939842e+01
 1.79219627e+00 1.46329432e+01 7.71901178e+00 6.73268890e+01
 1.45481873e+01 7.90744364e-01 2.41623249e+01 4.18246746e+00
 6.07692871e+01 1.25007219e+01 4.80527725e+01 1.39557877e+01
 1.11702814e+01 1.28549070e+01 3.81875648e+01 7.93417072e+00
 6.07405891e+01 4.88387299e+00 5.06724777e+01 4.54622803e+02
 2.06642876e+01 8.49547501e+01 6.84234476e+00 9.32232285e+00
 7.79730148e+01 2.33171654e+00 6.54626179e+00 2.61893439e+00
 5.19218292e+01 1.76277046e+01 7.74127769e+00 2.71745157e+00
 6.84011597e+02 1.34261723e+01 3.24970245e+01 2.96493378e+01
 2.48590488e+01 5.12111397e+01 9.93742676e+01 4.00078926e+01
 5.76290779e+01 6.48228550e+00 1.41147327e+00 1.34037125e+00
 2.19572697e+01 1.55484188e+00 2.51569614e+01 1.14487886e+00
 6.62279749e+00 1.42105043e+00 1.26372137e+01 2.49606323e+01
 9.62350464e+00 7.06334686e+01 2.04246426e+01 9.63808823e+01
 7.66615143e+01 1.28457298e+01 7.55154419e+01 2.85238862e+00
 1.04388557e+02 2.69646851e+02 6.97820377e+00 3.77491531e+01
 1.36941891e+01 1.53629427e+01 6.18466339e+01 6.73744678e+00
 5.39712328e-03 1.30009674e+02 8.41913414e+00 1.57897815e-01
 1.30003700e+01 5.72030830e+00 4.31553078e+00 3.63031158e+01
 3.13765812e+01 4.13131180e+01 2.10562840e+01 1.00002785e+01
 4.43886719e+01 1.24302368e+02 1.17737373e+02 4.60486555e+00
 2.55504913e+01 1.08221006e+01 8.10395527e+00 2.90489750e+01
 4.59246750e+01 1.16503448e+02 2.93305111e+00 1.45289927e+01
 2.22770357e+00 2.57751099e+02 1.80226311e-01 6.37587524e+02
 3.18306351e+01 3.22940598e+01 5.10318115e+02 7.04477158e+01
 3.90621834e+01 9.26190414e+01 7.53603973e+01 5.23306012e-01
 1.15637764e+02 3.58912301e+00 3.62339287e+01 7.00408630e+01
 5.76029846e+02 6.19988918e+00 2.86669312e+01 2.29220829e+01
 2.87514615e+00 3.52895927e+01 2.62043915e+01 6.92379074e+01
 2.31282043e+02 1.92198658e+00 4.62094116e+01 1.00374174e+01
 1.64522114e+01 3.66301689e+01 1.63806934e+01 4.16300125e+01
 2.41256237e+01 1.59652061e+01 7.96647034e+01 1.14693594e+01
 2.30078049e+01 5.66441154e+01 1.00151779e+02 1.59750633e+01
 9.03321934e+00 7.31360912e-01 7.98403931e+01 7.36332512e+00
 7.89175558e+00 4.90859413e+00 5.95922828e-01 4.43744202e+01
 1.25212164e+01 4.87116776e+01 4.77077942e+01 5.87129879e+00
 7.30833352e-01 5.77759094e+02 3.81295166e+01 1.40313324e+02
 4.95884628e+01 5.29353256e+01 1.13645601e+01 5.05075722e+01],-62.807247,-160.72887,-198.31956,1.4600643,3.3321388,0.6494123,0.61019087,0.01658164855957031,414.54124093055725,0.02832102929255114,-0.009365178644820204,0.028502830873347866,0.002789916729172818,8.803691784744142,25.099999999996967,0.0,25000.0,-2.0,-1000.0,500.0,6.760925769805908,25000
177.64955,0.06366574,0.810983,0.0029786236,-169.47606,169.47606,[3.62715864e+00 2.43794128e-01 1.07986343e+00 1.89032048e-01
 8.72723877e-01 1.22745359e+00 4.50864410e+00 4.78941536e+00
 2.10578370e+00 1.86030304e+00 3.51428650e-02 2.17293453e+00
 6.37768328e-01 5.66419899e-01 7.08626211e-01 2.86019444e-01
 5.67287445e-01 1.47223905e-01 1.80027410e-01 3.97199178e+00
 1.61641479e-01 1.35933456e+01 2.45433092e+00 2.06626743e-01
 1.40928578e+00 3.14411998e-01 2.59726071e+00 3.50542575e-01
 2.57306248e-01 4.62844963e+01 4.29330826e-01 1.95293827e+01
 3.85604262e-01 5.07720172e-01 3.20782334e-01 1.35482144e+00
 4.07759905e+00 2.82139397e+00 7.09698722e-02 3.83337736e-01
 9.93342161e-01 5.04867882e-02 1.78079545e-01 2.10509801e+00
 9.48188961e-01 3.07333529e-01 4.03778702e-02 1.63872689e-01
 1.94264933e-01 7.30690956e-01 1.05183043e-01 7.72624254e-01
 4.89693359e-02 1.78468728e+00 1.47888899e-01 1.90334797e-01
 6.43700898e-01 3.55278492e-01 2.92454094e-01 1.67343915e-01
 1.67185974e+01 1.27164710e+00 4.87255991e-01 8.72363806e-01
 1.63212031e-01 2.34476995e+00 2.13335776e+00 3.75967592e-01
 5.47654510e-01 1.71714652e+00 3.16790879e-01 1.10938179e+00
 2.45846901e-02 6.19783103e-01 7.39721298e-01 5.57901144e-01
 8.77666891e-01 5.00180840e-01 3.34561169e-01 7.21920073e-01
 5.65511513e+00 3.71683538e-01 4.39827859e-01 1.19581575e+01
 8.41619432e-01 6.21005893e-01 1.23187661e+00 8.84687781e-01
 2.02134192e-01 1.71469235e+00 4.37880903e-01 6.75146580e-01
 2.07207426e-01 7.90368974e-01 6.64619580e-02 3.10562044e-01
 1.45484805e+00 5.11572897e-01 2.01924592e-01 1.97729278e+00
 1.32569921e+00 5.00217795e-01 2.53422797e-01 4.12926257e-01
 1.56093931e+00 9.03352797e-02 2.77096301e-01 3.95736098e-01
 5.42799354e-01 3.71853590e-01 3.11462231e+01 5.26250839e-01
 2.53383851e+00 2.24890441e-01 1.33046687e-01 5.25039315e-01
 2.26846039e-02 1.10479581e+00 1.65569708e-02 8.54175687e-01
 1.37495971e+00 7.86249447e+00 7.37234712e-01 5.48931241e-01
 6.87785223e-02 2.73892045e-01 6.12185478e-01 1.90158591e-01
 6.94158077e-01 5.22616625e-01 3.18947625e+00 3.30297947e-01
 4.19179559e-01 1.05394018e+00 2.07310408e-01 3.83728802e-01
 7.43020713e-01 1.08387017e+00 6.87017977e-01 1.17517330e-01
 1.77509308e+00 4.73896116e-02 1.05759434e-01 5.71974945e+00
 3.94181788e-01 2.02497616e-01 6.29134297e-01 6.32184625e-01
 3.20716262e-01 1.68952024e+00 3.42432678e-01 2.53274500e-01
 1.97146252e-01 2.76990354e-01 5.04156612e-02 1.57741025e-01
 8.14606726e-01 1.65537906e+00 2.21101689e+00 2.15274543e-01
 5.83957434e+00 4.09095466e-01 4.53805149e-01 1.84596077e-01
 8.51166606e-01 2.97443092e-01 1.18537438e+00 1.30957794e+00
 1.89165187e+00 4.99107695e+00 3.79414141e-01 2.55706042e-01
 2.08690576e-02 3.55488509e-01 1.98043513e+00 2.51235366e-01
 1.03410816e+00 5.70783377e-01 7.00529099e-01 3.28602016e-01
 4.33510363e-01 1.34570241e+00 3.04000497e+00 2.25574923e+00
 4.04578090e-01 1.43578696e+00 3.68239671e-01 1.75159526e+00
 6.97642118e-02 2.41891801e-01 6.95466697e-01 1.94079131e-01
 2.26864815e+00 2.49166667e-01 7.45190561e-01 4.75092828e-01
 4.27961260e-01 9.29953396e-01 2.75805146e-01 4.71820757e-02
 4.47544843e-01 2.16013789e-01 4.62803990e-01 1.01790667e+00
 1.10302180e-01 2.30883196e-01 9.66654062e-01 1.32443756e-01
 8.80388355e+00 2.26560688e+00 1.18366992e+00 6.05751097e-01
 1.66394413e+00 1.85812128e+00 2.71624118e-01 1.45774975e-01
 1.15488335e-01 2.45495155e-01 3.68293852e-01 1.42614529e-01
 4.36033392e+00 3.94715023e+00 3.84360552e-01 5.15283167e-01
 3.37615937e-01 1.93088710e-01 4.74536121e-01 2.64348507e+00
 4.51168895e-01 6.38875604e-01 8.58137757e-02 1.82513738e+00
 2.29155704e-01 8.45690131e-01 1.43929958e+00 1.29605217e+01
 3.95038128e-01 7.38691568e-01 2.87205458e-01 5.74318552e+00
 9.45847511e-01 5.42740464e-01 7.68846869e-02 3.25843394e-01
 3.15263480e-01 3.36688936e-01 6.07731700e-01 2.87143797e-01
 1.10126406e-01 1.23970509e+00 1.16851896e-01 7.55529284e-01
 4.35692787e+00 3.80200028e-01 1.46731424e+00 3.81401837e-01],2.1337028,[2.66013408e+00 2.27303773e-01 1.27810037e+00 3.03573906e-03
 6.76063597e-02 1.22069046e-01 5.60955346e-01 1.47092080e+00
 5.70149958e-01 7.63661444e-01 6.36499763e-01 6.41693890e-01
 2.03895092e+00 2.12637281e+00 6.67345226e-02 3.24584067e-01
 1.26529485e-01 5.78029573e-01 2.06897408e-02 9.28494692e-01
 7.28240609e-03 7.81850863e+00 1.40951097e+00 1.49067584e-03
 1.70250976e+00 2.59836353e-02 3.86640263e+00 2.54789066e+00
 1.03427753e-01 2.04292088e+01 9.64600742e-02 4.34343452e+01
 8.04454684e-02 4.59752753e-02 5.52274659e-02 1.41813159e+00
 2.45373085e-01 6.05251789e-01 1.50510535e-01 1.61833823e+00
 1.13623762e+00 1.99675739e+00 3.39574838e+00 1.14489002e+01
 3.03856945e+00 1.05042122e-01 3.02883077e+00 5.10758162e-02
 5.30086607e-02 9.34067369e-01 4.96740699e-01 3.15024883e-01
 3.26019669e+00 8.50838006e-01 5.57125032e-01 6.32852316e-01
 1.26059890e+00 1.49064803e+00 2.55054116e+00 1.20188046e+00
 1.79014564e+00 5.17184925e+00 4.13048172e+00 1.52656108e-01
 3.12117338e+00 3.04215729e-01 2.43646801e-01 6.63016200e-01
 2.84336507e-01 1.26172706e-01 1.13199167e-01 1.19518149e+00
 4.72304523e-02 9.73628581e-01 6.12733047e-03 4.32547808e+00
 1.38086414e+00 1.76137984e-01 5.49030960e-01 2.80892324e+00
 1.69189301e+01 4.17203866e-02 1.65356040e+00 6.16862237e-01
 6.12903237e-02 1.28798091e+00 1.11377585e+00 5.59281015e+00
 1.37296677e-01 1.74590170e+00 5.27940094e-02 1.51269231e-02
 9.46702957e-01 5.73646743e-03 2.64939189e+00 7.07913101e-01
 1.77583802e+00 8.12952757e-01 1.29627848e+00 9.92301464e-01
 2.27169113e+01 1.90045163e-01 4.40556183e-03 6.14521384e-01
 2.90768528e+00 3.41852725e-01 6.25085771e-01 6.03973679e-02
 1.29379570e-01 1.62339604e+00 1.14255886e+01 1.48862326e+00
 1.37966537e+00 2.72177935e-01 2.04876757e+00 1.23121180e-02
 7.74981081e-02 7.16425002e-01 3.22416186e+00 1.80839872e+00
 1.34703789e+01 2.18147373e+00 7.73105741e-01 1.20499432e-01
 2.18277073e+00 1.31365538e-01 1.79817736e+00 2.63629019e-01
 2.17592299e-01 5.97545862e-01 2.02779293e+00 5.98922838e-03
 4.09167893e-02 8.38274240e-01 1.40540555e-01 2.25867987e+00
 1.00895911e-02 2.66721392e+00 1.29799831e+00 4.29567128e-01
 7.00288534e-01 4.57768515e-02 2.10222565e-02 2.85157561e-01
 2.43845865e-01 1.71916969e-02 3.24099153e-01 3.44780970e+00
 5.63714314e+00 1.07541096e+00 5.40399440e-02 2.52617616e-03
 4.41205835e+00 7.84642994e-03 9.26665306e-01 3.94420847e-02
 3.47926021e-02 9.36094522e-01 2.40028358e+00 5.64502291e-02
 1.55879247e+00 6.49120510e-02 6.55571878e-01 7.92793036e-02
 1.49216458e-01 1.12295523e-01 2.46347666e-01 1.65028274e+00
 7.70330057e-02 6.74473858e+00 2.65054315e-01 2.90584040e+00
 6.70274021e-04 7.84376240e+00 4.18866515e-01 1.56317830e+00
 8.14486027e-01 1.94578081e-01 7.70405531e-01 3.00487615e-02
 1.08360901e-01 1.09630919e+00 1.76198885e-01 4.88714904e-01
 6.73548132e-02 5.04833043e-01 6.94891095e-01 1.77232361e+00
 2.90565729e-01 4.09114981e+00 3.68641496e-01 6.97743800e-03
 4.00814676e+00 2.41097771e-02 6.56303346e-01 2.19417167e+00
 2.35251337e-02 5.31487525e-01 1.13756835e-01 4.46300626e-01
 5.49772441e-01 1.67559728e-01 1.47802189e-01 6.92215824e+00
 2.23224521e-01 7.58750830e-04 4.49808693e+00 1.14802346e-01
 5.54493408e+01 1.27848657e-03 6.81104541e-01 2.41863918e+00
 1.20338535e+00 1.66568625e+00 1.06016342e-02 4.13949347e+00
 2.89881563e+00 1.21823717e-02 8.89743149e-01 1.67700827e-01
 1.11953402e+00 1.78740025e+00 6.95321751e+00 2.99122810e+00
 5.49225695e-02 9.11040902e-02 1.63353264e+00 5.36988318e-01
 8.86535645e-02 6.93534851e+00 2.40890121e+00 1.10075879e+00
 1.40728879e+00 7.70057499e-01 1.92911506e+00 1.04767704e+01
 2.14624107e-02 1.60307661e-01 1.42984211e-01 2.14660954e+00
 5.26507609e-02 1.33252442e-01 1.47224784e+00 4.15311605e-02
 3.24527353e-01 6.09001555e-02 5.67580795e+00 5.60465813e-01
 6.62130117e-01 1.38633132e+00 9.75456983e-02 5.41990161e-01
 1.85042548e+00 8.68764073e-02 3.35914087e+00 8.90798867e-02],-102.08401,-210.68036,-280.34937,1.1179974,4.786626,0.7484399,0.56339365,96.01489,-69.629486,577.07947,201.14185,0.55875224,0.4674804,0.08532374,-195.9083,195.9083,[6.04660706e+02 2.62914551e+02 6.74212036e+01 7.16018848e+03
 6.26575317e+01 6.98289537e+00 3.02018223e+01 3.12234131e+02
 1.33773146e+01 1.01824142e+02 5.19568176e+02 2.61397705e+02
 1.73840218e+01 1.06040068e+01 4.36456116e+02 6.61581635e-01
 2.28363754e+02 8.72032471e+02 1.01215775e+02 4.00963831e+00
 3.91912460e+01 9.54645081e+01 1.85905075e+01 7.24368896e+02
 3.81560287e+01 9.75590149e+02 2.67767029e+02 2.30078720e+02
 2.43921013e+01 1.16889481e+02 7.46644363e+01 6.72963333e+01
 1.17122261e+02 2.92654667e+01 5.80041077e+02 8.82010449e+03
 2.61989929e+02 7.96424561e+01 1.61169853e+01 8.86658325e+01
 6.25715485e+01 5.84364380e+02 3.37135601e+00 7.80198517e+01
 1.19422913e+01 5.09139156e+00 6.25284691e+01 8.69751205e+01
 3.64049263e+01 2.33180351e+01 1.13387314e+02 3.08316956e+02
 9.54060135e+01 2.44602032e+01 1.04904800e+02 7.33347855e+01
 2.02819138e+01 4.43281059e+01 4.33711639e+02 6.51711044e+01
 2.29301483e+02 2.29956856e+01 9.35198975e+01 1.41834137e+02
 4.03167000e+01 5.91001465e+02 4.29598160e+01 2.77096729e+01
 2.79084663e+01 6.71649246e+01 4.19879761e+02 3.63048035e+02
 5.15787811e+01 1.23951279e+02 6.55239105e+01 1.05410034e+02
 4.52160110e+01 2.91155777e+01 3.98365617e+00 2.59686493e+02
 1.96346569e+01 5.35303450e+00 4.74603729e+01 6.26590919e+01
 1.53946314e+01 3.30007629e+02 7.36853104e+01 3.30054736e+00
 5.45463867e+01 1.84852276e+01 9.39421997e+01 1.05914011e+01
 1.80881233e+01 5.82262878e+02 2.03137379e+01 6.20221596e+01
 6.10617142e+01 2.34601852e+02 1.17127350e+02 1.08024307e+02
 5.11064415e+01 7.74947968e+01 2.02559387e+02 1.01441711e+02
 1.11907883e+02 9.94768219e+01 6.37315216e+01 2.55378574e-01
 2.57416000e+01 1.72667557e+02 1.20021439e+01 3.42309113e+01
 5.49903107e+01 1.90995682e+02 9.59261551e+01 1.66089211e+01
 6.94557495e+02 6.31857834e+01 1.60303345e+02 5.58761775e-01
 6.38249207e+01 1.81743149e+02 4.81336517e+02 5.88195496e+01
 4.82897224e+01 2.14175766e+02 3.87440834e+01 7.50018677e+02
 1.37041836e+01 6.27558594e+01 9.76960449e+01 2.96002026e+01
 9.87202301e+01 1.67419777e+01 6.06033134e+00 3.64847984e+01
 9.44163895e+00 9.45469589e+01 9.14416981e+00 3.08499756e+02
 6.74156555e+02 1.28466492e+02 2.67263031e+01 2.55299878e+00
 2.20235779e+02 3.75390935e+00 7.41181183e+01 1.48236176e+02
 1.54775055e+02 1.47122864e+02 1.42773848e+01 8.84692688e+01
 2.69808411e+02 2.41373657e+02 8.28167267e+01 8.90335274e+00
 4.96738434e+01 2.31376529e+00 1.12071320e+02 1.55540886e+01
 8.00089111e+01 6.56789541e+00 4.65821747e+02 7.32059021e+01
 1.81197449e+02 2.91632442e+01 1.39642812e+04 4.87392654e+01
 5.02759399e+01 1.92986542e+02 4.32141914e+01 1.45343048e+02
 9.84644623e+01 3.44496002e+01 1.03274059e+01 3.81267761e+02
 2.59501892e+02 3.68159180e+02 1.59852127e+02 2.54556046e+02
 8.88465881e+01 9.27268066e+01 3.28700653e+02 2.75246029e+01
 3.25462402e+02 6.90043592e+00 4.66912476e+02 3.51694916e+02
 7.99981689e+01 1.52368604e+03 3.05127373e+01 1.12852654e+02
 1.05845299e+02 6.45270920e+01 3.20508647e+00 5.16525173e+00
 8.70325470e+01 2.87586460e+01 9.17641678e+01 2.75305939e+01
 1.12165070e+02 4.86461105e+01 5.76409790e+02 1.06568413e+02
 2.03198120e+02 3.99570007e+02 3.65518074e+01 5.72005981e+02
 1.23608904e+01 4.22623539e+00 7.93080597e+01 2.05725574e+01
 8.15119629e+01 5.51711960e+01 1.82643757e+01 6.32747116e+01
 3.64932343e+02 4.63275833e+01 9.97597778e+02 7.89602203e+01
 6.09412231e+01 2.34591064e+02 3.98106476e+02 1.27713638e+02
 7.54598236e+01 1.05677986e+01 1.17527275e+02 1.19925642e+01
 3.43701324e+02 3.01590958e+01 1.67320602e+02 1.39329538e+01
 1.53889786e+02 5.36644058e+01 3.92295570e+01 5.94038208e+02
 5.16880798e+00 2.49997425e+01 2.64022857e-01 2.54984955e+02
 4.35532761e+01 6.93526733e+02 6.69135818e+01 2.16942902e+02
 4.98890877e+01 3.58750687e+01 7.79557739e+02 2.60875314e-01
 6.01492691e+00 1.06763401e+01 1.41173181e+03 7.05282974e+00
 3.25273041e+02 7.24701599e+02 6.24010353e+01 1.63547058e+02],334.21356,[4.20347900e+02 6.42964050e+02 7.55738831e+01 7.18429541e+03
 5.25965271e+01 1.08059444e+01 6.69698334e+01 1.95037369e+02
 1.25221786e+01 6.13918495e+01 7.47087891e+02 1.89797150e+02
 1.74226742e+01 4.51199389e+00 1.59371124e+02 7.33239517e+01
 2.18898315e+01 1.01343250e+03 7.11989212e+01 2.08241773e+00
 3.86379280e+01 9.04818420e+01 3.94819717e+01 8.86944336e+02
 5.80398140e+01 9.99299744e+02 2.37535614e+02 2.48442841e+02
 2.42162743e+01 1.40668289e+02 1.01708351e+02 2.86407280e+01
 1.51131683e+02 3.57481728e+01 5.64998535e+02 4.45708594e+03
 2.66862640e+02 8.00386429e+01 1.91865120e+01 8.26849213e+01
 5.83971100e+01 4.30106903e+02 1.77850266e+01 7.45416565e+01
 1.65366802e+01 4.37906647e+00 5.45432243e+01 7.11403961e+01
 7.46609421e+01 1.82558784e+01 9.37581329e+01 1.60638000e+02
 8.43302002e+01 1.22049770e+01 1.21713142e+02 6.96601715e+01
 2.99584866e+01 2.09188232e+01 2.40933395e+02 9.58236465e+01
 2.43697174e+02 4.47770996e+01 8.94216003e+01 7.46867065e+01
 4.89494568e+02 6.20170105e+02 8.03280487e+01 4.80863342e+01
 7.50665367e-01 2.93476925e+01 5.09670349e+02 4.47531860e+02
 4.67662468e+01 1.45851868e+02 8.05011673e+01 1.32556641e+02
 1.97720795e+01 1.63021145e+01 4.72590160e+00 4.09039154e+01
 3.09908009e+01 3.09530048e+01 6.50515795e+00 1.16723999e+02
 1.92474747e+01 2.96677856e+02 4.97858963e+01 5.87473631e+00
 5.61222801e+01 1.98997097e+01 9.85119095e+01 4.76137304e+00
 1.82326622e+01 1.59773972e+02 5.39413261e+01 7.07150879e+01
 6.97029495e+01 1.48152609e+01 1.36928177e+02 1.34288010e+02
 7.25562363e+01 5.67363625e+01 1.41583282e+02 4.34331417e-01
 1.23666351e+02 4.20700312e+00 5.90562897e+01 4.83927846e-01
 8.85715332e+01 2.72410919e+02 1.23504324e+01 5.31670609e+01
 9.66635284e+01 2.31164139e+02 7.23064423e+01 1.47429838e+01
 3.86938751e+02 6.85733566e+01 2.22108307e+02 2.77384251e-01
 8.31191940e+01 6.43893433e+01 5.75489990e+02 5.92889252e+01
 4.83017426e+01 1.72092194e+02 3.78934326e+01 4.76991577e+02
 9.61786079e+00 8.54305725e+01 1.28815567e+02 2.73446083e+01
 1.18295105e+02 2.97259769e+01 1.01920261e+01 2.74151115e+01
 9.86645603e+00 1.06298004e+02 1.30031557e+01 3.84624420e+02
 5.18391785e+02 1.28877060e+02 5.80480385e+01 2.14359403e+00
 2.08652893e+02 5.91080379e+00 1.03950062e+01 1.09943924e+02
 1.41387756e+02 3.27725067e+02 1.40206022e+01 3.95450821e+01
 2.78229797e+02 2.22498383e+02 4.26416245e+01 1.24943151e+01
 4.83897629e+01 3.44579697e+00 3.70568085e+00 6.91555939e+01
 4.41976318e+01 1.92129993e+01 4.15869904e+02 3.81627579e+01
 2.33175613e+02 3.73878021e+01 8.74170508e+03 7.52110596e+01
 4.74392967e+01 1.92428223e+02 1.86581020e+01 1.54603012e+02
 5.03339691e+01 8.08715744e+01 2.12003269e+01 2.92039581e+02
 1.25561874e+02 3.64905701e+02 1.67201294e+02 2.35858414e+02
 9.55822601e+01 1.05081863e+02 3.23913757e+02 1.40142422e+01
 3.54816406e+02 6.70035934e+00 4.31185181e+02 4.67827423e+02
 8.80762558e+01 1.65825732e+03 6.31001320e+01 5.18735809e+01
 9.37308044e+01 6.52169037e+01 3.18108463e+00 6.40308666e+00
 2.72613201e+01 3.53300896e+01 4.43887177e+01 6.75856705e+01
 7.89972000e+01 5.47236176e+01 6.00171570e+02 1.50924957e+02
 3.21640381e+02 3.96626495e+02 1.03139162e+01 7.71748169e+02
 2.37056332e+01 9.86453342e+00 8.84091492e+01 2.96444092e+01
 2.55627563e+02 4.12548752e+01 7.58556595e+01 7.35965347e+01
 2.62074982e+02 4.88201752e+01 8.82243774e+02 8.57655945e+01
 7.84876480e+01 2.92815094e+02 3.95379364e+02 1.30048553e+02
 1.17640953e+02 3.40674248e+01 1.66637299e+02 1.50571089e+01
 5.57782715e+02 1.99334311e+00 1.03280212e+02 1.09574745e+02
 1.00029770e+02 6.59237061e+01 5.89683008e+00 2.08731674e+02
 1.34023132e+01 4.00124893e+01 1.24364042e+00 2.42128632e+02
 2.65417061e+01 9.18551514e+02 4.24465408e+01 4.02034607e+02
 1.06461296e+02 3.45412064e+00 6.73604065e+02 4.01871145e-01
 4.62053061e-01 9.47173238e-01 7.48522217e+02 2.02770252e+01
 5.35447388e+02 6.42626587e+02 8.84694748e+01 3.27660141e+01],-33.468525,-208.935,-266.9992,1.8910179,5.1484284,0.8356766,0.65875006,0.013250445318222046,745.8023903369904,0.016148836758133275,0.0055285894451073915,0.01655494411551538,0.006977249836470208,16.004588566077803,25.099999999996967,0.0,50000.0,-2.0,-1000.0,500.0,6.609647989273071,50000
162.58922,0.11010666,0.83620834,0.006878923,-154.11703,154.11703,[9.66507643e-02 4.63905382e+00 4.37861443e+00 4.99702871e-01
 8.83117867e+00 1.90299301e+01 1.60081851e+00 4.57717943e+00
 2.98725635e-01 4.32104492e+00 5.81087656e-02 2.72545457e-01
 1.77636375e+01 4.72078896e+00 4.18663025e+00 1.88936186e+00
 5.52425146e-01 4.68132906e-02 2.32416734e-01 9.03463173e+00
 8.14217508e-01 3.32024336e-01 4.23577499e+00 8.85191381e-01
 5.12848496e-02 8.74986935e+00 1.33401930e+00 9.68885422e+00
 4.69130707e+00 4.35344011e-01 3.33603597e+00 1.19246733e+00
 1.39377648e-02 1.83680859e+01 1.85456867e+01 4.40803528e+00
 2.62025356e-01 3.80673552e+00 2.27302837e+00 1.00532301e-01
 3.89421582e-01 1.62864017e+00 2.70532191e-01 4.99153733e-02
 7.62572241e+00 7.17937660e+00 2.09422410e-01 2.08070259e+01
 8.29943456e-04 1.61157143e+00 4.20872040e+01 6.02556653e-02
 9.57784951e-01 3.68741274e+00 3.34069505e-03 2.21030807e+00
 4.57153940e+00 3.02994162e-01 7.46771991e-02 3.87954879e+00
 5.55101442e+00 6.06360340e+00 1.32195223e-02 9.31715965e-01
 2.27790213e+00 1.37216210e+00 6.78219676e-01 1.10289450e+01
 3.77955325e-02 2.85432625e+00 6.82593107e-01 1.47436917e+00
 5.89182281e+00 5.25318909e+00 2.38854766e-01 5.61722469e+00
 9.45904627e-02 4.98744812e+01 1.38973281e-01 3.45899725e+00
 8.85116681e-02 4.00349522e+00 2.00280209e+01 2.03422928e+00
 3.67160916e+00 1.66731620e+00 2.56348133e+00 7.08758980e-02
 4.89519596e+00 5.07137552e-02 7.07746685e-01 1.39480839e-02
 1.03612928e+01 2.56669939e-01 2.82537073e-01 8.25524712e+00
 5.64204380e-02 3.20106053e+00 3.29158401e+00 1.12885404e+00
 3.20279002e-01 1.62366331e-02 5.68000078e+00 4.37288910e-01
 7.25566435e+00 6.75798595e-01 1.97427887e-02 1.62753552e-01
 1.29388452e+00 1.62029588e+00 1.27931893e-01 3.79516106e+01
 1.73419893e-01 2.97712755e+00 1.63317606e-01 5.40144062e+00
 3.72532654e+01 1.50493205e+00 9.75780964e-01 4.22143316e+00
 2.46111584e+00 1.63429920e-02 3.28387380e+00 5.59400129e+00
 8.59481812e-01 6.84731364e-01 1.30939827e+01 1.06497836e+00
 3.45951706e-01 2.55965042e+00 4.99787807e+00 2.49541536e-01
 6.13690376e-01 6.45236075e-02 6.55104667e-02 7.86324978e+00
 1.99102491e-01 1.95365405e+00 2.71081328e-01 3.33185601e+00
 3.29712391e-01 6.68355131e+00 4.77186814e-02 1.85185857e-02
 1.45504370e-01 7.92672098e-01 1.72219837e+00 5.68848181e+00
 9.30727273e-02 2.46614790e+00 4.42983484e+00 4.95014489e-01
 4.61681795e+00 6.01260245e-01 1.18893407e-01 5.95536613e+00
 1.95264626e+01 2.91601568e-01 4.75729656e+00 4.31657523e-01
 3.86171651e+00 3.58771181e+00 1.21520042e-01 7.42318928e-01
 1.23341894e+00 4.76010323e-01 3.97706318e+00 1.94476235e+00
 1.37335107e-01 7.63839865e+00 2.38844648e-01 8.26862335e-01
 3.37383366e+00 1.56775236e+00 1.10176411e+01 4.67795038e+00
 3.19958553e-02 6.57204628e-01 1.72094131e+00 5.41984215e-02
 2.30537340e-01 3.18920851e+00 5.05824208e-01 1.53897837e-01
 1.15618929e-01 1.07684173e-01 1.48393011e+00 7.32010651e+00
 1.56400716e+00 2.84310073e-01 1.85913944e+00 3.58688331e+00
 3.19038773e+00 7.77587667e-02 1.24267444e-01 1.90383255e-01
 1.46907103e+00 1.73722401e-01 4.69350427e-01 3.82427001e+00
 3.77523375e+00 6.51339442e-02 3.66197526e-01 9.31749105e-01
 1.17156672e+00 7.72304058e+00 3.00643891e-01 1.60437908e+01
 1.43529857e-02 5.98315358e-01 1.57367229e+00 3.25091988e-01
 1.95137691e+00 2.17122579e+00 1.44190633e+00 3.58326626e+00
 3.58160830e+00 1.79660473e+01 4.11889195e-01 2.23327234e-01
 8.35603905e+00 9.41985309e-01 3.59381819e+00 1.23834467e+01
 1.13103509e+00 4.74708080e+00 8.67754459e+00 1.41052551e+01
 2.87785321e-01 2.94465840e-01 1.27740860e+01 3.25177026e+00
 2.74168909e-01 1.24769437e+00 5.97520828e-01 9.49197578e+00
 4.10749651e-02 5.64410508e-01 4.20406461e-03 8.25990558e-01
 4.64762330e-01 1.35087216e+00 3.27120066e+00 1.61068809e+00
 1.29707956e+00 6.64423275e+00 9.07742500e+00 1.68969917e+01
 3.91251326e-01 2.97670476e-02 9.45869029e-01 1.37757706e-02
 3.65771532e-01 8.05248469e-02 3.25507379e+00 2.06094322e+01],4.094926,[9.60721169e-03 1.13146315e+01 8.36613178e-01 6.00511789e-01
 8.21598947e-01 1.64974797e+00 1.30761132e-01 6.27493709e-02
 8.28577876e-01 3.52977180e+00 1.54368448e+00 1.67545938e+00
 2.45298791e+00 3.40726995e+00 9.57522631e-01 3.46813488e+00
 6.30396008e-01 7.29439110e-02 1.41603619e-01 3.94779325e+00
 1.91037321e+00 2.45927238e+00 1.56344604e+00 1.82618904e+01
 1.24962233e-01 4.58279699e-01 7.65498400e-01 2.38202140e-01
 5.57344794e-01 4.47746181e+00 4.00448990e+00 1.81960687e-01
 4.72626127e-02 9.28339386e+00 1.27648175e+00 1.14021182e+00
 2.84040165e+00 1.34863722e+00 5.39887428e-01 3.21991384e-01
 7.60819793e-01 3.85334402e-01 8.56184840e-01 1.36924639e-01
 3.05275059e+00 9.68644142e-01 3.85561995e-02 1.37708747e+00
 1.52284116e-01 2.25521231e+00 1.30951576e+01 1.82750002e-01
 6.20364785e-01 1.03642094e+00 2.32491091e-01 2.26178432e+00
 6.57784224e+00 7.49472007e-02 2.83781600e+00 2.15758014e+00
 5.42989540e+00 3.32130402e-01 5.62463887e-04 2.68941379e+00
 1.76588655e+00 2.95696378e+00 2.37846613e-01 8.15789223e-01
 1.93033382e-01 8.83151591e-01 9.57239723e+00 9.69063044e-02
 8.24637318e+00 1.27057371e+01 1.56135648e-01 2.66690540e+00
 1.44925550e-01 1.27241840e+01 2.39098698e-01 1.07552691e+01
 2.57476032e-01 4.66649675e+00 3.02285957e+00 1.22556186e+00
 1.46914542e-01 4.34875536e+00 3.50829172e+00 7.30862916e-02
 1.24821794e+00 2.39513218e-01 2.89776945e+00 1.12439208e-01
 5.16966534e+00 4.29642677e-01 1.11820601e-01 2.17184830e+00
 2.27577433e-01 1.11458778e+00 2.17692232e+00 3.96608151e-02
 7.35535920e-02 1.40645099e+00 1.21257937e+00 2.39208364e+00
 4.41108018e-01 1.49720619e-02 5.54953888e-02 8.09499502e-01
 1.16812730e+00 2.49802887e-01 7.29554415e-01 4.45457039e+01
 4.47875118e+00 6.72315979e+00 1.66638210e-01 1.78449237e+00
 2.94861174e+00 1.41014159e+00 2.24419165e+00 3.21318779e+01
 1.61970824e-01 6.56221658e-02 8.69949237e-02 2.39821792e+00
 2.24015683e-01 1.76686004e-01 1.62862635e+00 2.34186292e+00
 2.85828978e-01 3.36459637e+00 6.00112796e-01 4.94260025e+00
 7.81644732e-02 2.37160325e-01 1.88081697e-01 2.40893793e+00
 7.85403728e+00 1.87458694e-01 3.38324606e-01 1.29800332e+00
 2.17475581e+00 3.37434626e+00 1.51219174e-01 1.08612485e-01
 1.07114220e+01 7.57797480e-01 6.70659685e+00 2.66070627e-02
 1.50603592e-01 9.93437842e-02 3.07712741e-02 4.22426075e-01
 3.78807330e+00 3.52515340e-01 3.44409160e-02 9.18489838e+00
 1.07339406e+00 1.55968928e+00 9.03986633e-01 1.64281316e-02
 1.32079214e-01 1.53723264e+00 2.14452133e-01 2.50330925e+00
 2.36080606e-02 1.73334646e+00 1.28763890e+00 8.46057129e+00
 8.00374687e-01 3.96951866e+00 3.48654127e+00 7.28959143e-01
 2.84720850e+00 8.19892502e+00 2.00782943e+00 3.41442070e+01
 2.58346856e-01 1.76623452e+00 1.88262331e+00 3.11981916e-01
 2.11592746e+00 2.54648738e-02 8.54502296e+00 1.15912333e-01
 1.29460782e-01 1.89941108e-01 1.59332514e+00 6.28226817e-01
 9.23470116e+00 7.09234953e-01 3.90452951e-01 2.28268370e-01
 1.44713414e+00 2.12750509e-01 9.69748646e-02 3.93932891e+00
 2.50369489e-01 1.89346507e-01 5.60319424e-02 2.55294895e+00
 1.17048097e+00 9.83714908e-02 7.12502062e-01 2.97727299e+00
 3.28620285e-01 2.81631768e-01 7.06268251e-02 6.84226394e-01
 5.72335124e-01 6.91994801e-02 1.05437117e+01 2.32937962e-01
 1.29852855e+00 5.13600767e-01 2.28524637e+00 1.27754653e+00
 8.66330147e-01 7.85898864e-01 4.62975168e+00 1.05800676e+00
 1.63468325e+00 1.25853300e-01 9.14566934e-01 5.21253252e+00
 2.01668310e+00 5.45136213e+00 3.38558292e+00 4.06546772e-01
 2.87066650e+00 1.48243979e-01 1.27147114e+00 1.29834700e+00
 7.36433268e-01 2.26019073e+00 1.41821957e+00 4.79172260e-01
 1.94197461e-01 4.05173421e-01 1.19205691e-01 7.20699608e-01
 2.35387850e+00 5.14669120e-01 1.41162884e+00 5.89940488e-01
 7.28954151e-02 7.85273254e-01 1.35270584e+00 1.79722857e+00
 4.18844998e-01 1.03443176e-01 1.09949410e+00 7.86467642e-02
 1.00647107e-01 1.21597156e-01 2.06792936e-01 1.56065679e+00],-93.26897,-219.97896,-323.89807,1.5592644,4.128073,0.8955786,0.62005293,238.54266,-123.09851,1264.9836,210.33496,0.88164616,0.58680195,0.09620724,-203.5853,203.5853,[2.59992099e+00 9.60669556e+01 4.37678833e+01 2.07373474e+02
 1.78700485e+01 4.49940720e+01 6.86696854e+01 1.72363615e+00
 2.47847824e+01 1.05388931e+02 2.08427765e+02 3.08656982e+02
 7.82254562e+01 1.09338585e+02 9.63735352e+02 2.25441101e+02
 3.43622290e+03 6.10458679e+01 5.99408646e+01 1.28010269e+02
 3.68038055e+02 8.31552505e+01 4.76328674e+02 2.11949348e+01
 3.38796844e+01 2.35474747e+02 2.23736664e+02 5.74709091e+01
 8.55916977e+01 1.76043945e+02 1.33895741e+01 2.00243881e+02
 3.76870728e+02 8.77257538e+01 8.41972046e+01 1.75182449e+02
 1.07301559e+02 1.75415859e+01 5.59697337e-02 1.92114243e+02
 5.29794388e+01 3.87607117e+01 2.48675812e+02 1.04515276e+01
 1.22587120e+02 1.38396500e+02 2.13812866e+01 2.43211182e+02
 6.33685455e+01 5.34466515e+01 2.06217155e+01 5.36232853e+00
 1.85788635e+02 7.57321119e-01 6.45439758e+02 2.41039062e+02
 3.02640533e+02 2.21304688e+02 1.65568466e+01 1.94539597e+02
 8.23461151e+01 5.13628101e+00 3.60025116e+02 3.55624725e+02
 2.86470947e+01 1.27507965e+02 8.88830566e+02 9.85248756e+00
 7.76710510e+01 1.06327507e+02 7.08983421e+00 1.02747173e+01
 8.84347382e+01 2.94455910e+01 5.71281738e+01 1.36652346e+01
 4.36501160e+01 2.59150085e+02 1.64058151e+02 7.71553755e-01
 2.94927124e+02 4.31702423e+00 3.20042725e+02 2.70281555e+02
 2.37959152e+02 4.57363396e+01 1.50137085e+02 1.19550830e+03
 2.36456665e+02 1.88024033e+02 1.36025497e+02 8.98527222e+02
 6.42316467e+02 7.36191635e+01 1.01881264e+02 3.52938576e+01
 8.77352428e+00 1.53259735e+02 1.63364334e+02 2.43412079e+02
 2.18352295e+02 7.14886169e+01 1.04815384e+02 8.30697708e+01
 7.36477375e+00 3.48786194e+02 3.10630035e+02 2.02624512e+02
 3.10163635e+02 1.31540222e+03 1.01479130e+01 1.39478546e+02
 3.89487335e+02 6.25344910e+02 5.38788025e+02 9.96894073e+01
 2.15948257e+02 1.84993866e+02 1.58926702e+00 3.84785645e+02
 2.23324875e+02 3.21400452e+01 2.51766205e+01 1.87625396e+00
 7.94217529e+02 2.33820862e+02 8.53836975e+01 7.39281006e+01
 5.67556763e+02 3.93998840e+02 2.74462219e+02 1.88048370e+02
 9.35182724e+01 1.60945930e+01 2.77740860e+01 1.89296936e+02
 5.85406433e+02 1.03689102e+02 2.06894287e+02 1.85679932e+02
 5.53648567e+01 2.58131287e+02 5.07260680e-01 2.31780563e+02
 2.02067215e+02 1.57217607e+01 1.93743668e+02 5.67293884e+02
 1.94461411e+02 1.28513214e+02 7.42603607e+01 1.56011993e+02
 9.15198505e-01 9.56867676e+01 2.24482147e+02 2.27204086e+02
 1.74150314e+01 1.00108925e+02 2.69323669e+02 3.08876610e+01
 9.99673843e+00 3.21702179e+02 1.86660461e+01 1.65424561e+02
 7.53599625e+01 7.98489258e+02 1.59622955e+02 2.32956181e+01
 8.52799034e+00 3.17522491e+02 8.07354279e+01 4.33824348e+01
 2.68664581e+02 7.11919937e+01 8.56487274e+00 1.98007298e+01
 5.77270508e+01 8.08534851e+01 3.21836121e+02 1.40640579e+02
 2.23903290e+02 8.40634537e+00 7.96779823e+00 9.31939316e+01
 2.68845844e+00 2.79763336e+01 9.99609146e+01 2.77132324e+02
 1.40310907e+01 2.58936653e+01 4.51547813e+01 6.28042908e+01
 1.54955200e+02 1.66818192e+02 3.59600258e+01 4.92825562e+02
 1.83427942e+03 3.49859390e+01 2.10394547e+02 1.64799103e+02
 1.75590363e+01 4.26099930e+01 5.44780212e+02 7.96245911e+02
 1.83457870e+02 5.51843987e+01 2.10697823e+01 1.12605988e+02
 2.68539917e+02 5.13593506e+02 4.33768372e+02 9.98260956e+01
 1.97412720e+02 2.37608093e+02 2.74465156e+00 9.22190933e+01
 8.63477020e+01 6.27746201e+01 1.87387604e+02 2.51235825e+02
 2.35284157e+01 1.08637367e+02 2.38212566e+01 7.08721924e+01
 9.34695816e+01 2.91330872e+02 2.27668705e+01 1.80000687e+02
 4.04444427e+01 3.09043182e+02 5.39619064e+01 1.62340546e+02
 1.68576279e+02 1.72706528e+02 4.83650894e+01 3.44913483e+01
 3.41689178e+02 3.29457703e+02 3.07250080e+01 2.09664369e+00
 3.63600960e+01 3.32845856e+02 9.84729691e+01 3.74633408e+01
 9.52857971e+01 1.11142593e+02 3.04727783e+02 1.22179688e+03
 1.17908684e+02 2.26952820e+02 2.70120728e+03 2.19744372e+00
 1.90571045e+03 2.64530273e+02 2.63496063e+02 6.61139526e+01],310.15024,[2.42647624e+00 5.45350342e+01 1.64464355e+02 3.96879761e+02
 2.62616997e+01 7.17175751e+01 2.96425266e+01 3.92710419e+01
 3.12678947e+01 1.17714050e+02 4.14215393e+01 4.34496094e+02
 6.03000870e+01 8.47857666e+01 1.36152393e+03 5.70736755e+02
 2.90062988e+03 5.86258240e+01 1.57494831e+01 4.95757141e+01
 3.19161224e+02 1.90544373e+02 3.98186279e+02 2.83864460e+01
 9.52804337e+01 9.42965546e+01 5.23130127e+02 8.97540092e+00
 1.63602875e+02 1.05608307e+02 1.94618149e+01 3.48926636e+02
 6.39217590e+02 9.36717377e+01 1.13640228e+02 2.83507050e+02
 1.21548119e+02 9.29491425e+01 2.05615371e-01 2.77064484e+02
 1.71465103e+02 8.53845978e+01 1.10157547e+02 9.73160362e+00
 9.79394531e+01 5.98372574e+01 4.46003609e+01 1.83780563e+02
 4.88548927e+01 4.63868408e+01 1.24410276e+01 5.92156315e+00
 1.87715790e+02 5.82833469e-01 6.08535767e+02 2.60318665e+02
 2.84146301e+02 3.76772888e+02 9.56163406e+00 2.70739258e+02
 3.29366341e+01 1.42413163e+00 3.60551697e+02 3.64785095e+02
 3.68335075e+01 1.17040947e+02 8.91195068e+02 2.36202679e+01
 6.86370239e+01 8.64162750e+01 5.44672203e+00 2.48425503e+01
 5.14654236e+01 8.06599331e+00 7.48559494e+01 1.22269783e+01
 1.34971344e+02 8.01592941e+01 2.90172638e+02 6.85641050e-01
 2.91488586e+02 4.14932728e+00 2.56283783e+02 3.99883423e+02
 2.45179016e+02 4.67437286e+01 1.32280075e+02 2.04140625e+03
 1.07296555e+02 1.98164932e+02 1.29185074e+02 1.22318774e+03
 6.81357849e+02 2.09807453e+01 9.20626068e+01 1.47967239e+02
 2.42570734e+00 2.17395157e+02 1.64138290e+02 3.20988434e+02
 3.08545715e+02 2.60249882e+01 8.34521637e+01 1.32043594e+02
 3.55759621e+01 3.41662384e+02 3.27392242e+02 1.76288055e+02
 3.00562042e+02 1.32676855e+03 6.19800339e+01 1.20063782e+02
 6.09153381e+02 4.98995056e+02 4.41870331e+02 9.41442490e+01
 2.29881348e+02 1.80299774e+02 1.40553417e+01 3.60824646e+02
 7.89260864e+01 6.70654068e+01 7.55502033e+00 3.31418037e+00
 8.14392212e+02 2.22266129e+02 4.45924759e+01 7.27030258e+01
 5.06558807e+02 1.68704834e+02 3.88517517e+02 1.30861404e+02
 8.71305008e+01 1.50808163e+01 2.72808075e+01 1.93385742e+02
 1.29305090e+03 1.97567749e+01 3.09154846e+02 1.90741821e+02
 3.36366577e+01 2.74879517e+02 1.10976011e-01 2.97419189e+02
 1.71637680e+02 2.14069672e+01 4.95538208e+02 7.43001099e+01
 1.79404907e+02 1.22015305e+02 1.11660934e+02 2.21502197e+02
 1.57224846e+00 6.54891663e+01 1.26437553e+02 3.54508240e+02
 1.16517372e+01 1.17268456e+02 2.00339355e+02 1.14773340e+01
 1.46845764e+02 2.21237732e+02 9.11551666e+01 1.56005554e+02
 2.38664566e+02 9.59958862e+02 1.67404709e+02 3.30743408e+00
 7.67934132e+00 3.07276672e+02 2.30116974e+02 5.64583054e+01
 2.58100616e+02 6.34624710e+01 2.06323013e+01 1.78685932e+01
 6.40917282e+01 1.20121880e+02 3.13773743e+02 1.98845596e+02
 1.57224380e+02 9.24098110e+00 3.83746414e+01 6.21999741e+01
 3.30378990e+01 2.92222824e+01 7.08968964e+01 1.27395981e+02
 1.28706732e+01 5.70905228e+01 3.88103676e+01 9.04885635e+01
 2.75559601e+02 3.18760185e+01 3.45010567e+01 5.18303467e+02
 1.87717383e+03 3.14577637e+01 1.11551109e+02 1.57780777e+02
 1.81750870e+01 5.81228638e+01 5.34717834e+02 9.95501831e+02
 2.69060089e+02 3.71991272e+01 1.72444649e+01 6.74440231e+01
 2.63313751e+02 3.62292816e+02 4.96578491e+02 1.06177963e+02
 1.36312180e+02 1.13869141e+02 2.15233517e+00 1.00923080e+02
 8.06543732e+01 5.43477631e+01 1.99841980e+02 3.54884277e+02
 5.30614662e+01 1.14815498e+02 2.70485249e+01 9.07638168e+01
 5.91365738e+01 2.43006573e+01 1.68301048e+01 2.53204224e+02
 4.15751114e+01 3.44905151e+02 6.24639359e+01 1.56675537e+02
 1.72792114e+02 1.94595642e+02 7.31565332e+00 1.03105621e+02
 4.81685486e+02 4.04045868e+02 6.62281876e+01 1.76591568e+01
 2.49414196e+01 3.45686737e+02 1.76538818e+02 4.51618500e+01
 1.11203964e+02 1.69250488e+02 3.35407623e+02 1.44761890e+03
 1.06144600e+02 3.59113770e+01 2.77983765e+03 3.39527283e+01
 9.55660828e+02 2.88896484e+02 2.61561218e+02 2.49082012e+01],-113.86472,-239.17206,-307.52472,2.5747893,8.508347,0.4984389,0.71075964,0.013861421880722046,1092.3379542827606,-0.02643695038927057,-0.002552586157798606,-0.02596751384136708,0.007738045234826745,12.067548302624596,25.099999999996967,0.0,75000.0,-2.0,-1000.0,500.0,6.6432225704193115,75000
182.65921,0.08663621,0.8443848,0.0067983656,-174.12872,174.12872,[2.74837911e-01 6.15659475e-01 3.28002423e-02 3.43373828e-02
 1.05867434e+00 4.37429953e+00 9.58964348e-01 2.55273962e+00
 2.50692889e-02 6.45454004e-02 1.72974110e+00 2.80955553e-01
 3.32822382e-01 2.13744879e+00 1.44433331e+00 2.27303982e+00
 1.10399561e+01 2.63511157e+00 3.84931469e+00 1.36905503e+00
 1.48808867e-01 1.91230404e+00 1.48678036e+01 2.33708546e-01
 4.37815571e+00 5.98106325e-01 1.15199304e+00 2.91651797e+00
 7.28609800e-01 3.69055629e-01 2.60758996e+00 1.41894042e-01
 2.42804480e+00 4.40819897e-02 1.91318899e-01 4.77753115e+00
 5.93472385e+00 1.06157947e+00 3.26260734e+00 2.95224845e-01
 4.49889469e+00 1.68257904e+01 3.64446640e+00 9.67338145e-01
 5.65857887e+00 6.02796459e+00 2.41650075e-01 5.28836966e-01
 3.90569903e-02 5.08690715e-01 2.07618523e+00 5.03476620e+00
 1.20758760e+00 3.36882591e+00 7.49897671e+00 6.68158770e-01
 1.56344354e+00 5.25859259e-02 6.71970010e-01 1.47005975e-01
 1.06103286e-01 1.27748375e+01 7.66799599e-02 6.98871791e-01
 7.47511864e-01 2.17245251e-01 2.06405506e-01 5.48184872e-01
 2.10210991e+00 1.03633642e+00 3.31540480e-02 5.30376881e-02
 3.15877151e+00 4.04763842e+00 5.92274249e-01 1.62173867e-01
 5.56121767e-01 1.25276163e-01 3.07043195e+00 8.77608299e+00
 1.97189469e-02 1.14090967e+00 8.21029425e-01 8.06734753e+00
 6.50406551e+00 4.23540831e+00 9.77927589e+00 1.37065434e+00
 2.59309947e-01 2.61054337e-01 4.40837890e-01 1.35163045e+00
 1.05066323e+00 3.08930826e+00 4.95281160e-01 1.28016025e-01
 1.41327345e+00 1.09895563e+00 5.47356606e-01 2.93827319e+00
 9.81240988e-01 7.62979835e-02 1.29377723e+00 1.84456027e+00
 1.77645659e+00 4.29127502e+00 3.06628019e-01 5.67572594e-01
 1.13886571e+00 5.04995704e-01 3.53446603e-01 2.05540359e-02
 9.62050974e-01 3.24560547e+00 1.85089850e+00 4.64326620e-01
 2.07742834e+00 1.80868819e-01 9.85162544e+00 2.11394358e+00
 7.26050436e-01 6.34972668e+00 1.43300688e+00 3.00531268e-01
 9.27113056e+00 4.85919043e-02 9.85247195e-02 1.13725560e-02
 8.55427146e-01 8.31773639e-01 5.43134399e-02 2.08694553e+00
 2.01078534e+00 1.79801159e+01 2.79559064e+00 3.24336481e+00
 1.87192345e+00 3.15390682e+00 1.25993863e-01 3.45923853e+00
 2.11290166e-01 4.88226235e-01 1.82641768e+00 1.22080386e-01
 2.83437014e+00 2.58336097e-01 7.48386383e-01 1.67441413e-01
 6.33279371e+00 3.34650469e+00 1.82149935e+00 2.37684822e+00
 1.27826110e-02 3.35945964e-01 9.09648836e-01 2.01638269e+00
 6.01332140e+00 2.94677424e+00 1.43448706e+01 3.54392624e+00
 7.96711445e-01 1.80485570e+00 3.37422639e-01 6.81501627e-01
 7.28313398e+00 1.10225546e+00 2.00075316e+00 8.90720546e-01
 4.48669881e-01 3.60510445e+00 4.21377659e+00 1.34641135e+00
 5.33965945e-01 6.63469136e-02 1.72434616e+00 1.50321856e-01
 3.17826176e+00 8.34401786e-01 1.41445324e-01 3.15646902e-02
 9.34006500e+00 2.04400463e+01 5.06666720e-01 2.53239560e+00
 1.81997287e+00 5.41078020e-03 7.43270993e-01 7.06027895e-02
 5.65134287e+00 1.69615448e+00 1.30475807e+00 1.81619629e-01
 1.30207169e+00 2.17486247e-02 7.29298353e-01 9.53152124e-03
 5.48582152e-02 7.73146570e-01 3.90210450e-02 1.83697259e+00
 2.03171873e+00 8.81102264e-01 3.98852602e-02 6.02509379e-01
 2.85357367e-02 2.62482309e+00 1.37059200e+00 1.36499512e+00
 4.25273943e+00 5.99551487e+00 5.52491474e+00 5.54020643e-01
 1.64169896e+00 3.91135073e+00 5.44354469e-02 5.45162296e+00
 1.26510847e+00 6.94194496e-01 6.95019865e+00 5.87882817e-01
 1.52720308e+00 4.60297108e-01 1.53014469e+00 1.24578047e+00
 3.79729080e+00 1.81807375e+00 3.68413377e+00 1.31685460e+00
 1.61005110e-01 1.85972452e-03 1.80034904e+01 1.15670130e-01
 5.04506826e-01 7.15452480e+00 4.53945667e-01 3.93776819e-02
 2.43484572e-01 9.75225687e-01 1.60708439e+00 6.44864738e-01
 6.53793573e+00 1.41735041e+00 2.90899947e-02 1.26999915e+00
 1.92318475e+00 6.66801882e+00 2.21004963e+00 2.60035920e+00
 5.03219271e+00 6.35978818e-01 1.49758846e-01 9.77702677e-01
 2.10934266e-01 4.33900148e-01 3.34663506e+01 5.59189081e+00],2.777533,[1.7886747e-02 7.3694696e+00 2.6693025e-01 3.8970619e-02 1.4570716e-01
 2.6831448e+00 3.4645501e-01 4.2403930e-01 2.0901047e-02 2.6049069e-01
 2.7259198e-01 6.9401865e+00 1.9737449e-02 7.8020735e+00 2.8042555e+00
 6.7163503e-01 1.5303460e+00 1.1774098e+00 1.1984366e+00 4.6832827e-01
 3.5554540e-01 1.9621006e-01 3.5955901e+00 1.5688511e+00 1.9229881e+00
 5.5427021e-01 7.3999202e-01 1.2733165e+00 1.4467902e+00 1.1890595e+00
 1.3662672e+00 6.8641692e-02 3.9210495e-01 5.5206281e-01 6.0122028e-02
 1.5368769e+00 3.7813108e-02 1.5381713e+00 8.1406206e-01 1.5335157e+00
 1.0883274e+00 1.5000970e+00 6.4273310e-01 3.2808342e+00 1.3550226e-01
 2.2325921e-01 3.6509562e-01 2.2489797e-01 2.5207305e+00 1.1321282e+00
 1.2616842e+00 9.1940880e-01 4.7468221e-01 1.8386261e-01 3.9919952e-01
 2.7188495e-01 2.8482611e+00 1.2216801e-02 6.1655581e-01 1.3976786e-03
 3.8703948e-02 1.6890690e-01 4.3424758e-01 8.0814278e-01 7.6360442e-04
 1.5976788e-01 2.3801813e+00 2.4791384e+00 4.0857925e+00 1.3474183e+01
 5.7077132e-02 7.2812095e-02 1.5035549e+00 3.5570219e-01 2.5332883e-01
 3.4876596e-02 5.5677855e-01 4.8659634e-02 1.4438837e+00 9.0701990e+00
 2.3260389e-01 1.6883309e+00 8.2118708e-01 1.2861298e+01 1.3688269e+00
 2.8880434e+00 2.9614693e+01 4.5235544e-01 3.1346181e-01 2.4589004e-01
 8.6595392e-01 5.9391894e+00 1.2628914e+00 1.9176853e+00 1.4721972e-01
 2.2628326e+00 9.2059488e+00 8.4666004e+00 2.5992465e+00 5.0937396e-01
 1.4499518e+00 3.0636837e+00 4.7473747e-01 5.6918269e-01 5.3171849e-01
 2.1903322e+00 5.7258549e+00 4.8952169e+00 7.9871640e-02 1.0872476e+00
 6.4423770e-02 1.7373428e-01 1.1793242e+00 2.8080210e-01 1.0526056e-01
 4.9458005e-02 2.5629656e-02 8.7332720e-01 2.4652891e+00 3.5080962e+00
 6.5977311e-01 5.4333174e-01 2.1249096e-01 9.6317366e-02 1.6572835e+00
 2.1513313e-01 3.3516482e-02 2.2272496e+00 1.6060791e+00 3.0441065e+00
 3.5640210e-02 1.4452147e+00 2.3338597e+00 1.9294703e+01 1.3820613e+01
 8.8982427e-01 1.8136972e+00 9.9048376e-01 1.2416178e+00 1.8758097e-01
 5.0744981e-01 4.5994515e+00 1.8748304e-01 4.2048609e-01 3.1172503e-03
 2.5795114e-01 6.1392397e-01 1.8440189e-02 4.9029632e+00 1.6052872e+00
 1.8769401e-01 4.5014000e+00 1.6590545e-01 1.2899035e+00 2.0048925e-01
 8.5964286e-01 4.4570837e+00 1.6091267e+00 4.6662855e+00 7.1116954e-01
 8.3446246e-01 1.6615570e+00 3.9597043e-01 8.1677324e-01 1.9116124e+00
 5.3603282e+00 3.7250319e-01 6.5946335e-01 2.3764914e-01 2.9337871e-01
 1.2086535e+00 1.6753541e+00 7.7468961e-02 1.9849570e-01 3.7434646e-01
 1.5624738e-01 1.3433800e+00 1.3204845e+00 1.9304844e+00 7.5829191e+00
 6.3595884e-02 1.5257210e+01 1.1667762e+00 2.1785291e-01 4.4158587e+00
 2.0626596e-01 1.0179922e+01 6.8656063e-01 1.1262360e+00 2.6670939e-01
 4.7754292e+00 1.2647102e+00 1.3848882e+00 2.0469043e-01 1.0802905e-01
 1.1279836e-02 3.1224620e-01 1.0296633e+00 4.4308725e-01 4.5712037e+00
 1.0629101e+00 1.1394014e+00 1.9411893e-01 1.1237557e+00 1.1417009e+00
 3.3891407e-01 1.8683050e+01 7.6313128e+00 1.1930987e+00 5.5180657e-01
 3.7086334e+00 1.7672660e+00 2.7516785e+00 6.2827140e-01 2.1946354e-01
 1.0346612e+00 1.0158840e+00 1.7618076e+00 3.6927083e+00 7.4307661e+00
 9.5895886e-01 1.5715853e+00 8.4454384e+00 9.5509666e-01 1.8199450e+00
 5.9023938e+00 1.4058918e+00 5.8323689e+00 4.6126852e+00 1.3079059e-01
 1.6589688e-01 1.7883471e-01 5.9323227e-01 4.3002052e+00 7.2062807e+00
 5.0624156e-01 1.5776055e+00 2.7015586e+00 2.7239304e+00 7.0741057e+00
 7.9493785e-01 5.3195176e+00 5.1446270e-02 3.2906504e+00 3.1177869e-01
 2.2743516e+00 7.6003864e-02 2.3602824e+00 1.0889399e+00 2.6261687e+00
 5.8873314e-02 3.5687275e-02 4.2315525e-01 6.7361283e-01 9.9014578e+00
 3.8010833e-01],-116.768654,-231.79294,-354.36597,1.2848954,4.4574966,0.84460795,0.58528113,193.11157,-62.648304,703.0784,228.51306,0.7300157,0.53963536,0.096066765,-222.38669,222.38669,[1.75085793e+01 1.87039886e+02 4.62500906e+00 1.01110645e+03
 1.91478104e+02 2.37636833e+01 2.28329849e+00 1.63935410e+02
 1.37689804e+02 6.22763062e+01 2.96606079e+02 6.73607788e+01
 5.36055984e+01 1.70060028e+02 7.52416992e+00 1.36971927e+00
 1.19857002e+02 4.13314697e+02 5.24730453e+01 1.04851120e+02
 7.78782837e+02 3.48879883e+02 2.07970627e+02 3.42620300e+02
 2.60374451e+01 7.74995708e+00 1.06477051e+02 1.61468384e+02
 6.17295609e+01 3.10396790e+02 1.42345300e+03 2.22156119e+00
 1.06577744e+02 2.38575592e+01 6.63381424e+01 2.61670898e+02
 8.05867672e+00 2.74858856e+02 1.25740242e+02 4.77928516e+03
 5.60043457e+02 6.69611168e+00 1.98069946e+02 5.57660408e+01
 2.29268990e+01 1.78656597e+01 4.20017944e+02 1.11305664e+03
 6.94845810e+01 1.20758102e+02 2.31468163e+01 5.55040073e+00
 5.07062492e+01 2.72455963e+02 2.86922516e+02 2.11934900e+00
 1.45928774e+01 1.42378052e+02 2.66783173e+02 1.13766273e+02
 3.90677643e+02 1.12611035e+03 3.59413223e+01 1.62061691e+02
 6.22304153e+00 2.22678741e+02 6.58114090e+01 1.16729641e+01
 1.79012695e+02 4.07372322e+01 2.65154877e+02 3.98049774e+01
 5.97386536e+02 1.48658524e+02 1.07267517e+02 1.72814240e+02
 8.13097572e+00 6.33133301e+02 2.56419482e+03 2.21770153e+01
 5.31236389e+02 2.95881081e+01 3.62436180e+01 5.95090210e+02
 1.03709656e+02 2.20193958e+01 7.29046478e+01 1.79735446e+00
 3.43631668e+01 4.84493790e+01 6.60255432e+01 4.16353464e+00
 9.88705826e+01 2.74424072e+02 1.70458893e+02 6.75751972e+00
 1.49382233e+02 8.48049622e+01 6.34711504e+00 2.75827393e+02
 3.00301025e+02 4.46631561e+02 1.73166275e+02 2.45682770e+02
 2.66296631e+03 1.83299484e+02 1.64768646e+02 3.06364319e+02
 4.67671471e+01 8.63245296e+00 1.14896469e+01 8.93853760e+01
 2.56876717e+01 9.26645966e+01 5.71837196e+01 5.90137451e+02
 5.08127289e+02 4.39515503e+02 6.54600096e+00 2.00006332e+02
 6.99683533e+01 1.15780273e+02 7.93890869e+02 1.76425037e+01
 6.50383091e+00 1.11963226e+02 1.42595263e+01 1.45216150e+01
 4.14522034e+02 8.43099121e+03 2.63684235e+01 1.08846466e+02
 5.50130371e+02 8.27223389e+02 4.48485518e+00 2.91469193e+00
 1.72038574e+02 2.35814896e+02 1.18084152e+02 8.43972290e+02
 3.21656891e+02 6.49940586e+00 7.18688126e+01 6.91774063e+01
 1.98676331e+02 2.08345947e+01 2.78576541e+00 2.12354698e+01
 6.25109749e+01 2.32989960e+01 2.79924805e+02 6.84084654e-01
 1.24387531e+01 7.13587379e+00 1.39445114e+02 7.40399704e+01
 7.40791845e+00 2.43522949e+01 1.44996384e+02 3.90603125e+03
 2.22982727e+02 4.40684166e+01 7.56899597e+02 2.13981384e+02
 7.77288025e+02 5.17543936e+00 1.34145279e+02 1.62839600e+02
 2.28733780e+02 2.00175949e+02 8.05347900e+01 6.13254929e+01
 2.92376978e+03 1.42088194e+01 3.34433413e+00 6.73759521e+02
 3.91268280e+02 8.46358395e+00 3.61532959e+02 1.01086823e+02
 1.01866333e+02 3.44250107e+01 7.22136536e+02 3.22791176e+01
 4.18794556e+02 8.60785446e+01 7.19612885e+01 5.35152855e+01
 1.37475952e+03 7.55896729e+02 3.06534553e+00 4.03504761e+02
 3.19930359e+02 2.48069115e+01 3.35456726e+02 2.95008445e+00
 1.12457410e+03 2.56608154e+02 2.17733307e+01 1.06828110e+02
 5.89070984e+02 3.26891022e+01 7.53352661e+02 3.55963562e+02
 2.26065796e+03 2.34326721e+02 1.12848381e+02 8.33547134e+01
 2.20832840e+02 1.05217041e+03 4.21047272e+02 2.56795868e+02
 5.08653870e+02 2.75537262e+01 1.08951981e+02 9.81741180e+01
 1.42562524e+03 7.52766323e+00 2.65285339e+02 9.10779419e+01
 3.99612640e+02 8.08929214e+01 4.59160957e+01 7.02227112e+02
 9.65311829e+02 3.27952921e-01 6.24005371e+02 2.10692883e+01
 5.30966187e+01 5.16476135e+01 5.88566528e+02 5.77280331e+00
 3.45743370e+00 1.30787201e+02 1.34144402e+00 6.34066429e+01
 3.29535980e+01 4.85493958e+02 3.26024413e+00 1.59389999e+02
 9.48580444e+02 1.14065994e+02 8.52218246e+00 5.12612991e+01
 5.39920425e+01 2.30734756e+02 1.51743530e+02 2.56087250e+02
 2.63689251e+01 9.93802452e+00 1.59295135e+02 3.69322540e+02
 2.68889587e+02 5.73075247e+00 1.07000275e+02 4.92579742e+02],494.09344,[1.38065796e+01 1.79282730e+02 1.97224379e-01 1.56373779e+03
 1.49437073e+02 3.95802841e+01 1.72604187e+02 5.74425125e+01
 1.63935974e+02 9.76161861e+00 1.55821884e+02 1.59283085e+01
 1.85589733e+01 2.32225906e+02 7.52537155e+00 2.75383453e+01
 8.43636169e+01 4.01662476e+02 1.27895607e+02 6.51024551e+01
 6.09470764e+02 5.27225220e+02 2.74889679e+01 3.56313599e+02
 7.55917120e+00 3.10485172e+00 1.34948212e+02 7.71869263e+02
 1.05256744e+02 2.50103821e+02 1.21573816e+03 2.69658264e+02
 1.16965866e+02 2.93078651e+01 6.71720734e+01 3.03532715e+02
 7.41617966e+00 3.06474915e+02 1.27468170e+02 7.14918213e+03
 1.90080640e+03 6.57430744e+00 3.25146599e+01 6.45344257e+00
 7.85651398e+01 1.76928806e+01 2.81491089e+02 7.35127625e+02
 6.80718079e+01 1.12251663e+02 2.47301006e+01 5.75257826e+00
 2.83249626e+01 2.69272797e+02 1.00203369e+02 2.56236458e+00
 4.02724171e+00 1.41100159e+02 1.77465622e+02 7.22543793e+01
 7.05204346e+02 1.36801318e+03 1.47251606e+01 2.02928223e+02
 5.59488630e+00 3.15331879e+01 3.57082825e+01 2.48563290e+01
 2.52559250e+02 3.46335030e+01 1.19939430e+02 1.62254009e+01
 3.28402954e+02 2.64966858e+02 2.77208481e+01 4.55739059e+01
 4.08085525e-01 6.24381775e+02 4.10599219e+03 1.16796906e+02
 5.17011963e+02 7.77474518e+01 9.25890732e+01 7.21130737e+02
 1.04386925e+02 9.68284035e+00 6.09505157e+01 2.73809090e+01
 2.84832811e+00 2.55925941e+01 1.66258907e+01 5.44958973e+00
 4.50714111e+01 2.69864380e+02 1.72247177e+02 1.51735363e+01
 1.35759293e+02 8.12064896e+01 1.69812717e+01 4.15633850e+02
 2.35581589e+02 6.29932434e+02 1.57227264e+02 2.76966522e+02
 3.25524780e+03 1.53007523e+02 3.51086487e+02 2.36787811e+02
 2.35111618e+01 1.97251816e+01 1.16772041e+01 1.06923416e+02
 3.43736725e+01 3.67357016e+00 7.70623322e+01 5.78459595e+02
 5.90259583e+02 4.83120453e+02 9.56324387e+00 5.98635071e+02
 6.85315018e+01 1.35473434e+02 6.08935303e+02 1.13021555e+01
 1.71439719e+00 1.20271370e+02 8.07086945e+01 1.96601124e+01
 3.99986633e+02 1.12337266e+04 1.20367928e+01 4.34152565e+01
 6.18653030e+01 7.29106323e+02 2.04705715e+00 2.81394672e+00
 1.15931606e+00 8.00060959e+01 3.91147709e+00 9.68907654e+02
 2.18505829e+02 1.14901094e+01 8.71880569e+01 6.69549637e+01
 1.61713440e+02 2.98266363e+00 3.69872475e+00 2.09514484e+01
 3.68859406e+01 3.26847191e+01 2.80265991e+02 2.54690289e-01
 7.86783600e+01 5.21148491e+00 6.24952774e+01 2.52137637e+00
 1.05227575e+01 5.51199102e+00 1.17516327e+02 4.18028760e+03
 2.23829254e+02 7.39537430e+01 7.57663940e+02 1.98307739e+02
 1.22315137e+03 4.66311932e+00 1.15882599e+02 1.62113098e+02
 2.39799011e+02 1.02110695e+02 1.00150284e+02 1.68524368e+02
 1.30865149e+03 7.20634460e+00 2.46233463e-01 5.99460938e+02
 3.63583282e+02 2.96271801e+01 1.35650665e+02 1.19854279e+02
 9.55959396e+01 1.92952881e+01 3.63878052e+02 5.14642029e+01
 1.55314575e+02 5.36067276e+01 1.26191933e+02 3.04265642e+00
 1.29555273e+03 7.90300781e+02 2.02535701e+00 6.35665344e+02
 3.33422302e+02 1.97707729e+01 2.38641693e+02 8.36720657e+00
 3.68411774e+02 1.16636040e+02 2.00495872e+01 9.00038147e+01
 5.81091431e+02 1.59942413e+02 8.56360107e+02 3.45069763e+02
 1.89130554e+03 1.61961861e+01 5.73394699e+01 1.14840942e+02
 1.69713242e+02 3.47348480e+02 1.03934583e+03 2.99961426e+02
 5.86568542e+02 1.16696449e+02 7.08048058e+00 9.45513992e+01
 1.56280579e+03 1.53744984e+00 2.67856049e+02 5.73777771e+01
 2.44368073e+02 9.62684250e+01 4.24421997e+01 6.47700562e+02
 2.36695984e+02 1.88278988e-01 3.54808716e+02 7.89156723e+01
 3.83293610e+01 2.35208874e+01 3.93574463e+02 3.77985077e+01
 3.39645910e+00 1.12380173e+02 1.93468130e+00 7.05797043e+01
 1.04739868e+02 8.81920715e+02 1.32036221e+00 9.74604263e+01
 9.11123657e+02 1.20254753e+02 1.91952038e+01 5.11543732e+01
 1.00532122e+01 2.34078156e+02 4.09315720e+01 2.47690170e+02
 1.82584152e+02 1.64807928e+00 1.43739075e+02 1.14251503e+02
 2.17792786e+02 5.81751919e+00 8.18758392e+01 6.36444031e+02],-130.07515,-259.19147,-342.78674,2.8760643,24.165985,1.0088756,0.7268957,0.013154597101211548,1421.202898979187,-0.031008501184917086,-0.0669397913421415,-0.026426869293773907,0.07149111632978032,31.575346983708158,25.099999999996967,0.0,100000.0,-2.0,-1000.0,500.0,6.586894750595093,100000
177.98569,0.07661704,0.6785335,0.008436506,-171.12373,171.12373,[3.79978657e-01 7.24354088e-02 3.63293686e-03 1.65272713e-01
 3.89960200e-01 2.26274300e+00 1.92109907e+00 2.00439715e+00
 1.46829700e+00 1.89638877e+00 6.41223907e-01 3.00708234e-01
 4.55339432e-01 1.04297233e+00 5.53129911e-01 5.93544674e+00
 1.24269950e+00 3.21370196e+00 1.87159747e-01 1.25967026e-01
 5.35577583e+00 2.61621284e+00 4.83242303e-01 2.13438377e+01
 2.19532758e-01 1.11878510e+01 7.26032782e+00 1.79321728e+01
 7.43586302e-01 1.84722149e+00 1.79475737e+00 2.44353652e+00
 1.11094093e+01 4.17786789e+00 7.43981361e+00 1.34156075e+01
 1.90733314e+00 3.99863863e+00 1.27485561e+00 7.84187257e-01
 4.81726265e+00 9.20530605e+00 2.61254692e+00 2.14802146e+00
 2.34185028e+00 5.59147739e+00 1.04329991e+00 6.16953745e-02
 3.54240322e+00 2.19445682e+00 9.28980172e-01 3.71002793e-01
 2.02227163e+00 8.41507530e+00 1.83540270e-01 4.80766487e+00
 5.19367599e+00 5.31927490e+00 5.02417278e+00 5.04379749e-01
 2.33550996e-01 1.25743790e+02 9.09882784e-01 1.21357009e-01
 4.61564875e+00 5.59043527e-01 5.79836965e-03 5.04160786e+00
 1.17531540e-02 3.21326971e-01 4.63871598e-01 1.62704825e+00
 4.42150906e-02 2.15833616e+00 2.57560492e+00 2.50499034e+00
 3.16415262e+00 1.00433254e+00 5.45394495e-02 1.14225454e+01
 2.96762064e-02 2.31781721e+00 3.03936625e+00 4.48035812e+00
 5.31383336e-01 1.93384051e+00 6.59851313e+00 1.37707472e-01
 3.88895912e+01 4.07915211e+00 7.01522920e-03 3.11637789e-01
 6.41791299e-02 1.22312498e+00 5.28953886e+00 7.03145787e-02
 3.15249085e-01 5.86432777e-02 8.90185714e-01 1.96345460e+00
 4.63865966e-01 4.02032471e+00 9.95042086e-01 1.25362948e-01
 1.09403372e+01 1.61020899e+00 6.20573378e+00 8.67808104e-01
 1.65600613e-01 1.58379257e-01 3.70455122e+00 9.59629917e+00
 5.51232624e+00 7.37108994e+00 7.41290998e+00 4.18159738e-03
 2.61537528e+00 1.52768815e+00 1.11247778e+01 1.85139132e+00
 5.48003292e+00 9.54680443e-02 2.44092774e+00 4.93053813e-03
 9.24223363e-02 2.49372697e+00 3.21064997e+00 1.66907167e+00
 1.03443158e+00 3.98757839e+00 1.17818632e+01 4.96082194e-02
 1.06886052e-01 4.08750486e+00 3.41669703e+00 2.09620893e-01
 1.02750950e+01 5.11352730e+00 7.20769882e-01 2.29033709e+00
 7.81483459e+00 2.58564639e+00 2.28744820e-02 5.91576099e-01
 9.73643541e-01 6.30084693e-01 4.30659428e-02 2.55581085e-03
 1.44870148e+01 4.78195310e-01 1.20429289e+00 1.78397441e+00
 7.70129263e-01 1.32373695e+01 4.79469597e-02 4.57410669e+00
 8.12638187e+00 2.22645903e+00 6.49219084e+00 6.78157210e-02
 5.01330233e+00 2.11647654e+00 6.68128681e+00 1.53866882e+01
 2.26149845e+00 3.07692003e+00 1.50966454e+01 1.03756808e-01
 2.13235903e+00 1.16217602e-02 1.24166682e-01 1.13971710e+00
 2.03839397e+00 8.90737295e-01 1.99840009e+00 2.20213011e-01
 1.73108447e+00 8.15114784e+00 4.09144759e-01 1.12741852e+00
 3.77837205e+00 1.45239520e+00 1.16745055e-01 2.48862505e+00
 8.61587942e-01 1.72669983e+00 8.88218212e+00 1.56377935e+00
 2.43000761e-02 5.09973705e-01 6.61925137e-01 7.11371303e-01
 3.58483620e+01 4.63901520e-01 9.28973019e-01 1.50567651e+00
 9.66370392e+00 3.09810281e+00 2.93571758e+00 3.55938077e-02
 8.80449867e+00 3.51063490e+00 1.10913992e-01 9.98229720e-03
 2.32481813e+00 1.77027166e+00 9.18588638e-01 1.77315044e+00
 5.63137885e-03 4.51295584e-01 2.19132423e+00 1.55084419e+00
 1.50416672e+00 5.60537159e-01 2.42146635e+00 2.00817394e+00
 2.00718969e-01 1.47020817e+00 1.11114001e+00 3.34790492e+00
 1.16257060e+00 7.58853865e+00 3.44993305e+00 1.91213870e+00
 5.75315247e+01 5.69904470e+00 2.39158273e+00 2.58463323e-01
 1.53915238e+00 1.85132694e+00 5.31375110e-01 4.22378778e+00
 7.48528004e-01 6.23347664e+00 8.39680004e+00 2.52383977e-01
 7.39369822e+00 1.55615175e+00 1.49638605e+00 2.04451546e-01
 1.21476090e+00 7.83090293e-01 2.86847329e+00 6.73587656e+00
 8.55513155e-01 4.53938842e-02 2.24411294e-01 8.77158582e-01
 2.40740180e+00 2.19618499e-01 1.03650284e+00 4.16293919e-01
 3.48175198e-01 1.41335154e+01 9.51069519e-02 2.10365915e+00],4.712868,[5.35517120e+00 1.91712961e-01 4.76767683e+00 4.94114101e-01
 2.08982964e+01 3.58261347e+00 5.06671309e-01 4.09354031e-01
 5.42990875e+00 1.71538782e+00 4.89302349e+00 1.98109245e+00
 6.46836090e+00 1.52093410e+00 5.26825809e+00 4.49544430e-01
 1.57999587e+00 2.06602669e+00 5.91258347e-01 4.37613773e+00
 2.42764926e+00 5.57887912e-01 2.45600075e-01 7.07360840e+00
 1.96279514e+00 9.49663258e+00 1.83192059e-01 3.49394150e+01
 1.00674284e+00 3.09696412e+00 5.04072762e+00 1.99027748e+01
 1.57915390e+00 1.17559566e+01 4.37799215e+00 1.04525328e+01
 1.81312048e+00 1.23561037e+00 2.87662315e+00 5.50646722e-01
 8.23638439e-01 3.17673802e+00 1.17834449e+00 1.23085678e+00
 5.31846106e-01 2.76864362e+00 1.31093562e-01 3.31917219e-02
 1.61073089e+00 1.61266804e+00 2.86621428e+00 7.66899623e-03
 2.96955752e+00 4.77360964e+00 3.17865157e+00 2.08819733e+01
 2.13722698e-02 2.23228765e+00 4.10887194e+00 2.63362265e+00
 1.41384721e-01 6.19594908e+00 2.45119047e+00 2.03076363e-01
 8.47390473e-01 1.59873068e-01 4.90756184e-02 2.05514145e+00
 1.41743273e-01 5.93185067e-01 7.67434418e-01 2.65317619e-01
 1.05128981e-01 2.21701145e+00 1.31045735e+00 4.87864882e-01
 3.20599103e+00 2.27822256e+00 1.06505163e-01 7.39706230e+00
 1.26011744e-01 6.25856638e-01 2.89021403e-01 1.97601855e+00
 3.48020136e-01 4.34188634e-01 2.14216900e+00 2.59898877e+00
 4.38142967e+00 1.95709002e+00 7.34742060e-02 7.16313267e+00
 1.04341783e-01 1.12160559e+01 9.51983833e+00 2.99467587e+00
 9.27477121e-01 9.66584396e+00 1.28923166e+00 1.51920676e+00
 5.97655296e-01 1.31513085e-02 1.44048226e+00 2.01226696e-01
 3.45174551e+00 1.46702218e+00 5.33878803e-04 7.29688525e-01
 1.20980948e-01 6.75190866e-01 8.38892579e-01 1.51371279e+01
 9.05702972e+00 3.18599153e+00 1.77000117e+00 5.92282340e-02
 2.35465765e+00 2.11551285e+01 4.00055766e-01 4.43467259e-01
 3.38719428e-01 5.75534701e-02 6.93602741e-01 1.64122999e-01
 4.01080519e-01 5.48688221e+00 1.50499964e+00 2.75153565e+00
 4.81550097e-01 1.38343513e-01 1.48483992e-01 3.87646668e-02
 9.91901457e-02 1.64461240e-01 1.69169407e+01 1.56991506e+00
 7.03259945e-01 5.56562996e+00 1.50841117e+00 3.11401868e+00
 5.26534557e-01 1.29187307e+01 8.57556015e-02 2.14130074e-01
 1.19535661e+00 2.25358701e+00 8.97658244e-02 2.47074813e-02
 1.53385222e-01 2.11896515e+00 2.04648867e-01 6.10093296e-01
 4.23098755e+00 2.49148719e-02 7.28752995e+00 1.81478763e+00
 1.61788833e+00 5.78870535e-01 3.91741729e+00 2.56714344e-01
 7.25876570e-01 9.33108091e-01 3.78496599e+00 1.38527069e+01
 5.10187197e+00 1.44745636e+01 1.54721661e+01 4.16809368e+00
 5.98328781e+00 1.67709775e-03 5.31491756e+00 5.78906417e-01
 2.21967411e+00 1.01275826e+00 1.20289695e+00 8.88344955e+00
 4.55860734e-01 1.89542437e+00 4.22485560e-01 2.21988127e-01
 1.02111018e+00 4.11204994e-01 1.30967006e-01 3.47995067e+00
 9.69576776e-01 8.18875885e+00 1.79319024e+00 1.23473370e+00
 3.26120186e+00 3.23343039e+00 5.02442598e+00 8.25090313e+00
 1.94072380e+01 1.08301079e+00 3.06599541e+01 4.49471378e+00
 1.17837273e-01 5.84552670e+00 1.05700898e+00 7.56733954e-01
 1.02126265e+01 3.22837448e+00 3.03065729e+00 8.52129757e-02
 1.74692142e+00 1.73393083e+00 5.16569233e+00 7.75500000e-01
 3.38165379e+00 1.87626266e+00 1.11009145e+00 2.33443952e+00
 2.43616939e+00 2.73735940e-01 2.53383547e-01 9.71875668e-01
 2.27602291e+00 3.08221769e+00 2.72340965e+00 4.34336281e+00
 4.17678165e+00 1.23683033e+01 4.88924742e-01 7.26170182e-01
 3.29054947e+01 6.55008841e+00 1.39706666e-02 8.47106054e-02
 1.97422020e-02 2.78360033e+00 3.34208459e-01 6.64968193e-01
 6.12886906e+00 7.52839684e-01 1.23209679e+00 2.38258779e-01
 1.69370627e+00 3.45396489e-01 4.34670657e-01 8.87148261e-01
 1.55634737e+00 1.89663507e-02 2.98224926e+00 4.71575117e+00
 4.81691003e-01 2.03021482e-01 5.82158923e-01 7.05035114e+00
 1.15584230e+00 2.80930609e-01 1.49179769e+00 9.70254898e+00
 2.11157933e-01 8.16433620e+00 1.55582786e-01 3.53782177e+00],-101.81362,-227.92203,-383.12622,1.6169236,7.4574957,0.9351882,0.62652194,172.4584,-284.67853,1009.34595,246.78893,0.89473575,0.60921854,0.107061766,-239.802,239.802,[4.59285461e+02 7.77286453e+01 4.94730606e+01 9.06409607e+01
 5.78818436e+01 6.32972794e+01 2.92277313e+02 5.20919919e-01
 9.12345276e+01 5.23007812e+02 8.42104645e+01 2.53576202e+01
 9.70332275e+02 1.88046051e+02 2.07934540e+02 2.01974411e+01
 6.12772369e+01 2.54827728e+01 8.68044090e+00 6.35256157e+01
 1.44224152e+02 2.55740555e+02 3.79234589e+02 3.92263341e+00
 1.86712427e+03 9.54320068e+01 6.57009888e+01 1.09160614e+02
 7.43498611e+01 3.39299652e+02 6.81561890e+01 5.68616486e+01
 1.23723879e+01 2.02445953e+02 3.31446289e+02 1.27371887e+02
 6.92188477e+02 2.57677288e+01 1.58418789e+01 9.84720001e+01
 2.70468896e+03 7.86047119e+02 3.97847412e+02 3.52525997e+00
 4.10360031e+01 6.77522278e+01 1.18411183e+00 5.89625168e+00
 1.06003189e+00 1.65576782e+01 1.61404762e+01 3.41215454e+02
 7.09636841e+01 8.17903671e+01 1.06715584e+01 3.64505100e+00
 1.01753016e+01 2.12893524e+01 7.64251556e+01 8.32106094e+01
 3.37235298e+01 5.30906715e+01 6.75217056e+01 6.84316254e+01
 1.24999870e+02 7.70968018e+01 6.22628555e+01 1.14148842e+02
 4.72938385e+02 1.57981232e+02 3.90041018e+00 5.90321106e+02
 1.94457977e+02 3.59498688e+02 8.67821198e+01 1.74359665e+02
 3.25787544e+01 1.40303680e+02 3.95023766e+01 5.69817772e+01
 1.24735260e+02 6.44276505e+01 4.22498226e+00 1.75883598e+01
 3.25966454e+01 4.50105591e+02 1.44566612e+01 2.40392637e+00
 9.20581665e+01 1.44006409e+02 8.24130005e+02 1.43822355e+01
 2.11101730e+02 5.30151520e+01 1.13067337e+02 9.92264252e+01
 1.47051041e+02 5.45935011e+00 2.73719921e+01 1.75031471e+01
 2.66528839e+02 1.53475739e+02 4.61483383e+01 1.31106702e+03
 4.67786522e+01 2.22246742e+01 9.00310120e+02 6.80389771e+02
 3.55428040e+02 2.68729992e+01 4.70263367e+02 1.15336708e+02
 1.64591843e+02 2.25398808e+01 6.80915909e+01 7.73046112e+01
 4.09467133e+02 2.40138260e+02 3.52796387e+02 3.53056984e+01
 3.69907684e+01 7.46793079e+00 2.11750122e+02 1.14171302e+00
 9.13561401e+02 2.41936226e+01 2.20288239e+02 1.76558990e+02
 8.86453342e+00 9.25286713e+01 1.82235504e+02 2.60431824e+01
 7.12781830e+01 3.25136375e+01 5.97386047e+02 8.85852966e+01
 7.52402039e+01 6.70532349e+02 1.67053406e+02 2.01136932e+02
 4.04955627e+02 9.27021217e+00 2.73208761e+00 2.25502945e+02
 1.00115875e+03 1.02795752e+03 3.15912628e+02 2.09345474e+01
 5.51360107e+02 1.34608002e+02 1.25559521e+03 2.81679726e+00
 2.76684021e+02 8.04139481e+01 3.63464050e+02 2.20388145e+01
 1.43960403e+02 1.21179581e+02 3.61783600e+01 1.09750412e+02
 8.77376709e+02 4.40416138e+02 2.11435181e+02 2.58455830e+01
 1.59813538e+02 1.27756287e+02 1.58195648e+02 4.06715279e+01
 3.18052368e+02 1.07739090e+02 1.10316681e+02 2.21006378e+02
 2.78242371e+02 2.54973431e+01 1.12673904e+02 7.67604126e+02
 4.16229279e+02 7.57713795e+00 2.46021795e+00 3.09239273e+01
 1.91170898e+02 1.16496029e+01 3.87120819e+01 6.95785809e+00
 4.13197708e+01 5.23224792e+01 2.03602429e+03 1.07544079e+01
 6.12374512e+02 4.91758080e+01 8.65423393e+00 1.31976700e+01
 4.36699646e+02 2.14731613e+02 3.75068970e+01 3.21094421e+02
 4.40397461e+02 6.39639221e+02 2.35030347e+03 2.49134585e-01
 1.02208529e+01 1.07556786e+02 5.91425095e+01 5.24658318e+01
 5.90195198e+01 1.09617493e+03 3.46135406e+01 1.44347366e+02
 2.30141830e+02 9.62046448e+02 1.30651172e+03 2.65026917e+02
 3.34078827e+01 1.03247795e+01 8.46382935e+02 4.61763489e+02
 9.71532464e-01 1.13291121e+01 6.26048950e+02 3.31535339e+01
 8.75531738e+02 3.00192169e+02 4.82631226e+02 1.96479004e+04
 5.86196899e+01 5.66380234e+01 5.88907227e+02 6.43856934e+02
 2.20517136e+02 1.14688945e+00 2.04084518e+02 4.90961029e+02
 1.04616257e+02 4.54844437e+01 2.87249664e+02 1.01439590e+02
 6.21674744e+02 2.99293919e+01 5.53316574e+01 4.37727356e+02
 4.90258753e-01 4.06610046e+02 5.13731323e+02 4.34319878e+01
 2.74468872e+02 7.35374268e+02 2.41469742e+02 5.50350159e+02
 8.54062424e+01 7.98921051e+01 5.21309967e+01 2.65872746e+01
 2.59548416e+01 7.66346252e+02 5.82725769e+02 1.12348984e+02],435.99023,[4.78057785e+01 9.24832993e+01 4.05458069e+01 5.95842056e+01
 3.77777267e+00 1.32411013e+01 2.11992645e+02 2.41104126e+01
 1.11033295e+02 5.06992493e+02 8.16177292e+01 2.41561394e+01
 9.61532410e+02 1.89923004e+02 2.00545486e+02 2.31198330e+01
 3.17142982e+01 1.60545540e+01 2.38025069e-01 6.01816635e+01
 1.38688187e+02 1.22775936e+01 1.72345856e+02 3.64991379e+00
 1.85313867e+03 7.74554138e+01 3.23339119e+01 1.01773209e+02
 2.77003632e+01 1.36435575e+01 1.35512909e+02 3.26383896e+01
 8.60434151e+00 1.85414093e+02 6.03468262e+02 1.00052208e+02
 6.88593323e+02 2.87800655e+01 6.40602646e+01 2.53418465e+01
 2.74374902e+03 6.26511597e+02 5.52795486e+01 6.58224463e-01
 6.75541611e+01 7.40346909e+01 6.93858337e+00 6.45153141e+00
 1.27648711e+00 1.30897617e+01 1.44201069e+01 1.26664368e+02
 2.97864914e+01 1.61577344e+00 2.28476105e+01 2.22286844e+00
 1.66906471e+01 1.45422421e+01 9.65988617e+01 6.11418438e+00
 1.01045637e+01 1.65999954e+02 6.23732376e+01 5.16308975e+01
 1.09876930e+02 5.45887642e+01 2.04042435e+02 7.81793823e+01
 3.43981018e+02 1.72955551e+02 2.06234264e+00 7.42493652e+02
 2.61494507e+02 3.60362061e+02 7.59249954e+01 3.73217194e+02
 2.38271370e+01 3.05187958e+02 4.61944847e+01 3.34950409e+01
 3.14812870e+01 5.00769081e+01 5.97354126e+00 2.17391205e+01
 2.10750980e+01 2.88835022e+02 1.07160835e+01 4.80198562e-01
 9.42546387e+01 1.55248001e+02 7.74268188e+02 1.24488087e+01
 3.37956329e+02 2.35203705e+01 4.09503479e+01 2.19411530e+02
 7.50953522e+01 1.90941477e+00 2.59691310e+00 5.45712280e+01
 1.64659210e+02 1.68166046e+02 1.03042763e+02 1.37404895e+03
 2.34517727e+01 5.10240793e+00 1.83550797e+02 6.47407471e+02
 3.58781006e+02 2.25561543e+01 5.80265856e+00 9.72545776e+01
 3.93218628e+02 2.23479729e+01 6.13966446e+01 8.36085892e+01
 3.04584778e+02 2.38464478e+02 2.30175278e+02 2.65613365e+00
 1.85629292e+01 1.85487330e+00 2.30597855e+02 1.36681068e+00
 1.19763184e+02 9.27398682e+00 1.43563137e+01 1.75329819e+02
 2.91132755e+01 7.67263260e+01 2.97462799e+02 8.37677765e+01
 6.25444336e+01 1.02226425e+02 6.09323914e+02 9.74598618e+01
 1.17884132e+02 3.48671074e+01 1.64995514e+02 2.81770264e+02
 2.89183899e+02 1.54924393e+00 2.94737892e+01 1.13526466e+02
 6.55574768e+02 9.91483948e+02 3.02226349e+02 1.32580681e+01
 3.73725861e+02 1.28689362e+02 1.50819019e+03 1.63298690e+00
 3.27293243e+02 6.85455017e+01 4.12761154e+01 3.27199326e+01
 1.20909225e+02 1.20073578e+02 8.17211342e+00 4.01354446e+01
 8.80950928e+02 3.21196014e+02 9.09761658e+01 1.09093065e+01
 1.82628525e+02 7.77629318e+01 1.02523872e+02 6.32465134e+01
 6.62821899e+02 7.25017471e+01 2.91848083e+02 2.73820465e+02
 2.68462639e+01 2.28381176e+01 1.44472290e+02 6.51843445e+02
 2.90461792e+02 1.51848679e+01 2.17270851e+00 1.24128094e+01
 1.80910492e+01 7.49841690e+00 4.73795624e+01 1.75734901e+01
 2.97598534e+01 7.72740707e+01 2.27729785e+03 1.14446592e+00
 4.16966675e+02 9.59705353e+00 1.04395542e+01 1.18804035e+01
 2.54825867e+02 2.16270874e+02 2.69658432e+01 3.88343140e+02
 8.55591278e+01 8.27346191e+02 1.21344009e+02 1.96500039e+00
 4.95695019e+00 2.07363663e+02 5.86519337e+00 6.58851471e+01
 3.69436913e+01 1.68782507e+03 3.60810547e+02 3.78997688e+01
 1.01182104e+03 4.69833252e+02 1.42816919e+03 4.06927185e+01
 1.18191925e+02 2.66381207e+01 5.76752853e+01 5.59536804e+02
 6.57201469e-01 7.29283619e+00 1.14687538e+02 1.94938278e+01
 1.76363983e+02 2.27624855e+01 2.06806808e+02 9.41191016e+03
 1.77119492e+02 1.08719131e+02 6.19895508e+02 6.15370667e+02
 2.92168579e+02 3.12277532e+00 2.15432068e+02 4.79188293e+02
 1.17103256e+02 5.24927940e+01 1.07119209e+02 1.60786346e+02
 5.01887939e+02 1.14906712e+01 4.85267906e+01 6.98481567e+02
 1.70566216e+01 6.40045261e+00 5.35395386e+02 5.28513031e+01
 2.14783211e+01 7.95690857e+02 2.90924957e+02 3.34675262e+02
 2.89704468e+02 7.33672714e+01 3.32177467e+01 4.49419861e+01
 2.45387077e+01 5.90631653e+02 7.31721680e+02 7.44643173e+01],-113.79741,-275.20386,-360.2096,3.110569,12.999895,0.9758972,0.73938704,0.013801571683883667,1766.2422111034393,-0.11135128674932229,-0.06907587258012311,-0.11536373975918536,-0.07917424860351223,10.286247957851154,25.099999999996967,0.0,125000.0,-2.0,-1000.0,500.0,6.599030256271362,125000
157.30937,0.1274428,0.6109778,0.00868301,-151.07214,151.07214,[1.72349548e+00 4.23136425e+00 1.55309696e+01 1.36745393e+00
 6.76981390e-01 3.11737992e-02 1.15475407e+01 5.56125045e-01
 5.65877199e+00 7.13216841e-01 4.37627172e+00 3.26980978e-01
 6.13283832e-03 6.15663175e-03 7.10283220e-01 1.09652424e+00
 7.09798396e-01 1.70842922e+00 4.26642418e+00 1.83083665e+00
 5.69215393e+00 5.19395769e-01 2.32943788e-01 3.76589465e+00
 4.56326199e+00 8.93453479e-01 2.00920820e-01 5.49138129e-01
 5.75023746e+00 2.11905813e+00 2.16901565e+00 6.89266586e+00
 2.80950928e+00 6.14230061e+00 3.23489404e+00 5.23581314e+00
 1.80788536e+01 1.75943184e+00 2.13262469e-01 1.55656767e+00
 4.34772778e+00 7.38693047e+00 3.08125496e+00 2.98410594e-01
 2.23721361e+00 3.29773378e+00 4.87790775e+00 2.41003036e+00
 8.50300133e-01 1.27652848e+00 8.73757243e-01 8.06591585e-02
 1.35340118e+00 2.05894661e+00 3.63690281e+00 5.89378178e-02
 4.00797844e-01 2.18469429e+00 2.51841211e+00 1.86663551e+01
 3.00789404e+00 4.04105037e-02 3.48500109e+00 6.72549188e-01
 2.76102567e+00 6.81774974e-01 5.09868240e+00 2.98802710e+00
 2.01885414e+00 1.43777120e+00 4.10519648e+00 5.17380357e-01
 1.61586976e+00 6.76640701e+00 1.60083100e-01 1.71156645e+00
 3.18216991e+00 9.92666543e-01 2.60186911e+00 1.96041894e+00
 9.35586393e-01 7.42052019e-01 6.25551045e-02 4.06369269e-01
 6.81585670e-01 7.62906885e+00 2.57313299e+00 7.80306578e-01
 2.67874122e-01 1.56397724e+00 3.35037075e-02 3.05405283e+00
 8.94155979e-01 1.15354848e+00 1.76049328e+01 2.66086173e+00
 2.66077499e+01 3.17857838e+00 1.01993906e+00 4.30266708e-01
 2.68752313e+00 3.29749918e+00 1.90787971e+00 2.09820807e-01
 8.10485649e+00 9.84345376e-02 1.98819444e-01 5.82278347e+00
 7.18023682e+00 1.06674118e+01 7.24187016e-01 3.36751366e+00
 5.11178207e+00 6.60347342e-01 1.54555535e+00 5.57343960e-01
 1.03822076e+00 3.20369196e+00 2.43014526e+00 6.27175283e+00
 2.64274483e+01 4.94206786e-01 2.48826694e+00 3.35037768e-01
 5.14575064e-01 3.01025122e-01 5.43464470e+00 1.45668435e+00
 1.74573734e-01 1.72385409e-01 3.18787456e+00 2.21529531e+00
 6.37377679e-01 1.89087296e+01 2.77302241e+00 2.68283892e+00
 5.49722004e+00 3.50097924e-01 4.19245768e+00 4.84224129e+00
 1.85664821e+00 1.77916622e+01 5.28855419e+00 5.02997115e-02
 1.84264705e-01 3.06565475e+00 5.73449612e-01 1.05190665e-01
 2.31270390e+01 7.33762532e-02 6.44823968e-01 1.38695276e+00
 2.32709932e+00 3.12220663e-01 1.80387890e+00 7.53097439e+00
 1.95944369e+00 4.83825088e-01 3.84120440e+00 1.80469632e+00
 2.41117641e-01 6.57998443e-01 1.88645911e+00 3.17829514e+00
 2.20590258e+00 2.22966552e+00 8.20020103e+00 1.25436282e+00
 2.52642536e+00 9.06264186e-01 1.55018464e-01 8.19838762e-01
 3.37446928e+00 1.12662277e+01 9.02705002e+00 5.73563910e+00
 3.82620573e+00 1.53941119e+00 5.24658918e+00 1.83286400e+01
 2.38203979e+00 8.62705803e+00 8.09430313e+00 1.28211851e+01
 2.89626098e+00 2.03345150e-01 1.60996747e+00 1.72014465e+01
 3.12952185e+00 4.81816864e+00 5.96529603e-01 1.36971855e+00
 2.10106659e+01 3.37011480e+00 1.26891388e-02 7.19726235e-02
 6.03792095e+00 1.76449037e+00 5.40716201e-02 7.14713478e+00
 1.55865565e-01 1.44813943e+00 1.60545397e+00 9.17418599e-01
 3.06148767e-01 4.35993242e+00 1.01722717e+01 1.51186717e+00
 3.45108598e-01 2.81562388e-01 1.50298271e+01 1.67549157e+00
 4.16903353e+00 6.15635347e+00 3.20941114e+00 2.05411077e+00
 8.42798233e+00 7.14394712e+00 3.08779764e+00 3.27904761e-01
 1.45436540e-01 1.79286480e+01 1.24690318e+00 2.17660165e+00
 9.57625866e-01 7.69922829e+00 7.88170958e+00 6.71600044e-01
 1.86896396e+00 6.41618443e+00 2.58010578e+00 1.69452691e+00
 1.08703804e+00 2.12325287e+00 6.82212496e+00 7.90711790e-02
 2.00609255e+00 1.05965182e-01 8.04675865e+00 3.49803209e+00
 3.58792996e+00 1.00743341e+00 1.83566988e-01 1.26926899e+00
 4.04581010e-01 8.95707384e-02 8.58899832e-01 2.32818514e-01
 5.36705065e+00 3.74554491e+00 5.96523046e-01 6.73146129e-01
 5.45147991e+00 7.00241184e+00 6.62651539e-01 1.47961700e+00],4.4806223,[1.5106449e+01 8.3072770e-01 5.1542449e+00 9.0056553e+00 2.4119519e-01
 3.9905719e-02 1.2054105e+00 3.3226597e-01 1.1790248e+00 4.1525835e-01
 5.2826943e+00 1.5627980e-02 1.7359120e-01 1.3780317e+00 6.0963380e-01
 4.7714353e+00 3.3892188e+00 1.0618855e+00 1.8162321e-01 2.4324188e+00
 3.2705337e-02 5.6567961e-01 2.9885898e+00 1.1450317e+00 7.5364560e-01
 1.0654621e+00 1.4771496e+00 6.9934616e+00 6.8957047e+00 1.8676293e+00
 2.0398340e-01 6.6870588e-01 1.0605412e+01 6.9919181e+00 3.1808312e+00
 1.9178471e-01 6.8306241e+00 5.1037782e-01 3.6151251e-01 1.3882855e+00
 5.7378227e-01 2.2154460e+00 2.9596715e+00 3.3019838e+00 4.3148956e-01
 6.8009055e-01 1.7544580e+01 3.7443385e+00 2.0862720e+00 6.1930847e-01
 7.7199084e-01 1.9042151e+00 1.2727514e-01 2.1553483e+00 1.0878077e+00
 2.9119451e-02 7.6980448e-01 1.4110064e+01 1.4502031e+00 6.9727564e+00
 1.2611220e+00 1.3198367e+01 1.0742013e+00 1.6497210e+00 8.5852659e-01
 1.6766336e+00 6.1188741e-03 1.3874502e+00 2.2096233e+00 1.5255996e+00
 8.4501243e-01 1.2687972e+00 4.7493973e-01 1.0462515e+00 1.4917374e-01
 1.5576948e+01 3.4453042e+00 7.1687138e-01 6.5528983e-01 1.8548384e+00
 2.8223052e+00 1.5243708e+00 7.7602699e-02 2.0312592e-01 2.0871653e-01
 1.5443556e+00 2.4469387e+01 1.1270596e+00 2.7122849e-01 1.4168777e+00
 4.3263516e-01 1.7692201e+00 9.9188347e+00 3.8306699e+00 5.1477532e+00
 3.4561687e+00 2.0833490e+01 4.3605861e-01 6.2284346e+00 3.7914996e+00
 6.1263375e+00 2.6759579e+00 5.6046498e-01 1.6997769e-01 3.3765068e+00
 1.0237566e-01 2.3747520e+00 1.2221896e+01 1.0978137e+00 2.0610454e+00
 4.2627549e+00 2.9993112e+00 7.9640186e-01 1.5285852e+00 2.8253999e+00
 8.7257614e+00 2.3287499e+00 5.5319061e+00 3.0090570e+00 6.3093648e+00
 8.7051773e+00 1.4391477e+01 1.2451229e+00 3.5932201e-01 5.3214598e-01
 1.1936356e+01 1.7970353e+00 1.1667341e+00 2.7237678e-01 1.9094798e-01
 9.8950857e-01 1.3190658e+00 1.2343550e+00 8.3308792e-01 9.0942097e-01
 1.8511739e-01 1.0263656e+00 7.6677203e-01 2.5788587e-01 2.3154964e+00
 4.8832726e+00 4.1395763e+01 7.8051643e+00 3.0597381e-02 5.3050203e+00
 1.8858355e+00 3.5531535e+00 8.9837596e-02 6.0306625e+00 4.9597979e-02
 8.6400545e-01 3.5389581e+00 1.3710651e+01 2.9542202e-01 1.8540647e+00
 1.6063325e+00 4.2381868e+00 7.1465582e-02 5.9600097e-01 1.9016117e+01
 2.4832980e-01 3.1255283e+00 5.3765333e-01 7.3101873e+00 6.3597202e-01
 9.7475719e-01 8.9463329e-01 9.6763968e-01 3.2365499e+00 6.1425269e-01
 6.9980979e-02 1.4433056e+01 5.0442922e-01 3.8117746e-01 7.9677947e-02
 1.6253296e+01 1.8093712e+00 1.7875054e+00 1.7871847e+00 2.0805805e+00
 1.5704165e+00 1.0081826e+00 3.1598145e-01 1.8101939e+00 4.5874659e-02
 4.5504322e+00 1.9401246e+00 4.1643593e-02 2.0076439e+00 5.7269603e-02
 1.5162880e+00 3.3505422e-01 3.1500626e+00 4.6701536e-01 2.3296096e+00
 2.0933235e+00 6.0844469e-01 7.1289700e-01 3.8729090e-02 1.2492615e+00
 1.5427895e-01 7.8392059e-01 1.0536870e-01 9.3997438e-03 4.0781751e+00
 2.0660743e-01 1.4697958e+00 1.1868043e+00 3.1889141e-01 1.6018617e-01
 1.9726981e+00 2.0180087e+00 5.6573138e+00 2.3270946e+00 2.8009777e+00
 1.5195255e+00 2.4858704e+00 1.4738863e+01 1.5759981e+00 2.0585923e+00
 6.8404704e-02 1.2503771e+01 1.6928762e-01 1.2409337e+01 2.1614258e+00
 2.7172747e+01 2.4842447e-01 2.2701967e+00 7.4834061e+00 8.1239778e-01
 1.2411835e+00 7.0327668e+00 2.1375857e-01 1.2880702e+00 4.0884814e+00
 3.8326576e-01 5.2849281e-01 6.8790339e-02 5.4702835e+00 1.6614252e+00
 6.6050041e-01 1.7864324e-01 1.3398340e-01 6.3246042e-01 1.5473777e+00
 4.4868723e-02 1.1759992e+00 1.9864187e-02 3.3461490e+00 1.7541094e+00
 1.2295067e-01 3.8446346e-01 9.7482042e+00 1.2511477e-01 1.5216993e-02
 2.1982401e+01],-89.91737,-210.97516,-400.0,1.686777,8.450962,0.88535184,0.6342079,178.57089,-130.34459,972.25336,220.13568,0.8691864,0.5907586,0.09097826,-213.3589,213.3589,[4.53004425e+02 3.01714600e+02 2.78859912e+03 1.10959114e+02
 3.80372955e+02 2.09254785e+03 4.48731537e+01 8.72585964e+00
 4.69036713e+01 1.10842865e+02 4.45685158e+01 4.66115036e+01
 1.33350110e+03 1.21881616e+03 1.23479309e+02 8.50655060e+01
 6.12634239e+01 1.94797623e+02 2.55277863e+01 5.95712341e+02
 2.09562653e+02 2.95995544e+02 3.91607332e+00 1.20604496e+01
 7.31962814e+01 2.43427216e+02 3.15916229e+02 2.99301208e+02
 9.45781136e+00 6.20943726e+02 2.89697533e+01 1.10182205e+02
 2.31588745e+01 7.30104675e+01 2.37832001e+02 1.60105267e+01
 4.98027267e+01 2.34404602e+02 4.28143341e+02 5.36050110e+01
 1.08370154e+03 2.69688843e+02 4.80438375e+00 3.95935303e+02
 8.11269302e+01 3.81412659e+01 9.49407425e+01 6.92665405e+01
 6.27111244e+00 9.54202118e+01 1.50708313e+01 1.65207687e+02
 7.31404953e+01 1.58694885e+02 5.66361450e+02 5.21220818e+01
 9.49524841e+01 4.53689289e+00 4.94147339e+01 7.82077759e+02
 4.81377487e+01 1.54268097e+02 1.90376236e+02 1.74693737e+01
 2.05583694e+02 5.49036293e+01 4.18717987e+02 1.08278824e+02
 5.47810936e+01 8.96062012e+02 1.89548630e+02 1.24191675e+01
 2.04569977e+02 3.64174426e-01 6.23932571e+01 1.34352249e+02
 1.52813156e+02 6.46122980e+00 6.37395477e+01 3.30898438e+02
 1.72433262e+01 7.21784439e+01 1.57518458e+00 4.94813574e+03
 3.86955109e+02 8.92222977e+00 3.42756677e+00 1.13777313e+02
 1.05450926e+01 4.20376282e+02 2.77070122e+01 1.46448410e+02
 1.90921326e+02 1.44889481e+02 1.42214493e+02 8.17462082e+01
 7.93079987e+01 2.67047485e+02 8.85351410e+01 1.35112030e+02
 9.93069611e+01 7.68099747e+01 5.70116081e+01 4.45179291e+01
 7.94680405e+01 6.06003075e+01 4.64339508e+02 1.25941357e+03
 2.01780434e+01 9.50177689e+01 1.99926071e+02 1.46399994e+02
 1.14262219e+03 5.67151947e+01 1.99843044e+01 2.00113163e+01
 3.51210327e+01 8.80692993e+02 9.11599731e+01 4.43284790e+02
 6.50882446e+02 1.89414807e+03 1.20690489e+01 1.36020111e+02
 4.40574989e+01 2.11657219e+01 1.80745449e+01 4.57731842e+02
 1.10182419e+02 1.97007263e+03 1.29108734e+01 3.35261002e+01
 3.65617798e+02 6.36945557e+02 2.29738464e+01 1.62074066e+02
 1.95095200e+02 3.03589039e+01 3.98098389e+02 2.53798218e+02
 2.74382904e+02 4.21919746e+01 5.60532951e+01 8.76900940e+01
 2.15468918e+02 8.28921967e+01 2.62024597e+02 1.99150589e+02
 8.33118973e+01 9.56190586e+00 1.98439728e+02 9.98027191e+01
 1.67709999e+01 1.85605103e+03 2.24710426e+01 5.50046349e+00
 7.05790787e+01 2.01271248e+01 2.48903870e+02 7.13702927e+01
 4.55447655e+01 2.36388893e+01 8.33081245e+00 4.39697075e+01
 8.40677917e+02 4.43013153e+01 2.49905930e+02 3.50451126e+01
 6.49686279e+02 6.73595734e+01 9.09035861e-01 7.65045452e+00
 4.12197208e+00 2.26465210e+02 8.17558289e+01 1.51243334e+01
 9.24726486e+00 1.11558264e+03 8.06597290e+01 6.02002907e+00
 2.73742366e+00 6.63371811e+01 7.89511719e+01 3.23590332e+02
 4.24792175e+01 1.31654129e+02 4.28362274e+01 5.85246429e+01
 1.55629311e+01 3.90456390e+01 1.63885818e+02 2.62094818e+02
 6.59125137e+01 6.20117310e+02 3.69873810e+01 2.74196644e+01
 3.49991699e+02 1.60362148e+01 2.99806290e+01 1.52680103e+03
 1.23738480e+02 6.89044952e+01 3.97680016e+01 1.24421265e+02
 2.35197754e+01 2.39657879e+01 9.98592529e+01 2.02437820e+01
 6.48386353e+02 3.25357094e+01 2.45639000e+01 2.46823486e+02
 8.66031075e+00 4.80937836e+02 1.10213974e+02 5.06555176e+01
 5.90478333e+02 2.15317307e+02 1.97157562e+02 4.63087034e+00
 1.17917737e+03 3.83417940e+00 8.33408875e+02 8.15454769e+00
 9.93802738e+00 1.71283325e+02 5.05085220e+01 2.31742844e+02
 2.24985085e+01 4.21527100e+01 1.93417938e+02 1.51290913e+01
 2.96881599e+01 1.00763062e+02 1.28146698e+02 8.83030701e+01
 8.25692215e+01 3.75311768e+02 9.39015770e+00 1.18695430e+04
 7.31550753e-01 1.00387619e+02 1.99101562e+02 2.57617401e+02
 1.81519151e+00 4.55049713e+02 7.42440271e+00 1.61805267e+02
 2.91567688e+02 1.98470860e+01 1.07300549e+01 5.93421387e+02
 6.27308369e+00 3.81995659e+01 2.77921505e+01 1.10532874e+03],514.9031,[4.53242432e+02 3.17395355e+02 3.87743359e+03 4.20257812e+02
 8.02937866e+02 6.49396667e+02 4.74924965e+01 9.93339539e+00
 1.61080589e+01 3.84916916e+01 6.05696716e+01 2.85428190e+00
 1.18207922e+03 1.22474304e+03 1.15500809e+02 6.96066132e+01
 5.60334625e+01 7.27070999e+01 3.04259815e+01 3.78229370e+02
 1.24609337e+02 3.04391510e+02 3.58805704e+00 5.07075882e+00
 8.54735260e+01 2.65545288e+02 3.33456238e+02 5.43467773e+02
 1.45622215e+01 5.90520386e+02 7.12599716e+01 1.71154007e+02
 2.13528824e+01 3.37004166e+01 1.40378525e+02 2.48351173e+01
 1.91359921e+01 7.96698608e+02 3.30034790e+02 5.34591255e+01
 1.04793970e+03 2.69740448e+02 1.31262798e+01 3.50866272e+02
 3.69712925e+00 6.22307281e+01 9.10348663e+01 4.64683990e+01
 2.71908903e+00 1.00856911e+02 2.06677437e+01 3.31953522e+02
 5.22107811e+01 1.59321762e+02 4.58651520e+02 2.21494865e+01
 1.81495743e+02 1.09325504e+01 3.90409565e+00 1.89176620e+02
 7.95823364e+01 1.94503601e+02 9.98846893e+01 3.98652306e+01
 2.45018906e+02 6.02513275e+01 4.18463867e+02 6.21834106e+01
 5.27719650e+01 1.48088394e+02 3.92701225e+01 2.74924564e+01
 1.90964569e+02 5.88302135e-01 2.15875763e+02 4.91758392e+02
 1.91986771e+02 2.11640594e+02 1.77691177e+02 1.23131067e+03
 1.49280596e+01 2.01074249e+02 2.17727470e+01 8.05891943e+03
 1.50723047e+03 1.38619690e+01 9.26829147e+00 2.51219482e+01
 7.36531525e+01 5.24055115e+02 8.52937469e+01 6.67636871e+01
 2.09664955e+01 1.50363831e+02 9.12333221e+01 6.24692917e+01
 1.69856949e+02 2.63054871e+02 1.72717041e+03 3.70733887e+02
 1.83481232e+02 1.34627552e+01 4.67810326e+01 2.76715641e+01
 7.52184296e+01 7.48137817e+01 1.57330231e+02 1.18795557e+03
 7.66796417e+01 6.22157822e+01 2.53848389e+02 3.36247986e+02
 1.66033142e+03 4.25765686e+01 4.39635620e+01 7.54402590e+00
 3.67261124e+01 1.88965678e+00 6.69517441e+01 2.02351395e+02
 2.49422607e+02 1.61074731e+03 8.39061069e+00 2.74310791e+02
 6.87349854e+01 6.77865067e+01 2.52006321e+01 3.85238342e+02
 1.53471207e+02 3.11965015e+03 4.51914024e+01 5.44750175e+01
 1.04484604e+02 4.16294617e+02 3.39497643e+01 1.68750259e+02
 8.61712646e+01 6.31797218e+01 7.20857666e+02 2.84837616e+02
 5.41342896e+02 1.28422119e+02 7.52701569e+01 1.08661514e+02
 2.47830917e+02 4.65384245e+00 2.76571930e+02 3.23390961e+01
 1.44873932e+02 1.18737087e+01 1.36933929e+02 9.12170792e+01
 2.94216518e+01 2.46759229e+03 1.18803434e+01 4.51225395e+01
 1.43662994e+02 2.26978283e+01 2.86306885e+02 6.27856140e+01
 1.99518661e+01 2.66958275e+01 2.14851532e+01 4.00298958e+01
 3.99915009e+02 9.28661804e+01 1.49294174e+02 9.53017578e+01
 1.52064697e+02 7.33105545e+01 1.28659153e+01 2.32819080e+01
 4.83487225e+00 2.53167542e+02 3.07416878e+01 4.23310432e+01
 2.65579205e+01 1.10182349e+03 4.76100159e+01 1.55690565e+01
 1.08368340e+01 7.51019058e+01 1.36150360e+00 3.19213600e+01
 3.18785915e+01 8.89793701e+01 5.61756096e+01 6.98368988e+01
 1.66033516e+01 4.03942947e+01 8.92438660e+01 3.22859985e+02
 3.88199341e+02 8.33400513e+02 3.66897545e+01 2.79645042e+01
 4.22097656e+02 1.49446926e+01 9.58879089e+00 1.06989673e+03
 5.63936806e+00 1.49859667e+01 5.33830070e+01 1.12851097e+02
 1.66447697e+01 2.64405422e+01 1.02581192e+02 1.37635767e-01
 3.87895508e+03 6.96567535e+01 2.96390610e+01 2.13342285e+00
 7.80697060e+00 4.49850983e+02 1.07525978e+02 3.09928303e+01
 6.11057373e+02 7.17423859e+01 2.35493347e+02 1.78620338e+01
 6.19203064e+02 4.12392006e+01 4.35202454e+02 4.81808949e+00
 3.54806709e+00 1.79405624e+02 1.81856575e+01 4.84455811e+02
 2.05882263e+01 3.34938583e+01 9.28826523e+01 3.93381691e+00
 2.55302582e+01 9.53752518e+01 4.89355774e+01 2.05696686e+02
 9.96308899e+01 6.49624939e+02 7.85486364e+00 1.80881602e+04
 5.61068058e-01 5.63408775e+01 3.25791138e+02 2.45676483e+02
 1.96620808e+01 6.10827393e+02 2.93934059e+00 1.65549622e+02
 1.08713257e+02 2.03564110e+01 4.43197784e+01 2.03646194e+02
 5.15953112e+00 3.85722313e+01 3.86857796e+01 2.36080981e+03],-133.71692,-253.40143,-371.45703,3.9210074,17.454279,0.9998687,0.78191406,0.013202348098754884,2096.3009312152863,-0.24132512820854884,-0.0007797412882472764,-0.24142080115096248,-0.0013982271913241912,-0.8975025568347011,25.099999999996967,0.0,150000.0,-2.0,-1000.0,500.0,6.544081211090088,150000
140.36682,0.12822711,0.5985017,0.011947668,-134.25357,134.25357,[2.95096874e-01 1.44984226e+01 2.41373666e-02 9.68011737e-01
 1.53261387e+00 3.13869500e+00 2.83262992e+00 4.30760431e+00
 3.99434924e+00 3.43113446e+00 5.90910053e+00 2.52180862e+00
 3.34254789e+00 2.31089965e-02 1.26828218e+00 1.47427988e+00
 3.22275972e+00 1.37316494e+01 7.24616480e+00 1.23536974e-01
 2.75860643e+00 1.10284305e+00 2.72694898e+00 5.39483595e+00
 3.40818644e-01 1.00666821e+00 2.16353369e+00 8.31473255e+00
 3.49191213e+00 9.47497940e+00 1.81530584e-02 2.74514966e+03
 4.27598190e+00 1.06143837e+01 1.67901840e+01 2.09020090e+00
 2.56024766e+00 1.58527881e-01 4.61398458e+00 3.52548933e+00
 5.16191912e+00 2.03587723e+00 2.21007037e+00 7.55609608e+00
 1.01570349e+01 3.04377913e+00 9.00202370e+00 1.13943644e+01
 8.15319896e-01 7.20367908e-01 1.03279724e+01 8.72460461e+00
 3.49147987e+00 1.19006419e+00 3.18317938e+00 5.79108763e+00
 6.02085686e+00 4.35222149e+00 6.76148415e-01 1.21759377e+01
 3.52726603e+00 1.23170097e+02 9.52706528e+00 3.89245749e+00
 1.21393967e+00 4.40598249e-01 8.20506454e-01 4.00856400e+00
 3.72333479e+00 5.16610098e+00 5.30400085e+00 6.49902463e-01
 2.28353405e+00 5.42427826e+00 2.10210657e+00 2.16681385e+00
 3.22729588e+00 2.71084905e+00 3.50788727e+01 2.29262638e+00
 6.43991709e+00 8.30368519e+00 1.35401964e+00 6.03331327e-01
 6.22501746e-02 1.30115199e+00 1.45437503e+00 1.36110055e+00
 4.56427765e+00 2.93655300e+00 3.37479687e+00 8.87110710e+00
 8.31998444e+00 2.42182302e+00 1.35422194e+00 4.32201672e+00
 2.87661457e+00 1.13617105e+01 2.62805700e+00 4.62603998e+00
 5.10213614e-01 1.47443323e+01 1.02696943e+01 7.03391209e-02
 5.94521426e-02 1.98636971e+01 3.41903949e+00 2.06525755e+00
 1.90600768e-01 1.30142903e+00 1.06720409e+01 5.99397600e-01
 8.38840294e+00 2.89062038e-02 4.84469414e-01 8.16824532e+00
 7.78497577e-01 1.86935854e+00 5.30104923e+00 2.34397471e-01
 1.41478920e+00 5.10199213e+00 4.28013277e+00 3.72606814e-01
 2.00162735e+01 7.28754091e+00 6.05396986e+00 4.30146332e+01
 3.82518268e+00 2.66050768e+00 4.69512343e-01 2.27287817e+00
 1.32273519e+00 1.41284382e-02 1.97583854e+00 8.68507481e+00
 1.38780761e+00 3.03495083e+01 3.83787704e+00 1.13295400e+00
 8.18099499e-01 1.57624435e+00 4.59103346e+00 2.38780951e+00
 2.69439220e+00 3.37174153e+00 1.15077572e+01 1.89823837e+01
 7.80965471e+00 5.03245401e+00 6.96013260e+00 7.98304272e+00
 1.24994993e+00 2.14821726e-01 5.94632149e+00 3.57066040e+01
 3.57682705e-01 1.22336376e+00 1.54610710e+01 4.84653664e+00
 1.07905416e+01 1.85089607e+01 6.74188328e+00 1.26172791e+01
 1.81517386e+00 1.08780613e+01 6.10404110e+00 2.06322789e+00
 2.59031057e-01 5.10144424e+00 8.56681538e+00 8.07807064e+00
 5.45404816e+00 6.83719025e+01 1.90379179e+00 1.08554802e+01
 2.04901886e+01 5.87137890e+00 5.97816610e+00 1.08134804e+01
 1.41647806e+01 7.94231415e+00 2.29216270e+01 7.99953842e+00
 4.42494273e-01 2.17141771e+00 1.30656633e+01 3.54760695e+00
 3.23095512e+00 8.24696422e-02 1.30353522e+00 4.00020838e+00
 2.29732096e-01 6.46506488e-01 2.82003174e+01 4.59101111e-01
 1.99408047e-02 2.56665659e+00 8.10294002e-02 3.19803983e-01
 1.11253881e+00 4.14677095e+00 2.73533010e+00 5.93249941e+00
 2.85318661e+00 1.52245438e+00 5.25758171e+00 1.32461980e-01
 2.00214348e+01 2.89828062e+00 5.51635683e-01 1.70458329e+00
 9.35349226e-01 3.20813918e+00 2.64424026e-01 6.70790017e-01
 3.79148316e+00 3.27512562e-01 2.65240021e+01 6.91860676e-01
 8.70562363e+00 4.53348494e+00 2.97382295e-01 5.70155025e-01
 9.05684185e+00 6.92700005e+00 2.37089589e-01 4.53678310e-01
 2.54247934e-01 2.53049088e+00 2.28357744e+00 6.23550129e+00
 1.49358913e-01 6.32359743e+00 1.53046465e+01 2.07235694e+00
 3.39470387e-01 4.35761833e+00 5.46690655e+00 1.99543822e+00
 5.89590549e+00 3.81147480e+00 1.13116674e+01 2.05067849e+00
 5.78205967e+00 1.08260040e+01 6.83149338e+00 1.14555359e+00
 7.91912937e+00 1.37474787e+00 3.64138532e+00 1.90240479e+01
 1.19502574e-01 1.66883767e+00 6.73776340e+00 2.63190985e+00],26.939037,[1.42282546e-01 1.61600852e+00 6.32501841e-01 1.56296694e+00
 1.44602180e+00 1.64255023e+00 2.99064565e+00 1.03875983e+00
 3.20858598e+00 1.92551780e+00 2.30885658e+01 1.39900601e+00
 1.07985580e+00 5.74027076e-02 1.32858562e+00 2.66860008e+00
 4.80355024e+00 9.94287848e-01 6.09388053e-01 4.95940782e-02
 4.08154964e+00 2.68117189e+00 6.52732658e+00 2.87998557e+00
 4.11878228e-01 6.42216301e+00 5.04344940e-01 2.85499454e+00
 7.42735958e+00 2.17566276e+00 2.04033926e-01 2.99847803e+03
 1.36755276e+00 2.88363590e+01 5.91856804e+01 2.80488253e+00
 6.92232037e+00 4.62868810e-03 5.04536629e-01 1.18726480e+00
 4.08968747e-01 7.52419615e+00 2.30807394e-01 4.94024277e-01
 3.38885117e+00 2.80639768e+00 2.15133810e+00 2.13148928e+00
 5.09266496e-01 1.20920396e+00 1.76753318e+00 1.13609362e+00
 4.42225873e-01 1.79032111e+00 2.33792141e-01 8.54252577e-01
 8.59923065e-02 1.46040523e+00 1.11200392e+00 6.06080627e+00
 1.34075776e-01 1.77331863e+02 3.39251471e+00 7.52610788e-02
 4.61861706e+00 6.84467554e-02 3.35927010e+00 2.67315984e+00
 9.58172512e+00 5.04318953e+00 4.33435011e+00 1.29891956e+00
 1.25596356e+00 2.92213291e-01 2.80918169e+00 1.75893092e+00
 5.54698277e+00 3.28219223e+00 6.43245602e+00 3.37831426e+00
 2.95618939e+00 8.53215313e+00 5.36982489e+00 1.13517570e+00
 3.16851091e+00 1.05223346e+00 2.16821432e+00 3.81326437e-01
 1.22125683e+01 2.41833973e+00 1.16884537e+01 2.32891350e+01
 1.05672204e+00 3.32552934e+00 8.61724758e+00 1.51727724e+00
 2.16435528e+00 3.21390301e-01 1.70042872e+00 5.99034607e-01
 7.11020768e-01 7.79421921e+01 1.59029973e+00 2.48275101e-02
 1.94898963e+00 6.68682003e+00 2.87692189e-01 6.14610147e+00
 2.39517137e-01 1.29384565e+00 6.87709987e-01 6.98564625e+00
 6.80043125e+00 1.90299675e-02 5.41353583e-01 2.19921474e+01
 4.05115724e-01 2.59452391e+00 2.35099101e+00 1.47595495e-01
 1.20056677e+01 3.08033252e+00 4.94958907e-01 1.39782518e-01
 1.10484915e+01 8.63990402e+00 2.94486237e+00 5.24360943e+00
 4.10136032e+00 3.17471790e+00 1.10108881e+01 1.57530231e+01
 3.62315226e+00 2.22095773e-01 3.43942308e+00 4.68867683e+00
 1.12670493e+00 2.06017590e+00 6.99263191e+00 4.65384912e+00
 9.59492111e+00 7.44111013e+00 1.12180889e-01 2.38094544e+00
 2.76920700e+01 5.79189873e+00 1.41655111e+01 1.72957331e-01
 2.68844414e+00 1.79290085e+01 8.83323860e+00 6.89280033e+00
 4.03562880e+00 9.10468102e+00 2.06276953e-01 1.14749947e+01
 5.10949731e-01 2.15461493e+00 5.34560025e-01 1.93158352e+00
 1.71157038e+00 9.03912783e-01 1.55742168e+01 8.96763921e-01
 5.77797055e-01 3.67293626e-01 2.41210985e+00 3.78664947e+00
 1.94178104e+00 1.89807522e+00 5.70139980e+00 1.44705355e+00
 2.88844407e-01 3.37653389e+01 2.43838310e+00 6.25861347e-01
 1.46773648e+00 4.15278006e+00 4.00151777e+00 4.33238596e-01
 4.98079109e+00 4.45416182e-01 3.07440643e+01 7.62089252e-01
 1.35642797e-01 1.52397621e+00 3.74411154e+00 9.29624498e-01
 7.97626793e-01 9.55058485e-02 5.00959921e+00 1.70602489e+00
 3.43796253e+00 2.09564133e+01 2.12418118e+01 3.36287236e+00
 2.35564685e+00 1.17599487e+00 4.36122790e-02 1.55793178e+00
 1.52240505e+01 2.12167048e+00 4.93145615e-01 1.70296288e+00
 3.03140855e+00 7.73290396e-01 3.88254300e-02 5.53402996e+00
 1.77418709e+00 3.70844156e-01 2.50076056e+00 3.86191750e+00
 1.55840456e+00 1.84962082e+00 5.03098965e+00 1.24449520e+01
 6.04515672e-01 1.58545482e+00 8.83080101e+00 6.17796707e+00
 6.92779005e-01 3.37441778e+00 7.73533463e-01 3.74471641e+00
 6.10866499e+00 1.74636698e+00 2.53927422e+00 2.10013151e+00
 1.71645463e-01 5.94385338e+00 2.53160858e+00 1.22143638e+00
 2.39843869e+00 8.34537983e+00 4.28855419e+00 2.74805069e+00
 1.44750699e-01 6.31762981e+00 6.99545431e+00 1.39770293e+00
 1.05123913e+00 5.24141252e-01 2.69442499e-01 2.03416157e+00
 3.53721094e+00 7.48454928e-01 1.09487171e+01 9.09971714e+00
 9.53890991e+00 4.64133549e+00 3.88529801e+00 2.25555573e+01
 2.95916271e+00 2.56113529e+00 3.76657009e-01 2.72077680e+00],-82.97984,-198.62862,-400.0,1.900004,5.7814436,0.962507,0.66210806,135.39413,-72.840225,1564.7964,202.76823,0.77238005,0.60721534,0.105171,-195.9237,195.9237,[6.30383118e+02 1.42970657e+02 2.50346863e+02 1.69809914e+01
 2.40227051e+03 2.15356125e+02 2.71985596e+02 1.04710083e+02
 2.03403534e+02 2.28322021e+02 3.07714233e+02 1.40023909e+01
 1.50469637e+01 4.28386459e+01 5.60317764e+01 3.22705475e+02
 2.20707378e+01 7.90715790e+00 5.11953506e+01 4.38831543e+02
 1.70232582e+01 1.21402649e+02 3.71004462e-01 1.09040518e+01
 6.16553040e+01 1.25413965e+04 1.06963100e+01 1.20769556e+03
 1.01228821e+02 7.23943054e+02 4.37693329e+01 7.13016319e+00
 9.35630951e+01 5.41400195e+03 1.18020630e+03 3.64747589e+02
 6.54036102e+01 1.33515747e+03 2.98448181e+01 6.03077660e+01
 1.75354797e+02 2.36131210e+01 3.56340332e+02 1.62017548e+02
 3.09534912e+01 6.67157288e+01 1.20492004e+02 4.15956764e+01
 9.91585445e+00 1.62712097e+02 7.91520233e+01 7.77880907e-01
 9.38246059e+00 3.96602058e+01 1.28021790e+02 1.43231262e+02
 2.77475006e+02 5.24430054e+02 8.88807983e+01 1.01110995e+00
 7.48870239e+01 1.03175557e+04 7.99079056e+01 8.81055679e+01
 1.53426447e+01 1.47719800e+00 1.16069689e+01 1.70422241e+02
 9.78851318e+02 2.05908600e+02 2.91588993e+01 1.34968842e+02
 9.79817581e+01 5.93903923e+01 1.83985397e+02 3.14166534e+02
 2.72598152e+01 3.01663300e+02 3.67943512e+02 2.38346634e+02
 3.39764252e+01 6.48491135e+01 6.86882629e+01 7.49724426e+01
 6.25391350e+01 1.08293732e+02 4.03961639e+01 1.17798698e+02
 3.44265198e+02 4.46651421e+01 2.92436951e+02 9.44154907e+02
 1.12009865e+02 6.44799881e+01 2.71384186e+02 3.18634796e+01
 1.42064774e+02 1.57890594e+02 1.10350555e+02 1.44188747e+01
 6.85084915e+01 2.18706635e+02 1.50824292e+03 9.05378418e+02
 2.31408381e+00 1.87213688e+01 1.02206360e+03 1.68494433e-01
 7.10512543e+01 1.70825806e+02 1.58939848e+01 1.01398659e+01
 6.61236633e+02 1.07827774e+02 1.19310051e+02 1.92882294e+02
 7.54116440e+01 4.56986237e+01 8.51001358e+01 4.31236603e+02
 9.01473938e+02 8.00985840e+03 1.69746887e+02 2.56574512e+00
 6.72619568e+02 4.75460167e+01 1.41086914e+02 2.40810638e+02
 2.97411518e+01 1.34557068e+02 5.18170929e+01 4.83392212e+02
 6.68891602e+01 3.07542755e+02 3.93805237e+01 2.95161858e+01
 5.85043518e+02 2.28159027e+01 1.39765137e+02 7.08558578e+01
 6.39284515e+01 2.93587327e+00 8.86608124e+01 1.38000507e+01
 2.25284363e+02 1.87604416e+02 1.73661098e+01 3.67487244e+02
 1.61197033e+01 2.39317886e+02 4.70134430e+01 6.16701317e+01
 4.73479065e+02 7.11708984e+02 9.56298065e+00 3.81094971e+02
 7.77838745e+01 1.30615112e+02 4.95571785e+01 1.33709305e+02
 4.35487305e+02 2.27482586e+01 2.07438385e+02 3.60862762e+02
 4.41666260e+02 8.58710175e+01 3.72959033e+03 2.05071201e+01
 3.52412933e+02 2.18454239e+02 1.28596821e+01 1.63927460e+02
 3.48439270e+02 3.68383569e+03 1.09219770e+01 3.16043060e+02
 2.38382782e+02 5.39660187e+01 6.60988617e+00 1.13030505e+03
 3.25204803e+02 1.56878708e+02 7.25399475e+02 4.36025200e+01
 1.39858655e+03 5.88873529e+00 8.54634277e+02 1.52313721e+02
 6.07115784e+02 1.73517105e+02 1.43409882e+02 1.70084579e+02
 6.06396008e+00 2.33019104e+01 7.72008209e+01 4.30930023e+01
 2.34207020e+01 1.65569592e+01 1.07412577e+01 7.14698105e+01
 5.59935760e+00 1.39689038e+03 1.32868538e+01 4.82972473e+02
 5.02040482e+01 1.58780273e+03 1.39585297e+02 6.66087008e+00
 2.83132534e+01 1.76630164e+03 3.51018677e+01 5.77977657e+00
 6.93847504e+01 4.45312080e+01 2.63703613e+01 7.71412430e+01
 2.47475928e+03 5.55413330e+02 1.93354828e+02 1.14416832e+02
 2.18053417e+01 1.06243274e+03 5.03391724e+01 3.46286888e+01
 1.63463211e+02 4.71690750e+01 3.71634613e+02 9.17989868e+02
 5.32863235e+01 5.76235695e+01 8.10865173e+01 2.47923813e+01
 3.99482994e+01 3.25190125e+02 7.32450104e+01 8.30499496e+01
 5.05007601e+00 1.98115623e+00 8.63656464e+01 9.04537888e+01
 2.86218414e+01 1.74071159e+01 6.09237862e+01 2.37763214e+02
 2.93743382e+01 7.54708099e+01 1.58802841e+02 4.51035767e+01
 7.53775696e+02 1.39728424e+02 2.12305649e+02 7.16503143e+01
 3.05768005e+02 2.24536476e+01 5.99648376e+02 2.82670021e+01],641.43964,[1.36231232e+02 4.37004852e+01 6.25906944e+00 1.23276787e+01
 6.51384473e+03 1.70478935e+01 8.06390381e+00 8.22096634e+00
 3.06753693e+02 2.02664795e+02 3.85846710e+01 6.18103981e+01
 1.12549286e+01 2.19168968e+01 7.12041702e+01 1.39706406e+02
 3.13253613e+01 2.14623034e-01 3.52971458e+01 4.36316345e+02
 2.29154110e+01 1.72917038e+02 3.41044009e-01 2.14154835e+01
 9.77630997e+01 1.37252666e+04 4.75768814e+01 9.67849792e+02
 9.14187241e+01 7.28171387e+02 4.81113548e+01 1.11141119e+01
 1.42114887e+01 5.14529297e+03 1.24532642e+03 4.60954010e+02
 3.12879105e+01 1.19266640e+02 1.33145046e+01 3.98119044e+00
 7.48430481e+01 2.58133640e+01 2.29235840e+02 1.64256149e+02
 1.35499481e+02 6.52469025e+01 1.11523155e+02 5.50873260e+01
 5.51676702e+00 3.20487244e+02 9.20026550e+01 8.78264070e-01
 6.67376471e+00 1.76750793e+01 8.25926758e+02 1.05373337e+02
 3.58681602e+01 1.61224805e+03 9.07926483e+01 8.34411323e-01
 8.17916260e+01 1.48432002e+04 8.19415760e+00 4.01646042e+01
 3.35903748e+02 3.72447515e+00 1.21845497e+02 1.26411125e+02
 1.64302734e+03 1.55370998e+01 2.91860056e+00 3.68834686e+02
 1.09181923e+02 1.74245644e+01 1.81759521e+02 1.56401840e+02
 2.82903137e+01 2.21425278e+02 1.12906197e+02 1.55717300e+02
 3.43612814e+00 2.98395042e+01 5.29446678e+01 5.31738434e+01
 6.67052994e+01 1.10320099e+02 2.51574917e+01 8.07164993e+01
 4.61370972e+02 2.06981773e+01 1.14263916e+01 2.90167383e+03
 2.26424561e+02 1.55153131e+01 7.36534546e+02 6.83258133e+01
 1.43621216e+02 1.52374069e+02 2.39637375e+01 1.03751272e-02
 8.61640472e+01 2.08557983e+02 3.41003601e+02 4.61646545e+02
 2.14618519e-01 3.91960692e+00 2.97470665e+01 1.90398681e+00
 1.25399704e+02 1.84762009e+02 1.20593815e+01 8.93408775e-01
 2.86204102e+02 1.46058990e+02 8.39241257e+01 1.54992920e+02
 2.50298157e+02 1.74697296e+02 6.04037476e+01 6.65638794e+02
 6.31365173e+02 6.64876758e+03 9.34705925e+00 8.56122684e+00
 3.12360352e+02 1.95105152e+01 3.86400108e+01 5.71431732e+00
 2.29082985e+01 3.74937378e+02 2.12965031e+01 6.04222290e+02
 4.56388779e+01 9.94870148e+01 3.87491608e+01 3.94350204e+01
 7.50525574e+02 4.58903847e+01 2.75886566e+02 9.99050980e+01
 3.33946838e+01 3.57310371e+01 8.17303391e+01 1.17233524e+01
 6.37702637e+01 1.24203522e+02 3.09573841e+01 3.82137146e+02
 2.58733797e+00 1.41027771e+02 7.18824234e+01 1.14770401e+02
 7.35725403e+02 7.46064148e+02 3.64863647e+02 3.62402435e+02
 7.20196228e+01 3.35925720e+02 1.45275040e+01 5.72707939e+00
 2.55081451e+02 8.92197571e+01 6.84105072e+01 9.56364136e+01
 5.68560791e+02 9.79816742e+01 2.97844238e+03 1.39527588e+01
 4.53946564e+02 1.45705841e+02 3.14254761e+00 1.29389435e+02
 4.94224701e+02 3.03116870e+03 1.10683031e+01 1.32432495e+02
 2.53129791e+02 4.12764374e+02 8.07853317e+00 8.88709290e+02
 3.64894348e+02 4.04058342e+01 8.67296371e+01 1.05960007e+02
 1.56629272e+03 2.36778545e+01 9.22868225e+02 1.21831718e+02
 1.17957016e+02 1.69448120e+02 3.20421715e+01 1.24662048e+02
 1.47252483e+01 6.90565884e-01 3.93955650e+01 1.20632538e+02
 3.33821983e+01 4.37492418e+00 2.84284363e+01 6.77054443e+01
 2.25212326e+01 7.58764465e+02 6.28347702e+01 3.27274780e+01
 2.05241251e+00 2.43607651e+02 1.43792618e+02 4.56165504e+01
 5.17399902e+02 6.11077209e+02 5.80063963e+00 8.92699337e+00
 4.30927658e+01 9.61644897e+01 2.78281517e+01 6.74397736e+01
 4.28136353e+02 7.12209045e+02 3.04311523e+01 2.70426361e+02
 6.11817884e+00 1.36974023e+03 5.56776047e+01 8.86123047e+01
 2.47617538e+02 6.90155945e+01 7.60127945e+01 7.65113770e+02
 6.37543030e+01 4.40609932e+00 2.97063980e+01 3.34865227e+01
 3.27755165e+01 4.27537506e+02 8.52327042e+01 5.19927597e+01
 1.22767105e+01 2.40183525e+01 7.85988998e+01 2.59633148e+02
 6.89577389e+00 8.87934971e+00 2.49469757e+01 2.32344040e+02
 2.69132881e+01 7.98652649e+01 1.25231064e+02 4.72089806e+01
 2.08474945e+02 2.97078583e+02 9.03549957e+01 8.42650146e+01
 2.61658783e+02 5.96698914e+01 5.07251495e+02 3.80571327e+01],-89.04384,-240.59972,-380.972,3.977122,14.698271,1.0847118,0.78221416,0.013787395038604737,2440.9858288764954,0.012306451608689472,-0.004295457948615438,0.011731684450004684,-0.00958685208798024,16.446173330030536,25.099999999996967,0.0,175000.0,-2.0,-1000.0,500.0,6.578173398971558,175000
125.591324,0.14240253,0.61669457,0.012792438,-119.281975,119.281975,[8.21290970e-01 2.27814221e+00 3.47559953e+00 3.00697982e-01
 9.72096771e-02 4.40355778e+00 7.71008551e-01 3.57779837e+00
 7.60895014e-01 4.89185238e+00 7.36749113e-01 1.19348860e+00
 1.39529824e+00 4.52027130e+00 2.40259590e+01 2.38592625e+00
 5.82928300e-01 1.65627861e+00 3.99058342e+00 3.47811413e+00
 3.03460503e+00 1.44649196e+00 7.15627745e-02 1.09108829e+01
 4.52077910e-02 5.24502754e-01 2.22339064e-01 1.39161140e-01
 5.06858730e+00 2.71673179e+00 2.10294056e+01 2.34186959e+00
 3.64861832e+01 1.65479541e+00 3.61956626e-01 1.21054449e+01
 1.59937775e+00 7.35603154e-01 3.20744544e-01 2.16221642e+00
 3.45955133e-01 6.60696566e-01 5.56255150e+00 3.85794401e+00
 7.26936102e+00 3.00717926e+00 2.03527260e+00 1.13477182e+00
 1.10299897e+00 1.09947233e+01 4.76986915e-02 6.96775484e+00
 3.94786447e-01 7.91869211e+00 2.82194734e+00 6.68712139e+00
 2.49478966e-01 2.48703146e+00 6.38548565e+00 5.06737995e+00
 2.54659486e+00 2.50698090e-01 4.01075304e-01 2.00849557e+00
 2.39449215e+00 2.56286085e-01 9.02174606e+01 2.69528270e+00
 2.38868904e+01 7.15559292e+00 5.50057232e-01 8.53117085e+00
 7.47435665e+00 4.02071774e-01 1.19198382e-01 3.09599042e-02
 1.98151040e+00 4.72659492e+00 1.32678604e+00 7.56360054e+00
 1.51976848e+00 3.57516403e+01 8.39268303e+00 1.99189091e+00
 3.36511955e-02 2.18560457e+00 6.58334732e+00 3.65321851e+00
 3.71276760e+00 2.40812635e+00 2.06085300e+00 5.37401438e-01
 3.80232763e+00 8.14996362e-01 9.78976059e+00 7.33132601e-01
 5.00300348e-01 1.98777533e+00 1.81234932e+01 7.53652382e+00
 4.05052471e+00 8.62228966e+00 4.02902126e-01 8.12097609e-01
 5.82451150e-02 7.05258399e-02 5.87745130e-01 6.93252850e+00
 6.20105886e+00 1.06246543e+00 2.27991467e+01 1.97063997e-01
 3.08475524e-01 1.88729465e+00 3.21502609e+01 3.88993311e+00
 8.71120989e-02 2.07001972e+00 1.17144811e+00 4.74880040e-01
 6.79801750e+00 1.60784187e+01 5.46962082e-01 4.63738680e+00
 1.38752270e+00 3.07134449e-01 2.47785509e-01 1.06185579e+00
 1.41305804e+00 1.07376564e+00 9.04027000e-02 2.56509423e+00
 1.68107891e+01 3.96100819e-01 1.54203045e+00 3.62815762e+00
 8.88003826e-01 9.50583458e-01 1.32230902e+00 2.03240967e+00
 5.70221281e+00 2.17608809e+00 7.63201857e+00 9.15933228e+00
 5.62077999e-01 1.02690783e+01 1.06637506e+01 2.84783840e+00
 7.07506561e+00 2.48792320e-01 5.75102139e+00 9.24687576e+00
 2.52233791e+00 3.99300337e+00 2.50388414e-01 5.52790202e-02
 2.68959999e+00 1.21106453e+01 3.98700237e+00 2.04223603e-01
 9.22517300e+00 1.64966536e+00 3.25723886e-01 2.67398030e-01
 2.52566147e+00 8.90286207e-01 1.56091189e+00 1.35465460e+01
 1.57983929e-01 2.77860222e+01 8.33976150e-01 8.63752365e+00
 1.18081784e+00 2.54870582e+00 6.17086029e+00 2.34128881e+00
 4.67967129e+00 9.06341076e+00 2.30573773e-01 2.52724195e+00
 1.22638416e+00 4.90808576e-01 1.37508736e+01 7.42163777e-01
 6.58636570e+00 7.82299614e+00 4.07517099e+00 1.44193726e+01
 7.01845884e-02 4.17493284e-01 7.11139143e-02 1.99557436e+00
 1.16829574e-01 2.83080578e-01 2.88288021e+00 1.57276857e+00
 8.46471691e+00 7.21335506e+00 1.14025211e+01 1.25397358e+01
 6.68846035e+00 3.47280324e-01 1.00081548e-01 1.50554430e+00
 4.55516005e+00 1.52098382e+00 1.70193052e+00 6.03455114e+00
 2.41052175e+00 3.44714689e+00 9.91540527e+00 6.40690088e+00
 2.81745911e+00 4.66845244e-01 3.11711264e+00 4.28372860e+00
 1.26358871e+01 3.47336054e+00 3.72158432e+00 8.61230791e-01
 6.30336189e+00 3.38093424e+00 7.95019209e-01 4.32630968e+00
 6.32702255e+00 1.56751525e+00 3.47744608e+00 4.66618299e+00
 2.81216025e+00 6.57582331e+00 2.76595759e+00 6.82932663e+00
 8.93533230e+00 8.77252743e-02 9.31448269e+00 6.28019238e+00
 8.53289008e-01 2.26699162e+00 9.80656594e-02 1.87400475e-01
 2.98281848e-01 3.06387997e+00 2.27747393e+00 1.01320994e+00
 1.88909101e+00 1.86263299e+00 2.73949361e+00 8.90527058e+00
 4.02448797e+00 4.77279186e+00 4.06300926e+00 1.18512135e+01
 1.42121565e+00 1.37190831e+00 2.05410480e+00 4.55915332e-01],5.3155994,[5.2617221e+00 4.4589233e+00 4.3494320e-03 2.9885721e-01 1.3127559e-01
 5.0345569e+00 2.1407821e+00 3.8298230e+00 6.4626998e-01 4.4788952e+00
 1.3886008e+00 2.2933731e+00 3.3067007e+00 1.9238683e+00 3.7447410e+00
 7.0478196e+00 3.5718131e-01 2.3542728e+00 5.6019545e+00 1.7019584e+00
 6.8450780e+00 1.6169450e+00 2.2940183e-01 6.3974124e-01 4.5448676e-01
 7.9811773e+00 6.2921531e-02 1.4462112e-01 2.5735836e+00 1.0471654e+00
 2.9186680e+00 1.7819482e+00 4.0317993e+01 4.4428114e-02 7.1466416e-02
 2.5522270e+00 1.5828574e-01 4.0832944e+00 1.4709222e-01 6.9933248e-01
 3.3321065e-01 7.4691401e+00 1.0477566e+00 3.4226179e+00 2.4474638e+00
 1.4801068e+00 6.1107922e+00 5.3052902e+00 2.7003887e-01 1.9483008e+00
 1.6782314e-01 6.9559300e-01 5.5630608e+00 1.6378281e+00 1.0761865e+00
 1.3279490e+00 3.8201132e+00 3.6575699e+00 4.4148660e+00 3.2450645e+00
 1.1984980e+00 1.0623625e+01 4.6248002e+00 4.0084648e+00 1.2790309e+00
 1.6992590e+00 1.7680483e+01 2.2682697e-01 4.3284936e+00 3.4680110e-01
 8.7367058e+00 7.2828746e-01 1.6838115e+00 3.9542632e+00 1.4147580e-01
 4.0424962e-02 2.3244914e-01 1.2020643e+00 3.0907719e+00 2.3136656e+00
 1.8220516e+00 1.1247570e+01 2.4595649e+00 1.4959763e+00 6.9624409e-02
 7.6467967e-01 3.6677286e-02 7.1100610e-01 2.8297655e-02 2.1166134e+00
 1.1825445e+00 8.4586060e-01 1.7925909e+00 5.8241600e-01 2.7397423e+01
 6.9881568e+00 2.6165547e+00 4.4583562e-01 7.7338219e+00 6.5337080e-01
 2.5630519e+00 1.1087065e+01 4.6180587e+00 1.9528079e+00 4.5750823e+00
 3.1323016e-02 8.3949223e-02 1.7923927e+00 1.6986564e+00 1.4093806e+00
 8.4072930e-01 8.5184565e+00 8.9293232e+00 5.7109432e+00 4.0364485e+00
 1.6043940e+00 2.3176372e-01 1.7870525e+01 9.3977356e-01 6.6216284e-01
 8.4799202e+01 6.0576969e-01 4.4964844e-01 1.9620727e+00 2.5908401e+00
 1.1834270e+00 1.3147915e+01 1.4906961e-01 5.0333109e+00 3.4265637e+00
 5.0957460e+00 9.0958834e-01 2.3944511e+00 4.2391092e-01 2.4022720e+00
 3.0728717e+00 4.7873154e+00 5.1435775e-01 1.7034361e+00 1.7593838e-01
 4.9181499e+00 3.5445316e+00 1.8443253e+00 2.4633889e+00 1.7366923e-01
 5.6447501e+00 9.8075733e+00 4.3956223e+00 1.2088886e+00 1.4264992e+00
 2.8865662e+00 3.9003584e+00 1.9698837e+00 6.5073080e-02 3.1461996e-01
 5.2474299e-03 1.5496820e+00 2.2973682e-01 4.2872162e+00 8.6896467e-01
 1.3655406e+00 1.0098882e-01 3.3280745e-01 7.6947427e-01 1.0395298e+01
 2.7539105e+00 2.7570167e-01 4.6041894e+00 2.1937299e-01 9.8075752e+00
 8.1171532e+00 3.5557785e+00 5.1018448e+00 3.1926928e+00 2.4283993e+00
 1.0252650e+00 4.1314731e+00 1.1824830e+00 5.2964073e-02 4.2367363e+00
 7.5922189e+00 1.3417692e+00 1.4496478e+00 1.7764503e+01 1.9606214e+00
 7.7181464e-01 1.3689551e+00 5.7068355e-03 3.5314784e+00 1.2318757e+00
 6.9101080e-02 2.4768643e+00 2.7552347e+00 5.5367421e-02 5.1324183e-01
 1.5652283e+00 3.5513875e+00 1.6498145e+00 1.9882348e-01 6.9204259e-01
 3.7191424e+00 3.7543952e-01 5.2933920e-02 1.6014835e+00 1.4438932e+00
 3.6087797e+00 4.0420833e+00 2.8649511e+00 2.2503970e+00 1.0701559e+00
 9.7995651e-01 3.0764153e+00 4.7836847e+00 6.1097407e+00 2.8392673e+00
 2.7725959e+00 2.5989443e-01 1.3611331e+00 1.4987051e+00 5.6915653e-01
 4.4112940e+00 4.7156467e+00 2.5543489e+00 3.7526035e+00 2.6449757e+00
 1.4287955e+00 4.4642788e-01 8.8476963e+00 2.7683172e-01 1.4302443e+01
 2.1931973e+00 1.3404962e-01 1.9369144e+00 8.1397012e-02 3.5025108e+00
 1.9749342e+00 3.2808679e-01 3.4903574e+00 1.3764413e-02 1.0004417e-01
 1.2819729e+00 9.9970621e-01 2.0689673e+00 1.0443432e+01 2.4571835e-01
 7.6311550e+00 8.9252269e-01 8.9934206e-01 2.9933624e+00 3.0916419e+00
 2.9109907e-01 3.9577454e-01 1.3832012e+00 1.9543996e+00 3.3330112e+00
 6.7003231e+00],-75.86801,-176.06448,-400.0,1.7746415,7.304146,0.96217847,0.64654446,102.41796,-70.63237,635.57166,186.66966,0.75728494,0.58160144,0.09103436,-180.09636,180.09636,[5.14096436e+02 5.93327599e+01 2.17357880e+02 6.15509529e+01
 2.76014923e+02 4.63353443e+00 5.63681507e+00 6.43752563e+02
 8.75898987e+02 1.37173608e+03 1.86664948e+02 1.70513821e+01
 6.47249069e+01 5.79349854e+02 5.10219803e+01 1.61102924e+01
 7.63498154e+01 7.76245499e+00 4.83066711e+01 1.48233356e+01
 4.53771301e+02 1.03155647e+02 2.79288269e+02 7.47735214e+00
 7.89386797e+00 5.70631958e+02 4.21252785e+01 1.80191940e+02
 1.20274057e+01 2.25867416e+02 1.61821729e+03 1.63585312e+02
 4.92468147e+01 8.05506958e+02 1.35734940e+02 2.58466415e+01
 2.11117371e+02 1.70919037e+02 6.99441757e+01 2.24532318e+01
 3.27104889e+02 6.14414787e+01 4.40366983e-01 2.46743279e+01
 1.42334000e+02 1.14108667e+03 5.68188896e+01 7.71968002e+01
 1.77024994e+02 9.74454651e+01 5.52707024e+01 1.54704956e+02
 5.24348946e+01 2.20820215e+03 6.21197414e+00 7.84810104e+01
 3.27316093e+00 1.44527557e+02 8.83044495e+02 9.40723196e-02
 1.01112500e+04 9.66862869e+00 8.03754395e+02 7.75125360e+00
 4.56496086e+01 4.46007422e+03 2.65518913e+01 9.29420185e+00
 4.13581505e+01 6.79764843e+00 1.94658960e+03 8.34700241e+01
 6.94660568e+01 7.14153870e+02 1.24889908e+02 3.61746643e+02
 8.22832642e+02 6.62003967e+02 2.44511978e+02 2.13503555e+02
 3.16752869e+02 5.52389755e+01 2.12989693e+01 5.37040710e+02
 3.38101120e+01 1.64238415e+01 6.64928040e+02 4.21807526e+02
 4.80729103e+01 8.38751030e+00 4.04238678e+02 9.03165054e+01
 1.57097977e+02 1.01771149e+02 5.91917847e+02 5.45620117e+02
 1.09399414e+02 1.14190617e+01 7.87817812e+00 4.22885284e+01
 9.12912369e+01 2.30421768e+02 1.19981946e+03 5.22944784e+00
 6.77824860e+01 3.29777374e+01 3.37168312e+01 1.34851112e+01
 7.60954857e+00 1.39181458e+02 3.31125526e+01 5.99517761e+02
 2.02406769e+02 4.31080093e+01 1.51718018e+02 3.58455292e+02
 1.13461075e+02 6.14322937e+02 7.48052673e+01 2.95724888e+01
 4.51164627e+01 9.70974350e+00 1.64764252e+01 3.12683964e+00
 3.65589447e+01 9.85619431e+01 1.41093521e+01 2.30628014e+01
 1.93826180e+01 1.21848901e+03 6.09203796e+02 1.08220825e+02
 4.14154816e+01 1.66709137e+01 5.84182068e+02 9.07017136e+00
 1.23625351e+02 2.53345352e+02 1.00822914e+02 1.12300369e+02
 6.22256927e+01 2.46658524e+02 4.27998291e+02 1.75344482e+02
 2.85782379e+02 6.70914978e+02 4.66220894e+01 2.56895599e+02
 2.03479309e+01 4.23130226e+01 5.99102926e+00 1.98212910e+01
 2.39311798e+02 2.12151947e+01 2.34865904e+00 1.36268585e+02
 4.11829529e+01 7.49397827e+02 8.00106277e+01 6.34397354e+01
 1.63579883e+03 4.05668640e+02 2.55717525e+01 3.09119663e+01
 8.06815186e+01 8.80335617e+01 1.22007195e+02 7.82527590e+00
 4.73351192e+00 8.95895004e+00 6.60085815e+02 1.60337723e+02
 3.50540833e+02 2.39261871e+02 5.70947144e+02 1.55758686e+01
 1.76626050e+00 9.96264114e+01 1.42407275e+03 8.83558411e+02
 6.06161308e+01 9.60696167e+02 3.24417419e+02 1.79031708e+02
 6.49998169e+01 1.53244659e+02 1.14526497e+02 1.71598801e+02
 1.45754242e+01 1.60071106e+03 1.62990785e+00 1.85917044e+00
 2.57499146e+02 7.57166443e+01 1.52225433e+02 2.67855164e+02
 1.23067780e+02 1.65940002e+02 5.35983936e+03 8.43916225e+00
 5.43306732e+01 5.76560516e+01 6.04863953e+02 5.21647692e+00
 5.83366241e+01 3.20473114e+02 3.22752800e+01 2.31894588e+01
 8.04379349e+01 1.13656540e+01 5.52977051e+02 1.08290176e+02
 3.16744065e+00 3.14014008e+02 2.54671112e+02 9.19189636e+02
 5.84566956e+01 5.11917725e+01 2.13321701e+02 5.04321175e+01
 1.18494736e+02 4.82916296e-01 5.18834953e+01 3.20527191e+02
 9.63646221e+00 8.27923279e+01 4.94252747e+02 5.76101685e+01
 9.22373123e+01 1.64075012e+01 1.34489574e+01 8.04449158e+01
 9.11493182e-01 1.21270984e+03 1.00881744e+02 1.16086445e+01
 4.62562752e+00 1.61953369e+02 1.09489758e+03 4.28596687e+01
 4.06121292e+01 2.40569061e+02 7.51797438e+00 2.02695544e+03
 3.59651660e+03 6.95204590e+02 1.01987744e+03 1.05240463e+02
 3.14520607e+01 8.40375214e+01 1.65423462e+03 1.04241440e+02
 1.01888428e+02 1.80052170e+02 6.27813995e-01 4.05420570e+01],498.37244,[4.19892334e+02 6.23413048e+01 2.55329041e+02 1.36902283e+02
 1.09575897e+02 6.49618387e-01 5.50795937e+00 4.24648865e+02
 8.73975464e+02 1.32852051e+03 1.43295349e+02 1.67422867e+01
 6.78774796e+01 1.17582422e+03 5.56990662e+01 1.44240997e+02
 4.71612740e+01 1.20989494e+01 5.13594284e+01 2.30251789e+01
 4.42312836e+02 3.78651161e+01 2.63500732e+02 3.90335143e-01
 7.11335087e+00 3.04513000e+02 2.06802795e+02 9.59789217e-01
 1.06557846e+01 2.54694214e+02 2.36396875e+03 1.15392288e+02
 5.24888420e+01 4.09988434e+02 5.82425842e+01 2.14144096e+01
 2.04938126e+02 1.88577240e+02 3.16541786e+01 2.00473137e+01
 3.48806396e+02 5.92803116e+01 4.94689713e+01 2.53984222e+01
 1.38983597e+02 1.32483276e+02 2.18752518e+01 1.11576790e+02
 5.49180841e+00 1.27449890e+02 6.54070663e+01 9.11609116e+01
 6.26876450e+00 4.67192578e+03 7.96697617e+00 8.26795883e+01
 6.36826324e+00 1.44456039e+02 1.56840698e+02 1.57587032e+01
 1.25790564e+03 1.41886749e+01 7.08408936e+02 2.53106174e+01
 5.12003174e+02 4.10578320e+03 3.16355247e+01 3.76030946e+00
 1.57819262e+01 2.55407524e+00 1.48178101e+03 1.28474197e+01
 1.21593628e+02 6.59736694e+02 1.46790695e+02 5.24192322e+02
 7.20873779e+02 7.38954407e+02 2.02759384e+02 2.19412811e+02
 6.98919678e+01 2.41060429e+01 1.77909851e+01 4.50630798e+02
 7.86238937e+01 1.67279758e+01 5.02272644e+02 3.77863464e+02
 9.42502136e+01 8.30663300e+01 2.43920700e+02 1.18700476e+01
 1.88062477e+01 1.62103363e+02 5.59350586e+02 6.95574341e+01
 1.14778419e+02 2.01431198e+01 3.84965210e+01 5.24417419e+01
 1.02902336e+02 2.60422699e+02 4.11142761e+02 3.41388321e+01
 7.05800934e+01 2.34124756e+01 4.49228134e+01 1.21765347e+01
 8.74952507e+00 1.52617233e+02 3.35182991e+01 5.78012451e+02
 1.21309875e+02 4.54663544e+01 1.60738159e+02 4.10007690e+02
 9.00498428e+01 3.73242462e+02 1.21074913e+02 2.51905842e+01
 1.47952606e+02 4.19563472e-01 6.21592560e+01 9.05006981e+00
 7.61906891e+01 4.60248489e+01 6.36170349e+01 1.29389417e+00
 8.63600731e+00 2.95679504e+02 1.37263519e+02 3.50317749e+02
 2.13602238e+01 1.61561279e+01 1.81311127e+02 6.70307827e+00
 3.46865392e+00 1.89135635e+02 8.37235870e+01 1.34354492e+02
 5.32265587e+01 9.01161766e+00 3.20017266e+00 1.02028946e+02
 5.17251434e+01 1.10493362e+02 3.01654205e+01 6.84575958e+01
 6.41556978e+00 2.04436350e+00 2.07967033e+01 4.91012192e+00
 2.33195709e+02 1.68898163e+01 8.56012881e-01 7.83853516e+02
 3.38144035e+01 6.43085571e+02 3.66836731e+02 1.24411985e-01
 1.68411475e+03 1.19416214e+02 2.06136360e+01 4.31683779e+00
 8.29433823e+01 4.39055328e+01 1.83159122e+01 8.83478451e+00
 5.29649239e+01 2.60307145e+00 3.11431885e+00 2.04332672e+02
 4.08954742e+02 2.04410919e+02 5.76108337e+02 1.49658709e+01
 6.29389954e+00 1.37655830e+01 2.75740417e+02 4.64025345e+01
 2.77363243e+01 2.76661743e+02 3.42046509e+02 1.30276001e+02
 6.74641342e+01 5.06007004e+00 2.51891068e+02 1.01290619e+02
 1.25073223e+01 1.31043945e+03 1.44665635e+00 1.91802967e+00
 2.71734283e+02 3.78830109e+01 3.41380882e+01 3.76340302e+02
 5.24647522e+01 1.35296600e+02 1.69209424e+03 9.84515190e-01
 5.06633997e+00 7.56896286e+01 2.30739929e+02 3.71561861e+00
 4.99355030e+00 6.22767525e+01 5.70933533e+01 9.83345127e+00
 1.40236988e+01 1.10839138e+01 7.43430359e+02 3.66511383e+01
 5.05733681e+00 3.06454773e+02 2.40449848e+01 2.14369602e+01
 6.22625084e+01 9.31351929e+01 2.06391449e+02 2.62569733e+01
 1.20173409e+02 5.07532501e+00 4.29294052e+01 3.85015076e+02
 1.13038893e+01 1.53220975e+00 5.95803955e+02 9.48774643e+01
 8.01706085e+01 2.97372365e+00 9.14982128e+00 1.05566025e+02
 1.05382919e+01 1.09726611e+03 1.27497778e+01 2.10655785e+01
 4.95032251e-01 2.32026611e+02 2.09233252e+03 3.61032372e+01
 1.50744066e+01 3.93856659e+01 8.99230099e+00 1.34479041e+03
 4.66587012e+03 6.83287903e+02 1.64843665e+03 1.19829735e+02
 7.49217224e+01 5.00188904e+01 2.47278784e+03 9.10448303e+01
 1.59386185e+02 6.24158173e+01 5.71817684e+00 4.41063118e+00],-84.572205,-218.19022,-384.8905,4.3396215,21.06255,1.1855003,0.7798963,0.013362371768951416,2775.045145750046,0.02690160009205311,0.0020428372700009695,0.0263894293714917,-0.00918114149048495,9.473135307481465,25.099999999996967,0.0,200000.0,-2.0,-1000.0,500.0,6.579189300537109,200000
131.74338,0.11445283,0.61317605,0.010170036,-125.49716,125.49716,[5.68920135e+00 1.57373369e+00 2.60919976e+00 2.87554741e+00
 1.56774914e+00 1.63175976e+00 1.21722817e+00 6.38505220e+00
 2.03364468e+00 4.62470949e-01 7.63532966e-02 2.94938296e-01
 4.71585184e-01 3.28698015e+00 3.16082168e+00 1.57553986e-01
 2.99123907e+00 4.17843819e+00 1.84799707e+00 2.00355587e+01
 1.52129197e+00 4.09985256e+00 1.50852239e+00 1.37553263e+00
 2.19714379e+00 5.71759796e+00 2.43348107e-01 3.83266449e+00
 1.67711754e+01 2.23434782e+00 4.00815099e-01 3.22893679e-01
 1.95816302e+00 3.78220379e-01 4.17782497e+00 1.04895604e+00
 1.24818087e+00 3.66049111e-01 6.94047153e-01 1.67062545e+00
 3.76201496e-02 3.03402722e-01 4.88822609e-01 4.54108417e-01
 7.81929684e+00 2.85167336e-01 1.00165948e-01 2.78705025e+00
 1.99011171e+00 9.09095585e-01 4.30178344e-01 3.08962435e-01
 5.24768305e+00 5.34447372e-01 2.35085547e-01 3.68983841e+00
 1.92980729e-02 4.47059965e+00 8.57504845e-01 3.88637877e+00
 2.70677149e-01 6.25183582e+00 5.72142005e-01 4.81044006e+00
 1.92074223e+01 1.12987727e-01 1.60813808e-01 1.03727341e+01
 2.32508588e+00 1.60076451e+00 7.97503218e-02 1.91989195e+00
 1.21187496e+01 6.80392599e+00 1.45263138e+01 3.60879946e+00
 1.07092328e-01 2.21275711e+00 5.91927147e+00 1.66597158e-01
 9.75127935e-01 2.84803867e+00 1.68500769e+00 5.46396160e+00
 1.01913548e+00 2.35350966e+00 2.23667288e+00 3.67046452e+00
 6.83900058e-01 3.79350781e+00 1.56731606e-01 4.40325451e+00
 2.53662825e-01 7.17201281e+00 3.73609114e+00 9.51542759e+00
 1.11942730e+01 6.91950134e+02 2.39519978e+00 2.06225681e+00
 7.55453050e-01 4.99547005e+00 3.45024347e+00 5.97310543e+00
 6.48629141e+00 5.17810099e-02 1.45585346e+00 3.25920582e+00
 7.68888474e+00 3.93157291e+00 3.26652622e+00 4.58370119e-01
 1.07292247e+00 8.36034775e+00 1.32253253e+00 2.28469044e-01
 5.77582455e+00 6.87612891e-01 4.50356960e+00 1.62931371e+00
 6.05189279e-02 4.07580328e+00 5.68530321e+00 8.49978209e-01
 9.03081298e-01 8.17453671e+00 1.12773123e+01 5.53146720e-01
 3.85668492e+00 6.39435112e-01 1.62572289e+00 6.13786125e+00
 4.08073759e+00 4.56381798e+00 4.51296425e+00 2.64304619e+01
 9.34127569e-02 8.65128577e-01 3.74889135e+00 8.92792702e+00
 7.97706023e-02 2.26509237e+00 3.86548710e+00 1.02502191e+00
 3.84873223e+00 1.75222433e+00 1.34543085e+01 2.26718500e-01
 4.91026230e-02 2.09196472e+00 4.76954794e+00 2.66537976e+00
 1.06110249e+01 6.47947550e-01 5.79134822e-01 7.73644894e-02
 4.61265898e+00 3.73550922e-01 1.18099194e+01 7.40882099e-01
 3.88281822e+00 1.21363485e+00 3.18515444e+00 1.58991070e+01
 1.54301739e+01 6.03821754e+00 1.49939764e+00 2.00787067e+00
 1.58105969e+00 7.35589600e+00 2.44030543e-03 1.42574668e+00
 3.83162642e+00 1.30660038e+01 9.24142301e-01 4.85210627e-01
 4.46220350e+00 5.71092081e+00 2.45558429e+00 2.73051190e+00
 9.42506015e-01 5.65564537e+00 1.83705473e+00 2.04674149e+00
 1.05635605e+01 1.92905140e+00 4.47431564e+00 1.98289260e-01
 2.57901931e+00 1.21996946e+01 2.53138930e-01 5.17365789e+00
 4.27219963e+00 7.45239544e+00 1.79308128e+01 2.08333805e-01
 6.58460796e-01 4.25567389e-01 5.81701696e-02 6.29866064e-01
 7.16785908e+00 1.22525425e+01 3.87628055e+00 1.97119629e+00
 1.88243532e+00 1.54244924e+00 1.03825426e+00 4.60895729e+00
 4.26986456e+00 7.90746307e+00 3.14386988e+00 5.08299530e-01
 4.64416361e+00 4.98219818e-01 3.31519747e+00 3.21604824e+00
 2.56379294e+00 3.35499239e+00 2.24456131e-01 2.74369642e-02
 2.70330572e+00 1.20132160e+00 4.16443682e+00 9.84960747e+00
 8.13074493e+00 1.07116807e+00 2.16972618e+01 6.28690910e+00
 7.96544850e-02 3.10466146e+00 7.13254750e-01 7.01832199e+00
 3.45930600e+00 9.90746081e-01 1.29264128e+00 6.99967861e+00
 1.82919919e+00 4.24558687e+00 2.25116234e+01 4.88507175e+00
 5.04362941e-01 2.41701841e+00 1.10476971e+00 4.33660221e+00
 3.53301144e+00 1.04197466e+00 1.06269658e+00 4.49672818e-01
 6.49045110e-02 9.40068054e+00 1.89200711e+00 1.18003092e+01
 8.30901116e-02 1.96664286e+00 4.64348602e+00 1.62372041e+00],9.158755,[3.9922628e-01 1.6445196e+00 5.1728449e+00 2.3384263e-01 4.4391603e+00
 8.0549192e-01 4.8864803e+00 1.0120485e+00 1.1877018e+00 4.7768074e-01
 7.8700752e+00 1.2808399e+01 3.6680353e-01 2.0037925e+00 1.2916631e+00
 3.2533262e+00 4.9076900e+00 2.6443964e-01 5.2184944e+00 1.2506947e+01
 5.4967251e+00 2.0551569e+00 9.2491398e+00 2.4115949e+00 6.2143106e+00
 1.2532918e+00 1.7790345e+00 5.8254582e-01 1.9922977e+02 2.2095408e+00
 5.0639972e-02 2.1484342e+00 2.2234476e+00 4.9857858e-01 4.1776550e-01
 1.0151664e+00 3.5348240e-02 2.6221871e+00 4.8158836e+00 3.0060556e+00
 9.5563412e+00 2.6126103e+00 3.3398241e-01 8.3039455e+00 2.9383485e+00
 9.4783580e-01 8.2261860e-02 1.8450563e+00 4.4904909e+00 2.0636568e+00
 2.9234967e+00 2.6148763e+00 1.0840046e+00 1.4376495e+00 5.9695210e-02
 1.8762352e+00 5.6715421e-02 2.5048885e+00 6.9755244e-01 4.4717824e-01
 3.8262637e+00 3.8702939e+00 2.7606025e-01 2.3180065e+00 7.4693322e-01
 1.6592216e+00 3.6174366e+00 2.4923831e-01 4.5652895e+00 2.5060907e-01
 7.1791038e-02 1.1478591e+01 1.3124261e+00 2.0542226e+00 6.3562590e-01
 6.1883736e+00 2.1719845e-01 6.4585390e+00 1.3309460e+00 3.8716334e-01
 4.2420082e+00 5.0846386e+00 1.8241032e+00 5.2553689e-01 1.0481848e+00
 2.8363779e+00 2.1406593e+00 2.4423538e-01 1.8810248e+00 6.0706025e-01
 4.6264637e-01 1.5649819e+00 3.3050257e-01 4.4772153e+00 4.8179460e+00
 5.2565198e+00 2.7366707e-01 4.1362332e+02 9.9268776e-01 1.8124886e+00
 1.4007007e+00 3.1245059e-01 1.4096960e+00 1.0740445e+00 1.5374397e-01
 3.4959108e-02 3.1686041e+00 4.4552279e+00 1.8922839e-01 1.6082838e+00
 1.6416345e+00 1.7772646e+00 4.0005989e+00 5.2983765e-02 1.0531964e+00
 2.3735513e-01 1.9771885e+00 1.0815040e+00 3.9787602e+00 1.4720860e+00
 1.9758956e+00 1.6118401e+00 1.3201751e+00 8.6048073e-01 5.5496407e+00
 5.7610285e-01 3.1292849e+00 5.8498186e-01 3.2859125e+00 6.2962025e-02
 1.7378198e+00 3.7746131e-01 7.5822277e+00 1.2391992e+01 2.1479445e+00
 2.2228138e+01 2.9352922e+00 1.7761738e+00 1.4342865e-01 1.2086848e+00
 2.2521977e+00 7.5439161e-01 2.3644843e+00 6.2660784e-01 2.6821043e+00
 9.0928280e-01 4.8841678e-02 1.9582340e-01 7.1502695e+00 5.8184993e-01
 1.8479878e+00 3.1380367e+00 3.0554132e+00 6.3927609e-01 9.5682836e-01
 4.5431313e-01 2.9358854e+00 1.4554007e+00 5.0952083e-01 3.7679117e+00
 1.2550479e+00 1.8634889e+00 2.0261352e+00 6.4039963e-01 1.0846510e+02
 7.9490727e-01 2.3545427e+00 3.1130724e+00 3.1475470e+00 3.9031427e+00
 1.4602819e-02 1.5934536e+00 1.2039505e+00 1.4949858e+00 2.5771964e+00
 4.7257953e+00 6.3531108e+00 9.8883289e-01 2.6461670e+00 1.3205805e+00
 3.3805988e+00 1.7126517e+00 1.8253735e+00 2.1918104e+00 7.7525079e-02
 2.0056005e+00 1.7397882e+00 3.2498032e-01 3.9613312e-01 1.9555295e+00
 1.7063743e+00 1.0374376e+00 4.9626365e+00 1.4918959e+00 3.4726410e+00
 6.4479885e+00 7.3641092e-01 3.1562033e+00 1.8299623e+00 9.0532551e+00
 6.9587789e+00 1.3740060e+00 2.4927981e+00 6.3988366e+00 8.7351596e-01
 5.9510741e+00 4.2881460e+00 9.1088456e-01 2.8552790e+00 6.6122842e-01
 1.7704868e+00 2.6289959e+00 8.8165259e-01 2.5451012e+00 1.5696216e+00
 2.6836343e+00 4.2132678e+00 4.2635994e+00 2.0793843e-01 6.0402341e-02
 2.9904594e+00 1.9584730e+00 1.6740326e+00 2.4929228e+00 1.3823371e+00
 8.3624897e+00 2.5936792e+01 1.5054994e+00 8.8712811e-02 1.7288923e+00
 1.7151736e+00 6.0581297e-01 2.2426432e+01 2.9310071e+00 3.0595136e-01
 1.6223270e+00 2.6059608e+00 2.7693067e+00 4.4437056e+00 1.6948776e-01
 6.6312844e-01 1.0443365e-02 8.9478264e+00 5.0524106e+00 1.4284859e+00
 6.1929965e-01 4.4492970e+00 1.8918062e+00 1.1754740e-02 4.0612295e-01
 8.2931814e+00 7.7216835e+00 1.0337448e-01 1.3312731e+00 1.1407501e+00
 1.3871446e+00],-62.133507,-181.40923,-400.0,1.6581504,13.289197,0.9396712,0.6299603,279.9234,-252.0716,1563.6868,194.70084,0.7127201,0.6257274,0.089400075,-187.73083,187.73083,[4.14854199e+03 2.57756348e+02 1.20288440e+03 6.40221130e+02
 3.86638245e+02 2.81528835e+01 1.46678839e+01 5.41318245e+01
 1.27234745e+01 7.61750244e+02 4.47013977e+02 1.58213196e+02
 4.04590950e+01 1.22290332e+03 2.15634613e+02 2.23434067e+02
 3.12300964e+02 2.97999487e+03 2.67942413e+02 8.45851593e+01
 1.72967026e+02 6.04358948e+02 7.32756138e+00 9.42923203e+01
 6.57601547e+01 1.14215422e+01 4.19778156e+00 4.78515244e+01
 2.39643372e+02 1.74070715e+03 1.26441711e+02 5.77203417e+00
 9.87936020e+00 1.08807349e+03 7.22052193e+00 1.63704498e+02
 6.09343624e+00 3.47439842e+01 1.33215012e+02 2.18912277e+01
 5.45320251e+02 1.39272511e-01 1.98429394e+01 6.14245529e+01
 6.54022903e+01 1.69885767e+00 3.19003223e+03 2.33735077e+02
 2.84479419e+03 2.22788818e+02 5.08553406e+02 9.51723785e+01
 2.68651543e+01 3.49310837e+01 3.57010269e+01 2.41091400e+02
 2.77803497e+02 1.21315930e+03 3.48070374e+01 9.04139633e+01
 1.36229565e+03 1.50073357e+01 7.72674408e+01 3.32147551e+00
 7.54333954e+01 3.88023834e+01 1.53216438e+01 9.11744995e+02
 4.46780518e+02 3.50745163e+01 7.42009430e+01 8.08676834e+01
 3.20886658e+02 2.04972961e+02 2.69446259e+01 3.62555389e+01
 1.64218781e+02 3.89664230e+01 3.23186279e+02 5.38938354e+02
 2.28539944e+01 6.74736023e+01 1.19658704e+03 5.48965454e+02
 3.00094242e+01 1.03525063e+02 1.04218849e+02 5.30912170e+01
 1.29467392e+02 4.47540588e+01 1.44744568e+02 8.62658325e+02
 5.09818993e+01 5.74455627e+02 2.32735321e+02 2.91542938e+02
 1.56612048e+03 2.25032215e+01 1.76366074e+02 8.91628711e+03
 2.49724014e+02 1.14538116e+01 1.68618500e+02 6.31458252e+02
 5.23611328e+02 1.41692305e+01 1.22994545e+02 5.82774124e+01
 1.01719275e+01 1.32565259e+03 1.44436121e+03 1.64800064e+02
 1.63246548e+00 6.70180359e+01 3.81569519e+01 2.78663330e+02
 6.06084839e+02 7.06269684e+01 1.26479134e+02 1.51346313e+02
 1.91051369e+01 1.01788467e+02 1.20681076e+01 4.82387066e+00
 9.14599533e+01 6.43944168e+00 1.53500336e+02 2.32892570e+01
 4.75837212e+01 9.39701080e+01 1.69178574e+02 8.21681396e+02
 2.73359985e+01 2.21868820e+01 1.19370544e+02 1.46964630e+02
 6.40035782e+01 6.13258934e+00 3.45394684e+02 9.33705521e+01
 3.07190151e+01 4.42853737e+01 6.34186554e+01 9.41648987e+02
 4.25920143e+01 2.01438477e+03 4.48142014e+01 1.02241562e+02
 1.81678963e+01 3.05156921e+02 7.97586966e+00 8.63142776e+00
 1.84746151e+01 2.07963455e+02 8.41989624e+02 1.26036713e+02
 2.25030737e+03 1.01458618e+02 2.20013580e+02 2.17730389e+01
 7.82636948e+01 9.32052155e+01 1.25419739e+03 2.78845940e+01
 2.31384964e+02 6.26436462e+02 4.09296341e+01 2.66734619e+02
 2.13051815e+01 1.21583214e+01 2.53262451e+02 1.98955978e+02
 1.36263855e+02 7.24673986e+00 1.89104295e+00 1.47819153e+02
 7.59210815e+02 5.35573273e+01 5.61771240e+02 1.41604958e+01
 6.87697815e+02 1.83462418e+02 3.28307390e+00 7.41987686e+01
 3.20831940e+02 3.28629669e+02 3.75479126e+02 1.19110733e+02
 4.75798309e+02 1.43693436e+02 3.16727142e+02 1.17259753e+03
 1.87550545e+01 1.04703808e+01 5.30431786e+01 4.56976166e+02
 9.79913635e+01 1.26076813e+02 1.36066971e+01 8.89420776e+02
 4.27909515e+02 8.24549484e+01 1.81350098e+01 2.35651581e+02
 9.15449066e+01 1.87283401e+02 7.03460022e+02 1.31834259e+02
 7.49244080e+01 4.83173828e+02 3.99461182e+03 4.13674072e+03
 8.42642212e+01 3.43342255e+02 1.17639923e+00 7.88817501e+00
 3.24610718e+02 1.32170982e+01 1.20262165e+01 1.72215973e+02
 3.04373657e+02 4.63966026e+01 9.03413940e+02 1.07060410e+02
 3.03949394e+01 7.58971558e+01 2.04348480e+02 4.52237034e+00
 5.41146803e+00 1.83437744e+02 8.73702881e+02 4.97388229e+01
 7.36772888e+02 7.31709839e+02 5.06576996e+02 1.20103775e+02
 8.90912476e+01 3.10826141e+02 2.70499058e+01 8.26612732e+02
 2.00998444e+02 1.32795874e+03 1.41317810e+02 2.14546616e+02
 1.17177589e+02 1.75545769e+01 2.88045990e+02 3.87171570e+02
 3.54477325e+02 9.74637085e+02 6.10725952e+02 1.76233627e+02
 3.75176025e+02 2.94565033e+02 8.45488434e+01 3.43247147e+01],638.2741,[2.81216431e+03 3.56594788e+02 1.39561450e+03 5.12841248e+02
 3.11839371e+01 4.06098032e+00 1.50278444e+01 4.44575577e+01
 1.11036291e+01 1.68596466e+02 4.81730011e+02 1.00848442e+02
 3.48456268e+01 1.29945633e+02 4.32800262e+02 6.66299286e+01
 3.31337341e+02 3.16238184e+03 1.54357864e+02 2.87923164e+01
 2.18333557e+02 4.48368408e+02 8.51090240e+00 1.08293175e+02
 7.89445937e-01 4.22825966e+01 1.15947208e+01 5.60894585e+01
 4.12105484e+01 3.04834180e+03 2.21058395e+02 2.14455605e+00
 5.19955139e+01 1.42667847e+03 8.36923885e+00 3.53700562e+02
 2.97208729e+01 4.23664970e+01 4.31941643e+01 2.80233192e+01
 6.12350037e+02 4.91659117e+00 2.51994247e+01 8.89673767e+01
 5.01944962e+01 5.26673698e+00 4.64999561e+03 1.85569973e+01
 2.55541397e+02 9.37843018e+01 3.47292053e+02 8.34727097e+01
 8.53663310e-02 1.96824856e+01 1.04000114e+02 2.26741119e+02
 2.72844086e+02 1.34052734e+03 3.69299736e+01 8.09455566e+01
 1.35266235e+03 8.91086960e+00 7.60099335e+01 6.10861282e+01
 1.51532154e+01 3.07629032e+01 5.50031281e+01 1.91574634e+03
 2.36935364e+02 3.70597382e+01 8.46163864e+01 9.23345642e+01
 3.83565247e+02 5.66476379e+02 3.59793816e+01 8.61776047e+01
 1.78571747e+02 3.02536278e+01 2.52430374e+02 6.33782227e+02
 3.42523485e-01 4.89837685e+01 1.11155798e+03 3.59882568e+02
 1.08512135e+01 6.56233215e+01 1.14691437e+02 6.24231834e+01
 1.57264542e+02 4.96980934e+01 1.49051910e+02 5.64710083e+02
 4.56852303e+01 1.11734253e+03 2.08703384e+02 8.98868225e+02
 1.53536841e+03 4.66332817e+00 1.95903824e+02 8.45561914e+03
 5.87445496e+02 9.40518558e-01 3.77441711e+02 5.72885498e+02
 5.32366455e+02 9.89413643e+00 8.44036560e+01 2.26026565e-01
 7.28774595e+00 2.08807666e+03 1.37128931e+03 1.69576370e+02
 4.82793093e+00 7.19543457e+01 4.00204620e+01 3.47061462e+02
 4.80489685e+02 3.68806824e+02 2.21708679e+01 4.09227722e+02
 4.87058296e+01 2.18477020e+01 2.73674298e-02 6.98845959e+00
 6.75229263e+01 3.40731788e+00 1.22273911e+02 3.58993530e+00
 8.33117905e+01 8.81477280e+01 1.80460907e+02 1.40858618e+03
 3.65657949e+00 2.49315872e+01 9.33820343e+01 3.30914490e+02
 1.50038620e+02 1.89402943e+01 4.43538055e+02 8.95333710e+01
 1.06594868e+01 6.89885635e+01 4.04425812e+01 9.22961243e+02
 4.07852631e+01 2.98878857e+03 1.03654613e+01 1.62487305e+02
 2.47127666e+01 7.07923828e+02 2.70954380e+01 2.09573193e+01
 4.86469173e+00 4.03856415e+02 4.76900177e+02 1.16744141e+02
 2.11060645e+03 6.55263901e+01 2.95770935e+02 3.32126319e-01
 7.58001785e+01 8.13658047e+00 1.75586230e+03 7.87959242e+00
 2.12656982e+02 7.44844482e+02 4.36253052e+01 2.93675270e+01
 1.73361320e+01 3.77561927e+00 1.82843948e+02 1.28771881e+02
 1.41812241e+02 6.54440737e+00 7.39110031e+01 2.78884125e+02
 1.00973523e+03 3.78653870e+01 4.21821106e+02 1.33324032e+01
 1.03593152e+03 1.43042679e+02 8.75894260e+00 2.69668083e+01
 3.38134338e+02 3.26472900e+02 1.41289387e+01 6.41902084e+01
 3.69447357e+02 1.31799438e+02 1.73403198e+02 1.90281921e+03
 3.54030609e+01 8.27080917e+00 5.05523415e+01 2.52599869e+02
 7.93452606e+01 1.83415710e+02 1.09536448e+01 9.67933594e+02
 5.04480171e+01 2.83733959e+01 7.55718918e+01 2.51863586e+02
 7.48470917e+01 7.47330704e+01 5.41347412e+02 6.61953747e-01
 4.04933891e+01 5.09861755e+02 3.67241846e+03 4.15980664e+03
 9.79476624e+01 3.98078064e+02 1.29900227e+01 6.30972061e+01
 3.47597656e+02 3.42896461e+01 2.61209846e-01 2.95250854e+02
 4.96208679e+02 4.57245598e+01 9.81951294e+02 1.16896042e+02
 3.44344025e+01 5.63724594e+01 2.64648407e+02 2.41376991e+01
 4.24044113e+01 4.22241974e+01 1.27615059e+02 6.92351303e+01
 1.35273056e+02 3.08292450e+02 5.74440247e+02 1.61079651e+02
 7.49909821e+01 3.50442596e+02 1.89931393e+01 1.01942163e+03
 6.31168008e-01 1.51473352e+03 2.76812115e+01 3.09327888e+01
 1.22768303e+02 8.69307556e+01 9.64617767e+01 4.14137634e+02
 3.09193604e+02 9.23899292e+02 7.37643616e+02 8.50338516e+01
 7.50185928e+01 3.34210785e+02 1.13284912e+02 4.60473366e+01],-91.96249,-223.41017,-382.57706,3.9454377,12.649897,1.1372044,0.7774557,0.014000565071105957,3125.0592908859253,-0.23587485687975196,0.014112418645423348,-0.23476921232292963,0.018737451364124934,-0.6808227146501213,25.099999999996967,0.0,225000.0,-2.0,-1000.0,500.0,6.445223093032837,225000
124.37285,0.1518446,0.64556247,0.012250475,-117.76538,117.76538,[1.83712709e+00 2.07665753e+00 8.33290398e-01 9.74528122e+00
 7.97508098e-03 1.11617756e+00 1.51928291e+01 5.39104827e-02
 4.67449903e+00 9.75473523e-01 3.22165222e+01 1.56203723e+00
 1.02276468e+00 1.35816431e+00 2.29930019e+00 4.46819735e+00
 4.28554153e+01 5.21625710e+00 9.67478395e-01 6.41524220e+00
 1.76175904e+00 4.90117121e+00 1.22043228e+01 1.45969439e+01
 1.71245308e+01 2.50147247e+00 2.65270596e+01 7.00855255e+00
 3.89493883e-01 3.31295323e+00 3.38024306e+00 2.83787704e+00
 1.19133663e+01 7.09717035e+00 1.26419652e+00 2.20474195e+00
 1.55218685e+00 1.88278675e+00 2.42613745e+00 5.66495776e-01
 2.83819723e+00 2.18774128e+00 2.06504869e+00 5.72270334e-01
 7.51255751e-01 6.02065754e+00 3.22622836e-01 8.96509409e-01
 1.55200539e+01 1.71115613e+00 1.13301408e+00 2.41014910e+00
 7.22805309e+00 8.27866912e-01 1.07445009e-03 5.88639259e-01
 9.70303774e-01 3.08772802e+00 6.04572344e+00 3.93314505e+00
 2.87156844e+00 6.54568481e+00 4.87951469e+00 3.65043700e-01
 5.04392767e+00 3.69597125e+00 2.55432272e+00 1.83254898e+00
 3.73911405e+00 1.02590942e+00 5.92668915e+00 7.32685030e-01
 2.27007151e+00 6.69449985e-01 2.05576086e+00 5.22972059e+00
 5.17335773e-01 2.24131989e+00 8.97144413e+00 8.51358324e-02
 2.53581643e-01 5.33620262e+00 5.79239607e+00 3.73426586e-01
 2.03793585e-01 6.47151470e-02 4.18392956e-01 1.93313345e-01
 7.74256960e-02 1.70275438e+00 1.62424767e+00 1.10038815e+01
 3.37403011e+00 1.93448067e+00 2.95199180e+00 2.35915184e+00
 3.10804653e+00 1.93503833e+00 4.40527153e+00 1.34784371e-01
 1.61794364e+00 3.55833893e+01 2.85201526e+00 9.11376059e-01
 1.35484781e+01 1.05911231e+00 1.42234004e+00 3.72136545e+00
 1.77221167e+00 2.02902317e+00 6.36644840e+00 6.28674150e-01
 2.72821903e+00 4.71552801e+00 2.76328926e+01 2.70176077e+00
 4.11463881e+00 7.96919823e-01 7.81663693e-04 2.28903389e+01
 1.62962690e-01 9.41207290e-01 1.30920734e+01 2.93878257e-01
 1.23647436e-01 3.87709588e-02 3.75141799e-01 3.49424124e+00
 2.74414241e-01 1.15064538e+00 1.81059372e+00 4.05051422e+00
 3.13339067e+00 1.46338201e+00 3.33823442e-01 1.78794050e+00
 2.89435291e+00 1.13783550e+01 1.28018963e+00 3.44827318e+00
 1.05020308e+00 5.73138893e-01 6.75901079e+00 3.63894373e-01
 2.00974315e-01 1.60057569e+00 3.45574737e+00 1.13468876e+01
 4.49156553e-01 8.45195889e-01 1.36090720e+00 9.42055762e-01
 1.54113486e-01 1.42745590e+01 7.94674754e-01 2.72184797e-02
 2.42371202e-01 1.99695778e+00 2.72643733e+00 3.14651370e-01
 1.39960241e+00 7.15367198e-01 7.19386721e+00 2.10820365e+00
 7.37473202e+00 2.24173999e+00 1.63713284e-02 7.61264622e-01
 1.77775335e+00 6.49098301e+00 4.90285456e-01 1.60170670e+01
 2.00207443e+01 4.81647342e-01 5.08679867e+00 1.79696012e+00
 4.52664566e+00 7.94383824e-01 1.60414543e+01 1.36377697e+01
 3.43114662e+00 1.21356373e+01 1.14310341e+01 3.24137115e+00
 5.60733318e-01 7.89975762e-01 1.82286854e+01 5.16733229e-01
 1.78195286e+00 7.04156017e+00 1.82558250e+01 2.10883045e+00
 9.42325020e+00 1.59295952e+00 4.70035410e+00 5.38305581e-01
 6.48454952e+00 5.05522394e+00 3.27881002e+00 2.17213631e+00
 1.15294397e-01 9.29196358e-01 1.25206318e+01 6.29939508e+00
 2.44119382e+00 2.19528365e+00 7.63564682e+00 2.41036367e+00
 3.77893329e+00 9.33610630e+00 4.83143926e-01 2.35874772e+00
 1.29626298e+00 1.67932943e-01 4.07120800e+00 3.15663767e+00
 2.98513860e-01 4.80617619e+00 1.28687203e+00 1.67532883e+01
 4.99441177e-01 4.04406691e+00 9.68346691e+00 8.28421307e+00
 8.83838654e-01 1.69098778e+01 8.87225643e-02 1.82020009e+00
 4.62380743e+00 1.26011634e+00 1.00010931e-02 5.69312014e-02
 3.33661079e+00 2.89512873e-01 9.31236458e+00 4.69703436e+00
 3.71154451e+00 9.54846478e+00 5.42394829e+00 1.68333077e+00
 1.38652456e+00 8.54508209e+00 2.44279823e+01 5.71350813e-01
 1.20554495e+01 8.35523188e-01 1.43680120e+00 2.90874910e+00
 1.03993380e+00 3.23432994e+00 6.95572281e+00 2.52498955e-01
 2.62778425e+00 3.57890129e-01 8.86753649e-02 1.79251775e-01],5.8608084,[2.74971509e+00 5.75816631e+00 3.09915257e+00 2.12182426e+01
 9.47351940e-03 4.74827957e+00 1.08110428e+00 2.31452942e+01
 6.37886524e-02 7.14421511e-01 6.49320066e-01 3.53139973e+00
 7.94886529e-01 2.45776266e-01 4.50811005e+00 3.43904352e+00
 4.51333351e+01 1.92600846e+00 7.39756107e+00 6.50458097e+00
 3.40747142e+00 2.55287838e+00 2.49880528e+00 4.77289772e+00
 1.44002962e+00 5.84670663e-01 1.07545698e+00 1.31245184e+00
 5.62819672e+00 7.02583194e-01 1.29372096e+00 3.74952936e+00
 6.33315682e-01 1.97029448e+00 1.10100853e+00 1.14507668e-01
 2.25637746e+00 8.71333361e-01 9.08225298e-01 6.73142719e+00
 1.56404305e+00 3.14590931e-01 7.49944019e+00 3.63614035e+00
 3.22941160e+00 5.79407036e-01 1.41136125e-01 5.25414944e+00
 7.14670360e-01 1.53022423e+01 3.65333581e+00 3.61846232e+00
 2.30065536e+00 2.24058270e+00 8.17621499e-02 9.46598530e-01
 8.52771091e+00 5.87998009e+00 2.54679990e+00 3.20524383e+00
 4.87217522e+00 6.81976438e-01 1.47219324e+00 1.08109164e+00
 9.98103797e-01 1.60276258e+00 2.53030133e+00 3.33894491e+00
 3.59677434e+00 1.18904896e+01 1.29825163e+00 5.40313959e-01
 3.76005030e+00 3.02520418e+00 1.08617735e+01 1.50520926e+01
 2.82061547e-01 4.12378073e-01 1.43174067e-01 5.41742593e-02
 1.92402974e-01 2.97348428e+00 1.33001542e+00 1.74734163e+00
 3.58598232e-01 2.19400668e+00 5.68161678e+00 3.16313982e-01
 5.53363599e-02 3.73613214e+00 5.45495272e+00 1.04977789e+01
 6.82169008e+00 7.15545177e+00 2.70456463e-01 4.67308187e+00
 2.97258067e+00 2.08300114e+00 4.59897548e-01 3.50334942e-02
 7.77585566e-01 2.86651115e+01 4.62171745e+00 1.77306509e+00
 1.57068777e+00 2.56912708e-01 4.96533632e+00 1.56078529e+00
 5.73911905e+00 1.04963255e+00 1.93506777e+00 5.17006576e-01
 3.94887030e-01 2.45380104e-01 4.15816832e+00 1.12544107e+00
 1.31181076e-01 2.56701708e+00 5.02666123e-02 2.19326878e+00
 2.39274830e-01 2.65623283e+00 2.69766378e+00 2.87482023e-01
 1.54104203e-01 7.05834664e-03 1.10060465e+00 2.46070194e+00
 2.29191303e-01 6.66662598e+00 4.28450394e+00 1.83271074e+00
 2.39447069e+00 1.61767316e+00 2.00558990e-01 1.15393543e+01
 3.21681499e+00 2.17921686e+00 7.58631086e+00 1.23388875e+00
 2.76297271e-01 1.55187244e+01 8.91030952e-02 4.79214001e+00
 9.44608402e+00 7.40588808e+00 1.61897731e+00 2.38512707e+00
 1.07488995e+01 6.86741018e+00 8.60684681e+00 6.94214916e+00
 6.42792404e-01 2.90091562e+00 1.88139129e+00 7.21750736e-01
 2.24075615e-01 3.74983978e+00 1.84368587e+00 8.27374363e+00
 5.35593319e+00 9.08815193e+00 4.27334738e+00 1.87520969e+00
 1.84722292e+00 2.19152379e+00 7.41691142e-02 2.03872383e-01
 1.68147910e+00 2.47337759e-01 9.81227493e+00 3.62957025e+00
 5.52322998e+01 3.78104210e-01 1.83836448e+00 6.24446964e+00
 1.42398620e+00 3.09454203e-01 7.24500990e+00 1.18884077e+01
 2.20948863e+00 2.72096920e+00 1.24278462e+00 1.91919851e+00
 4.37634706e-01 1.62175953e+00 6.91186447e+01 1.51896417e-01
 3.97466660e+00 2.99754953e+00 6.03736460e-01 4.48273778e-01
 5.87876987e+00 6.89195728e+00 7.76445389e-01 3.53583127e-01
 1.76207379e-01 2.34591201e-01 1.39440447e-01 1.04507275e+01
 1.63638744e+01 1.14996586e+01 2.07069591e-02 2.66331267e+00
 2.19607055e-01 2.16721416e+00 2.08316255e+00 3.67867374e+00
 1.09051094e+01 2.26600409e+00 9.76603031e-02 2.72637844e+00
 4.72457744e-02 2.05313504e-01 3.25288892e+00 3.04261613e+00
 5.71693373e+00 1.00476861e+00 8.79596138e+00 1.21458645e+01
 1.05161257e+01 1.07940159e+01 1.62661552e+00 7.08802283e-01
 2.60910797e+00 6.00547333e+01 4.86643054e-02 1.01430264e+01
 3.76755953e+00 2.96751833e+00 8.46505910e-02 9.78625659e-03
 2.74306679e+00 5.39797425e-01 1.12228203e+00 1.70982197e-01
 6.48975596e-02 8.39059651e-01 5.11633444e+00 1.63129640e+00
 1.51728325e+01 9.27404821e-01 4.64648533e+00 3.56861591e+00
 2.46121674e+01 7.25622058e-01 5.17923021e+00 7.49093056e-01
 1.16375089e-01 7.37743235e+00 2.82314032e-01 2.48740792e+00
 3.48826957e+00 3.06814522e-01 1.36388645e-01 1.13122031e-01],-61.893623,-170.65222,-400.0,1.7296529,9.393702,0.9569113,0.64308715,82.46509,-196.88336,770.49194,181.24205,0.818717,0.6126838,0.1002902,-174.2965,174.2965,[6.98940796e+02 9.55154602e+02 6.35124855e+01 1.31836868e+02
 1.32625977e+02 4.63597260e+01 1.78275394e+01 4.68275490e+01
 1.36326799e+01 2.82478752e+01 9.76982727e+01 5.41935043e+01
 5.43814659e+01 1.21834528e+00 5.70418777e+01 2.11029243e+01
 2.77068420e+02 9.89631653e+00 5.37073303e+02 6.70404482e+00
 6.34993408e+02 4.16027145e+01 1.73981934e+02 6.24457550e+00
 2.01369843e+02 1.88918629e+01 1.64079163e+02 6.54414511e+00
 1.48378082e+02 9.67719971e+02 5.95090342e+00 8.75810791e+02
 1.51977005e+01 3.48256683e+01 3.02496216e+02 1.41476791e+02
 2.83126183e+01 3.22178223e+03 1.70414319e+03 1.95941544e+01
 1.50068161e+02 2.89869263e+02 4.04961052e+01 4.60591125e+02
 2.69680206e+02 1.47183475e+01 1.32032593e+02 6.96874475e+00
 2.46934814e+02 9.72548866e+00 3.98805481e+02 3.31325412e+00
 4.97262061e+03 7.13545609e+01 8.43395424e+00 9.11019897e+02
 3.09309113e+02 1.63478699e+01 1.79341476e+02 1.42442032e+02
 6.74718857e+01 1.08591127e+01 6.40905151e+01 1.24456394e+00
 2.89581848e+02 1.43418726e+03 1.00146591e+02 2.13144196e+02
 4.86500587e+01 3.58573227e+01 7.59707336e+01 9.98907089e+00
 3.91244087e+01 1.16501877e+02 5.37365295e+02 1.52462622e+03
 1.81332230e+02 3.79700165e+01 1.17952003e+02 7.61271896e+01
 1.98350632e+02 1.13661084e+03 3.66573944e+01 4.69636917e+01
 1.35854736e+02 9.40987854e+01 6.56432867e-01 5.05073891e+01
 3.56943398e+01 1.30036652e+02 1.80498642e+02 6.67384399e+02
 2.14307068e+02 2.10892822e+03 1.80088318e+02 5.24513969e+01
 4.42968048e+02 1.18741165e+02 1.49969330e+02 5.94023800e+00
 3.95867017e+03 3.26003933e+00 7.22345398e+02 7.22470093e+01
 1.21690186e+03 8.46935852e+02 3.99570923e+02 2.08884094e+02
 7.04412613e+01 2.74811084e+03 1.66270691e+02 3.12555313e+01
 8.95412979e+01 1.33595448e+01 2.58280144e+01 9.85499024e-01
 6.78929291e+01 1.07461138e+01 6.93598557e+01 1.22719604e+02
 2.79350616e+02 3.33557892e+01 3.74939575e+03 4.41449524e+02
 2.29131317e+01 4.76116791e+01 1.73480949e+01 1.32861206e+03
 5.21871414e+01 5.05144958e+02 1.79488111e+00 1.99468117e+01
 1.91903076e+01 2.39393860e+02 1.25908295e+02 4.51966797e+02
 1.57888279e+01 7.77789841e+01 2.74628265e+02 9.07316040e+02
 3.92255287e+01 9.58239746e+00 2.03962784e+02 7.40987427e+02
 2.23276321e+02 1.25778913e+01 2.76292839e+01 2.64874630e+01
 2.71800598e+02 1.06207069e+02 2.52939548e+01 1.00702271e+03
 1.70725651e+01 1.19457263e+03 1.35789429e+03 2.87226562e+01
 7.90622940e+01 2.78540649e+01 1.00295334e+02 6.87492859e+02
 4.57331657e+00 3.72906876e+01 1.11536911e+02 3.53509750e+01
 1.52494720e+02 8.67297840e+00 1.24330298e+03 5.21595459e+02
 8.52329865e+01 1.00436768e+02 9.53158722e+01 2.83802581e+00
 1.42422462e+00 1.92658218e+02 4.32002472e+02 1.83552017e+01
 2.39050415e+02 1.01774998e+01 2.01160095e+02 2.94074535e+00
 1.59125471e+01 3.34221558e+02 1.18752670e+01 6.57140625e+02
 7.45443176e+02 1.77884766e+02 1.17461426e+02 2.10477661e+02
 7.78317566e+01 4.39340515e+02 1.86309753e+02 1.17743087e+00
 2.02932770e+02 1.04467598e+02 1.03110489e+02 4.63489319e+02
 1.97343521e+02 1.16644182e+01 2.82302429e+02 3.22129547e+02
 1.07516937e+02 5.23894348e+02 5.49675903e+02 6.04161224e+01
 2.53429718e+01 5.91334229e+02 3.00565247e+02 1.39983597e+02
 2.52482681e+01 2.77119980e+01 3.80550194e+01 1.64337860e+02
 4.73558474e+00 1.25295154e+03 5.31322136e+01 2.61944103e+01
 4.38209595e+02 2.68483829e+01 2.64138298e+01 1.41759933e+02
 2.56004639e+01 3.82764130e+01 1.90223446e+01 4.55529289e+01
 3.63905701e+02 8.15972290e+01 1.69726758e+03 2.93232574e+02
 4.95298004e+01 7.60151978e+02 4.31520309e+01 1.26602295e+03
 1.53847370e+01 1.48005905e+01 8.35895874e+02 7.98839569e+01
 3.22802490e+02 7.30178452e+00 7.18452759e+01 3.63114243e+01
 4.03241253e+00 7.01356812e+01 2.15165894e+02 6.49594345e+01
 5.85413628e+01 4.88218445e+02 4.96518738e+02 1.79532434e+03
 1.59684723e+02 1.41116684e+02 2.05589233e+03 3.20184204e+02
 2.15177879e+01 8.45605850e+00 8.53526020e+00 4.81110668e+00],454.9456,[1.43795517e+02 8.23290161e+02 8.38619690e+01 1.00525581e+02
 1.73309540e+02 3.33243227e+00 1.95523071e+01 2.57620087e+01
 1.25212345e+01 6.72277222e+01 9.25061417e+01 7.62125111e+00
 6.30229225e+01 3.51726770e+00 5.04716492e+01 3.53117895e+00
 1.03203331e+02 2.39806175e+00 1.38173340e+03 5.36302614e+00
 6.26654785e+02 4.87045593e+01 2.78150879e+02 5.97920179e+00
 2.39088257e+02 1.46752281e+01 3.30439636e+02 1.95837498e+01
 3.88785477e+01 9.43538025e+02 7.78136396e+00 1.58429346e+03
 1.11682253e+01 1.25215912e+00 3.02573242e+02 2.99011108e+02
 7.97731686e+00 5.36327820e+02 1.67506201e+03 1.95426826e+01
 1.49539566e+02 2.91708740e+02 1.33741779e+01 4.30253540e+02
 8.72508392e+01 8.04231644e+00 1.33397217e+02 3.56629229e+00
 2.31154846e+02 6.04574051e+01 6.60432739e+01 1.77854958e+01
 2.14781445e+03 6.98315582e+01 1.35493784e+01 8.53459351e+02
 2.60612244e+02 2.27917557e+01 1.36890991e+02 8.08843765e+01
 6.07796326e+01 1.54371872e+01 1.01822449e+02 2.29535627e+00
 3.63234138e+01 1.31426086e+03 9.15799103e+01 3.20638702e+02
 3.30668068e+01 3.56827316e+01 6.41456451e+01 1.00492907e+01
 2.82138290e+01 5.52886391e+00 5.29395020e+02 1.36003137e+03
 3.49636566e+02 3.61479187e+01 1.16755516e+02 5.44899254e+01
 1.92068085e+02 8.04267151e+02 2.77150002e+01 1.36021652e+02
 3.08573761e+02 9.59219742e+01 1.66033044e-01 2.34624348e+01
 5.38267021e+01 1.10150978e+02 1.01521690e+02 2.26335327e+02
 1.78721878e+02 1.21971057e+03 5.53263779e+01 4.72666740e+01
 1.84614075e+02 8.37527237e+01 1.74696243e+02 2.04146028e+00
 3.28048145e+03 8.84892762e-01 1.18574463e+03 7.84455032e+01
 1.31332550e+02 2.38329651e+02 2.82704220e+01 1.92332123e+02
 5.50136185e+01 1.65524658e+02 1.60170319e+02 4.39342346e+01
 4.83742218e+01 1.36012864e+00 2.70917473e+01 5.55125284e+00
 5.68282509e+00 1.64411724e+00 5.24572611e-01 5.33458252e+01
 2.95049362e+01 3.15078945e+01 1.66978955e+03 4.12291199e+02
 1.44706345e+01 4.70515289e+01 6.42730618e+00 1.41084509e+03
 8.54052582e+01 4.67466705e+02 1.45219011e+01 4.10037190e-01
 1.79280014e+01 1.32582550e+02 1.48504379e+02 2.65689014e+03
 6.61966133e+00 9.64988708e+01 2.30983032e+02 3.43052734e+02
 7.17621078e+01 1.19600029e+01 2.90850128e+02 3.99923737e+02
 1.65611908e+02 2.10025311e+01 3.25992584e+01 1.53124371e+01
 2.58016541e+02 1.03842491e+02 1.86968401e-01 9.68239380e+02
 6.00363684e+00 1.25720654e+03 4.31468842e+02 3.69212532e+01
 1.86548481e+01 2.46740208e+01 3.95915756e+01 7.37822632e+02
 3.85487843e+00 3.88557358e+01 2.16277435e+02 7.60432053e+00
 3.16551880e+02 1.55858650e+01 8.05455078e+02 6.42083557e+02
 7.75660934e+01 1.36953461e+02 1.08297606e+01 8.67682934e+00
 1.77994614e+01 1.79838501e+02 4.10698914e+02 8.09315109e+00
 3.23797546e+02 1.83960056e+01 2.04076141e+02 2.71605759e+01
 2.68716168e+00 4.72035858e+02 9.47039413e+00 6.91989990e+02
 4.72894104e+02 1.69766174e+02 2.41515121e+02 2.10303421e+02
 7.27319183e+01 4.95906738e+02 1.62820377e+01 8.30875111e+00
 2.08789246e+02 5.59635544e+01 1.76414886e+02 1.04200897e+01
 2.16198898e+02 2.53506508e+01 3.11851288e+02 3.62192444e+02
 1.71545868e+02 3.94397797e+02 8.03259048e+01 7.23690643e+01
 3.28231583e+01 2.27399979e+02 4.39389000e+01 2.28603119e+02
 3.07344398e+01 8.52569962e+00 4.35427246e+01 1.59844208e+02
 3.66854310e+00 7.84669250e+02 1.10405212e+02 1.41846895e+01
 8.94956970e+01 5.11825943e+01 1.18522940e+01 1.90874069e+02
 1.80840988e+01 1.48816824e+01 1.16489449e+02 3.75604401e+01
 3.82830170e+02 2.70933132e+01 1.48303870e+03 2.49366547e+02
 5.54336090e+01 6.88400269e+02 3.61385681e+02 3.35004578e+02
 1.84757423e+00 5.52003443e-01 1.49996643e+02 3.37613190e+02
 3.17216125e+02 5.44509554e+00 2.76621948e+02 7.10262909e+01
 1.75349808e+00 1.59928650e+02 4.99760590e+02 7.08357773e+01
 9.01432228e+00 1.82532410e+02 1.63004333e+02 1.83747791e+03
 1.40260254e+02 6.37437363e+01 1.67426956e+02 1.58694427e+02
 3.04359913e+01 5.58098030e+00 1.50947124e-01 8.87975311e+00],-92.067505,-206.81473,-389.75693,3.664807,18.490242,1.0807728,0.7671026,0.013333992853164674,3458.4091291427612,-0.08572415000885313,0.0027735760824545287,-0.08519919446319861,0.009539164456699337,11.89396442586943,25.099999999996967,0.0,250000.0,-2.0,-1000.0,500.0,6.61201548576355,250000
111.9913,0.13121575,0.5164351,0.012552409,-106.69573,106.69573,[9.58387971e-01 6.97278857e-01 1.50666213e+00 2.97450352e+00
 4.84572697e+00 1.42747784e+00 2.22335863e+00 2.54435349e+00
 1.12684000e+00 8.89149094e+00 3.70800756e-02 2.76399541e+00
 3.80777836e-01 5.59953928e+00 1.11253130e+00 7.36499691e+00
 2.59013319e+00 1.07989490e+00 8.31230259e+00 1.96452290e-02
 5.76260567e+00 1.50678754e-01 3.15145111e+00 3.83366179e+00
 2.32810116e+00 1.82456243e+00 4.38956833e+00 6.65001106e+00
 1.00159073e+01 4.35508776e+00 4.30916452e+00 1.58884358e+00
 7.79236031e+00 1.37423766e+00 1.94201517e+00 1.26280814e-01
 3.99182367e+00 4.23960781e+00 6.25084758e-01 3.28649521e+00
 4.74232864e+00 4.90610170e+00 4.15470600e+00 5.66624880e+00
 8.86918449e+00 4.36206341e+00 5.48919106e+00 5.69911861e+00
 1.83076191e+00 7.83071041e-01 3.77266645e+00 1.12656212e+01
 2.68827915e+00 2.01846313e+00 1.40283451e+01 2.44103718e+00
 9.55430567e-01 6.57223225e+00 7.91060066e+00 4.02631789e-01
 6.55243754e-01 1.74032784e+01 6.43651724e+00 1.29331052e+00
 1.81873000e+00 2.98868746e-01 9.17525232e-01 1.48635077e+00
 3.43187857e+00 5.65139627e+00 1.05285212e-01 5.56846666e+00
 1.56363382e+01 2.62520695e+00 3.74217129e+00 2.48616481e+00
 3.01865220e-01 1.60595012e+00 1.69410273e-01 1.10524809e+00
 1.21531594e+00 4.14260358e-01 4.92842007e+00 1.88881741e+01
 1.71231240e-01 2.37623143e+00 1.47813568e+01 1.34169650e+00
 4.05828333e+00 3.06348658e+00 6.34001064e+00 1.11067379e+00
 3.41197300e+00 6.61147690e+00 4.23799467e+00 4.91443300e+00
 1.43664207e+01 2.09342194e+00 2.49442272e+01 1.02906942e+01
 3.16962757e+01 1.71673536e+00 1.97386575e+00 2.00191522e+00
 5.45500040e-01 6.05939913e+00 7.75441110e-01 1.16766429e+00
 8.63549614e+00 4.41698360e+00 4.72343874e+00 1.50166333e+00
 1.87843770e-01 7.07370615e+00 7.75857806e-01 8.19779694e-01
 3.96357250e+00 6.90094829e-01 7.38545299e-01 5.09512091e+00
 2.78596234e+00 4.37429428e+00 8.73449421e+00 5.54305744e+00
 2.63856006e+00 7.19036698e-01 5.63172770e+00 3.04744220e+00
 4.96790600e+00 7.04412878e-01 1.77496791e+00 1.98681486e+00
 4.35365915e+00 5.38255835e+00 2.07615209e+00 2.70418835e+00
 4.97360849e+00 3.84479928e+00 4.11426449e+00 2.27609253e+00
 8.23314857e+00 1.06320627e-01 1.50566566e+00 1.53438509e+00
 6.65352249e+00 9.02347565e-01 5.29275313e-02 3.36416864e+00
 4.42209673e+00 3.30895472e+00 8.16883445e-01 6.80119133e+00
 1.35311565e+01 2.92271763e-01 6.97313488e-01 1.45324081e-01
 3.10103154e+00 1.73642719e+00 1.09028339e+00 1.66551793e+00
 5.45052814e+00 6.45136714e-01 1.04259863e+01 8.81941891e+00
 1.35746145e+00 3.71056974e-01 1.89321220e+00 4.72033215e+00
 1.47636986e+00 3.75681162e-01 9.23724556e+00 1.82809985e+00
 4.53536302e-01 1.93044877e+00 5.79073572e+00 1.06572771e+00
 2.55135894e+00 2.40646124e+00 1.12141168e+00 6.08433056e+00
 2.83948159e+00 4.36551094e+00 2.18774056e+00 1.09415321e+01
 7.29813194e+00 7.84398094e-02 4.01537895e+00 4.37782001e+00
 1.25612450e+00 1.65498078e-01 2.80279083e+01 1.17082644e+00
 7.81079674e+00 1.91402531e+00 1.65752869e+01 1.98679423e+00
 1.35103238e+00 1.16863918e+00 3.48033607e-01 8.96282554e-01
 2.07853317e-01 3.30825043e+01 3.62199211e+00 1.71059179e+00
 2.84960061e-01 1.00861664e+01 2.67435431e+00 1.82193592e-02
 1.08310759e-01 3.00774479e+00 1.23862591e+01 5.09853697e+00
 3.19982624e+00 4.07077026e+00 4.10483498e-03 1.74949455e+00
 4.56580400e+00 4.03894758e+00 1.78507715e-02 1.25645657e+01
 1.13556385e+01 1.28371406e+00 8.56393725e-02 1.07169235e+00
 1.77937284e-01 2.49247189e+01 3.57827163e+00 3.27390146e+00
 2.14991122e-02 1.13689232e+01 1.51833858e+01 1.34898939e+01
 3.65595162e-01 3.27469540e+00 2.32933545e+00 6.59306049e-01
 7.20485508e-01 1.48165286e-01 7.34822369e+00 2.42663860e+00
 1.25947082e+00 1.89139099e+01 6.75881326e-01 8.03342628e+00
 1.38188577e+00 5.74272060e+00 2.49439907e+00 3.18843460e+00
 2.07186890e+00 3.84195876e+00 4.43241930e+00 1.37091666e-01
 4.84201050e+00 4.46082926e+00 3.74733710e+00 6.26156449e-01],5.714308,[1.10194950e+01 3.80586576e+00 6.03572273e+00 7.32266605e-01
 1.48468900e+00 1.45307600e+00 4.75556469e+00 5.26031685e+00
 6.63447332e+00 5.36304235e-01 1.38728118e+00 3.91239786e+00
 3.86176378e-01 4.02399540e+00 4.32599336e-02 7.34985471e-01
 2.18627071e+00 3.55552387e+00 1.80697346e+00 6.94346149e-03
 1.73240614e+00 2.69208241e+00 4.41589499e+00 5.61758137e+00
 9.79054749e-01 5.85600185e+00 1.13649464e+00 1.33167470e+00
 1.23689127e+00 4.13237000e+00 6.05288684e-01 3.32586288e+00
 3.73571658e+00 4.18584156e+00 1.52546132e+00 1.23236990e+00
 2.04600525e+00 1.51521647e+00 1.11000223e+01 3.60708976e+00
 4.17338550e-01 4.75474453e+00 4.22868538e+00 2.41682673e+00
 6.17539346e-01 1.08468552e+01 7.91967058e+00 1.16233349e+00
 6.29402733e+00 3.83935809e+00 2.49543333e+00 5.01934004e+00
 1.54543924e+01 2.94098616e+00 1.08809700e+01 4.05614567e+00
 3.56838608e+00 1.67692685e+00 4.39826279e+01 7.39597008e-02
 9.86941755e-02 9.84875917e-01 5.36258602e+00 1.30447829e+00
 5.63075590e+00 1.95274994e-01 3.66364765e+00 2.77996480e-01
 2.80460978e+00 2.32194543e+00 5.13134384e+00 2.57677555e+00
 5.17784576e+01 6.39970422e-01 5.02429104e+00 3.23193264e+00
 5.28875172e-01 3.54672647e+00 2.57988870e-01 3.17062330e+00
 2.50511265e+00 6.42705822e+00 3.33527803e-01 1.05232918e+00
 2.97389603e+00 7.00696707e-01 7.03805923e+00 1.31866455e+00
 3.19324565e+00 9.38732433e+00 1.44373381e+00 1.89852142e+00
 8.09950638e+00 9.84459591e+00 1.95029366e+00 7.86489391e+00
 9.59210634e-01 7.03892469e+00 4.10208166e-01 6.09699786e-01
 1.26826220e+01 1.34865923e+01 8.75282669e+00 8.51750565e+00
 1.29797325e+01 6.85735178e+00 2.93353319e-01 5.06792355e+00
 3.52605104e-01 2.85811949e+00 1.83458710e+00 1.79827698e-02
 5.74121661e-02 7.52556896e+00 1.71132088e-01 1.68924141e+00
 6.64193010e+00 5.90427208e+00 4.96424258e-01 1.24046969e+00
 6.22284591e-01 4.23189640e+00 2.52695489e+00 5.56839752e+00
 4.20264530e+00 7.75805902e+00 5.34833813e+00 2.28930211e+00
 9.67574310e+00 7.53260553e-01 1.33341587e+00 3.66173100e+00
 1.17687285e+00 8.74987888e+00 1.03041768e+00 1.74121819e+01
 1.50535595e+00 8.37819755e-01 7.61391211e+00 5.57064724e+00
 1.10406470e+00 9.87273604e-02 4.73882580e+00 7.14597797e+00
 4.87765580e-01 6.32289600e+00 1.04965404e-01 3.93212223e+00
 4.79097366e-01 3.43693137e+00 5.73236799e+00 5.58489609e+00
 3.16600537e+00 4.01757765e+00 1.32278023e+01 1.24183603e-01
 7.81196451e+00 4.08505344e+00 3.30677271e+00 2.18961430e+00
 8.35324109e-01 8.52380991e-01 3.32309079e+00 4.43528712e-01
 3.25352287e+00 8.57078075e-01 3.32473898e+00 1.07187498e+00
 2.22827530e+00 9.15571868e-01 1.70233798e+00 2.61598527e-01
 1.66386425e+00 1.18958926e+00 3.76266980e+00 6.62855339e+00
 2.17263184e+01 1.00616388e+01 3.67199004e-01 1.37056279e+00
 1.26980498e-01 3.74262023e+00 1.62125528e+00 2.77092993e-01
 1.82473505e+00 2.58614731e+00 3.78207803e+00 8.72472405e-01
 7.07386684e+00 7.39503860e+00 1.05564756e+01 9.81552124e+00
 1.49406013e+01 4.69287348e+00 6.73452485e-03 4.14947844e+00
 7.05308378e-01 5.36199093e-01 7.31834024e-02 6.74276173e-01
 1.29733620e+01 1.88331089e+01 2.25613713e+00 1.99123764e+00
 4.53910410e-01 4.07704020e+00 1.71545875e+00 2.17999704e-02
 2.93052149e+00 6.88664496e-01 3.93560600e+00 7.00665188e+00
 7.06067681e-01 2.28212714e+00 2.32609659e-02 2.40779042e+00
 3.75521469e+00 7.81034851e+00 1.77117884e-01 3.58241806e+01
 1.56585064e+01 1.72270882e+00 9.00640264e-02 6.18129063e+00
 7.93428516e+00 1.89942145e+00 8.64851475e-01 6.71967697e+00
 8.76771286e-03 6.45671463e+00 2.45377541e+00 1.32206261e-01
 1.22022200e+00 9.50497150e+00 1.00211592e+01 4.79937840e+00
 2.20181704e+00 1.08818829e-01 4.00845385e+00 4.31306076e+00
 3.46474290e+00 2.73887277e+00 4.85056782e+00 2.92126751e+00
 7.20507443e-01 7.43094921e-01 3.19670701e+00 3.23123884e+00
 1.45460205e+01 1.33040247e+01 5.97186375e+00 9.52603340e+00
 2.67246294e+00 3.85119581e+00 1.64540339e+00 9.08539200e+00],-25.574772,-154.49469,-399.98987,1.7405747,4.900653,0.95372057,0.6460555,71.61067,-101.28877,608.261,184.99568,0.73064685,0.5969503,0.09997225,-178.29553,178.29553,[3.60311523e+03 9.14687881e+01 1.16685133e+01 4.23768036e+02
 1.07635399e+02 9.76423874e+01 2.55594659e+00 8.62985840e+01
 1.87887967e-01 8.16412277e+01 1.16686538e-01 1.53242050e+02
 9.38962269e+00 1.04828296e+03 3.82959080e+00 1.91197647e+02
 4.89172173e+00 1.74274960e+01 8.91303345e+02 5.99343300e+00
 4.80257477e+02 3.98433716e+02 2.49725845e+02 1.54776825e+02
 2.16148697e+02 7.89672852e+01 1.47833014e+00 3.51241064e+00
 9.14379349e+01 2.90272705e+02 1.10749646e+03 7.72386122e+00
 6.94320068e+01 3.36308746e+01 4.40683842e+00 1.54582764e+02
 1.25247650e+01 2.70203613e+02 3.13228455e+02 3.00990105e+01
 6.49579773e+01 1.98323578e+02 6.82548141e+00 1.11229782e+01
 1.89903717e+01 2.15742767e+02 6.29088440e+01 2.43682823e+01
 1.03246552e+02 1.56873302e+01 1.09363257e+03 9.41676575e+02
 3.77752106e+02 2.41253548e+01 1.42918164e+03 7.76895508e+02
 5.75128365e+01 4.36482162e+01 2.64098755e+02 1.36669373e+03
 2.30256177e+03 4.58776062e+02 1.51624031e+01 8.29167908e+02
 1.73750137e+02 1.69169092e+00 1.12655668e+01 4.11707367e+02
 7.89593935e+00 5.64677490e+02 7.15868896e+02 6.04858551e+01
 1.71066879e+02 2.49613357e+00 2.58865299e+01 7.94485397e+01
 1.54020859e+02 9.51906860e+02 1.59969345e+02 1.94611206e+01
 6.09571457e+00 1.95400734e+01 9.63625183e+01 3.27414036e-01
 1.10296594e+03 6.90427673e+02 2.75323608e+02 1.86440392e+01
 1.13811398e+01 2.05972754e+03 1.55679260e+02 7.07052917e+02
 1.97632904e+01 2.55000928e+03 2.29671799e+02 2.36413593e+01
 1.05989700e+02 4.51059723e+01 9.39474564e+01 8.32527733e+00
 5.92972527e+01 8.24560669e+02 3.78517883e+02 2.82421265e+02
 2.55059834e+01 1.27549925e+01 2.79686699e+01 2.87853737e+01
 3.41841309e+02 3.16657379e+02 1.35305450e+02 6.37208252e+01
 3.26874207e+02 1.00880795e+01 7.14766113e+02 1.41439006e-01
 3.57133904e+01 3.04919739e+01 1.50363035e+01 4.51325912e+01
 4.09692764e+00 1.08978711e+03 1.88319128e+03 6.88250427e+01
 1.28089991e+01 1.15286816e+03 8.44247437e+01 7.71121826e+01
 4.03198212e+02 1.77668896e+01 1.15575771e+01 9.04590988e+00
 2.06931806e+00 3.17016089e+03 4.42759666e+01 1.21176491e+01
 1.58193359e+02 1.34806305e+02 1.73883476e+01 1.30486902e+03
 6.13518906e+00 9.38942871e+02 1.11672306e+01 4.05508347e+01
 6.95308411e+02 1.26420158e+02 6.15196228e+00 1.05757538e+02
 8.63238770e+02 1.15660431e+02 2.51253819e+00 1.13492416e+02
 4.39820194e+00 1.06018103e+03 9.90322679e-02 1.10806513e+01
 1.49863920e+01 9.59635986e+02 1.35578772e+03 4.28428040e+01
 5.73597046e+02 1.53719345e+02 1.01685083e+03 3.42900330e+02
 2.19664886e+02 1.35433142e+03 7.95763672e+02 7.40867157e+01
 7.52384033e+01 6.22558479e+01 5.27605743e+01 2.04436508e+02
 4.69729065e+02 1.36760361e+02 5.16306877e+01 2.38895581e+03
 3.01434402e+01 1.04736938e+02 4.47284269e+00 8.49922485e+01
 5.50015640e+00 1.81441003e+03 3.29420624e+02 1.10019058e+02
 3.23060131e+00 3.41049242e+00 2.50329524e-01 6.27717102e+02
 1.12078117e+02 1.98050461e+01 1.07961052e+02 3.21723267e+02
 4.73086243e+01 2.06841724e+03 1.86266418e+02 4.28101444e+00
 3.93156481e+00 2.90317974e+01 1.59835419e+02 1.54818573e+02
 1.63271317e+02 2.24729614e+02 1.03146599e+02 2.24224777e+02
 8.21413574e+02 2.20419312e+02 2.10680518e+03 3.63667358e+02
 2.07588615e+01 1.68293381e+01 1.17495430e+02 9.07551289e+00
 5.83094543e+02 2.38753799e+02 1.92874084e+02 4.46377907e+01
 1.56771957e+02 1.97283859e+01 6.48583984e+01 1.13704696e-01
 7.69600677e+01 6.24773216e+00 1.79285934e+02 1.95620593e+03
 4.36480255e+01 2.33579216e+01 1.94351746e+02 1.75044080e+03
 5.18351889e+00 5.16099548e+00 1.89777939e+02 2.60092438e+02
 5.33468580e+00 4.86347618e+01 3.78749908e+02 6.44563828e+01
 1.00378029e+02 3.56595383e+01 6.12043419e+01 3.38688049e+02
 8.49046555e+01 1.14359531e+01 2.59709381e+02 1.27306118e+01
 4.23974658e+03 2.66318398e+01 3.26497070e+02 1.75088794e+03
 2.92816238e+01 2.97937378e+02 1.25548279e+02 2.65352448e+02
 5.82359200e+01 1.22529831e+01 1.83232727e+01 4.88877335e+01],509.3924,[8.59556274e+02 2.36880989e+01 8.87309265e+00 3.48682678e+02
 1.10767578e+02 8.73873444e+01 1.25309992e+00 4.00906601e+01
 3.53848839e+01 9.38590317e+01 9.10122395e-01 4.33300385e+02
 4.28638916e+01 1.21878003e+03 1.81005783e+01 1.04395782e+02
 4.90395784e+00 2.11574345e+01 5.56289307e+02 1.31146936e+01
 1.22511444e+02 6.09818237e+02 1.48491745e+01 1.01548386e+02
 9.97462158e+01 3.72119904e+00 2.34204044e+01 3.08303642e+00
 1.98065826e+02 1.14267242e+02 1.14878943e+03 6.90558767e+00
 6.57340164e+01 3.95208435e+01 1.35658865e+01 1.55609833e+02
 1.03773260e+01 1.77338409e+00 6.17000000e+02 2.78837929e+01
 1.27363258e+02 1.50712921e+02 1.02068520e+01 3.56163788e+00
 2.13374310e+01 6.65154602e+02 7.01779556e+01 1.52827377e+01
 1.10582092e+02 1.32387161e+01 3.30583069e+02 1.03189807e+03
 1.67042206e+02 5.48458862e+01 1.34760498e+03 8.14703552e+02
 1.29576435e+01 2.30746422e+01 1.22600393e+01 1.36289832e+03
 2.39426172e+03 4.62871857e+02 2.16095810e+01 4.05830963e+02
 8.91275101e+01 4.75439835e+01 6.56429749e+01 8.90121689e+01
 6.61928320e+00 5.55951080e+01 7.90898315e+02 5.78862076e+01
 5.21089554e+01 2.69774389e+00 1.62916813e+01 6.61157074e+01
 2.77502197e+02 2.53145370e+02 8.13885345e+01 4.48730545e+01
 9.92752910e-01 1.36150223e+02 3.95482826e+01 4.23784676e+01
 1.20699731e+03 1.74300201e+02 3.29594513e+02 2.53842258e+01
 1.63561954e+01 6.67606836e+03 1.58773361e+02 6.01623047e+02
 3.19352055e+01 9.32307800e+02 2.87915985e+02 3.39461174e+01
 1.05512901e+02 5.43880367e+00 2.00069168e+02 1.09524088e+01
 7.60748672e+01 2.37139209e+03 5.58405380e+01 2.55168182e+02
 9.97706528e+01 1.79902325e+01 4.41809750e+00 2.50975323e+01
 1.22315254e+02 3.79418152e+02 1.65305145e+02 5.74090500e+01
 4.32647339e+02 1.02926407e+01 9.84452343e+00 3.79071903e+00
 3.98058929e+01 9.34924316e+00 2.30850067e+01 1.54438906e+01
 2.62923374e+01 1.02329657e+03 3.40680005e+03 2.90203953e+01
 9.17733612e+01 1.48355286e+02 7.57153702e+01 1.07222862e+01
 5.76906166e+01 1.01583244e+02 1.08805885e+01 8.68017006e+00
 1.07530365e+01 4.66980078e+03 2.84502554e+00 1.01476488e+01
 1.40701172e+02 8.83698425e+01 4.67972260e+01 3.67021973e+02
 6.82347393e+00 1.64784042e+02 1.23941183e+01 3.12000036e+00
 4.30163605e+02 3.21747009e+02 4.77545977e+00 1.04688774e+02
 2.61706757e+02 4.80830193e+01 1.79786301e+01 1.35427444e+02
 4.81771994e+00 2.42153290e+02 1.04256260e+00 6.38486910e+00
 1.02263908e+01 1.34729767e+02 1.30944629e+03 4.16533470e+00
 7.40986267e+02 5.81732254e+01 1.47246323e+02 2.21596252e+02
 3.57274109e+02 1.13885239e+02 1.15536957e+01 8.46724396e+01
 2.12351933e+01 8.50339127e+01 5.29472580e+01 4.34499969e+02
 5.95628784e+02 1.25779373e+02 4.88595276e+01 2.76545410e+02
 4.19439268e+00 3.31247864e+01 1.27363071e+01 5.29806900e+01
 2.88031960e+01 2.12494400e+02 3.86352936e+02 9.46416550e+01
 7.60798740e+00 5.62075348e+01 1.14149361e+01 8.13383118e+02
 1.05658333e+02 1.19032888e+01 1.15772476e+02 3.25064492e+00
 3.79749756e+01 1.01995740e+03 1.49474630e+01 9.11248550e+01
 6.93981123e+00 3.34282455e+01 1.46357193e+02 1.74826233e+02
 2.65034393e+02 2.38985176e+01 1.21350792e+02 2.22545624e+02
 1.18592419e+03 2.16622467e+02 2.02082202e+03 2.38888809e+02
 1.43266544e+01 2.31890278e+01 3.41234360e+01 8.94627666e+00
 2.63288666e+02 2.12645508e+02 2.07253937e+02 1.44397171e+02
 1.31736774e+01 4.76601028e+01 7.43614960e+01 3.19006276e+00
 6.56877991e+02 3.99568062e+01 2.37250290e+02 1.45962817e+03
 7.19279709e+01 1.38363495e+01 1.92290207e+02 1.49140259e+03
 1.82978499e+00 1.29116497e+01 6.14435959e+01 5.90574646e+01
 1.69355965e+01 1.95658752e+02 2.55052338e+01 7.79938354e+01
 3.04809380e+01 3.92702827e+01 6.46590881e+01 2.23950333e+02
 8.85478592e+01 3.22889252e+01 2.28495453e+02 2.74477577e+01
 3.51302490e+03 1.04147224e+01 3.99246887e+02 4.67122559e+02
 1.20941448e+01 2.18811092e+01 3.36314514e+02 4.78490967e+02
 5.98111687e+01 1.42826023e+01 1.37632952e+01 4.70451307e+00],-78.06772,-212.2862,-380.79333,4.0496745,16.03821,1.2117498,0.7701199,0.013937514419555664,3806.8470063209534,-0.13936437507929028,-0.07618790485804848,-0.14311678003353343,-0.06140149545148677,-0.8912919802509919,25.099999999996967,0.0,275000.0,-2.0,-1000.0,500.0,6.588118553161621,275000
114.18731,0.13563651,0.6046676,0.015811488,-108.005,108.005,[4.8906298e+00 6.3433722e-02 6.4675684e+00 3.1863630e-01 1.6155136e-01
 1.5642107e+01 2.4186399e+00 3.1187778e+00 5.3638077e+00 1.3744849e+00
 3.8227189e+00 3.1135312e-01 1.7573317e+00 8.8955285e-03 8.9162397e+00
 3.7372251e+00 1.2482443e+00 1.5515981e+00 1.3160287e+00 1.9625618e+01
 1.1136310e+00 2.2653282e+00 1.0395108e+00 3.6869317e-01 2.5474670e+01
 5.5728698e-01 3.0481927e+00 6.7871785e-01 8.2511311e+00 1.7422573e-01
 6.0075302e+00 8.9822493e+00 3.1171870e+00 5.1074231e-01 4.8493848e+00
 4.0490885e+00 8.7040192e-01 2.2366419e+00 4.8914547e+00 4.3508887e+00
 7.9407245e-02 8.9875622e+00 8.7797022e-01 3.7211556e+00 1.0052661e+00
 9.2895460e+00 7.1466508e+00 1.1335466e+01 3.9277118e-01 8.7210214e-01
 2.5841975e-01 9.4267464e-01 2.3525200e+00 1.3908887e+01 7.8536282e+00
 2.0097959e+00 4.1828041e+00 5.2438712e+00 6.9048738e+00 6.4493170e+00
 2.2256617e+01 4.4540567e+00 2.0509501e+00 4.9031439e+00 4.9131908e-02
 4.3943441e-01 7.3450708e-01 1.6573265e+01 3.8460454e-01 1.0323234e+01
 9.7900343e+00 1.5890111e+01 6.4787331e+00 1.0670750e+00 9.1828794e+00
 2.9723039e+00 6.3725119e+00 1.8214719e+00 2.6467448e-01 4.8959976e+01
 8.1162101e-01 5.4048147e+00 8.0170898e+00 1.7171906e+00 5.7265639e+00
 3.6071699e+00 1.0273657e+01 1.2533560e+00 2.8039973e+00 2.7906157e+01
 2.0269737e+00 9.7172470e+00 3.1704195e-02 1.2306490e+01 6.3794751e+00
 8.8681383e+00 4.0993123e+00 1.1506245e+00 9.3584995e+00 2.8689080e-01
 1.4607820e-01 2.2501607e+00 8.2664442e+00 6.5794769e+01 1.7685726e+00
 1.4124448e+00 2.0045557e+00 2.0622830e+00 2.4863892e+00 4.4042211e+00
 2.3413980e+00 3.2443013e+00 5.3814334e-01 1.1242775e+00 2.0576874e+01
 6.4081326e+00 1.1520305e-01 1.0321829e+01 7.5718536e+00 7.5644982e-01
 9.2341006e-01 2.8868332e+01 1.2505189e+00 5.0588822e+00 1.8041337e+00
 2.0144382e+00 6.7515039e-01 2.4163129e+00 4.2325830e-01 1.7100123e-01
 1.0658510e+00 1.0664654e+00 6.0149524e-02 2.0362606e+00 1.6644790e+00
 5.8797874e+00 8.4861698e+00 9.2001134e-01 2.3425388e+00 1.2887348e-01
 7.3102921e-01 5.3317490e+00 1.9740070e-01 1.8284501e+00 8.6077593e-02
 2.9494733e-01 4.4316503e-01 4.2277655e-01 2.7482963e-01 2.6406608e+00
 9.3413897e+00 3.1173921e+00 1.1289267e-01 6.5241094e+00 4.0663514e+00
 4.6386747e+00 1.3307661e+00 1.2820172e+01 7.3787112e+00 4.2325824e-01
 8.7410843e-01 1.9271523e+00 2.1976312e-01 6.9349685e+00 2.2965648e+00
 8.4041059e-02 2.8046126e+00 6.1202626e+00 1.3984501e+01 2.5471368e+00
 2.5285215e+00 1.9592566e+00 4.5012864e-01 3.3493798e+00 1.5080248e-01
 1.2672958e+00 4.3167424e+00 6.3549429e-01 1.4250208e+01 1.5864396e+00
 3.6683168e+00 7.0884433e+00 4.2569160e+00 2.2027929e+00 5.4477177e+00
 3.4623370e-01 3.8292398e+00 4.5288914e-01 1.0212885e+00 1.1388577e+00
 3.0102238e-01 1.8085074e+00 3.0993083e+00 2.3824954e+00 3.0037942e+00
 1.6714387e+00 6.0363021e+00 1.6302121e+00 5.9867036e-01 2.1482613e+00
 7.2753358e-01 2.0325258e-02 5.4743662e+00 1.9371802e+00 3.1899807e-01
 1.1747485e+00 1.4276157e+01 4.5465004e-01 2.4532631e-01 3.1850774e+00
 7.0632844e+00 3.0277899e-01 2.0390847e+00 2.4097838e+00 9.1495421e-03
 1.8224930e+00 3.2129055e-01 5.1891947e+00 5.6833889e+01 3.1463587e+00
 1.7548939e+01 5.2080951e+00 2.0169535e+00 2.1392359e+01 4.2933779e+00
 2.6329646e+00 3.1384534e-01 5.2829842e+01 3.4585357e+00 7.7786102e+00
 3.5860913e+00 3.6911187e+00 4.1217313e+00 5.6968951e+00 1.2347897e+01
 3.0786190e+00 9.6512085e-01 2.6292202e+00 1.4643940e+01 5.9552312e+00
 2.9166408e+00 4.1877635e-02 2.0182922e+00 1.5722891e+00 6.7888360e+00
 3.1965909e+00 1.6215773e-01 2.8292687e+00 2.2067099e+00 4.7219963e+00
 1.3303925e-01 4.6248722e+00 2.2827082e+00 6.8706596e-01 2.9553776e+00
 5.4026250e-02],7.225859,[2.6752335e-01 2.3801196e-01 1.1812227e+00 5.2899009e-01 1.3780401e+01
 1.3938910e-01 3.0563416e+00 6.7345009e+00 1.7514393e+00 4.6401958e+00
 1.4290144e+00 6.6197052e+00 6.6376729e+00 1.7098999e+00 2.1041718e+01
 3.9643710e+00 7.5495424e+00 1.8516935e+00 3.3279920e+00 2.3589191e+00
 2.6795063e+00 5.4420867e+00 6.5139866e-01 3.7252688e+00 1.7545160e+00
 5.5920255e-01 1.4824245e+00 2.3839445e+00 2.3236539e+00 4.3252340e-01
 3.6970520e+00 3.3171716e+00 2.7397146e+00 4.8260689e+00 3.8321285e+00
 3.1971769e+00 7.1475391e+00 4.8570428e+00 3.6668000e+00 1.6763502e+01
 4.3510652e-01 1.8536437e+00 4.1095963e+00 6.0328436e+00 5.1841822e+00
 1.1216244e+00 2.1899915e+00 1.6823164e+01 1.4535524e-02 1.0727610e+01
 8.9051704e+00 9.3492384e+00 3.9568563e+00 1.1840851e+01 8.1220037e-01
 1.2160543e+01 2.1898878e+00 4.1770897e+00 8.5255742e-01 1.5757535e-01
 1.2495587e+00 2.4739180e+00 2.8295770e+00 1.4619690e+00 7.8932724e+00
 3.5388918e+00 6.5203005e-01 2.5920099e+01 7.9306282e-02 2.1954885e+00
 2.5552696e+01 5.5259137e+00 4.9265695e+00 1.5624571e+01 1.6167819e+00
 2.3582387e+00 1.5608224e-01 4.9032106e+00 6.2123117e+00 9.0089684e+01
 8.9056849e-01 1.4865670e+00 3.4358685e+01 5.4686403e+00 7.8538547e+00
 1.9566747e+00 3.8258820e+00 1.9796700e+00 3.9027967e+00 5.5283745e+01
 1.8520343e+00 4.7652858e-01 4.2594337e+00 2.2992620e+00 3.1184387e+00
 1.8737047e+00 4.8427534e+00 1.7034974e+00 1.4158870e+00 1.9950508e-01
 1.8690246e-01 2.5823526e+00 1.6447753e+00 3.3260628e+01 3.5068958e+00
 7.1058407e+00 1.6660776e+00 1.3511752e-01 8.0819130e+00 7.7929416e+00
 1.5480341e+00 1.6523178e+00 1.6228079e+01 4.8170466e+00 8.8737221e+00
 4.0795821e-01 2.3492031e-02 8.4560370e-01 8.2273445e+00 7.0521057e-01
 1.8002697e+01 9.2740021e+00 4.8735365e-01 1.1125047e+01 4.9307141e+00
 1.4718792e+00 7.4607811e+00 2.0636339e+00 9.3509884e+00 1.6692354e+01
 3.3176436e+00 4.6816912e+00 2.2072200e-02 5.7143354e+00 2.5131416e+00
 6.8715963e+00 4.3913574e+00 1.9885845e-01 9.6457565e-01 5.9787035e+00
 4.0488520e+00 2.1811586e+01 6.2916309e-02 5.7779303e+00 2.1697865e+00
 4.2011690e-01 2.2579980e+00 2.7237877e-01 3.2836170e+00 5.4109588e+00
 7.6039109e+00 5.7602859e+00 2.2533011e-01 4.2571940e+00 1.8573478e+00
 6.7986143e-01 8.2458649e+00 1.4550588e+00 4.5002713e+00 2.0341640e+00
 3.1169367e+00 3.7077193e+00 1.9720425e-01 3.3942020e+00 4.3542805e+00
 5.6850046e-02 4.3665915e+00 1.3967000e+00 2.3979395e+01 5.2130537e+00
 3.3506644e+00 1.4297583e+00 5.1826782e+00 2.1367047e+00 2.0336953e-01
 2.1883087e+00 4.4735389e+00 1.7577673e+00 4.2456312e+00 3.5946805e+00
 2.1017432e+00 1.2920565e+01 5.6786408e+00 4.2351351e+00 2.6505527e+00
 1.6768534e+00 6.8591914e+00 3.6744499e+00 6.6486585e-01 3.2338188e+00
 2.4208624e+01 1.3795174e+01 1.0269591e+01 9.9060593e+00 4.6995406e+00
 4.5752048e+00 4.2661242e+00 2.0755467e+00 3.5641208e+00 3.4230809e+00
 4.2321268e-01 3.3163760e+00 1.7471807e+00 1.8704306e+00 1.5478704e+00
 9.8450220e-01 2.2065692e+00 1.1237957e-02 2.0290986e-01 2.8513150e+00
 4.6238785e+00 6.7573967e+00 1.6739263e-01 2.2301025e+00 3.4767027e+00
 7.5748291e+00 3.0417973e-01 2.6093550e+00 2.8840954e+01 9.8269863e+00
 5.7208199e+01 5.1894426e-01 7.3115840e+00 4.4870883e-01 3.3308067e+00
 3.7285016e+00 6.3337812e+00 9.1467010e+01 7.7404130e-01 1.7512989e+00
 2.7997131e+00 2.4880986e+00 2.7684507e+00 6.0396142e+00 1.0372005e+00
 3.7486148e+00 1.1122980e+01 9.9422604e-01 3.9948964e+00 7.4667506e+00
 1.0874811e+01 2.5932512e+00 2.0444746e+00 1.3079534e+00 8.1782646e+00
 3.8409324e+00 7.2818279e-02 5.1775007e+00 2.2341433e+00 7.7265054e-01
 9.3211756e+00 1.7099550e+00 1.3392939e+01 1.0814044e+01 1.1931961e+01
 1.3381513e+01],-44.412697,-163.63391,-400.0,1.6744125,3.2289429,0.9398073,0.6387819,75.36371,-81.22896,621.3679,170.83304,0.83659095,0.5956374,0.09258796,-164.04007,164.04007,[3.85876251e+02 3.98232613e+01 6.00776672e+02 9.32303715e+00
 4.12304840e+01 2.52323608e+01 8.48174988e+02 1.57577038e+01
 1.51385400e+03 1.12898460e+02 1.05509682e+02 3.93481016e-01
 2.85942783e+01 2.33551331e+01 3.05453453e+01 3.79235001e+01
 1.91202545e+02 2.36090866e+02 1.73126053e+02 1.41114273e+02
 1.95711823e+01 1.44385672e+01 6.90793991e+00 5.94972878e+01
 1.06937488e+03 2.48932877e+01 5.37561218e+02 1.42202087e+02
 4.68721222e+02 2.00416931e+02 8.23306885e+01 5.50391617e+01
 1.71596889e+01 2.02520905e+02 4.81427765e+01 3.77855606e+01
 2.10211945e+02 1.90076523e+01 5.27638474e+01 1.59818974e+01
 9.53957367e+00 4.91205502e+00 1.54091919e+02 8.80161972e+01
 1.02231932e+00 4.86800117e+01 3.04901390e+01 6.00294434e+02
 1.50254860e+01 1.01943504e+02 3.07486786e+02 2.56669556e+02
 1.41125088e+01 8.69262848e+01 5.48768806e+01 4.26176239e+02
 9.26657028e+01 5.45166504e+02 8.13979149e+00 3.44022095e+02
 2.20813389e+01 6.09659195e+01 1.37163668e+01 3.54032745e+01
 1.84896545e+02 5.00739021e+01 1.06822227e+02 6.67844057e+00
 4.02521362e+01 1.13459991e+02 3.21091492e+02 1.81021271e+02
 2.10672226e+01 7.12328911e-01 5.38129234e+00 1.09809828e+00
 2.30505957e+03 1.06483679e+03 7.40921116e+00 1.20787430e+02
 1.48679980e+03 5.83384216e+02 5.53569824e+02 2.44838257e+01
 6.54461365e+02 4.29839821e+01 1.23093475e+02 1.38951920e+02
 1.08837843e+01 2.96082672e+02 3.19212666e+01 1.04232986e+02
 2.66417419e+02 1.91449487e+03 1.80663788e+02 2.87161217e+01
 6.75038834e+01 1.36307465e+02 3.19690918e+02 1.29408707e+02
 2.21058674e+01 7.76670990e+01 5.70431747e+01 2.15585766e+01
 8.32710815e+02 2.24419998e+02 4.83306465e+01 9.72808361e-01
 3.87311058e+01 6.70904312e+01 3.88030219e+00 4.51400185e+01
 1.83936966e+02 5.24181442e+01 1.55509628e+02 8.35251617e+00
 4.01745728e+02 3.03103390e+01 4.78824317e-01 1.60467148e+01
 4.95371170e+01 2.16183975e+02 2.53422409e+02 1.16592770e+01
 3.33123779e+01 2.88931030e+02 9.73159027e+00 3.39866882e+02
 3.18803253e+02 1.97751434e+02 1.65721863e+02 6.46629333e+01
 1.03211304e+02 1.97793518e+02 7.14000168e+01 1.78382435e+01
 8.01695007e+02 5.99576139e+00 3.27515745e+00 3.57818359e+02
 4.74019480e+00 1.20488815e+02 1.54518681e+01 5.28885071e+02
 3.80498352e+01 3.93153620e+00 1.28147827e+02 1.14159805e+02
 8.04860115e+00 8.86136856e+01 1.56266184e+01 3.97154474e+00
 3.21633575e+02 3.20710182e+01 2.77863190e+02 4.28225708e+01
 4.75332880e+00 4.29156445e+03 5.07584152e+01 7.02520142e+01
 1.94351501e+01 3.67248230e+02 4.38414154e+01 9.30401230e+01
 7.16920624e+01 3.31002083e+01 6.67100716e+00 3.44335213e+01
 1.71007477e+02 1.62131195e+01 3.78834305e+01 3.95544458e+03
 7.35554657e+01 9.58956299e+01 1.95488758e+01 3.60467926e+02
 8.97441030e-01 2.58232040e+01 3.68827637e+02 2.47542076e+01
 1.75594175e+00 6.39546037e-01 1.63408005e+02 3.14214691e+02
 1.13044846e+02 3.82268410e+01 4.28926125e+01 5.40566139e+01
 1.02294960e+01 3.28416840e+02 1.08742266e+01 3.65492493e+02
 1.04894592e+03 1.54714859e+02 2.23837223e+01 2.00419281e+02
 1.07534737e+02 2.86797424e+02 2.43539917e+02 1.83044815e+02
 1.72918015e+02 6.70859863e+02 9.93515301e+00 2.04962463e+01
 3.08011971e+01 6.67849670e+02 1.51133423e+02 2.25644485e+02
 3.69834259e+02 1.54496719e+02 1.58626831e+02 1.22615776e+01
 1.05126755e+02 5.41578003e+02 1.42168079e+03 6.15642456e+02
 7.11412048e+01 4.29658432e+01 4.25223312e+01 2.71127686e+02
 6.14635124e+01 7.24772644e+02 2.16941662e+01 7.33251343e+01
 2.33607956e+02 6.21202202e+01 1.63474258e+02 6.46380081e+01
 1.04052528e+02 5.13189209e+02 1.25048218e+01 4.82954073e+00
 4.65499840e+01 2.81824303e+01 6.76647568e+01 4.68386345e+01
 4.18326492e+01 1.16287527e+01 3.56853058e+02 1.76671257e+01
 4.87152147e+00 8.24693222e+01 6.31366692e+01 4.89954300e+01
 1.13941223e+03 2.85213574e+03 1.72515106e+01 6.32689392e+02
 5.46670044e+02 3.92179985e+01 7.01593494e+00 9.10605621e+01
 1.54652958e+01 1.38980875e+01 1.50843344e+01 6.49106445e+01],350.4521,[3.6095184e+02 3.7403973e+01 7.2818274e+02 3.1589533e+01 2.6455883e+01
 1.3822785e+01 1.4632037e+03 3.5168028e+00 1.5395239e+03 8.6516571e+01
 6.9880112e+01 4.0442839e+00 5.0959770e+01 9.4827995e+01 7.6918383e+00
 8.2536068e+00 1.8190018e+02 4.6904598e+01 1.2059686e+02 8.0605789e+01
 9.1204271e+00 1.1371836e+01 1.3189180e+01 5.8173256e+01 9.2065656e+02
 3.9906003e+00 5.4836060e+02 2.9831197e+00 7.8779686e+01 1.8711142e+02
 8.9132721e+01 5.3962864e+01 4.2407098e+00 1.6740106e+02 4.8656792e+01
 1.3129242e+02 1.8432634e+02 1.2860541e+01 4.3966896e+01 7.0918217e+00
 7.2148180e-01 6.0479379e-01 1.4987492e+02 1.2209892e+02 1.4792845e+00
 5.3381851e+01 1.9460047e+00 9.4748787e+01 2.9514332e+00 9.9491997e+01
 3.6002036e+02 8.3865227e+01 6.6922436e+00 1.2014212e+02 5.6856659e+01
 1.8548895e+02 6.8101822e+01 3.7290455e+01 2.3488550e+01 1.6958629e+02
 3.2616493e+01 8.8737877e+01 6.8564987e+00 6.2749668e+01 1.5158604e+02
 5.8280453e+01 9.4630127e+01 9.5938568e+00 4.3663460e+01 9.9397598e+01
 3.0726025e+02 2.1537007e+02 8.6440491e+01 1.2799917e+01 9.0013733e+00
 6.4621391e+00 2.2934978e+03 3.1080133e+02 1.6018808e+01 1.1311361e+02
 6.0681281e+02 5.9084772e+02 9.0045294e+02 2.3954025e+01 2.7475528e+02
 3.7505470e+01 4.5470390e+00 9.4402514e+00 5.0109758e+00 4.3014679e+02
 1.9916414e+01 4.6873248e-01 4.2774667e+02 1.9384282e+03 2.2801170e+00
 3.3799313e+01 8.8819151e+00 1.2992010e+02 2.8974319e+02 6.7263634e+01
 1.7143106e+01 2.9092358e+02 2.9302704e+00 1.0048216e+02 5.9656915e+02
 1.9812399e+02 4.6341202e+01 7.0236320e+00 2.8263470e+01 7.2777573e+01
 6.8476081e+00 4.8199348e+01 1.8246230e+02 5.2396667e+01 1.9154123e+02
 5.4676716e+01 4.3377740e+02 5.0980095e+01 1.7404187e+02 2.9435198e+00
 2.8728058e+00 4.7726736e+02 1.4479080e+02 1.4390134e+01 3.7946411e+01
 3.2500293e+02 1.4471502e+00 2.0380566e+02 2.6681332e+02 2.2381805e+02
 4.1033367e+01 7.4599930e+01 1.0010300e+02 2.9170813e+02 8.7049416e+01
 6.3476849e+00 5.6186328e+02 5.4635162e+00 1.8732108e+00 4.3037750e+02
 6.9794104e-02 8.1308708e+01 1.6131123e+01 4.9207068e+02 1.7689706e+02
 4.4510788e+01 1.2511226e+02 1.0529715e+02 2.4934374e+01 9.4890930e+01
 6.0148377e+00 7.3161945e+00 2.8112810e+01 8.0764923e+01 3.2791859e+01
 3.0490725e+01 1.8507303e+02 3.2036956e+03 5.1113100e+00 1.1879175e+00
 9.3186092e+00 2.6213541e+02 5.6780251e+01 1.1320221e+02 7.5498535e+01
 3.0666309e+01 9.3129082e+00 1.7029686e+01 3.9690457e+02 1.6838351e+00
 5.0540234e+01 4.0023540e+03 1.0057320e+02 7.3852539e-01 2.3679047e+01
 2.5225331e+02 9.2745419e+00 7.6630898e+01 2.9731360e+02 2.2702965e+01
 1.5386098e+01 1.6560661e+01 4.4103915e+02 2.5454395e+02 1.0040824e+01
 5.4461452e+01 1.7189050e+02 4.7895340e+01 3.1469398e+01 9.0227158e+01
 3.4457157e+01 3.3278223e+02 1.0546891e+03 1.6910474e+02 2.8719309e+01
 2.3264597e+02 8.6245605e+01 3.5467230e+02 2.5863681e+02 1.8277991e+02
 1.5272501e+02 2.8869025e+02 1.3852566e+01 1.0919693e+01 2.8040548e+01
 5.5292932e+02 4.9170408e+00 2.8625125e+02 2.5658707e+02 1.4782945e+02
 9.1865417e+01 1.8015518e+01 6.7290525e+00 5.5580975e+02 1.4036034e+03
 6.0994794e+02 7.1709770e+01 6.2388535e+01 7.8046555e+01 2.0331847e+02
 6.9171852e+01 1.6651260e+01 2.9342131e+01 7.7154396e+01 1.5777907e+02
 2.3214228e+01 1.4398312e+02 1.4759700e+02 7.1419403e+01 5.2260443e+02
 1.5530922e+01 2.8839579e+00 6.9230556e+00 2.8346302e+01 7.2363632e+01
 7.7728127e+01 4.6090973e+01 2.0145955e+00 2.5973563e+02 3.9250412e+01
 3.9751410e+00 7.2248276e+01 8.0050850e+01 7.0164452e+01 1.1283508e+03
 2.4397734e+03 3.3541599e+01 8.7142419e+02 4.9681332e+02 1.7457838e+02
 6.6832995e-01 1.0179931e+02 1.6855337e+01 2.2150387e+01 1.8661299e-01
 3.8166420e+01],-81.24158,-188.9831,-375.16547,3.5677042,15.52334,1.436157,0.75549304,0.013373511552810668,4141.184813737869,-0.15583359391015925,-0.016906350895989866,-0.15496615410188497,0.015458142398504106,6.388795243795486,25.099999999996967,0.0,300000.0,-1.0,-636.0,500.0,6.671506881713867,300000
124.05733,0.10789094,0.5134116,0.013549343,-118.81532,118.81532,[1.3949693e+00 1.3937538e+01 6.4367545e-01 4.0161076e+00 2.4970946e+00
 4.4174705e+00 3.3661883e+00 5.6110378e-02 7.8108591e-01 9.4422984e-01
 4.1821690e+00 1.1370836e+01 4.5999804e+00 2.2760227e-01 9.9296379e-01
 1.4120079e+00 5.4214082e+00 5.8038998e+00 1.2592850e+00 6.4268750e-01
 1.8692862e+00 6.0991912e+00 2.9962456e-01 2.8226469e+00 3.4717569e+00
 5.1065004e-01 3.5494862e+00 3.9879766e+00 3.7925556e+00 6.3869443e+00
 8.2024221e+00 1.1650573e+00 3.3223014e+00 3.9896712e+00 2.1109016e+00
 6.2744188e+00 1.6076919e+00 2.4419618e+00 2.8772792e-01 2.8858507e-01
 1.2809498e+00 5.7985315e+00 3.3158660e+00 3.5656738e-01 1.2132563e-01
 1.7123165e+00 7.6627100e-01 7.2202718e-01 2.3800237e+00 4.2977138e+00
 6.1251440e+00 4.9053378e-02 1.9228368e+00 2.9583901e-01 4.4941692e+00
 6.2515473e+00 2.5864360e-01 7.5433869e+00 3.6296194e+00 1.5883543e+00
 1.5238656e-01 9.2622881e+00 3.6455591e+00 7.0860815e+00 9.2197645e-01
 6.3079767e+00 1.6212039e+00 2.1397390e+00 4.5444717e+00 3.1110585e-01
 5.4423976e-01 9.9424582e+00 1.1506960e+00 1.4298211e+00 8.8102752e-01
 1.7160088e-01 3.4863462e+00 2.1538143e+00 1.1214576e+00 5.8525312e-01
 1.0246590e+01 1.3169426e+00 1.8352671e+00 3.1799090e+00 6.6512859e-01
 6.9561243e+00 1.1551919e+00 1.6664629e+00 1.7700474e+01 6.8395681e+00
 1.4214166e-01 3.0845344e-01 4.8668094e+00 1.5002334e+00 1.2952371e+00
 3.2659156e+00 2.8560145e+00 1.3496704e+00 8.3964787e+00 2.0323176e+00
 9.5036829e-01 7.9793006e-01 3.3316977e+00 8.6609802e+00 2.8614914e+00
 2.7228284e-01 1.5037945e-01 2.4247832e+00 4.4919353e+00 1.2953079e+01
 1.2702942e+00 5.0626378e+00 9.2953992e-01 1.7171198e+00 1.4638555e+00
 8.0286133e-01 2.1228291e-02 3.1006618e+00 3.1298103e+00 1.7141571e+00
 2.4690971e+00 1.5580921e+00 1.1535733e+00 4.9376559e+00 3.1039727e+00
 1.4016098e+01 2.8405328e+00 8.7444597e-01 1.3113854e+00 4.9428124e+00
 2.8023720e-01 2.1216998e+00 5.9475505e-01 5.8554113e-01 3.5539122e+00
 1.0413034e+00 1.2343043e+00 7.7429849e-01 1.2418177e+01 9.3888289e-01
 3.4265327e+00 4.7498631e-01 2.0371786e-01 3.3674142e+00 1.2773307e-01
 1.9523332e+00 9.6242199e+00 2.0464251e+00 3.8674579e+00 3.5872933e-01
 3.3202085e+00 6.5474820e-01 1.1127560e+00 1.2947863e+00 2.6304841e+00
 6.3394470e+00 2.2877357e+00 3.5960233e+00 1.8343903e+01 6.9693661e+00
 4.4573936e-01 2.4610560e+00 4.0392547e+00 7.2687678e-03 3.5581899e+00
 1.4246696e+00 1.5660840e-01 9.8352063e-01 2.7999969e+00 5.4716969e+00
 1.2519927e+00 5.6923711e-01 3.4601111e+00 5.0026827e+00 1.3672945e+00
 7.9886019e-02 3.7409710e-03 5.4847655e+00 7.1868315e+00 4.5738646e-01
 2.7646925e-02 4.6827056e-02 7.6342785e-01 4.2186575e+00 8.0693805e-01
 2.5847349e-02 2.5059870e-01 3.1043944e+00 5.6813169e-01 2.2748563e+00
 1.5116913e+00 2.9841537e+00 8.5418329e+00 2.8046820e+00 3.3570188e-01
 4.2049212e+00 3.1674081e-01 3.0829146e+00 4.1686182e+00 7.4357361e-02
 4.5181432e-01 4.6925780e-01 2.5849545e-01 1.0344454e+01 9.8840153e-01
 2.5696096e+00 1.8330729e+00 8.8152761e+00 3.9771829e-02 2.9798213e-01
 1.5196304e+01 1.9357033e+00 2.1220347e-01 4.3411416e-01 6.7879372e+00
 1.3904810e+00 2.1452457e-02 3.4112372e-02 5.9512343e+00 6.5383255e-01
 7.3529923e-01 1.5968573e+00 4.1661108e-01 3.8867989e+00 2.0420635e+00
 4.0268703e+00 6.1099297e-01 3.1847498e-01 2.7346289e+00 3.3812332e+00
 5.8465672e+00 1.0466565e+00 4.6964370e-02 4.1906080e+00 2.4358144e+00
 2.3461249e+00 3.5935868e-02 3.3512039e+00 1.9945848e+00 5.9719861e-01
 1.8114347e+00 1.3863561e-01 3.3880839e-01 1.3468392e+00 1.1405106e+00
 1.5616051e+00 1.6742817e+00 5.5405569e-01 7.9462099e-01 2.8218970e+00
 3.9610689e+00 1.4961488e+01 2.9449630e-01 2.8235943e+00 2.8717440e-01
 3.5459846e-01],4.135359,[4.53800082e-01 1.98477829e+00 4.66089821e+00 4.71640348e+00
 3.21099448e+00 1.10079682e+00 4.41074562e+00 2.73904419e+00
 5.08975601e+00 6.33853614e-01 2.07862759e+00 3.08779407e+00
 1.64308434e+01 2.83428764e+00 4.73335361e+00 2.13095975e+00
 2.17042398e+00 1.05360689e+01 2.88144541e+00 6.76212907e-01
 2.26276517e+00 3.08078003e+00 2.26290137e-01 1.76033001e+01
 5.46021414e+00 4.43493247e-01 1.53786445e+00 7.90260124e+00
 2.80693269e+00 4.39144135e-01 7.34316874e+00 3.73293114e+00
 2.32613430e+01 3.94629025e+00 6.62021923e+00 2.63173294e+00
 3.15892601e+00 3.02121139e+00 7.43536615e+00 1.23964024e+00
 4.95806932e+00 5.34912777e+00 3.44561958e+00 6.37038994e+00
 4.56277013e-01 4.84578991e+00 2.18317360e-01 1.85342598e+00
 2.87535930e+00 3.79968911e-01 3.90589523e+00 6.64910823e-02
 2.00091124e+00 1.84424746e+00 3.93250608e+00 2.09058428e+00
 1.03932083e+00 4.93724871e+00 1.43007622e+01 1.04416161e+01
 6.93999305e-02 1.17286468e+00 3.16451621e+00 1.24254847e+00
 7.15295672e-01 8.14374387e-02 2.47085834e+00 4.85115767e+00
 7.45455384e-01 3.99790072e+00 1.69560897e+00 4.90520149e-01
 1.35026989e+01 2.24724054e+00 4.61707020e+00 1.89493012e+00
 1.12777519e+00 1.33548651e+01 2.17587304e+00 1.87568593e+00
 2.12235904e+00 1.81638396e+00 1.61904740e+00 4.84570789e+00
 7.49572659e+00 3.24606943e+00 6.77542782e+00 7.48413682e-01
 6.92616510e+00 4.85285950e+00 2.85001576e-01 1.59481525e-01
 1.71567249e+00 3.15455294e+00 8.55424285e-01 2.82099986e+00
 2.30946493e+00 1.39972365e+00 3.98884463e+00 1.04685659e+01
 3.22048616e+00 3.69760811e-01 5.92593718e+00 1.63886094e+00
 6.94066715e+00 2.44901940e-01 9.96118546e+00 8.55806708e-01
 4.23039436e+00 5.22238612e-02 4.77435970e+00 8.11437666e-01
 1.63758504e+00 7.12731647e+00 2.79122686e+00 3.85950470e+00
 6.59010001e-03 7.69725704e+00 1.23071170e+00 1.73097658e+00
 1.01444874e+01 2.24925566e+00 6.34676397e-01 2.12395525e+00
 4.24862623e+00 6.60130167e+00 4.85690641e+00 5.95431900e+00
 6.27959633e+00 3.77380204e+00 3.37222368e-01 4.26189804e+00
 5.97361028e-02 1.59179926e-01 1.00502360e+00 1.07777548e+00
 1.56179464e+00 5.13344431e+00 3.51615095e+00 3.07234466e-01
 1.02020741e+00 3.71398497e+00 9.79484990e-02 1.19164944e+00
 4.15431559e-02 1.91885781e+00 2.42986488e+01 4.37096149e-01
 2.38165164e+00 3.15976453e+00 1.19486628e+01 4.34553432e+00
 1.52335584e+00 4.33947086e+00 3.13724256e+00 4.57079709e-02
 1.81845653e+00 2.70580053e+00 9.69612524e-02 5.21466255e-01
 7.69406259e-02 1.66993940e+00 7.18671989e+00 3.55606127e+00
 4.56528807e+00 9.37564135e-01 2.16518712e+00 1.02526352e-01
 3.43796849e+00 3.85704130e-01 2.57732153e+00 5.21014452e+00
 3.43754339e+00 1.18738258e+00 6.45867729e+00 1.13216370e-01
 8.19147471e-03 1.59466934e+00 8.00567818e+00 4.88130860e-02
 4.05143380e-01 2.74299765e+00 4.72434700e-01 3.43113256e+00
 7.05387259e+00 1.49624094e-01 2.18189240e+00 3.20163399e-01
 6.85212791e-01 1.48038435e+01 2.37013888e+00 3.94641638e+00
 4.77100801e+00 5.82252121e+00 5.56208038e+00 1.24311209e+00
 3.63530487e-01 6.77365208e+00 2.92178607e+00 9.98812377e-01
 9.62188125e-01 1.84469569e+00 2.60394007e-01 3.09688896e-01
 5.53523302e+00 6.14613891e-01 3.94661117e+00 7.96295834e+00
 3.15112658e-02 6.88840635e-04 2.20397301e+01 3.56107855e+00
 2.52398586e+00 5.49969387e+00 2.41122079e+00 7.32711792e+00
 5.13199791e-02 8.21275413e-02 5.83348274e+00 2.39853764e+00
 2.91168839e-01 1.83991456e+00 2.88912535e+00 1.10714321e+01
 1.13961344e+01 5.99117088e+00 3.02142143e-01 9.00702858e+00
 6.50065279e+00 2.16387348e+01 5.42578518e-01 4.42999220e+00
 1.61840841e-01 1.52802992e+00 5.09622097e+00 3.86983824e+00
 5.92079759e-01 1.04537344e+00 4.85093069e+00 6.64751053e+00
 6.98045015e-01 4.23673820e+00 3.98143005e+00 4.53731871e+00
 1.22867659e-01 3.10944080e+00 5.28020620e+00 4.57123709e+00
 3.96796846e+00 4.08257532e+00 2.83686352e+00 6.88955009e-01
 1.57433295e+00 3.86982656e+00 2.86620450e+00 3.56742263e-01],-73.69343,-163.43011,-400.0,1.5664083,2.8003283,0.9501464,0.6262424,144.19414,-69.15081,513.8087,176.85562,0.8522189,0.57715225,0.08405206,-170.23187,170.23187,[1.64050262e+02 8.57675433e-01 3.67119189e+03 3.69422302e+02
 1.09761295e+01 4.05888414e+00 1.01779657e+03 7.26706726e+02
 3.13418350e+01 1.12468909e+03 1.28746939e+01 8.08068085e+01
 5.49878120e+01 9.96497116e+01 7.32174194e+02 3.60819489e+02
 6.89034912e+02 8.07983093e+01 3.09373283e+01 1.23071656e-01
 1.72625732e+03 4.23519135e+02 2.93785675e+02 7.20419006e+01
 2.74723644e+01 1.31802124e+02 4.07601898e+02 8.20345116e+00
 1.20570507e+01 3.93939400e+01 4.32618484e+01 4.07100258e+01
 8.78120956e+01 2.47784996e+01 2.55106299e+03 2.81010345e+02
 2.14250336e+02 7.28126602e+01 1.48821774e+01 7.66220856e+00
 3.81921875e+02 4.40748262e+00 5.58008385e+01 2.17103195e+01
 1.26857880e+02 4.96335938e+03 1.60663721e+03 1.51714163e+01
 2.02711548e+02 1.03113989e+03 4.47640915e+01 1.10494835e+02
 8.47489548e+00 1.37808240e+03 8.85470276e+01 4.56738556e+02
 2.71910400e+02 2.58014282e+02 1.27094231e+02 4.17985306e+01
 2.57631683e+02 1.31535754e+03 3.31548653e+01 5.48064575e+02
 1.77558231e+00 3.36319208e+00 7.74240356e+02 1.39706869e+01
 2.54762634e+02 4.89206512e+02 6.32583523e+00 8.01613464e+02
 1.75783203e+02 1.01487083e+02 3.32364807e+01 4.51667694e+02
 3.11975067e+02 4.33263672e+03 3.12583752e+01 1.40334148e+01
 1.07019226e+03 5.65247917e+01 1.17791736e+03 6.68440552e+01
 1.10620483e+03 1.63358569e+03 3.39442749e+02 5.96877556e+01
 1.38262386e+01 1.47146088e+02 4.77225189e+01 5.22921944e+01
 1.53813553e+01 9.51228523e+00 9.86014481e+01 2.76396065e+01
 1.47454407e+03 2.07228222e+01 1.29463516e+02 1.30322601e+02
 6.61494904e+01 3.95398483e+01 3.85973778e+01 1.40278610e+02
 4.31081543e+03 1.66763580e+02 1.74195557e+01 1.57389114e+02
 1.36605026e+02 2.53934455e+00 7.96598434e+01 1.15868645e+02
 6.53079224e+02 2.43007145e+01 3.19498291e+02 6.17657051e+01
 2.72642212e+02 2.14320207e+00 2.71280731e+02 6.58623810e+01
 1.61922180e+02 6.62433243e+01 9.95073608e+02 9.28857803e+01
 2.20622910e+02 7.77969971e+01 3.79205818e+01 1.69073982e+01
 5.12966537e+01 3.63100586e+03 7.66184082e+01 7.84983444e+00
 3.66940155e+01 1.91889816e+02 1.89539566e+02 3.41948853e+01
 2.06139600e+03 2.28140526e+01 3.11125641e+01 5.50800781e+01
 1.82127800e+01 3.48202705e+01 6.40885696e+01 5.64933228e+02
 9.24504757e-01 1.58373932e+02 7.53997135e+00 6.38520050e+00
 1.61214148e+03 1.31558884e+02 5.61016426e+01 2.59443573e+02
 6.88664795e+02 3.77969551e+01 2.00106659e+02 2.83054638e+01
 1.32182083e+02 1.58073242e+02 2.24267139e+03 8.41959991e+01
 1.49617676e+02 1.16546707e+02 8.12065125e-01 2.85294590e+01
 1.82921326e+02 1.34517365e+02 8.22086639e+01 4.15038490e+01
 2.45402985e+02 4.79894562e+01 4.30774574e+01 5.04378479e+02
 4.92658920e+01 2.19914185e+02 4.22069043e+03 5.34910049e+01
 8.83821335e+01 1.02686548e+03 5.29411602e+00 1.35752544e+01
 3.67132258e+00 1.82304649e+01 1.89504028e+02 2.10783478e+02
 6.69708023e+01 1.22671986e+01 4.23844872e+01 2.24190186e+02
 2.65526978e+02 1.60561485e+01 5.43611755e+01 1.93454951e-01
 1.62173630e+02 1.04270935e+03 4.23652649e+02 1.84579811e+01
 2.96881390e+00 4.01015869e+02 5.81019440e+01 1.00502367e+01
 2.70680275e+01 6.94774170e+01 2.06266880e+00 2.31761485e-01
 2.00064278e+00 7.07587952e+02 6.67505932e+00 3.04904175e+01
 8.34013824e+01 2.17807739e+02 1.38951462e+02 3.22255737e+02
 9.24209976e+01 9.20433716e+02 1.95071265e+03 7.64690094e+01
 5.41309891e+01 4.41458130e+01 4.26695404e+01 2.81919629e+03
 6.61553478e+00 6.05684624e+01 6.76471786e+01 9.11615753e+01
 1.67094784e+01 1.73938843e+03 2.67739849e+01 3.44693794e+01
 5.95423355e+01 2.83264343e+02 6.17601547e+01 5.19744377e+01
 1.40498672e+02 1.85377289e+02 3.60161670e+03 2.34136448e+01
 7.82729950e+01 2.93347076e+02 1.30084772e+01 1.50279800e+02
 6.29475880e+00 4.64121185e+02 1.61742287e+01 2.67417633e+02
 5.95597982e+00 3.04820251e+02 1.97728180e+02 6.55209045e+01
 3.87410831e+00 1.02147743e+02 6.33622742e+02 8.21740646e+01
 1.44312830e+01 8.82702255e+00 2.81030979e+01 3.71827011e+01],603.6377,[1.69378128e+02 1.13348732e+01 3.41881274e+03 2.13068533e+00
 1.16244402e+01 2.43096352e+01 1.75739270e+03 9.92048889e+02
 1.06755924e+00 8.46772079e+01 2.04223804e+01 2.13480926e+00
 1.77122040e+02 1.66484467e+02 6.89875183e+01 3.27266815e+02
 6.27367188e+02 1.88981419e+01 1.77020073e+01 8.97079754e+00
 1.79731543e+03 4.09968781e+02 3.31485229e+02 5.62437706e+01
 4.26942673e+01 1.16142029e+02 3.90958832e+02 1.75337677e+01
 3.59799538e+01 4.10266495e+01 5.25763016e+01 1.81938381e+01
 5.66485481e+01 7.26350403e+01 2.69235547e+03 1.53587051e+02
 8.91618881e+01 7.77140579e+01 5.40901470e+00 1.29217730e+01
 7.48710785e+01 6.69217110e+00 1.26641029e+02 1.68625603e+01
 2.22079163e+01 9.80333301e+03 1.66681427e+02 1.43133974e+01
 1.72031784e+02 1.00775964e+03 2.30923700e+00 6.81828461e+01
 6.55430508e+00 1.43360083e+03 2.16577282e+01 4.55402039e+02
 1.61095965e+00 1.24617419e+03 9.82436066e+01 1.41249905e+01
 2.02161469e+02 1.46253479e+02 6.04391289e+00 4.24777069e+02
 7.25378799e+00 2.45101714e+00 2.12736923e+02 1.59695072e+01
 8.30334167e+01 2.64255615e+02 2.41459198e+01 4.57772736e+02
 8.57851639e+01 1.16561920e+02 1.16708851e+00 9.66036606e+01
 2.08799896e+02 2.18620361e+03 4.38153839e+00 3.01887856e+01
 4.20676971e+02 2.27671204e+01 3.03467969e+03 5.28996944e-01
 1.02350098e+03 1.57926758e+03 3.33098831e+01 4.86462097e+01
 4.32021408e+01 2.03061249e+02 4.43781967e+01 2.81273723e-01
 3.43415880e+00 4.75763008e-02 5.38689156e+01 1.93766823e+01
 2.08780176e+03 1.31013098e+01 6.30324860e+01 9.68769073e+01
 3.50170517e+01 3.90768051e+01 1.66551323e+01 1.61510803e+02
 3.33327417e+03 1.53478165e+02 1.56571255e+01 1.85515533e+02
 5.86051788e+01 1.07067881e+01 6.95722122e+01 1.09856506e+02
 6.01075439e+02 4.65083694e+01 4.68630676e+02 2.46702156e+01
 1.48432632e+02 6.04997349e+00 5.30160141e+01 7.09803848e+01
 1.44723389e+02 5.85865593e+01 8.09685669e+01 6.99213181e+01
 2.08437164e+02 1.06222000e+01 4.26404190e+01 1.72945671e+01
 5.28579407e+01 5.21759082e+03 4.53851700e+00 3.00710239e+01
 4.11845322e+01 6.53662205e+00 1.85627960e+02 3.10737476e+01
 1.75400342e+03 6.42410049e+01 3.16502419e+01 2.12693520e+01
 5.46052170e+00 1.45881605e+01 3.14768162e+01 9.40067368e+01
 1.05135083e+00 9.48133011e+01 1.85174298e+00 1.82092228e+01
 1.85705005e+03 1.28444336e+02 5.07808495e+01 1.85466980e+02
 7.33401855e+02 2.18650284e+01 1.81391754e+01 2.86028147e+00
 1.35589264e+02 1.38550507e+02 2.59906543e+03 3.24301643e+01
 5.10852852e+01 9.07231598e+01 2.19622936e+01 1.74781780e+01
 1.84836807e+02 1.38529266e+02 8.31082764e+01 6.75812721e+00
 1.02127251e+02 2.86432114e+01 4.60063515e+01 9.62336197e+01
 2.09708424e+01 2.34486542e+02 4.86399072e+03 9.45110321e+00
 1.78218689e+02 9.47495178e+02 2.69281793e+00 1.10062809e+01
 3.48095632e+00 1.82187309e+01 1.41884384e+02 2.73702011e+01
 6.62472839e+01 5.23098409e-01 2.42875729e+01 1.85126877e+02
 6.05264435e+01 1.09711819e+01 4.12423248e+01 3.50615978e+00
 5.63021584e+01 1.33912476e+03 4.17720459e+02 1.94569588e+01
 1.43122220e+00 3.55639587e+02 5.16152077e+01 1.18737059e+01
 5.66351376e-02 5.88144150e+01 2.70632172e+00 8.85408044e-01
 4.35098052e-01 7.43101562e+02 5.29801254e+01 6.55099297e+00
 8.29196854e+01 2.09333298e+02 8.50672913e+01 4.23723846e+02
 5.79310799e+01 8.11504395e+02 2.12259204e+03 1.02636490e+02
 2.10549942e+02 4.39127235e+01 4.28545074e+01 3.42069458e+03
 6.26459169e+00 2.75691967e+01 4.83090286e+01 1.04047241e+02
 9.56754398e+00 1.74193640e+03 4.29575768e+01 2.15284653e+01
 3.15075264e+01 7.22875290e+01 4.80020523e+01 4.80921974e+01
 1.03338722e+02 9.80722351e+01 2.98129956e+03 4.63679171e+00
 6.41729431e+01 7.70362671e+02 1.16284151e+01 1.71271912e+02
 1.31487122e+01 4.62596436e+02 1.43079405e+01 1.54638229e+02
 5.36241035e+01 2.06180847e+02 8.97606735e+01 5.78468704e+01
 4.62628317e+00 9.67527466e+01 9.45140503e+02 8.01883011e+01
 1.70342560e+01 9.92249966e+00 4.83845520e+00 4.57191162e+01],-93.87807,-196.84346,-387.43475,3.9832277,20.681385,1.1656294,0.7671956,0.014023400869369507,4491.769854307175,-0.12216788954220682,0.04508904645306889,-0.11902482853519471,0.05710365008058268,-0.3450924809262563,25.099999999996967,0.0,325000.0,-2.0,-1000.0,500.0,6.650554418563843,325000
137.27847,0.11854976,0.5011892,0.013109005,-132.14803,132.14803,[1.5421818e+00 2.1933126e+00 8.2376190e-02 8.7341604e+00 9.1595573e+00
 4.0823898e+00 1.7133572e+00 2.8909972e+00 8.7509518e+00 1.7538644e+00
 5.8225718e+00 7.7139539e-01 3.0265961e+00 9.2447796e+00 1.0136527e+01
 5.3158260e+01 8.3453310e-01 1.8936374e+00 3.1761892e-02 6.8575678e+00
 1.7878332e+00 7.4977083e+00 1.7939938e+00 5.3070855e-01 1.8191495e+00
 2.5030339e+00 2.5960832e+00 3.2836159e+01 1.0842965e+00 2.6728031e+01
 6.0995631e+00 3.7793577e+00 3.1163457e-01 1.7621979e+01 1.1174839e+01
 2.7585378e+00 2.2105103e+00 4.2045922e+00 2.4786636e+01 1.7480690e+01
 6.6906185e+00 1.8371342e+01 2.5595899e+00 4.3707862e+00 1.6605295e+01
 1.2747319e+00 7.6072782e-02 1.3859531e+01 7.7117395e+00 1.2475388e+00
 1.0055089e+01 1.4347465e-01 2.9701781e+00 5.5712261e+00 1.8317262e+00
 1.5614883e-02 9.1834717e+00 2.0207237e+01 1.1220055e+01 1.9709449e-01
 2.3091962e+00 3.2013154e+00 1.0616735e+01 6.2365479e+00 8.5127954e+00
 2.6274323e+01 1.4952407e+00 2.5544375e-01 7.2247686e+00 8.5140276e+00
 6.9683847e+00 3.0462018e-01 2.1175148e+00 9.7717381e+00 4.0275478e+00
 1.7257767e+00 3.7948670e+00 4.3152866e+00 2.5667930e+00 6.3435888e-01
 5.2647796e+00 1.9397522e+02 5.5541840e+00 1.9811895e-01 3.3707075e+00
 6.9932175e+01 9.1103190e-01 1.2158408e+00 5.6177926e+00 1.3095428e+01
 8.8674080e-01 6.9574308e+00 3.8988912e+00 5.0375241e-01 1.5963906e-02
 3.0934253e+00 8.0520296e+00 2.7575363e+01 8.0873418e-01 4.1194997e+00
 2.8427742e+00 2.6326261e+00 7.1505160e+00 1.6738026e+01 5.9352551e+00
 6.2789714e-01 2.4885795e+00 3.7775099e-01 9.5374546e+00 5.0158674e-01
 1.3753272e+00 5.4009666e+00 6.1735719e-01 7.8294253e-01 5.0852184e+00
 1.0580935e+00 2.2422597e+00 5.8911505e+00 3.9492214e+00 2.6615148e+00
 8.2229643e+00 4.9382119e+00 5.6603251e+00 7.3547263e+00 1.1891497e+01
 3.6243885e+00 4.8795257e+00 8.9319811e+00 2.1258903e+00 9.8754287e-02
 1.0148147e+01 1.1468402e+01 1.1686550e+01 3.6572075e+00 2.6437130e+00
 3.3775864e+00 2.0439057e+00 9.9017391e+00 3.4700546e+01 1.9084600e+01
 2.2735581e+00 1.4941555e-01 9.7819871e-01 6.7157209e-01 6.4044418e+00
 2.2420201e+00 7.3632569e+00 2.0899520e+00 1.5090574e+00 7.2925329e+00
 5.3453622e+00 3.6874071e-02 7.1723312e-01 4.5627823e+00 8.7955475e+00
 5.0495830e+00 3.4879458e-01 7.3891516e+00 4.7251229e+00 2.5685551e+00
 3.3248518e+00 3.3510354e+00 1.7072378e+01 1.6074446e+00 1.1331472e-01
 4.5082812e+00 1.1093437e+01 4.6754961e+00 5.3063784e+00 3.0438006e-02
 4.5435553e+00 2.9516437e+00 5.6680566e-01 6.2739897e+00 4.7930861e+00
 1.2018183e-01 1.6530846e+01 4.1695970e-01 6.7292428e-01 8.4303684e+00
 3.4320829e+00 9.5030975e+00 2.2754240e+00 7.4635422e-01 3.3974786e+00
 2.5518839e+00 1.1706125e+01 8.0391331e+00 7.8945103e+00 4.6626501e+00
 4.3909268e+00 4.4888549e+00 4.9608283e+00 1.1275689e+01 7.6736670e+00
 2.0633101e+01 6.8113899e+01 1.6330959e+01 5.7975836e+00 8.5183305e-01
 4.9670501e+00 1.9157357e+00 2.0580380e+00 1.1372381e+01 4.4075928e+00
 1.9337414e+01 6.6686141e-01 3.1207204e+00 7.5685710e-01 1.2382697e-01
 1.0701064e+01 1.4446494e+01 2.6093919e+00 6.6809812e+00 8.1261845e+00
 2.2521119e+00 4.0060568e+00 2.0776796e+00 4.6758108e+00 1.1553089e+01
 4.9361658e-01 3.9541367e-03 6.0148826e+00 8.7408316e-01 5.4996014e+00
 2.3826443e+01 2.3581911e+01 3.9995592e-02 1.7894467e+00 1.8654336e+00
 1.5677881e+00 1.5739317e+01 2.6597137e+00 6.3985014e+00 3.5183647e+00
 6.0399284e+00 6.3126135e+00 5.8777684e-01 1.0134974e+01 2.1758621e+01
 6.5184841e+00 8.6371517e+00 6.0708833e+00 2.6947083e+00 1.0645055e+01
 8.6701279e+00 7.7223754e-01 2.0757076e+01 4.4631224e+00 7.2635350e+00
 4.5671577e+00 2.0106724e+01 1.4462001e+00 1.3351048e+00 3.1896384e+00
 7.8467321e+00],7.8618155,[2.6532388e+00 7.2091037e-01 1.0777151e+01 2.1970733e-01 1.6031084e+01
 3.3362162e-01 4.4213645e-02 1.7690352e+00 1.5286040e+00 2.7716162e+00
 2.3079618e+01 3.9726138e-01 2.7230256e+00 2.7075028e+00 4.3470702e+00
 4.5653389e+01 2.5695190e+00 2.2744970e+00 6.4902090e-02 8.6582136e+00
 5.9681263e+00 1.3582107e+00 6.8535771e+00 8.1804568e-01 4.2046409e+00
 3.0729101e+00 8.2733822e-01 1.5925276e+01 1.2522829e+00 2.7118534e+01
 3.8380778e-01 4.4793630e+00 9.4816339e-01 7.3759687e-01 1.0452902e+00
 8.7494117e-01 6.9337314e-01 7.7394819e-01 2.2657177e+01 3.2137737e+00
 8.7213129e-01 2.7578104e+00 1.6516836e+00 1.6901588e-01 5.2074432e+00
 2.8652081e+00 1.3513172e+00 7.1832032e+00 7.1601391e+00 3.5506518e+00
 9.0063610e+00 3.0398502e+00 4.6879559e+00 5.3430953e+00 2.2681679e-01
 1.6520243e-02 4.0991960e+00 1.4501711e+01 4.8504887e+00 3.4313419e-01
 1.6613526e+00 6.6516125e-01 2.1934465e-01 5.2533922e+00 4.7528019e+00
 5.1177578e+01 2.9037325e+00 8.2869554e-01 1.3676798e+00 6.5527372e+00
 2.5938424e-01 6.3745384e+00 1.9058689e+00 3.2566824e+00 6.2823147e-01
 6.0783881e-01 2.2725987e-01 3.8194563e+00 2.5248487e+00 2.9981377e+00
 7.0389996e+00 2.4508252e+00 2.1627061e+00 1.5421612e+00 3.7674844e+00
 5.6116093e+01 1.1883624e+00 2.2234862e-01 2.2726755e+00 1.0160220e+00
 1.9325277e-01 3.1098433e+00 5.4090037e+00 3.3015192e+00 4.2536603e-03
 1.1662324e-01 3.6841619e+00 2.3226767e+00 1.5067641e+00 7.2345080e+00
 4.0046084e-01 4.0957375e+00 4.3177233e+00 2.2638047e+00 1.4892258e+01
 1.9846329e-02 1.9051551e+00 5.9021730e+00 1.5212059e+00 9.4311962e+00
 8.0230951e-02 2.7590947e+00 3.4868269e+00 4.0954363e-01 5.3506118e-01
 2.5071815e-01 1.7288609e+00 2.3262398e+00 3.5394781e+00 8.9945793e+00
 4.2230196e+00 1.6521581e+00 1.4142421e-01 2.1739311e+00 5.0036936e+00
 4.2369208e+00 3.3105891e+00 3.4143889e+00 2.1790421e+00 3.0919182e-01
 2.7578359e+00 2.4748125e+00 7.4399052e+00 1.7547023e+00 1.6836458e-01
 9.4044018e-01 5.7318080e-02 1.5405339e+00 2.3077202e+01 7.0354114e+00
 5.0064075e-01 1.3313241e+01 1.2922956e+00 1.8495030e+00 1.1393638e+00
 1.5958439e+00 9.1676626e+00 5.2623234e+00 1.4023367e+00 1.1362742e+00
 4.9691901e+00 9.1622949e-02 3.4533348e+00 1.3462380e+00 2.7263691e+00
 2.8767908e-01 7.4379645e-02 4.2298667e-02 5.3288865e+00 5.6953788e-01
 1.4881175e+00 2.1581531e+00 5.6393504e+00 3.7366562e+00 1.2319710e+00
 1.7550676e-01 7.6315098e+00 2.5318193e+00 1.0969867e+00 5.8568940e-02
 1.6367016e+00 1.0368159e+00 7.9628509e-01 2.3224137e+00 1.7047459e+00
 2.1556866e-01 1.6113796e+01 2.9363725e-01 5.0753146e-01 3.5742629e-01
 7.0702606e-01 2.9476333e-01 1.1989240e+01 1.4326165e+00 2.4509563e+00
 2.7381961e+00 1.6436766e+01 2.2184384e+00 3.6804378e-01 6.1514120e+00
 6.7464876e+00 2.8927975e+00 2.8632006e-01 6.7868767e+00 6.8558111e+00
 7.0552168e+00 3.4611645e+00 4.6398506e-01 2.6212309e-02 3.3318377e-01
 8.1840825e-01 3.2192819e+00 2.7976458e+00 2.8324749e+00 1.8176035e+00
 6.4822254e+00 2.2591388e+00 2.6563215e+00 4.6463866e-02 3.7970095e+00
 2.6685393e+00 2.3656535e+00 7.8173127e+00 7.4766402e+00 3.2441239e+00
 1.1746076e+00 1.7206291e+00 1.8912740e+00 1.5014509e+00 2.9772518e+00
 3.0881637e-01 3.9456207e-03 1.6208802e+00 1.4435381e+01 5.5027122e+00
 3.8391070e+00 7.9277301e+00 3.1832326e-04 7.0739479e+00 1.8786820e+00
 5.6946549e+00 1.1208945e+01 1.1713809e+00 6.1734428e+00 1.0610461e+00
 6.0540330e-01 9.1859837e+00 8.6344522e-01 1.4109244e+00 1.2300514e+01
 1.3554389e+00 4.3434381e+00 4.8740527e-01 1.4585502e+00 6.2789898e+00
 3.9124432e+00 4.4947801e+00 3.0231969e+00 1.9525988e+00 4.9660301e+00
 2.8467765e+00 4.6174512e+00 1.7388432e+00 8.5789814e+00 2.4231033e+00
 1.0089906e+01],-82.936134,-163.46768,-399.9801,1.7110231,19.653639,0.96354747,0.63402224,303.7984,-908.8272,2379.1003,194.21976,0.70014673,0.56882447,0.091660485,-187.83136,187.83136,[1.11692334e+03 1.58157425e+02 4.35178614e+00 1.08018196e+02
 4.52075462e+01 5.30866162e+03 1.20393909e+03 8.14524555e+00
 6.16921043e+01 7.75165176e+01 1.90421783e+02 3.94478416e+01
 8.91688171e+02 3.65753632e+02 8.85418129e+00 4.50412750e+00
 1.16191605e+02 2.79410571e+03 4.13058662e+01 1.23204529e+02
 6.83700806e+02 4.23343384e+02 7.51214170e+00 9.25174713e+00
 4.24587860e+01 5.37537292e+02 2.52143154e+01 1.22108002e+02
 2.57919952e+02 2.63280487e+02 9.00675812e+01 8.82764282e+02
 4.13317833e+01 2.69984913e+01 1.01497490e+02 2.55885792e+01
 7.88600998e+01 1.79188824e+01 7.59154358e+01 2.68585253e+00
 2.09501968e+02 1.05556694e+02 1.64666023e+01 1.09406837e+02
 1.15400963e+01 4.23042793e+01 4.15201813e+02 2.93831711e+01
 2.06080341e+01 1.16925573e+00 6.36130127e+02 3.51501709e+02
 6.06711502e+01 3.54004181e+02 5.03585339e+00 2.47305431e+01
 9.55163765e+00 7.97940979e+01 1.17381535e+01 3.85023460e+01
 3.92312927e+01 1.27643372e+02 6.55586395e+01 7.64983463e+00
 5.07970825e+02 4.79034912e+02 2.72950226e+02 5.31803589e+01
 8.96265411e+01 9.27650070e+01 1.87447071e+00 3.20412598e+01
 1.08547501e+02 2.84858036e+01 7.90618774e+02 9.67628326e+01
 2.01066437e+02 6.26308346e+00 3.18166992e+02 5.64400330e+01
 2.48175217e+02 2.14965149e+02 1.04686797e+00 5.78085136e+01
 4.48719531e+03 2.42900375e+02 6.72636047e+02 4.55613586e+02
 8.89924545e+01 7.37467773e+02 1.19535576e+02 3.14849548e+02
 5.41061230e+03 1.81897003e+02 2.53918705e+01 1.35810919e+01
 2.31367447e+02 1.01589317e+02 1.75912094e+01 5.26921753e+02
 1.63939041e+02 9.02791119e+00 8.83857422e+01 2.63231163e+01
 3.82582932e+01 2.80598736e+01 2.70304852e+01 2.00031372e+02
 2.56026917e+02 2.76802406e+01 2.06469288e+01 4.12643003e+00
 4.77083054e+01 3.06858063e+02 5.07285248e+02 3.04062683e+02
 1.33268417e+02 2.98140167e+02 2.12739258e+02 3.47598114e+01
 9.53290081e+00 1.89137253e+02 8.59845123e+01 1.50501160e+02
 4.40794468e+00 5.50900307e+01 4.72696472e+02 2.66132317e+01
 1.01704607e+01 1.15795239e+03 2.16763935e+01 6.27545837e+02
 9.04314194e+01 5.53919077e+00 1.47747849e+02 2.11858521e+01
 7.10241882e+02 8.62508392e+00 6.63281616e+02 2.30075977e+03
 7.94357896e-01 4.22949753e+01 3.63416519e+01 1.01171524e+02
 3.55204868e+00 9.78170700e+01 1.13325965e+00 2.57356689e+02
 3.59280579e+02 2.16232178e+02 4.86250448e+00 4.01379929e+01
 2.55527649e+02 4.99246597e+00 2.27737869e+02 3.10923767e+02
 3.07218445e+02 7.58977711e-01 1.11606285e+02 2.24429916e+02
 5.97780380e+01 1.37543529e-01 5.71094727e+02 5.50961533e+01
 3.67290833e+02 1.95924713e+02 5.80068970e+01 7.02218262e+02
 5.22203369e+01 1.93961596e+00 5.92590752e+01 1.88645157e+02
 3.21948433e+01 2.49690151e+00 1.68062793e+03 8.14828369e+02
 1.09471197e+01 6.90853262e+00 4.04065037e+00 5.86628052e+02
 5.63506126e+01 1.74700607e+02 3.31626725e+00 6.95714798e+01
 2.41332611e+02 1.88977718e+01 1.25942725e+03 1.75170288e+01
 1.25667938e+02 1.15353966e+00 1.34551224e+02 3.90240898e+01
 8.90164429e+02 1.80678291e+01 2.86583245e-01 5.17221603e+01
 2.50299942e+02 4.24953094e+02 1.06860181e+03 1.60987198e+02
 3.14019714e+02 5.92027246e+03 4.29438734e+00 2.45920135e+02
 1.36762543e+02 2.01566360e+02 2.23445835e+01 1.53314117e+02
 6.70400696e+01 1.10947025e+00 8.66350021e+01 1.24968958e+01
 2.51236343e+01 8.83749580e+00 6.26852846e+00 1.15212959e+02
 1.45549030e+01 2.06748627e+02 2.89528389e+01 8.63827667e+01
 4.79135513e+01 1.43647156e+02 1.72636597e+02 4.08793163e+00
 5.08641357e+03 6.95251541e+01 1.82285080e+01 2.79634186e+02
 1.12934860e+02 1.00510681e+02 8.88456421e+01 3.30795975e+01
 1.30040924e+02 2.50426369e+01 9.76075195e+03 7.81659241e+01
 3.85021790e+02 3.01376190e+01 1.58037496e+00 5.07671387e+02
 1.25002792e+02 1.41789612e+03 1.86044418e+02 2.32985958e-01
 3.05804014e+00 4.22315216e+00 2.27490616e+01 1.62551086e+02
 7.63256042e+02 9.90322388e+02 6.39549017e+00 1.59608582e+02
 1.54123596e+03 3.03100338e+01 7.46620026e+01 2.13660675e+02],510.04773,[7.57766037e+01 4.77487335e+01 6.07983208e+00 1.06293289e+02
 1.40941429e+01 4.62168945e+03 2.62186193e+00 2.48218899e+01
 2.82302666e+01 6.89534988e+01 1.93754211e+02 3.13049412e+01
 9.18174438e+01 5.63823395e+01 5.30547285e+00 4.76445866e+00
 8.47812347e+01 2.58971826e+03 4.67024994e+01 9.26871109e+01
 1.35854721e+02 3.04988159e+02 5.65756702e+00 3.87780151e+01
 7.93922138e+00 8.04267426e+01 3.14991703e+01 1.08012566e+02
 1.61482162e+02 2.60310791e+02 9.06266403e+01 5.77504349e+00
 5.09069748e+01 2.30023804e+01 1.24769623e+02 3.35596924e+01
 7.66724854e+01 2.56980457e+01 1.40959549e+02 3.57251167e+00
 8.69356766e+01 1.12576851e+02 4.32437782e+01 1.87135658e+01
 1.27798405e+01 1.88209915e+01 5.04048340e+02 2.20958939e+01
 3.18641109e+01 3.45507979e+00 5.94472778e+02 3.90076538e+02
 6.46534576e+01 1.32298370e+02 2.24136257e+01 2.05253716e+01
 1.75562458e+01 9.89572296e+01 1.25887623e+01 8.38491516e+01
 4.90791321e+01 1.46590698e+02 5.13468590e+01 1.68897400e+01
 1.55287862e+00 3.15844177e+02 2.22753372e+02 8.22768936e+01
 8.92828827e+01 5.22679672e+01 2.48289070e+01 2.94174786e+01
 5.08472481e+01 1.60533085e+01 1.21470100e+02 7.16423187e+01
 8.46129150e+01 6.98212957e+00 1.15310905e+02 6.62151566e+01
 2.22125916e+02 2.14365265e+02 2.68803716e+00 7.79492340e+01
 5.26144629e+03 1.76853119e+02 5.72527313e+01 5.50545166e+02
 4.85621376e+01 1.78898727e+02 1.24181519e+02 9.31731033e+01
 4.61757324e+03 2.05280273e+02 2.67907887e+01 1.07821608e+00
 2.37666595e+02 7.43115921e+01 7.93781567e+00 3.54977875e+02
 1.66018433e+02 1.02690706e+01 1.71599369e+01 1.25598259e+01
 4.59113731e+01 2.93075619e+01 1.76522102e+01 2.02797211e+02
 2.38549988e+02 2.73024139e+01 6.91439438e+01 5.74313998e-01
 4.23676224e+01 1.42801682e+02 3.95526031e+02 1.77770157e+02
 7.08809128e+01 3.44454926e+02 2.11254913e+02 1.04170060e+00
 8.01159191e+00 1.38914948e+02 5.48191261e+01 1.26103317e+02
 5.55318117e+00 4.99613724e+01 1.94861160e+02 2.66638660e+01
 2.20795244e-01 1.16403656e+02 1.92126751e+01 5.95214355e+02
 1.00602245e+01 2.52873268e+01 4.35348358e+01 1.12366076e+01
 2.02583740e+03 2.04093784e-01 7.20356873e+02 1.34046399e+03
 2.94127922e+01 3.19792252e+01 5.24102020e+01 5.24103785e+00
 1.22921272e+02 9.52002945e+01 3.37843478e-01 2.04193298e+02
 3.34199707e+02 2.14856796e+02 2.92145615e+01 4.34680939e+01
 4.65749054e+02 6.94411457e-01 1.95929504e+02 3.64733826e+02
 1.22755882e+02 8.16105461e+00 6.14612007e+01 4.89323692e+01
 1.18811287e+02 3.63314152e+00 2.30584930e+02 1.61981571e+00
 3.31203308e+02 1.48219116e+02 3.45263214e+01 1.73803299e+02
 4.72573624e+01 1.16617250e+00 5.07317238e+01 1.43765488e+02
 2.42695503e+01 1.36298633e+00 1.69122327e+03 6.28682556e+02
 7.15849018e+00 1.83193803e+00 9.98421001e+00 1.00167252e+02
 7.02509689e+01 1.86026260e+02 1.56749618e+00 7.67033768e+01
 2.14678741e+02 2.05039139e+01 1.24134180e+03 3.87488785e+01
 1.39021866e+02 3.23621511e+00 2.40669495e+02 3.01716881e+01
 1.70209923e+01 1.26992550e+01 2.90579262e+01 4.17020950e+01
 1.02070465e+02 1.93806137e+02 5.29445923e+02 1.29800110e+02
 5.16196594e+02 5.10522852e+03 7.09200048e+00 2.67169281e+02
 1.38118744e+02 4.00382385e+01 1.00877154e+00 2.02880764e+01
 6.67818451e+01 1.01485548e+01 5.74722824e+01 1.61282806e+01
 3.10305920e+01 1.35621758e+01 6.89418030e+00 8.65397797e+01
 2.71444550e+01 2.18140808e+02 2.04434853e+01 5.85392609e+01
 4.75641556e+01 1.43465607e+02 2.19786438e+02 7.35364723e+00
 3.24062988e+03 3.96361160e+01 1.97367706e+01 1.40551697e+02
 1.02987118e+01 9.59589386e+01 7.49601288e+01 4.34119148e+01
 1.07540993e+02 3.43324900e+00 9.90303418e+03 6.94434738e+01
 3.86870117e+02 3.43284607e+01 1.80008392e+01 5.02562744e+02
 2.26809616e+01 2.55612518e+02 1.19554062e+02 1.09054697e+00
 1.00198498e+01 4.54372444e+01 1.43689404e+01 1.46067581e+02
 7.77362366e+02 1.03239795e+03 1.48472567e+01 2.06856140e+02
 1.41612415e+03 1.01092834e+02 5.77803268e+01 2.55140228e+02],-118.40795,-212.15477,-376.27713,3.7452874,20.005676,1.245563,0.7545214,0.01337666657447815,4826.186536550522,-0.023825209531166562,-0.031318648861192296,-0.025138714782883036,-0.01490394435526842,-0.590295473312586,25.099999999996967,0.0,350000.0,-2.0,-1000.0,500.0,6.5861523151397705,350000
139.05031,0.12482291,0.48827672,0.01629742,-134.04272,134.04272,[2.83840060e+00 1.07500575e-01 1.21172009e+01 4.43573236e-01
 7.21853524e-02 2.66828346e+00 2.03720975e+00 3.43954849e+00
 4.13430691e+00 7.68700659e-01 1.36317825e+00 8.91282272e+00
 5.68430662e-01 3.67735720e+00 3.68974953e+01 4.42763060e-01
 5.80044508e-01 7.52773571e+00 8.44684124e-01 2.55695724e+00
 4.85569239e+00 4.95987015e+01 2.54814696e+00 2.66863775e+00
 2.48537183e+00 6.49328411e-01 2.49472618e+00 3.18541503e+00
 7.86886990e-01 3.36938143e+00 1.12772799e+00 2.11291027e+00
 5.64193010e-01 1.71908593e+00 2.46925640e+00 7.31648636e+00
 9.02810097e+00 1.57007146e+00 3.68823385e+00 1.03044233e+01
 3.23740816e+00 3.12191248e+00 1.20716476e+00 1.65022388e-02
 7.26181746e+00 3.43309522e+00 1.07982270e-01 2.46964134e-02
 9.23923683e+00 3.07991195e+00 1.60611498e+00 2.47050643e+00
 3.42617893e+00 2.26334035e-01 8.13397527e-01 2.08369803e+00
 9.09924865e-01 1.14382342e-01 3.88004994e+00 6.40789795e+00
 8.99723339e+00 6.71481800e+00 1.33244112e-01 1.63876514e+01
 6.14665318e+00 4.26879692e+00 7.00677484e-02 4.61809015e+00
 3.42843682e-01 1.45093465e+00 2.26107780e-02 4.02311742e-01
 1.56159058e+01 9.89460373e+00 3.55108976e+00 1.08000927e+01
 4.11298895e+00 1.50715172e-01 2.93806314e-01 1.98036119e-01
 8.37988949e+00 2.78131914e+00 2.90571785e+00 7.91250181e+00
 1.87054425e-01 1.17431221e+01 7.49473095e-01 2.79509902e-01
 4.43639904e-02 1.78106666e+00 4.33141136e+00 2.45882773e+00
 5.85897043e-02 1.37745011e+00 1.60212051e-02 1.22812545e+00
 1.56851816e+00 1.48877776e+00 1.79248619e+00 5.54495907e+00
 4.82865840e-01 5.77942562e+00 1.50065243e+00 1.58340511e+01
 9.54783440e-01 4.95243502e+00 1.96842217e+00 2.09780741e+00
 7.32213974e-01 2.03933239e-01 7.31898308e-01 1.86652260e+01
 7.02996397e+00 9.08236325e-01 2.35268211e+01 6.20182097e-01
 2.17715406e+00 3.74147922e-01 6.11235678e-01 1.23075695e+01
 5.38066149e+00 3.63114929e+00 4.07430220e+00 2.14696198e+01
 4.19624239e-01 2.88753241e-01 4.10715675e+00 1.30050445e+00
 6.50538874e+00 8.38595033e-01 6.07790351e-01 2.97223544e+00
 7.99563217e+00 4.93149757e+00 3.24425817e+00 6.78957924e-02
 1.03399724e-01 8.47923756e+00 1.62945771e+00 2.52859855e+00
 7.55842972e+00 1.43030643e+00 4.80298847e-01 2.14885068e+00
 8.11719704e+00 2.36833978e+00 3.00092369e-01 1.50527149e-01
 5.50686340e+01 7.62702003e-02 1.04261649e+00 1.03749104e+01
 3.77497559e+01 4.61387217e-01 2.80151844e+00 2.97701311e+00
 3.84342146e+00 2.34560460e-01 3.50967622e+00 6.52591228e-01
 3.55513358e+00 1.93886261e+01 5.17729282e+00 2.04307652e+00
 1.11837649e+00 3.55959368e+00 9.74022865e-01 4.62442279e-01
 3.13108683e-01 1.00871420e+01 2.41044807e+00 7.66152918e-01
 1.13624012e+00 1.46270737e-01 2.78047276e+01 3.16850519e+00
 4.58870381e-02 4.40944824e+01 6.91233826e+00 3.21622849e+00
 1.70652342e+00 7.06545162e+00 4.70945549e+00 1.46647167e+00
 3.22530508e-01 4.48266363e+00 1.45605179e-02 1.56991196e+01
 3.23859191e+00 3.43144569e+01 5.08806686e+01 3.31840754e-01
 6.31588316e+00 3.08013606e+00 1.28984232e+01 1.18490204e-01
 9.04188573e-01 1.10880065e+00 1.35771155e-01 1.07890725e+00
 1.32359087e+00 3.88574219e+00 5.53338146e+00 3.80952501e+00
 1.60362947e+00 4.94346714e+00 4.82277727e+00 9.39356518e+00
 1.42185539e-01 1.01652539e+00 2.13192999e-01 2.53652787e+00
 6.39422089e-02 1.80243587e+01 4.97674656e+00 2.52587938e+00
 2.72386749e+02 8.29277754e-01 1.80222118e+00 1.82961512e+00
 2.34344482e+00 5.21983242e+00 7.63226318e+01 5.25501557e-03
 3.46202040e+00 1.45443058e+01 6.11046696e+00 2.81872177e+00
 4.14698219e+00 8.63193893e+00 8.44297600e+00 8.11399817e-01
 1.14184570e+00 3.08610082e-01 1.55483608e+01 4.93324041e-01
 7.99406350e-01 2.57800865e+01 1.33570995e+01 6.94293439e-01
 2.18982553e+00 6.30141878e+00 1.67243671e+01 1.18184757e+00
 2.38500476e+00 8.21999758e-02 3.79582596e+00 5.49983501e+00
 1.16485596e-01 2.90700123e-02 8.06964111e+00 5.63208294e+00
 1.03803825e+00 2.93148971e+00 5.26093066e-01 6.11362040e-01],8.105372,[4.34876055e-01 1.71829414e+00 4.60484996e-02 1.33151978e-01
 6.23451567e+00 1.91815567e+00 9.16267490e+00 9.53744292e-01
 1.04623759e+00 3.65908265e+00 2.01468182e+01 1.80604428e-01
 3.82425618e+00 9.40625286e+00 2.26698780e+00 1.30466640e+00
 1.86288416e-01 3.33942914e+00 1.22892895e+01 2.01964617e+00
 2.42298746e+00 1.02698641e+01 5.75456858e+00 4.21252102e-01
 6.36739016e+00 1.20219409e+00 3.33248281e+00 2.04117656e+00
 7.87495792e-01 1.11947489e+00 6.95339346e+00 6.71105623e-01
 3.13552350e-01 4.53502560e+00 8.62625241e-01 1.74661174e-01
 4.04557648e+01 2.20500994e+00 6.99449182e-01 7.08728790e-01
 4.68335927e-01 2.21652579e+00 7.33399391e+00 1.40036959e-02
 4.34593105e+00 3.15458560e+00 5.36528492e+00 4.08220291e-02
 4.53434676e-01 3.45244884e-01 2.02189326e+00 1.42235255e+00
 4.12024069e+00 4.32396507e+00 6.40472984e+00 3.32113206e-01
 2.09664416e+00 3.02236223e+00 4.47824383e+00 4.56533241e+00
 2.79185504e-01 1.99931240e+01 1.97688788e-02 5.33544493e+00
 2.95768172e-01 1.67024851e+00 1.08392143e+00 3.13039279e+00
 2.63629961e+00 3.76553982e-02 2.30807438e-02 8.52067471e+00
 4.09362936e+00 3.97533864e-01 1.40404880e+00 1.19947796e+01
 1.53467011e+00 5.93820763e+00 1.13627291e+00 8.21497631e+00
 5.53991199e-01 2.00670862e+00 2.29228759e+00 3.86330938e+00
 4.92633390e+00 1.00499344e+00 6.81454420e+00 1.20703602e+00
 5.80083020e-02 6.81286526e+00 2.68264580e+00 3.18277746e-01
 3.47005844e-01 4.87864971e+00 8.06614578e-01 1.42496681e+00
 4.39673328e+00 2.62460923e+00 2.42730904e+00 1.39611206e+01
 1.27719223e-01 1.41732168e+00 9.06648254e+00 1.09094644e+00
 6.60428095e+00 1.47624683e+00 6.25135326e+00 8.68458152e-01
 1.38370066e+01 5.57929039e+00 1.12587199e-01 1.27742037e-01
 8.99648094e+00 1.93259680e+00 3.35906005e+00 4.03335047e+00
 2.26998663e+00 1.51012748e-01 1.88344747e-01 1.75751247e+01
 5.63634491e+00 6.69514164e-02 1.69962394e+00 1.58275986e+01
 7.61814535e-01 1.53181267e+00 1.32273602e+00 3.45390528e-01
 7.29900646e+00 5.69855499e+00 2.72974229e+00 1.78207898e+00
 2.86247683e+00 1.09672368e+00 3.70608306e+00 3.78733492e+00
 1.07103840e-01 6.91209197e-01 3.35154963e+00 1.29712391e+01
 4.21071321e-01 7.65612030e+00 4.10415590e-01 9.42744017e-01
 5.03611714e-02 7.49509954e+00 7.19255030e-01 1.64761086e+01
 1.28766241e+01 7.85630792e-02 1.00030124e+00 2.31742058e+01
 1.10818237e+02 3.85142064e+00 2.05957174e+00 9.09745395e-01
 2.05217791e+00 1.42977500e+00 4.86312723e+00 4.78654575e+00
 6.01917028e-01 4.98609638e+00 3.88952560e+01 4.60110044e+00
 2.03363562e+00 1.78091025e+00 6.88725948e+00 1.08873844e+01
 2.49662042e+00 2.48890915e+01 1.97379315e+00 2.71104485e-01
 6.73877048e+00 7.13811159e-01 2.38267040e+00 7.88370907e-01
 4.99798991e-02 4.88345528e+01 9.78071615e-02 4.41032171e-01
 8.05791950e+00 1.69903815e+00 7.72979689e+00 8.12872887e+00
 7.15211582e+00 2.91723430e-01 4.39162590e-02 5.36685944e-01
 3.39747697e-01 3.58339977e+00 1.12370087e+02 3.08021069e-01
 8.76556456e-01 2.62224531e+00 4.91541290e+00 1.39875889e-01
 1.16149569e+00 1.77396894e+00 8.97334963e-02 4.11151648e+00
 1.12597637e+01 3.71702504e+00 1.60312772e+00 9.28766489e-01
 3.20077634e+00 1.82382965e+00 4.00149202e+00 4.05745834e-01
 5.60621452e+00 5.29174852e+00 2.06451559e+00 1.68481815e+00
 3.74599648e+00 3.24131107e+00 4.47426677e-01 1.96226203e+00
 3.29365730e+01 6.23383075e-02 3.49049425e+00 3.49679947e+00
 4.71638918e+00 2.23997664e+00 1.06252846e+02 1.51759744e-01
 2.23940277e+00 3.75092387e+00 3.29618645e+00 2.06681871e+00
 1.15620480e+01 1.35885644e+00 9.28562641e-01 9.74623489e+00
 7.26101756e-01 3.86525631e+00 2.18500423e+01 4.48241425e+00
 1.22958410e+00 3.76976109e+00 5.88049984e+00 9.51019645e-01
 4.77681828e+00 2.35613728e+00 4.37412786e+00 2.06875348e+00
 1.70680356e+00 1.56834555e+01 1.08796234e+01 1.12878036e+01
 1.36829391e-01 6.85327816e+00 1.06704617e+00 8.85225609e-02
 2.43150759e+00 3.57851565e-01 1.74570274e+00 3.61485600e-01],-83.00624,-176.38309,-400.0,1.648367,6.977956,0.9362236,0.63395196,133.21034,-42.649323,607.0071,195.23073,0.691568,0.54271424,0.08522667,-189.11201,189.11201,[2.02294331e+01 8.68623018e-01 2.12717224e+02 1.40942745e-02
 2.73379120e+02 2.69566193e+02 1.16954279e+01 1.91364929e+02
 7.79560995e+00 9.96307526e+01 6.06109276e+01 5.14209557e+01
 1.60814163e+02 1.39022736e+02 8.79339905e+01 1.60959335e+02
 8.33334732e+01 3.12939667e+02 1.03623154e+02 6.36097870e+01
 4.18366661e+01 1.72745056e+02 1.91839733e+01 2.02420082e+01
 7.62912903e+01 6.02095222e+00 7.43878889e+00 4.12954483e+01
 3.25879440e+01 1.56198944e+02 1.39157913e+02 3.27231050e+00
 1.15619116e+03 3.67852478e+02 5.28405380e+00 4.88517334e+02
 1.32120935e+03 3.41797066e+01 8.46051311e+00 2.13708229e+01
 2.10906357e+02 2.42831619e+02 6.10427094e+01 7.77851929e+02
 7.48837757e+00 1.08581177e+02 1.46993469e+02 1.26794849e+03
 7.16845703e+01 3.01414623e+01 7.00129414e+00 2.64209919e+01
 3.35936859e+02 5.85280029e+02 3.71213698e+00 3.54244537e+01
 1.52357330e+02 1.52598610e+01 5.69569740e+01 2.03173874e+02
 2.93791561e+01 3.98468323e+02 1.86408920e+02 1.37232397e+03
 3.43356438e+01 3.37234253e+02 7.34486542e+01 1.33442444e+02
 3.83273735e+01 1.27139063e+01 1.29046421e+01 1.70415070e+02
 5.88541870e+02 2.90283604e+01 5.31840439e+01 1.52325439e+01
 8.63078461e+01 5.47892189e+00 6.07374634e+02 2.14607513e+02
 2.58676586e+01 4.20437958e+02 9.18383980e+00 1.66467880e+02
 9.11918793e+01 4.45181084e+01 1.23216270e+02 9.66278362e+00
 3.74017700e+02 3.26870361e+02 1.49958515e+01 5.96197853e+01
 1.41807190e+02 3.29563065e+01 9.39711154e-01 2.20445061e+00
 5.05092010e+01 1.35167603e+02 5.39754066e+01 2.68366890e+01
 8.28769624e-01 4.48423672e+00 6.85693893e+01 1.24692737e+03
 1.66642139e+03 2.78161072e+02 2.76621971e+01 2.02248779e+02
 1.68395679e+03 1.37838531e+02 1.05829430e+01 1.39118519e+01
 4.29537750e+02 3.19024902e+02 1.90850687e+00 1.32468405e+01
 7.78966446e+01 6.73303652e+00 4.59909409e-01 7.72967815e+00
 1.25633421e+01 8.16811523e+01 1.82182713e+01 4.19288483e+02
 7.73244858e+01 4.15860176e+00 8.31720543e+00 1.40296982e+02
 5.49804382e+01 7.34872103e+00 3.99082550e+02 3.88957291e+01
 3.06549805e+02 9.63123703e+00 2.08092621e+02 9.20662689e+01
 2.00532150e+01 2.20038891e+01 2.14770870e+01 1.15591347e-01
 1.95785583e+02 7.56711121e+01 9.22431793e+01 4.93517342e+01
 3.75796471e+01 4.01204956e+02 1.41287720e+02 3.55271645e+01
 2.73126144e+01 1.06188354e+03 4.73002052e+01 4.77436352e+00
 1.14319031e+02 1.19017067e+01 9.44262848e+01 1.04446869e+02
 4.50101204e+01 1.32205582e+02 2.64344360e+02 1.15061020e+02
 2.83035698e+01 1.58706100e+02 9.07958984e+01 2.95519470e+02
 1.49671726e+01 9.81399078e+01 1.56619714e+03 3.39117584e+01
 2.59348633e+02 4.60443077e+01 4.14213135e+02 1.37657137e+01
 3.80692172e+00 1.07090225e+01 9.20674683e+02 8.91105713e+02
 1.84272537e+01 3.02084846e+01 2.34505264e+02 3.48842065e+03
 1.12940552e+02 1.21202682e+02 5.07938499e+01 5.33011665e+01
 1.25660622e+02 4.08339882e+01 2.09563580e+01 8.87713470e+01
 1.04151047e+02 2.19079150e+03 2.37669159e+02 2.61929379e+01
 7.09170349e+02 1.56354189e+00 2.17634697e+01 7.15548218e+02
 1.80173157e+02 2.77124268e+02 6.48147278e+02 1.01095457e+01
 8.80718613e+00 4.01563690e+02 1.56431625e+02 3.23992424e+01
 2.53066864e+01 7.05604553e+02 9.16211014e+01 7.06024475e+01
 2.30479317e+01 1.03437134e+02 8.10532532e+02 5.15987427e+02
 3.16582508e+01 1.62866478e+01 5.11689606e+01 5.46332642e+02
 1.98708237e+02 6.34257393e+01 6.53585815e+00 1.53128311e+02
 9.40248566e+01 2.86616699e+02 1.45404089e+03 1.07757042e+02
 5.92359375e+03 2.84015900e+02 1.29958603e+02 2.22669353e+01
 6.37612991e+01 2.79822510e+02 1.83925751e+02 1.07332588e+02
 3.15281342e+02 8.16339188e+01 2.30621147e+01 6.23661995e+01
 1.79664879e+01 2.40134773e+01 3.08176300e+02 2.41928577e+01
 4.74881516e+01 1.11496140e+02 3.65100220e+02 4.94413528e+01
 4.78634888e+02 6.06541687e+02 3.29630341e+02 1.96729446e+02
 2.58586159e+01 8.67380238e+00 1.10366501e+02 3.48735008e+01
 7.44618607e+01 4.66836700e+01 1.33785992e+01 6.60318604e+02],362.03088,[1.41696196e+01 9.86649132e+00 1.60024078e+02 5.83045721e+00
 2.68034637e+02 5.20970581e+02 1.15112467e+01 1.69185593e+02
 6.10640335e+00 1.26233398e+02 1.28748322e+02 5.37242126e+01
 2.01225464e+02 9.62528992e+01 8.72659149e+01 2.31739731e+01
 4.66459236e+01 2.37687607e+02 1.19316147e+02 1.50011444e+01
 3.53695755e+01 1.94852417e+02 1.93273144e+01 1.82768707e+01
 3.99543457e+01 1.00334129e+02 2.67227726e+01 5.19450912e+01
 2.81920662e+01 1.65385513e+02 1.23486221e+02 3.67231903e+01
 1.13659802e+03 3.60066490e+01 1.74471493e+01 4.29975586e+02
 2.50911182e+03 3.44202728e+01 4.12741280e+00 3.32651806e+00
 4.15162628e+02 1.83781113e+02 1.06646929e+01 6.90695435e+02
 8.21774483e+00 1.49141006e+02 3.11046314e+00 1.15195886e+03
 2.15787506e+01 2.00805397e+01 5.41690559e+01 7.37020645e+01
 3.24391968e+02 5.28094864e+01 1.34695358e+01 3.97806854e+01
 1.47011856e+02 4.08910866e+01 3.61407852e+01 1.74456528e+02
 2.39425850e+01 3.55147400e+02 1.36979874e+02 1.31260620e+03
 4.26711655e+01 3.39759216e+02 6.34744415e+01 1.36480026e+02
 2.86618137e+01 2.73358383e+01 6.11240311e+01 1.89534592e+02
 3.50191879e+01 2.33881912e+01 5.79568062e+01 2.04845543e+01
 7.48170319e+01 2.54886761e+01 5.69615967e+02 2.77561951e+02
 5.09037895e+01 3.12178711e+02 4.17102890e+01 1.61517807e+02
 9.78989563e+01 4.99358330e+01 1.25614128e+02 9.67697906e+00
 3.56121429e+02 3.64151489e+02 8.69621944e+00 3.57433319e+01
 3.70557213e+01 1.80634346e+01 1.26514473e+01 8.59105968e+00
 1.59699726e+01 1.48294556e+02 4.17537804e+01 7.86532307e+00
 1.95184956e+01 1.38764925e+01 5.74070511e+01 1.95712073e+03
 2.87399635e+01 2.49684174e+02 2.07742481e+01 1.65172028e+02
 6.83175812e+01 8.56589794e+00 1.17886978e+02 4.07793579e+01
 4.64793968e+01 9.42937134e+02 2.65130305e+00 5.83427391e+01
 7.17540131e+01 9.36717606e+00 2.53068805e+00 7.23930168e+00
 7.27337313e+00 7.71285477e+01 1.34738388e+01 4.25994751e+02
 5.42180595e+01 4.80908155e+00 6.78792381e+00 1.11789154e+02
 5.06409302e+01 6.01869965e+00 7.87447510e+02 9.46800613e+01
 4.19789154e+02 1.60664856e+02 6.19866714e+01 2.32082443e+02
 1.15758224e+02 2.96671753e+01 3.08992939e+01 4.79509735e+00
 2.88738747e+01 8.06555939e+01 8.84879456e+01 1.92526016e+01
 3.22256088e+01 3.26853790e+01 5.57582703e+01 7.92071609e+01
 6.93067627e+01 1.17626123e+03 1.49671659e+01 3.24054031e+01
 1.77648315e+02 5.43318653e+00 1.06576553e+02 8.51681824e+01
 3.34319763e+01 1.91494797e+02 9.26952820e+02 9.14272308e+00
 2.34831314e+01 1.43172302e+02 1.06019478e+02 3.51217346e+02
 2.33772125e+01 1.16157082e+02 3.14770483e+03 4.77223244e+01
 1.07785278e+02 3.33267403e+01 4.19540466e+02 1.74926987e+01
 7.54257011e+00 1.87396753e+00 1.46862085e+03 6.40523682e+01
 2.51967716e+00 5.21230412e+00 2.58287872e+02 1.29094312e+03
 1.42719894e+02 9.73918610e+01 1.79564621e+02 3.54489250e+01
 1.95253506e+01 4.69267769e+01 8.77123260e+00 2.22634811e+02
 4.26566467e+01 2.23297241e+03 1.49582428e+02 1.44044714e+01
 6.87365540e+02 4.18436193e+00 6.15437241e+01 6.77600464e+02
 1.39595581e+02 3.22927063e+02 6.02715942e+02 1.14465666e+01
 5.59204979e+01 3.06396484e+02 3.09274979e+01 3.67859192e+01
 9.18556657e-03 6.77082886e+02 9.13731003e+01 5.08344269e+01
 2.78499622e+01 8.45050812e+01 6.90661133e+02 1.66007309e+01
 3.03694401e+01 2.30906525e+01 7.51534414e+00 1.59059967e+02
 2.91822418e+02 2.01056259e+02 2.79165316e+00 1.39347427e+02
 6.68949814e+01 2.81366486e+02 2.28165381e+03 1.52078812e+02
 5.81688379e+03 3.80463531e+02 1.50205292e+02 2.47831364e+01
 6.84748993e+01 2.60683472e+02 2.92612095e+01 1.28124252e+02
 2.64748474e+02 1.38708282e+02 1.67568665e+02 4.84039421e+01
 4.01403198e+01 2.02617607e+01 2.29795731e+02 2.41470337e+01
 1.49949288e+00 1.28285484e+01 2.34488037e+02 1.47752571e+01
 3.36056519e+02 3.21968475e+02 3.41536133e+02 1.56586670e+02
 8.87190094e+01 7.76952553e+00 1.39875061e+02 1.97991962e+01
 6.19442940e+00 1.59435635e+01 6.50691319e+00 1.64539124e+02],-118.47843,-212.1351,-386.4065,3.4617217,14.799093,1.118393,0.75689495,0.014010363826751708,5176.445662736893,-0.052985966678662455,0.1099804681595523,-0.048394375926071674,0.08940396051084691,35.927664082084355,25.099999999996967,0.0,375000.0,-2.0,-1000.0,500.0,6.637875080108643,375000
141.04047,0.1677232,0.5014918,0.016574167,-135.85782,135.85782,[9.73402405e+00 8.77288818e+00 1.82470286e+00 3.31559420e-01
 1.31869030e+00 1.96804857e+00 6.10849428e+00 5.51278400e+00
 2.25311422e+00 6.84096336e+00 5.59433842e+00 6.65078759e-01
 1.31877100e+00 4.49922609e+00 1.20057121e-01 1.53922260e+00
 3.97311974e+00 1.22438383e+00 2.37148538e-01 7.79845491e-02
 1.10939908e+00 2.70420027e+00 4.77044392e+00 1.32216334e+00
 1.39566982e+00 3.73728299e+00 9.40852046e-01 7.32371426e+00
 7.34730899e-01 4.57493782e+00 4.41666842e-01 3.80427170e+00
 6.55404139e+00 8.04425776e-01 7.82948112e+00 1.22581863e+00
 3.36429858e+00 6.62707043e+00 1.32559261e+01 5.22386208e-02
 9.04845524e+00 1.93031538e+00 8.07188606e+00 1.81322324e+00
 3.60720628e-03 2.87792444e+00 1.71581042e+00 6.97157192e+00
 5.40487480e+00 4.51773643e+00 1.68231034e+00 1.44510373e-01
 5.39707088e+00 3.27557707e+00 9.27570915e+00 1.52303469e+00
 4.06381464e+00 6.81305975e-02 3.47759128e+00 2.81114101e+01
 6.13649130e+00 8.77632523e+00 4.76375198e+00 6.40688896e-01
 8.84443283e-01 1.69352651e+00 9.58251381e+00 1.79644585e+00
 7.18580151e+00 1.29336548e+00 1.25840485e+00 1.65514374e+01
 1.62698388e+00 6.92199469e-02 4.59560585e+00 1.62165141e+00
 2.20954347e+00 2.74023461e+00 2.62032962e+00 1.04723969e+01
 3.15711111e-01 9.97233582e+00 2.02601933e+00 4.80768681e+00
 2.09700150e+02 1.43097162e-01 9.09017944e+00 8.10141945e+00
 3.85870278e-01 3.30748498e-01 6.74675751e+00 2.65367270e+00
 4.19719887e+00 5.91868496e+00 1.18736970e+00 1.70575321e+00
 3.31739092e+00 8.02753210e-01 5.55567741e+00 5.06427336e+00
 6.43221498e-01 5.72575331e-01 2.08686686e+00 6.47776318e+00
 6.95664901e-03 1.35953701e+00 1.60414159e+00 4.70160246e+00
 6.39640188e+00 3.03063631e+00 1.11278966e-01 2.38669062e+00
 5.37811565e+00 8.77527177e-01 1.53147459e+00 2.03885770e+00
 1.51594133e+01 1.55649834e+01 6.01542175e-01 1.60352111e-01
 7.61188030e+00 1.56796694e-01 9.62161827e+00 8.32367092e-02
 9.79200844e-03 8.07159328e+00 1.75620103e+00 1.54130623e-01
 2.23230314e+00 1.53265038e+01 4.80239615e-02 2.28040528e+00
 7.70903230e-01 4.12134838e+00 6.41196370e-01 1.18188744e+01
 2.05887389e+00 1.68432701e+00 2.84712374e-01 4.59499121e+00
 5.77109456e-01 1.39085615e+00 3.50319767e+00 3.77360582e+00
 4.03639823e-02 4.55782190e-02 1.67219424e+00 9.67615128e+00
 2.10870886e+00 3.96272278e+00 1.27964175e+00 4.10120392e+00
 4.00278807e+00 5.61902905e+00 2.06370306e+00 9.11323190e-01
 1.48367977e+00 2.88961506e+00 1.10161867e+01 2.44795585e+00
 3.00972748e+00 6.89583874e+00 1.51947498e+00 2.56944990e+00
 4.88206834e-01 5.30863255e-02 1.13370474e-02 1.33755636e+00
 1.11276169e+01 2.54897261e+00 1.13295288e+01 4.24321318e+00
 2.41131115e+00 5.22429228e-01 1.86759543e+00 6.55596161e+00
 2.55275667e-02 7.28528452e+00 6.57340431e+00 3.68378592e+00
 8.73817539e+00 7.49405336e+00 4.10738230e+00 1.21935129e+00
 2.60641074e+00 3.94267559e+00 2.57428527e-01 5.25616169e+00
 1.19441949e-01 5.38160264e-01 1.22745590e+01 3.65015459e+00
 1.28253307e-02 1.29064741e+01 1.47392035e+00 4.29077446e-01
 5.81796074e+00 5.12391269e-01 4.67264318e+00 1.78087091e+00
 9.15642548e+00 1.83861279e+00 1.96624428e-01 2.37365265e+01
 1.51003793e-01 2.03712273e+00 7.46483994e+00 1.41233082e+01
 1.90823400e+00 3.32923555e+00 8.23283577e+00 2.19313192e+00
 2.71697569e+00 1.72136307e+01 5.34674263e+00 1.85534561e+00
 1.97909756e+01 7.49141455e-01 2.42999721e+00 1.07635558e+00
 1.11486934e-01 6.38736308e-01 1.18860226e+01 9.74049330e-01
 3.89143825e-01 3.65119171e+00 5.49736404e+00 1.51677251e+00
 9.45986211e-02 5.27370155e-01 1.21501231e+00 4.90355007e-02
 7.97245741e-01 5.48899174e-01 4.23832512e+00 1.08225122e-01
 9.60783768e+00 4.41325486e-01 4.50399876e+00 7.01495600e+00
 7.87918949e+00 1.03365541e+00 1.44880131e-01 1.64559376e+00
 1.67195666e+00 5.96786737e+00 3.67414761e+00 6.80977643e-01
 4.36800814e+00 8.30981314e-01 1.08153830e+01 2.23763657e+00
 1.89773631e+00 3.17287970e+00 1.43469095e-01 3.00589013e+00],6.034073,[1.13392556e+00 6.89533901e+00 3.22339010e+00 4.20268106e+00
 1.00586629e+00 9.57938766e+00 2.42821836e+00 1.33538074e+01
 8.59232330e+00 2.30144157e+01 6.59870744e-01 3.17805099e+00
 6.39186621e-01 4.98505497e+00 2.15320289e-02 9.70972347e+00
 2.23170018e+00 2.06881285e+00 1.29646158e+00 7.71321356e-03
 5.69598556e-01 4.55644226e+00 1.33774662e+00 1.92439568e+00
 1.93317878e+00 3.47842306e-01 2.82567239e+00 1.73438873e+01
 2.86888003e+00 3.23286462e+00 4.38813877e+00 3.98850036e+00
 8.39117813e+00 3.89243007e+00 7.93961436e-02 3.01754069e+00
 1.12958345e+01 7.33843327e+00 1.44785881e+00 2.96898991e-01
 3.16569662e+00 6.76871777e-01 6.18746698e-01 1.82910652e+01
 8.46378517e+00 1.24187577e+00 4.19840384e+00 1.61839938e+00
 4.35136497e-01 3.20797682e+00 3.62455750e+00 2.52368474e+00
 1.53683341e+00 2.91280365e+00 1.61881065e+01 4.01932430e+00
 2.12628841e+00 8.02794456e+00 5.97216415e+00 9.77443790e+00
 2.34803581e+00 1.28215809e+01 1.05722666e+00 3.96416497e+00
 1.30158091e+00 1.60560727e+00 2.62651515e+00 4.57809067e+00
 6.32703602e-01 1.30654497e+01 5.59015274e+00 8.92736733e-01
 1.63181818e+00 7.52667069e-01 1.67385113e+00 3.43365759e-01
 1.12593055e+00 1.66496468e+00 3.50441909e+00 1.78874359e-01
 4.95635986e+00 2.07533569e+01 1.12532675e+00 2.91884160e+00
 1.09849648e+02 5.41285419e+00 1.71350312e+00 3.65154648e+00
 2.32965851e+00 1.11701593e-01 3.46964002e-01 4.75095081e+00
 9.69132614e+00 2.49324346e+00 3.32705927e+00 2.14991307e+00
 1.91166763e+01 2.22432420e-01 7.36126363e-01 1.13123965e+00
 3.11854243e+00 1.92168653e+00 4.72353315e+00 2.51632786e+00
 1.29781403e-02 3.28137779e+00 2.68084431e+00 1.35809183e+00
 2.89272928e+00 1.87352791e-01 1.23797464e+01 1.64112699e+00
 1.12314904e+00 2.64878941e+00 2.45133805e+00 3.12651300e+00
 6.14824772e+00 8.81826878e+00 5.94177198e+00 5.76366149e-02
 5.86418211e-01 9.46089935e+00 6.32816255e-01 7.83300996e-02
 2.52220221e-02 1.74586558e+00 7.01102734e-01 4.59404290e-01
 3.14028335e+00 5.63948917e+00 1.53044200e+00 7.24531507e+00
 2.67000526e-01 1.00208199e+00 1.32401466e-01 1.83017731e+00
 2.83481312e+00 8.71702194e-01 2.74655056e+00 4.21674442e+00
 1.28374600e+00 9.96365166e+00 1.99648464e+00 4.47772217e+00
 5.33480263e+00 3.44581532e+00 7.96852016e+00 3.14513540e+00
 2.88780212e-01 2.05038071e+00 1.85508180e+00 2.70759201e+00
 1.90399826e+00 1.04272537e+01 3.26722503e+00 2.41599226e+00
 4.71283245e+00 3.18990612e+00 3.97219563e+00 2.34838295e+00
 9.32510018e-01 4.55103445e+00 5.18077374e+00 5.76736975e+00
 1.42970693e+00 8.68215486e-02 9.44141006e+00 9.07459974e-01
 1.25680485e+01 6.82445824e-01 9.96919811e-01 1.28121185e+00
 1.30299199e-02 2.00136960e-01 8.60699081e+00 1.84082317e+00
 1.28852669e-03 8.91762733e-01 1.73071229e+00 3.30661201e+00
 3.69529104e+00 3.31129456e+00 5.81428432e+00 3.78305817e+00
 3.53717589e+00 2.83156180e+00 7.86989355e+00 1.25102544e+00
 2.51913118e+00 6.07198095e+00 6.06378269e+00 2.05208969e+00
 8.53841877e+00 1.13878977e+00 1.44603431e-01 7.10633230e+00
 4.61778164e-01 5.96109033e-01 2.35469294e+00 6.51983166e+00
 1.69006863e+01 2.64471674e+00 1.05170393e+00 3.44509172e+00
 4.87522125e+00 1.56008911e+00 3.97077024e-01 1.43695498e+01
 2.49745297e+00 1.24248600e+01 9.50019264e+00 1.94116998e+00
 2.05360293e-01 2.51772976e+00 2.59372807e+00 5.49383450e+00
 6.52693319e+00 5.11841631e+00 1.69741020e-01 1.05259943e+00
 1.13501363e-01 1.27739513e+00 9.16285324e+00 8.02651882e+00
 7.99858630e-01 1.58408499e+00 1.83379762e-02 4.71638298e+00
 1.27638865e+00 1.47077371e-03 1.11820154e+01 2.40635965e-03
 2.48461008e+00 5.00410414e+00 4.29068756e+00 1.71442413e+00
 2.29960084e+00 2.68253636e+00 1.71873403e+00 1.04472351e+00
 4.74351287e-01 6.36982822e+00 1.08114153e-01 1.62711823e+00
 2.86362362e+00 9.44824815e-01 9.89023209e+00 2.98850030e-01
 4.00066233e+00 9.76475298e-01 1.33152552e+01 2.58212304e+00
 4.73219490e+00 1.73426235e+00 1.45387936e+00 3.90195632e+00],-96.43524,-170.99188,-400.0,1.6456437,8.372551,0.9378707,0.6317845,322.0094,-225.29272,1508.964,200.57466,0.70028377,0.5655797,0.087774254,-194.21858,194.21858,[7.54810410e+01 3.92822113e+01 8.54694443e+01 1.30058264e+03
 7.17374039e+00 3.69376450e+01 4.78304901e+01 1.01189258e+04
 6.46139832e+01 1.61384354e+02 2.28743305e+01 9.93110180e-01
 1.54155951e+01 2.13801689e+01 2.23904083e+02 1.01357870e+01
 2.06069122e+02 5.46588135e+01 1.68737965e+01 4.57993866e+02
 4.43774796e+01 1.30490360e+01 5.98497620e+01 4.45408058e+01
 9.24040604e+00 3.07763243e+00 7.36612793e+02 2.97983826e+02
 3.92065002e+02 1.40898911e+02 4.13457617e+03 7.76099854e+02
 2.22956201e+03 1.51946091e+02 6.34533081e+02 2.63614502e+02
 1.61733154e+03 2.15077560e+02 1.94323120e+01 6.54040375e+01
 2.00238972e+01 8.18735046e+01 9.54292011e+00 7.62122955e+01
 1.18449341e+02 6.88977051e+02 2.18262482e+01 1.72655441e+02
 8.92397232e+01 1.67422470e+02 2.48629594e+00 1.72361618e+02
 1.09610931e+02 4.18548355e+01 2.35831046e+00 4.74631042e+02
 1.12219360e+02 3.88176056e+02 4.54164772e+01 2.96139412e+01
 3.04389687e+01 1.94562378e+01 3.38197205e+02 9.47179871e+01
 5.27059460e+00 5.42586632e+01 5.41490021e+01 5.85399580e+00
 3.89827881e+01 7.94057693e+01 8.91194077e+01 1.62424225e+02
 6.57972050e+00 1.24176155e+02 3.46810265e+01 1.15295076e+01
 2.13791561e+00 1.12724619e+01 8.36449585e+01 6.10140343e+01
 3.89627930e+02 7.51697083e+01 1.07062180e+02 8.36925583e+01
 3.75872116e+01 7.98204193e+01 6.19260803e+02 1.81069946e+02
 5.54161186e+01 3.47157516e+01 3.01370789e+02 4.97154907e+02
 3.29566917e+01 2.14038989e+03 5.17392540e+01 1.87427979e+02
 2.80302277e+02 4.44566162e+02 7.45638977e+02 1.13366722e+02
 2.53442883e+00 1.41161957e+02 6.84026718e+01 3.80188513e+00
 2.27635727e+01 3.26078583e+02 1.59406796e+01 2.77458706e+01
 3.29440674e+02 4.40514088e+00 1.01869470e+03 5.41457596e+01
 5.89848572e+02 2.17025513e+02 7.47475891e+01 1.20746403e+01
 3.02721825e+01 5.04035263e+01 9.94533539e+00 2.36348926e+03
 2.09817230e+02 6.72921509e+02 7.61235275e+01 2.35116577e+03
 1.35334721e+01 4.24258041e+01 1.43842911e+02 5.92685547e+01
 1.15633911e+03 1.69698219e+01 3.39985535e+02 2.38748926e+03
 7.33481903e+01 5.13986511e+01 1.37893115e+03 1.09493599e+01
 4.26583443e+01 3.18350403e+02 1.24912987e+01 2.82624573e+02
 3.21663742e+01 4.88946106e+02 6.96272812e+01 5.28263330e-01
 2.35907860e+01 1.15537003e+02 5.78157104e+02 1.59900188e+01
 1.71223316e+01 3.75661430e+01 1.97351410e+02 4.37744171e+02
 3.95581436e+01 3.01969872e+01 4.09105568e+01 4.29189331e+02
 2.47644097e-01 2.36094696e+02 6.82029495e+01 4.29542198e+01
 4.97931671e+02 1.33256664e+01 2.77290332e+03 7.31709213e+01
 6.42722244e+01 2.70599304e+02 4.11708450e+01 1.23140854e+02
 6.51294518e+00 3.18691406e+02 1.99212875e+01 1.84864283e+00
 2.51543760e+00 1.75768661e+01 7.28155899e+01 1.62264328e+01
 3.18043671e+02 6.47664642e+00 7.95926189e+00 1.13323097e+02
 7.15677023e+00 4.86930704e+00 3.09851360e+00 8.64842072e+01
 2.35161697e+02 1.63776306e+02 2.14175339e+02 5.12648296e+00
 3.46855450e+00 2.79346581e+01 1.16715601e+03 1.47394806e+02
 6.57863708e+02 4.34399963e+02 2.08099103e+00 1.17094360e+02
 6.81188721e+02 3.81059551e+00 5.60518555e+02 2.23392963e+01
 1.81566895e+02 2.11276108e+02 1.15293213e+03 4.11739502e+01
 3.22294043e+03 1.98270386e+03 1.71103958e+02 3.21718979e+00
 6.52218094e+01 8.32719116e+01 2.30689160e+03 7.06323700e+01
 8.98455582e+01 1.14821617e+02 3.32828784e+00 2.52755814e+01
 2.96684662e+02 5.49122849e+01 3.62506714e+02 7.15671448e+02
 2.83370117e+02 8.51809921e+01 1.09104795e+01 1.72164707e+01
 8.76605682e+01 4.60471558e+02 2.91146255e+00 1.47565365e+01
 3.05357574e+02 5.10124207e+01 8.59615723e+02 7.69824677e+01
 1.47161102e+02 1.72112109e+03 4.71702209e+02 1.34063309e+02
 2.33407303e+02 2.04919815e+02 9.18743896e+00 1.53115067e+02
 9.96784668e+01 9.57524414e+01 7.28714417e+02 6.25940084e+00
 5.97817764e+01 1.24711548e+03 1.91899994e+02 1.97532562e+02
 8.58526802e+00 1.32674894e+01 4.37665796e+00 2.98604309e+02
 8.05417236e+02 6.89879990e+01 7.05367798e+02 1.75120865e+02],500.30328,[7.13657532e+01 2.79703903e+01 4.30120239e+02 1.19649780e+03
 1.31136492e-01 5.87397432e+00 5.50859604e+01 8.94367578e+03
 1.02790863e+02 1.37149060e+00 5.25970650e+00 3.33040695e+01
 1.75102673e+01 2.10636749e+01 2.42461700e+02 3.34319153e+01
 3.87420197e+01 2.10667877e+02 4.65577650e+00 2.22588306e+03
 4.53126831e+01 1.29108133e+01 2.01068665e+02 3.39324722e+01
 3.12839651e+00 2.31258507e+01 6.25159302e+02 3.46171204e+02
 1.69388092e+02 1.42590927e+02 3.29255273e+03 7.04269287e+02
 2.42112988e+03 9.53031540e+01 8.78724823e+01 2.66752380e+02
 7.31014038e+02 5.79452667e+01 1.95167141e+01 3.02649136e+01
 1.12525043e+01 1.24989189e+02 1.76999450e+00 2.94395695e+01
 1.06770569e+02 6.03749512e+02 2.00973701e+01 1.24855583e+02
 1.11380569e+02 5.39994278e+01 1.76939583e+01 1.18598747e+02
 1.53499146e+02 1.68833679e+02 2.32892246e+01 3.21789917e+02
 1.40929062e+02 3.69707336e+02 5.72673559e+00 5.64532967e+01
 2.52455101e+01 4.71147442e+00 3.17097290e+02 7.78253326e+01
 3.87115364e+01 1.04234230e+02 2.56169128e+01 9.90555668e+00
 3.77938080e+01 1.45454693e+01 4.64619751e+01 1.14816025e+02
 1.25100527e+01 3.05262814e+01 3.12522469e+01 4.26057701e+01
 1.80001926e+00 1.57561219e+00 7.18240662e+01 4.55319214e+01
 4.74252441e+02 5.68699150e+01 5.36909256e+01 1.39473846e+02
 2.60249653e+01 8.09042740e+01 5.72947571e+02 1.17653152e+02
 5.39148026e+01 5.40790329e+01 2.29401031e+02 4.83766998e+02
 1.93149185e+01 8.02880737e+02 2.84608650e+01 5.01228210e+02
 2.24945801e+02 1.29318972e+01 3.15306427e+02 1.37237534e+02
 3.14207226e-01 8.24428177e+01 8.02128525e+01 2.08582687e+00
 5.82073815e-02 2.47740463e+02 2.12997246e+00 3.13940048e+01
 2.78674744e+02 5.35883617e+00 6.30900917e+01 4.20145798e+01
 6.62029953e+01 2.42893463e+02 9.55168915e+01 3.13457031e+01
 3.28837814e+01 5.19676552e+01 1.89703125e+02 4.89841537e+01
 1.71864166e+02 6.78859375e+02 4.34611969e+01 2.41111743e+03
 3.69084091e+01 4.90375099e+01 4.22306938e+01 7.60045547e+01
 9.01960449e+02 2.29501362e+01 3.12527679e+02 6.41275879e+03
 8.10884552e+01 5.55659447e+01 1.57083081e+03 4.47832031e+02
 4.20269165e+01 3.89258911e+02 1.72299194e+01 2.69761322e+02
 4.27258909e-01 4.56597015e+02 8.29528961e+01 1.46575623e+01
 2.74869175e+01 2.37061584e+02 5.65519165e+02 2.40631084e+01
 1.94595947e+01 2.62974472e+01 2.05218231e+02 3.37845795e+02
 1.14369392e+02 1.43810673e+01 9.34367895e-01 4.10951782e+02
 3.64490718e-01 9.60213566e+00 1.05432709e+02 3.28141251e+01
 5.21259583e+02 1.38890285e+01 3.63357430e+01 9.11488247e+00
 7.56892443e-01 1.44177231e+02 5.12225723e+01 1.07931427e+02
 8.43274784e+00 4.04629669e+02 1.81368141e+01 2.50299931e-01
 3.21438265e+00 1.09921522e+01 7.01174927e+01 1.16279578e+00
 3.44017944e+02 1.15155315e+01 1.31547318e+01 2.22533379e+01
 1.96236229e+01 3.29734116e+01 3.63820171e+00 1.56523886e+01
 2.05428864e+02 1.74714508e+02 2.21425537e+02 1.20126600e+01
 5.76296921e+01 2.74811726e+01 1.20061633e+03 1.16464798e+02
 2.70021021e+03 6.87833452e+00 1.24622097e+01 5.25686073e+01
 1.97205368e+02 3.93167019e+00 2.71317200e+02 2.70519848e+01
 2.04514465e+02 2.16053391e+02 8.97531494e+02 3.52013664e+01
 3.19677637e+03 2.56089966e+03 1.79850067e+02 6.54544681e-02
 6.05452881e+01 1.80634272e+00 9.32270432e+01 6.67403030e+01
 7.92022400e+01 8.12403564e+01 8.58919334e+00 3.78791389e+01
 2.91458954e+02 6.12482491e+01 4.33735443e+02 1.08698273e+02
 1.25623489e+02 1.02282097e+02 2.57914782e+00 8.31727886e+00
 8.26436768e+01 9.14011719e+02 8.08835125e+00 1.14851875e+01
 2.28146667e+02 4.52553162e+02 8.10868652e+02 7.63244095e+01
 1.85203506e+02 1.73328455e+03 1.04470239e+03 1.11390137e+02
 2.11201447e+02 1.90846619e+02 2.06426640e+01 1.37831696e+02
 2.42276649e+01 9.24307709e+01 3.80747284e+02 5.96590757e+00
 6.05525284e+01 1.14696724e+02 5.42957344e+01 1.98599213e+02
 1.57251854e+01 1.46641779e+01 3.57724457e+01 2.12807495e+02
 9.65029175e+02 1.86430557e+02 5.99142113e+01 9.53621445e+01],-116.608,-222.77792,-393.17487,3.792162,21.94449,1.1151352,0.76324797,0.013376601629257202,5510.860724925995,-0.08762809144984485,0.03083617178330738,-0.08649408957895524,0.019875654954691954,5.572171038444646,25.099999999996967,0.0,400000.0,-1.0,-915.0,500.0,7.086069107055664,400000
147.93042,0.10794931,0.5059783,0.016848044,-142.7627,142.7627,[1.2344587e+00 3.4661893e-02 7.8511219e+00 3.9691706e+00 8.1049480e+00
 2.2442718e+00 1.0390079e+01 1.7983919e+00 2.8904252e+00 1.6936022e+01
 3.4868989e+00 1.1651367e+01 4.9234614e+00 2.8955636e+00 5.9139853e+00
 4.4248009e+00 1.2541309e+01 1.9369964e-01 2.7460533e-01 5.2431755e+00
 3.8932788e+00 5.7063156e-01 1.4273660e+00 1.9825890e+01 7.5805944e-01
 1.4309858e+01 2.0136887e-01 5.0410299e+00 5.0020761e+00 1.3087264e+00
 7.8838509e-01 1.3652545e-01 1.5791326e+00 7.1690888e+00 9.6743560e-01
 3.4103880e+00 2.3586881e+00 2.1030219e+00 7.9600596e-01 1.9721207e+01
 1.5254024e-01 2.6777892e+00 2.1453097e+00 2.4183156e+00 5.4544802e+00
 3.8223469e+00 1.6968243e+00 3.1757271e+00 1.1543983e+01 2.1531841e+01
 1.3092971e+00 7.3593111e+00 4.4931560e+00 7.0776238e+00 1.7711681e+00
 1.7975828e+01 9.6553698e+00 8.2350075e-03 2.0834717e-01 1.0778183e+01
 4.4239655e+00 1.2137209e+01 1.1330215e+01 7.0791950e+00 3.1719379e+00
 3.0441947e+00 1.8771757e+01 9.6319466e+00 2.4901535e+01 6.4415817e+00
 1.8391853e+01 4.4177232e+00 1.5191696e+00 2.9497592e+00 6.0154223e+00
 4.6482005e+00 5.1756199e+01 5.6872892e+00 1.4036221e+01 1.8673737e+00
 4.5759768e+00 1.0312239e+01 8.1293325e+00 8.4122106e-02 1.1193745e+01
 1.0117325e+01 5.3887658e+00 2.0499662e-01 1.9097896e+00 1.1132792e+00
 1.7044904e+00 1.2227725e+01 8.0913687e+00 9.5576696e+00 3.3878574e+00
 4.6895943e+00 1.0846802e+00 9.0840316e-01 2.4349017e+00 1.4419582e+00
 1.6582038e+00 1.2642505e+01 2.5552232e+00 1.2485635e+01 6.2253839e-01
 1.6017214e+01 3.3323810e+00 3.3342137e+00 6.0771255e+00 8.9727318e-01
 3.0230377e-02 1.1205209e+00 4.3404946e+00 1.8109952e+00 2.7480653e-01
 8.1923380e+00 4.6281177e-01 3.4467965e-01 1.4128274e+00 3.1794782e+00
 1.4202828e+00 3.2653246e+00 1.1362155e+01 1.7692244e+00 1.3448758e+01
 3.3140053e+01 3.1452556e+00 4.7086205e+00 5.1053209e+00 8.4337097e-01
 1.4441094e+00 1.4809884e+00 4.6048346e+00 8.3158287e+01 8.6984272e+00
 1.8024542e+01 2.7265475e+00 3.4660504e+00 8.0452051e+00 2.7458375e+00
 1.6638501e+00 3.6984337e+01 2.4928124e-01 2.0973327e+00 4.8392377e+00
 2.2911685e+00 3.2706397e+00 1.5258904e+01 3.6567696e+01 5.8892002e+00
 4.1195378e+00 8.8593655e+00 2.8713003e-01 6.4730501e+00 8.9398394e+00
 1.7118396e+00 4.3440285e-01 1.9331332e+00 2.5458958e+00 7.5740786e+00
 8.4020233e+00 3.6879405e-02 5.0204271e-01 5.3889236e+00 2.1941841e+00
 7.9433637e+00 5.8698636e-01 6.6655435e-02 7.1767735e+00 2.2722591e-01
 5.5431213e+00 1.8759395e+00 4.1090260e+00 4.3601209e-01 4.9804597e+00
 2.5811892e+00 2.6741979e+00 1.3098234e+00 2.8036175e+00 1.6200485e+00
 8.4864718e-01 1.2922710e+00 1.5827910e+00 5.8582644e+00 1.3492388e+00
 9.0653807e-01 5.9852874e-01 7.4849725e-01 8.7856874e+00 4.9536376e+00
 9.6394128e-01 1.3421694e+01 3.8294268e+00 8.3463466e-01 7.5540686e+00
 5.3664904e+00 5.5587082e+00 3.3757110e+00 2.5551018e-01 3.2311615e+01
 3.7187085e+00 6.0626543e-01 8.6176987e+00 2.3812032e+00 2.3514755e+00
 1.0074282e+00 1.0771010e+01 1.5804825e+00 3.5097461e+00 1.5111283e+00
 3.7957244e+00 7.4261978e+01 2.2862282e+01 1.2701660e+00 1.4871252e+00
 2.0461643e+00 1.4178094e+00 7.2939539e-01 7.6714621e+00 1.4038070e+01
 5.2163324e+00 1.2589831e+01 2.3427188e+00 5.8812964e-01 4.7612557e-01
 3.6383584e-01 7.6122344e-01 2.6227326e+00 9.8636656e+00 1.7335843e-02
 5.4299388e+00 4.7286892e+00 4.6955936e+01 1.1741407e+00 3.3706181e+00
 1.8786910e+00 3.2626047e+00 7.1697102e+00 3.4010479e-01 1.7379005e-01
 3.3300800e+00 1.0113177e+00 2.8335910e+00 5.3604980e+00 7.6953232e-01
 5.9074883e+00 1.8354217e+00 1.2850299e+01 2.0059945e-01 1.2140977e+01
 8.0954325e-01 6.3325000e+00 5.7446566e+00 3.7558866e+00 8.9416180e+00
 2.1020246e+00],6.7538023,[6.41332343e-02 2.76963785e-02 1.19951820e+00 4.08654642e+00
 6.03426516e-01 1.39412001e-01 3.49799204e+00 7.22466290e-01
 4.34489340e-01 5.10084629e-01 7.21531153e+00 2.77015257e+00
 7.41089761e-01 1.05993805e+01 1.73545837e+00 8.57829928e-01
 1.43245897e+01 1.84427336e-01 2.59829551e-01 9.17150378e-01
 1.86097074e+00 6.76321745e-01 1.44108200e+00 9.28370357e-01
 2.26214886e+00 1.45135679e+01 1.79646567e-01 1.55884755e+00
 5.33871688e-02 1.08090019e+00 1.70128765e+01 3.50438356e-02
 2.25356245e+00 1.83916593e+00 1.64087129e+00 7.57136464e-01
 1.67262030e+00 7.37153578e+00 5.06349468e+00 1.07793217e+01
 8.96197736e-01 2.64315844e-01 9.34002459e-01 1.33629274e+00
 9.07442629e-01 3.31697559e+00 2.92101932e+00 2.12870669e+00
 1.74974990e+00 3.94570694e+01 4.60224330e-01 1.19667530e+00
 1.53491116e+00 2.50520611e+00 2.02184677e+00 5.00876713e+00
 8.54762650e+00 1.53025122e+01 3.57730126e+00 1.68181026e+00
 8.81038070e-01 3.45336771e+00 3.12214065e+00 1.10749130e+01
 1.47048521e+00 1.08958852e+00 1.51030850e+00 2.79564595e+00
 4.56909895e+00 4.50451279e+00 7.26880121e+00 2.30689764e+00
 6.08435726e+00 4.27607489e+00 6.04738855e+00 4.01672632e-01
 8.00083733e+00 5.68747163e-01 5.06560993e+00 2.81612778e+00
 9.57822323e-01 4.64876175e+00 1.01735210e+00 2.90226415e-02
 1.30352080e-02 1.16180100e-01 3.14481765e-01 1.88306451e+00
 7.22768784e+00 1.50046825e+00 4.70391369e+00 3.37237501e+00
 9.08283615e+00 1.52525425e+00 2.68411541e+00 2.50607222e-01
 3.23371720e+00 2.00562835e+00 3.59612823e-01 6.68587399e+00
 3.72206903e+00 2.68282104e+00 8.21240616e+00 3.06583214e+00
 2.91153371e-01 1.98907268e+00 6.27837300e-01 1.63509321e+00
 1.47061253e+01 1.52262509e-01 2.89589977e+00 9.90523529e+00
 3.29382515e+00 1.11757641e+01 4.45392728e-01 1.74924922e+00
 6.06795216e+00 2.87754759e-02 4.32226992e+00 4.05260891e-01
 2.49191713e+00 1.21470995e+01 6.11698270e-01 8.33036959e-01
 2.11375761e+00 8.57864761e+00 5.18838263e+00 2.76809254e+01
 2.85171437e+00 8.76408935e-01 1.07404459e+00 3.23998857e+00
 7.95961469e-02 7.49468079e+01 8.04906249e-01 1.85163021e+01
 1.32412171e+00 3.56151199e+00 5.35282910e-01 2.66988762e-02
 6.08118057e-01 1.55774918e+01 2.36356735e-01 2.64364719e-01
 4.23218584e+00 9.54537809e-01 1.98948014e+00 2.93320227e+00
 1.09714689e+01 5.05393386e-01 4.56349701e-01 6.67856979e+00
 9.57979798e-01 7.44830728e-01 7.94561952e-02 7.60991859e+00
 3.32082689e-01 3.17970252e+00 8.91351759e-01 4.39465493e-01
 2.07610202e+00 7.22305570e-03 2.05325499e-01 7.56219506e-01
 6.59976341e-03 1.20317850e+01 6.20706379e-01 7.53419518e-01
 1.42749586e+01 7.72829914e+00 8.89530003e-01 2.61701655e+00
 1.41957998e+00 7.25701153e-01 3.27253282e-01 8.35903525e-01
 3.75687957e+00 2.78359461e+00 3.38406897e+00 4.90552044e+00
 9.93261337e+00 6.75391555e-01 2.77892137e+00 1.06958132e+01
 1.59303069e+00 1.89523125e+00 3.62359524e-01 1.87881362e+00
 1.16274369e+00 1.13290033e+01 2.48380280e+00 5.65557897e-01
 8.26435947e+00 2.86111641e+00 6.14020824e-01 2.34849663e+01
 6.31623983e-01 2.29281831e+00 1.88390613e-02 1.19117126e+01
 1.09322333e+00 3.04523849e+00 3.05517721e+00 3.01999092e-01
 5.25658011e-01 2.43118453e+00 2.52391281e+01 2.54384208e+00
 1.40712440e+00 1.23979521e+00 3.18638659e+00 3.62203217e+01
 9.01391602e+00 4.31183863e+00 1.66483009e+00 2.16034794e+00
 7.74057984e-01 4.98806095e+00 1.23897338e+00 6.12330246e+00
 1.37015867e+00 7.24009705e+00 3.82350564e+00 8.19229126e-01
 5.47428465e+00 1.07395573e+01 2.97360396e+00 4.29943371e+00
 1.08597875e+00 1.67815614e+00 1.18726802e+00 2.17126870e+00
 4.51189270e+01 4.27532291e+00 2.57491970e+00 3.91549110e+00
 1.64399013e-01 1.21774745e+00 4.36377108e-01 5.01694679e+00
 7.81931102e-01 4.68398929e-01 1.63326395e+00 7.10801125e-01
 4.37848186e+00 1.40052795e-01 1.93423927e-01 1.05004179e+00
 1.56657612e+00 2.05251169e+00 2.70911980e+00 5.02621698e+00
 5.36582375e+00 1.74969602e+00 1.12131536e+00 2.56113791e+00],-93.83622,-185.17389,-400.0,1.5815539,6.489416,0.95004404,0.6256848,144.64148,-425.3059,1543.324,205.59523,0.68920606,0.5451078,0.09279,-199.45494,199.45494,[6.66401978e+01 2.89149284e+01 7.50342417e+00 3.11970288e+03
 1.31482544e+02 2.33567551e+02 4.12898598e+01 9.93209686e+01
 5.19008789e+02 1.08866699e+03 1.69075794e+01 2.45977650e+01
 4.62920990e+01 9.03457108e+01 5.34170990e+01 8.84691772e+01
 1.50651274e+01 1.03602692e+02 1.04635155e+02 1.12197498e+03
 1.19011621e+01 1.12379475e+01 7.24997635e+01 1.16879814e+02
 7.73451157e+01 2.32494850e+01 2.70895996e+01 1.50253849e+01
 1.05952549e+01 7.38291454e+00 1.60936371e+02 4.97643738e+01
 5.83784943e+01 1.13516022e+02 2.10912796e+02 3.00790310e+01
 1.45285156e+02 2.55630779e+01 5.46947365e+01 1.26984205e+01
 3.34501534e+01 4.64689560e+01 6.37493744e+01 2.58641296e+02
 7.89131775e+01 4.35809326e+01 3.96907578e+01 1.85930511e+02
 1.19549088e+02 1.30239426e+02 1.39916275e+02 5.10035980e+02
 3.57094803e+01 6.50363464e+01 5.02713470e+01 5.01050797e+01
 1.19096909e+01 6.03222412e+02 7.56139221e+01 7.41749115e+01
 1.04981909e+03 2.28084259e+02 1.99165497e+01 8.96333618e+01
 4.79305687e+01 5.64963608e+01 9.10131836e+00 1.76320686e+01
 6.14321167e+02 7.19253845e+01 4.00474091e+01 1.39938908e+01
 1.34654099e+02 1.86454834e+02 1.28496689e+02 2.84936890e+02
 7.94459991e+01 8.18338242e+01 7.04571247e+00 2.81357155e+01
 6.66547318e+01 2.84007816e+01 9.88800812e+01 6.02522202e+01
 2.10535248e+02 6.06072144e+02 8.12628784e+01 1.24984531e+01
 1.24959412e+01 4.85306549e+01 1.95024155e+02 4.13701401e+01
 8.00834122e+01 4.19252380e+02 1.25458542e+02 1.05178601e+03
 5.09146729e+01 5.10369797e+01 3.55082626e+01 9.82844055e+02
 4.02447319e+01 3.11605865e+02 1.36318188e+03 7.60955811e+00
 1.56126306e+03 3.80804863e+01 5.19239807e+00 5.16072327e+02
 9.63182735e+00 2.82969208e+01 1.80332520e+02 2.21577168e+01
 1.27718668e+01 9.41917572e+01 1.09091492e+02 2.76853699e+02
 2.73497124e+01 9.58935394e+01 1.12056633e+02 1.67804127e+01
 1.05656296e+02 4.44933090e+01 2.28486938e+02 4.72400024e+02
 5.94732788e+02 1.24556549e+02 8.35080719e+01 9.91763306e+01
 9.78907585e+00 6.88447021e+02 9.25609970e+01 6.44349518e+01
 2.34216333e+03 1.76494980e+02 3.39416733e+01 3.42089691e+02
 7.65311584e+01 2.84978695e+01 5.16369812e+02 5.22034988e+01
 1.23777351e+01 2.61720676e+01 6.24250183e+02 1.83696579e+02
 8.57335052e+01 9.36257248e+01 2.18657799e+01 4.17334534e+02
 2.12787842e+02 2.43305634e+02 1.86415844e+01 1.21056198e+02
 8.52595459e+02 2.35081482e+01 1.11018825e+00 4.94154816e+01
 1.88972473e+01 1.39753387e+02 1.26651719e-01 5.16190758e+01
 1.81887512e+02 7.38108397e-01 7.11636124e+01 5.55718842e+01
 1.02628955e+03 4.20671783e+02 1.55861908e+02 3.75795715e+02
 2.03140472e+02 7.22614193e+00 1.81875293e+03 1.75844467e+02
 7.00336914e+01 1.83310440e+02 4.43827057e+00 1.51410217e+02
 7.96708984e+01 2.24414978e+01 9.07078934e+00 3.31293945e+01
 9.97937546e+01 3.97456360e+01 9.05043564e+01 4.93742157e+02
 7.13519211e+01 1.21141640e+02 2.78447342e+00 1.12831779e+02
 1.13007605e+03 2.05625763e+02 1.28508679e+03 4.81379089e+01
 3.42624054e+01 1.33264132e+01 8.88964176e+00 2.68205383e+02
 7.39646554e-01 5.10770493e+01 1.02240486e+02 1.38657898e+03
 3.16081665e+03 1.29140161e+03 7.36465454e+02 6.23409424e+01
 5.46573639e+01 5.61427841e+01 3.10261898e+01 8.15465851e+01
 7.50375443e+01 5.37828613e+02 8.50426006e+00 2.71741138e+03
 5.82473373e+01 8.90922451e+00 1.48763657e+02 2.39923382e+00
 3.36636400e+00 4.69913292e+00 3.03717773e+02 2.13740280e+02
 5.52434277e+03 8.80836411e+01 6.53409424e+01 2.82440918e+03
 7.15635586e+00 1.56217255e+02 5.83824997e+01 2.80011475e+02
 1.59578409e+01 9.43144035e+00 2.51305359e+02 1.85794098e+02
 1.94342861e+01 5.97572937e+01 3.63398975e+03 5.86262894e+01
 2.05679054e+01 1.00426949e+02 5.34580612e+01 2.30660267e+01
 1.96530604e+00 1.36584518e+02 2.57822266e+01 2.88216248e+02
 1.69272009e+03 9.50859451e+00 4.65335327e+02 2.11737490e+00
 2.21677475e+01 4.64480652e+02 2.20725060e+01 1.39291916e+01
 3.38517853e+02 2.64594513e+02 5.14159668e+02 8.41362305e+01],435.87994,[7.76900148e+00 2.64659729e+01 2.26340446e+01 3.16359521e+03
 1.00579323e+02 2.09461060e+02 3.60843353e+01 9.91680756e+01
 1.34933350e+02 1.08367249e+03 1.06174049e+01 1.49123749e+02
 6.32180786e+00 3.03380165e+01 6.19191818e+01 7.43255844e+01
 3.76350632e+01 8.79173584e+01 1.01307404e+02 4.46530823e+02
 6.54926300e+01 2.22285385e+01 1.00084518e+02 8.75998230e+01
 7.88314819e+01 2.25613251e+01 2.03835654e+00 8.19111538e+00
 1.59922276e+01 1.88208885e+01 7.68364334e+01 3.52218742e+01
 1.21230255e+02 1.29659500e+02 3.06887665e+02 5.41214752e+01
 1.68048840e+01 6.53146133e+01 5.02437973e+01 4.25278234e+00
 4.90546455e+01 7.20620956e+01 6.82558594e+01 2.91835754e+02
 1.76061020e+02 3.84424133e+01 2.65666790e+01 4.30531158e+02
 3.52633743e+01 1.61821320e+02 3.86077881e+01 6.44475525e+02
 7.58672333e+00 7.19261093e+01 1.15074701e+01 7.82586813e+00
 2.25535393e+01 3.78316617e+00 7.15702209e+01 2.07915298e+02
 1.41357275e+03 3.53099609e+02 1.17157345e+01 9.89450378e+01
 4.77902679e+01 9.22415619e+01 1.13870277e+01 1.21039343e+01
 2.17466354e+02 6.43601227e+01 4.37233429e+01 1.50117502e+01
 1.46131958e+02 8.13802338e+01 6.51616364e+01 2.89337372e+02
 6.50619736e+01 2.62193985e+01 9.45846176e+00 2.61872711e+01
 1.34822083e+03 1.52877493e+01 1.61715149e+02 6.04645729e+00
 7.97975388e+01 4.78724915e+02 8.06793518e+01 4.66937790e+01
 7.03212738e+00 4.68638153e+01 1.34613754e+02 2.71680412e+01
 7.78557892e+01 8.62901611e+02 1.39743896e+02 3.82546631e+02
 4.17307472e+01 2.10729713e+01 2.59836960e+00 7.43345886e+02
 4.88399239e+01 4.95700569e+01 1.46572815e+03 1.18298779e+01
 1.18834705e+03 5.99343948e+01 1.93347797e+01 4.66014648e+02
 1.61796761e+01 3.09881020e+01 1.18244085e+01 1.65353889e+01
 5.15520382e+00 9.31417465e+01 1.18357101e+02 3.00777388e+00
 1.96017132e+01 1.03917923e+02 1.32985077e+02 4.88517113e+01
 9.22370911e+01 5.33850765e+00 2.31770386e+02 2.03750085e+03
 7.87992188e+02 1.72124039e+02 1.02076439e+02 1.14848785e+02
 4.91705399e+01 5.56284058e+02 4.90331764e+01 9.02648621e+01
 2.74340869e+03 2.29588318e+00 3.08675652e+01 5.97250427e+02
 1.92707043e+01 1.69063110e+01 1.87852100e+03 1.17265923e+02
 2.38775826e+01 9.30956650e+01 3.84298950e+02 1.30397064e+02
 6.10601921e+01 3.59793854e+01 8.33089828e+01 5.04700714e+02
 2.33337479e+02 2.61241547e+02 6.26917934e+00 1.14800308e+02
 3.28489151e+01 1.20758641e+00 8.29823589e+00 1.26679540e+00
 2.36754436e+01 8.94312897e+01 1.93085599e+00 5.05635910e+01
 2.04111877e+02 1.15165195e+01 4.16379929e+01 5.47980881e+01
 6.33212769e+02 1.91793381e+02 1.63660767e+02 3.60408752e+02
 1.31775803e+02 7.56040001e+00 2.13692847e+03 1.88720078e+02
 8.30055847e+01 1.16928596e+02 7.64527678e-01 5.45353584e+01
 4.51571274e+01 1.68872833e+01 7.70105982e+00 1.42759347e+00
 1.56315933e+02 3.39907494e+01 4.72506790e+01 5.14195496e+02
 5.23514786e+01 1.22041344e+02 1.39913654e+01 4.48791428e+01
 8.88694839e+01 1.83675385e+02 1.72456140e+03 4.90168076e+01
 2.51054955e+01 9.71413326e+00 8.23364973e-01 2.48386475e+02
 1.54711552e+01 4.80762787e+01 3.77137718e+01 1.41317480e+03
 4.96172760e+02 1.46508411e+03 5.83970276e+02 7.60290680e+01
 4.24672203e+01 4.59706001e+01 6.05622864e+00 7.49186859e+01
 9.27923203e+01 4.63836426e+02 6.99387217e+00 2.44243604e+03
 2.35677853e+01 5.82939148e+00 3.59996277e+02 2.62417746e+00
 6.02489395e+01 5.28312206e+00 3.32963333e+01 8.02636566e+01
 5.65721875e+03 9.25819855e+01 3.30136566e+01 6.24489014e+03
 4.44518042e+00 2.96260452e+01 6.53210297e+01 2.15402686e+03
 3.51659279e+01 7.03880978e+00 3.90070984e+02 8.25107040e+01
 4.24901962e+01 4.53000717e+01 3.29703271e+03 7.55142288e+01
 5.31863034e-01 5.55003967e+01 6.63360214e+00 8.41207027e+00
 2.37327309e+01 1.18547220e+01 2.60845509e+01 3.23718781e+02
 1.54315686e+03 1.76466732e+01 4.25937286e+02 2.34327946e+01
 1.40178127e+01 5.27440720e+01 2.44517174e+01 1.50050106e+01
 3.60371704e+02 6.96997498e+02 5.94584465e+01 1.42553391e+02],-116.59838,-222.0798,-391.33655,3.4414892,16.306837,1.0936178,0.7567784,0.013993572454452515,5860.700053930283,-0.08220892920451468,-0.007772376246161487,-0.08378291058793645,-0.0311947547343032,35.718527703054164,25.099999999996967,0.0,425000.0,-2.0,-1000.0,500.0,6.758793592453003,425000
148.08232,0.12415745,0.52733845,0.015943924,-142.68478,142.68478,[2.40228772e+00 1.34859467e-02 2.40794823e-01 1.28274173e-01
 3.23823881e+00 1.27158391e+00 1.35828212e-01 8.78014207e-01
 2.26014900e+00 5.97673655e-01 4.92511940e+00 7.64824271e-01
 5.11661530e-01 4.34178877e+00 2.61849356e+00 3.27746463e+00
 3.29791927e+00 1.32612629e+01 3.42649803e+01 1.81577876e-01
 1.54566753e+00 4.23595095e+00 3.84864807e-01 2.97939539e+00
 3.82176542e+00 3.40707183e-01 5.41964817e+00 1.73474455e+00
 2.96243131e-01 9.60606158e-01 3.44221449e+00 4.61402321e+00
 1.53171122e+00 8.04335117e-01 5.39485872e-01 1.08180769e-01
 7.51688480e-01 2.97715712e+00 9.55847359e+00 4.50486374e+00
 2.47753453e+00 1.54787827e+00 6.15977764e-01 1.58419876e+01
 7.54216862e+00 1.54101717e+00 2.34101105e+00 3.74127889e+00
 2.30907798e+00 6.79658508e+00 3.46846676e+00 3.46565056e+00
 1.17358232e+00 5.76649523e+00 8.27084184e-02 3.16049175e+01
 1.75208688e+00 1.36062935e-01 1.35592118e-01 5.61378670e+00
 7.82967448e-01 9.87667823e-04 3.70525861e+00 2.85722435e-01
 7.41709900e+00 1.11139917e+00 2.70489335e+00 3.36168051e+00
 1.51123047e+00 3.03789711e+00 1.28909945e+00 3.80625582e+00
 2.82589817e+00 6.04939747e+00 3.45609331e+00 5.02053976e+00
 7.10313953e-03 1.03591843e+01 2.42687345e-01 1.11680841e+00
 6.11506557e+00 6.59164429e-01 2.40375876e+00 2.16921592e+00
 7.83232093e-01 3.11492944e+00 7.41618931e-01 2.24323730e+01
 1.34229145e+01 6.51930714e+00 4.02426004e-01 2.99771756e-01
 1.00056016e+00 6.07179785e+00 2.05916739e+00 1.97111714e+00
 9.30449367e-01 2.67749476e+00 7.54907417e+00 6.93986034e+00
 5.17481756e+00 1.17247534e+01 7.85961914e+00 4.65598330e-02
 9.43009853e+00 5.34802961e+00 3.55429029e+00 2.67409459e-02
 1.21100426e+01 3.17728400e+00 4.01476669e+00 1.65952250e-01
 6.49389446e-01 1.64843578e+01 2.38713455e+00 2.86300898e-01
 4.97862667e-01 1.28301420e+01 4.31734622e-01 9.98307951e-03
 5.54168653e+00 1.81213522e+00 4.63244009e+00 2.10962248e+00
 7.33663514e-03 6.76204109e+00 4.28655177e-01 3.93393993e+00
 9.88703310e-01 2.42481079e+01 6.38971269e-01 1.03374319e+01
 2.23384053e-01 4.94705439e+00 3.68136215e+00 2.30208731e+00
 7.55123425e+00 2.15258932e+00 4.65265274e+00 4.07730532e+00
 1.77701712e-01 1.03175640e-01 1.62634230e+00 5.33387840e-01
 1.27118607e+01 5.49412727e+00 3.09794044e+00 1.12577403e+00
 3.98606372e+00 2.07975864e+00 1.36393805e+01 3.19802151e+01
 2.72652626e+00 7.94947505e-01 8.61792850e+00 1.98798776e+00
 6.03696406e-02 4.90801525e+00 1.31954864e-01 1.32272835e+01
 1.66728711e+00 3.82320309e+00 5.26085186e+00 5.10504866e+00
 1.47247970e+00 6.59246445e+00 2.31808573e-02 1.77642393e+00
 6.74182749e+00 2.23066315e-01 1.84438035e-01 2.55481267e+00
 2.64769363e+00 5.13144672e-01 2.66425419e+00 5.84753132e+00
 7.35369995e-02 1.79771197e+00 4.21626902e+00 3.69073367e+00
 6.16301155e+00 3.29424000e+00 3.28156114e+00 4.24461663e-01
 2.75975418e+00 3.63916636e+00 2.76582432e+00 1.57481599e+00
 4.23234367e+00 1.36999302e+01 2.35055614e+00 2.08663136e-01
 5.25214243e+00 1.42126932e+01 5.54066372e+00 2.13977623e+00
 2.47297192e+00 1.19642131e-01 5.07882476e-01 8.09145868e-01
 6.94931316e+00 3.22788095e+00 1.17299623e+01 3.37090492e-01
 1.75864258e+01 1.42409980e+00 1.61659372e+00 2.90673232e+00
 7.48857641e+00 8.86507988e-01 1.85646737e+00 4.25969124e+00
 2.50116992e+00 7.98381710e+00 4.59422588e+00 8.66113424e-01
 4.07403469e+00 1.81886559e+01 1.53569365e+01 1.76691055e+00
 2.74397969e-01 2.43651772e+00 2.02127159e-01 8.62282276e+00
 2.17796206e+00 1.21258271e+00 1.05228643e+01 4.18491244e-01
 2.35813999e+00 4.06183338e+00 8.86691475e+00 1.44943416e-01
 4.75781679e+00 5.92048693e+00 3.70930672e+00 2.94725150e-01
 6.95921612e+00 3.45655537e+00 3.71279866e-01 4.10324144e+00
 1.76715584e+01 7.35535622e+00 2.90849149e-01 2.61851048e+00
 4.13306445e-01 2.87652469e+00 5.36475003e-01 1.25701857e+00
 1.17133129e+00 1.46899009e+00 3.18343234e+00 4.12317562e+00
 4.44784212e+00 4.47338152e+00 5.77185249e+00 1.05438166e+01],4.9108963,[3.08352900e+00 3.29581112e-01 1.21551588e-01 7.76713371e+00
 1.53144658e-01 7.78444958e+00 3.76931334e+00 9.72878635e-01
 6.39488041e-01 2.21014524e+00 2.85022050e-01 1.04511154e+00
 3.52513409e+00 1.60241818e+00 3.17064023e+00 3.32447141e-02
 1.89596009e+00 7.47083426e+00 1.03532743e+01 1.73337185e+00
 6.62194777e+00 5.88150215e+00 4.02268529e-01 1.23832822e+00
 6.97593689e-01 3.28954029e+00 8.03411484e+00 5.05040073e+00
 3.29097584e-02 9.51405168e-01 3.95853013e-01 1.20057690e+00
 2.40507796e-01 4.10601330e+00 2.52581179e-01 7.07857311e-02
 1.40899226e-01 1.15153658e+00 1.74243379e+00 4.79467630e-01
 2.50258517e+00 9.32679653e+00 1.50652424e-01 1.59469724e+00
 1.80938740e+01 3.51324415e+00 1.15073318e+01 1.77587929e+01
 2.62712669e+00 1.69496194e-01 8.07571650e-01 7.03491032e-01
 1.39873767e+00 8.97039622e-02 9.92565006e-02 2.01184292e+01
 1.38230991e+00 3.85147738e+00 2.36075461e-01 4.26289022e-01
 2.60127401e+00 1.02307482e+01 4.77297962e-01 5.53580523e-01
 1.73833990e+00 3.72007728e+00 1.89827037e+00 6.80045068e-01
 9.03087497e-01 5.33198953e-01 6.78120971e-01 5.69472313e-01
 1.53028059e+00 4.73378412e-03 9.87082362e-01 6.86086178e-01
 6.08200264e+00 5.72349429e-01 1.72806233e-01 2.81599379e+00
 1.00558972e+00 2.38027386e-02 2.07821989e+00 1.37060738e+00
 9.70680332e+00 4.77061093e-01 5.20419538e-01 1.68574309e+00
 2.41936989e+01 2.09666252e+01 1.64063454e-01 4.37910080e+00
 6.67197406e-01 1.37359333e+00 3.19335175e+00 4.14359713e+00
 2.70431709e+00 7.82078457e+00 1.00273886e+01 4.15887690e+00
 1.64738965e+00 4.54355545e+01 6.02258265e-01 6.17327929e+00
 5.26557732e+00 2.01822829e+00 1.86974394e+00 4.74673367e+00
 3.34601059e+01 1.30544412e+00 2.33806753e+00 6.50750399e-01
 2.82649040e+00 2.15520096e+00 2.14823961e+00 2.51402035e+01
 2.28334367e-01 5.98672676e+00 1.61894817e+01 5.95862418e-03
 9.45717096e-01 8.24255645e-02 3.00664735e+00 2.01941204e+00
 7.64339447e+00 1.55171841e-01 6.75329864e-01 6.45617068e-01
 3.00402343e-01 1.24670477e+01 3.40429235e+00 5.01377344e+00
 4.13456583e+00 4.80542994e+00 9.51504633e-02 2.95413780e+00
 4.91352129e+00 1.07490349e+00 1.37911952e+00 3.10454965e+00
 2.08218753e-01 8.89468575e+00 5.51480913e+00 3.66658866e-01
 8.00958648e-02 2.51560903e+00 5.97399414e-01 1.35339689e+01
 1.45374405e+00 2.01606393e+00 3.05474353e+00 1.88666210e+01
 2.89180994e+00 8.64300072e-01 3.20343792e-01 3.24855137e+00
 6.29665703e-02 3.66941071e+00 6.58311844e-01 1.12298858e+00
 9.57067370e-01 1.47710013e+00 6.05026245e-01 2.64670920e+00
 1.53500473e+00 8.69329199e-02 1.93135813e-02 3.58591676e+00
 9.41579878e-01 2.52395421e-01 1.26088247e-01 1.99390817e+00
 2.74279237e-01 3.13079953e+00 1.55665517e+00 7.97847211e-01
 4.01694551e-02 9.48696232e+00 1.68284869e+00 3.98161507e+00
 2.60542798e+00 2.60143220e-01 2.88425064e+00 1.66117167e+00
 1.08781552e+00 6.48385406e-01 1.01689601e+00 1.70269060e+00
 4.27147055e+00 2.69142342e+00 3.23313802e-01 8.65326881e-01
 3.44079328e+00 1.02605057e+00 5.99161983e-01 4.50356483e+00
 3.59058881e+00 2.68943596e+00 1.37557685e-01 6.73743725e+00
 7.69101202e-01 1.55091200e+01 7.35509515e-01 3.59043062e-01
 4.84192133e+00 1.00186834e+01 1.36232466e-01 2.25745797e+00
 3.29265428e+00 1.39703035e+00 3.45101452e+00 5.45386434e-01
 3.73758841e+00 2.68565702e+00 2.69826937e+00 6.61170006e+00
 1.00739276e+00 1.65461063e+00 1.05486774e+01 3.48886609e+00
 2.06708002e+00 3.22839570e+00 1.17282555e-01 8.47487736e+00
 4.47724295e+00 7.49306440e-01 1.89167929e+00 2.26100206e+00
 1.71653914e+00 7.37169552e+00 7.43300840e-02 7.35240936e-01
 1.72800899e-01 2.80035257e+00 7.74879932e+00 9.78214860e-01
 2.27935052e+00 2.64606333e+00 1.17173409e+00 1.08677173e+00
 6.63200378e+00 3.70531154e+00 1.10722423e-01 6.96900272e+00
 1.45362854e-01 7.47057438e-01 9.33245468e+00 5.97249746e-01
 3.31244373e+00 2.05243659e+00 3.23693800e+00 4.23338056e-01
 7.26161122e-01 3.25511360e+00 5.26836336e-01 1.50219488e+01],-98.51559,-181.11823,-400.0,1.6020412,4.6537075,0.9485533,0.629771,81.46808,-181.43745,677.8369,217.28494,0.69967425,0.5775831,0.09762265,-210.80943,210.80943,[4.70298386e+01 9.80876617e+01 8.22573853e+00 7.85442505e+02
 2.38124832e+02 4.15457535e+01 6.05393982e+01 2.55499763e+01
 3.12251320e+01 7.25978577e+02 3.07150936e+00 2.05225250e+02
 1.69697388e+03 2.78376651e+00 4.61506004e+01 1.34756042e+02
 1.63090652e+02 6.44775879e+02 1.44006166e+01 2.06910229e+01
 2.05983734e+02 7.93833923e+01 1.34935818e+01 1.15723789e+00
 1.76725305e+03 2.55554492e+03 2.61115173e+02 1.30561508e+02
 4.78905396e+02 3.03213615e+01 9.83321304e+01 2.70928528e+02
 8.49434957e-02 1.01998329e+02 7.19561844e+01 6.43888931e+01
 6.69190826e+01 2.38933423e+03 4.62318726e+01 3.86688782e+02
 4.40886078e+01 4.61929993e+02 1.87620178e+02 4.00502968e+01
 1.74396896e+01 2.79310989e+01 1.10293129e+02 7.69945145e+01
 1.88730145e+01 2.82419071e+01 2.66300720e+02 1.81584110e+01
 5.63542053e+02 3.85223503e+01 6.95146790e+02 2.50647945e+01
 1.62570068e+02 5.65277710e+01 1.25969725e+01 1.23930481e+02
 5.90017761e+02 8.53014450e+01 8.78187927e+02 3.42075272e+01
 1.75599808e+02 3.80257782e+02 2.47641742e-01 6.64516479e+02
 1.21456775e+03 2.37563940e+03 5.11514091e+01 7.32617378e+00
 1.99501743e+01 7.47745483e+02 1.04891365e+02 1.40216873e+02
 1.22568835e+03 6.97300415e+01 4.63186951e+01 1.82839050e+02
 4.61086655e+01 7.52851715e+01 1.12035110e+02 2.23136616e+01
 1.41577362e+02 4.65517090e+02 2.87217712e+01 4.12182274e+01
 1.48040649e+02 1.05448999e+03 1.06530441e+02 2.50556976e+02
 4.14052124e+01 2.63568542e+02 7.69563904e+01 6.17308617e+01
 3.55373306e+01 5.28848991e+01 1.09257660e+02 1.04348450e+02
 1.11571729e+03 2.29029068e+02 5.55421582e+03 2.22748444e+02
 3.15891632e+02 4.27081055e+02 9.30342007e+00 1.60990449e+04
 5.01692871e+02 3.81988892e+02 2.18319893e+01 3.90923080e+01
 7.05310822e+01 1.14144177e+03 1.11891891e+02 1.30638870e+02
 3.53295807e+02 1.26374115e+02 8.69095039e+00 3.74135742e+01
 4.16617546e+01 5.84196899e+02 8.30546265e+01 1.61912670e+01
 4.52362366e+02 3.13296795e+01 4.10730667e+01 6.28726845e+01
 3.19722443e+01 2.98625488e+02 8.20281677e+02 6.19849091e+01
 9.19459534e+02 1.64741116e+01 1.65560089e+02 1.02103943e+02
 1.58781230e-01 2.15567169e+01 9.68987198e+01 2.39282017e+01
 3.55316620e+02 1.22298364e+03 2.66895027e+01 2.39956284e+02
 2.31553726e+01 4.79558640e+01 1.88784313e+01 1.72367077e+01
 1.72633686e+01 8.88510666e+01 5.21605339e+01 4.89616821e+02
 7.42314697e+02 1.64994522e+02 2.04510994e+01 2.72095299e+01
 8.32374001e+00 7.37328491e+01 1.59813042e+01 2.89911475e+03
 1.89208160e+02 2.04972535e-01 9.27895630e+02 2.02518494e+02
 1.62437164e+02 1.44423971e+01 6.35964355e+01 1.46401962e+02
 8.52691956e+02 2.05779762e+01 2.68185115e+00 9.71884003e+01
 5.03748817e+01 3.23504372e+01 2.64726898e+02 7.26156158e+01
 1.24641028e+03 2.75061178e+00 6.82585297e+01 7.88871689e+01
 9.73463345e+00 3.24586830e+01 6.29847860e+00 8.56442749e+02
 1.73108688e+02 3.07299347e+02 4.11242790e+01 6.96086407e+00
 4.05497313e+00 5.18465424e+01 1.73460510e+02 1.46871400e+00
 7.54998446e+00 1.88742966e+02 2.94239075e+02 2.56548584e+02
 8.73556423e+00 9.88020802e+00 2.44257622e+01 5.03259430e+01
 6.24300079e+01 1.66817417e+01 4.76074036e+02 6.95352020e+01
 6.42451935e+01 7.10120392e+00 3.04224396e+02 4.06151733e+02
 5.45745201e+01 7.29436798e+01 1.11690620e+02 1.03197205e+02
 2.38110889e+03 1.57599902e+03 1.37567230e+02 9.08006859e+00
 1.51209457e+02 1.39917123e+00 2.32784073e+02 7.17518921e+01
 1.00549805e+02 2.83289318e+01 1.89395361e+03 2.37123932e+02
 1.91859558e+02 1.33092527e+01 2.59828663e+01 2.82907983e+03
 2.58250824e+02 3.27020660e+02 3.55320038e+02 1.33548035e+02
 1.66209000e+02 4.99506897e+02 4.35634308e+01 4.60012932e+01
 1.23973495e+02 5.12687988e+02 2.84394150e+01 1.60979385e+02
 1.91018463e+02 9.84551636e+02 1.05033340e+01 6.04215332e+02
 4.11110382e+01 3.34935303e+03 1.49131958e+03 4.92363556e+02
 2.73335785e+02 9.36352348e+00 2.67972541e+00 2.53885590e+02
 1.26447113e+02 4.67358475e+01 2.55861694e+02 1.68859894e+02],578.74023,[1.36664524e+01 8.68637238e+01 1.41718006e+01 7.73016602e+02
 2.65116825e+01 4.95317955e+01 1.63839417e+02 4.33254585e+01
 2.72760124e+01 2.15176849e+01 5.77297640e+00 1.45274597e+02
 6.58446167e+02 7.04350901e+00 2.94003845e+02 1.41101898e+02
 1.87692017e+02 3.88358704e+02 1.33785706e+01 5.05336075e+01
 5.17483398e+02 8.18232422e+01 6.41097879e+00 1.16657381e+01
 1.79239124e+03 2.40162451e+03 1.55900917e+01 1.40124298e+02
 4.38370239e+02 3.78607674e+01 2.99464054e+01 3.90670197e+02
 2.85646935e+01 3.11875134e+01 1.12740341e+02 4.13399315e+01
 3.77929169e+02 2.34301660e+03 5.23195496e+01 3.52703857e+02
 4.53106766e+01 4.01732025e+02 1.41000137e+02 3.46642570e+01
 2.09252777e+01 2.63784826e-01 6.46640472e+01 6.19873352e+01
 6.26365509e+01 2.26808281e+01 2.51069824e+02 1.35332699e+01
 4.27756470e+02 4.62659264e+01 8.53637085e+02 1.04422216e+01
 1.48392670e+02 1.24233732e+01 5.02135694e-01 5.91606255e+01
 6.05545776e+02 1.18848114e+02 7.52680054e+02 3.31431236e+01
 2.62010498e+02 2.45091797e+02 8.99590874e+00 9.32278809e+02
 8.48421997e+02 4.31299347e+02 6.94889679e+01 6.62928200e+00
 6.84103851e+01 7.00589844e+02 9.65786591e+01 3.20143051e+01
 1.18360962e+03 5.96793699e+00 4.60321426e+01 7.69252625e+01
 4.23950882e+01 1.64828857e+02 3.81949043e+00 1.93309040e+01
 1.64738449e+02 5.38150940e+02 3.19751167e+01 3.20927200e+01
 4.48090057e+01 1.13328918e+03 7.38373337e+01 9.90008087e+01
 1.18630623e+02 5.81334496e+01 5.76934662e+01 3.71910553e+01
 2.06036835e+01 6.47241516e+01 1.12263748e+02 6.99491501e+01
 1.12531909e+03 1.95235138e+02 4.97938037e+03 2.24519287e+02
 5.25059509e+01 3.65292419e+02 3.49043617e+01 1.66616699e+04
 4.81439941e+02 2.31648834e+02 2.44157672e+00 3.94352150e+01
 7.65298386e+01 2.75176788e+02 1.11362511e+02 4.01614380e+01
 2.13991791e+02 1.23600876e+02 7.18458652e-01 3.58513603e+01
 3.51310997e+01 5.41316406e+02 1.38396988e+02 1.42367992e+01
 4.87547302e+02 9.71626587e+01 3.94357834e+01 8.42567291e+01
 4.45377159e+01 2.48836918e+01 1.57648869e+01 4.43960724e+01
 8.24113586e+02 1.58074102e+01 1.96681381e+02 1.87682800e+02
 4.21494751e+01 1.92123451e+01 1.17875633e+02 2.79564400e+01
 8.40010910e+01 5.98208801e+02 9.61830368e+01 1.71209625e+02
 2.61111717e+01 1.20034035e+02 1.61634839e+00 3.49998627e+01
 1.34534197e+01 7.77099152e+01 4.34785919e+01 4.46037064e+01
 1.85460548e+01 1.52777954e+02 2.50648136e+01 3.33545113e+01
 1.55974522e+01 6.01816368e+01 3.83724451e-01 4.83712598e+03
 5.19251465e+02 5.57680511e+00 1.21933975e+01 3.88308136e+02
 8.81766205e+01 1.66387310e+01 8.04493256e+01 1.61477493e+02
 1.00071460e+03 2.82234402e+01 3.65287924e+00 1.53840546e+02
 4.98938408e+01 3.68804245e+01 3.87780952e+01 6.69972839e+01
 3.87205811e+03 4.63995886e+00 3.92110291e+01 1.40640656e+02
 1.08049860e+01 2.19243565e+01 2.21682143e+00 5.76114502e+01
 2.42182556e+02 3.29133057e+02 6.67656021e+01 6.99300289e+00
 1.26962376e+00 3.29217553e+00 1.11830772e+02 3.81625444e-02
 4.31962967e+00 7.41240082e+01 4.18976654e+02 2.39186005e+02
 6.10965195e+01 1.15870743e+01 4.18019629e+00 5.50298653e+01
 4.94501686e+01 1.55238094e+01 5.63679276e+01 2.15541306e+01
 8.87422333e+01 3.98853874e+01 5.12496887e+02 4.71564880e+02
 5.62154541e+01 2.78031731e+01 4.00140228e+01 3.09082184e+01
 2.63118018e+03 1.05438098e+03 1.29988861e+02 3.14301753e+00
 4.15810669e+02 3.14500427e+01 1.64006866e+02 2.33735657e+01
 1.03625801e+02 3.07391224e+01 9.06014465e+02 2.23278473e+02
 1.89844345e+02 6.34861946e+00 4.11747169e+01 2.43022827e+03
 2.48136200e+02 1.51684189e+02 2.93402283e+02 5.45187302e+01
 1.55783264e+02 8.38105087e+01 4.07183304e+01 1.77789566e+02
 1.53119984e+01 1.23650122e+03 3.42566299e+01 1.55438263e+02
 1.44024887e+02 2.87613770e+02 3.64941883e+00 6.86755554e+02
 1.32324570e+02 2.45720581e+03 3.83689957e+01 1.46029022e+02
 2.85608032e+02 3.47800903e+01 8.76211853e+01 2.41361572e+02
 1.85776566e+02 9.69414673e+01 2.39310440e+02 3.00766235e+02],-134.8605,-239.65329,-393.18658,3.8472567,19.212498,1.0488553,0.7662531,0.013414217557907105,6196.0555102825165,-0.061809909016736324,0.018122012096544945,-0.06312037749025412,-0.0328977708390859,34.82157844768279,25.099999999996967,0.0,450000.0,-2.0,-769.0,500.0,6.779359579086304,450000
144.34894,0.16943724,0.44700214,0.018424058,-139.70947,139.70947,[2.27226944e+01 9.92088020e-02 1.29737425e+00 1.28475113e+01
 1.21583900e+01 6.30568504e+00 3.61144990e-02 8.93237710e-01
 8.28721672e-02 1.34310985e+00 3.96856260e+00 2.93617892e+00
 2.53082728e+00 1.78176916e+00 6.60915470e+00 1.83041525e+00
 4.49971104e+00 1.57191288e+00 3.68933558e+00 3.59487963e+00
 1.75000858e+00 4.25924969e+00 1.60703957e+00 6.07918501e-02
 5.45921981e-01 7.24328518e-01 3.38312674e+00 2.24346161e+00
 3.86827016e+00 4.37340879e+00 3.89792293e-01 1.24464808e+01
 1.48758292e+00 2.05298591e+00 7.18463123e-01 6.37742186e+00
 2.29294825e+00 2.49296308e+00 4.25941378e-01 8.06003451e-01
 8.71606903e+01 6.00587368e-01 6.25619173e-01 2.69237328e+00
 1.26899719e-01 8.68119419e-01 5.64268112e+00 1.07914186e+00
 9.69200313e-01 5.16804409e+00 1.15782022e+01 1.55131251e-01
 1.16942477e+00 1.56307805e+00 2.93234110e+00 3.56141515e-02
 3.42851019e+00 4.21435642e+00 8.96816826e+00 1.85847211e+00
 9.03319895e-01 2.28530192e+00 1.71078837e+00 7.34999478e-01
 2.25753173e-01 6.32199764e+00 1.40200305e+00 1.02094364e+00
 5.06030440e-01 5.94733238e+00 9.25231278e-01 8.83433372e-02
 6.65956211e+00 3.58505607e-01 6.84365451e-01 4.25292892e+01
 9.03205585e+00 1.68162203e+00 1.27278745e+00 6.17289257e+00
 3.72872853e+00 1.09101325e-01 2.75442839e-01 4.10443926e+00
 2.72221303e+00 1.38259196e+00 7.58605289e+00 2.04359984e+00
 8.91511500e-01 2.52626270e-01 2.37470055e+00 7.86467612e-01
 5.16458702e+00 2.86428499e+00 6.53313756e-01 6.43891716e+00
 8.36795688e-01 2.02906871e+00 2.06160218e-01 7.42342567e+00
 2.16458774e+00 1.01654947e-01 1.08562183e+01 1.90013731e+00
 1.38769519e+00 6.11435652e+00 8.39079762e+00 1.02483714e+00
 5.93239069e-01 3.23856354e+00 4.09103775e+00 2.46340656e+00
 1.66102290e-01 4.71949863e+00 2.92484665e+00 1.05947075e+01
 2.47643781e+00 1.14598408e+01 2.43087578e+00 4.27208948e+00
 1.48492408e+00 2.87791729e-01 9.88792896e+00 1.87114048e+01
 3.47386956e-01 5.02375849e-02 2.81831717e+00 1.25141549e+00
 6.94183302e+00 1.43564925e-01 1.79351115e+00 2.59915447e+00
 4.24237347e+00 4.17003584e+00 1.51365471e+00 1.15865335e-01
 2.55400509e-01 1.93203628e-01 3.84154034e+00 4.41486165e-02
 3.21661621e-01 1.49125900e+01 4.57860470e+00 5.74313164e+00
 8.22736263e+00 1.18198740e+00 1.12849474e+00 3.35240960e+00
 1.40809929e+00 3.81278574e-01 1.79902151e-01 5.33878446e-01
 2.23970675e+00 1.60197115e+00 3.15366268e+00 4.74755168e-01
 2.68866611e+00 9.64252353e-01 1.00677311e+00 1.97146153e+00
 1.05609531e+01 3.33247209e+00 1.41724825e-01 7.04022884e+00
 1.71678606e-02 2.20550954e-01 1.12531722e+00 6.50808632e-01
 5.40977791e-02 4.79027367e+00 2.31179208e-01 1.52380838e+01
 3.93670440e-01 1.08481860e+00 3.41733873e-01 8.17266178e+00
 7.59993553e-01 3.08000386e-01 2.97574568e+00 6.02309942e-01
 2.41182518e+00 2.48670483e+00 1.26433973e+01 4.50233555e+00
 2.47397017e+00 3.08011317e+00 1.18664873e+00 5.54721308e+00
 2.65781999e-01 3.56077743e+00 3.48998420e-02 4.89655107e-01
 7.10037842e+01 6.99760532e+00 9.99522358e-02 4.73789597e+00
 3.02347827e+00 2.61959171e+00 6.13309145e+00 3.41488791e+00
 4.14130669e+01 3.16861010e+00 6.73899746e+00 1.33853185e+00
 4.51144606e-01 9.19344864e+01 3.35145974e+00 3.96666551e+00
 1.03525505e+01 2.27956629e+00 2.31012650e+01 2.45561987e-01
 6.45788240e+00 1.41342878e-01 4.77999836e-01 2.88984394e+00
 8.93628216e+00 3.80043983e-01 1.53663492e+00 5.78232765e+00
 5.26690781e-01 3.37256694e+00 6.28737879e+00 2.20957828e+00
 2.65926218e+00 1.95394230e+00 1.48721981e+00 1.89826965e+00
 1.27336836e+00 2.89207387e+00 2.06785274e+00 2.66311574e+00
 7.46599483e+00 7.56140351e-01 1.82725620e+00 2.21479821e+00
 4.02549648e+00 6.27531195e+00 2.93300152e+00 1.71313047e+00
 1.75237560e+00 1.07122135e+00 4.34071636e+00 6.96619701e+00
 4.80918676e-01 2.00414963e+01 2.34893680e+00 9.10967350e-01
 1.74920356e+00 7.27866650e+00 1.50813317e+00 3.11764336e+00
 4.01019859e+00 3.67820024e+00 2.27065849e+00 1.92371216e+01],5.576689,[6.02230949e+01 6.07215464e-01 2.31325293e+00 7.11557746e-01
 4.22625685e+00 1.19129944e+00 1.21747553e-02 1.61290646e+00
 1.16704613e-01 4.34886017e+01 1.49503577e+00 3.24959230e+00
 1.88598800e+00 2.87448406e+00 3.12723589e+00 6.47899437e+00
 1.96480393e+00 6.76598132e-01 3.85537267e+00 1.51495209e+01
 4.02345181e+00 3.62555051e+00 2.77078009e+00 4.69643548e-02
 3.07523537e+00 2.39927912e+00 2.38536644e+00 6.02792621e-01
 5.61113358e-01 7.52320719e+00 1.49010003e-01 1.41934264e+00
 7.15865517e+00 1.99005198e+00 5.81570530e+00 3.59191823e+00
 8.66356492e-01 1.28419495e+00 4.97323465e+00 4.79394048e-01
 3.43035126e+00 3.35183382e+00 1.10556059e+01 3.63776970e+00
 1.91645175e-01 5.03128290e-01 3.54920208e-01 8.93820107e-01
 4.83670771e-01 4.12590170e+00 1.41805112e+00 2.60647011e+00
 1.26330638e+00 1.25008357e+00 2.01968789e+00 1.26769972e+00
 3.57457089e+00 2.31457734e+00 5.40880919e-01 3.47019100e+00
 1.21314406e+00 1.63538337e+00 1.41149223e+00 1.33784547e-01
 2.56282711e+00 2.93211579e+00 3.35106730e+00 5.80635309e+00
 1.22982562e+00 4.23162460e-01 2.55524230e+00 3.79654050e-01
 2.90684962e+00 3.11078811e+00 6.46413517e+00 3.29791975e+00
 7.61298165e-02 1.97310352e+00 2.11183935e-01 2.74167013e+00
 1.38595402e+00 2.82048166e-01 2.15288147e-01 7.27781677e+00
 4.77775478e+00 1.43542373e+00 6.49562359e+00 2.95082045e+00
 1.15760314e+00 1.69122741e-01 8.09752941e-02 2.15319133e+00
 2.05244493e+00 7.90242100e+00 9.55515325e-01 5.34095764e-01
 1.35440767e-01 2.42024803e+00 2.21996951e+00 2.45486999e+00
 1.09454155e+00 1.67504191e-01 3.40173292e+00 3.54806995e+00
 7.00155640e+00 3.06669855e+00 1.45743275e+01 3.12363029e+00
 2.46555924e+00 4.21738625e+00 2.08671856e+00 2.32605129e-01
 9.15047288e-01 1.48018968e+00 5.91884851e-01 4.04441386e-01
 1.13806403e+00 2.22132611e+00 9.03020918e-01 3.12823796e+00
 1.07913530e+00 2.63546139e-01 7.94227266e+00 1.12163677e+01
 3.81870890e+00 8.93285632e-01 5.06488860e-01 1.13380837e+00
 9.93650913e-01 2.28209329e+00 3.37005138e-01 2.63863301e+00
 2.64954853e+00 8.69875908e+00 5.34426928e-01 3.27319689e-02
 1.14409077e+00 6.61547470e+00 8.41762662e-01 6.04959987e-02
 4.31844854e+00 1.14305801e+01 4.70044166e-02 7.97624052e-01
 6.93148911e-01 4.54621649e+00 1.24470282e+00 1.21125150e+00
 2.22011161e+00 3.16383672e+00 1.00570526e+01 4.30372620e+00
 2.85089779e+00 2.86212873e+00 1.20591521e+00 9.47160912e+00
 2.01185751e+00 7.99797535e-01 4.62192345e+00 1.26903653e-01
 2.50398064e+00 1.51183567e+01 2.65569985e-01 2.33209252e+00
 1.33789638e-02 1.71830967e-01 3.44302273e+00 5.78753412e-01
 7.65002370e-01 5.10354805e+00 1.37376130e-01 8.08448696e+00
 4.46033359e-01 4.58465368e-02 3.70405078e-01 5.26261806e-01
 2.36207992e-01 2.81191077e-02 3.54280615e+00 1.02421989e+01
 6.20142519e-01 1.65917397e+00 1.55516475e-01 2.22049020e-02
 2.95142841e+00 7.09924281e-01 1.07555318e+00 1.97921133e+00
 1.15889832e-01 4.93553591e+00 7.17714167e+00 3.28528762e-01
 3.82011337e+01 1.45679951e+01 4.94554460e-01 2.15390778e+00
 1.96443498e+00 1.62319696e+00 2.76073605e-01 3.30813026e+00
 1.68038254e+01 6.42956614e-01 8.44574165e+00 2.06927586e+00
 1.61757553e+00 4.68255568e+00 7.69790840e+00 4.60021734e+00
 2.28055865e-01 2.92332220e+00 8.55314064e+00 5.86100340e-01
 4.66636419e+00 6.30644512e+00 8.50236034e+00 2.05286050e+00
 1.97581081e+01 2.24223089e+00 3.44626141e+00 1.06107071e-02
 5.73987818e+00 6.38800335e+00 2.06892744e-01 3.77101213e-01
 5.26832342e+00 1.01788573e-01 3.25219393e+00 9.92034435e-01
 6.28352737e+00 2.06784630e+00 5.83306551e+00 2.06538963e+00
 2.58746791e+00 1.03184261e+01 2.84883690e+00 5.04269075e+00
 8.41717958e-01 1.11760159e+01 2.35794716e+01 2.49936557e+00
 6.79431200e-01 5.66480732e+00 6.49112403e-01 1.24462185e+01
 5.60031033e+00 4.63339710e+00 5.05002117e+00 2.17043090e+00
 1.63449693e+00 2.00980330e+00 8.56484795e+00 5.01234531e-01
 1.26084316e+00 2.52950519e-01 1.53388214e+00 3.57540441e+00],-81.812836,-171.63518,-400.0,1.7282612,12.822961,0.9729267,0.6418227,107.21495,-68.65036,663.1811,202.71712,0.69512653,0.5423479,0.103175715,-196.59851,196.59851,[5.11109543e+01 1.51859787e+02 7.06177063e+02 4.35523319e+00
 1.63422451e+01 9.79190750e+01 7.43683655e+02 2.92670715e+02
 3.09006996e+01 9.26280975e+01 1.60493279e+01 1.24952011e+02
 4.64663734e+01 4.44612305e+02 3.84730339e+01 5.06417465e+01
 6.66174316e+01 3.12799072e+01 3.71925430e+01 1.16428047e+02
 1.90578880e+01 1.18565430e+02 5.35103226e+01 1.91092834e+01
 8.92091656e+00 3.53552170e+01 1.81457397e+02 1.79644648e+04
 2.98055592e+01 1.35519371e+01 1.60580115e+03 1.32585571e+02
 7.41912365e+00 2.91426422e+02 2.22177307e+02 4.26453278e+02
 2.63239868e+02 1.99985107e+02 1.64453537e+02 3.36684601e+02
 1.37179184e+02 4.05199203e+01 1.10006409e+03 2.74828873e+01
 6.47061005e+01 2.09719486e+01 7.22393131e+00 1.03928833e+03
 2.21205063e+01 1.14605160e+01 8.84921936e+02 1.08239960e+02
 7.07260513e+00 6.32951393e+01 9.81202507e+00 1.45508537e+01
 4.80813324e-01 2.18805664e+03 3.35686493e+01 3.03101921e+01
 1.08515320e+01 8.05236511e+01 1.21648417e+01 5.20820379e+00
 1.48152542e+02 3.48367071e+00 2.14707756e+01 2.38244232e+02
 7.07508163e+01 1.93321457e+01 3.99426422e+02 1.08033848e+01
 6.32244530e+01 1.53578125e+03 1.07821503e+01 5.29460716e+00
 2.28227005e+01 2.39071655e+02 6.30502197e+02 2.33612499e+01
 7.92447586e+01 2.95195972e+03 4.44322090e+01 2.27592163e+02
 1.06477654e+02 5.17676697e+02 4.22584137e+02 1.68399582e+02
 1.56947117e+01 4.01602707e+01 5.20733595e+00 8.18483734e+01
 6.73468445e+02 1.49472551e+01 5.41392517e+01 6.72524231e+02
 9.89764481e+01 1.09793533e+02 8.44388733e+01 3.62572876e+02
 1.16105356e+01 6.08265419e+01 1.02645088e+02 1.16233841e+02
 1.56394333e+02 1.76027557e+02 4.23326721e+02 1.55669165e+01
 7.32803955e+01 6.77997131e+01 8.70583344e+00 1.49409363e+02
 3.18272171e+01 2.93910706e+02 7.62019897e+02 7.82246399e+01
 4.10381198e-01 9.99081731e-01 2.13124714e+01 2.38523922e+01
 3.83894873e+00 4.24251442e+01 2.59263492e+00 2.78397179e+01
 6.94929352e+01 5.78015747e+02 4.00503397e+00 1.15708939e+02
 4.02397232e+01 2.95381409e+02 8.31126343e+02 1.70547516e+02
 2.26071014e+01 4.21857796e+01 2.43323669e+02 2.04117752e+02
 1.01299524e+03 1.52255829e+02 6.78735199e+01 2.23063538e+02
 4.19971558e+02 2.86675262e+01 1.80127686e+02 2.38810028e+02
 8.44001102e+00 2.90138550e+02 8.26682968e+01 1.49870010e+02
 1.97181854e+01 1.16791782e+01 1.95830521e+02 1.26173447e+02
 3.49338531e+01 6.04584290e+02 1.34581795e+01 1.46690277e+02
 3.54268379e+01 2.22506516e+02 1.34639192e+00 2.15469421e+02
 1.08625443e+02 3.44361176e+02 7.04081787e+02 8.38676631e-01
 1.37688370e+02 2.69506302e+01 1.41188431e+01 5.76589155e+00
 2.27135658e+00 2.71537262e+02 5.19497925e+02 1.60038738e+01
 2.65453529e+01 2.81844616e+01 1.97861099e+02 4.87214851e+00
 1.89549026e+01 4.19431496e+01 1.63543777e+01 3.02891779e+00
 1.06099316e+03 3.14524597e+02 1.58497818e+02 1.07355904e+02
 1.32485016e+02 8.22301197e+00 1.86518967e+02 1.30579932e+03
 5.65947685e+01 1.37238419e+02 3.69552826e+02 5.69608154e+02
 1.01336029e+02 1.17068466e+02 1.15506048e+01 1.00829102e+02
 1.89557266e+02 1.22610962e+02 4.21838913e+01 3.05644470e+02
 2.33293610e+01 1.76994019e+02 2.41417526e+02 1.33678162e+02
 3.23060274e+00 4.63939247e+01 3.88936272e+01 5.76950226e+01
 1.36859375e+02 1.90391598e+01 1.61255447e+02 2.03460741e+00
 8.33439560e+01 2.42584724e+01 2.79079407e+02 6.04443817e+01
 5.73628731e+01 3.62047424e+01 6.33453712e+01 1.37354944e+03
 2.52726181e+02 1.69202328e+01 1.78838177e+01 1.07618952e+00
 3.60572510e+01 8.89452438e+01 8.55467377e+01 4.35698586e+01
 2.86915039e+02 4.53230095e+00 3.74833069e+01 1.01831985e+02
 6.84483643e+01 1.17370995e+02 2.84033051e+02 8.38944340e+00
 1.61295052e+01 1.35662384e+02 2.04071960e+02 3.51402054e+01
 1.19609482e+02 9.26460266e+02 2.61326523e+01 4.05220604e+01
 4.10473557e+01 9.61288528e+01 6.55892897e+00 4.09143524e+01
 2.37899361e+01 7.54045773e+00 2.08228943e+02 7.98896599e+00
 2.20422852e+02 1.66301758e+02 2.50285053e+01 8.96678467e+01],390.6374,[3.95254135e+01 3.74624329e+01 7.05462341e+02 1.25918078e+00
 8.38628864e+00 9.71399536e+01 7.43713257e+02 2.94263977e+02
 8.09533501e+00 1.28783463e+02 2.09580345e+01 3.15232208e+02
 3.16687260e+01 1.12663733e+03 4.04604340e+01 1.20318710e+02
 5.38951836e+01 3.64809113e+01 3.60720749e+01 4.51402359e+01
 2.13837891e+01 1.22545578e+02 9.05737019e+00 2.37741985e+01
 3.07390428e+00 3.69295731e+01 1.85798859e+02 2.08514141e+04
 3.35302658e+01 1.46497688e+01 1.71350195e+03 3.90653076e+01
 2.37518311e+01 2.26925751e+02 2.06071503e+02 7.78503784e+02
 2.58086670e+02 1.81055573e+02 5.25692215e+01 4.53158875e+01
 1.81459961e+02 4.21757240e+01 1.91844788e+02 3.07828808e+01
 9.12823410e+01 3.24933357e+01 1.19754095e+01 1.23557861e+03
 1.95159245e+01 1.24834366e+01 1.35076294e+01 1.14880325e+02
 2.16886463e+01 9.09462280e+01 1.32890253e+01 1.28074074e+01
 2.22265816e+01 1.85850159e+03 2.56796665e+01 3.49379082e+01
 3.18781197e-01 3.27650223e+01 1.45800180e+01 1.58545980e+01
 2.33271866e+02 3.34096336e+01 1.97520256e+01 2.80851257e+02
 1.02307777e+01 2.17369480e+01 3.73318726e+02 2.73090649e+00
 6.83879242e+01 1.52782324e+03 3.86954904e+00 3.20309982e+01
 2.84741440e+01 2.97119415e+02 6.37702271e+02 2.48092728e+01
 4.14158478e+01 3.15371094e+03 4.16973877e+01 2.08983047e+02
 1.28402039e+02 6.25911133e+02 2.59290039e+02 9.28987350e+01
 1.63056679e+01 9.29477036e-01 3.00889397e+00 8.14566116e+01
 8.41212646e+02 1.71432877e+01 3.99188385e+01 1.36966614e+03
 4.85643311e+01 8.89036255e+01 8.13869476e+01 9.37794647e+01
 1.68642998e+01 6.08494797e+01 1.00423981e+02 1.22213837e+02
 1.51654266e+02 1.20081871e+02 3.77946686e+02 4.88800097e+00
 5.93246574e+01 2.74161663e+01 9.02776337e+00 1.42102356e+02
 2.15865288e+01 2.89715332e+02 8.03685913e+02 1.29072510e+02
 3.82058167e+00 3.09904832e-02 9.67206433e-03 3.72995520e+00
 2.36980724e+00 2.22145195e+01 3.76354122e+00 5.17903938e+01
 6.05349960e+01 7.43155289e+01 2.56144676e+01 4.52405643e+00
 5.50392418e+01 3.10940826e+02 8.26269897e+02 2.41340622e+02
 1.99219942e+00 8.25435936e-01 2.30724304e+02 4.06526978e+02
 2.09227581e+01 1.51975525e+02 6.70444336e+01 1.53885635e+02
 9.92027206e+01 1.56574488e+01 3.82927666e+01 1.06422638e+02
 9.16023922e+00 2.98376312e+02 4.54349556e+01 2.88698822e+02
 1.95214443e+01 5.12095213e-01 2.40155975e+02 5.56652756e+01
 1.29352341e+01 2.64307159e+02 2.56204987e+01 3.40435364e+02
 4.61028175e+01 9.91868134e+01 1.46918335e+01 2.03410355e+02
 3.15814228e+01 2.83140076e+02 6.92630676e+02 1.60632591e+01
 1.11282669e+02 3.20837212e+01 3.68714600e+01 3.77871633e+00
 1.40873127e+01 3.10007446e+02 5.61974670e+02 1.18348732e+01
 3.41240239e+00 2.87967491e+01 5.79759399e+02 1.05432110e+01
 3.60447731e+01 4.37255859e+01 1.52662325e+01 2.31320453e+00
 1.03592261e+03 3.18396515e+02 1.06963486e+02 1.04774265e+01
 6.47248230e+01 4.85365343e+00 9.59629440e+01 1.24044666e+03
 3.73181839e+01 1.65581528e+02 2.99190216e+02 6.57722168e+02
 9.94945526e+01 1.19062111e+02 7.66549988e+01 1.40904678e+02
 6.85284958e+01 1.37119186e+02 9.75289917e+01 2.98290375e+02
 4.96486092e+00 1.29013245e+02 3.32560883e+01 1.18522842e+02
 2.92627454e+00 5.36305656e+01 2.58491402e+01 2.31147766e+00
 1.31412525e+01 4.01396751e+00 9.87373047e+01 5.52163029e+00
 6.39259368e-02 4.92782516e+01 2.82132019e+02 1.28539078e+02
 5.62898560e+01 3.09253082e+01 2.89454899e+01 1.25219092e+03
 1.02680267e+02 8.93797502e-02 1.25465755e+01 9.35152817e+00
 4.83244476e+01 4.93684464e+01 1.14945084e+02 2.82515979e+00
 2.36961090e+02 2.52542067e+00 3.98323250e+01 7.39787292e+01
 3.73138313e+01 8.43944931e+01 3.07681885e+02 1.66333179e+01
 1.86439209e+01 1.21157364e+02 3.06371136e+01 1.16383419e+01
 1.03191620e+02 5.45496765e+02 2.74351292e+01 4.91516228e+01
 4.16899796e+01 7.91328278e+01 8.99321175e+00 3.53746567e+01
 8.59134483e+00 1.42269144e+01 1.53710327e+02 3.95953331e+01
 1.85647621e+01 8.59372101e+01 2.19184532e+01 1.35315742e+01],-120.25137,-217.34741,-394.711,3.4037237,21.431595,1.1151733,0.7521006,0.013931448431015014,6544.341740846634,-0.05198265480361143,0.08420051307941422,-0.048006974931493085,0.06508066844949346,14.617132404243447,25.099999999996967,0.0,475000.0,-2.0,-1000.0,500.0,6.663860082626343,475000
135.88667,0.14965358,0.47871038,0.015367731,-130.94992,130.94992,[1.12923217e+00 6.23013687e+00 1.51299095e+01 1.08268995e+01
 1.88957906e+00 2.49513894e-01 8.13895345e-01 4.31766081e+00
 5.71077251e+00 3.85622811e+00 3.13807225e+00 5.07007885e+00
 8.02108955e+00 9.16645241e+00 4.03897238e+00 7.00406969e-01
 3.87537289e+00 8.36526036e-01 5.84229279e+00 1.54623151e-01
 6.59403324e+00 5.12914732e-02 1.76080093e+01 9.58807373e+00
 4.81760263e+00 1.38991010e+00 1.64503500e-01 2.21359086e+00
 2.40436888e+00 8.98729229e+00 8.67795849e+00 6.29579401e+00
 2.60300827e+00 1.37723484e+01 4.16236281e-01 1.08214056e+00
 7.56227314e-01 2.02054954e+00 4.19520473e+00 1.06795239e+00
 3.53826094e+00 8.99561787e+00 1.82383938e+01 1.42276132e+00
 4.87060547e+00 4.45792580e+00 3.53409266e+00 1.15828276e-01
 3.44529839e+01 8.87309837e+00 5.87875414e+00 6.98882878e-01
 7.31579876e+00 6.79029405e-01 4.48164701e+00 1.63416314e+00
 6.75999260e+00 2.94556022e+00 6.66810179e+00 7.47885048e-01
 1.55410564e+00 9.92077351e+00 5.43922567e+00 1.11808577e+01
 4.41392660e+00 4.10512877e+00 9.72515774e+00 6.16348696e+00
 4.48797345e-01 4.87915576e-01 3.42118919e-01 5.94999254e-01
 6.91379118e+00 1.72937524e+00 7.09702432e-01 2.45022714e-01
 1.37157929e+00 4.37373447e+00 1.63118839e+01 1.88768291e+01
 1.05733423e+01 3.07486892e+00 2.74386430e+00 1.23691721e+01
 4.68336058e+00 1.83352971e+00 2.43076515e+01 2.63812590e+00
 1.87726915e+00 3.83959889e+00 4.79856014e+00 1.85993469e+00
 5.97523499e+00 4.71433163e+00 8.52905464e+00 1.17938983e+00
 5.69515049e-01 7.35210705e+00 2.95844531e+00 3.97994270e+01
 6.82665631e-02 9.40062332e+00 5.86556387e+00 1.86565628e+01
 3.82640076e+00 7.72813845e+00 4.66956425e+00 2.85234785e+00
 1.27787495e+00 1.60438195e-02 2.78358173e+00 1.78958435e+01
 6.02924705e-01 9.93007755e+00 1.64770532e+00 1.12568116e+00
 7.87927389e+00 1.26408672e+00 2.10732386e-01 3.81650925e-01
 1.65528333e+00 2.30008841e+00 7.87495804e+00 5.40289164e+00
 8.55163860e+00 2.22879338e+00 1.07146347e+00 1.34916663e+00
 2.12292671e+00 8.62121868e+00 3.68056846e+00 4.62883806e+00
 6.10695362e+00 1.57878205e-01 3.93064380e-01 9.26929569e+00
 8.45136166e+00 1.66871703e+00 3.98201203e+00 1.55497885e+00
 3.99556017e+00 5.07925797e+00 1.68617046e+00 9.37781274e-01
 3.27100325e+00 6.64247155e-01 9.32314634e-01 1.05474186e+01
 8.44298363e+00 1.52225578e+00 2.80991316e+00 2.04881668e+00
 3.67375088e+00 4.57874015e-02 2.69290280e+00 2.35177088e+00
 8.30559444e+00 1.12743175e+00 4.59702778e+00 6.95064974e+00
 1.24643052e+00 1.01026371e-02 6.05874062e-02 8.51164103e-01
 2.79951811e+00 3.88644147e+00 1.31684899e-01 2.17296146e-02
 4.97471523e+00 2.64920378e+00 1.00829639e+01 7.70525122e+00
 2.40020919e+00 6.71162319e+00 7.02350020e-01 5.29944837e-01
 3.55922627e+00 6.79741669e+00 7.44347095e-01 1.98070192e+00
 7.88074851e-01 1.05076395e-01 5.03367758e+00 1.95226784e+01
 3.84429216e+00 3.55630183e+00 2.85791445e+00 6.85314989e+00
 4.37515831e+00 4.48256588e+00 1.58485234e-01 2.52037644e+00
 9.74827558e-02 3.67581844e+00 1.49301553e+00 5.30230474e+00
 2.96683931e+00 1.98102951e+00 1.86511683e+00 2.80453539e+00
 1.42787755e-01 4.23878133e-01 6.87338114e+00 8.33773613e+00
 1.02889228e+00 4.32631731e-01 2.32396936e+00 3.13802862e+00
 6.31492972e-01 1.27535858e+01 9.58175278e+00 1.48551989e+00
 4.51830089e-01 2.64046478e+00 5.15595818e+00 9.21130180e+00
 2.91279531e+00 9.39636528e-01 4.73922879e-01 3.38234901e-01
 9.70082283e+00 1.88173962e+00 5.02502584e+00 1.05964279e+01
 8.06161880e+00 8.07036638e-01 4.72471428e+00 2.76231050e+00
 8.17192316e-01 9.34966946e+00 4.15561378e-01 2.55031228e+00
 6.25924873e+00 1.89954796e+01 1.51959753e+00 5.29014587e+00
 6.97745514e+00 3.80770326e+00 7.79287958e+00 1.94579077e+00
 6.51484680e+00 4.31827843e-01 5.64789486e+00 2.92650509e+00
 6.49692202e+00 6.77433796e-04 3.80293179e+00 9.67487454e-01
 2.22646356e-01 3.04456997e+00 1.31051794e-01 1.22904718e+00
 2.89928007e+00 5.54986298e-01 2.58964801e+00 3.57769847e+00],5.326706,[1.54972827e+00 1.54051943e+01 1.45045328e+00 1.17616963e+00
 6.52610183e-01 2.45341465e-01 7.48814344e-01 5.32423735e-01
 1.73965871e+00 7.05900863e-02 1.24751854e+00 3.84367794e-01
 1.75539837e+01 2.19580245e+00 6.78670025e+00 1.68982887e+00
 8.77918899e-01 1.41465199e+00 5.02592511e-02 3.59729266e+00
 2.52959013e+00 1.04015104e-01 1.53355742e+00 2.38590336e+00
 9.82791364e-01 2.24331236e+00 2.82351851e-01 1.62979662e-01
 1.08044481e+00 1.10474277e+00 3.16413403e+00 3.12321223e-02
 1.80044699e+00 7.17837512e-01 8.32684231e+00 1.30949080e-01
 8.35303187e-01 1.17117176e-02 1.23865962e+00 3.81257862e-01
 4.11659575e+00 1.23352873e+00 1.57090807e+00 1.93076813e+00
 4.38399851e-01 1.48954177e+00 1.44740701e+00 1.39485002e-01
 6.34829025e+01 3.77391768e+00 2.27140007e+01 3.56108785e-01
 1.98149428e-01 7.56720528e-02 3.10773969e-01 1.66398740e+00
 3.29622307e+01 8.36102366e-01 1.02148330e+00 1.14867139e+00
 2.91867065e+00 1.28691006e+00 2.09015489e+00 3.28633404e+00
 3.16337228e+00 4.34359694e+00 6.24515533e+00 7.50180960e-01
 5.73843122e-01 8.76590347e+00 3.52171719e-01 1.96129382e+00
 1.37641561e+00 3.16866779e+00 4.59844023e-01 5.87955189e+00
 6.38561845e-01 1.96014252e+01 9.71941233e-01 8.19548512e+00
 6.14438295e-01 3.07238121e+01 2.70198733e-01 2.99637222e+00
 1.47925496e+00 3.57952809e+00 3.67722154e+00 3.68027687e+00
 1.46016276e+00 6.13864884e-02 3.35257316e+00 7.18456221e+00
 2.89432704e-02 1.34724665e+00 1.11032617e+00 1.65323007e+00
 7.52714396e-01 1.30851281e+00 9.31008160e-01 7.50360131e-01
 6.97748601e-01 1.29994488e+01 7.24632502e-01 1.94552555e+01
 3.68377954e-01 2.34664273e+00 1.99769616e-01 9.57897854e+00
 5.71014106e-01 4.11313868e+00 8.01104450e+00 4.20334721e+00
 3.96531262e-02 1.46669221e+00 2.21416521e+00 3.20866251e+00
 3.89633965e+00 1.64817959e-01 3.93852800e-01 7.59674981e-02
 1.66363075e-01 2.35495520e+00 6.27605170e-02 1.89426422e+00
 1.32361984e+00 3.01697636e+00 1.71267897e-01 2.40737486e+00
 4.62322330e+00 4.21873903e+00 7.12770939e-01 9.50285053e+00
 1.32451296e+00 3.66189837e+00 1.19240180e-01 4.64618587e+00
 9.51620388e+00 5.91804624e-01 3.42943978e+00 3.72454405e-01
 1.78767061e+00 2.11866903e+00 9.45711708e+00 6.14537287e+00
 2.84050989e+00 1.38934069e+01 1.17253566e+00 3.88600349e-01
 2.66401196e+00 1.71029580e+00 8.49687099e+00 5.39038086e+00
 8.67281199e-01 1.08317196e+00 1.30548611e+01 8.53074312e-01
 3.55279636e+00 3.86795545e+00 9.81559157e-01 3.61249733e+00
 1.85578098e+01 6.87628705e-03 5.41475868e+00 1.82305843e-01
 5.38631058e+00 6.80670917e-01 4.43894863e+00 1.15036257e-02
 2.32383087e-01 7.78284967e-01 2.60105562e+00 3.68958426e+00
 3.52364182e+00 2.69663155e-01 3.18480611e+00 6.83383179e+00
 2.82246447e+00 1.93621719e+00 3.25319767e-02 2.12803340e+00
 1.55631900e+00 1.10514417e-01 1.69647179e+01 6.73893154e-01
 3.99860620e+00 1.17090356e+00 1.50492406e+00 1.44489706e+00
 1.58751714e+00 1.73400271e+00 5.90796566e+00 4.89938688e+00
 1.65408269e-01 3.80088061e-01 4.22722435e+00 3.42241740e+00
 2.15913796e+00 5.69012833e+00 1.05066752e+00 1.47271824e+00
 8.64694357e-01 7.57752657e-01 3.89775991e+00 1.74415720e+00
 5.36778784e+00 4.05846164e-02 3.74497795e+00 2.69831133e+00
 3.07416296e+00 1.91882122e+00 2.27260470e+00 1.25503922e+00
 4.81910795e-01 4.81896877e-01 1.16535449e+00 2.58786064e-02
 1.30566657e+00 6.55124187e-01 1.01428556e+01 6.71459389e+00
 2.29694098e-02 2.30193853e+00 1.13410187e+01 6.80472329e-02
 1.15758336e+00 2.74456739e-01 1.98410094e+00 1.56516314e+00
 2.38078737e+00 9.13706347e-02 1.17076683e+01 2.72083592e+00
 1.58206058e+00 7.06656647e+00 2.84415054e+00 1.87777984e+00
 8.66627395e-01 3.04482484e+00 2.13780904e+00 1.95564306e+00
 1.93136203e+00 4.68005061e-01 1.22236609e+00 1.75867462e+00
 1.27996755e+00 3.45021710e-02 3.25502217e-01 8.13089728e-01
 4.09143895e-01 9.23110127e-01 1.25346375e+00 2.50951573e-02
 1.53196931e+00 5.77253723e+00 3.21911454e-01 4.09014225e+00],-62.16426,-164.67937,-400.0,1.8136954,16.283113,0.9580709,0.6499083,145.63249,-429.26123,932.4193,208.78429,0.636643,0.56515425,0.09961658,-202.4961,202.4961,[4.88147736e+01 2.31069260e+01 1.85988495e+02 1.74760849e+02
 1.34133530e+02 7.96851063e+00 4.37280457e+02 3.76157532e+02
 3.32196472e+02 8.18732376e+01 4.21917076e+01 1.74480400e+01
 1.05746040e+01 1.27982056e+03 4.58784821e+02 4.25542053e+02
 2.25956287e+01 4.28872871e+01 4.96233826e+01 1.48494827e+02
 1.72329712e+02 3.90694794e+02 3.65859375e+02 1.50472975e+01
 7.13265848e+00 1.89923462e+02 5.58910027e+01 5.59288597e+01
 3.00126038e+02 4.35957451e+01 3.22466850e+00 1.70148453e+02
 1.19201103e+02 3.23573761e+01 8.88055115e+01 3.02218323e+02
 2.19775963e+00 5.37513580e+01 4.98667107e+01 5.21120728e+02
 3.89629889e+00 7.93343445e+02 1.27417740e+02 8.60446930e+01
 1.65229950e+01 1.48665070e+02 8.33220749e+01 1.45246048e+01
 1.52139175e+02 9.20770645e+00 3.28596611e+01 6.25331802e+01
 1.91624854e+03 5.02115211e+01 7.78224564e+00 3.75278467e+03
 1.16632965e+02 3.95503601e+02 5.83428040e+01 7.92251511e+01
 6.96497070e+02 1.05811914e+03 6.85790396e+00 1.42887238e+02
 1.17502403e+01 4.52843399e+01 5.38872314e+02 1.45026388e+01
 1.19180527e+01 7.98686266e+00 4.42603989e+01 2.40141335e+01
 4.86391029e+01 2.52902374e+02 4.43277855e+01 1.51168232e+01
 2.42581665e+02 1.49587631e+02 6.16176611e+03 6.68195877e+01
 5.57189789e+01 8.67271870e-02 1.04476624e+02 4.16669769e+01
 9.15590858e+00 7.23578186e+01 1.56929886e+02 8.59226227e+01
 3.43134651e+01 1.18121069e+03 9.03558960e+01 2.51574738e+02
 3.90839539e+01 1.75127544e+01 6.98795776e+01 9.65072536e+00
 4.92115116e+00 1.23826818e+01 3.53300323e+01 2.49925000e+03
 1.90241425e+02 1.27134985e+03 5.51514258e+03 4.89688683e+01
 1.20942505e+02 8.80810165e+01 1.94346710e+02 1.86217117e+01
 1.34044743e+01 1.61544281e+02 5.78536987e+02 9.17137512e+02
 1.18986862e+02 1.28366653e+02 2.82589453e+03 2.57487549e+02
 2.79575806e+01 4.70283888e-02 3.11050293e+03 5.85623703e+01
 1.09391479e+03 2.72574371e+02 1.09356842e+02 5.87978401e+01
 6.82751123e+03 1.49391846e+02 1.01412872e+02 8.13324833e+00
 1.59883621e+02 1.34649181e+01 1.26809888e+03 5.32943497e+01
 1.66842690e+01 7.09058228e+01 7.80916035e-01 5.51885605e+01
 2.45387344e+02 1.90077002e+03 1.98513965e+03 1.12721947e+02
 4.56898727e+01 1.58985615e+01 2.29423309e+02 6.67146149e+01
 2.94193390e+02 8.63538551e+00 7.28632927e+00 1.74951096e+02
 6.83487368e+00 2.03962994e+00 1.94980377e+02 8.27138184e+02
 2.05731934e+02 6.06687880e+00 2.61261559e+01 2.50048615e+02
 9.42946472e+02 1.30465860e+01 6.60101929e+01 2.69863953e+02
 4.07704529e+02 7.29559946e+00 1.08477211e+02 6.20896729e+02
 2.60165356e+03 1.89796810e+01 2.53974097e+03 5.96450424e+01
 1.00411835e+02 8.68444702e+02 2.20564747e+01 3.09246191e+03
 3.79088867e+02 5.75866604e+00 8.86183472e+01 3.39538498e+01
 9.55451202e+00 5.72876587e+01 3.84033279e+01 1.20903572e+02
 2.14331169e+01 8.94037151e+00 8.35318604e+01 4.97249603e+01
 1.85494171e+02 8.97307510e+01 3.82065430e+01 3.11469086e+02
 6.92981262e+01 3.06594086e+02 2.02342773e+02 4.57925034e+01
 9.43496704e+02 1.61564270e+02 4.68384857e+02 2.13539009e+01
 1.97365837e+01 1.78344879e+01 3.92276049e+00 1.78177994e+02
 3.39907227e+02 4.37508488e+00 4.72105103e+02 7.45615082e+01
 1.19324059e+02 6.40270996e+01 8.74569519e+02 7.55710888e+00
 2.95600204e+01 1.29545059e+02 1.86309280e+01 7.84725876e+01
 8.01895142e+01 2.24605591e+02 6.72431335e+01 1.63907981e+00
 3.64318695e+02 7.08957458e+02 4.67477325e+02 1.37894043e+02
 9.31452789e+01 9.42246377e-01 1.13556595e+02 8.53990707e+01
 9.47617188e+01 1.50205269e+01 2.29673767e+01 9.00609207e+00
 8.24922485e+02 5.28107643e+01 4.29198926e+03 1.38408142e+02
 3.64108521e+02 1.81617920e+02 8.87548161e+00 1.75737152e+02
 3.11233795e+02 2.96674576e+01 6.07461319e+01 5.16082886e+02
 1.90361443e+01 4.83550537e+02 3.55006714e+02 1.06647026e+02
 2.32471333e+01 8.52667618e+01 9.65548325e+00 1.08483078e+02
 6.46445923e+01 6.12281990e+00 2.89614868e+02 4.84497566e+01
 2.53112583e+01 2.01391083e+02 3.66898651e+02 2.25637183e+03],571.48517,[2.69816742e+01 1.48643738e+02 6.08053528e+02 1.55687317e+02
 1.11087791e+02 3.64163589e+01 3.54782593e+02 2.23464142e+02
 3.79169884e+01 8.38000336e+01 4.13814011e+01 1.73875732e+01
 1.03958282e+01 1.01714420e+01 4.04938843e+02 4.33459473e+02
 1.10963526e+01 1.91162415e+01 4.84268303e+01 2.09823704e+01
 1.71357086e+02 4.93443756e+02 2.81921600e+02 8.75645733e+00
 8.74310875e+00 1.91614349e+02 4.55896568e+01 2.96263847e+01
 2.95188080e+02 1.57287216e+02 3.85512447e+00 7.00640015e+02
 2.21791725e+01 6.48813820e+00 8.62087708e+01 2.80067383e+02
 1.53473151e+00 2.12082253e+01 2.09668941e+01 5.20539978e+02
 3.66206837e+00 6.00347168e+02 3.47485748e+02 3.33086243e+02
 1.44812126e+01 1.63122345e+02 8.14505386e+01 6.51990128e+00
 1.05678215e+01 9.92775059e+00 2.90762634e+01 6.43313446e+01
 2.47134033e+03 4.84459839e+01 5.36297894e+00 1.34703323e+02
 1.22931534e+02 3.12474785e+01 6.47692719e+01 9.51707993e+01
 4.49640015e+02 1.14788513e+03 8.35851860e+00 1.35264725e+02
 1.07476387e+01 5.12908697e+00 2.85820141e+01 9.26850319e+00
 1.35971475e+00 6.85390178e-03 7.13450317e+01 4.84739685e+01
 4.35941391e+01 3.60635529e+02 2.46634598e+01 6.74255562e+00
 2.02073914e+02 3.97472839e+01 8.49886328e+03 1.41622849e+02
 2.52947979e+01 4.99551773e+00 5.24511242e+00 4.55512810e+01
 8.90787811e+01 3.78139687e+01 1.92250397e+02 9.50082855e+01
 6.71330738e+00 2.61325958e+02 1.04272728e+02 2.78150818e+02
 8.33582592e+00 4.18484783e+00 1.43836121e+02 8.84300947e-01
 1.06926546e+01 9.33761406e+00 3.34050798e+00 2.48288916e+03
 1.42322784e+02 1.28256238e+03 5.89758350e+03 5.15414886e+01
 6.60102081e+01 2.22281952e+01 1.44335632e+01 8.13984966e+00
 1.36644592e+01 8.88104935e+01 4.12079254e+02 3.47071869e+02
 1.03434692e+02 4.08294601e+01 9.64268311e+02 2.56928772e+02
 3.64299927e+01 5.90364981e+00 2.88441748e+03 1.47331209e+01
 1.33515918e+03 1.45176210e+01 2.50709488e+02 3.68804092e+01
 2.71683228e+03 4.72681313e+01 9.75521317e+01 2.62331223e+00
 1.65063080e+02 1.21563673e+01 1.25119448e+01 1.02330582e+02
 3.37170792e+01 1.90827560e+01 4.82832098e+00 2.94175148e+01
 2.56996613e+02 9.55557678e+02 2.58583984e+02 1.30488520e+01
 9.91945934e+00 1.19787769e+01 1.14836288e+02 6.56950226e+01
 2.17437943e+02 7.99851608e+00 2.34998932e+01 1.87241959e+02
 1.71099518e+02 2.92197990e+00 1.25243723e-01 1.57180969e+03
 4.54184234e-01 3.59902649e+01 2.73335171e+01 2.99011963e+02
 5.31509277e+02 2.79488163e+01 1.83129005e+01 2.70281921e+02
 4.14645996e+02 2.74683642e+00 1.35799118e+02 1.54826981e+02
 5.13728223e+03 1.56330051e+01 2.58430811e+03 8.42479095e+01
 1.11797897e+02 6.80013672e+02 2.17194214e+01 4.26072900e+03
 3.60753387e+02 1.26673293e+00 5.44931908e+01 2.73442497e+01
 9.56034470e+00 5.27885094e+01 3.50499878e+01 1.21034012e+02
 1.57114906e+01 5.51179314e+00 5.44731102e+01 8.33308487e+01
 1.12470222e+02 2.18934937e+01 6.02214088e+01 4.78949432e+02
 7.32560806e+01 2.15398972e+02 2.17457138e+02 2.74849091e+01
 1.32257187e+02 1.83893555e+02 3.88103638e+02 7.70859003e+00
 1.94857235e+01 1.67622924e-01 8.70142555e+00 1.65783020e+02
 3.37159851e+02 1.28440466e+01 1.93608673e+02 1.01925270e+02
 1.34637070e+02 1.50562393e+02 8.13050781e+02 2.53724403e+01
 7.68831406e+01 5.97617722e+01 5.90730286e+00 1.09155245e+01
 1.84716980e+02 2.76827179e+02 6.77368622e+01 2.15872556e-01
 5.81872978e+01 1.87197083e+02 4.58161804e+02 1.26907463e+02
 1.45883331e+02 6.10744572e+00 2.40734367e+01 1.11082672e+02
 1.99355469e+01 5.52739830e+01 2.56948814e+01 9.95018196e+00
 7.33564087e+02 4.09519157e+01 2.21025781e+03 1.14381857e+01
 4.45340973e+02 2.18078018e+02 5.15322542e+00 1.02235670e+01
 1.87773193e+02 3.48031693e+01 3.16845284e+01 4.42194824e+02
 8.51489105e+01 9.20604782e+01 3.59320862e+02 1.00590965e+02
 1.39860411e+01 2.76565208e+01 1.16208482e+00 7.37435913e+01
 1.15052505e+02 1.19852686e+00 2.77812683e+02 5.17223053e+01
 2.33258171e+01 2.97610565e+02 3.46661377e+02 1.10745825e+03],-109.99815,-232.15836,-394.91095,4.3112135,19.35832,1.0611366,0.7859733,0.013434960718154908,6880.215777397156,-0.03923858573354049,0.03365288730876736,-0.04076944159587995,0.0012114358426330194,35.72323087581024,25.099999999996967,0.0,500000.0,-2.0,-1000.0,500.0,6.787719011306763,500000
123.283066,0.14453577,0.43881908,0.018622136,-118.75034,118.75034,[5.0249920e+00 3.3836155e+00 3.7936950e+00 1.4387029e-01 6.8054457e+00
 3.9570196e+00 2.7245656e-02 3.1317062e+00 1.6656079e+00 4.0115201e-01
 2.8810594e-03 5.7276278e+00 3.1508977e+00 7.4848151e-01 5.1553559e+00
 4.3214388e+00 9.0610571e+00 2.5734639e+00 1.7251390e+00 4.8360219e+00
 1.3279356e+00 6.0394092e+00 1.8031634e+00 2.7490053e+00 5.2320004e-01
 2.1700630e+00 9.0854955e-01 1.1466187e+01 1.1250897e+01 1.7230562e+00
 3.0473068e+00 4.6958561e+00 3.1575292e-01 1.9756886e+00 1.5584266e+00
 6.3172188e+00 9.4485986e-01 7.8561783e+00 9.7969544e-01 1.1564641e+00
 1.4006688e+01 1.3716915e+01 3.1641836e+00 3.1174953e+01 2.1321112e-01
 7.9206508e-01 8.3940535e+00 1.9875261e-01 3.0729744e-01 4.1290030e-01
 3.0317671e+00 5.7173944e+00 2.6103511e+00 3.3309808e+00 1.7005585e+00
 5.3692160e+00 1.7873188e+01 2.3277874e-01 3.1719432e+00 6.2284660e+00
 4.8968463e+00 2.4558783e+00 4.3402452e+00 6.0896716e+00 1.6994942e+01
 4.2901093e-01 1.4008608e-01 1.7565339e+00 6.0192451e-02 1.4320196e+01
 2.9060030e+00 5.9937721e-01 7.4922407e-01 2.3643427e+00 1.3892276e+00
 5.1321697e-01 9.4399762e-01 1.6268629e+01 7.7173576e+00 1.0917001e+01
 3.5414380e-01 2.7899413e+00 6.0189150e-02 1.0789204e+01 1.2716799e+01
 2.5990262e+00 1.9294585e-01 2.5478542e+00 9.6336794e+00 5.3053150e+01
 2.1624005e+00 6.3193393e+00 8.1684618e+00 1.9116570e+00 5.3439436e+00
 2.9960757e-01 1.7719167e+00 2.1430054e-01 1.2448482e+01 2.9239502e+00
 1.1808563e+01 3.1040137e+00 1.0751021e+00 2.0024512e+00 2.2581932e-01
 1.2302501e+01 5.0205169e+00 9.5771387e-02 1.1950978e+01 7.3503971e+00
 8.0871654e-01 3.4107189e+00 3.6863345e-01 1.1296507e+01 1.7571281e+00
 4.9273558e+00 4.6817479e-01 4.7983065e+00 4.0696802e+00 2.8399870e+00
 2.0841444e+00 1.0893512e+00 4.6909027e+00 6.0537372e+00 7.5643605e-01
 8.1010208e-02 2.4290031e+01 4.8745160e+00 3.5965929e+00 2.7434570e-01
 4.1201224e+00 6.4405589e+00 2.0000434e+00 6.5651569e+00 2.7374148e-01
 2.0348649e+00 2.6000774e+00 6.4512348e+00 1.9103436e+00 7.7739534e+00
 8.4608755e+00 8.2613497e+00 1.0798545e+01 1.4708027e+01 1.2875161e+00
 3.6917171e-01 2.5427527e+00 2.5910926e+00 8.4825497e+00 3.1821508e+00
 1.9411404e+00 5.3113270e+00 3.7162988e+00 3.3522546e+00 1.8858792e+00
 2.1828110e+00 6.0521126e+00 6.2299013e+00 1.8703450e+00 1.2254999e+01
 3.4601514e+00 3.7055273e+00 8.8351995e-01 6.8596539e+00 2.8182898e-02
 5.0666058e-01 1.5801540e+01 3.8475676e+00 3.2876514e-02 5.0238094e+00
 2.7431188e+00 3.3187866e+00 4.8861632e-01 1.8583947e+00 1.4290165e+01
 1.2587029e-01 6.9156694e+00 8.8360367e+00 7.2524004e+00 5.1989985e-01
 5.4864674e+00 1.5658464e+00 1.9811323e+00 7.2747874e-01 6.4505668e+00
 7.9686394e+00 2.0015845e+00 4.9653988e+00 4.8216686e+00 1.9095335e+01
 2.9169989e+00 2.5345991e+00 6.0623851e+00 8.8985853e+00 1.5482043e+00
 7.0835533e+00 1.8982730e+00 7.8168118e-01 1.7666007e+00 1.0784624e+00
 5.9122462e+00 1.4683940e+00 8.7849092e-01 3.2460604e+00 1.1074612e+01
 1.1519716e+00 1.1127577e+01 6.8924885e+00 9.9647264e+00 6.0341506e+00
 1.0194438e+02 1.7400109e+00 6.9278202e+00 2.5491822e+00 2.1488709e+00
 2.1141315e+00 6.0405741e+00 4.7168121e+00 1.3339536e+00 2.5485201e+00
 2.0746207e+00 3.0009575e+00 4.8244815e+00 9.6817476e-01 5.5232654e+00
 1.1752588e+00 5.0743226e-02 3.6628323e+00 1.0469902e+00 3.4723701e+00
 7.9262099e+00 1.5724962e+00 2.7285078e+00 4.8257017e+00 2.5675933e+00
 7.4671829e-01 4.5603724e+00 2.6060870e-01 1.2174195e+01 1.9287060e+00
 2.4374485e+00 3.7978250e-01 1.1751752e-01 3.3828659e+00 5.1499395e+00
 1.9037630e-01 8.1251162e-01 3.3109510e+00 2.1241155e+00 1.4464989e+01
 2.2586197e+01 1.7890285e+01 1.6599324e-01 5.6380194e-01 3.1225662e+00
 1.3147520e-01],8.050755,[4.22688532e+00 2.83146322e-01 2.16990304e+00 2.41380668e+00
 6.18773365e+00 1.43420362e+00 1.36335335e+01 1.64184082e+00
 7.43554354e-01 7.80319214e+00 4.17679921e-03 7.03367090e+00
 3.00675797e+00 1.29383832e-01 4.09112930e+00 2.13133311e+00
 1.18834305e+00 2.77022314e+00 9.67443705e-01 2.74415398e+00
 6.46803188e+00 4.55846977e+00 6.12165117e+00 3.97953296e+00
 1.74756145e+00 3.26746130e+00 6.48923755e-01 5.18520403e+00
 6.65850210e+00 8.29680443e+00 2.07146072e+00 2.67232084e+00
 1.66769874e+00 1.69948113e+00 1.55760586e+00 1.25108662e+01
 2.72708982e-01 1.50388441e+01 2.06909847e+00 6.57746601e+00
 9.71602440e+00 6.94772816e+00 6.67950213e-02 4.00210495e+01
 1.51501811e+00 1.05135882e+00 9.10298443e+00 1.10236430e+00
 4.88536656e-02 1.88625157e+00 3.04959512e+00 3.24094486e+00
 2.83958721e+00 5.03111553e+00 3.24063206e+00 6.21020794e-01
 2.23289824e+00 5.72164154e+00 1.68673074e+00 1.90763879e+00
 5.25023031e+00 1.24029255e+00 3.92469192e+00 4.09888220e+00
 6.81119728e+00 6.72001660e-01 1.35908753e-01 2.77397442e+00
 3.66328120e+00 1.52852976e+00 2.68890834e+00 1.89772129e-01
 2.05167294e+00 1.24032891e+00 2.24983335e+00 8.17596853e-01
 1.14771986e+01 7.57217288e-01 1.88568001e+01 2.42328450e-01
 1.11414719e+01 1.72824211e+01 1.49686992e-01 6.48116684e+00
 1.97915268e+00 4.49297810e+00 1.03638971e+00 1.47744131e+01
 3.50860286e+00 4.18536072e+01 1.25309789e+00 1.47602737e-01
 1.99338448e+00 1.94768190e+00 2.26588178e+00 8.96064186e+00
 9.26258087e+00 4.89463377e+00 1.64557037e+01 1.62320042e+00
 6.49591923e+00 2.60053182e+00 2.29911351e+00 4.41053391e+00
 1.34318972e+00 1.78319407e+00 5.02069521e+00 1.07849634e+00
 5.41339684e+01 2.56206584e+00 1.42234612e+00 1.58800662e+00
 9.37117100e+00 1.03235760e+01 3.58646059e+00 4.55043316e+00
 3.96591830e+00 1.79518890e+02 6.16727257e+00 4.71295977e+00
 4.17752314e+00 1.42311442e+00 1.85949969e+00 3.88073421e+00
 7.81352282e-01 2.75131427e-02 2.83877029e+01 4.86309099e+00
 2.85605669e+00 1.34289026e+00 2.09755230e+01 1.47650099e+00
 2.59931016e+00 2.87449913e+01 3.00571799e-01 2.73740554e+00
 1.13084812e+01 5.45143187e-02 6.30724812e+00 1.04842591e+00
 8.94331551e+00 1.79489517e+00 4.68521738e+00 6.08164501e+00
 5.46194220e+00 1.95441985e+00 2.27564621e+00 3.41546726e+00
 4.94136047e+01 4.60803509e+00 1.67109287e+00 3.92197132e+00
 2.17098594e+00 3.08500099e+00 8.14072227e+00 4.90009844e-01
 9.83077705e-01 1.25643063e+00 3.02627087e+00 1.64916742e+00
 1.38630219e+01 8.88599968e+00 4.98943627e-01 3.90788994e+01
 6.11292124e-01 1.41590328e+01 2.90119915e+01 7.22120380e+00
 8.25973606e+00 6.04795933e-01 1.81473970e+00 3.77312809e-01
 4.51532125e+00 1.52189207e+00 7.50791883e+00 4.72765803e-01
 1.23316374e+01 4.00404930e-01 3.37011170e+00 2.56836605e+00
 2.12198329e+00 1.52245069e+00 7.45982122e+00 7.01350689e+00
 2.19168353e+00 2.38084960e+00 5.88241100e+00 1.29745493e+01
 4.26364946e+00 5.44779510e+01 1.50480480e+01 1.23794174e+00
 4.18529272e+00 1.70788601e-01 2.35382414e+00 2.33177189e-02
 6.87377882e+00 4.34366798e+00 3.06623197e+00 5.58176470e+00
 3.51143301e-01 2.06002779e-02 8.34669876e+00 5.07840633e+00
 8.40818703e-01 9.21286011e+00 1.58332634e+00 6.54198790e+00
 3.30409932e+00 1.37970848e+01 9.53055344e+01 3.98298383e+00
 6.03492832e+00 2.47836189e+01 8.45375919e+00 2.03294029e+01
 1.66313434e+00 4.38209190e+01 3.83303070e+00 5.50220156e+00
 7.14875221e+00 4.20149231e+00 1.10549402e+00 7.77583003e-01
 5.85750246e+00 2.75176668e+00 9.08974037e-02 6.84627581e+00
 1.18086891e+01 1.72271049e+00 2.42455101e+00 1.69156253e+00
 7.54801083e+00 2.88012123e+00 9.08057785e+00 1.73050613e+01
 1.44141235e+01 4.05215406e+00 8.49678040e+00 1.24084175e+00
 3.06096506e+00 7.84280837e-01 2.60763526e+00 1.62370467e+00
 2.50238729e+00 4.92566198e-01 5.06693006e-01 4.74463558e+00
 1.80189979e+00 3.92736197e+00 1.25050116e+00 1.06239319e+01
 4.43332958e+00 5.22312450e+00 5.46925128e-01 8.21535826e-01],-51.843956,-148.45795,-400.0,1.8218238,3.8467698,0.96168196,0.65742,491.95572,-182.28767,1771.2122,199.10704,0.5716686,0.58483565,0.09808974,-192.68701,192.68701,[2.80460720e+01 1.09391931e+03 5.08550262e+01 5.00200119e+01
 1.58273346e+02 1.36373577e+01 9.53423462e+01 3.96845306e+02
 1.31571802e+03 4.48379297e+03 5.19430199e+01 4.40526962e+01
 2.68803223e+02 1.69126701e+01 1.70615021e+02 3.51925446e+02
 1.52657562e+02 8.48465824e+00 4.31153679e+01 3.19513965e+03
 3.80269440e+02 2.75598145e+01 1.70854340e+02 8.85025263e-01
 5.54181862e+00 4.28872070e+02 3.68124352e+01 8.51056671e+01
 1.37100494e+02 1.28740952e+02 7.50453339e+01 1.39242935e+00
 1.14871231e+02 1.08233055e+02 4.33240242e+01 1.52343887e+02
 1.53098183e+01 3.57762146e+01 8.84127502e+01 6.44210266e+02
 2.15343018e+01 7.20859070e+01 1.01953773e+01 5.58390656e+01
 2.83207684e+01 2.40315979e+02 1.98452930e+01 6.32927094e+01
 5.86857681e+01 9.25664597e+01 2.02465576e+02 7.01762817e+02
 1.23576492e+02 8.84471741e+01 2.67001033e+00 1.19521814e+03
 1.04156105e+02 7.58875704e+00 5.96616699e+02 7.66340399e+00
 1.79082108e+01 5.02956314e+01 8.74016876e+01 6.78555847e+02
 6.29971161e+01 2.16226044e+01 1.42366753e+01 2.35041046e+02
 3.19209534e+02 1.68855804e+02 3.37760712e+02 1.14980850e+01
 4.40979706e+02 3.97816620e+02 4.90239258e+02 1.16471357e+01
 2.21361427e+01 8.05159302e+01 7.68978729e+01 6.85319290e+01
 1.36127644e+01 1.98990796e+03 1.01244869e+01 2.15434265e+02
 1.40714133e+00 2.02178070e+02 2.74424820e+01 1.32631372e+03
 7.74576874e+01 7.22839783e+02 4.25948143e+00 7.59967270e+01
 9.57966003e+01 4.76103210e+01 5.34584770e+01 7.83565735e+02
 3.22928848e+01 7.07129097e+00 4.01812378e+02 2.40950241e+02
 2.77601624e+02 4.66522369e+02 9.77994442e-01 1.68469410e+01
 3.70053253e+01 8.76173878e+00 1.04016553e+03 4.55215874e+01
 7.35352356e+02 1.86034134e+02 3.36270447e+02 2.14540024e+01
 1.49348907e+02 5.34105072e+01 2.12923622e+00 4.10757935e+02
 5.15937614e+00 3.12649200e+02 5.50988403e+02 2.23805664e+02
 1.35565891e+01 4.74503815e-01 1.54784195e+02 3.82261734e+01
 1.16511703e+00 2.79641914e+01 9.96782227e+01 4.88182434e+02
 4.20434618e+00 2.80499695e+02 1.01172981e+01 9.00140625e+02
 5.45517159e+01 7.45955933e+02 8.46244736e+01 1.00174217e+02
 2.31047668e+02 3.53779938e+02 2.17801834e+02 4.29589331e-01
 2.52625464e+03 1.98897476e+01 2.84361534e+01 1.69032547e+02
 1.74765228e+02 5.44770479e+00 3.32995758e+02 8.16736633e+02
 7.21089077e+00 7.12445221e+01 3.98235229e+02 1.74103357e+03
 2.17008367e-02 2.32986191e+02 2.20689972e+02 5.61847458e+01
 2.44059143e+02 3.22582764e+02 7.36934509e+02 7.17367249e+01
 7.34579945e+00 6.35769897e+02 2.25639114e+02 4.62366852e+02
 2.02447006e+02 1.00755453e+00 1.29362679e+00 3.99150238e+01
 2.35409698e+01 1.10005959e+02 2.78998871e+02 3.97927307e+02
 3.63254666e+00 5.84295731e+01 2.23536575e+02 1.79404358e+02
 1.09513573e+02 1.02802727e+02 1.60473267e+02 7.90069342e+00
 8.88974609e+01 8.34500611e-01 4.66117325e+01 2.87655048e+01
 7.12260010e+02 8.82517219e-01 1.23080139e+02 8.31276398e+01
 1.23240532e+02 2.99469666e+02 7.00259933e+01 1.34236870e+01
 1.40709162e+00 4.19198799e+00 3.39503754e+02 4.48094559e+01
 1.01042944e+03 1.79304297e+03 1.94073620e+01 7.78096558e+02
 9.58886490e+01 3.94906693e+01 2.19819901e+02 1.48760364e+03
 7.89720154e+02 5.33120804e+01 6.63612289e+01 1.44169220e+02
 6.74117355e+01 1.80633602e+01 1.66654077e+03 2.31418347e+00
 2.06421623e+01 5.51147804e+01 8.19884186e+01 1.17082336e+02
 2.96406067e+02 8.55449662e-02 2.19663124e+01 8.83678055e+01
 3.09812660e+01 2.46142896e+03 2.74220867e+01 2.02105270e+02
 2.46519756e+00 2.59414258e+03 2.77794946e+03 6.73334045e+01
 8.71144165e+02 8.03362579e+01 8.50799408e+01 4.88790070e+02
 1.63504448e+01 1.94781704e+01 3.40739197e+02 2.34363327e+01
 8.40932922e+01 3.15734253e+01 9.48402500e+00 5.77832413e+00
 8.10704956e+01 2.24207439e+01 1.92944794e+02 7.08046246e+00
 3.41101868e+02 8.66109276e+00 4.28320312e+02 3.97737427e+01
 2.48051193e+02 1.05699020e+02 4.98229523e+01 5.23723335e+01
 3.98662659e+02 3.57627472e+02 3.32043652e+03 5.92550812e+01],467.8473,[2.82808723e+01 1.48182532e+03 2.51480255e+01 2.37464279e+02
 1.61523376e+02 1.72411976e+01 8.89534950e+00 3.48443939e+02
 1.81792358e+03 8.23821582e+03 3.38661766e+01 4.08040733e+01
 3.76197723e+02 1.26177483e+01 2.86204773e+02 3.45994934e+02
 1.13540504e+02 2.08347492e+01 2.57928963e+01 5.70461230e+03
 1.12886551e+02 3.11667213e+01 2.55397549e+01 6.33067036e+00
 4.33242273e+00 2.98103485e+02 1.23785267e+01 9.28781204e+01
 3.32204376e+02 1.99471954e+02 6.24544373e+01 5.57915258e+00
 1.27611687e+02 9.57409668e+01 5.35998917e+01 1.37623398e+02
 3.91215730e+00 4.87304153e+01 1.20755424e+01 1.32211975e+03
 8.19481182e+00 5.85755873e+00 1.52222900e+01 9.70764351e+00
 1.95710793e+01 2.40188873e+02 2.54384632e+01 2.82675293e+02
 7.30658340e+01 9.73084259e+01 2.37966446e+02 7.18199768e+02
 2.29789246e+02 1.13873642e+02 1.38410816e+01 1.21280322e+03
 8.80176773e+01 1.02472572e+01 7.17966309e+02 3.79942250e+00
 1.22121742e+02 8.61539936e+00 1.59197121e+01 5.75016357e+02
 1.28194065e+01 7.95289154e+01 5.41427612e+00 2.66044830e+02
 2.71980286e+02 4.02341705e+02 2.63272762e+01 2.72663898e+01
 2.41199970e-01 3.11086731e+02 4.52771973e+02 1.20737801e+01
 6.28370667e+01 5.74177780e+01 2.12518677e+02 2.85153465e+01
 2.60095626e-01 2.91261353e+03 1.40752017e+00 7.40309982e+01
 1.61231232e+01 2.66975498e+01 2.29808540e+01 1.18084412e+03
 4.33263130e+01 9.08130920e+02 2.25841141e+00 4.46398849e+01
 1.67640328e+00 1.61819148e+00 4.36722755e+00 9.53791565e+02
 2.31038780e+01 5.64534235e+00 3.79009857e+02 2.65834408e+01
 7.32230148e+01 1.90856064e+02 1.47260141e+01 3.55242550e-01
 3.68786774e+01 1.09055023e+01 8.12981201e+02 3.91730249e-01
 2.84310760e+02 1.46339752e+02 3.46703552e+02 1.02468281e+01
 6.19016495e+01 9.45086193e+00 1.13015997e+00 4.49957703e+02
 6.99292898e+00 3.85921722e+02 5.40261475e+02 1.86613541e+02
 7.09188766e+01 1.49837732e+00 1.48024948e+02 7.30000436e-01
 9.70818901e+00 2.42238598e+01 6.73815460e+01 4.48598999e+02
 5.85300589e+00 2.74362671e+02 9.72054863e+00 7.94872513e+01
 1.38240757e+01 7.56938232e+02 8.24544678e+01 9.99165192e+01
 2.31327866e+02 2.75806366e+02 9.71617584e+01 1.20966635e+01
 2.13053894e+00 3.24646111e+01 1.25111961e+01 2.30032242e+02
 1.92099197e+02 5.16742325e+00 2.86280914e+02 3.33406281e+02
 6.18209696e+00 5.25690973e-01 3.77869019e+02 1.47517737e+03
 3.18266726e+00 4.41211777e+01 2.06842804e+02 1.11864853e+02
 2.66153107e+02 2.67914764e+02 7.37474243e+02 3.38091927e+01
 8.93570423e+00 7.00704102e+02 2.32487061e+02 1.17689495e+01
 1.62617203e+02 8.97856474e-01 1.71996098e+01 3.71171799e+01
 2.44491005e+01 7.89446945e+01 7.65949535e+00 1.03474283e+01
 2.65531502e+01 4.41326828e+01 2.03229660e+02 2.04694397e+02
 1.07143341e+02 1.42175751e+02 6.70327301e+01 1.34182682e+01
 1.61696609e+02 8.15873909e+00 9.45291367e+01 5.72918282e+01
 7.17393494e+02 6.70054793e-01 1.24971329e+02 4.70459785e+01
 1.48041214e+02 2.36065788e+01 6.59721222e+01 5.84093246e+01
 4.21903181e+00 2.44849777e+00 3.07617279e+02 3.11593742e+01
 9.46127197e+02 2.01098303e+03 9.27005157e+01 2.22466003e+02
 1.85986542e+02 3.74670296e+01 2.16145782e+02 1.70099768e+03
 1.09257678e+03 5.12641716e+01 9.39975586e+01 1.42075623e+02
 3.67731018e+01 1.70077000e+01 1.24618797e+02 8.55682983e+01
 1.20991440e+01 2.64654007e+01 1.26936150e+00 7.34051056e+01
 1.68918015e+02 6.37307930e+00 1.70261497e+01 5.55225601e+01
 3.18427505e+01 2.05345020e+03 4.54916179e-01 1.54361588e+02
 2.57416534e+00 1.27946423e+03 2.59553711e+03 6.86616135e+00
 5.97021851e+02 7.75280228e+01 3.17245293e+01 1.53814194e+02
 3.70170546e+00 6.56820917e+00 2.76159454e+02 1.66956902e+01
 1.30044050e+01 3.22383003e+01 1.81068668e+01 7.34699678e+00
 3.48989410e+02 3.71393204e+01 1.83899582e+02 1.66576096e+02
 3.85762177e+02 1.27109194e+01 7.69161926e+02 8.25471344e+01
 1.91510010e+02 3.92510605e+01 3.29348063e+00 4.75074997e+01
 3.76154083e+02 5.51999207e+02 3.65093079e+02 7.09048309e+01],-103.530045,-217.64362,-392.07172,4.053772,23.635433,1.0509107,0.7782349,0.014073032703399659,7232.041613578796,-0.0032261069620122163,-0.10061044010448464,-0.0070541399665365895,-0.06946929344332471,21.14885652631494,25.099999999996967,0.0,525000.0,-2.0,-1000.0,500.0,6.718645095825195,525000
121.36205,0.14837918,0.43839094,0.016986197,-116.829765,116.829765,[1.20933127e+00 7.84290123e+00 7.89826965e+00 2.10182905e+00
 1.22648287e+00 3.90961975e-01 1.38442059e+01 2.47861123e+00
 6.43528509e+00 1.35812521e+01 7.16870666e-01 2.94980288e+00
 6.75339341e-01 1.43187976e+00 2.80268936e+01 3.32903051e+00
 2.86767340e+00 2.61085242e-01 7.24544048e+00 1.69067681e+00
 2.71154737e+00 1.12120271e+00 1.26345646e+00 1.22415524e+01
 1.76857829e+00 9.06172562e+00 9.79490578e-02 1.52140486e+00
 2.37541590e-02 1.69526172e+00 4.33258343e+00 6.14311695e-02
 2.36796880e+00 3.87010455e+00 6.78242874e+00 8.66844463e+00
 1.54819465e+00 8.35596383e-01 3.77116680e+00 5.76466846e+00
 2.25960755e+00 3.22845268e+00 2.01996303e+00 1.88615084e+00
 3.46964860e+00 8.92474747e+00 8.66806126e+00 3.63933563e+00
 5.66824749e-02 1.40445721e+00 3.79403472e-01 2.96664596e-01
 6.20099020e+00 1.99663556e+00 3.63753080e+00 5.77797365e+00
 5.11470461e+00 3.27447224e+00 4.03862906e+00 7.05016702e-02
 2.60390115e+00 1.34059846e+00 3.10369968e+00 6.69476807e-01
 1.22199688e+01 2.51996803e+00 3.46660423e+00 1.55853808e+00
 2.33139563e+00 6.99785829e-01 8.57961178e-01 1.27251387e+00
 5.99355507e+00 5.59511566e+00 4.68757868e+00 2.90163660e+00
 3.48671031e+00 1.70065790e-01 2.42929673e+00 1.90134668e+00
 4.90153885e+00 3.72018361e+00 1.91455860e+01 2.22016740e+00
 4.87910891e+00 1.04573202e+00 1.30503428e+00 3.86620808e+00
 6.07236087e-01 5.94460249e+00 2.84101048e+01 5.16348362e+00
 1.54075515e+00 5.60434498e-02 1.03228533e+00 1.96988046e+00
 4.36548090e+00 8.57436085e+00 9.37503147e+00 4.18139744e+00
 5.35318218e-02 2.39191365e+00 4.24349251e+01 2.41262412e+00
 6.17743111e+00 3.11164141e-01 3.66330290e+00 1.83339143e+00
 1.63323343e+00 2.41517377e+00 4.97322750e+00 3.96774888e+00
 9.21286583e-01 8.78810883e+00 1.88768601e+00 1.33691626e+01
 1.76246548e+00 1.89205921e+00 9.88651693e-01 1.14968777e+00
 5.86852312e-01 8.34720802e+00 4.59645557e+00 1.62209201e+00
 5.20110464e+00 5.33934891e-01 6.29586935e+00 7.33174562e+00
 2.58812904e+00 5.60414648e+00 4.46192837e+00 4.26848698e+00
 1.24677563e+01 6.78199753e-02 1.06377322e-02 5.98528944e-02
 3.78667736e+00 2.24948978e+00 7.30644107e-01 3.63236964e-01
 9.41247940e-01 4.70969772e+00 3.12803316e+00 6.59770203e+00
 5.15310526e-01 4.18649006e+00 6.92571926e+00 1.73591583e+02
 4.39599609e+00 4.64359820e-01 4.41889226e-01 1.84696884e+01
 2.89064825e-01 5.16776681e-01 2.66954136e+00 2.48470616e+00
 1.00149012e+00 1.06538038e+01 1.88478943e+02 1.07762671e+00
 3.21245766e+01 8.71362686e+00 4.79469448e-01 5.59889507e+00
 6.18361330e+00 2.02668524e+00 1.22237873e+00 2.88492441e-02
 1.95973933e+00 2.48464704e+00 1.01970196e+00 1.75514674e+00
 2.96966124e+00 5.88221550e+00 9.65835378e-02 2.73892045e+00
 5.83439159e+00 1.61306417e+00 1.09412346e+01 1.86627567e+00
 7.17543781e-01 2.54969120e+00 6.25051022e+00 5.96636581e+00
 7.15097094e+00 8.47638607e+00 1.65201366e+00 3.37093949e-01
 1.51357961e+00 6.07176304e+00 7.40376759e+00 8.90250015e+00
 1.29965079e+00 6.65058494e-01 3.43902802e+00 6.88004208e+00
 5.20262671e+00 2.75626874e+00 3.46048260e+00 2.48751068e+00
 5.10787725e-01 9.67601061e-01 1.82917273e+00 3.49113560e+00
 4.79961014e+00 5.15540504e+00 2.94946581e-01 4.67442036e+00
 3.39627080e-02 1.98048139e+00 2.02974707e-01 1.89568686e+00
 2.21333046e+01 1.09075069e+01 9.64671326e+00 4.14260149e+00
 1.76705748e-01 1.11416283e+01 4.37340117e+00 8.26942176e-02
 5.35963869e+00 2.14737821e+00 1.58925140e+00 6.25924468e-01
 4.83486748e+01 3.95375401e-01 1.05788030e-01 1.23347759e-01
 6.70727015e-01 9.30979609e-01 5.38176346e+00 8.52231121e+00
 1.44716568e+01 6.84050083e-01 4.77858257e+00 5.15047359e+00
 4.76176834e+00 4.19377923e-01 1.66489208e+00 3.67976367e-01
 1.04491524e-01 1.43447609e+01 2.25377417e+00 2.16690969e+00
 7.81719303e+00 4.93472385e+00 1.92718649e+00 7.23064542e-01
 1.61437225e+00 7.10790062e+00 1.26608467e+01 1.30838931e+00
 3.18079877e+00 3.48979998e+00 1.49179780e+00 1.05278242e+00],7.7194495,[4.17059138e-02 5.92291772e-01 4.85341454e+00 3.57307166e-01
 1.75948668e+00 1.27229661e-01 1.51720002e-01 3.98929262e+00
 1.22146440e+00 1.38579381e+00 1.04003704e+00 6.78330898e+00
 1.10068531e+01 2.73920631e+00 6.37799883e+00 2.13347244e+00
 3.16174293e+00 2.29537904e-01 1.53955150e+00 2.55658293e+00
 3.19215775e+00 2.30456305e+00 5.15763474e+00 1.46537769e+00
 1.81320322e+00 2.80058599e+00 1.60676742e+00 5.73078728e+00
 2.30387115e+00 3.57378811e-01 3.30036402e+00 4.87622786e+00
 5.46297789e+00 3.25722384e+00 8.45278740e+00 1.50554681e+00
 1.89093447e+00 9.16691017e+00 7.39311635e-01 2.22350883e+00
 3.04217130e-01 4.57404613e+00 3.03976488e+00 2.08206344e+00
 3.87223291e+00 5.57898700e-01 5.49402142e+00 6.31416321e+00
 2.85829604e-03 3.63481188e+00 1.00491428e+00 2.37977102e-01
 3.17194486e+00 8.27516913e-01 3.43142605e+00 1.84092864e-01
 7.44561076e-01 8.19726706e-01 4.05770493e+00 1.73991227e+00
 4.73369122e+00 9.92875695e-01 5.11204720e+00 3.57925385e-01
 4.47323442e-01 2.85482216e+00 1.14519062e+01 3.29852295e+00
 4.19415236e+00 1.77376002e-01 5.68862796e-01 2.30655956e+00
 1.14409220e+00 9.49938715e-01 5.59656429e+00 6.08328295e+00
 2.52512908e+00 2.02206755e+00 2.19687438e+00 3.58902246e-01
 1.17267537e+00 5.62547588e+00 1.89847946e+01 5.54885292e+00
 2.26957631e+00 7.31949425e+00 4.46677303e+00 4.99463081e+00
 1.44249260e+00 6.49368107e-01 5.73992682e+00 2.39283685e-02
 7.11142302e+00 5.29036236e+00 2.96425670e-01 4.01263571e+00
 8.49863625e+00 3.01004338e+00 8.23947191e-01 1.05311894e+00
 4.11815071e+00 4.16400194e+00 1.56336222e+01 2.75380373e+00
 1.95696235e+00 1.21281137e+01 4.60483372e-01 2.85669494e+00
 2.44349718e+00 2.05037642e+00 2.25796628e+00 1.60856271e+00
 7.81193301e-02 1.03088689e+00 1.63110495e+00 5.14866209e+00
 8.08980179e+00 4.80540514e+00 2.28326368e+00 8.34030247e+00
 3.68356371e+00 2.55078822e-01 8.33466530e+00 2.20192760e-01
 1.49730539e+00 8.69341564e+00 4.08754766e-01 1.79505599e+00
 1.78471482e+00 2.16539288e+00 1.66707027e+00 3.00494242e+00
 5.08684814e-01 1.36171773e-01 1.91069432e-02 5.39624500e+00
 2.31302357e+00 1.71340251e+00 5.89724109e-02 1.29621661e+00
 2.52791619e+00 4.32429218e+00 2.49866142e+01 1.99292684e+00
 3.82904911e+00 2.87850451e+00 1.61163063e+01 1.47048889e+02
 1.61942863e+00 3.35341406e+00 2.67934823e+00 9.72417450e+00
 7.19742584e+00 8.79477882e+00 3.10244942e+00 1.12360411e+01
 1.08771764e-01 1.26355588e+00 1.79374741e+02 3.01149058e+00
 5.08009374e-01 2.00200930e-01 5.28187561e+00 8.53152180e+00
 1.29871969e+01 2.23543692e+00 4.26374245e+00 1.52840704e-01
 7.07831144e-01 2.63341904e+00 1.06468332e+00 9.46827030e+00
 4.70400047e+00 2.91949606e+00 2.46774465e-01 9.22636318e+00
 5.22941291e-01 2.56487346e+00 1.90204513e+00 2.29310799e+01
 5.16001225e-01 4.91111135e+00 1.97490883e+00 3.43443251e+00
 2.03291583e+00 3.42721510e+00 6.91635323e+00 2.43365809e-01
 6.86199999e+00 1.02068162e+00 2.71506958e+01 2.91073108e+00
 2.26804519e+00 5.32231236e+00 2.33844495e+00 2.85596824e+00
 3.12565308e+01 4.49274349e+00 2.54501390e+00 1.22002106e+01
 4.28997576e-01 5.19048460e-02 9.73767266e-02 9.87393951e+00
 2.01488823e-01 4.88390923e+00 4.63425398e+00 8.12714219e-01
 1.89960934e-02 1.50609970e+00 1.77022487e-01 8.02263260e+00
 2.60062313e+01 3.93171620e+00 2.79918146e+00 1.49342251e+00
 2.97647548e+00 1.84385071e+01 2.45282149e+00 1.40168369e-01
 1.61788332e+00 1.32146597e+01 6.39304066e+00 6.90492010e+00
 2.32340050e+01 4.75816059e+00 6.88166738e-01 2.49510184e-01
 7.00670958e-01 4.17083406e+00 2.89911270e-01 8.98502469e-01
 3.14795113e+00 3.19929457e+00 8.76104385e-02 1.27219391e+00
 1.28468907e+00 2.01589465e+00 2.95607734e+00 3.01874352e+00
 2.72952175e+00 4.18699741e-01 4.08665085e+00 6.85440493e+00
 7.72516441e+00 6.22430038e+00 3.96146393e+00 4.48409587e-01
 6.02883005e+00 3.92012334e+00 1.26036179e+00 2.76636660e-01
 7.24550068e-01 4.53129625e+00 7.30122626e-02 5.10387516e+00],-57.42781,-150.57474,-400.0,1.8093644,15.084585,0.9048337,0.64804125,234.02493,-338.65515,1259.4377,179.14925,0.68933433,0.5128252,0.10993504,-173.33167,173.33167,[1.80590164e+02 5.69120064e+01 6.18699379e+01 2.03615875e+01
 1.32565869e+03 5.77131729e+01 3.93222412e+02 4.49890251e+01
 1.12189350e+01 6.61737671e+01 4.51481628e+02 1.37156019e+01
 1.41767578e+02 3.67433044e+02 2.45057949e+04 2.82332031e+02
 3.76940193e+01 3.79884033e+02 1.60416718e+02 8.02941971e+01
 2.97352002e+03 8.04747314e+01 1.06782973e+00 9.56034790e+02
 1.95488014e+01 1.51747370e+01 4.78515472e+01 6.29796082e+02
 5.75096664e+01 1.46785021e+00 3.66139145e+01 1.18348007e+02
 3.03790140e+00 1.10917625e+01 9.03473755e+02 1.78409851e+02
 3.26230377e+02 9.77892838e+01 2.64556152e+03 1.46843185e+02
 2.98266163e+01 1.46457642e+02 1.50176270e+02 3.06256836e+02
 1.44618635e+01 2.26637554e+00 8.91135025e+00 1.19339287e+00
 2.56563477e+02 2.73853207e+01 1.94304840e+02 9.53199997e+01
 1.70262051e+01 5.45867882e+01 5.33915939e+01 8.01161880e+01
 1.53748627e+02 6.04500610e+02 5.35222046e+02 5.76585007e+01
 1.87638359e+01 1.75533539e+02 7.16371613e+01 6.65547028e+01
 1.11651665e+02 5.68630562e+01 1.23561060e+03 1.05049992e+01
 7.35611450e+02 2.13924902e+03 2.52594543e+00 2.37758923e+01
 4.30558319e+01 2.72757904e+02 1.08964844e+01 1.35822617e+02
 9.15322266e+01 3.42080811e+02 6.18323608e+02 3.00065247e+02
 1.70048370e+02 1.31526985e+01 2.02143539e+02 1.18814907e+01
 7.23703308e+01 1.62326035e+02 5.84479294e+01 3.23315369e+02
 2.78314743e+01 5.44713593e+01 1.13198572e+03 3.03856945e+01
 1.32262611e+01 1.20506496e+01 2.50221682e+00 6.62233124e+01
 8.81687641e+00 4.52565842e+01 1.27895660e+02 3.70874939e+01
 1.37914429e+02 2.61247620e+02 2.02883301e+01 6.20247116e+01
 7.50685349e+01 5.03685837e+01 1.67301235e+01 6.79782181e+01
 2.10905495e+01 1.66659256e+02 8.86827271e+02 1.91634875e+03
 2.94814911e+01 1.48891914e+00 6.27477341e+01 7.65813255e+00
 4.89031281e+02 9.56900330e+01 5.89956045e+00 5.34874229e+01
 4.68785334e+00 7.33620987e+01 1.51181641e+01 3.52722931e+02
 3.10843468e+01 8.75851379e+02 2.14534492e+01 1.68204559e+02
 8.95490265e+00 5.06593399e+01 1.52950220e+01 3.43690247e+02
 7.56142578e+02 2.11512497e+02 1.33211575e+01 6.85181046e+01
 1.07398730e+03 9.68883705e+00 1.01252594e+01 7.91084051e+00
 1.52076828e+02 2.74523285e+02 3.30487895e+00 1.24865513e+01
 1.32177261e+02 2.05531876e+02 6.83150959e+00 7.18064976e+00
 1.90239563e+02 2.54254456e+02 7.32744873e+02 9.82727051e+01
 1.78262543e+02 3.02622585e+01 1.64250374e+01 2.34106960e+01
 1.60557846e+02 5.40829773e+02 7.65287231e+02 5.09099121e+01
 2.22104149e+01 1.13663338e+02 7.94848877e+02 3.26098747e+01
 8.76574631e+01 5.17529607e-01 1.17111702e+02 7.79161644e+00
 5.90180206e+00 1.74077576e+02 8.33008362e+02 1.53462662e+02
 2.41502594e+02 8.86846008e+01 1.02770889e+02 5.60945797e+00
 5.84031754e+01 1.09538528e+02 2.27026558e+01 8.86926498e+01
 3.01105042e+02 1.15586639e+02 8.32169056e+00 1.62453327e+01
 4.77094460e+01 8.70763242e-01 2.61169791e+00 1.99244568e+02
 3.18066444e+01 2.27149162e+01 1.31380066e+02 4.61042099e+01
 5.44354309e+02 8.51084824e+01 1.18245306e+01 9.14452209e+02
 2.88994141e+01 3.79666443e+01 6.81167650e+00 5.04663025e+02
 1.39763672e+02 4.98966095e+02 1.86057678e+02 1.03789139e+01
 1.72291046e+02 2.80377197e+01 5.05724915e+02 4.32459869e+01
 1.23422470e+01 7.07601395e+01 2.44573059e+01 1.85972023e+00
 8.46535416e+01 9.43822289e+00 6.38202026e+02 1.39811432e+02
 5.33986755e+02 1.31643753e+02 9.09092331e+01 2.54642261e+03
 3.77044601e+01 6.82542562e-01 7.29085312e+01 1.20265989e+01
 2.38805599e+01 1.11211987e+01 2.19064865e+01 1.39885437e+02
 4.58633453e+02 7.20312576e+01 6.97597504e+01 1.04320715e+03
 7.66621094e+01 9.70928669e+00 5.44604150e+03 5.32087173e+01
 8.37326965e+01 2.73085327e+01 6.90677071e+00 2.42234154e+01
 3.48577919e+01 5.35353775e+01 4.25288486e+00 3.30835297e+02
 3.35514526e+02 2.16783432e+02 7.28216019e+01 7.52883224e+01
 2.53819519e+02 1.32878256e+01 1.60447830e+02 3.10700874e+01
 2.01992432e+02 9.03860283e+00 7.48850060e+00 8.16130371e+02],561.6228,[8.96216583e+01 5.16487312e+01 2.41971931e+01 4.04411926e+01
 1.44883875e+03 4.65546112e+01 6.75305542e+02 6.52509308e+01
 1.67680397e+01 6.53172150e+01 4.34265106e+02 2.55336151e+01
 1.35914536e+02 4.25237213e+02 3.50173359e+04 4.38819427e+01
 3.72663422e+01 8.71891327e+01 2.51726127e+00 7.87015457e+01
 2.48473015e+01 7.53883514e+01 1.57537460e+01 9.08186035e+02
 2.03430672e+01 1.94690838e+01 3.28707619e+01 6.80193420e+02
 4.15264931e+01 1.11713820e+01 2.40035572e+01 1.13383301e+02
 5.09140549e+01 3.82304192e+01 1.59331024e+02 1.75028152e+01
 3.10625275e+02 3.33876381e+01 2.48524512e+03 2.35884323e+02
 2.25919323e+01 1.09807434e+02 1.51399475e+02 2.41007721e+02
 2.43597012e+01 8.05380058e+00 1.31811314e+01 3.09347844e+00
 3.00561340e+02 9.52275658e+00 2.74500427e+02 4.96869965e+01
 2.29078789e+01 5.22622757e+01 1.49816380e+01 1.93267349e+02
 1.31182526e+02 1.39172773e+01 6.80347107e+02 4.43911819e+01
 9.09723878e-01 1.97205841e+02 2.65687775e+02 6.07890205e+01
 3.25614471e+01 3.61006165e+01 1.42562866e+03 6.99574432e+01
 7.63922729e+02 4.31821259e+02 7.79437590e+00 2.76249790e+01
 7.00520849e+00 2.22383514e+02 3.24032860e+01 9.61233749e+01
 9.22417526e+01 7.35590515e+01 6.40156311e+02 8.35260437e+02
 2.10568970e+02 1.46941242e+01 2.87577148e+02 1.18060379e+01
 9.55579300e+01 4.30247681e+02 6.04282188e+01 2.49413849e+02
 2.87812424e+01 5.85169144e+01 1.98557404e+02 6.00560999e+00
 1.32068738e-01 2.23682766e+01 7.47563219e+00 4.91032410e+01
 4.32867889e+01 4.39855843e+01 1.37743591e+02 2.29952278e+01
 1.75919708e+02 2.65358582e+02 9.35620022e+00 6.36578484e+01
 2.02922150e+02 4.93103218e+01 3.21545601e+01 5.33317871e+01
 4.06961098e+01 1.69694473e+02 5.11776306e+02 1.65353699e+03
 3.46064529e+01 6.88395798e-01 7.59972382e+01 9.22625446e+00
 6.48244446e+02 9.85612183e+01 2.69558525e+00 1.04815140e+02
 2.51540613e+00 7.65177689e+01 4.72464752e+00 2.58872375e+02
 2.59852618e-01 9.43427612e+02 3.54112091e+01 2.55428162e+02
 4.00126724e+01 3.85909882e+01 3.86217041e+01 3.54806763e+02
 7.36898804e+02 1.91983810e+02 5.96737087e-01 1.20011436e+02
 5.28783752e+02 2.99538918e+01 2.02656507e+00 8.42990398e+00
 1.96557724e+02 2.98515564e+02 4.16568327e+00 2.84716930e+01
 9.23852615e+01 2.35679245e+02 8.73287678e+00 7.46668863e+00
 1.00793171e+01 2.77074463e+02 7.08855225e+02 4.00989819e+00
 1.64429947e+02 2.69902897e+01 8.68104172e+00 1.63612986e+00
 7.48228302e+01 4.76243652e+02 4.38929260e+02 2.80700195e+02
 1.43709297e+01 9.51640778e+01 1.84305786e+02 3.30956268e+01
 5.84459572e+01 6.53853512e+00 8.75630569e+01 1.42072546e+00
 3.86622276e+01 1.43543444e+01 5.58908447e+02 9.83266373e+01
 2.06066376e+02 3.32647777e+00 1.00854118e+02 1.41378736e+01
 4.24217110e+01 8.59412384e+01 1.83610761e+00 7.62658310e+01
 4.48657806e+02 3.21174042e+02 1.38916636e+01 3.64407110e+00
 4.14338493e+01 1.40015335e+01 2.33860731e+00 6.85061798e+01
 2.94847775e+01 2.52528839e+01 1.34273788e+02 3.30196419e+01
 5.88217896e+02 9.68695908e+01 1.58713436e+01 1.98442322e+02
 2.24644756e+01 5.12133713e+01 2.43350868e+01 4.25442200e+02
 1.11877960e+02 3.78999695e+02 2.94817932e+02 4.82470436e+01
 2.07697800e+02 3.60421562e+01 6.14618301e-01 1.07710320e+02
 1.37887354e+01 6.37029991e+01 3.19885559e+01 2.17592278e+01
 6.67310333e+01 1.19601095e+00 6.67415771e+02 8.47476387e+00
 7.96787964e+02 1.26606514e+02 2.72037239e+01 1.71105273e+03
 3.76621933e+01 3.54345703e+00 7.32517624e+01 2.56355991e+01
 4.13279648e+01 2.12530670e+01 1.56806622e+01 3.06015289e+02
 3.07382984e+01 1.92177601e+01 7.33497620e+01 6.26650757e+02
 1.15094238e+02 7.79284382e+00 4.36233350e+03 6.12804565e+01
 5.43130066e+02 2.26647520e+00 2.10761800e-01 2.95966263e+01
 2.80650826e+01 2.08823586e+01 8.92521000e+00 3.41766846e+02
 3.82037201e+01 4.35676270e+01 6.72459564e+01 1.40817398e+02
 6.13385887e+01 1.75965786e+01 1.29360291e+02 4.37795868e+01
 3.25401039e+01 1.01891670e+01 1.44281788e+01 1.68157257e+02],-100.86496,-195.89586,-367.91333,3.7301965,14.248428,1.376652,0.76644194,0.013394595546722413,7566.9065198898315,-0.03197250581493807,-0.13735474609499898,-0.04021587623994146,-0.1340649564530283,-0.5036252481187564,25.099999999996967,0.0,550000.0,-2.0,-1000.0,500.0,6.667520046234131,550000
125.0621,0.18852265,0.44258118,0.023382483,-120.44777,120.44777,[7.85984421e+00 2.10739660e+00 3.94512749e+00 3.32844162e+00
 1.00020456e+00 1.14676505e-01 4.05552387e-01 9.94533658e-01
 2.36820507e+00 2.69295096e-01 6.42285272e-02 3.32131386e+00
 4.49464679e-01 6.68705177e+00 8.17997992e-01 1.83522165e+00
 3.34006739e+00 2.78722048e+00 2.53103113e+00 9.30225328e-02
 1.79016800e+01 8.83346844e+00 8.19380188e+00 1.43072903e-01
 1.18646383e+00 2.54513383e+00 2.21416092e+00 3.60354638e+00
 4.32537651e+00 3.79983592e+00 5.91679335e+00 2.84507251e+00
 1.80118930e+00 1.65022865e-01 1.37148845e+00 5.93140125e+00
 1.46432600e+01 1.11580586e+00 1.07010221e+00 1.52554914e-01
 2.54494929e+00 1.19989753e+00 2.76542693e-01 2.52902818e+00
 3.66014266e+00 2.27777243e-01 8.78338623e+00 8.71754169e-01
 8.21302176e-01 5.06228495e+00 1.06826353e+00 6.16932201e+00
 5.12385309e-01 3.20576382e+00 6.19951010e+00 7.38945007e+00
 2.21845818e+00 6.43101990e-01 4.15474625e+01 6.25584745e+00
 7.79930949e-01 3.61425757e-01 2.88266335e+01 2.15836334e+00
 4.31484699e+00 2.32672501e+00 2.44990587e+00 2.89243162e-01
 2.27004838e+00 1.09274171e-01 2.34857917e+00 3.03002977e+00
 7.05081034e+00 1.22453332e+00 8.22572589e-01 9.31435764e-01
 1.62182570e+00 4.74849653e+00 1.04719172e+01 4.77133083e+00
 2.00828567e-01 3.05060124e+00 5.84064674e+00 7.06050515e-01
 5.57987070e+00 6.01794049e-02 1.31873808e+01 1.24242389e+00
 1.55697811e+00 1.60775852e+00 1.81850433e+00 3.83739918e-01
 7.79747725e-01 7.62058353e+00 1.66338339e-01 6.47524595e+00
 9.42258596e-01 1.04093492e+00 2.69036255e+01 6.04748011e-01
 6.80550486e-02 1.66203566e-02 4.75733614e+00 9.55917239e-01
 6.57413602e-01 6.29236317e+00 8.88078928e-01 3.33961964e+00
 1.29625499e+00 3.71004558e+00 2.16857791e-02 3.02448249e+00
 4.81340259e-01 4.53169775e+00 6.98983335e+00 2.32958698e+00
 4.14582825e+00 6.45865023e-01 3.28464687e-01 2.31669450e+00
 3.54405284e-01 4.56707144e+00 4.68529314e-01 3.38694668e+00
 3.10302877e+00 2.67140245e+00 8.65841198e+00 9.43499184e+00
 6.64593697e+00 9.41094935e-01 2.18532085e+00 4.46940136e+00
 9.61992264e-01 1.24339819e+00 2.07154727e+00 3.31493884e-01
 6.11418128e-01 7.67819786e+00 8.84172380e-01 3.08851123e+00
 2.20573545e+00 3.51764035e+00 1.78632855e+00 1.04038506e+01
 1.06716037e+00 1.79290497e+00 3.82889652e+00 4.89183521e+00
 4.32792711e+00 1.17489873e-02 1.80339622e+00 9.77830231e-01
 1.27034485e-01 7.79407120e+00 5.20673990e-01 7.94479227e+00
 6.04559517e+00 2.07810163e+00 5.77579308e+00 1.27542579e+00
 2.79375863e+00 8.32231617e+00 1.47302508e+00 2.21165633e+00
 8.27283502e-01 8.19044471e-01 6.84427470e-03 5.62636232e+00
 5.16834557e-02 2.73515314e-01 5.65413666e+00 2.29062605e+00
 9.78653878e-02 1.67688143e+00 4.46641159e+00 5.68945587e-01
 3.05306363e+00 1.17912741e+01 9.17299747e+00 1.02120250e-01
 2.84201765e+00 6.53931284e+00 2.33071256e+00 2.83677745e+00
 3.12769079e+00 1.74917853e+00 5.41914821e-01 9.92586136e+00
 2.47697144e+01 3.51598501e+00 4.30946255e+00 1.50760457e-01
 1.14780283e+00 4.55675030e+00 4.35824680e+00 4.04134798e+00
 5.56667852e+00 5.77130413e+00 2.91152716e+00 8.59646320e-01
 3.09679985e+00 2.97801137e+00 1.21056719e+01 5.88543892e+00
 1.64432163e+01 2.88655901e+00 2.38352146e+01 1.98498297e+00
 2.57735205e+00 9.05753314e-01 6.22173250e-01 6.75813484e+00
 2.14148784e+00 1.53694999e+00 1.46038556e+00 1.48625886e+00
 5.07064724e+00 3.20173353e-02 1.60858357e+00 4.62989378e+00
 9.35309708e-01 4.09343815e+00 1.42128305e+01 3.63893270e+00
 4.98534203e+00 7.00531662e-01 2.21873617e+00 1.32835984e+00
 2.72897661e-01 1.80119369e-03 3.97461593e-01 1.45102096e+00
 3.46952379e-01 1.18416891e-01 1.07488191e+00 2.42684031e+00
 3.54854107e+00 8.97198582e+00 1.68116534e+00 8.33240151e-01
 8.59467626e-01 3.12465453e+00 1.67033756e+00 4.84058809e+00
 1.33178008e+00 1.75812912e+00 2.38451052e+00 2.79763460e+00
 2.26326776e+00 2.68270206e+00 3.70603949e-02 1.01308060e+01
 2.36759639e+00 1.50459445e+00 3.85657519e-01 6.65070415e-02],5.245425,[1.84416103e+00 1.85060501e+00 7.96641397e+00 9.61589336e-01
 1.21517253e+00 6.78807211e+00 3.07902098e+00 5.45221090e+00
 6.16445589e+00 2.42919505e-01 1.93039870e+00 4.30463791e+00
 4.08305407e-01 4.22521353e-01 7.03859138e+00 5.17245388e+00
 3.05853271e+00 2.66697884e+00 4.92426157e+00 1.52570054e-01
 4.05142670e+01 1.48465385e+01 4.79821777e+00 5.13545752e+00
 2.86864352e+00 2.40728498e+00 5.81516647e+00 7.10482407e+00
 1.06832433e+00 2.25184679e+00 1.58564115e+00 2.32779264e+00
 5.87514997e-01 2.26365986e+01 2.96901798e+00 3.40481019e+00
 3.12192106e+00 1.55923939e+01 2.54706144e-01 7.99821436e-01
 7.16429472e-01 1.28749597e+00 5.18690729e+00 7.84779692e+00
 2.20682693e+00 4.77105342e-02 2.17254207e-01 3.69915724e+00
 3.59613419e+00 1.49248290e+00 3.90194297e+00 1.19038618e+00
 4.84980106e-01 3.41111469e+00 3.05229187e+00 6.70892620e+00
 5.10101652e+00 5.55784082e+00 9.69801712e+00 1.36272249e+01
 1.68324804e+00 5.46989739e-01 2.31436515e+00 1.06756186e+00
 8.24455929e+00 2.93190289e+00 1.86141324e+00 7.40843201e+00
 2.99186051e-01 5.80078697e+00 5.48261452e+00 5.15650368e+00
 1.13509881e+00 7.03154039e+00 9.20109081e+00 6.11672544e+00
 6.63082218e+00 1.81737399e+00 1.23026466e+01 1.24583280e+00
 1.53983217e-02 1.33283019e+00 4.72552955e-01 5.25819397e+00
 9.46455747e-02 1.86686128e-01 1.08988285e+01 3.77394795e+00
 2.29593128e-01 1.49178457e+00 2.23070049e+00 2.86065292e+00
 7.35908508e+00 6.31098890e+00 2.26568624e-01 8.10283089e+00
 2.81955576e+00 1.19836092e+00 1.99032784e+00 4.26483870e+00
 4.87756729e-01 1.68262076e+00 1.56495929e+00 1.35506258e+01
 4.91454458e+00 1.24082708e+01 9.23508453e+00 3.75395775e+00
 4.54713345e+00 5.16722679e-01 2.22794914e+00 6.24753094e+00
 4.26762390e+00 5.05584812e+00 9.58556652e-01 7.44141722e+00
 6.99525714e-01 1.62135720e+00 2.18406558e-01 5.22745132e+00
 7.82885313e+00 2.07133794e+00 1.40194476e+00 4.85414088e-01
 1.16894460e+00 3.74648952e+00 3.47092479e-01 9.03447270e-02
 9.61599231e-01 1.08611507e+01 1.87768102e+00 2.44832659e+00
 2.03070664e+00 2.58708525e+00 1.27295370e+01 1.03765163e+01
 7.11170101e+00 2.10303903e+00 7.33914852e+00 4.75876808e+00
 1.41019869e+00 3.60486555e+00 2.90017200e+00 1.68383741e+00
 1.14314795e+00 8.75342190e-02 1.64742839e+00 3.87132359e+00
 5.11288643e+00 2.39444828e+00 5.48971605e+00 2.28148007e+00
 5.03803349e+00 2.10165381e+00 5.24116993e-01 3.49130893e+00
 3.58470774e+00 2.27546930e+00 6.46026015e-01 1.84064674e+00
 5.51748812e-01 1.96468430e+01 8.43997288e+00 4.15101767e+00
 3.19391680e+00 1.11961403e+01 2.53966832e+00 1.24416027e+01
 3.02959383e-01 6.02123547e+00 7.20071268e+00 1.03814650e+01
 2.02854604e-01 2.44959283e+00 4.02898121e+00 2.06280351e+00
 4.14175940e+00 8.05601311e+00 7.77912199e-01 9.05706525e-01
 2.00042582e+00 1.03626966e+01 1.33707500e+00 5.39864361e-01
 3.59853363e+00 4.14118004e+00 3.34198165e+00 2.03385997e+00
 3.44878845e+01 5.73072481e+00 1.80279508e-01 6.27955645e-02
 4.06617165e+00 3.47839522e+00 5.73579454e+00 3.63876128e+00
 7.56657660e-01 9.73542881e+00 5.16093922e+00 7.93960953e+00
 5.13025808e+00 6.43498719e-01 1.16809359e+01 1.33592677e+00
 5.59439135e+00 2.32786083e+00 2.31480980e+01 3.68589830e+00
 1.49297380e+00 5.20814991e+00 4.01813602e+00 7.38404244e-02
 1.11898375e+00 2.90531182e+00 9.40251923e+00 7.18709707e+00
 4.87892866e+00 4.54759216e+00 2.96094315e-03 2.61534762e+00
 4.77788639e+00 2.85126710e+00 2.04461741e+00 2.53388786e+00
 2.89175367e+00 2.68360090e+00 1.47572029e+00 2.80577159e+00
 3.60515237e-01 1.29234791e-02 1.49609470e+01 4.27824259e+00
 7.27895832e+00 5.25305867e-02 2.75684929e+00 8.60231018e+00
 3.07945895e+00 7.20171118e+00 3.94305587e+00 9.27620316e+00
 2.38598976e+01 6.01008940e+00 5.95988941e+00 1.60397482e+00
 1.18147535e+01 6.08166814e-01 8.50884438e+00 1.52083111e+00
 1.08165598e+00 1.30375206e+00 1.73161566e-01 3.16517234e+00
 1.84998751e+00 2.47148895e+00 9.17925930e+00 7.99013197e-01],-49.04348,-151.08415,-400.0,1.6651635,4.029724,0.9663401,0.6380437,319.99265,-52.04796,739.0195,177.95929,0.7533655,0.5186278,0.102338456,-172.01964,172.01964,[1.24291344e+01 9.10638332e+00 3.64474548e+02 4.67755157e+02
 2.27700958e+02 9.31584167e+01 1.65805149e+01 4.39196350e+02
 6.48373413e+00 6.71363144e+01 4.87747345e+01 5.31553726e+01
 5.09420395e+01 1.01325989e+02 1.31405991e+02 6.41657486e+01
 1.76627502e+01 3.91052170e+01 1.97045273e+02 2.70118942e+01
 2.65013447e+01 8.76566772e+02 1.74016632e+02 3.04721622e+01
 4.90635147e+01 2.99304829e+01 3.61048279e+01 1.55120201e+01
 1.97994919e+02 3.48168030e+02 6.68209152e+01 7.95535088e+00
 3.21703758e+01 3.25713301e+00 9.23218155e+00 2.67765427e+01
 3.69849777e+01 5.79286289e+00 1.94023819e+01 1.50822266e+03
 3.81259473e+03 3.15854095e+02 4.14450226e+01 5.81486626e+01
 3.83666725e+01 2.56901184e+02 3.21394234e+01 2.43456688e+01
 8.79117676e+02 4.84411926e+01 5.96422119e+02 2.14556656e+01
 1.85662222e+00 1.36209015e+02 7.86651611e+01 1.16242224e+03
 3.20391159e+01 6.45303116e+01 1.01882544e+01 1.79628845e+02
 1.99689667e+02 8.47494507e+01 3.35271788e+00 2.72381973e+01
 1.25464218e+02 2.09173279e+01 2.45156841e+01 1.65437973e+02
 1.02181412e+02 2.17813965e+02 1.09553482e+02 2.83473949e+01
 2.18264603e+02 8.11572418e+01 4.99743271e+00 8.08514832e+02
 1.54552937e+01 1.78529978e+00 8.28867817e+00 8.79700470e+00
 1.42543671e+02 7.98563194e+00 1.42040009e+02 4.45258408e+01
 1.67764023e+02 4.34797516e+01 1.21705162e+02 4.28747864e+01
 5.51272430e+01 2.07087097e+02 4.39406586e+01 7.09866486e+01
 5.11168747e+01 9.34080505e+00 2.25519012e+02 6.87638664e+00
 7.64925194e+00 2.94338477e+03 3.62173462e+02 7.36082602e+00
 6.06693382e+01 3.55892525e+01 9.39485092e+01 5.83681679e+01
 7.08970871e+01 1.10412186e+02 3.06192810e+02 4.66316650e+02
 2.70921631e+02 1.94753876e+01 6.29106178e+01 4.24934082e+01
 1.30635162e+02 1.55023315e+02 3.43834648e+01 2.45685211e+02
 8.44139252e+01 2.38129807e+02 3.67574615e+01 2.52802925e+01
 1.29548401e+02 8.62930908e+01 1.91016190e+02 9.63726196e+01
 5.58449783e+01 1.11007996e+01 1.05459534e+03 8.20555267e+01
 1.86869836e+03 6.54753036e+01 2.04001122e+01 1.22847278e+03
 4.59833450e+01 6.48703098e+00 9.28764420e+01 2.05093231e+01
 7.42398834e+00 3.82764359e+01 1.06718536e+02 2.87682762e+01
 4.32946320e+02 5.41740322e+00 1.95322968e+02 3.74076271e+00
 9.17560196e+00 2.92269714e+02 2.01017427e+00 1.23756607e+02
 1.57592316e+02 1.77071582e+03 5.06910658e+00 4.80584183e+01
 1.05740143e+02 3.73537750e+01 1.11983871e+01 4.83924675e+01
 2.51297836e+02 4.79218364e-01 1.80650375e+02 1.43092560e+02
 3.04165222e+02 1.15357513e+01 5.45063639e+00 1.64671234e+02
 1.36572876e+03 6.61820374e+01 1.18471813e+01 6.51488876e+01
 3.63392258e+01 2.50038742e+02 2.30254307e+01 6.61249847e+01
 3.86770020e+01 4.35807762e+01 4.18736084e+02 1.13101306e+03
 6.12477531e+01 2.18880264e+02 4.56974411e+00 6.50221825e-01
 6.07770443e+00 6.24406967e+01 1.39131079e+01 8.52709579e+00
 8.37898315e+02 1.55954956e+02 1.43392010e+01 9.77365494e+00
 5.88431664e+01 2.32240257e+01 2.64017067e+01 2.16772217e+02
 1.55779480e+02 4.18227722e+02 1.47386284e+01 2.26861191e+02
 2.03245239e+02 3.71889687e+01 6.35787430e+01 1.68903870e+02
 1.26143089e+02 9.92889709e+01 1.06148863e+01 1.82437515e+02
 8.84936981e+01 3.03684509e+02 1.45147552e+01 3.45498047e+01
 2.43989792e+01 1.00000381e+02 3.89735832e+01 6.01603882e+02
 3.09700394e+01 5.60211325e+00 3.88775749e+01 1.01474304e+02
 7.60425949e+00 1.41515869e+02 1.54556398e+01 2.63962288e+01
 3.22631042e+02 7.73843765e+01 8.51234894e+01 1.71572968e+02
 1.82623234e+01 2.15680637e+01 9.39868164e+01 4.71290169e+01
 1.47640991e+03 4.52635422e+01 3.24587555e+01 1.07313446e+02
 5.97241116e+00 6.16977768e+01 1.17809153e+01 4.50319939e+01
 2.19935207e+01 9.49366302e+01 2.53377590e+01 7.52072830e+01
 1.53380966e+01 1.69208725e+02 5.06670074e+02 1.30830170e+02
 1.84421539e+02 1.59360018e+01 2.61714125e+00 7.67054291e+01
 6.41532850e+00 2.10882645e+01 1.28197891e+02 1.68052216e+02
 9.19524689e+01 5.20878601e+00 4.32547455e+01 5.91919670e+01],283.26373,[1.55507479e+01 7.25852280e+01 3.59110901e+02 2.85189087e+02
 2.10245209e+02 7.97901917e+01 1.23881216e+01 4.57070312e+02
 1.68841896e+01 4.12875443e+01 3.87521667e+01 4.20329971e+01
 5.33458557e+01 9.72448578e+01 1.16131218e+02 1.40021286e+02
 1.34344387e+01 2.74000778e+01 2.29548630e+02 2.63417282e+01
 2.84386330e+01 8.30430054e+02 1.91026535e+02 1.06144512e+00
 5.40849419e+01 2.84321156e+01 5.12532711e+00 1.61770096e+01
 2.51275986e+02 3.00593677e+03 1.11135340e+01 8.38450050e+00
 3.00146580e+01 1.56981030e+01 1.42394667e+01 3.49962959e+01
 1.45071854e+02 3.56769714e+01 6.98541498e+00 2.25728198e+03
 3.88771069e+03 3.28108582e+02 3.20278978e+00 5.33780632e+01
 2.57202759e+01 1.18144814e+02 2.72284355e+01 4.39843407e+01
 9.16981140e+02 4.34409637e+01 5.45903442e+02 2.55205936e+01
 3.84242296e+00 1.25662094e+02 1.18553101e+02 1.28482642e+03
 1.09729900e+01 6.27189560e+01 1.65554066e+01 2.55791283e+01
 5.37879486e+01 7.21712723e+01 5.70061350e+00 1.94333687e+01
 1.31729599e+02 5.86436987e+00 2.13349895e+01 8.58616943e+01
 4.41986084e+00 2.37984772e+02 1.54325867e+02 1.62388783e+01
 2.23287384e+02 7.05897675e+01 4.09626579e+00 7.47020142e+02
 2.42963428e+01 8.51757336e+00 1.03367643e+01 4.61499977e+00
 1.29609985e+02 4.20703163e+01 1.59601349e+02 4.03571243e+01
 1.87486374e+02 9.84572296e+01 9.17831039e+01 6.67430267e+01
 1.09312943e+02 1.72529419e+02 5.09716644e+01 8.21255188e+01
 1.15223312e+01 6.70013368e-01 2.55544952e+02 7.59425688e+00
 1.52940054e+01 2.95811255e+03 4.72770386e+01 7.76860476e+00
 5.67329597e+01 3.71594315e+01 1.12490692e+02 1.59304752e+01
 8.93570786e+01 1.70502609e+02 5.32837646e+02 4.79219269e+02
 1.18135864e+02 6.40238342e+01 3.38260536e+01 3.81159286e+01
 6.39015579e+01 1.67363388e+02 3.37690125e+01 9.13322220e+01
 8.95412598e+01 2.12699066e+02 5.98434830e+00 2.03338127e+01
 1.39431534e+02 2.20207882e+01 1.64227356e+02 9.35104904e+01
 5.35912628e+01 1.21419258e+01 1.19678845e+03 7.14370117e+01
 4.81219604e+02 6.81093292e+01 2.12683945e+01 1.36323096e+03
 4.53374557e+01 1.38937187e+01 5.42428284e+01 3.57306633e+01
 5.74263144e+00 4.52254181e+01 1.16885551e+02 7.17058105e+01
 4.15630157e+02 6.54922819e+00 1.85545776e+02 6.64946258e-01
 1.09105968e+01 1.63228760e+02 7.04149933e+01 1.32404343e+02
 1.56487091e+02 8.90331848e+02 9.80370140e+00 2.84158707e+01
 8.97186127e+01 1.52169138e-01 1.44768625e-01 4.70773544e+01
 1.12362289e+02 7.04782009e+00 1.50076324e+02 1.26947754e+02
 3.05878632e+02 1.09350443e+01 3.85603577e-01 1.70339706e+02
 5.64599060e+02 6.19650230e+01 8.27327728e-01 6.48255081e+01
 4.55773544e+00 2.43297287e+02 6.67585945e+00 6.57950363e+01
 3.03748989e+01 1.05234327e+01 3.89270691e+02 1.79379834e+03
 4.51418762e+01 2.18974335e+02 3.72368765e+00 3.76521873e+01
 4.89344072e+00 5.39360085e+01 1.30071011e+01 1.23055992e+01
 7.99817627e+02 3.68982391e+02 3.95640564e+01 7.17379570e+00
 8.82535019e+01 5.12866211e+01 2.21933689e+01 6.25297308e+00
 2.58285637e+01 2.44164825e+02 1.42137947e+01 1.91666901e+02
 2.15098587e+02 3.92299156e+01 3.42400627e+01 1.50975357e+02
 1.58262421e+02 8.11836700e+01 1.07564917e+01 1.49929291e+02
 8.36044083e+01 3.07032166e+02 1.46422768e+01 3.59712982e+01
 4.86794090e+01 3.85133791e+00 3.11304970e+01 6.21328613e+02
 4.02696953e+01 6.54162836e+00 4.08815689e+01 8.01233864e+00
 2.41331730e+01 1.01825821e+02 3.47090607e+01 2.91298294e+01
 2.91874268e+02 7.46093216e+01 1.61246277e+02 8.41198730e+01
 3.22048416e+01 4.02609646e-01 6.69881134e+01 2.65272236e+01
 1.41918091e+03 2.93428669e+01 2.45332127e+01 1.06091431e+02
 4.92407913e+01 6.08394699e+01 1.01515636e+01 4.06231461e+01
 3.72995644e+01 9.48370361e+01 1.90586376e+01 7.33585663e+01
 3.04425983e+01 9.78567047e+01 5.56419006e+02 9.72321625e+01
 1.92259171e+02 2.91450729e+01 1.35677090e+01 2.11048431e+01
 6.49505854e+00 5.01611290e+01 1.17893173e+02 1.96011292e+02
 1.50655022e+01 8.51963234e+00 2.09022617e+01 2.22786160e+01],-91.02649,-187.76274,-391.0252,3.3942826,25.777397,1.1400208,0.7399096,0.014077759180068969,7918.850517511368,-0.014548216699073132,-0.5761425654391447,-0.01920695659453811,0.03926482298302669,8.84361342096147,25.099999999996967,0.0,575000.0,-2.0,-1000.0,500.0,6.639787435531616,575000
126.907814,0.1460405,0.39300656,0.020894364,-122.83171,122.83171,[5.51155949e+00 9.16926765e+00 1.70747828e+00 8.01663518e-01
 2.56401205e+00 1.35638714e+01 1.54023802e+00 8.83876562e-01
 2.83744717e+00 3.49705219e+00 5.01720715e+00 9.58405304e+00
 2.07578468e+00 3.93834889e-01 1.16132069e+01 3.14509487e+00
 7.18676224e-02 3.99173915e-01 1.07651758e+00 4.91432697e-01
 4.77502346e+00 4.23818305e-02 1.18115921e+01 1.35470676e+00
 7.94111156e+00 9.46394539e+00 4.33815622e+00 4.63332558e+00
 1.06016960e+01 5.30369759e-01 1.15312386e+00 5.55253506e+00
 4.38630295e+00 6.31147623e-01 1.11862910e+00 2.83682084e+00
 1.01096182e+01 2.86805296e+00 8.18047643e-01 3.29526329e+00
 1.17608356e+00 2.36022162e+00 4.42813665e-01 1.18663144e+00
 1.30886659e-01 8.82405090e+00 2.14519501e+00 7.96329916e-01
 7.94937432e-01 8.54800105e-01 8.36655617e+00 2.39824414e+00
 5.12181997e+00 3.01545215e+00 1.21430552e+00 4.00887537e+00
 5.52064800e+00 1.61976166e+01 4.46724224e+00 2.43267462e-01
 5.08983183e+00 3.66817296e-01 1.17167950e+00 1.53499782e+00
 6.38649583e-01 7.15354347e+00 3.75061107e+00 3.06213760e+00
 2.27666068e+00 7.74639249e-01 5.82889462e+00 5.43597102e-01
 5.34481812e+00 9.09822762e-01 1.03826160e+01 2.99271917e+00
 4.03135061e+00 8.69837642e-01 1.16257465e+00 2.67578411e+00
 1.95148277e+00 1.13865147e+01 8.03869820e+00 5.08049011e+00
 3.17563295e+00 1.97350860e+00 4.44094563e+00 1.19932852e+01
 1.16471138e+01 2.61067486e+00 3.45548689e-01 3.39451790e+00
 5.71770668e+00 2.70098281e+00 2.65326023e+00 1.67356920e+00
 1.24565420e+01 6.66505933e-01 1.05536008e+00 3.22611237e+00
 2.16673333e-02 2.79672909e+00 1.64461935e+00 4.70065403e+00
 7.40797818e-03 1.76455164e+00 4.52643633e+00 1.83484161e+00
 6.47585392e-01 3.10447693e+00 6.41051483e+00 5.98131275e+00
 1.59884949e+01 3.91399801e-01 1.12778425e+00 2.72255492e+00
 5.88256121e-01 2.93673420e+00 3.28389001e+00 6.46024883e-01
 1.07100182e+01 1.57499180e+01 6.02181320e+01 1.11934328e+00
 7.36175239e-01 2.60985583e-01 1.83070064e-01 1.84625435e+00
 1.41582549e-01 8.30343342e+00 2.40835562e-01 1.69171917e+00
 4.30917788e+00 2.21032238e+00 5.77810824e-01 1.92035660e-02
 3.97441101e+00 4.40914154e+00 1.07175484e-01 3.21326208e+00
 3.90966386e-01 9.05710340e-01 8.36341500e-01 2.91357899e+00
 2.20751810e+00 1.91663895e+01 5.23390865e+00 6.75118625e-01
 2.49132013e+00 3.73563957e+00 3.89199793e-01 9.56434345e+00
 1.72404683e+00 9.66169894e-01 5.60147667e+00 7.96219051e-01
 2.03874264e+01 8.34837246e+00 2.09240794e-01 1.23775387e+01
 7.08433628e+00 2.09569618e-01 1.64025113e-01 3.96602201e+00
 1.47848320e+01 2.51721114e-01 1.69113426e+01 7.58984447e-01
 4.52585983e+00 5.24677849e+00 1.97844768e+00 1.04734097e+01
 2.24448252e+00 1.62818742e+00 6.69160426e-01 1.95861423e+00
 2.72365522e+00 8.86151028e+00 1.31426454e-01 5.56928851e-03
 2.45064437e-01 1.76029634e+00 3.21199799e+00 6.11244321e-01
 1.14719830e+01 4.86714792e+00 3.35657120e-01 3.69704247e+00
 5.22733545e+00 3.24469900e+00 5.39575386e+00 5.37482786e+00
 8.40962708e-01 2.37059027e-01 1.21408665e+00 2.85373187e+00
 5.58699258e-02 2.06738400e+00 1.29863644e+01 4.69041616e-01
 3.93046761e+00 1.22469270e+00 1.32040977e-01 1.10136032e+01
 1.17029272e-01 2.56868153e+01 1.39560354e+00 1.91634521e+01
 2.12771082e+00 3.57802677e+00 6.00886405e-01 1.99842758e+01
 1.26162589e+00 4.33815622e+00 1.04494629e+01 7.13077831e+00
 2.34907365e+00 6.45100498e+00 3.50585985e+00 5.17891526e-01
 5.14144850e+00 8.68228340e+00 5.95720232e-01 1.07832479e+01
 4.76664722e-01 8.67721811e-02 3.33511758e+00 1.76895693e-01
 5.11534452e+00 1.16135085e+00 5.87581730e+00 2.87516356e+00
 6.19489288e+00 6.77099943e+00 5.30850530e-01 5.66465425e+00
 4.71856922e-01 3.63634109e+00 1.13751426e-01 1.86829472e+00
 2.99925404e+01 8.65804958e+00 5.11641324e-01 1.00276566e+01
 1.67289913e-01 9.20822716e+00 2.98574257e+00 1.87923508e+01
 9.07696009e-01 1.47172487e+00 1.03666067e+00 6.04419327e+00
 7.76722908e+00 2.89197159e+00 1.03271875e+01 1.44073353e+01],5.3024774,[9.34588850e-01 2.40986729e+00 8.21607172e-01 3.45209408e+00
 1.58956155e-01 3.93172431e+00 3.82931888e-01 1.09594440e+00
 4.07675219e+00 1.98565650e+00 1.07730985e+00 6.99755028e-02
 2.39721131e+00 2.30537415e-01 2.23413777e+00 1.12711072e+00
 1.02881774e-01 1.46740639e+00 9.90715218e+00 1.71548891e+00
 1.83947361e+00 6.99614406e-01 1.17923677e-01 6.39761400e+00
 9.55500126e-01 5.79656601e-01 3.50871658e+00 1.40635061e+01
 1.96405995e+00 2.98213482e+00 1.80127919e+00 1.59928679e+00
 5.15604115e+00 1.39288712e+00 7.92107296e+00 8.20976353e+00
 1.91401482e+00 3.46606731e+00 1.94741130e-01 8.75737381e+00
 3.12098098e+00 1.36615741e+00 2.74637878e-01 3.10184550e+00
 7.00961065e+00 2.04279017e+00 1.99751258e+00 4.98280048e+00
 1.91043782e+00 3.51269364e+00 7.92028308e-01 2.19374156e+00
 2.48234677e+00 6.63992691e+00 2.50346923e+00 2.25713253e+00
 4.19408178e+00 4.87477005e-01 1.74683690e-01 5.20573616e-01
 1.12731427e-01 4.05050611e+00 8.52728558e+00 4.15930700e+00
 1.81150365e+00 8.31769347e-01 3.88110578e-01 3.09120083e+00
 3.17347574e+00 1.92317355e+00 1.25845480e+00 6.33665361e-03
 7.90435135e-01 1.26828671e+00 4.91499424e-01 3.13390589e+00
 6.81664646e-01 2.41234875e+00 2.96650648e+00 6.05884850e-01
 8.69651914e-01 9.57071018e+00 3.52439880e+00 2.00715303e+00
 2.74090219e+00 1.54864764e+00 1.36617351e+00 1.84090948e+00
 8.69156495e-02 2.18963051e+00 3.94420534e-01 9.54246879e-01
 3.66594136e-01 2.42961836e+00 3.23097610e+00 3.00367713e+00
 1.24273777e+00 1.49654377e+00 9.15470243e-01 1.73624744e+01
 5.26208687e+00 1.52037501e+00 1.62248445e+00 7.25955725e-01
 1.15645304e-02 8.98919880e-01 3.63172770e-01 1.04521313e+01
 3.65438890e+00 2.57440329e+00 7.68751949e-02 9.88791347e-01
 1.95315742e+00 4.07798672e+00 1.07177174e+00 5.33002734e-01
 1.48910844e+00 2.15287000e-01 3.10450792e-01 4.02216530e+00
 3.22644472e+00 1.41178060e+00 1.29477448e+02 3.88669109e+00
 2.37769556e+00 2.55519539e-01 9.62637663e-02 3.36804819e+00
 1.64611304e+00 5.01047945e+00 2.65914917e+00 1.54869306e+00
 4.77711391e+00 4.94282961e-01 1.55558145e+00 2.06442451e+00
 1.13936043e+00 1.90787387e+00 3.86612937e-02 3.05963755e+00
 1.95149469e+00 3.47710109e+00 3.98040032e+00 1.26914704e+00
 2.06371546e+00 4.08388805e+00 4.45588589e-01 1.04103982e+00
 9.66892660e-01 6.04340410e+00 1.24649251e+00 6.61869144e+00
 3.04997635e+00 1.86522734e+00 2.99035716e+00 4.84921277e-01
 1.64789307e+00 3.69220734e-01 2.84263611e+00 6.28153205e-01
 4.40686178e+00 1.65154144e-01 4.67669392e+00 3.18110704e-01
 9.39287424e-01 1.45496890e-01 1.06489935e+01 8.16072273e+00
 1.60248756e+00 9.72767591e-01 1.67909399e-01 2.90335119e-01
 3.38754606e+00 2.97618294e+00 1.79381714e+01 2.01241732e+00
 4.79932129e-01 5.64887702e-01 2.91131020e+00 2.23803028e-01
 4.55680418e+00 1.84412873e+00 7.54436779e+00 5.25812387e-01
 1.48845518e+00 2.00050265e-01 1.48113203e+00 2.01970220e+00
 8.48305130e+00 1.47074103e+00 6.16536379e-01 3.08894014e+00
 2.56799150e+00 1.43057156e+00 5.53670502e+00 1.01916265e+00
 1.35698595e+01 2.79677510e+00 8.04544258e+00 2.86199927e-01
 2.08543348e+00 2.35014272e+00 1.02651680e+00 2.81927977e-02
 4.32472277e+00 3.48568039e+01 4.15032291e+00 9.28386986e-01
 1.48642168e+01 5.01726723e+00 2.11724132e-01 2.69667101e+00
 7.30610371e+00 6.49436235e-01 1.66370258e+01 4.11864854e-02
 4.47038794e+00 1.10595245e+01 1.05849800e+01 2.37242794e+00
 6.24601507e+00 3.14291775e-01 1.56247175e+00 4.28224683e-01
 4.46947813e-01 2.62248397e-01 1.06034279e+00 3.21874475e+00
 3.74742222e+00 2.17962050e+00 2.37662387e+00 2.84647608e+00
 2.77209592e+00 9.20652485e+00 4.15013218e+00 5.26500463e-01
 1.93647385e+01 2.21221614e+00 1.05821423e-01 1.63888800e+00
 3.36109948e+00 2.75761437e+00 1.57702291e+00 2.11134553e+00
 1.24105954e+00 4.41842031e+00 4.34897327e+00 1.22509260e+01
 2.09405690e-01 1.17270303e+00 4.89982891e+00 9.56346321e+00
 2.05997944e-01 1.86951866e+01 2.06540316e-01 4.55164433e+00],-70.8207,-151.03488,-400.0,1.6665101,3.8090005,0.9457936,0.63800055,49.24919,-200.05768,506.0646,177.84953,0.732316,0.5347579,0.103766,-171.76964,171.76964,[1.51278324e+01 2.24573917e+01 1.09912329e+01 3.82941246e+01
 1.96207199e+01 1.23707314e+01 1.98636154e+02 3.91696899e+02
 1.26974136e+02 3.29867439e+01 9.80705719e+01 8.32480469e+01
 1.23580127e+03 5.23600525e+02 1.49809182e-01 1.57680397e+01
 3.27564812e+00 1.77763958e+01 2.80999451e+01 4.97027374e+02
 3.32219391e+02 1.19950287e+02 2.65552612e+02 2.21213531e+01
 1.35184998e+02 5.00938416e+01 4.58099594e+01 1.17325546e+02
 6.90574348e-01 7.63934250e+01 1.54671788e+00 6.44790192e+01
 3.22293896e+03 3.09847236e+00 4.71488495e+01 8.17346649e+01
 1.39282961e+01 1.80690689e+02 5.56755981e+02 2.71856632e+01
 1.40184326e+02 3.97422981e+01 6.35311508e+00 1.44942665e+01
 8.41632690e+01 1.23667261e+03 2.80239288e+02 5.54284912e+02
 3.53146744e+00 2.27939568e+01 1.36395311e+00 1.68055382e+01
 3.48269806e+02 1.95280914e+02 2.56779909e+00 5.45574417e+01
 1.33490622e+00 1.77329769e+01 1.45652161e+02 1.17479150e+03
 2.63668180e+00 6.95004425e+01 2.47811737e+01 1.54554062e+02
 5.51148939e+00 4.49568863e+01 1.84678482e+02 3.97427795e+02
 1.45868652e+02 9.58663483e+01 3.93456497e+01 5.26581726e+02
 4.63130951e+01 2.68430176e+01 8.63362885e+01 9.83319397e+01
 6.65741577e+01 8.01389954e+02 3.44923496e+00 1.71482487e+01
 1.98801971e+02 6.33235321e+01 9.54755173e+01 3.89585022e+02
 1.64039230e+02 2.73849213e+02 4.43612183e+02 2.19284286e+01
 2.68036919e+01 3.05114269e+01 4.41335358e+02 2.48996496e+00
 5.69038658e+01 5.06363945e+01 5.92059784e+01 3.96712265e+01
 8.69991684e+01 8.71492100e+00 7.07217178e+01 2.99709129e+01
 2.71084045e+02 7.93633842e+00 3.30089355e+02 7.57480469e+01
 4.03601837e+01 5.07951355e+00 1.60224045e+02 4.88631516e+01
 8.93016338e+00 3.19781189e+02 1.61822464e+02 6.27540855e+01
 2.25212967e+02 7.42332764e+01 6.40356384e+02 1.12517071e+01
 1.03205986e+01 3.13944302e+01 4.19033447e+02 6.21702576e+01
 1.68234177e+01 8.03323078e+00 2.59690590e+01 9.92125244e+01
 3.38022003e+02 2.78163330e+03 3.66840096e+01 1.66958599e+01
 2.71723557e+00 1.75738800e+02 7.89107819e+01 6.27605629e+00
 1.15473223e+01 1.02024246e+02 3.90521210e+02 1.25044952e+02
 2.20715408e+01 9.97633076e+00 3.44971863e+02 6.34169693e+01
 1.35493439e+02 3.65502815e+01 8.41080170e+01 4.31384399e+02
 1.35765779e+00 7.71165771e+01 3.28611359e+02 1.97515930e+02
 1.91490383e+01 1.98883133e+01 6.39190140e+01 2.50537720e+02
 2.37532330e+00 4.02408934e+00 4.42122650e+00 1.80663208e+02
 9.64057732e+00 2.55831261e+01 2.07400864e+02 6.30741211e+02
 7.92531586e+01 1.18677361e+02 3.70680664e+02 2.04867821e+01
 2.16741467e+01 5.20298535e+03 6.95988083e+00 2.82164886e+02
 2.16193886e+01 5.72108765e+01 8.25689316e+01 6.87378693e+01
 1.06939583e+01 7.40923357e+00 1.53076048e+01 9.92420807e+01
 1.80109039e+02 9.66220779e+01 7.57016449e+01 1.48250542e+01
 1.19920254e+01 6.76730061e+00 6.49449005e+01 3.59006882e+01
 1.59801987e+02 5.52168236e+01 2.81320679e+02 2.19323616e+01
 3.94412589e+00 2.09853101e+00 1.87838593e+02 3.30562439e+01
 1.15513229e+01 4.32442773e+03 1.82734795e+01 5.24730148e+01
 6.95978241e+01 4.41801910e+01 2.52450705e+00 3.16780212e+02
 5.26670380e+01 2.24398346e+01 1.13481712e+01 3.15292492e+01
 6.32262564e+00 8.03260117e+01 2.51102554e+02 2.21309814e+01
 5.83543739e+01 4.94300346e+01 3.70087051e+01 4.29743988e+02
 1.00182800e+02 1.30380539e+02 6.22018089e+01 1.50644760e+02
 1.11417496e+02 3.03927612e+02 1.16765480e+02 1.93819534e+02
 6.58084917e+00 2.43545639e+02 1.14134323e+02 7.92816925e+01
 5.18589096e+01 9.83049240e+01 2.56739014e+02 2.07962799e+01
 2.75632477e+02 3.90406006e+02 3.63609161e+02 4.51932945e+01
 1.34905811e+03 6.13282043e+02 1.20992607e+02 1.25100336e+01
 5.28681755e+00 4.40871307e+02 1.99602699e+01 3.95314860e+00
 2.07270111e+02 1.08050064e+02 2.42985443e+02 1.37505856e+01
 5.01479279e+02 1.04160538e+01 7.80044022e+01 3.22791845e-01
 1.76913269e+02 4.06299286e+01 8.16263580e+00 6.07363129e+01
 3.91365265e+02 2.27610519e+02 2.17402382e+01 3.49621773e+01],303.69928,[3.03142786e+00 3.56248093e+01 3.23175454e+00 7.11170387e+00
 1.41315765e+01 8.34795570e+00 1.16994919e+02 4.10984314e+02
 1.20673080e+02 4.18513727e+00 1.24852448e+02 8.23131256e+01
 1.52938977e+03 7.51590637e+02 2.99770951e+00 1.01334753e+01
 1.32315788e+01 2.73329659e+01 2.70145607e+01 4.36452393e+02
 3.21026764e+02 1.96605682e+02 9.56641960e+00 2.59360065e+01
 1.70906067e+02 4.93860550e+01 5.29866066e+01 5.01891556e+01
 3.23875904e+00 6.25278664e+01 7.83399534e+00 5.15722733e+01
 9.49179565e+02 1.74268188e+01 5.57161674e+01 7.17396240e+01
 2.06065540e+01 1.05333313e+02 5.02506531e+02 4.83205318e+00
 1.64997192e+02 5.26778603e+01 2.28060913e+01 2.56345520e+01
 1.17525986e+02 1.26391418e+03 2.49873901e+02 2.89856606e+01
 9.85342693e+00 2.74317894e+01 5.74248123e+00 1.21768312e+01
 2.21793671e+02 1.73622101e+02 8.46717298e-01 4.98449516e+01
 9.34200382e+00 3.35468864e+01 1.29136169e+02 1.35580688e+03
 4.23430979e-01 8.98920593e+01 1.62079681e+02 1.41745285e+02
 5.15053177e+00 9.43229914e-01 2.26874695e+02 1.15865405e+03
 1.49704010e+02 1.80126381e+01 4.72057838e+01 6.14117065e+02
 2.42461357e+01 5.64067421e+01 6.84032059e+01 1.02053909e+02
 4.43769684e+01 4.25119324e+01 1.42571855e+00 4.45456648e+00
 1.82468506e+02 7.90336227e+01 4.06954994e+01 4.13923584e+02
 2.67486664e+02 1.70261307e+02 4.90537109e+02 1.14107437e+01
 2.17837601e+01 6.87829437e+01 4.96747253e+02 1.35269442e+01
 6.19084778e+01 8.53252716e+01 6.69802322e+01 3.69374504e+01
 7.53146744e+01 1.19661980e+01 1.66318932e+01 1.63164120e+01
 2.49451691e+02 1.27920704e+01 2.64588257e+02 7.54441528e+01
 4.56183853e+01 6.00265455e+00 1.15351273e+02 9.84110031e+01
 2.39485435e+01 3.08931488e+02 1.53759079e+02 3.70871162e+01
 1.67656708e+02 6.72376175e+01 5.73737244e+02 4.75260735e+00
 2.73355246e+00 2.68059864e+01 3.86084747e+01 3.26999245e+01
 1.80647621e+01 4.87887650e+01 3.36988449e+01 9.46847534e+01
 3.54223663e+02 3.87443799e+03 3.69194145e+01 2.14495811e+01
 9.69299889e+00 1.89707184e+02 6.37562981e+01 2.29321766e+00
 6.68623495e+00 1.60375547e+00 5.57775574e+02 1.17029449e+02
 1.85247574e+01 1.19498482e+01 3.09443604e+02 7.53449402e+01
 1.26996651e+02 2.10830498e+01 8.19766388e+01 3.41275116e+02
 2.83183842e+01 6.44218674e+01 3.07437866e+02 2.00987640e+02
 3.09248619e+01 1.66886842e+00 8.61384735e+01 2.69477753e+02
 6.47575998e+00 3.79883027e+00 3.09390831e+00 1.96562225e+02
 7.60639858e+00 2.25697136e+01 2.05717468e+02 6.51603149e+02
 7.77595901e+01 8.34817047e+01 9.63574524e+01 9.32258301e+01
 2.05013809e+01 6.46279492e+03 8.35026550e+00 2.43477295e+02
 3.68511505e+01 2.68930149e+01 1.39531113e+02 6.87044144e+01
 2.30119190e+01 7.06504154e+00 6.97046423e+00 1.19952614e+02
 3.73222084e+01 1.12188339e+02 2.77853966e+01 5.19312382e+00
 1.20142498e+01 1.31227722e+01 6.39693985e+01 1.42890530e+01
 2.78721436e+02 5.95735779e+01 2.69850250e+02 2.25550156e+01
 9.21870804e+00 9.08434296e+00 8.64825363e+01 4.26763916e+01
 1.36023307e+00 3.51797021e+03 6.81758785e+00 1.17072973e+01
 6.05542221e+01 8.80919266e+00 3.92680907e+00 3.16365997e+02
 5.56238480e+01 3.20545883e+01 7.80738163e+00 1.38027258e+01
 5.93170047e-01 5.11868591e+01 7.74167023e+01 2.26648769e+01
 3.61064072e+01 6.03483505e+01 1.00510345e+02 3.22815704e+02
 9.84756470e+01 4.20302048e+01 3.03150253e+01 1.45806122e+02
 8.95140381e+01 2.91523712e+02 7.55656242e+00 2.75974396e+02
 2.80532694e+00 6.54402710e+02 1.49268082e+02 3.59833527e+01
 1.08768063e+01 1.01665428e+02 2.35139221e+02 1.85951691e+01
 3.41989044e+02 5.04350983e+02 3.00063843e+02 5.13194733e+01
 7.62664062e+02 5.70004211e+02 1.11911827e+02 1.24272814e+01
 3.19054642e+01 4.99704529e+02 4.13183403e+01 4.17530870e+00
 1.46806732e+02 6.79311447e+01 2.68526978e+02 1.32365637e+01
 3.45635986e+02 6.06608808e-01 6.75421829e+01 3.11033392e+00
 1.70763916e+02 4.39556503e+01 6.64658403e+00 5.94211502e+01
 2.81664764e+02 8.50476761e+01 1.12364254e+01 4.52030144e+01],-103.64786,-186.56496,-373.6207,2.9789975,11.841616,1.2506857,0.7335644,0.013363677310943603,8252.942466974258,-0.04383290026592716,-0.023826491944474282,-0.04653283855209457,-0.0699621621680958,32.881298263232836,25.099999999996967,0.0,600000.0,-2.0,-1000.0,500.0,6.647599935531616,600000
134.20108,0.14595965,0.44386435,0.01864217,-129.61647,129.61647,[1.0883796e+00 8.4273273e-01 3.1124243e-01 6.8467379e+00 4.0609999e+00
 3.7032731e-02 2.4574882e-01 1.9534447e+01 1.1848513e+01 7.6848888e-01
 6.9999743e+00 3.0064301e+00 4.5791173e-01 3.0969429e+00 1.2808676e+01
 8.0893034e-01 4.9398775e+00 1.7581257e+00 1.1265677e-01 2.0047848e+00
 2.8548367e+00 3.4879742e+00 4.2297597e+00 2.1496003e+00 1.3311825e+00
 1.3388255e+00 2.6223307e+01 7.7735710e+00 3.1320038e+00 3.8670006e+00
 8.4226191e-01 3.5054934e-01 2.3901260e+00 6.6439742e-01 2.5772718e-01
 1.3356322e+00 8.6227760e+00 5.2564583e+00 3.6166456e+00 4.7049839e-03
 1.4000684e+00 1.3631209e+00 3.6973295e+00 3.3218205e-01 3.0254323e+00
 2.2031717e+00 2.6592865e+00 1.2916054e+01 8.7780752e+00 2.2516169e-01
 1.0585515e+01 7.4221296e+00 1.4411595e+00 9.2224729e-01 1.4281652e+01
 3.6388640e+00 1.5572691e-01 9.1543430e-01 2.4486065e+01 4.1900806e-02
 4.4121370e-01 2.0699610e-01 8.9010334e-01 3.7558975e+00 5.5280857e+00
 5.5002689e+00 3.8381369e+00 4.6984487e+00 3.3103890e+00 4.5998445e+00
 2.6764150e+00 3.4292309e+00 2.6134580e-01 3.3535867e-03 4.1163535e+00
 1.0132881e+01 7.2901422e-01 1.1752443e+00 1.1638885e+00 7.5141168e-01
 3.7252312e+00 1.2150025e+00 2.9679567e-02 2.7349851e+00 3.2407947e+00
 2.9777718e-01 4.7720327e+00 1.3064119e+00 1.9665139e+00 7.3011150e+00
 2.3350401e+00 4.2876387e+00 6.2735373e-01 1.2907456e+00 5.6965194e+00
 6.1167984e+00 5.2902365e+00 2.7285030e+00 5.9482694e+00 3.9451721e+01
 1.3380374e-01 2.5592983e+00 4.5743504e+00 5.2422395e+00 7.0865852e-01
 1.4548153e-01 5.3113170e+00 7.9162166e-02 5.3894210e+00 7.9719372e+00
 9.9674058e-01 3.0038328e+00 8.0954618e+00 7.5554889e-01 8.7552667e-02
 7.5684376e-02 8.0098419e+00 6.4659204e+00 1.6633844e+00 1.0079774e+01
 3.1668880e+00 1.6777722e+00 2.1435776e+00 3.3215708e-01 4.6195431e+00
 6.7362976e+00 4.5275908e-02 6.7759500e+00 6.5336233e-01 1.1154543e+01
 1.4261889e+00 8.7777388e-01 1.9532267e+00 2.6181946e+01 1.5326004e+00
 9.3476057e-01 2.1579735e+00 1.9214062e+01 1.1228587e+01 1.9155968e+00
 6.4546556e+00 1.9357136e+00 1.1288837e+01 1.5682264e+01 1.1606610e+00
 1.2235729e-01 1.2423946e+00 2.9507685e-01 4.2154746e+00 1.6515173e+00
 2.3804457e+00 2.8463894e-01 5.7119226e+00 4.8997754e-01 8.3727568e-01
 7.1501657e-03 1.8389046e+01 1.1505909e+00 7.4160728e+00 4.6634477e-01
 3.8463602e+00 2.0953214e+00 3.3254836e+00 4.2398453e+00 8.2195979e-01
 3.8129091e-03 9.5262032e+00 4.3935177e-01 1.5494735e+00 9.4577503e-01
 3.3439162e-01 2.5412352e+00 5.0396724e+00 1.1870040e-01 1.6670743e+00
 7.2993612e+00 9.7118826e+00 4.5529766e+00 6.2934761e+00 5.5539954e-01
 4.1023674e+00 2.9959159e+00 7.9073815e+00 8.7411051e+00 2.0737360e+00
 5.2676654e+00 4.2198200e+00 4.3725681e+00 9.5855503e+00 5.4723805e-01
 3.9778922e+00 8.2511568e+00 5.7081258e-01 3.3320856e+00 3.4389786e-02
 1.5476200e-01 3.0774841e+00 1.8819247e-01 2.7951183e+00 1.1897976e+00
 4.0636210e+00 6.5182805e-02 2.5029707e+00 3.8692360e+00 2.8380797e+00
 1.1597472e-01 3.3211505e+00 8.5402069e+00 1.9329722e+00 1.8272024e+01
 1.0367383e+01 3.4612688e-01 2.5361469e+00 1.5822532e+00 2.5114946e+00
 5.7366788e-01 1.9032671e+00 4.0706100e+00 7.6625242e+00 1.8261991e+00
 2.3319099e+00 1.2562023e-01 4.5944065e-01 4.1971678e-01 3.0477536e+00
 1.1126938e+00 2.4020929e+00 2.3981190e+00 3.7305379e+00 1.0380110e+00
 2.0959129e+00 3.7834692e+00 4.7401604e-01 2.9000561e+00 3.5292358e+00
 3.9893121e-01 9.2569029e-01 1.3521591e-01 2.2153449e+00 2.9583597e+00
 1.0571835e+01 2.0127642e+00 3.0730529e+00 1.2968837e+00 3.6014872e+00
 1.9858776e+00 6.3253092e-03 2.6788852e-01 1.9409386e+00 1.0022185e+00
 1.9686096e+01 1.9875638e+00 1.2365119e+00 1.9564108e+00 1.8518702e+00
 1.1264626e+01],5.0626507,[5.16852498e-01 1.52977390e+01 1.83998454e+00 1.04478192e+00
 1.31033373e+01 3.39382961e-02 2.41469592e-01 8.49049473e+00
 9.90598023e-01 1.46263495e-01 2.05673146e+00 5.76337934e-01
 5.16950560e+00 1.05400963e+01 3.39915961e-01 3.63208950e-01
 1.90807724e+00 1.64350855e+00 3.02926637e-04 1.43458629e+00
 1.50892925e+00 8.45739555e+00 3.56738567e+00 5.61690855e+00
 1.34650683e+00 2.22381186e+00 1.64733720e+00 1.08515179e+00
 1.04325509e+00 3.43386483e+00 9.33957472e-02 6.38710856e-01
 5.01596355e+00 4.24679661e+00 7.20453635e-02 1.73141563e+00
 3.78050351e+00 1.05358863e+00 1.04929650e+00 1.86536554e-02
 2.97366381e+00 3.40429616e+00 5.97909832e+00 1.62002161e-01
 2.27100205e+00 2.20293665e+00 6.39246881e-01 1.43728752e+01
 8.35619986e-01 1.60263085e+00 1.87395859e+00 5.83369374e-01
 2.18814278e+00 5.47787714e+00 3.32860970e+00 8.37463093e+00
 1.08070612e-01 2.40854931e+00 2.54674358e+01 7.26747751e+00
 3.21431071e-01 3.63070917e+00 2.30954361e+00 1.83975732e+00
 1.18052876e+00 5.92227161e-01 2.10260105e+00 4.79594052e-01
 1.60723698e+00 9.52961159e+00 2.49420047e+00 8.94477487e-01
 9.55440402e-01 4.71487236e+00 2.61345935e+00 3.70856571e+00
 4.89343405e+00 2.61612082e+00 2.92195630e+00 1.88045573e+00
 2.15260339e+00 4.74298835e-01 8.85657370e-02 1.94956040e+00
 3.42505479e+00 9.62228203e+00 3.53050900e+00 1.19946098e+00
 6.91815794e-01 2.81998932e-01 1.41057432e+00 3.71570420e+00
 2.06714630e+00 9.53517318e-01 2.55869699e+00 1.99706185e+00
 1.14986920e+00 3.26283722e+01 2.70339155e+00 3.33891754e+01
 1.38879547e+01 2.47040868e+00 1.42059445e+00 9.09928739e-01
 4.06585312e+00 1.32556766e-01 7.14132643e+00 8.50637406e-02
 5.86316538e+00 1.87979305e+00 6.00183296e+00 7.75268022e-03
 1.70692325e+00 6.61148071e+00 1.99476576e+00 1.31566599e-01
 2.08617687e+00 3.39197373e+00 4.16335678e+00 1.50006318e+00
 1.57364953e+00 1.72449160e+00 3.71446586e+00 3.23153287e-01
 1.07939792e+00 5.10481119e+00 7.99146986e+00 2.48366356e+01
 2.74446869e+00 7.70188943e-02 8.12748814e+00 8.79521465e+00
 3.14654231e+00 6.63511124e+01 3.02926350e+00 1.90868184e-01
 1.68658340e+00 8.77297115e+00 1.40959966e+00 3.57118320e+00
 7.69948781e-01 3.68725061e+00 1.41847885e+00 3.24048638e+00
 2.32823086e+00 9.62197018e+00 2.06792563e-01 3.10065538e-01
 3.00335503e+00 6.94420218e-01 5.41535997e+00 6.28198051e+00
 2.51241708e+00 3.22570515e+00 2.98824997e+01 3.68962383e+00
 1.75307236e+01 1.14968908e+00 1.53733039e+00 3.89954686e+00
 5.75847626e+00 3.15589643e+00 2.75976706e+00 5.81812039e-02
 2.06979418e+00 1.05544872e+01 2.51779318e+00 1.63150060e+00
 4.53775406e-01 4.78672647e+00 6.23239994e+00 2.05881643e+00
 5.38567114e+00 3.91875505e+00 1.20762992e+00 3.35907197e+00
 1.09661913e+01 4.16495037e+00 1.89176910e-02 4.74664390e-01
 1.32164037e+00 4.72755909e+00 1.03357029e+00 2.84859967e+00
 5.14269066e+00 1.53731608e+00 4.61564112e+00 2.94397736e+00
 1.74578965e+00 1.41161263e+00 5.59100246e+00 3.79793644e+00
 5.71210980e-01 7.97543883e-01 7.28992176e+00 3.32504773e+00
 2.36385837e-01 8.13988447e-01 6.52243555e-01 2.53531456e+00
 1.19757903e+00 3.97745669e-02 4.47835016e+00 3.59838665e-01
 1.35050306e+01 1.89594805e-01 3.21125817e+00 1.48979183e-02
 2.05328274e+00 4.31569939e+01 5.35592973e-01 1.51653361e+00
 2.28433228e+00 7.79724240e-01 1.65286374e+00 4.70650673e+00
 3.23538065e-01 1.71630311e+00 1.19101989e+00 3.05419636e+00
 7.72741914e-01 6.09249957e-02 1.31485558e+01 1.18444991e+00
 1.00883684e+01 4.49310303e-01 2.40083599e+00 2.48566508e+00
 2.22294897e-01 1.48714185e+00 4.62556124e+00 2.52221942e+00
 1.87205219e+00 3.35404348e+00 2.99349546e+00 3.54684973e+00
 2.45223212e+00 1.06138244e-01 3.97048354e+00 4.26868629e+00
 2.27200806e-01 2.75946140e+00 2.13452864e+00 3.77735233e+00
 5.03723681e-01 3.59607786e-01 1.42080681e-02 8.11375678e-02
 5.13545394e-01 1.89026624e-01 6.36739254e+00 8.36778432e-03
 2.88020492e+00 1.57256341e+00 1.28190255e+00 2.52121210e+00],-85.22055,-159.79407,-400.0,1.6058588,3.4429002,0.9310038,0.63098276,269.36496,-134.5133,769.37866,180.73535,0.8006956,0.51764226,0.10159049,-174.75824,174.75824,[4.39459076e+01 6.35835505e+00 2.31820450e+01 1.80301910e+02
 5.93532898e+02 5.90459839e+02 2.02775383e+01 3.30310156e+03
 2.31009186e+02 8.35365391e+00 1.16130180e+01 5.28292664e+02
 1.13875751e+01 1.48079433e+01 2.80920315e+00 1.39215393e+02
 5.16146469e+01 1.16232048e+02 4.90566940e+01 1.08492737e+03
 9.58513737e+00 1.30174904e+01 1.24188309e+02 1.66215225e+02
 1.04060678e+01 2.79260278e+00 2.19677795e+02 3.31410480e+00
 2.09696412e+00 1.59965820e+02 3.31431030e+02 1.13113537e+01
 2.02324619e+01 4.14551697e+01 3.05171432e+01 3.76038361e+01
 7.77166824e+01 1.51297498e+00 6.62047052e+00 2.77362690e+01
 5.02255585e+02 2.90091991e+01 7.26055145e+00 3.83912888e+01
 5.76831961e+00 3.93675728e+01 8.39225845e+01 1.60024338e+01
 1.29210854e+01 2.61488557e+00 9.19602814e+01 5.69061813e+01
 5.06295471e+01 1.89297318e+00 5.36939964e+01 1.51042786e+01
 3.00774364e+01 1.07282509e+02 3.63696632e+01 4.79277849e+00
 1.41106842e+02 1.51122147e+02 4.56244659e+01 3.40990143e+01
 1.17321716e+02 3.98607880e+02 6.52434111e+00 3.04027710e+02
 4.41708038e+02 4.45334530e+00 1.20710058e+01 2.34557831e+02
 3.17002506e+01 3.36337280e+02 5.10455055e+01 1.35460144e+02
 9.29873657e+01 3.00242686e+00 3.85372429e+01 2.28183044e+02
 8.88450089e+01 1.69676151e+01 1.50178329e+02 3.36785049e+01
 1.97557327e+02 5.55651489e+02 8.34116821e+01 6.12027705e-01
 1.32182169e+01 7.02493896e+01 6.88874283e+01 4.79173355e+01
 8.09845352e+01 1.45315445e+02 5.54975586e+01 1.95187668e+02
 5.42271347e+01 5.74567719e+01 2.83149109e+01 1.52650375e+01
 6.52862473e+01 9.91653824e+00 3.37951279e+01 6.47029877e+01
 3.12385956e+02 6.93771286e+01 6.75813675e-01 1.49556506e+03
 1.42160324e+02 2.27576180e+01 1.04396332e+02 1.69653412e+02
 6.65269775e+01 1.48437790e+02 2.71944675e+01 1.24447070e+03
 1.21944218e+01 3.87067986e+01 4.51899872e+01 8.56626129e+01
 5.81292114e+01 1.75593834e+01 9.11334000e+01 3.72433838e+02
 5.91027069e+01 6.86936279e+02 2.04540436e+02 2.49700104e+02
 4.31475973e+00 5.75763016e+01 2.93840698e+02 2.29756165e+01
 4.26312828e+00 4.79004822e+02 1.32365662e+02 1.27079210e+01
 4.01773834e+01 6.70442677e+00 1.41116287e+02 4.22241707e+01
 5.82315674e+01 1.09278099e+02 4.74278641e+01 1.32268616e+02
 2.96134205e+01 1.41519272e+02 1.95606995e+02 1.36467468e+02
 4.53798187e+02 3.80028915e+01 8.24927673e+01 3.24127197e+00
 6.65834808e+01 3.54775467e+01 1.51267052e+01 1.33117218e+02
 2.74399471e+00 3.02314026e+02 4.67204971e+01 8.43498840e+02
 3.09981422e+01 2.81075764e+01 4.38692284e+01 1.70384735e+02
 3.05051556e+01 1.16308117e+01 7.75213852e+01 9.80696201e+00
 8.08521271e+01 3.76679001e+01 1.70171631e+02 3.31941185e+01
 2.67651337e+02 8.73015015e+02 4.56815605e+01 1.26831989e+01
 5.91969604e+02 4.78344634e-02 3.80673904e+01 1.46484604e+02
 4.02924299e+00 1.20434288e+02 1.31410889e+02 2.24213837e+02
 4.38924133e+02 4.56421089e+01 1.56268112e+02 8.85465775e+01
 1.25636272e+01 1.20170956e+01 1.09225494e+02 1.96092560e+02
 1.37704239e+02 5.82198095e+00 2.30630890e+02 3.60322876e+02
 1.72272253e+00 3.86326760e-02 2.22835144e+02 1.43067017e+02
 3.70411530e+01 3.84400678e+00 5.17900925e+01 1.41044369e+01
 6.14941740e+00 2.87337952e+02 2.71349487e+01 1.19698200e+01
 2.83724189e-01 6.78365555e+01 9.67266113e+02 6.68174267e+00
 1.11736917e+01 2.83883495e+01 1.96920662e+01 4.87041321e+02
 3.20184174e+01 8.19036102e+01 3.91244659e+02 2.51945972e+00
 1.10121361e+02 1.45037415e+02 3.31393356e+01 2.17084541e+01
 1.28501549e+01 3.31344507e+03 2.60310459e+01 6.40872116e+01
 3.42281494e+01 2.66320312e+02 8.58397579e+00 5.06107254e+01
 1.82312286e+02 3.38127375e+00 3.27043343e+01 1.33795252e+01
 1.92521774e+02 1.49174480e+01 9.58604584e+01 7.24788818e+01
 1.24403458e+02 9.36059666e+00 2.92702923e+01 1.91877633e-01
 4.63915894e+02 5.50132446e+02 1.91288700e+01 2.67789246e+02
 3.20047684e+01 1.92887897e+01 3.24317230e+02 4.88427162e+01
 4.62768021e+01 7.42369652e+00 4.04596329e+01 8.64554062e+01],230.76181,[3.39426869e-03 9.17205334e+00 2.48398933e+01 1.57060623e+02
 1.04420996e+03 5.80740723e+02 1.57704706e+01 3.30948975e+03
 1.93583679e+02 4.83327627e+00 2.39287128e+01 3.56691162e+02
 4.83734474e+01 1.12951698e+01 3.57922983e+00 9.72255325e+01
 5.66628685e+01 5.76575470e+01 6.90796967e+01 9.12979492e+02
 5.87588501e+00 2.56012440e+00 2.55977844e+02 1.98883133e+01
 3.04817438e+00 2.65163193e+01 1.34113941e+01 6.14844179e+00
 4.04424095e+00 1.91521530e+02 1.86597458e+02 3.65880823e+00
 7.58305168e+00 5.68356171e+01 1.07097788e+01 5.34111023e+01
 2.33844414e+01 1.43971300e+00 1.76429248e+00 6.73061676e+01
 4.87019775e+02 2.03257675e+01 3.56606979e+01 2.38941059e+01
 6.53271008e+00 5.74221725e+01 8.59695892e+01 3.93827209e+01
 1.08585300e+01 2.04112601e+00 1.01012993e+02 6.97525864e+01
 1.04623268e+02 1.50239229e+00 1.93330746e+01 7.07532120e+00
 3.50985680e+01 9.83830719e+01 5.22845078e+01 2.13100014e+01
 1.64260910e+02 1.59513733e+02 9.74111786e+01 3.24541969e+01
 5.39463120e+01 3.92481934e+02 7.91223621e+00 2.92361420e+02
 4.28624359e+02 1.74209309e+01 2.27028160e+01 2.28114563e+02
 6.80423203e+01 3.80977081e+02 1.04483330e+02 3.69889069e+01
 3.52113419e+01 3.38722420e+00 4.06680984e+01 2.19695129e+02
 7.81729889e+01 1.55598707e+01 1.05707092e+02 3.31064034e+01
 1.82597076e+02 4.04880493e+02 7.46695938e+01 9.17519379e+00
 5.01165771e+01 1.06819481e+02 6.90199127e+01 3.97570343e+01
 1.25626495e+02 1.18349442e+02 5.47770729e+01 1.06108704e+02
 1.10858335e+01 6.97618942e+01 2.94738903e+01 1.02365665e+01
 6.64885941e+01 6.62203503e+00 4.66514015e+01 6.87194672e+01
 3.95147949e+02 6.74046021e+01 4.15328264e+00 1.50671094e+03
 1.78667107e+01 6.33147049e+00 7.84079285e+01 3.20278716e+00
 4.34859543e+01 2.92458740e+02 4.31946754e+00 1.35533218e+02
 3.01444683e+01 3.82199020e+01 3.76280594e+01 1.43308624e+02
 4.93449306e+00 1.42775278e+01 1.45455923e+01 4.83052673e+02
 2.03657570e+01 6.26467896e+02 2.00513519e+02 1.65203094e+02
 7.57708359e+01 3.66182213e+01 1.62393600e+02 9.23782730e+00
 6.25696325e+00 4.47490540e+02 1.28677658e+02 7.38664532e+00
 2.27581520e+01 3.29516525e+01 1.38336853e+02 4.39594955e+01
 5.74839668e+01 1.01980438e+02 2.99229175e-02 1.61369858e+02
 2.65763817e+01 3.51834030e+01 1.95567566e+02 1.35824490e+01
 3.54648987e+02 4.07915611e+01 8.31206055e+01 9.81028843e+00
 7.29208832e+01 1.76351719e+01 1.56948233e+01 1.25167366e+02
 7.51371908e+00 2.94795715e+02 1.74724255e+01 7.79755859e+02
 4.99988327e+01 7.19352531e+00 7.22284889e+00 1.67413807e+01
 2.41292286e+01 1.39499264e+01 2.37617760e+01 2.73247957e-01
 1.67941055e+01 3.15185375e+01 2.59966370e+02 2.76036968e+01
 4.05744751e+02 1.05178406e+03 6.30388870e+01 1.23226891e+01
 5.55272522e+02 2.37438812e+01 4.41904907e+01 6.94560791e+02
 1.55380058e+00 1.26417892e+02 5.61709900e+01 1.38871262e+02
 4.78984192e+02 2.95743008e+01 1.93605438e+02 7.61287766e+01
 7.13687897e+00 1.67540669e+00 8.40407562e+01 8.16382370e+01
 1.15232185e+02 5.09474564e+00 2.47611160e+02 4.04299255e+02
 7.15560913e+00 1.53841105e+01 4.79239563e+02 1.39453262e+02
 5.18099670e+01 1.66528854e+01 3.83114128e+01 6.44320011e-01
 2.53653216e+00 2.89206787e+02 3.44927101e+01 1.94530070e-01
 7.60921097e+00 8.96564484e+01 9.60137207e+02 8.02477837e+00
 7.93868637e+00 1.26661396e+01 2.85027866e+01 6.74467224e+02
 4.89586487e+01 8.20155029e+01 3.03662659e+02 4.92093372e+00
 8.23695831e+01 1.38009048e+02 4.57654686e+01 3.51846695e+00
 1.48135204e+01 4.35728809e+03 1.77123928e+01 3.35801811e+01
 1.64213693e+00 2.91818359e+02 7.66811609e+00 9.53704300e+01
 1.91625229e+02 2.38052264e-01 6.65239334e+01 7.48234367e+00
 7.33901367e+02 6.02711391e+00 1.66387959e+01 6.93503799e+01
 1.24716934e+02 1.44214363e+01 1.54980812e+01 3.23769264e+01
 1.35036041e+02 5.41440918e+02 1.47220469e+01 3.35273743e+02
 2.72219257e+01 1.30679455e+01 3.40164612e+02 1.17043091e+02
 3.65841789e+01 1.23829288e+01 3.10045700e+01 9.18778458e+01],-113.836426,-187.76393,-381.20468,2.862916,12.978015,1.347995,0.72841126,0.014063220901489258,8604.523010253906,-0.17658352180484443,0.21951271886736004,-0.1688417053341429,0.14547093829285188,8.90732997192754,25.099999999996967,0.0,625000.0,-2.0,-966.0,500.0,6.678532361984253,625000
141.7103,0.1758902,0.4249249,0.019101728,-137.28516,137.28516,[2.7702725e-01 2.2753077e+00 2.6089001e+00 1.4000225e+00 3.7354234e-01
 6.9732943e+00 3.7137728e+00 5.5737472e+00 2.2280087e+00 1.2915812e+00
 6.2804866e-01 1.4404994e+00 2.3321505e+00 2.7402086e+00 3.1246859e-01
 5.1131010e+00 3.1313488e+00 2.2938797e+00 1.6693515e-01 1.9883249e+00
 4.5674582e+00 1.9024551e+00 1.8139514e-01 3.3673486e-01 3.0262238e+01
 8.5189581e+00 2.0337529e+00 2.4288378e+00 1.7363708e+00 4.4051371e+00
 3.4595468e+00 4.0052943e+00 8.5320270e-01 1.4020864e+00 1.6646651e+00
 9.7842274e+00 2.7533507e-01 2.2237487e+00 1.2894289e+00 9.0621978e-01
 3.3949518e-01 5.5091870e-01 3.7403421e+00 4.9015584e+00 1.0028769e+01
 1.9814122e+00 7.9636431e+00 1.5588658e+01 1.7221762e-01 7.0273452e+00
 3.0733290e+00 7.2413749e-01 2.5389600e+00 1.9006404e+00 2.2414398e+00
 5.7516127e+00 1.6300985e-01 3.9496410e+00 4.9293690e+00 1.1861962e+00
 1.7373701e+01 2.5573478e+00 2.1226742e+00 2.4441986e+00 2.3362350e+00
 1.0596406e+00 7.0336396e-01 1.1841195e+00 7.5700539e-01 1.0887715e+00
 2.3508334e+00 1.9169178e+00 7.7019496e+00 1.1704857e+01 1.7856772e+00
 3.3178344e+00 1.2141557e+00 2.0458610e+00 1.1227528e+01 1.4703001e+01
 1.4374466e+00 4.1219225e+00 1.5205660e+01 4.4804710e+01 3.0032048e+00
 1.5332980e+00 2.9664925e-01 5.9959412e-01 3.2812579e+00 2.3296463e-01
 1.6453249e+00 4.9057307e+00 2.2866914e+00 2.9206181e+00 4.1889486e+00
 2.1257949e-01 4.3318892e-01 6.0968504e+00 7.2640920e+00 9.2529545e+00
 6.8222618e+01 6.6648903e+00 7.7278695e+00 1.7123332e+00 1.0404060e+00
 2.2016609e+00 4.6241245e-01 5.9646249e+00 1.2241067e+00 3.5853368e-01
 1.7368084e+01 4.9691029e+00 2.0231205e-01 6.2105131e+00 1.6173806e+00
 6.9528705e-01 7.9031210e+00 1.8037473e+00 7.1898527e+00 1.1451592e+00
 1.3520963e+00 1.1062802e+00 1.1302087e+00 4.4101181e+00 2.6546276e+01
 1.2753131e+00 1.2577143e+00 4.7257237e+00 4.5258594e+00 1.7937127e-01
 1.4367630e+01 1.3199022e+01 1.7802583e+00 4.1909356e+00 1.3371364e+00
 5.1595230e+00 8.4083319e+00 2.7670162e+00 1.0232712e+00 1.2176818e+00
 2.1665921e+00 3.1203511e+00 1.9278567e-01 8.4948530e+00 9.9437923e+00
 3.0035920e+00 6.4519596e+00 3.1681638e-02 7.1334796e+00 7.4313045e-02
 1.1033611e+00 2.6240231e+01 4.6636944e+00 6.7538252e+00 6.7379608e+00
 6.8131785e+00 1.4071839e+00 1.2883360e+01 3.2454543e+00 6.7004395e+00
 8.4025030e+00 9.7151536e-01 2.1358864e+00 4.4544954e+00 6.1029482e+00
 1.0461676e+00 6.6844201e-01 1.7770500e+00 3.2279830e+00 1.6442867e+01
 7.4111567e+00 8.2903242e+00 9.1406479e+00 1.7946934e+00 1.0937798e+01
 7.6280308e+00 5.5837374e+00 1.4955046e+00 2.6185146e-01 3.8257053e+00
 9.8618187e-02 7.6123369e-01 5.0370021e+00 4.2499189e+00 1.5889426e+01
 3.3062932e-01 2.9277151e+00 7.5624065e+00 2.5731091e+00 2.2817039e+00
 4.4362202e+00 8.3093032e-02 5.1279837e-01 8.6441559e-01 1.9476646e-01
 2.8368809e+00 1.7626979e+00 8.3367424e+00 3.0260003e+00 8.7252867e-01
 1.0195152e+01 1.1534512e+01 2.0396659e+00 1.2818054e+00 1.1980972e+00
 1.1152998e-01 5.5891901e-01 1.2345403e-01 4.2535853e+00 3.4918072e+00
 4.3387976e-01 8.6597943e-01 8.9947758e+00 2.8556745e+00 1.0331865e+01
 3.1986496e-01 3.9627928e-01 9.4000334e-01 1.7170229e+00 2.6135799e-01
 1.4905579e+00 1.9801464e+00 3.9172804e+00 1.3484894e+00 9.8338289e+00
 8.5369701e+00 1.1747485e-01 6.8377721e-01 6.2329454e+00 2.9676947e-01
 1.6878273e+00 2.9198513e+00 1.7642766e-01 3.0889446e-01 2.2282178e+00
 2.8873820e+00 1.7800556e+00 4.3420720e-01 1.1435893e+01 9.1125863e-04
 9.6874481e-01 3.6964141e-02 1.6862719e+01 1.7716520e-01 1.9935380e+00
 3.3401680e+00 2.8479660e-01 7.4550128e-01 8.0669022e+00 1.1265831e+01
 1.3114996e+00 4.4603705e+00 6.0968572e-01 1.9979652e-02 1.7750761e+01
 7.9810405e-01],5.4689994,[7.42783928e+00 2.34966826e+00 2.48179317e+00 3.66945195e+00
 3.23011589e+00 6.97831869e-01 9.14884150e-01 2.67918801e+00
 2.31658554e+01 4.49075222e+00 1.07235685e-01 6.11081982e+00
 3.18363404e+00 4.14156961e+00 3.09268475e-01 2.67088175e-01
 9.99096489e+00 3.53118277e+00 6.40057176e-02 7.42565751e-01
 2.48568225e+00 5.14208019e-01 1.47420853e-01 3.84565622e-01
 1.01573811e+01 3.22658682e+00 2.06072855e+00 1.15255761e+00
 2.95268273e+00 3.18485713e+00 4.77091730e-01 1.27395165e+00
 3.41263831e-01 7.37434745e-01 3.95547175e+00 5.88431060e-01
 2.59764218e+00 1.02608910e+01 1.67055154e+00 6.07527554e-01
 3.12236011e-01 3.53135324e+00 2.42238712e+00 2.98616743e+00
 1.04753675e+01 8.59041035e-01 5.39051473e-01 9.41034889e+00
 7.02631325e-02 2.71386433e+00 3.66561651e-01 1.41540837e+00
 5.73189497e-01 3.92604876e+00 5.39041615e+00 2.18545032e+00
 1.75281918e+00 1.19203639e+00 2.11577010e+00 1.20277843e+01
 2.13336253e+00 3.03007412e+00 8.75935435e-01 3.21396971e+00
 4.48105240e+00 3.58221722e+00 4.24632072e+00 9.10748243e-01
 6.12771082e+00 2.12876201e+00 6.59992313e+00 2.65987110e+00
 1.80171061e+00 1.00226154e+01 2.09151769e+00 2.21765113e+00
 2.84842014e+00 5.89005041e+00 6.36863768e-01 2.10304356e+00
 1.92519389e-02 1.90610993e+00 3.86187983e+00 4.75425301e+01
 1.14119780e+00 3.66276908e+00 4.01934147e+00 4.44555473e+00
 1.70103574e+00 1.03597212e+00 4.66306806e-01 8.57649922e-01
 5.71316147e+00 2.11048675e+00 2.01998401e+00 8.03738022e+00
 1.94311447e+01 5.49360800e+00 7.12344074e+00 9.53255773e-01
 6.80605316e+01 1.16106472e+01 1.41608417e+00 3.47685266e+00
 4.68478024e-01 2.08975530e+00 9.71832943e+00 7.63153362e+00
 3.19250607e+00 1.72370183e+00 2.82307892e+01 5.68201423e-01
 3.31368089e-01 8.86934853e+00 6.74253762e-01 3.88629127e+00
 1.89966106e+00 2.46887827e+00 5.35961986e-01 1.77316999e+00
 2.56305218e+00 1.22504681e-01 2.49553204e+00 5.56288481e-01
 9.32756841e-01 4.10666275e+00 3.00975513e+00 4.93778610e+00
 7.37155962e+00 2.08739012e-01 7.82862231e-02 1.48847342e+00
 6.37777805e-01 2.88344085e-01 1.64948618e+00 1.83534122e+00
 6.85057592e+00 1.75975823e+00 7.49030256e+00 5.29298067e+00
 2.50477386e+00 3.48824787e+00 3.82316446e+00 1.59464478e+00
 2.46726185e-01 4.12265587e+00 6.70709085e+00 3.66360359e-02
 3.94630849e-01 1.28932238e-01 2.31865478e+00 2.56962252e+00
 6.19523585e-01 4.00798798e+00 3.29235840e+00 1.44622669e+01
 1.70254111e+00 1.62492418e+00 1.14432344e+01 1.63050079e+00
 1.66519001e-01 2.65894365e+00 3.69945097e+00 1.57294869e+00
 1.61646771e+00 2.54564977e+00 3.18175244e+00 4.37229252e+00
 1.11791456e+00 8.39775276e+00 4.60166574e-01 1.83046257e+00
 7.61750841e+00 6.05220699e+00 3.24659681e+00 2.43217945e-01
 8.20447540e+00 1.53112245e+00 4.50500011e+00 1.64842471e-01
 1.07617222e-01 3.54908824e+00 5.70706558e+00 1.34736547e+01
 1.81623602e+00 3.85278434e-01 3.59820271e+00 4.69762117e-01
 4.12978458e+00 1.65799069e+00 1.92759037e+00 1.73477781e+00
 3.11718613e-01 2.35929370e-01 5.95584202e+00 1.99908924e+00
 5.54247761e+00 4.07766724e+01 1.38834963e+01 1.37476280e-01
 3.72470468e-01 8.64579964e+00 1.16474552e+01 2.33083773e+00
 1.18644524e+00 1.03697052e+01 6.07275426e-01 2.47793734e-01
 5.04953289e+00 3.22836685e+00 4.09525204e+00 3.87783229e-01
 8.43517542e-01 1.02022247e+01 1.19932020e+00 1.48380494e+00
 8.83212376e+00 1.31102505e+01 5.91548324e-01 1.04864025e+00
 1.95433331e+00 1.34041572e+00 4.17280614e-01 1.16439283e+00
 1.31357014e+00 3.68225741e+00 1.32174959e+01 3.36228871e+00
 4.56214607e-01 4.82873082e-01 2.84831691e+00 1.42647159e+00
 9.37667210e-03 3.28120661e+00 8.17488313e-01 2.75036287e+00
 3.01126075e+00 5.03566086e-01 1.05932369e+01 3.38728142e+00
 5.92563248e+00 1.14351249e+00 4.05215293e-01 6.51827216e-01
 7.28265476e+00 2.64173222e+00 7.16232681e+00 5.60426664e+00
 2.27003622e+00 2.17604399e+00 3.68304205e+00 7.33623409e+00
 1.25576048e+01 5.79309082e+00 2.65601349e+00 5.93381643e+00],-88.7012,-160.50375,-400.0,1.6127369,2.9048195,0.9061041,0.632469,88.6425,-41.45288,511.9635,189.38165,0.78833336,0.49638253,0.10541429,-183.6295,183.6295,[7.79173050e+01 2.89250698e+01 9.42928314e+01 4.64761877e+00
 2.80769470e+02 9.56038055e+01 2.35896568e+01 3.52869391e+00
 1.39734364e+01 1.38078041e+01 1.89564095e+01 3.07857849e+02
 7.95637894e+00 7.23946838e+02 4.15703416e-01 4.01184082e+01
 1.51256653e+02 6.31483154e+01 3.92402588e+02 1.15819578e+01
 2.57663422e+01 4.58860931e+01 8.02801086e+02 1.28113815e+02
 4.41462708e+01 1.07019787e+01 4.85124359e+01 8.65855408e+00
 1.16702660e+02 5.27998276e+01 4.22983673e+02 2.57959717e+02
 8.54498444e+01 2.56699162e+01 2.10983963e+01 1.18842728e+02
 2.34804092e+02 2.05907013e+02 3.76378517e+01 2.29447136e+01
 2.99363365e+01 2.07572479e+01 7.17415333e+00 1.13469154e+02
 8.03764954e+01 3.46670609e+01 3.27365540e+02 4.21212864e+00
 9.14394093e+00 3.61832924e+01 5.78971710e+01 1.91862106e+02
 4.64534264e+01 2.44128952e+01 4.93443756e+01 3.77250275e+02
 3.03114758e+01 1.18501152e+02 1.39884558e+01 8.68287720e+02
 1.67881073e+02 1.51804771e+01 6.42034225e+01 1.68997864e+02
 2.12667297e+02 1.77037549e+00 6.45896606e+01 4.38096905e+00
 6.70288010e+01 5.06371927e+00 1.64557922e+02 2.82531204e+01
 1.24792030e+02 4.75599512e+03 4.11022148e+01 2.03889832e+02
 3.40459747e+01 3.75518036e+01 1.50832825e+01 1.45710397e+00
 9.93552704e+01 8.25473022e+01 1.14900513e+01 8.54476471e+01
 6.39808121e+01 5.00834534e+02 4.42825279e+01 7.91396790e+01
 4.65803986e+01 3.05206604e+02 1.39780598e+01 2.31529083e+01
 1.45807831e+02 3.26123734e+01 8.46590805e+00 4.35146141e+01
 3.19950897e+02 2.89685303e+02 4.83182669e+00 2.76120968e+01
 1.02227378e+00 1.23995221e+00 5.84253296e+02 4.86186028e+00
 4.15281372e+01 9.44596481e+00 3.14028525e+00 2.91690407e+01
 1.06269432e+02 2.85735455e+01 2.65091919e+02 1.49497437e+02
 2.26156006e+02 3.21699638e+01 2.00057894e-01 8.86653519e+00
 2.71383858e+01 2.66064362e+02 7.84128380e+00 2.29757095e+02
 5.45627689e+00 1.10103699e+03 4.83101807e+02 8.92721939e+00
 1.95121094e+03 1.17171371e+02 2.94986763e+01 2.19050674e+01
 1.31246429e+02 3.50986443e+01 1.12874138e+02 7.77360773e+00
 1.11790009e+02 9.78661575e+01 2.34116955e+01 8.01919632e+01
 4.55704346e+02 1.65513275e+02 1.17538776e+01 1.24047249e+02
 1.49796973e+03 2.06788635e+01 3.11431923e+01 8.37797623e+01
 1.66724567e+01 2.78437714e+02 9.83161271e-01 8.25343399e+01
 1.05634003e+02 2.85683975e+01 2.05440567e+02 7.10999146e+01
 3.41529236e+01 7.54491699e+02 1.27007942e+01 4.00971527e+01
 1.94065914e+01 1.42507312e+03 4.67793798e+00 1.34717300e+02
 4.90124435e+01 2.32667751e+01 1.52953262e+02 1.87271423e+02
 1.73762169e+01 8.70425781e+02 6.04874756e+02 4.87394447e+01
 1.56601265e-01 3.39811440e+01 2.62389965e+01 1.55835556e+02
 7.22754440e+01 2.29224243e+01 5.63269653e+02 7.52758667e+02
 4.12258224e+01 6.92296219e+01 2.77652764e+00 3.95936108e+00
 1.60013351e+02 1.78876724e+01 3.32390717e+02 3.09029999e+01
 1.35566864e+01 4.05982361e+01 6.46053696e+01 1.06576698e+02
 3.23532990e+02 3.22580528e+01 1.13103653e+02 3.73667297e+01
 2.82409912e+02 6.89015961e+01 4.24632988e+01 2.73838005e+01
 8.88344803e+01 4.64612675e+00 3.55146576e+02 1.28259033e+03
 1.74504828e+00 9.49324875e+01 8.70476379e+01 7.90256977e+00
 1.99613586e+02 1.87874481e+02 4.47684212e+01 1.10512634e+02
 1.65160675e+02 5.46704912e+00 1.69188843e+02 1.79672849e+00
 1.77293396e+01 2.30809875e+02 2.46265030e+00 5.83345451e+01
 1.88438965e+02 2.62320557e+01 4.88653259e+01 4.41741504e+03
 9.00483990e+00 3.21080261e+02 1.33367908e+03 1.05387812e+01
 2.73817501e+01 3.88536011e+02 6.79627228e+01 7.86404190e+01
 3.56091675e+02 8.06405151e+02 2.35013336e+02 3.27807732e+01
 2.42314739e+01 1.05146225e+02 4.90724564e+01 2.52609940e+01
 1.08263826e+01 8.35313110e+02 1.42032959e+02 1.00476151e+01
 7.03137445e+00 1.30607361e+02 1.17518163e+00 1.48144440e+02
 2.02326608e+00 5.06025314e+01 2.87856262e+02 1.05366661e+02
 1.32247757e+02 3.19432602e+01 7.35234528e+01 5.04647888e+02
 1.02089218e+02 1.00175774e+02 8.77270508e+01 7.97604141e+01],295.05,[9.26083469e+00 2.63514404e+01 1.87277660e+01 2.53223610e+01
 1.64630875e+02 9.74232788e+01 5.75675125e+01 2.04132462e+00
 4.94815731e+00 5.92453003e+00 1.81697884e+01 1.60622238e+02
 8.83668804e+00 7.16266968e+02 9.86612141e-01 3.16435909e+00
 1.80185120e+02 1.64399872e+01 3.67861542e+02 3.33259845e+00
 2.03161125e+01 2.37786255e+01 1.47877869e+02 7.12537689e+01
 3.77116776e+01 7.77297668e+01 1.01475582e+01 6.49872923e+00
 1.16998787e+02 5.61394844e+01 5.11730927e+02 2.50038528e+02
 3.22577934e+01 1.50036659e+01 2.10032558e+01 1.29213943e+02
 1.37888214e+02 6.77270355e+01 2.75432377e+01 6.46846390e+01
 6.84529572e+01 2.51153812e+01 7.07966042e+00 5.38794937e+01
 5.14987946e+01 1.44746196e+00 3.18042969e+02 1.67507553e+01
 2.38861275e+01 4.56991539e+01 5.16632271e+01 2.13441467e+02
 8.11226273e+01 1.06365232e+01 4.81968193e+01 3.99872803e+02
 3.56071625e+01 1.19155243e+02 1.39634430e+02 8.79404297e+02
 1.57550247e+02 1.78088989e+01 6.32883720e+01 1.80631592e+02
 9.25800228e+00 2.07633305e+00 1.16164993e+02 2.73602066e+01
 3.45668182e+01 1.41939735e+01 1.51768372e+02 7.81880493e+01
 1.17359833e+02 6.40261133e+03 1.94470463e+01 1.47552902e+02
 3.67291298e+01 8.92325020e+00 1.47285633e+01 8.94597816e+00
 1.06323792e+02 4.23918381e+01 2.55015984e+01 3.80329208e+01
 6.53766098e+01 4.82981689e+02 6.89799309e+00 3.11021042e+01
 5.78726730e+01 2.42600998e+02 1.47253132e+01 2.73458557e+01
 2.69950134e+02 3.88813744e+01 3.25515327e+01 4.35068741e+01
 9.79992126e+02 3.22426880e+02 1.42822819e+01 7.03169632e+01
 1.35492909e+00 2.60538769e+01 8.21259766e+01 1.68983784e+01
 2.82125740e+01 3.72391820e-01 5.62243700e-01 3.50869827e+01
 1.51003220e+02 2.87943935e+01 2.52354462e+02 1.05688568e+02
 2.60776154e+02 2.12980690e+01 6.25145721e+01 1.70000629e+01
 6.26733170e+01 2.52288452e+02 3.58305001e+00 2.40687805e+02
 1.54743135e+00 1.71990149e+03 4.98682007e+02 2.30505009e+01
 2.10578613e+03 2.19644272e+02 3.10453148e+01 1.17985115e+01
 1.45609314e+02 1.53084869e+02 1.03746710e+01 2.58163948e+01
 1.20773743e+02 9.97345047e+01 8.02004719e+00 2.10322189e+02
 5.52517883e+02 1.51872238e+02 2.40977898e+01 7.99792175e+01
 1.70260620e+03 3.32264090e+00 4.24980049e+01 9.36985474e+01
 8.21904087e+00 2.66993713e+02 5.64363623e+00 1.77563858e+02
 1.02933891e+02 1.41789465e+01 2.20847092e+02 6.72923203e+01
 2.84926987e+01 7.70281860e+02 2.58693600e+01 4.02199211e+01
 1.63111782e+01 8.37382629e+02 1.13477478e+01 7.18998795e+01
 2.35027428e+01 6.33813667e+00 1.33169266e+02 2.41421600e+02
 1.89654171e+00 1.60523364e+03 6.84349365e+02 5.02094727e+01
 1.42463331e+01 1.63176231e+01 2.59476700e+01 2.17479210e+01
 2.60099106e+01 2.19347115e+01 5.74790588e+02 7.49701660e+02
 4.17675095e+01 1.19581467e+02 1.03078833e+01 1.28803024e+01
 1.24459656e+02 1.90033226e+01 3.25675385e+02 3.33008575e+01
 8.70408440e+00 4.33027840e+01 5.12164459e+01 3.85530434e+01
 2.19614716e+02 9.25763702e+00 1.11716141e+02 9.07644558e+00
 1.61059097e+02 5.20708160e+01 2.70408878e+01 2.09475517e+01
 1.04471268e+02 9.89672661e+00 2.75789276e+02 1.19182617e+03
 2.20352669e+01 1.51193436e+02 1.06314316e+02 1.90832367e+01
 2.01737640e+02 1.89602509e+02 2.39379349e+01 9.58956833e+01
 1.31733398e+02 1.15503483e+01 1.28351440e+02 1.55020313e+01
 2.07917328e+01 2.28679016e+02 5.30233669e+00 3.83781738e+01
 1.40673248e+02 3.07201233e+01 5.26997566e+01 4.47916895e+03
 1.89517326e+01 3.25601685e+02 9.24501709e+02 1.24510489e+01
 2.62985439e+01 1.04373813e+00 1.61653320e+02 6.73566895e+01
 3.34491028e+02 8.10121948e+02 2.39388824e+02 2.56033630e+01
 1.16131582e+01 5.21684952e+01 2.99208412e+01 2.97991447e+01
 2.52258987e+01 8.48136780e+02 1.33981720e+02 6.66681862e+00
 1.26226320e+01 8.96909332e+01 6.32186222e+00 8.37185669e+01
 1.95354629e+00 2.27792568e+01 2.05399994e+02 6.18525848e+01
 2.81485718e+02 2.88741302e+01 4.61474304e+01 1.66976074e+02
 9.59114838e+01 1.56484344e+02 6.82602539e+01 4.24119720e+01],-101.7961,-200.33015,-366.86768,3.4836116,19.877935,1.3405728,0.74236214,0.0134546346950531,8940.888896942139,-0.05246903565513548,0.002365942929287589,-0.052708422391908656,-0.00910108424270043,24.148916767431523,25.099999999996967,0.0,650000.0,-2.0,-1000.0,500.0,6.63332200050354,650000
138.63005,0.15494259,0.37808904,0.017207228,-134.69421,134.69421,[3.01755691e+00 9.67402458e-01 7.63326660e-02 8.08292770e+00
 3.07482898e-01 3.77887511e+00 5.78443520e-02 2.40464020e+00
 3.27601004e+00 2.50005507e+00 6.37151394e-03 2.63180828e+00
 8.43426585e-01 2.51597226e-01 4.72031021e+00 6.22970772e+00
 4.55129051e+00 6.32629490e+00 7.25841904e+00 5.57161808e-01
 4.14424419e-01 2.79087334e+01 5.55351210e+00 8.36160946e+00
 3.10042691e+00 2.78781462e+00 1.69414163e+00 3.42762804e+00
 1.05826511e+01 4.20997190e+00 2.60307598e+00 5.45074224e-01
 2.24986954e+01 2.19833374e+00 1.78390539e+00 2.16893360e-01
 1.64429939e+00 1.97241127e+00 4.40074158e+00 3.74811220e+00
 2.39319634e+00 2.75936770e+00 1.02570724e+01 7.28707504e+00
 1.00426922e+01 4.14377975e+00 1.23648720e+01 1.51500940e+00
 8.92708874e+00 3.29547811e+00 4.04692602e+00 1.14232028e+00
 7.19529438e+00 2.40329933e+00 1.13474236e+01 5.22095144e-01
 2.13881016e+00 5.42995834e+00 2.79279852e+00 6.48410559e-01
 3.53945065e+00 3.51702571e-01 9.23830390e-01 4.51886606e+00
 1.21960235e+00 4.05159891e-01 1.08754196e+01 8.83700848e+00
 3.74415064e+00 1.36131907e+01 7.78048229e+00 1.33676233e+01
 1.25116920e+00 3.97126985e+00 2.59218240e+00 6.61250949e-01
 7.52971694e-02 1.14496398e+00 9.22658324e-01 1.14047535e-01
 1.80836797e+00 1.32824097e+01 4.67784703e-01 2.27716780e+00
 1.30402720e+00 1.27236223e+01 6.92260599e+00 1.24657845e+00
 1.21328592e+00 2.03258181e+00 3.14282560e+00 3.77162838e+00
 4.18222934e-01 4.48736477e+00 2.17991924e+00 1.95203888e+00
 4.65606928e+00 3.90158832e-01 8.46471214e+00 6.21944010e-01
 5.07278585e+00 1.05673099e+00 4.44864810e-01 1.51320055e-01
 1.22664607e+00 6.39874172e+00 6.68439984e-01 2.12538338e+00
 5.06978464e+00 2.41169143e+00 3.15998554e+00 6.66372967e+00
 1.53416109e+00 9.84580636e-01 5.33623409e+00 1.43263906e-01
 3.02063131e+00 6.96410179e+00 1.13218188e+00 5.39504004e+00
 8.43078423e+00 3.73220414e-01 4.46831036e+00 3.43945265e-01
 3.91402125e-01 9.51379395e+00 4.12826252e+00 4.04694128e+00
 1.04232319e-01 8.95085430e+00 2.31700253e+00 9.16826501e-02
 1.58998346e+00 5.77541031e-02 1.10391378e+00 1.35297896e-02
 1.74417210e+00 1.40133762e+01 1.65731454e+00 4.48434830e+00
 1.91313136e+00 2.02786103e-02 1.02826099e+01 8.81619263e+00
 3.37050319e+00 5.31181717e+00 2.91389656e+00 3.74453783e+00
 4.98469323e-02 6.26405621e+00 1.82212734e+00 2.07619667e+00
 1.06935310e+01 1.95910728e+00 1.96948814e+01 9.75876427e+00
 5.74726999e-01 2.26244658e-01 2.04268789e+00 6.66050076e-01
 3.09056168e+01 6.23330450e+00 2.85575271e+00 1.51252095e-02
 1.65824699e+01 4.15522099e+00 1.53775430e+00 4.43716377e-01
 1.79201818e+00 1.43003333e+00 6.02149308e-01 3.48657846e+00
 5.33066869e-01 3.11225772e+00 3.21381950e+00 4.39433193e+00
 1.02227716e+01 1.72316265e+00 2.46750474e+00 5.23715878e+00
 7.90066195e+00 3.08912969e+00 6.93703079e+00 5.07943821e+00
 2.65829468e+00 2.71700263e+00 3.44282532e+00 7.36543059e-01
 3.02330613e+00 4.02314439e-02 9.76956081e+00 3.09664190e-01
 4.29766941e+00 4.34957445e-01 7.73391104e+00 2.46593761e+00
 1.33435965e+00 3.91733229e-01 7.66490817e-01 1.52806778e+01
 4.26611423e-01 1.12409611e+01 8.55163479e+00 5.98314404e-01
 7.26141357e+00 5.62656212e+00 3.20292950e+00 4.54303622e-01
 7.97576010e-01 4.51197815e+00 5.07575989e+00 5.04383230e+00
 3.90293765e+00 9.34390426e-01 2.74878073e+00 3.78589058e+00
 1.01679516e+01 2.26017094e+00 9.56086540e+00 3.89993310e+00
 1.45189929e+00 3.37176830e-01 6.21289587e+00 4.13745308e+00
 8.45562696e-01 9.15233135e-01 2.69509935e+00 1.33632809e-01
 1.72400761e+00 7.80075598e+00 1.20860350e+00 7.15980306e-02
 1.95902646e+00 1.73914871e+01 7.51512110e-01 6.82293367e+00
 1.83524156e+00 6.25270844e-01 4.18018723e+00 3.26108277e-01
 3.19410086e-01 4.48465556e-01 7.02847004e+00 3.89414811e+00
 1.75900769e+00 7.74412918e+00 6.07368755e+00 3.59088689e-01
 3.22999030e-01 9.10466309e+01 1.57110083e+00 2.26330614e+00
 1.48708792e+01 2.14951515e+00 1.47505975e+00 2.81674080e-02],5.3820305,[1.9672216e+00 3.1903982e-01 3.0400667e+00 3.8715153e+00 1.0551360e+00
 2.8175421e+00 2.1666660e+00 4.1338477e-01 3.0031271e+00 1.0573829e+01
 1.7438991e+00 1.0300207e+00 6.0984516e+00 5.7161766e-01 7.6109785e-01
 4.4138688e-01 8.0814714e+00 3.0390067e+00 1.5533102e-01 1.1292111e+00
 4.4441742e-01 9.2849951e+00 7.0815909e-01 2.2177887e+00 2.3888280e+00
 1.0984140e+01 6.8291826e+00 1.9028348e-01 4.3941382e-01 4.0764747e+00
 9.0049148e-01 5.2126128e-02 2.1625118e+00 6.9411564e-01 2.4677615e+00
 5.3679652e+00 2.9310389e+00 1.7976868e+01 8.6266750e-01 1.8585057e+00
 3.6561193e+00 1.0676091e+00 2.8174226e+00 1.8103857e+00 1.0085578e-01
 1.4987433e+00 8.2551384e-01 8.1227921e-02 4.3541551e-01 4.3133163e+00
 1.1319765e+00 1.8007784e+00 5.1655918e-01 2.1574922e+00 1.8262506e+00
 4.8138103e+00 4.7689481e+00 2.4372041e+00 2.6018794e+00 3.4436662e-02
 2.6927562e+00 3.8167536e-01 2.6542842e-01 6.3950911e+00 2.5381384e+00
 1.3980962e-01 7.1278405e-01 6.7212594e-01 2.5853822e+00 4.5530291e+00
 2.7444720e+00 3.5421516e+01 4.0551419e+00 7.5762615e+00 6.6340389e+00
 3.7985406e+00 7.7225082e-02 7.4518967e-01 8.3860111e+00 1.7201021e-01
 2.0406288e-01 1.2937541e+00 1.7325738e-02 1.1304367e+00 9.0392408e+00
 9.4544989e-01 7.4637002e-01 3.8577759e-01 1.2930239e+00 6.2681031e-01
 8.0225396e-01 3.4389016e-01 2.3187578e+00 6.5600693e-02 1.8792462e+00
 3.8687828e+00 4.5352225e+00 3.0651045e-01 5.2684755e+00 1.3977637e+00
 1.0123609e+00 2.6745388e-01 3.8898387e+00 7.8639913e-01 5.5994570e-01
 3.0899120e-02 3.3467097e+00 1.8939104e-02 3.3604681e+00 1.7535743e+00
 2.5939445e+00 1.5594851e+00 1.5171099e+00 5.6515923e+01 1.5441389e+00
 1.9195713e-01 8.2488179e-01 1.5631372e-01 1.0861357e+00 2.2089097e+00
 9.7682901e-02 1.9381636e+00 1.8375828e+01 9.9211946e-02 4.8558041e-02
 3.6080015e+00 2.3714960e+00 7.3312836e+00 2.1140161e-01 1.2699208e+00
 1.1340302e+00 2.0970609e+00 1.9732090e+00 1.6158373e+01 1.0285285e+00
 2.8892793e-02 9.6880331e+00 1.0428626e-01 7.8195200e+00 7.1119696e-01
 6.9890370e+00 2.9809926e+00 2.4016590e+00 3.9691529e-01 6.1855249e+00
 8.1576777e+00 1.6847534e+00 3.6615844e+00 2.0922485e-01 2.9558840e+00
 2.2024269e-01 1.2950144e+00 5.3817352e+01 6.7793999e+00 7.3403645e-01
 1.0645056e+00 5.2471743e+00 5.7750863e-01 1.3177208e+01 1.3018737e+00
 5.2008133e+00 3.9298692e+00 7.6985865e+00 2.5427572e-02 2.0311245e+01
 2.3344994e+00 6.6482747e-01 3.2783873e+00 1.2323231e+00 3.9026873e+00
 1.0419610e+00 5.1879816e+00 6.2848139e-01 3.5563080e+00 1.6360948e+00
 3.1072122e-01 7.1720123e-01 9.1775823e-01 5.5604115e+00 1.6897277e+00
 2.5111997e+00 4.5215912e+00 6.2152791e-01 6.9782066e-01 2.4452548e+00
 1.6381435e+00 1.3072875e+00 3.1424761e+00 1.9202411e+00 2.5022518e-02
 1.1270065e+00 6.6301286e-02 3.4284818e-01 1.6470726e+01 3.5038626e+00
 6.3216414e+00 7.6910250e-02 3.7108168e-01 1.4481403e+00 3.2767971e+01
 5.5726228e+00 4.8391752e+00 1.7136368e-01 6.1077714e-02 2.6858888e+00
 1.0000060e+01 1.4082948e+00 1.0481279e+00 1.0635652e+01 9.8458111e-01
 8.8359463e-01 5.9926872e+00 1.1437087e+00 2.7803440e+00 1.9816006e+00
 5.4262513e-03 4.8966589e+00 2.6059020e+00 1.4617778e+00 9.6265155e-01
 2.7173546e-03 6.3475716e-01 6.8175226e-02 3.0492812e-01 2.1083350e+00
 1.3292069e+01 1.4598055e+00 5.9968464e-02 1.0999060e+00 2.5233445e+00
 1.0808069e+00 6.8267697e-01 5.7183523e+00 4.5128429e-01 1.1100821e+01
 2.7877903e+00 1.0650016e+00 2.5652507e-01 1.1281869e+00 2.4539864e-01
 8.3464499e+00 3.6925484e+01 7.5954061e+00 9.4678205e-01 4.3319991e-01
 8.4002752e+00 1.2590623e-01 3.1144233e+00 9.6434891e-01 2.2842367e+01
 2.8649325e+00 7.0880499e+00 2.6190677e+00 3.4787872e+00 6.3260019e-02
 1.5553319e-02],-72.18739,-165.42249,-400.0,1.7555022,18.011726,0.9466591,0.6395258,139.04375,-424.29688,1071.8214,194.13792,0.79861325,0.5201778,0.109311394,-188.13753,188.13753,[3.80068390e+02 8.27195129e+01 6.41243347e+02 6.58065948e+01
 2.27973480e+01 5.31298561e+01 2.23512721e+00 1.50334263e+01
 1.44838684e+02 5.55686584e+02 1.97666340e+01 2.16132393e+01
 7.57474182e+02 2.71194029e+00 3.54678894e+02 1.06896553e+02
 4.20623169e+01 2.16126404e+02 4.40718536e+01 1.07839249e+02
 5.68229141e+01 2.74937391e+00 1.81847324e+01 2.74853497e+01
 2.92214947e+01 1.76240204e+02 1.40415287e+01 3.57523987e+02
 1.27962029e+00 1.40777664e+01 6.41271687e+00 1.83563477e+02
 1.16874359e+02 4.20477966e+02 1.12364902e+01 2.60795898e+01
 3.27302612e+02 1.16643324e+01 7.29972382e+01 3.30823021e+01
 6.47388458e+01 3.51709824e+01 4.59253311e+01 1.13136650e+02
 2.53871040e+01 3.75843536e+02 3.17973969e+02 6.49200592e+01
 9.20396566e-01 4.21691284e+02 7.38710327e+01 1.85051899e+01
 3.35967255e+01 4.39748726e+01 6.53188629e+01 1.39050003e+02
 4.15050049e+01 1.68800995e+02 4.37283478e+01 1.09273949e+01
 2.50804596e+02 1.37139603e+02 5.17480755e+00 1.52286994e+00
 3.35897278e+02 9.35133209e+01 4.44199257e+01 6.84356689e+00
 5.61252060e+01 2.71738701e+01 3.06826763e+01 1.27806215e+01
 2.81759510e+01 3.15196800e+00 6.61885605e+01 1.68664459e+02
 5.52609940e+01 2.92576523e+01 1.69699982e+02 9.16372147e+01
 6.47628021e+01 3.51706654e-01 9.96179581e+00 1.39250603e+01
 2.49717951e+00 3.00744858e+01 1.95915207e-01 7.04966259e+00
 8.05045319e+01 5.30078087e+01 6.05504211e+02 3.22704620e+01
 1.08318085e+02 2.53159008e+01 8.31406860e+01 3.11821823e+01
 1.16974802e+01 3.45793495e+01 8.96913025e+02 2.95446682e+01
 1.88042717e+01 1.25327026e+02 5.38893738e+02 2.74466064e+02
 9.34104492e+02 1.86467493e+00 8.79887451e+02 6.85069704e+00
 2.63687469e+02 3.96206141e+00 2.50318184e+01 4.58753300e+00
 5.75599003e+00 8.05781128e+02 4.80853310e+01 4.61173126e+02
 1.75186493e+02 1.41796665e+01 8.31460266e+01 1.37738739e+02
 1.61558517e+02 2.56608963e+01 3.85523300e+01 1.14346766e+00
 1.09896497e+03 9.75197411e+00 7.88311844e+01 3.45640820e+03
 7.30665493e+00 4.38095245e+01 6.04371460e+02 1.34464249e+02
 6.89029907e+02 1.77048019e+02 6.70829163e+01 1.25224991e+02
 6.03551064e+01 1.45238257e+03 1.64807739e+02 7.25734619e+02
 1.64554428e+02 1.15507439e+02 9.36958313e+00 4.85572395e+01
 1.35030997e+00 9.04124146e+01 2.41378708e+02 6.34659882e+01
 1.20211243e+02 1.97653839e+02 5.67943048e+00 1.29411697e+02
 1.51655396e+02 2.92986877e+02 1.91920975e+02 2.63171425e+01
 8.94958801e+01 1.68788185e+01 1.05379303e+02 2.60286789e+01
 1.67494186e+02 1.72731342e+01 4.38609962e+01 2.53779694e+02
 7.15534306e+00 2.31190624e+01 1.25053418e+00 2.60854523e+02
 5.11379890e+01 5.27326889e+01 1.78390283e+03 7.61660400e+02
 8.80105686e+00 5.99765587e+01 5.12944336e+01 6.32575264e+01
 1.12912488e+00 2.43821960e+02 8.34889221e+01 1.00144507e+03
 6.36136246e+01 5.93416786e+01 1.60251556e+02 5.37147446e+01
 4.13021423e+02 9.97196198e-01 5.87827881e+02 1.67731667e+01
 1.99024536e+03 1.14377411e+02 4.25421867e+01 1.92160168e+01
 9.76787659e+02 1.85421205e+00 1.36163055e+02 8.52099419e+00
 4.93530197e+01 3.52362099e+01 5.78832579e+00 2.40274930e+00
 7.33791885e+01 6.55308723e+00 1.62302780e+02 7.44790955e+01
 1.47525558e+01 1.75467834e+01 2.57856979e+01 7.19143105e+00
 4.27807922e+01 3.98547028e+02 2.24850616e+01 1.27745410e+03
 7.99444427e+01 3.84576187e+01 1.67667351e+01 1.34823771e+01
 7.00844109e-01 8.75465210e+02 2.62117939e+01 6.79990082e+01
 2.40349396e+02 2.41997490e+01 5.28876831e+02 6.77482986e+00
 2.20074463e+02 1.36414307e+02 5.22429657e+01 4.67837463e+02
 6.31107521e+01 1.13526907e+01 6.74100189e+01 6.47291374e+00
 4.70394745e+01 2.52017899e+02 2.75739288e+01 5.61626953e+02
 3.28036880e+01 4.74903183e+01 9.11737061e+01 9.03378296e+00
 2.77515755e+01 2.12500877e+01 1.87220993e+01 3.36162994e+02
 4.70018539e+01 7.41390503e+02 3.97109566e+01 2.23227272e+01
 1.49752487e+02 5.47732773e+01 1.15608940e+01 2.21161518e+01
 2.82277679e+02 5.61153687e+02 2.28609657e+01 3.44667625e+01],275.65305,[4.37542603e+02 4.49101257e+01 6.20724121e+02 5.86249313e+01
 2.45820026e+01 6.06195526e+01 4.35875034e+00 3.56288490e+01
 1.38957840e+02 7.93463013e+02 4.58573532e+01 6.37833691e+00
 1.28908447e+02 4.59984064e-01 3.21892914e+02 5.71602478e+01
 4.76544800e+01 6.20596046e+01 4.61720428e+01 1.06819351e+02
 4.54951782e+01 8.38050556e+00 7.61311493e+01 3.02082443e+01
 5.40324879e+00 1.92351349e+02 2.94757915e+00 5.28690430e+02
 1.82477798e+01 3.40520744e+01 9.45610905e+00 3.15124989e+01
 1.22012985e+02 5.08468842e+02 8.82527828e+00 1.37613297e+01
 8.10468521e+01 6.19920502e+01 6.79836731e+01 2.68149071e+01
 6.30718842e+01 3.54821587e+01 1.12601601e+02 1.09797836e+02
 4.39850349e+01 3.98488800e+02 3.20703857e+02 5.63266945e+01
 1.69851768e+00 1.49079056e+02 6.50984344e+01 9.01298428e+00
 3.92974472e+01 1.25736208e+01 6.49126816e+01 1.16053680e+02
 2.80000458e+02 1.73838959e+02 3.21887589e+01 1.25300388e+01
 2.41937927e+02 1.70266983e+02 1.51208658e+01 9.75182800e+01
 1.85321411e+02 1.02690430e+02 2.05662746e+01 5.12941265e+00
 1.37198166e+02 4.29499207e+01 2.90981598e+01 6.60117340e+00
 7.42795258e+01 9.75565624e+00 5.28370667e+01 1.37017578e+02
 2.93239288e+02 1.25737076e+01 1.78771042e+02 1.50891237e+01
 2.68656006e+02 1.98288994e+01 5.98746109e+00 3.67632151e+00
 1.34810390e+01 1.41163158e+01 5.18861866e+00 1.86980515e+01
 1.25245323e+02 9.61465836e+01 5.38965820e+02 3.38306732e+01
 2.55422150e+02 2.39272952e+00 2.81223183e+01 3.94289055e+01
 1.75308056e+01 2.09763775e+01 9.00759399e+02 5.27215424e+01
 4.68430214e+01 2.05849014e+02 5.13500916e+02 3.18838867e+02
 1.90744370e+02 3.60648918e+00 5.20811584e+02 3.67844582e+00
 2.79873718e+02 8.37324524e+00 2.43122063e+01 2.80320911e+01
 4.30636330e+01 5.57473267e+02 2.97364063e+01 4.34070740e+02
 1.25108200e+02 1.26353521e+01 9.89724350e+00 3.30727921e+01
 1.68688263e+02 8.32438564e+00 1.69432011e+01 1.19945490e+00
 6.57149536e+02 4.95201254e+00 7.53762894e+01 3.54349414e+03
 5.27306290e+01 3.89368896e+01 7.96380615e+02 1.41691498e+02
 5.05870148e+02 2.36276215e+02 7.15278275e-03 4.30761108e+02
 4.39616203e+01 1.58902539e+03 1.64095596e+02 6.90863770e+02
 1.56306366e+02 1.11894104e+02 3.07841358e+01 4.17889328e+01
 1.31920159e+00 3.84189392e+02 4.32937958e+02 2.57933235e+01
 1.35954437e+02 9.07954597e+00 8.47485006e-01 1.23478813e+02
 1.45012680e+02 3.20800812e+02 2.91522308e+02 4.80873060e+00
 3.42896538e+01 2.54599171e+01 8.96280670e+01 1.00766190e+02
 1.74656525e+02 8.31390152e+01 6.31066284e+02 2.35841888e+02
 7.82569551e+00 2.05425301e+01 2.36599398e+00 2.56129639e+02
 9.40075684e+01 5.64534073e+01 1.43626990e+03 1.08494617e+03
 3.32395287e+01 5.79018784e+01 4.12047424e+01 4.80744324e+01
 1.74817867e+01 2.58617828e+02 1.78471588e+02 7.21664490e+02
 1.54355831e+01 4.53910294e+01 1.56396027e+02 3.49946365e+01
 4.64538361e+02 7.22420168e+00 5.65090515e+02 2.70220661e+01
 2.20099121e+03 9.91406860e+01 4.93366966e+01 1.17717619e+01
 8.81992676e+02 8.81348610e+00 1.51402039e+02 1.10328608e+01
 4.89383698e+01 1.53463535e+01 2.10218668e+00 1.55882111e+01
 6.80717545e+01 1.05358868e+01 1.57366623e+02 2.18952560e+01
 2.17193546e+01 1.22134066e+01 2.94862061e+01 4.20055771e+01
 2.51436329e+01 4.35771210e+02 1.43777609e+01 3.21127716e+02
 4.38546181e+01 1.43499126e+01 1.76769714e+01 1.26840767e+02
 3.01046467e+00 8.83021667e+02 2.29575977e+01 6.99449158e+01
 1.93596008e+02 2.81640363e+00 4.67625183e+02 6.15468073e+00
 2.20949036e+02 5.93901634e+01 8.37704849e+01 1.07249687e+02
 5.56064568e+01 1.34805717e+01 2.52769833e+01 8.13697934e-01
 5.15504694e+00 1.59045059e+02 1.30622520e+01 6.51781921e+02
 3.26371765e+01 5.66218452e+01 1.27615532e+02 1.44179897e+01
 8.49331856e+00 1.35609846e+01 2.91855736e+01 4.55558472e+02
 6.11015129e+01 7.23752441e+02 6.46528473e+01 1.77424355e+01
 8.80845642e+01 1.05444427e+02 3.93655539e+00 3.71133270e+01
 3.05722870e+02 7.00862610e+02 2.36501522e+01 1.20412922e+01],-109.70369,-201.59427,-376.75,3.4582994,28.252298,1.3758018,0.7499301,0.014128387145996093,9294.09859251976,-0.14956895118268085,-0.044970441672043455,-0.152162903571439,-0.06066005886550612,-0.7171487977878032,25.099999999996967,0.0,675000.0,-2.0,-996.0,500.0,6.718968391418457,675000
136.38298,0.19539371,0.3880575,0.019036612,-132.307,132.307,[9.29071331e+00 7.21687198e-01 1.94473177e-01 1.92602491e+00
 6.02654505e+00 2.23464823e+00 2.21127689e-01 8.52444351e-01
 7.31742561e-01 3.02371204e-01 4.48987961e+00 1.07721853e+00
 5.82064629e+00 6.97028303e+00 1.23322659e+01 1.66120380e-01
 1.18513012e+01 3.92568922e+00 1.19150662e+00 1.97479084e-01
 2.84154396e+01 9.38398898e-01 1.44346684e-01 5.71071434e+00
 3.96400356e+00 1.63833785e+00 4.65638733e+00 1.01150036e+00
 8.14210176e-01 2.83647418e-01 3.26656580e+00 3.85372162e+00
 3.16859055e+00 5.38880062e+00 4.86778212e+00 1.64016128e-01
 4.21966934e+00 9.79246140e+00 5.67904472e+00 7.84651947e+00
 2.29463503e-01 8.39991450e-01 5.17390549e-01 7.39336872e+00
 1.63549602e+00 3.36648512e+00 6.69429779e+00 2.67184663e+00
 5.55169296e+00 2.88628846e-01 3.82339525e+00 6.00400591e+00
 4.95026207e+00 1.24017560e+00 3.18711233e+00 1.12713754e+00
 1.50236034e+01 4.01314688e+00 2.12637615e+00 3.08708119e+00
 5.86055374e+00 3.15979958e+00 1.64506316e+00 7.61944771e-01
 1.05106330e+00 3.23780441e+00 7.64840775e+01 3.54756904e+00
 8.20240021e-01 6.93524361e+00 1.51262021e+00 1.91402662e+00
 8.31281602e-01 1.23782754e+00 6.95594501e+00 7.06889009e+00
 2.81581879e+00 8.92384946e-02 1.75448036e+00 5.56571543e-01
 4.36266851e+00 5.19665813e+00 2.31797457e+00 1.56622982e+00
 1.65607786e+00 4.28495586e-01 3.09970713e+00 4.09528780e+00
 1.56014853e+01 1.81637073e+00 7.22340703e-01 8.28398991e+00
 1.19527996e-01 1.95504636e-01 1.62150238e+02 2.19008303e+00
 1.42866242e+00 1.11365628e+00 3.39138198e+00 1.40923098e-01
 3.72501540e+00 1.39933863e+01 7.90195656e+00 1.24643540e+00
 2.63972616e+00 7.68198109e+00 9.81164694e-01 1.63793449e+01
 6.02032900e+00 1.88008338e-01 3.16797304e+00 1.08092654e+00
 3.81860286e-01 4.52460945e-01 6.56570435e+00 3.40151739e+00
 7.71154940e-01 2.40190601e+00 8.44231427e-01 2.14018330e-01
 2.43718672e+00 4.41767406e+00 1.21251383e+01 1.38655412e+00
 3.72535698e-02 1.56403720e+00 6.42144251e+00 8.32602596e+00
 3.74511337e+00 5.04971147e-01 5.74362874e-02 1.73878217e+00
 1.69565201e+00 8.03968811e+00 9.16520506e-02 5.37781358e-01
 2.40185118e+00 1.05552435e+00 9.73003769e+00 1.39428425e+01
 4.49058294e+00 1.33555722e+00 6.20264816e+00 3.85891175e+00
 7.57549715e+00 3.69277775e-01 2.37750959e+00 7.28900242e+00
 4.33710957e+00 1.40650797e+00 2.08101869e-01 1.33956289e+00
 5.38374662e-01 6.17745209e+00 4.03863430e-01 2.37619251e-01
 1.00288820e+00 3.59962034e+00 1.52386582e+00 7.40891123e+00
 2.92310357e+00 5.40480196e-01 1.09515272e-01 5.67588091e-01
 1.59064567e+00 3.10008883e+00 1.26512718e+00 1.84706664e+00
 1.07632792e+00 1.37373734e+00 1.79676700e+00 3.84973645e+00
 3.13837158e+02 3.52639413e+00 7.85181999e-01 5.74621916e+00
 1.64506340e+00 3.21184576e-01 2.28693748e+00 8.49649727e-01
 2.11514854e+00 2.02859020e+00 2.06824660e+00 2.33500004e+00
 1.13871479e+00 8.29139709e+00 1.64664760e-01 2.59532666e+00
 2.11343074e+00 4.42173690e-01 9.26178360e+00 4.95626163e+00
 9.32228565e-02 2.19246459e+00 4.42309916e-01 1.22671080e+00
 9.84286785e-01 1.28182602e+00 1.56553841e+00 3.25911194e-02
 2.06655502e-01 1.22066746e+01 7.87581682e-01 2.33573818e+00
 3.56363833e-01 2.32319522e+00 2.35962892e+00 3.96136498e+00
 6.78561401e+00 4.34548664e+00 6.08952332e+00 1.24981737e+00
 4.17514861e-01 1.85079217e+00 3.26255512e+00 1.11021197e+00
 7.63553858e-01 5.72582409e-02 1.09639132e+00 5.95194530e+00
 3.70850229e+00 5.33562756e+00 2.12561631e+00 1.23908186e+01
 9.33961011e-04 1.54160824e+01 5.49561787e+00 1.05640602e+00
 1.12097750e+01 6.15509319e+00 2.77661967e+00 7.18759632e+00
 8.99336457e-01 8.83576274e-02 3.02878952e+00 1.27836819e+01
 1.36845608e+01 4.31524181e+00 2.13789678e+00 7.61194324e+00
 2.30435658e+00 2.70173931e+00 3.86443448e+00 1.91563301e+01
 3.89148861e-01 8.48166049e-01 4.51770306e+00 8.23266387e-01
 1.12412989e+00 4.89222646e-01 6.49694729e+00 1.89614034e+00
 1.04761820e+01 1.60465789e+00 8.89997602e-01 2.95034909e+00],7.241576,[3.09934211e+00 1.65815639e+00 2.40946198e+00 1.30241976e+01
 1.05547726e+00 1.85968685e+00 5.03653884e-01 5.16964531e+00
 3.63065910e+00 5.15767193e+00 1.38163829e+00 1.46547645e-01
 1.92729998e+00 2.55347085e+00 3.75104856e+00 2.29570344e-01
 3.76215100e-01 8.88296509e+00 3.51033878e+00 1.76986098e+00
 1.49396968e+00 1.61651459e+01 3.47572982e-01 4.71065903e+00
 1.31086624e+00 1.39126396e+00 3.55970478e+00 7.52529716e+00
 7.34629536e+00 3.65549624e-01 3.50501823e+00 7.89372802e-01
 2.29201198e+00 5.43788016e-01 3.27113318e+00 7.58323574e+00
 3.58621001e-01 7.06027269e+00 4.13415909e+00 2.47934327e-01
 1.26981640e+01 8.87643909e+00 2.99645519e+00 1.13491929e+00
 2.90701485e+00 3.66639271e-02 3.76839542e+00 4.54166770e-01
 4.88970697e-01 4.40845251e+00 4.29032624e-01 1.16544056e+00
 4.28108692e+00 1.54931322e-01 3.64479613e+00 1.40345109e+00
 6.06454544e+01 9.38120270e+00 3.18793178e+00 5.46798992e+00
 9.71879736e-02 8.95215105e-03 6.79703093e+00 5.04039860e+00
 6.33176327e+00 7.23191381e-01 7.75011292e+01 2.67451477e+00
 5.93872881e+00 2.69924951e+00 1.27006130e+01 1.42630589e+00
 5.28908587e+00 3.81154203e+00 4.85971022e+00 7.69711137e-01
 6.42742729e+00 2.47053243e-02 3.29447579e+00 1.20278215e+00
 2.95831114e-01 1.60580289e+00 6.38646984e+00 7.14669228e-01
 7.29045689e-01 6.39641762e-01 1.21749058e-01 1.99262869e+00
 1.82122672e+00 3.68149066e+00 8.63666713e-01 3.50866795e-01
 9.80396152e-01 2.54110694e-01 1.75934906e+01 4.29536152e+00
 6.33182049e+00 9.41911125e+00 1.82190971e+01 4.12441492e+00
 1.40969992e+00 2.82632279e+00 1.12792289e+00 8.40853024e+00
 5.21143913e+00 7.01220560e+00 2.17329812e+00 2.06270733e+01
 2.02902102e+00 1.41041017e+00 4.28036302e-01 9.98341978e-01
 1.35479379e+00 1.38686109e+00 2.06727481e+00 1.73834646e+00
 1.98059690e+00 1.89850438e+00 3.16512132e+00 7.09496021e+00
 1.28863171e-01 1.27991319e+00 6.00470591e+00 7.29527950e-01
 1.03584170e+00 2.35551691e+00 6.07278824e-01 4.85742658e-01
 8.66506577e+00 7.26292729e-01 5.31471670e-02 8.26771975e-01
 2.53975719e-01 1.75051957e-01 2.60655254e-01 5.72068512e-01
 6.97589159e-01 3.62186337e+00 4.34636450e+00 3.11226821e+00
 1.48572624e+00 1.17072999e+00 2.74159765e+00 1.24116910e+00
 1.87130773e+00 1.61067057e+00 3.78485727e+00 2.85762286e+00
 4.68769550e+00 2.02174973e+00 3.21674377e-01 2.24280691e+00
 6.43382025e+00 9.61821675e-01 2.73478460e+00 6.35906982e+00
 2.02161002e+00 7.06856191e-01 5.01866245e+00 9.74760890e-01
 2.47220159e+00 4.32295895e+00 1.73638165e-01 9.19077587e+00
 8.52749765e-01 3.00083971e+00 4.56111860e+00 2.95201492e+00
 2.64477682e+00 3.74551344e+00 2.95550060e+00 4.36985826e+00
 2.21181747e+02 8.12477350e-01 1.88612823e+01 2.55402803e+00
 7.26605225e+00 7.69448519e-01 1.97406650e-01 5.69859123e+00
 3.24616027e+00 4.50931501e+00 2.38879442e-01 9.44977403e-01
 2.67666698e+00 2.99639791e-01 3.18792510e+00 1.00546408e+00
 2.69044113e+00 3.72493553e+00 1.66181803e+00 1.35138297e+00
 3.40350688e-01 1.85483909e+00 5.33648157e+00 3.00311422e+00
 5.47715950e+00 5.32479715e+00 2.14332819e+00 7.93812796e-02
 1.25848979e-01 1.16544285e+01 6.85328901e-01 3.12815666e+00
 9.85881835e-02 5.43293571e+00 1.50084341e+00 1.25997138e+00
 2.88793230e+00 6.53782964e-01 1.19234622e+00 5.57020092e+00
 6.00227475e-01 3.85628939e+00 3.38048041e-02 3.70457911e+00
 1.24669228e+01 1.74382162e+00 2.21003056e+00 4.69035797e+01
 3.47702932e+00 5.70679474e+00 4.83539790e-01 1.93744755e+00
 5.01520261e-02 4.65756226e+00 6.38960123e-01 1.58881044e+00
 6.43378735e+00 8.56046021e-01 5.66316795e+00 8.51977617e-02
 9.85645533e-01 8.04245993e-02 4.92391300e+00 8.03901482e+00
 6.78358364e+00 1.19417989e+00 1.93236306e-01 6.15356922e-01
 4.18337202e+00 1.43336754e+01 1.96001577e+00 2.01842356e-02
 2.63517332e+00 3.04456568e+00 1.47716510e+00 1.53002605e-01
 1.86624503e+00 1.44983757e+00 8.64362240e+00 6.69275188e+00
 2.76837873e+00 6.20292759e+00 6.13033056e-01 1.71536052e+00],-43.772476,-162.74619,-399.6897,1.642775,5.0930443,0.9100029,0.6350528,96.71788,-111.462585,555.2078,190.67188,0.7627325,0.51970077,0.101915695,-184.71213,184.71213,[1.21168816e+02 1.29673882e+01 1.43185013e+02 2.57927246e+01
 2.84916153e+01 7.71341934e+01 2.88675537e+02 1.03582848e+02
 3.80184143e+02 6.58220444e+01 1.15408783e+02 6.19016123e+00
 3.98401756e+01 1.19589989e+02 2.06935120e+01 1.80995159e+01
 9.56503201e+00 1.49133196e+01 1.81967087e+02 9.94125824e+01
 3.33526428e+02 3.99591064e+01 1.55299091e+01 1.24160805e+02
 1.29040390e+02 1.77859020e+00 8.58209686e+01 3.30807457e+01
 8.75007202e+02 4.34786510e+00 9.94987488e+00 1.93086567e+01
 1.77093334e+01 1.80983627e+02 5.40940437e+01 2.43731384e+02
 1.26147246e+00 1.27321005e+01 2.18846855e+01 1.66745548e+01
 5.38048058e+01 8.64871120e+00 1.66386490e+01 4.14325043e+02
 2.97254639e+02 1.45796738e+02 1.56238365e+01 5.49111137e+01
 3.85408020e+02 1.15234665e+02 2.19760656e+00 3.36641235e+01
 1.35506494e+03 4.26084076e+02 6.60923767e+01 6.51540756e+01
 1.06460562e+01 1.79940259e+00 1.71744308e+02 6.61080322e+01
 3.74862003e+00 6.47825241e+01 4.87606347e-01 4.37881508e+01
 1.69135712e+02 7.80011597e+01 3.38215218e+01 1.74446392e+01
 6.42801056e+01 7.06766176e+00 3.01778107e+01 9.13929504e+02
 1.18719368e+01 6.66117249e+01 2.52960327e+02 8.35289383e+00
 1.42345314e+01 6.51789780e+01 6.25877619e+00 6.45839996e+01
 1.28362923e+01 3.67027092e+00 1.25724621e+01 5.20968079e+02
 3.30061798e+01 8.48915100e-01 3.91565285e+01 1.15501602e+02
 1.70324821e+01 1.16764763e+02 5.49537754e+00 1.88473682e+01
 6.81610632e+00 5.37445335e+01 7.76669769e+01 5.42543650e-01
 8.36367702e+00 1.12248840e+01 4.59530687e+00 5.49260437e+02
 9.11752075e+02 1.31024241e+00 1.44232254e+02 2.06604584e+02
 4.79584900e+02 2.34342987e+02 2.71080231e+02 2.51978836e+01
 3.92280793e+00 4.52863953e+02 4.02368011e+02 3.61800110e+02
 3.44592571e+00 5.16691351e+00 8.57365265e+01 2.40302353e+02
 3.03404480e+02 4.71701317e+01 1.29437500e+02 7.70988281e+02
 6.87789459e+01 7.32198975e+02 1.73476105e+02 6.56676197e+00
 4.41913247e-01 4.00171051e+01 5.34224749e+00 2.63284721e+01
 1.90105896e+01 9.13965759e+01 1.19709314e+03 2.77749748e+01
 6.27970695e+00 6.25814331e+02 2.35912552e+01 2.55408249e+01
 3.25824707e+02 5.33232832e+00 1.39077942e+02 8.76374435e+00
 7.55368710e+00 6.39764786e+00 2.97030277e+01 2.78487434e+01
 3.89194870e+01 8.37041759e+00 3.72592010e+01 2.22406731e+01
 4.13617096e+01 6.56112719e+00 2.01624344e+02 1.14644981e+02
 3.06147766e+02 4.25197067e+01 7.78666592e+00 2.45002716e+02
 7.30788660e+00 4.02396202e+01 9.45318680e+01 2.91289854e+00
 1.14226181e+02 2.72571583e+01 5.20102722e+02 2.47167110e+00
 3.43224976e+02 6.04231186e+01 4.16033936e+00 2.05735870e+02
 3.72538071e+01 3.37416306e+01 5.18820038e+01 5.93365234e+02
 4.00493652e+02 6.16404114e+01 7.93042374e+01 3.69522400e+01
 3.17994568e+02 1.31226746e+02 1.33062134e+01 4.36131744e+01
 1.50610992e+02 1.10609581e+02 5.89553375e+01 1.01700294e+02
 2.39431839e+01 5.34438210e+01 6.73658295e+01 1.59087524e+02
 4.07225227e+01 8.14505081e+01 1.32874954e+02 7.35598679e+01
 2.02790131e+02 6.84238315e-01 3.29073548e+00 3.82830811e+02
 2.77561584e+02 1.85501266e+00 3.10927551e+02 4.75162231e+02
 5.72887192e+01 6.65809402e+01 1.01843605e+02 1.14218941e+01
 2.07623505e+02 6.48620300e+01 4.38859406e+01 1.17351768e+02
 7.29670944e+01 3.67794342e+01 3.11909973e+02 2.55704330e+02
 1.80701199e+01 1.17279419e+02 7.17599411e+01 8.66668396e+01
 3.29675598e+02 9.77028275e+00 1.68724945e+02 3.73781395e+01
 1.06905165e+01 1.51122675e+01 8.63943329e+01 8.18445587e+00
 5.99016094e+00 1.98892155e+01 2.06729202e+02 2.38972645e+01
 2.74587364e+01 1.42181763e+02 4.59001999e+01 2.32122116e+01
 2.24217972e+02 1.22418225e+00 9.89205837e+00 6.42616272e+00
 9.48472168e+02 1.73314804e+02 1.68092438e+02 9.70837879e+00
 9.77604771e+00 5.06180191e+01 3.28576477e+02 2.88756531e+02
 6.17671448e+02 3.31583366e+01 4.22093678e+00 3.81407089e+01
 1.93095951e+01 1.42301453e+02 1.28598480e+01 6.19825623e+02
 1.89346344e+02 2.02461834e+01 4.97283295e+02 2.83519440e+02],199.19635,[1.22340347e+02 1.39917765e+01 1.79653397e+02 1.23649139e+02
 5.00323582e+00 9.08479462e+01 2.79526764e+02 8.56385727e+01
 7.95004272e+01 8.77186050e+01 1.09211937e+02 9.81768513e+00
 2.50832539e+01 1.02706345e+02 1.60649071e+01 1.54579039e+01
 4.30651236e+00 8.38400421e+01 1.83484833e+02 9.44577179e+01
 4.27655487e+02 4.52259026e+01 7.55954123e+00 7.28614883e+01
 1.03040489e+02 1.71367302e+01 6.56347198e+01 2.68715668e+01
 9.90963379e+02 6.48469210e+00 1.90308876e+01 5.50614319e+01
 5.11679077e+00 2.04986374e+02 3.22687607e+01 5.23804359e+01
 1.92623863e+01 2.75553055e+01 3.37037621e+01 7.84440517e+00
 5.00307083e+01 1.39863939e+01 2.55901909e+01 4.21482391e+02
 3.49144867e+02 4.96916504e+01 2.06248112e+01 5.89754486e+01
 4.30454834e+02 1.15439606e+02 6.78611088e+00 3.86393089e+01
 1.35263293e+03 3.92271027e+02 6.62887192e+01 6.43628693e+01
 7.95686865e+00 8.95434475e+00 1.79503296e+02 3.85947571e+01
 8.50821018e+00 4.79021530e+01 2.56166601e+00 9.38685684e+01
 1.84399384e+02 5.29657974e+01 5.19155197e+01 8.54928493e+00
 1.67669849e+01 3.60510135e+00 4.58632164e+01 8.85949768e+02
 8.03159809e+00 4.89231148e+01 2.34843338e+02 1.31740656e+01
 7.64266682e+00 5.00562363e+01 1.00981989e+01 1.32730118e+02
 1.61740265e+01 1.07525425e+01 2.46464014e+00 5.10402008e+02
 1.56409546e+02 6.86740351e+00 1.98927631e+01 1.25748550e+02
 3.55204506e+01 1.52933594e+02 1.90126359e-01 2.53496418e+01
 1.28308659e+01 3.42637329e+01 7.26880112e+01 1.67903080e+01
 4.17857170e+01 2.53138375e+00 1.28605108e+01 4.20558350e+02
 9.15115112e+02 1.48125172e+01 1.34958633e+02 1.75058792e+02
 4.82816742e+02 1.68256897e+02 4.34958435e+02 2.50890617e+01
 8.44132328e+00 2.92293976e+02 4.02604370e+02 3.79765564e+02
 1.29100552e+01 9.26114559e+00 6.32062378e+01 8.38548355e+01
 2.89961670e+02 7.46343384e+01 3.45966797e+01 8.52308289e+02
 6.05865860e+01 6.21359985e+02 1.09646049e+02 1.22998981e+01
 1.29010172e+01 7.10001230e-01 4.03711662e+01 3.70019150e+01
 1.51609554e+01 1.01296600e+02 1.29698254e+03 3.22799873e+01
 4.72787933e+01 1.42172485e+02 3.91361351e+01 1.54112234e+01
 3.02520477e+02 2.65501823e+01 1.46529205e+02 7.17469788e+00
 7.92314911e+00 1.21408014e+01 2.97288208e+01 3.19483852e+01
 3.42433968e+01 9.65932560e+00 5.10032701e+00 1.30335188e+01
 4.45525208e+01 3.93744141e+02 1.76569244e+02 5.80748901e+01
 2.73346741e+02 2.91593323e+01 1.24671602e+01 2.60914886e+02
 5.97769880e+00 1.52906895e+01 3.99502296e+01 4.87987041e+00
 1.11481873e+02 5.86510811e+01 7.24329224e+02 3.12744212e+00
 3.23601349e+02 5.09161415e+01 4.80131817e+00 1.94315674e+02
 2.82356949e+01 1.12446089e+01 4.20585594e+01 5.95283386e+02
 2.20010513e+02 1.66527069e+02 3.59233055e+01 2.31009331e+01
 6.35889435e+01 1.34048660e+02 1.41084146e+01 2.23160820e+01
 1.50955017e+02 3.57480164e+01 7.33170242e+01 1.00189270e+02
 2.07627144e+01 4.59568405e+01 5.01003189e+01 2.15122772e+02
 6.44779739e+01 8.33701630e+01 1.65566605e+02 8.40889130e+01
 2.47344055e+02 8.60617828e+00 2.77350211e+00 3.36421326e+02
 1.26418365e+02 7.53215075e-01 5.07761841e+02 5.74087708e+02
 4.55112991e+01 8.45317917e+01 7.77837372e+01 1.92702560e+01
 5.55038786e+00 1.12065697e+01 9.12760620e+01 1.18305222e+02
 5.29156685e+01 5.48948975e+01 2.92219604e+02 1.22204628e+02
 1.29318171e+01 1.48666656e+02 5.01246643e+01 9.77233582e+01
 3.72729126e+02 1.02893009e+01 1.71404770e+02 3.05050030e+01
 2.33008118e+01 1.99313278e+01 5.05745850e+01 1.81615372e+01
 1.98070736e+01 7.79813957e+00 2.27996063e+02 1.07613602e+01
 3.65484924e+01 8.93198700e+01 4.18301620e+01 5.09587288e+00
 2.65932999e+01 3.61784363e+00 1.35043173e+01 3.33722949e+00
 8.32858093e+02 2.59723175e+02 1.40024796e+02 2.38262539e+01
 2.75552177e+01 5.28227425e+01 1.52415619e+01 6.74903870e+01
 5.16521606e+02 1.90572128e+01 6.81079054e+00 3.75411949e+01
 2.66585388e+01 1.87205688e+02 4.40640182e+01 7.92719238e+02
 1.66054291e+02 2.89503503e+00 8.50451202e+01 3.52548065e+02],-112.2702,-198.28859,-373.89203,3.2051015,33.084152,1.2057427,0.74181765,0.013448082675933839,9630.3006772995,0.000932032247243598,-0.07496927515284733,0.007225790557192837,0.10667189115551148,14.489651540446797,25.099999999996967,0.0,700000.0,-1.0,-558.0,500.0,6.711562395095825,700000
142.85931,0.1608681,0.42392808,0.019121064,-138.45917,138.45917,[7.10416317e-01 4.50412303e-01 3.37211132e-01 2.66451263e+00
 9.31111813e+00 1.53286922e+00 7.09165287e+00 5.41356277e+00
 1.46501007e+01 7.39777470e+00 7.07181245e-02 1.36772623e+01
 7.08009911e+00 1.22134399e+00 4.14421988e+00 2.19872260e+00
 7.56268144e-01 2.20575523e+00 7.14308679e-01 3.08629680e+00
 2.07473850e+00 1.12413561e+00 1.36880136e+00 1.46836100e+01
 1.31204987e+01 4.22806072e+00 7.46132016e-01 1.07095623e+00
 4.46196270e+00 2.28511596e+00 4.74152565e-01 5.93395710e+00
 2.48692679e+00 1.64731264e+00 5.97004223e+00 6.47515106e+00
 1.23482203e+00 6.58559203e-02 3.41264158e-01 6.78823471e-01
 7.07638562e-01 1.41689482e+01 1.83172226e+00 5.51913559e-01
 1.17283297e+00 2.68819261e+00 1.36840239e+01 2.10418239e-01
 5.02480221e+00 1.08976018e+00 2.95202315e-01 3.62335348e+00
 3.50460958e+00 6.35937154e-01 1.69451249e+00 2.63534606e-01
 4.53184783e-01 5.68175495e-01 1.89831066e+00 6.12021685e+00
 3.09736550e-01 3.33896303e+00 5.94653702e+00 3.86648750e+00
 1.82075429e+00 2.18139696e+00 5.73597848e-01 1.40080657e-02
 4.86535025e+00 4.94943649e-01 1.21814799e+00 6.28632069e-01
 1.03859818e+00 2.62323380e+00 6.68499470e+00 1.36630261e+00
 6.83945274e+00 9.39044857e+00 1.18238153e+01 2.75951004e+00
 1.75625241e+00 2.39311743e+00 1.15698695e+00 2.15904212e+00
 6.61083817e-01 2.81194496e+00 4.29017134e-02 1.49855173e+00
 1.63658559e+00 5.10210991e+00 3.73147130e+00 3.53950024e-01
 6.18001709e+01 5.66042757e+00 3.29087734e-01 3.22635472e-01
 1.69864094e+00 4.19076085e-01 4.23499012e+00 4.50835936e-02
 3.98876183e-02 2.43052177e+01 5.33295345e+00 1.06657803e+00
 7.87126780e-01 8.73450339e-01 3.93684395e-02 4.19350529e+00
 1.01945143e+01 1.97609258e+00 8.66100502e+00 4.55106544e+00
 1.25135016e+00 6.79673958e+00 1.34913826e+00 1.85993309e+01
 4.87550616e-01 8.04913998e+00 3.80019760e+00 6.29226828e+00
 1.02548385e+00 5.54018736e-01 1.47858334e+00 2.07984611e-01
 1.12146068e+00 6.20756102e+00 7.41876125e+00 4.31032562e+00
 3.24973154e+00 4.39196587e+00 6.65187120e-01 2.22623372e+00
 3.28373671e+00 2.28740311e+00 4.55200720e+00 8.97731304e+00
 5.85918474e+00 1.40702856e+00 1.75312638e-01 8.04124451e+00
 5.38372517e+00 2.49278069e+00 3.44377065e+00 7.03189850e-01
 1.04638138e+01 1.33811724e+00 1.01536875e+01 2.70818681e-01
 1.93963349e+00 3.68561935e+00 3.90299821e+00 9.52507913e-01
 2.81095448e+01 5.18718600e-01 8.71241283e+00 1.63194096e+00
 1.11591136e+00 2.48200512e+00 2.22386551e+00 6.43323660e-01
 7.11980867e+00 1.64351959e+01 2.24672556e+00 9.76721823e-01
 4.77660507e-01 2.88700134e-01 2.55581319e-01 7.85025644e+00
 1.77394581e+00 3.30653191e-01 2.33071372e-01 5.06505680e+00
 4.84589696e-01 5.73374629e-01 2.31971264e+00 9.33574855e-01
 5.64636135e+00 3.06034595e-01 3.97585225e+00 2.23002396e+01
 9.67437625e-01 6.06227970e+00 4.63546336e-01 7.59082603e+00
 1.64595795e+01 8.48798752e+00 1.12174010e+00 1.22011864e+00
 9.56927490e+00 1.42554894e-01 1.55072298e+01 4.15672302e-01
 1.00650778e+01 7.32703352e+00 1.97178498e-02 5.29445052e-01
 1.82960916e+00 7.26071715e-01 4.91118163e-01 5.02581787e+00
 5.63329268e+00 4.14290607e-01 3.10940556e-02 2.35494328e+00
 7.10280836e-01 6.78305626e-01 1.06009352e+00 4.43398380e+00
 1.33628953e+00 1.84009761e-01 1.44541100e-01 5.55038309e+00
 4.60220566e+01 3.33358467e-01 4.52749670e-01 5.01462698e+00
 6.33793020e+00 2.99143982e+00 3.10788631e+00 4.87003469e+00
 2.90090990e+00 4.16311681e-01 1.85927488e-02 2.23643017e+00
 9.55088615e-01 3.69232321e+00 1.01993093e+01 4.78344917e+00
 2.80872679e+00 1.43417835e+01 3.09879124e-01 4.86211598e-01
 9.12769699e+00 1.80185795e+00 2.44571352e+00 2.01699185e+00
 2.71979380e+00 2.50535989e+00 1.00431824e+00 3.12394381e-01
 7.46721327e-02 1.07840214e+01 9.06453371e-01 1.55110240e+00
 2.75865722e+00 1.58627927e+00 9.97648120e-01 6.26688957e+00
 1.39587492e-01 1.08402467e+00 1.42616951e+00 1.88917148e+00
 8.28659439e+00 1.84222007e+00 3.28150392e+00 1.31966686e+01],5.416089,[6.81749344e-01 2.34548759e+00 1.10040340e+01 1.49555790e+00
 1.60011864e+00 1.03809795e+01 6.07849503e+00 3.27373552e+00
 3.43539983e-01 6.01745224e+00 1.03283854e+01 7.46553087e+00
 1.83271706e+00 1.35499120e+00 2.78006506e+00 2.06388521e+00
 2.16872644e+00 1.48055768e+00 1.09510052e+00 7.35485458e+00
 3.49875546e+00 1.93830943e+00 1.05930412e+00 5.18522406e+00
 1.84877872e+00 1.34735644e-01 4.33527291e-01 8.48644161e+00
 8.15606308e+00 2.99275565e+00 5.29457235e+00 1.34698462e+00
 3.72222275e-01 2.60297489e+00 2.37014234e-01 4.29926586e+00
 4.87795115e+00 2.77417994e+00 5.76049900e+00 1.04827750e+00
 1.61274028e+00 3.22816062e+00 6.08945191e-01 5.44276667e+00
 8.98133039e-01 3.31587481e+00 5.33257580e+00 7.28296185e+00
 5.47543883e-01 3.62439346e+00 1.79189071e-01 1.11816425e+01
 3.37573266e+00 1.61752558e+00 3.63180566e+00 3.68195593e-01
 4.34244365e-01 1.12415009e+01 3.73872328e+00 2.25003839e+00
 1.46943724e+00 1.76930618e+00 4.49931002e+00 5.34540594e-01
 1.84112525e+00 8.52582169e+00 4.95855141e+00 6.55650043e+00
 6.35052562e-01 7.94174492e-01 1.40867615e+00 3.82629967e+00
 1.13446975e+00 9.10867572e-01 4.02196550e+00 1.61431456e+00
 5.18434906e+00 1.74289703e+00 3.63531637e+00 1.95355427e+00
 1.53741539e-01 6.86993170e+00 5.01589291e-02 3.69728613e+00
 2.07315728e-01 4.20314217e+00 2.34291291e+00 2.72254920e+00
 3.10684109e+00 9.56020951e-02 1.63605714e+00 2.70677543e+00
 8.29988384e+00 1.03797841e+00 1.36887062e+00 1.26382804e+00
 6.43885994e+00 4.17678431e-02 9.11276054e+00 7.01885223e+00
 4.72070932e+00 6.56627884e+01 3.22110325e-01 4.22867775e+00
 9.28548217e-01 1.82741010e+00 1.34450519e+00 1.91245985e+00
 8.54405117e+00 1.51584458e+00 1.42983751e+01 1.30318296e+00
 6.52874172e-01 2.62013853e-01 4.00906324e+00 6.92399788e+00
 7.97886848e-01 1.95729709e+00 6.40629673e+00 1.50588560e+00
 6.81556344e-01 6.10817385e+00 1.61172557e+00 8.31815824e-02
 9.68732238e-01 3.33693957e+00 3.72765541e+00 1.57349014e+00
 4.11158085e+00 1.19540131e+00 4.53840399e+00 6.56702518e+00
 9.17719841e-01 1.18751347e+00 6.77020216e+00 9.04536486e-01
 3.01801324e+00 3.87333322e+00 2.50177711e-01 3.28702140e+00
 2.89151859e+00 2.87952334e-01 1.07451344e+01 4.45118475e+00
 4.58584309e+00 8.00559902e+00 5.85864830e+00 4.60805035e+00
 2.60859728e+00 3.50981545e+00 3.39004946e+00 2.19798756e+00
 8.29998434e-01 1.13917446e+01 1.39746785e+00 7.77366400e-01
 3.30670166e+00 9.61444825e-02 2.00491071e+00 1.36634235e+01
 1.40501344e+00 1.36136703e+01 7.12949848e+00 4.14390421e+00
 9.35322380e+00 2.50719070e-01 6.08006641e-02 9.27225780e+00
 1.62415981e-01 2.28205228e+00 7.26121283e+00 5.40120268e+00
 4.98906374e+00 8.33625078e-01 2.30052423e+00 2.27497196e+00
 1.60783082e-01 5.78917027e+00 7.52741861e+00 5.43718290e+00
 2.24517018e-01 7.89915943e+00 7.67261744e+00 1.45721126e+00
 1.30796969e+00 9.85438168e-01 1.90741074e+00 2.77533698e+00
 4.17329216e+00 2.75981569e+00 1.35961926e+00 5.37032318e+00
 1.00501871e+00 1.99508595e+00 2.55730569e-01 4.79646158e+00
 1.53131858e-01 2.02118111e+00 1.39235377e+00 6.57184887e+00
 2.26467061e+00 2.41822228e-02 4.01969004e+00 3.67246699e+00
 3.45624137e+00 5.58426142e+00 1.69010937e+00 4.04142618e+00
 2.88525200e+00 3.10341740e+00 1.65061906e-01 1.13374777e+01
 1.09501900e+02 5.80895138e+00 4.81621838e+00 1.54740024e+00
 8.28846073e+00 2.02805114e+00 2.45952463e+00 1.77394843e+00
 2.67440796e+00 5.50830936e+00 2.67221260e+00 1.81017172e+00
 1.48002946e+00 2.22291470e+00 7.62865424e-01 4.25451374e+00
 3.90995073e+00 3.65166354e+00 1.69351673e+00 5.76177776e-01
 4.21572952e+01 7.42287970e+00 7.24456012e-01 3.27170992e+00
 2.52825499e+00 3.52720261e+00 1.87976694e+00 2.22709084e+00
 2.95629573e+00 4.56490695e-01 9.87648773e+00 7.21473026e+00
 2.15229940e+00 2.75516772e+00 4.77420449e-01 1.38283825e+01
 6.36767298e-02 2.42361456e-01 5.69208622e-01 1.19679928e+01
 8.63395393e-01 4.20631123e+00 3.59275413e+00 4.30772972e+00],-88.28642,-162.99692,-400.0,1.6694069,3.8852105,0.9776529,0.6388974,270.72665,-87.046875,714.8997,190.51678,0.68646663,0.5242031,0.09849145,-184.58829,184.58829,[4.24017572e+00 8.98016129e+01 2.22407227e+01 7.13241501e+01
 9.15332031e+00 3.38955963e+02 3.32290344e+02 8.54661369e+00
 4.61186279e+02 6.68115044e+00 3.46324348e+01 9.65735931e+01
 9.29395103e+00 2.19789502e+03 3.29440613e+02 2.30742397e+01
 2.76098941e-02 3.34627075e+02 1.31999121e+01 3.55867859e+02
 8.20468807e+00 5.93008041e+01 1.02371979e+02 3.57874084e+02
 3.06801361e+02 4.17514572e+01 1.22756683e+02 1.92484169e+01
 1.19416018e+01 2.38431988e+01 1.24950657e+01 1.25989044e+02
 1.32807236e+01 2.14084587e+01 2.64421558e+01 1.36089539e+02
 4.77855606e+01 4.00288153e+00 3.95187912e+01 2.18143555e+02
 7.42985916e+01 1.64200668e+01 1.63154831e+01 5.48773689e+01
 5.36919937e+01 5.55321407e+00 6.88612549e+02 1.50878555e+02
 6.55736327e-01 1.03167664e+02 4.71099792e+02 1.75347271e+01
 7.88249683e+00 1.66137772e+01 2.72543964e+01 3.15318966e+00
 8.81941509e+00 2.84555798e+01 8.59509945e+00 8.39325256e+01
 3.07014191e+02 3.64868279e+01 4.61806374e+01 4.64901962e+01
 1.79734306e+01 1.60224030e+02 4.42676582e+01 1.30598038e+02
 6.82451553e+01 1.68505020e+01 5.78416138e+01 5.17684288e+01
 8.40956879e+01 4.01504456e+02 4.54233551e+00 1.14337406e+01
 4.03604736e+02 5.06190247e+02 1.38086090e+02 1.71697339e+03
 2.79378629e+00 3.88157349e+01 5.24566772e+02 8.00785980e+01
 1.72646828e+01 1.40723953e+02 1.13477173e+02 1.46748856e+02
 9.90414276e+01 3.40165138e+01 3.02968388e+01 6.38035250e+00
 1.21754074e+02 5.93183777e+02 2.61099768e+00 1.50387329e+03
 3.74218979e+01 3.68021027e+02 9.62934685e+00 1.84504032e+01
 1.94983047e+02 1.58661022e+01 1.67110958e+01 3.94941742e+02
 2.88283112e+02 4.62904091e+01 1.39547234e+01 1.62626892e+02
 3.86137512e+02 1.27895218e+02 8.79355145e+00 4.17855322e-01
 9.80830307e+01 1.55855698e+02 4.66679199e+02 7.98220062e+01
 5.13512192e+01 2.97958260e+01 9.00320587e+01 1.64791737e+01
 1.75306630e+00 1.41173077e+01 4.34284302e+02 2.01239075e+02
 6.72606888e+01 3.75543518e+01 2.62662537e+02 9.06636810e+01
 1.55791428e+02 6.59142077e-01 1.69507828e+01 4.34187126e+01
 4.68251648e+01 1.00266819e+01 6.96515942e+00 1.46869766e+02
 7.26960068e+01 6.56724834e+00 2.51161461e+01 2.58240471e+01
 4.67738686e+01 5.85574913e+00 1.27950447e+02 3.99931580e+02
 2.47403049e+00 1.91436577e+00 5.32207155e+00 2.01454315e+01
 1.29874020e+01 2.51215363e+02 7.30290375e+01 2.79974060e+02
 2.90917587e+01 1.09776812e+01 1.37516992e+03 1.06277390e+01
 4.73803284e+02 7.20385590e+01 9.61775970e+00 1.83319607e+01
 1.83019371e+01 2.52184753e+01 2.47839838e-01 2.82022156e+02
 2.03477325e+01 7.15367004e+02 1.76351089e+02 1.68491721e+00
 4.69637794e+01 1.77976170e+01 6.17661514e+01 6.42076683e+00
 1.35754204e+00 5.26676521e+01 7.90134192e+00 1.50035767e+02
 3.64371948e+01 2.68426571e+01 1.18182426e+02 1.58275928e+01
 4.39080772e+01 1.58892517e+02 4.64027443e+01 6.14659302e+02
 2.01036575e+02 1.64482536e+01 3.53971901e+01 1.34546021e+03
 3.35134155e+02 1.47140436e+01 6.64253235e+00 1.02554230e+02
 4.25924164e+02 1.02438103e+02 4.13436279e+01 1.13713083e+01
 6.14635563e+00 8.73325500e+01 1.91972992e+02 1.41724758e+01
 1.80820827e+01 1.31334839e+02 4.11618835e+02 3.16162167e+01
 3.51672783e+01 1.10159843e+02 1.65368712e+00 2.75207245e+02
 5.22423767e+02 1.24846573e+01 1.69517822e+02 1.11034836e+02
 5.39845657e+00 2.17311905e+02 4.67422295e+00 2.75472507e+01
 1.11477661e+02 2.13371719e+02 2.58955250e+01 3.05921875e+02
 7.70156006e+02 4.36681628e-01 1.39235779e+02 1.81991211e+02
 3.53376541e+01 4.25918121e+01 1.94125328e+01 4.83348846e+01
 3.42861862e+01 2.80763578e+00 7.49684143e+01 7.22697525e+01
 4.93854332e+01 5.49450569e+01 1.97391312e+02 3.70131874e+01
 3.29718857e+01 1.71035421e+00 4.07614185e+03 2.11381653e+02
 2.50493031e+01 1.31216908e+01 6.27988464e+02 1.14146268e+00
 1.20870905e+01 7.83719788e+01 2.41335968e+02 4.02994461e+01
 1.83981180e-01 3.96076977e-01 1.48619747e+01 5.02204466e+00
 8.61725616e+01 1.54332905e+01 8.73041916e+01 2.07327995e+01],232.1714,[6.86696472e+01 6.87107315e+01 3.57141037e+01 7.00919495e+01
 1.88918839e+01 3.39491089e+02 3.63098816e+02 1.60554371e+01
 4.98904510e+02 1.78149090e+01 4.50750008e+01 9.09560547e+01
 1.04131355e+01 2.09443848e+03 2.80962677e+02 7.89728355e+00
 6.32902336e+00 3.32748657e+02 1.21573572e+01 5.58873749e+01
 1.81587563e+01 8.47269974e+01 8.74345627e+01 2.71503601e+01
 3.01285278e+02 6.51632614e+01 2.78700867e+02 2.86352711e+01
 2.03736763e+01 9.12239933e+00 1.70236111e+01 1.30489166e+02
 1.34704132e+01 2.00609627e+01 1.63299637e+01 1.21347366e+02
 6.31053619e+01 2.63502288e+00 2.36833401e+01 2.08716217e+02
 7.33614044e+01 1.63313370e+01 2.39599380e+01 4.84881172e+01
 2.88714218e+01 1.95569592e+01 6.87921753e+02 3.89450531e+02
 3.57736039e+00 9.96645203e+01 1.06120895e+02 1.31091862e+01
 3.10558586e+01 2.50020161e+01 1.27987762e+02 8.10643673e+00
 1.96438560e+01 3.04386635e+01 8.82342529e+00 2.95718597e+02
 3.24116302e+02 1.79909754e+00 1.78884602e+01 3.08517685e+01
 2.81666794e+01 1.93278488e+02 4.94268188e+01 1.31206299e+02
 1.46575226e+02 1.12613907e+01 5.81567078e+01 9.64615097e+01
 6.65186234e+01 2.12662506e+02 1.11525402e+01 1.52752895e+01
 1.10874283e+02 6.46861389e+02 7.31496887e+01 2.36495703e+03
 1.80408249e+01 4.06367149e+01 4.92594177e+02 1.53069916e+02
 2.34476643e+01 4.79758530e+01 1.66946579e+02 8.77712555e+01
 6.80252457e+01 6.17592583e+01 2.55021038e+01 4.55475121e+01
 1.65674500e+02 4.12469788e+01 6.30545568e+00 1.77645493e+02
 1.50306187e+01 4.03123108e+02 1.13396997e+01 1.46116867e+01
 8.78070221e+01 1.55633698e+01 1.47089500e+01 5.31463379e+02
 3.84932343e+02 1.54311020e+02 9.65362835e+00 3.08781982e+02
 4.06743683e+02 1.59378098e+02 1.06870022e+01 8.64663982e+00
 1.62630367e+01 1.52103745e+02 4.35866394e+02 2.61633118e+02
 6.81402130e+01 5.89302521e+01 8.93958511e+01 8.64784622e+00
 3.84185076e+00 1.23467636e+01 3.25114380e+02 2.71294128e+02
 7.11504898e+01 4.33435516e+01 3.39982483e+02 1.19689270e+02
 1.42357895e+02 5.14578342e-01 1.17729664e+01 2.89561501e+01
 2.20035324e+01 3.53297958e+01 1.13792782e+01 1.78361526e+02
 1.68845184e+02 7.70752716e+00 3.72086029e+01 3.93092585e+00
 5.34200172e+01 8.66653538e+00 1.47607147e+02 4.03057343e+02
 8.98637325e-02 2.34199333e+00 2.42194595e+01 2.05413113e+01
 1.22558594e+01 2.43763062e+02 8.07247543e+01 2.60505859e+02
 9.37259293e+00 2.08731041e+01 1.34997839e+03 4.92813301e+00
 4.78440735e+02 4.28488541e+01 1.62744102e+01 1.04284706e+01
 5.27725983e+00 3.31480827e+01 3.29598248e-01 2.72442078e+02
 2.17547321e+01 5.24616638e+02 1.82499329e+02 1.37902313e+02
 4.38693581e+01 1.41134243e+01 2.00562866e+02 5.90731716e+00
 1.66046882e+00 8.48168030e+01 1.61438503e+01 1.34272491e+02
 4.76593285e+01 6.82050018e+01 1.34352936e+02 1.29881029e+01
 4.17093925e+01 4.82964134e+00 4.45551529e+01 6.11763794e+02
 8.73307419e+00 3.06226616e+01 2.87074718e+01 1.31624902e+03
 7.62776718e+01 8.13026276e+01 9.76216555e-01 8.60249023e+01
 4.02703278e+02 6.40021820e+01 1.57158957e+01 1.06154776e+00
 6.04449320e+00 8.58409271e+01 1.27305908e+02 3.33439407e+01
 6.69284897e+01 9.20367737e+01 4.24089294e+02 3.47721710e+01
 6.89218979e+01 1.44576599e+02 1.58643532e+01 1.08503342e+01
 4.44075714e+02 4.99466705e+00 8.96473389e+01 1.09170303e+02
 8.40682030e+00 1.80099197e+02 1.64693642e+01 3.73288651e+01
 1.14749725e+02 2.36276337e+02 2.54608898e+01 1.30646362e+02
 8.01594360e+02 1.12606602e+01 1.13062149e+02 2.99459259e+02
 3.90855789e+01 1.35047169e+01 3.56712532e+01 3.34644775e+01
 3.92293739e+01 3.97575498e+00 3.21907463e+01 1.48363190e+01
 4.62562256e+01 1.47840977e+01 2.95174347e+02 9.09547043e+01
 3.56687927e+01 3.69911909e+00 2.96915771e+03 4.05778687e+02
 1.30306988e+01 1.14508700e+00 5.50591797e+02 1.19156635e+00
 3.47796035e+00 6.39591675e+01 2.57568481e+02 3.84419327e+01
 1.76458144e+00 3.08552217e+00 1.92522106e+01 3.59775391e+01
 7.26769714e+01 2.60981331e+01 4.11916656e+01 3.24723206e+01],-103.248215,-199.95407,-361.19577,3.197061,16.71243,1.3803186,0.7419577,0.014067539176940917,9981.989174127579,0.0211532112950907,-0.09022479728814184,0.015796100145317765,-0.09558579710813378,35.942727867948705,25.099999999996967,0.0,725000.0,-2.0,-997.0,500.0,6.803269386291504,725000
146.15623,0.15263118,0.4018174,0.017378299,-141.98543,141.98543,[8.82410109e-01 1.00452394e+01 3.03402495e+00 2.03143573e+00
 1.91943133e+00 2.03885198e+00 1.68777072e+00 9.04574752e-01
 1.85563850e+00 2.64062977e+00 1.05941826e-02 5.00593948e+00
 6.00393176e-01 4.75559354e-01 7.22514105e+00 2.32440519e+00
 1.20117521e+00 8.70439911e+00 1.09034514e+00 5.88236213e-01
 1.62314773e+00 2.17090273e+00 2.55977583e+00 1.00249577e+01
 1.28667906e-01 9.53480434e+00 8.65433979e+00 9.53041077e+00
 7.87434292e+00 2.30066681e+00 4.54501009e+00 2.89100111e-01
 2.01551527e-01 2.65081811e+00 2.75741673e+00 9.84678745e-01
 1.46836472e+00 3.59538364e+00 1.11420412e+01 4.62488985e+00
 3.34386873e+00 7.26239300e+00 6.52172279e+00 4.24192715e+00
 3.11285830e+00 1.66148643e+01 6.09096813e+00 1.14953251e+01
 1.19183373e+00 1.94858980e+00 8.69210243e+00 1.13274832e+01
 1.16225433e+01 3.65170932e+00 1.07072039e+01 1.09923573e+01
 6.81454563e+00 1.11830931e+01 4.97791052e+00 5.78853798e+00
 1.34325695e+00 1.26150286e+00 3.58316040e+00 5.00868845e+00
 9.94910300e-01 8.30545044e+00 5.23449421e+00 1.21118963e+00
 5.32136726e+00 4.46448135e+00 3.33148289e+00 1.39102230e+01
 1.57902360e-01 6.49997175e-01 1.09011841e+00 9.17712307e+00
 8.20312381e-01 2.35278577e-01 2.39896631e+00 1.54115677e+00
 7.08564186e+00 3.48578978e+00 2.51253819e+00 3.54700470e+00
 3.65698576e+00 1.90901852e+00 1.40601441e-01 2.49043798e+00
 2.71726871e+00 2.34051919e+00 8.49131680e+00 4.07732457e-01
 1.13810992e+00 2.34434152e+00 1.26984370e+00 3.65105152e-01
 3.73236656e+00 4.47716951e+00 7.53196180e-02 7.32093573e-01
 4.43960476e+00 3.73648977e+00 1.08091421e+01 1.64177952e+01
 5.19309521e+00 2.96684980e+00 4.22065306e+00 3.08718467e+00
 1.22050893e+00 5.25760174e-01 4.47638988e-01 1.00304108e+01
 3.99545527e+00 2.15841174e+00 6.59995174e+00 1.81915784e+00
 3.16567510e-01 1.25622347e-01 4.57835817e+00 5.48499882e-01
 4.65878904e-01 1.17738879e+00 1.92929029e+00 5.73953867e-01
 1.77396989e+00 4.54190636e+00 1.45190945e+01 4.48101282e+00
 3.30706120e+00 1.15070748e+00 2.31586948e-01 1.57711864e-01
 3.80269718e+00 1.15427935e+00 2.58333969e+00 3.07806802e+00
 2.63410783e+00 3.02919769e+00 4.64830065e+00 6.30884290e-01
 3.86143422e+00 1.08927584e+00 7.89457001e-03 2.88631105e+00
 2.06766799e-02 8.49858582e-01 8.39768600e+00 2.78614688e+00
 2.07084751e+00 2.52642131e+00 5.96216011e+00 2.67830282e-01
 9.12328148e+00 1.76087606e+00 4.03021336e+00 3.53859863e+01
 5.56861639e-01 1.11799984e+01 2.83080363e+00 3.38071346e+00
 3.07533097e+00 9.62066650e-01 2.27447987e+00 2.61442351e+00
 2.43498230e+00 4.26904522e-02 6.84574604e+00 2.89727354e+00
 8.16450894e-01 1.47985735e+01 1.20696688e+01 3.44519854e+00
 2.73991323e+00 2.83123446e+00 1.04813890e+01 3.01108837e-01
 6.42724609e+00 2.27031159e+00 1.29097545e+00 8.07501793e+00
 3.89966464e+00 2.57017779e+00 9.86681819e-01 2.23879516e-01
 1.32660556e+00 1.65027962e+01 4.14441347e+00 1.07280731e-01
 1.67991281e+00 4.37655354e+00 6.15453601e-01 2.81971264e+00
 1.00062394e+00 5.49119949e+00 1.84861698e+01 1.58830309e+00
 9.39983845e+00 1.91259134e+00 9.00849879e-01 2.71705151e+00
 9.46939373e+00 2.73518682e+00 2.51443100e+00 4.01798248e+00
 3.02096748e+00 1.10873628e+00 3.90686572e-01 5.38292587e-01
 1.36339796e+00 3.17983890e+00 5.21751261e+00 8.18900228e-01
 9.31291103e+00 1.94341373e+00 1.25983944e+01 1.11497593e+00
 1.78149730e-01 2.51330709e+00 1.44566417e+00 7.79640532e+00
 3.22468233e+00 4.04890776e+00 4.96495485e+00 1.26211033e+01
 4.40093374e+00 1.41225982e+00 2.03011795e+02 1.11708107e+01
 1.09296441e-01 1.21837795e+00 8.46884918e+00 7.11006832e+00
 3.38673878e+00 7.93468666e+00 2.19969654e+00 1.79761863e+00
 4.83580559e-01 7.13947237e-01 7.10201621e-01 6.14076614e+00
 5.17825270e+00 7.15343297e-01 7.25672150e+00 5.71246147e+00
 3.78410935e+00 5.58920026e-01 2.02642202e+00 1.71955955e+00
 2.91189504e+00 2.53903363e-02 9.70509648e-01 4.56292105e+00
 4.63949585e+00 2.27403569e+00 1.98407993e-01 1.45906135e-01],5.3453627,[1.44758594e+00 1.31404769e+00 5.28274918e+00 4.73468870e-01
 1.97176635e+00 3.79387915e-01 2.58840446e+01 4.31944847e+00
 8.38123560e-01 1.03558397e+01 1.39966384e-01 4.58103895e+00
 1.97304173e+01 6.50554562e+00 9.07536125e+00 1.04090369e+00
 2.83242315e-01 1.90780735e+00 2.10575962e+00 1.23764336e-01
 4.22913122e+00 1.55402994e+00 3.07390714e+00 5.00197983e+00
 1.84655178e+00 2.40483074e+01 1.62691280e-01 1.08202338e+00
 5.56046665e-01 1.93199596e+01 9.90645051e-01 9.20114613e+00
 7.70790756e-01 3.67026615e+00 1.33067691e+00 1.03279924e+00
 8.05023098e+00 1.70543337e+00 5.34076357e+00 1.08175778e+00
 4.18255138e+00 9.21233416e-01 2.03189111e+00 1.32874260e+01
 9.61618483e-01 1.34750938e+00 8.79410744e-01 1.15777135e+00
 9.20813203e-01 7.36829519e-01 6.57602358e+00 3.05156088e+00
 1.18043833e+01 3.44902182e+00 2.33965322e-01 1.22354031e+01
 2.75481343e-01 4.39764690e+00 5.12151957e-01 3.19840026e+00
 2.27556562e+00 1.46319985e+00 2.47960320e+01 1.23153138e+00
 4.44296265e+00 1.37482727e+00 1.27717996e+00 1.24085617e+01
 1.69266720e+01 6.54189944e-01 3.64823246e+00 7.86935711e+00
 7.89530277e+00 2.76355100e+00 2.29275656e+00 6.73643255e+00
 1.05640268e+00 5.51087320e-01 2.60926604e+00 5.29192388e-02
 5.30149698e-01 5.23073316e-01 7.03295946e-01 5.31878993e-02
 1.85154891e+00 6.33860064e+00 3.51735145e-01 3.88224411e+00
 7.37183857e+00 4.15200043e+00 7.15841866e+00 4.81920063e-01
 1.01058521e+01 4.98361051e-01 1.32224429e+00 6.04224801e-01
 2.83260375e-01 3.27787304e+00 7.35718533e-02 1.50203753e+00
 1.02844405e+00 8.47148240e-01 5.54891968e+00 7.09210992e-01
 9.82786059e-01 1.35067952e+00 8.18878055e-01 2.75227308e+00
 1.41875535e-01 3.93562615e-01 9.29562211e-01 1.45999521e-01
 1.09054184e+00 4.54679728e+00 1.06024599e+00 1.79798845e-02
 1.29216442e+01 2.19186258e+00 3.65832305e+00 7.73855567e-01
 2.74254107e+00 1.58943903e+00 6.98710531e-02 6.68301058e+00
 6.87992382e+00 1.87585056e-01 1.17201529e+01 1.59787226e+00
 1.77809966e+00 5.78178596e+00 3.37053120e-01 1.91265631e+00
 2.70743713e+01 5.66756725e-01 1.09121609e+00 4.05541122e-01
 2.03274816e-01 2.44393468e+00 5.39721906e-01 1.87446833e+00
 1.80645294e+01 1.61365435e-01 1.28266551e-02 5.38868380e+00
 7.13906288e-02 5.85195303e-01 9.46272016e-01 1.13264716e+00
 1.04027116e+00 3.83600712e-01 1.33091831e+00 7.25559771e-01
 1.06321001e+01 6.17462039e-01 4.39922631e-01 3.58413582e+01
 1.51092812e-01 5.38765955e+00 9.05565548e+00 2.72881413e+00
 2.33844757e+00 2.81947613e+00 2.00889349e-01 3.12625098e+00
 3.44300103e+00 1.45101072e-02 2.98535752e+00 2.04551487e+01
 1.93168545e+00 9.77474272e-01 6.76573038e-01 2.59465122e+00
 2.12638688e+00 2.58022356e+00 1.68600157e-01 3.84463012e-01
 9.56356227e-01 4.23360169e-01 4.66955233e+00 1.70799583e-01
 1.28371668e+01 4.19846249e+00 9.92780447e-01 2.10332465e+00
 1.15128922e+00 5.44484437e-01 7.30093956e-01 1.50871754e-01
 9.37906384e-01 1.85283661e+00 7.51755759e-02 1.73068851e-01
 9.61230397e-02 1.03664265e+01 1.38785515e+01 3.16842049e-01
 1.04172790e+00 9.55402279e+00 2.65613127e+00 3.70894790e-01
 2.93794823e+00 4.30058956e+00 1.58334136e+00 8.17163587e-02
 1.01435542e+00 7.49943256e-01 2.84180427e+00 2.36313939e-01
 5.70925140e+00 2.94574165e+00 2.12067795e+00 1.12694967e+00
 3.02610588e+00 6.28741074e+00 3.77820790e-01 1.32812583e+00
 8.09160614e+00 1.60626221e+00 2.49586612e-01 1.18235886e+00
 3.58671769e-02 6.49129915e+00 4.28304613e-01 6.66440547e-01
 4.65165615e+00 1.32289803e+00 2.52087002e+01 4.02188587e+00
 2.35289708e-02 1.14912930e+01 1.87187064e+00 1.57819653e+00
 5.58075142e+00 2.37836033e-01 2.25264883e+00 8.14635515e-01
 2.68524551e+00 1.98066860e-01 8.84661376e-01 3.21572828e+00
 8.11826527e-01 4.29800421e-01 9.79817390e-01 2.62535632e-01
 7.82475996e+00 8.89507532e-02 4.48942327e+00 5.23404741e+00
 6.07649040e+00 1.05325304e-01 7.13289559e-01 4.45560551e+00
 4.27275300e-01 2.61280370e+00 2.67193079e+00 1.13895626e+01],-84.01348,-165.58621,-400.0,1.6222191,3.598012,0.9538064,0.63363785,159.10403,-289.3358,856.9387,194.21198,0.7469408,0.49317342,0.0946797,-188.5333,188.5333,[9.63411903e+00 1.81126614e+01 1.77813721e+02 1.23321060e+02
 3.57910431e+02 1.49423351e+01 1.32496063e+02 5.58195801e+01
 2.14806328e+01 2.44728882e+02 2.66045952e+01 3.53564636e+02
 1.24199799e+02 9.81639862e+01 6.60057739e+02 5.88908863e+00
 2.73158913e+01 1.22949398e+00 1.08362747e+02 1.56718353e+02
 3.83419228e+01 1.72652405e+02 6.95421982e+00 4.53001480e+01
 2.61476860e+01 1.42865631e+02 1.26115044e+02 8.81386948e+00
 2.19944344e+01 1.89662994e+02 2.06856689e+02 9.90270615e+00
 2.45430231e-01 6.65629959e+01 2.06702072e+02 3.96309204e+01
 1.22856750e+01 5.24419518e+01 4.13794670e+01 1.31457458e+02
 1.02743359e+01 1.46679001e+01 5.69232702e+00 8.63433228e+01
 7.73644104e+02 1.09770782e+02 6.18434639e+01 3.39669609e+01
 5.01314812e+01 6.95946407e+00 5.55814941e+02 3.51800117e+01
 1.38204758e+02 3.92946553e+00 1.31228867e+02 6.90031891e+01
 9.47093219e-02 1.26570801e+03 1.18209181e+01 2.01498661e+01
 3.17416644e+00 2.40003891e+01 4.88756638e+01 2.30541344e+01
 1.25977492e+00 8.54624557e+01 4.88854294e+01 9.70595360e+00
 3.06201019e+02 1.40233898e+01 1.53099670e+02 1.53490067e+01
 6.35498095e+00 4.19338036e+01 2.42161865e+02 3.15261902e+02
 1.54988027e+00 3.07943451e+02 6.89242920e+02 3.67685486e+02
 8.74086914e+01 1.25258255e+02 9.64261932e+01 1.00637122e+03
 3.62489128e+00 3.58215523e+01 2.35825157e+01 1.61459229e+02
 8.19136719e+02 3.38380814e+01 6.90830612e+00 4.20520134e+01
 8.87372684e+00 5.28730850e+01 1.33254232e+01 3.48756409e+02
 5.67422028e+01 1.25721085e+02 1.41160107e+00 7.14081177e+02
 4.58433472e+02 2.08219315e+02 1.31375418e+01 1.01359758e+01
 9.65532532e+01 2.48589188e+02 8.50655060e+01 1.05329437e+02
 5.51513489e+02 1.16853401e+02 3.30027657e+01 7.27499924e+01
 2.37581635e+01 1.03063004e+02 2.61930420e+02 3.35938507e+02
 1.05928183e+01 3.39516418e+02 1.72414429e+02 9.56614838e+01
 3.55424500e+02 3.88280535e+00 5.50737572e+01 3.74675522e+01
 7.49898224e+01 7.25302963e+01 1.10920105e+01 6.76118279e+00
 1.00709856e+00 8.43743774e+02 5.15531738e+02 1.09931288e+01
 8.21131210e+01 4.61518211e+01 1.03305817e+01 4.14610214e+01
 8.46684189e+01 1.92153870e+02 4.80798111e+01 9.71614361e+00
 1.28396021e+03 1.01418514e+01 1.62104912e+01 1.47754955e+01
 3.92455261e+02 3.32479515e+01 3.51971664e+01 6.26656647e+01
 3.88546661e+02 1.24071033e+03 9.41039467e+00 7.13738251e+01
 5.91238022e+01 3.23803864e+01 4.74532509e+00 1.76912441e+01
 8.43831635e+01 1.20648209e+02 2.31771717e+01 1.15770559e+01
 6.55180206e+01 9.68014622e+00 5.56089897e+01 3.90343523e+00
 7.69207859e+00 1.58883057e+02 4.33094025e+01 2.89398241e+00
 2.80094004e+00 2.21372406e+02 2.77609406e+01 1.23546638e+01
 3.10291791e+00 2.37829208e+01 5.37856560e+01 1.07665195e+01
 1.11803761e+01 2.96707489e+02 1.40142700e+03 9.36447678e+01
 3.16241791e+02 5.40853424e+01 7.42973995e+00 1.91321301e+00
 3.18787479e+01 3.32569031e+02 3.31823289e-01 4.32501125e+00
 7.55486374e+01 5.62542953e+01 1.22836624e+02 1.47123184e+02
 1.78724289e+02 5.15704823e+00 2.00138901e+02 2.89274689e+02
 7.93669281e+01 8.35721664e+01 2.31946259e+02 1.64198875e+01
 1.58009552e+02 4.11297913e+01 6.63932571e+01 1.76340057e+02
 1.40184128e+02 9.96706619e+01 4.94765686e+02 5.01014435e+02
 1.71958633e+02 9.77786560e+01 3.92762642e+01 9.84067764e+01
 1.18191910e+02 1.24362595e+02 1.30223713e+01 3.25387192e+01
 7.01888733e+01 1.17305298e+01 5.44193909e+02 9.09637299e+01
 4.12721329e+01 3.80135345e+01 3.20913544e+02 6.93927612e+01
 6.82313309e+01 3.03868469e+02 3.80930328e+01 1.62050522e+02
 1.80795654e+02 4.45774628e+02 4.69867134e+01 1.60798120e+00
 1.97473495e+02 2.79489319e+02 6.41861267e+01 5.72473884e-01
 9.18192139e+01 4.36171608e+01 1.81583389e+02 4.61779327e+01
 1.35833203e+03 1.10046101e+01 8.78088379e+02 6.88344049e+00
 1.10211922e+02 1.13596100e+02 3.23485136e+00 2.51559509e+02
 2.03574570e+02 7.19184875e+01 4.25616364e+02 7.23440170e+01
 2.39204346e+02 1.42996973e+03 2.41502853e+02 3.41064606e+01],232.81451,[5.49046755e+00 3.03863068e+01 6.02701187e+01 1.03889671e+02
 3.31292633e+02 1.43048067e+01 1.19299339e+02 5.59990540e+01
 3.00870190e+01 2.10025116e+02 2.81928291e+01 3.02587921e+02
 1.07301865e+02 7.04400482e+01 3.15634583e+02 3.76557040e+00
 3.03910427e+01 1.02362657e+00 9.64292603e+01 1.53328033e+02
 7.09026108e+01 1.65038452e+02 5.18948650e+00 1.79642792e+01
 2.67699928e+01 1.18481979e+02 1.20213821e+02 1.14051998e-01
 1.50944633e+01 1.71748291e+02 2.11596085e+02 8.83304024e+00
 1.60635490e+01 5.92875252e+01 2.19275925e+02 3.80233884e+00
 2.91447282e+00 3.77787971e+01 2.26176491e+01 2.01861130e+02
 1.21213236e+01 1.07775249e+01 1.33921738e+01 5.20324783e+01
 7.64057800e+02 5.32331390e+01 8.74745941e+00 3.66664391e+01
 9.22210541e+01 1.16704340e+01 4.96134521e+02 3.10503616e+01
 9.10876274e+00 7.05961657e+00 1.35541809e+02 4.59472961e+01
 1.15256667e+00 1.42585193e+03 1.90108466e+00 2.02313271e+01
 1.71240485e+00 1.64929180e+01 5.30446167e+01 1.55259991e+01
 5.55659533e+00 1.00505295e+02 7.96029892e+01 3.86672187e+00
 2.99331818e+02 1.53799391e+01 3.34278870e+01 1.05332689e+01
 7.06592751e+00 4.29085808e+01 1.65880951e+02 3.55019379e+02
 9.21469879e+00 3.28621277e+02 6.22612305e+02 2.46573868e+02
 8.70201950e+01 1.25547325e+02 3.45821609e+01 9.27905151e+02
 2.41000682e-01 3.32687759e+01 2.92640266e+01 1.61939659e+01
 8.14376465e+02 2.91754303e+01 1.67558014e+02 1.05103045e+01
 1.24102440e+01 5.39377670e+01 1.16340513e+01 6.38597839e+02
 8.46196949e-01 3.70186081e+01 1.96789229e+00 7.81071167e+02
 5.56765259e+02 2.11276489e+02 1.44576569e+01 3.71247292e-01
 1.31179218e+01 2.22656174e+02 1.04452038e+01 1.47593979e+02
 4.75626007e+02 4.64806137e+01 3.91410294e+01 3.78915405e+01
 1.71023426e+01 8.26189880e+01 2.44000214e+02 2.76966980e+02
 1.05959454e+01 3.03451599e+02 2.17323547e+02 9.93500671e+01
 2.02553864e+02 5.20102882e+00 3.31514893e+01 1.01136053e+00
 2.75017891e+01 7.67646103e+01 1.09630766e+01 4.96721745e-01
 1.70992577e+00 1.98528427e+02 4.66853943e+02 1.19561415e+01
 8.67074585e+01 2.75335102e+01 2.27113783e-01 4.02371292e+01
 8.13185120e+01 9.86700287e+01 4.78294983e+01 1.98862660e+00
 1.76257593e+03 5.62948751e+00 2.42505379e+01 1.85665054e+01
 1.65852318e+01 3.19320946e+01 6.06852770e+00 4.75736618e+01
 4.16493896e+02 8.51483093e+02 8.73501015e+00 2.62118759e+01
 7.84709473e+01 7.24435730e+01 4.79301167e+00 3.37238045e+01
 6.70156479e+01 1.15573128e+02 1.01784630e+01 1.96220131e+01
 5.68892365e+01 3.76700516e+01 4.28050385e+01 2.72274551e+01
 2.74735546e+00 1.59482178e+02 1.57941605e+02 3.49297047e+00
 1.48006153e+01 1.88740845e+02 2.76832008e+01 3.04556255e+01
 2.87716389e+00 8.07736397e-01 1.22804764e+02 2.59399147e+01
 2.56202865e+00 2.97327820e+02 2.09879541e+03 8.26058350e+01
 5.65464020e+01 5.22583237e+01 6.97535038e+00 2.37107968e+00
 2.22847672e+01 3.25182587e+02 4.99281197e+01 4.04487276e+00
 6.18224030e+01 5.10740547e+01 9.82742310e+01 2.71966019e+01
 7.40779877e+01 2.74712420e+00 2.42002487e+02 2.85180573e+02
 1.41203598e+02 8.21044312e+01 2.16939758e+02 2.81819115e+01
 1.94526398e+02 1.02787308e+02 6.65665436e+01 1.70354370e+02
 1.52053757e+02 1.43391617e+02 2.49030151e+01 5.21983521e+02
 1.72436981e+02 8.26140060e+01 1.25361252e+00 9.87984009e+01
 3.94743180e+00 1.83674973e+02 9.46218109e+00 1.38645077e+01
 6.35051651e+01 1.08790894e+01 5.24770020e+02 9.73790054e+01
 1.00522614e+01 3.27053413e+01 3.16561523e+02 6.36287260e+00
 1.96987122e+02 2.94993286e+02 6.65414886e+01 1.64578369e+02
 1.76782288e+02 1.69372330e+02 5.25845680e+01 1.48767519e+00
 1.82841003e+02 3.23120911e+02 4.18775482e+01 6.35469377e-01
 8.31072235e+01 7.43082962e+01 2.64668304e+02 3.74595375e+01
 7.28565369e+01 6.54968834e+00 8.76717773e+02 7.52791595e+00
 1.03299042e+02 1.40534454e+02 3.00793290e+00 1.11759735e+02
 4.54856071e+01 6.27567139e+01 2.48589340e+02 7.51667862e+01
 2.38432007e+02 1.89479993e+03 5.56495399e+01 1.54177536e+02],-120.676895,-203.70471,-388.2381,3.5572119,23.443487,1.2139101,0.7511087,0.013465004653930664,10318.614307403564,-0.1359830852333985,-0.03025413470894369,-0.1351596647694227,0.006095552174006184,-0.5057669163398648,25.099999999996967,0.0,750000.0,-1.0,-556.0,500.0,6.7388927936553955,750000
146.36638,0.16197537,0.47899494,0.018698335,-141.41446,141.41446,[3.18416452e+00 1.47241139e+00 7.53230762e+00 3.79465246e+00
 1.11505783e+00 1.27588952e+00 1.32316723e-01 1.83737850e+01
 3.13518095e+00 4.25838041e+00 2.42593384e+01 3.77899170e+00
 2.05136538e+00 2.01925302e+00 1.61601150e+00 6.14424944e-01
 1.81239772e+00 2.98162866e+00 2.28386596e-01 2.16816378e+00
 1.62242556e+00 3.88998300e-01 3.84283686e+00 1.95380658e-01
 1.41247392e+00 4.70283300e-01 2.54953712e-01 6.93931222e-01
 2.25263047e+00 4.04521370e+00 1.49493623e+00 7.69312024e-01
 2.52179235e-01 6.23821449e+00 3.84787107e+00 2.40899897e+00
 4.38775253e+00 3.66031027e+00 2.15914822e+00 3.78167892e+00
 8.61423492e+00 3.27716899e+00 1.29306912e+00 6.92881489e+00
 2.41026044e+00 2.33051276e+00 2.07919806e-01 4.67032242e+00
 7.32004046e-01 3.36946025e-02 3.55636024e+00 1.35511804e+00
 7.81371880e+00 7.83104777e-01 5.59453070e-02 3.41771871e-01
 2.26122999e+00 5.79434013e+00 5.32363605e+00 2.37158224e-01
 2.79375148e+00 5.61485958e+00 1.34065742e+01 2.47264481e+00
 5.30786991e+00 2.91006541e+00 7.25491619e+00 1.10972099e+01
 4.39704847e+00 7.09037209e+00 6.88825473e-02 3.43306422e+00
 6.45080233e+00 2.04067126e-01 1.70125046e+01 3.64269686e+00
 6.54447556e-01 1.57592523e+00 2.14284725e+01 2.13357306e+00
 1.44949150e+00 2.06571490e-01 3.14314067e-01 7.15742767e-01
 5.51702678e-02 1.69356203e+00 6.68700218e+00 4.13183308e+00
 4.62137318e+00 1.32710114e-01 1.44072890e-01 2.91915011e+00
 4.62354898e+00 3.69910645e+00 2.65149307e+00 1.13744450e+00
 3.18512011e+00 6.06634736e-01 2.13486910e+00 1.78427410e+00
 3.77217793e+00 3.98620903e-01 1.18420410e+00 5.27410090e-01
 5.78512922e-02 7.11507893e+00 8.27106610e-02 2.15726376e+01
 1.83280444e+00 1.22508562e+00 5.29060960e-02 7.24822748e-03
 9.33342838e+00 7.89326620e+00 2.08330321e+00 2.39883184e+00
 2.83175945e+00 4.04807806e+00 2.78670812e+00 3.04896265e-01
 1.37840047e-01 2.49523568e+00 1.92034066e+00 3.56335354e+00
 1.52545786e+00 1.49526000e+00 9.01297855e+00 2.93967664e-01
 3.52354079e-01 7.19834232e+00 2.90329528e+00 1.51481926e+00
 2.32338142e+00 1.19502187e+00 1.28342533e+01 1.14391975e+01
 2.20176339e+00 2.53258629e+01 1.47829068e+00 6.61289263e+00
 4.64133120e+00 7.76394486e-01 2.41180325e+00 3.18411732e+00
 3.09872198e+00 1.49308357e+01 4.05422226e-02 9.63623166e-01
 2.23387194e+00 9.84553397e-01 3.21646428e+00 3.91203308e+00
 3.49874306e+00 1.42768545e+01 7.24263477e+00 2.19146705e+00
 2.47254252e+00 1.34991753e+00 4.00379658e-01 9.59054852e+00
 2.61762047e+00 1.05003142e+00 1.60219443e+00 1.15698941e-01
 1.56127453e+00 4.43500900e+00 2.89792299e+00 1.78090945e-01
 2.36533594e+00 4.51190662e+00 2.48072886e+00 3.52838087e+00
 9.60206223e+00 1.23510385e+00 1.13149814e-01 1.76175728e+01
 8.43742752e+00 8.45610499e-02 2.10743165e+00 3.86958551e+00
 5.66479325e-01 5.02733135e+00 1.77574885e+00 2.53404045e+00
 1.70293719e-01 3.28174710e+00 2.22514290e-02 3.41721249e+00
 3.09311008e+00 9.66147840e-01 6.74440479e+00 3.44418943e-01
 6.47599888e+00 1.78774643e+00 2.89697218e+00 2.24960756e+00
 1.37079263e+00 1.97842613e-01 1.16972983e+00 2.03616649e-01
 3.44956970e+00 2.21103862e-01 4.22092247e+00 8.09929562e+00
 1.10968189e+01 1.99764502e+00 9.60456014e-01 2.14773178e+00
 9.67521858e+00 5.40605068e+00 1.18070297e+01 4.37998676e+00
 5.84374189e+00 7.88240719e+00 1.12910581e+00 1.07953465e+00
 3.20099771e-01 1.55638695e+00 4.70819569e+00 9.61154461e-01
 2.40249597e-02 3.39064240e-01 9.80468082e+00 1.59523726e+00
 5.42372370e+00 1.09580946e+00 5.67398667e-01 2.05393291e+00
 3.98572998e+01 2.26298332e+00 2.38213992e+00 1.15563440e+00
 6.23649311e+00 4.71181512e-01 1.48158932e+00 5.28769350e+00
 9.84123611e+00 1.28974533e+00 8.05161595e-01 9.43942592e-02
 3.86446118e+00 5.66788864e+00 2.92689967e+00 1.11700010e+01
 1.54742658e+00 5.65886438e-01 3.28459764e+00 1.68421578e+00
 1.36612773e+00 1.20636141e+00 1.80678010e+00 4.37903976e+00
 1.45143013e+01 3.05005360e+00 5.03280401e+00 8.61471748e+00],4.2207375,[2.6653522e-01 4.9207300e-01 2.1827456e-02 2.5394940e+00 8.6614031e-01
 6.0349736e+00 1.3671532e-01 1.8010645e+00 1.7488914e+00 1.1874483e+00
 4.2835031e+00 1.1830120e+00 1.4440109e+00 1.5447872e+00 9.2516583e-01
 5.3468591e-01 8.3731241e+00 1.4295142e+00 2.4346218e-01 5.1578698e+00
 4.7299795e+00 3.5439966e+00 8.6849517e-01 5.7543612e-01 3.5622027e+00
 1.0516394e+00 6.2561731e+00 4.3813190e+00 2.2348466e+00 2.1353944e-01
 2.5285214e-02 3.2562518e+00 2.9341891e-01 2.0619787e+01 3.8240200e-01
 3.0503194e+00 5.1083076e-01 3.0184755e+00 1.5053308e+00 3.7383044e+00
 2.3611403e+00 2.7332230e+00 5.4185195e+00 3.4918685e+00 6.4527179e-04
 2.6303387e+00 9.5501684e-02 6.2983198e+00 1.4706434e+00 3.8323989e+00
 2.6922596e+00 2.0643766e+00 3.7818527e+00 4.8018411e-01 4.7717042e+00
 2.0498879e+00 2.5228187e-01 8.2190961e-01 2.5416768e+00 2.0428021e-01
 2.5071867e+00 1.1321165e-01 6.6586936e-01 5.7094216e+00 5.5815947e-01
 2.7465830e+00 1.7874388e+01 2.8636248e+00 4.3069320e+00 1.6737726e-01
 3.2147546e+00 2.1277711e+00 9.9544354e-02 1.8039683e+00 2.3693758e-01
 2.7118337e+00 1.5447846e-01 2.0291290e+00 1.9860214e+00 3.2641703e-01
 4.7871104e-01 2.2320888e+00 3.2833561e-01 1.9912778e-01 3.3694990e-02
 2.6284020e+00 1.5394843e+00 1.4048796e+00 4.9256605e-01 1.3740173e-01
 1.5036139e-01 7.1503673e+00 5.1633711e+00 1.5455309e+00 1.7221545e+00
 9.0354037e-01 7.0158440e-01 1.0792522e+00 1.1537316e+00 1.3633401e+00
 5.2577863e+00 1.8549712e+00 3.1013923e+00 2.3368850e+00 2.7199257e-02
 4.4761097e-01 2.2000980e-01 1.6031436e+00 1.5889312e-01 3.4321011e+01
 9.4804332e-02 3.5796821e-01 1.1886393e+01 8.5323572e+00 1.1021171e+00
 2.1488950e+00 7.5079215e-01 2.3058765e+00 1.2920629e+00 9.9680066e-01
 2.1514688e+00 2.5054305e+00 2.9210753e+00 1.0853711e+00 9.1682587e+00
 1.5341325e-01 7.1453080e+00 2.7785474e-01 6.6728371e-01 4.2278618e-01
 5.2507007e-01 3.8904088e+00 3.7847157e+00 1.4750345e-02 7.4945331e-01
 3.0798098e-01 3.3157935e+00 6.8708963e+00 1.6160214e+00 9.6892101e-01
 2.6108313e+00 4.1218376e+00 1.6325778e+00 7.4695764e+00 2.2414212e+00
 6.2095151e+00 3.2758933e-01 1.8254628e+00 6.6917762e-02 1.2029160e+00
 6.9743481e+00 2.8558428e+00 3.5383515e+00 4.9265194e+00 1.3397254e+00
 7.6056123e-02 4.8567204e+00 7.2195721e-01 2.9925230e-01 8.1427759e-01
 3.9619648e-01 3.9375868e+00 1.0653822e+00 4.4721715e-02 6.7305945e-02
 6.6735759e+00 1.9127607e+00 4.1244454e+00 2.3454519e-01 4.1632453e-01
 2.3627574e+00 1.6523334e+00 5.1617897e-01 1.3218149e+00 4.0556762e-02
 5.7291251e-01 2.2598655e+00 4.3009689e-01 5.9727550e-01 8.9224744e-01
 3.5599880e+00 1.9174255e-01 2.4617825e+00 5.3533726e+00 7.7329949e-03
 1.3451922e+00 2.7364254e-02 1.9429940e+00 2.4629283e+00 2.5679529e+00
 6.4899073e+00 4.1160803e+00 7.4412870e-01 1.0686260e+00 1.6717734e+00
 1.2853168e+00 2.5857288e+01 7.7050641e-02 3.1549134e+00 4.9683924e+00
 1.1608290e+01 6.5480304e+00 2.2870481e+00 8.5541660e-01 3.4777471e-01
 1.0540771e+00 1.4875224e+00 1.4514829e+00 9.4487171e+00 8.0582464e-01
 4.1579409e+00 2.1117148e+00 2.5086778e-01 6.0422454e-02 2.7870729e+00
 8.8528484e-01 1.6411743e-01 1.1998577e+01 2.4629107e+00 3.4038095e+00
 8.9284822e-02 4.9360042e+00 2.2401631e+00 1.2985297e-01 1.6073935e+00
 1.6235187e+00 3.4036024e+00 3.6000207e-01 4.8362221e+01 2.7910960e+00
 2.5072670e+00 2.3375626e+00 6.3887715e-02 1.5956063e+00 2.7680762e+00
 1.5384827e+00 6.7238653e-01 1.2311395e+00 4.1485090e+00 1.1564242e+00
 4.0949473e-01 7.4855578e-01 2.0258346e+00 3.6640556e+00 5.5984831e+00
 4.1052821e-01 9.4896555e-01 5.7336206e+00 2.5422006e+00 5.5713348e+00
 7.5981259e-01 7.7034354e-01 9.8510599e+00 4.7190517e-01 1.1804812e+00
 2.8292970e-03],-79.57761,-175.7569,-400.0,1.5720242,3.9723706,0.88221633,0.6264889,51.781662,-440.52206,813.15515,196.26079,0.6876068,0.5006591,0.11573942,-190.56659,190.56659,[5.10651886e-01 3.43491913e+02 1.78254138e+03 2.94482021e+01
 1.01201904e+02 5.19564438e+00 1.01908676e+02 1.44476334e+02
 3.19732132e+01 4.30128632e+01 7.34558105e+01 1.93267345e+01
 1.76947098e+02 2.39779221e+02 9.65443878e+01 1.97399025e+01
 1.23975021e+02 1.11861801e+01 3.25661865e+02 9.59246216e+01
 4.98950386e+00 7.91795898e+02 7.82046661e+01 1.32791653e+01
 5.51524239e+01 3.91943097e+00 3.69231537e+02 2.61975983e+02
 5.50558701e+01 1.64309494e+02 6.12944698e+00 2.01084045e+02
 1.09746979e+02 1.41388794e+02 6.60855347e+02 5.41692772e+01
 8.53923950e+01 6.56233749e+01 1.70129593e+02 4.08956223e+01
 4.44900627e+01 1.58218018e+02 1.74381302e+02 1.14370712e+02
 2.69553345e+02 1.02140945e+02 1.64154606e+01 1.58912079e+02
 2.03689694e+00 4.89176636e+02 1.38703445e+02 8.80424561e+02
 2.23185940e+01 3.17652035e+01 3.63378754e+01 1.78501301e+01
 1.61438095e+02 3.21812683e+02 1.62719650e+02 3.81219792e+00
 7.97115326e+01 9.09079437e+01 4.08583771e+02 3.50648041e+01
 1.72981857e+02 5.12725163e+00 1.29913437e+02 1.68615456e+01
 1.91201630e+02 3.58699097e+02 3.07684021e+02 7.33746490e+01
 1.42486542e+02 2.39918685e+00 1.46212793e+03 8.09201584e+01
 2.10888672e+01 2.77725250e+02 4.12715149e+01 2.69893551e+01
 1.01239610e+00 6.64172316e+00 4.40257629e+02 3.01730225e+02
 3.23134117e+01 3.35553314e+02 8.55768433e+01 2.25314560e+01
 1.59953064e+02 6.73678055e+01 5.24961487e+02 3.14025665e+02
 1.18021713e+02 4.15165615e+00 1.73199615e+02 6.62982483e+01
 1.79195831e+02 1.65507050e+01 3.58686790e+01 1.99640656e+01
 1.12875707e-01 6.85901413e+01 1.01973844e+00 2.72180033e+00
 3.60638390e+01 6.59283295e+01 3.14858227e+01 2.35639282e+02
 1.62291656e+02 1.83368149e+01 7.31819214e+02 9.20074654e+00
 5.82716584e-01 3.58358932e+00 5.64992256e+01 9.76213837e+00
 2.73173294e+01 6.71898499e+02 1.75379314e+01 2.70095459e+02
 8.74124832e+01 1.22355072e+02 4.90119690e+02 1.31680176e+02
 1.86048298e+01 1.26999561e+03 2.65469177e+02 2.12119179e+01
 8.80206451e+01 1.76408035e+02 2.62405078e+03 4.00866165e+01
 6.74634397e-01 2.93126648e+02 2.14508362e+01 5.46102486e+01
 1.55669815e+02 4.29554596e+01 8.15045700e+01 1.46996475e+02
 9.31548996e+01 5.25470695e+01 4.21110840e+01 1.97038727e+01
 2.17546387e+01 1.40645370e+02 1.67839127e+01 1.61274552e+00
 2.68746567e+01 3.52700500e+02 9.15367432e+01 3.84911919e+00
 2.90263271e+00 5.80387306e+00 5.51841370e+02 5.05135269e+01
 4.56836815e+01 2.22031975e+01 1.63685028e+02 5.30735207e+00
 3.16144218e+01 1.27925243e+01 2.08266068e+02 1.46067743e+01
 3.92246826e+02 2.63672180e+01 1.59432056e+03 2.21372131e+02
 1.23390213e+02 1.33202988e+02 9.86343994e+01 1.97255875e+02
 1.61371704e+02 8.65591049e+00 2.53369980e+01 2.37831898e+01
 5.93508186e+01 9.48679428e+01 6.62431564e+01 3.32323990e+01
 7.20629692e+00 1.67722693e+03 1.28908424e+01 1.85576202e+02
 5.26955462e+00 7.22078613e+02 8.71418762e+01 8.13040405e+02
 4.24313507e+01 5.71393921e+02 4.43649658e+02 3.69001427e+01
 7.19187698e+01 1.83334122e+01 7.54840393e+01 7.13799500e+02
 6.98939896e+01 4.61525459e+01 4.86648750e+01 3.79904755e+02
 2.38176765e+01 6.81792145e+01 6.23766479e+01 8.71048508e+01
 9.51585693e+02 1.17184906e+02 1.29066254e+02 7.93923664e+00
 1.50015076e+02 5.99085045e+00 3.30986328e+01 4.00943661e+00
 3.31523254e+02 3.37125854e+01 3.70267067e+01 6.79903076e+02
 3.90554993e+02 1.14179871e+02 1.79311484e-01 3.27946663e+01
 3.09614429e+01 1.79247681e+02 4.96049194e+02 1.60946631e+03
 1.31054869e+01 1.03321899e+02 4.65497589e+01 4.05431700e+00
 8.12310638e+01 4.92361794e+01 2.15996246e+01 5.44241486e+01
 5.93292358e+02 3.03805172e-02 1.55610561e+01 2.06803070e+02
 3.04327278e+01 1.10945072e+01 2.93116035e+01 2.00377701e+02
 4.04198303e+01 1.06360924e+02 9.73776398e+01 5.53426056e+01
 8.15796432e+01 5.98237610e+00 2.93930244e+01 2.36945114e+01
 4.24148703e+00 4.17045784e+00 8.39140701e+01 1.69612408e+01
 3.81353668e+02 6.04429138e+02 2.42351294e+00 1.07734947e+01],253.15067,[2.46866989e+00 2.89687622e+02 3.05026886e+02 5.20371933e+01
 8.87410355e+01 6.46503305e+00 4.51497316e+00 1.40435516e+02
 3.68265648e+01 5.25136833e+01 1.05770668e+02 9.71959076e+01
 1.30424988e+02 2.01077301e+02 1.09348145e+02 2.22437668e+01
 1.12609528e+02 3.70254922e+00 4.25580048e+02 1.10153122e+02
 3.17752209e+01 3.93903875e+00 1.12578804e+02 3.60528679e+01
 5.58854218e+01 2.50345974e+01 2.89838928e+02 8.26979923e+00
 7.28502045e+01 1.41146027e+02 6.30234833e+01 2.03188843e+02
 1.72676041e+02 1.37999268e+02 6.59769531e+02 5.09275818e+01
 8.36954880e+01 6.40762482e+01 1.53922058e+02 2.91074333e+01
 4.64413452e+01 2.04370056e+02 1.66218170e+02 3.50915527e+01
 4.50480591e+02 3.88907089e+01 2.18341465e+01 2.40910397e+01
 1.34591684e+01 4.53481232e+02 1.11529831e+02 6.39988708e+02
 5.11613846e+00 4.51633568e+01 2.82917519e+01 2.28001142e+00
 2.96680237e+02 1.72982178e+02 1.52659454e+02 2.46045303e+01
 7.79690399e+01 3.71997604e+01 6.27856140e+01 3.22401657e+01
 2.16656326e+02 5.74419975e+00 1.45673386e+02 2.39530239e+01
 1.61539703e+02 3.42872711e+02 2.85812683e+02 8.52724991e+01
 1.51643356e+02 8.53614044e+00 1.55459106e+03 1.42310379e+02
 1.71633816e+01 2.93618591e+02 3.61226921e+01 4.73971138e+01
 1.05002689e+00 2.97983408e+00 2.61714172e+02 2.91193054e+02
 2.72468796e+01 3.27370209e+02 7.31877899e+01 2.15928669e+01
 5.65931946e+02 7.17930679e+01 5.70739212e+01 2.07475708e+02
 1.12971237e+02 2.06301727e+01 1.65410156e+02 2.01746988e+00
 1.69594131e+02 2.46803036e+01 2.85557652e+01 1.86552200e+01
 9.53356266e+00 3.07906952e+01 2.08730292e+00 1.12646065e+01
 1.76451473e+01 5.39556656e+01 5.24115562e+01 2.53749512e+02
 2.71740479e+02 2.12267361e+01 6.87652100e+02 6.02383995e+01
 8.62414742e+00 1.61590099e+01 4.69319649e+01 2.61638565e+01
 6.91329670e+00 3.20485046e+02 1.56320248e+01 3.22910156e+02
 1.09254166e+02 9.22062607e+01 4.48330109e+02 1.10036827e+02
 1.25287457e+01 2.51206169e+01 1.57154251e+02 4.96862078e+00
 6.43289719e+01 1.00084167e+02 3.92643677e+02 4.12875137e+01
 1.32057071e+00 4.49185242e+02 1.75632687e+01 4.93156815e+01
 1.51648531e+01 6.64253159e+01 9.07036896e+01 1.48150158e+00
 1.28629013e+02 5.20333939e+01 4.16813240e+01 1.50707550e+01
 1.61348209e+01 1.42771057e+02 8.71464920e+00 5.35850143e+00
 3.51184540e+01 3.54808258e+02 1.19636314e+02 4.52927208e+01
 2.36203098e+00 1.38136377e+01 3.51887085e+02 4.97022705e+01
 4.63480606e+01 3.28016815e+01 1.83783249e+02 1.00107069e+01
 2.99870892e+01 5.97045479e+01 7.39260498e+02 9.16151714e+00
 5.42901978e+02 3.92924080e+01 4.55285461e+02 2.20073334e+02
 9.36111221e+01 1.34491791e+02 2.05896149e+02 2.80125641e+02
 1.55107376e+02 6.00765657e+00 3.12641506e+01 2.80399990e+01
 9.17046890e+01 1.11591675e+02 8.49747162e+01 6.70091705e+01
 6.52059126e+00 1.74398022e+03 8.96182251e+00 1.92656372e+02
 5.86580229e+00 6.78768372e+02 7.63462982e+01 2.05876068e+02
 1.68604584e+01 3.85394049e+00 1.53056097e+01 3.52695427e+01
 3.32419739e+02 1.54130802e+01 8.60295105e+01 1.11354431e+03
 6.97220917e+01 1.25780853e+02 3.16133537e+01 3.62359802e+02
 3.21721497e+01 6.50056305e+01 6.86778793e+01 1.20164452e+02
 9.08550049e+02 1.25663857e+02 2.52350433e+02 5.48549843e+00
 7.77914276e+01 8.74362850e+00 3.70425262e+01 1.07793636e+01
 3.14363586e+02 1.60476379e+02 3.77724037e+01 5.22162659e+02
 3.60922058e+02 4.19590378e+01 5.77677965e+00 2.09729576e+01
 2.68571682e+01 1.76263718e+02 5.61159241e+02 2.78051611e+03
 1.35528069e+01 4.50111351e+01 1.65316525e+01 3.46200027e+01
 6.15313568e+01 1.02219971e+02 2.19744182e+00 1.39959669e+01
 3.24207886e+02 9.67794228e+00 7.72724748e-01 1.80054535e+02
 3.36528358e+01 3.03329048e+01 3.83842964e+01 2.48522598e+02
 3.39501152e+01 5.01991425e+01 1.17977966e+02 2.52774506e+01
 4.63848305e+01 4.00171242e+01 2.71086960e+01 4.59357262e+00
 1.30754919e+01 1.38070812e+01 8.99914551e+01 1.64353905e+01
 5.42037781e+02 6.59975952e+02 1.71568356e+01 1.70848179e+01],-109.571594,-202.62024,-384.59216,3.1781106,20.92212,1.2709737,0.7380694,0.014043573398590088,10669.703662395477,0.013886169648529222,-0.03268006359965633,0.012091026527807053,-0.03240211004082473,35.757333576336684,25.099999999996967,0.0,775000.0,-2.0,-990.0,500.0,6.858227252960205,775000
145.82578,0.16752951,0.39043108,0.021493966,-141.75394,141.75394,[5.23264694e+00 7.68866241e-01 7.70670533e-01 5.92216110e+00
 1.04151976e+00 3.07440460e-01 1.46400130e+00 4.44207668e+00
 4.08765173e+00 1.48225212e+00 3.84343326e-01 8.96388054e+00
 1.78018260e+00 6.91314316e+00 6.02053690e+00 5.78455782e+00
 1.19592321e+00 5.40309000e+00 1.43395348e+01 1.01652975e+01
 4.97223973e-01 4.35217857e+00 2.79727650e+00 6.67703897e-02
 2.28057075e+00 5.23323536e+00 7.46987915e+00 1.91252351e-01
 5.08970320e-01 2.36380672e+00 8.28711390e-01 4.25397873e-01
 8.33059072e-01 7.62426186e+00 8.66057158e-01 3.83878279e+00
 2.69605249e-01 2.62313509e+00 1.88550815e-01 8.61421490e+00
 3.06391597e+00 8.24404120e-01 2.36042809e+00 5.90456915e+00
 1.81341672e+00 9.33568954e+00 6.23528528e+00 7.34510779e-01
 7.35007429e+00 7.40682423e-01 8.28692436e+00 1.12385396e-02
 3.41581774e+00 9.38099504e-01 6.14518940e-01 8.90178561e-01
 1.90592456e+00 2.90968919e+00 1.38752103e-01 6.20351887e+00
 3.15429389e-01 6.46463442e+00 1.93220329e+01 1.13843060e+00
 1.14109039e+00 4.85191822e+00 1.31339636e+01 3.15288305e-01
 4.61999208e-01 2.96014452e+00 7.43837214e+00 6.35960877e-01
 5.11924505e+00 3.06073856e+00 2.78577757e+00 1.66420727e+01
 4.11941099e+00 1.65667009e+00 1.23653495e+00 1.76984102e-01
 6.99738264e+00 3.31962490e+00 8.04013348e+00 4.13142181e+02
 1.96085680e+00 1.18487835e+01 1.72364488e-01 9.32552397e-01
 1.42310536e+00 2.72370720e+00 7.64977336e-02 3.29530048e+00
 3.16963029e+00 3.07054019e+00 5.66514075e-01 6.98038280e-01
 1.81060112e+00 2.07431006e+00 1.12189853e+00 6.36757493e-01
 1.10113678e+02 1.98014653e+00 4.10002422e+00 1.27460137e-01
 9.60367322e-01 1.08730185e+00 9.25271094e-01 2.22213769e+00
 7.06819534e+00 5.34527397e+00 5.70924520e-01 2.56779253e-01
 1.13003664e+01 3.09255812e-03 2.35607872e+01 1.15721250e+00
 2.63738513e-01 2.78882122e+00 4.03041649e+00 7.91774797e+00
 1.04901028e+00 2.47987700e+00 5.16639575e-02 2.89461517e+00
 3.82067370e+00 1.08062439e+01 4.69797182e+00 3.71814942e+00
 6.63972855e-01 5.54827332e-01 9.85884285e+00 2.94291496e+00
 3.86075687e+00 3.98497272e+00 1.22017227e-01 4.70443821e+00
 4.20605230e+00 1.43142009e+00 9.17404592e-01 3.87019157e+00
 7.75136757e+00 1.16528833e+00 1.38739204e+00 6.97762668e-01
 5.48705292e+00 7.01338053e-01 3.10333073e-03 1.26977253e+00
 1.30092831e+01 1.01062000e+00 1.30982399e+00 5.56741476e-01
 4.43188429e+00 6.64861679e-01 3.27640963e+00 5.21268845e+00
 3.12497467e-01 8.26108074e+00 9.07834098e-02 6.86031723e+00
 2.92677450e+00 9.40374374e-01 4.37848520e+00 3.17510376e+01
 7.32585526e+00 2.58565474e+00 3.65129896e-02 2.62195277e+00
 7.60977697e+00 7.63810196e+01 1.52815437e+01 2.14337301e+00
 2.89542079e+00 9.54533517e-01 2.95355558e+00 2.46961504e-01
 1.95408325e+01 3.60750771e+00 5.12589455e-01 2.23067546e+00
 1.26836455e+00 3.56268311e+01 5.64972937e-01 4.10785794e-01
 1.45017672e+00 7.83344746e+00 8.41595173e+00 5.92769194e+00
 3.92171144e-01 3.27820230e+00 5.24683857e+00 7.62552404e+00
 6.47281766e-01 4.91005993e+00 3.29406071e+00 7.14339972e+00
 3.54800284e-01 2.01438689e+00 8.60558128e+00 1.21291790e+01
 6.78083897e-02 7.08765090e-02 4.13630962e+00 3.48014355e+00
 1.37515914e+00 2.88043165e+00 6.92691040e+00 4.39725399e-01
 4.65277576e+00 6.27997816e-02 7.05070448e+00 3.56344509e+00
 3.92278457e+00 1.00950348e+00 3.19000292e+00 1.63310373e+00
 8.17841816e+00 3.81218719e+00 8.60938787e-01 1.35294408e-01
 2.80322909e+00 1.18102026e+00 7.79145598e-01 2.77253914e+00
 1.05322218e+00 2.19749188e+00 1.82808828e+00 4.01651001e+01
 2.27833912e-01 1.34417284e+00 2.98831105e+00 2.64547706e-01
 3.27498293e+00 2.22042751e+00 9.15603638e+00 2.90561986e+00
 4.66112022e+01 7.52281380e+00 5.95088042e-02 1.08776361e-01
 3.42619133e+00 1.37839949e+00 1.05060208e+00 2.49383855e+00
 1.01669645e+01 1.81008983e+00 7.04202557e+00 4.12900972e+00
 3.01566839e+00 8.84342074e-01 1.19597450e-01 2.80313492e+00
 1.23023652e-01 1.27404034e-01 7.52600861e+00 3.59948635e-01],7.7182426,[2.79403120e-01 2.69014418e-01 7.05798924e-01 4.83878911e-01
 3.61806726e+00 1.90586352e+00 1.17792201e+00 2.08462048e+00
 3.74519825e+00 1.20115399e+00 8.99661303e-01 6.96318531e+00
 2.26093936e+00 7.98732567e+00 3.92312813e+00 1.13034785e+00
 4.86340046e+00 1.79646266e+00 2.92548108e+00 8.06549644e+00
 2.84984082e-01 2.93552637e+00 3.16475630e+00 7.29095340e-02
 4.94526339e+00 8.60853374e-01 1.25827014e+00 5.34017229e+00
 9.54506099e-01 1.12201715e+00 1.98250818e+00 5.10471392e+00
 3.72057533e+00 4.93745178e-01 8.99801254e-01 1.14570034e+00
 6.09438133e+00 2.26794004e+00 1.72417164e-02 4.28855777e-01
 1.64328551e+00 3.31476003e-01 9.10412216e+00 1.33779883e-01
 1.91306901e+00 3.01547229e-01 3.17384124e+00 2.41386461e+00
 9.07580793e-01 3.99254704e+00 1.97096482e-01 5.67043543e-01
 2.72434139e+00 3.06142998e+00 3.31418276e-01 1.28249979e+01
 2.79674578e+00 4.39252043e+00 3.70071173e+00 2.93732882e+00
 2.70527303e-01 1.48508942e+00 3.67416687e+01 2.68720913e+00
 2.02841473e+00 5.47881603e+00 2.27314472e+00 5.94512284e-01
 1.98770308e+00 2.06458926e+00 2.29467201e+00 4.59989738e+00
 1.76720285e+00 2.09259701e+00 1.91145039e+00 1.25220168e+00
 2.77792072e+00 2.41260004e+00 4.15854311e+00 1.56023398e-01
 1.17628443e+00 2.42257452e+00 1.12541046e+01 1.13289246e+02
 6.62164783e+00 1.67776299e+00 1.73181996e-01 4.31903696e+00
 3.12118053e-01 4.41904259e+00 4.17326808e-01 6.42784595e-01
 1.47281432e+00 9.32184219e+00 1.79959106e+01 7.21219540e-01
 1.54501414e+00 3.00617146e+00 1.80936384e+00 1.53862381e+00
 9.07996063e+01 2.74169769e+01 2.44890070e+00 9.55120772e-02
 8.88156533e-01 1.23406248e+01 3.03722548e+00 2.01293731e+00
 8.53631496e-02 6.43383026e+00 5.49137831e-01 2.76728392e+00
 2.90455265e+01 2.40275152e-02 1.09676015e+00 1.57430768e+00
 3.32813191e+00 3.87747228e-01 1.83924365e+00 1.39371681e+01
 6.48048103e-01 8.80888641e-01 9.41181481e-01 2.59584498e+00
 4.31230593e+00 9.07601118e-01 6.68665028e+00 2.59446678e+01
 2.85509944e+00 2.58571196e+00 5.16834164e+00 4.22021580e+00
 3.38369751e+00 9.68871415e-01 6.32695794e-01 5.30996501e-01
 4.89779758e+00 3.32063890e+00 6.62665749e+00 2.53632569e+00
 1.13483119e+00 1.06983989e-01 1.52419060e-02 6.11266375e-01
 3.17910528e+00 5.36673117e+00 4.68181878e-01 2.87025690e-01
 8.86398125e+00 4.40982914e+00 6.26057053e+00 4.74693680e+00
 1.05480490e+01 1.03198516e+00 5.47487140e-01 2.43281722e+00
 3.84240532e+00 6.05291986e+00 1.72878432e+00 4.34222889e+00
 2.09401441e+00 2.22340986e-01 8.28324032e+00 4.63679886e+00
 2.25902274e-02 1.23460245e+00 3.94601047e-01 2.19274044e+00
 2.81061149e+00 2.84636040e+01 9.39651370e-01 1.87819624e+00
 5.11469984e+00 2.79801178e+00 4.06335640e+00 3.12239587e-01
 2.44907558e-01 1.01507103e+00 2.05182457e+00 3.22219586e+00
 4.05307817e+00 1.55284128e+01 6.44228411e+00 5.09527206e-01
 1.47002006e+00 7.08572745e-01 3.18092752e+00 3.55639076e+00
 6.88096106e-01 5.84578228e+00 4.36437798e+00 2.61451836e+01
 3.40265036e-01 2.96620250e-01 1.08862472e+00 2.05194807e+00
 2.35434418e+01 6.83799386e-01 2.41501045e+01 1.18764048e+01
 9.46471542e-02 2.05349159e+00 1.73406339e+00 1.45834064e+00
 2.52581453e+00 3.10121369e+00 1.82670498e+00 3.50873828e+00
 9.76852059e-01 9.50213596e-02 4.08947319e-01 7.34451771e+00
 2.28219628e+00 1.84566164e+00 2.48997831e+00 7.78221428e-01
 2.32037187e+00 3.30184013e-01 4.02109735e-02 1.66500568e-01
 3.30715835e-01 1.08315420e+00 4.82948542e+00 1.11827266e+00
 9.88567710e-01 1.07966852e+01 8.29656780e-01 3.66973991e+01
 4.14707094e-01 5.24713516e+00 1.99326057e+01 4.36853218e+00
 4.58631420e+00 2.80298710e+00 5.90983868e+00 2.30147481e+00
 6.03502083e+00 4.19193935e+00 2.05207253e+00 8.53031754e-01
 1.21734750e+00 2.58704215e-01 4.89579171e-01 1.78782749e+00
 4.23981857e+00 3.47672939e+00 1.68643398e+01 3.11278582e-01
 1.41710889e+00 4.52190495e+00 9.02880192e+00 1.20359719e+00
 4.78065789e-01 6.95978403e-01 2.87583089e+00 6.32490921e+00],-97.177475,-168.21384,-399.4287,1.6823431,12.782951,0.97113365,0.6351532,130.85489,-53.574043,490.612,193.7375,0.72163904,0.49479255,0.103484154,-188.06793,188.06793,[6.10975266e+01 9.43980713e+01 7.41066217e-01 1.55751860e+00
 5.97099243e+02 2.03379607e+00 2.49071807e-01 4.05835609e+01
 1.05748528e+02 9.57979431e+01 3.78548981e+02 8.42964172e+01
 2.81185944e+02 5.97294617e+00 3.77348853e+03 3.18757706e+01
 7.07020203e+02 7.89798594e+00 1.75701340e+02 6.89456635e+01
 8.71436920e+01 2.93361084e+02 8.81951065e+01 2.79722473e+02
 3.65276070e+01 4.74658051e+01 1.66398942e+00 8.11905766e+00
 6.02983337e+02 4.86428022e+00 2.41946716e+01 7.17836738e-01
 9.67177002e+02 4.19924240e+01 1.86411178e+00 3.16244450e+01
 4.26874809e+01 1.60053543e+02 1.90661560e+02 1.06886665e+02
 6.31602173e+01 1.31648693e+01 2.40875183e+02 9.53054657e+01
 3.73450184e+00 6.06466797e+02 7.78957796e+00 2.88535950e+02
 2.03463623e+02 1.89969234e+01 9.82329254e+01 4.79423809e+00
 4.13059912e+03 8.23821030e+01 4.52363495e+02 5.13817322e+02
 2.80162689e+02 1.59212143e+02 8.58750000e+01 8.48868408e+01
 6.43465958e+01 6.32619572e+00 2.75409641e+01 2.17747974e+01
 1.84790840e+01 6.48619223e+00 2.64361892e-02 1.70106110e+02
 1.37637634e+02 1.05250526e+02 2.61129036e+01 1.62183075e+01
 1.54291946e+02 7.34995346e+01 8.70112000e+02 4.38762550e+01
 1.15465744e+02 4.43895149e+01 1.65654869e+01 1.62695526e+02
 2.41625047e+00 9.12574890e+02 2.40476913e+01 3.01829529e+02
 6.87343018e+03 1.61356430e+02 2.03367233e+00 1.27621223e+02
 3.43535278e+02 1.48373627e+02 3.87942924e+01 7.19561157e+01
 3.00715866e+01 1.09070496e+03 6.62099794e-02 6.92258310e+00
 3.89168549e+00 4.53713837e+01 1.54884586e+01 2.09276764e+02
 9.81711960e+01 6.99029236e+01 7.82200394e+01 7.72881546e+01
 4.28502502e+01 1.69148346e+02 1.55644774e+00 6.87642670e+00
 2.94867363e+01 3.46916351e+01 1.56894693e+01 1.35578461e+02
 2.65357727e+02 5.60895508e+02 6.85200653e+01 2.13887668e+00
 2.40614510e+01 3.66015778e+01 4.98999084e+02 6.48790374e-02
 2.40712337e+01 1.69862244e+02 6.79703445e+01 2.73659849e+00
 5.47060471e+01 2.35475121e+01 3.37253082e+02 3.53802734e+02
 5.65646439e+01 8.84006836e+02 1.85630322e+01 3.74697632e+02
 2.92065468e+01 6.62991180e+01 9.56268234e+01 5.80342674e+01
 1.02289726e+02 1.57916580e+02 9.94143677e+02 6.98775024e+02
 6.26363281e+02 1.75293465e+01 2.80882324e+02 4.83787354e+02
 3.31092834e+00 7.47261841e+02 6.67616272e+01 6.01616760e+02
 3.29920845e+01 3.19540834e+00 3.11108978e+02 5.40418549e+01
 3.12382959e+03 2.41883163e+02 7.65622139e+00 2.86983398e+02
 2.08115875e+02 2.91787323e+02 1.52163986e+02 3.31385269e+01
 1.06157051e+02 6.85258484e+01 2.32760048e+01 1.89138527e+01
 1.09011169e+02 2.63040733e+01 4.19780518e+02 1.87978973e+02
 2.56943970e+01 9.15340900e+00 3.24335663e+02 3.56684357e+02
 1.04824814e+02 1.30494747e+01 1.03829889e+01 3.36056633e+01
 4.71651745e+00 9.38661098e+00 7.08957062e+01 5.01608162e+01
 6.75625916e+01 3.57984924e+01 8.65013351e+01 1.47473206e+02
 4.48297405e+00 2.34608856e+02 1.73300354e+02 1.07639179e+01
 1.97149773e+01 1.00779999e+02 1.28087292e+03 1.87725811e+01
 4.02292969e+02 7.69407332e-01 9.89113045e+00 4.80422249e+01
 1.88754791e+02 2.22781825e+00 1.20515816e+02 1.13680591e+03
 1.55277100e+01 2.39951477e+01 2.22698517e+02 4.22629662e+01
 5.83865643e+00 4.11928368e+01 9.70440140e+01 2.72007294e+02
 7.20535461e+02 4.24038440e-01 9.87608566e+01 2.25316483e+02
 1.03253002e+01 6.07119226e+00 1.08197290e+03 1.94037304e+01
 1.34653641e+02 4.88180542e+00 3.12381866e+02 3.30308914e+01
 5.45810547e+01 1.11768951e+01 2.58209961e+02 9.48827438e+01
 1.62040100e+02 2.24762459e+01 9.22090836e+01 6.46249390e+01
 7.36176605e+01 6.55729818e+00 6.96707581e+02 3.48147440e+00
 8.15178375e+01 2.80018311e+02 8.37391434e+01 6.84975815e+01
 3.74431467e+00 8.53408146e+00 6.99445572e+01 1.23276894e+02
 1.91522629e+02 5.15626450e+01 5.36648376e+02 1.45291958e+01
 7.23173065e+01 6.72867554e+02 1.10815084e+00 4.03439423e+02
 5.78469801e+00 1.11593914e+01 4.40640259e+02 4.29420586e+01
 1.11614410e+02 6.51106720e+01 4.48476776e+02 1.71995854e+00],352.98407,[2.94841736e+02 9.25965881e+01 2.14336896e+00 1.09301277e+02
 5.47290405e+02 1.58500338e+01 7.48328114e+00 9.02337494e+01
 8.74981117e+00 4.64091568e+01 7.44086227e+01 2.48376541e+01
 3.05375397e+02 5.20626736e+00 4.77042432e+03 3.89274635e+01
 6.88691101e+02 2.95006294e+01 1.31897324e+02 7.64039993e+01
 1.55621902e+02 2.88672455e+02 3.30297012e+01 3.36924683e+02
 2.29228783e+01 3.49662247e+01 7.62400103e+00 6.68531805e-02
 8.40392639e+02 7.39777279e+00 1.28364029e+01 1.35922937e+01
 1.13856714e+03 7.33051910e+01 4.72395515e+00 1.25987526e+02
 4.33907242e+01 1.61476517e+02 2.55285309e+02 8.89452057e+01
 4.08190536e+01 8.27268362e-01 2.73855011e+02 5.43029671e+01
 1.98450279e+00 4.32563812e+02 1.86149144e+00 8.72279053e+01
 2.09557068e+02 1.37427158e+01 7.22235565e+01 1.17495003e+01
 4.32227881e+03 2.68478775e+01 2.79409424e+02 5.32699524e+02
 3.01359161e+02 1.31100571e+02 8.77860413e+01 9.80736084e+01
 1.29901304e+01 5.63074636e+00 1.49422638e+02 3.51395569e+01
 1.63653679e+01 4.00092888e+01 3.21672583e+00 1.63959290e+02
 1.35557190e+02 2.13595734e+02 2.28580017e+01 1.27849503e+01
 1.73280060e+02 1.21254883e+01 1.03353064e+03 9.91862583e+00
 1.16535095e+02 4.81680069e+01 3.19451408e+01 1.64106979e+02
 1.85794716e+01 8.62159546e+02 3.32477837e+01 2.99179688e+02
 3.01726392e+03 2.51708252e+02 7.86200857e+00 1.27241455e+02
 9.73543243e+01 6.55622482e+01 5.74880981e+01 7.75393295e+01
 5.72082949e+00 5.48675781e+02 1.61866069e+00 4.25981903e+00
 5.47563285e-02 4.48787041e+01 4.05448570e+01 1.92940765e+02
 1.81362972e+01 8.61980057e+01 6.92057800e+01 6.62345428e+01
 4.83717575e+01 1.69681976e+02 2.59428954e+00 4.37012405e+01
 2.86661682e+01 1.70388107e+01 1.84335289e+01 1.12260590e+02
 2.55651825e+02 5.78319458e+02 6.90902634e+01 7.64886332e+00
 3.32169075e+01 2.88153648e+01 4.26742981e+02 1.37395992e+01
 1.23987446e+01 1.75498840e+02 7.23480911e+01 6.95638084e+00
 6.17975578e+01 1.58337059e+01 2.24414154e+02 3.55315857e+02
 6.61846695e+01 7.91703979e+02 4.79832039e+01 5.37174194e+02
 3.93352318e+01 1.48793039e+01 9.24897919e+01 6.08987885e+01
 1.11387863e+02 3.38978539e+01 8.79817871e+02 6.87401367e+02
 5.75035339e+02 1.75775967e+01 7.95301361e+01 6.62373535e+02
 2.82447968e+01 1.70865021e+02 5.26155777e+01 5.67851501e+02
 4.43643875e+01 9.07345581e+00 1.82949097e+02 8.27485352e+01
 3.44262158e+03 2.34694092e+02 2.78750954e+01 2.96218872e+02
 7.61043692e+00 2.00458023e+02 1.53752609e+02 2.89462700e+01
 8.05251160e+01 6.28962746e+01 1.76932640e+01 2.64805050e+01
 1.08967682e+02 3.00980473e+01 4.22945709e+02 1.45454941e+02
 6.79527740e+01 3.14980340e+00 7.73922348e+01 2.76898071e+02
 5.21604309e+01 6.02962399e+00 2.99398766e+01 2.47294025e+01
 3.49738235e+01 2.47090168e+01 7.37661514e+01 1.50900936e+01
 5.60999451e+01 2.91732407e+01 6.40624771e+01 1.30284100e+01
 8.73175144e+00 4.57662354e+02 1.96938950e+02 1.01375456e+01
 3.55615228e-01 1.06293633e+02 8.75846802e+02 2.16641827e+01
 4.02254395e+02 4.58276421e-01 1.33895750e+01 3.10531082e+01
 2.49778564e+02 1.31315145e+01 5.40486267e+02 1.49013757e+03
 1.61618214e+01 1.88502464e+01 1.74769623e+02 2.14282131e+00
 2.98229294e+01 2.71438446e+01 2.45797119e+02 2.58775787e+02
 1.23030151e+02 9.96692657e+00 5.30504456e+01 9.51554108e+01
 5.57465792e+00 2.12557869e+01 1.31392224e+03 2.11387234e+01
 5.01682434e+01 2.07870078e+00 4.58851929e+02 4.57167358e+01
 4.12690315e+01 2.70697880e+01 9.27828369e+01 7.98786240e+01
 1.72380951e+02 2.24879322e+01 8.34235077e+01 6.05460129e+01
 9.25991516e+01 6.44371700e+00 5.92093384e+02 2.51119614e+00
 1.47273621e+02 2.94161255e+02 4.59993362e+01 8.76969986e+01
 1.19331732e+01 1.40778580e+01 2.08243999e+01 2.73618927e+01
 1.88838226e+02 5.54737549e+01 5.31616211e+02 3.87919693e+01
 9.06812134e+01 3.77787476e+02 3.72605681e+00 4.07252869e+02
 9.87197018e+00 1.28061781e+01 5.51793900e+01 2.34199486e+01
 1.07190842e+02 1.70286198e+01 3.00114716e+02 2.63379440e+01],-123.33092,-201.28796,-383.55133,3.3156877,17.583601,1.2013843,0.74708736,0.013501455545425416,11007.240067720413,-0.0824543206698087,0.009566303341696454,-0.08082194357036131,0.04596250514635141,-0.5791304396415021,25.099999999996967,0.0,800000.0,-2.0,-966.0,500.0,6.867475271224976,800000
147.66705,0.14386833,0.390444,0.021806484,-143.61874,143.61874,[3.81891489e+00 4.08969545e+00 9.85583603e-01 4.70620394e+00
 7.54613355e-02 2.66384649e+00 1.54609470e+01 7.81973124e-01
 2.12892860e-01 1.23724985e+00 4.22574282e+00 8.40982914e-01
 5.74399328e+00 1.21609557e+00 1.83443775e+01 2.91090059e+00
 2.00234521e-02 1.49632931e-01 1.73133290e+00 8.64680588e-01
 6.33482933e+00 3.44914913e-01 2.34667826e+00 1.88713372e+00
 3.01260769e-01 1.12455606e+01 1.12039304e+00 5.30800670e-02
 1.56346589e-01 3.82028723e+00 6.34336853e+00 2.55701256e+00
 9.33191538e-01 6.10788727e+00 1.48149177e-01 2.82850504e-01
 1.66597140e+00 3.92659330e+00 4.34825659e+00 3.60658690e-02
 2.61533451e+00 1.57749772e+00 6.45947039e-01 1.67811430e+00
 2.32725859e+00 3.78355980e+00 1.63124824e+00 1.01100139e-01
 2.92602658e+00 3.10535170e-02 1.47835577e+00 3.89813900e+00
 1.08287725e+01 7.04542303e+00 2.57863235e+00 2.29632688e+00
 2.09984899e+00 8.22035074e-01 1.07671902e-01 1.11965966e+00
 3.78777504e-01 3.15806985e+00 3.56709576e+00 3.45437795e-01
 9.34616852e+00 7.31646824e+00 3.03882599e-01 3.98681045e-01
 1.80740414e+01 2.12652855e+01 2.79780054e+00 2.13416309e+01
 9.22965765e-01 6.64810896e-01 6.02182224e-02 8.88152361e-01
 8.30755293e-01 2.95621014e+00 5.01832342e+00 4.45124674e+00
 9.78208303e-01 5.58767223e+00 1.23744059e+00 3.08940315e+00
 1.50354993e+00 2.30416894e+00 9.82757211e-01 3.22942305e+00
 4.21948910e-01 8.35245967e-01 3.20952892e+00 9.76820564e+00
 6.12986183e+00 3.68394375e-01 2.45969939e+00 9.78032768e-01
 1.24635577e+00 4.88310575e+00 1.25089014e+00 1.81434512e+00
 1.44011259e+00 4.22721148e+00 6.58278751e+00 1.99192548e+00
 8.90986443e+00 3.61957359e+00 1.29042745e+00 6.56387186e+00
 4.29306078e+00 1.12752008e+01 7.24472570e+00 3.76294279e+00
 8.93364906e+00 4.61262465e-01 2.62529469e+00 4.39896584e+00
 1.50109863e+00 1.79021382e+00 2.09440064e+00 1.12009868e-01
 4.42497826e+00 6.11764145e+00 1.58408508e+01 7.74679542e-01
 1.48873240e-01 3.42905521e+00 4.60594940e+00 9.35530186e-01
 1.74781501e-01 5.25933456e+00 1.33125448e+00 8.39264107e+00
 2.97684002e+00 2.35936642e+00 7.36482263e-01 2.39023641e-01
 4.99507618e+00 5.33194065e-01 2.06600609e+01 5.35593748e+00
 2.34157652e-01 2.09987983e-01 2.40171075e+00 9.08436328e-02
 5.68206406e+00 4.46400690e+00 9.35280442e-01 4.88853216e-01
 3.08446908e+00 5.89137524e-02 8.78608036e+00 1.09005976e+00
 1.60227311e+00 7.19906569e-01 1.15086818e+00 3.41552138e-01
 1.92780685e+00 4.33964300e+00 1.61429453e+00 3.56866574e+00
 1.53907168e+00 9.17422354e-01 5.59313893e-01 1.07869124e+00
 1.34800017e-01 4.43679380e+00 3.70090663e-01 5.05313730e+00
 1.64998913e+00 4.46958351e+00 2.33797097e+00 3.46356201e+00
 1.66213059e+00 1.43220437e+00 1.00914788e+00 9.02735138e+00
 6.16082191e+00 5.24312553e+01 2.24287421e-01 2.23911896e+01
 7.35951543e-01 1.79519105e+00 4.82837868e+00 5.30274200e+00
 8.46315920e-01 3.03213787e+00 5.97377205e+00 1.83971024e+00
 5.18053627e+00 2.39735603e+00 2.63620281e+00 1.18046284e+00
 2.80525231e+00 3.28911686e+00 3.23736262e+00 8.28901768e+00
 1.72928667e+00 4.09282595e-01 1.07803389e-01 7.78388643e+00
 1.55233121e+00 5.52383661e+00 9.40027893e-01 9.27541614e-01
 2.14129329e+00 1.37563515e+01 3.86820412e+00 7.22034693e-01
 4.12941246e+01 8.66819191e+00 1.62382174e+00 1.09819794e+00
 1.94173217e-01 1.73329365e+00 1.05032730e+00 1.36722541e+00
 5.02271557e+00 7.20179407e-03 1.63563764e+00 3.06686330e+00
 5.62239504e+00 5.88152313e+00 7.26999807e+00 6.02616787e+00
 2.01700315e-01 4.88680363e-01 4.32089806e+00 1.14796371e+01
 1.27909355e+01 9.13290858e-01 4.84478265e-01 4.31287766e+01
 2.00250417e-01 3.11560321e+00 4.81326014e-01 8.78297710e+00
 1.38821340e+00 3.38595659e-01 2.66959012e-01 1.96998787e+00
 1.24526024e+00 1.13997054e+00 2.11855657e-02 2.75730181e+00
 7.99904764e-01 1.68579853e+00 2.46674225e-01 1.42587200e-01
 3.71621847e+00 1.21371353e+00 4.79656219e+00 6.32188177e+00
 1.02382812e+01 6.24949884e+00 5.04495800e-01 8.59535113e-02],4.528244,[6.92663670e+00 2.57152081e+00 1.15664110e-01 4.39302176e-02
 1.06938034e-01 2.29573298e+00 9.78836155e+00 1.04202020e+00
 7.43416905e-01 3.53042078e+00 2.44952965e+00 4.13587034e-01
 1.12245822e+00 1.38485789e+00 1.08815794e+01 2.68140173e+00
 7.04431999e-03 1.48974016e-01 1.08554306e+01 5.31786394e+00
 4.43845242e-01 2.73068100e-01 3.79644728e+00 2.95286989e+00
 4.36437941e+00 2.63273096e+00 4.49892616e+00 1.11948270e-02
 4.66799974e-01 1.78480339e+00 1.41992807e-01 6.56275558e+00
 7.14513969e+00 1.42031968e+00 1.52208066e+00 2.50148594e-01
 1.79418981e+00 2.36082196e+00 1.13423526e+00 5.96715736e+00
 3.81972218e+00 7.26496339e-01 3.76338577e+00 2.83001804e+00
 5.14261293e+00 2.47809924e-02 1.80725896e+00 3.07267809e+00
 5.49984407e+00 3.47346020e+00 7.33757764e-03 4.03958511e+00
 4.53655243e+00 1.84224045e+00 6.04201853e-01 1.32341671e+00
 5.24256420e+00 3.10520589e-01 3.78007483e+00 2.17665005e+00
 8.13738763e-01 1.23759854e+00 3.54497504e+00 1.36554372e+00
 1.68350430e+01 1.70409536e+00 2.11054415e-01 2.22558069e+00
 3.02049875e+00 1.31714220e+01 9.48910356e-01 5.02633381e+00
 2.37603855e+00 7.85812283e+00 1.02766819e+01 3.29474974e+00
 2.20247078e+00 1.29250145e+00 7.92029560e-01 7.95162797e-01
 5.58605075e-01 2.74025655e+00 5.86429596e+00 1.64215279e+00
 1.07450008e+00 2.32470155e+00 3.41549784e-01 8.86876702e-01
 3.78947109e-01 9.01778042e-01 1.74244449e-01 4.04073298e-01
 5.24450719e-01 7.16422510e+00 2.79291034e-01 7.47486162e+00
 1.20541549e+00 2.45475149e+00 3.84118706e-01 4.10797119e+00
 2.16344309e+00 1.60122347e+00 1.52960211e-01 6.29436612e-01
 9.61672187e-01 1.31082475e+00 9.79405880e-01 1.60116345e-01
 3.15910673e+00 1.03859591e+00 1.81759357e+00 2.19157314e+00
 1.83874154e+00 1.11903977e+00 3.89051914e-01 4.18441772e-01
 2.02067471e+00 3.77305698e+00 2.12420034e+00 7.16515541e-01
 6.14331722e+00 3.32542205e+00 1.91983395e+01 8.12971592e+00
 2.41937771e-01 6.34464324e-01 1.94568217e+00 1.73079252e-01
 2.66930628e+00 1.19025402e-01 5.96682489e-01 7.27948189e-01
 1.56638288e+00 7.55652785e-01 2.30488658e+00 2.89931083e+00
 2.18551946e+00 6.45091653e-01 1.40450740e+00 8.80491638e+00
 1.51576996e-01 1.16959512e+00 6.65993166e+00 2.15029791e-02
 1.79110408e+00 1.12597249e-01 8.48187581e-02 2.22544551e+00
 3.08649039e+00 4.01029401e-02 2.39250660e+01 1.89627504e+00
 2.25154907e-01 1.15813029e+00 2.71758366e+00 2.39008278e-01
 1.63062286e+00 4.43032719e-02 7.43248820e-01 1.44568682e+01
 1.32468662e+01 9.80161858e+00 6.23984098e-01 1.04964340e+00
 2.60082245e+00 1.32031858e+00 5.05090332e+00 8.50418031e-01
 1.55329943e-01 2.79694796e+00 3.42547607e+00 4.40429115e+00
 6.39023256e+00 4.10054874e+00 6.35558784e-01 1.33114874e+00
 1.14390075e+00 3.51216583e+01 4.45013970e-01 1.47166276e+00
 1.46941090e+01 2.05253601e+00 1.26843059e+00 1.22547436e+00
 3.04160500e+00 1.60762954e+00 4.44844157e-01 5.52927792e-01
 4.58208179e+00 6.50085032e-01 8.11084406e-04 7.10750246e+00
 1.34408951e+01 2.44033170e+00 2.27362204e+00 1.87400198e+00
 6.90382898e-01 2.60569990e-01 4.89936650e-01 2.07875061e+00
 1.55102813e+00 1.84806919e+00 5.64959049e+00 9.45825219e-01
 1.22564590e+00 7.28627491e+00 1.30454159e+00 4.55217314e+00
 5.64342499e+01 3.42549062e+00 1.82963932e+00 2.41090345e+00
 1.55398995e-01 9.58297133e-01 7.38034439e+00 1.42916417e+00
 1.72979712e+00 5.40362978e+00 2.68065929e+00 1.10944195e+01
 9.89868450e+00 6.82895756e+00 5.49370956e+00 8.53016472e+00
 1.10173516e-01 2.42973185e+00 2.01299503e-01 3.86256963e-01
 7.80495453e+00 5.94659336e-03 6.54350147e-02 3.37994862e+00
 5.65472126e+00 2.76724958e+00 7.85849392e-02 2.71885133e+00
 2.10118866e+00 4.23982084e-01 5.60679340e+00 7.38894224e-01
 5.34161282e+00 4.38866901e+00 2.45046616e-02 3.31520653e+00
 6.71214014e-02 9.21473622e-01 2.30697244e-02 4.68536526e-01
 1.64262104e+00 5.55041790e-01 5.68954849e+00 2.21599555e+00
 2.42972851e+00 3.72957087e+00 5.34354523e-02 4.31920409e-01],-77.557465,-163.6433,-400.0,1.6118102,3.2649646,0.9716053,0.632448,20.587425,-130.11395,408.81555,197.58908,0.5456745,0.49167824,0.10457084,-192.12662,192.12662,[7.24980879e+00 3.43730042e+02 7.78853394e+02 4.48966980e+00
 1.46444183e+02 5.03639603e+00 7.59093781e+01 1.10564209e+02
 1.27369576e+01 5.43861877e+02 5.07460499e+00 5.29148071e+02
 6.61498291e+02 8.77974224e+00 3.95094681e+00 8.07352676e+01
 2.99350433e+02 2.53927536e+01 1.14350868e+02 3.35805321e+01
 4.08121826e+02 6.91018915e+00 1.34447968e+00 1.89572506e+01
 2.40301376e+02 3.70283775e+01 1.64961967e+01 1.88842833e+00
 1.11803467e+03 5.21373062e+01 7.20851822e+01 6.29208565e+01
 2.05356369e+02 2.51510944e+01 4.49615440e+01 5.75938835e+01
 2.02479187e+02 2.56039009e+01 6.70394993e+00 2.46393784e+02
 2.45022141e+02 3.73854904e+01 2.70533264e+02 6.88078003e+01
 1.40561237e+01 7.50617294e+01 3.63952539e+03 5.33211184e+00
 2.59365417e+02 3.23486710e+01 9.39696808e+01 2.83863659e+01
 1.49335602e+02 1.22885571e+03 5.36658516e+01 5.23858452e+00
 4.93022041e+01 1.77246571e+01 9.78500214e+01 4.39795405e-01
 4.32165375e+01 2.12910126e+02 1.35640259e+02 1.50779028e+03
 4.88887939e+01 4.46696711e+00 5.79325485e+01 1.06455097e+01
 2.86211243e+02 1.22285620e+03 1.64216633e+01 9.74533997e+01
 5.42974472e+01 5.20885315e+01 4.15458008e+02 8.37682037e+01
 2.95462769e+02 1.46456207e+02 3.12898132e+02 1.67535965e+02
 1.68234604e+02 7.21308823e+01 7.81901360e+00 3.91333008e+02
 7.71037720e+02 8.30064926e+01 3.68643799e+02 3.31453766e+02
 4.42070427e+01 1.70241566e+01 5.67762833e+01 1.79610176e+01
 1.98067093e+02 5.14649963e+00 2.45877533e+02 2.71794014e+01
 5.36026573e+00 2.00306229e+02 2.07326569e+02 4.47033823e-01
 1.13085742e+03 2.98052826e+02 1.22718193e+02 5.31934595e+00
 1.10229149e+02 1.64518356e+01 1.79301208e+02 3.23850727e+00
 1.04102287e+02 1.59513046e+02 8.35176373e+00 1.24371780e+02
 5.91459846e+01 4.13479347e+01 8.44014587e+01 1.62423286e+01
 1.95246887e+01 3.57270470e+01 8.93159866e+01 8.15979919e+01
 2.17411087e+02 3.28177063e+02 6.99821568e+00 3.39219246e+01
 1.30122528e+02 1.96274185e+01 1.75990646e+02 2.12524750e+02
 5.93215881e+02 1.39913788e+01 2.83555775e+01 1.07816895e+02
 1.24058441e+02 3.78556137e+01 2.19432640e+01 8.36097107e+01
 7.32512093e+00 7.46041565e+01 5.52429749e+02 8.55751801e+00
 5.61855018e-01 4.23622925e+02 4.55867386e+01 2.74211121e+02
 1.40035797e+02 1.27197678e+02 2.35882416e+02 1.50282602e+01
 5.57072144e+02 5.66762781e+00 2.53967266e+01 7.64634705e+00
 5.62755241e+01 1.75726227e+02 1.29828201e+02 6.25512314e+01
 6.40895309e+01 9.22035599e+01 2.40798569e+00 4.85174332e+01
 6.16330200e+02 4.60092659e+01 3.21319046e+01 1.28004084e+01
 6.14646606e+01 2.52415421e+02 2.25629044e+02 1.76486397e+01
 4.08825989e+02 7.68158865e+00 1.04757082e+00 3.71217346e+01
 2.13968658e+01 1.25511032e+02 5.40317059e+00 7.42445526e+01
 8.27837830e+01 4.98502930e+02 9.89678478e+00 1.16344318e+01
 8.01253128e+00 4.72888718e+01 1.13983643e+03 9.29262829e+00
 4.89536209e+01 2.22271118e+02 4.01950989e+02 3.45659866e+01
 5.39869995e+02 7.76007557e+00 1.07292412e+02 6.93975372e+01
 2.57394981e+01 1.24386734e+02 4.30278740e+01 3.88381577e+01
 4.45914984e+00 3.56156845e+01 3.29027977e+01 5.89581060e+00
 1.25360306e+02 1.51917019e+01 1.70506775e+02 1.87913177e+02
 8.48658943e+00 2.15077171e+01 9.52766724e+01 2.02472496e+01
 2.10517635e+01 3.76933289e+01 8.00608154e+02 1.02120571e+01
 3.25029938e+02 2.19666309e+01 8.48600845e+01 1.53427887e+02
 7.86111679e+01 5.56903687e+01 6.92078552e+01 1.45982391e+02
 3.62348976e+01 9.17854691e+00 5.79108398e+02 3.93157043e+01
 4.21309090e+01 1.63837681e+01 5.99464340e+01 2.39681549e+01
 3.57285843e+01 3.18294775e+03 2.53596344e+02 8.65115509e+01
 5.71582174e+00 2.72653778e+02 2.09387955e+02 2.44553165e+01
 1.61997299e+01 1.76607847e+00 3.75204102e+02 1.90605255e+02
 4.58855247e+01 2.97445892e+02 4.70182915e+01 3.28740196e+01
 5.69503746e+01 4.97786484e+01 1.02866974e+01 2.80853701e+00
 3.81631546e+01 3.94419556e+01 1.84689319e+00 4.80857880e+02
 8.87390442e+01 4.17037048e+02 6.95932007e+01 1.44690063e+02],267.4562,[2.67442989e+01 1.70134583e+02 3.20161621e+02 6.55865610e-01
 1.48525711e+02 1.20145264e+01 7.42769623e+01 9.39581451e+01
 1.73259144e+01 5.55638428e+02 9.59249802e+01 1.25404564e+02
 1.01758014e+03 8.59798241e+00 2.78706884e+00 8.98783264e+01
 2.93526184e+02 1.26447511e+00 3.82927895e+01 2.54973927e+01
 2.79964630e+02 5.30802059e+00 1.81461601e+01 1.72704947e+00
 1.80266552e+01 5.46579781e+01 2.13968945e+00 1.97639167e+00
 1.39989954e+03 5.00628319e+01 6.63741531e+01 9.71912689e+01
 2.05637512e+02 2.13635883e+01 4.28755646e+01 6.80584488e+01
 2.20317596e+02 2.99606457e+01 3.06389503e+01 2.67346832e+02
 3.05372040e+02 1.09717197e+01 3.02710693e+02 5.64141502e+01
 5.23873482e+01 5.80898666e+01 4.13427295e+03 9.04644699e+01
 2.32297409e+02 3.65215225e+01 1.48804443e+02 3.21110916e+01
 6.42717743e+01 1.11713782e+03 9.08471527e+01 1.66266215e+00
 4.58375778e+01 4.02096844e+00 1.05387955e+02 1.17651491e+01
 6.39081345e+01 2.13680878e+02 2.25464127e+02 2.85685110e+00
 5.12019577e+01 4.18792391e+00 5.93935089e+01 1.16917524e+01
 3.16477346e+00 8.85814087e+02 6.96575212e+00 1.16809303e+02
 7.93288727e+01 6.19320068e+01 4.57272583e+02 7.77905884e+01
 9.44940796e+02 1.32183273e+02 3.27430359e+02 1.74425034e+02
 1.39491669e+02 7.97525024e+01 4.53737688e+00 2.24691748e+03
 7.89689697e+02 7.63961945e+01 3.46593750e+02 2.96963867e+02
 4.41906090e+01 1.95209332e+01 7.11387329e+01 2.71286736e+01
 1.98315948e+02 7.69798470e+00 2.32997894e+02 2.93061504e+01
 5.96404982e+00 1.70351761e+02 2.10768768e+02 3.26586761e+01
 9.61012207e+02 1.59522095e+02 1.05797821e+02 2.50101891e+01
 1.24870415e+02 2.67088085e-01 1.99298706e+02 8.31399727e+00
 2.44437637e+01 1.63736450e+02 3.25532866e+00 5.47382774e+01
 3.75051956e+01 3.92152023e+01 8.69611206e+01 6.06672554e+01
 2.65079575e+01 1.68395844e+01 1.23618225e+02 7.69983368e+01
 3.11420074e+02 3.05687531e+02 8.21792793e+00 1.68080540e+01
 1.56615105e+01 9.03500795e-01 1.57082169e+02 1.46199799e+02
 6.46478271e+02 4.64395571e+00 9.29150677e+00 9.91117020e+01
 4.16240044e+01 9.76098175e+01 1.13305292e+01 7.61222839e+01
 2.05728859e-01 9.00033951e+00 4.90624756e+02 9.74595833e+00
 7.56945133e+00 3.83023407e+02 6.85496445e+01 1.68017303e+02
 1.35372772e+02 1.24392761e+02 2.36968750e+02 4.11950731e+00
 2.85990631e+02 1.56819868e+01 3.31465187e+01 7.57575512e-01
 5.39555626e+01 2.02578629e+02 1.50950775e+02 5.92901154e+01
 3.04727268e+01 7.68903503e+01 1.26229868e+01 4.79463463e+01
 1.81910492e+02 5.75572052e+01 1.46502600e+01 1.10452738e+01
 7.45307083e+01 4.14752899e+02 1.91987000e+02 2.29534130e+01
 2.25633659e+01 8.90284157e+00 3.92272425e+00 5.06160965e+01
 2.27850838e+01 1.33488190e+02 4.71341753e+00 8.00064697e+01
 1.22088814e+02 5.74323616e+01 1.36906404e+01 1.60188637e+01
 3.76820908e+01 2.05570869e+01 1.11646924e+03 1.34349394e+01
 4.35343399e+01 3.14075661e+01 1.19280540e+02 1.25054031e+02
 6.02717651e+02 8.02069283e+00 1.14465723e+01 5.52267303e+01
 4.43942833e+00 2.73505920e+02 4.19042282e+01 2.99925499e+01
 1.96596050e+01 3.37893181e+01 5.41005402e+01 2.24590855e+01
 7.62325897e+01 3.27100247e-01 4.06834145e+01 3.99987793e+02
 2.21102734e+01 2.04650545e+00 1.71780151e+02 1.01524551e+02
 2.47700272e+01 2.36615105e+01 7.67369080e+02 2.61469784e+01
 1.50266953e+02 1.56701984e+01 7.71859131e+01 1.59767544e+00
 7.33526611e+01 5.57605247e+01 6.09685173e+01 2.02099945e+02
 3.88987617e+01 1.81130009e+01 5.24214821e+01 1.07372293e+01
 2.42754154e+01 1.63493176e+01 5.39893799e+01 7.43324280e+01
 2.84236298e+01 1.97917554e+03 2.55899124e+02 8.77591476e+01
 1.99164810e+01 2.63245941e+02 1.25998703e+02 2.52507362e+01
 1.76936626e+01 5.98113251e+00 1.61292419e+02 1.89592941e+02
 2.23861027e+01 2.66886078e+02 5.11292267e+01 8.04718170e+01
 9.15697193e+00 1.69537294e+00 1.74353600e+01 1.28809834e+01
 6.50244370e+01 3.12914085e+01 1.99388123e+01 5.58242920e+02
 3.64610176e+01 2.76546417e+02 1.92497063e+01 1.44383392e+02],-119.59665,-207.44762,-392.41925,3.5880508,27.572805,1.1415913,0.75068915,0.014056505861282348,11358.652733802795,0.03393353686894066,0.029666802743724956,0.03523840426550428,0.03774410962806241,-0.3694680861455356,25.099999999996967,0.0,825000.0,-2.0,-1000.0,500.0,6.751634359359741,825000
146.0324,0.17035173,0.3842395,0.018405098,-142.01965,142.01965,[1.5081613e+00 3.5842961e-01 8.8116163e-01 2.0079179e+00 6.7597675e+00
 1.5770808e+00 2.1412060e+00 4.8022804e+00 7.7017322e+00 1.2193741e-02
 2.5172367e+00 3.3530357e+00 6.8774146e-01 7.9496068e-01 4.0729755e-01
 1.2443728e+00 2.3908639e+00 6.5104413e-01 1.0369732e+00 4.9938269e+00
 1.2981668e+00 5.7738833e+00 8.0304604e+00 1.9328951e+00 5.0324929e-01
 2.8361654e+00 6.6204362e+00 3.6749701e+00 4.6169955e-01 3.8149095e+00
 4.0064816e+00 1.0812111e+00 1.6315550e+01 1.7581265e+00 6.3588514e+00
 1.0931087e+00 3.1283445e+00 1.6400365e+00 1.5487375e+00 2.0544047e+00
 6.7335445e-01 3.3712411e+00 2.0083590e-01 1.7613326e+00 5.0283909e-01
 1.6363243e+01 2.8215394e+00 5.3493581e+00 4.4096522e+00 2.6021838e+00
 2.4472246e+00 9.7328866e-01 5.9401026e+00 4.8415475e+00 2.9366863e+00
 7.5067606e+00 1.1702015e+01 6.9880066e+00 1.0811187e+00 1.1587339e+01
 1.4988321e+01 2.6982548e-02 1.8846637e+00 3.8607168e+00 3.5575366e+00
 1.9725770e+00 5.4451746e-01 2.0489037e+00 4.5650320e+00 3.4380915e+00
 2.2705240e+00 4.5037127e+00 3.8405085e+00 1.0544957e+00 2.0643411e+00
 2.6248701e+00 2.3213394e+00 4.4608145e+00 4.4640157e-01 2.3251626e+00
 1.8216801e+01 7.6643395e-01 5.1692333e+00 3.6393168e+00 6.3746400e+00
 4.6821012e+00 5.0774784e+00 8.0152273e-02 4.7147884e+00 3.2041192e-01
 4.4897303e-01 3.9895101e+00 5.6565142e+00 6.6237230e+00 4.5203834e+00
 2.5413077e+00 3.1508534e+00 3.1971741e-01 4.8036804e+00 1.1826702e+01
 8.9671928e-01 1.9877235e+00 1.5492999e+01 5.1415133e+00 1.4953983e+01
 8.9165869e+00 1.4333486e+01 1.4833623e+00 6.6086531e-01 5.7364516e+00
 6.5894073e-01 1.1413430e+00 2.3456770e-01 8.7297708e-01 3.1915991e+00
 3.9485271e+00 1.0125329e-01 8.4693975e+00 7.3107368e-01 5.8627505e+00
 1.3214774e+00 2.9532914e+00 5.1008916e-01 5.7045430e-01 3.0247576e+00
 6.4830103e+00 1.0126290e+00 9.1523081e-01 5.9337940e+00 4.8301249e+00
 6.6177664e+00 6.7755728e+00 6.5548077e+00 7.7911463e+00 3.9986782e+00
 2.4281569e+00 3.6414260e-01 4.2739716e+00 5.8390589e+00 2.2293830e-01
 1.5465024e-01 2.3299208e+00 5.9378457e-01 5.3795552e+00 9.2053086e-01
 2.6608644e+00 7.6041885e-02 3.2319267e+00 1.1381073e+01 5.1600842e+00
 4.2830002e-01 3.3707423e+00 2.8928874e+00 4.3418631e-01 2.4293818e+01
 1.6274400e+00 8.4367361e+00 6.0217166e-01 1.3214447e+01 1.4900222e+00
 8.3507633e+00 5.2318752e-01 1.9886681e+00 1.4900606e+00 1.4714159e+01
 1.4738429e+00 2.7944705e-01 5.2659674e+00 4.6446266e+00 3.8058970e+00
 1.2240038e+00 5.1468434e+00 1.9682372e-02 6.3421354e+00 7.5176806e+00
 7.5417042e+00 2.1089635e+00 1.4961798e+01 2.3544488e+00 4.0015635e-01
 2.8836133e+00 3.6993914e+00 6.6475825e+00 5.4035997e-01 2.5919232e+00
 1.7510469e+01 1.1203234e+00 2.2646685e-01 8.0301552e+00 1.2649101e+00
 1.8137175e+01 5.9222755e+00 2.4549077e+00 4.1001420e+00 1.0587857e-01
 6.8424207e-01 9.7732000e+00 1.2845131e+01 3.6547651e+00 3.9848223e-01
 3.1634977e+00 4.4730501e+00 7.9769707e+00 8.0926323e-01 7.0719962e+00
 8.5373133e-01 2.3815274e+00 8.4945786e-01 1.3327231e+00 7.4672813e+00
 3.2228737e+00 1.5166503e+01 6.7435398e+00 7.3068523e+00 5.2451086e+00
 5.8715945e-01 1.6191157e+00 9.0812993e-01 2.4187546e+00 6.8642551e-01
 5.1122255e+00 8.0470963e+00 1.5254190e+00 4.6824212e+00 2.2997584e+00
 1.0501707e+00 1.3031822e+01 1.2471772e+00 5.0447058e-02 1.0805632e+00
 3.2015517e-02 4.0373033e-01 6.9591850e-01 1.0943491e+00 1.4169292e+01
 3.5745885e+00 3.1427104e+00 4.5822382e+00 1.0895015e+01 1.0170449e+00
 4.8109465e+00 3.9555001e+00 1.8327856e-01 8.8733873e+00 9.4997990e-01
 4.5487566e+00 9.3816644e-01 6.0383029e-02 6.2823129e-01 2.5036635e+00
 2.8098652e+00 6.2119966e+00 7.2308630e-01 9.3806662e-02 4.0515462e-01
 3.2032453e-02],4.226774,[1.32679081e+00 1.95995122e-01 8.44472408e-01 1.08086276e+00
 9.77983236e-01 1.16398036e+00 6.64940596e+00 3.76392317e+00
 3.35203576e+00 2.08172724e-02 1.88484263e+00 4.21598053e+00
 1.32821262e+00 1.62336397e+00 1.33778644e+00 1.62738657e+00
 2.61944175e+00 5.42966127e+00 8.18477392e-01 4.71825421e-01
 1.33008277e+00 1.83806551e+00 7.85261822e+00 7.49271289e-02
 4.23075020e-01 1.18128729e+00 1.55540419e+00 2.16742206e+00
 7.14109242e-02 4.21579719e-01 2.35519218e+00 1.48560333e+00
 2.36224318e+00 4.37149334e+00 1.69601250e+00 6.51686335e+00
 1.71911907e+00 3.17813158e+00 1.27530670e+00 7.27452040e-01
 5.98984361e-01 1.84511113e+00 1.14935374e+00 1.90175760e+00
 1.18924022e+00 1.00493670e+00 4.40585673e-01 1.17796981e+00
 3.75351280e-01 8.18041980e-01 2.42710495e+00 1.16244717e+01
 4.93006140e-01 6.47384405e+00 9.83679533e-01 1.19370294e+00
 9.17700231e-01 6.10522211e-01 1.17058921e+00 2.78104305e-01
 1.29616034e+00 7.65843105e+00 2.00394750e+00 2.29767399e+01
 1.20124471e+00 5.52082419e-01 4.36128521e+00 5.95153093e-01
 1.43526626e+00 8.40538681e-01 7.22377062e-01 2.84862304e+00
 9.23595786e-01 4.54092979e+00 7.75126028e+00 5.14023185e-01
 1.17142475e+00 5.38120413e+00 6.79902911e-01 8.52985799e-01
 1.11999214e+00 8.42234671e-01 2.35966945e+00 8.57781649e-01
 2.50108290e+00 5.58636785e-01 1.90229499e+00 1.82208276e+00
 9.03867340e+00 5.73224926e+00 3.19941878e-01 6.81523621e-01
 3.15621209e+00 7.07608175e+00 1.52564371e+00 3.66124868e+00
 2.21612453e+00 6.39013481e+00 5.43757200e-01 6.04148626e-01
 3.64793158e+00 1.06399226e+00 2.03537837e-01 8.04601610e-01
 6.00274324e-01 4.40708590e+00 3.33407092e+00 1.54721522e+00
 3.08226198e-01 2.24001217e+00 3.74449462e-01 8.64849663e+00
 2.57195902e+00 4.11013365e+00 1.35305858e+00 1.90929711e+00
 3.52444553e+00 4.54909420e+00 7.91795552e-01 7.23957121e-01
 1.56502873e-02 1.22550845e+00 2.18491936e+00 2.75564623e+00
 1.26806080e+00 1.20798171e-01 7.58960694e-02 2.09626444e-02
 5.40980721e+00 1.96460509e+00 7.63748264e+00 2.91121101e+00
 1.67991173e+00 2.75003457e+00 1.29644835e+00 9.57222342e-01
 1.35716939e+00 8.33167911e-01 4.48575616e-01 1.40287444e-01
 2.70926714e+00 3.09579229e+00 2.36991495e-01 3.54345846e+00
 1.70514569e-01 4.95285213e-01 6.67563379e-01 2.13034630e+00
 4.85552937e-01 1.98509538e+00 2.63733149e+00 3.60834986e-01
 1.36196065e+00 1.35797811e+00 5.99333143e+00 4.17839317e-03
 2.54617602e-01 1.81351626e+00 1.33972559e+01 1.61672568e+00
 4.09214211e+00 1.81201935e+00 3.77491140e+00 4.87230062e+00
 9.08727169e-01 2.21569128e-02 1.99372217e-01 2.20853424e+00
 2.02633455e-01 1.17276268e+01 1.13334084e+00 2.94820929e+00
 1.56137598e+00 1.66155732e+00 1.69523633e+00 9.28271592e-01
 2.34635806e+00 3.78586292e-01 1.20850348e+00 8.87364268e-01
 2.62881899e+00 2.07925487e+00 2.19523835e+00 2.83091569e+00
 1.90088081e+00 4.70510423e-01 1.11719072e+00 2.40153626e-01
 2.66028833e+00 6.78406525e+00 3.00984430e+00 3.93027282e+00
 2.86900544e+00 9.99375939e-01 3.46256882e-01 1.36502182e+00
 2.33282681e+01 1.42323828e+00 1.99055874e+00 6.05062103e+00
 1.32551003e+00 8.23967171e+00 2.06463575e+00 3.26183653e+00
 2.71403885e+00 4.44109917e+00 4.58227253e+00 1.38556862e+00
 9.75620031e-01 3.14847565e+00 6.14587307e-01 2.05631876e+00
 5.84595323e-01 2.94971794e-01 5.07782221e-01 3.31056297e-01
 7.06827402e-01 2.73665696e-01 3.11633182e+00 1.16614616e+00
 4.14612561e-01 1.20091200e+00 3.69254351e+00 1.91349487e+01
 2.14952397e+00 7.97686386e+00 6.18760777e+00 1.34258199e+00
 2.05653310e+00 2.21924734e+00 8.70653242e-02 4.18165064e+00
 3.33717987e-02 2.58504808e-01 1.17078066e+01 2.67406940e-01
 1.33867226e+01 6.54964972e+00 9.39505959e+00 6.03292561e+00
 8.60235870e-01 1.27812281e-01 1.21583724e+00 3.50540709e+00
 1.01191206e+01 2.42829204e+00 6.26770973e+00 5.30986674e-02
 8.16620827e+00 7.66811594e-02 2.47056508e+00 1.23486705e-01
 1.11527108e-02 3.68812867e-03 4.51066828e+00 3.66872810e-02],-78.334915,-165.3808,-399.97052,1.6252223,3.8393464,0.9178991,0.6339368,37.3343,-298.4603,605.5364,194.56151,0.73929715,0.4921548,0.09629242,-188.90067,188.90067,[2.55282249e+01 7.53781662e+01 2.51984596e+00 3.57060337e+00
 6.01748169e+02 5.55431885e+02 9.69114685e+00 9.66364365e+01
 9.26962814e+01 2.37090921e+00 2.83475666e+01 1.03906921e+02
 7.56098404e+01 2.87835979e+01 3.68048553e+01 8.14991989e+01
 2.65568848e+01 1.48923096e+02 1.67244812e+02 3.03106451e+00
 4.12706573e+02 5.26968307e+01 1.36489777e+02 3.09065308e+02
 1.32641876e+02 6.36793701e+02 1.24753113e+02 8.54926205e+00
 3.48703995e+01 8.96898041e+01 4.21357666e+02 1.00651569e+01
 6.86069458e+02 2.68615508e+00 7.94939194e+01 4.24071014e+02
 5.44563651e-01 1.20607715e+03 4.83926535e+00 1.65318470e+01
 1.74808899e+02 1.40583893e+02 1.49339056e+01 3.06624878e+02
 8.10259628e+01 8.11411057e+01 1.17161400e+02 5.29757347e+01
 1.01940338e+02 7.13245926e+01 8.21857239e+02 1.17717781e+02
 3.15844765e+01 4.95636047e+02 3.42189667e+02 2.73722863e+00
 1.53810901e+03 3.98217468e+01 9.14662476e+02 1.65052052e+01
 1.08521576e+01 8.88541870e+01 4.67900452e+02 2.69917369e+00
 1.82341125e+02 1.65954816e+00 3.47200531e+02 1.56237373e+01
 1.04840591e+02 4.13957550e+02 1.09399361e+02 5.67058838e+02
 5.23551636e+01 1.25413780e+01 2.67162476e+02 1.86402222e+02
 1.24914265e+01 5.12588272e+01 4.13049393e+01 1.69285927e+01
 8.91207962e+01 1.88740559e+01 2.22032422e+03 1.22800354e+02
 1.02211510e+02 8.63921204e+01 2.70441830e-01 1.42594242e+01
 2.24644730e+02 3.98295593e+00 3.12441750e+01 1.94182144e+02
 2.94009552e+01 4.53827858e+00 4.95025063e+01 1.56254321e+03
 4.55490646e+01 4.10298042e+01 5.80661194e+02 9.18883324e+00
 2.59390533e+02 3.67157211e+01 3.38364807e+02 3.73664894e+01
 6.09790688e+01 1.06107040e+02 4.57967644e+01 1.38765059e+01
 1.20174398e+01 1.04986084e+02 3.14707153e+02 2.25831772e+02
 2.82089661e+02 1.03491182e+01 2.31099529e+01 7.87975025e+00
 2.34977798e+01 2.82005035e+02 3.85061073e+01 6.74322388e+02
 7.00799500e+02 1.05706734e+02 9.05095886e+02 1.48414948e+02
 4.79464111e+01 1.22786575e+02 8.95343399e+00 5.39470947e+02
 1.10876703e+00 1.02596764e+02 6.59112930e+01 1.68113022e+01
 1.87190509e+00 9.79602203e+01 3.44744720e+01 5.76393306e-01
 3.85039902e+01 2.53535034e+02 1.40472885e+02 2.94162226e+00
 4.83254585e+01 3.42570496e+01 6.14761314e+01 1.47648346e+02
 4.67380737e+02 2.46311707e+02 7.30848491e-01 9.09726181e+01
 8.65873489e+01 2.34128967e+02 1.24471024e+02 1.77328682e+01
 1.14098389e+02 4.74109131e+02 1.82933020e+03 4.39427872e+01
 9.52025375e+01 2.63802795e+01 4.41613541e+01 2.96249298e+02
 3.50330963e+02 3.05422726e+01 1.52930098e+01 5.70193172e-01
 1.10604027e+02 3.04388947e+02 3.02064331e+02 1.73728161e+01
 2.26240959e+01 2.40099220e+01 4.31127502e+02 2.86815887e+02
 2.68088570e+01 4.67444611e+01 5.49546204e+01 7.58119354e+01
 4.47329063e+01 2.35639526e+03 2.25060139e+01 3.01651685e+03
 2.49734146e+02 7.20414963e+01 6.74955902e+01 5.66665497e+01
 7.74011963e+02 8.15722198e+01 5.30779228e+01 7.97644958e+01
 1.14676208e+02 1.21390152e+02 1.28660742e+03 1.56582289e+01
 8.91856689e+01 3.30905914e+01 2.42588830e+00 6.72608948e+00
 1.43324234e+02 4.93792786e+02 5.28550434e+00 8.02687836e+01
 6.97494659e+01 1.50281845e+02 1.75530212e+03 2.92801270e+02
 4.51109009e+01 2.79957867e+01 7.77984905e+00 4.30263824e+01
 4.44157776e+02 1.33275009e+02 2.65100517e+01 1.15950356e+02
 2.97804474e+02 1.07543976e+02 4.39620018e+01 2.23981033e+02
 3.54916687e+01 3.21988831e+02 6.86729126e+01 3.42595673e+01
 2.73501754e+00 3.78387985e+01 7.52789536e+01 1.64355240e+01
 7.89640760e+00 2.11638245e+02 7.65504028e+02 4.75271835e+01
 1.97756271e+01 2.06400242e+01 1.30302963e+01 9.61109161e-01
 5.32117920e+02 9.51355743e+00 8.36726093e+00 6.23847122e+01
 1.31617798e+02 1.49431391e+01 8.74454803e+01 8.85597229e+00
 7.20805969e+01 9.82007446e+01 4.96441727e+01 4.26092949e+01
 1.78279915e+01 1.43466110e+01 1.86947041e+01 8.25379333e+01
 8.57733154e+00 4.47430115e+01 1.93418121e+01 1.00806351e+01
 3.79644432e+01 9.00654541e+02 3.32790527e+01 3.66213074e+01],308.76434,[1.07861900e+01 4.51599731e+01 4.33725452e+00 8.54765511e+00
 2.38931961e+02 5.59094116e+02 1.87328167e+01 8.57913971e+01
 6.71393738e+01 1.69644642e+01 2.25371590e+01 1.05488052e+02
 8.08709946e+01 7.14477873e+00 8.74557400e+00 3.23006363e+01
 4.76376801e+01 2.67494690e+02 1.66079880e+02 2.82565284e+00
 2.72638184e+02 7.14041748e+01 9.49643555e+01 3.67788086e+01
 8.71142197e+01 9.62874023e+02 2.33716782e+02 9.59826851e+00
 3.23040543e+01 1.10106178e+02 2.29169292e+01 2.89899611e+00
 6.87388428e+02 2.19065452e+00 8.70963974e+01 7.66054382e+02
 4.23918664e-01 1.21929260e+03 6.04222012e+00 2.69561958e+01
 1.46415359e+02 1.59153538e+01 3.22360382e+01 3.03878571e+02
 1.08473701e+02 4.96428719e+01 1.34483826e+02 1.85175228e+01
 1.08850403e+02 1.42471298e+02 7.92644043e+02 4.30486870e+01
 3.36087570e+01 5.91061218e+02 4.42440033e+02 1.41201639e+01
 2.11214355e+03 1.59985733e+01 1.76953094e+02 3.94848366e+01
 1.87035007e+01 1.00579933e+02 4.42782104e+02 2.21643162e+01
 1.88880722e+02 7.44494104e+00 2.82495178e+02 4.57381973e+01
 1.01753876e+02 4.05995300e+02 1.03057846e+02 9.72661682e+02
 1.02334892e+02 1.99671879e+01 2.55642104e+00 2.06634476e+02
 1.47054806e+01 7.07017517e+01 3.98137589e+01 9.77151775e+00
 5.00078850e+01 3.38720284e+01 2.26671191e+03 2.07955017e+01
 4.26811218e+02 6.91796570e+01 2.59039574e+01 1.46733704e+01
 2.36601120e+02 3.58632374e+00 1.39832706e+01 1.91211136e+02
 4.95525718e-01 3.74740067e+01 3.42774963e+01 1.28277478e+03
 4.23464050e+01 5.61872177e+01 2.75643707e+02 7.60937405e+00
 1.22432739e+02 3.98619690e+01 2.55749390e+02 3.64850044e+01
 6.36433487e+01 1.10912125e+02 2.19788551e+01 9.02521744e+01
 1.61177349e+01 9.77485962e+01 3.01651581e+02 2.86370911e+02
 2.82852112e+02 1.17017436e+00 3.03830833e+01 5.14484072e+00
 3.20569115e+01 2.94658325e+02 4.46862030e+01 5.25613708e+02
 5.07571014e+02 1.01392822e+02 1.02403784e+03 1.57045944e+02
 1.55100479e+01 8.41170883e+01 1.46482162e+01 2.67541077e+02
 3.01713157e+00 9.41438675e+01 7.96407547e+01 2.13357201e+01
 5.46235943e+00 1.05348946e+02 3.49657555e+01 8.22894287e+00
 3.10824585e+01 2.62554108e+02 1.44859009e+02 1.97592087e+01
 7.97462845e+01 5.43922005e+01 3.91958771e+01 1.37647217e+02
 6.37118835e+02 2.34848907e+02 2.51660900e+01 7.87819672e+01
 7.01575470e+01 2.15328781e+02 6.34989357e+01 1.10115042e+01
 4.93532562e+01 5.14746338e+02 1.67604541e+03 5.62162437e+01
 1.32622185e+01 2.72240620e+01 3.70302696e+01 2.96848328e+02
 3.39982605e+02 1.58788424e+01 3.51298828e+01 9.93008709e+00
 1.07401772e+02 1.96867630e+02 2.36166992e+02 2.43025446e+00
 5.38243818e+00 9.56426716e+00 2.51880936e+02 4.46098053e+02
 2.27224598e+01 4.96337166e+01 8.54346619e+01 2.97285786e+01
 1.11624212e+01 1.53647253e+03 1.16688156e+01 3.51124756e+03
 2.49798660e+02 4.99120293e+01 5.48221283e+01 5.74813232e+01
 7.50224121e+02 5.45063448e+00 4.24249916e+01 8.28815613e+01
 1.20748695e+02 1.75541458e+02 5.32782654e+02 4.16679497e+01
 8.89058380e+01 4.25754776e+01 1.30003128e+01 7.61160583e+01
 5.49013977e+01 4.67800964e+02 1.26367216e+01 7.73162994e+01
 7.00379868e+01 8.31928864e+01 1.89311790e+01 2.27812576e+02
 4.87310524e+01 3.17738557e+00 6.32579803e+00 4.04813881e+01
 4.85192719e+02 1.37872025e+02 9.59816837e+00 1.04029266e+02
 2.69190063e+02 9.92414246e+01 3.70792007e+01 2.22554565e+02
 5.95799294e+01 3.21416931e+02 7.73894424e+01 1.20949684e+02
 1.76514549e+01 3.80896683e+01 9.62013855e+01 1.80374146e+01
 1.88154583e+01 6.78190918e+02 7.60038452e+02 4.45961952e+01
 2.01232719e+01 2.15545578e+01 2.80401325e+00 1.04820728e+00
 5.64923218e+02 1.43910046e+01 1.03845062e+01 2.38859711e+01
 2.30662659e+02 1.40693188e+01 8.76497345e+01 8.15887260e+00
 7.64176559e+01 1.16872200e+02 6.07148705e+01 4.79518661e+01
 1.49672947e+01 5.95628381e-01 3.11759357e+01 8.67602844e+01
 1.48474989e+01 4.69931412e+01 9.62248611e+00 4.41603088e+00
 3.53206635e+01 8.44915588e+02 2.76098404e+01 3.52040939e+01],-114.586586,-205.4204,-396.13385,3.7225056,26.74285,1.1474121,0.7542212,0.013549107742309571,11697.380444765091,-0.12138134950644966,0.005507386943618015,-0.11963017798060592,0.027983403861174132,35.64135024072818,25.099999999996967,0.0,850000.0,-1.0,-539.0,500.0,6.868425607681274,850000
141.30836,0.16045137,0.3627908,0.021506473,-137.52,137.52,[1.4076869e+00 2.0936599e+00 1.0124463e+01 3.5535743e+00 1.3018599e+00
 1.5555422e+00 1.9411531e-01 1.7587423e+00 9.5004559e+00 2.1649733e+00
 2.4436497e+01 1.9623928e+00 5.8293521e-01 8.9187508e+00 1.4830911e+00
 2.2559300e-02 1.8844185e+01 1.9890432e+00 3.2280657e+00 2.2175610e+00
 2.8740547e+00 2.5762846e+00 3.9991159e+00 1.2714548e+01 2.9455068e+00
 1.5980744e+00 2.5446784e+00 7.3636165e+00 2.5308154e+00 1.1308493e+01
 1.0594962e+00 5.6909904e+00 4.7089111e+01 6.8076639e+00 8.0346956e+00
 1.0550236e+01 4.0809755e+00 2.4205355e+01 6.6615753e+00 3.5180159e+00
 1.8218416e+00 4.1623216e+00 2.6331882e+00 2.1458137e+00 2.0724847e+00
 1.4284414e+00 1.8930596e+00 5.8170471e+00 4.3021479e+00 3.5559034e+00
 2.7146082e+00 9.5218664e-01 4.7759104e+00 4.6669626e+00 3.4404368e+00
 3.7313274e+01 7.5949323e-01 9.4457674e+00 5.6989188e+00 1.6537516e+00
 8.6976013e+00 4.8509364e+00 3.3341882e+00 2.5417519e+00 4.5948811e+00
 3.3393022e-01 9.1042767e+00 2.6838425e-01 1.7446969e+00 9.6654007e+01
 1.6051992e+01 1.4456720e+00 8.3476490e-01 1.9209168e+00 4.6864948e+00
 8.3138511e-02 5.6046944e+00 3.6355314e+00 1.3055630e+01 4.8712068e+00
 4.7515349e+00 6.6833105e+00 4.7256441e+00 1.7837200e+01 3.4974811e+00
 3.8322754e+00 6.1729383e+00 4.0829282e+00 4.0951319e+00 4.6135235e+00
 1.1502588e+00 1.4016874e+01 2.0773089e-01 5.6148782e+00 8.0852461e-01
 2.1220076e+00 1.2144978e+00 1.2942411e+00 3.8464329e+00 5.6873159e+00
 1.6048372e+01 7.8098565e-01 3.0266888e+00 1.9055612e-01 1.2468561e+01
 4.9668703e+00 7.7074904e+00 3.9623293e-01 4.3927264e-01 3.0948288e+00
 7.2585783e+00 2.7435226e+00 7.9685307e-01 1.3318612e+01 4.6125660e+00
 5.6045351e+00 1.9984361e+00 1.9488568e+00 1.7240448e+00 4.0727299e-01
 1.0120188e+01 4.2111931e+00 5.4749284e+00 1.9246197e+00 6.9053950e+00
 6.2705555e+00 1.7287491e+01 8.1037027e-01 2.9913788e+00 6.7294626e+00
 2.7212405e+00 9.3793955e+00 1.2230628e+00 8.3979578e+00 6.2869363e+00
 3.3189456e+00 3.5937104e+00 6.1185670e+00 1.8023434e+00 9.7152987e+00
 3.5334748e-01 5.7866073e+00 4.6104374e+00 8.7838783e+00 4.2216271e-01
 4.1303878e+00 4.0723258e-01 1.2281307e-02 1.0185252e+00 2.7116632e-02
 5.3725829e+00 9.3781590e-01 2.9411774e+00 5.7729321e+00 1.4612757e+01
 5.1560354e+00 2.2668810e+00 2.0850195e-01 5.1437855e+00 1.1484160e-01
 4.1599655e+00 2.7139919e+00 5.2839226e-01 5.5499496e+00 4.1583042e+00
 5.3284292e+00 1.7652073e+00 9.3646431e-01 1.7459572e+01 5.8213085e-01
 1.2760578e+00 7.5950165e+00 7.4440426e-01 1.4482950e+00 1.9815620e+01
 3.2550874e+00 4.1508746e+00 4.1933527e+00 5.2184887e+00 3.2879169e+00
 1.0342108e+01 1.6696382e+00 3.5714896e+00 2.3083532e+00 4.2234154e+00
 4.2778826e+00 1.3941363e+00 3.5399356e+00 3.0919743e+00 1.5474775e+01
 6.6321006e+00 2.1951908e+01 4.4808615e-02 6.2969785e+00 2.4569993e+00
 1.4464593e+00 5.8698032e-02 3.6230900e+00 7.1249142e+00 3.8811553e+00
 1.3143719e+00 2.7842708e+00 1.4072655e+00 1.2813028e+00 7.6540232e+00
 4.2007999e+00 8.4015238e-01 5.9993176e+00 8.2343864e+00 9.8579493e+00
 4.0282583e+00 1.4471329e+00 1.3114341e+01 4.0530982e+00 3.8190856e+00
 4.0831175e+00 8.2280521e+00 1.2061027e+00 6.9851333e-01 4.0078006e+00
 6.9366870e+00 9.4822735e-02 4.3711054e-01 8.8110237e+00 1.3942845e+00
 8.2819331e-01 4.2479010e+00 3.0998340e+00 7.2731060e-01 3.6768615e+00
 4.6545715e+00 1.0225042e+01 2.2958702e-01 8.5258045e+00 1.0741005e+00
 1.9821744e+00 1.3937026e+01 1.8667288e+00 1.8515221e+01 3.7504871e+00
 5.8362970e+00 7.5631958e-01 3.0448275e+00 1.4747212e+00 1.2069363e+01
 1.2783406e+00 3.8610818e+00 7.5928645e+00 1.4161909e+00 3.9194913e+00
 7.4591336e+00 1.3535138e+01 2.7535424e+00 5.7867885e+00 2.1406510e+00
 4.0841384e+00],5.689288,[6.45568180e+00 2.37167335e+00 2.21752495e-01 2.69797444e-02
 2.58016157e+00 4.69235611e+00 4.93711901e+00 5.73994756e-01
 2.83149369e-02 9.98034835e-01 3.39071178e+00 4.77277488e-01
 1.03277979e+01 1.95954368e-01 8.17021370e-01 2.21193619e-02
 2.44557667e+00 7.81774104e-01 4.32840943e-01 1.38240929e+01
 1.98176658e+00 5.41337490e+00 2.68730074e-01 1.37226677e+00
 4.42262697e+00 6.94888258e+00 1.97114706e+00 6.99212646e+00
 4.54627514e+00 1.37978768e+00 1.50176668e+00 4.28533125e+00
 6.84263611e+00 1.59276187e+00 1.16756976e+00 1.22647333e+00
 2.81000495e+00 1.89470882e+01 1.41138411e+00 1.78268641e-01
 1.31668818e+00 1.15991592e+00 3.56170088e-02 3.87450814e-01
 2.24503732e+00 1.11764693e+00 5.98351002e-01 5.03729534e+00
 5.47489309e+00 4.24527788e+00 4.19790363e+00 7.20719218e-01
 7.61097431e+00 4.24911231e-01 2.98843169e+00 8.66998100e+00
 6.47199631e-01 1.21724248e+00 3.55206847e+00 1.71311986e+00
 2.00513458e+00 2.41667032e+00 1.60217166e-01 2.23528242e+00
 1.19402874e+00 5.78909218e-02 2.60912895e-01 1.82540631e+00
 4.82571411e+00 2.17632618e+01 9.10293961e+01 2.88679749e-02
 2.21021032e+00 2.07289910e+00 5.03143463e+01 5.10544851e-02
 4.43284750e-01 2.65050769e+00 1.51899517e+00 1.26559687e+00
 3.74132442e+00 3.84666753e+00 2.56605387e+00 1.44023037e+00
 2.84402680e+00 3.05351186e+00 1.21744318e+01 4.54208851e+00
 3.18758398e-01 1.49961114e+00 7.67787027e+00 7.97798634e-01
 6.64720058e-01 7.90419197e+00 1.14791954e+00 1.13671577e+00
 2.25469574e-01 1.11406410e+00 2.22698498e+00 2.63794988e-01
 3.36740077e-01 1.99354935e+01 5.03015852e+00 3.01855952e-02
 4.84405696e-01 2.16508818e+00 1.23500013e+00 3.89509112e-01
 5.93556404e-01 2.07591033e+00 2.20962811e+00 1.93123603e+00
 5.01965173e-03 4.08513844e-01 3.23800415e-01 1.10401675e-01
 1.06608617e+00 7.97177792e-01 4.18044186e+00 1.48369694e+00
 9.64819789e-01 8.89397442e-01 2.26215982e+00 7.54652500e+00
 1.52393508e+00 2.83114457e+00 8.94720107e-02 2.13742638e+00
 2.84011650e+00 2.27463514e-01 4.58247691e-01 1.70767975e+00
 4.35570747e-01 2.19267440e+00 1.00914824e+00 1.29821345e-01
 3.22304964e-02 2.00518250e+00 5.39470911e-01 2.33477616e+00
 2.01349754e+01 1.84165812e+00 2.23069882e+00 2.32880622e-01
 4.98430312e-01 6.43999040e-01 1.13558025e+01 1.97475240e-01
 1.60132527e-01 4.85931587e+00 8.44172955e-01 1.59153309e+01
 1.84649438e-01 5.69604993e-01 1.20031631e+00 1.67624021e+00
 1.41163781e-01 1.85621679e-01 1.38695073e+00 6.84625673e+00
 7.82586813e-01 2.11570048e+00 1.85634673e-01 7.09765911e-01
 8.32803726e-01 6.11697614e-01 5.82291889e+00 2.58193731e+00
 1.47163820e+01 1.10121477e+00 1.43805361e+00 4.09266376e+00
 4.04217005e-01 6.56918812e+00 8.21691799e+00 7.73125887e-01
 5.08087683e+00 1.70796871e+00 2.71862912e+00 5.93824536e-02
 2.65674758e+00 1.16399550e+00 1.43886006e+00 2.74809599e+00
 3.31457210e+00 1.95142710e+00 6.44294858e-01 3.93744767e-01
 1.42424011e+00 2.33594322e+00 8.53935599e-01 2.52157040e+01
 4.29006405e-02 1.72349906e+00 3.81433177e+00 8.01618218e-01
 8.45296097e+00 3.18123245e+00 6.21614993e-01 6.83539689e-01
 1.57474041e+00 2.19174147e+00 1.63333964e+00 1.11351204e+00
 1.38529193e+00 2.63747168e+00 8.29777300e-01 2.13860488e+00
 8.25034237e+00 1.22600555e+00 3.87447190e+00 5.38836271e-02
 2.19034925e-01 1.77254522e+00 1.25294113e+00 5.16201138e-01
 7.16551006e-01 9.84878764e-02 2.27585530e+00 3.06952310e+00
 1.14745617e+01 1.08250737e+00 7.88357615e-01 1.28796148e+00
 3.97855826e-02 2.80283481e-01 5.94572723e-01 1.48631513e+00
 2.52715349e+00 2.85562205e+00 4.58283472e+00 2.05158806e+00
 2.67870355e+00 1.37118471e+00 2.30157733e+00 5.97407770e+00
 9.23815966e-01 4.81016493e+00 4.97642183e+00 8.90404606e+00
 2.46603459e-01 8.31191778e-01 3.19722676e+00 9.54421982e-02
 8.45990896e-01 1.61473721e-01 1.45998514e+00 1.77485144e+00
 4.48982686e-01 8.95977378e-01 8.92570555e-01 2.06185341e+00
 2.47942448e+00 4.81217623e-01 9.76241648e-01 3.08118010e+00],-84.40222,-157.64212,-399.9344,1.6675086,3.1350455,0.9759114,0.6390229,86.016174,-416.29868,1248.8389,192.51456,0.6468398,0.49806556,0.11069651,-186.88705,186.88705,[1.22617683e+01 2.63623257e+01 7.44642830e+00 4.20336838e+01
 4.70726681e+00 2.36494400e+02 6.00840950e+01 1.53057537e+01
 6.21411499e+02 2.50108368e+02 1.44535284e+01 1.18154097e+01
 5.77284861e+00 1.23011986e+02 6.49388657e+01 4.83373169e+02
 3.23049850e+01 1.58486853e+01 2.36360443e+02 1.01269669e+02
 7.40990829e+01 3.31595078e+01 1.69715233e+01 9.18989624e+02
 8.75672836e+01 2.46470623e+01 1.71655664e+03 1.34962799e+02
 3.02858315e+01 2.52398865e+02 2.62807608e-01 4.28479385e+01
 4.27885223e+02 1.65685101e+01 5.07822723e+01 5.48648033e+01
 2.74104614e+01 7.58913513e+02 6.45190573e+00 4.27440277e+02
 1.03249829e+03 3.18344330e+02 2.82009430e+02 7.29851227e+01
 1.98657990e+01 2.25623112e+01 1.95178680e+01 1.02807190e+03
 5.31708765e+00 2.99210129e+01 1.59908646e+02 3.47743759e+01
 8.70087280e+01 6.58873978e+01 3.51440544e+01 4.66883087e+02
 3.65099869e+01 7.25969696e+01 5.50919495e+01 2.45456741e+02
 1.00378456e+02 3.87221924e+02 8.50742340e+01 3.85712982e+02
 7.10565872e+01 1.14100800e+02 2.04164619e+01 9.43581543e+01
 1.47323181e+02 9.42588300e-02 1.36832062e+02 2.60136528e+01
 1.04745827e+01 4.45799866e+01 2.15135345e+02 2.25880432e+00
 1.00783730e+02 1.27118462e+02 2.76336670e+02 2.98886642e+01
 1.05316528e+02 4.07350903e+03 1.59211178e+01 6.23653442e+02
 9.32748718e+01 1.46670933e+01 6.36073608e+02 1.84498272e+01
 7.75588837e+01 5.04322021e+02 2.27491241e+02 3.73594208e+01
 2.17776546e+01 8.11174255e+02 1.49053392e+01 2.17817116e+01
 7.08078918e+01 1.02054733e+02 2.37746906e+01 2.46750031e+02
 8.22982979e+00 6.41262579e+00 5.17179199e+02 2.07171844e+02
 4.55971069e+02 3.13630257e+01 5.56323700e+01 2.74398193e+01
 1.13324671e+01 1.04174522e+02 4.02805519e+00 2.72923657e+03
 8.41759205e+00 3.17983475e+01 5.76836395e+01 1.46167798e+03
 1.26055694e+00 9.53575211e+01 2.46258453e+02 5.91944847e+01
 1.85296494e+02 1.51839523e+02 1.64077423e+02 2.91712914e+01
 1.97993774e+02 2.39047680e+01 6.17912521e+01 2.19340805e+02
 7.52837372e+01 2.00090027e+02 1.99458008e+02 1.23988403e+02
 7.67568541e+00 4.59080658e+01 5.20469360e+01 8.71589470e+00
 2.65862213e+02 5.43205566e+02 4.83973999e+02 3.14569998e+00
 4.30626945e+01 2.84861572e+02 9.80598221e+01 8.72432983e+02
 1.64545868e+02 2.88108368e+02 3.67701225e+01 1.13330200e+02
 1.68059750e+01 1.43031174e+02 3.06807159e+02 9.67122040e+01
 1.23385582e+02 2.82499123e+01 1.02064050e+03 1.23988167e+02
 4.53014183e+00 7.34535675e+01 8.76563931e+00 6.24002762e+01
 1.78577652e+02 9.40703430e+02 8.48622208e+01 4.58254822e+02
 7.03567657e+01 1.13161018e+02 4.01232605e+02 4.65540466e+01
 5.74850342e+02 1.42695618e+02 1.56235764e+02 2.24352894e+01
 5.55624437e+00 1.82192445e-01 5.84905663e+01 1.58575287e+02
 5.08367538e+00 2.74097481e+01 8.67512268e+02 3.97427185e+02
 4.25240173e+02 9.07058716e+02 1.91188318e+03 1.47296982e+02
 1.64297424e+02 9.33794403e+00 1.98860535e+02 1.63246880e+01
 5.84795618e+00 6.88388901e+01 3.14114628e+01 4.39599457e+02
 2.16479421e+00 9.46587677e+01 4.25377197e+01 6.29351854e+00
 1.27461319e+02 3.33249307e+00 3.64331436e+01 1.40361465e+02
 3.10187653e+02 2.52886475e+02 3.74055824e+01 4.40367432e+01
 6.68098640e+00 4.01715088e+01 1.74686157e+02 7.86484623e+00
 6.66897095e+02 1.47433538e+01 5.99745789e+01 2.89581032e+01
 6.00938034e+01 2.60356026e+01 8.08346176e+00 5.18067017e+01
 8.03193588e+01 3.82470360e+01 1.51509583e+02 6.62866882e+02
 4.27159943e+02 5.79300919e+01 6.79167358e+02 1.58121429e+02
 1.69054365e+00 1.53058395e+02 9.83064041e+01 6.77408295e+01
 6.39980011e+01 4.15591736e+02 1.03692570e+01 2.38618088e+01
 2.22554047e+02 9.14205265e+00 7.46687469e+01 2.73209343e+01
 5.61381459e-01 2.82525787e+01 4.47835007e+01 3.16937805e+02
 4.41510864e+02 6.53568344e+01 2.93413025e+02 5.53546858e+00
 1.33478241e+01 8.02371597e+00 4.36963882e+01 5.95876312e+01
 3.29835968e+01 2.33453808e+01 3.96606903e+02 5.15655212e+01
 8.65223450e+02 6.75396545e+02 2.24700256e+02 1.37719526e+01],313.69177,[1.15460324e+00 2.35456333e+01 2.54003296e+01 1.05596954e+02
 1.33963499e+01 2.43746597e+02 5.25381775e+01 8.62427616e+00
 4.84127747e+02 1.90780411e+02 1.42575998e+01 1.42776356e+01
 5.75810447e-02 1.20375885e+02 6.44790039e+01 4.35048492e+02
 7.05287704e+01 1.00180725e+02 2.42508072e+02 7.08914032e+01
 6.83704605e+01 1.20619640e+01 1.60569954e+01 9.84424438e+02
 3.29489565e+00 5.42141418e+01 2.01542566e+03 1.25485382e+02
 3.67973375e+00 4.18928162e+02 1.13575125e+01 3.77511215e+01
 6.25825500e+02 2.32093239e+01 5.84739876e+01 5.58088684e+01
 2.63903484e+01 7.61431396e+02 3.83096542e+01 7.56309570e+02
 9.70033813e+02 1.01173401e+02 2.59727783e+02 5.69810066e+01
 4.62310715e+01 2.31919403e+01 2.58001280e+00 1.00470337e+03
 7.26350546e+00 1.10030006e+02 1.53517349e+02 1.96563876e+00
 8.23192291e+01 7.65993652e+01 1.36052963e+02 4.42046448e+02
 3.13380222e+01 3.55124207e+01 6.38169212e+01 2.91758728e+02
 3.72469826e+01 3.85296539e+02 2.25291336e+02 3.35617188e+02
 4.06439781e+01 1.01489647e+02 1.70374069e+01 8.54358521e+01
 1.88440109e+02 3.17509323e-01 9.19286346e+01 2.06843433e+01
 1.56775341e+01 4.78434601e+01 7.29214191e+00 6.11525059e+00
 1.33901657e+02 9.90334320e+01 2.54846497e+02 2.72952259e-01
 1.05978155e+01 3.68260547e+03 1.12391968e+01 7.08927429e+02
 6.06479874e+01 9.33339500e+00 5.97640015e+02 1.49819841e+01
 4.55784454e+01 5.29645569e+02 2.75933472e+02 3.08552780e+01
 1.80934982e+01 8.27129272e+02 3.51560783e+01 1.54690933e+02
 6.70101776e+01 6.90782166e+01 1.92033558e+01 2.52647842e+02
 1.00586481e+01 7.70000076e+00 4.96529205e+02 2.17360519e+02
 4.42989929e+02 1.74196303e-01 5.47345924e+01 4.35043383e+00
 1.65115929e+01 1.20602180e+02 1.58015738e+01 2.70598560e+03
 1.41596279e+01 2.54966049e+01 5.81653976e+01 1.45328235e+03
 1.65834010e+00 6.57681808e+01 3.45065804e+01 6.38284225e+01
 1.91794327e+02 2.05821320e+02 1.66974899e+02 1.38511448e+01
 2.44770187e+02 2.17455235e+01 5.81613197e+01 8.56678162e+01
 6.31480179e+01 1.99504089e+02 3.12082031e+02 2.11832596e+02
 7.85471630e+00 1.52680082e+01 5.25330658e+01 1.14386635e+01
 1.95960144e+02 4.40822266e+02 4.84653534e+02 8.55288982e+00
 7.48768539e+01 3.00642395e+02 3.40971344e+02 8.84655701e+02
 2.12918243e+01 2.70697327e+02 3.68263206e+01 1.17664047e+02
 4.74409103e+01 1.40245895e+02 3.80194458e+02 9.34384308e+01
 1.26853996e+02 2.54546528e+01 1.07198413e+03 8.00303802e+01
 8.76574039e+00 4.45058250e+01 9.86052799e+00 6.11074219e+01
 1.42428131e+02 1.28691980e+03 1.18948555e+02 4.48451233e+02
 2.91563416e+01 9.34948044e+01 4.01043884e+02 1.20675983e+01
 9.11945801e+02 6.91489258e+01 1.44878708e+02 2.74413643e+01
 5.87569571e+00 1.96368766e+00 9.63609924e+01 1.60259567e+02
 2.09014091e+01 3.80558968e+00 8.41129944e+02 3.86498108e+02
 4.73513062e+02 9.12878052e+02 1.83038855e+03 1.32603790e+02
 1.94058167e+02 7.93842411e+00 1.91381348e+02 9.17127132e+00
 7.25012732e+00 6.66387253e+01 1.33551092e+01 4.31149048e+02
 3.92741829e-01 8.21145401e+01 2.47891045e+01 3.16755962e+00
 1.74803726e+02 1.84326859e+01 2.16060925e+01 4.78614235e+00
 3.46392395e+02 2.74717407e+02 3.72347717e+01 3.90732460e+01
 8.07870026e+01 4.39045410e+01 1.80066483e+02 1.30100460e+01
 6.64389771e+02 1.69241676e+01 1.54558268e+01 3.12064781e+01
 3.84558105e+01 1.34370384e+01 4.47814941e+00 3.50836105e+01
 6.20449944e+01 8.20049667e+00 2.12373871e+02 6.34257935e+02
 1.21875069e+02 9.96492386e+01 8.16615173e+02 1.52364014e+02
 6.04657841e+00 1.08881660e+02 1.57324982e+02 1.69582520e+02
 2.16396790e+01 3.93777252e+02 4.54738235e+01 9.22700043e+01
 1.85332199e+02 1.77566872e+01 6.19388580e-01 2.63278122e+01
 2.68862867e+00 8.63199692e+01 5.71186485e+01 3.21725586e+02
 5.22868042e+02 5.76351471e+01 2.60867126e+02 6.90819359e+00
 3.06130314e+01 9.38087940e+00 3.47974777e+01 5.97843475e+01
 6.61431503e+00 5.24822769e+01 4.74213318e+02 3.83826866e+01
 8.73143250e+02 6.65247620e+02 2.87368347e+02 1.69470139e+01],-109.87849,-201.05615,-360.5589,3.1515117,11.353869,1.2755854,0.742082,0.014119910173416138,12050.37821674347,-0.12092886037974444,-0.044840900959288325,-0.12320201479504879,-0.043272039348261654,-0.8042363609250975,25.099999999996967,0.0,875000.0,-2.0,-991.0,500.0,6.704311370849609,875000
142.99872,0.222536,0.41968948,0.021999625,-138.57928,138.57928,[1.82276213e+00 3.05463219e+00 6.02761364e+00 1.59461653e+00
 8.95051718e-01 9.13666534e+00 2.08997989e+00 1.40856087e-01
 4.12217093e+00 2.32651591e-01 2.42681122e+00 1.16758215e+00
 2.69472456e+00 1.29339409e+00 1.40078354e+00 7.77081490e-01
 3.23877478e+00 1.82882324e-01 2.45979023e+00 6.34085178e-01
 2.96419621e+00 1.06568575e+00 2.83700466e+00 1.03025494e+01
 1.03588753e+01 2.52583103e+01 7.47210026e+00 3.90861249e+00
 9.56009269e-01 2.63397670e+00 7.01131165e-01 1.84476292e+00
 2.90225446e-01 3.08125806e+00 6.39267564e-01 1.18823805e+01
 2.61039257e+00 8.68116856e+00 2.23361522e-01 3.87592864e+00
 1.63638103e+00 2.40792751e-01 7.76984453e+00 3.00964332e+00
 1.46350777e+00 1.55715275e+00 2.39032197e+00 3.34391836e-03
 1.05478692e+00 1.08518171e+00 2.68496284e+01 3.91592860e-01
 1.50957450e-01 1.34758129e+01 3.74484450e-01 3.39552784e+00
 4.46509171e+00 3.84303188e+00 2.89883280e+00 1.18980894e+01
 2.75114131e+00 6.22474289e+00 1.54474735e-01 3.39230567e-01
 8.13118553e+00 5.82479763e+00 3.00552177e+00 3.48352529e-02
 6.33190250e+00 6.71923518e-01 1.76772845e+00 3.89042616e+00
 1.10582149e+00 3.22024643e-01 8.05826664e-01 1.92664528e+00
 2.83022702e-01 1.36219001e+00 7.13238001e+00 2.18295670e+00
 4.08587694e+00 1.69765258e+00 1.09377575e+00 3.79898176e-02
 5.31756878e+00 2.64349155e+01 2.47144771e+00 3.08936834e-01
 1.33757734e+00 1.77336049e+00 1.16303480e+00 1.98030829e-01
 2.51458454e+00 4.24942702e-01 5.24842262e+00 6.22735786e+00
 3.84042907e+00 5.27261496e+00 4.92956877e-01 2.22063522e+01
 2.58418512e+00 1.55826318e+00 5.19561863e+00 7.35268354e-01
 3.01690078e+00 2.33901787e+00 4.56175566e+00 5.66626966e-01
 1.39011755e+01 2.08211556e-01 2.30446224e+01 1.89842331e+00
 3.50773907e+00 3.04593539e+00 4.05762065e-03 1.25102186e+00
 3.43538141e+00 3.08611917e+00 1.50161672e+00 1.15360177e+00
 3.08500671e+00 1.06010666e+01 4.35741693e-02 2.32237029e+00
 7.33895206e+00 4.39979076e-01 9.28389645e+00 4.24552155e+00
 2.29059413e-01 4.42673159e+00 4.48211789e-01 4.56571436e+00
 2.38840246e+00 5.28510857e+00 6.58108521e+00 2.73743033e-01
 2.34939709e-01 1.23194540e+00 1.77803440e+01 2.31442070e+00
 4.10519266e+00 2.05834359e-01 5.63664325e-02 2.28019953e+00
 1.12297618e+00 5.28193855e+00 1.93619597e+00 1.90345466e-01
 3.84785032e+00 3.70312071e+00 7.25390092e-02 4.59489632e+00
 6.16018474e-01 4.00434208e+00 3.27898812e+00 2.46113515e+00
 3.84276314e+01 8.04860306e+00 1.43939361e-01 1.05199647e+00
 6.18202162e+00 2.52244979e-01 1.30909336e+00 2.14340758e+00
 1.83070397e+00 5.29881716e-01 1.37822843e+00 2.90815783e+00
 4.37727356e+00 4.50017750e-02 2.56682253e+00 2.03400165e-01
 9.09730867e-02 3.90501231e-01 4.93902974e-02 5.39369488e+00
 4.61763763e+01 3.29904819e+00 5.73312378e+00 5.36553025e-01
 3.42552885e-02 1.19697943e-01 1.03375077e+00 5.35141826e-01
 1.93283200e+00 5.68972397e+00 5.72638273e+00 6.05467446e-02
 8.92960358e+00 5.31885624e+00 3.21869314e-01 4.53524742e+01
 7.08613777e+00 9.48961854e-01 3.66357893e-01 1.73294365e-01
 7.76408529e+00 3.17247844e+00 1.62624145e+00 1.07721221e+00
 8.96231461e+00 3.56449097e-01 4.75567007e+00 7.51750946e-01
 5.00125742e+00 2.62493086e+00 2.76529026e+00 1.18030429e+00
 1.23029613e+00 3.58402300e+00 2.31175944e-01 2.28512019e-01
 9.25372505e+00 3.74803019e+00 1.64111233e+00 6.78452611e-01
 7.54638624e+00 1.63786983e+00 6.32855368e+00 1.60880709e+00
 3.95325041e+00 5.51872444e+00 5.51683474e+00 2.96606112e+00
 2.95094872e+00 1.85250044e-01 1.05513744e+01 5.49239457e-01
 1.03981543e+00 8.17093104e-02 3.67245376e-01 4.97567505e-01
 9.89104748e-01 7.94524133e-01 9.22181010e-01 1.67106628e+01
 4.94334757e-01 6.87068224e+00 3.85657549e-01 6.20562315e+00
 4.65715408e+00 8.79452080e-02 3.56192017e+00 2.51076355e+01
 1.72589719e+00 6.43180418e+00 4.37595940e+00 8.07050586e-01
 3.21566162e+01 9.90874708e-01 1.03189440e+01 2.45128632e+00
 1.18165255e-01 6.36865795e-01 4.89945412e-01 2.98360682e+00],5.223729,[2.8874328e+00 5.2007256e+00 1.6833193e+01 2.2109046e+00 1.1711456e+00
 2.3019359e+00 3.3877773e+00 5.0749841e+00 7.7172244e-01 6.0573125e-01
 2.0096679e+00 8.3101228e-02 3.1834381e+00 1.0278310e-01 4.8223476e+00
 8.6853771e+00 2.2715535e+00 4.7274418e-02 3.1385224e+00 3.0123904e+00
 1.4584615e+00 1.5571457e+00 7.7287889e-01 1.5325027e+00 4.5151510e+00
 1.4359868e+00 9.5867723e-01 5.0539058e-01 4.0059624e+00 5.9935862e-01
 9.6776505e+00 1.6574183e+00 6.4017453e+00 7.3345947e+00 6.3113151e+00
 6.8459759e+00 1.2169952e+00 1.7092275e-02 1.5011933e+00 4.5267019e+00
 2.7899680e-01 1.1547523e+00 3.2188067e+00 2.2453865e+01 2.6080613e+00
 2.2452988e-01 2.5058508e+00 7.5935312e-03 3.0618129e+00 4.8674421e+00
 2.1655035e+01 3.1524658e+00 6.1302889e-02 2.0997718e-01 2.0516005e+00
 2.7498503e+00 2.6176832e+00 5.2008228e+00 9.1442184e+00 4.1562419e+00
 6.0921059e+00 5.2192664e+00 4.0499234e+00 9.5783405e+00 6.1486397e+00
 2.2268558e+00 4.3432302e+00 2.2335216e-02 3.0374047e-01 8.5445728e+00
 7.0348263e+00 2.0716705e+00 2.3801628e-01 5.6366318e-01 7.9410968e+00
 1.0801033e+00 1.9463320e+00 3.3199301e+00 3.6215403e+00 2.1258588e+00
 3.1187284e+00 3.3860269e+00 1.2038517e+00 1.3919818e+00 1.9695681e-01
 1.1529337e+01 8.5606318e+00 5.0913491e+00 3.5388391e+00 1.0357698e+00
 5.1645541e+00 3.5419616e-01 4.2429565e+01 5.9471631e+00 6.3021321e+00
 3.6819043e+00 4.8084545e+00 1.8749822e+00 9.1397965e-01 8.2422096e-01
 6.7725210e+00 1.3162169e+00 5.2733898e+00 1.0268511e+00 4.7207624e-01
 2.5469637e+00 1.5910365e+01 6.5137821e-01 1.3760743e+00 1.2954994e+00
 9.8194796e-01 6.5321178e+00 1.0325435e+00 1.1195183e+00 2.3580290e-02
 1.9784113e+00 1.7499206e+00 1.2212837e+00 2.2031789e+00 1.8949082e+00
 3.6862693e+00 3.4451885e+00 4.7468469e-02 5.3372612e+00 2.9145842e+00
 5.4217463e+00 7.1182389e+00 4.9317217e+00 1.5868935e+01 1.4304933e+01
 2.9650655e+00 1.9790567e+00 2.0869920e+00 4.5749831e+00 6.1552471e-01
 1.9929628e-01 3.8236456e+00 6.0752587e+00 4.9434289e-01 7.0377564e-01
 6.9001675e-01 9.5105038e+00 7.7718396e+00 1.9175203e+00 1.9026891e+00
 5.3916745e+00 2.8797092e+00 5.5315447e-01 8.8507533e-01 7.5775141e-01
 4.6397555e-01 2.4139881e+00 6.1398544e+00 3.6310019e+00 1.4006157e+00
 5.3240814e+00 4.9551692e+00 1.3189727e+00 1.3085501e-01 3.1696773e+00
 1.7133186e+01 1.4796878e+00 2.9117589e+00 4.9635239e+00 4.0154040e-01
 1.5569526e-01 8.9194715e-02 7.1443715e+00 2.5946584e+00 8.1318283e-01
 3.3996482e+00 4.0532904e+00 5.0019652e-01 1.0012133e+00 5.0505638e+00
 3.3733483e-02 1.5285704e+01 5.3587890e+00 1.5936884e+00 3.3888245e+00
 3.8006611e+00 7.5189650e-01 3.8681922e+00 5.2169734e-01 4.6451540e+00
 1.3533433e-01 3.8157237e-01 3.9184918e+00 8.1317449e-01 2.9740295e-01
 7.0524969e+00 7.2467694e+00 7.3491931e-01 2.8078854e+00 3.4401262e+00
 3.7323840e-02 2.7636907e+00 1.2533498e+01 3.7702193e+00 6.4376707e+00
 3.2877105e-01 3.8714228e+00 2.6635885e-01 3.9121026e-01 2.5121970e+00
 4.8832302e+00 3.4253585e+00 1.6599493e+00 3.0453324e+00 4.4906960e+00
 2.2782972e+00 5.2107530e+00 3.2158345e-01 3.2670823e-01 6.6802168e+00
 3.2742753e+00 5.1722546e+00 6.5280447e+00 1.2329000e+01 4.9189272e+00
 7.3954911e+00 1.2991941e+00 1.2312042e+00 1.4742696e+00 1.4459167e+00
 2.4636650e+00 2.2574688e+01 8.5121804e-01 4.3220294e-01 5.3016567e-01
 4.0446758e+00 4.7119055e+00 1.5676916e+00 3.7069926e+00 5.6471243e+00
 1.7188101e+01 1.0895280e+00 1.1120281e+01 3.3380771e-01 1.0576099e+00
 8.8120759e-01 2.6984549e-01 3.6379757e+00 3.8529926e+01 3.7690060e+00
 2.8711373e-03 1.2825193e+00 2.8484385e+00 1.4974411e+00 2.9214008e+00
 2.3868170e+00 7.4303493e+00 1.2708678e+00 2.2483640e+00 8.6930809e+00
 9.6385169e-01],-65.6687,-166.99844,-400.0,1.6600437,2.9909904,0.895209,0.63856936,142.95125,-106.76462,557.4724,184.95023,0.6410768,0.46186754,0.09652813,-179.69048,179.69048,[2.93201172e+02 2.38305740e+02 1.66864777e+01 9.72519989e+01
 2.45111771e+01 6.78411407e+01 3.48454933e+01 1.31463490e+01
 2.16701183e+01 3.17800884e+01 1.25135317e+01 3.05621586e+01
 3.44850159e+01 3.90595093e+02 4.59927940e+00 1.10320292e+01
 9.18724251e+00 1.19986023e+03 2.91735565e+02 1.83535709e+01
 2.25157242e+02 3.69597664e+01 4.72415304e+00 9.39696503e+01
 4.79012207e+02 1.11181183e+02 1.03037415e+02 5.64751968e+01
 4.73074074e+01 2.77995491e+01 1.02000027e+01 4.52837992e+00
 1.40009809e+00 4.26117554e+01 5.13648300e+01 1.70948219e+01
 6.11968338e-01 5.71194077e+00 1.47562109e+03 2.68988228e+01
 1.66532862e+00 1.60095703e+02 6.06125908e+01 5.59053833e+02
 1.19827835e+02 3.75005569e+01 1.06066635e+02 2.29645798e+02
 1.89158936e+01 1.96320415e+00 2.96806793e+01 1.49407530e+01
 4.49639206e+01 2.20052948e+02 4.99319153e+02 1.39793259e+02
 1.06004753e+02 2.87214565e+00 2.42496986e+01 1.90994473e+01
 6.32556915e+00 5.02528564e+02 1.01021547e+01 7.48959961e+01
 9.12522793e+00 3.42114105e+01 7.07988663e+01 7.05102587e+00
 1.23605576e+01 6.06386662e+00 1.96929291e+02 2.52004395e+01
 2.77290100e+02 6.26169281e+01 1.89124527e+01 5.04900970e+01
 3.64950043e+02 3.31506500e+01 3.07590828e+01 3.37512398e+00
 8.39269775e+02 1.15036469e+01 5.25466080e+01 3.52069702e+01
 2.12599411e+01 2.61362518e+02 4.82228279e+00 4.44275856e+00
 7.90394669e+01 1.50291004e+01 3.54384842e+01 1.49773285e+02
 2.65528822e+00 4.74972801e+01 3.00269413e+01 1.46246710e+01
 1.50494812e+02 3.62676773e+01 1.81645752e+02 2.52998047e+01
 3.88720459e+02 9.75846710e+01 1.54005566e+01 1.37516537e+01
 1.07593107e+01 3.05635071e+01 2.38546324e+00 5.34984703e+01
 8.41493530e+01 6.90737549e+02 1.04073013e+02 1.27113991e+02
 2.87975655e+01 5.09831548e-01 2.42266045e+01 8.42994404e+00
 4.69132471e+00 8.31301498e+00 3.37332458e+01 5.41625824e+01
 1.31853073e+02 4.84778595e+01 1.33905685e+02 2.43862976e+02
 1.44674210e+02 3.89022408e+01 3.85016022e+01 2.10279343e+02
 1.01714764e+01 3.03683968e+01 1.22333557e+02 3.08691711e+02
 8.43919830e+01 9.83205986e+00 9.55362549e+01 6.22620544e+01
 7.68582458e+01 6.27934754e-01 5.16864014e+00 5.08537865e+01
 2.00888596e+01 3.41456718e+01 1.31546926e+01 3.31341863e+00
 1.72148575e+02 9.82213058e+01 1.31883774e+02 4.39859863e+02
 3.22448082e+01 5.38175941e-01 6.75929070e+00 1.81688423e+01
 6.68078003e+01 3.15204906e+00 1.02758705e+02 2.37101837e+02
 1.89018726e+01 4.55721550e+01 1.30943771e+02 3.86250488e+02
 2.54321337e+00 2.25581913e+01 1.10113869e+02 8.41892719e+00
 1.17027534e+02 1.17434967e+02 1.81574829e+02 4.75816010e+02
 1.57370071e+01 1.79777603e+02 2.56366253e+01 1.00950238e+03
 4.77091797e+02 1.47805283e+02 1.03352108e+01 1.11667282e+02
 1.50942745e+01 3.22872131e+02 3.75029335e+01 1.65306664e+01
 5.36987839e+01 3.57071838e+01 9.10800934e+01 1.18907547e+02
 3.23820801e+02 5.00698814e+01 5.83737755e+01 2.55798397e+01
 1.96891397e-01 1.11018763e+01 4.92435120e+02 4.59042625e+01
 1.56277512e+02 4.34472771e+01 3.98822517e+01 1.02145138e+01
 3.33333063e+00 1.29747665e+02 2.76905984e-01 2.05138702e+02
 7.43515167e+01 2.50230827e+01 8.56006165e+01 6.74856305e-01
 4.44387932e+01 6.50633383e+00 1.01979022e+03 5.40107269e+01
 1.31353470e+02 3.15574554e+02 8.14173813e+01 1.51108789e+03
 5.71799421e+00 1.88817425e+01 3.82758942e+01 6.65947571e+01
 6.07846565e+01 2.24101524e+01 1.26759491e+02 1.68343628e+02
 1.21212427e+03 1.94338024e-01 4.42154053e+03 1.01887159e+01
 3.16639671e+01 9.89438324e+01 4.11769724e+00 2.31260777e+00
 9.93185425e+00 3.73560883e+02 2.45274258e+01 1.55871765e+02
 1.06759598e+02 1.50679722e+01 1.43166275e+02 1.25406937e+02
 5.26806145e+01 3.18323029e+02 3.12062134e+02 5.87844177e+02
 4.21260681e+02 8.91730225e+02 2.80488300e+01 3.02349884e+02
 4.77444801e+01 2.76054541e+03 1.11397614e+02 4.10985535e+02
 1.75370789e+02 2.66835232e+01 5.03252640e+01 9.59171753e+01
 3.46607933e+01 5.15990028e+01 1.24783630e+02 3.97449570e+01],239.85748,[2.98802032e+02 2.51158966e+02 6.60388041e+00 1.18400421e+02
 3.01149139e+01 3.88143539e+01 4.04640198e+01 1.40840559e+01
 1.15606670e+01 6.73826370e+01 2.95470762e+00 2.23110542e+01
 3.62558823e+01 1.33275604e+01 9.56796646e+00 9.30737877e+00
 4.31212711e+00 1.16978992e+03 1.63652344e+02 1.21823635e+01
 4.34670181e+01 1.63652401e+01 5.70478535e+00 8.59469452e+01
 4.32663635e+02 7.26790771e+01 6.46839294e+01 5.28931770e+01
 3.59768639e+01 1.42234173e+01 2.15262680e+01 1.73742390e+01
 3.38554597e+00 3.19041023e+01 2.16712494e+01 1.82120533e+01
 8.59605372e-01 6.44814491e+00 1.51201343e+03 4.00291252e+01
 8.22267294e-01 1.54784119e+02 5.74810410e+01 5.65455200e+02
 1.17318436e+02 3.60438156e+01 1.32743134e+02 1.77902313e+02
 2.48348160e+01 2.75588250e+00 3.77453537e+01 1.76031208e+00
 4.19871902e+01 3.19002869e+02 2.01124725e+01 1.37926910e+02
 3.54439545e+01 2.96991825e-01 3.86710663e+01 6.24058628e+00
 1.52900219e+00 4.98255432e+02 6.07921791e+00 7.41110077e+01
 3.11182022e+00 3.46522141e+01 7.38372574e+01 7.03267717e+00
 2.29759235e+01 1.27205467e+01 2.60936676e+02 4.31108522e+00
 2.62814301e+02 2.69900665e+01 1.36712551e+01 5.60438538e+01
 2.90824860e+02 3.49736261e+00 4.18405950e-01 2.35976553e+00
 8.19951782e+02 4.11024666e+01 3.26289902e+01 2.70375881e+01
 2.11413288e+01 1.86131958e+02 1.04697227e+01 4.72311354e+00
 1.04820442e+01 1.80433121e+01 2.04093227e+01 1.67348282e+02
 2.62945294e+00 5.00284424e+01 3.46930046e+01 5.46296263e+00
 1.94142319e+02 1.06397476e+01 8.05040054e+01 2.63795185e+01
 3.36934723e+02 1.23665977e+02 1.56981544e+01 1.26322193e+01
 8.62503719e+00 4.24757309e+01 9.78769779e+00 2.79845276e+01
 7.80999222e+01 6.88103882e+02 2.59057892e+02 1.27082947e+02
 3.13956795e+01 8.22557926e+00 7.66111603e+01 1.38254499e+01
 1.24546909e+00 5.10545158e+00 3.73063354e+01 5.75383148e+01
 1.23472183e+02 1.95473567e-01 1.27230759e+02 3.47190399e+01
 1.04802208e+01 4.67751694e+00 2.79779377e+01 1.48466690e+02
 1.10459585e+01 2.90555859e+01 1.19090088e+02 3.13432068e+02
 1.28743637e+02 4.13077623e-01 1.08391205e+02 1.38131088e+02
 6.81175308e+01 1.07843184e+00 2.35458231e+00 4.40867271e+01
 4.70683289e+01 5.03373337e+01 2.57886086e+01 5.62412262e+00
 1.70870056e+02 1.01361931e+02 1.32622711e+02 4.30806091e+02
 7.91488037e+01 2.16725326e+00 6.15527916e+00 1.94980507e+01
 6.70335312e+01 1.24474468e+01 1.80358078e+02 2.25886047e+02
 1.71310349e+01 2.85177708e+01 1.22334251e+02 3.78040833e+02
 1.80259633e+00 1.36237640e+01 1.12402382e+02 7.23254490e+00
 3.61082802e+01 4.74244354e+02 1.89794846e+02 5.01359161e+02
 2.81025066e+01 1.91193130e+02 1.94345903e+00 1.41867310e+03
 2.95174133e+02 1.70911652e+02 4.24862814e+00 9.12523804e+01
 1.43006582e+01 9.84720306e+01 3.85186768e+01 1.25153236e+01
 4.57483330e+01 4.57429161e+01 9.41898422e+01 1.24944801e+01
 3.53352997e+02 2.13727818e+01 1.55305824e+01 5.50564861e+00
 3.70859051e+00 4.63109779e+00 3.00419373e+02 5.29006805e+01
 1.13107742e+02 2.49234142e+01 3.77973404e+01 4.91659403e+00
 9.48211384e+00 1.22461433e+02 5.84153682e-02 2.11492752e+02
 6.81643066e+01 2.47973557e+01 6.15583420e+01 1.41916072e+00
 4.51310635e+00 9.59550285e+00 8.52557983e+02 1.52178755e+01
 1.34866287e+02 3.22915527e+02 7.27868423e+01 1.59200952e+03
 6.54904985e+00 2.70487213e+00 2.50380001e+01 6.61818924e+01
 2.01845493e+01 2.47920456e+01 1.66386948e+02 6.47793961e+01
 1.34154480e+03 5.52741861e+00 5.35258105e+03 1.12012835e+01
 4.24383316e+01 9.91107178e+01 9.69671631e+00 6.35188341e-01
 6.05921745e+00 3.64595337e+02 1.57572403e+01 1.45684113e+02
 9.19337692e+01 3.88264351e+01 8.57741852e+01 6.58413239e+01
 1.00494568e+02 3.06184570e+02 3.02909973e+02 4.73358398e+02
 4.19446838e+02 1.06612537e+03 5.31992626e+00 2.25013321e+02
 1.29711704e+01 2.62160156e+03 1.09138161e+02 3.91519196e+02
 5.44862938e+00 1.22243233e+01 5.37190704e+01 9.43925781e+01
 1.05644321e+01 3.89596062e+01 3.19755993e+01 2.19978294e+01],-120.98978,-189.53021,-369.62643,3.2394104,16.109608,1.1839988,0.74226475,0.013509863529205322,12388.124823570251,-0.0674911530887516,-0.05629312102141322,-0.07094055587745916,-0.0635848946229635,29.41790549034439,25.099999999996967,0.0,900000.0,-2.0,-986.0,500.0,6.692595481872559,900000
144.6892,0.12144702,0.43771908,0.019753208,-140.19055,140.19055,[2.17396903e+00 4.90100324e-01 3.67857635e-01 3.18942219e-03
 2.15101194e+00 2.14561939e+00 9.93937254e-01 3.98416519e+00
 6.49369097e+00 1.60948801e+00 1.41458094e-01 5.21035147e+00
 3.12869430e-01 1.50322586e-01 1.56415179e-01 1.34055269e+00
 6.67166424e+00 3.99485064e+00 1.04149950e+00 6.21985555e-01
 4.69002342e+00 4.77295190e-01 1.15450755e-01 3.54964066e+00
 9.58255291e-01 6.45876646e-01 1.75314534e+00 4.42512989e-01
 8.41588318e-01 3.28695416e+00 1.58512247e+00 4.96067429e+00
 2.40025818e-01 5.10993183e-01 1.00704677e-01 1.76415157e+00
 2.37424302e+00 6.49762332e-01 1.23071837e+00 1.29442170e-01
 1.25333285e+00 5.14580917e+00 5.67475929e+01 2.34482145e+00
 1.57112942e+01 2.21057248e+00 1.62963569e+00 2.11152360e-01
 4.32506752e+00 4.51419449e+00 4.32288706e-01 2.99946690e+00
 6.51400030e-01 4.85105038e-01 2.41189337e+00 1.72963405e+00
 1.20371506e-01 2.54125619e+00 1.47368240e+00 7.46219444e+00
 1.30910707e+00 4.08818579e+00 2.82980657e+00 7.99908638e-01
 7.10646629e+00 2.99456334e+00 3.78297281e+00 1.80570245e+00
 7.81541646e-01 2.32711291e+00 1.19389415e+00 1.31367803e-01
 2.83266082e-02 7.08320951e+00 2.55106783e+00 2.97305489e+00
 1.82870698e+00 6.10827637e+00 4.97781932e-01 1.62900949e+00
 3.10259986e+00 5.16402435e+00 8.22930336e-01 1.16068375e+00
 1.97098613e+00 1.94295044e+01 4.90649605e+00 2.23236418e+00
 2.47817969e+00 2.01079607e+00 2.92107940e-01 3.42527914e+00
 9.89241004e-01 2.51381063e+00 1.02947636e+01 1.69467437e+00
 7.73828506e+01 1.52914023e+00 1.27584147e+00 6.74027503e-01
 8.32201600e-01 9.57537740e-02 2.77669549e+00 2.01100688e-02
 7.90195167e-02 1.46737635e-01 3.58977281e-02 2.54306316e-01
 2.24275970e+00 3.05229235e+00 1.40218496e+00 2.71357989e+00
 2.64816833e+00 3.99125552e+00 1.19440973e+00 1.14778018e+00
 1.80250525e+00 1.39308345e+00 7.20872700e-01 5.23460582e-02
 2.61976337e+00 2.65405416e+00 1.74802029e+00 1.56356859e+00
 2.94867182e+00 2.36766553e+00 1.98314875e-01 1.04956317e+00
 1.49818289e+00 8.07870007e+00 5.08145615e-02 3.67298245e+00
 1.10716999e+00 4.97844410e+00 7.53496075e+00 3.02454758e+00
 4.32597637e-01 1.89355373e+00 8.70750248e-01 1.00129414e-02
 3.43300056e+00 3.81277299e+00 1.91888123e+01 3.86208057e+00
 8.58850479e-01 5.60193472e-02 2.24524045e+00 7.18398929e-01
 1.98050594e+00 1.66476488e-01 2.69152522e+00 3.89966100e-01
 1.25621462e+01 3.39886236e+00 5.41645670e+00 1.72471809e+00
 2.80688906e+00 5.01997709e-01 3.14588523e+00 3.18040872e+00
 3.40222478e+00 4.30264425e+00 1.17891388e+01 5.73715150e-01
 2.73518041e-02 1.43506914e-01 9.53925490e-01 1.85892069e+00
 3.51747251e+00 2.53821015e+00 3.37708384e-01 2.52599430e+00
 5.14332771e-01 2.45784569e+00 4.42749214e+00 8.54318428e+00
 8.93752003e+00 9.68869567e-01 6.17587471e+00 3.22084808e+00
 2.59812325e-01 2.22767144e-02 2.89434139e-02 7.40753937e+00
 3.97987652e+00 3.29989910e+00 7.07201838e-01 3.46974432e-02
 5.40429503e-02 5.43174219e+00 4.29968312e-02 3.62773275e+00
 4.97400075e-01 5.04348612e+00 4.86634922e+00 2.90415347e-01
 2.69128585e+00 1.08578720e+01 4.55363810e-01 1.19665241e+00
 5.45798481e-01 3.28420472e+00 8.02024782e-01 3.96844673e+00
 3.87307930e+00 1.66546845e+00 4.08961201e+00 1.50723886e+01
 4.44212389e+00 2.04336360e-01 6.50149405e-01 4.72006440e-01
 3.00196499e-01 3.32816935e+00 3.33121567e+01 3.35473585e+00
 8.28852236e-01 2.96305871e+00 9.88469887e+00 1.32251024e-01
 2.39510918e+00 9.70323831e-02 3.88229537e+00 2.15115070e+00
 2.27989149e+00 5.59526920e-01 8.07629228e-02 7.15318871e+00
 7.03086734e-01 3.55369711e+00 3.97707611e-01 1.65149309e-02
 1.53400683e+00 2.64716697e+00 5.07920599e+00 3.04293990e+00
 1.09446087e+01 2.41734028e+00 4.28941059e+00 3.27930069e+00
 7.38286924e+00 4.99949217e+00 4.33387947e+00 2.37732083e-02
 1.44810164e+00 6.45815372e+00 2.41766953e+00 2.58488834e-01
 1.28100157e+01 5.57775469e-03 2.08024001e+00 1.18651760e+00
 3.20850104e-01 2.67340922e+00 6.60269141e-01 7.12167323e-01],4.5807157,[8.0020599e+00 3.1201091e+00 1.8111192e+00 2.3544889e-02 2.1743017e-01
 3.8522494e+00 2.6215987e+00 1.5769147e+00 6.1884480e+00 1.2665142e+01
 5.2944684e-01 5.9760623e+00 3.6212440e+00 3.8884181e-01 2.0581851e+00
 3.2069836e+00 1.3281784e+00 1.7617271e+00 7.2835503e+00 4.5810127e+00
 3.4644599e+00 1.7454576e-01 3.5237181e+00 3.7663879e+00 4.7482756e-01
 1.1542963e+01 5.5982704e+00 1.2785230e+00 9.4966526e+00 3.2896583e+00
 4.1342354e+00 4.9965096e+00 1.3215506e-01 7.2790645e-02 8.6706686e-01
 2.3830307e-01 6.9776015e+00 2.7460549e+00 9.9872476e-01 1.1147991e+00
 5.2794361e+00 6.9814672e+00 1.2003937e+01 9.2010393e+00 1.0966964e+01
 1.3975204e+00 1.0276059e+01 2.5991052e-01 3.8407972e+00 3.1645231e+00
 3.6561694e+00 2.6791604e+00 7.1083558e-01 5.0862713e+00 4.3965843e-01
 1.9446197e+00 4.5192170e+00 1.1731319e+00 3.3066931e+00 2.3268504e+00
 2.5922074e+00 2.6842475e+00 2.3306520e+00 7.7538300e-01 5.0799665e-03
 1.9286180e+00 1.2009375e+00 8.0296689e-01 4.8310404e+00 2.5230639e+00
 7.6504583e+00 5.9162750e+00 1.8396214e-02 6.5143938e+00 2.2763565e+00
 1.2446136e+00 4.7675986e+00 3.1665509e+00 3.5792470e-01 4.0126805e+00
 5.1336384e+00 2.3627071e+00 4.2099234e-01 3.5016804e+00 1.0845961e-01
 7.4907060e+00 3.1384070e+00 6.9798121e+00 6.1060858e+00 1.3287264e+00
 3.2527490e+00 7.3034563e+00 2.6798549e+00 1.4914528e+00 3.5286120e-01
 3.4483516e-01 1.1323702e+01 4.6641431e+00 3.5112455e+00 7.1051151e-01
 5.2198887e+00 5.3390837e-01 2.6885700e+00 1.4395468e-01 6.4324772e-01
 5.8988976e-01 7.2284341e-01 1.4145404e+00 1.7417088e+00 4.3008142e+00
 1.6233801e+00 5.8132911e+00 1.5259385e+01 1.9031653e+00 6.4197791e-01
 2.5034133e-01 4.8577752e+00 4.4602847e+00 3.0042355e+00 2.7942666e-01
 1.9839834e+00 2.7224298e+00 2.6172576e+00 3.0259271e+00 6.5632839e+00
 1.7766963e+00 1.1785899e-01 4.3530173e+00 1.4127497e-01 1.6051058e+01
 5.8743286e+00 2.2435348e+00 6.7729330e-01 1.5187781e+00 4.4435611e+00
 3.2127841e+00 2.2577946e+00 3.7480670e-01 1.0786977e+00 1.4339092e+00
 3.3645305e-01 3.4704587e+00 4.3252130e+00 3.9590368e+00 7.9415340e+00
 6.0961938e+00 6.3217440e+00 3.3041854e+00 5.7438526e+00 1.7384213e-01
 5.4822290e-01 4.1862907e+00 5.5606067e-01 2.4513228e+00 1.1495551e+00
 6.0179949e+00 1.3709253e+01 2.5212610e-01 1.1811049e+00 3.7774198e+00
 9.2357093e-01 1.1341491e+00 1.8318481e+00 3.6742735e+00 1.1171180e-01
 7.7101249e-01 4.6711378e+00 1.8390028e-01 1.7398353e+00 6.8011913e+00
 2.3550570e-01 8.1459312e+00 5.1433959e+00 1.5385898e+01 7.6467457e+00
 7.7143662e-02 6.0365900e-02 4.5972476e+00 2.0162282e+00 8.3650255e+00
 5.6053340e-01 3.4997091e+00 1.1685149e-02 2.4063967e-01 1.1759836e+01
 4.4513168e+00 2.9632932e-01 4.4858590e-02 3.3439642e-01 2.1431031e+00
 1.8346343e+00 1.3200779e+00 2.3788288e-01 1.8888456e+00 3.4495518e+00
 3.6816545e+00 5.3911281e+00 7.7140436e+00 8.2370338e+00 1.5513704e+00
 5.3784561e+00 4.9708805e+00 1.1212282e+00 6.6166048e+00 2.8645780e+00
 1.8633287e+00 1.3903266e+00 1.3240790e-01 2.3992226e+01 3.0753684e+00
 1.6697161e+01 3.1275971e+00 1.2910119e-01 4.8008270e+00 1.2419188e-01
 3.8410943e+00 1.0238594e+01 2.8100665e+00 4.3497138e+00 8.7738580e-01
 2.0574722e+00 1.9137001e+00 6.8313283e-01 2.1815825e+00 9.1940823e+00
 2.4521178e-01 6.2448320e+00 4.7945327e-01 4.5232000e+00 5.0837827e-01
 1.1175009e+01 6.9233942e+00 2.3976898e+00 1.4584517e+01 1.5551889e+00
 9.0296974e+00 2.0634005e+00 3.5439083e-01 3.3305750e+00 1.9682562e+00
 9.6783724e+00 1.7372566e+01 4.8319449e+00 4.8972458e-02 4.6889925e+00
 3.1587946e+00 1.8459735e+00 8.7467897e-01 2.4302702e+00 1.7480464e+00
 1.7436371e+00 7.2626181e+00 2.8928906e-01 2.9134781e+00 8.6294565e+00
 1.5961807e+00],-75.64152,-164.85448,-400.0,1.6568928,6.271721,0.94260776,0.6354786,223.09737,-58.267395,732.43933,180.2921,0.734312,0.48426053,0.10665198,-174.71518,174.71518,[1.04268982e+02 2.97650218e+00 2.27823822e+02 8.37116623e+00
 3.52037468e+01 2.33703949e+02 8.52603699e+02 9.76361694e+02
 1.19647436e+01 1.33473492e+01 1.59408712e+01 1.83490219e+02
 3.60382996e+01 4.60223160e+01 1.38353943e+02 7.41701813e+01
 7.67142639e+01 5.59153824e+01 1.28888031e+02 5.43570805e+00
 1.83229504e+01 5.21663208e+02 1.03056435e+02 3.01543789e+01
 3.98448792e+02 2.68276245e+02 1.64668732e+02 5.18296671e+00
 9.24109802e+01 1.21358461e+01 2.74504974e+02 2.81371521e+02
 3.38898163e+01 3.16981850e+01 1.62515221e+01 3.23863449e+01
 3.48799561e+02 9.65488663e+01 6.95830231e+01 6.92311859e+01
 3.07271820e+02 3.85790405e+01 1.82648102e+02 4.08090210e+01
 1.38699017e+01 3.99845398e+02 7.86344757e+01 8.83785782e+01
 7.01974609e+02 4.06757164e+00 1.19179741e+02 2.33960128e+00
 9.38892441e+01 2.56014442e+01 2.89174728e+01 3.56792564e+01
 7.94017267e+00 4.16134216e+02 8.43254242e+01 9.35012894e+01
 1.70472794e+01 8.18727207e+00 1.28372641e+01 5.50936623e+01
 1.24169531e+01 2.50499390e+02 6.32899017e+01 2.27142525e+00
 9.66567535e+01 3.78433936e+03 1.93621353e+02 1.07140491e+03
 3.18868523e+01 2.53132153e+01 1.74474701e+02 1.76587814e+02
 1.50120049e+01 9.65068359e+01 9.57336792e+02 3.58501549e+01
 2.37009945e+01 1.78321636e+00 2.31769501e+02 5.68189575e+02
 1.29195585e+01 1.10138657e+02 3.09464226e+01 8.05074394e-01
 1.96348038e+02 2.85679108e+02 2.35989258e+02 3.80379224e+00
 1.04353668e+02 1.39502975e+02 4.30604515e+01 4.98915253e+01
 4.63836002e+00 5.70644226e+01 1.53915070e+02 1.20847076e+02
 2.57532272e+01 1.76273289e+01 1.62398438e+03 5.87547340e+01
 3.97352478e+02 1.76893425e+01 2.03293365e+02 3.06384155e+02
 8.73932934e+00 2.70009247e+02 2.73620052e+01 5.27692490e+01
 6.39205627e+02 4.91870918e+01 1.26326694e+01 1.70669846e+02
 6.95829439e+00 1.06925911e+02 8.37906799e+01 1.77311157e+02
 1.42649412e+01 1.81139984e+01 8.67516136e+00 2.16115761e+01
 4.42146873e+01 7.27306900e+01 5.67565346e+00 2.35572033e+01
 4.47593460e+01 2.35914154e+01 3.90739990e+02 4.31157761e+01
 2.59153914e+00 1.06216553e+02 4.10914345e+01 3.08154831e+01
 3.68132324e+02 5.10085999e+02 1.85915422e+00 1.59924879e+01
 3.77360153e+01 2.18371277e+01 1.96852818e+01 8.20856445e+02
 1.18623695e+02 4.11129379e+01 2.97307634e+00 3.90923476e+00
 2.55026989e+01 1.90443211e+01 2.25138454e+01 1.57441034e+01
 8.18296585e+01 5.03814270e+02 5.26605072e+01 4.11178970e+01
 1.70161552e+01 1.66671295e+02 1.04445839e+02 1.06249146e+03
 1.31203213e+01 5.35618210e+01 2.16716949e+02 8.82956848e+01
 5.30229235e+00 3.32329529e+02 2.22593269e+01 6.67680120e+00
 7.19942808e+00 6.42027283e+01 5.71974640e+01 1.87193832e+01
 4.44952316e+01 2.78346848e+00 1.82380722e+02 4.30352032e-01
 1.23072662e+02 6.34351730e+00 4.49278069e+01 2.16819916e+01
 8.65904388e+01 6.77129288e+01 2.43919678e+02 4.98934412e+00
 1.35904324e+00 7.82561722e+01 4.02565842e+01 4.46804596e+02
 7.35197067e+01 1.84280014e+01 1.21350922e+02 2.00774323e+02
 7.39902496e-01 5.31313934e+01 5.56377649e+00 2.46139297e+01
 4.63863671e-01 1.94417822e+03 2.54059944e+01 8.95613937e+01
 2.87751827e+01 8.35418472e+01 3.45275040e+01 2.72893097e+02
 9.31194115e+00 2.57615395e+01 1.85599854e+02 2.56040916e+01
 1.12407616e+02 1.02712915e+03 1.83126974e+00 4.06425591e+01
 1.15313711e+01 1.27213697e+01 5.71994591e+01 2.23998871e+01
 8.02097015e+01 2.03128414e+01 1.47051102e+02 3.03797379e+01
 3.90077553e+01 2.74084808e+02 3.64300575e+01 1.24846821e+01
 2.22098970e+00 5.74237061e+02 1.12148636e+02 9.39844894e+01
 1.31627655e+01 2.29745030e+00 4.22503805e+00 2.77739258e+02
 2.40040569e+01 1.70908165e+01 2.36122246e+01 5.64833450e+01
 3.73458679e+02 2.64766235e+01 4.82267761e+00 2.57951843e+02
 6.28827286e+01 2.73419922e+02 2.01586578e+02 5.42525787e+01
 2.54271545e+02 3.25806236e+01 2.47687210e+02 2.15971394e+01
 1.13579664e+01 3.73709717e+01 6.75979767e+01 9.55305845e-02
 4.44680518e+03 1.57344559e+02 7.55185547e+02 4.05336945e+02],254.39908,[1.02510498e+02 1.74973583e+00 2.28918427e+02 1.24159966e+01
 3.90902966e-01 2.62637817e+02 4.32137634e+02 1.01920813e+03
 1.12444410e+01 1.30375595e+01 4.62016106e+00 2.05907028e+02
 3.30039024e+01 5.09054947e+01 9.10605392e+01 8.93147049e+01
 2.06664944e+01 4.37896347e+01 1.16223389e+02 2.09858751e+00
 7.70031643e+00 3.87338348e+02 1.40173101e+01 1.05519342e+01
 3.97685730e+02 2.52726624e+02 2.58205780e+02 5.31059980e+00
 9.99709091e+01 1.71366787e+01 3.16548279e+02 2.80626770e+02
 2.89155560e+01 3.53008270e+00 6.03609610e+00 4.06828117e+01
 3.18406342e+02 9.87597046e+01 3.58707275e+01 5.58680649e+01
 2.75086121e+02 4.33431702e+01 1.88540802e+02 3.80923615e+01
 1.69702511e+01 3.67395691e+02 7.44387054e+01 7.24830933e+01
 6.69153564e+02 3.20904684e+00 9.39456940e+01 1.05445671e+01
 1.40528702e+02 6.39780521e+00 4.29912663e+00 5.83888197e+00
 1.68711233e+00 4.04587463e+02 7.24027557e+01 7.93713684e+01
 2.61734295e+01 6.25550318e+00 1.32002707e+01 5.01118889e+01
 2.60258579e+01 2.59504944e+02 3.32452164e+01 9.65090656e+00
 1.19449989e+02 3.55235938e+03 1.95069336e+02 1.12143579e+03
 4.23145905e+01 2.41341400e+00 1.94091232e+02 1.75938278e+02
 4.03166656e+01 9.97864838e+01 8.98715515e+02 2.54962559e+01
 8.71128654e+00 5.68753815e+00 1.19779625e+01 7.76202087e+02
 1.50750074e+01 1.19138481e+02 8.87322962e-01 1.03067846e+01
 1.31197948e+01 2.24823029e+02 1.94668121e+02 1.77976751e+00
 1.24563416e+02 2.97422607e+02 6.58179779e+01 5.25154495e+01
 1.50748405e+01 2.71405220e+01 1.14585075e+02 1.51819443e+02
 5.48883858e+01 1.74717941e+01 1.59036230e+03 5.77697906e+01
 3.85383667e+02 4.50590998e-02 9.10030975e+01 2.95921417e+02
 8.08641434e+00 2.51662491e+02 1.63226147e+01 5.01362419e+01
 6.03703125e+02 3.86378593e+01 3.25483501e-01 1.51765625e+02
 8.60387039e+00 9.17720108e+01 9.81880875e+01 1.61579987e+02
 7.42973804e+00 1.73009796e+01 9.19276810e+00 2.09305458e+01
 6.07324524e+01 8.38069305e+01 7.04990463e+01 8.20141449e+01
 8.02506065e+00 4.53829956e+01 3.82360779e+02 4.68981262e+02
 3.52327251e+00 1.21466667e+02 3.68675308e+01 5.37065458e+00
 1.94515793e+02 6.69937012e+02 7.99452400e+00 2.85413074e+01
 3.10166168e+01 3.59995384e+01 1.82424660e+01 1.89948334e+02
 1.22457481e+02 4.74118042e+01 4.77998590e+00 1.23203211e+01
 3.50716858e+01 1.99746151e+01 1.26004486e+01 1.65048676e+01
 9.15307045e+00 1.57216110e+02 2.84968925e+00 9.53056793e+01
 1.41238976e+00 8.57658386e+01 1.13668388e+02 1.07079456e+03
 2.74725227e+01 5.92435150e+01 2.14477051e+02 2.89089336e+01
 4.75708628e+00 3.18841858e+02 2.98387671e+00 9.16402340e+00
 1.92644560e+00 6.39494324e+01 1.02151398e+02 1.04934359e+01
 1.53307220e+02 7.74012423e+00 4.54083748e+01 3.74948168e+00
 7.04739075e+01 1.00943840e+02 4.77813721e+01 3.09441452e+01
 8.56639023e+01 5.22523994e+01 2.40487091e+02 9.07664204e+00
 6.87743568e+00 6.27457542e+01 1.64231644e+01 4.25883301e+02
 7.41278305e+01 3.73142662e+01 8.80513382e+01 2.28468918e+02
 3.19571614e+00 4.81080093e+01 9.85092258e+00 1.13808212e+01
 6.25133705e+00 1.83821558e+03 6.68600311e+01 6.48070374e+01
 2.75123215e+01 9.79698105e+01 1.19989414e+01 2.98738647e+02
 2.91085281e+01 2.93138103e+01 1.86839462e+02 2.88144245e+01
 8.36506500e+01 1.00180615e+03 1.91228561e+01 6.21364546e+00
 1.21478853e+01 1.96183777e+01 4.37870712e+01 2.29656525e+01
 1.04065689e+02 7.74334478e+00 1.10396729e+02 2.18076458e+01
 6.58761358e+00 1.64778397e+02 2.45646114e+01 4.19964886e+00
 1.33322630e+01 5.62931946e+02 1.12209312e+02 3.33034439e+01
 1.65216637e+01 1.82057595e+00 2.44106913e+00 2.75147064e+02
 2.28056359e+00 9.55111694e+00 3.04163551e+01 3.39494514e+01
 3.91230469e+02 2.27513752e+01 8.43598461e+00 2.25380981e+02
 8.20454712e+01 2.60070526e+02 2.03355759e+02 5.54191246e+01
 2.39784760e+02 4.28514137e+01 2.50243835e+02 2.16206169e+01
 4.56927567e+01 2.45906448e+01 6.61960754e+01 7.42542839e+00
 1.68726099e+03 1.58565979e+02 7.33014893e+02 4.96037506e+02],-119.74866,-184.40103,-388.61893,3.0895514,13.268272,1.1757045,0.7386419,0.014183976078033447,12742.724243402481,-0.18763116758038204,0.04575103324577413,-0.18556456074064173,0.04775951339042723,35.74904841277641,25.099999999996967,0.0,925000.0,-2.0,-982.0,500.0,6.785268068313599,925000
149.0232,0.15137875,0.4116144,0.018891113,-144.75568,144.75568,[7.0459343e-02 7.7484715e-01 2.4140866e+00 5.4834738e+00 8.7228948e-01
 4.9207702e-01 1.4222935e+01 5.1840484e-01 2.9438415e+00 3.0492551e+00
 1.5979813e+00 1.6343176e+00 1.1919714e+00 4.6772635e-01 3.9123089e+00
 3.9655256e-01 6.8117297e-01 1.0476038e+00 5.6699309e+00 4.9217385e-01
 3.9887247e+00 1.9756517e-01 6.3708162e-01 2.0554724e-01 7.7393460e+00
 1.0850406e-01 3.3827538e+00 2.8754041e-01 1.0400087e+01 7.6986475e+00
 3.7939847e+00 6.8869724e+00 7.6393074e-01 7.2929198e-01 6.8121462e+00
 9.7782350e-01 2.5965669e+00 3.1206779e+00 1.1884438e+01 3.1913295e+00
 8.7359419e+00 1.1490452e+00 3.7685454e-02 2.0678439e+00 3.0463784e+00
 2.8979478e+00 1.3612893e+01 3.7273722e+00 1.4371855e+00 8.5862106e-01
 1.5177740e+00 2.4571707e+00 1.7599911e+01 2.4734433e+00 1.1462324e+00
 1.4780966e+00 1.3931919e+00 1.1495926e+00 2.2245245e+00 4.4121914e+00
 5.3201580e+00 5.9810293e-01 8.2923222e+00 1.9298489e-01 1.4193759e-02
 4.1792020e-01 2.7719784e+00 1.4549770e+00 6.4967384e+00 1.4378099e-01
 3.9464555e+00 1.4213511e+01 8.1524275e-02 2.5482988e+00 1.0750154e+00
 2.0165083e-01 1.9519091e+00 1.3771472e+00 3.3653855e+00 3.7341651e-01
 5.0821352e+00 3.0946989e+00 9.8097241e-01 4.9065804e+00 4.1812544e+00
 6.6637170e-01 4.1149468e+00 3.8800430e-01 3.5836604e+00 8.6615765e-01
 7.9411644e-01 3.0749521e+00 8.2600918e+00 1.3501146e+00 1.0596563e+01
 4.1616836e+00 1.2097666e+00 2.1441034e+01 2.8161660e-01 4.2028942e+00
 2.5581441e+00 3.5079043e+00 6.5367756e+00 1.5884135e+00 2.7893931e-01
 3.9560745e+00 1.8341738e+00 6.4812164e+00 3.2265506e+00 4.3800849e-01
 2.0845497e+00 1.8388343e+00 1.0589783e+00 8.2296789e-01 5.6281143e-01
 5.0124512e+00 1.3616036e+00 5.1004596e+00 5.0415263e+00 2.6618353e-01
 1.6160856e+00 1.3798324e+00 1.1672977e+00 3.3417258e+00 7.5368464e-02
 2.6151485e+00 1.7437186e+00 5.8361254e+00 5.0984516e+00 1.2004650e+01
 6.0635891e+00 1.2633221e+00 8.1078923e-01 2.3354977e-01 7.1155733e-01
 1.4256028e+00 2.9091918e+00 2.1651257e+01 3.1455535e-01 5.7450752e+00
 6.1571562e-01 4.5946050e+00 6.6280055e+00 2.5056570e+00 6.8408930e-01
 7.7374630e+00 1.0158829e+01 1.4611609e+00 1.5482828e+01 1.3188159e+00
 1.6617528e+00 6.8658857e+00 1.7615816e-01 2.1557748e+00 2.0457158e+00
 6.6562014e+00 1.2726876e-01 7.1636310e+00 8.0745182e+00 7.3910570e+00
 7.7153876e-02 3.0458167e+00 2.6720473e-01 2.4631746e+00 1.4927268e+00
 3.6931119e+00 6.1591417e-01 1.4245510e+01 2.8648075e-01 1.7754736e+00
 3.9651330e+00 4.0792637e+00 2.1810868e-01 5.2934021e+01 2.9392955e+00
 9.5555615e-01 1.8061690e-01 4.4001961e+00 2.7143464e+00 8.7057579e-01
 4.2396984e+00 1.3459967e+00 5.5703769e+00 7.1545623e-02 4.9795371e-01
 1.9997445e+00 4.9746504e+00 6.9970262e-01 3.2154722e+00 1.1817043e+00
 2.8578701e+00 1.5648516e-01 3.3666716e+00 5.2731686e+00 6.6241660e+00
 4.0350046e+00 5.8464110e-02 2.3621914e-01 6.4811751e-02 1.2233626e+00
 1.2895258e+01 9.6218472e+00 2.8983717e+00 6.6692305e-01 7.7120733e-01
 8.3580032e-02 5.9554653e+00 9.1371822e-01 1.5665773e-01 2.7144390e-01
 4.3131037e+00 1.2116742e+00 4.6394521e-01 2.5253540e-01 7.4896038e-01
 4.3929639e+00 2.2849340e+00 8.9323778e+00 7.4919395e+00 5.4685197e+00
 1.7986211e+00 9.3926458e+00 1.0294999e-01 4.2220025e+00 1.7613844e+00
 5.2621498e+00 6.7113519e-01 2.8659165e+00 2.1904399e+00 3.8437888e-01
 5.7927027e+00 1.9906951e+00 3.1733341e+00 2.8721333e+00 5.6483810e+01
 3.6632481e+00 2.3053439e+00 2.6451187e+00 9.6466856e+00 1.0562899e+00
 5.2161676e-01 3.7908244e+00 8.6434400e-01 6.2344807e-01 1.7744371e-01
 2.5510361e+00 6.4515851e-02 5.7776823e+00 5.7155495e+00 2.0666927e-01
 7.5026031e+00 6.1164680e+00 4.8359866e+00 2.5024179e-01 4.7872882e+00
 5.2941704e+00],4.5609903,[4.43335801e-01 5.15831518e+00 1.81884456e+00 1.77656794e+00
 6.77540004e-01 5.44129647e-02 4.93776202e-01 2.93571472e+00
 6.56142044e+00 1.14550650e+00 1.55856073e+00 2.71396923e+00
 1.43900037e+00 9.26736116e-01 5.37182236e+00 1.24068391e+00
 1.30331814e+00 1.53061354e+00 1.96720994e+00 4.07401264e-01
 9.93468940e-01 2.51255322e+00 7.45107383e-02 4.49800339e+01
 1.04210168e-01 4.49642992e+00 1.11112137e+01 4.48302627e-01
 1.78315377e+00 5.15712678e-01 4.99469852e+00 6.59165919e-01
 3.45484018e+00 1.78344995e-02 6.54407978e+00 2.75668597e+00
 1.83154512e-02 2.97743440e+00 1.01563196e+01 1.09251347e+01
 3.48349595e+00 3.96965981e+00 1.54749155e+00 7.94233441e-01
 8.60280991e+00 4.03246021e+00 5.54796362e+00 4.89258194e+00
 3.72553796e-01 3.23536110e+00 1.73665106e+00 8.22623491e-01
 1.83906326e+01 8.38398278e-01 2.22247586e-01 5.64831495e+00
 2.31065893e+00 1.78843307e+00 3.41766667e+00 6.51759624e+00
 8.79966497e-01 1.66131902e+00 4.47441816e-01 2.20604777e-01
 5.08581623e-02 1.21212196e+00 1.20940900e+00 1.21556915e-01
 1.23717070e+00 8.96455422e-02 8.69044971e+00 3.06010675e+00
 1.57695740e-01 2.10670352e+00 2.77648973e+00 2.03643155e+00
 2.14278385e-01 4.85993195e+00 5.00983417e-01 2.05465245e+00
 1.09769449e+01 4.58410084e-01 4.84712601e+00 6.23470843e-01
 2.42901063e+00 2.29461342e-01 5.20895422e-01 1.63247693e+00
 6.39132690e+00 4.21117735e+00 3.00951093e-01 7.63144270e-02
 2.51374984e+00 3.87142110e+00 4.48049664e-01 5.49628317e-01
 7.79035449e-01 7.21887779e+00 1.38269711e+00 1.27332821e-01
 2.24524546e+00 3.34954047e+00 3.64363968e-01 2.22321558e+00
 7.63324594e+00 6.03938878e-01 3.58183742e+00 6.49684444e-02
 2.00291967e+00 1.05223346e+00 4.73879814e+00 3.12654471e+00
 2.29585552e+00 4.02953720e+00 6.11074209e+00 1.08784990e+01
 3.66280103e+00 6.33470893e-01 2.86247897e+00 1.22674441e+00
 6.93605280e+00 2.89649105e+00 3.16394424e+00 8.93300056e+00
 3.09366196e-01 5.04526496e-01 9.22777843e+00 2.16279364e+00
 4.25301753e-02 5.99451828e+00 1.07498860e+00 2.40899014e+00
 5.80494404e+00 1.71749890e+00 6.97394431e-01 3.51899624e+00
 2.11762047e+00 4.01733160e-01 3.34590971e-01 2.34933352e+00
 2.38551998e+00 7.72136748e-01 1.02336991e+00 6.27352655e-01
 9.90062177e-01 9.09815803e-02 2.02672625e+00 3.09774697e-01
 6.69362354e+00 5.02198696e+00 2.77742362e+00 9.39464760e+00
 8.21142006e+00 2.09055376e+00 7.49096096e-01 3.30472738e-01
 1.17567825e+01 1.67466998e+00 1.90828085e-01 1.03350317e+00
 1.04284286e+00 1.82536885e-01 8.65319610e-01 1.21502411e+00
 3.73602724e+00 5.13002586e+00 7.41731107e-01 2.22964811e+00
 9.80476975e-01 3.13774562e+00 3.69517922e+00 5.35868645e-01
 1.15879428e+00 1.50071983e+01 4.75892842e-01 9.45551693e-01
 2.33342438e+01 6.41041803e+00 1.76709294e+00 3.83051491e+00
 5.01249027e+00 8.89588058e-01 4.48001146e-01 4.89353925e-01
 3.76704186e-01 2.39804760e-01 2.19391870e+00 3.02829981e+00
 4.01215696e+00 1.65271033e-02 3.57008755e-01 9.85627747e+00
 3.31044364e+00 9.41938591e+00 1.20644073e+01 2.83711863e+00
 4.61290550e+00 4.71681929e+00 8.10562298e-02 3.90596128e+00
 4.23929721e-01 3.44836879e+00 7.37662673e-01 5.44252062e+00
 3.31127214e+00 3.03711510e+00 1.33562505e+00 2.99179292e+00
 1.67395246e+00 1.71995080e+00 8.92538846e-01 1.10890639e+00
 5.88958114e-02 5.04156971e+00 1.69054341e+00 1.52931571e+00
 4.40985250e+00 2.28541899e+00 3.03982449e+00 3.73738432e+00
 4.93808365e+00 3.86654816e+01 2.08946764e-01 5.22337258e-01
 6.12529755e+00 1.67159986e+00 1.49004054e+00 1.50443506e+00
 9.45771873e-01 4.73370463e-01 3.44708264e-01 5.75225019e+00
 1.30579388e+00 6.79016173e-01 1.93585033e+01 4.78864133e-01
 1.99280667e+00 3.90156794e+00 7.97942257e+00 5.26760101e-01
 9.23385620e-02 5.45538235e+00 1.15983849e+01 4.73426461e-01
 1.81826627e+00 1.54288113e+00 6.61083758e-02 5.94690895e+00
 5.33710670e+00 3.20338869e+00 1.81683111e+00 1.39561105e+00
 4.50535011e+00 8.95709896e+00 9.50740147e+00 4.92954874e+00],-78.20091,-169.05182,-399.79102,1.6427042,3.1073732,0.97372365,0.63606316,57.328125,-162.3021,482.2793,186.05066,0.62705743,0.4815416,0.112785794,-180.60818,180.60818,[8.09942703e+01 3.30363586e+02 1.53592789e+02 1.18842789e+02
 3.85747131e+02 3.74315460e+02 8.19484329e+00 1.02319763e+02
 4.55088425e+01 6.49619293e+00 1.37170410e+03 1.24522114e+01
 9.73833008e+02 2.40979195e+00 3.47851715e+01 5.50161552e+00
 2.07710743e+01 2.63230953e+01 1.15669128e+03 2.23667221e+01
 1.91965342e-01 5.71023273e+00 7.77006836e+02 8.71596603e+01
 1.06907234e+02 9.85248489e+01 1.89979346e+03 1.67092407e+02
 5.91037598e+01 9.54120541e+00 2.09387939e+02 2.83571548e+01
 1.67043650e+00 8.37896271e+01 7.19359055e+01 2.05901222e+01
 5.45979675e+02 1.63110390e+01 1.56410889e+02 1.30368378e+02
 3.47271338e+03 1.32033661e+02 6.38022949e+02 4.67875433e+00
 1.01802856e+02 1.44240685e+01 1.65312836e+02 1.20359890e-01
 4.41614799e+01 4.42917633e+00 8.81066990e+00 4.27038956e+00
 5.95382652e+01 2.88930492e+01 2.67709980e+01 1.60190125e+02
 2.51829100e+00 1.90878223e+03 4.18671661e+02 8.34957123e+01
 5.95609131e+02 7.20712376e+00 5.38159103e+01 2.15787415e+02
 8.02352371e+01 9.19038200e+00 1.16269447e+02 2.11195160e+02
 2.41187882e+00 1.36337395e+01 7.17885742e+01 9.38426743e+01
 9.03504105e+01 4.58147202e+01 6.95719004e+00 8.01537514e+00
 1.20724045e+02 7.35431519e+01 3.97554245e+01 1.26701721e+02
 8.79453964e+01 7.88502598e+00 1.78032227e+01 1.01333141e+01
 2.36542984e+02 4.96376770e+02 1.87442612e+02 3.55975647e+01
 1.14834738e+01 8.45263596e+01 3.51999092e+01 8.54138870e+01
 1.11444748e+02 1.85724628e+00 6.49054098e+00 1.57704139e+00
 9.89852715e+00 4.90208549e+01 3.07667885e+01 1.82847366e+01
 4.83501282e+02 8.07592697e+01 7.43694839e+01 2.40684418e+02
 5.60239746e+02 2.81182175e+01 1.86010590e+02 3.09758949e+00
 8.90574646e+02 8.61578822e-01 1.78402878e+02 1.86025360e+02
 6.55362988e+00 1.02853004e+02 8.03078430e+02 2.72612427e+02
 1.36529474e+01 3.05943527e+01 4.09154606e+00 1.87332779e+02
 1.32010254e+02 1.66687050e+01 1.09353256e+01 3.59792175e+02
 5.01243210e+00 4.21713028e+01 5.99369736e+01 9.66599503e+01
 7.24693375e+01 2.46684628e+01 9.52164936e+00 1.49824171e+01
 6.28784866e+01 3.35258789e+01 1.61563263e+02 1.06908607e+01
 6.55982513e+01 3.49695892e+01 1.29372177e+02 7.44911987e+02
 5.19067421e+01 9.88832092e+00 1.26522278e+02 1.25587673e+01
 1.28273590e+02 1.81537598e+02 5.96062546e+01 1.10998848e+02
 3.71196699e+00 7.88516541e+01 3.02141235e+02 7.71217804e+01
 7.89498520e+01 3.00383789e+02 5.37091408e+01 1.60139923e+01
 2.33661056e+00 3.71170692e+01 3.01363739e+02 5.04461956e+00
 1.08995575e+02 1.98007355e+02 2.65293579e+02 5.06684828e+00
 1.89460239e+01 3.94902687e+01 4.06678848e+01 1.78608044e+03
 4.59358931e+00 4.27509308e+00 8.32131042e+01 5.22851524e+01
 1.23140717e+01 2.26548859e+02 1.71276932e+02 9.07371750e+01
 1.36242920e+03 6.35467712e+02 2.71031818e+01 8.49263477e+00
 1.05965561e+02 2.03448410e+01 1.05123039e+02 5.07215698e+02
 3.92544830e+02 1.64117355e+02 1.90145912e+01 5.82449913e+00
 2.79749336e+01 6.04999352e+01 1.64414124e+02 2.59830078e+02
 2.67637549e+03 1.09154228e+02 4.07743225e+01 1.83862762e+01
 1.19460754e+03 1.81684891e+02 6.81414185e+01 1.56355438e+01
 1.96930885e+01 1.01218109e+02 5.03159904e+00 3.76725159e+01
 1.12744652e+02 5.94763994e+00 9.74497375e+01 1.20522034e+02
 1.55306549e+02 3.13175011e+01 2.37462883e+01 5.87551022e+00
 1.88846722e+01 1.07720366e+01 2.14884766e+02 1.78871506e+02
 3.44305969e+02 2.62769379e+02 4.29584579e+01 3.75430115e+02
 3.73265314e+00 1.36638611e+02 3.09161263e+01 7.83963089e+01
 3.35290070e+02 9.94758606e+00 2.64339996e+02 4.05042362e+00
 3.95660706e+01 5.77112915e+02 3.11151803e-01 2.13452988e+01
 1.30403076e+03 8.07904541e+02 1.64591503e+01 3.85084457e+01
 3.60596252e+02 2.03229904e+02 2.54551640e+01 2.24747284e+02
 5.79963799e+01 2.98740387e+02 7.35810165e+01 4.44380875e+01
 9.20291364e-01 1.23839973e+02 2.83320679e+02 5.78865166e+01
 4.78937836e+02 2.68850342e+02 2.30820923e+01 1.62063614e+02
 4.24220133e+00 1.51526785e+01 4.55423126e+01 3.63575684e+02],304.50238,[7.24991302e+01 3.55450958e+02 1.42437805e+02 1.18988853e+02
 1.49310638e+02 3.76521362e+02 1.10860052e+01 5.19324112e+01
 8.52521362e+01 9.39590759e+01 1.58759888e+03 1.22738075e+01
 1.96241736e+03 3.19074941e+00 4.20911446e+01 3.20825539e+01
 7.67689133e+00 1.70510540e+01 1.35375232e+03 3.02716980e+01
 2.40454626e+00 5.36699867e+00 7.97765015e+02 9.14806137e+01
 1.78222778e+02 9.37134476e+01 1.83847302e+03 1.67639786e+02
 5.40110474e+01 1.45721922e+01 2.01985382e+02 4.55237083e+01
 2.48035908e+00 8.86232910e+01 1.16255131e+01 8.32234955e+00
 5.70901611e+02 6.25491447e+01 1.84409241e+02 9.57801361e+01
 3.01082642e+03 1.62541809e+01 5.59224121e+02 2.34010816e+00
 8.13241348e+01 1.69798660e+01 1.31469526e+01 2.36437178e+00
 4.22247696e+01 1.97699201e+00 3.85676193e+01 4.10027218e+00
 2.71580276e+01 5.84023743e+01 8.54574299e+00 1.21159904e+02
 2.42092276e+00 1.67578345e+03 4.55397705e+02 6.71315002e+01
 5.78584961e+02 1.64182129e+01 1.72504105e+02 3.03591888e+02
 1.04464851e+02 6.15463066e+00 4.03063698e+01 2.31856827e+02
 3.05193377e+00 1.41070795e+01 8.26321487e+01 1.14380539e+02
 1.31521133e+02 5.98588848e+00 9.06997681e+00 9.25453758e+00
 1.00047516e+02 8.33122330e+01 2.60896606e+01 1.28267609e+02
 1.09926437e+02 1.67084961e+01 5.27862644e+00 3.64457321e+00
 3.00368439e+02 3.70316101e+02 2.33785614e+02 5.45206604e+01
 3.57441254e+01 7.12926559e+01 5.71951370e+01 7.47242126e+01
 1.13324432e+02 1.19196367e+01 3.51442963e-01 4.22758255e+01
 9.38642120e+00 4.00310440e+01 1.03868504e+01 4.01213188e+01
 2.26553162e+02 8.88418045e+01 5.88049126e+01 2.32823227e+02
 1.32591660e+02 7.31958580e+00 1.75337601e+02 5.71260810e-01
 1.98552319e+03 5.58918953e+00 1.10934441e+02 2.01800705e+02
 6.61028099e+00 1.37708874e+01 7.61797302e+02 2.65684509e+02
 1.24102459e+01 2.83903999e+01 5.27560902e+00 2.54115097e+02
 1.63674500e+02 1.08381453e+01 2.18051434e+01 3.80655365e+02
 5.68119354e+01 3.11954212e+01 6.64136734e+01 5.03383179e+01
 3.99215431e+01 2.81941490e+01 1.06324947e+00 1.82923431e+01
 6.41625290e+01 2.26484146e+01 1.99445282e+02 7.55613422e+00
 4.32934151e+01 3.61957130e+01 9.89124527e+01 7.92313721e+02
 3.96150093e+01 1.36074133e+01 1.32230591e+02 1.04290180e+01
 1.76137741e+02 9.75330811e+01 6.97477951e+01 1.11355537e+02
 4.20914936e+00 7.77823792e+01 3.78859070e+02 8.40366669e+01
 8.96774445e+01 3.48674042e+02 5.63111649e+01 4.47216034e+01
 2.27176533e+01 4.44909859e+01 3.20440826e+02 8.27945042e+00
 1.04003899e+02 1.75353682e+00 3.24095551e+02 6.74752140e+00
 1.92066612e+01 3.08424286e+02 4.02948990e+01 1.58303381e+03
 8.78575134e+00 5.54784393e+01 2.10657673e+01 2.45315323e+01
 6.37899780e+01 2.15008896e+02 1.68929779e+02 9.21614227e+01
 1.31696912e+03 6.12308533e+02 1.92897549e+01 8.14144897e+00
 7.12622299e+01 1.62944275e+02 8.58284988e+01 5.65904541e+02
 4.91141846e+02 1.65864532e+02 7.72602539e+01 1.67897367e+00
 2.36942425e+01 3.73002701e+01 1.68138763e+02 9.29431381e+01
 3.10047607e+03 7.45016403e+01 3.64917221e+01 1.39987192e+01
 1.08720850e+03 2.30261200e+02 1.11500114e+02 4.73117590e+00
 3.18189869e+01 4.33896408e+01 3.72489471e+01 1.37488174e+01
 6.29330330e+01 9.87662792e+00 1.07803520e+02 1.73234787e+02
 1.46107666e+02 5.19076424e+01 2.10519238e+01 9.04743671e+00
 1.50519762e+01 2.10392914e+01 2.13926880e+02 1.46237879e+01
 2.86203369e+02 2.17827835e+02 7.77182617e+01 4.05172668e+02
 4.91666842e+00 1.77093750e+02 3.17227879e+01 8.37602997e+01
 2.79323044e+01 1.03056297e+01 2.66344177e+02 7.76892948e+00
 3.13684502e+01 5.89611694e+02 6.97895908e+00 2.15875130e+01
 1.27713257e+03 8.52362488e+02 1.38760223e+01 5.97921753e+01
 1.79267120e+01 2.30427429e+02 2.35075760e+01 2.15744232e+02
 5.76976585e+01 2.17697632e+02 7.16332531e+00 6.17152481e+01
 6.65775909e+01 9.75843887e+01 2.71596039e+02 4.89514046e+01
 8.82567139e+01 3.47490631e+02 2.24600754e+01 1.59184448e+02
 2.80046349e+01 1.77760811e+01 4.79518013e+01 3.16423584e+02],-120.08591,-189.29556,-371.14313,3.1863408,15.052151,1.2261848,0.74048734,0.013572351865768432,13082.033058404922,-0.07437107120127617,-0.07772007407445322,-0.07759846554348059,-0.053412227455108124,12.809444945689537,25.099999999996967,0.0,950000.0,-2.0,-1000.0,500.0,6.76076078414917,950000
144.37823,0.13696922,0.39561215,0.0215546,-140.28514,140.28514,[1.22250564e-01 2.33998746e-02 2.29952455e+00 1.77580471e+01
 1.52364626e+01 8.34604055e-02 1.58969021e+01 1.98600340e+00
 8.36973965e-01 4.27693069e-01 1.27648249e+01 2.54913402e+00
 4.03301716e+00 1.51310575e+00 3.10032785e-01 2.73171043e+00
 7.87986398e-01 9.40277576e+00 6.53603363e+00 1.55850077e+01
 1.20163422e+01 5.24114072e-02 1.28138196e+00 3.63748640e-01
 2.27897668e+00 2.29985881e+00 3.25249767e+00 8.43748569e+00
 1.29689693e+00 2.34975606e-01 1.68250561e+00 2.55153513e+00
 5.00324845e-01 3.92154217e+00 7.43937540e+00 7.65443993e+00
 3.78517365e+00 5.07518411e-01 8.12169135e-01 7.19813943e-01
 4.17465776e-01 9.97905016e-01 1.68310761e+00 2.75424302e-01
 6.59058928e-01 5.12884855e+00 4.38102055e+00 4.78785229e+00
 5.22335291e+00 2.40442009e+01 2.00767255e+00 3.16543460e+00
 1.70762277e+00 1.61018181e+01 1.33699250e+00 9.79262769e-01
 1.04847872e+00 8.65209961e+00 9.27317977e-01 5.38908434e+00
 9.56497133e-01 8.06358910e+00 1.09271650e+01 1.24350429e+00
 5.32226133e+00 3.32244325e+00 1.19860327e+00 4.30518150e-01
 1.39148941e+01 1.15262485e+00 3.61014128e+00 2.36988187e+00
 2.96753478e+00 2.00869903e-01 1.81013584e+00 2.61324584e-01
 2.23581791e+00 6.44133464e-02 4.27622080e+00 4.82352829e+00
 4.52002227e-01 5.19941139e+00 4.29855585e+00 1.48192382e+00
 1.77973413e+00 3.87427002e-01 6.69691026e-01 1.88118243e+00
 5.40355921e+00 3.88258219e-01 9.93731842e+01 1.56142628e+00
 1.21443491e+01 7.08695531e-01 1.38001621e+00 5.20846009e-01
 3.56688321e-01 1.66046488e+00 1.30327415e+00 4.67521524e+00
 3.65528047e-01 1.45134997e+00 5.41471019e-02 6.00691319e+00
 1.04659057e+00 1.30244985e-01 7.09585309e-01 9.06172156e-01
 1.50724995e+00 3.42257881e+00 9.10747424e-02 2.99504089e+00
 1.59131765e+00 8.55451012e+00 1.50601697e+00 5.58420324e+00
 2.13659883e+00 2.34781895e+01 1.17825496e+00 3.71783209e+00
 1.00711851e+01 1.82560372e+00 1.44999146e+00 1.85528874e+00
 1.69908104e+01 1.47294474e+01 6.39054239e-01 3.24768376e+00
 3.48053145e+00 1.67123532e+00 8.08890915e+00 6.91899478e-01
 6.66241789e+00 8.18399525e+00 3.52131534e+00 6.53411436e+00
 1.87690568e+00 9.63746905e-01 1.37749985e-01 3.08197737e+00
 3.93756485e+00 3.71535212e-01 8.27590466e-01 1.54510820e+00
 2.37512779e+00 2.06188250e+00 7.29885161e-01 3.45533133e-01
 2.89249992e+00 1.76250792e+00 2.22670913e+00 6.66939211e+00
 3.02377319e+00 1.26659679e+00 2.79229927e+00 4.47300941e-01
 1.39451380e+01 3.39767790e+00 3.48822308e+00 1.32958248e-01
 3.08354115e+00 4.06651783e+00 2.28858255e-02 4.04875576e-01
 2.19858694e+00 6.47114277e+00 4.04806042e+00 6.31730509e+00
 1.24532032e+00 1.55097842e+00 6.98094082e+00 7.26170361e-01
 5.64877701e+00 1.77229393e+00 2.73438066e-01 8.30976677e+00
 2.72821188e-01 3.06878656e-01 8.14031839e-01 2.75125170e+00
 2.24336052e+00 4.33620262e+00 1.46592510e+00 1.30914760e+00
 1.13694239e+01 5.85378781e-02 3.08948040e-01 1.24629104e+00
 6.46059573e-01 4.78618771e-01 4.59502399e-01 5.60202169e+00
 7.83505559e-01 1.00027835e+00 2.36353374e+00 8.18066597e-01
 1.79608798e+00 1.24500358e+00 1.27501249e+00 2.43154216e+00
 3.73705685e-01 1.34135275e+01 6.54457331e-01 5.66459179e+00
 3.52253103e+00 1.88879216e+00 5.54346991e+00 1.50231619e+01
 9.77152443e+00 6.19230080e+00 3.43734741e+00 1.79877192e-01
 2.43918657e+00 5.93981409e+00 1.64470482e+01 4.76010752e+00
 5.38380194e+00 6.59389639e+00 1.19886112e+00 4.90644395e-01
 6.74359202e-01 4.58697796e+00 2.83881664e-01 1.91230214e+00
 3.23240185e+00 1.34832430e+00 6.43559456e+00 1.06699061e+00
 2.44447565e+00 1.82664260e-01 4.74961042e+00 5.68713999e+00
 1.82210326e+00 1.82792842e-01 1.12363644e+01 8.46105480e+00
 5.44622302e-01 1.62348688e+00 4.77105856e+00 5.43465567e+00
 9.60415602e-01 1.03711243e+01 1.26939952e+00 2.14026141e+00
 3.32669318e-01 8.41568410e-01 8.25616837e+00 2.77203631e+00
 7.59699297e+00 1.49564838e+00 2.18196011e+00 1.47476330e-01
 6.97946787e+00 8.12161922e+00 5.17383909e+00 1.11368871e+00],5.080909,[1.43793178e+00 6.65691137e+00 2.82787800e+00 2.57014322e+00
 9.06618309e+00 1.86061382e+00 6.90903378e+00 1.80672780e-01
 5.88601589e-01 2.71625426e-02 2.64917850e+00 4.28471375e+00
 3.76655245e+00 2.24013543e+00 4.63771708e-02 2.73177528e+00
 1.17944241e+00 2.85352564e+00 7.06983185e+00 5.23233414e+00
 2.61156869e+00 5.84519005e+00 5.71652412e+00 3.88446832e+00
 4.82069635e+00 2.45361614e+00 2.71376586e+00 1.03214324e+00
 6.17665625e+00 2.28513420e-01 1.87839007e+00 1.05201256e+00
 2.66126561e+00 1.55986595e+00 1.83930588e+00 7.55155385e-01
 4.74211502e+00 1.04684070e-01 1.79601777e+00 5.09844303e+00
 1.91617981e-01 2.63753548e+01 2.38006234e+00 1.06655097e+00
 2.57941261e-02 4.66529274e+00 1.61059320e+00 4.48500061e+00
 1.80146229e+00 2.52164288e+01 4.40814066e+00 3.14810896e+00
 1.09563112e+01 1.83908119e+01 1.33750105e+00 2.95623922e+00
 1.40102310e+01 9.23529565e-01 1.81608438e-01 2.49188042e+00
 1.58560169e+00 1.44382536e+00 1.01710796e+00 9.49804878e+00
 1.01292286e+01 3.58135653e+00 1.04233849e+00 8.42155170e+00
 3.23441207e-01 1.86675286e+00 4.20645428e+00 1.17827797e+01
 3.74025488e+00 6.61282837e-01 2.45825911e+00 1.73488235e+00
 1.08595634e+00 6.08716106e+00 1.99997640e+00 8.68038845e+00
 2.13540465e-01 3.57805282e-01 3.34649730e+00 1.23295331e+00
 5.48823595e+00 3.94588852e+00 4.13034821e+00 4.15559912e+00
 5.99707305e-01 1.75242111e-01 2.97885036e+01 3.09057617e+00
 1.21673024e+00 5.27449417e+00 2.97747940e-01 5.91267920e+00
 9.38327599e+00 2.92508459e+00 9.04972076e+00 2.06756330e+00
 3.96634132e-01 1.31129563e-01 1.49167567e-01 2.06170559e+01
 5.40743160e+00 1.41063571e+00 1.57030225e-01 7.06734180e-01
 3.69543290e+00 9.73482895e+00 3.19856405e-01 4.99367952e+00
 1.26682174e+00 9.48768616e+00 3.72547328e-01 4.63883638e+00
 2.94350076e+00 4.46766996e+00 1.71968079e+01 5.14011955e+00
 2.81660986e+00 1.87584496e+00 6.62568212e-01 4.95466614e+00
 1.46154594e+00 8.66559315e+00 5.40758848e+00 9.76423681e-01
 5.52289200e+00 3.68677521e+00 4.14508390e+00 4.01807725e-01
 2.54148126e+00 3.15733767e+00 3.29878718e-01 1.82217121e+01
 1.55501306e-01 2.01953745e+00 5.48964882e+00 1.23217354e+01
 1.29755735e+00 1.00515156e+01 6.63952637e+00 2.67280102e+00
 1.10654449e+00 3.56762838e+00 7.10719228e-01 9.43105578e-01
 2.85374022e+00 1.44521236e+00 5.22164440e+00 1.58101380e+00
 2.69183248e-01 4.61241150e+00 7.09259510e-02 6.45617962e+00
 7.67498302e+00 3.54796171e+00 6.38323069e-01 1.22947435e+01
 7.83419704e+00 1.19410291e-01 4.38548899e+00 1.13656425e+01
 8.34037113e+00 9.69877541e-01 1.48246706e+00 2.62997913e+00
 5.83182387e-02 4.53777456e+00 1.47828877e+00 2.36284867e-01
 7.03607321e-01 1.35716498e+00 7.37057567e-01 2.87519693e-01
 1.03866029e+00 1.01816380e+00 7.66277730e-01 3.55101824e+00
 1.78632581e+00 2.73014688e+00 3.13966185e-01 5.46040201e+00
 8.52139235e-01 7.93843460e+00 2.93179560e+00 1.24672146e+01
 6.97657943e-01 4.54595029e-01 1.72028828e+00 2.40560508e+00
 4.91262794e-01 1.08156812e+00 3.26243162e-01 1.12895095e+00
 1.78720069e+00 1.12257183e-01 8.71418667e+00 5.81950545e-01
 1.09810650e+00 3.79607773e+00 5.62056208e+00 3.65489912e+00
 7.69502115e+00 1.69840145e+01 5.03088951e+00 1.26531959e+00
 1.21802616e+00 3.95642853e+00 2.28550339e+00 9.73946810e-01
 5.97388411e+00 2.84834743e+00 1.62882638e+00 4.72562075e+00
 2.02124977e+00 1.61229622e+00 3.01036119e+00 4.96261083e-02
 1.85472441e+00 9.40579772e-01 1.46015942e-01 7.94864595e-02
 1.60449576e+00 6.65855050e-01 5.90709686e+00 1.29052877e+00
 6.69460654e-01 1.27655536e-01 1.00811040e+00 3.84094381e+00
 3.56312299e+00 4.80990022e-01 2.24941301e+00 5.35268497e+00
 4.85523605e+00 1.17344475e+01 1.55027461e+00 8.33999872e-01
 6.31694794e+00 2.30986309e+00 1.54335041e+01 3.17307019e+00
 3.32415700e-02 3.21477914e+00 4.12698984e+00 2.03425550e+00
 1.38390648e+00 2.14972186e+00 5.53429222e+00 7.85158277e-01
 2.04719400e+00 2.61727428e+00 2.61960697e+00 6.57515824e-01],-80.40801,-159.80826,-400.0,1.6679287,3.6988993,0.9326307,0.63868076,228.23392,-372.86157,1031.8197,186.5889,0.7732367,0.49540243,0.10565682,-180.86163,180.86163,[2.24247574e+02 9.84383926e+01 1.09436676e+02 8.69511261e+01
 1.81558319e+02 1.42666626e+02 1.50726080e+01 7.28906097e+01
 1.79724064e+01 5.22549286e+01 9.83673706e+01 2.38048515e+01
 7.41015625e+00 3.55512657e+01 2.76709473e+02 4.71975021e+01
 3.77854228e+00 8.41669998e+01 2.28391647e+00 1.55459686e+02
 2.06091862e+01 7.98222046e+01 1.49767273e+02 1.48789954e+00
 2.55493011e+02 4.50266495e+01 3.92520638e+01 3.57578278e+01
 1.99590118e+02 2.18452545e+02 4.70983267e+00 2.24769385e+03
 5.20984364e+00 6.87253906e+02 7.14332153e+02 8.87451935e+00
 3.25257812e+02 3.34771872e+00 9.09022522e+01 1.35045364e+02
 1.33585052e+02 2.98770386e+02 1.64609528e+01 1.60239990e+02
 4.07461929e+01 7.96686554e+01 5.33725395e+01 8.37976456e+00
 5.48864441e+01 1.39264851e+01 2.00203430e+02 5.62634949e+02
 1.68240643e+01 3.16134129e+01 4.17251396e+01 7.76282349e+01
 4.57622375e+01 2.16776123e+01 1.94959869e+02 4.30318146e+01
 2.26467944e+03 6.40946503e+01 1.04157066e+02 8.22840118e+01
 1.38641906e+00 2.51722443e+02 1.22620020e+03 1.02521899e+03
 1.36885193e+02 2.53185825e+01 8.46321106e+01 2.79769287e+02
 8.40372276e+00 2.18321762e+01 1.86654778e+01 3.99331894e+01
 7.05353022e+00 1.00339484e+03 6.97234392e+00 3.73057404e+01
 2.51446972e+01 2.21618843e+01 1.25515747e+01 4.21564598e+01
 8.92197037e+00 9.12488079e+00 2.36734497e+02 1.24539547e+01
 5.66501389e+01 1.56975067e+02 9.05350971e+00 4.92417145e+00
 1.58006895e+00 3.65070114e+01 7.88082838e+00 1.04954615e+01
 6.96840057e+01 2.57463043e+02 1.68220024e+01 3.68506660e+01
 1.38845139e+01 2.57142059e+02 4.75422754e+03 8.59635258e+00
 5.82649689e+01 1.62408356e+02 8.80202293e+00 4.75741539e+01
 4.27352081e+02 3.31261444e+02 1.04458733e+02 4.04231110e+01
 3.09463730e+01 9.50140610e+01 3.85132385e+02 6.26386166e+00
 3.19978809e+00 3.88706665e+01 8.74731827e+01 2.62565098e+01
 5.12900276e+01 4.44915283e+02 8.48039169e+01 1.24210787e+01
 4.85187101e+00 5.49703125e+02 3.28103409e+01 1.01197643e+01
 3.84818024e+02 1.35430161e+02 1.01909904e+01 1.71343109e+02
 9.28515244e+01 5.12852764e+00 9.24274158e+00 1.48655729e+01
 2.07500293e+03 5.16363068e+01 2.09541245e+01 6.20997143e+00
 5.61476631e+01 3.71440048e+01 2.22581577e+01 1.38375845e+01
 1.43012604e+02 6.30848999e+02 2.88829041e+02 1.05581403e+00
 1.13437817e-01 9.10825272e+01 9.64500885e+01 2.49162415e+02
 2.46439502e-01 3.43383942e+01 2.43975983e+01 2.82102470e+01
 7.40410461e+01 4.82624550e+01 9.15948029e+01 6.68092346e+02
 1.03272888e+02 6.47311478e+01 5.19597778e+02 1.89611633e+03
 8.94792461e+00 1.26289856e+02 5.04195938e+01 1.28156128e+01
 5.70425367e+00 2.58895966e+02 8.71125317e+00 3.50578537e+01
 3.32051208e+02 3.06973755e+02 4.93175459e+00 2.81084412e+02
 8.18881760e+01 6.18313599e+01 9.99087372e+01 4.97546997e+01
 3.19080200e+01 1.12104473e+01 5.06326981e+01 3.16146210e+02
 1.98826477e+02 2.84241760e+02 1.54467163e+03 8.20433655e+01
 2.16125610e+02 1.07773199e+01 2.25997429e+01 4.14733276e+02
 7.81807251e+01 4.56060314e+00 2.31819191e+01 9.49862063e-01
 3.59150925e+01 1.57389297e+01 1.02666073e+01 8.91225052e+00
 1.03193512e+02 1.17946243e+01 4.56016296e+02 2.40010109e+01
 2.17332077e+02 1.40812922e+01 3.93283119e+01 3.51350525e+02
 5.05003395e+01 1.14065218e+01 5.98237872e-01 4.20794586e+02
 7.11543961e+01 6.14154577e+00 1.28527558e+00 6.01797485e+01
 4.58611965e+00 1.89959443e+00 7.19221802e+01 1.17997932e+02
 6.17461510e+01 6.58137360e+01 3.95122504e+00 5.02962570e+01
 1.42369213e+01 5.47569237e+01 3.46358398e+03 6.05539429e+02
 6.06158686e+00 1.05697357e+02 2.07795944e+01 5.89150009e+01
 3.78550110e+01 5.05226212e+01 8.45161057e+01 1.88729919e+02
 4.07351404e-01 1.81646851e+02 2.03652039e+02 1.34609390e+02
 1.68768272e+01 6.31639893e+02 1.78729645e+02 5.31681480e+01
 6.22936783e+01 2.98001270e+01 4.15132721e+02 7.01147003e+01
 3.30696177e+00 8.03650208e+02 3.41898155e+01 1.04671158e+02
 7.75408401e+01 3.16101837e+01 6.66186401e+02 7.67153015e+01],310.30942,[2.36314758e+02 7.44756699e+01 1.08125969e+02 7.87984695e+01
 1.36219376e+02 2.31989197e+02 2.16182747e+01 6.62131042e+01
 3.13122153e-01 5.16626434e+01 1.03282234e+02 1.04072189e+01
 7.80997038e+00 3.36305809e+01 3.72002983e+01 4.25385628e+01
 3.47635956e+01 9.89103394e+01 2.11420345e+01 8.87093582e+01
 1.69730129e+01 7.60130005e+01 8.54747925e+01 9.37515354e+00
 3.50144226e+02 4.25868454e+01 4.49668121e+01 6.85282516e+01
 1.58391815e+02 2.23473907e+02 2.26350212e+00 2.13308252e+03
 4.65763664e+00 1.75222290e+03 7.22582153e+02 1.45480728e+01
 3.25702454e+02 5.77086973e+00 9.00500565e+01 1.78827286e+02
 1.42954987e+02 2.33793213e+02 1.46901340e+01 1.82698257e+02
 4.60657196e+01 3.29899635e+01 4.26490898e+01 1.61746178e+01
 6.74137268e+01 1.46939926e+01 2.03255798e+02 5.38799377e+02
 2.99479532e+00 4.32156067e+01 4.16762085e+01 6.70928116e+01
 1.74803028e+01 6.17405713e-01 1.74177948e+02 3.92765951e+00
 2.22465552e+03 6.54954224e+01 1.69792816e+02 9.45250702e+01
 2.90844250e+00 1.12556862e+02 3.25186377e+03 1.03284412e+03
 1.72885605e+02 2.96712055e+01 4.88092995e+01 5.86060829e+01
 1.22141552e+01 1.35400982e+01 2.63589382e+01 2.83624668e+01
 9.54903889e+00 1.00125409e+03 6.68206215e+00 3.93539009e+01
 2.45602722e+01 3.01607299e+00 4.70721703e+01 4.29911842e+01
 3.54655433e+00 2.54032493e-01 2.66322723e+02 3.45403385e+00
 5.38004303e+01 1.86094284e+02 1.30128918e+01 7.05377865e+00
 2.88518333e+01 4.79268570e+01 1.16594896e+01 5.28166847e+01
 5.85551376e+01 2.89406006e+02 2.74189720e+01 1.50602741e+01
 7.43527222e+01 8.50883484e+01 5.39329785e+03 3.91696320e+01
 6.28394852e+01 1.79163879e+02 7.49983978e+00 6.75371399e+01
 2.26726013e+02 1.27221428e+02 6.51480408e+01 3.56468735e+01
 3.06234207e+01 9.56103516e+01 4.35378204e+02 4.60284519e+00
 9.78733349e+00 7.25088501e+01 1.43916901e+02 2.02894135e+01
 5.78896446e+01 3.81168121e+02 9.74583435e+01 1.88387728e+00
 1.49262695e+01 5.47108459e+02 6.90167964e-01 1.17399578e+01
 2.93111298e+02 1.07048210e+02 2.02816353e+01 2.97033997e+02
 5.50431976e+01 8.17202377e+00 1.76044350e+01 1.88216000e+01
 2.05005762e+03 3.98092651e+01 4.52907801e+00 5.01246309e+00
 3.71742477e+01 6.99552002e+01 2.96637344e+01 4.28000755e+01
 1.44607178e+02 6.35922363e+02 1.03163302e-01 1.95876389e+01
 2.35972691e+01 6.82437744e+01 1.41154358e+02 3.42636688e+02
 9.41998482e+00 6.45999908e+01 2.56530495e+01 2.94704971e+01
 7.38878326e+01 5.07216358e+00 8.15741806e+01 9.93732910e+02
 8.48691330e+01 3.58675728e+01 6.50185425e+02 2.28279932e+03
 7.27015686e+00 1.32972534e+02 3.77590752e+01 2.05152264e+01
 1.27665577e+01 2.95668091e+02 1.12128983e+01 2.47025375e+01
 2.92378387e+02 8.81279182e+00 3.40560347e-01 2.42919331e+01
 8.84540710e+01 1.38169830e+02 2.29688522e+02 5.03028221e+01
 3.14052677e+01 1.08792381e+01 5.30400848e+01 2.69500366e+02
 1.65483093e+02 2.73601868e+02 2.18960352e+03 7.52406921e+01
 2.08484222e+02 2.40150566e+01 3.81228371e+01 3.71659149e+02
 7.69545746e+01 1.27717247e+01 3.19692383e+01 5.82368279e+00
 3.43453293e+01 1.69274693e+01 5.12403965e+00 9.09562683e+00
 1.11274841e+02 9.23394012e+00 4.11855347e+02 3.41717453e+01
 3.29756958e+02 1.41042004e+01 3.95338058e+01 3.71093414e+02
 3.98348465e+01 1.72838283e+00 1.03645592e+01 4.05281921e+02
 6.01480408e+01 3.95515060e+00 5.84260225e+00 3.08150253e+01
 6.96803236e+00 3.13917141e+01 1.04554825e+02 1.01021378e+02
 5.43135605e+01 6.12150803e+01 5.69575167e+00 5.41306648e+01
 1.03325872e+01 4.75256538e+01 3.51313794e+03 5.79894836e+02
 6.11869431e+00 1.18133522e+02 1.58516245e+01 4.33836670e+01
 3.15647163e+01 5.14181252e+01 7.94717836e+00 1.31109650e+02
 6.65386963e+01 1.70377838e+02 2.12991180e+02 3.71971436e+02
 2.02178440e+01 3.37804230e+02 1.94421326e+02 5.91808090e+01
 6.05040207e+01 6.68615494e+01 6.40033035e+01 3.02440720e+01
 1.80803795e+01 9.59700195e+02 3.81787987e+01 8.09123688e+01
 6.53383026e+01 4.39021645e+01 9.86429016e+02 8.78692169e+01],-117.43537,-192.63126,-365.9207,3.1967313,11.4019985,1.4277397,0.7454104,0.014174166955947877,13436.387252807617,-0.3661324153432209,-0.013795891548327029,-0.3676556028871065,-0.023818310695582164,-1.564473882297923,25.099999999996967,0.0,975000.0,-2.0,-1000.0,500.0,6.619689226150513,975000
142.15005,0.19083071,0.38146064,0.019158429,-138.14462,138.14462,[3.58895636e+00 6.08440995e-01 8.45716858e+00 7.58260536e+00
 1.33362189e-02 2.67496133e+00 2.65810585e+01 3.69659138e+00
 1.09847292e-01 3.88824940e+00 1.73306704e+00 2.49961519e+00
 3.75158381e+00 1.41744375e+00 9.50562096e+00 1.48341429e+00
 2.22798176e+01 8.79098654e-01 5.71663618e+00 8.51747453e-01
 1.28674612e+01 1.52233052e+00 3.41682255e-01 4.24996758e+00
 1.28891611e+00 2.06705284e+00 6.11988878e+00 7.97081113e-01
 2.62098718e+00 2.92438221e+00 2.03707409e+00 3.62860870e+01
 1.47062683e+00 3.56973338e+00 5.69660544e-01 5.50528908e+00
 1.20858395e+00 1.17134444e-01 2.03690961e-01 1.62044468e+01
 6.14022112e+00 9.54966843e-01 4.86569166e+00 1.68554902e+00
 1.01502953e+01 2.90633893e+00 2.23425627e+00 9.22812843e+00
 2.18383089e-01 1.61028481e+00 4.84317493e+00 2.50519097e-01
 1.18143988e+01 4.44066143e+00 1.86786914e+00 8.64479899e-01
 2.59178579e-01 8.64736843e+00 4.96882534e+00 2.93908417e-02
 1.00422258e+01 7.02422485e-02 2.13367128e+00 2.53149176e+00
 3.35943639e-01 1.68689454e+00 5.30879125e-02 1.23641801e+00
 3.59383488e+00 7.53956556e-01 2.29234600e+00 7.66322613e+00
 9.57548141e-01 1.76405001e+00 3.31318712e+00 6.69198942e+00
 1.87230802e+00 2.02528725e+01 2.60101438e+00 1.01527548e+00
 2.45542097e+00 8.95109940e+00 2.54556656e-01 3.33688116e+00
 4.65980768e+00 5.87174892e+00 4.72107840e+00 8.44834423e+00
 3.28069234e+00 3.15044969e-01 8.21700811e-01 7.01529980e+00
 2.73212194e+00 1.70462579e-01 1.25900245e+00 8.27529049e+00
 1.28534943e-01 5.22487354e+00 3.94512862e-01 1.43159902e+00
 2.31783819e+00 3.04776311e+00 7.13105106e+00 5.96119738e+00
 2.64082861e+00 3.84424496e+00 7.75640726e+00 2.71538448e+00
 1.54232001e+00 1.90482903e+00 7.96729565e+00 3.04756832e+00
 7.61878586e+00 1.16129494e+00 1.17794237e+01 3.94370770e+00
 5.03280449e+00 1.33690643e+00 1.89515018e+00 6.52267265e+00
 6.48434162e+00 2.79318476e+00 4.19405127e+00 5.75423241e+00
 1.92168307e+00 5.01172543e+00 1.21848822e+01 1.37894928e-01
 3.17355180e+00 5.68901658e-01 5.17219687e+00 5.08234024e+00
 8.61443710e+00 2.07145739e+00 5.95697784e+00 1.05332823e+01
 1.97268641e+00 5.89141083e+00 1.61574662e+00 2.47325018e-01
 2.02665664e-02 2.80406189e+00 7.38574922e-01 4.95918274e+00
 2.59788418e+00 9.78031397e-01 1.47706175e+01 2.23536587e+00
 3.51479197e+00 6.13925830e-02 3.08307171e+00 7.86156893e+00
 1.78201122e+01 2.02397823e+00 1.85952818e+00 3.50241852e+00
 7.71221590e+00 4.04848623e+00 1.26759279e+00 1.72285748e+00
 6.39044189e+00 2.21674860e-01 3.74114466e+00 3.77372384e-01
 1.76476431e+00 3.64397383e+00 5.25182819e+00 3.33994389e+00
 4.23426533e+00 1.36425543e+00 1.06296692e+01 6.84392023e+00
 2.61758137e+00 2.01813698e+00 8.88616085e-01 2.83254743e+00
 1.73638630e+00 3.83991456e+00 1.91718602e+00 1.23444643e+01
 3.39243793e+00 5.10407829e+00 1.81105241e-01 2.81598282e+00
 6.43172581e-03 3.47112274e+00 1.61847425e+00 2.12873459e+00
 1.84766102e+00 5.05758524e-01 8.11876488e+00 4.73938179e+00
 2.44353080e+00 1.53608143e+00 1.36134424e+01 6.62157393e+00
 8.32233276e+01 7.23041058e-01 2.36224607e-02 6.22306442e+00
 1.54600620e+01 1.73794830e+00 1.87340528e-01 4.95887899e+00
 3.01436853e+00 3.61430794e-01 5.19563818e+00 6.39098406e+00
 8.78940582e+00 6.80299282e-01 3.19732547e+00 3.59148335e+00
 1.14432418e+00 5.70394397e-01 1.26014080e+01 1.84254551e+00
 4.69960632e+01 4.85051918e+00 4.72893000e-01 1.63728065e+01
 3.34766078e+00 2.63237524e+00 2.02172685e+00 6.68695307e+00
 2.61746645e+00 2.03626156e-01 1.57228684e+00 2.08603472e-01
 2.38078060e+01 1.02688670e+00 3.97120148e-01 1.15787816e+00
 5.05269384e+00 1.36014118e+01 1.81047201e+00 1.13350115e+01
 4.93412644e-01 3.04385543e-01 2.67259622e+00 8.57899761e+00
 4.19478083e+00 2.36042452e+00 1.33987343e+00 2.18757558e+00
 5.37241173e+00 2.52081299e+00 3.33075523e-02 9.55304909e+00
 5.14068985e+00 1.87480621e+01 1.59340453e+00 2.47771502e+00
 1.64324265e+01 2.04643965e+00 8.29665375e+00 3.58974385e+00],5.0620236,[1.90751576e+00 2.77743006e+00 3.47437286e+00 7.22823381e-01
 2.72623324e+00 9.50024843e-01 2.36968279e+00 3.56077433e-01
 3.43831778e-01 2.12403202e+00 2.97697139e+00 6.18021774e+00
 3.08716536e-01 1.42945492e+00 1.89083529e+00 1.84333539e+00
 1.13693409e+01 5.32415092e-01 6.74027145e-01 3.27313232e+00
 1.02653885e+00 1.36063313e+00 1.17838252e+00 9.55632567e-01
 1.78187561e+00 8.13489377e-01 1.11459494e+00 6.95236492e+00
 1.85323060e+00 1.81641102e+00 4.85794365e-01 1.31391525e+00
 4.76788998e+00 6.16657734e+00 1.17404985e+00 1.39378273e+00
 2.97035432e+00 1.38771296e-01 1.61903396e-01 8.34980607e-01
 2.89911771e+00 5.74879599e+00 1.65826273e+00 4.21294594e+00
 1.03355753e+00 9.23368871e-01 3.93903232e+00 1.96294665e+00
 1.82154834e-01 8.01240253e+00 2.17816281e+00 5.48103929e-01
 1.13195086e+00 2.02086544e+00 2.15360832e+00 3.56441773e-02
 3.94947529e-01 3.93852091e+00 2.28719959e+01 2.06320211e-02
 8.62989485e-01 7.92410135e-01 1.71209943e+00 2.92686415e+00
 5.04680395e-01 7.63691604e-01 7.51744866e-01 3.38541299e-01
 3.62693220e-01 1.68994617e+00 1.66470003e+00 1.40049005e+00
 4.26244020e+00 1.39448118e+00 2.80352902e+00 1.44652307e+00
 1.55188835e+00 5.05532217e+00 6.80333805e+00 1.66069269e+00
 1.71770990e-01 9.38664228e-02 1.68771088e+00 4.90935087e-01
 2.79476382e-02 5.68453193e-01 6.40783119e+00 6.84880829e+01
 4.44971651e-01 4.68806458e+00 2.71854067e+00 1.24292326e+00
 1.15286708e+00 1.82230342e-02 1.49723220e+00 3.26209277e-01
 9.54273224e+00 5.37304878e-01 2.85001457e-01 9.47813034e-01
 3.66427875e+00 1.89014637e+00 6.32895613e+00 8.33907545e-01
 1.69069839e+00 1.48334634e+00 6.31743097e+00 5.82824051e-01
 9.68100652e-02 4.87776518e-01 4.13833141e+00 4.72098637e+00
 1.93734312e+00 1.40540326e+00 1.12997621e-01 2.27023363e+00
 3.52513733e+01 1.37179345e-01 5.39082575e+00 9.76492882e+00
 1.62915242e+00 8.92709017e-01 6.55812120e+00 5.88233829e-01
 5.05460858e-01 7.66526759e-01 2.94319367e+00 1.27275899e-01
 2.17440772e+00 1.06357026e+00 5.85332334e-01 1.93469918e+00
 2.91481495e-01 4.00516652e-02 3.15716350e-03 3.18232119e-01
 2.24570513e+00 3.24728179e+00 6.84567153e-01 5.91354465e+00
 3.65070033e+00 2.68419385e+00 7.40677238e-01 7.14252424e+00
 1.64314985e+00 9.69708085e-01 2.46162266e-01 1.79815781e+00
 3.42881131e+00 1.57412148e+00 1.03376007e+00 4.77372932e+00
 1.20307744e+00 4.23700780e-01 8.16361785e-01 1.43491852e+00
 4.71196592e-01 2.61907911e+00 4.09327412e+00 1.79110515e+00
 5.34695292e+00 1.22648664e-01 8.96541238e-01 1.56835765e-02
 1.29349515e-01 1.33317149e+00 7.22439528e+00 2.38994098e+00
 2.22283274e-01 7.82193691e-02 1.57739925e+01 1.02215874e+00
 2.49918818e-01 4.40542281e-01 6.72789764e+00 1.19593835e+00
 9.47482139e-02 4.74281979e+00 8.51328611e-01 4.49273467e-01
 1.23188126e+00 2.53367394e-01 1.27578373e+01 5.00848007e+00
 4.65654612e-01 7.15863347e-01 9.73815632e+00 1.68496144e+00
 7.41704369e+00 5.96290290e-01 3.75626534e-01 2.34508097e-01
 1.56153762e+00 8.11791897e-01 4.63784903e-01 1.21461213e+00
 2.46414814e+01 1.23545432e+00 6.11984078e-03 1.70741129e+00
 4.13204551e-01 1.86158180e+00 1.80135365e+01 6.11915052e-01
 3.52903271e+00 2.61928260e-01 4.89447021e+00 5.90428889e-01
 5.32167959e+00 1.60422754e+00 5.31145573e+00 1.63056660e+00
 1.31986588e-01 2.87143905e-02 9.11955833e+00 9.27938446e-02
 1.57344208e+01 6.12988591e-01 8.15140367e-01 1.44016814e+00
 7.74157667e+00 2.43258744e-01 1.64330792e+00 3.26404393e-01
 5.34171581e-01 3.04983544e+00 1.21785486e+00 2.90828753e+00
 1.22381699e+00 3.21715951e-01 1.54052675e-01 4.89968956e-01
 2.33033752e+00 1.59051371e+01 1.80650795e+00 1.74889696e+00
 4.84612703e-01 6.37627220e+00 1.07725978e+00 4.00838709e+00
 5.66164106e-02 3.88091147e-01 2.36968899e+00 2.87858987e+00
 5.97811031e+00 1.86264552e-02 4.25653028e+00 2.61745423e-01
 7.81059504e-01 8.85542750e-01 9.13316607e-02 5.92110014e+00
 5.38559735e-01 4.04939747e+00 2.84547489e-02 1.68363869e+00],-74.233574,-161.17645,-399.66327,1.6539445,3.5578768,0.91718614,0.636767,85.51875,-277.84692,956.43115,182.89583,0.6012618,0.51061743,0.11207999,-177.18839,177.18839,[1.46016617e+02 3.96990204e+00 7.24379883e+01 1.05520973e+02
 1.74006119e+02 9.94146156e+00 9.06499004e+00 1.63523453e+02
 8.51463501e+02 1.22523594e+01 4.12496704e+02 1.28062534e+01
 6.26097083e-01 4.42698002e-01 3.42885559e+02 6.02061176e+00
 1.44275330e+02 3.52809830e+01 6.03433704e+00 1.18682890e+01
 2.51303196e+00 1.32383011e+02 3.56101799e+01 2.27210312e+01
 6.81945312e+02 5.60759583e+01 7.07155457e+01 7.34684448e+02
 4.23230708e-01 6.76429214e+01 7.83182068e+01 6.02484846e+00
 1.24547417e+02 5.49026146e+01 1.06291901e+02 2.28066278e+00
 3.20396790e+02 1.41418839e+02 4.99214821e+01 3.59857025e+01
 2.37029480e+02 3.89909363e+02 8.36598755e+02 5.93076630e+01
 4.43802376e+01 1.48400586e+03 1.21209688e+01 5.98138580e+01
 3.36942825e+01 1.75240891e+02 1.98970759e+00 2.99302959e+00
 2.10944672e+02 1.74149368e+02 2.61756927e+02 1.46762695e+02
 3.51529694e+01 5.74515800e+01 8.02439651e+01 2.12841827e+02
 9.28787964e+02 3.86361194e+00 2.40522141e+02 5.99894447e+01
 1.74617653e+01 2.06836945e+02 9.38333282e+01 1.17969498e+02
 8.62605896e+01 1.63571869e+02 2.53722630e+01 1.82412323e+02
 1.07580139e+02 1.30520687e+01 1.65277588e+02 8.48104858e+02
 2.45342529e+02 7.63947876e+02 5.93587065e+00 2.73351001e+03
 3.27013550e+01 5.62552071e+01 2.30655579e+02 3.59967834e+02
 2.14679871e+02 1.33912075e+00 9.26044464e+01 3.34998474e+01
 6.19307709e+00 6.97058563e+01 1.34836670e+02 7.12672710e+00
 6.08639717e+01 5.32419777e+01 1.22099319e+02 2.13067436e+01
 8.35500183e+01 1.72443253e+02 3.33990082e+02 3.32184479e+02
 3.07426453e+02 3.97375984e+01 5.24574661e+00 1.12436356e+02
 3.99595356e+00 7.69713058e+01 5.50281429e+00 4.27188349e+00
 9.57492447e+01 1.68081189e+03 3.71498680e+00 2.49238276e+00
 1.59140427e+02 5.44494486e+00 5.11361694e+02 1.10851486e+02
 1.03709340e+00 6.23415222e+01 1.45011755e+03 1.76314850e+02
 2.49288387e+01 1.83383751e+01 3.82427901e-01 2.13122978e+01
 2.38076324e+01 1.99721832e+02 3.68440475e+01 1.37704315e+02
 6.33112144e+01 6.03634987e+01 9.75065125e+02 2.75200745e+02
 9.06869385e+02 1.28105042e+02 2.35731293e+02 1.44413665e-01
 2.11735764e+01 3.65238190e+01 2.69466919e+02 1.07833931e+02
 1.53467712e+02 3.05841560e+01 8.17687511e+00 1.18442490e+02
 1.02460358e+02 1.61885796e+01 8.08524323e+00 7.72574951e+02
 4.41671219e+01 1.45431812e+03 4.53325796e+00 1.72417679e+02
 1.59575329e+01 2.01749268e+02 1.00371606e+03 5.88044800e+02
 2.68341064e+00 3.46520281e+00 1.03035898e+01 4.43917041e+03
 4.97964439e+01 6.89301987e+01 1.09206459e+02 5.35785645e+02
 2.14230843e+01 3.39608455e+00 1.56692362e+00 4.52213593e+01
 9.87203369e+01 2.37882294e+02 2.48970032e+01 3.10801530e+00
 3.01238079e+01 2.15889740e+00 3.33139458e+01 1.00401721e+03
 7.01716690e+01 1.50590088e+02 6.83045864e+00 1.92587662e+01
 2.44018440e+01 3.73132133e+01 8.26616455e+02 8.35203476e+01
 1.04640671e+02 5.92236404e+01 3.20665588e+01 4.39170990e+01
 4.75984039e+01 6.47947550e+00 7.02446938e+00 1.61589648e+03
 5.21525192e+00 2.03091698e+01 2.41163850e+00 7.26460342e+01
 3.73972931e+01 1.91230591e+02 5.17079735e+00 4.55817810e+02
 4.06804371e+00 3.28621912e+00 2.55463743e+00 2.54982042e+00
 9.32076782e+02 1.16870995e+02 2.59112793e+02 6.74837341e+01
 1.98626881e+01 2.17704182e+01 6.86862230e+00 1.68699493e+02
 1.36499176e+02 1.33640137e+02 4.25125504e+01 3.26329637e+00
 3.23455582e+01 7.65796021e+02 7.67907639e+01 1.42910767e+01
 9.60595551e+01 9.69020367e+00 8.45610352e+02 1.68522476e+02
 2.63362503e+01 1.52450256e+02 2.04269180e+01 1.60737598e+03
 1.01120032e+03 6.58130951e+01 7.65931854e+01 3.70143080e+00
 6.77142639e+01 2.52502441e+01 2.19229095e+02 2.90705225e+03
 1.59085083e+02 2.14490417e+02 1.88391769e+02 1.88997021e+01
 8.89094391e+01 6.49840698e+01 1.54088488e+01 2.68268982e+02
 8.86728954e+00 8.18940258e+00 3.18985996e+01 4.30306732e+02
 3.52586243e+02 4.74807835e+00 1.76453476e+01 2.81504297e+03
 8.14248753e+00 3.74989929e+02 3.14093304e+01 6.62349091e+01],341.60504,[1.01510979e+02 1.54055476e+00 5.97369537e+01 9.97657852e+01
 1.72525269e+02 2.24119358e+01 2.67006876e-03 1.42401962e+02
 1.83398364e+03 1.26320171e+01 4.58706970e+02 7.86937284e+00
 3.92097321e+01 1.19631386e+01 1.73470554e+01 1.41437125e+00
 1.71885864e+02 5.57989082e+01 7.89850771e-01 4.94654036e+00
 3.96064329e+00 1.11228584e+02 1.14319477e+01 2.21407661e+01
 1.10439415e+02 5.87675705e+01 9.49887943e+00 6.40641113e+02
 1.89085469e-01 3.09222755e+01 6.43357849e+01 5.76891613e+00
 1.21525665e+02 8.73553619e+01 8.89180145e+01 2.84483433e+00
 7.03984756e+01 2.54309052e+02 4.77367783e+01 3.48750725e+01
 1.08272636e+02 3.36617615e+02 8.14315613e+02 5.67637177e+01
 4.29384956e+01 1.69336145e+03 5.65159607e+00 5.31380539e+01
 2.27235641e+01 2.62709351e+02 6.74296188e+00 2.17590213e+00
 2.05022858e+02 1.51127960e+02 2.91213074e+02 8.16598663e+01
 4.44215317e+01 4.90156631e+01 8.40589142e+01 1.99105011e+02
 8.99366028e+02 3.86331711e+01 2.44700409e+02 4.68294907e+00
 4.20858803e+01 2.13202560e+02 2.83890076e+01 1.14318550e+02
 8.95785522e+01 1.54489761e+02 2.05695057e+01 1.84053833e+02
 7.04677353e+01 6.13328674e+02 1.72993835e+02 1.11761230e+03
 9.40093079e+01 7.84011902e+02 2.11451492e+01 9.91814331e+02
 3.08002491e+01 3.40706749e+01 2.29574753e+02 3.44503479e+02
 2.21409470e+02 7.51695395e-01 9.12670593e+01 1.17905014e+02
 2.99182272e+00 2.25040321e+01 1.31988739e+02 7.40941715e+00
 7.35641479e+01 1.94377480e+01 1.36957443e+02 1.88443565e+01
 1.43013420e+01 1.61361496e+02 3.07021301e+02 3.28247406e+02
 3.09366669e+02 4.44731636e+01 1.58111238e+01 1.42099930e+02
 8.17037678e+00 7.52311859e+01 1.26635671e+00 4.10065603e+00
 9.69133835e+01 1.72301660e+03 4.90928173e+00 2.45174503e+00
 1.63089737e+02 3.64789677e+00 4.92771973e+02 2.50761108e+01
 6.47777021e-01 6.41913509e+00 4.09131660e+01 1.82780579e+02
 2.71818523e+01 1.01421799e+02 9.91415620e-01 8.76805496e+00
 3.01841984e+01 2.00845245e+02 3.29643707e+01 5.73334770e+01
 5.87299423e+01 8.91674500e+01 4.91201935e+01 2.81700012e+02
 7.64102051e+02 1.31519638e+02 2.43792572e+02 1.45591755e+01
 3.35689201e+01 6.90882263e+01 8.90743286e+02 8.18956146e+01
 1.51321869e+02 2.43555489e+01 6.25819683e+00 9.09407883e+01
 1.61257133e+01 5.89171839e+00 9.75206757e+00 7.54032440e+01
 3.77831345e+01 1.63606372e+03 9.80024719e+00 1.59245102e+02
 7.26039600e+00 2.29905792e+02 1.04650439e+03 6.72640991e+02
 5.03571332e-01 1.45136566e+01 2.64360046e+01 4.14443359e+03
 1.10446968e+02 4.38353586e+00 8.80280151e+01 5.55040833e+02
 2.83341904e+01 2.46592975e+00 5.64618540e+00 5.12492142e+01
 6.15320816e+01 2.24406677e+02 3.06129284e+01 3.99271851e+01
 2.04041538e+01 1.08058891e+01 2.76890564e+01 1.03222192e+03
 6.10367355e+01 1.41000885e+02 4.24752474e+00 1.92862129e+01
 2.44257717e+01 4.05693130e+01 1.20693530e+03 8.56813660e+01
 1.89561462e+01 7.04674072e+01 7.11745453e+01 2.80341530e+01
 1.05046951e+02 2.83912957e-01 1.12344084e+01 2.46789111e+03
 1.80440178e+01 2.44336754e-01 5.95052958e+00 1.33455734e+02
 4.29443169e+01 1.78421631e+02 1.26537724e+01 4.09095947e+02
 3.55349898e-01 1.57231197e-01 1.08965797e+01 8.81822681e+00
 1.72071075e+01 1.19333603e+02 2.72041687e+02 6.18914795e+01
 4.68295441e+01 2.22160892e+01 2.19796715e+01 1.70284332e+02
 1.48341400e+02 2.54702011e+02 3.39171295e+01 3.37828398e+00
 5.10609131e+01 7.74162842e+02 2.74937859e+01 6.16777754e+00
 9.82915802e+01 1.25058641e+01 1.28836926e+03 1.67958435e+02
 5.61105080e+01 9.37179871e+01 5.53863907e+01 1.04146680e+03
 1.03443958e+03 6.86065674e+01 7.46662598e+01 5.50141239e+00
 6.40210724e+01 1.23425789e+01 2.23059082e+02 3.67331396e+03
 8.61598969e+01 1.74210266e+02 1.48375427e+02 4.77611694e+01
 7.46387558e+01 4.75887032e+01 3.10253639e+01 2.82735504e+02
 4.17449760e+00 1.00972977e+01 4.03274384e+01 8.47893372e+02
 3.53141968e+02 8.27508354e+00 1.46992235e+01 3.41455505e+02
 8.44166183e+00 4.21486359e+02 3.09227104e+01 5.01048889e+01],-106.75142,-187.31664,-319.43414,3.4408336,35.08561,1.1473641,0.7401414,0.013620397148132323,13776.897199630737,-0.035828323763930935,0.00014784552310779267,-0.03597700814710304,-0.001505338595573177,0.32975925828010083,25.099999999996967,0.0,1000000.0,-1.0,-521.0,500.0,6.734678745269775,1000000
