training/actor/actor_loss,training/actor/bc_flow_loss,training/actor/distill_loss,training/actor/mse,training/actor/q,training/actor/q_loss,training/critic/bcfm_loss,training/critic/critic_loss,training/critic/dcfm_loss,training/critic/q_max,training/critic/q_mean,training/critic/q_min,training/critic/q_std,training/critic/q_std_max,training/critic/q_std_min,training/critic/weight,training/grad/max,training/grad/min,training/grad/norm,validation/actor/actor_loss,validation/actor/bc_flow_loss,validation/actor/distill_loss,validation/actor/mse,validation/actor/q,validation/actor/q_loss,validation/critic/bcfm_loss,validation/critic/critic_loss,validation/critic/dcfm_loss,validation/critic/q_max,validation/critic/q_mean,validation/critic/q_min,validation/critic/q_std,validation/critic/q_std_max,validation/critic/q_std_min,validation/critic/weight,time/epoch_time,time/total_time,exploration/prev_button_states,exploration/button_states,exploration/prev_qpos,exploration/prev_qvel,exploration/qpos,exploration/qvel,exploration/control,exploration/time,exploration/success,exploration/total.timesteps,exploration/episode.final_reward,exploration/episode.return,exploration/episode.length,exploration/episode.duration,step
106.21471,0.058989435,0.15979943,0.0021704622,-104.557724,104.557724,[4.67025973e-02 1.08396048e-02 9.34010185e-03 8.83906335e-03
 6.83136135e-02 6.11996472e-01 4.42827940e-01 3.34915757e-01
 1.56109467e-01 1.58845991e-01 2.46352609e-02 4.03287411e-01
 9.12323594e-03 1.96651393e-03 7.88025791e-05 2.74424274e-02
 3.56285647e-03 1.23233683e-02 1.60029083e-01 2.41854344e-03
 2.61063185e-02 7.03439265e-02 4.22736740e+00 3.95196229e-02
 3.46907461e-03 8.48366767e-02 4.79681820e-01 4.05139774e-02
 1.56182190e-03 1.83559093e-03 2.12426390e-02 8.44452828e-02
 3.87770706e-03 3.10664205e-03 1.32898679e-02 9.18671396e-03
 7.37137496e-02 1.01171002e-01 1.72199798e-04 2.85529159e-02
 1.15216196e-01 4.13097069e-03 2.08072498e-01 3.70383024e-01
 1.15944748e-03 3.62012625e+00 1.63625985e-01 7.19630066e-03
 1.07426763e-01 5.77314720e-02 6.06934493e-03 1.92301236e-02
 3.70258861e-03 2.56527439e-02 2.11375996e-01 7.88317263e-01
 5.78618813e+00 1.37989891e+00 1.22677593e-04 9.36741680e-02
 1.20507091e-01 4.20643389e-01 3.56599055e-02 2.36526448e-02
 6.63163364e-02 5.63057372e-03 4.63841893e-02 3.85098271e-02
 1.23792723e-01 6.12788647e-03 1.49677742e+00 1.63984060e-01
 2.22577788e-02 3.88351977e-02 1.00142622e+00 3.73942079e-04
 7.23705953e-03 4.44521336e-03 1.71049056e-03 2.76711643e-01
 4.03166190e-03 3.70610505e-04 1.91060621e-02 6.65965796e-01
 2.17040822e-01 3.84992454e-05 8.48797560e-01 9.79009867e-01
 1.54609022e+01 1.33489454e-02 2.45941177e-01 9.26870480e-03
 5.49480282e-02 3.25455191e-03 6.15698472e-03 3.08861881e-01
 5.58998764e-01 4.26510811e-01 1.96268293e-03 6.31976221e-03
 2.12069130e+00 2.09154159e-01 7.32063726e-02 4.84796584e-01
 1.23015209e-03 9.40916035e-03 3.35547281e-03 1.27999624e-02
 1.34647358e-03 1.78279668e-01 1.73973152e-04 2.48187454e-03
 9.29992646e-02 2.27457210e-02 1.93290189e-01 2.72256183e-03
 2.27598306e-02 2.08624806e-02 7.31952250e-01 1.89548382e-03
 3.40452194e+00 5.38972206e-02 1.44367039e-01 1.23816073e-01
 4.68354672e-02 1.22106522e-01 2.44391076e-02 2.69972836e-03
 7.53715727e-03 2.30929581e-03 1.12560578e-03 8.09088908e-03
 1.14698401e-02 6.00282177e-02 2.41243076e+00 1.34969484e-02
 6.97058439e-01 2.04597920e-01 1.48727642e-02 2.84745187e-01
 4.48352322e-02 3.89027991e-04 1.17489181e-01 6.48338869e-02
 7.73441941e-02 6.75823212e-01 2.92932279e-02 4.92724706e-04
 6.10580435e-03 6.94133997e-01 3.21882823e-03 5.24391346e-02
 2.10080342e-03 7.87535869e-03 3.22141387e-02 3.99468001e-03
 1.89539569e-04 5.24487579e-03 1.21331878e-03 1.21039830e-01
 6.69375015e-03 8.19013268e-03 4.35596049e-01 8.23476259e-03
 1.85809601e-02 2.47501228e-02 5.16461255e-03 2.08970550e-02
 8.50876700e-03 6.53851748e-01 4.58466299e-02 6.36217445e-02
 1.48530573e-01 6.97863242e-03 3.89023172e-03 2.06940179e-03
 7.70457461e-02 5.49159274e-02 5.50420955e-03 1.64266288e-01
 3.65938954e-02 2.73230039e-02 3.35052419e+00 6.14963770e-01
 3.24002653e-02 9.55705764e-04 8.64781626e-03 7.20693052e-01
 5.48120821e-03 6.60434552e-03 4.24282812e-03 2.24130531e-03
 7.38365799e-02 5.03774345e-01 9.41556133e-03 2.23266983e+00
 5.19681573e-01 4.92766034e-03 1.27158919e-02 2.55848542e-02
 2.96913832e-01 2.74021700e-02 7.67167192e-03 7.35279080e-03
 6.79864958e-02 4.65905946e-03 4.73177165e-01 2.85677239e-02
 2.35504314e-01 5.46934141e-04 1.28545966e-02 3.09241600e-02
 4.25886828e-03 4.53800917e+00 1.57502577e-01 6.28009066e-03
 3.74405906e-02 1.00626200e-01 1.55750439e-02 1.05834217e-03
 1.28229265e-03 1.49611486e-02 4.05140361e-03 5.61889308e-03
 3.19458195e-03 2.11592624e-03 1.17939734e-03 1.72367871e-01
 2.18376797e-03 4.36677694e+00 1.59468618e-04 1.31275859e-02
 6.28079753e-03 3.99833918e-03 2.60875933e-02 2.30968729e-01
 5.13647683e-03 3.82302748e-03 1.62265807e-01 1.06880523e-01
 9.91360657e-03 1.83427427e-02 2.38944730e-03 1.77139118e-02
 3.21794128e+00 5.51721621e+00 3.10426131e-02 3.65988840e-03
 1.13830423e+00 1.47943646e-01 2.04699696e-03 5.75009035e-03
 1.38034016e-01 1.39534064e-02 1.00801051e+00 4.13254574e-02],0.28601485,[2.08043195e-02 6.55337349e-02 5.49835665e-03 2.17348009e-01
 6.63678721e-02 1.88281968e-01 2.61934817e-01 9.25994664e-02
 1.58920372e+00 1.69019449e+00 4.32006456e-02 1.08992293e-01
 9.77486186e-03 1.15673328e-02 1.82846859e-02 1.30984914e-02
 3.55736841e-03 1.90781206e-02 1.01414591e-01 7.17014913e-03
 5.54477423e-03 6.61221892e-02 2.23793387e-01 1.76290772e-03
 1.79486442e-03 1.78574841e-03 2.85945505e-01 1.13419909e-02
 4.24150378e-03 2.75415659e-04 1.49695911e-02 9.01203230e-03
 9.74695291e-03 8.64113215e-04 4.43558022e-02 1.06574241e-02
 1.06986925e-01 7.09812120e-02 1.87889673e-03 5.87329734e-03
 1.19610853e-01 1.57085583e-02 7.31773749e-02 2.10147843e-01
 2.83850394e-02 1.59328449e+00 7.60249943e-02 1.11893117e-02
 1.11453444e-01 6.04877286e-02 7.29694217e-02 7.38384528e-03
 6.10324834e-03 1.00291800e-02 9.98540074e-02 1.59370452e-01
 5.44530809e-01 1.12425700e-01 4.60556243e-03 1.95914105e-01
 2.33213216e-01 8.74861926e-02 1.29347024e-02 2.42408700e-02
 4.42291126e-02 2.12061335e-03 6.74730316e-02 3.70520540e-02
 2.61574592e-02 6.32437924e-03 2.46824908e+00 6.93998039e-02
 3.30841262e-03 1.22674685e-02 3.23875070e-01 9.71811172e-03
 1.13992579e-02 4.46890388e-03 4.96849092e-03 1.40484959e-01
 3.02714598e-03 9.40493587e-03 3.34629193e-02 3.28298837e-01
 4.95577872e-01 1.34152093e-03 3.41894180e-02 4.30899076e-02
 5.92201233e-01 2.34320853e-02 1.39513373e-01 2.36000982e-03
 1.66004039e-02 1.32930325e-03 9.75482166e-03 5.09212255e-01
 2.35912457e-01 2.00122997e-01 3.01483050e-02 7.23616267e-03
 3.09506714e-01 4.32756692e-01 1.05315335e-02 8.93471003e-01
 6.26703352e-03 4.50648880e-03 6.91912789e-03 8.40381719e-03
 4.83507756e-04 2.23284145e-03 2.66804025e-02 6.88963570e-03
 4.99238931e-02 3.48004065e-02 1.53038472e-01 2.99675576e-03
 5.90375736e-02 1.06107099e-02 9.77263391e-01 8.42897780e-03
 2.35200852e-01 7.42130876e-02 1.08075872e-01 3.12957734e-01
 7.04636518e-03 8.30237687e-01 2.20081359e-02 1.16598029e-02
 1.66233741e-02 2.68097483e-02 1.82237523e-03 6.66271076e-02
 2.30515134e-02 9.24005881e-02 7.12055981e-01 2.23693661e-02
 1.96681529e-01 1.61477745e+00 2.91958489e-02 3.08024287e-01
 1.73380394e-02 6.62373670e-04 7.00120032e-02 2.36127689e-03
 7.53783226e-01 1.68061331e-02 1.24569647e-02 1.29360938e-03
 4.84215887e-03 6.13802783e-02 6.25459943e-05 4.91230041e-02
 6.69354200e-02 1.03529999e-02 1.00664869e-02 3.00520901e-02
 1.79360155e-04 3.64995142e-03 3.44565627e-03 4.95033041e-02
 4.55484772e-03 3.37614329e-03 2.16890395e-01 6.25491887e-03
 1.89347565e-02 1.44940801e-02 1.50171937e-02 3.79241742e-02
 2.41606566e-03 6.43237829e-01 5.20792045e-02 2.50496925e-03
 1.14786886e-01 9.43954219e-05 4.75627650e-03 8.84073379e-04
 1.65664200e-02 1.41045600e-01 8.88543390e-03 9.45824385e-01
 1.06806159e-02 6.40297681e-02 1.15381449e-01 3.57158899e-01
 2.43858218e-01 2.91123688e-02 2.28988472e-03 4.67621610e-02
 5.02844304e-02 1.77420862e-02 1.81002286e-03 6.03048189e-04
 3.08281556e-02 3.41670454e-01 1.18064741e-03 5.66403389e-01
 1.26587510e-01 1.04885809e-02 1.69176981e-03 1.42517313e-02
 2.02522188e-01 2.41434714e-03 1.48792481e-02 6.53116265e-03
 2.84802765e-02 3.22316699e-02 1.12120226e-01 9.12187714e-03
 1.07663982e-01 2.21899599e-02 1.52080581e-02 3.58822779e-03
 1.81804644e-05 6.81648493e-01 1.16260581e-01 7.59487320e-03
 5.83556071e-02 1.01038218e-01 1.13132596e-02 7.69423903e-04
 4.89981147e-04 2.52350066e-02 1.23533066e-02 2.81117391e-03
 6.21827226e-03 2.66491831e-03 5.22349961e-03 5.34556955e-02
 3.09501798e-03 2.96142220e-01 1.18856900e-04 5.73023781e-03
 5.04208449e-03 5.18433154e-02 7.41938781e-03 5.78163750e-03
 1.72160729e-03 3.55098327e-03 1.27416134e+00 4.95341942e-02
 4.04389855e-03 1.40066529e-02 6.09708996e-03 1.92252733e-02
 4.69800800e-01 4.53983992e-02 4.17126343e-02 6.22653179e-02
 3.67557555e-01 9.43752453e-02 3.93608410e-04 9.58290044e-03
 9.72009003e-02 1.75166782e-02 8.92291665e-02 4.12118509e-02],-85.88005,-108.33769,-197.71509,0.97104424,1.6634978,0.8129627,0.9226094,4.098757,-6.9520316,68.03401,152.98431,2.4745274,0.3123854,0.16616611,-147.38593,147.38593,[2.94623356e+01 2.07225227e+01 1.39529404e+02 4.50519066e+01
 1.56519260e+01 6.45884628e+01 7.68193420e+02 9.11628113e+01
 8.64831482e+02 1.76402941e-01 3.87059875e+02 2.01058151e+02
 5.15422745e+01 1.46143478e+02 1.49107330e+02 1.02423239e+01
 8.20923233e+01 1.46506252e+01 2.78739441e+02 9.75775940e+02
 3.75389526e+02 6.06399775e+00 4.47985229e+02 8.39780197e+01
 5.37769241e+01 1.42608032e+02 6.30188789e+01 1.28953613e+02
 3.62363770e+02 2.12136017e+02 4.29158142e+02 3.51867432e+02
 1.46776294e+03 8.92027740e+01 6.63775864e+01 2.22073151e+02
 1.46773120e+03 3.58113007e+02 1.26644019e+03 5.81059570e+02
 4.67388115e+01 2.65406418e+01 9.19715805e+01 4.16198914e+02
 2.24993683e+02 5.29460754e+02 3.00908661e+01 2.39092087e+02
 3.59551125e+01 1.12899902e+02 2.80925441e+00 3.03249435e+01
 6.10799179e+01 9.14962959e+00 1.82468853e+01 3.04069916e+02
 2.23448677e+01 3.16267986e+01 1.15277795e+03 3.16023193e+02
 5.51090469e+01 5.48006477e+01 7.31324463e+01 1.05755640e+03
 2.99661102e+01 2.93879547e+02 1.26060699e+02 2.26808262e+01
 4.18659439e+01 1.33640533e+02 1.20724335e+02 4.25360184e+01
 1.12048071e+03 1.78782215e+01 2.90011787e+01 4.32968750e+01
 3.61798592e+01 1.41978455e+02 1.21812224e+00 3.58202286e+01
 1.86537609e-01 1.74995956e+02 2.89294739e+01 1.33258521e+03
 3.09604858e+02 9.72424774e+01 1.20053162e+02 4.77288055e+01
 3.06411324e+01 9.76123154e-01 6.64270020e+02 1.87050266e+01
 2.96403473e+02 6.08939819e+02 3.28787018e+02 6.42121673e-01
 1.94403229e+02 1.22008066e+01 9.28189697e+01 2.16042343e+02
 2.46683762e+02 1.50614975e+02 8.97342911e+01 1.21604004e+03
 7.28065109e+00 5.05925049e+02 1.80552998e+01 3.65529602e+02
 1.36785568e+02 1.19142471e+02 1.34932144e+02 4.06958252e+03
 1.16052809e+01 4.62907944e+01 2.20449543e+00 2.26214020e+02
 2.92590759e+02 8.69554291e+01 1.59405937e+01 1.49050996e-01
 7.27763443e+01 1.13945889e+00 1.64471924e+02 1.83859888e+03
 4.39576340e+00 2.25067413e+02 1.06851636e+03 2.05916519e+01
 1.67527046e+01 1.22603638e+03 2.26337490e+01 5.79360466e+01
 1.40922222e+01 5.06064320e+00 1.74887085e+03 3.09287781e+02
 1.02951526e+03 5.49248718e+02 2.26428757e+02 3.24087402e+02
 9.08288193e+01 1.18787488e+03 2.74786743e+02 1.46306519e+02
 1.29520166e+03 7.51177307e+02 1.87314850e+02 1.85253494e+02
 6.09843874e+00 1.19117889e+02 1.25625107e+02 1.89206223e+02
 8.74962769e+01 4.06797256e+01 4.32201233e+02 4.43948669e+01
 1.31201587e+03 1.15061226e+02 6.82620907e+00 9.55608010e-01
 2.94711914e+02 1.18996986e+02 6.37395508e+02 3.61119962e+00
 1.87796570e+03 1.20289291e+02 8.68124866e+00 1.75562836e+02
 2.60994690e+02 1.00937843e+00 1.03923233e+02 5.55218506e+01
 2.30557308e+01 2.01439545e+02 2.57653084e+01 6.41816101e+01
 8.72839737e+01 4.32819092e+02 7.34623566e+01 6.82112503e+00
 3.10802231e+01 2.95897675e+02 1.70650360e+02 1.86331291e+01
 3.01987335e+02 3.24443878e+02 2.81180634e+02 1.19927696e+02
 3.02475300e+01 9.49299011e+02 6.95490265e+01 5.66718933e+02
 2.94328033e+02 4.59463577e+01 2.36340580e+01 1.10615234e+02
 3.49037480e+00 1.63716949e+02 1.65341589e+03 1.60406456e+01
 2.17653427e+01 8.62458420e+01 5.69432678e+01 1.06379005e+02
 1.62144275e+03 2.02063980e+02 6.44125557e+00 3.43713646e+01
 4.13146935e+01 1.16635645e+03 1.12938560e+02 1.16884171e+02
 4.84271965e+01 1.43278595e+02 4.00471832e+02 4.82811920e+02
 4.34721619e+02 8.99249840e+00 6.74929688e+02 1.07339836e+02
 1.48876982e+01 1.01053101e+02 4.07870068e+03 3.28993011e+02
 1.86226721e+03 1.82332642e+02 3.28007317e+01 2.85206127e+01
 1.49788239e+02 4.13345703e+02 4.93373032e+01 6.30052719e+01
 3.58734474e+01 4.31531727e-01 1.13093292e+02 2.99050598e+02
 4.58959656e+01 3.25946503e+01 4.08162155e+01 6.15734100e-01
 6.27684448e+02 6.71508179e+01 2.65104767e+02 4.35430813e+00
 1.31838951e+01 8.12881088e+00 3.03556763e+02 1.17171104e+02
 7.70110168e+01 3.44902954e+01 6.24170990e+01 1.06667986e+01
 3.45824242e+01 4.01042137e+01 8.55219574e+01 3.76563950e+01],324.96637,[7.04485130e+00 1.35553608e+01 1.02491455e+02 4.32032089e+01
 1.54991970e+01 8.09224930e+01 8.35948730e+02 2.39028381e+02
 5.22978088e+02 2.11214364e-01 3.17298126e+02 2.25185822e+02
 3.98325109e+00 1.75203217e+02 1.97988861e+02 2.46914635e+01
 5.96774368e+01 4.23880625e+00 2.54900940e+02 7.69662537e+02
 5.39751465e+02 2.71023407e+01 2.12600311e+02 5.77859726e+01
 8.25681381e+01 1.20038498e+02 1.97796295e+02 1.26411575e+02
 1.89978653e+02 2.80769714e+02 9.50681000e+01 4.01938904e+02
 9.44172485e+02 2.68535209e+00 2.88198624e+01 3.61973152e+01
 9.09758911e+02 2.58767487e+02 9.80820129e+02 3.35465057e+02
 1.12907124e+01 3.66875005e+00 6.12445450e+01 3.81727943e+01
 1.91727875e+02 9.08757812e+02 3.56796265e+01 1.00198565e+01
 4.74413490e+01 6.27860146e+01 1.89420462e+00 4.25580263e+00
 9.43307495e+01 1.41133022e+01 1.26725407e+01 2.92866943e+02
 3.14721727e+00 5.90640259e+01 8.59050537e+02 1.05763466e+02
 5.65247650e+01 4.38915405e+01 3.26063385e+01 1.34439221e+03
 1.25005779e+01 2.08685516e+02 1.39897278e+02 6.91518555e+01
 5.38441277e+01 1.17436438e+01 1.53647842e+02 4.21528587e+01
 8.79561646e+02 5.19768620e+00 5.39977150e+01 4.54431030e+02
 1.36635036e+01 2.46328812e+01 1.28650255e+01 5.03708153e+01
 2.19938850e+00 4.81012024e+02 1.48536098e+00 7.96315857e+02
 3.30005524e+02 9.80509109e+01 8.63047333e+01 1.36820087e+01
 6.74965668e+01 8.14719081e-01 5.29721375e+02 2.48499813e+01
 1.04593460e+02 9.07736588e+01 2.60836914e+02 2.37251878e+00
 2.03942963e+02 6.51406002e+00 1.74559723e+02 7.59095917e+01
 2.20908249e+02 1.02336609e+02 1.60184921e+02 2.86338684e+02
 3.08683944e+00 9.82410526e+00 9.95285153e-01 5.93389160e+02
 7.21909485e+01 4.97433281e+01 5.72759705e+01 2.53232080e+03
 5.62029719e-01 3.15503082e+01 2.29888844e+00 2.03847641e+02
 2.75969910e+02 6.67717266e+00 6.81224632e+00 2.41183543e+00
 5.06756783e+01 8.47541213e-01 1.76881516e+02 8.65067200e+02
 2.43425179e+00 1.88567612e+02 1.12749890e+03 2.29535847e+01
 1.10252571e+01 1.11633618e+03 3.48144073e+01 1.11003952e+01
 9.93227291e+00 3.61466646e-01 1.92408875e+03 3.18930145e+02
 2.72100037e+02 7.46328186e+02 7.44818115e+01 1.64381073e+02
 9.76321602e+00 4.05077759e+02 2.97066528e+02 8.59854412e+00
 1.98342285e+02 4.61086884e+02 2.20172592e+02 8.84396210e+01
 3.00847702e+01 1.65931351e+02 3.38109665e+01 1.58674667e+02
 1.48619843e+02 2.08294888e+01 4.18178986e+02 2.20071335e+01
 1.03067883e+03 3.38672104e+01 4.38668489e+00 1.07119048e+00
 4.54953461e+02 1.00692726e+02 2.89665009e+02 3.15465374e+01
 6.03310432e+01 1.21699814e+02 1.03224747e-01 1.30703674e+02
 1.69701477e+02 1.03417552e+00 4.90231514e+01 5.50681915e+01
 4.98792114e+01 2.59364204e+01 2.43659725e+01 1.79137436e+02
 3.47168045e+01 3.44072357e+02 6.90709305e+01 4.41089749e-01
 3.40919724e+01 1.45239334e+02 1.30490677e+02 5.65074310e+01
 7.94928772e+02 2.20897446e+02 2.76224274e+02 3.55138474e+01
 2.53928299e+01 1.04669727e+03 7.13612976e+01 2.66013733e+02
 2.45452957e+02 1.88238125e+01 4.42592163e+01 1.62928734e+01
 3.36997843e+00 3.54200821e+01 4.24966644e+02 8.31057262e+00
 8.78809547e+00 6.74404602e+01 4.69533653e+01 3.78796844e+01
 5.18503479e+02 1.50975189e+02 1.26048815e+00 1.68984337e+01
 5.77598152e+01 1.04960779e+03 1.02589325e+02 8.98746338e+01
 2.91865873e+00 1.91077881e+02 2.22394211e+02 6.53408447e+02
 5.81662781e+02 1.43209515e+01 5.17708374e+02 5.12464294e+01
 2.88345265e+00 9.82358398e+01 1.27364062e+03 1.14425568e+02
 5.30648376e+02 1.48184052e+02 1.20969372e+01 9.80832767e+00
 8.66018295e+01 3.08316040e+02 4.32887306e+01 2.87783241e+01
 2.39119434e+01 1.94048792e-01 8.43079453e+01 2.82745087e+02
 1.77198792e+01 2.27469373e+00 7.01996994e+01 1.53347865e-01
 6.63971680e+02 4.76593895e+01 1.90685989e+02 2.39472413e+00
 1.19824600e+02 1.90040150e+01 2.27339767e+02 5.40580597e+01
 2.64610138e+01 2.37817993e+01 7.36664352e+01 1.03647804e+01
 9.51255646e+01 3.23517914e+01 4.10426331e+01 1.28053255e+01],-18.046476,-153.67566,-275.7741,1.7771323,5.8167553,0.8696285,0.9523318,0.018992817134857176,474.8204553127289,0.5,0.5,-0.11113584027777612,0.00181755500554284,-0.1110681973889606,0.001278941178988585,-0.6345225634553718,37.59999999999999,0.0,24750.0,-1.0,-766.0,750.0,11.15128755569458,25000
105.71716,0.027365321,0.11030169,0.0013895704,-104.586784,104.586784,[5.61777353e-02 1.21432710e-02 4.83436920e-02 1.44059081e-02
 1.95804480e-02 1.84298791e-02 3.70490462e-01 2.62662116e-02
 5.53111471e-02 5.88060543e-03 3.93522233e-02 2.83832345e-02
 5.71067259e-02 6.81235194e-02 1.03469547e-02 8.28061544e-04
 3.33853625e-02 1.82529911e-02 3.08068516e-03 9.76410601e-03
 1.15893260e-02 1.84630454e-02 2.70952601e-02 1.19441757e-02
 2.51244213e-02 9.18192603e-03 5.81130981e-02 1.78207016e+00
 1.31220594e-02 5.03808353e-03 1.71743125e-01 1.18302079e-02
 1.70925595e-02 2.33688653e-02 1.81405786e-02 1.77310407e-02
 4.10054252e-02 3.63113545e-02 2.96430942e-02 2.35735960e-02
 2.64788768e-03 3.50512005e-02 2.81939302e-02 1.13213360e-02
 4.59771939e-02 9.22809262e-03 2.68883444e-02 6.42498434e-02
 9.83134866e-01 4.52997833e-01 3.29862200e-02 2.02946998e-02
 3.86661924e-02 8.21596012e-03 1.83564091e+00 2.25995556e-02
 8.91183090e+00 1.49370566e-01 4.01589945e-02 9.92228184e-03
 3.89475748e-02 7.32008740e-03 2.51231752e-02 6.05762184e-01
 1.97402574e-02 2.06748601e-02 3.90961468e-02 3.30735743e-02
 1.72695443e-02 3.02199088e-02 2.32459065e-02 1.15507012e-02
 2.78131217e-02 6.26474842e-02 1.72456890e-01 2.49809176e-02
 4.63043600e-02 1.10158008e-02 2.27652513e-03 5.72834760e-02
 1.11746285e-02 3.44716571e-02 1.05333149e-01 2.88527161e-02
 5.80035560e-02 1.93511605e+00 2.45212257e-01 5.26757492e-03
 7.28556812e-02 7.53523782e-03 9.55629908e-03 8.13570805e-03
 2.55833603e-02 2.76989602e-02 4.82040383e-02 7.16619730e-01
 6.90529216e-03 3.04248691e-01 1.33064501e-02 4.55407560e-01
 4.79323193e-02 1.46734007e-02 3.74439545e-02 1.39901461e-02
 8.08562115e-02 1.25769163e-02 2.05852985e-02 5.13058007e-02
 6.41612560e-02 3.59696038e-02 1.19682126e-01 1.17818350e-02
 5.34143206e-03 2.28238758e-02 4.34915647e-02 3.43307969e-03
 2.37449687e-02 2.70225126e-02 4.45942814e-03 4.78353947e-02
 1.52024338e-02 8.32254346e-03 6.18667305e-02 7.78141990e-02
 1.33104827e-02 2.30307244e-02 2.24475265e-02 4.69660573e-02
 2.10082904e-02 9.81592666e-03 3.68444547e-02 2.24577151e-02
 1.37993786e-02 9.16483551e-02 3.18553597e-02 1.01157799e-02
 1.03873536e-02 5.56832790e-01 3.75820473e-02 1.31898681e-02
 1.90240288e+00 1.32093998e-02 1.45029891e-02 1.13565344e-02
 2.82527804e-02 2.86999512e-02 8.90690088e-03 1.24138575e-02
 2.36953404e-02 3.34220342e-02 1.43092889e-02 5.94428301e+00
 1.32426526e-02 1.73966605e-02 1.07233636e-02 3.59444544e-02
 1.13216877e-01 3.82314250e-02 2.15358492e-02 8.32151994e-02
 2.45350562e-02 1.25572443e-01 9.79409646e-03 1.42783821e-02
 2.61405148e-02 1.33696854e-01 2.73672603e-02 4.28298414e-02
 2.42731869e-02 2.24026942e+00 2.33541243e-02 3.39490938e+00
 2.75385082e-02 1.29537890e-02 8.46812129e-03 1.27679445e-02
 5.06604277e-03 2.67097764e-02 2.74139106e-01 8.51239264e-03
 2.50455700e-02 3.72630022e-02 3.45932469e-02 1.03517370e-02
 9.13984478e-02 8.54729861e-02 4.73571233e-02 2.02667937e-02
 4.83285170e-03 1.29438154e-02 2.57763658e-02 1.77881345e-02
 6.72829673e-02 4.14994135e-02 3.12718678e+00 8.23688060e-02
 2.49501690e-02 1.18501559e-02 8.97813961e-03 2.52198502e-02
 2.44235881e-02 2.16904543e-02 2.96850856e-02 1.42011732e-01
 6.24355221e+00 1.77440882e-01 2.82855749e-01 2.85396528e+00
 2.39587054e-02 4.77029197e-02 5.78884557e-02 3.56552638e-02
 1.00051069e+00 7.82850742e-01 5.19866049e-02 1.10641299e-02
 6.00424875e-03 2.37494856e-02 3.57751595e-03 3.02487239e-02
 9.70600843e-02 7.97953643e-03 1.28125418e-02 3.27385962e-02
 2.72577647e-02 1.87019050e-01 3.38054508e-01 2.38687880e-02
 1.54581927e-02 1.96474120e-02 9.91107337e-03 8.98556113e-02
 4.26328070e-02 3.38349193e-02 6.35827035e-02 6.01419322e-02
 7.58126564e-03 2.93812230e-02 2.25517489e-02 5.66112809e-03
 1.33426636e-01 2.53380742e-02 8.98047984e-02 5.16156629e-02
 4.53372113e-03 2.80012861e-02 1.89766943e-01 3.17803621e-01
 3.10686193e-02 8.22024286e-01 2.29705125e-02 1.89235508e-02
 6.31507412e-02 3.66716474e-01 1.37558850e-02 1.65746491e-02],0.24085322,[9.41357762e-03 1.84105393e-02 5.21991514e-02 3.24879512e-02
 3.99920233e-02 5.16404621e-02 1.78977370e-01 6.40948117e-02
 1.83305293e-02 2.55913138e-02 1.19641773e-01 1.92927532e-02
 3.40448432e-02 1.39492705e-01 3.05201039e-02 4.97724190e-02
 1.00709677e-01 4.58087847e-02 1.93603467e-02 5.83896488e-02
 6.34205267e-02 4.42207120e-02 3.20635848e-02 4.59539853e-02
 4.75281850e-02 4.85357121e-02 7.97657948e-03 3.24430609e+00
 4.30571288e-02 1.41546782e-02 2.23006889e-01 1.82432346e-02
 3.72627750e-02 3.62321250e-02 8.37493464e-02 2.01409813e-02
 2.99225710e-02 2.68139634e-02 4.27276008e-02 5.45851141e-02
 5.73923737e-02 4.56661358e-02 3.93859521e-02 2.70337556e-02
 4.47037071e-02 3.29104736e-02 2.68729422e-02 6.88150749e-02
 3.56794298e-01 3.12066847e-03 5.19050807e-02 2.98952591e-02
 6.37301877e-02 2.57397741e-02 8.12086314e-02 6.90463036e-02
 6.48796940e+00 1.92767572e+00 6.82362840e-02 3.06605343e-02
 3.75623293e-02 2.25290991e-02 5.49806207e-02 4.61542815e-01
 4.57586944e-02 1.51920808e-03 6.34211600e-02 1.24018379e-02
 4.36717272e-02 3.51914391e-02 4.16089110e-02 3.97324786e-02
 4.57405187e-02 4.94628809e-02 6.85414746e-02 2.21867394e-02
 2.36906540e-02 9.91292764e-03 4.80831005e-02 5.46113476e-02
 3.41648385e-02 3.46228927e-02 1.72613114e-01 6.55479208e-02
 8.15679133e-02 9.76249576e-01 1.76354527e+00 2.93565132e-02
 1.11169755e-01 9.46818758e-03 4.57477309e-02 1.14828404e-02
 3.05178221e-02 3.76820974e-02 4.46097031e-02 4.93287146e-01
 1.12318946e-02 3.60029042e-01 1.27051817e-02 3.85194756e-02
 1.88640133e-02 4.07241620e-02 3.17011178e-02 3.27488743e-02
 1.79144695e-01 4.12600413e-02 2.62049556e-01 6.66227937e-02
 8.66973549e-02 4.40990143e-02 1.26331285e-01 2.06749979e-02
 1.79625880e-02 3.04545797e-02 4.16776650e-02 2.90944539e-02
 3.68702188e-02 4.63779159e-02 2.55845655e-02 2.49212403e-02
 1.72932111e-02 1.05292909e-02 5.21716885e-02 9.92082804e-02
 1.23239458e-02 4.86979969e-02 3.52374874e-02 3.61480601e-02
 2.05711164e-02 1.24461241e-01 3.48167960e-03 4.18302938e-02
 5.54013699e-02 1.52826533e-01 6.37587234e-02 3.85848396e-02
 3.03248260e-02 5.17054021e-01 4.49526273e-02 2.79326811e-02
 6.04330562e-02 1.51299918e-02 3.44529748e-02 1.18269743e-02
 4.02735583e-02 2.65332460e-02 2.43491996e-02 9.41418391e-03
 5.15168980e-02 1.10652046e-02 2.29012058e-03 1.10397868e-01
 2.41046436e-02 4.24314737e-02 2.84440368e-02 3.12284827e-02
 1.63137928e-01 4.15025726e-02 6.32044673e-02 2.53466330e-02
 3.39890942e-02 1.84160657e-02 3.35583463e-02 1.41441356e-02
 2.81212665e-02 1.61767304e-01 3.86303216e-02 1.17804958e-02
 1.79966111e-02 2.13475227e-01 3.59278992e-02 4.28594112e-01
 5.13640977e-02 8.02465677e-02 1.09759113e-02 4.68435735e-02
 2.59880647e-02 3.20358612e-02 3.82857591e-01 9.12088901e-03
 2.07168274e-02 3.61694172e-02 2.27909703e-02 1.16876187e-02
 1.28619969e-01 2.86408275e-01 7.39907101e-02 5.40580973e-02
 3.82572524e-02 3.44440192e-02 2.58912873e-02 3.89041230e-02
 5.52395880e-02 3.31621654e-02 1.28268707e+00 8.09171945e-02
 1.74539275e-02 3.54149416e-02 2.43912674e-02 4.37946841e-02
 2.94795185e-02 3.72597985e-02 2.40414105e-02 1.49467573e-01
 1.62858814e-02 6.75349414e-01 1.92642784e+00 2.48576045e-01
 7.80071244e-02 5.84751442e-02 6.81399852e-02 3.63874100e-02
 1.19489789e-01 1.70445836e+00 2.49185134e-02 2.71398649e-02
 1.44169563e-02 3.72769460e-02 1.01911211e-02 6.45496175e-02
 8.49530995e-02 4.54729497e-02 2.34551961e-04 4.86071594e-02
 3.15870009e-02 1.29575372e+00 3.22727829e-01 3.81623730e-02
 4.06297967e-02 3.76141071e-02 9.06768162e-03 7.67218024e-02
 3.61898057e-02 5.54603823e-02 7.44068101e-02 1.43053196e-02
 8.71329196e-03 3.76119241e-02 2.17247987e-03 1.70914344e-02
 2.36328058e-02 2.68418416e-02 4.53988053e-02 5.80125824e-02
 1.25263222e-02 6.37347624e-02 2.90580466e-02 1.62661269e-01
 4.96425256e-02 2.70976454e-01 5.44068031e-02 6.10939190e-02
 9.62591693e-02 5.99830627e-01 3.43629345e-02 2.99111661e-02],-91.01807,-108.64711,-185.3469,1.0253497,2.400649,0.920344,0.926426,4.8097754,-7.4457793,87.50702,138.63478,2.6821976,0.3313648,0.2336345,-132.63893,132.63893,[1.87184891e+02 3.63051772e+00 1.98870148e+02 1.04427979e+02
 2.02449387e+02 6.10496521e+01 1.08715157e+02 1.92878891e+02
 3.82801758e+02 3.83202820e+01 1.07945433e+01 4.53023758e+01
 4.10496704e+02 1.51626233e+03 7.22380615e+02 1.45682846e+02
 3.63414268e+01 6.14403772e+00 4.98698090e+02 4.33102051e+02
 1.57906693e+02 1.35791718e+02 1.85122513e+02 6.78996277e+01
 9.77082947e+02 3.64719946e+03 2.07925339e+02 3.05973755e+02
 1.38861176e+02 1.96379623e+02 5.21154663e+02 4.06508362e+02
 1.99524651e+01 2.70802887e+02 5.44091797e+02 3.92942566e+02
 1.82703381e+03 3.35094185e+01 4.98722000e+01 2.76667999e+02
 6.55723495e+01 6.05101280e+01 2.93041443e+02 2.15408821e+01
 1.21474533e+01 3.62118011e+02 1.19100403e+02 1.10687271e+02
 1.32683914e+02 2.12530869e+02 3.17323071e+03 7.98816284e+02
 3.74955215e+01 6.16988373e+01 1.20399141e+01 7.80330933e+02
 1.52808609e+02 1.88514923e+02 2.94279823e+01 3.96321106e+02
 4.13200073e+02 1.25564461e+01 8.82207581e+02 1.02854385e+01
 2.26150009e+02 9.93891907e+02 2.65133667e+01 3.42369728e+01
 1.31674545e+02 1.02845169e+02 9.96430492e+00 6.21863899e+01
 6.61631622e+01 1.70326660e+03 1.11347404e+02 4.83277710e+02
 5.72979309e+02 4.32771492e+01 2.24313797e+02 6.42968018e+02
 8.16496685e-02 6.58392639e+01 6.98770447e+01 3.10239624e+02
 4.69315243e+00 1.94533661e+02 5.80265570e+00 7.30991577e+02
 1.65911903e+01 6.54272842e+01 9.50976715e+01 3.11820908e+01
 3.59619141e+03 5.23722656e+02 1.05858536e+02 8.71363602e+01
 1.88315659e+01 5.45739365e+01 8.44517969e+03 1.29823792e+02
 3.25166779e+01 1.99721985e+02 1.38159821e+02 1.09224297e+02
 1.97679749e+02 4.55232361e+02 2.73400452e+02 7.43830719e+01
 7.85520020e+01 1.84062023e+01 2.83002777e+02 7.57047272e+01
 1.53962097e+01 2.41443817e+02 6.10169141e+03 1.07941956e+03
 5.62112961e+01 1.85478500e+02 6.00736816e+03 9.58201294e+01
 1.04511194e+03 4.82585645e+03 9.12367798e+02 1.69757721e+02
 1.95389465e+02 8.42276840e+01 8.52761841e+02 4.52017450e+00
 2.33845215e+01 3.42983704e+02 8.14793091e+01 6.72357605e+02
 4.69766815e+02 8.65615463e+00 1.15963379e+02 3.57058601e+01
 4.29839020e+02 2.44163745e+03 3.92963104e+02 6.73067322e+01
 1.02092273e+03 6.04032755e+00 3.39247322e+01 2.05975699e+00
 1.83531601e+02 2.60515380e+00 9.72773926e+02 5.85764427e+01
 8.95369720e+01 4.20363655e+01 1.59381897e+03 4.24299835e+02
 1.33895984e+03 2.18757050e+02 1.61228223e+03 6.32447433e+01
 3.64063263e+01 9.33022919e+01 7.46039200e+01 4.98881769e+00
 4.95825958e+01 2.39953873e+02 5.36296806e+01 2.05893372e+02
 9.17146362e+02 1.35926743e+02 1.31203117e+01 4.76051903e+01
 4.20339813e+01 1.13050687e+00 2.54229294e+02 4.79585541e+02
 5.98045998e+01 6.64823181e+02 1.18287334e+01 4.57368126e+01
 4.18080872e+02 3.13387329e+02 2.41127881e+03 1.53158539e+02
 1.79182434e+01 8.82919006e+01 5.77571594e+02 3.45952454e+02
 3.75854919e+02 4.05426941e+01 6.68839569e+01 5.08394409e+02
 8.72324829e+01 3.79630089e+01 2.41632233e+02 4.00760498e+03
 2.76347084e+01 2.73542213e+01 2.82245636e+01 1.77655396e+03
 5.05349016e+00 3.25694641e+02 2.34475601e+02 4.27436676e+02
 4.38825928e+02 2.19517822e+01 1.16962681e+01 3.74793671e+02
 6.32265015e+02 1.21884857e+02 1.99008881e+02 2.33873425e+01
 1.15150356e+01 2.45127697e+01 4.67110229e+02 1.78617954e+01
 5.34389687e+01 3.94902832e+03 2.85448242e+02 2.53432827e+01
 5.40512756e+02 2.45234253e+02 2.46227112e+02 1.28332734e+00
 9.96968508e-01 3.04227808e+03 3.37859070e+02 4.62910278e+02
 4.95372009e+02 3.33000275e+02 2.20317879e+01 1.55480698e+02
 2.84609253e+02 4.47822571e+01 7.30493011e+01 2.71949978e+01
 2.71606506e+02 4.58506134e+02 2.73589905e+02 2.96336365e+01
 1.82239780e+01 2.44834885e+02 6.59135803e+02 1.76634045e+03
 3.97684052e+02 2.81818882e-02 5.58086304e+02 2.46796127e+02
 3.20286560e+02 1.51047165e+02 7.33377832e+03 5.28355484e+01
 5.56215782e+01 8.99929199e+01 5.94770752e+02 2.88516479e+02
 1.74389587e+02 3.67151666e+00 6.24364319e+02 1.92499447e+00],474.67993,[4.12914673e+02 2.56705976e+00 1.58698395e+02 1.23604145e+01
 2.14730957e+02 5.69330750e+01 5.85292768e+00 2.00919235e+02
 3.66378082e+02 5.21433372e+01 1.67977936e+02 5.01802559e+01
 2.52501316e+01 2.14106186e+02 3.03253632e+02 3.83614502e+01
 5.00517578e+01 9.17353134e+01 1.55696106e+02 2.72103500e+01
 1.77768417e+02 8.78932381e+00 1.50719086e+02 1.22730179e+01
 2.37240906e+01 1.30976355e+03 1.75809479e+02 1.51743988e+02
 1.48801514e+02 5.35697222e+00 2.91357098e+01 5.49903336e+01
 1.29816589e+01 1.80172745e+02 1.78367905e+02 5.35556374e+01
 5.82269165e+02 1.17707653e+01 1.00942984e+01 1.77096451e+02
 2.43662987e+01 1.14168144e+02 1.97823792e+02 4.08639336e+00
 8.50973225e+00 2.87224396e+02 1.26285446e+02 1.34941874e+01
 6.99714203e+01 1.32426331e+02 3.44342017e+03 6.12257751e+02
 5.11208954e+01 7.42511139e+01 3.16876173e+00 1.13139197e+03
 6.28191910e+01 5.12437134e+02 8.25049133e+02 2.01934280e+02
 3.94924812e+01 2.43494844e+00 3.31577148e+02 2.33835697e+00
 7.79110718e+01 2.01802100e+03 1.05725298e+01 3.18771400e+01
 1.13351120e+02 8.78581226e-01 6.58995628e+00 7.94276352e+01
 6.78840408e+01 1.27656213e+03 2.14200409e+02 1.86625671e+02
 5.44202942e+02 2.88208828e+01 9.84981441e+00 5.67192444e+02
 4.60939575e-03 3.78239403e+01 1.18658493e+02 1.23908409e+02
 1.31077552e+00 2.62974884e+02 1.54442668e+00 1.83654160e+02
 1.62197723e+02 1.61916565e+02 2.63908768e+01 4.51295547e+01
 1.22080536e+01 6.52494507e+01 2.81106644e+01 1.84324463e+02
 1.01236744e+01 6.09176140e+01 5.37468384e+02 2.10796585e+02
 4.83182526e+01 1.32085999e+02 1.24641563e+02 8.70898590e+01
 6.73673248e+01 2.44621033e+02 2.06779388e+02 6.14928017e+01
 4.82232285e+01 2.06648083e+01 1.83291412e+02 3.54116392e+00
 4.46085434e+01 3.61462097e+01 2.22990540e+02 4.22351990e+02
 2.73816528e+01 7.30063477e+01 5.86501099e+02 3.52650909e+01
 8.19434265e+02 6.49802393e+03 1.41600052e+02 9.59599533e+01
 1.87899704e+02 1.19432306e+01 3.87240448e+02 2.39566863e-01
 1.35414209e+01 2.39082809e+02 7.51057911e+00 1.79536621e+02
 4.81985901e+02 4.85326719e+00 1.86759888e+02 4.13304657e+02
 4.22326752e+02 1.82505139e+03 4.05144714e+02 3.03756218e+01
 2.32612095e+01 4.44658041e+00 3.34125557e+01 7.19557476e+00
 1.60226196e+02 4.14822540e+01 1.11584253e+03 2.10245342e+01
 2.49530048e+01 5.00406647e+01 2.34076324e+02 3.19509277e+02
 9.88942749e+02 2.64049397e+01 3.21354523e+02 5.56011734e+01
 6.52526093e+01 2.59867004e+02 1.23083849e+01 2.28457737e+00
 2.02255383e+01 3.39538452e+02 6.78257370e+01 1.70012665e+01
 1.18113757e+03 7.59635258e+00 2.18897748e+00 1.38889038e+02
 5.58581314e+01 9.49664154e+01 2.64785645e+02 2.54067093e+02
 1.39079456e+01 1.04410522e+02 4.92880554e+01 1.38180237e+02
 2.62037537e+02 7.22971296e+00 1.11375710e+02 1.36403992e+02
 8.19795990e+00 1.26287407e+02 1.34108612e+02 3.91217194e+01
 7.16947479e+01 2.11676865e+01 8.99665451e+01 1.71525009e+02
 7.19710464e+01 1.37222099e+01 2.30480149e-01 7.62320557e+02
 5.35028505e+00 3.37751740e+02 1.69601135e+01 2.20404102e+03
 4.84119892e+00 9.02233353e+01 2.86754341e+01 2.13203796e+02
 2.54311157e+02 4.95876389e+01 3.30956078e+00 2.05576859e+02
 4.05127991e+02 6.88877258e+01 5.93614769e+01 2.04562378e+01
 2.43245831e+01 3.08747311e+01 2.30729584e+02 1.11402573e+02
 3.29704819e+01 4.40112451e+03 2.48942947e+01 1.94515133e+01
 2.07606554e+00 3.76600220e+02 6.14783997e+02 2.29465514e-01
 7.54939651e+00 1.27496362e+03 5.27553444e+01 7.66337433e+01
 1.71932888e+01 8.70866623e+01 6.70256805e+01 1.57668289e+02
 1.03272354e+02 2.86284485e+02 1.83492538e+02 8.40624619e+01
 1.81535919e+02 1.67852493e+02 2.08376129e+02 1.23434520e+00
 2.17178956e-01 1.04248734e+02 6.14901924e+01 9.89101440e+02
 3.98591064e+02 1.92240829e+01 3.61085916e+00 4.81135254e+01
 1.57073914e+02 1.73313156e+02 1.24746533e+03 1.15087326e+02
 1.66938736e+02 1.69123459e+01 1.57551294e+03 5.23070765e+00
 2.30592285e+02 2.91669250e+00 9.09141113e+02 2.34008908e+00],-34.530643,-136.60602,-253.52777,2.2567534,8.162078,0.8140498,0.95919776,0.014803072910308837,844.8972971439362,0.5,0.5,-0.18652015312090178,0.00021977070365026869,-0.18652998331108228,-0.0001161975468413357,-0.6777043225635939,37.59999999999999,0.0,49500.0,-1.0,-758.0,750.0,10.778878927230835,50000
108.38366,0.06654146,0.1332987,0.0014373687,-106.98413,106.98413,[2.84823705e-03 7.64231570e-03 1.63187389e-04 9.76894889e-03
 1.11685917e-01 3.53115657e-03 3.14353104e-03 3.37417005e-03
 1.18149295e-02 1.18789659e-03 2.10833997e-02 1.97818726e-02
 1.47711225e-02 4.02193575e-04 7.05641648e-03 2.23456707e-04
 1.93662685e-03 1.89641882e-02 2.41289232e-02 4.13304344e-02
 6.12239428e-02 1.41875376e-03 2.60371272e-03 5.59777254e-05
 2.05302704e-03 4.48884256e-03 1.44897401e-03 4.44647521e-02
 5.84806651e-02 1.53581519e-03 3.41485580e-03 3.18628852e-04
 2.23173097e-01 2.51357816e-03 8.87645001e-04 3.27925850e-03
 3.52819962e-03 1.88451055e-02 4.14976552e-02 4.70512435e-02
 1.31316576e-03 1.89541047e-03 2.01064236e-02 7.13846553e-03
 2.66271690e-03 2.80789863e-02 1.06861275e-02 4.09426447e-03
 9.44205467e-03 1.25675485e-03 1.97289104e-04 1.58516970e-03
 1.09499553e-04 7.32213538e-03 6.55593409e-04 4.81593981e-03
 4.27847914e-03 6.24383334e-03 2.84080091e-03 1.65967631e+00
 5.62864775e-03 5.20730056e-02 2.12920345e-02 1.65376842e-01
 4.57281619e-02 8.38998426e-03 3.08895290e-01 8.39163363e-03
 1.52758765e+00 3.68527276e-03 1.04222976e-01 3.33143305e-03
 3.25338207e-02 2.50816392e-03 9.56145395e-03 4.69008461e-03
 1.03027583e-03 2.69269720e-02 5.37446060e-04 2.19580308e-02
 5.68396784e-03 3.03397537e-04 1.22929243e-02 9.01032146e-03
 5.77181950e-03 1.12835700e-02 1.29372813e-03 6.64195325e-03
 1.35116745e-03 6.28710259e-04 5.00976369e-02 1.02321021e-02
 8.43741291e-04 2.83709774e-03 4.70535904e-02 1.78763938e+00
 1.52159040e-03 2.31331661e-02 3.92435007e-02 1.22811813e-02
 2.70151758e+00 3.11925332e-03 4.14739735e-03 1.41183838e-01
 1.67379761e+00 1.70475215e-01 2.17714645e-02 1.19900389e-03
 5.43092191e-03 1.84355341e-02 6.08609710e-03 6.58977358e-03
 5.07287420e-02 3.50822136e-03 1.82330329e-03 1.29287527e-03
 2.93243024e-03 1.40409591e-02 1.22193322e-02 1.34598324e-03
 3.58466199e-03 3.99634382e-03 1.70167442e-03 7.34941382e-03
 1.51047076e-04 5.55016240e-03 2.46811748e-01 1.75570883e-03
 3.11115058e-04 1.11718953e-03 1.93088129e-03 2.52390318e-02
 1.42320460e-02 1.43305108e-01 1.64614820e+00 3.16337049e-01
 1.74951792e-01 2.31958018e-03 3.35896038e-03 6.11152034e-03
 8.89453292e-02 6.58363104e-01 1.10451221e-01 6.16613682e-03
 7.83396699e-03 1.12581146e+00 6.39906211e-04 8.46480489e-01
 1.01493609e+00 6.20651804e-03 4.33748700e-02 8.30961578e-03
 1.23970616e+00 2.02045158e-01 2.25792453e-02 5.99026494e-03
 2.70080045e-02 1.13380756e-02 6.26034755e-03 1.24578960e-02
 1.05087072e-01 4.40431759e-03 4.60848969e-04 5.78359980e-03
 1.41658820e-03 2.79941189e-04 2.20831414e-03 5.01108938e-04
 1.41478330e-01 2.83504976e-03 2.98542203e-03 6.26907276e-04
 2.28591442e+00 7.90014118e-03 2.54844734e-03 9.29849315e-03
 7.26455003e-02 2.02189258e-04 3.83465376e-04 2.72728875e-02
 2.89190793e-05 1.06697017e-02 5.04931092e-01 2.30709324e-03
 3.70413181e-04 1.07967421e-01 7.50977593e-03 2.03855917e-01
 5.11761894e-03 1.96107566e-01 6.70727864e-02 3.46402614e-03
 9.18675680e-04 3.00029457e-01 5.86108528e-02 1.11950794e-03
 3.58965853e-03 4.31873277e-02 2.10849848e-03 1.49167376e-02
 1.66511349e-03 6.62663253e-03 5.30820526e-03 2.75066346e-02
 6.62918994e-03 1.99298579e-02 5.81510365e-03 7.83733744e-03
 1.03677334e-02 1.63028017e-05 5.49845677e-03 3.17140075e-04
 1.23181241e-02 1.37952238e-01 3.97673875e-01 4.65957448e-03
 3.70142341e-04 2.25256737e-02 1.60087459e-03 2.37176730e-03
 4.05358709e-03 5.40274158e-02 7.60675192e-01 3.10226134e-03
 6.64462917e-04 2.44994741e-03 1.98329380e-03 1.92620046e-03
 1.56869669e-03 9.23600979e-03 3.74395167e-03 4.95517373e-01
 1.22055989e-02 2.66961567e-02 2.94976984e-03 3.29291448e-03
 1.37169962e-04 1.41706550e-04 2.04698648e-03 2.88447319e-03
 4.23505592e+00 1.17468759e-02 1.32241864e-02 7.79098511e-01
 1.20116491e-03 2.88424455e-03 1.73895713e-03 3.35587247e-04
 1.08726081e-02 9.27454457e-02 5.38931429e-01 1.31089473e+00
 5.22722770e-03 9.64312069e-03 5.87118696e-03 1.92426436e-04],0.1750029,[5.42869908e-04 6.80645462e-03 2.26756383e-04 6.90375082e-03
 1.23839885e-01 1.06247980e-02 2.89031595e-04 5.22331428e-03
 9.21510160e-03 1.21716643e-03 6.80762064e-03 1.38744235e-01
 3.68286623e-03 2.15527660e-04 8.50425847e-03 3.22602282e-04
 2.06180406e-03 1.44589311e-02 9.36335884e-03 1.92606673e-02
 8.72016326e-03 8.68700736e-04 1.96859764e-04 4.93541011e-05
 7.92252924e-03 1.82012888e-03 2.46330071e-03 3.61061603e-01
 1.36333600e-01 6.41617517e-04 3.54832201e-03 5.37888263e-05
 3.83402318e-01 1.24652474e-03 3.56380478e-03 5.53868758e-03
 4.14932566e-03 2.36166436e-02 1.12069594e-02 2.67529190e-01
 7.43909332e-04 7.65615201e-04 1.79410167e-02 1.40694110e-03
 2.63500982e-03 2.26304084e-02 7.17454683e-03 1.18283276e-03
 5.22300787e-03 6.38712954e-04 1.33384019e-03 2.94114114e-03
 5.16253582e-04 8.16535950e-03 2.51890218e-04 2.48530344e-03
 2.10865098e-03 5.58570493e-03 6.96898252e-03 1.99231356e-02
 4.17884951e-03 5.61636165e-02 1.88637190e-02 9.97843593e-02
 3.85940708e-02 1.32828206e-03 5.06173167e-03 7.86144659e-03
 5.17090745e-02 2.81506800e-05 1.66370720e-02 1.06743891e-02
 5.76392338e-02 5.55796782e-04 5.12181374e-04 1.71828317e-03
 5.73473703e-03 1.22645893e-03 1.85484672e-03 1.43159563e-02
 1.80282374e-03 5.00195718e-04 2.34296126e-03 2.15548615e-04
 6.41255267e-03 6.01434521e-03 4.92461142e-04 5.23347408e-03
 4.24018363e-03 1.12508680e-03 4.67615426e-02 1.52176304e-04
 3.25801375e-04 4.11768258e-03 5.50270174e-03 1.48024988e+00
 3.82380672e-02 1.56551506e-02 4.74547260e-02 4.38811583e-03
 4.71861690e-01 2.74191448e-03 1.75138027e-03 4.54970524e-02
 5.53295612e-02 1.99230239e-02 2.11222768e-02 1.34928408e-03
 1.88782602e-03 2.13290825e-02 2.34400155e-03 4.17253841e-03
 2.24393345e-02 1.06255524e-03 6.57350756e-03 1.07407267e-03
 8.12210666e-04 4.69147973e-03 5.99520933e-03 2.43227906e-03
 4.07882361e-03 5.96992113e-03 2.98792217e-03 1.10738389e-02
 4.39049036e-04 2.91986996e-03 2.04257935e-01 3.23552936e-02
 6.59344369e-04 2.42291996e-03 6.06525748e-04 9.72252060e-03
 2.12382595e-03 1.38740212e-01 2.05504209e-01 1.42717230e+00
 2.18209982e-01 6.80923648e-03 2.31614383e-03 6.65575545e-03
 1.03238272e-03 3.62906188e-01 4.64151576e-02 6.83886325e-03
 8.27543531e-03 9.90853980e-02 4.99812071e-04 3.90133679e-01
 3.50665987e-01 4.24115732e-03 5.83665445e-02 5.93957398e-03
 4.22974765e-01 4.44106907e-02 1.62628740e-02 2.44345702e-03
 5.29935397e-03 1.68718304e-03 6.49294071e-03 1.75915845e-03
 7.22547472e-02 1.73974142e-04 2.68685457e-04 2.02654023e-02
 2.52168346e-03 2.48814293e-04 2.93744123e-03 1.10531598e-03
 1.02747455e-01 4.45312308e-03 7.33055698e-04 4.31854103e-04
 2.58547813e-01 1.00535247e-03 1.05601433e-03 1.46524282e-04
 1.19778112e-01 1.32493034e-03 3.62599792e-04 1.72746032e-02
 1.79696886e-04 5.19611361e-03 1.28376514e-01 4.48821695e-04
 3.46368295e-04 3.90474051e-02 4.35911305e-03 1.49746254e-01
 5.23002259e-03 2.35846221e-01 2.28524189e-02 2.71220831e-03
 1.31433271e-03 4.77722913e-01 4.14682701e-02 1.81611255e-03
 3.61650134e-03 2.84043588e-02 1.59456022e-03 7.80827925e-03
 1.75896008e-03 1.88388792e-03 3.81301297e-03 2.61108819e-02
 3.55096126e-04 1.53338592e-02 1.01005379e-03 1.07555389e-02
 1.06285475e-02 2.62414012e-03 9.64850187e-03 4.17509640e-04
 2.02669855e-02 6.56434011e+00 9.01280195e-02 5.86444419e-03
 5.08823723e-04 1.33832265e-02 1.06566411e-04 5.69426047e-04
 1.04518898e-03 5.86654395e-02 3.25284100e+00 2.14965106e-03
 3.52310762e-03 4.04214300e-03 1.24712661e-03 5.88787487e-03
 1.17808301e-03 5.75652719e-03 6.64454233e-03 3.01255491e-02
 1.48570398e-03 4.73885462e-02 1.40870945e-03 9.86807281e-04
 2.68269621e-04 2.62823794e-03 8.12720100e-04 8.14629777e-04
 1.01072626e+01 6.66753203e-03 4.70007304e-03 1.23783290e-01
 1.38243698e-02 6.94218150e-04 2.09151465e-03 7.52284250e-04
 2.47307238e-03 2.62617320e-02 3.55945416e-02 3.20004150e-02
 1.93151506e-03 2.41008773e-03 1.74625893e-03 8.48487252e-04],-91.7135,-111.380356,-287.0949,1.0361152,2.5504704,0.86567354,0.9272549,3.3477106,-3.1128085,35.650333,138.11748,3.227853,0.3843752,0.3004087,-131.04587,131.04587,[2.71004700e+02 7.25903749e+00 9.51941956e+02 8.13784027e+01
 3.86165955e+02 2.07404175e+02 1.81762142e+01 3.34153023e+01
 8.21115112e+01 2.45515381e+03 5.33136414e+02 8.72704601e+00
 5.27758423e+02 5.71120300e+02 2.00474854e+02 4.67420578e-01
 5.79214287e+01 2.32283440e+01 1.34544006e+02 1.15380831e+01
 3.13952271e+02 4.64040565e+00 1.55793884e+02 3.33101921e+01
 1.24972839e+02 1.64837173e+02 2.94850712e+01 2.53238926e+01
 8.28666000e+01 5.29344141e+03 8.47745728e+02 4.28782715e+02
 1.51664484e+00 3.54686432e+01 1.61184616e+02 2.72657909e+01
 8.96488476e+00 2.55681198e+02 1.34349945e+02 1.87354355e+01
 4.69942413e+02 4.23322868e+01 2.04748215e+02 1.07417231e+01
 9.35203705e+01 7.34060425e+02 1.92492783e+02 7.74994751e+02
 2.31735935e+01 3.56462939e+03 1.03966705e+02 3.04014038e+02
 8.28599243e+01 2.44936096e+02 7.91853149e+02 1.52290543e+02
 3.68847748e+02 3.72319580e+02 2.01296021e+02 3.33824707e+02
 3.89523201e+01 4.20865402e+01 2.71420624e+02 2.98134094e+02
 1.44532166e+02 1.18508850e+03 6.14227409e+01 4.43119240e+00
 8.87979584e+01 1.89900574e+03 2.07270294e+02 1.29320650e+01
 3.33916321e+02 3.63226280e+01 1.75439739e+00 1.91502014e+02
 3.69571037e+01 1.49669685e+01 5.21731529e+01 1.93291763e+02
 3.43765625e+02 1.98709679e+01 8.34530212e+02 4.61509094e+01
 4.32990417e+02 9.32602921e+01 9.80450363e+01 4.13240585e+01
 1.20845451e+02 2.13120874e+03 7.87189941e+01 1.83409500e+01
 1.27171448e+02 1.09633392e+02 1.37543411e+02 2.37144669e+02
 6.92176636e+02 2.81600494e+02 1.44116870e+03 2.05889209e+03
 6.59456848e+02 5.91668762e+02 1.76804972e+00 9.31866989e+01
 2.09944344e+01 4.81087952e+01 1.86108566e+02 1.64187813e+01
 7.08283264e+02 1.76276611e+03 8.05787811e+01 1.72381325e+01
 8.76938477e+01 7.96508484e+01 1.12356157e+01 4.81431732e+01
 7.43628311e+01 4.66553879e+01 7.70398499e+02 3.29014313e+02
 5.06664124e+01 3.06175442e+01 2.66554165e+01 3.58325806e+01
 5.81511345e+01 1.66945953e+02 1.51681473e+02 3.60705376e+01
 7.76278931e+02 1.36413269e+03 2.01877304e+02 6.31638107e+01
 3.17510948e+01 1.98919312e+02 9.99126587e+02 1.35606720e+02
 7.79168396e+01 9.69153442e+02 1.28763947e+02 2.08677441e+03
 1.49328113e-02 9.44287720e+01 3.52705566e+02 1.39783740e+03
 1.00665210e+03 7.80815506e+01 4.31096764e+01 1.88487110e+01
 7.43490479e+02 7.47124573e+02 3.77270222e+00 1.13125587e+02
 5.66736717e+01 1.13943359e+02 9.15858917e+01 8.67649937e+00
 3.73609924e+02 7.47281189e+01 4.10585938e+01 1.54694941e+04
 1.03966728e+02 7.07904358e+02 3.06367462e+02 6.52407990e+01
 6.83377151e+01 6.70165122e-01 9.88205811e+02 4.45375031e+02
 1.26603706e+02 6.14694702e+02 4.42428970e+01 2.26196274e+02
 8.51434448e+02 7.48579346e+02 8.07824020e+01 5.36054754e+00
 1.67037979e+02 2.42782593e+02 6.03538666e+01 7.00905273e+02
 9.98506409e+02 7.08812805e+02 4.31239014e+01 2.75646240e+02
 1.97112274e+02 6.02951736e+01 2.03089771e+01 3.14359798e+01
 1.53844788e+02 2.63307434e+02 9.90884171e+01 8.78789978e+01
 4.14909363e+02 1.73683075e+02 1.97000320e+02 4.31280670e+02
 3.89740143e+01 1.66037512e+03 4.92969227e+00 6.47991562e+01
 2.10187769e+03 7.79965878e+00 1.81411209e+01 4.46210785e+02
 1.27803659e+01 4.09515198e+02 2.75996429e+02 6.40885864e+02
 3.09521851e+02 3.93271065e+01 9.87875732e+02 1.59031967e+02
 2.54653885e+02 2.49885426e+01 1.67898789e+04 4.78880882e+01
 5.11177254e+00 2.43284195e+02 5.24480133e+01 1.89476299e+01
 8.58462341e+02 2.31948525e-01 7.51462463e+02 4.52906555e+02
 4.26259804e+01 4.40140472e+02 5.89891052e+02 1.17984180e+01
 2.02836438e+03 1.42314377e+01 3.58285339e+02 7.27621887e+02
 3.10306740e+01 5.08956055e+02 1.11334610e+02 7.20412433e-01
 1.06756396e+04 6.50624817e+02 3.18492163e+03 2.45187625e-01
 1.57060913e+02 2.44852325e+02 1.06535549e+01 2.91603546e+02
 3.34931254e+00 9.99247559e+02 2.45824554e+02 5.38076477e+01
 1.84991058e+02 1.64175522e+02 6.96687088e+01 5.72931030e+02
 2.25525017e+01 1.33197815e+02 2.87306006e+03 7.73729309e+02],501.58774,[1.19224487e+02 1.45451832e+01 6.52160583e+02 2.87095814e+01
 8.17066498e+01 1.37414886e+02 7.64933777e+00 6.11258049e+01
 7.24984818e+01 1.54711365e+03 5.57022278e+02 7.63522949e+01
 3.48038483e+02 6.16163940e+02 2.62495819e+02 4.92460281e-01
 1.25665140e+01 5.78306973e-01 6.69397507e+01 3.93027210e+00
 1.08208687e+02 6.72330322e+01 2.79860443e+02 4.60111542e+01
 3.51752129e+01 1.36578094e+02 5.93994761e+00 6.83992672e+00
 2.10622959e+01 6.56692657e+01 7.72220520e+02 3.82865479e+02
 1.49555779e+00 6.35052443e+00 8.77678909e+01 3.72689018e+01
 3.19336758e+01 1.65244431e+02 1.38967682e+02 5.36885033e+01
 3.04746979e+02 2.67338486e+01 1.55760223e+02 9.24034882e+00
 3.08014435e+02 3.22584534e+02 9.35234756e+01 2.71275635e+02
 2.35350304e+01 4.57473145e+03 3.20014343e+01 1.54422409e+02
 1.23517323e+01 3.77104187e+01 4.81753357e+02 4.01009186e+02
 4.45241028e+02 7.41397766e+02 8.46141911e+00 1.22059105e+02
 9.49913330e+01 2.96675491e+01 1.67265030e+02 2.08948090e+02
 1.20054817e+01 4.11329010e+02 5.86796913e+01 4.63537407e+01
 2.12237167e+01 1.44668494e+03 2.40640045e+02 1.17098436e+01
 2.79635101e+02 8.79555054e+01 1.54299683e+02 7.22064514e+01
 1.54701157e+01 2.10781860e+01 1.21659546e+01 1.15176353e+02
 6.96804626e+02 1.15648125e+02 3.46543488e+02 3.36264763e+01
 1.68083298e+02 6.56753082e+01 5.01359482e+01 5.72745085e+00
 2.35167465e+01 1.05982361e+03 1.02226089e+02 2.29674712e-01
 3.00398102e+01 1.71560917e+01 5.91520538e+01 1.79040070e+02
 3.92223999e+02 6.02499878e+02 8.06970825e+02 1.54782739e+03
 1.81921661e+02 4.91093018e+02 1.59578788e+00 2.37622547e+01
 4.41940842e+01 1.12809578e+02 2.75485134e+01 2.91910133e+01
 1.13138354e+03 1.44637231e+03 2.01472702e+01 4.25436586e-01
 1.05476936e+02 5.49192505e+01 2.62507210e+01 6.17971764e+01
 1.19225311e+00 9.11147919e+01 4.93840637e+02 3.30473755e+02
 2.92466736e+02 1.78826408e+01 1.59204454e+01 1.51691036e+01
 4.35774307e+01 1.57401596e+02 3.02918091e+01 5.92913666e+01
 4.51016144e+02 9.73207703e+02 3.94589577e+01 6.61792374e+01
 2.77827244e+01 2.04455002e+02 5.30520569e+02 5.19052238e+01
 1.14751320e+02 7.45060974e+02 1.11836052e+02 1.82822852e+03
 1.31920865e-02 3.51883621e+01 2.00213989e+02 1.12900867e+03
 1.40652271e+03 4.05276527e+01 4.28609991e+00 6.40836143e+00
 7.84271729e+02 9.98553894e+02 3.43892241e+00 3.79165405e+02
 2.54063454e+01 3.90402031e+01 1.19350868e+02 7.84250927e+00
 1.12338173e+02 3.77354507e+01 4.89474182e+01 1.47889114e+02
 1.44372574e+02 3.30569061e+02 2.46043335e+02 3.34910583e+00
 1.15190521e+02 1.04246569e+01 8.31731995e+02 1.78245041e+02
 8.21174698e+01 7.20775513e+02 5.63198185e+00 9.58306427e+01
 5.97031738e+02 1.64286087e+02 2.71599274e+01 3.04553967e+01
 4.94446640e+01 2.65218906e+01 3.92656021e+01 2.33766495e+02
 6.90817932e+02 5.08863251e+02 6.61746674e+01 8.71321869e+01
 3.35453827e+02 8.11641846e+01 2.34301281e+01 8.36776161e+00
 4.22164192e+01 1.59198975e+02 1.76220474e+01 8.66456146e+01
 2.52755295e+02 2.24076981e+02 5.87624931e+01 2.44697098e+02
 1.47488661e+01 1.05729980e+03 3.66101471e+02 3.30993347e+01
 1.43459717e+03 7.43716860e+00 7.35678375e-01 2.14463196e+02
 1.27635756e+01 2.02546844e+02 4.43420372e+01 2.45198975e+02
 1.13619286e+02 4.90579338e+01 9.89924683e+02 1.17119617e+01
 1.04251785e+02 8.78057766e+00 5.24295139e+00 1.07493486e+01
 5.35016479e+01 3.83345825e+02 1.48092461e+00 1.59515657e+01
 4.95080383e+02 1.35582983e-01 1.84445630e+03 2.15810211e+02
 3.82696800e+01 3.85945679e+02 3.61811584e+02 2.41052505e+02
 1.18281091e+03 1.03890228e+02 8.83496857e+01 4.70424438e+02
 6.69843006e+00 3.81244141e+02 2.55133972e+01 4.38978344e-01
 1.88475891e+02 1.95176117e+02 2.91472949e+03 3.91181145e+01
 2.88066483e+01 1.43095474e+02 3.02662792e+01 3.31151581e+02
 4.42793941e+00 4.59915588e+02 1.07487579e+02 8.00234909e+01
 9.52417908e+01 1.06548576e+02 7.25332737e+00 4.68351654e+02
 1.00017719e+01 5.48058128e+01 1.82207361e+03 7.89683105e+02],-48.826057,-136.93182,-273.21808,1.7096732,8.303044,0.75408286,0.9503875,0.01618046917915344,1249.4090592861176,0.5,0.5,-0.05241520454020583,-0.0011272806560203015,-0.052450536267028586,-0.0011026678982377768,-0.4175150097942945,37.59999999999999,0.0,75000.0,-1.0,-761.0,750.0,10.61574101448059,75000
109.13992,0.05881098,0.12317603,0.001991209,-107.84935,107.84935,[5.93809076e-02 4.76294160e-02 6.26543224e-01 6.11484013e-02
 4.34780009e-02 9.44103971e-02 4.02602673e+00 5.63789047e-02
 7.58215785e-02 1.10360608e-01 2.42206305e-02 1.30204499e-01
 8.32616985e-02 4.01333570e-02 1.01293966e-01 1.70981069e-03
 8.46544504e-02 2.62056684e+00 5.08747157e-03 9.33630839e-02
 1.58325708e+00 9.35096741e-02 6.38277233e-02 6.54681846e-02
 2.47557461e-02 4.96092848e-02 1.52272776e-01 5.69025353e-02
 6.14309192e-01 5.42606950e-01 3.20265555e+00 4.74713612e+00
 2.09322274e-01 2.46981941e-02 6.66665286e-02 2.21559331e-02
 2.28543412e-02 1.12525851e-01 1.05964208e+00 1.29062366e-02
 7.79745281e-02 4.97742221e-02 3.56758505e-01 1.74850468e-02
 1.02242611e-01 1.98192775e-01 5.87103441e-02 6.83698654e+00
 1.62691191e-01 3.31408679e-01 1.12024046e-01 2.53426265e-02
 6.88213110e-02 8.88972938e-01 6.68378830e-01 3.67463857e-01
 1.80095598e-01 4.50195596e-02 1.43003106e-01 5.91143370e-02
 1.60070682e+00 3.91045809e-01 1.62205219e-01 4.04344201e-02
 5.82862385e-02 1.98095709e-01 8.85190517e-02 6.36358261e-02
 5.28412044e-01 6.89389035e-02 1.28273249e-01 2.90295869e-01
 6.59638271e-02 7.47773005e-03 4.95792590e-02 8.26512575e-01
 1.58625115e-02 7.92400002e-01 5.47268987e-02 4.46022861e-02
 8.76368731e-02 3.66984610e-03 3.01893926e+00 9.38452557e-02
 8.76678526e-01 7.62360692e-02 5.20309284e-02 6.20908178e-02
 4.99435812e-02 2.21053287e-01 5.10381103e-01 3.15655582e-02
 2.58689020e-02 8.80021572e-01 3.17557226e-03 7.02611208e-01
 1.05774038e-01 5.86445518e-02 5.53805381e-02 5.64819053e-02
 4.15372066e-02 4.03204449e-02 6.99024439e-01 1.63679183e-01
 6.47218823e-02 3.08602035e-01 1.67357828e-02 1.08337007e-01
 5.30014277e-01 1.02479666e-01 7.57536739e-02 4.55059111e-02
 1.63225441e+01 4.18808281e-01 8.38567317e-02 8.35773125e-02
 1.13981672e-01 6.77088350e-02 1.88296750e-01 6.06004670e-02
 5.14627397e-02 3.95798802e-01 3.81208372e+00 3.40756714e-01
 2.64532492e-02 1.12386070e-01 3.16552967e-01 7.19204769e-02
 7.71430206e+00 2.71421261e-02 8.52494240e-02 8.68137926e-02
 3.57531011e-02 2.48283297e-02 8.60652626e-02 6.20646439e-02
 1.64321780e-01 1.04736173e+00 4.53121215e-02 8.16021636e-02
 8.39727670e-02 1.57237574e-02 1.56314993e+00 9.81813967e-02
 8.16445872e-02 2.19221152e-02 6.32918924e-02 7.87722245e-02
 4.88878936e-02 7.06748962e-02 3.79175358e-02 1.17461989e-02
 2.64441166e-02 3.40215534e-01 9.03277338e-01 1.50729250e-03
 3.69990528e-01 4.85458896e-02 2.87135597e-02 1.25639111e-01
 2.80150808e-02 5.27006760e-02 6.59822151e-02 2.57806852e-03
 1.01242094e+01 2.02536535e+00 8.90485495e-02 1.42868320e-02
 1.63708791e-01 4.84696142e-02 1.21816933e-01 5.75356185e-02
 9.63451117e-02 1.60059023e+00 5.30400872e-02 8.31773058e-02
 1.19925249e+00 1.26838535e-01 5.82901165e-02 3.78891118e-02
 1.50160730e-01 7.90131614e-02 2.66100883e-01 6.18620329e-02
 3.87294479e-02 9.87216271e-03 1.02530941e-01 2.94433162e-02
 8.79389346e-02 2.61267889e-02 8.17631930e-02 2.74659246e-01
 5.52721955e-02 7.79743567e-02 4.08427343e-02 5.98098822e-02
 1.58761293e-02 3.84969749e-02 4.94000822e-01 2.49295071e-01
 2.53989659e-02 4.21768141e+00 3.78747433e-02 1.48314126e-02
 8.19216743e-02 7.74258748e-02 4.49547231e-01 4.58848365e-02
 1.10192662e-02 2.88356803e-02 3.34126540e-02 3.27339470e-02
 1.24321198e+00 2.79001498e+00 2.84525514e-01 1.27600849e-01
 7.06664771e-02 8.86930600e-02 2.35502347e-02 2.34354168e-01
 8.67480338e-01 3.94973135e+00 4.54433486e-02 2.11952459e-02
 5.81558496e-02 1.05247445e-01 7.70021528e-02 1.63302970e+00
 4.31201141e-03 6.87219948e-02 3.96685526e-02 8.14438537e-02
 9.49684083e-02 8.87547880e-02 3.33629474e-02 1.07412063e-01
 3.29427347e-02 4.59531456e-01 5.77282533e-02 7.49355480e-02
 1.05387203e-01 7.05434918e-01 2.54199561e-02 1.04932159e-01
 9.52879414e-02 1.56536296e-01 5.41759096e-02 7.99560323e-02
 3.71050388e-01 1.33389354e-01 1.08525917e-01 5.74720576e-02
 2.55044341e+00 8.89216140e-02 6.20009378e-02 7.57389814e-02],0.6658938,[5.50221652e-02 3.69789451e-02 1.22866392e-01 5.99076338e-02
 1.71411857e-02 2.30200753e-01 4.27872467e+00 7.87940621e-02
 7.51613677e-02 1.15946636e-01 2.70905420e-02 9.77456123e-02
 7.20230937e-02 4.34688702e-02 1.02630682e-01 3.25749908e-03
 9.00330096e-02 1.69428900e-01 8.08864459e-03 7.44340122e-02
 1.37773228e+00 9.16155055e-02 5.50190508e-02 1.29397213e-01
 2.65057907e-02 4.43182141e-02 1.14035919e-01 7.16358796e-02
 6.78219855e-01 4.35974076e-02 1.16347196e-02 2.92933130e+00
 2.17671528e-01 4.60229516e-02 5.80612756e-02 2.96679586e-02
 1.73774548e-02 9.92365032e-02 1.64692760e+00 1.11486660e-02
 6.52915314e-02 4.28703427e-02 7.25678131e-02 3.68790515e-02
 2.38084458e-02 9.79006886e-02 6.39721602e-02 1.28927386e+00
 8.40776265e-02 2.35408664e+00 2.76106428e-02 3.50014865e-02
 8.28867108e-02 1.67029035e+00 5.62198639e-01 3.40501666e-01
 5.04964739e-02 4.69587296e-02 9.13199410e-02 7.08106682e-02
 2.49962509e-01 2.01299712e-01 8.81348103e-02 4.64211516e-02
 6.11472651e-02 3.32230806e-01 1.12649739e-01 4.20119911e-02
 3.61988962e-01 5.65338805e-02 8.99464637e-02 1.83859736e-01
 3.94178405e-02 9.37748887e-03 1.06810018e-01 3.91266048e-01
 1.94388907e-02 2.96806669e+00 5.54538369e-02 4.70912382e-02
 5.84929772e-02 5.28172310e-03 2.88982153e+00 8.51760358e-02
 1.16159379e-01 7.36036599e-02 4.12494540e-02 2.38502752e-02
 8.16744287e-04 1.95396736e-01 6.52790070e-02 1.72358751e-02
 1.92979015e-02 4.15927351e-01 9.94959474e-02 7.31655583e-02
 1.28005847e-01 1.20994728e-02 4.32328470e-02 5.47275618e-02
 4.45901603e-02 5.23669906e-02 4.95736599e-01 5.76198138e-02
 5.73463477e-02 8.15616250e-02 5.34219295e-02 7.58344978e-02
 1.00035310e-01 8.29153042e-03 8.04276988e-02 4.15371098e-02
 3.59031639e+01 6.27013743e-02 5.60331158e-02 7.56978169e-02
 1.00216702e-01 7.36868680e-02 7.89097995e-02 5.29893264e-02
 5.30134067e-02 2.27391928e-01 1.38749003e-01 3.84366035e-01
 4.67424616e-02 2.56071985e-01 1.53323269e+00 7.72220641e-02
 1.80026516e-03 2.57542022e-02 9.92956907e-02 5.57660647e-02
 2.68710647e-02 1.13873541e-01 8.71667713e-02 8.09483230e-02
 1.07427590e-01 8.34661841e-01 1.08714821e-02 8.99716690e-02
 7.08357096e-02 3.60562392e-02 2.12750673e+00 9.34284553e-02
 8.02050829e-02 2.30198932e+00 4.15270887e-02 6.90489709e-02
 5.52675091e-02 5.12488857e-02 5.11831939e-02 7.57907182e-02
 1.07693791e-01 1.93455458e-01 1.38672733e+00 2.83933920e-03
 9.69070271e-02 3.62647735e-02 2.80439202e-03 8.97530019e-02
 4.20678109e-02 5.41073233e-02 5.58986366e-02 7.94483572e-02
 1.59440923e+00 3.88620853e-01 1.13490626e-01 1.17257633e-03
 7.70387203e-02 9.99602955e-03 6.03675321e-02 6.94950297e-02
 8.90492350e-02 1.31761408e+00 2.85497978e-02 5.93570024e-02
 4.88031834e-01 2.13620558e-01 5.83192185e-02 5.79289086e-02
 2.57745981e-01 7.29474500e-02 2.57635772e-01 5.59959784e-02
 3.91761363e-02 9.62253253e-04 3.42290923e-02 3.65581475e-02
 9.26103592e-02 4.24344391e-02 6.42173886e-02 1.15268439e-01
 5.57302795e-02 6.92088604e-02 4.27972488e-02 6.98768422e-02
 1.78549495e-02 3.23821940e-02 1.51946978e-03 1.23393260e-01
 3.36646438e-02 1.74812400e+00 6.55015558e-02 2.92960666e-02
 6.28471971e-02 7.30495825e-02 7.32155561e-01 4.67002057e-02
 2.30757669e-02 8.08115490e-03 4.06503417e-02 2.27772314e-02
 2.10612088e-01 1.87104046e-01 3.12802553e-01 1.31069064e-01
 6.60524070e-02 6.10627010e-02 1.04606926e-01 1.98130786e-01
 1.96073170e+01 3.07393432e+00 3.54070961e-02 9.88973211e-03
 4.53143641e-02 5.60203679e-02 5.83143421e-02 7.46739388e-01
 1.13108866e-02 8.58345255e-02 6.25325181e-03 1.24680787e-01
 1.03821233e-01 6.96520433e-02 5.62722757e-02 1.07007682e-01
 5.15188985e-02 4.88852143e-01 3.59615758e-02 9.33765844e-02
 4.20570150e-02 1.97347879e-01 2.70867795e-02 2.07572449e-02
 3.21673602e-02 1.27578810e-01 3.04883141e-02 7.52864480e-02
 3.99484336e-01 1.16940439e-01 9.54330489e-02 7.90908784e-02
 6.24848962e-01 4.27889489e-02 4.70713302e-02 1.06497616e-01],-81.35896,-113.70341,-302.7068,1.1268549,8.775246,0.95915484,0.9306409,10.231233,-6.9876795,115.42189,144.04156,3.7587006,0.41632494,0.33184078,-136.11961,136.11961,[1.01219301e+01 5.57403320e+02 7.19165277e+00 8.41808228e+02
 4.16192139e+02 2.06227737e+02 1.08974556e+02 1.79218628e+02
 1.28788176e+01 5.99244232e+01 1.58598948e+00 2.94845600e+01
 1.46306782e+01 7.12212891e+02 1.65715370e+01 3.09903534e+02
 1.08839615e+02 4.96253845e+02 3.59241150e+02 5.86730576e+00
 2.65264648e+02 1.49612329e+03 2.40064072e+02 2.96283691e+03
 3.59653015e+01 9.79928493e+00 2.15140381e+01 1.48222015e+02
 1.16700344e+01 1.81351562e+04 1.86458683e+01 4.58860840e+02
 6.33814648e+03 2.58859766e+03 5.66588936e+01 1.72124119e+01
 4.19598885e+01 7.24121170e+01 6.86470871e+01 1.13147049e+01
 4.28454018e+00 2.00246315e+01 6.42048035e+01 3.20238281e+02
 4.01748199e+02 7.70171165e-01 1.04479340e+02 9.54494762e+00
 1.85437332e+02 4.13202896e+01 1.71179066e+01 1.60734161e+02
 1.20836754e+01 2.99783802e+00 5.23893372e+02 9.98059158e+01
 6.72666597e+00 2.29857559e+02 1.96356064e+02 7.37579712e+02
 5.06727509e+02 2.82841225e+01 7.08666748e+02 8.38926941e+02
 8.84306564e+01 3.28293243e+02 3.50221519e+01 7.43597336e+01
 1.01045264e+03 1.49305054e+02 1.62837238e+01 1.46902668e+00
 1.79529312e+02 5.09097519e+01 7.53409195e+01 1.91424963e+03
 1.21515903e+01 5.74481239e+01 6.99717712e+01 3.21578760e+03
 6.34653687e+02 4.28173096e+02 6.54964258e+03 6.08840820e+02
 3.83980751e+00 2.72817200e+02 4.95932465e+02 8.07822021e+02
 3.10873077e+02 3.21976924e+00 3.49734204e+03 1.84775757e+02
 3.36872101e+01 1.09401756e+02 1.79266333e+03 6.19355591e+02
 1.75401703e+02 1.34308853e+02 3.16616089e+02 1.59413696e+02
 3.52062256e+03 1.99502960e+02 8.74074161e-01 6.03115082e+01
 1.85502777e+01 2.45391750e+01 6.67127151e+01 8.97862427e+02
 2.00769922e+03 3.79461288e+01 1.18754837e+02 1.03008740e+03
 7.91389618e+01 2.07329819e+02 4.55835571e+02 3.31328766e+02
 6.27749145e-01 1.88244843e+02 5.50305542e+02 1.36618973e+02
 1.13084204e+03 5.94731979e+01 3.23467804e+02 2.01102463e+02
 2.36474252e+00 4.50702553e+01 2.92116669e+02 1.31526474e+02
 4.96807327e+01 2.33713150e+01 3.80974878e+03 1.63985107e+02
 3.68425179e+01 9.05754944e+02 5.30387695e+02 1.00818817e+02
 4.55581818e+01 5.08292484e+00 2.81345215e+02 3.17638184e+02
 7.73911285e+00 5.16879959e+01 4.58770447e+02 1.26815576e+03
 5.22021301e+02 4.75364304e+01 1.25084457e+01 6.54655090e+02
 1.61876526e+02 7.67324890e+02 1.91683636e+01 1.04291096e-01
 1.19032216e+00 7.62560797e+00 2.96237831e+01 1.84669514e+01
 1.20152966e+03 1.63207382e+02 3.93970093e+02 1.16708809e+02
 8.37771072e+01 6.61515808e+01 9.50189362e+01 1.27787457e+01
 8.31811523e+01 8.40636978e+01 9.42619781e+01 2.14942581e+02
 7.41405869e+01 8.63010437e+02 1.83994580e+03 2.57195770e+02
 1.11683702e+01 1.96623821e+01 2.82666740e+01 2.39520166e+03
 2.21084045e+02 4.89755829e+02 5.64399796e+01 1.73704433e+01
 1.69006970e+03 2.00594818e+02 7.06034565e+00 9.82759285e+00
 5.57070885e+01 8.62640285e+00 5.64125748e+01 9.85877304e+01
 2.30922760e+02 2.43440338e+02 4.77644577e+01 1.85498962e+02
 3.86916161e+01 3.79779968e+02 7.30551224e+01 2.89454031e+00
 8.12907257e+01 3.75005829e+02 1.54304749e+02 8.85349350e+01
 2.01319043e+03 1.72991370e+03 3.88865295e+02 1.21666822e+01
 9.74631577e+01 8.12008438e+01 1.23335663e+02 5.02401733e+00
 1.20539902e+02 1.69067371e+03 2.16424904e+01 4.70459709e+01
 2.09179235e+00 3.27529572e+02 2.26164169e+02 2.69209521e+03
 4.92990088e+03 3.37104468e+03 4.04112646e+03 9.51229858e+01
 1.08332567e+01 7.41647263e+01 2.06876617e+02 4.69687653e+02
 4.71492493e+02 1.26793587e+02 2.90045166e+00 1.22741187e+03
 3.91281158e+02 5.25649757e+01 3.30068604e+02 4.84471846e+00
 1.50807617e+02 1.86410484e+01 3.59710693e+00 2.77107277e+01
 1.24827637e+03 9.27614136e+02 1.71709961e+02 8.05218964e+01
 2.46431503e+02 2.20203819e+01 4.31117188e+02 2.53819466e+01
 1.12548035e+02 2.65377402e+00 1.73895844e+02 1.58368546e+02
 9.64197769e+01 4.66634483e+01 5.48780518e+02 9.85631836e+02
 2.82379169e+01 1.13436537e+01 6.80404785e+02 5.49166687e+02],641.2554,[3.20489197e+01 6.51947250e+01 5.27390556e+01 4.66819092e+03
 5.22020874e+02 2.63525696e+01 2.68596893e+02 6.10540009e+01
 3.86814690e+01 1.42350273e+01 2.68830633e+00 3.89424133e+01
 1.86215246e+00 1.48353638e+03 1.80352640e+00 1.52354141e+02
 1.05005127e+02 3.09329102e+02 2.93755981e+02 8.40718384e+01
 6.12712517e+01 6.09151428e+02 3.97622375e+01 7.40194214e+02
 5.13940430e+00 5.49807739e+01 1.07153511e+01 5.72224579e+01
 1.71787953e+00 4.00953827e+02 7.99315548e+00 4.90082489e+02
 4.87711035e+03 4.07700195e+03 8.29460449e+01 4.31805038e+01
 3.09678841e+01 1.83556902e+00 2.67150211e+01 4.07535315e+00
 2.91623980e-01 1.72879974e+02 3.02582283e+01 2.06699326e+02
 2.59511169e+02 2.29522407e-01 6.21196699e+00 6.94182205e+00
 2.26272919e+02 2.32127953e+01 1.40076160e+01 8.76265793e+01
 4.48486805e+00 4.70365882e-01 7.33472824e+01 1.91189682e+02
 1.73293328e+00 6.43112793e+01 2.76229523e+02 1.90428320e+03
 3.90000366e+02 5.84441900e+00 1.60026276e+02 8.14317261e+02
 5.12378197e+01 2.16797394e+02 1.01725979e+01 2.39839706e+01
 2.44138428e+02 3.81646500e+01 1.89260826e+01 1.03693104e+00
 1.59837433e+02 2.96959648e+01 5.41256866e+01 1.24534814e+03
 2.95518341e+01 3.78718109e+01 9.74183578e+01 6.46365576e+03
 2.02858658e+02 2.35606522e+02 5.76014258e+03 4.58924774e+02
 1.05078745e+00 1.04241196e+02 2.77021484e+02 6.71138672e+02
 5.37276001e+01 1.64785061e+01 3.02064941e+03 2.88943726e+02
 3.06558495e+01 6.60485687e+01 9.62448730e+02 3.54860321e+02
 9.61690063e+01 3.02845974e+01 1.59688171e+02 3.61770233e+02
 9.50523987e+02 4.07061100e+00 2.52086139e+00 2.06429108e+02
 2.13250980e+01 9.28484797e-01 3.58899841e+01 1.69390564e+03
 1.81940491e+03 1.06237040e+01 1.35240677e+02 7.33165344e+02
 9.09828758e+00 2.38885391e+02 1.28620087e+02 1.68517990e+02
 6.52622700e-01 2.10700974e+02 9.33000412e+01 3.43934212e+01
 2.62758820e+02 1.91677678e+00 1.06798439e+02 1.69405716e+02
 1.12777926e-01 3.95359879e+01 2.10567093e+02 9.24409973e+02
 5.38856812e+01 2.53229642e+00 5.13294336e+03 9.47849035e-01
 2.38605518e+01 4.96022369e+02 3.44123352e+02 1.45621479e+00
 4.97192335e+00 2.45917392e+00 3.12911194e+02 5.65448181e+02
 9.27209091e+00 3.66711388e+01 1.77114716e+02 1.26508545e+03
 4.87818085e+02 8.04326057e+00 5.91677475e+00 6.28367432e+02
 5.82438904e+02 7.54540649e+02 8.22187119e+01 1.14382349e-01
 1.65595474e+01 1.09184599e+00 5.54737968e+01 2.32175980e+01
 1.33802661e+03 7.12077560e+01 3.96246986e+01 7.36927872e+01
 5.74172478e+01 1.82627380e+02 1.52512255e+01 1.24207306e+01
 3.66324730e+01 4.96418991e+01 1.76817886e+02 1.56075546e+02
 3.88673325e+01 5.14194214e+02 1.38773193e+03 1.39897476e+02
 6.20311737e+01 1.19275713e+01 7.53164053e-01 1.28954932e+03
 2.09456375e+02 4.29943787e+02 7.70476227e+01 1.32052493e+00
 3.86224670e+02 1.12569313e+02 9.55584812e+00 1.49455700e+01
 2.85182419e+01 4.25451622e+01 4.67346497e+01 3.58907509e+01
 2.05639404e+02 1.54480103e+02 1.16416731e+01 1.89096680e+02
 3.69789391e+01 3.38877899e+02 7.75625839e+01 4.25282754e-02
 1.17503159e+02 3.68007172e+02 1.19396591e+02 1.66375961e+01
 1.86750671e+03 1.90588464e+03 1.34834534e+02 1.20024452e+01
 5.69893684e+01 6.00309296e+01 1.52102518e+01 8.76426399e-01
 1.29378265e+02 1.16299097e+03 4.52389145e+00 9.14998341e+00
 5.28235137e-01 3.55494751e+02 3.93475952e+02 1.27246533e+03
 7.36339844e+03 2.64256738e+03 4.21207812e+03 6.50768127e+01
 2.04380093e+01 7.17620239e+01 4.96667969e+02 4.69644287e+02
 3.16395386e+02 1.64022923e+01 2.49178219e+00 9.58688538e+02
 1.00456533e+01 3.18169975e+01 3.82366211e+02 1.17665195e+01
 3.09665108e+01 2.19820328e+01 2.97602248e+00 1.24942093e+02
 5.46740356e+02 8.12801453e+02 1.72013123e+02 5.69110840e+02
 1.91704926e+02 6.07941742e+01 5.38241920e+01 1.00780220e+01
 1.25868484e+02 4.66391277e+00 3.65945221e+02 8.15391006e+01
 4.85576859e+01 2.67370033e+01 4.66319763e+02 8.87944092e+02
 2.83449631e+01 5.26616335e+00 6.58356552e+01 1.14970406e+02],-73.90506,-142.67186,-244.95331,1.9199418,8.547806,0.93707377,0.9537754,0.014743449869155883,1617.9953439235687,0.5,0.5,-0.004622725730520056,0.002045691870313678,-0.004560634411346644,0.002136032444106222,35.95041001246138,37.59999999999999,0.0,99750.0,-1.0,-760.0,750.0,11.57491946220398,100000
105.6321,0.044208676,0.09568273,0.001357458,-104.631065,104.631065,[2.31120409e-03 1.25269648e-02 1.32439686e-02 1.61459133e-01
 1.20506659e-02 8.90399702e-03 4.67971340e-02 1.94103457e-02
 6.52683899e-03 4.81581409e-03 4.19070460e-02 3.63391126e-03
 2.14752889e+00 2.35456834e-03 2.74795964e-02 5.02819847e-03
 1.19481587e+00 1.43575063e-03 6.38940930e-03 1.08095212e-03
 9.60148696e-04 2.00930517e-03 8.22510049e-02 7.71453977e-03
 4.43835184e-03 1.72397145e-03 4.47708786e-01 1.71254762e-03
 1.18131901e-03 6.47604279e-03 1.69292726e-02 1.57027878e-02
 5.95666282e-03 5.56459476e-04 2.86739459e-03 3.73567594e-03
 1.40061844e-02 1.05259186e-02 4.13453169e-02 1.66074634e-02
 6.22218288e-03 3.69837189e+00 1.05967379e+00 2.95257497e+00
 6.57304469e-03 4.53259647e-01 4.13263333e-04 1.87205337e-02
 1.50736514e-03 8.15223455e-01 4.70650382e-03 3.08804447e-03
 1.08444700e-02 7.49695115e-03 2.97791195e+00 4.42943156e-01
 8.40413809e-01 9.93846416e-01 1.81392521e-01 4.19693824e-04
 8.02799035e-03 3.91916651e-03 2.06811763e-02 3.86707811e-03
 8.42757337e-03 7.23148789e-03 4.35296912e-03 4.06719279e-03
 8.90211109e-03 4.06252503e-01 2.82839057e-03 2.43936405e-02
 3.22652310e-02 9.55630001e-03 2.69688037e-03 2.30041087e-01
 3.43197957e-02 3.09389061e-03 4.13900055e-03 7.63634825e-03
 3.73245001e+00 2.35507917e-03 1.29198015e-03 1.73758040e-03
 2.93676858e-04 2.99400114e-03 1.44598191e-03 6.60018437e-03
 1.28841447e-03 1.61578846e+00 5.27197644e-02 5.43943094e-03
 3.94450966e-03 4.82102041e-05 3.15447152e-01 1.91214774e-03
 5.35461958e-03 2.21194938e-01 1.76032656e-03 3.05890525e-03
 6.34820759e-03 6.26419904e-03 1.22683644e-02 7.39442301e-04
 1.00135962e-02 3.03765619e-03 4.76863468e-03 3.32016945e-01
 2.65603065e-02 1.73755921e-03 1.80527498e-03 3.76570188e-02
 1.67949889e-02 7.53279543e-03 4.77922149e-03 3.46074952e-03
 9.15125071e-04 2.20568523e+01 1.24730524e-02 2.69678910e-03
 4.40587141e-02 1.82466581e-04 9.36446898e-03 2.61727255e-03
 9.68044102e-01 1.83691876e-03 2.82003940e-03 9.88240726e-03
 1.22056250e-03 1.47656957e-03 1.47623057e-03 1.00754015e-02
 1.13840900e-01 2.01759920e-01 1.93033903e-03 2.37980671e-02
 4.64544654e-01 7.74529995e-04 1.08788046e-03 4.90795728e-03
 5.69296861e-03 1.23874748e+00 1.28260872e-03 1.60804465e-02
 4.68011573e-03 2.43708845e-02 1.70063823e-01 7.63382092e-02
 3.04426532e-03 3.71940099e-02 2.51753605e-03 1.41832501e-01
 3.27822170e-03 2.00475613e-03 1.92527450e-03 7.25886965e+00
 2.11643358e-03 7.04624597e-03 5.35964407e-03 2.92871259e-02
 9.95052978e-04 5.75353432e+00 3.04778619e-03 2.36641243e-03
 3.08548100e-03 3.84375080e-03 6.12484943e-03 1.62493112e-03
 1.13580516e-03 4.15816903e-03 2.29698815e-03 2.34548521e+00
 4.05887216e-02 6.01579156e-03 2.60989019e-03 7.31368177e-03
 4.08207029e-02 9.13566425e-02 2.64135306e-03 1.76302460e-03
 5.13344910e-03 3.30402330e-02 1.95395784e-03 4.95499838e-03
 3.65964370e-05 4.32705224e-01 6.14677137e-03 1.00754458e-03
 3.51571781e-03 5.95211077e+00 4.14934754e-03 1.93594098e-02
 3.66592640e-03 5.25470264e-03 4.45040986e-02 1.41151416e+00
 4.64993858e+00 1.86474584e-02 1.81368482e-03 7.07286922e-03
 7.34263193e-03 1.58946082e-01 7.12140556e-03 1.62498578e-02
 8.54447205e-03 7.52918981e-03 7.07485735e-01 5.94151672e-03
 2.96841692e-02 1.29444273e-02 2.64048402e-04 3.02666193e-03
 1.04130770e-04 3.01391305e-03 2.29950366e-03 7.06960261e-03
 2.99410895e-03 3.48371342e-02 2.46492219e+00 5.45042194e-03
 1.75542891e+00 1.40414666e-02 2.72944360e-03 2.21313328e-01
 7.20613752e-05 6.16134889e-03 9.83282626e-02 8.94959271e-03
 2.32728291e-03 6.71499968e-02 3.20256543e+00 4.17093374e-03
 1.19098127e+00 8.43573064e-02 5.96308336e-03 1.00248843e-03
 1.89309306e-02 3.82876350e-03 5.57586609e-04 6.73318282e-04
 2.95014121e-03 3.98239255e-01 1.57796800e-01 4.23808862e-03
 5.34138642e-02 4.08782139e-02 2.54408130e-03 6.02049939e-03
 5.98968603e-02 3.52549076e-01 1.41072245e-02 1.32705728e-02
 1.03686638e-02 6.31369650e-03 3.85731016e-03 2.72912718e-03],0.2582087,[4.10918659e-03 1.25723518e-02 2.77885469e-03 1.40947729e-01
 8.28959234e-03 2.50559789e-03 1.95945688e-02 3.40146408e-03
 2.75518862e-03 7.67799327e-03 1.42525733e-01 1.63398217e-02
 2.63194829e-01 1.34031055e-03 1.38332844e-02 1.12026208e-03
 9.95286629e-02 2.58426764e-04 3.71083291e-03 1.48274470e-03
 1.00297835e-02 2.80476920e-02 4.33300482e-03 6.27007037e-02
 2.34803604e-03 4.22719168e-04 2.44297478e-02 2.93662958e-03
 1.14567019e-03 1.79662020e-03 4.80130874e-03 1.12928124e-02
 1.11053986e-02 1.07512646e-03 1.28528220e-03 4.31739725e-03
 1.38232447e-02 5.52669074e-03 2.94604357e-02 1.58858448e-02
 2.90045748e-03 1.69412106e-01 1.66670740e-01 5.89711428e-01
 5.69525734e-03 1.10932522e-01 9.06100613e-04 5.90416752e-02
 1.78313348e-03 1.71462912e-03 6.65009499e-01 3.04425997e-03
 7.83714373e-03 3.67706385e-03 2.87186392e-02 8.08572173e-02
 6.34063967e-03 9.76882130e-02 1.96572095e-01 7.57711241e-04
 1.04671922e-02 2.49087927e-03 7.32891262e-03 6.64276071e-03
 1.48336766e-02 5.55040594e-03 5.15419059e-03 8.31194967e-03
 3.37798893e-03 2.16796279e-01 4.23201267e-03 2.75165332e-03
 7.12302607e-03 2.28446303e-03 3.54546914e-03 9.85738635e-02
 3.26104322e-03 3.71089112e-03 5.13897464e-03 4.41267714e-03
 1.35334685e-01 1.64155220e-03 2.86201062e-03 1.91071793e-03
 8.52754863e-04 9.03052569e-04 2.24954216e-03 6.81383361e-04
 9.31525195e-04 8.47986713e-03 5.38155809e-02 1.84921380e-02
 1.99511438e-03 1.05101615e-03 3.07934545e-02 2.67376006e-03
 4.75851353e-03 3.25473119e-03 1.20479905e-03 1.80734415e-03
 1.38618946e-02 5.67079522e-03 1.35438628e-02 1.08938711e-03
 6.65413495e-03 4.89288289e-03 4.60999086e-03 2.95766175e-01
 1.04802102e-03 2.97961663e-03 3.27032898e-03 4.82120737e-03
 9.18156526e-04 7.66105019e-03 4.35425248e-03 4.03000624e-04
 1.49941910e-03 9.38765526e-01 1.36005795e-02 3.15946643e-04
 1.90554969e-02 1.01995654e-03 1.03781065e-02 1.33325742e-03
 7.86815025e-03 1.99581543e-03 5.33145061e-03 6.17890712e-03
 6.75239833e-04 2.06823880e-03 2.93239485e-03 9.51547176e-03
 4.84713092e-02 1.16886012e-01 8.44361552e-04 5.26885428e-02
 2.77898699e-01 9.84266866e-04 1.28967420e-03 7.75760226e-03
 9.25001502e-02 6.74691379e-01 4.88638179e-04 6.25159265e-03
 3.03263310e-03 7.44526833e-03 1.99422985e-01 4.96439338e-02
 3.63555551e-03 4.65596989e-02 4.01488785e-03 3.95483494e-01
 1.96356513e-03 1.26688718e-03 1.47994515e-03 8.10218632e-01
 2.35032709e-03 1.04426723e-02 1.72614772e-03 7.69052982e-01
 1.46836974e-03 3.86153907e-01 3.91368754e-03 5.17629669e-04
 2.86163692e-03 2.64563505e-03 5.13655134e-03 2.46203714e-03
 2.41670548e-03 4.46300395e-03 4.21228353e-03 1.82022780e-01
 2.23156321e-03 5.22218458e-03 7.82156065e-02 7.50117190e-03
 1.32399425e-01 1.02261700e-01 3.34985973e-03 1.43453223e-03
 3.18886433e-03 3.93630192e-02 2.97396188e-03 4.44336748e-03
 9.43374180e-04 5.18633664e-01 5.82646113e-03 1.11111498e-04
 2.00478034e-03 6.91361904e+00 2.54932884e-03 2.04469766e-02
 3.18265427e-03 2.87345727e-03 1.94908567e-02 1.57855678e+00
 1.59689903e+00 6.98815007e-03 3.32460017e-03 4.47872002e-03
 2.67853215e-03 1.67182282e-01 1.22216213e-02 5.20793907e-03
 5.25607727e-03 5.20364381e-04 1.99267000e-01 5.00783743e-03
 1.64952967e-02 1.20961983e-02 3.62090883e-04 3.15712811e-03
 3.66496155e-04 6.39006961e-03 2.03368999e-03 5.27259801e-03
 4.39438876e-03 4.37017381e-02 2.20183074e-01 3.71488114e-03
 3.85553479e-01 1.26707945e-02 2.52948934e-03 2.10785329e-01
 2.50605959e-03 5.91097632e-03 1.70311891e-02 8.61643907e-03
 3.30192107e-03 6.60360828e-02 6.66380763e-01 9.08571854e-03
 4.64700721e-02 4.49319854e-02 5.32304775e-03 4.84597031e-03
 1.95870362e-02 2.51310994e-03 1.05324911e-03 1.80560281e-03
 3.34984204e-03 2.96786606e-01 5.52036315e-02 3.82056111e-03
 5.40232845e-03 3.79714556e-03 5.19212298e-02 4.65665571e-03
 8.71771127e-02 2.20247582e-01 1.27207404e-02 8.20264127e-03
 6.34249253e-03 1.61971748e-02 1.91523833e-03 1.65801607e-02],-72.43176,-110.233574,-224.30545,1.1089566,3.3985817,0.9876932,0.93105984,7.927025,-8.379265,75.029655,156.60564,5.8865924,0.44836575,0.453363,-146.23538,146.23538,[2.72906322e+01 1.80981815e+00 1.32441089e+03 2.84652367e+01
 1.22011612e+02 6.82335205e+01 5.75991631e+00 2.22336578e+00
 2.80375269e+03 1.41466522e+02 1.76044662e+02 3.60203796e+02
 5.81049500e+02 3.85302399e+02 1.00451111e+02 9.36683655e+00
 5.22472290e+02 1.58769150e+02 6.93946457e+01 5.00529419e+02
 4.40108765e+02 6.87195435e+01 6.00275024e+02 6.44166887e-01
 3.74506287e+02 7.12144699e+01 5.18558083e+01 2.52022896e+01
 1.16531967e+02 8.50839539e+01 2.30042282e+02 1.43667090e+03
 9.75356979e+01 2.22879395e+03 4.68155182e+02 1.98081070e+02
 2.01621307e+02 6.15053177e+01 2.49809616e+02 1.91899509e+01
 1.05497494e+01 3.71108582e+02 1.54187378e+03 1.30213137e+01
 1.40029621e+01 1.39616211e+02 3.00682373e+02 1.43068665e+02
 1.47112167e+02 2.21935974e+02 1.39549121e+03 1.99261462e+03
 5.02646399e+00 1.32277176e+02 4.03228607e+02 9.92305222e+01
 6.85913086e+02 1.34364380e+02 4.14893585e+02 4.83448124e+00
 6.65257446e+02 7.56677628e+00 1.68661416e-01 7.64687490e+00
 4.35582886e+02 1.00111008e+01 2.00493823e+03 7.39689941e+02
 1.53625508e+04 2.79150635e+02 1.50943451e+01 1.28917021e+04
 1.66208298e+02 2.32991760e+02 6.33194313e+01 3.70284805e+01
 1.57805450e+02 1.03531437e+01 8.83345108e+01 1.25160999e+01
 6.36973419e+01 2.35436127e+02 9.13198608e+02 2.14490986e+01
 2.28303320e+03 7.13158447e+02 7.42941189e+00 4.52252588e+03
 6.34446167e+02 2.17670975e+02 1.05156226e+03 6.36575031e+00
 2.38681641e+01 1.00714087e+03 2.22166333e+03 8.96024780e+01
 2.32981104e+03 2.08590649e+03 4.56813164e+01 5.78023376e+01
 5.33454712e+02 6.05907080e+03 1.44779480e+02 3.09349792e+02
 3.55091614e+02 3.24082451e+01 1.82202612e+03 5.93395081e+01
 9.94377975e+01 2.67019689e-01 3.18569800e+03 1.52791855e+02
 2.66000900e+01 6.49787659e+02 6.52514160e+03 2.03338516e+02
 2.55556824e+02 4.73116516e+02 1.45807910e+03 2.60500824e+02
 9.10982422e+02 1.72484303e+01 5.71085513e-02 2.48381023e+01
 2.62997192e+02 2.50866669e+02 4.94366913e+02 4.84275238e+02
 4.53185976e-01 1.18908582e+03 1.23510609e+01 4.85983704e+02
 4.14567169e+02 1.32597617e+04 2.14954639e+03 1.90168140e+03
 7.12137634e+02 8.43197403e+01 3.52277191e+02 3.34273254e+02
 5.09160948e+00 1.88288086e+03 2.97083187e+01 7.28675270e+00
 5.25231934e+02 1.79850018e+00 1.22065475e+02 4.05388062e+02
 3.14818451e+02 1.65621704e+03 1.43326770e+03 1.59612228e+02
 7.81769257e+01 4.11665222e+02 1.58436328e+03 1.02102890e+02
 8.94526733e+02 2.14893448e+02 2.90580627e+02 1.65911499e+02
 5.91336548e+02 1.60283264e+02 1.67584912e+03 2.61169525e+02
 3.32274048e+02 5.86962051e+01 2.32509300e-01 3.14348793e+00
 4.22092133e+01 6.30425903e+02 7.87215881e+02 1.53181763e+02
 6.43514954e+02 5.65831299e+02 9.63947220e+01 2.24572647e+02
 1.71011841e+02 1.61903691e+00 2.43232422e+03 8.86471939e+00
 1.23907501e+02 3.77935708e-01 2.86032745e+02 8.57698746e+01
 2.58425024e+03 5.76317932e+02 1.83146362e+02 2.02227325e+02
 1.58926563e+01 1.43897110e+02 2.16427460e+02 1.50260658e+01
 9.47820251e+02 2.04501144e+02 2.52092972e+01 4.83553589e+02
 9.49299438e+02 1.94971581e+01 9.34692230e+01 5.89499187e+00
 1.25008636e+02 1.78187393e+02 6.27655518e+02 4.97064667e+01
 5.03384132e+01 3.21191681e+02 2.78494049e+02 1.89221344e+01
 2.61732300e+02 1.09182262e+00 1.77936432e+02 4.32410583e+01
 4.77917900e+01 2.34782761e+02 4.98323853e+02 1.50054321e+02
 8.29519104e+02 9.91871948e+01 1.19278851e+01 3.85845261e+01
 1.26931839e+02 3.43498421e+01 2.68151306e+02 5.27265930e+02
 3.01143532e+01 1.17078583e+02 4.83495972e+02 7.31187057e+01
 1.26264372e+01 1.22884839e+03 2.37463428e+03 1.08691101e+03
 8.23186035e+03 7.57462402e+02 6.70742722e+01 4.75858948e+02
 8.14158096e+01 2.64925708e+03 5.73225159e+02 1.50787567e+02
 1.74013687e+02 1.18614014e+03 1.60835962e+03 2.54634933e+02
 1.26644974e+02 1.24585718e+03 3.76721954e+02 6.59467712e+02
 2.09442169e+02 1.19400070e+02 1.17873909e+02 9.12266827e+00
 9.37647552e+01 6.21256287e+02 4.81868225e+02 3.31966133e+01],856.7003,[1.83981915e+01 4.44020367e+00 1.40102283e+03 2.99631531e+02
 1.35979858e+02 8.24287951e-01 3.81072879e+00 4.56835806e-01
 1.88649255e+03 3.22205391e+01 6.84374847e+01 5.34748602e+00
 2.39663986e+02 4.92231384e+02 1.00399246e+02 7.27213097e+00
 9.16386047e+02 1.20707985e+02 2.96317078e+02 1.22352295e+03
 6.39940857e+02 1.04826727e+01 2.67345703e+02 1.15350533e+00
 4.39062767e+01 7.84745941e+01 2.69843998e+01 1.16493845e+01
 4.37329597e+01 1.06121880e+02 1.81263885e+02 2.00046667e+03
 4.27889519e+01 2.31302338e+02 6.14422180e+02 1.38478683e+02
 1.71526047e+02 4.65479622e+01 4.59008980e+01 1.66289306e+00
 9.98877764e-01 5.28330444e+02 1.85600342e+03 1.29586811e+01
 1.78685629e+00 5.26823273e+01 1.18372266e+03 1.86531429e+01
 1.33382751e+02 9.94403305e+01 5.63753471e+01 7.80887817e+02
 4.53849554e+00 3.95551224e+01 1.54479736e+02 2.64200854e+00
 9.53877930e+02 1.11169731e+02 2.40253571e+02 1.96128674e+01
 5.12058777e+02 3.59667206e+00 3.04965305e+00 1.75976229e+00
 5.67033447e+02 3.27703643e+00 3.15254102e+03 6.91879944e+02
 4.93206055e+02 3.02730988e+02 3.05876541e+00 9.19363098e+02
 2.12920319e+02 4.17327209e+02 1.12407051e+02 2.17342300e+01
 1.50113907e+02 5.26729727e+00 2.13812370e+01 1.16205082e+01
 5.27293167e+01 1.07079071e+02 1.22193762e+03 1.20778790e+01
 1.20569141e+03 4.24159607e+02 3.17624912e+01 5.16199512e+03
 3.34795020e+03 3.82333374e+02 9.25564499e+01 2.45185232e+00
 1.26100338e+00 9.55736084e+02 6.63475146e+03 1.20170345e+01
 1.00667017e+03 9.53359924e+02 4.42366714e+01 3.25812073e+01
 6.48477554e+01 5.67375195e+03 4.16291466e+01 2.45335892e+02
 2.83186340e+02 4.41525078e+01 1.64354700e+03 5.59804497e+01
 2.41790905e+01 1.39409482e+00 2.41390967e+03 4.31028992e+02
 8.03909607e+01 9.07556824e+02 8.69812891e+03 4.31180664e+02
 1.98907425e+02 3.47978516e+02 1.41223169e+03 2.26379105e+02
 4.80235863e+00 4.47282906e+01 6.15557842e-02 1.45152302e+01
 2.51556625e+02 1.05031006e+03 2.82257294e+02 1.14637646e+03
 1.59359872e-01 1.21474902e+03 1.09870697e+02 4.29439117e+02
 4.08117767e+02 6.46413818e+02 3.40070435e+03 1.89425073e+03
 1.19828894e+03 2.24334641e+02 1.73806366e+02 2.07028076e+02
 3.86963099e-01 2.14794214e+03 2.20567055e+01 4.59202862e+00
 2.14524933e+02 2.01215458e+00 8.26181030e+01 3.94924774e+02
 1.60591385e+02 2.19019897e+03 4.82242828e+02 5.86541595e+01
 5.17691284e+02 2.46815781e+02 8.60216553e+02 1.52234055e+02
 8.51068298e+02 1.79760925e+02 2.82415283e+02 3.67772827e+02
 6.00443001e+01 5.11719513e+00 1.51066443e+03 1.14159348e+02
 3.88415710e+02 9.62039709e-01 2.31396575e-02 9.08373237e-01
 4.88413155e-01 6.14619019e+02 2.55847244e+02 4.50992432e+01
 6.42829590e+02 2.41535934e+02 4.87947731e+01 8.66307297e+01
 9.22475403e+02 9.11365449e-01 4.02106104e+03 2.33361650e+00
 6.36964188e+01 3.52991760e-01 2.12227554e+02 7.68791733e+01
 2.16462866e+03 2.82695862e+02 6.84807053e+01 1.80957275e+02
 8.20115471e+00 4.68029480e+01 4.80556000e+02 5.02934027e+00
 6.46341492e+02 4.63780396e+02 1.77573059e+02 1.82619727e+03
 5.89162231e+02 2.49961090e+00 1.60568726e+03 5.54914093e+01
 2.19784470e+01 2.93791779e+02 1.42962555e+02 2.74884367e+00
 5.16320114e+01 1.79439270e+02 4.10488037e+02 1.91552114e+00
 3.92894653e+02 1.56563461e+00 2.49580936e+01 3.05873871e+01
 1.13532486e+01 5.32085266e+02 6.04506348e+02 3.71577301e+02
 8.33552307e+02 9.55411987e+01 5.70300341e-01 6.63516922e+01
 7.27867584e+01 6.55173683e+00 1.38377655e+02 1.69761011e+03
 2.00031109e+01 9.58089981e+01 1.38805984e+02 3.70055389e+02
 9.55188751e+00 5.11023621e+02 1.39538977e+03 8.29417053e+02
 8.21858691e+03 9.83811340e+02 1.80936493e+02 1.58203918e+03
 1.05996460e+02 1.28265979e+03 4.89242188e+02 1.63876099e+02
 6.17035484e+01 4.30813599e+02 1.89327490e+03 5.95016556e+01
 2.88230019e+01 1.62606860e+03 1.34985397e+02 3.60889313e+02
 6.19883347e+01 2.34654465e+01 7.37917862e+01 2.10425079e-01
 9.68428955e+01 5.96811707e+02 7.02729309e+02 6.56281424e+00],-64.56192,-151.28749,-266.98343,2.1980362,10.469675,0.80278957,0.9584979,0.01592195908546448,2016.0443806648254,0.5,0.5,-0.13464715784274772,0.001682231138545826,-0.1345621050959288,0.0015976685016802397,-0.6920508008814468,37.59999999999999,0.0,124500.0,-1.0,-782.0,750.0,11.010462522506714,125000
100.77721,0.05750529,0.114691995,0.00129334,-99.572784,99.572784,[5.90371713e-03 1.30798471e+00 3.12694460e-02 1.89379139e+01
 1.51878688e-02 1.37394923e-03 9.24256688e-04 3.80261779e-01
 1.36538398e+00 5.53472340e-03 5.99648133e-02 1.62905008e-02
 3.01024795e-01 3.62129658e-02 3.25780059e-03 3.32353878e+00
 1.39010814e-03 4.49127346e-01 2.18626913e-02 1.46263093e-03
 5.72872832e-02 4.35717124e-03 9.76248179e-04 8.11970901e+00
 6.24080305e-04 3.03164590e-03 3.22111254e-03 3.73884249e+00
 1.96340540e-03 6.17679767e-03 1.95385265e+00 9.56153050e-02
 7.67655522e-02 9.80569981e-04 1.46510944e-01 4.48295334e-03
 3.21171479e-04 2.12149369e-03 9.65699777e-02 3.12847109e-03
 5.08631440e-03 1.27474859e-01 9.03515238e-03 1.12275463e-02
 2.52357044e-04 3.45854438e-03 1.16567891e-02 4.69509102e-02
 2.70133023e-03 2.26323344e-02 2.25691050e-01 3.61803114e-01
 2.12599635e-02 4.08568745e-03 1.71689987e-02 2.33634615e+00
 8.93201679e-03 1.16525369e-03 1.71709526e-03 6.22237563e-01
 9.68941581e-03 1.16401935e+00 1.46317901e-03 6.02559012e-04
 5.26454812e-03 1.57050090e-03 3.67874466e-02 4.46803588e-03
 2.53839970e+00 5.71328041e-04 1.39478641e-03 3.44701577e-03
 4.21807505e-02 2.55959854e-03 1.45955011e-01 4.36475563e+00
 8.05686787e-03 9.51165799e-04 8.75035301e-04 4.19522822e-03
 8.92905518e-02 2.19426870e+00 9.90577316e+00 4.12137461e+00
 4.66489419e-03 6.45102118e-04 3.35952849e-03 8.93914665e-04
 1.80305894e-02 3.04755243e-03 1.71521828e-02 1.76350446e-03
 2.32408429e-03 1.17001459e-02 8.68404843e-03 6.80662572e-01
 4.85070050e-04 8.45251456e-02 1.24984577e-01 1.69266853e-03
 3.33466753e-03 6.10719919e-02 2.66856747e-03 4.64720950e-02
 3.01965931e-03 1.17417395e-01 4.63243388e-03 1.92288519e-03
 2.30958452e-03 3.22366022e-02 1.45957749e-02 5.92083717e-03
 2.48531159e-03 3.96511245e+00 7.70766381e-03 1.76081851e-01
 1.04083363e-02 6.05551839e-01 1.07506171e-01 1.85460143e-04
 5.55687785e-01 1.69285312e-01 1.02638975e-01 2.38948246e-03
 2.58814590e-03 2.39971709e+00 1.16035402e-01 1.62103977e-02
 6.82869107e-02 2.16295011e-03 2.56098795e+00 3.98188503e-03
 2.15473422e-03 5.70489466e-02 4.92738001e-03 8.09212448e-04
 2.84321071e-03 1.15589350e-01 6.95342105e-03 1.37767838e-02
 1.62559247e+00 1.66619435e-01 9.67669126e-04 3.05566192e-01
 1.94289312e-02 1.19508267e-03 3.69807531e-04 5.53616509e-03
 1.20764384e-02 1.97594166e-01 1.74052849e-01 3.81547093e+00
 3.08813271e-03 1.45835150e-02 2.35274255e-01 8.98147374e-03
 3.65408063e-02 1.52554829e-03 7.00268056e-03 5.53470897e-03
 8.43110383e-02 4.48942976e-03 6.97617047e-03 3.35526012e-04
 3.58940028e-02 1.52603462e-02 6.19469164e-03 3.93725606e-03
 7.69716967e-03 3.92133221e-02 1.14923403e-01 7.40886340e-03
 3.26947169e-03 6.88204050e-01 7.52348569e-04 1.42079359e-02
 2.17320863e-03 3.31100643e-01 6.49132505e-02 1.75871402e-02
 1.20063080e-03 3.53287265e-04 3.43917916e-03 1.74987968e-03
 3.09504243e-03 6.75903678e-01 1.92536460e-03 3.43522639e-04
 2.10094070e+00 5.84763065e-02 2.88167447e-01 1.60732213e-03
 3.15267086e+00 1.17268730e-02 5.94852805e-01 1.83998570e-02
 5.45440614e-03 9.57668945e-02 2.79269763e-03 4.15032450e-03
 2.74497038e-03 1.07806269e-03 4.77697980e-03 6.34258054e-03
 6.94326088e-02 4.43674251e-02 2.70665484e-03 1.75443362e-03
 1.71748213e-02 3.61982593e-03 1.17320288e-03 3.58593082e+00
 2.72743076e-01 3.46137490e-03 6.11834368e-03 1.19941366e+00
 2.87448475e-03 1.09573257e+00 1.71470118e+00 7.20972940e-03
 2.27896543e-03 1.36310025e-03 2.98189116e-05 1.09949149e-04
 1.68221025e-03 5.25372161e-04 1.88122690e-01 3.85760050e-03
 4.08719410e-04 2.85374792e-03 3.09566998e+00 3.46043296e-02
 8.13425124e-01 6.36352692e-03 1.22937048e-03 3.91992554e-03
 7.97711429e-04 6.89460989e-03 2.00546682e-02 6.98250949e-01
 2.05643778e-03 2.35266268e-01 5.85198635e-03 4.76379972e-03
 5.55497222e-03 2.99160182e-01 1.75212556e-03 6.19037092e-01
 2.04937328e-02 1.16326821e+00 3.70968692e-03 5.33705093e-02
 1.13697210e-03 1.09715471e-02 1.43665418e-01 5.78278396e-03],0.43919837,[1.95941534e-02 1.04181910e+00 9.47830081e-03 1.52655678e+01
 1.46212429e-03 2.45054602e-03 9.53365862e-03 9.92412716e-02
 1.15414143e+00 1.81390923e-02 1.62175018e-02 1.86700327e-03
 2.32597068e-02 8.78224336e-03 1.83772692e-03 5.05423188e-01
 3.60156572e-03 1.62452012e-01 2.56435340e-03 6.48087449e-03
 3.55704576e-02 1.17230760e-02 1.82821043e-03 5.85761666e-01
 8.69041425e-04 1.03896309e-03 3.49555351e-03 5.33778548e-01
 8.69857380e-04 7.75585044e-03 7.57975280e-01 5.97243533e-02
 1.61121950e-01 3.07756593e-03 1.44921735e-01 4.24312474e-03
 1.73303578e-03 1.69789465e-03 4.40341122e-02 3.26317851e-03
 4.37995885e-03 1.75784901e-01 5.51718101e-03 1.40695646e-03
 2.67216587e-03 3.28723341e-04 6.80564297e-03 1.06592171e-01
 3.32528166e-03 1.32761979e-02 1.23345539e-01 2.32196957e-01
 1.06294197e-03 3.28868143e-02 1.99223366e-02 2.00170350e+00
 1.93207152e-03 2.51392135e-04 1.86183956e-03 6.39277756e-01
 1.38108619e-03 4.45618480e-01 8.09017161e-04 1.01786223e-03
 1.98530988e-03 1.62797445e-03 1.84933282e-02 3.52195371e-03
 1.56436610e+00 1.85194821e-03 5.37175266e-03 4.42621903e-03
 7.26755559e-02 3.38631170e-03 3.99980754e-01 5.18617153e+00
 4.36578505e-03 2.66937003e-03 1.95450522e-03 4.47476795e-03
 1.38614833e-01 1.09148629e-01 7.14654636e+00 7.49755725e-02
 5.44206984e-03 6.55155629e-03 2.48540717e-04 2.75443448e-03
 1.78028569e-02 2.66901799e-03 4.55073547e-03 3.05193476e-03
 3.15535325e-03 2.49542738e-03 4.59770020e-03 1.02943957e+00
 5.34651522e-03 1.21837690e-01 1.88457109e-02 3.26297549e-03
 2.35637231e-03 5.13430126e-03 3.60676646e-03 6.73347386e-05
 2.54370109e-03 3.89406248e-03 3.67640750e-05 5.61188813e-03
 1.45125785e-03 1.48063642e-04 1.03984922e-02 1.08460174e-03
 1.02832098e-03 3.40709239e-01 7.00495951e-03 9.55624040e-03
 1.66646745e-02 1.36137688e+00 5.20702004e-02 1.39369303e-03
 1.94769874e-01 1.65827006e-01 2.42804065e-02 5.60381042e-04
 4.90331557e-03 9.04527307e-01 3.51335630e-02 2.68178177e-03
 3.26994155e-03 3.83370882e-03 1.65346503e+00 6.76552858e-03
 2.73677078e-03 1.75509319e-01 6.31889701e-03 3.74280906e-04
 4.62099351e-03 7.00493157e-02 2.21518101e-03 3.29656270e-03
 1.15409184e+00 3.68311778e-02 2.70638266e-04 2.25820318e-01
 6.07667584e-03 2.04002229e-03 5.58787026e-04 4.62839846e-03
 9.56216641e-03 1.41628623e-01 1.34549782e-01 3.07227910e-01
 1.26065663e-03 1.58797652e-02 3.25604248e+00 4.09327261e-03
 7.66579993e-03 1.40067795e-03 5.70406485e-03 5.71224140e-04
 2.51685455e-02 1.50818424e-03 3.16739082e-03 1.75850024e-03
 1.33464010e-02 1.79211907e-02 3.32029816e-03 2.31794454e-03
 4.60161129e-04 2.03604192e-01 7.89008141e-02 5.90778980e-03
 1.90575141e-03 2.41959706e-01 1.07844034e-03 1.00917500e-02
 2.91372021e-03 1.42428970e+00 4.67167646e-02 1.77743249e-02
 2.08055531e-03 1.25051346e-02 3.53429727e-02 1.63061358e-03
 3.02798906e-03 1.26083791e+00 4.49433737e-03 4.24443278e-04
 3.08086133e+00 4.78601269e-03 3.11703086e-02 2.86547141e-03
 6.90985680e-01 2.62359530e-03 7.95593560e-02 1.19690523e-01
 1.21388398e-03 7.93198124e-03 3.15682264e-03 4.15354827e-03
 5.00673056e-03 3.56080127e-04 4.61934507e-03 8.03814270e-03
 5.70372492e-02 1.26327937e-02 5.06661739e-03 1.56552950e-03
 8.04005284e-03 1.56784151e-03 1.73555408e-02 5.77203650e-03
 2.65421450e-01 4.25349362e-03 2.84326263e-03 5.84236622e-01
 5.34276199e-03 8.94237682e-02 4.03712511e-01 1.69530660e-02
 8.57337844e-03 7.74553802e-04 6.62626058e-04 2.57724756e-03
 1.33431135e-02 1.84881338e-03 2.11755335e-02 7.18327565e-03
 1.28129544e-03 3.73302423e-03 2.38488823e-01 1.21842390e-02
 6.77472353e-01 5.26685640e-03 1.39062991e-03 1.09104170e-02
 2.99956603e-03 1.11213904e-02 6.67237043e-02 9.26668167e-01
 2.26253569e-02 9.22256857e-02 4.77346964e-03 1.41013600e-03
 2.01866636e-03 9.96338110e-03 5.17439388e-04 4.20568585e-02
 1.32659413e-02 1.85893252e-01 2.38872059e-02 5.05235940e-02
 7.95445591e-03 6.72715716e-03 1.21071100e-01 2.17672950e-03],-62.50257,-106.40819,-210.38326,1.1328089,3.9402108,0.9967249,0.93210346,5.005094,-3.6964736,43.97545,154.34233,5.394263,0.49339366,0.47200185,-144.01413,144.01413,[9.32689476e+00 7.93899963e+02 2.42995056e+02 7.47677246e+02
 3.86762939e+02 3.19010696e+01 1.88230737e+03 1.01604141e+02
 2.78319550e+00 6.79513474e+01 4.13761101e+01 6.22319641e+01
 6.75502396e+00 1.97200516e+02 3.70317535e+02 4.40087938e+00
 7.40855217e-01 4.30726135e+02 1.34899573e+03 5.43027020e+00
 5.26806885e+02 5.09824467e+00 4.05097565e+02 4.71617157e+02
 4.65565491e+02 9.95464905e+02 6.27351501e+02 4.28786316e+01
 1.30836578e+02 5.17773056e+01 1.05125269e+03 4.32284832e+00
 5.17197937e+02 3.64802861e+00 3.28209814e+03 5.47637207e+03
 6.37952042e+00 2.59221069e+02 1.75197174e+02 1.73256897e+02
 3.21012280e+03 1.17956686e+01 2.19469414e+01 2.69281745e+00
 9.90709167e+02 2.66077900e+01 2.04607277e+01 8.15179382e+02
 8.87352661e+02 1.16507900e+00 4.74830444e+02 3.14444790e+01
 1.87998193e+03 6.52402893e+02 1.90483902e+02 3.73955994e+01
 1.29990799e+02 3.16490097e+01 2.36933960e+02 1.64415569e+01
 1.42694519e+02 1.05555261e+03 6.61215210e+00 5.97423340e+03
 1.73230688e+03 7.02447662e+01 7.46245718e+00 8.78423004e+01
 7.99654617e+01 6.11175049e+02 2.36405029e+02 7.81417160e+01
 6.36403076e+02 7.48406649e-01 7.66226501e+01 9.45761414e+02
 5.62438240e+01 7.57019730e+01 3.57463898e+02 1.49578918e+02
 2.01980400e+00 3.69219894e+01 7.41544128e+02 1.08376943e+04
 1.26828857e+03 6.50854588e+00 4.87873764e+01 1.35890088e+04
 2.10135765e+01 1.11053821e+03 1.06174828e+02 8.03705444e+01
 3.31864105e+02 2.00231957e+00 3.76672935e+01 2.36053276e+00
 1.92205368e+02 2.57718530e+03 1.20339462e+02 8.21410217e+01
 9.40292358e+01 5.92954834e+02 4.64097656e+03 4.34769922e+03
 2.48526802e+01 5.81936312e+00 1.22900818e+02 5.70847046e+02
 6.31972790e+00 3.03784447e+01 2.07167397e+01 1.24726953e+03
 2.55261421e+01 2.99072510e+03 2.38084221e+01 1.82652283e+00
 3.78549118e+01 5.53566856e+01 4.34208374e+01 3.40413422e+02
 2.16562036e+03 9.20971252e+02 4.51253090e+01 2.10667191e+01
 4.40717087e+01 1.37735840e+02 6.44379425e+01 1.07048550e+01
 3.00196171e-01 7.98416214e+01 4.09016693e+02 7.87896362e+02
 7.00688660e+02 4.74807678e+02 1.50731522e+02 3.30328445e+01
 4.75960785e+02 2.54554550e+02 5.50786194e+02 5.22774316e+03
 1.95199066e+02 1.83044769e+02 4.22874054e+02 1.99984436e+01
 1.35828400e+02 3.87203407e+01 1.09159439e+02 1.36530280e-01
 1.83068591e+03 5.80085693e+02 1.77181947e+00 4.03717995e+00
 1.17058395e+02 5.24370215e+03 9.03985352e+02 2.07375031e+02
 6.99453201e+01 1.03394814e+02 2.84371246e+02 1.14677010e+01
 2.89615814e+02 7.70085621e+00 2.02250488e+02 1.28765991e+02
 2.97529755e+02 1.57968518e+03 3.92514954e+02 2.26755737e+03
 5.50287598e+02 2.02641716e+01 1.07191940e+02 1.31049643e+01
 2.41087692e+02 3.43443680e+01 2.82385040e+02 1.43511810e+01
 3.97260666e+01 2.29860840e+01 1.90903687e+02 5.49570557e+03
 1.41112350e+02 9.75374413e+00 1.48427454e+03 2.38165226e+01
 1.14669083e+02 3.13839081e+02 2.08590869e+03 3.77680016e+01
 3.86633484e+02 1.38061719e+03 2.61693649e+01 5.35991821e+01
 1.19674858e+02 4.73730713e+02 2.44347534e+02 1.40005402e+02
 1.75254395e+03 6.27815369e+02 3.52547264e+01 1.73752832e+03
 2.38993683e+01 1.61618274e+03 1.31569855e+02 6.95003967e+01
 3.93753571e+02 8.78846705e-01 6.26921631e+02 6.82582321e+01
 5.17120850e+02 1.94499207e+01 1.37773730e+03 1.38340698e+03
 1.00898933e+01 7.65768372e+02 6.03795349e+02 1.18729675e+02
 1.27210449e+02 4.83852936e+02 2.85654235e+00 4.11529770e+01
 9.30835114e+01 7.08574524e+02 3.24161682e+02 1.13695419e+02
 2.29789639e+01 2.91935010e+03 5.25886353e+02 1.78350378e+03
 1.56384277e+01 2.89325256e+01 2.40528137e+02 3.45357269e+02
 2.12831478e+01 8.78051636e+02 1.01963562e+03 2.73651028e+01
 2.55832100e+01 9.88181152e+02 1.26224613e+01 2.59168987e+01
 8.19632446e+02 7.64602509e+01 1.01761444e+03 4.79802673e+02
 6.15420609e+01 6.79369431e+01 2.47541676e+01 1.65063385e+02
 1.09109451e+02 3.35086899e+01 2.36308746e+02 1.96872040e+02
 4.24443512e+01 3.76784888e+03 2.65599762e+02 1.59161644e+01],791.84863,[1.39750147e+00 3.85449188e+02 7.49105377e+01 7.05962097e+02
 2.70417908e+02 3.11667709e+01 1.29315442e+03 3.68346748e+01
 1.50608039e+00 3.13015347e+01 4.19755188e+02 1.05378517e+02
 1.12556636e+00 1.34958099e+02 7.28958282e+01 3.17017651e+00
 1.33745924e-01 4.92397858e+02 5.63499489e+01 3.45131683e+01
 4.87990723e+02 6.55923784e-01 2.67540405e+02 4.01642212e+02
 3.52846924e+02 2.52050781e+02 8.63633667e+02 4.12242661e+01
 1.98095367e+02 7.00626831e+01 6.70502197e+02 1.86692095e+00
 3.12531738e+02 2.02359295e+00 3.23833740e+03 4.50165137e+03
 6.72846651e+00 2.94526276e+02 1.04558640e+02 1.99641075e+01
 2.05017358e+03 1.17438593e+01 2.17313004e+01 2.31314240e+01
 5.10903473e+02 1.22442093e+02 1.98852577e+01 1.03339062e+03
 3.28480621e+02 1.38498449e+00 4.40137085e+02 2.27583427e+01
 1.32475122e+03 4.40268707e+02 9.64664001e+01 1.49824018e+01
 3.86726913e+01 1.13497162e+02 1.85895309e+02 2.85846043e+00
 4.56766090e+01 3.96877502e+02 1.91913873e-01 3.19264600e+03
 2.52983032e+03 2.40109138e+01 7.66004229e+00 2.80023975e+01
 9.90066681e+01 1.22607651e+02 7.31683472e+02 2.46484085e+02
 7.67950964e+00 6.74789310e-01 5.82746620e+01 7.95757385e+02
 2.02812881e+01 1.03541664e+02 8.18946838e+01 5.19233513e+01
 4.84913969e+00 1.03763351e+02 2.22254791e+02 5.69946582e+03
 5.19432495e+02 3.21654844e+00 3.15904446e+01 9.32594824e+03
 1.41235340e+00 1.73948193e+03 1.28774071e+01 2.35077381e+01
 1.43025070e+02 1.17809224e+00 1.14523897e+01 1.83957249e-01
 1.69570602e+02 8.19490814e+01 3.88392181e+01 2.64233398e+01
 8.70796585e+00 4.13473083e+02 3.22124243e+03 2.47210107e+03
 3.45060577e+01 2.80130029e+00 1.19399330e+02 7.77808533e+02
 5.97193384e+00 1.44909763e+00 4.79084873e+00 1.16169601e+02
 5.48023558e+00 2.32074390e+03 1.36430674e+01 7.83242941e-01
 6.49625168e+01 4.07417831e+01 4.64273643e+01 1.95724762e+02
 3.35206177e+03 1.01747485e+03 1.07671240e+03 2.34353600e+01
 4.24289322e+01 2.18057755e+02 3.23843269e+01 6.83497620e+00
 1.30810022e+00 7.51357956e+01 4.53205109e+02 8.06143433e+02
 5.03486938e+02 5.60259460e+02 2.51581848e+02 8.68745506e-01
 4.27846289e+03 3.45162811e+02 2.02056519e+02 1.46910815e+03
 1.88407364e+02 1.62388397e+02 2.37641174e+02 3.54251933e+00
 3.73203201e+01 4.02156019e+00 8.44326096e+01 1.13683656e-01
 1.23334949e+03 1.83233307e+02 8.12122285e-01 4.58120537e+00
 3.89819450e+01 1.02473896e+04 3.91528564e+02 2.31191498e+02
 8.53653526e+00 2.26511269e+01 2.45290390e+02 2.30148811e+01
 1.47389740e+02 1.12376442e+01 6.08312561e+02 1.44056592e+03
 8.31316299e+01 2.12948682e+03 1.39147705e+02 5.81268921e+02
 2.32310120e+02 2.21581974e+01 8.98750458e+01 4.97893524e+00
 9.96340561e+01 6.18718815e+00 1.05873547e+03 1.35414295e+01
 2.93041859e+01 1.49461823e+02 1.34943207e+02 3.40786987e+03
 2.74942871e+02 7.33466911e+00 4.08697510e+02 1.61193466e+01
 4.45958939e+01 4.01723022e+02 2.04142346e+03 1.97370033e+01
 1.39985992e+02 1.08379150e+03 1.47767172e+01 8.16914902e+01
 6.09723282e+01 1.25546310e+02 4.29144684e+02 1.69240936e+02
 2.28846777e+03 4.29621460e+02 1.53223145e+02 8.97741699e+02
 1.41566208e+02 1.13909058e+03 1.57653198e+01 2.69872627e+01
 2.42305481e+02 7.68751092e-03 1.25861218e+03 8.13534851e+01
 5.11968353e+02 7.27637711e+01 1.00688928e+03 1.73209424e+03
 5.36292410e+00 7.58284546e+02 2.30753326e+02 7.62532654e+01
 2.46841095e+02 4.68852814e+02 1.39497018e+00 3.34499359e+01
 8.02081966e+00 7.49138794e+02 6.13827820e+02 7.88890839e+00
 6.14080048e+01 1.93228943e+02 8.28934937e+02 2.94076465e+03
 5.62130737e+00 1.21821299e+01 1.67246643e+02 1.10505737e+03
 6.38665438e+00 5.42217041e+02 2.43855484e+02 3.41240549e+00
 4.68608131e+01 9.86186096e+02 3.50021839e-01 2.70346527e+01
 7.14979431e+02 1.24460545e+01 8.23454102e+02 4.41739319e+02
 6.30253744e+00 5.91456490e+01 2.70629835e+00 1.70263855e+02
 1.06852097e+02 2.84396515e+01 4.95011597e+01 7.17569122e+01
 1.05336189e+02 1.63866919e+03 6.56858063e+01 2.21028781e+00],-90.956024,-152.65753,-276.44595,2.2288566,11.342064,1.0046911,0.95843613,0.014936103315353394,2389.447005033493,0.5,0.5,-0.1641615018065664,0.001424993332952064,-0.1640791368201162,0.0014173197047158065,35.63663222849541,37.59999999999999,0.0,150000.0,-1.0,-912.0,750.0,11.747889041900635,150000
104.066414,0.08351229,0.16508582,0.001956255,-102.33205,102.33205,[8.96531105e-01 3.12338322e-02 1.51275294e-02 1.57906059e-02
 5.67594636e-03 1.22055495e-02 2.91321576e-02 9.78523865e-04
 3.14648375e-02 3.68348975e-03 2.10960675e-02 1.36938763e+00
 1.33699384e-02 3.83130819e-01 3.50014329e-01 3.75139192e-02
 6.52608741e-03 8.01642705e-03 9.38887335e-03 3.36581755e+00
 4.54895955e-04 1.44771791e+00 6.64815493e-03 5.62475510e-02
 1.96391988e+00 1.22338720e-01 3.30701731e-02 5.67306232e+00
 7.46543845e-03 5.53788170e-02 1.65121600e-01 2.42622161e+00
 2.81845890e-02 1.12946443e-02 1.78807024e-02 8.82418267e-03
 7.89444351e+00 3.06659527e-02 3.69065374e-01 1.38817430e+00
 2.81117372e-02 3.48551422e-02 2.88218051e-01 1.07374921e-01
 1.14573399e-02 9.52226110e-04 7.42198108e-03 5.06572332e-03
 4.11714353e-02 1.46238916e-02 1.25902481e-02 3.75142470e-02
 2.62790807e-02 2.53034420e-02 3.72540623e-01 6.31915033e-03
 1.34498132e-02 1.71642564e-03 7.93485582e-01 2.62105241e-02
 1.42697953e-02 2.76828706e-01 9.53936670e-03 8.15160513e-01
 1.51372343e-01 7.33326149e+00 3.51363840e-03 5.84295034e+00
 4.23439592e-03 1.47744734e-03 2.92359162e-02 6.82253111e-03
 3.98652665e-02 1.66515019e-02 1.08399522e-03 1.39467083e-02
 2.39358153e-02 2.18008552e-03 9.53521230e-04 7.10206339e-03
 5.32764383e-03 1.25232320e-02 8.45960435e-03 3.92668657e-02
 6.60569593e-03 1.67817846e-01 9.15951580e-02 1.97602585e-02
 7.61764169e-01 9.33313463e-03 1.92691755e+00 2.56596327e+00
 3.05047072e-02 6.87200874e-02 3.07910237e-02 1.86701585e-02
 1.27606541e-02 7.31706992e-03 9.55450475e-01 6.83044083e-03
 1.13259442e-01 1.02281868e-02 2.71577507e-01 1.69327453e-01
 2.04048514e-01 1.00338366e-02 7.14438707e-02 3.41678038e-02
 4.37291801e-01 3.09350379e-02 1.64141700e-01 7.82471802e-03
 2.18594408e+00 1.11520514e-02 4.62877890e-03 2.87337899e-02
 2.75463099e-03 1.86965782e-02 1.77531809e-01 4.20909040e-02
 9.16771516e-02 6.91081285e-01 2.98595428e-01 1.75480932e-01
 6.65419161e-01 8.20720941e-02 2.07501985e-02 1.12086445e-01
 7.71687273e-03 7.28972303e-03 3.15068215e-02 1.14649218e-02
 9.33131669e-03 8.60314891e-02 1.17653627e-02 7.60052027e-03
 2.46492028e-02 1.06815567e+01 8.92918169e-01 7.74333030e-02
 7.45641937e+01 7.43091200e-03 2.33375311e-01 7.31543405e-03
 6.26647174e-02 3.24674658e-02 1.73265245e-02 2.68093161e-02
 1.04653593e-02 4.00202796e-02 3.38661224e-01 4.08754358e-03
 1.24106118e-02 1.10796429e-02 3.20521742e-03 3.13809848e+00
 1.08406357e-02 7.82016963e-02 4.44432124e-02 1.53163858e-02
 6.27145637e-03 3.22468765e-03 1.43519519e-02 9.37107019e-03
 1.52285947e-02 1.02765113e-02 4.46979284e+00 1.75923333e-02
 4.93060157e-04 2.29349341e-02 6.87664468e-03 2.18286920e+00
 1.51641816e-02 1.85631186e-01 4.24087405e-01 3.33438925e-02
 1.27426314e+00 1.72223262e-02 1.52019737e-02 1.19788790e+00
 5.58782220e-01 3.49579565e-03 9.83600974e-01 1.21964283e-01
 2.18097959e-03 2.38535702e-01 1.54666319e-01 6.56138267e-03
 8.22297856e-02 2.82306056e-02 8.59732646e-03 1.80264011e-01
 6.25610910e-03 6.04102802e+00 1.46210808e-02 9.53739975e-03
 1.53927971e-02 5.57402849e-01 3.13134689e+01 9.81269032e-02
 2.85179652e-02 1.19791484e+00 8.16968642e-03 1.00145388e+00
 8.85085948e-03 2.42934935e-02 2.17131637e-02 3.35155092e-02
 6.33022282e-03 1.37728870e-01 1.34122148e-02 8.42481926e-02
 1.05852904e-02 5.63668273e-03 5.31459391e-01 4.59481310e-03
 1.10733407e-02 1.01165660e-01 3.16228807e-01 3.93055566e-02
 2.34280992e-02 5.39246760e-03 5.95666207e-02 1.05860300e-01
 4.63086545e-01 6.46595191e-03 5.74136786e-02 4.21996135e-03
 5.22256047e-02 1.46231830e-01 2.62557063e-02 4.89695519e-01
 3.27625796e-02 3.27029191e-02 7.63905374e-03 2.93191103e-03
 3.49630117e-01 7.98757095e-03 1.07443595e+00 2.76450478e-02
 1.36704687e-02 6.53444529e-02 6.12958707e-02 5.26020937e-02
 8.38699657e-03 1.18335988e-02 1.73607618e-02 1.08942194e-02
 8.31345562e-03 5.32819107e-02 8.33607763e-02 1.24606872e+00
 1.03084780e-02 6.52541220e-01 4.39525284e-02 9.19862092e-03],0.70307523,[6.09265327e+00 3.31000872e-02 9.63243842e-03 1.57325901e-02
 5.61586488e-03 1.39544103e-02 2.84102801e-02 8.07060685e-04
 2.44729593e-02 3.50324251e-03 2.45908946e-02 2.50727081e+00
 1.44648701e-02 7.81462193e-01 2.58774102e-01 8.57377350e-02
 6.48671575e-03 9.62623768e-03 1.42225344e-02 2.02311730e+00
 1.05206110e-03 6.83565617e-01 6.03350718e-03 1.10738324e-02
 1.69668615e-01 1.04209565e-01 3.98574583e-02 1.64314270e+00
 5.21716196e-03 1.43962093e-02 1.15138817e+00 2.74234438e+00
 2.53081731e-02 8.89567379e-03 1.53317284e-02 1.08623598e-02
 2.92484665e+00 4.23950106e-02 4.58630800e-01 9.05153036e-01
 2.99917832e-02 3.51075791e-02 1.63649336e-01 7.21424669e-02
 7.58597441e-03 2.56981384e-02 6.12213369e-03 4.61908989e-03
 8.59093666e-03 1.49845220e-02 9.73794702e-03 6.44264966e-02
 2.58105434e-02 2.88776867e-02 2.02994609e+00 5.18701691e-03
 1.32754799e-02 9.51346301e-04 4.78226840e-01 3.36273834e-02
 5.39235119e-03 2.78478891e-01 8.61915387e-03 1.63877487e-01
 9.28884819e-02 1.62751317e-01 4.23692949e-02 6.22568226e+00
 6.03002170e-03 1.69407204e-03 4.18875553e-03 5.49422577e-03
 3.62344272e-02 1.54489679e-02 9.68333334e-03 1.16314692e-02
 7.69595522e-03 2.63071153e-03 9.61725891e-04 1.11732883e-02
 6.72483817e-03 7.96269439e-03 8.01527221e-03 1.16402797e-01
 1.64505932e-02 4.47340608e-02 1.47341833e-01 2.19693501e-03
 1.85896337e-01 1.84466586e-01 8.24408829e-02 1.66178489e+00
 1.59471054e-02 2.92448830e-02 1.31200869e-02 2.04255246e-02
 1.34113207e-02 8.86573829e-03 6.81446791e-02 6.72382675e-03
 9.41572264e-02 6.01858413e-03 4.47948784e-01 1.99862599e-01
 2.42207497e-02 8.51051696e-03 1.65024713e-01 3.10654752e-02
 2.52884090e-01 2.56914459e-02 2.49826699e-01 8.00714083e-03
 2.65264106e+00 1.08320955e-02 2.48247851e-03 1.34240296e-02
 4.91340598e-03 1.14165265e-02 1.44068068e-02 3.49115282e-02
 8.71246159e-02 7.84745395e-01 2.05484688e-01 1.76652402e-01
 5.20271026e-02 1.35688275e-01 1.79973468e-02 1.30582839e-01
 7.88293965e-03 7.51952315e-03 2.51305085e-02 1.29420497e-02
 2.43356433e-02 8.27777088e-02 1.15324538e-02 5.29837096e-03
 2.58318428e-02 9.33586717e-01 9.09448206e-01 1.28718123e-01
 5.81810284e+00 8.47309362e-03 7.96472371e-01 5.08374348e-03
 6.55557066e-02 2.76868045e-02 1.00363940e-02 2.40691938e-02
 9.67696216e-03 3.43579650e-02 1.63622424e-01 4.81263082e-03
 7.71372952e-03 1.35933328e-02 2.75213481e-03 5.01796007e+00
 1.27082625e-02 8.26373547e-02 3.71420234e-02 9.11175925e-03
 7.91207179e-02 5.94325736e-03 2.02414747e-02 9.34566278e-03
 1.27998199e-02 5.55578852e-04 2.27877110e-01 4.59893905e-02
 2.77127236e-01 1.41453929e-02 6.25592144e-03 6.81319058e-01
 3.59770842e-02 3.31197195e-02 1.14370055e-01 6.86499104e-02
 8.00411463e-01 1.41227376e-02 1.10774469e-02 2.40625930e+00
 3.17114919e-01 3.63473035e-03 6.31669879e-01 4.73434366e-02
 1.91134633e-03 1.19829047e-02 2.42569938e-01 6.32128166e-03
 8.79652575e-02 5.53506576e-02 8.11854284e-03 1.37156099e-01
 6.35064160e-03 4.62329006e+00 1.42318942e-02 7.57833384e-03
 1.57805681e-02 1.16124582e+00 1.85192454e+00 1.22490537e+00
 2.93017179e-02 3.86966735e-01 8.32894258e-03 1.30976653e+00
 1.25748292e-02 2.17626970e-02 2.97097042e-02 2.01264676e-02
 1.04152272e-02 2.55315285e-02 1.44347530e-02 8.99273604e-02
 6.54071476e-03 5.46584092e-03 1.85458273e-01 3.12680984e-03
 7.03976583e-03 2.21184492e-02 1.02343403e-01 1.93555150e-02
 1.43893696e-02 4.23792377e-03 6.15077853e-01 5.39809391e-02
 3.81690532e-01 7.43397418e-03 2.65385937e-02 5.24760038e-03
 1.30959362e-01 9.73562375e-02 3.15205678e-02 3.85597169e-01
 2.76408084e-02 2.63849050e-02 6.36747666e-03 2.17704345e-02
 7.16044232e-02 8.54826160e-03 5.61744571e-01 2.51758732e-02
 8.77418835e-03 6.13478981e-02 1.76933870e-01 4.51650620e+00
 6.94318675e-03 5.69665991e-03 1.61977299e-02 6.31678477e-03
 6.48849271e-03 2.03267150e-02 1.13139950e-01 2.64883304e+00
 9.28791519e-03 3.10558259e-01 1.50590032e-01 9.43569466e-03],-69.96062,-110.1351,-296.92792,1.1813662,6.7557836,0.99855614,0.93307966,9.786811,-7.965451,90.42425,153.80365,6.6438994,0.56890225,0.56573206,-141.47073,141.47073,[2.14980392e+01 5.43332434e+00 3.78093605e+01 8.50262680e+01
 6.41740894e+00 7.60873108e+01 3.76035919e+01 2.42848492e+01
 4.02481766e+01 2.48651428e+02 6.94150314e+01 2.17257385e+01
 2.90153694e+00 1.84724579e+01 4.55230804e+02 5.00696106e+02
 2.65177307e+02 1.17677261e+02 1.30106506e+02 1.06194668e+04
 5.06256409e+01 7.82739029e+01 2.03414879e+01 2.83417908e+02
 6.49245605e+01 4.52084869e+02 6.13892517e+01 6.11361450e+02
 8.90608549e-01 1.11628870e+03 1.01308746e+01 6.81292248e+00
 9.66333008e+01 1.52887852e+04 6.41318178e+00 8.62277985e+01
 1.47765417e+01 9.39787979e+01 3.80977516e+01 6.66609039e+01
 4.13056107e+01 1.26010962e+01 2.53529053e+01 1.26532660e+01
 2.38873553e+00 2.77173798e+02 8.13355713e+01 9.76188599e+02
 3.51413803e+01 3.07224770e+01 9.58766937e+01 7.59053192e+01
 9.09144669e+01 5.10830994e+01 1.30668182e+02 4.38364441e+02
 9.18832855e+01 1.55602479e+00 7.58945179e+00 1.25225239e+01
 4.12688818e+03 2.94431488e+02 1.28965790e+02 7.91671371e+01
 7.08269775e+02 5.62356873e+01 5.99095947e+02 1.23872643e+02
 8.45131470e+02 3.11538911e+00 2.43064893e+03 1.48532524e+01
 8.72024384e+01 1.09728249e+02 3.75283394e+01 3.12337341e+01
 6.61809235e+01 8.20479202e+01 2.66088776e+02 9.02859375e+02
 8.66923141e+01 3.40134087e+01 4.37376320e-01 6.78786240e+01
 2.24888668e+01 2.34840126e+01 1.67204590e+01 1.44525049e+03
 6.03111328e+02 7.28343430e+01 1.08402817e+02 1.77174164e+02
 2.01567169e+02 3.32339844e+02 2.04919281e+01 2.95491867e+01
 4.22620392e+01 1.77449326e+02 8.42800110e+02 5.96210876e+02
 2.88020611e+00 6.13755859e+02 7.56754883e+02 2.69472070e+03
 4.83730793e+00 1.73582726e+01 1.02561874e+02 2.72311821e+01
 6.79575043e+01 7.90834656e+01 2.88477997e+02 8.66014709e+01
 9.94606256e-01 2.38669758e+01 1.41737337e+01 5.03164948e+02
 7.98246264e-01 1.10182743e+01 1.68242779e+01 5.48873949e+00
 1.57437735e+01 3.92832870e+01 1.01034705e+03 4.21346191e+02
 5.91105713e+02 3.90820850e+03 2.32154297e+03 2.59479523e+01
 8.58084202e+00 1.10612988e+03 5.98839684e+01 5.04775352e+01
 2.08899689e+01 8.07791016e+02 3.29258789e+02 3.23109497e+02
 3.23981323e+02 1.65041981e+01 2.02990387e+02 1.08484116e+02
 1.69620255e+02 2.43883270e+02 8.32835083e+01 2.04234352e+01
 1.77768387e+02 1.54709864e+01 9.71805542e+02 1.01901489e+02
 8.52623367e+01 2.47495537e+01 7.64997742e+02 8.96184570e+02
 8.57504492e+03 2.08815723e+03 1.26114514e+03 1.27729102e+03
 2.82089825e+01 2.10215263e+01 5.49623413e+02 3.14500366e+02
 1.80465515e+02 2.27563965e+03 5.49937683e+02 4.19284393e+02
 2.89419312e+02 1.67954578e+03 1.22462418e+02 7.20049515e+01
 4.78068542e+02 3.69213074e+02 3.01087830e+02 6.08152222e+02
 1.39229202e+02 1.01641205e+02 1.16377722e+03 1.01344763e+03
 1.14679871e+01 1.13178339e+01 5.07422180e+01 7.10200644e+00
 3.23927689e+01 1.67605969e+03 1.65940808e+03 5.37126617e+01
 1.20647297e+01 4.20210785e+02 3.45138977e+02 5.94788628e+01
 1.13198311e+02 2.17778076e+03 4.19892731e+02 3.02553864e+01
 5.74362030e+01 9.27272156e+02 9.20532684e+01 1.28618420e+03
 2.82963696e+01 2.09050751e+01 5.75211487e+01 8.59056244e+01
 4.27179375e+01 9.14025688e+00 8.73457947e+02 4.91939728e+02
 1.91894336e+03 1.49736381e+00 3.80802155e+01 7.11755249e+02
 2.60580902e+01 2.58486347e+01 5.45989868e+02 8.80270157e+01
 2.34370941e+02 7.34896660e+00 8.01988316e+00 1.81912582e+02
 1.36300918e+04 2.03695465e+02 2.80368073e+02 8.69140167e+01
 1.65602356e+02 2.52083344e+02 1.14540244e+04 5.91081543e+03
 1.90280518e+02 1.25774062e+00 4.01490898e+01 3.14867310e+02
 3.55274048e+01 1.93270660e+02 3.73263206e+01 3.53517163e+03
 3.33736938e+02 3.19322968e+01 3.10195535e-01 7.85074387e+01
 1.82284973e+03 1.69925110e+03 4.05171280e+01 1.18369604e+03
 1.89616724e+03 4.66570816e+01 2.81021973e+03 3.05847569e+01
 1.09057074e+01 1.22000003e+00 1.67181778e+02 2.82184418e+02
 4.44014740e+01 1.42634764e+01 6.32040405e+02 1.92778358e+01
 5.12842102e+01 1.01519947e+01 7.39559143e+02 6.76086816e+03],793.41406,[6.57507992e+00 3.69533005e+01 3.62753868e+01 4.52049561e+01
 4.50882301e+01 2.77010620e+02 3.76198044e+01 6.86527405e+01
 3.57295494e+01 1.50515305e+02 2.42199478e+01 1.33440371e+01
 5.93005276e+00 2.09887481e+00 2.37286423e+02 4.08780182e+02
 4.38062782e+01 1.62314720e+01 4.57612793e+02 5.86028418e+03
 1.14611368e+01 4.46760406e+01 1.75904884e+01 1.50652679e+02
 8.05756226e+01 6.75748901e+02 2.22918739e+01 5.27968506e+02
 1.13304520e+00 8.59806213e+02 2.56091237e+00 2.91816139e+00
 5.32010040e+01 6.20111816e+02 1.36982300e+02 9.48454895e+01
 1.30810490e+01 1.32644531e+02 3.74943657e+01 1.17295933e+01
 2.28592186e+01 1.63968086e+01 1.14154902e+01 8.42540646e+00
 7.76922913e+01 1.15251945e+02 4.69253578e+01 2.47517914e+02
 1.64758663e+01 6.64632654e+00 8.78951416e+01 2.31424999e+01
 2.24204102e+02 3.71260681e+01 6.95196686e+01 3.63629486e+02
 7.87513494e-01 1.21862102e+00 2.31916866e+01 3.16147834e-01
 3.17521509e+03 2.85842804e+02 3.35239296e+01 6.66217041e+01
 1.57016003e+03 1.51057501e+01 1.85803757e+02 8.52910385e+01
 1.14395581e+03 5.42469358e+00 2.17375656e+02 1.02616844e+01
 2.05658966e+02 1.20478249e+01 2.15626764e+00 2.91888857e+00
 2.35589848e+01 1.96552105e+01 3.14454834e+02 9.40662048e+02
 2.84152313e+02 2.12295418e+01 5.94961762e-01 6.01415215e+01
 4.11084442e+01 1.58878212e+01 1.81878781e+00 1.40658569e+03
 9.84418030e+02 6.63605804e+01 5.91674614e+01 6.39493895e+00
 2.22206478e+01 1.11665283e+02 1.17352734e+01 2.56484184e+01
 2.50095825e+01 4.20163383e+01 2.91269775e+02 6.50144958e+02
 7.64644527e+00 4.67198059e+02 1.26388306e+03 3.16006226e+03
 2.92711105e+01 5.82902282e-02 1.35000830e+01 1.38431263e+01
 5.78680344e+01 3.63792953e+01 3.44456482e+02 5.21544533e+01
 8.19863737e-01 1.68042011e+01 1.55352211e+00 3.85719940e+02
 7.28506947e+00 4.07153702e+01 1.76114693e+01 9.29342365e+00
 1.78637638e+01 1.15336113e+02 2.15120190e+03 6.45173462e+02
 9.63678833e+02 1.41883936e+03 1.51787842e+03 2.99549408e+01
 6.94098806e+00 1.85535355e+02 1.79850368e+01 3.99787521e+01
 3.73846130e+01 6.62010986e+02 4.19610825e+01 1.09965869e+03
 8.58712540e+01 1.65836426e+02 1.85093170e+02 9.06004562e+01
 9.60251160e+01 2.39256958e+02 2.54637482e+02 3.75188942e+01
 1.17295517e+02 4.24435120e+01 1.08210999e+03 6.41208344e+01
 3.09379364e+02 6.30264893e+01 8.79371033e+02 2.19218091e+03
 3.90983618e+03 1.32798279e+02 9.32191101e+02 1.53013611e+03
 1.32651300e+01 6.50114441e+00 3.09033875e+02 2.82506470e+02
 1.82362976e+02 5.60361328e+03 1.29176682e+02 9.44280167e+01
 6.72991409e+01 3.10897192e+03 2.57555115e+02 2.57128029e+01
 1.34976440e+03 3.96927856e+02 5.99494314e+00 1.25315576e+03
 1.01404068e+02 1.55231738e+00 2.29038254e+02 1.38529382e+03
 3.16375995e+00 1.44036493e+01 1.15822510e+03 1.31821370e+00
 1.59973087e+01 3.10077344e+03 1.32797864e+03 3.47604103e+01
 8.93024349e+00 4.85029144e+02 5.00151489e+02 7.53348875e+00
 3.13470978e+02 7.83549805e+02 1.08801758e+03 1.36003914e+01
 9.10323524e+00 5.01619812e+02 9.21732635e+01 1.26919543e+03
 3.88292961e+01 6.41553020e+00 9.88086319e+00 2.11851273e+01
 1.04935890e+02 1.89812489e+01 9.16090942e+02 1.60208142e+03
 1.15916211e+03 6.63926239e+01 3.96657333e+01 2.76058228e+03
 7.30299664e+00 1.06675701e+01 2.92801758e+02 1.92339821e+01
 9.94493942e+01 6.11326277e-01 9.88535309e+00 5.82222443e+01
 9.45352344e+03 1.39138504e+02 9.39407349e+01 1.11610924e+02
 1.72615829e+02 1.02428418e+03 1.98747949e+03 3.51301709e+03
 1.26717148e+02 1.79114068e+00 1.64665184e+01 1.79635181e+03
 4.53846359e+01 1.64209156e+01 3.83265152e+01 3.59260742e+03
 8.69572830e+01 4.35933113e+00 2.76337147e-01 2.57978477e+01
 5.35844055e+02 8.07562439e+02 3.76528587e+01 1.52169128e+03
 5.93336035e+03 1.49747849e+00 3.32628369e+03 2.84748244e+00
 3.87798080e+01 8.14849281e+00 9.98518448e+01 1.36471375e+02
 3.22027802e+00 1.14072618e+01 1.30091516e+03 4.56489754e+00
 1.32962246e+01 1.18605900e+01 2.60143530e+03 4.71042969e+03],-88.95269,-148.98058,-288.30603,2.1972008,14.406583,1.07897,0.9571165,0.016765132102966308,2808.5753462314606,0.5,0.5,-0.055620485905176265,0.00047499939396742995,-0.05558868784006783,0.0006448136874399044,35.75029539086123,37.59999999999999,0.0,174750.0,-1.0,-756.0,750.0,11.468727111816406,175000
101.28657,0.052709054,0.11341783,0.0014421532,-100.09968,100.09968,[1.56008196e-03 2.01215185e-02 5.78226172e-05 1.11313984e-01
 3.08392435e-01 3.89459403e-03 3.75388004e-02 3.44291814e-02
 5.96803147e-05 1.67751268e-01 2.01237351e-01 7.10285851e-04
 5.69407083e-03 5.32663194e-03 5.78347504e-01 4.34553158e-03
 9.59174335e-03 4.89943314e+00 3.40874866e-02 5.53608313e-03
 1.11731107e-03 4.27681021e-02 3.76968575e+00 3.15964930e-02
 6.07061293e-03 8.57655779e-02 4.38477659e+00 9.84687591e-04
 5.64695406e+00 9.72569175e-03 2.94242054e-02 4.19581383e-02
 5.39315403e-01 3.20953354e-02 5.35052386e-04 1.22839923e-03
 2.92516686e-02 2.06229880e-01 1.50376350e-01 1.58621222e-02
 4.47743610e-02 1.00722343e-01 1.18517596e-03 1.91675918e-03
 1.51500657e-01 5.03740134e-03 9.00119662e-01 1.51259883e-04
 2.52591111e-02 2.07845382e-02 1.13141797e-02 6.34635519e-03
 1.57432389e-02 2.35006269e-02 2.75074155e-04 1.57198124e-02
 1.54790683e-02 2.12101149e-03 2.31009121e+01 3.85636650e-02
 3.02487127e-02 1.35639310e-02 1.83593333e-02 7.82806575e-01
 2.31952980e-01 7.35138357e-01 4.30577316e+01 1.59506887e-01
 7.97180692e-04 6.70553967e-02 7.86080122e+00 2.53896743e-01
 4.96330746e-02 3.14229101e-01 6.85797306e-04 4.65876702e-03
 1.66050177e-02 8.00786831e-04 1.04105715e-02 1.77132543e-02
 4.85333439e-04 1.82776689e-03 2.91261915e-03 9.18521523e-01
 3.02078319e-03 1.42036641e+00 2.14908943e-02 5.73459838e-04
 3.20796389e-03 2.55079940e-04 1.06651485e-01 1.50205847e-03
 2.48353230e-04 6.49066269e-02 3.85828540e-02 5.45849674e-04
 2.21813389e-04 1.01471514e-01 5.84864058e-03 1.40519130e+00
 2.09417020e-04 3.51231337e+00 3.50590372e+00 3.12965326e-02
 5.02203465e-01 6.62957206e-02 9.16206511e-04 3.45524490e-01
 2.04115291e-04 4.96673398e-02 5.21913031e-03 6.58979788e-02
 3.30474004e-02 7.70102143e-01 3.69547261e-03 5.23737729e-01
 3.92658357e-03 1.69463479e-03 6.72089122e-03 1.42756384e-03
 1.53970465e-01 6.88480949e+00 8.17798637e-03 2.39339191e-04
 5.97054482e-01 2.24541575e-02 7.98697323e-02 1.74378633e-01
 6.26271241e-04 7.75284716e-04 5.55425975e-03 5.61770105e+00
 1.94183603e-01 1.22388615e-03 1.72591396e-03 1.45003740e-02
 2.59660482e-01 1.27757024e-02 8.90732859e-04 1.80625357e-03
 2.94288667e-03 1.63182095e-02 5.27745038e-02 5.29025402e-03
 4.91536316e-03 5.69020398e-04 2.43467488e-03 2.05267337e-04
 2.28460822e-02 2.14807212e-01 3.51066096e-03 2.05695955e-03
 1.23181092e-02 4.20585275e-04 3.25245224e-03 7.60298339e-04
 1.82774533e-02 5.82950830e+00 2.51323264e-03 1.95808429e-03
 1.83473989e-01 4.70706960e-03 2.00630282e-04 6.33426197e-03
 2.43086042e-03 6.06684771e-04 9.81681868e-02 1.06734924e-01
 3.72523442e-02 5.81977947e-04 3.72573400e+00 1.08737219e-03
 4.16828692e-03 2.64073024e-04 2.66725183e-01 2.81561203e-02
 4.03806031e-01 4.20916259e-01 3.94350499e-01 2.77740312e+00
 5.01527004e-02 8.32877704e-04 1.08436798e-04 1.07292505e-03
 5.24457917e-03 1.16857840e-02 1.75575400e-03 1.22037930e-02
 2.78446404e-03 7.63760705e-04 9.56740137e-03 2.14386964e-03
 8.41185742e-04 6.42572492e-02 2.93426830e-02 5.13486415e-02
 2.26526652e-02 1.58294439e-02 2.59795750e-04 2.29308475e-03
 5.82894385e-02 8.06989729e-01 1.23733515e-02 2.67969735e-04
 1.11707933e-01 2.52163946e-03 3.22058909e-02 1.14784932e+00
 1.73056081e-01 1.19967735e+00 4.09887929e-04 1.77267146e+00
 1.32080829e-02 2.08545066e-02 2.71440092e-02 1.84604362e-01
 6.01244122e-02 1.15390092e-01 1.79344155e-02 3.06367493e+00
 5.41932695e-02 2.18897432e-01 2.97283649e+00 6.79759542e-04
 1.52525436e-02 1.09498957e-02 8.65437381e-04 1.01576904e-02
 3.27823800e-03 1.25349045e-01 9.12700295e-02 2.64913701e-02
 9.51139070e-03 3.09217302e-03 1.96881920e-01 5.64761553e-03
 6.54878318e-02 4.09625657e-03 5.38606569e-02 3.80135942e+00
 1.25967935e-01 6.27379864e-03 9.05597284e-02 1.63435587e-04
 1.44759730e-01 6.63893282e-01 5.91294840e-02 3.63009609e-02
 2.28275992e-02 4.00707531e+00 7.05111597e-04 4.66422920e+01
 1.06346831e-01 3.39263701e-03 1.08104840e-01 1.13775246e-02],1.1641979,[6.52619754e-04 9.70388800e-02 6.74150244e-04 9.35339034e-02
 3.85549903e-01 3.09772091e-03 1.72066018e-02 5.29824849e-03
 8.94070836e-05 6.48759007e-02 2.64309883e-01 2.91810429e-04
 5.99870197e-02 8.83211673e-04 5.91962218e-01 4.66316380e-03
 1.01205921e-02 2.34498882e+00 3.09530757e-02 9.58364457e-03
 4.31837421e-03 1.76617727e-02 2.13830733e+00 4.73995283e-02
 1.37429573e-02 3.61147821e-02 1.54418600e+00 2.81401561e-04
 4.38650703e+00 5.16410358e-03 5.23933396e-03 5.45025647e-01
 1.21187784e-01 1.06000349e-01 1.36907352e-03 1.53932825e-03
 1.57398470e-02 2.39672840e-01 4.76859044e-03 7.19122775e-03
 4.22471240e-02 8.26828275e-03 4.41600569e-04 1.62726967e-03
 1.57404933e-02 1.15356839e-03 6.10411227e-01 2.49367440e-03
 1.81769542e-02 1.75711401e-02 2.74446830e-02 2.52308627e-03
 3.94075084e-03 9.10538435e-03 6.79653720e-04 5.85491303e-03
 1.63855646e-02 7.52361317e-04 2.47741842e+00 2.83456407e-02
 4.68551740e-02 5.54507412e-03 1.98874902e-03 1.60702050e+00
 7.39941373e-02 1.17904520e+00 8.98656693e+01 7.27696568e-02
 1.57259195e-03 3.21865380e-02 6.62580585e+00 2.69927122e-02
 4.70905453e-02 6.85671270e-02 4.02795267e-04 9.08918912e-04
 1.05773713e-02 8.21632857e-04 1.44945085e-02 4.33970010e-03
 6.70553301e-04 6.03540242e-03 3.19518335e-02 1.84292734e-01
 2.84392526e-03 6.62840664e-01 9.13037062e-02 2.97410239e-04
 2.06844416e-03 3.06226138e-04 6.68379128e-01 4.42696037e-05
 7.02091493e-04 2.87187863e-02 4.33689617e-02 9.64412931e-04
 7.97273242e-05 1.33720767e-02 4.20781877e-03 7.21914649e-01
 6.25889341e-04 2.54242859e+01 7.75853276e-01 3.31097916e-02
 4.12661806e-02 8.85520410e-03 1.99744478e-04 9.55233723e-02
 9.98453237e-04 4.96697910e-02 1.60206691e-04 3.21801677e-02
 1.23178288e-02 3.66321266e-01 6.45851204e-03 4.06935036e-01
 5.95881790e-03 7.42096978e-04 8.30991473e-03 1.88560283e-04
 3.94688882e-02 3.49027514e+00 4.02155612e-03 2.45970499e-04
 2.99032211e-01 8.21089223e-02 3.13576721e-02 1.77535564e-01
 2.73180311e-04 5.76288730e-04 1.19520922e-03 5.61397374e-01
 4.89157140e-02 1.71398604e-03 2.62351008e-04 1.46237984e-02
 8.44754428e-02 3.59591730e-02 6.22382911e-04 2.36609834e-03
 3.67198046e-03 6.18071221e-02 2.95148008e-02 1.57566741e-02
 2.34747119e-03 3.57207749e-03 1.19601991e-02 3.03928391e-05
 1.57549803e-04 9.92719084e-02 5.88264316e-02 1.02030393e-03
 2.23327265e-03 8.22146540e-05 2.38947396e-04 4.67685284e-04
 8.26691650e-03 5.67491829e-01 3.73203238e-03 1.37605821e-03
 9.55849767e-01 1.75119042e-02 4.55195550e-04 5.56843448e-03
 5.05891209e-03 1.25586113e-03 2.64641503e-03 7.69419447e-02
 3.65744382e-02 1.39214238e-03 2.08990026e+00 9.14269651e-04
 2.57430365e-03 2.66462262e-03 5.52921891e-01 6.89441897e-03
 1.25013316e+00 2.99367785e-01 1.07493699e-02 9.22048330e-01
 1.90342925e-02 1.47052226e-04 1.47882150e-04 1.42667978e-03
 8.74164340e-04 1.93808116e-02 1.33552612e-03 3.38648469e-03
 3.93659621e-03 2.86144228e-03 1.57284201e-03 2.77948391e-04
 2.41592666e-03 8.42379034e-02 3.25809084e-02 1.34030178e-01
 2.71700658e-02 2.42327601e-02 9.20903403e-05 1.17610665e-02
 9.47287530e-02 5.94382286e-01 1.05130337e-02 5.50253841e-04
 5.89524508e-02 1.57026807e-05 1.06470384e-01 9.24466997e-02
 1.32403538e-01 1.29226732e+00 2.45112227e-03 2.38682413e+00
 2.61039324e-02 1.87263973e-02 1.61528792e-02 1.09849051e-01
 1.43088952e-01 7.88493454e-02 1.82534494e-02 5.52998900e-01
 5.68433776e-02 5.49298897e-02 2.78239441e+00 1.01098849e-03
 1.68427434e-02 3.50294150e-02 2.19130889e-03 2.05878299e-02
 9.08134319e-03 5.25365882e-02 4.89669666e-02 1.84770450e-02
 2.37129219e-02 5.18776616e-03 5.34586385e-02 4.49292420e-04
 1.25521328e-03 2.91082682e-03 7.04434961e-02 7.99936801e-02
 4.09289496e-04 5.27124992e-03 3.15673612e-02 1.88845326e-04
 4.42615330e-01 9.47412193e-01 3.84824164e-02 3.34636644e-02
 1.15799364e-02 3.48647624e-01 5.70692122e-04 3.58429070e+01
 1.25441372e-01 8.25928641e-04 7.63729364e-02 2.28298903e-02],-81.03085,-108.51381,-320.1857,1.1312752,3.4957988,0.94829524,0.9321279,6.6016426,-6.0352225,98.94497,154.5648,6.763223,0.54087543,0.5801117,-142.39282,142.39282,[1.90906104e+03 2.86068463e+00 9.30060101e+00 3.82991066e+01
 1.02721031e+02 6.72656738e+03 2.98785343e+01 9.13654968e+02
 3.39816284e+02 3.89648285e+01 1.25241123e+04 3.50182991e+01
 1.14372156e+03 2.40308569e+03 1.16780426e+02 4.14651604e+01
 7.16538315e+01 1.86640034e+01 4.95601440e+02 2.57179291e+02
 5.88573532e+01 7.22922974e+01 3.02412109e+02 4.93741322e+00
 4.39859962e+01 1.87283691e+02 1.84860764e+02 2.18917206e+02
 6.10080605e+01 2.96643982e+02 2.54073906e+01 2.81288696e+02
 2.05213330e+03 3.58825150e+01 4.55236473e+01 9.73078156e+00
 3.56940552e+02 5.44179688e+01 1.01200818e+03 2.32983521e+02
 4.26952087e+02 6.97706127e+00 2.11252069e+00 2.35347252e+01
 3.22230377e+01 2.74493335e+03 4.79893158e+02 1.42116211e+02
 7.62911701e+00 3.47529633e+02 1.37102261e+01 8.64519882e+01
 3.52140160e+01 1.20299048e+03 5.44890289e+01 1.21665918e+04
 1.49736670e+03 4.26260033e+01 1.24510376e+02 5.38382019e+02
 6.21395264e+01 3.14648499e+02 5.72732697e+01 1.25630569e+02
 3.72673248e+02 5.50635681e+01 8.10766144e+01 5.07280540e+01
 1.52697172e+01 9.39989746e+02 2.24345264e+03 7.51556738e+03
 3.51123619e+01 6.54053223e+02 3.92112970e+00 1.49965210e+02
 2.53611336e+01 9.36761780e+01 4.89999733e+01 5.65271645e+01
 4.98561516e+01 8.37996368e+01 2.28247040e+02 7.72894211e+01
 8.86162338e+01 3.26272461e+02 1.73501282e+01 1.06964588e+01
 5.04235306e+01 1.25554260e+02 2.94304295e+01 8.05269241e+01
 1.07664642e+01 3.23982239e+01 1.39161340e+03 1.62718567e+02
 9.11154556e+00 1.47679260e+02 5.74763336e+01 2.12073364e+01
 7.22732697e+01 2.90301514e+02 1.56975708e+03 3.02092552e+01
 1.46779541e+03 1.11942542e+03 4.39413681e+01 2.11921811e-01
 3.97160873e+01 1.51214569e+02 2.00817297e+03 1.35801254e+02
 2.14193677e+03 4.18377625e+02 6.44028997e+00 7.24113525e+02
 1.21686572e+03 4.09297104e+01 8.33254776e+01 5.74321747e+00
 1.27571381e+02 1.27413429e+02 4.71920563e+02 1.99348736e+01
 6.78846436e+01 2.40623535e+02 3.15176178e+02 7.64837265e+01
 5.14010353e+01 2.23208046e+00 5.07337695e+03 2.52057159e+02
 1.25709282e+02 2.20073456e+02 1.20980477e+00 2.15199997e+02
 5.27654834e+03 1.53147510e+03 5.86836670e+02 3.76735107e+02
 7.03428955e+01 5.60035019e+01 2.51147324e+02 6.43145895e+00
 2.88869057e+01 2.57970881e+00 1.20602074e+01 1.95045129e+03
 1.59338821e+02 5.33941309e+03 1.69358978e+01 1.42204236e+03
 2.31736230e+03 6.34325928e+02 2.28045068e+03 1.74496353e+02
 6.92323682e+03 1.06316467e+02 2.52313385e+01 4.75940186e+02
 8.67438354e+02 2.03232407e+02 4.87916183e+01 2.87206177e+02
 1.44942461e+04 3.45684766e+03 1.32970996e+03 2.39591360e+00
 9.79035254e+03 6.79738522e+00 3.50170288e+02 2.76041007e+00
 9.26542053e+02 1.06936600e+02 1.74418774e+03 3.69414886e+02
 6.30650711e+01 1.48471252e+02 7.30466413e+00 1.54586499e+03
 3.76547775e+01 1.06194189e+03 1.19728592e+02 9.19158363e+00
 9.77915283e+02 1.58425439e+03 2.20717194e+02 2.07202454e+01
 1.72256470e+02 7.31776962e+01 6.43128815e+01 3.94907166e+02
 1.89892288e+02 5.72833679e+02 8.25127563e+02 9.96495117e+02
 1.46857544e+02 1.18340401e+02 2.67414941e+03 5.09879160e+00
 3.50441017e+01 2.79544983e+01 3.79075127e+01 1.25968666e+02
 8.47490025e+00 3.16475201e+00 1.08333298e+02 1.51978622e+02
 3.22739655e+02 4.07260437e+01 6.82766294e+00 1.57687668e+02
 6.30213013e+02 3.90295312e+03 7.40357971e+00 1.02088852e+01
 2.30309555e+02 9.19156799e+01 1.12917015e+02 1.54349089e+00
 3.47898941e+01 9.26820435e+02 8.45282288e+02 1.41870514e+02
 2.29936147e+00 1.53903610e+02 4.23590973e+02 3.38606339e+01
 1.10292648e+02 4.86871490e+01 5.18094543e+02 1.14865186e+03
 1.13931854e+02 1.42789337e+02 3.08747974e+03 4.45755806e+01
 8.07156677e+01 3.62048721e+01 1.77243008e+04 6.58052521e+01
 5.10963898e+01 1.40415176e+02 9.73444824e+01 2.78699799e+02
 1.85051660e+03 1.05271350e+03 3.35037158e+03 2.24603882e+01
 1.59808875e+03 4.37262306e+01 4.90909973e+02 1.13613144e+02
 8.55828705e+01 2.70505280e+02 8.05962296e+01 3.83728600e+01],949.79724,[1.85435132e+03 2.17999959e+00 5.16541862e+00 4.93541679e+01
 1.32679472e+01 9.28478027e+03 1.68632164e+01 5.38193420e+02
 3.33166626e+02 1.02906265e+01 9.04151074e+03 2.43224487e+01
 6.74671448e+02 4.73114600e+03 8.17739563e+01 8.98693085e+00
 8.63731861e+00 2.00193768e+01 6.66765785e+00 2.28244675e+02
 8.70907669e+01 6.50287628e+01 1.57848892e+02 7.62214375e+00
 6.74980469e+01 1.47020401e+02 1.12162712e+02 7.95347748e+01
 8.98101196e+01 1.23481438e+02 5.07465124e-01 1.04522648e+01
 1.74279956e+03 1.36634111e+01 7.15349884e+01 8.75615692e+00
 3.50597534e+02 6.28117218e+01 3.52185638e+02 2.49363037e+02
 2.13813538e+02 7.63753939e+00 3.33304858e+00 4.59457779e+01
 2.66848938e+02 1.26987524e+03 1.05245544e+02 4.89051285e+01
 1.76644135e+01 3.10958527e+02 1.59916067e+01 8.29661083e+00
 8.81196785e+00 1.14530518e+03 6.99186859e+01 1.50040010e+04
 8.53666199e+02 2.90399151e+01 4.42674332e+01 1.96130646e+02
 6.12770691e+01 1.53681793e+02 3.21050529e+01 1.16491632e+01
 7.40629349e+01 6.12568741e+01 1.13339432e+02 1.49101477e+01
 6.09130402e+01 4.29095978e+02 2.46374170e+03 4.44937158e+03
 1.02385483e+01 1.31536560e+02 1.23944836e+01 4.53445358e+01
 8.74119797e+01 3.41926498e+01 5.64800301e+01 1.83135162e+02
 1.52443380e+01 2.44670120e+02 1.20720398e+02 7.76255341e+01
 4.87315140e+01 3.00404724e+02 5.41559505e+00 1.36239135e+00
 4.49831467e+01 3.29119965e+02 1.70648975e+01 1.78945370e+01
 3.11082244e+00 7.84227324e+00 6.25327942e+02 1.10785873e+02
 1.32511444e+01 1.04579498e+02 2.25824165e+00 1.18688631e+00
 3.75801941e+02 1.35664624e+03 6.33283447e+02 9.60000634e-01
 9.59058411e+02 5.35838196e+02 3.14723282e+01 1.61632970e-01
 3.88590503e+00 5.13827019e+01 5.54247986e+02 2.34837387e+02
 1.02531323e+03 2.09509995e+02 2.02768946e+00 1.43344971e+02
 4.52616821e+02 7.22898865e+00 2.45045357e+01 6.28654623e+00
 1.29816452e+02 7.59907074e+01 6.96935364e+02 1.66190414e+01
 5.32388039e+01 1.20848503e+02 2.76655060e+02 5.10553436e+01
 8.54205704e+00 1.28995743e+02 4.80577588e+03 6.76635818e+01
 5.23607521e+01 2.06518250e+02 2.19906378e+00 1.73493073e+02
 4.15711523e+03 8.88871460e+02 7.38113098e+01 1.44118530e+02
 3.86524963e+00 1.16068985e+02 1.19343254e+02 5.07411880e+01
 2.04095345e+01 4.61947060e+00 9.25994682e+00 1.43094019e+03
 9.80650330e+01 5.79386572e+03 9.35816765e+00 1.24278198e+03
 2.00612683e+03 1.15891040e+03 4.68613953e+02 8.18173294e+01
 3.18074316e+03 9.84668427e+01 1.58309021e+01 9.86113358e+01
 8.94058472e+02 1.45942974e+01 2.55579209e+00 1.59902924e+02
 8.19433228e+02 1.54439819e+03 2.07874832e+02 2.28892326e+00
 4.49622852e+03 2.14854980e+00 3.77727966e+02 2.28572826e+01
 8.97298462e+02 2.27139832e+02 1.45484985e+03 3.37786102e+02
 1.75773191e+00 6.68171310e+01 6.19194078e+00 1.04655432e+03
 1.95925963e+00 5.95542175e+02 2.62518921e+01 3.30197258e+01
 1.33140088e+03 5.52050659e+02 7.99981308e+01 3.01481175e+00
 3.65741997e+01 4.31931877e+00 9.19710846e+01 7.81773926e+02
 1.51495468e+02 1.89934311e+02 3.38699768e+02 7.81479370e+02
 8.79092331e+01 1.57134674e+02 1.91610864e+03 1.56936622e+00
 2.49896240e+01 1.28090734e+01 2.27034012e+02 8.54342957e+01
 2.35265064e+01 2.98081696e-01 7.47289734e+01 1.12840424e+02
 9.26839539e+02 6.89267578e+01 1.09849262e+01 5.52739319e+02
 7.57000061e+02 3.08222266e+03 1.84948730e+01 1.87696564e+02
 1.10173233e+02 9.26646042e+01 7.64497757e+01 1.92243695e+00
 1.15933704e+01 6.41256714e+02 1.21625745e+03 1.80597748e+02
 5.74013062e+01 1.33688248e+02 9.04673828e+02 1.00043831e+01
 1.93431454e+01 4.57518082e+01 5.67880005e+02 8.04218201e+02
 1.95360947e+01 4.58479538e+01 4.96639258e+03 2.92145596e+01
 1.56434021e+02 2.07141037e+01 1.06620195e+04 6.41704025e+01
 3.89080696e+01 1.55365715e+01 2.42391586e+01 1.33323837e+02
 8.34958740e+02 1.02524353e+03 3.93010522e+03 1.63568001e+01
 6.31273132e+02 4.09356995e+01 3.27610443e+02 7.26424074e+00
 9.06563950e+00 5.23234940e+01 3.38959732e+01 3.03552399e+01],-88.937386,-152.32578,-303.82343,2.3226671,13.428946,1.0484481,0.95766044,0.01597694808959961,3207.999099254608,0.5,0.5,-0.2423154793695062,-0.0004387036950595252,-0.24246135548063233,-0.005769959827000199,27.79250516499994,37.59999999999999,0.0,199500.0,-1.0,-791.0,750.0,12.50937294960022,200000
103.58505,0.08481665,0.11816467,0.0015503331,-102.31859,102.31859,[6.70888871e-02 2.21245736e-02 2.70139538e-02 7.40278736e-02
 3.43051776e-02 3.38018574e-02 6.09664619e-02 1.92624722e-02
 3.77043724e+00 3.08649838e-02 3.69747803e-02 5.80390096e-02
 4.52269614e-01 6.48476183e-02 5.70641637e-01 2.00753403e+00
 5.37264198e-02 4.12104540e-02 4.40787077e-02 3.03917623e+00
 7.51069188e-02 3.16391349e-01 5.56504913e-03 7.55253136e-02
 4.80099991e-02 4.31972146e-02 5.82053140e-02 3.17378938e-02
 2.25579262e-01 3.53093892e-02 1.45475537e-01 1.20848879e-01
 1.32030528e-03 1.37801588e+00 2.62400284e-02 2.47262150e-01
 1.01986565e-02 3.53115872e-02 2.41429657e-02 1.08130522e-01
 5.73097020e-02 9.58267301e-02 3.72195765e-02 5.67437649e+00
 9.36949626e-03 2.74092555e-02 5.21259382e-02 1.26038985e-02
 2.02386230e-02 5.65763414e-02 6.81673437e-02 8.02025720e-02
 1.00969982e+01 3.94263938e-02 1.75848305e-01 4.46060151e-02
 3.50039750e-02 1.63370222e-01 4.92904522e-02 4.26681399e-01
 8.44426304e-02 2.74268612e-02 1.85446162e-02 2.28309703e+00
 1.59001928e-02 1.09644485e+00 6.66930247e-03 2.97873229e-01
 4.05942276e-02 4.15500671e-01 1.15791596e-01 9.61348414e-02
 2.20513248e+00 8.06672126e-02 3.23219895e-02 4.11998220e-02
 1.30061343e-01 2.10439742e-01 6.40528202e-02 8.99574757e-02
 9.39054108e+00 3.38531137e-02 4.14768234e-02 2.10836694e-01
 2.63496131e-01 1.51522726e-01 5.46432585e-02 9.42936987e-02
 2.97030658e-02 4.75018111e-04 2.23674049e+01 2.98397988e-02
 3.73383313e-02 1.42529890e-01 1.13292895e-02 3.44198048e-02
 2.56265961e-02 2.78021842e-02 7.16529414e-02 6.72362000e-02
 1.62308216e-02 1.76493913e-01 5.43734618e-02 6.83237457e+00
 1.36167705e-01 3.14337707e+00 1.95854623e-02 1.29261285e-01
 6.70905337e-02 3.03911529e-02 6.53124988e-01 4.66734618e-02
 4.56712134e-02 2.35759770e-03 4.05521601e-01 8.62598705e+00
 8.19191337e-02 1.70728695e-02 4.64143977e-02 1.49551824e-01
 7.76525959e-02 1.82171613e-02 9.40055586e-03 9.66169126e-03
 3.95721853e-01 1.75376646e-02 7.05186874e-02 3.70251462e-02
 3.14348412e+00 3.10242139e-02 1.09079499e-02 9.36304778e-02
 1.04289606e-01 1.46979734e-01 1.15148790e-01 7.23323822e-02
 4.76507396e-02 5.67491710e-01 3.48258130e-02 3.04398209e-01
 9.73815322e-02 2.87670434e-01 9.75613669e-02 1.06559424e-02
 9.69742164e-02 4.14706245e-02 4.56255525e-02 3.21091861e-01
 2.94116344e-02 5.56554273e-02 4.30967584e-02 3.81379426e-02
 5.81919849e-02 4.82352555e-01 6.13710880e-02 4.13007915e-01
 9.04678255e-02 3.78312379e-01 3.73960398e-02 2.86482051e-02
 7.21343160e-01 2.15451881e-01 5.26956543e-02 5.82220852e-02
 7.99790323e-02 2.20422372e-02 1.14389944e+00 2.10403776e+00
 1.04912063e-02 1.59059957e-01 5.81802577e-02 6.50373995e-02
 1.88165694e-01 2.78220978e-02 6.33274913e-01 5.45106530e-02
 6.25856519e-02 3.93984579e-02 2.74014056e-01 5.70948958e-01
 1.71504706e-01 1.08434886e-01 3.96722257e-02 5.45051992e-02
 4.74991985e-02 9.00212646e-01 1.54205738e-02 1.42543428e-02
 1.18103385e+00 7.16689974e-02 1.00248814e-01 1.26427680e-01
 2.27448568e-02 3.27106684e-01 2.91951776e-01 6.54496402e-02
 3.84013429e-02 2.68960353e-02 4.36382741e-02 1.80633366e-02
 5.53361513e-02 4.54307981e-02 6.33059721e-03 1.41260409e+00
 5.30457944e-02 1.93627119e-01 4.31726016e-02 5.32980636e-03
 1.22416162e+00 1.55120082e-02 4.37540226e-02 5.73989898e-02
 1.37349188e-01 5.32332622e-02 2.74272740e-01 1.73682831e-02
 4.89335358e-02 9.89902854e-01 5.60149178e-02 1.41480826e-02
 3.38280573e-02 2.32326925e-01 8.71430337e-01 1.14676785e-02
 8.26251864e-01 2.95266826e-02 4.41183709e-02 3.24911058e-01
 2.21070908e-02 8.09168816e-02 3.02571785e-02 4.57574055e-02
 4.42749560e-02 4.68913503e-02 3.80110629e-02 4.05620001e-02
 4.01361473e-02 1.93991885e-01 1.43068403e-01 1.81150082e-02
 1.12877548e+00 5.95522784e-02 3.07660922e-02 4.32055295e-02
 4.67147678e-02 5.63148083e-03 5.88252535e-03 4.40786406e-02
 7.98059925e-02 2.07101572e-02 6.55245632e-02 3.56449671e-02
 3.31613213e-01 9.34011415e-02 2.01579273e-01 2.12820813e-01],0.635949,[2.07577944e-01 2.69567836e-02 1.16161248e-02 5.67555428e-02
 1.59251671e-02 4.67305742e-02 5.48473373e-02 1.98716819e-02
 2.09660992e-01 4.33912389e-02 1.06282696e-01 6.61603659e-02
 6.36740088e-01 5.80632649e-02 1.08468747e+00 3.11635077e-01
 8.85364637e-02 2.09462531e-02 7.10807443e-02 3.97337645e-01
 4.20894437e-02 6.28483355e-01 4.78173047e-02 6.13947734e-02
 2.75871512e-02 5.18593378e-02 5.31521030e-02 2.10911501e-02
 1.10321617e+00 3.20811123e-02 2.04150215e-01 3.38164628e-01
 5.65158240e-02 2.21176481e+00 3.57145965e-01 2.17370719e-01
 5.32119349e-02 4.45787758e-02 3.93721685e-02 2.67473519e-01
 6.96771145e-02 7.57082850e-02 3.71945724e-02 6.41784954e+00
 1.05781630e-01 2.99389958e-02 3.74509022e-02 2.40025669e-02
 3.30941305e-02 2.06194609e-01 5.57413936e-01 1.74565226e-01
 2.33530834e-01 5.85835278e-02 5.44087440e-02 7.90217519e-02
 1.53510580e-02 3.29390317e-01 8.19044709e-02 3.32364529e-01
 1.06557950e-01 5.24770170e-02 3.85753065e-02 9.58490297e-02
 5.12199700e-02 3.94221954e-02 5.60439825e-02 1.19315840e-01
 3.98420542e-02 3.79145771e-01 7.14377612e-02 7.06832469e-01
 1.38752508e+00 4.69673760e-02 2.14087516e-02 3.65887098e-02
 2.29333535e-01 8.92732739e-02 7.07057416e-02 2.10707858e-02
 6.05588007e+00 2.67314464e-02 4.02361639e-02 2.83937931e-01
 1.51499853e-01 1.71193302e-01 4.54458892e-02 5.75742461e-02
 2.25140192e-02 7.97885358e-02 1.87523537e+01 3.26270387e-02
 4.10978869e-02 1.74535707e-01 1.40881063e-02 2.93013155e-02
 3.52582857e-02 1.32130366e-02 6.87958822e-02 8.92537236e-02
 2.22508498e-02 4.12853837e-01 6.63667992e-02 3.94962355e-02
 2.04723448e-01 3.57569546e-01 8.72335657e-02 1.12217113e-01
 4.40016761e-02 2.42553800e-02 8.67908418e-01 3.60474922e-02
 5.22876382e-02 3.62915220e-03 3.35749745e-01 6.83607817e+00
 6.73805922e-02 1.08347135e-02 9.61364955e-02 1.26467019e-01
 1.29584804e-01 5.74842989e-02 4.09268681e-03 1.55435046e-02
 3.69535804e-01 3.04680821e-02 1.00550242e-01 4.97168340e-02
 6.72178268e-01 4.40974012e-02 1.10130068e-02 5.39442375e-02
 6.33664131e-02 2.07266062e-02 1.14349768e-01 6.67478740e-02
 3.53233218e-02 9.38371778e-01 4.67947870e-02 5.14354825e-01
 1.56195998e-01 3.58585191e+00 3.01982313e-01 1.37317404e-02
 6.26486540e-02 3.36780846e-02 3.71732377e-02 2.47144222e-01
 3.31918374e-02 5.88512085e-02 3.11400797e-02 1.46011963e-01
 6.71227574e-02 1.89104617e+00 5.12850732e-02 3.16235870e-01
 7.60929435e-02 3.05174768e-01 2.93283891e-02 3.20685208e-02
 6.38041198e-01 3.83515768e-02 4.61272672e-02 1.72377191e-02
 2.95273364e-01 1.11398436e-02 1.22010148e+00 1.02111053e+00
 3.28100324e-01 1.09815709e-01 1.43953949e-01 4.00092229e-02
 1.34323061e-01 2.54405313e-03 3.64595205e-01 7.38697313e-03
 5.18151075e-02 6.38572797e-02 3.68780464e-01 5.18861771e-01
 1.19470820e-01 3.03946078e-01 4.64522764e-02 6.59317002e-02
 1.73808206e-02 3.48126471e-01 1.25438143e-02 2.05184370e-02
 3.28916907e+00 2.34914541e+00 7.60896355e-02 1.26336098e-01
 2.60738712e-02 4.22649026e-01 1.92484751e-01 2.95086503e-02
 3.20928507e-02 7.18691871e-02 4.90284674e-02 2.11060364e-02
 1.27944589e-01 1.95942428e-02 4.49085310e-02 3.18784451e+00
 4.28490043e-02 6.31256178e-02 6.86326250e-02 4.05123085e-03
 5.70121288e-01 7.56271603e-03 2.79852189e-02 7.48340860e-02
 1.06811330e-01 3.62556018e-02 1.09647667e+00 1.57574862e-02
 4.96451259e-02 1.85358787e+00 2.76885405e-02 1.68382898e-02
 4.38493043e-02 4.51123059e-01 5.19842529e+00 1.07491009e-01
 1.00856247e+01 2.66721472e-02 2.38241255e-02 1.57246375e+00
 1.10207200e-01 7.62735903e-02 3.75690758e-02 9.11343396e-02
 5.34012839e-02 3.74364145e-02 2.66466010e-02 3.68413962e-02
 1.24945380e-01 2.05039367e-01 1.23997785e-01 8.99167061e-02
 1.70490050e+00 2.90496647e-02 4.34025675e-02 4.35540862e-02
 4.85874712e-02 7.22085219e-03 3.31126340e-02 4.72261235e-02
 4.40130904e-02 2.12033875e-02 4.38103788e-02 1.32116735e-01
 1.02759644e-01 5.98829985e-02 9.24592167e-02 3.65782112e-01],-85.37579,-109.46998,-217.97057,1.1162179,4.599679,0.94076747,0.9313022,8.4512,-9.303052,117.006935,146.3223,8.208992,0.5287464,0.5913893,-132.82584,132.82584,[2.91926231e+01 1.05189407e+02 1.13198357e+01 9.60180092e+00
 2.23554897e+01 1.76603050e+01 7.78597778e+02 3.73076508e+02
 1.57902613e+01 2.74309468e+00 9.90076637e+00 6.79644043e+02
 9.78052330e+00 8.75330627e-01 6.11467224e+02 1.36413517e+01
 2.24275122e+03 2.74924927e+02 1.15718689e+01 8.67136719e+02
 4.84459131e+03 3.19092957e+02 3.10698080e+00 1.57589005e+02
 6.17011299e+01 2.12511683e+00 5.56803167e-01 4.53869200e+00
 1.44043396e+02 1.53172119e+04 3.00692043e+01 2.74720093e+02
 3.29681274e+03 1.07333115e+04 9.86895874e+02 1.84899464e+01
 1.56804764e+00 2.36650467e+00 6.97530594e+01 3.28901138e+01
 1.37557632e+02 4.90210754e+02 2.70903015e+02 3.34852997e+02
 8.76034668e+02 2.80257845e+00 3.42297363e+01 1.26836796e+01
 4.01087158e+03 3.20946007e+01 1.39923218e+02 1.70943878e+02
 9.68806553e+00 3.33089638e+01 4.60195117e+03 9.64242744e+00
 1.79388789e+04 1.43005396e+03 9.18196680e+03 2.20603943e+00
 2.22923946e+00 4.28811768e+03 1.17832178e+03 1.18737805e+03
 3.26104212e+00 5.63225746e+01 1.89541187e+01 1.37406665e+03
 6.39155083e+01 1.16740503e+01 5.87879639e+01 2.82630249e+02
 2.76022363e+03 7.54918003e+00 6.46663952e+00 1.73689011e+02
 1.43159653e+02 1.08808479e+01 1.28086426e+02 5.51021805e+01
 7.90630264e+01 2.25678196e+01 8.39652920e+00 2.45547394e+02
 4.58251904e+03 1.54910774e+01 2.49285927e+01 3.92595243e+00
 2.76453114e+01 7.71178007e-01 5.68342781e+00 2.14536452e+00
 9.83883896e+01 9.03498474e+02 3.26588106e+00 7.17053680e+01
 5.79136279e+03 2.20136902e+02 5.69544029e+01 1.12705612e+02
 5.95883274e+00 1.26170039e+00 2.09393799e+02 1.16552116e+02
 2.13640156e+04 7.44006470e+02 7.97882507e+02 2.90061798e+02
 4.64194275e+02 5.18590813e+01 9.90034637e+01 2.45382538e+02
 3.45832014e+00 3.74011650e+01 2.40624780e+03 2.38076245e+03
 4.79620159e-01 5.36304712e-01 9.52355652e+01 1.86238208e+03
 7.29358139e+01 3.81013184e+03 2.23502368e+03 2.66492944e+03
 4.56967294e-01 5.34451723e+00 5.66919136e+00 1.67073203e+04
 2.39269119e+02 2.61959839e+01 1.87900887e+01 5.72768326e+01
 6.51215267e+00 1.30367699e+01 5.58351257e+02 3.22924500e+02
 3.01489777e+02 8.07766342e+00 6.84339371e+01 6.58879700e+01
 2.07304115e+01 7.78026276e+01 3.64134293e+01 3.90926647e+00
 7.05530319e+01 6.73556805e-01 6.98403854e+01 1.65226868e+02
 1.09825859e+02 3.13640594e+01 6.83807678e+02 2.64301117e+02
 2.88544998e+01 1.34679937e+00 1.74541153e+02 3.53019485e+01
 1.68253442e+03 2.78881493e+01 2.40103711e+04 2.85612183e+02
 7.81192688e+02 5.58729736e+03 9.35472298e+00 2.97453785e+01
 1.89048564e+00 3.38951691e+02 8.21820498e-01 9.83748901e+02
 7.29090430e+03 2.99543488e+02 1.60904572e+02 8.78268280e+01
 3.19492459e+00 4.01158791e+01 8.67945099e+00 2.69230723e+00
 2.36052871e-01 2.23592701e+01 2.07510357e+01 4.17407898e+02
 6.90650696e+02 2.44663239e-01 2.72167633e+02 6.61123276e+01
 8.56633118e+02 1.77045990e+02 9.08719101e+01 2.99814167e+01
 5.92633934e+01 2.93693123e+01 5.12592583e+01 7.84613729e-01
 1.05469154e+02 1.03450371e+02 1.94983167e+03 1.14132652e+02
 3.96448486e+03 2.37899437e+01 2.56937656e+01 6.65991020e+00
 2.62441069e-01 5.58821449e+01 1.57857599e+01 1.13343788e+02
 1.57673759e+01 3.08103871e+00 8.53039795e+02 4.30227661e+01
 3.62216711e-01 1.38494902e+01 4.35962791e+01 6.55344009e+01
 4.53070160e+02 1.71446724e+01 3.42657642e+03 4.13711205e+01
 2.56241112e+01 1.53642834e+03 1.58439684e+00 1.11431206e+02
 7.74742126e+02 8.39015808e+01 2.51186609e+00 1.56292906e+01
 5.25576820e+01 5.62971840e+01 5.75809250e+01 7.07689438e+01
 1.21295822e+02 1.36644135e+02 8.65376587e+01 1.56793701e+02
 1.41336262e+00 5.97261095e+00 1.44660845e+01 4.00104485e+01
 7.06544006e+02 1.31054395e+03 1.74588538e+03 2.86105862e+01
 2.82396027e+02 5.46790771e+01 6.15457408e-02 1.88432008e-01
 3.98338914e-01 8.12490005e+01 6.37214432e+01 4.14052582e+02
 2.69083374e+02 1.33690201e+02 2.51597452e+00 2.37539673e+03
 1.98870957e+00 6.18282652e+00 8.80908966e+00 2.81156311e+02],1010.4194,[3.22908354e+00 3.25430298e+00 3.93602228e+00 1.12562685e+01
 2.11190681e+01 2.45403328e+01 9.23768982e+02 3.23510498e+02
 4.38256073e+00 4.36269969e-01 3.18945670e+00 5.66862366e+02
 3.36660671e+00 1.76950145e+00 1.06199928e+02 2.84211922e+00
 2.62974463e+03 1.26789780e+02 2.81727242e+00 1.87187366e+03
 2.77177832e+03 1.55639252e+02 1.02566369e-01 1.57773575e+02
 6.24925232e+01 1.96661353e+00 7.67038167e-01 5.03349400e+00
 7.37517395e+01 2.17399609e+04 7.76276636e+00 2.84797028e+02
 2.84865601e+03 7.63809131e+03 1.65916656e+02 8.38778019e+00
 5.25988007e+00 1.53125275e+02 9.99009857e+01 2.33826351e+01
 3.05040222e+02 2.20414722e+03 6.09239868e+02 8.81474365e+02
 1.14411401e+03 1.42635450e-01 6.09475899e+00 6.15578413e+00
 3.38937646e+03 1.79232559e+01 1.34556885e+02 3.38707581e+02
 5.32894468e+00 2.46046692e+02 6.15852148e+03 1.91516094e+01
 5.51839050e+02 1.23828870e+03 6.24143506e+03 7.48743415e-02
 2.49866891e+00 2.98474390e+03 8.41720520e+02 1.80789563e+03
 3.02570319e+00 5.97075882e+01 1.10052414e+01 4.61841064e+02
 1.75660610e+01 4.75315809e+00 8.48479538e+01 1.16707413e+02
 2.02326331e+03 8.87929153e+00 1.11598082e+01 6.39356995e+02
 4.28135757e+01 2.88526106e+00 3.02231550e+00 8.20717316e+01
 3.87936859e+01 2.49907856e+01 3.60596428e+01 2.57526245e+02
 3.92152490e+03 2.25784564e+00 2.60467281e+01 4.72318192e+01
 9.74170971e+00 6.04493809e+00 2.90171661e+01 2.86398351e-01
 5.51633148e+01 9.20003296e+02 2.70633717e+01 5.31692924e+01
 6.10124609e+03 1.02521500e+02 8.93098145e+01 2.47806015e+02
 2.01460099e+00 1.51312873e-01 3.10441895e+02 3.07508411e+01
 1.13479638e+00 1.30530688e+03 6.90749634e+02 1.29441177e+02
 1.32615356e+02 1.25222626e+01 1.15196867e+01 5.47321106e+02
 9.27389908e+00 1.14910030e+00 9.38397461e+02 2.83080518e+03
 1.93622351e-01 8.72748017e-01 2.81600628e+01 1.80165295e+03
 1.99620590e+01 2.47711523e+03 1.46405994e+03 4.26828076e+03
 4.90539551e+00 1.26503000e+01 2.57234526e+00 2.20990585e+02
 2.14291504e+02 2.78928909e+01 1.85402260e+01 2.43305340e+01
 1.04697084e+01 5.23859406e+00 9.21208954e+01 2.78231903e+02
 2.52547607e+02 5.67268467e+00 1.60922356e+01 2.19327888e+01
 2.23524456e+01 1.82553391e+02 7.71979809e+00 1.78155684e+00
 7.11314545e+01 6.03321838e+00 8.63046455e+00 5.60052443e+00
 1.24763466e+02 1.94966095e+02 1.34315356e+03 8.84014130e+01
 1.63350272e+00 5.72495794e+00 4.04269753e+01 7.01838455e+01
 2.04471643e+03 9.51994514e+00 6.41830469e+03 3.33391968e+02
 6.68174133e+02 3.44966357e+03 3.01325493e+01 1.12605791e+01
 2.10849714e+00 3.83871948e+02 3.97421956e-01 6.63965515e+02
 7.81687500e+03 3.20329865e+02 7.21234192e+02 3.81107068e+00
 8.45786667e+00 8.79473209e+00 1.87092247e+01 7.47883034e+00
 3.34067971e-01 3.74057808e+01 5.65360870e+01 5.86774788e+01
 7.37717468e+02 4.08535302e-02 4.19786491e+01 6.05379295e+00
 1.02993477e+02 7.01874847e+01 4.03514671e+01 4.43519258e+00
 4.01204376e+01 8.22834778e+00 1.46305380e+01 4.55665016e+01
 2.33886089e+01 2.36019936e+01 1.74585168e+03 3.22513550e+02
 1.83710620e+03 1.51513405e+01 5.14291801e+01 8.28565884e+00
 2.10067719e-01 8.14777145e+01 8.56543159e+00 3.43041840e+01
 9.03658271e-01 1.63151073e+00 2.25729256e+01 2.41342316e+01
 1.81312576e-01 4.85619926e+00 1.72334671e+00 8.21572018e+00
 5.45668488e+01 8.91072273e+00 1.35772913e+03 9.28332214e+01
 7.70911455e+00 1.89243311e+03 1.18193121e+01 6.26034279e+01
 7.02386230e+02 2.07183590e+01 7.25489426e+00 4.12723494e+00
 8.03757324e+01 4.76153778e+02 7.27124500e+00 3.12916393e+01
 2.75765953e+01 5.89295235e+01 3.94078331e+01 1.26947620e+03
 3.28008423e+01 7.15077996e-01 6.85410118e+00 1.40966024e+01
 1.31959546e+03 1.72615991e+03 1.41246130e+03 4.21836281e+00
 4.69024597e+02 6.73698730e+01 2.77689844e-02 5.24111652e+00
 8.33797646e+00 3.84052429e+01 1.16770201e+01 4.14145142e+02
 1.20099182e+02 4.61940918e+01 1.90227356e+01 2.34378784e+03
 2.71982014e-01 2.33941364e+00 3.01160622e+00 9.83733215e+01],-95.93373,-140.33722,-294.9571,2.1676607,17.920872,0.8056836,0.952845,0.01732692629814148,3641.172294616699,0.5,0.5,-0.10469714461560617,-2.2860322331178277e-05,-0.1046943090661555,8.911761898508675e-05,-0.4546914439578547,37.59999999999999,0.0,225000.0,-1.0,-763.0,750.0,11.427542686462402,225000
105.08353,0.042312156,0.13268244,0.002073998,-103.71439,103.71439,[6.94166303e-01 2.02662894e-03 1.58402193e-02 6.29274696e-02
 3.20964307e-02 2.81098275e-03 1.10482238e-02 5.70895209e-04
 1.00873070e+01 2.18478090e-04 1.12603717e-02 6.07425086e-02
 2.30700336e-02 4.81135473e-02 8.05370733e-02 6.99975342e-02
 1.84360263e-03 6.51978003e-03 1.01435617e-01 3.67700355e-03
 1.48877464e-02 3.14601208e-03 4.43751924e-03 1.13726631e-02
 1.62948258e-02 1.10559449e-01 1.53070511e-02 3.79937701e-02
 5.24695590e-03 7.47494176e-02 2.81360626e-01 7.61500001e-02
 5.68829197e-03 7.39335839e-04 2.52242126e-02 6.41045254e-03
 3.29712057e+00 7.23875884e-04 7.68612139e-03 2.02115960e-02
 8.19263048e-04 1.66226644e-03 4.52728570e-03 1.09879561e-02
 6.14639744e-03 1.43604469e-03 9.67917889e-02 1.48993405e-03
 1.02813095e-02 1.04087032e-02 6.16706684e-02 2.11200809e+00
 1.77879562e-03 1.96872696e-01 3.08565050e-01 2.08154367e-03
 1.80923901e-02 9.68961865e-02 1.86920204e+01 3.72369364e-02
 1.35304034e-02 1.66341543e+00 5.59387321e-04 1.48937088e-02
 4.50597517e-03 4.56736749e-03 5.36444001e-02 2.65187584e-03
 1.66814160e-02 3.27817857e-01 7.79064968e-02 1.59779389e-03
 8.45742035e+00 7.99758546e-03 6.08444750e-01 4.20548010e+00
 6.34575263e-04 9.37825441e-03 9.92176495e-03 6.10886328e-03
 1.18144881e-02 8.73908103e-02 3.10383582e+00 7.37546571e-03
 3.88882086e-02 4.20339126e-03 3.36967688e-03 1.21514961e-01
 2.27021165e-02 1.24328239e-02 1.92794517e-01 5.84592558e-02
 1.92716252e-03 6.59700762e-03 1.71236508e-02 2.46413127e-02
 3.20584178e-02 5.96169293e-01 9.49431863e-03 2.67492756e-02
 1.87694609e-01 2.88997311e-03 3.56114935e-03 9.95935057e-04
 1.97083615e-02 1.18384801e-03 3.85581255e-02 4.29636717e-01
 1.20453966e+00 3.80809829e-02 5.35092317e-03 4.21087071e-02
 1.40520371e-03 1.11998580e-02 5.04928865e-02 1.14499009e+00
 1.56936124e-02 8.59432202e-03 3.95317189e-03 3.44181275e+00
 6.88777745e-01 2.65957857e-03 2.41122581e-03 7.45656788e-02
 1.17926183e-03 2.04904556e-01 1.11667955e+00 2.78349590e+00
 2.99421535e-03 1.54379569e-02 1.95474699e-02 3.69981706e-01
 1.28067983e-02 6.79074507e-03 1.41495839e-03 6.09026402e-02
 3.69919953e-03 3.60561721e-03 1.06650114e+00 6.74563795e-02
 2.97297090e-01 1.10387225e-02 2.64057517e-03 1.76737900e-03
 4.17655222e-02 1.84018631e-03 4.24868288e-03 2.84664007e-03
 3.73423025e-02 3.29308969e-04 2.66467810e+00 1.42554287e-02
 6.46495633e-03 2.68698530e-03 1.37446187e-02 1.05501556e+00
 1.73069358e-01 1.74339651e-03 2.11305320e-02 2.26778397e-03
 2.36463407e-03 7.46523496e-03 2.62525212e-03 1.51999970e-03
 7.64373317e-02 1.83954742e-03 2.63015623e-03 6.30261004e-01
 2.69081853e-02 6.63695391e-03 9.29416250e-03 3.63056493e+00
 2.39362493e-02 1.21603999e-02 2.07432024e-02 1.52830017e+00
 1.00890072e-02 1.32221952e-01 4.88301851e-02 3.16870329e-03
 6.71445671e-03 1.25066573e-02 4.41675603e-01 7.50758052e-02
 3.85865718e-02 3.24076251e-03 7.77370669e-03 5.71013510e-01
 3.27190058e-03 8.91343341e-04 4.92378930e-03 1.73112415e-02
 6.86975643e-02 1.61659950e-03 2.24365890e-02 4.71012071e-02
 3.44274775e-03 1.55582931e-02 8.69389530e-03 2.39609337e+00
 6.86039746e-01 5.68448158e-04 1.05499470e+00 7.55693093e-02
 2.49841418e-02 1.66600442e+00 9.56247386e-04 1.34839350e-03
 1.34164691e-02 1.68088703e+01 6.18485501e-03 4.30933428e+00
 2.51858905e-02 6.86684400e-02 8.67408048e-03 1.06722256e-02
 6.69906894e-03 3.63816954e-02 3.59199136e-01 1.45191420e-02
 1.33273415e-02 3.13268113e-03 2.75854720e-03 4.77531692e-03
 1.25201242e-02 2.21525058e-02 7.42381264e-04 1.59216002e-01
 3.68118227e-01 9.82391298e-01 4.47349921e-02 1.03240204e-03
 7.72101879e-02 9.30811744e-03 2.57155560e-02 4.89639878e-01
 5.05888928e-03 1.61898941e-01 8.18791538e-02 1.98559947e-02
 6.29140250e-03 6.39285892e-03 7.49436300e-03 6.24787062e-03
 7.10833911e-03 1.33922234e-01 1.13218487e-03 1.39145274e-03
 1.17543280e-01 9.19900928e-03 1.54083059e-03 2.26959209e+01
 2.58124992e-03 7.27704447e-03 2.96416972e-02 1.14370016e-02],0.43905202,[1.0369285e+00 1.9494051e-03 7.9501476e-03 1.3605849e-01 7.8029729e-02
 4.3206632e-02 3.0565951e-03 7.8012893e-04 6.8142772e-01 1.1497273e-03
 2.3761364e-03 1.1631885e-01 3.5311930e-02 8.5278582e-03 1.7882821e-01
 5.6610383e-02 1.0992582e-03 4.4237729e-03 1.1114257e-01 3.5856902e-03
 6.2637083e-02 2.4353829e-03 8.2595379e-04 8.8058254e-03 4.1670240e-03
 5.9970645e-03 1.2119968e-01 2.7029384e-02 1.8563310e-03 2.5756406e-02
 1.1234875e-01 2.8523747e-02 5.2203969e-03 3.9850217e-03 5.3404324e-02
 9.6191326e-04 5.1626718e-01 4.1920044e-03 2.3578822e-03 7.7404031e-03
 2.2999156e-04 4.6652490e-03 2.1551272e-03 5.0011659e-03 1.4004246e-03
 8.0100503e-03 1.0665413e-01 5.7464524e-04 3.9673001e-02 3.6224653e-03
 6.3417383e-02 2.4120153e-01 2.1645746e-03 2.9698792e-01 4.9338397e-02
 9.7200298e-04 4.9086846e-03 8.9503109e-02 1.8354763e-01 1.9583748e-01
 2.5560511e-03 2.2619555e+00 4.7230581e-03 1.6599039e-03 9.6430788e-03
 3.2509528e-03 4.5384369e+00 1.5608601e-03 2.3413247e-03 1.9240255e+00
 5.0457828e-02 2.9393967e-04 2.9259261e-01 6.6688992e-03 8.6619020e-02
 3.5496216e+00 8.3980057e-04 1.6267963e-03 6.6991271e-03 3.7510064e-03
 2.8845534e-01 9.0256557e-02 5.0892711e-01 9.4957007e-03 5.7446514e-03
 2.3060655e-03 1.4291795e-03 1.2332165e-01 4.4001704e-03 3.6749523e-02
 1.3432649e-01 2.8648222e-02 3.9937529e-03 6.4060609e-03 2.7430116e-04
 3.6790171e-03 2.7127532e-02 1.2301153e-01 4.2500515e-03 4.0000569e-02
 7.0391901e-02 3.4233818e-03 5.0067231e-03 2.4612579e-03 4.3184653e-02
 6.5003202e-04 4.7286078e-02 2.4496132e-01 2.6173000e+00 1.2391880e-02
 3.7485445e-03 5.1830858e-02 1.4338735e-03 7.3777521e-03 4.5350440e-02
 1.4940183e+00 2.9334330e-03 7.2339103e-03 2.8772873e-03 1.1991260e-01
 4.1148335e-01 7.0024403e-03 2.6091905e-03 9.3504377e-03 7.0687965e-05
 5.2253318e-01 1.1841969e+00 6.5379500e-01 5.9760516e-03 3.7588021e-03
 3.5797211e-04 8.7626368e-02 2.3027239e-03 1.5092495e-02 3.4394457e-03
 5.6208149e-02 1.7890474e-03 2.4464116e-02 1.5394812e+00 7.8343041e-03
 3.1211823e-01 5.9453864e-03 1.4394054e-03 2.7358700e-03 5.4408289e-02
 4.1715624e-03 6.3347495e-03 3.0846915e-03 3.1585779e-02 5.9583774e-03
 1.3961771e+00 2.1107099e-03 1.2205583e-02 3.5941785e-03 8.2522035e-03
 5.0464666e-01 4.6584740e-02 2.7047046e-03 1.7323794e-02 1.1058308e-03
 1.5087246e-03 4.8906044e-03 2.1895757e-03 3.2066968e-03 7.8284204e-02
 3.2373855e-04 2.7254282e-05 2.2577252e+00 2.8591167e-02 2.5359904e-02
 3.9803446e-03 2.1470127e+00 8.3954863e-02 1.1491656e-02 3.5584047e-02
 3.8401693e-01 9.1513675e-03 1.2729590e-01 2.8194671e-02 5.2159913e-03
 9.7224563e-03 1.7179180e-02 4.6028396e-01 1.8822519e-01 2.3892222e-03
 2.9750343e-02 1.8495708e-03 3.6083314e-01 1.7141134e-03 1.7290378e-03
 3.8252235e-03 2.2722602e-02 4.1497506e-02 2.3750688e-03 1.1565732e-03
 5.4089829e-02 3.8750662e-04 5.3902913e-04 1.1850517e-02 9.0920277e-02
 6.4091092e-01 7.1747700e-04 1.8903917e-01 4.0332884e-01 1.3825313e-02
 4.8862171e+00 2.9527666e-03 6.4541830e-04 1.9858923e-02 5.4058731e-01
 2.3266231e-03 5.2022815e-01 2.3474213e-02 5.6603754e-01 5.6440509e-03
 8.8521708e-03 2.4714754e-03 2.4689142e-02 2.0330736e-01 1.5515187e-02
 1.2737332e-01 2.9571329e-03 1.2201607e-03 9.1906684e-03 3.8078319e-02
 2.1935045e-03 1.0424356e-03 3.8763162e-02 4.4886944e-01 5.5389482e-01
 5.8300354e-02 1.6732023e-03 6.4566426e-02 5.2495534e-03 5.9658531e-03
 9.9170244e-01 3.2641313e-03 1.6868046e-01 1.1149208e-01 8.8903151e-02
 4.0634088e-03 2.8997920e-03 1.2852530e-02 3.8128421e-03 1.4151085e-02
 8.9929126e-02 3.1086497e-03 1.4884362e-03 4.7479860e-02 7.3002987e-02
 5.6479359e-04 2.7296505e+00 2.4803209e-03 7.2092293e-03 5.0182450e-03
 6.2207229e-02],-88.68534,-111.9146,-278.327,1.1001189,2.1755466,0.98951256,0.931088,3.8794866,-5.7772245,57.016262,155.08069,6.108909,0.34081024,0.4145232,-145.56367,145.56367,[8.56562988e+02 1.06046591e+01 5.59563756e-01 1.70744934e+01
 5.29340935e+01 9.54559021e+01 9.79361057e+00 2.96004887e+01
 3.49883398e+03 5.18673630e+01 3.56396079e-01 2.90710964e+01
 3.87570496e+02 3.84741688e+00 1.58997936e+01 1.63314331e+02
 1.40096237e+02 1.54273930e+01 6.21349678e+01 1.67548561e+00
 8.53525940e+02 1.25617836e+02 4.09709787e+00 1.48015385e+01
 1.35398041e+02 1.27357361e+02 2.81000427e+02 1.18146385e+02
 1.42220306e+02 2.76922169e+01 2.97239075e+02 5.87977600e+02
 2.56131935e+01 1.76239716e+02 3.38202820e+01 7.91961475e+03
 3.87937140e+00 2.40261765e+02 4.22594223e+01 1.17316589e+03
 2.63803253e+01 7.53976679e+00 2.39773300e+02 1.15427160e+00
 1.38990875e+02 4.89321365e+01 3.30250458e+02 6.16757944e-02
 2.97942333e+01 1.29227161e+00 2.93474365e+02 3.49703026e+00
 2.06788794e+03 4.47794497e-01 2.72643616e+02 3.96718506e+02
 4.88377419e+01 5.31733608e+00 2.15770588e+01 3.42595558e+01
 4.64151764e+00 1.79385086e+02 1.73027429e+03 1.24181843e+01
 2.12428757e+02 6.10030273e+02 6.01959991e+00 3.92249463e+03
 2.09069275e+02 1.37924088e+02 5.50056686e+01 2.82389648e+03
 1.69451313e+01 2.01983086e+04 5.72692919e+00 1.03616982e+01
 1.06703384e+02 8.38541260e+01 4.97931824e+01 1.48008823e+00
 1.08218188e+03 1.60026150e+01 1.58836613e+01 5.58615799e+01
 7.15831757e+00 1.65488510e+02 5.69827118e+01 2.34998703e+01
 8.71400757e+01 9.75257263e+01 9.01701832e+00 2.09918709e+01
 3.36576309e+01 1.06136938e+03 2.03015869e+02 5.81348816e+02
 9.89920521e+00 2.16577332e+02 1.10355291e+01 7.58956451e+01
 2.24993347e+02 1.79121304e+01 7.21843567e+01 5.05465393e+01
 3.66281891e+00 4.13171577e+01 1.44741443e+03 5.04406128e+02
 1.10681567e+03 3.29754541e+03 2.10066342e+00 1.03111183e+02
 6.66984802e+02 3.47323242e+03 2.77768612e+00 6.07630157e+00
 2.77512909e+02 3.59561865e+03 7.48436403e+00 3.59999514e+00
 2.54931503e+02 3.48268799e+02 3.42471985e+02 4.43421539e+02
 6.83567572e+00 3.45389832e+02 7.04122314e+02 5.23201599e+01
 6.24149055e+01 5.21089478e+01 5.05765106e+02 1.23005283e+00
 1.29164438e+01 2.24912548e+01 2.04816132e+02 1.91915955e+02
 1.40468286e+03 1.50054919e+03 6.42449141e+00 1.59655426e+02
 2.05759544e+01 1.32570129e+02 1.41708911e+03 4.08141174e+02
 9.89122009e+01 8.61645985e+00 1.06714912e+02 6.76902313e+01
 2.28471100e+02 4.27198486e+01 4.27689056e+01 2.70105774e+02
 3.36790695e+01 8.69344139e+00 1.15840876e+00 2.72675457e+01
 4.23923531e+01 8.05870743e+01 4.93871260e+00 6.33523636e+01
 1.66014984e+02 5.49570251e+02 5.21754578e+02 5.03397614e+02
 3.76486621e+03 7.58151722e+00 3.07403625e+02 1.27967163e+03
 9.86800598e+02 5.35777359e+01 9.49541168e+01 1.17507238e+01
 2.03084824e+04 4.94052185e+02 3.26464844e+01 1.27161537e+02
 8.35479355e+00 2.31351423e+00 3.48588791e+01 1.16893089e+02
 2.07318420e+02 2.43387985e+02 1.58857208e+02 2.07025795e+01
 1.79557018e+01 5.98186133e+03 1.83240906e+02 1.69871521e+01
 5.70617332e+01 2.94753448e+02 4.03954849e+01 3.07914551e+02
 1.32221130e+02 6.38142300e+00 4.70525391e+03 5.69581261e+01
 1.20734961e+03 1.79213142e+01 3.46613495e+02 1.39493591e+03
 9.24975586e+01 6.21028290e+01 2.00262383e+04 6.22642151e+02
 2.32797042e-01 6.26231766e+01 2.63792419e+02 3.41810852e+02
 8.65046234e+01 2.71291599e+01 1.45089172e+02 4.49142075e+01
 2.04455452e+01 4.71205978e+01 2.12951462e+02 2.76133041e+01
 4.00467777e+00 6.80930557e+01 5.16220947e+02 1.53353930e-01
 8.00271301e+02 2.99338074e+02 2.37490234e+01 2.00156860e+02
 5.51183281e+01 1.83229980e+02 3.62008171e+01 1.43149338e+02
 1.67027473e+01 8.05403061e+01 6.78561478e+01 5.29083481e+01
 1.40280485e+01 8.64891815e+01 2.20112514e+01 2.23847466e+01
 8.09987411e+01 1.45675790e+00 1.31871594e+03 5.25361572e+02
 1.91432400e+01 2.63917084e+02 4.80203743e+01 5.08838086e+03
 4.30340759e+02 2.30205685e-01 6.78225098e+02 6.99529827e-01
 1.27630420e+03 2.38934741e+03 4.27886467e+01 4.89394951e+00
 7.77418494e-01 3.40821625e+02 1.43487903e+03 3.36986298e+02],627.51483,[8.63883911e+02 6.28126812e+00 5.13248265e-01 6.49922791e+01
 5.44197998e+01 1.12199104e+02 5.95744467e+00 2.35064583e+01
 3.75618433e+03 5.95431824e+01 6.39487505e+00 3.44043884e+01
 2.41075516e+02 1.82139740e+01 1.42152214e+00 1.20127106e+02
 1.20416355e+00 1.34361277e+01 9.14316177e+00 1.65873408e+00
 7.03237183e+02 6.57963638e+01 1.71864319e+00 1.66020024e+00
 5.73893013e+01 2.57120247e+01 1.52898560e+02 3.28703735e+02
 1.39187286e+02 1.25711117e+01 2.18259537e+02 7.93736084e+02
 6.44606686e+00 4.95294037e+02 8.23993301e+00 1.25338379e+03
 1.08695593e+01 1.01527381e+00 2.29551487e+01 7.67381348e+02
 2.38590164e+01 6.11049652e-01 2.01422897e+02 1.12281742e+01
 7.45702133e+01 1.08120483e+02 2.01797897e+02 1.63896637e+01
 9.66497421e+00 8.17116070e+00 1.50139303e+01 3.03066552e-01
 1.82511206e+03 2.74350567e+01 9.90016785e+01 6.91082092e+02
 4.76438789e+01 4.01905746e+01 6.15887403e-01 4.33300247e+01
 1.40169573e+00 6.34238892e+01 1.09051379e+03 1.80034733e+01
 3.30995758e+02 4.89967766e+01 3.79860616e+00 2.42179932e+03
 2.43633316e+02 7.77313049e+02 1.59566221e+01 4.08016968e+03
 3.19594040e+01 5.31281357e+01 4.85198593e+01 8.69388962e+00
 7.48477325e+01 2.58271241e+00 2.18812466e+01 2.64157524e+01
 9.00363892e+02 2.62146816e-02 8.52273083e+00 7.03240051e+01
 6.39614630e+00 2.13233643e+01 3.76668816e+01 5.62929678e+00
 8.13110580e+01 2.36755447e+01 1.10094941e+00 1.10786800e+01
 1.22365208e+01 4.77318649e+01 3.84154129e+01 1.00294067e+03
 3.97732353e+00 1.79942074e+01 9.95230293e+00 6.51826935e+01
 2.91440186e+02 1.69601288e+01 2.83126760e+00 3.31165733e+01
 2.21989937e+01 1.61733170e+01 3.55433350e+03 1.60716019e+01
 2.10234497e+03 3.05729688e+03 1.06455898e+01 1.21507233e+02
 5.78406616e+02 1.81452051e+03 8.76497328e-02 9.43827820e+00
 8.89073364e+02 7.48975293e+03 3.11293449e+01 5.30113173e+00
 9.26989746e+02 4.00604065e+02 4.77506561e+01 2.77468872e+02
 1.19577199e-01 3.49553757e+01 6.82037598e+02 1.94052292e+02
 2.14197636e+01 4.51626282e+01 1.55484066e+01 1.46603501e+00
 5.57528591e+00 4.45003624e+01 3.16866608e+01 2.94540070e+02
 5.48515320e+02 1.10101245e+03 2.42988262e+01 2.23323257e+02
 8.12352449e-02 1.26463417e+02 1.07729358e+03 4.07755341e+02
 6.77903595e+01 1.89792168e+00 3.13932404e+02 6.26635284e+01
 6.97806641e+02 1.00458593e+01 1.86503124e+00 6.43548523e+02
 1.26159042e+02 1.50844097e+01 5.16040993e+00 1.09365788e+01
 4.81217232e+01 7.81490784e+01 2.44414425e+00 6.14073868e+01
 8.04779282e+01 9.56075928e+02 5.25495911e+02 2.83809912e+03
 3.08813696e+03 2.74601269e+01 2.23426468e+02 1.72534546e+03
 4.36054108e+02 2.19289474e+01 8.91182899e+00 9.22134590e+00
 1.14330206e+01 1.90562210e+02 4.55920792e+01 1.18985931e+02
 3.86725693e+01 3.10036484e-02 8.27448249e-01 1.16970581e+02
 5.74747324e+00 2.09774597e+02 2.13668594e+02 1.10177126e+01
 6.07441635e+01 1.09058447e+03 1.38166611e+02 1.46363601e-01
 3.51110382e+01 9.00138855e+01 7.01967907e+00 3.23489685e+02
 6.43258743e+01 7.71513891e+00 5.35635376e+02 2.37227135e+01
 1.16728479e+03 2.91590271e+01 2.64738495e+02 1.65116745e+02
 1.37655777e+02 7.57783842e+00 1.01330017e+03 1.31685724e+01
 2.71412909e-01 2.33193703e+01 1.61602173e+02 5.05394516e+01
 5.85345192e+01 3.40722847e+01 2.43200760e+01 1.03137684e+01
 2.42522764e+00 2.08059812e+00 1.61764801e+02 5.85681534e+00
 5.88946390e+00 2.44799252e+01 8.09313354e+01 1.87408257e+00
 6.43636047e+02 5.87304649e+01 1.08669987e+01 2.10809509e+02
 6.40131989e+01 2.94543640e+02 2.96092653e+00 1.34531104e+03
 2.23946643e+00 4.37386055e+01 3.86923485e+01 1.54466610e+01
 9.56249237e-01 1.19829512e+01 1.18433426e+02 2.64760542e+00
 4.91382446e+01 1.63026459e+02 8.50014587e+02 1.00180408e+03
 2.08948612e+01 4.45872253e+02 2.53458271e+01 4.56570117e+03
 7.47294569e+00 1.20011628e+00 5.85437317e+02 1.72262821e+01
 7.93326172e+02 1.76427887e+02 2.07370591e+00 1.35688648e+01
 9.86644268e-01 1.97889496e+02 1.57227710e+03 5.09325600e+01],-61.90096,-153.41873,-311.17966,2.3994799,30.247414,0.9824535,0.9551009,0.01620683469772339,4046.3432006835938,0.5,0.5,-0.04613107628818268,4.066764311584338e-05,-0.04613260987071387,-2.211431398960118e-05,35.730719665699716,37.59999999999999,0.0,249750.0,-1.0,-759.0,750.0,12.551151752471924,250000
105.429565,0.048704553,0.09745149,0.0014684576,-104.40635,104.40635,[1.9989181e-02 3.3482001e-03 1.5609344e+00 2.0201515e-02 4.1701468e-03
 1.2244485e-02 3.5958398e-02 6.9325892e-03 3.7985048e-03 3.6942081e-03
 2.4326932e-02 5.7140957e-03 1.5992811e-02 6.3719926e-03 3.3106657e-03
 2.3685546e+00 5.5604330e-03 2.1466811e+00 6.8523469e-03 5.4290001e-03
 2.5775462e-02 1.3236257e-01 7.5101806e-03 3.9876442e-02 7.0244737e-02
 6.1373124e-03 1.1508733e-02 8.0062794e-03 4.9057296e-03 4.9026139e-02
 1.2002014e-02 1.6155085e-03 5.8912003e-04 1.5601144e-02 4.0192113e+00
 8.9394563e-04 1.4873836e-02 6.3900955e-02 3.5501574e-03 1.4895600e-02
 1.0076065e-02 3.2454804e-03 1.0401380e-02 2.3563178e-02 5.1412523e-02
 8.8745933e-03 1.5338161e-03 3.3056915e-02 9.7194761e-03 8.3762864e-03
 2.2549085e-02 1.0277359e-02 5.2421917e-03 2.1594075e-02 1.8946055e-02
 5.2335862e-02 1.1003909e+01 5.1321368e+00 4.3729572e-03 1.2524670e-03
 2.4061184e+00 6.1672993e-02 8.4557396e-05 1.2862469e-01 6.4346553e-03
 9.5322030e-03 9.6387006e-03 4.0025348e-03 2.3434136e-02 1.2678297e-02
 6.7762323e-03 2.6394161e-03 8.7893233e-03 5.9664715e-05 7.6069585e-03
 3.2964596e-03 6.9665029e-03 4.9956053e-01 2.1523991e+00 2.8936727e-02
 1.3951955e-02 1.9519951e-03 2.7042069e-03 1.5019713e-02 8.2893029e-02
 9.4246271e-04 1.6320296e-02 1.6447829e-02 3.9219307e-03 5.5094850e-01
 5.5981427e-03 7.9944963e-03 2.3524618e-02 4.2072307e-02 6.2181847e-03
 2.0246641e-03 2.6980625e-02 2.3491107e-02 6.8688411e-03 9.5158489e-03
 6.6293399e-03 9.5571047e-03 2.5680479e-02 3.6890596e-02 2.3934760e+00
 9.9437889e-03 5.9091882e-03 2.1810897e-02 1.2258559e-03 7.4599332e-01
 1.4145920e-02 1.4816243e-03 1.9253567e+01 3.6037017e-03 2.9201470e-03
 1.1683302e-04 7.9545099e-03 4.8169401e-03 2.9854532e-03 2.3833623e-03
 8.4875841e-03 2.6829058e-02 2.0571290e-02 2.4783567e-01 2.4753766e+00
 5.1572099e-03 6.2816638e-01 5.6617139e-03 3.3461317e-02 4.4758603e-02
 4.5865570e-04 1.3689831e-02 4.9827591e-02 4.6853814e-04 5.6156032e-03
 6.3242932e-04 8.6904615e-02 4.1266996e-02 2.7918632e-03 1.8764419e-02
 4.3714158e-02 5.0122168e-02 4.4615847e-01 4.9232952e-02 4.1147033e-03
 8.5282397e-01 2.2954568e-01 8.7419190e-03 5.6867577e-02 1.3178803e-03
 1.7438032e-02 7.1728230e-02 5.3267188e-02 6.3045003e-02 1.1253125e-02
 4.5967754e-03 1.9992061e-03 7.8537703e-02 6.6432171e-03 1.5240434e-01
 1.7078528e-02 1.5682934e-02 3.1014103e-03 8.0959350e-02 7.1423513e-01
 7.8847101e-03 1.0489336e+00 4.2611141e-02 6.9735430e-02 7.3916013e-03
 5.8320351e-05 3.0224271e-02 1.5913088e-02 2.2825096e-02 6.5827072e-03
 9.8686457e-02 7.3819673e-03 2.1853866e-03 2.1897197e-01 3.2880075e-02
 3.4061451e-03 6.8987245e-03 7.8362990e-03 9.6095875e-03 6.7093474e-01
 1.9089263e-02 7.8958767e-03 3.8025368e-02 1.2643381e-03 1.8923339e-03
 2.0090567e-03 1.5816320e-02 2.6646284e-02 2.2567578e-03 1.1264939e-02
 1.2803147e+00 3.8001157e-02 9.7858511e-02 1.1270486e-02 2.3653362e-02
 1.3333191e-03 8.6273730e-04 7.3766070e-03 2.5130092e-04 1.6580933e+00
 2.7931856e-02 2.5521573e-01 3.3586215e-02 4.1848044e-03 4.2405743e-03
 2.6975819e-03 2.6993159e-02 8.2717491e-03 5.2074064e-03 7.5067277e-03
 1.0079884e-03 1.8355500e-02 5.0720768e-03 1.8532854e-03 1.4037497e+00
 1.4146421e-02 8.4393638e-01 1.2918304e+00 9.7995028e-03 5.4959171e-02
 6.3479072e-01 1.3291337e-02 1.7357238e-02 7.6225335e-03 7.7425237e-03
 1.8481350e-01 8.5922651e-02 2.0371547e+00 6.9224077e-01 1.1375079e+00
 5.4787896e-03 7.6657273e-03 2.8448577e+00 2.0235963e+00 1.4025384e-01
 3.7359223e-01 1.2441063e-03 5.4243850e-03 2.6050825e-02 1.5122946e-01
 1.5953055e-04 5.5524951e-04 2.7408109e-03 7.4462863e-03 7.3160473e-03
 1.4715984e+00 3.6817023e-01 4.0215910e-03 1.1239238e-03 1.0595393e-02
 8.4089196e-01],0.3258745,[2.8861105e-02 4.9578305e-03 7.7970189e-01 1.5647807e-03 1.8168178e-03
 8.1210397e-03 1.9847309e-02 5.2989796e-03 6.0899492e-04 2.8499805e-03
 1.6700562e-02 3.3072354e-03 1.6078480e-02 1.0108755e-03 1.6081263e-03
 3.0575654e-01 4.6085725e-03 1.6079839e+00 4.6729278e-03 5.2974522e-03
 9.5959433e-04 8.0835344e-03 1.7124957e-03 5.9585653e-02 2.0697786e-02
 4.9163927e-03 1.8438438e-02 7.9958364e-03 3.2635601e-03 1.3616829e-02
 7.9465099e-03 3.0978122e-03 6.4560614e-04 1.0274137e-02 6.6762143e-01
 6.7822059e-04 3.0283760e-03 9.8225772e-03 3.2465619e-03 4.1827504e-03
 2.0602366e-03 3.1039193e-03 1.3265191e-02 1.2092606e-02 4.5447793e-02
 1.9733537e-02 3.8123387e-03 1.9489471e-02 1.9147888e-02 3.9456203e-03
 1.0817585e-02 2.0135613e-03 1.5527778e-03 3.4988858e-02 2.8266044e-02
 1.4999045e-02 1.6120649e+01 3.0993316e-02 1.2045214e-04 8.7859418e-04
 1.1632969e-01 1.8997740e-02 1.1012741e-02 7.5403839e-02 2.2199588e-02
 3.4436427e-02 8.4397104e-03 2.3467559e-03 9.2113189e-02 1.0941353e-02
 2.2056673e-03 6.4802528e-03 2.9462182e-03 2.1437579e-04 8.4197875e-03
 1.1165293e-02 6.7527234e-03 8.3882034e-02 3.2541886e-01 3.2762910e-04
 1.4123018e-03 3.4207676e-02 3.5957699e-03 1.4315165e-02 6.6057310e-02
 2.8111257e-03 3.6975745e-02 1.3343862e-02 3.7844889e-03 5.2547431e-01
 7.3364871e-03 9.4893305e-03 4.2932712e-02 3.7387758e-02 2.5478946e-03
 9.9906567e-03 1.5193153e-02 8.9038294e-03 4.4389162e-03 5.1362645e-03
 2.2509289e-01 4.3096021e-03 4.9988564e-02 2.7132954e-03 1.0135033e+00
 5.8271065e-02 2.7622037e-02 4.5040570e-02 1.8675979e-03 2.9880649e-01
 6.2875981e-03 3.1995150e-04 2.1465139e+00 5.4041925e-03 4.8735393e-03
 1.0374414e-02 1.8893052e-02 1.0219254e-03 2.7970276e-03 4.4169482e-03
 3.2576539e-03 1.7223364e-02 4.8395395e-02 7.7688402e-01 8.1912577e-02
 6.9990791e-03 1.9249119e-01 4.5094872e-03 3.8339768e-03 7.1648724e-02
 2.0264764e-04 5.0727874e-03 2.2336833e-02 1.3545334e-02 1.4482830e-02
 5.6764024e-04 2.5984872e-02 5.3341921e-02 3.8311018e-03 8.8560516e-03
 3.5547402e-02 6.7131361e-03 8.9782059e-01 6.2973298e-02 1.7643586e-04
 3.7405476e-01 2.2098523e-01 7.6633161e-03 5.8887228e-02 6.1920851e-02
 5.9422925e-03 6.9992200e-02 5.6714512e-02 3.0698746e-01 4.6394006e-03
 2.1947951e-03 1.0733459e-02 1.8327381e-02 9.3926108e-03 1.2927102e-01
 2.3613321e-02 3.4151413e-02 9.4344281e-03 1.5541491e-01 9.1623771e-01
 4.9177571e-03 4.8807281e-01 3.2018036e-02 7.2376557e-02 4.8886687e-03
 1.5360843e-03 1.6374183e-03 4.6684686e-03 1.0211964e-04 3.1934250e-03
 2.8911196e-02 3.4742155e-03 5.7867449e-03 2.0831546e-01 2.8563540e-02
 3.6129144e-03 1.6765147e-03 2.4349545e-03 1.8051531e-02 6.1668259e-01
 5.3276503e-03 2.0090537e-03 9.6629504e-03 3.9895289e-03 2.3830477e-03
 1.4206168e-04 1.2775385e-02 4.2133305e-02 1.3948358e-03 1.3162498e-04
 1.3149332e+00 2.3895781e-02 1.6251545e-01 3.3914677e-03 2.7094539e-02
 5.3987266e-03 4.7080576e-02 3.6971323e-04 4.8262370e-04 3.0441835e+00
 3.9907522e-02 5.4764295e-01 1.1299346e-02 4.8531056e-03 5.3147636e-03
 2.9779724e-03 9.5013399e-03 2.0677736e-03 4.6275798e-03 1.0384930e-02
 3.7083526e-03 2.4323691e-02 1.7141481e-03 3.9938707e-03 8.2476251e-02
 3.8043894e-02 8.2656431e-01 3.6364597e-01 4.6302099e-04 4.0679619e-02
 4.7642535e-01 9.0732090e-03 3.8910317e-03 2.7101603e-04 1.2894580e-02
 9.5072076e-02 3.2986298e-02 1.1680486e+00 3.1365952e-01 9.7046092e-02
 6.0323803e-03 1.4104880e-05 6.0619956e-01 3.4949043e-01 8.6983703e-02
 1.7497182e-01 1.9253889e-02 6.3589863e-03 2.1272974e-02 1.0418077e-01
 3.4894102e-04 4.5031920e-02 9.2345336e-03 6.3431088e-04 2.0609894e-03
 3.5708943e-01 1.3647696e+00 7.3949862e-03 1.0441719e-03 1.1381814e-02
 1.2414501e+00],-88.99542,-111.758286,-309.8576,1.1069561,2.4211226,0.9998461,0.9316255,2.338427,-3.2241406,44.02466,146.55695,6.003518,0.3594347,0.42621556,-136.95908,136.95908,[1.53599762e+02 2.81418182e+02 9.42025065e-01 5.96823914e+02
 9.33336449e+00 7.26269817e+00 2.91255417e+01 3.42810287e+01
 9.59542389e+01 6.55485657e+02 7.45399023e+03 2.77698706e+03
 2.60898628e+01 1.14239578e+02 2.08822021e+01 9.85091782e+00
 1.98093994e+03 1.47742325e+02 3.79921341e+01 5.18910583e+02
 3.24522591e+00 7.29275024e+02 2.57961674e+01 1.99956512e+01
 1.35424426e+03 1.13396807e+01 6.56494064e+01 8.36376282e+02
 2.01046967e+02 3.53021088e+02 9.64973736e+00 3.61370125e+01
 6.10554600e+00 1.46734909e+02 8.50309849e+00 2.57194153e+02
 4.33666825e-01 1.15895920e+02 2.35224380e+02 1.47205105e+01
 2.28941382e+03 6.84620895e+01 7.10963821e+00 7.62823364e+02
 2.36673248e+02 4.96940422e+00 2.14537048e+01 4.28222961e+02
 6.20311546e+00 6.38379097e+00 4.77435242e+02 4.79479446e+01
 1.77878511e+00 7.16723694e+02 2.22068710e+01 1.30788513e+02
 5.40088882e+01 5.43736877e+01 5.33681297e+00 6.87657623e+01
 6.49312134e+01 3.63189514e+02 1.57654369e+00 1.43577681e+01
 1.71002914e+02 2.04201241e+01 2.95468006e+01 1.84559131e+03
 1.46042126e+03 2.15255394e+01 1.10846367e+01 5.08944082e+00
 4.02171777e+03 2.98042893e+00 6.37944153e+02 1.45141373e+01
 3.40540218e+00 4.66236534e+01 1.60120264e+03 2.14391113e+04
 4.82051582e+01 2.03937759e+01 1.61863117e+01 2.18627060e+02
 9.16420288e+01 1.31364761e+02 9.69892349e+01 6.04303169e+00
 1.93623867e+04 1.24292702e+02 1.35256166e+01 1.40671432e+02
 3.26150055e+01 1.36243296e+01 4.08689308e+00 1.70374377e+03
 7.83756256e+00 1.57756281e+01 1.02857971e+01 8.29255957e+03
 1.46221924e+02 8.42116333e+02 4.74111652e+00 1.98101616e+01
 8.18731308e+00 5.85221825e+01 6.13995314e-01 1.84462452e+00
 5.99171448e+02 4.18848389e+02 7.08995728e+02 7.34482117e+01
 2.46677734e+02 5.29323196e+00 1.26101242e+02 1.44324601e-01
 2.37421509e+02 1.00128992e+03 6.74479492e+02 3.46072922e+01
 1.92781367e+04 4.15754089e+02 2.10119659e+02 1.08069328e+02
 1.77031723e+02 7.48944223e-01 1.89207840e+02 2.76205811e+03
 2.78052807e+01 2.21468552e+02 1.10586235e+02 6.87277679e+01
 5.49691200e+00 2.02803764e+01 7.97618561e+01 6.89549561e+01
 1.81124268e+02 6.63619156e+01 1.24911098e+01 3.06013470e+01
 1.11140259e+02 1.96711899e+02 9.96297073e+00 1.04588032e+00
 3.08661137e+01 1.97750076e+02 3.42876549e+01 4.25793800e+01
 1.12108202e+01 2.48455765e+02 3.88787720e+02 7.65337992e+00
 1.46912518e+01 4.42355042e+01 1.14983162e+02 2.15637350e+00
 3.64152832e+01 7.76005840e+00 4.28533691e+02 6.63390684e+00
 1.09781776e+02 8.71090240e+01 1.64241850e+00 7.29485779e+01
 5.61356262e+02 2.84681816e+01 6.26870689e+01 9.61059113e+01
 1.15254814e+02 7.94077158e-01 5.51261616e+00 4.89949902e+03
 1.12146454e+01 4.13157654e+01 1.01675339e+02 1.88759117e+01
 3.32127571e+01 5.19395485e+01 4.46365845e+02 4.80389795e+03
 2.15641785e+02 1.37510849e+02 2.21358085e+00 5.61285973e+00
 1.44554489e+02 2.53437057e+02 7.81163940e+01 8.21417908e+02
 8.91550369e+01 8.32370911e+01 2.06517105e+02 2.95922718e+01
 2.28755054e+03 9.90454956e+02 4.82673950e+01 1.96090012e+01
 4.08183167e+02 1.92558984e+04 8.79246445e+01 4.47191345e+02
 2.65601440e+02 4.85827255e+01 6.28572937e+02 2.10388092e+02
 3.16778302e+00 4.06447935e+00 3.19283724e+00 2.56268677e+02
 6.79643097e+01 3.21971083e+00 3.83893776e+01 1.87032354e+00
 2.01332498e+00 4.71445709e+02 1.77833652e+01 1.48192725e+03
 7.03614136e+02 5.40156738e+02 4.66761017e+02 1.47724938e+00
 3.09277649e+02 2.42481041e+01 9.05764694e+01 6.43637133e+00
 9.65313625e+00 2.46198750e+00 3.40515186e+03 1.80062275e+01
 1.70455914e+01 4.83840485e+02 2.65102730e+01 4.30802116e+01
 5.79089622e+01 5.35334167e+01 7.65897034e+02 7.65146255e+01
 1.07573128e+00 3.16521423e+02 7.42024765e+01 2.18725300e+01
 8.72318359e+02 5.20778847e+01 2.01249390e+01 1.95159317e+02
 1.51478167e+01 2.00032227e+04 1.10342503e+01 2.08048233e+02
 6.76756210e+01 1.14880877e+01 5.93064117e+01 7.79030945e+02
 7.47320801e+02 1.02775146e+02 3.95172943e+02 4.75607491e+01],656.6561,[1.51313202e+02 1.37116089e+02 1.80174744e+00 3.90035934e+01
 8.46966648e+00 3.27196693e+01 5.24367790e+01 9.60166397e+01
 1.18764977e+02 4.54311615e+02 6.72565576e+03 3.04740845e+03
 4.42157021e+01 6.73150787e+01 4.27507114e+00 2.21900177e+01
 3.70111987e+03 5.94632797e+01 3.06239033e+01 3.55899384e+02
 5.14737606e-01 6.34947021e+02 1.53062334e+01 1.04133863e+01
 7.13464722e+02 4.46107216e+01 1.76739216e+01 1.13074170e+03
 2.11989212e+01 4.29327057e+02 5.60304999e-01 6.38925743e+00
 5.27933540e+01 9.82189636e+01 2.80098057e+00 1.64503342e+02
 1.38015294e+00 1.43562912e+02 2.05794205e+02 1.73283303e+00
 1.21399817e+03 1.97746143e+01 1.69380292e-01 5.34522095e+02
 1.59191650e+02 1.05242348e+00 2.60733056e+00 4.29724243e+02
 5.84250748e-01 3.74385858e+00 1.09686035e+03 1.27044472e+02
 4.20696974e+00 1.48376379e+03 8.38139057e+00 5.37265434e+01
 2.50902519e+01 7.27800064e+01 3.99035797e+01 4.05959396e+01
 8.79601383e+00 7.66717468e+02 6.49836242e-01 9.32282880e-02
 4.19124481e+02 1.07064648e+01 7.41222811e+00 7.03414551e+02
 1.56080542e+03 4.52186286e-01 2.81331043e+01 3.96832514e+00
 3.86982849e+02 2.59613609e+00 5.23352600e+02 4.43429852e+00
 2.09140682e+00 1.17692581e+02 4.35091583e+02 9.36884308e+01
 4.43819008e+01 5.72294521e+00 3.74960852e+00 3.72931404e+01
 7.87024155e+01 3.63381653e+01 7.79720001e+01 1.72190702e+00
 5.90013611e+02 8.56859436e+01 2.86285019e+01 1.08207932e+01
 3.54652939e+01 1.03563147e+01 4.07486343e+01 1.48905624e+02
 3.62153864e+00 6.11422634e+00 4.13152122e+00 5.39115234e+03
 1.25820900e+02 6.81171341e+01 1.68184495e+00 1.56701717e+01
 1.33845448e+00 1.24132370e+02 5.46999633e-01 1.65201962e-01
 1.11960388e+02 9.18888489e+02 9.56008759e+01 1.87759598e+02
 9.47181702e+01 2.49189377e+01 2.71064453e+01 2.24192677e+01
 2.62304321e+02 1.28509448e+03 2.76195312e+02 3.99978113e+00
 2.90375146e+03 1.18990250e+01 5.67446632e+01 2.53609905e+01
 8.38472977e+01 7.01041639e-01 2.56500122e+02 2.16253760e+03
 6.26163483e+00 9.19169083e+01 2.63639584e+01 1.57128372e+01
 1.11880817e+01 2.02845860e+01 7.13713455e+01 8.46857643e+00
 4.70117737e+02 5.85960245e+00 9.71529961e+00 2.18332367e+01
 4.10166901e+02 3.68531403e+02 4.37210045e+01 7.28395462e+00
 8.11554432e+00 1.66838837e+02 3.17815990e+01 4.63812218e+01
 3.19332504e+00 4.77783569e+02 3.61255219e+02 2.71094608e+01
 7.02896261e+00 2.16220880e+00 1.15299255e+02 1.37471976e-02
 1.21037918e+02 5.85263908e-01 5.88332581e+02 4.37592840e+00
 1.91839600e+01 1.42647305e+01 2.58718550e-01 2.01358223e+01
 1.38106522e+02 3.84616995e+00 2.59389954e+02 9.02643490e+00
 2.17556836e+03 7.58827806e-01 2.93751335e+00 7.77078369e+02
 2.24947858e+00 1.31573315e+01 1.65294754e+02 2.77468166e+01
 9.16337395e+00 4.69440994e+01 5.62417175e+02 1.93232678e+03
 9.33552551e+01 1.38685989e+02 1.41676378e+00 8.68625927e+00
 2.40199097e+02 2.36438812e+02 1.85186768e+01 2.07181641e+03
 3.02696972e+01 7.85190063e+02 2.23084412e+02 1.38676392e+02
 2.75032642e+03 6.54135986e+02 1.14106133e+02 2.51455879e+00
 2.01475510e+02 5.52532234e+01 4.47058350e+02 4.35794586e+02
 2.41904770e+02 7.75947428e+00 3.26838043e+02 5.83140015e+02
 3.27264810e+00 1.75549459e+00 2.58507042e+01 4.55181122e+01
 3.78933311e+00 2.98225224e-01 2.38672592e+02 4.88524294e+00
 2.08942032e+00 2.71397900e+03 1.12809753e+01 1.51323685e+02
 1.56754468e+03 1.17513466e+02 5.65944519e+02 1.03902721e+00
 6.10107880e+01 3.48368912e+01 1.92400169e+01 1.21996994e+01
 1.52546287e+00 3.22498169e+01 3.41400391e+03 3.08418775e+00
 2.79745221e-01 3.02248077e+02 1.06866856e+01 1.31766495e+02
 3.44809799e+01 6.91659164e+01 1.02904419e+03 1.87742317e+00
 5.38340759e+00 2.34181183e+02 1.28375702e+02 5.16892338e+00
 6.62964722e+02 1.96055813e+01 6.50007486e+00 1.79247925e+02
 2.26686287e+00 7.28067398e+01 9.23719332e-02 2.22635986e+02
 1.33164186e+01 1.20575848e+01 6.97570312e+02 1.92809830e+01
 7.29530090e+02 1.68521957e+02 2.21616608e+02 1.48553905e+01],-99.687454,-142.13306,-281.05923,2.340517,18.310284,1.0008903,0.95514107,0.017771796712875366,4490.63814663887,0.5,0.5,-0.10567668697165887,-9.565416119422896e-05,-0.10555678227866622,0.002374625327667057,35.59809430909385,37.59999999999999,0.0,274500.0,-1.0,-798.0,750.0,11.594518899917603,275000
104.01591,0.03773197,0.0659798,0.0013070395,-103.318375,103.318375,[5.49985945e-01 1.28853647e-03 2.17275880e-02 1.68326218e-02
 1.66248181e-03 5.88561594e-02 2.56426752e-01 3.00912634e-02
 1.14496518e-02 6.19122200e-03 1.44949004e-01 1.52936962e-03
 2.47907966e-01 9.53560416e-03 2.12385096e-02 5.80250844e-03
 2.37277206e-02 1.38022542e-01 1.36985835e-02 1.02940071e-02
 3.20537649e-02 1.21311575e-01 9.43551958e-02 9.87480488e-03
 2.81321965e-02 1.68763533e-01 5.78974374e-02 1.20499544e-03
 6.42588139e-02 9.49022360e-03 8.60730186e-04 6.17717812e-03
 4.00546217e+00 5.88851143e-03 1.23024406e-03 3.57150063e-02
 8.99590645e-03 1.08594412e-03 2.17957143e-03 5.26140491e-03
 8.50974210e-03 2.65771523e-04 5.25913723e-02 1.85471579e-01
 4.29070294e-02 2.13067792e-02 6.05237484e-03 8.67426395e-03
 6.88010901e-02 5.19703254e-02 5.09635545e-03 1.10809668e-03
 3.79360071e-03 1.44797885e+00 1.19460091e-01 1.79394558e-01
 8.83487426e-03 4.04141203e-04 1.12786936e-03 3.08749638e-03
 6.49348088e-03 2.65064323e-03 1.01733971e-02 1.57245738e-03
 7.87857978e-04 1.80140398e-02 2.35629478e-03 1.36408834e-02
 3.77473014e-04 4.44754586e-03 7.09700659e-02 7.59346783e-03
 5.27040899e-01 8.96775723e-02 2.51976121e-02 2.85992865e-02
 4.87610549e-02 2.76730508e-02 2.23382693e-02 1.50853563e-02
 3.99288815e-03 7.94276744e-02 4.82716132e-06 3.59885581e-03
 1.31353149e-02 3.86773199e-02 1.31469294e-02 6.81543443e-03
 2.46599630e-01 2.85477899e-02 1.82478681e-01 1.30395591e-02
 3.29881757e-02 3.99419479e-02 8.82971392e-04 6.35937043e-03
 7.53289508e-03 2.72212029e-01 3.48770320e-02 6.74582599e-03
 1.31642446e-03 3.25965555e-03 1.42519781e-02 2.46777463e+00
 1.13998540e-03 1.38069848e-02 1.20456400e-03 8.33260082e-03
 1.11284649e+00 1.69468522e-02 1.48525000e-01 1.83074102e-02
 4.67180088e-03 9.99168158e-01 2.00603604e-02 5.06003648e-02
 2.37537599e+00 1.50638530e-02 2.44511897e-03 2.71015428e-02
 5.90388104e-02 1.39715970e-02 5.93641663e+01 5.58257818e-01
 5.09618176e-03 2.46139951e-02 7.05414861e-02 3.84862558e-03
 1.59095451e-02 3.54760606e-03 2.14555636e-02 1.06259733e-01
 4.23864461e-04 3.83287726e-04 2.96767861e-01 9.49852541e-03
 3.99813429e-03 2.86140176e-03 8.77490234e+00 1.54769351e-03
 1.94815733e-03 3.41521204e-02 1.91408825e+00 9.89697099e-01
 8.07188917e-04 3.91771346e-02 4.49100416e-03 4.79692221e-01
 5.82371280e-03 1.55360773e-02 5.64655848e-03 1.54717267e-01
 1.28022619e-02 1.89803946e+00 6.79299049e-03 4.34653908e-02
 4.54292924e-04 3.90665606e-03 4.92109731e-02 4.80812415e-02
 3.14511806e-02 8.21953788e-02 1.00862961e-02 3.72759590e-04
 4.29908410e-02 1.34279067e-03 1.88452210e-02 8.15074325e-01
 2.04424351e-03 7.12285191e-03 1.14909199e-04 7.38692331e+00
 2.48826575e-02 2.10761929e+01 3.14372219e-02 3.22178036e-01
 4.71943582e-04 2.59254891e-02 3.06411670e-03 1.64498925e+00
 9.86036379e-04 8.75905808e-03 1.66421711e-01 2.18819478e-03
 2.06710515e-03 1.92805324e-02 1.96907716e-03 1.24495979e-02
 3.73610929e-02 1.18922508e+00 9.82842669e-02 2.79871188e-03
 3.65060405e-03 7.12749828e-03 1.77107155e-02 1.75725847e-01
 8.00152589e-03 1.36495173e-01 6.30063331e-03 1.14621141e-03
 4.52505844e-03 2.67163664e-02 7.52111673e-01 9.27484781e-02
 1.89584177e-02 1.36412121e-03 3.28733996e-02 4.02470399e-03
 6.58826530e-03 3.28690380e-01 8.17755342e-01 4.02877154e-03
 9.34440177e-03 6.02850923e-03 2.75400118e-03 1.86076621e-03
 2.19971967e+00 4.30600792e-02 2.80665699e-03 7.65463710e-03
 8.71464435e-04 4.17547766e-03 1.36129884e-02 4.04657349e-02
 2.01233313e-03 1.74658105e-03 1.81071507e-03 6.95245042e-02
 2.65335161e-02 9.40296624e-04 6.39193878e-03 1.57226119e-02
 9.21683386e-04 1.29424885e-01 4.90344688e-03 3.22050042e-02
 4.52470034e-02 1.60875507e-02 8.37068081e-01 6.94863796e-02
 2.65334325e-04 4.50538937e-06 1.29135966e-01 6.97173178e-03
 2.98996503e-03 2.07215399e-01 4.70947102e-02 5.23367748e-02
 6.63350057e-03 2.03480013e-04 1.02480674e+00 4.16052341e-03
 4.48745023e-03 4.11716588e-02 9.08808783e-03 2.54111230e-01],0.5388298,[6.05271220e-01 5.34354302e-04 9.38100554e-03 2.39697676e-02
 1.90106733e-03 6.15957454e-02 3.88756469e-02 1.34540021e-01
 9.44205187e-03 1.28944572e-02 5.99887967e-01 1.62230358e-02
 4.01366428e-02 1.77874528e-02 2.82178856e-02 3.24240676e-03
 2.08251644e-02 3.87642123e-02 1.23342741e-02 2.24854238e-02
 3.80120613e-03 2.15548091e-02 3.75488736e-02 5.56891598e-03
 4.21817787e-03 1.30943328e-01 2.07702208e+00 4.18875702e-02
 6.06283210e-02 1.36559014e-04 1.21510355e-03 5.43088233e-03
 3.25887024e-01 1.99364144e-02 1.77705381e-03 2.93714441e-02
 1.01591274e-03 2.56270915e-03 2.50142021e-03 6.61918253e-04
 7.08674197e-04 1.29698310e-04 7.08194971e-02 5.59131131e-02
 5.26026683e-03 2.46466566e-02 3.55994254e-02 9.78871156e-03
 8.04076418e-02 2.21722573e-02 1.33074131e-02 1.23287807e-03
 1.87689112e-03 1.31799765e-02 4.14619669e-02 4.85653616e-02
 5.15674427e-03 1.72008225e-03 8.56594415e-04 3.66952037e-03
 1.34881237e-03 1.05213085e-02 8.20161588e-03 5.12011582e-04
 1.05070034e-02 3.26806307e-02 1.84448920e-02 1.30520738e-03
 1.94169872e-04 7.18424283e-03 2.97731198e-02 7.94593245e-03
 1.80705667e-01 6.47224933e-02 2.24567354e-02 1.05084451e-02
 7.93993324e-02 1.50003657e-02 3.20433639e-02 2.06213677e-03
 2.82578054e-03 1.54855372e-02 7.98509980e-04 1.92448148e-03
 1.60120893e-02 4.88945795e-03 9.41344816e-03 1.65688340e-03
 3.39746535e-01 1.28691383e-02 2.17558712e-01 3.91416997e-02
 3.77247743e-02 2.82841343e-02 2.83438270e-03 8.34063347e-03
 4.96496372e-02 6.30329847e+00 3.77615951e-02 7.62414467e-03
 4.46297461e-04 1.77794881e-03 1.36984717e-02 3.37404050e-02
 2.27895621e-02 8.07036739e-03 3.81988846e-03 7.58841028e-03
 1.57020521e+00 5.36584519e-02 3.57910335e-01 7.83535466e-03
 3.08016827e-03 1.60640490e+00 3.01826112e-02 6.13938123e-02
 3.87011737e-01 5.83710195e-03 6.34168927e-03 8.79776329e-02
 1.17456056e-02 5.67562599e-03 2.19112635e+00 1.25256255e-01
 4.46807314e-03 4.81502824e-02 3.68357189e-02 1.00732129e-03
 2.21586926e-03 3.76008288e-03 1.37108639e-02 2.85942759e-02
 1.47046580e-03 1.75753608e-03 3.97891253e-01 6.44696131e-03
 2.25934386e-03 3.18773696e-03 1.23086662e+01 1.29292742e-03
 1.17139053e-03 3.07252854e-02 2.17968822e+00 2.92445779e+00
 3.44735477e-03 1.30269751e-02 2.12141336e-03 1.01048958e+00
 1.99070689e-03 3.38025438e-03 3.53251980e-03 6.82858944e-01
 3.58153507e-02 5.09170651e-01 8.49632025e-02 6.09988719e-02
 2.04883749e-03 5.94554795e-03 3.38790612e-03 3.20869125e-02
 1.26102995e-02 8.15588573e-04 1.26598626e-02 2.01711478e-03
 1.69378236e-01 4.59862058e-04 2.21563596e-02 3.02737474e-01
 3.43566248e-03 4.20220103e-03 5.16866450e-04 1.83784030e-02
 3.35006900e-02 2.03329792e+01 1.24357335e-01 7.07635283e-02
 8.62238230e-05 2.27345526e-03 1.02729886e-03 9.25559878e-01
 1.18152471e-03 9.05691739e-03 8.42764601e-02 1.08508021e-03
 1.24068232e-03 2.18654033e-02 2.04011449e-04 1.91296432e-02
 6.35904353e-03 6.59885883e-01 5.68937771e-02 1.40893320e-03
 3.59421829e-05 2.03572214e-02 4.09554411e-03 1.80955842e-01
 3.01736332e-02 5.23042679e-01 1.86180975e-03 1.37123861e-03
 7.43768830e-03 3.76169337e-03 9.95298195e+00 3.19598219e-03
 2.82309167e-02 6.51500479e-04 2.60521732e-02 2.47467719e-02
 1.64959710e-02 3.97347093e-01 3.88227791e-01 3.37993260e-03
 3.77215743e-02 1.26136579e-02 2.23976839e-03 2.19770474e-03
 6.34159055e-03 5.65407090e-02 2.82800198e-03 1.81508542e-04
 1.95720885e-03 5.78469643e-03 2.25197747e-02 5.61936051e-02
 7.50383595e-04 7.42049480e-04 3.82247893e-03 1.37172684e-01
 4.91612069e-02 1.53861055e-03 1.79347526e-02 1.39823388e-02
 3.27834347e-03 2.60372981e-02 2.66109663e-03 2.04972737e-02
 6.29525855e-02 4.47242968e-02 1.07888639e+00 2.74571329e-02
 4.63941891e-04 1.20390784e-02 6.84022009e-02 2.37329416e-02
 3.74572072e-03 1.74151972e-01 5.30033819e-02 2.29372550e-02
 8.82663578e-03 1.58660230e-04 7.54594982e-01 1.44115156e-02
 2.02275184e-03 1.37791387e-03 7.16868229e-03 1.61281973e-01],-91.01961,-108.49706,-311.58636,1.1310039,6.793893,1.0049472,0.9320158,11.683378,-14.684069,130.09332,155.46603,6.510995,0.33117843,0.42763892,-145.64325,145.64325,[1.97594023e+00 8.42211761e+01 5.97430458e+01 1.28448962e+03
 3.01658813e+02 5.80033691e+02 5.55430054e+02 5.72579041e+02
 1.12552209e+03 1.27426843e+03 1.11726143e+02 2.10916113e+04
 1.23138513e+03 3.03325586e+03 1.94865303e+01 3.26784485e+02
 7.07367420e+00 1.10490303e+01 3.41699512e+03 5.27631714e+02
 2.89419441e+01 3.16402783e+03 1.03168893e+00 2.98804504e+02
 4.27440834e+01 2.57558155e+01 2.43291245e+02 2.18883804e+02
 4.64925537e+01 3.18062363e+01 2.32854633e+01 1.60670581e+03
 8.00848694e+01 3.21153908e+01 9.14081383e+00 1.20943982e+03
 1.69254791e+02 1.58291876e+00 1.75888389e-02 7.86003418e+01
 7.22919617e+01 2.53276787e+01 4.50684929e+01 1.06116457e+01
 5.80012083e+00 4.28737579e+02 2.19212303e+01 1.86781891e+02
 9.10696793e+00 8.27476311e+00 2.78209137e+02 4.03985825e+01
 1.70202209e+02 5.59895515e+01 9.23406601e+01 7.09832077e+01
 1.36495438e+02 8.55082397e+02 1.05793457e+01 5.98073425e+01
 5.28490723e+02 3.48696768e-01 2.54627972e+01 5.52329636e+00
 2.94445282e+02 5.94929581e+01 3.97493591e+02 6.88444757e+00
 3.10794678e+02 9.08968925e+00 3.39135449e+03 2.15323544e+00
 4.15168991e+01 1.41913586e+01 1.36791168e+02 3.51028442e+01
 4.64662903e+02 4.50124054e+01 4.10982086e+02 9.13967972e+01
 4.47815514e+01 1.54838470e+02 7.73046826e+03 9.96771667e+02
 4.28533363e+00 3.23084641e+00 4.48542252e+01 2.96020850e+03
 1.00471753e+03 2.61361569e-01 1.18004866e+01 1.78899078e+01
 5.62633610e+00 6.05721359e+01 2.54854412e+01 4.17939545e+02
 3.13652435e+02 6.49561890e+02 5.66881847e+00 4.44375496e+01
 4.56071091e+01 1.07195473e+02 5.19508553e+01 1.30839405e+01
 5.24306068e+01 2.46709681e+00 3.56087565e-01 1.47880783e+01
 5.05899239e+00 4.46024750e+02 4.43702576e+02 1.51345816e+01
 1.23767402e+04 2.29851036e+01 2.18965173e+00 1.08661222e+01
 5.50463989e+02 4.28873863e+01 7.34322144e+02 7.02397308e+01
 4.66069153e+02 2.11558743e+01 2.12965454e+02 3.75899010e+01
 2.58857307e+01 2.79440632e+01 7.71475983e+01 2.28118210e+01
 1.09457886e+03 6.63004456e+01 8.00534668e+01 8.55325127e+00
 2.11268730e+01 9.07165222e+01 3.71744537e+01 4.53158531e+01
 8.28072056e-03 1.54665543e+02 1.00658865e+01 1.05019312e+01
 4.52894402e+00 4.32540222e+02 3.11596375e+01 3.92383842e+01
 1.14062781e+03 2.69903469e+01 1.12359869e+00 2.26391586e+02
 5.92811871e+00 9.54244554e-01 2.32378464e+01 2.59404297e+02
 2.96071265e-02 2.71861038e+01 8.46815491e+01 2.95901890e+01
 7.57229328e-01 2.45972607e+03 7.63975716e+00 1.05166435e+01
 1.04334145e+01 6.37765121e+01 7.07427549e+00 3.29204987e+02
 1.24330780e+02 9.96357269e+01 1.34454132e+02 1.01312965e-01
 2.29240692e+02 1.08498592e+01 5.04608774e+00 2.31646013e+00
 5.35523272e+00 1.40657349e+03 1.05558258e+02 6.85540390e+00
 9.16364380e+02 8.58389709e+02 8.19322169e-01 2.97668982e+00
 1.27286792e+03 3.35272074e-01 1.54922455e+02 5.25922737e+01
 3.15036407e+02 1.03398514e+02 3.47277148e+03 6.64227905e+01
 1.10097132e+01 1.89597168e+01 8.51041870e+01 5.76646767e+01
 1.58692825e+02 1.51942434e+01 2.04008591e+02 2.03472424e+01
 3.52982117e+02 9.76167297e+00 8.24150372e+00 7.86441162e+02
 7.03609161e+01 2.37010284e+02 5.12233429e+01 6.15393433e+02
 5.23313866e+01 2.39179993e+02 1.01590527e+04 2.19660430e+04
 5.68397217e+02 5.14912949e+01 7.87526855e+01 9.75918701e+02
 4.69528198e+00 7.99187946e+00 5.67882347e+01 1.36561279e+02
 2.86253203e+04 1.80920773e+01 2.96426506e+01 1.73477759e+03
 9.64924500e+02 2.15751243e+00 4.56991455e+02 8.86538029e+00
 8.81390152e+01 2.40848755e+03 2.19571805e+00 1.64790001e+01
 1.35732853e+00 9.66780640e+02 1.61717949e+01 9.15187359e+00
 7.69877319e+01 3.01739941e+01 2.72454619e-01 1.41695770e+02
 1.02126694e+02 3.40960808e+01 6.30453377e+01 2.94829193e+02
 6.89719849e+01 1.65648022e+03 3.57533813e+02 1.96925674e+02
 1.35782288e+02 3.12762814e+01 1.62649768e+03 8.47591248e+01
 3.71177912e-01 4.17257617e+03 2.90703583e+00 1.43811913e+01
 7.09535278e+02 5.01679306e+01 3.74380088e+00 1.51317810e+02],877.99786,[4.42989441e+02 2.40192474e+02 1.52864895e+01 7.98597168e+02
 4.79461273e+02 4.80879822e+01 8.11390137e+02 2.60712128e+02
 3.79485474e+02 9.80026245e+02 5.19646729e+02 3.19328888e+02
 3.00441864e+02 7.83526428e+02 4.49577999e+00 5.19330811e+02
 4.72828341e+00 2.33244991e+01 3.29094116e+03 1.08889258e+03
 2.91757298e+01 2.65689795e+03 4.91567993e+00 1.10981026e+02
 3.49878097e+00 2.18560810e+01 7.20538254e+01 3.04967834e+02
 6.32323799e+01 9.93117523e+00 2.44329586e+01 2.28032788e+03
 3.67019272e+01 2.52936745e+00 2.24667072e+00 1.11085303e+03
 3.58740997e+02 1.30742359e+00 8.74256229e+00 9.26878357e+00
 1.41230316e+02 5.77159464e-01 4.20073738e+01 1.58752380e+02
 1.27996826e+01 3.25333832e+02 2.59405851e+00 3.73658508e+02
 1.35259521e+00 1.22422533e+01 2.97132935e+02 1.46848358e+02
 2.86015778e+02 7.72245560e+01 3.29459496e+01 6.13161850e+00
 1.27730705e+02 1.26290759e+03 2.04044151e+00 2.72045555e+01
 6.42098755e+02 3.96067619e+01 3.41066861e+00 1.77795708e-01
 7.88802551e+02 6.85266190e+01 4.80316528e+02 4.48329210e-01
 3.93110352e+02 6.42225266e-01 1.34863025e+03 2.62114167e-01
 2.42428646e+01 3.10985994e+00 3.57560654e+01 1.53510246e+01
 6.99075317e+02 8.07434158e+01 7.64533081e+01 1.75495281e+01
 2.73068140e+03 2.64798004e+02 3.40945435e+03 6.02575745e+02
 2.57200508e+01 5.69870567e+01 1.50956697e+01 5.74062195e+02
 1.53013367e+03 2.79971480e-01 2.97342014e+00 3.86008301e+01
 1.46544766e+00 1.57466068e+01 9.17621326e+00 6.88488083e+01
 6.95875549e+01 1.12403564e+03 1.42337155e+00 1.43003418e+02
 1.61489239e+01 1.68097744e+01 5.79880028e+01 3.78036594e+00
 1.96042709e+02 5.12381668e+01 1.76534390e+00 8.87690125e+01
 6.62378311e+00 1.67858295e+01 6.11927124e+02 2.07119080e+02
 8.41030859e+03 2.18815651e+01 1.39885435e+01 6.42389822e+00
 1.15282280e+02 2.78691387e+01 2.39933008e+03 2.36192474e+01
 1.13804126e+03 6.24124413e+01 1.61505249e+02 2.09839725e+00
 5.47924328e+00 2.30690137e+03 2.87535187e+02 6.98863328e-01
 6.45008667e+02 8.86632767e+01 3.06881317e+02 2.63809700e+01
 1.39909668e+02 7.79251343e+02 4.75891342e+01 2.58245063e+00
 3.16744983e-01 1.84092072e+02 3.30256319e+00 3.72653604e-01
 1.00174427e+01 1.46918762e+02 1.02410263e+02 1.04334049e+01
 5.15159851e+02 2.78065613e+02 3.27430546e-01 1.15574028e+02
 2.83178687e+00 4.54278326e+00 5.43348074e-01 6.87294067e+02
 1.72373071e-01 7.62426424e+00 1.22579147e+02 6.08702040e+00
 2.22154312e+01 5.05476761e+01 6.60036230e+00 3.98679233e+00
 1.18548238e+00 4.94409866e+01 3.96528316e+00 4.94590340e+01
 3.61927071e+01 2.33883743e+02 1.08039162e+02 1.03228047e-01
 3.31318695e+02 7.73285210e-01 5.60038996e+00 2.06555817e+02
 1.38767600e+00 2.47083081e+03 2.76114559e+01 5.15239906e+01
 6.46722031e+01 2.18940747e+03 5.87685108e-01 1.54402566e+00
 1.27189722e+03 2.49242058e+01 9.29098129e+01 4.32460518e+01
 1.61026672e+02 9.09526672e+01 1.65375098e+03 1.18280468e+01
 1.45369978e+01 1.90845547e+01 3.59123459e+01 3.06861191e+01
 9.33439064e+00 1.04671917e+01 8.50949707e+01 6.05332680e+01
 7.69093750e+02 1.00955505e+01 1.13445778e+01 6.60545959e+02
 6.15885639e+00 2.37303925e+01 4.61640120e+00 4.71816620e+02
 1.62611198e+01 1.48964081e+02 1.09636738e+04 7.37730742e+00
 7.63336868e+01 3.71137009e+01 7.86451721e+01 1.15244788e+03
 1.31813884e+00 2.49616575e+00 1.16937668e+02 6.92906799e+01
 3.77180391e+04 2.41141605e+01 6.92553568e+00 2.64744141e+03
 2.35898633e+03 6.43395007e-01 1.42843657e+01 4.67309952e+00
 4.26793549e+02 3.05944116e+03 1.99873543e+00 3.96846342e+00
 1.06125908e+01 6.27780762e+02 2.83377014e+02 1.25637617e+01
 2.47334244e+02 1.47500286e+01 1.82862461e-01 3.44450745e+02
 1.57513824e+02 6.73683014e+01 6.20232925e+01 1.58473831e+02
 6.00918579e+01 1.25039575e+03 7.93777390e+01 2.69038906e+01
 2.42641220e+02 9.46913052e+00 5.33279199e+03 5.01790237e+01
 9.63176608e-01 9.63960510e+02 6.35793839e+01 9.84029579e+00
 3.27343945e+03 1.21668091e+02 6.48395157e+00 1.24170792e+02],-100.23808,-153.03528,-307.41907,2.6736352,19.63129,1.0100582,0.95860827,0.016141372241973876,4894.172482967377,0.5,0.5,-0.16704045230388886,0.00010099644085583583,-0.16702383827200276,0.0006153070253127759,35.53884110195772,37.59999999999999,0.0,300000.0,-1.0,-761.0,750.0,13.55041766166687,300000
105.5764,0.046354502,0.07281724,0.0014247403,-104.80187,104.80187,[4.31568176e-03 2.54892418e-03 9.15305875e-03 6.41277492e-01
 6.98890630e-03 9.80465698e+00 8.74200463e-03 1.35448873e-01
 4.44189925e-03 2.54905745e-02 1.61135849e-03 1.21656150e-01
 1.64453483e+00 1.00202346e-02 5.16003221e-02 9.45298187e-03
 2.07949895e-02 5.02718100e-03 9.05394778e-02 7.30051473e-03
 1.65011291e-03 1.91193796e-03 5.49218729e-02 4.00827266e-04
 8.83001611e-02 1.27315372e-02 1.79948937e-02 4.66699675e-02
 6.54632738e-03 1.77993290e-02 2.41912866e+00 2.18059793e-02
 1.09917726e-02 2.57790089e-02 1.34191709e-03 3.43798939e-03
 6.64945319e-03 1.41470097e-02 4.63888198e-02 9.19064600e-03
 1.88918784e-03 2.18246356e-02 8.69519934e-02 2.08027773e-02
 2.62299478e-02 2.59085721e-03 4.05423716e-03 2.10330877e-02
 9.13420599e-03 8.40728730e-03 2.35542329e-03 1.94649363e+00
 1.63964592e-02 1.21221533e-02 3.10290642e-02 1.43382624e-02
 2.06071679e-02 2.98894220e-03 1.22735631e+00 1.59314767e-01
 5.56151429e-03 7.30201881e-03 1.64708309e-02 7.88366199e-02
 3.38345468e-01 3.49210901e-03 4.06437635e-01 6.55561313e-02
 1.33302405e-01 1.37453619e-02 3.62129882e-02 4.19525290e-03
 2.16203406e-02 1.25435293e-02 2.69739777e-01 1.61075927e-02
 3.08443652e-03 2.84043886e-03 2.99363048e-03 1.33099668e-02
 2.04412743e-01 6.42983243e-03 3.76581609e-01 1.71503462e-02
 2.81761589e+01 5.18685803e-02 2.95824334e-02 4.55998927e-02
 2.16007102e-02 8.76185670e-02 1.76745117e+00 4.27968847e-03
 9.94677562e-03 4.20231000e-03 1.74362957e-01 4.98846639e-03
 4.42526210e-03 1.13872327e-02 2.01414619e-03 3.26106139e-03
 7.80416653e-02 1.41414261e+00 1.62135214e-02 9.63186920e-02
 4.26870286e-02 9.02044866e-03 2.92548925e-01 6.95220334e-03
 4.97362390e-03 1.88083705e-02 4.67171282e-01 9.07519367e-03
 3.58571601e+00 8.66313055e-02 4.80554905e-03 1.99023597e-02
 3.39685008e-02 7.83396512e-03 5.68678169e+01 1.81949437e-02
 7.47809559e-03 1.66551098e-02 6.15891628e-03 4.51997016e-03
 7.24023161e-03 3.17154080e-02 1.68800095e+02 4.07000631e-03
 1.11842360e-02 5.97860478e-03 6.67906106e-02 7.09313061e-03
 1.40380589e-02 2.83934898e-03 1.37809145e+00 1.24961808e-01
 1.42978765e-02 8.76971241e-03 3.52203054e-03 5.20840846e-03
 1.33729689e-02 2.20002577e-01 8.95344187e-03 1.26465395e-01
 2.15233173e-02 2.16845213e-03 4.23385715e-03 5.22312373e-02
 3.15524340e-02 3.45446289e-01 4.17155512e-02 3.47397872e-03
 8.37143183e-01 3.53675103e-03 1.05275782e-02 6.68587675e-03
 5.51752653e-03 7.03914225e-01 3.54538560e-02 6.26002438e-03
 1.57040171e-02 3.98524046e-01 8.07992077e+00 1.02108475e-02
 8.07563886e-02 7.05873743e-02 5.91409454e+01 1.53348325e-02
 1.27201402e+00 7.04692453e-02 4.69297729e-03 3.75740379e-02
 1.45610645e-01 1.33588776e-01 8.65997467e-03 5.65158250e-03
 4.10443405e-03 8.64738412e-03 2.32260907e-03 1.44791882e-02
 1.29541215e-02 2.67145112e-02 1.86350383e-03 5.39344037e-03
 6.22527022e-03 6.39737248e-02 1.26410648e-02 5.12299035e-03
 2.27396693e-02 1.88504085e-01 2.28005853e-02 8.11979324e-02
 6.86022043e-01 5.98657061e-05 1.22744795e-02 1.10477567e-01
 5.54623688e-03 4.21484783e-02 3.00980918e-02 5.58199453e+00
 3.64686884e-02 1.60694961e-03 7.58628473e-02 9.46352705e-02
 3.17872055e-02 3.93108502e-02 1.45559669e-01 5.01659095e-01
 4.62791622e-02 5.71015710e-03 2.08179623e-01 4.96901989e-01
 2.73143053e-02 6.26498926e-03 1.80765353e-02 5.35626374e-02
 1.37047609e-02 3.02540348e-03 2.99148224e-02 1.51360882e-02
 1.55958859e-03 1.28573854e-03 4.17946316e-02 4.92891576e-03
 8.97536520e-04 2.14781737e+00 8.66927393e-03 1.52650308e-02
 1.99745651e-02 1.31949496e+00 1.63981579e-02 1.42323272e-03
 8.74042511e-03 7.24976417e-03 8.53856280e-03 1.32614136e-01
 1.26729151e-02 5.29740810e+00 1.26106180e-02 1.51171805e-02
 7.66731892e-03 3.46915238e-02 1.55730501e-01 5.16912714e-03
 8.62406380e-03 3.06493789e-02 2.66003348e-02 6.51299313e-04
 1.61095679e-01 2.27912609e-03 7.35239731e-03 2.97391880e-02
 4.17807093e-03 7.72045326e+00 8.93139653e-03 9.74079132e+00],1.5010529,[1.77986808e-02 5.85543597e-03 4.80974559e-03 8.69279385e-01
 1.54758776e-02 7.54540265e-01 1.78896915e-03 1.96752340e-01
 9.09560826e-03 5.27398884e-02 1.38507737e-03 1.09147735e-01
 1.66686133e-01 7.47566624e-03 1.31333405e-02 8.53371527e-03
 2.38132402e-02 8.50737095e-03 6.72210604e-02 1.29445279e-02
 2.74022808e-03 1.84635222e-02 9.28126723e-02 4.44250321e-03
 7.12659433e-02 1.18874134e-02 3.07758152e-02 1.06314257e-01
 8.54912773e-03 1.15694478e-02 3.99131012e+00 1.02174114e-02
 8.52344185e-03 4.11850698e-02 3.65915671e-02 6.15503918e-03
 6.03612093e-03 1.31608937e-02 4.38663773e-02 3.10625439e-03
 4.06767614e-03 2.38176938e-02 3.53273228e-02 1.35402777e-03
 5.59471361e-02 3.54214036e-03 1.54527510e-03 2.09644660e-02
 1.18144648e-03 9.98713169e-03 3.12266336e-03 9.93398666e-01
 7.10933609e-03 4.62717377e-02 1.25734154e-02 1.92293264e-02
 1.04207518e-02 3.03232251e-03 3.24920341e-02 1.25332817e-01
 2.64044106e-03 4.37338836e-03 1.59750581e-02 7.58394897e-02
 5.93421042e-01 8.81624233e-04 4.27870452e-01 2.10559089e-02
 8.78964961e-02 6.64994027e-03 4.55610119e-02 4.87622153e-03
 3.40633956e-03 1.24405045e-02 3.26218754e-02 2.29322687e-02
 4.29403502e-03 2.07012193e-03 5.49918972e-02 6.83035888e-03
 2.21215859e-01 5.82763227e-03 1.35918230e-01 1.25849377e-02
 4.76861267e+01 5.66505492e-02 3.15933265e-02 4.81491834e-02
 2.20860401e-03 1.17042392e-01 1.88518357e+00 1.23351775e-02
 8.83768126e-03 6.36534020e-03 1.70751035e-01 4.42519784e-03
 4.42194287e-03 1.57328732e-02 2.58606812e-03 6.92400709e-03
 1.06492102e-01 1.38880014e+00 1.09800501e-02 9.94580686e-02
 2.47094072e-02 5.43492660e-03 7.28570223e-01 1.81020796e-02
 6.03997707e-03 3.28177586e-03 1.71623874e+00 2.00605136e-03
 4.79193926e+00 5.12609929e-02 6.15251902e-03 3.94008197e-02
 1.57188438e-03 2.16368376e-03 7.70775299e+01 1.94106027e-02
 1.18684070e-02 1.62899420e-02 1.55813163e-02 4.98927850e-03
 3.08920792e-03 2.90730726e-02 2.31741543e+01 3.52276955e-03
 2.67801061e-02 1.28632672e-02 7.53720403e-02 6.87933564e-02
 2.13703942e-02 5.33467392e-05 9.29404497e-01 1.55577779e-01
 7.29368161e-03 2.04633884e-02 4.90265060e-03 4.09361273e-02
 8.95274617e-03 1.21817760e-01 1.00503154e-02 2.84661055e-02
 1.25606526e-02 1.92361027e-02 4.02473100e-03 4.23885658e-02
 7.18721515e-03 4.12619531e-01 3.88032272e-02 2.65184836e-03
 1.78678322e+00 6.06596842e-03 4.16630879e-02 6.51918352e-03
 3.56163550e-03 1.09149301e+00 4.11582738e-02 6.49218028e-03
 7.56460149e-03 1.67882574e+00 2.33323836e+00 1.11138523e-02
 2.15896852e-02 1.86705959e+00 2.06794930e+00 1.56335570e-02
 1.29758334e+00 1.88116189e-02 3.30110569e-03 3.94627415e-02
 2.40285799e-01 4.02212292e-02 9.70180426e-03 1.59237199e-02
 4.21867007e-03 9.43075772e-03 1.05806277e-03 9.21906531e-03
 2.78230626e-02 2.07647979e-02 8.67308117e-04 4.10318980e-03
 8.50088708e-03 5.99332992e-03 7.77308829e-03 4.00472293e-03
 1.23410672e-02 2.27949381e-01 1.92593820e-02 7.26834238e-02
 1.07281041e+00 1.68866431e-03 3.78910825e-02 7.34692290e-02
 6.76169991e-04 1.26516715e-01 2.53590010e-02 4.77303743e-01
 6.37204433e-03 2.78637325e-03 1.15022786e-01 1.45341188e-01
 5.46928570e-02 2.82168984e-02 2.28028804e-01 1.78365529e-01
 5.73891461e-01 3.49754281e-02 1.94537602e-02 7.95145988e+00
 1.17207132e-03 1.75906601e-03 1.72225274e-02 5.10692373e-02
 1.46601843e-02 5.65263908e-03 4.03161980e-02 1.65002197e-02
 1.19095575e-03 1.69022125e-03 9.51014459e-02 4.54312935e-03
 5.11549786e-03 1.46440959e+00 5.87326661e-03 5.80696836e-02
 1.38138523e-02 3.05355340e-01 3.29423696e-02 1.34734493e-02
 7.30732549e-03 1.43146971e-02 5.63809276e-03 2.61405930e-02
 9.57108010e-03 1.17943788e+00 9.12039168e-03 2.04438134e-03
 9.50979302e-05 3.37899700e-02 1.28119886e-01 6.25448907e-03
 2.84593110e-03 1.69754505e+00 1.93357840e-02 3.13202431e-03
 1.82102323e-01 2.84425216e-04 4.32495167e-03 1.19136181e-02
 1.86445774e-03 6.27414703e-01 7.16754794e-03 2.49715948e+00],-93.32236,-113.02697,-312.91302,1.1195064,2.6032376,0.9958614,0.93198204,12.678902,-11.375282,120.44269,160.18492,7.5741067,0.33585304,0.45695382,-149.25229,149.25229,[7.73837891e+01 2.43837723e+02 9.12395477e+00 1.15929787e+02
 2.94178882e+03 9.90606995e+02 8.03816681e+01 6.59391937e+01
 3.43132744e+01 8.67975311e+01 4.24015617e+01 2.29954620e+02
 1.15032089e+02 1.49008069e+03 7.79916992e+01 1.99930020e+04
 2.14444923e+01 9.53272934e+01 7.97800049e+02 1.23180946e+02
 1.02090111e+01 1.80329590e+01 4.20543022e+01 1.16794004e+01
 1.01865913e+02 1.12670677e+02 7.28297363e+02 4.84515038e+01
 1.80355713e+02 1.68696461e+01 2.79550190e+01 3.57342834e+02
 2.41651794e+02 3.61868362e+01 4.04641609e+01 6.50197649e+00
 3.29182816e+01 1.30807800e+01 9.27470493e+00 5.42393589e+00
 1.37591934e+00 9.18022559e+03 7.30798218e+02 9.46264458e+00
 4.86739302e+00 1.88647616e+00 1.09640282e+02 2.84144878e+01
 1.51054442e+00 8.66945038e+01 1.85392723e+01 2.55688995e+02
 1.42821106e+03 1.26840849e+01 1.70559387e+02 5.28193092e+00
 2.38133812e+00 4.94959717e+03 8.54182892e+01 2.24818153e+01
 7.74746656e+00 9.77870226e-01 5.34437752e+00 1.84640968e+00
 1.20282617e+03 6.61716843e+01 9.68987305e+02 2.43525879e+02
 2.26266373e+02 3.32248462e+03 3.05709572e+01 7.80931946e+02
 4.42275238e+02 8.15603197e-01 5.50325012e+00 1.72173798e+02
 1.15368528e+01 2.78559208e+00 7.37741394e+01 3.15840187e+01
 1.72335052e+01 1.14067593e+01 4.64675026e+01 1.87390857e+03
 4.75524872e+02 1.65058075e+02 1.98212414e+01 1.61962318e+01
 5.76533079e+00 1.29886174e+00 4.98838043e+02 1.45812407e+01
 2.09690234e+04 9.93267334e+02 2.44255234e+02 1.64180813e+01
 5.29655396e+02 3.54645233e+02 4.46969922e+03 9.60707855e+01
 1.23051941e+02 5.08657959e+03 9.43855591e+01 4.65279627e+00
 3.41441803e+02 1.91358475e+02 2.08348975e+03 2.46924381e+01
 2.25800293e+03 9.22269516e+01 1.74903900e+02 4.12375107e+01
 4.48094215e+01 1.47810659e+01 3.58000641e+01 4.53695312e+03
 2.53434010e+01 7.73241425e+01 1.72796974e+01 2.98722443e+02
 1.51291092e+02 2.26010513e+01 1.72147171e+02 4.99663135e+03
 2.20559424e+03 9.82721313e+02 5.49043274e+00 3.51192871e+02
 1.67263107e+01 1.86496925e+01 4.02319849e+03 1.70520058e+01
 1.51768951e+02 2.85009460e+01 4.02722282e+01 4.25466797e+02
 7.08300705e+01 1.14972847e+02 2.96910000e+01 7.27979675e+02
 8.11336060e+01 7.34378601e+02 3.39538477e+03 3.47115326e+01
 5.52400360e+01 1.15214596e+01 1.77750732e+02 9.33844757e+00
 1.66683655e+02 7.53933029e+01 1.04322583e+03 2.80070305e+01
 2.00140442e+02 9.33622009e+02 8.19239380e+02 8.47707397e+02
 1.40240002e+01 3.47499123e+01 8.05215271e+02 7.41521057e+02
 3.25440460e+02 8.59008423e+02 9.45025940e+01 2.47499599e+01
 3.88881493e+00 1.01990137e+01 8.35872192e+01 1.21846590e+01
 3.60619659e+02 1.57174909e+00 9.30475693e+01 2.36005669e+01
 1.49235260e+02 5.12283230e+00 3.06364777e+02 6.73166656e+00
 1.36739105e+02 9.63924561e+01 1.01702667e+02 3.26099762e+02
 3.09675312e+00 5.53959131e-01 2.76009502e+01 2.15127777e+02
 1.76126556e+02 1.40663662e+01 2.01687036e+03 1.84029938e+02
 5.66346931e+00 1.68811684e+01 4.88778458e+01 2.02307558e+00
 3.18337097e+02 4.27454071e+01 1.78729439e+00 3.22958130e+02
 8.49543285e+00 5.17475281e+02 6.26492538e+01 1.08524002e+02
 2.12705231e+01 9.67160046e-01 1.51744458e+03 1.20112953e+02
 4.81153030e+01 1.54020279e+02 9.56506250e+03 4.16148453e+01
 1.13253317e+01 1.11034431e+02 1.26174994e+01 2.44060959e+02
 1.63699661e+02 1.39441418e+03 1.47304703e+02 9.70719604e+01
 1.05219402e+01 8.94515610e+01 4.28952751e+01 3.10336670e+02
 1.54821372e+00 4.00800591e+01 3.58516772e+03 2.64774189e+01
 1.48942637e+00 4.83330994e+01 7.33074036e+01 1.39104980e+02
 7.79284241e+02 1.13560133e+01 9.98007488e+00 1.60130042e+03
 4.63679382e+02 1.37720480e+01 7.28726257e+02 1.15887283e+02
 3.47045588e+00 9.78245422e+02 2.31854932e+03 1.75959377e+01
 2.43896790e+02 1.01727209e+03 1.74002857e+01 2.70445290e+01
 1.18534515e+02 1.38674500e+02 3.92120514e+01 4.11078072e+00
 9.95298843e+01 1.36753067e+02 9.09680367e+00 6.76096649e+01
 5.56703472e+00 3.01394291e+01 9.52161026e+00 5.98667755e+01],775.5255,[7.85581360e+01 4.13837738e+01 9.34085846e+00 4.51647043e+00
 3.50415796e+03 1.53433508e+03 2.41857697e+02 7.92010927e+00
 1.03075294e+01 1.30190573e+01 4.80287170e+01 2.90577271e+02
 1.22823837e+02 4.80688049e+02 8.42233200e+01 3.22717422e+04
 3.31257153e+00 2.64440060e+01 1.96774902e+02 9.84493866e+01
 5.79554605e+00 9.32688808e+00 6.04872084e+00 1.28456430e+01
 1.05808830e+02 5.07345695e+01 7.20801697e+02 1.32531290e+01
 2.04345795e+02 3.25786638e+00 4.12837296e+01 1.14211960e+01
 4.11749512e+02 1.83247452e+01 1.17724504e+01 1.52535528e-01
 1.89960060e+01 4.22364533e-01 6.57374096e+00 3.01337376e+01
 2.77281570e+00 7.00205957e+03 5.78166138e+02 4.22905803e-01
 5.49485683e-01 3.45524311e+00 1.21937012e+02 2.85308132e+01
 1.04187260e+01 6.44368134e+01 3.93689990e+00 2.17958496e+02
 3.58970490e+02 6.60237432e-01 1.77762177e+02 3.09611058e+00
 1.86661124e+00 6.27025146e+02 1.58745975e+01 1.06399164e+01
 7.42972755e+00 8.51863682e-01 1.42349213e-01 6.87619257e+00
 9.79581116e+02 6.03380013e+01 7.67155273e+02 1.79596424e+01
 3.01949863e+01 3.39214697e+03 4.10419960e+01 1.58170227e+03
 7.48844360e+02 1.41465616e+01 9.59793568e-01 1.93936768e+02
 3.77012491e+00 5.06024361e+00 1.88737366e+02 1.72452499e+02
 2.04382539e+00 5.29644012e+01 1.74463348e+01 7.52840088e+02
 1.13505676e+02 1.21415672e+01 1.53095016e+01 2.77915173e+01
 9.04130280e-01 3.78852487e-02 9.45923615e+01 4.99862671e+00
 1.08872307e+02 6.97040787e+01 1.34711166e+02 2.05643487e+00
 4.35743561e+01 5.88510071e+02 2.46027368e+03 1.34693329e+02
 2.90815002e+02 3.12797803e+03 2.21254516e+00 7.81461573e+00
 1.75646973e+01 1.32642761e+02 1.96650903e+03 1.04134054e+01
 2.99965729e+02 7.93535538e+01 6.56491547e+01 3.52735519e-01
 6.16595364e+00 5.28719664e+00 3.86895943e+00 2.88959619e+03
 8.04208755e+00 2.25603504e+01 1.66651058e+01 2.92205444e+02
 1.02779274e+02 6.20196609e+01 1.88964905e+02 2.75535400e+03
 1.16372963e+02 1.32336707e+03 1.85957325e+00 8.48756611e-01
 2.43861599e+01 5.23801346e+01 4.91926270e+03 2.16322112e+00
 1.91795166e+02 2.73010998e+01 6.13890343e+01 5.58339844e+02
 1.11638904e+03 9.54265900e+01 8.23102188e+00 5.86665161e+02
 4.69121971e+01 6.69075241e+01 3.32900244e+03 2.12737465e+01
 8.93707275e+02 2.45479004e+02 1.83465332e+02 1.55481720e+00
 4.42652969e+01 7.13976593e+01 1.74599878e+03 1.34050522e+01
 2.98360382e+02 7.13311462e+02 7.81536407e+01 1.37987842e+03
 1.23243427e+01 1.94577789e+00 8.36352417e+02 7.45529175e+02
 1.29828537e+02 1.05927454e+03 1.99241219e+01 1.57472467e+01
 2.69523501e+00 5.49716806e+00 1.37952362e+02 1.13511457e+01
 1.84478638e+02 1.11340880e+00 6.31365089e+01 1.13855610e+01
 2.98603027e+02 2.63246059e+00 6.60946472e+02 4.98778391e+00
 2.13173508e+02 4.67313576e+01 2.03155804e+01 1.01734119e+03
 2.42208838e-01 4.71075439e+00 7.22104034e+01 1.67676071e+02
 2.60235168e+02 8.87284241e+01 3.40238220e+02 7.44287109e+01
 1.12709570e+00 1.97753773e+01 3.54103546e+01 1.61776638e+01
 1.69497772e+02 2.43372011e+00 1.81084895e+00 4.67778046e+02
 1.40754213e+01 6.42178650e+02 1.11262970e+02 2.35961075e+01
 7.49880219e+01 4.09645140e-01 3.04502124e+03 3.12691528e+02
 1.22402601e+01 1.92952026e+02 7.51411816e+03 2.33885117e+01
 2.19259217e-01 6.52984467e+01 3.39772797e+01 2.97383179e+02
 2.50593109e+02 2.62780957e+03 7.26353683e+01 5.84269218e+01
 2.14903402e+00 4.45057648e+02 8.64455462e-01 5.41383362e+02
 3.73498511e+00 3.61905694e+00 7.19231323e+02 9.87022579e-01
 9.19882679e+00 1.06495323e+01 1.19526072e+01 1.50870104e+01
 9.99428467e+02 1.16205943e+00 4.99123260e-02 1.50563342e+03
 1.23556799e+03 1.75164902e+00 5.85712585e+01 1.18158325e+02
 1.58533201e+01 1.14498914e+03 1.91699924e+01 1.17333660e+01
 9.89383698e+01 2.67300842e+02 5.41745758e+00 6.34347725e+01
 1.27832016e+02 3.84607849e+02 3.01361637e+01 1.72819638e+00
 1.34507751e+02 5.08949623e+01 3.55394512e-01 6.78320847e+01
 1.58919601e+01 8.52863884e+00 1.77263951e+00 1.22468582e+02],-99.68466,-154.70735,-301.43048,2.5441515,14.390286,1.0055937,0.95841813,0.017184029998779295,5323.773256063461,0.5,0.5,-0.00978709467148119,0.015885592541009193,-0.009773552523240484,-0.0009739219633972393,36.05495535687096,37.59999999999999,0.0,324750.0,-1.0,-760.0,750.0,13.968641757965088,325000
105.22131,0.049246985,0.093203545,0.0012434877,-104.24003,104.24003,[6.33725375e-02 7.30139436e-03 1.12591218e-02 2.36864053e-02
 2.50462815e-02 5.28313546e-03 1.33025618e-02 4.16715350e-03
 4.81078103e-02 2.57209212e-01 4.95749116e-02 1.07588418e-01
 3.48439030e-02 6.73944736e-03 7.62160262e-03 3.14850330e-01
 4.17601550e-03 4.79803467e-03 1.48369288e+00 2.99023930e-03
 2.76579633e-02 2.64845788e-02 1.65108847e-03 6.83579408e-03
 8.42458662e-03 1.83086786e-02 8.52694690e-01 2.63275346e-03
 5.95937669e-03 3.49353999e-03 3.86242033e-03 4.63854661e-03
 1.74740385e-02 9.81638908e+00 7.70038813e-02 2.05046544e-03
 2.99195647e-02 4.18599248e-02 2.88755074e-03 5.82564715e-03
 4.56910580e-03 6.27780333e-02 5.36368601e-03 9.86798294e-03
 1.03357602e-02 3.03931348e-03 7.75429058e+00 3.91546451e-02
 6.87465593e-02 8.37491266e-03 6.44009840e-03 1.40657043e-03
 3.80287087e-03 3.85408364e-02 5.71415760e-03 1.65381990e-02
 8.12160410e-03 1.66048780e-02 7.56156817e-03 1.15684056e+00
 7.32277185e-02 5.28366137e+00 1.87983289e-02 1.52585834e-01
 5.45828510e-03 1.27417399e-02 4.00189869e-03 5.11450469e-02
 9.41141322e-03 8.97014607e-03 5.16645336e+00 2.69656237e-02
 4.24985103e-02 5.26393175e+00 1.23481201e-02 7.82262611e+00
 7.63563719e-03 8.37582871e-02 8.78798962e-03 5.18504588e-04
 6.79815188e-02 2.15992387e-02 5.02595156e-02 5.72693869e-02
 5.78333922e-02 1.81972492e+00 6.17412850e-03 1.70811117e-02
 5.94351441e-05 4.23667207e-02 2.51491163e-02 2.19019018e-02
 2.18411023e-03 4.47118767e-02 8.65686089e-02 6.20155931e-02
 8.45665578e-03 2.13309960e-03 3.17583606e-02 6.70854375e-03
 8.51535145e-03 1.47891492e-02 4.46895547e-02 2.44295895e-02
 1.20396512e-02 4.88419905e-02 1.82427522e-02 2.21862495e-02
 2.82971701e-03 2.64131911e-02 1.30821750e-01 1.02262236e-02
 3.33821611e-03 1.41386576e-02 2.85730828e-02 2.91185174e-02
 5.76473363e-02 2.29171485e-01 1.61413476e-03 1.85122937e-02
 2.16851244e-03 5.16894273e-02 1.92671195e-02 2.81305939e-01
 1.36038482e-01 5.74391428e-03 5.29718120e-03 3.71883437e-03
 1.35237239e-02 3.93107254e-03 6.27632812e-03 2.07163282e-02
 1.47400855e-03 2.22124299e-03 8.91463191e-04 1.02838464e-02
 1.49294175e-03 9.80916247e-03 3.72127295e+00 1.96225679e+00
 6.84032664e-02 4.90677310e-03 3.72760231e-03 1.82514265e-03
 4.57650097e-03 7.46703614e-03 3.04762200e-02 4.00230801e-03
 3.88318598e-01 2.86755450e-02 2.27168743e-02 4.77491952e-02
 5.85760996e-02 4.68818933e-01 4.01157513e-03 1.01075219e-02
 7.45410994e-02 2.56042974e-03 4.57318965e-03 8.95959139e-02
 8.51147342e-03 4.57080826e-03 3.03605586e-01 2.26153731e-02
 1.45683467e-01 3.72244045e-02 3.97346687e+00 1.60168204e-03
 2.65441462e-02 1.97765417e-02 1.59485698e-01 6.32817447e-02
 5.41587593e-03 6.03105593e-03 2.76187100e-02 1.40340552e-02
 2.88833585e-03 3.26366350e-02 1.37292091e-02 2.34844160e+00
 5.00469469e-03 1.10598747e-03 1.50599170e+00 8.76789212e-01
 8.26690905e-03 1.80613622e-02 1.22227529e-02 2.16203220e-02
 3.98057560e-03 6.21112809e-03 1.33738038e-03 2.64696658e-01
 5.26087657e-02 5.72070330e-02 5.11229131e-03 1.99079774e-02
 4.89679724e-02 4.54105809e-02 9.25666653e-03 3.23166163e-03
 1.91466184e-03 8.22360162e-03 2.95189261e-01 1.55815830e+01
 9.97021571e-02 1.69892311e-01 1.71080953e-03 8.17165943e-04
 2.37706080e-02 6.20241091e-03 2.02484690e-02 1.33942932e-01
 1.23535842e-02 3.30895483e-02 2.64062695e-02 1.36694256e-02
 7.45357424e-02 1.02344120e+00 3.94893736e-02 1.28209203e-01
 8.63282848e-03 6.81606121e-04 2.52087526e-02 5.38292946e-03
 1.16108608e+00 6.44112900e-02 8.54400359e-03 6.87713362e-03
 8.02094582e-04 2.91761756e-02 6.08613908e-01 1.09029913e+00
 5.81856258e-03 6.38399646e-03 3.61170024e-01 2.26395950e-03
 1.84081458e-02 1.52822491e-02 4.55270372e-02 6.69294735e-03
 9.11054313e-02 5.25221899e-02 1.73147172e-02 1.22554321e-02
 2.30531441e-05 1.21312705e-03 1.15208095e-02 8.48549604e-03
 2.07710406e-03 3.53502560e+00 3.06794830e-02 2.58044638e-02
 1.62449569e-01 1.87115488e-03 6.02037599e-03 4.99246456e-03],0.4090857,[6.8684660e-02 4.9516056e-03 1.1049252e-02 4.7896667e-03 9.4626592e-03
 6.3785659e-03 1.6069110e-02 6.4685508e-03 3.8228948e-02 1.4157596e+00
 3.8945422e-02 8.4802300e-02 5.8803307e-03 5.8750776e-03 8.6023556e-03
 9.1911785e-02 8.0149677e-03 3.1733122e-03 1.8142840e+00 2.1470753e-03
 1.3250776e-02 2.3701975e-02 6.5504806e-04 1.4674831e-03 1.3727086e-02
 1.5783854e-02 4.0786400e+00 4.6452094e-04 5.0152475e-03 1.0278519e-02
 1.8074859e-02 4.5841411e-03 2.9690461e-03 5.3770652e+00 6.5248743e-02
 1.4850656e-02 5.6264931e-03 2.3382274e-02 9.9412468e-04 8.3247982e-03
 2.9951970e-03 4.9178347e-02 6.9861310e-03 4.5793727e-03 1.0462660e-02
 2.5099088e-03 3.0657320e+00 3.8461179e-02 5.7748556e-02 1.4294374e-02
 1.6540443e-03 1.0560645e-03 2.2923835e-03 1.1934588e-02 2.7388409e-03
 1.5754994e-02 9.0407291e-03 8.5817635e-02 9.4388556e-03 1.1833765e-01
 1.0707706e-02 4.4718904e+00 1.3700084e-02 1.1306665e+00 3.9243796e-03
 1.9604950e-03 4.1521359e-03 7.6538492e-03 2.0233663e-02 3.0041562e-02
 2.1932921e+00 3.4333557e-02 6.6591203e-02 1.4704103e+00 1.3406958e-02
 4.4810605e-01 7.2934721e-03 1.6731182e+00 5.8099176e-03 5.0263957e-04
 3.9436504e-02 3.1005632e-02 5.2326702e-02 2.2916351e-02 3.4384910e-02
 5.7967381e+00 5.4667946e-03 1.8603362e-02 3.3216702e-04 3.7857397e-03
 6.9222767e-03 1.7644729e-02 2.2237769e-03 2.2729915e-02 1.5896786e-02
 1.0198616e-02 1.8092267e-02 2.1570046e-02 1.7062633e-04 5.1943623e-03
 3.0624969e-03 1.0902054e-02 6.7164466e-02 4.0328833e-03 9.2897490e-03
 2.0615047e-02 2.9227743e-02 1.0925691e-02 1.8821778e-02 3.5200946e-02
 9.1179311e-02 5.2917353e-03 3.3152490e-03 2.6862454e-03 4.9555931e-02
 1.2544487e-02 7.7616788e-02 1.2716528e-02 2.3518922e-03 3.8579036e-03
 3.0766403e-02 1.8107132e+00 6.2296344e-03 4.5173192e+00 5.0086834e-02
 3.1198424e-03 4.7354866e-03 4.6687042e-03 6.8113552e-03 2.7700715e-02
 6.1508436e-02 2.3685055e-02 2.4809204e-03 1.1359229e-02 1.0249030e-02
 1.0560055e-02 3.1259414e-03 1.2619638e-02 2.5290132e-01 4.0719090e+00
 4.0413976e-02 3.8703039e-02 1.3075890e-03 1.9645998e-03 5.2809514e-02
 3.0926408e-02 2.9961018e-02 7.5561609e-03 5.9877813e-01 9.6677281e-03
 1.1438612e-02 7.1554594e-02 8.3137326e-02 1.0422763e-02 2.7810987e-03
 8.8158855e-03 1.0342925e+00 2.0019887e-03 1.0354939e-03 4.1761853e-02
 7.6920865e-03 2.4073031e-02 3.4601173e-01 1.2161811e-01 4.3431979e-02
 2.1966621e-02 1.3253789e+00 3.0773394e-03 2.2825487e-02 8.5606528e-03
 5.5589534e-02 4.1878164e-02 2.1848488e-03 9.9575482e-03 1.7828926e-02
 8.1442371e-03 3.6222024e-03 3.6736518e-02 4.9848468e-03 4.0362773e+00
 2.2913855e-02 1.1168458e-02 9.7129926e-02 1.6437557e-01 4.9480684e-02
 2.6045950e-02 4.5416620e-02 9.2560053e-04 1.0994464e-02 4.3294509e-05
 2.5468452e-03 2.4922273e-01 1.2422360e-01 6.5045379e-02 7.7953506e-03
 3.6854488e-03 7.5907707e-03 8.5740583e-03 1.1856930e-03 2.8988188e-03
 8.0412842e-04 2.2204341e-03 2.9361373e-01 1.7172190e+00 2.0951809e-02
 5.2257523e-02 1.6837439e-03 1.9020015e-02 1.3705260e-02 3.1989277e-03
 2.2401439e-02 1.8201689e-03 8.8298740e-03 1.3139806e-02 1.0109665e-01
 5.6475112e-03 5.6455769e-02 4.7613707e-01 2.6044813e-03 6.3778214e-02
 3.2111076e-03 9.8716293e-04 2.4071489e-02 3.4379121e-03 1.6015806e+00
 6.7489751e-02 2.8650893e-04 1.6001757e-02 7.3025213e-04 2.1621149e-02
 6.2513632e-01 6.5816915e-01 1.0140134e-02 4.2716414e-03 5.9294957e-01
 4.1584442e-03 1.6689768e-02 5.1029079e-02 7.6125719e-02 5.4789991e-03
 9.7242177e-02 6.7203240e-03 3.0275036e-02 2.4668837e-03 1.5791403e-03
 1.3322383e-03 3.1373344e-02 7.9453085e-03 6.9640559e-04 1.8458067e-01
 1.7978668e+00 3.4979540e-03 1.6831888e-01 1.9791117e-03 3.3580717e-03
 5.1292102e-03],-95.226685,-113.57004,-253.24242,1.1128516,2.4666433,0.53050125,0.9315933,4.2185845,-5.296176,63.990395,154.72432,5.967879,0.29976106,0.3986797,-145.75883,145.75883,[7.43537476e+02 1.03541337e-01 2.48700943e+01 2.76054249e+01
 8.54729126e+02 1.14339197e+03 1.84865379e+01 1.63438916e+00
 1.26664520e+02 1.37496510e+01 2.30341751e+02 2.34408379e+00
 8.43873657e+02 1.35013220e+03 7.56636124e+01 2.97576416e+02
 4.14045906e+00 5.18055916e+00 1.05209396e+02 2.96161270e+00
 4.41138916e+01 8.10739136e+02 6.83030605e+00 7.48236237e+01
 5.16216507e+01 1.64387856e+01 6.49551249e+00 3.32429237e+01
 3.19199514e+00 3.42486801e+01 2.29181427e+02 6.06939575e+02
 8.53018379e+00 2.45248718e+02 2.04019380e+00 7.52650528e+01
 2.40439034e+01 7.82435547e+03 1.72650089e+01 3.71507599e+02
 1.68538837e+01 1.00359418e+03 1.20739756e+01 2.92653370e+01
 4.50166664e+01 5.03079071e+02 3.95724609e+02 3.24954883e+03
 2.06707373e+03 5.10087700e+01 4.38528442e+02 6.27665558e+01
 3.68838379e+02 1.55011597e+01 2.86661346e+02 2.93887634e+01
 1.14069412e+02 2.89863062e+00 2.35314560e+02 3.08210239e+01
 9.79645020e+02 2.32271786e+01 1.15829346e+03 2.71302905e+03
 7.26165295e-01 5.45923920e+01 2.47015166e+00 1.76462460e+01
 9.32008972e+01 8.02209625e+01 4.12848949e+00 1.09670334e+02
 1.67678040e+03 1.81320610e+01 3.42245880e+02 6.80547714e-01
 3.19034958e+01 3.27782784e+01 4.61582541e-01 1.66267700e+02
 5.01263367e+02 2.05832422e+04 5.77382965e+01 3.00638218e+01
 7.30292380e-01 1.05814629e+01 3.24745026e+01 1.21269727e+03
 5.73196960e+02 6.85296478e+01 3.70079765e+01 1.02697395e+02
 9.90661049e+00 2.54519424e+01 7.01057816e+01 7.47742386e+01
 8.33843842e+01 2.14131908e+01 1.82913475e+01 9.71989632e-01
 8.79210815e+01 8.02409744e+00 8.15954494e+00 1.33433929e+02
 7.55404053e+01 3.43356598e+02 2.23686314e+00 3.37900055e+02
 2.39252991e+02 6.36050171e+02 1.71948700e+01 1.11813574e+01
 5.22275879e+02 2.72844372e+01 2.69576955e+00 1.32267395e+02
 4.65038940e+02 1.71912463e+03 2.19978008e+01 2.05069275e+01
 3.93440088e+03 3.68263245e+02 1.19865677e+02 2.14485312e+04
 2.39372087e+00 9.87616089e+02 5.13485657e+02 1.92835960e+01
 2.35287582e+02 8.03180695e+01 2.79283524e+01 3.24645019e+00
 2.77608429e+02 7.45436192e+00 7.61270218e+01 2.19151393e-01
 5.95145130e+00 1.13366568e+00 6.26653957e+00 1.12415504e+02
 1.23017487e+02 1.41651373e+01 1.02178421e+02 1.04684607e+03
 1.15908363e+02 3.83025360e+01 1.76182849e+03 3.19268932e+01
 1.94144648e+04 2.19237549e+03 1.69006812e+03 3.12101044e+02
 9.59722424e+00 5.93254433e+01 1.43094063e+00 8.61428146e+01
 5.61478394e+02 1.22913814e+00 4.27944244e+02 1.20434227e+02
 2.12452896e+02 1.04067932e+02 2.59070187e+01 6.19392853e+01
 5.84093140e+02 1.18546097e+02 1.14507385e+03 3.20974503e+01
 6.79839844e+02 5.54078445e+01 1.17971695e+02 7.63339310e+01
 8.90017700e+01 1.41738022e+02 8.52241455e+02 3.28633804e+01
 1.05721199e+02 7.91814423e+01 1.07540735e+03 4.49451050e+02
 2.92523518e+01 2.34089165e+01 2.35837158e+02 2.93923370e+02
 2.18597961e+02 3.59646072e+01 9.61587677e+01 4.04281139e+00
 8.28749695e+01 1.30305976e-01 4.94301758e+02 3.88979316e+00
 4.46283691e+02 3.52136627e+02 2.04038525e+00 3.22767715e+01
 1.05549072e+02 1.96067601e-01 3.77708168e+01 4.93628857e+03
 1.32504712e+03 1.23698303e+03 5.14749146e+00 1.66799526e+01
 1.47399780e+02 6.56016083e+01 1.01542366e+02 1.56032646e+00
 1.53805527e+02 4.69973785e+02 2.17392578e+02 5.35326538e+01
 5.90247421e+01 2.52278516e+04 6.22300148e+00 3.86127243e+01
 4.39769173e+01 1.25088348e+01 7.80119038e+00 1.84697155e-02
 9.58734741e+01 3.91058311e+01 2.79314545e+02 9.27591228e+00
 1.58739570e+04 1.99718399e+01 7.88145370e+01 2.28276768e+01
 4.25543457e+02 8.51126134e-01 1.65855670e+00 2.36027710e+03
 1.40356483e+01 3.39908234e+02 5.52894211e+01 5.21552368e+02
 3.24872101e+02 2.32052193e+01 5.82577148e+02 9.88079376e+01
 1.42732964e+01 1.22728767e+01 1.78328577e+03 1.50699280e+02
 6.58270386e+02 5.75735693e+03 8.40266418e+00 1.33194727e+03
 2.11328697e+01 3.46713486e+01 3.99429108e+02 2.88857484e+00
 7.44371719e+01 2.85484161e+01 1.20030842e+01 5.08747498e+02],799.40137,[2.97984711e+02 1.11520573e-01 5.26871824e+00 3.70724335e+01
 1.55210010e+03 3.58146802e+03 2.03334217e+01 1.30661178e+00
 1.71955856e+02 6.78446198e+00 1.95616226e+02 3.70879517e+01
 1.17771570e+03 6.65679321e+02 1.41865662e+02 2.21910629e+02
 6.52680302e+00 1.88321137e+00 5.50317116e+01 8.76155663e+00
 2.91735802e+01 7.43674755e+00 4.48233634e-01 3.96864395e+01
 1.03295341e+02 1.58214593e+00 2.58804413e+02 1.27612057e+01
 1.46599376e+00 8.56867504e+00 2.24657928e+02 7.56056763e+02
 6.71632290e-01 1.17672501e+01 6.68754730e+01 1.60747375e+01
 2.00567951e+01 7.42942871e+03 2.76079845e+01 5.04206116e+02
 2.82041860e+00 3.41898621e+02 2.95634441e+01 5.97116165e+01
 3.10854187e+02 3.57611267e+02 8.68553284e+02 2.73840942e+03
 8.89476318e+02 5.24231911e+01 2.40254425e+02 1.28183212e+02
 5.50587616e+01 3.62931824e+01 3.92673523e+02 4.89936304e+00
 5.63817596e+01 1.59233103e+01 4.44423370e+02 7.63677292e+01
 1.01129828e+03 5.34759026e+01 1.12532874e+03 2.00887183e+03
 5.48664761e+00 4.01596832e+00 1.74208088e+01 6.15701580e+00
 1.03949982e+02 3.38012085e+01 1.49094653e+00 7.22136230e+01
 4.46239319e+01 1.82647629e+01 7.31212692e+01 1.08428311e+00
 8.96183014e+00 2.96428776e+00 2.39154291e+00 1.19130783e+02
 4.54814697e+02 7.77067261e+01 5.57904968e+01 1.69439735e+01
 2.75715685e+00 8.44495964e+00 2.45416069e+01 3.78224640e+02
 1.02946594e+03 3.78306366e+02 7.59956026e+00 1.34236031e+01
 5.82943192e+01 1.31952545e+02 1.41643478e+02 4.07545242e+01
 2.26623291e+02 1.56841221e+01 8.02147198e+00 1.53155041e+01
 6.09472656e+01 2.88529491e+00 1.46127725e+00 4.65193863e+01
 9.30299454e+01 9.05053406e+01 8.55815601e+00 3.75709656e+02
 1.04723526e+02 6.25350342e+02 1.52236867e+00 1.27342272e+01
 4.71263550e+02 3.94881105e+00 3.11407948e+01 2.63201721e+02
 9.92570877e+00 1.68537109e+03 1.29191360e+01 1.03651028e+01
 2.52310645e+03 7.52125244e+02 5.87352085e+00 2.38776672e+02
 1.70599401e+00 1.14578491e+03 9.82192505e+02 2.96613121e+01
 2.49157608e+02 2.84064178e+01 2.85586433e+01 2.05722094e+00
 3.02797363e+02 1.44905770e+00 6.53761826e+01 4.96399689e+00
 4.61008358e+00 2.04769111e+00 1.24597769e+01 3.22744716e-03
 3.60910916e+00 1.20518780e+01 5.23503036e+01 1.28144727e+03
 4.32398300e+01 3.50936546e+01 2.67420135e+02 1.34291592e+01
 1.07305893e+02 3.69732935e+03 1.69118359e+03 6.64393921e+02
 7.68700027e+00 1.44654036e+01 1.53424001e+00 5.26170387e+01
 2.89448792e+02 9.12820518e-01 3.56505157e+02 3.66426056e+02
 4.77892883e+02 1.04284821e+02 1.02175797e+02 6.28670578e+01
 5.89488770e+02 2.96037788e+01 2.90883667e+03 3.76409264e+01
 6.46982239e+02 3.87305832e+01 5.44177437e+01 3.69568939e+02
 4.71887741e+01 1.04930763e+02 1.23907166e+03 3.55217056e+01
 3.59184998e+02 9.22942543e+00 1.56536304e+03 2.04451981e+01
 6.17586250e+01 3.06863451e+00 1.46068573e+02 3.28162933e+02
 7.82868481e+00 3.59964256e+01 2.63756439e+02 4.32753515e+00
 7.44121790e+00 1.13442093e-01 1.05850945e+02 7.09105492e+00
 2.00187347e+02 4.56431335e+02 1.44313555e+01 1.75139084e+01
 2.35187244e+00 2.11376286e+00 1.91824970e+01 8.24071106e+02
 8.02519165e+02 1.98529138e+03 1.62761974e+00 1.54287207e+00
 3.10837727e+01 2.11204319e+01 1.27116554e+02 2.75649090e+01
 5.84958363e+00 5.21318853e-01 2.66288086e+02 2.53411789e+01
 4.54050064e-01 2.34217344e+04 1.69656530e-01 3.45245514e+01
 3.06892700e+01 2.27114272e+00 3.76501298e+00 9.28906202e-02
 2.87593307e+01 7.69656277e+00 4.79197807e+01 2.23957986e-01
 8.11908203e+03 1.90898876e+01 1.34425030e+01 5.44832077e+01
 2.56064575e+02 1.70444876e-01 2.66616440e+00 1.00233807e+03
 6.96257210e+00 5.32083069e+02 2.05893364e+01 3.97244690e+02
 3.34178528e+02 1.27102356e+01 1.16206093e+01 1.55447474e+01
 9.94550467e-01 2.94070530e+00 1.51396216e+03 1.67903931e+02
 3.87647614e+02 5.85974707e+03 5.59519720e+00 3.09854932e+03
 2.28663969e+00 4.13564720e+01 1.04727524e+02 2.55567741e+01
 1.85351349e+02 9.25390363e-01 6.28650045e+00 1.23254749e+03],-73.696594,-154.65054,-299.46225,2.6254773,16.604715,0.5729511,0.95619017,0.015811759967803957,5719.067293643951,0.5,0.5,-0.046920137709263565,-0.0002453726850357318,-0.046872438376353395,0.0009553885604291114,35.93625694367601,37.59999999999999,0.0,349500.0,-1.0,-758.0,750.0,13.18569278717041,350000
106.77592,0.04220093,0.091473304,0.0010971784,-105.818985,105.818985,[1.86332166e-02 8.93021747e-03 1.26054510e-02 1.22913690e-02
 2.69680500e-01 6.79308223e-03 3.65424752e+00 9.73161638e-01
 1.59164667e-02 4.71195672e-03 8.69651325e-03 4.70756590e-02
 8.32554400e-02 7.92496651e-03 3.86178017e-01 2.44699605e-03
 1.02685730e-03 1.50269032e-01 4.44071554e-03 3.70852556e-03
 2.46231928e-02 5.17945830e-03 1.83476112e-03 9.59515851e-03
 1.93200596e-02 1.57857463e-02 5.46068139e-03 6.65310249e-02
 1.06239185e-01 1.94315863e+00 3.77607765e-03 4.82224766e-03
 1.99747756e-02 8.94818902e-02 2.06854083e-02 4.12885025e-02
 3.98859801e-03 6.50606235e-05 1.70287397e-02 5.05378580e+00
 2.43834574e-02 1.29005145e-02 1.57159120e-02 4.08392735e-02
 1.83119555e-03 8.94986093e-03 2.68110726e-03 1.68187678e+00
 2.45497525e-02 1.25543356e-01 3.99969099e-03 5.36254141e-03
 2.52431822e+00 3.26267987e-01 1.15454141e-02 1.21992389e-02
 5.70063014e-03 2.45251119e-01 2.56660618e-02 3.57292145e-02
 4.05545207e-03 1.82491541e-03 1.61994323e-02 3.27468514e-02
 5.01373708e-01 1.33371484e-02 1.31404921e-02 3.19546298e-03
 5.28248692e+00 2.09192820e-02 2.19273521e-03 8.61740559e-02
 7.67475180e-03 1.07339825e-02 1.62168816e-02 2.11132057e-02
 1.50454678e-02 6.82618096e-02 8.60121697e-02 5.39431870e-02
 1.36489540e-01 3.87222553e-03 7.96974264e-03 7.61137083e-02
 2.50583339e+00 3.00766397e-02 1.72667575e+00 6.38855934e+00
 4.10640799e-02 7.73915127e-02 8.85384344e-03 9.98747870e-02
 1.51363043e-02 1.15743633e-02 7.45152729e-03 8.91335979e-02
 3.69076268e-03 2.89833508e-02 1.76665485e-02 1.41506735e-03
 2.39037909e-03 1.49066737e-02 9.38756485e-03 1.25984490e-01
 9.08622384e-01 3.19903716e-02 2.35139243e-02 1.67663698e-03
 8.57906789e-03 9.74800363e-02 8.58963653e-03 8.42093024e-03
 3.04031223e-02 1.01464987e-02 7.19371950e-03 3.45130339e-02
 2.58684643e-02 4.44666110e-03 1.16796163e-03 6.81585968e-02
 2.38659065e-02 8.14952999e-02 5.71696647e-03 1.45083424e-02
 1.23189548e-02 1.09744938e-02 1.71439908e-02 2.35765968e-02
 3.03005669e-02 6.29642047e-03 1.69225093e-02 2.86076334e-03
 2.72980053e-03 2.05778837e-01 5.91801153e-03 4.12982479e-02
 1.14791682e-02 3.77596775e-03 2.31413096e-02 9.66243260e-03
 9.87802166e-03 7.08717480e-03 5.24528325e-01 4.60491106e-02
 3.32864583e-03 4.84006200e-03 9.48945526e-03 2.22128838e-01
 5.41408639e-03 2.98504438e-02 7.78397964e-03 6.90776539e+00
 1.50718093e-02 1.89595693e-03 8.92347917e-02 3.34629178e-01
 2.95571983e-02 5.58303250e-03 5.79847670e+00 5.08569121e-01
 4.36618403e-02 6.26375616e-01 4.53770459e-01 6.85297400e-02
 2.47124606e-03 1.69715047e-01 1.42668430e-02 1.78055950e-02
 1.17496233e-02 3.55104581e-02 1.06686652e+00 4.24979371e-04
 7.11909458e-02 8.63448158e-03 1.63565791e+00 1.58297624e-02
 4.87785507e-03 7.16584269e-03 1.17644910e-02 6.02625031e-03
 1.26291877e-02 2.26380602e-02 6.04288727e-02 3.72111541e-03
 6.83718873e-03 5.50526194e-03 1.49855595e-02 1.05835944e-02
 1.25182234e-02 1.37315363e-01 1.39130764e-02 8.53392854e-02
 8.18287507e-02 3.07103265e-02 3.91611969e-03 8.11336190e-03
 1.50680384e-02 1.46737620e-02 7.54591590e-03 4.33576247e-03
 1.45475194e-02 4.74833027e-02 6.89038541e-03 2.82792971e-02
 7.48375803e-03 1.21612670e-02 2.19146367e-02 1.61617119e-02
 2.34351889e-03 5.70692215e-03 2.41481233e-02 4.70997617e-02
 1.68315717e-03 3.54029611e-02 1.54535919e-01 1.16125166e-01
 2.04408377e-01 3.73652172e+00 2.66341008e-02 1.00066569e-02
 8.19928013e-03 1.83592690e-03 3.49837262e-03 2.83335354e-02
 2.72401441e-02 5.34318713e-03 1.86790138e-01 1.50075806e-02
 1.63093269e-01 2.39967346e-01 3.72709054e-03 2.40422457e-01
 1.80573948e-02 5.33988525e-04 2.95821261e-02 3.24571459e-03
 4.52185655e-03 3.65802050e-02 1.67343151e-02 5.82081871e-03
 2.65407097e-03 9.79714282e-03 2.42796019e-02 2.46272832e-01
 3.59778218e-02 4.55592759e-02 1.38208242e-02 4.88281064e-03
 3.49877179e-02 4.64684144e-03 2.77251266e-02 4.51569855e-02
 4.30966727e-03 1.16818823e-01 5.82480617e-03 5.11189401e-02],0.33507502,[1.97340455e-02 2.31766738e-02 6.90899603e-03 5.32033201e-03
 1.14764020e-01 2.11161003e-02 2.46215391e+00 5.00128460e+00
 4.06504003e-03 4.77010198e-03 1.57484375e-02 7.34246802e-03
 1.88214600e-01 2.36503556e-02 4.74247456e-01 6.04639482e-03
 8.10242351e-03 2.67631840e-02 3.27989482e-03 7.04557821e-03
 1.59456730e-02 5.44721866e-03 3.22617334e-03 1.35927424e-02
 1.10973790e-02 1.12563595e-02 9.84196179e-03 7.23940879e-02
 1.61764994e-01 1.80424178e+00 5.21817058e-03 5.46788611e-03
 2.44183093e-03 1.14288196e-01 4.55112429e-03 1.52027998e-02
 9.05667245e-03 1.50322467e-02 7.37715047e-03 8.16039944e+00
 7.53976032e-03 1.27169574e-02 7.26492181e-02 3.35700512e-02
 9.03772190e-03 8.99492763e-03 1.52680771e-02 5.05665493e+00
 1.14517827e-02 2.79179551e-02 5.42593049e-03 2.96459207e-03
 1.38033405e-01 6.31108880e-02 4.30277735e-03 8.12150538e-03
 4.26599197e-03 2.87698835e-01 8.14762525e-03 2.56064665e-02
 3.77504192e-02 2.94944271e-03 1.16156200e-02 2.21787188e-02
 9.63532776e-02 1.31522883e-02 1.00243483e-02 2.15725861e-02
 8.82009411e+00 3.69414277e-02 1.03295967e-02 9.53225046e-02
 1.68363601e-02 5.09244064e-03 6.05420582e-03 8.67434964e-03
 5.02567925e-03 4.48140278e-02 1.40920997e-01 4.87984680e-02
 7.31994957e-02 4.36956435e-03 2.19164249e-02 7.33076259e-02
 7.21445680e-01 3.11639253e-02 5.17386198e-01 9.24260318e-01
 5.72613180e-02 6.92105949e-01 7.96043407e-03 4.28430513e-02
 3.30609791e-02 4.28192690e-03 5.73065318e-03 4.50280234e-02
 1.15651661e-03 3.64030078e-02 1.55469570e-02 6.93286769e-03
 6.30756235e-03 7.79763842e-03 1.12730963e-02 1.41531900e-01
 5.67812204e-01 3.15231830e-02 1.09453965e-02 5.78431878e-03
 1.92322265e-02 1.82022333e-01 6.52141217e-03 1.41772181e-02
 3.34036015e-02 7.57767446e-03 5.31655457e-03 1.35522544e-01
 2.78199278e-02 9.48214531e-03 2.92044017e-03 6.85406402e-02
 6.54490013e-03 5.81760705e-02 2.04920513e-03 1.48164649e-02
 9.12485737e-03 2.61604395e-02 1.40142115e-02 1.94627587e-02
 3.88865359e-02 5.57679310e-03 2.02398766e-02 4.74055186e-02
 5.17099351e-03 2.76102990e-01 3.07145645e-03 7.64331147e-02
 3.29120271e-02 2.69341934e-03 7.07623512e-02 1.62642486e-02
 5.49018756e-03 6.42727613e-02 3.72753084e-01 5.32426015e-02
 2.39967182e-03 2.17172946e-03 7.91531242e-03 3.21418680e-02
 7.33241253e-03 2.77284309e-02 6.58545550e-03 4.00704056e-01
 8.25684983e-03 2.66934820e-02 6.51868582e-02 5.78384548e-02
 3.68830487e-02 2.14465912e-02 3.95006466e+00 3.79883170e-01
 8.86134952e-02 8.52256179e-01 7.45723307e-01 4.53638732e-02
 1.27227581e-03 8.68944079e-02 2.58003222e-03 1.89978704e-02
 1.25489933e-02 2.60657612e-02 1.31887209e+00 2.22714734e-05
 6.15407974e-02 8.08876846e-03 9.67222571e-01 9.82151460e-03
 4.65127174e-03 6.08346006e-03 2.17715576e-02 8.79769586e-03
 5.48256375e-03 3.57111059e-02 1.05895318e-01 3.90403494e-02
 4.04544361e-03 9.97940451e-03 1.51163209e-02 1.18679386e-02
 4.60178368e-02 1.68354601e-01 9.96597111e-03 3.82536114e-03
 8.52232892e-03 2.77520008e-02 5.88227063e-03 1.79607123e-02
 2.46769711e-02 2.05946155e-02 1.12791499e-02 8.25655740e-03
 9.15529300e-03 3.12665896e-03 6.40392210e-03 2.74226144e-02
 1.12535339e-02 8.04367475e-03 2.70233639e-02 8.16877186e-02
 5.57798520e-03 3.52866389e-03 1.09523032e-02 1.64546855e-02
 3.43870968e-02 3.00925840e-02 4.12942208e-02 1.65351853e-02
 2.12198958e-01 6.99556637e+00 1.96514707e-02 9.21314768e-03
 4.75020101e-03 4.54802625e-03 1.62396696e-03 2.40647215e-02
 2.99303941e-02 1.33223878e-02 7.03252405e-02 1.25972563e-02
 1.20849386e-01 6.80919737e-03 5.27919969e-03 2.69618481e-01
 6.90451562e-02 1.84795558e-02 1.98318213e-02 1.71070732e-03
 1.79144926e-02 1.05778640e-02 2.47874931e-02 9.02974140e-03
 7.97981862e-03 6.54928386e-03 7.00221909e-03 2.48810306e-01
 1.74751356e-02 1.55494735e-02 2.55730003e-03 5.31848008e-03
 1.18675148e-02 6.46320870e-03 4.94397879e-02 2.40400024e-02
 1.96821503e-02 2.37982005e-01 2.67832689e-02 1.67181417e-02],-95.591095,-111.74576,-313.20667,1.0994912,2.5916615,1.006455,0.93125844,3.3035817,-6.1640496,54.09443,147.5046,6.6687593,0.32822448,0.44599745,-137.55359,137.55359,[4.22491035e+01 1.12604237e+01 3.57298813e+01 1.20105759e+02
 6.88974228e+01 1.16657791e+01 2.64486755e+02 2.13867188e+01
 2.92342453e+01 2.06846390e+02 1.56763489e+02 1.38275347e+01
 1.28769553e+00 4.08744507e+02 2.53215503e+03 3.31290436e+01
 3.32648849e+01 2.61936111e+01 5.51511154e+01 1.32010269e+02
 1.67581680e+02 1.62370129e+01 1.07618195e+02 9.02373962e+01
 6.28769159e+00 3.53862610e+02 1.54643884e+03 1.04552650e+01
 6.57997274e+00 2.51128826e+01 3.51235626e+02 9.79244518e+00
 1.77554657e+02 2.55515385e+00 2.16563587e+01 1.96639050e+03
 3.19372864e+02 3.18411884e+01 3.36526346e+00 4.35782051e+00
 3.06506683e+02 3.41350098e+02 4.61583328e+01 9.18830261e+02
 7.15240097e+00 9.33090782e+00 2.10507495e+03 5.49348633e+02
 5.28775978e+01 2.19641647e+01 7.14685249e+00 3.88165703e+01
 5.52767487e+01 1.25602989e+01 3.49286308e+01 6.89770752e+02
 2.51040100e+02 3.09774857e+01 5.57262688e+01 1.62938202e+02
 1.62523840e+03 6.02532923e-01 2.52792334e+03 1.70401886e+02
 1.88390881e+03 7.05067139e+01 3.53013992e+00 4.14816055e+01
 3.09205627e+01 5.31516113e+01 1.52897339e+01 1.06423218e+02
 2.25950012e+02 2.27962860e+02 1.95780315e+01 1.82884178e+01
 6.12151413e+01 1.73835354e+01 8.77693634e+01 2.21332422e+03
 2.93593335e+03 8.26869354e+01 8.78977539e+02 8.68739486e-01
 9.48150253e+00 1.90527000e+01 1.89589958e+01 1.01120449e+04
 3.30508690e+01 3.66827490e+03 3.68309426e+00 3.81135635e+01
 1.61859436e+01 5.48319550e+01 2.50849361e+01 6.65010986e+01
 7.35514099e+02 1.26667233e+01 1.19712794e+00 1.14812836e-01
 6.74463043e+01 2.27744913e+00 1.48257849e+03 7.44291016e+02
 6.87758179e+02 1.18991341e+02 2.00210190e+01 4.32810425e+02
 4.28533287e+01 4.79710144e+02 2.73624468e+00 4.13612442e+01
 1.00149948e+02 1.27718896e+03 2.57367767e+02 1.60429657e+02
 2.79175644e+01 4.99355988e+02 5.12903519e+01 7.09266129e+01
 4.67724180e+00 1.11918945e+02 1.30009631e+03 1.11306984e+02
 1.12399089e+00 6.83920574e+00 4.36082367e+02 1.51549304e+03
 1.11036621e+02 6.79665279e+00 5.23784409e+01 5.69474640e+01
 2.00447388e+03 4.29950348e+02 2.11550217e+01 1.14583807e+01
 3.05158301e+03 7.85088348e+01 3.14465156e+04 5.09541699e+03
 5.91128464e+01 9.06375351e+01 1.91581554e+01 4.31237488e+01
 2.64417953e+01 3.12122035e+00 1.66540730e+00 1.57874609e+03
 4.87015390e+00 4.38979197e+00 3.40734161e+02 3.64060473e+00
 2.36892090e+01 8.96458149e+00 1.37178772e+02 3.12211884e+02
 2.92423992e+01 3.35376205e+01 1.02864258e+03 2.42177830e+01
 8.10233355e-01 5.31686630e+01 7.06687500e+02 1.82166621e-01
 6.71142101e+00 8.04198456e+01 2.20602710e+03 5.02129707e+01
 2.65691662e+01 4.98303101e+02 1.15813541e+01 2.77243352e+00
 2.83069687e+01 6.39713211e+01 1.58611511e+02 2.82448316e+00
 2.04648911e+02 4.93569851e-01 1.02265924e+03 1.87834583e+03
 1.44821396e+01 3.98037620e-02 8.91562891e+03 3.01231003e+01
 1.80804138e+01 2.77537402e+03 1.03374901e+02 6.30508518e+00
 4.17204407e+02 1.65309203e+00 1.28489819e+03 3.45920142e+03
 4.53987061e+02 3.40716644e+02 6.21869629e+02 2.12120304e+01
 3.23583832e+01 9.55929688e+02 1.19121895e+01 6.95330381e+00
 3.27080475e+02 1.06197701e+02 2.55536003e+01 2.51846333e+01
 1.01088152e+01 1.79141571e+02 1.24581963e+02 3.72646370e+01
 1.13601084e+01 7.74663448e+00 1.34040063e+03 7.67831707e+00
 6.07930613e+00 9.15392188e+03 2.67198696e+01 5.61239014e+02
 2.45430946e+01 2.60937897e+02 5.56136780e+01 5.46493912e+01
 3.74225068e+00 3.15148010e+02 6.23757629e+01 2.29423730e+03
 1.22377033e+01 6.18574280e+02 2.21374512e+00 3.83868446e+01
 2.49343824e+00 5.43496033e+02 3.06464905e+02 1.42603660e+00
 5.03261658e+02 5.80897900e+03 1.06896294e+02 2.89354891e-01
 1.38116791e+02 1.45502380e+02 1.67563305e+01 8.74353409e+00
 1.48324919e+01 2.36134109e+01 2.58707092e+02 1.14122083e+03
 1.47520813e+02 4.15646362e+02 1.96983528e+01 1.61155167e+02
 3.20747253e+02 8.83472519e+01 4.95415115e+01 9.98607159e+00
 1.00767197e+02 3.34829597e+01 1.33695421e+01 7.13886536e+02],715.0166,[3.22945061e+01 1.73264837e+00 9.53888474e+01 1.71439285e+01
 1.77690750e+02 1.16272745e+01 7.71656799e+01 3.42469525e+00
 7.07441330e+00 5.87260017e+01 4.42697105e+01 1.23623322e+02
 2.68264084e+01 5.35863525e+02 6.95161804e+02 4.99986362e+00
 4.74821270e-01 2.12578773e+01 2.74548855e+01 1.58910660e+02
 2.21496170e+02 6.87776995e+00 2.23671761e+01 5.87946243e+01
 1.63079119e+00 1.18510559e+02 2.28065454e+03 4.48229343e-01
 1.59005461e+01 2.94897766e+02 8.26423950e+02 9.17340875e-01
 1.79355789e+02 3.41165543e-01 1.15628166e+02 3.01068359e+03
 6.95434937e+02 4.51014786e+01 1.00095959e+01 2.01997337e+01
 4.68405380e+01 4.26194580e+02 2.25103664e+01 3.66828003e+02
 8.42482567e+00 1.63603401e+00 9.07220032e+02 2.86657837e+02
 2.28872185e+01 5.57853508e+00 1.39769542e+00 1.48810415e+01
 1.13656912e+01 1.03210039e+01 5.70652237e+01 1.60032544e+03
 1.82723267e+02 1.78197765e+00 3.45720901e+01 9.92099304e+01
 1.44880481e+03 3.54475174e+01 8.19526367e+02 7.05377483e+00
 1.72529016e+03 1.00215302e+01 2.71963000e+00 5.49135056e+01
 3.68133736e+01 2.15478867e+02 6.66599512e+00 1.14893341e+02
 1.61937561e+02 1.74907104e+02 1.44222736e+01 1.25047970e+00
 5.95520592e+01 1.47819550e+02 6.34488678e+00 2.69698730e+03
 3.95118457e+03 1.07010107e+01 1.14288464e+03 1.02526617e+00
 1.34737813e+00 7.09786844e+00 1.45573223e+00 5.51270605e+03
 2.15883732e+01 4.31640234e+03 1.10422106e+01 2.11812248e+01
 5.32598114e+00 6.31015730e+00 9.25096750e-01 1.35161791e+01
 6.70513611e+02 1.77714980e+00 1.28422296e+00 1.27173990e-01
 7.38550568e+01 1.53630562e+01 2.98829590e+03 7.37277771e+02
 1.19278717e+02 3.73052330e+01 2.16741394e+02 1.12071442e+02
 9.06298256e+00 3.32477646e+01 4.20802236e-01 2.42419300e+01
 1.25858484e+03 3.62051611e+03 1.62346326e+03 2.27354691e+02
 2.87731588e-01 3.90628784e+02 1.50721970e+02 2.19159842e+00
 1.29040918e+01 2.08510040e+02 1.91306018e+03 7.90932007e+01
 2.95276356e+01 4.27148193e-01 3.01124725e+02 3.18109351e+03
 1.08487961e+02 1.39391518e+00 1.53162109e+02 3.29457283e+00
 1.88541675e+03 1.42476624e+02 2.87569466e+01 1.19772041e+00
 2.02967932e+03 6.51094894e+01 8.34415531e+00 1.26313562e+03
 5.59126043e+00 4.42258530e+01 4.34031296e+01 4.83709869e+01
 2.87819195e+00 4.84610176e+01 1.66596279e+01 7.15320496e+02
 6.62268524e+01 3.48349810e+00 6.24046898e+01 4.13712387e+01
 8.35933533e+01 3.15283227e+00 6.49029398e+00 3.19165497e+02
 4.42916203e+00 4.24398346e+01 1.62713623e+03 1.07399185e+02
 5.80421090e-01 3.99438171e+01 8.39424255e+02 1.25268373e+01
 2.60767412e+00 2.06427803e+01 1.52999153e+01 1.04212532e+01
 1.45187119e+02 1.49265030e+02 1.55330687e+01 2.05335598e+01
 5.48615837e+01 1.05663862e+01 9.14273682e+01 1.22635937e+01
 8.17607574e+01 5.28124392e-01 3.23146509e+03 2.05508179e+03
 4.59281158e+00 3.16129774e-02 4.55309180e+03 3.43086052e+01
 3.53338814e+01 1.02231494e+03 4.35001068e+01 8.37807846e+00
 1.73304077e+02 2.28978386e+01 6.15056763e+02 5.93957275e+02
 6.00461914e+02 2.10760300e+02 5.36793945e+03 1.14556961e+02
 1.18274393e+01 1.70945694e+02 1.67006130e+01 1.77358818e+00
 7.54428345e+02 1.27934311e+02 4.62390404e+01 4.33526710e-02
 5.12068844e+00 1.34858885e+01 2.43987198e+02 2.81703072e+01
 5.29579210e+00 5.30704689e+00 1.04112292e+03 1.86621628e+01
 1.49341369e+00 4.51996484e+03 3.53646445e+00 1.37946457e+02
 5.40235748e+01 1.10974174e+02 1.23215399e+01 3.65531464e+01
 2.63217754e+01 8.19402893e+02 3.02892399e+00 1.84959399e+03
 3.16416383e+00 2.04884949e+02 9.65241814e+00 6.83208132e+00
 2.54534702e+01 1.05702850e+02 1.25070353e+01 3.14680786e+01
 5.39613281e+02 9.67439648e+03 2.09879570e+01 1.89174950e-01
 6.12475708e+02 4.01133156e+01 3.59375596e+00 8.94475281e-01
 4.80244980e+01 5.42414703e+01 2.35272018e+02 2.24858057e+03
 1.70642029e+02 2.81842003e+01 9.80848122e+00 2.26107715e+03
 1.20471924e+02 5.03573151e+01 1.13817084e+00 3.15934134e+00
 9.70646439e+01 4.05930185e+00 1.26895165e+00 7.07927551e+02],-67.249084,-144.77243,-299.7691,2.402289,30.270107,0.9903842,0.954062,0.017617760391235353,6159.511333227158,0.5,0.5,-0.060326746838368264,-0.0064729274771498264,-0.060341697672108445,-0.003531883842461023,35.95748986220166,37.59999999999999,0.0,375000.0,-1.0,-774.0,750.0,13.609147787094116,375000
103.42089,0.03289753,0.047208186,0.0012545519,-102.91591,102.91591,[1.96465850e-02 8.87400389e-01 7.36939837e-05 5.39927557e-03
 9.38592304e-04 3.44454087e-02 8.43185990e-04 5.04195131e-02
 1.74843287e-03 7.41930818e-03 2.52065416e-02 6.62099384e-03
 4.64745099e-04 2.85053104e-02 1.03726061e-02 6.08988991e-03
 1.38118239e-02 5.24394866e-03 1.92732859e+00 3.00245639e-03
 2.48566885e-02 5.58649376e-03 8.50320701e-03 1.56680271e-02
 3.42368265e-03 5.77656269e+00 2.21113022e-03 9.89284599e-05
 5.26773836e-03 6.60990238e+00 3.47726941e-02 1.60791911e-02
 3.41051854e-02 2.58477230e-04 5.29203936e-02 9.04594827e-03
 2.23830459e-03 4.49975533e-03 6.19483516e-02 2.57468736e-03
 2.51040131e-01 1.69654898e-02 1.33610945e-02 1.61007829e-02
 1.02506861e-01 4.89761271e-02 5.73336903e-04 3.78031121e-03
 9.42637585e-03 1.29089812e-02 8.58746748e-03 1.34630427e-02
 8.60105008e-02 6.36438746e-03 1.09943305e-03 5.51224686e-03
 8.42975732e-03 1.16343889e-02 7.51901465e-03 4.84982086e-03
 2.23574564e-02 2.82589197e-02 1.92972049e-01 9.17404541e-05
 1.81426144e+00 6.08715788e-03 1.72998887e-02 3.85145238e-03
 4.02319990e-02 5.27659990e-03 4.42680925e-01 6.79080933e-02
 2.47121584e-02 2.13080756e-02 1.76900811e-02 1.61240771e-02
 1.15963928e-02 1.01305358e-02 2.46333766e+00 1.80035760e-03
 4.70863469e-03 1.32577298e-02 1.39468778e-02 3.07013169e-02
 4.42924351e-02 2.94316490e-03 2.62857620e-02 7.43375625e-03
 1.12416029e+00 1.07983651e-03 9.36219294e-04 5.51598608e-01
 5.60125010e-03 4.01082123e-03 1.70294791e-02 3.06326337e-03
 1.13040209e-02 3.26341775e-04 2.17072410e-03 1.65136680e-02
 2.40956247e-01 1.73417777e-02 2.35234573e-03 1.62431621e-03
 1.62047916e-03 1.37376441e-02 1.70282107e-02 5.27342688e-03
 5.46568260e-02 1.48474313e-02 9.12146419e-02 3.41108814e-03
 2.62232556e-04 2.32334454e-02 2.77945213e-03 3.75839496e+00
 7.78698502e-03 1.87561801e-03 7.87837896e-03 1.56492405e-02
 1.82462335e-02 3.23623233e-03 2.69054741e-01 6.10206835e-03
 9.94216092e-03 6.84110355e-03 2.33248639e+00 2.39001536e+00
 3.27065634e-03 3.39420475e-02 2.38961913e-03 7.20795360e-04
 2.36027781e-03 3.18687260e-02 3.35321724e-02 7.99213827e-04
 4.41984013e-02 5.95697784e-04 5.48977405e-03 7.65620312e-03
 1.96598507e-02 1.50416521e-02 3.65574431e+00 4.12857626e-03
 1.74270198e-02 2.40351427e-02 5.31790918e-03 5.89218922e-03
 3.12034786e-01 1.60653901e-04 6.09955750e-02 1.19279530e-02
 8.20908099e-02 1.55102964e-02 2.32432522e-02 1.01472187e+00
 6.43796381e-03 2.65011117e-02 2.93406677e-02 3.34526226e-03
 1.19409896e-03 3.69878076e-02 1.53364311e-03 1.15335360e-02
 1.98824834e-02 1.83923845e-03 3.44636552e-02 3.25552444e-03
 1.96323022e-02 1.26753300e-02 4.60276380e-03 1.24078784e-02
 1.93999172e-03 4.13218290e-02 8.13958352e-04 1.30448891e-02
 7.84123689e-03 4.47966345e-03 9.61497426e-05 3.36927250e-02
 1.55527815e-02 3.27035785e-02 7.10928533e-03 3.42580676e-03
 2.50066747e-03 9.80094299e-02 8.49188212e-03 3.32987261e+00
 2.87871398e-02 1.09217316e-02 9.95875243e-03 7.14873429e-03
 9.76421963e-03 1.70743906e+00 1.77236758e-02 9.92153138e-02
 6.87433541e-01 4.91994880e-02 2.25398973e-01 7.85739374e+00
 1.63749349e-03 5.41205751e-03 3.27367848e-03 9.38719094e-01
 1.06499121e-02 1.02984272e-02 5.47358766e-02 3.99804767e-03
 7.28984550e-03 3.03146942e-03 8.12467933e-03 2.80337781e-03
 5.40802861e-03 8.79888423e-03 1.09036397e-02 5.07813208e-02
 3.18215287e-04 1.30480248e-03 1.12758344e-02 1.23632420e-02
 5.32796327e-03 1.38518929e+00 3.15897586e-03 1.23896431e-02
 4.08199150e-03 1.14952326e-02 2.40537291e-03 4.02206206e-05
 5.26794884e-03 1.14078097e-01 6.66818162e-03 1.69769116e-03
 3.76221575e-02 5.67676558e-04 4.67212349e-02 9.63524822e-03
 5.76946943e-04 3.04017286e-03 9.25530940e-02 2.46835826e-03
 1.61652546e-03 3.40785948e-04 1.33658576e+00 3.23420251e-03
 5.32396650e-03 1.20355129e+00 3.62064652e-02 2.39804350e-02
 1.84137952e-02 2.21708184e-03 3.18553438e-03 4.42037405e-03
 2.86814421e-01 7.99053550e-01 3.42697166e-02 1.58699846e+00],0.4253093,[5.64259524e-03 1.05125570e+01 5.28720673e-03 3.16695427e-04
 2.16953550e-03 2.60958970e-02 3.84757016e-03 4.32102233e-02
 8.82288534e-03 1.26592368e-02 3.19717750e-02 2.92589515e-03
 3.35018267e-04 9.04430635e-05 3.91862169e-03 1.68322073e-03
 1.40077528e-02 4.94431797e-03 7.58945823e-01 1.35170240e-02
 1.81435104e-02 1.14956982e-02 3.18422099e-04 1.27292974e-02
 4.43560304e-04 2.59382706e+01 6.67382265e-04 7.73722597e-04
 6.09809346e-03 6.46433830e-01 9.43161082e-03 1.45979342e-03
 2.11203587e-03 1.02655322e-04 3.86792570e-02 4.36442606e-02
 7.52763823e-03 3.06082983e-03 1.42900655e-02 2.40262272e-03
 1.73444235e+00 2.54836516e-03 7.38964416e-04 2.40364335e-02
 5.74780591e-02 6.42678291e-02 7.24096363e-03 3.41919973e-03
 6.99729100e-03 1.25802448e-03 6.48076087e-03 1.53459795e-02
 4.86394716e-03 6.03676261e-03 1.77898374e-03 4.80886176e-03
 8.04748200e-03 7.48508330e-03 9.46833938e-03 1.02546532e-02
 3.56345112e-03 4.00864938e-03 1.41601831e-01 1.40666170e-03
 1.55648971e+00 2.02226662e-03 1.32558458e-02 1.57565363e-02
 6.78643584e-02 1.10559873e-02 6.86888993e-02 7.43364217e-04
 6.13845373e-03 7.10343104e-03 5.07881679e-03 1.00683477e-02
 2.27151364e-02 2.30211802e-02 6.79226494e+00 1.29450602e-03
 6.34275493e-04 1.78036559e-03 6.21034112e-03 3.39934118e-02
 4.54862826e-02 2.62331730e-03 2.06206460e-04 5.22341207e-03
 2.37359786e+00 1.39704207e-03 3.06158373e-03 4.81195003e-02
 2.40092911e-03 4.02432401e-03 9.50337127e-02 2.86557199e-03
 1.30317407e-04 3.99442215e-04 1.33240339e-03 1.10568777e-02
 1.74590200e-01 2.27211025e-02 3.45287658e-03 1.67198945e-03
 1.27387699e-03 5.06907515e-02 1.09897731e-02 5.38637489e-03
 3.46001014e-02 1.39053380e-02 2.46914960e-02 3.72620439e-03
 9.88402497e-03 4.91413102e-03 2.92787235e-03 5.03385723e-01
 4.33492055e-03 1.11045281e-03 3.89302596e-02 1.08956499e-02
 1.68500040e-02 3.62117146e-03 1.70661435e-02 8.61290470e-03
 1.00852817e-01 2.41860300e-02 5.53458989e-01 3.14770103e-01
 5.26440563e-04 1.09779136e-02 2.58480851e-03 8.40747089e-04
 1.47496630e-03 1.43299391e-02 1.36814807e-02 6.01096195e-04
 4.21926826e-02 2.48955609e-03 1.62563240e-03 5.65738464e-03
 1.88240148e-02 1.25560993e-02 4.37836838e+00 1.69824075e-03
 5.97815914e-03 1.64619721e-02 5.16789779e-03 4.00621118e-03
 1.83157995e-01 3.76128883e-04 1.19160656e-02 1.10979406e-02
 1.12587430e-01 8.83231871e-03 4.91255708e-03 5.77285402e-02
 6.95347367e-03 9.15136337e-02 2.17136256e-02 1.66756811e-03
 8.59331456e-04 5.56596071e-02 1.73657457e-03 4.64186165e-03
 3.48113701e-02 1.78225152e-03 4.25230004e-02 2.87809805e-03
 5.01156319e-05 4.44108620e-03 1.90837402e-03 1.52684869e-02
 1.44109654e-03 4.46405113e-02 1.06289545e-02 9.41121764e-03
 4.42369469e-03 3.14594898e-03 2.31304322e-04 2.30060667e-02
 2.74067819e-02 2.33258326e-02 6.00108504e-03 1.73717365e-03
 9.00732819e-03 4.51609045e-02 3.18823233e-02 2.06657648e-01
 1.45553164e-02 9.48021747e-03 8.27098917e-03 1.82117876e-02
 1.08124278e-02 6.44389486e+00 1.84782245e-03 2.87417918e-02
 1.89679757e-01 2.18125321e-02 1.28602195e+00 1.11987591e+01
 1.05966125e-02 3.00000678e-03 2.16358015e-03 3.41977507e-01
 1.40923262e-03 8.10202956e-03 2.45801173e-02 3.89432311e-02
 1.71847865e-02 3.20320250e-03 3.08851246e-02 2.79588462e-03
 1.12620601e-03 1.84588227e-02 1.75781571e-03 1.14715435e-02
 1.48719701e-04 1.16576161e-03 1.35135716e-02 5.74248517e-03
 3.23944772e-03 4.52583909e-01 3.10885301e-03 1.38383899e-02
 3.86211299e-03 7.83658400e-03 2.08665477e-03 3.54854448e-04
 9.97533929e-03 4.11548242e-02 1.63126383e-02 1.64458179e-03
 1.64466891e-02 7.24587706e-04 2.69702468e-02 1.03366496e-02
 5.17864246e-04 2.23996751e-02 2.25197926e-01 3.27818119e-03
 3.12347040e-02 8.24076775e-03 6.74345791e-01 8.07719887e-04
 1.98062044e-03 2.24377871e+00 4.24755849e-02 2.01548003e-02
 1.20266244e-01 2.86377920e-03 2.18157144e-03 3.32293147e-03
 7.44145140e-02 1.53393019e-02 1.35305766e-02 1.02387071e+00],-96.57201,-106.87413,-243.26082,1.1141374,5.6947117,0.7600169,0.93124324,4.6486473,-11.971332,69.957535,148.22052,7.221901,0.33898553,0.44343653,-137.60876,137.60876,[4.35455856e+01 4.98723755e+01 2.70110874e+01 3.05490189e+01
 3.99205127e+03 3.14082794e+01 2.68864975e+01 3.94107552e+01
 2.21574631e+02 2.97087631e+01 1.30509434e+01 3.08469601e+01
 1.45441650e+03 1.82618570e+00 4.63094678e+03 1.73926659e+01
 8.48180847e+01 7.90891647e+01 6.43534546e+02 3.57083740e+01
 5.99049997e+00 3.33370331e+02 4.80426453e+02 2.71486053e+01
 2.91031494e+02 9.64342270e+01 1.70170746e+02 2.52592964e+01
 2.69293549e+02 3.33383675e+01 1.90737650e-01 3.00540962e+01
 1.13701065e+02 4.49275970e+01 3.92945747e+01 2.13913452e+02
 2.73879736e+03 3.51750827e+00 7.75566016e+03 4.57371765e+02
 4.86218628e+02 3.89142036e+00 2.72766382e+03 1.52074805e+03
 2.56181087e+01 2.35137650e+02 1.72295371e+04 4.29949074e+01
 1.09059235e+02 9.45064163e+01 6.43362000e+02 2.03357086e+02
 1.10349716e+02 3.69122887e+01 2.18579071e+02 3.94503832e+00
 2.08916172e+04 5.96779480e+01 1.31673141e+02 5.53510315e+02
 1.45345478e+01 7.86134100e+00 3.10004730e+02 4.57461700e+02
 6.62303101e+02 3.36319327e+00 2.63157063e+01 5.99479790e+01
 1.33971756e+02 8.62474346e+00 2.16664673e+03 2.33637352e+01
 5.07884750e+01 5.96653748e+01 5.98777405e+02 3.02681396e+03
 1.60156136e+01 1.85140686e+01 2.79585022e+02 3.77572899e+01
 1.13905315e+01 4.53352451e+00 6.81194946e+02 4.24206619e+01
 1.33265289e+02 7.42393945e+03 3.09532135e+02 2.30015030e+01
 2.16215836e+02 6.86637573e+01 4.95604668e+01 2.85083199e+00
 5.18349724e+01 4.76585498e+03 7.04604187e+01 1.05191391e+02
 2.16312733e+01 2.64719725e+00 8.08143806e+00 1.02676331e+02
 1.40126685e+03 1.55903606e+01 2.42837433e+02 7.61344360e+02
 3.60183325e+03 1.77785244e+01 4.23343468e+00 2.82449036e+02
 4.96173172e+01 2.63414021e+01 1.55911293e+01 2.78195419e+01
 1.47214947e+01 3.00118835e+02 1.47009979e+02 9.50612946e+01
 4.49901962e+01 6.60772400e+01 2.92728729e+01 4.57100754e+01
 1.57734690e+01 3.42274231e+02 8.36776257e+00 2.97942142e+01
 1.80464005e+02 5.36223888e-01 1.07210941e+01 2.09469643e+01
 1.63795422e+03 3.72571220e+01 5.83579041e+02 1.82212860e+02
 4.25130005e+01 9.65058899e+01 9.81591034e+00 8.51200781e+03
 2.48675537e+02 3.38148093e+00 1.29612088e-01 1.44356146e-01
 7.78752100e+03 2.52925644e+01 4.48029518e+01 8.27173706e+02
 3.08759644e+02 3.18584351e+02 5.51249316e+03 7.17422180e+01
 1.80963776e+02 9.18991943e+02 2.77375342e+03 6.18706322e+00
 5.27989006e+01 4.82769072e-01 1.60363808e+01 2.35586090e+01
 1.32887621e+01 1.83572021e+02 1.35481987e+01 5.72806239e-01
 1.53676587e+03 1.47597659e+00 2.60807724e+01 8.50790024e+01
 1.60194645e+01 1.73041191e+01 1.89081898e+01 2.70034003e+00
 4.91189537e+01 4.06741810e+00 3.17039871e+01 5.31031738e+02
 7.67827988e+00 4.76890039e+03 1.10860062e+01 5.87465759e+02
 1.82345867e+01 6.77533264e+01 3.40844116e+01 1.75464127e+02
 5.23972473e+01 6.40428955e+02 7.20980682e+01 6.46640625e+01
 6.62934799e+01 4.27192535e+01 1.11405487e+01 2.68768280e+02
 8.64621639e+00 2.15869431e+02 7.88731337e+00 2.90539970e+01
 5.42608414e+01 2.12286597e+03 7.51541281e+00 1.78151398e+02
 1.79024109e+02 6.82231331e+00 8.80026016e+01 5.80757599e+01
 2.18201828e+00 5.13056793e+01 3.19081152e+03 1.44208241e+01
 8.38736938e+02 8.11563187e+01 1.30831262e+03 4.56317368e+01
 8.55794220e+01 2.37448654e+01 1.11984543e+02 4.86351395e+01
 6.49021759e+01 3.28852043e+01 2.21373596e+02 2.37356226e+03
 5.99644709e+00 2.80274585e+03 6.76318817e+01 2.55386314e+01
 5.22040039e+02 2.68295422e+01 6.66536331e+01 2.41667647e-02
 1.95527176e+02 1.05231682e+02 5.99323730e+01 2.84036963e+03
 4.99412109e+02 1.17411877e+03 6.39046936e+02 7.61560059e+02
 3.83568176e+02 1.52336349e+01 2.59115791e+01 1.56194946e+02
 2.24473476e+01 1.57020540e+01 4.17714500e+01 3.11022461e+03
 1.55231461e+02 4.26779699e+00 3.55712967e+01 1.81223893e+00
 1.48273300e+02 3.33065872e+01 3.49079681e+02 3.88899460e+01
 6.55391159e+01 1.02989624e+02 1.57173309e+01 9.74276447e+00
 1.95857773e+02 3.22685509e+01 4.55634796e+02 1.21153183e+02],811.5915,[3.87969818e+01 8.44391727e+00 5.75286388e+00 5.97693175e-02
 5.22757568e+03 1.18668814e+01 4.86080208e+01 1.17381868e+01
 2.01373199e+02 5.86366653e+00 2.94713936e+01 5.54267979e+00
 7.97795471e+02 3.43037224e+00 6.29285693e+03 2.99655571e+01
 3.06647720e+01 1.65224792e+02 3.38329376e+02 2.43908501e+00
 9.03859735e-01 7.57893467e+00 7.93062500e+02 1.00636398e+02
 4.73158386e+02 2.12755783e+02 1.23360825e+02 1.83922138e+01
 4.94618622e+02 1.38180618e+01 2.02607155e-01 9.95724678e+00
 1.67128086e+01 1.15739117e+01 1.36042109e+01 2.85045593e+02
 1.43856055e+03 3.07036281e+00 2.70788788e+02 8.96046875e+02
 3.63799469e+02 6.15054703e+00 2.76858887e+02 1.38964551e+03
 5.87943077e+00 4.78016992e+03 7.00864600e+03 1.05418159e+02
 1.84574280e+01 4.04862633e+01 1.92710629e+01 1.53787811e+02
 8.70393524e+01 9.39506245e+00 4.05036896e+02 1.09783077e+01
 2.55024961e+04 2.07187366e+01 8.18282928e+01 5.57324707e+02
 3.97389829e-01 2.14342523e+00 6.55629425e+01 2.47494293e+02
 6.23940430e+01 1.00279884e+01 8.36392701e-01 3.08885136e+01
 5.24595594e+00 4.86473083e+00 1.82742224e+03 6.62630939e+00
 1.24875469e+01 1.95224030e+02 7.92977356e+02 1.41230798e+03
 1.32954895e+00 1.60126877e+01 1.92865280e+02 8.55967617e+00
 8.34598951e-03 6.95075893e+00 6.67701006e+00 1.37308512e+01
 6.34877205e+00 3.55563599e+03 2.08999451e+02 1.07816133e+01
 3.23002563e+02 2.08052788e+01 4.12491943e+02 9.37708950e+00
 1.67241135e+01 6.60760254e+03 8.37602425e+00 3.76681030e+02
 1.61861145e+00 2.88848901e+00 2.68677759e+00 8.18825989e+01
 2.52821631e+03 1.94573987e+00 1.02273811e+02 1.16715965e+02
 1.10079114e+03 1.09864721e+01 5.68253934e-01 3.14333374e+02
 2.25002960e+02 1.36546822e+01 9.74932327e+01 1.05895538e+01
 2.29771137e+01 1.91735687e+02 6.64087830e+01 3.29090004e+01
 7.81108379e+00 3.93155003e+00 1.04135968e-01 2.60950089e+00
 1.24231590e+02 2.07629166e+02 3.56977043e+01 3.15350933e+01
 1.61465820e+03 5.19547164e-01 2.26317000e+00 2.35506344e+00
 2.93227759e+03 6.20697260e+00 5.90309998e+02 6.89497604e+01
 3.68934059e+00 1.57958660e+01 4.71167984e+01 5.73744434e+03
 8.91654968e+01 1.17535269e+00 4.82049063e-02 1.41324461e-01
 3.67225269e+03 1.41254482e+01 1.10731525e+01 2.99448013e+01
 5.56410400e+02 3.56466705e+02 5.40400488e+03 4.12716560e+01
 3.09649253e+00 9.03476624e+02 1.72101538e+03 2.67900324e+00
 1.66949654e+01 2.75801182e-01 1.39884341e+00 6.62476444e+00
 2.53297091e+00 3.46744324e+02 1.88274360e+00 5.49219322e+00
 1.88701859e+02 1.37675536e+00 1.59329281e+01 1.10677795e+02
 1.34841309e+01 1.65760555e+01 3.11543965e+00 1.96527839e+00
 9.20087967e+01 2.04073501e+00 1.09070024e+01 5.62954102e+02
 7.21284628e-01 3.47801123e+03 6.59411383e+00 4.49149872e+02
 6.47479725e+00 1.13444643e+01 1.93257656e+01 4.90847473e+01
 1.17618217e+02 7.29629761e+02 1.69337952e+02 2.06186447e+01
 3.26986313e+01 8.93132019e+00 2.62664557e+00 2.74248688e+02
 2.50042868e+00 2.73179565e+02 8.73262119e+00 9.83286285e+01
 8.71948719e+00 2.08398193e+03 3.94946289e+01 4.51572845e+02
 7.68979797e+01 2.15401936e+01 8.50392723e+00 1.59219685e+01
 2.20405507e+00 6.50354862e-01 5.81872925e+02 4.67271423e+00
 1.59994617e+03 3.34369812e+01 1.12693188e+03 1.26665955e+01
 2.83881397e+01 5.64190292e+01 2.84478569e+00 1.69080505e+01
 4.60375900e+01 3.54801361e+02 1.14324379e+01 2.38983374e+03
 6.73808098e-01 1.68502136e+03 4.19398689e+01 2.31616917e+01
 1.20071663e+02 8.62019531e+02 1.47470655e+01 1.26786690e+01
 4.80954056e+01 5.04110298e+01 2.70753326e+01 1.14161026e+02
 6.68416016e+02 2.08882599e+02 1.41520935e+02 7.15656677e+02
 2.80990234e+02 7.50756264e-01 2.02687645e+01 1.40648642e+01
 1.64062653e+01 1.08072062e+01 8.32483902e+01 9.94708252e+02
 1.04248932e+02 1.27936821e+01 1.02373707e+00 1.07628517e-01
 2.27954712e+02 8.16193390e+00 2.11360107e+02 5.34022400e+02
 1.15269524e+02 6.23991928e+01 4.36892128e+00 1.92026272e+01
 1.72738495e+02 3.57234406e+00 2.09805130e+02 3.11000938e+01],-83.57018,-145.25935,-296.22318,2.6229672,25.138714,0.9551785,0.95389056,0.01645682406425476,6570.931962490082,0.5,0.5,-0.12452847907878184,0.00012924530064761092,-0.1245285500970046,-2.2261564187652596e-05,35.45212047280965,37.59999999999999,0.0,399750.0,-1.0,-762.0,750.0,13.426786661148071,400000
103.370125,0.030548735,0.057878543,0.0010882419,-102.76079,102.76079,[4.74587688e-03 9.74865688e-04 1.07356742e-01 1.50880385e-02
 3.61666009e-02 5.99323818e-03 2.61635613e-03 2.22054441e-02
 7.31681054e-03 9.60928679e-04 9.82695259e-03 1.39787579e-02
 2.21651979e-02 5.11677861e-02 8.04725364e-02 1.13981608e-02
 5.96924305e+00 7.59974867e-03 6.34857104e-04 4.53928137e+00
 2.73415670e-02 3.13549712e-02 2.53857411e-02 2.25537801e+00
 3.60645726e-02 3.41155678e-02 4.13014553e-03 6.42999401e-03
 1.07756391e-01 1.81533337e-01 6.85626455e-03 1.43747771e+00
 5.29497489e-03 5.13668433e-02 1.02575406e-01 4.02504904e-03
 1.76718179e-03 1.27695084e-01 3.19534652e-02 6.15574479e-01
 5.79082931e-04 5.15116705e-03 9.75666381e-03 2.18331406e-04
 1.02475826e-02 6.83406368e-04 2.85990816e-03 1.18729472e-03
 1.91566069e-03 9.70671177e-02 5.17996430e-01 4.20037955e-02
 7.40998052e-03 9.99588147e-03 2.08250470e-02 8.35014582e-02
 1.19129028e-02 3.23696586e-04 3.25837880e-02 3.12013961e-02
 4.77974558e+00 5.88350371e-02 1.44184032e-03 7.57227000e-03
 6.08819828e-04 3.94111092e-04 1.94590213e-03 1.02596870e-03
 3.92855585e-01 4.60412204e-02 7.08273845e-04 2.62037222e-03
 7.38583878e-02 2.07022415e-03 4.06193137e-02 3.60031659e-03
 4.18618321e-03 3.01732600e-01 7.87148159e-03 6.67136669e+00
 7.27788210e-02 7.91061483e-03 3.12313810e-02 3.04763436e-01
 4.21875939e-02 7.72578083e-03 8.78213421e-02 3.82816158e-02
 3.11495420e-02 3.78904074e-01 4.74757552e-02 7.06178276e-03
 2.14224532e-02 4.41633463e-01 1.22647360e-03 4.90005589e+00
 1.10066989e-02 3.49647260e+00 1.72636230e-02 1.89622445e-03
 1.57635962e-03 1.18500316e+00 3.20373401e-02 2.64389832e-02
 4.32504248e-03 6.39897883e-02 1.82368010e-01 1.79716021e-01
 2.63289548e-03 1.90176126e-02 5.72626013e-03 3.62975709e-02
 3.77104641e-03 1.37699321e-02 1.80646870e-02 4.30685759e-01
 1.48915183e-02 2.07345374e-02 4.17390326e-03 9.70743224e-03
 2.04654806e-03 6.19033817e-03 4.10744548e-02 5.39050150e+00
 4.23706919e-02 3.19257076e-03 4.10864688e-03 1.00154523e-02
 3.64703126e-02 2.56977440e-03 2.66792090e-03 3.55710834e-02
 9.99624189e-03 9.88356210e-03 9.09124967e-03 1.34177296e-03
 5.68775088e-03 8.88005421e-02 9.69822332e-03 5.01894578e-03
 7.77223438e-04 3.55549389e-03 1.54759377e-01 4.04071994e-03
 4.88291634e-03 7.02624209e-03 7.64940865e-03 1.09594679e-02
 5.21733426e-03 7.79343827e-04 1.45245036e-02 5.09625021e-03
 5.93656860e-02 4.27997904e-04 2.45672511e-03 1.06182531e-03
 1.37144995e+00 7.36869685e-03 1.48957083e-03 6.92997277e-02
 9.18112975e-03 8.16546287e-03 8.81134160e-03 2.43597364e+00
 5.68448961e-01 1.29064638e-03 2.14798506e-02 1.51969143e-04
 1.23418756e-02 9.44890268e-03 1.22707260e+00 6.05307668e-02
 4.50874269e-02 1.03637218e+01 2.22251774e-03 3.94057063e-03
 2.65316165e-04 1.25008752e-03 1.63962409e-01 2.98654218e-03
 1.52410241e-03 1.34451783e+00 4.94949752e-04 2.71567293e-02
 1.14658969e-02 1.51373565e-01 1.38922525e-03 2.35930178e-03
 2.80799031e-01 1.24048092e-04 1.53200538e-03 6.83872521e-01
 1.60002187e-02 1.18725426e-01 8.59980006e-04 4.39781183e-03
 5.30947139e-03 3.09355129e-02 1.41361535e+00 6.94260048e-03
 2.20905349e-04 1.12756509e-02 9.63681028e-04 3.41685712e-02
 6.17050566e-03 4.96818796e-02 1.30154677e-02 3.85210617e-03
 1.81818753e-02 5.60711743e-03 6.42926060e-03 1.83168426e-03
 4.06570956e-02 4.40446008e-03 4.46576858e-04 9.41229016e-02
 5.45672700e-03 9.22096521e-03 2.39134883e-03 8.77015069e-02
 1.39485393e-03 1.10572599e-01 3.34611833e-02 1.51146218e-01
 2.01827306e-02 7.34083056e-02 2.84885131e-02 3.32136117e-02
 3.05287708e-02 9.45694000e-03 2.47572409e-03 7.78096123e-03
 2.53626541e-03 3.84826437e-02 2.38445729e-01 3.70146036e-02
 2.69630738e-02 3.86310704e-02 4.22386918e-04 2.48608768e-01
 3.18116462e-03 1.41292274e-01 1.42192584e-04 4.49721670e+00
 9.35983276e+00 2.02130270e-03 8.87540227e-04 1.62775367e-02
 7.70743843e-03 4.21311438e-01 1.63657144e-02 6.58437014e-02
 1.05657242e-03 3.27730849e-02 1.39885191e-02 3.28460429e-03],0.33355165,[1.06504851e-03 9.01797379e-04 5.99020571e-02 1.44752637e-02
 4.87780944e-02 5.16358484e-03 8.29654932e-03 2.15651374e-03
 3.28292698e-02 6.91562612e-03 1.07303699e-02 5.34307910e-03
 1.08097764e-02 1.66788436e-02 6.53498322e-02 5.70399910e-02
 5.33944321e+00 7.16937659e-03 1.23472745e-03 1.08579183e+00
 8.68930668e-03 1.96314696e-03 2.81469040e-02 2.89497077e-01
 3.44403386e-02 4.03996184e-02 3.61643382e-03 6.23053499e-03
 4.72072251e-02 2.03961059e-01 1.31064933e-03 1.36698711e+00
 5.43661229e-03 1.10674322e-01 1.95030928e-01 4.73938975e-03
 1.39101464e-02 9.36768204e-02 5.22937365e-02 2.20782638e-01
 1.96360238e-03 4.17852551e-02 3.41622916e-04 2.54622719e-04
 3.05248634e-03 1.27032399e-03 3.81398969e-03 8.69065116e-04
 2.55809277e-02 8.99071395e-02 1.64979756e-01 5.15432321e-02
 1.66743509e-02 3.44486628e-03 5.69388550e-03 3.95499542e-02
 1.30765280e-02 1.52788870e-03 9.34297778e-03 2.88050305e-02
 1.51214945e+00 1.42839301e+00 1.71574787e-03 7.43380375e-03
 4.60470619e-04 3.72199249e-03 8.40254687e-03 3.19699990e-03
 3.51840295e-02 2.66681169e-03 4.19182936e-04 1.54216820e-03
 6.11866936e-02 4.93195746e-03 3.75632532e-02 1.14277732e-02
 6.28671260e-05 4.28094029e-01 8.56094528e-03 8.26010168e-01
 2.79453881e-02 1.81129202e-03 1.53849018e-04 7.90349424e-01
 1.66444909e-02 4.37635928e-03 3.78128290e-02 7.92749785e-03
 4.46497463e-03 1.53529793e-01 1.93233807e-02 8.41836073e-03
 3.69408615e-02 8.93455581e-05 1.19571225e-04 5.41926827e-03
 5.40204570e-02 1.44546640e+00 1.02516785e-02 7.91643979e-04
 8.85181362e-04 1.38079691e+00 3.63233984e-02 3.07841152e-02
 4.32655960e-03 1.53186638e-02 1.40955284e-01 2.06168488e-01
 7.06658978e-03 1.26953162e-02 6.52682735e-03 6.79550285e-04
 8.10796767e-03 2.37399265e-02 9.94978845e-03 1.31386697e-01
 4.46070172e-03 4.70040506e-03 8.63335133e-02 5.82378032e-03
 1.05945882e-03 1.99433533e-04 4.32641879e-02 5.64946055e-01
 1.93203930e-02 9.91978217e-03 2.75104563e-03 1.53076015e-02
 1.76221784e-02 6.13919599e-03 8.53325985e-03 3.90467059e-04
 8.60790908e-03 8.43133405e-03 2.18964964e-02 9.33803269e-04
 4.91825817e-03 7.50838071e-02 6.70540100e-03 3.81701859e-03
 4.96136607e-04 6.08273142e-04 4.27949876e-02 4.95477021e-03
 8.16487335e-03 1.47932293e-02 4.72223037e-04 7.42699904e-03
 1.50770210e-02 9.56796296e-03 7.62102567e-03 5.40092820e-03
 4.92251478e-02 4.13946109e-05 1.14491340e-02 1.57515984e-03
 6.62025437e-02 2.52282713e-04 1.76000467e-04 2.37361584e-02
 3.50780971e-03 8.13108683e-03 2.13136971e-02 2.87433052e+00
 1.80661529e-01 8.67426919e-04 1.25183398e-03 1.10098906e-03
 3.92342880e-02 3.15835816e-03 6.90298915e-01 3.18722203e-02
 4.73226681e-02 1.47311497e+00 7.62901327e-04 2.89744162e-03
 1.87665282e-03 1.02069499e-02 1.13200933e-01 6.30489085e-03
 8.55397340e-03 1.19304776e+00 1.12800184e-03 7.67663307e-03
 8.11123010e-03 2.69599915e-01 2.52483995e-04 1.69123779e-03
 5.42384684e-02 2.44834065e-03 8.52154568e-04 1.42572439e+00
 6.96758479e-02 3.59265544e-02 7.62330950e-04 1.73653709e-03
 2.08049128e-03 3.26000154e-02 1.48990374e+01 8.11625272e-03
 4.85614873e-04 1.12796370e-02 2.40661495e-04 2.38106716e-02
 4.18143813e-03 4.44093868e-02 1.40403379e-02 1.73189561e-03
 1.70937944e-02 7.46563263e-03 1.03879785e-02 5.31115569e-03
 3.22048715e-03 9.41204897e-04 1.57227907e-02 8.54346529e-02
 2.54938868e-03 5.27343154e-03 2.39951350e-03 1.53664965e-02
 1.19388313e-03 9.66498256e-03 8.52310508e-02 1.42933309e-01
 6.19724020e-03 5.79360053e-02 4.47009970e-03 2.10620519e-02
 7.84809515e-03 8.43075686e-04 2.26885919e-03 2.59287786e-02
 6.16508722e-03 3.36162373e-02 2.08233520e-01 6.67870492e-02
 1.78440996e-02 2.01603565e-02 1.35815004e-03 2.33562201e-01
 3.13176401e-03 1.62113711e-01 2.21731432e-04 1.26505733e+00
 1.19506240e+00 2.50756042e-03 4.90599498e-03 9.61537138e-02
 7.28015229e-03 7.57286906e-01 2.52201874e-03 2.61494648e-02
 9.79779521e-04 1.41265523e-02 2.61261761e-02 1.25967897e-03],-96.67864,-109.03,-238.52342,1.0926507,2.33315,1.0044544,0.931092,2.768681,-4.9957767,38.974014,144.74898,7.538856,0.33131027,0.47688714,-133.89702,133.89702,[8.59640198e+01 3.13107422e+02 1.75850586e+02 5.85008850e+01
 6.45960474e+00 1.76696312e+00 7.87112549e+02 2.38387305e+03
 9.82614746e+01 1.69770309e+02 2.93475781e+03 2.26749563e+00
 1.08481659e+02 1.98034363e+01 2.07234619e+03 2.42623291e+01
 3.75974030e+02 9.33190250e+00 1.57296953e+01 1.09852730e+02
 4.70422707e+01 5.21298561e+01 9.02103348e+01 1.27008371e+01
 1.78982471e+03 1.38727371e+02 6.28774033e+01 3.21816330e+01
 3.91995996e+03 5.07886963e+02 3.99927832e+03 4.27326599e+02
 6.25469732e+00 1.34232979e+01 3.96490707e+01 5.25901871e+01
 2.40144310e+01 2.21929264e+01 4.30570984e+02 9.34420300e+00
 1.18707647e+01 2.17926605e+02 1.64243965e+01 6.22103691e+01
 2.45694885e+01 2.20852588e+03 7.29863596e+00 1.89676361e+02
 3.01884117e+01 3.28745174e+00 3.02716899e+00 7.19998932e+01
 2.39818115e+01 6.70690247e+02 5.53946381e+01 1.65204498e+02
 3.83588928e+02 8.29279327e+01 2.39833832e+01 2.21561813e+02
 6.62678223e+02 2.03064880e+03 9.68351898e+01 2.76491594e+00
 3.35065765e+02 1.71301727e+01 5.12503052e+02 1.80936849e+00
 3.82075256e+02 1.14867439e+01 2.76334095e+01 7.75774145e+00
 1.81287445e+02 6.21548424e+01 4.25330750e+02 7.99586868e+01
 6.19764160e+02 7.99285583e+01 7.21734390e+01 2.58371857e+02
 1.60888731e+00 2.75098511e+02 1.75545349e+01 2.13643017e+01
 1.24098072e+01 1.37952983e+00 7.06268738e+02 7.32948761e+01
 2.45883293e+01 3.54184799e+01 3.21680870e+01 3.01269054e+01
 6.70111084e+02 2.64915314e+01 1.81741806e+02 6.11175903e+02
 6.76746704e+02 6.38169327e+01 9.37405109e+00 1.89447876e+03
 4.07540369e+00 6.72209311e+00 3.24254272e+02 2.14436813e+02
 1.18499489e+01 3.35369080e+02 8.56849289e+00 3.23630829e+01
 2.09997272e+01 1.17496350e+03 1.04463257e+02 1.90392670e+02
 2.68507397e+03 3.59199944e+01 2.79302177e+01 3.08284702e+01
 3.48886919e+00 3.33610415e-01 2.86706963e+01 3.02280487e+02
 7.48068810e+00 3.25539246e+01 1.35192017e+02 1.07730209e+02
 5.48997002e+01 1.47349119e+00 6.92185852e+02 4.78377266e+01
 4.19391298e+00 7.52160549e+00 2.82663002e+01 1.88872681e+03
 9.91705551e+01 1.04699075e+00 6.33577442e+00 5.42451973e+01
 1.90630493e+01 1.30217239e-01 2.01443424e+01 1.12968475e+02
 7.19729785e+03 7.01912231e+02 2.32413406e+01 1.06252222e+03
 3.78604889e+02 1.22753876e+02 4.60185242e+02 1.47229004e+03
 2.15434473e+04 5.91311216e+00 2.99114151e+01 1.07244358e+01
 2.55562935e+01 6.13085785e+01 3.82048683e+01 2.29341211e+03
 4.61276321e+01 1.72995396e+01 2.26600494e+02 9.38031311e+01
 7.68268013e+00 2.91040587e+00 2.51594910e+02 1.69321503e+02
 2.04654961e+01 5.99411430e+01 2.10543499e+01 1.76762810e+01
 3.73177147e+01 3.91210785e+02 9.84152985e+00 1.06141089e+03
 1.38248749e+02 2.99266693e+02 1.35192661e+01 6.24517479e+01
 2.79112263e+01 5.32427063e+01 6.74646664e+00 5.53762436e+00
 1.38352644e+00 1.83593124e+02 9.34090652e+01 3.14995239e+02
 1.68076492e+02 1.10731494e+03 1.54241077e+03 7.20465775e+01
 1.36861267e+02 4.55699682e-01 3.75613272e-01 5.60639420e+01
 2.12142059e+02 1.60038738e+01 1.60913486e+01 7.36949707e+03
 1.84785099e+01 2.54140043e+00 2.10529449e+02 1.70312854e+03
 1.34059444e-01 1.76428992e+03 7.82323980e+00 1.10035352e+03
 9.26092651e+02 1.69738000e+03 1.76751599e-01 1.53319874e+01
 1.02736702e+01 2.46392670e+01 2.12016641e+04 2.82463131e+01
 5.10516602e+02 2.89947567e+01 9.07724380e+00 5.66526550e+02
 7.44474365e+02 3.15811691e+01 1.17851611e+03 1.32339954e+01
 1.56772949e+03 5.60127754e+01 2.16639609e+04 5.50819664e+01
 8.44929352e+01 1.16303551e+02 4.83612490e+00 4.23803497e+02
 8.39076080e+01 3.19747589e+02 1.05410980e+02 4.93719673e+01
 1.13436937e+01 3.05516418e+02 7.13656860e+02 2.69756279e+01
 5.57900696e+01 4.81264877e+01 4.20558643e+00 1.72162354e+00
 5.56002426e+01 8.12015686e+02 1.17833728e+03 5.36773539e+00
 2.75857716e+01 1.99545068e+03 5.03282776e+01 4.72021332e+01
 4.91562683e+02 1.74373975e+03 1.73180618e+02 4.33519936e+01
 6.72806978e+00 3.26793091e+02 1.33443130e+02 4.61902351e+01],744.4503,[8.20571671e+01 1.75173828e+02 1.68984589e+02 1.85563803e+00
 9.44912624e+00 7.36007988e-02 2.86223480e+02 1.02428967e+03
 4.38452873e+01 2.07353287e+02 1.27521521e+03 2.48927236e+00
 1.52487183e+01 3.23905563e+00 3.99672021e+03 6.60695934e+00
 2.18164032e+02 4.87064171e+00 8.35434532e+00 9.20541000e+00
 7.97146072e+01 6.94393921e+00 5.01696739e+01 2.71281891e+02
 9.06166748e+02 4.34774742e+01 1.71662617e+00 6.27558136e+00
 3.76357959e+03 5.34020508e+02 1.82689734e+03 3.74157944e+01
 2.57891407e+01 5.50482154e-01 2.00743561e+01 2.41919384e+01
 2.06325302e+02 2.61334991e+02 4.31301819e+02 6.25918341e+00
 5.92207050e+00 1.59320173e+01 2.41987050e-01 1.12093210e+01
 5.57660723e+00 1.76566528e+03 1.01928816e+01 4.24687042e+01
 6.42443008e+01 8.94760430e-01 2.52476239e+00 4.58024445e+01
 2.47013092e+01 5.40053833e+02 4.99055519e+01 3.20359755e+00
 1.51709080e+01 1.55292816e+02 3.46894646e+01 5.78564758e+01
 5.81432007e+02 1.78234497e+03 5.33465004e+01 4.25241518e+00
 3.79042328e+02 9.86301136e+00 2.37805271e+01 1.84351006e+01
 7.21639526e+02 3.55553365e+00 4.55077896e+01 1.03628426e+01
 1.86770706e+01 1.89135838e+01 5.54280090e+01 3.05131855e+01
 3.06952362e+02 4.04745483e+01 2.91236706e+01 2.44735382e+02
 1.16188979e+00 6.27334351e+02 2.06774139e+01 7.64028931e+00
 1.28350878e+01 1.57316952e+01 6.10317078e+02 3.27228966e+01
 1.86147327e+01 9.32678795e+00 2.11104698e+01 2.11734180e+01
 5.74005737e+02 1.78163357e+01 1.06790192e+02 1.69331345e+02
 4.49548334e-01 1.27064633e+00 3.42974052e+01 2.62744971e+03
 9.73216248e+00 1.83026524e+01 4.09616013e+01 1.26138443e+02
 1.95327759e+00 4.62500702e+02 4.96171532e+01 2.07028484e+01
 4.31703281e+00 1.37405005e+03 2.24035660e+02 3.28268471e+01
 1.64700366e+03 2.11761246e+01 4.11622667e+00 3.94189728e+02
 7.31516876e+01 3.58964944e+00 3.29421768e+01 3.32306091e+02
 1.48798299e+00 4.47391602e+02 1.67494720e+02 1.31287827e+02
 1.02153988e+01 2.31757164e+00 8.07664917e+02 3.54710426e+01
 1.44345391e+00 6.00279510e-01 6.54133320e-01 8.60914160e+03
 4.57619858e+01 2.02336597e+01 4.93751884e-01 1.32353649e+01
 7.38901138e+01 9.02746022e-02 1.99785137e+00 1.75835175e+02
 1.03233423e+03 2.16999329e+02 4.47861862e+00 1.01182391e+03
 5.47752563e+02 1.36940413e+01 1.78293350e+02 1.42517834e+03
 2.51215820e+04 2.80777812e+00 2.25744033e+00 4.34552282e-01
 1.16511869e+00 4.61276855e+01 2.69305511e+02 4.60785547e+03
 3.23420258e+01 3.77649164e+00 3.55215637e+02 4.40533600e+01
 1.97229404e+01 1.61479721e+01 5.04508728e+02 2.98180008e+00
 9.78276443e+00 4.42177734e+01 7.12781448e+01 2.01638699e+01
 2.74359202e+00 5.87388733e+02 3.12033796e+00 2.59976044e+01
 1.74391342e+02 3.55190216e+02 5.95242167e+00 1.38872955e+02
 1.58951502e+01 2.94447994e+01 1.97600288e+01 2.49515438e+01
 6.18094206e-01 6.30444107e+01 9.33626099e+01 6.92779236e+02
 3.40370575e+02 1.10426257e+03 7.53347900e+02 4.83728266e+00
 1.11274246e+02 5.84051833e-02 1.31738615e+01 8.26301289e+00
 1.12603935e+02 5.84739590e+00 1.67042518e+00 3.11343579e+03
 7.77167368e+00 1.19571381e+01 1.11069495e+03 4.79332336e+02
 1.58309042e-01 1.18437256e+03 4.36056137e+00 5.06140251e+01
 4.08221954e+02 1.62904272e+03 3.57207394e+00 2.26584454e+01
 2.75897770e+01 6.19587173e+01 6.31301172e+03 3.04113026e+01
 1.27401337e+02 5.19232810e-01 2.29953194e+00 6.64877853e+01
 1.14829245e+01 1.10466850e+00 3.82585693e+03 1.07948341e+01
 5.01711426e+03 3.59461098e+01 6.32247200e+01 5.65705719e+01
 8.69584846e+00 6.86334534e+01 1.97450042e+00 6.91496948e+02
 2.46535206e+00 1.21955757e+02 6.15925026e+00 5.25316525e+00
 6.46475458e+00 1.72322449e+02 8.58201416e+02 8.24153748e+01
 1.13657211e+02 3.07897282e+01 1.43492311e-01 6.28506064e-01
 1.45779236e+02 7.85151367e+02 5.01099365e+02 1.04989824e+01
 1.06488838e+01 2.83731641e+03 2.06756706e+01 2.32311897e+01
 9.67205429e+00 2.18422073e+02 3.25370880e+02 1.01052917e+02
 3.53894501e+01 1.06103668e+02 3.49047446e+00 2.13860130e+00],-72.33163,-145.33438,-326.5795,2.6845589,48.693493,1.0225608,0.95424473,0.017863020172119142,7017.50749540329,0.5,0.5,-0.16685710699107914,-0.0001700104299964591,-0.16678683062310348,4.01985405683676e-05,35.52483740474229,37.59999999999999,0.0,424500.0,-1.0,-793.0,750.0,13.406200408935547,425000
103.81564,0.055076715,0.058753908,0.0007971136,-103.17303,103.17303,[1.26427063e-03 3.00814654e-03 4.06066794e-03 1.78086460e-01
 1.99528146e+00 1.02878148e-02 1.19188670e-02 3.45836096e-02
 1.84732000e-03 1.58163384e-01 1.51081104e-02 1.80652998e-02
 6.78365910e-03 8.57566357e-01 2.46196263e-03 2.94029806e-03
 2.82273412e-01 6.90409075e-03 2.01473087e-02 4.40486427e-03
 9.70378751e-04 2.32358009e-01 7.46513018e-04 7.22400239e-03
 7.15382048e-05 7.76034534e-01 6.71025366e-02 3.38953137e-02
 4.43217170e-04 1.78490374e-02 1.56956743e-02 6.82228327e-01
 1.24152470e-03 5.76441234e-04 4.59339470e-03 1.11959837e-02
 5.41015454e-02 2.94108652e-02 1.20565675e-01 1.52597320e-04
 3.46977357e-03 1.76998917e-02 8.42013396e-05 3.27891149e-02
 4.53583747e-02 7.97233265e-03 1.91373788e-02 8.39399546e-02
 1.89921111e-01 3.81042366e-03 3.26680113e-03 2.59954780e-02
 1.20268064e-02 3.11599870e-04 4.31526103e-04 1.78290792e-02
 2.28995993e-03 1.45068625e-04 1.05446321e-03 2.40307883e-03
 8.62329304e-02 1.88063346e-02 1.84089672e-02 7.19373254e-03
 2.13450581e-01 1.09608807e-02 3.12441785e-04 3.35263535e-02
 3.16442363e-03 1.10801198e-02 4.30187464e-01 4.95679788e-02
 5.55122388e-05 8.23763292e-03 3.13084014e-03 4.69488208e-04
 1.53988590e-02 1.34201691e-01 1.94559637e-02 3.69096212e-02
 2.57412728e-04 1.17512584e-01 4.04988090e-03 9.70070437e-03
 8.85073678e-04 1.08617824e-02 1.15087898e-02 1.67286977e-01
 6.34447634e-01 1.80296809e-03 1.85466595e-02 2.02730414e-04
 8.43769778e-03 2.62347329e-02 3.02871922e-05 1.18508958e-03
 1.83747499e-03 1.78860966e-02 3.69313476e-03 1.69620733e-03
 1.06024044e-02 1.53892648e+00 5.16288402e-03 1.47901261e-02
 2.15166006e-02 5.02876329e+00 2.38175951e-02 7.97537118e-02
 8.06100368e-01 1.39489070e-01 1.49280000e-02 1.03887722e-01
 1.44437165e-03 7.80055020e-03 1.27388641e-01 1.00713186e-02
 2.53002308e-02 1.43358530e-02 1.16569066e+00 6.33751415e-03
 5.39352326e-03 6.51989691e-03 1.40081928e-03 1.00877760e-02
 1.99317500e-01 4.95136366e-04 8.44258163e-03 1.78995135e-04
 5.41921295e-02 6.94102235e-03 4.69214795e-03 4.14889678e-03
 6.46771938e-02 1.13947308e-02 8.03021193e-02 3.57392505e-02
 1.90049456e-03 1.81490593e-02 7.25365430e-03 1.02630807e-02
 5.27954800e-03 1.12844080e-01 3.74953076e-02 4.49176766e-02
 1.66970794e-03 2.49745743e-03 3.68310837e-03 7.92233797e-04
 5.00455778e-03 1.47417479e-03 1.79128516e-02 3.97686893e-03
 3.83523572e-03 7.53737032e-01 7.76578207e-03 3.56633514e-02
 1.06013203e-02 4.10029152e-03 5.03547769e-03 2.94041131e-02
 1.32464021e-02 7.81248976e-03 1.55851301e-02 7.59328250e-04
 5.31209027e-03 1.10144466e-02 3.29917371e-02 1.64188612e-02
 5.13305403e-02 6.15333356e-02 5.21242656e-02 2.08033230e-02
 5.25861792e-03 1.20675815e-02 1.02750286e-02 2.19990039e+00
 6.65403903e-02 7.48368027e-03 9.43218693e-02 4.45226207e-02
 6.43302649e-02 1.45843346e-03 1.97057170e-03 6.54682890e-03
 7.67331421e-02 3.98868741e-03 7.33362362e-02 4.93820123e-02
 4.74036066e-03 9.28798807e-04 6.28054049e-03 2.37217080e-02
 2.35872399e-02 5.11095533e-03 6.68553542e-03 2.42158514e-03
 3.13297138e-02 1.21416241e-01 9.50523012e-04 3.71221919e-03
 5.52248815e-03 3.92316803e-02 8.36187974e-03 1.02024619e-03
 2.59607390e-04 1.94834495e+00 2.92348489e-02 8.88815299e-02
 1.18688513e-02 3.89173366e-02 3.06384206e-01 6.36120932e-03
 2.81114001e-02 4.00631921e-03 2.27825195e-02 1.42082367e-02
 5.79941366e-03 1.42267454e+00 1.65195608e+00 2.19412753e-03
 9.73986462e-03 1.05258892e-03 3.11055616e-03 7.65556246e-02
 2.93025589e+00 9.59061144e-04 3.99052398e-04 5.46193356e-03
 7.12619841e-01 2.48904377e-02 2.14101386e+00 1.02797174e-03
 3.06205126e-03 1.31142139e-03 1.65429804e-03 6.86936500e-03
 5.26194973e-03 8.92436877e-03 1.73078686e-01 1.42932013e-01
 1.96152646e-03 4.51666191e-02 1.12945579e-01 4.78834659e-03
 4.28605899e-02 4.45305277e-03 2.05409247e-03 1.24279992e-03
 5.00947144e-03 3.99439782e-03 2.69952160e-03 3.26915756e-02
 5.08910278e-03 3.62915337e-01 2.52324399e-02 7.36408401e-05],0.22287193,[7.55951274e-04 1.25733810e-03 4.25143959e-03 1.32623632e-02
 3.66319627e-01 2.65076058e-04 1.14046969e-02 4.34842892e-02
 1.84576027e-02 1.21973656e-01 6.58786437e-03 3.45366308e-04
 3.73520050e-03 2.01802301e+00 6.81275455e-03 1.34841655e-03
 2.56511599e-01 1.51451919e-02 1.48061002e-02 4.08495171e-03
 3.56820226e-03 1.05930299e-01 3.36610829e-03 2.10604630e-02
 3.42448521e-03 2.60471249e+00 1.84852764e-01 4.57007699e-02
 1.42729585e-03 1.14411609e-02 1.01651698e-02 1.14280403e-01
 1.22203138e-02 3.33658326e-03 2.17374228e-03 1.94293968e-02
 1.33320943e-01 4.68878187e-02 3.68983336e-02 3.14884633e-02
 4.03336156e-03 2.21118126e-02 2.88847426e-04 3.08311102e-03
 1.82712963e-03 2.17614509e-03 6.71502808e-03 9.81548242e-03
 4.99141440e-02 2.35029273e-02 3.16994777e-03 4.47070077e-02
 9.31533333e-03 2.36303406e-03 5.41218673e-04 2.32576043e-03
 3.00313020e-03 2.41311092e-04 1.71359675e-03 1.37568731e-03
 1.54700913e-02 9.89312865e-03 4.19314355e-02 7.77077302e-03
 1.27945974e-01 2.91670952e-03 2.84475391e-05 3.10527459e-02
 6.96987845e-03 6.93948241e-03 4.98443469e-03 5.66030815e-02
 5.26549120e-04 2.90197544e-02 2.63508875e-03 1.64425140e-03
 8.64524115e-03 6.79008290e-02 1.94347650e-02 4.38859779e-03
 1.79360062e-02 1.27468690e-01 2.19609402e-03 1.23976609e-02
 1.33361900e-04 1.99082727e-03 6.43410394e-03 1.54666677e-01
 4.60148478e+00 2.59873997e-02 1.24198766e-02 8.62348475e-04
 1.21066477e-02 1.79318320e-02 1.05246995e-03 1.59516046e-03
 5.15926071e-03 2.36663292e-03 4.10376908e-03 1.15258396e-02
 1.85317779e-03 8.45702291e-01 5.28462348e-04 1.59648210e-02
 1.18677048e-02 4.59731197e+00 2.23277919e-02 6.48657456e-02
 2.50102282e+00 6.83386326e-02 1.52796358e-02 3.16683808e-03
 5.55627339e-04 5.55948634e-03 1.12215742e-01 2.05719797e-03
 4.60521206e-02 1.37193892e-02 1.49434125e+00 3.77791375e-03
 4.47449787e-03 1.73998773e-02 6.46235049e-03 2.43400186e-02
 2.36407220e-01 7.77191599e-04 8.10501724e-03 1.31609123e-02
 2.47545934e+00 7.40517396e-03 2.56828219e-03 3.37344618e-03
 4.73967567e-02 4.76484420e-03 4.67834920e-02 4.62250449e-02
 1.82345789e-03 1.02751497e-02 3.26487259e-03 2.95428503e-02
 7.05894036e-03 6.08409122e-02 2.89379768e-02 4.17405665e-02
 1.90467900e-03 4.28182445e-03 4.01922781e-03 7.96523469e-04
 4.66388231e-03 2.09519221e-03 1.17397048e-02 8.11498892e-03
 1.07314521e-02 8.31436962e-02 5.69848809e-03 5.34466468e-02
 2.69705474e-01 2.72088405e-02 5.26191480e-03 6.30260911e-03
 1.95391662e-02 1.82868466e-02 2.00065225e-02 2.54805805e-03
 4.19115461e-03 7.09899887e-03 2.18822435e-02 1.14796776e-02
 1.08419312e-02 3.94777060e-02 3.02851461e-02 1.05293784e-02
 3.51219624e-03 2.70932494e-03 1.57355331e-02 9.44724441e-01
 7.82390833e-02 3.29950731e-03 1.33167863e-01 4.50468697e-02
 3.76118906e-02 2.26498814e-04 1.54423378e-02 4.25086403e-03
 1.08155496e-02 3.59363551e-03 1.46814780e-02 1.63291134e-02
 5.52781532e-03 1.13393739e-03 1.17039476e-02 3.58113758e-02
 8.69887974e-03 4.40893183e-03 7.64233526e-03 2.59558484e-03
 3.36559070e-03 8.64462107e-02 5.84970228e-03 4.99907508e-03
 2.63399351e-02 3.83310802e-02 2.13132985e-02 5.59195993e-04
 5.44764567e-04 8.64051533e+00 2.46021207e-02 1.42421767e-01
 4.04264145e-02 2.11236775e-02 2.68164158e-01 4.79274336e-03
 1.10645383e-03 2.83784757e-04 6.15698472e-03 2.72915233e-02
 9.02192108e-03 4.58554439e-02 1.84112489e+00 1.17313163e-02
 8.86165164e-03 1.02372118e-03 6.94513600e-03 4.07242740e-04
 1.81103528e+00 1.00905739e-03 4.53128107e-03 1.16497511e-02
 9.29567635e-01 3.41132190e-03 7.41540909e-01 3.81785654e-03
 3.75785446e-03 3.13611934e-04 5.06324519e-04 9.68322065e-03
 2.51127779e-03 4.67197597e-03 1.17142431e-01 1.65744409e-01
 4.86093387e-03 5.44007681e-02 4.62441007e-04 1.71923507e-02
 2.35840622e-02 4.64911200e-03 3.98083217e-03 9.25270200e-04
 3.71849514e-03 2.94733196e-02 2.62716506e-03 2.02407744e-02
 3.98009364e-03 7.45973349e-01 4.75827232e-02 8.35601240e-05],-97.297485,-110.25784,-315.93756,1.0926183,2.4770565,0.95896506,0.9309151,5.263116,-12.425193,56.903183,143.7802,7.9030733,0.37008858,0.4873457,-132.17624,132.17624,[3.15201569e+02 4.04426537e+01 1.13470995e+00 3.41126394e+00
 1.81624313e+02 1.95804840e+02 1.19682144e+02 1.08042923e+02
 3.72954750e+01 1.20371490e+02 1.88189888e+01 9.90152771e+02
 7.63022003e+01 2.66439037e+01 1.00443329e+02 3.54290161e+01
 2.12075729e+01 3.70598373e+01 6.11469421e+02 6.87907028e+00
 7.97155857e+00 3.85707703e+01 1.90116386e+01 3.12098907e+02
 2.79607959e+03 5.20990601e+02 3.31983719e+01 3.06745453e+02
 7.04139614e+00 1.63467121e+01 3.02768005e+02 4.79127388e+01
 5.85026131e+01 1.78676910e+01 3.41496124e+02 6.03205322e+02
 9.36018829e+01 1.18217560e+02 1.63919373e+02 2.08545570e+01
 7.48076477e+01 2.04997396e+00 2.20806141e+01 2.43935049e-01
 1.93471298e+01 3.22508667e+02 1.39759995e+02 1.72882423e+01
 4.65594421e+02 3.03445905e-01 5.02216835e+01 1.37347672e+02
 3.90214133e+00 9.15590465e-01 3.20831970e+02 3.37304001e+01
 3.31791711e+00 7.89338684e+01 1.49777479e+01 4.11814156e+01
 5.46199369e+00 8.07699432e+01 2.39020020e+02 5.74425554e+00
 3.31820984e+01 1.06045853e+02 2.01693213e+03 2.94707805e-01
 9.22885315e+02 3.10738037e+02 1.56927490e+03 4.06764832e+02
 5.12746811e+01 6.36974239e+00 4.66358490e+01 1.09476669e+02
 1.85204697e+01 4.36950150e+01 8.27011824e-01 2.73954199e+03
 2.12471771e+00 2.18959045e+01 8.94326096e+01 9.00701370e+01
 7.37116051e+00 3.04091583e+02 1.41907740e+01 1.27327858e+02
 6.74373856e+01 5.54807320e+01 9.76365757e+00 5.44636154e+01
 2.04438403e+03 2.76713696e+03 6.08527908e+01 5.75782837e+02
 9.40689819e+02 6.30540405e+02 5.57237587e+01 5.75204887e+01
 1.89012466e+02 2.26679993e+00 3.23332428e+02 1.46929321e+03
 6.54842468e+02 3.64419580e+03 1.70748615e+01 2.47993103e+02
 6.85700798e+00 1.00802917e+01 1.81795578e+01 2.38625397e+02
 1.08541031e+02 3.00867676e+02 1.48559408e+01 8.79039001e+01
 8.93434219e+01 3.71710052e+01 8.07883072e+00 8.66518799e+02
 9.77087021e+00 1.24744629e+03 8.92159485e+02 7.83914948e+01
 9.71038055e+01 2.25726654e+02 2.10236969e+01 5.76684265e+01
 4.35648926e+02 3.51665497e+01 1.08818016e+02 2.12578945e+01
 1.74717007e+01 2.41998016e+02 1.35454681e+02 6.91293812e+00
 4.99070251e+02 2.34519291e+00 2.57332020e+01 1.60250340e+01
 4.53763485e+00 8.54537781e+02 2.24842339e+01 1.53589401e+01
 2.66068390e+02 6.18701807e+03 1.31804688e+03 1.36082901e+02
 1.11391234e+00 1.85532852e+02 1.61875183e+02 4.53812523e+01
 5.21512642e+01 2.59551086e+02 3.37484131e+03 1.56156006e+01
 3.42082291e+01 7.04718685e+00 3.09714966e+01 4.62619591e+01
 6.13093338e+01 1.99792435e+02 7.57619858e-01 3.08028245e+00
 2.79053001e+01 8.83664093e+01 3.53541603e+01 4.10945892e+00
 1.73093643e+02 3.09778996e+01 1.41295471e+01 4.52585030e+01
 1.39665470e+01 2.96763802e+01 3.24258270e+02 9.76399994e+00
 4.48542328e+01 1.89929733e+02 1.70211868e+01 3.79252701e+01
 1.00818253e+01 2.38961044e+02 1.93441025e+02 1.27936206e+03
 2.62496529e+01 1.21675491e+00 4.58577251e+00 1.54398136e+01
 2.12992599e+02 1.29725590e+01 1.10754910e+01 5.99999634e+02
 8.69861633e+02 1.95970879e+01 1.54661035e+03 2.27590073e+02
 3.93529892e+00 2.44629608e+02 3.61672180e+02 4.99518750e+03
 4.74410889e+03 3.28333969e+01 1.19047184e+01 2.91495438e+01
 7.86220856e+01 7.10473022e+02 1.09114600e+03 2.96869564e+00
 3.54663348e+00 2.25082264e+01 2.70999031e+01 2.90937195e+01
 5.82089386e+01 2.01533747e+00 1.04893732e+00 3.13186989e+01
 7.97945881e+00 2.42548060e+00 4.69202156e+01 4.36282310e+01
 3.78248596e+01 1.13666528e+03 6.39727058e+01 8.35777283e+01
 4.95537796e+01 1.66379895e+03 9.19791443e+02 1.19319512e+04
 4.43882790e+01 2.56126251e+01 9.19551926e+01 1.31618188e+03
 3.22111309e-01 4.26580719e+02 5.39620042e-01 4.20328178e+01
 6.55951843e+01 2.46811619e+01 3.33364868e+03 7.09745026e+01
 1.08645752e+03 7.07889748e+00 1.65430355e+01 5.35088501e+02
 1.59148178e+01 1.37340164e+01 5.98775673e+00 8.86235809e+01
 1.78509407e+01 5.93501244e+01 2.53616333e+02 4.08121033e+01
 5.83619385e+01 3.75826187e+01 1.52890959e+01 9.53172302e+01],475.90936,[8.65496460e+02 1.11093988e+01 1.23281264e+00 3.38365793e+00
 2.58021179e+02 3.74333374e+02 1.60940857e+01 8.80966187e+01
 5.42727737e+01 4.13728714e+01 6.38055344e+01 4.06835425e+03
 1.54281555e+02 2.14473581e+00 2.58864927e+00 5.55128098e+01
 1.72017899e+01 4.10393105e+01 1.47363049e+03 1.17645340e+01
 9.47507918e-01 1.87665403e+00 6.92153168e+00 3.50991943e+02
 1.71184985e+03 1.13875055e+01 7.09760427e+00 5.81589844e+02
 2.84577942e+00 3.25687523e+01 8.60862122e+01 2.61067696e+01
 2.55235329e+01 6.32325268e+00 1.28501724e+02 2.35013447e+01
 9.19316101e+01 2.10932045e+01 1.33597916e+02 1.01120119e+01
 1.29952063e+03 3.50422440e+01 3.05797362e+00 1.04784811e+00
 5.93029356e+00 3.07890503e+02 3.76117554e+01 1.39033575e+01
 4.75785217e+02 1.87168583e-01 2.87544041e+01 2.78693512e+02
 4.95510941e+01 2.76530952e+01 2.26352768e+02 1.57021122e+01
 1.79082703e+02 3.86610527e+01 8.87876898e-02 1.02963676e+01
 7.54083157e+00 9.82400436e+01 3.03918976e+02 2.98894253e+01
 1.45300827e+01 5.58025146e+02 1.82040253e+02 5.67704856e-01
 1.35936108e+01 2.42196793e+02 2.60560211e+02 5.75215759e+02
 5.41212022e-01 1.76622295e+00 4.05296555e+01 3.08593254e+01
 2.17297506e+00 3.40852242e+01 1.04505625e+01 8.72516296e+02
 5.97975588e+00 2.55318794e+01 9.72017670e+00 9.39462471e+00
 6.35885811e+00 1.72135483e+02 7.89491653e+00 3.13589687e+01
 1.80718811e+02 2.32460461e+01 4.19013691e+00 1.04959631e+01
 2.11625269e+03 6.18830518e+03 4.84702377e+01 9.31899658e+02
 1.74389880e+03 2.25685196e+02 6.31861076e+01 5.49950790e+01
 4.20289345e+01 1.15209532e+00 7.57729736e+02 2.08104468e+03
 7.95344482e+02 4.09764648e+02 6.83602476e+00 1.03082170e+01
 6.00405598e+00 1.04851742e+01 7.34235535e+01 2.47852325e+01
 5.24255829e+01 6.32979553e+02 3.01141434e+01 1.39788818e+02
 3.84788361e+01 5.52177763e+00 8.96155357e+00 1.31744153e+03
 1.31585586e+00 1.17442883e+03 2.79651550e+02 1.72776550e+02
 8.79568577e+00 1.02947044e+02 3.24333839e+01 2.13461351e+00
 3.50269409e+02 7.00042496e+01 7.39880219e+01 1.10438042e+01
 3.32419853e+01 1.46107239e+02 2.65558205e+01 3.67864609e+00
 4.14237709e+01 3.04986649e+01 1.36217737e+01 1.65854340e+01
 1.56848354e+01 2.60804596e+02 8.86303520e+00 2.96813101e-01
 2.96646538e+01 5.89788281e+03 4.51528748e+02 1.60666370e+01
 1.50519753e+01 1.88973114e+02 2.06020859e+02 1.74068832e+01
 8.15308189e+00 1.49539581e+02 4.09575317e+02 1.60555305e+01
 3.88474731e+01 3.39952618e-01 1.53976240e+01 8.56978302e+01
 6.26573257e+01 1.08297089e+02 5.05252421e-01 1.66562653e+01
 1.65175552e+02 1.32948883e+02 2.45080338e+01 1.66407452e+01
 2.00870010e+02 2.70529270e+01 9.93655319e+01 3.56008682e+01
 4.14060712e-01 8.48333168e+00 3.07903564e+02 1.73558350e+01
 4.79725113e+01 5.71026726e+01 1.07656879e+01 1.10680542e+02
 5.27378035e+00 2.21874771e+02 7.98414469e-01 2.20998032e+02
 1.17419453e+01 3.37047148e+00 2.60968571e+01 3.84466243e+00
 2.07738800e+02 2.84775591e+00 2.77161140e+01 2.59624847e+02
 2.02181519e+03 1.93161404e+00 4.22298926e+03 7.69455948e+01
 4.39740467e+00 1.55101532e+02 3.07555603e+02 1.01210779e+03
 3.40475879e+03 1.51643157e-01 7.35779405e-01 8.82289290e-01
 1.58114541e+00 9.47020386e+02 5.53728333e+02 4.78083611e+00
 6.68489754e-01 1.37490814e+02 2.24918499e+01 2.09074354e+00
 6.34295616e+01 3.14263630e+00 1.62202764e+00 1.52492971e+01
 5.49581814e+00 5.64058418e+01 8.02737732e+01 7.21484005e-01
 9.76287365e+00 1.81389450e+02 3.62094345e+01 5.01240234e+01
 1.60779552e+01 6.17396240e+02 1.36718887e+02 8.97325098e+03
 8.20476456e+01 6.84778786e+00 7.41213913e+01 8.46197998e+02
 2.76539536e+01 3.29936188e+02 5.53786457e-01 4.07173615e+01
 1.14131340e+02 1.78769803e+00 3.50481958e+03 2.61834106e+01
 5.78028076e+02 8.76207161e+00 7.62258387e+00 5.71998954e-01
 7.99004698e+00 1.34185877e+01 2.93127232e+01 2.64683266e+01
 3.89751663e+01 7.45794439e+00 2.76575985e+01 1.43988724e+01
 9.98849583e+00 7.20410614e+01 8.38193893e+00 2.61369514e+00],-75.037796,-143.51657,-325.58444,2.6202502,31.917215,0.9816594,0.9528908,0.01603143712043762,7418.2934675216675,0.5,0.5,-0.14524138101892672,-0.0018464577496601544,-0.1452940180654319,-0.0009234368255415891,35.4809771345233,37.59999999999999,0.0,450000.0,-1.0,-768.0,750.0,11.807008028030396,450000
104.01144,0.03428441,0.07125198,0.0011981744,-103.26463,103.26463,[1.97993383e-01 4.47591484e-01 1.17157437e-01 1.42384157e-01
 4.11970997e+00 1.06653899e-01 1.00896716e-01 1.47081900e+01
 2.89970368e-01 5.14405489e+00 3.12603116e-02 1.28908694e-01
 5.45075685e-02 2.06781864e-01 3.27985644e-01 7.89601579e-02
 2.86149859e-01 8.79301578e-02 2.76635945e-01 8.47246349e-02
 1.77634269e-01 1.31189898e-01 5.20079546e-02 4.69111741e-01
 1.64287403e-01 1.71586931e-01 2.84313232e-01 2.81599522e-01
 2.30401605e-01 3.44205126e-02 2.23933786e-01 2.47845322e-01
 1.72052354e-01 2.42657915e-01 2.95607507e-01 1.30573750e-01
 1.59327328e-01 7.20333681e-02 1.67976737e-01 1.82206362e-01
 3.02851295e+00 2.21714810e-01 2.65968312e-02 1.10268764e-01
 1.13826886e-01 1.19878292e-01 1.01506740e-01 1.35845566e+01
 1.50862738e-01 1.79473385e-01 1.88986701e-03 3.47810805e-01
 3.24217588e-01 1.58176959e-01 1.32768750e-01 1.20063484e-01
 1.04234301e-01 1.63102329e-01 3.90452951e-01 8.59725252e-02
 2.03108102e-01 2.80034184e-01 4.30162698e-02 2.17179060e-01
 4.86885986e+01 5.07843113e+00 5.10963537e-02 1.15971737e-01
 3.19854021e+00 2.94897575e-02 1.07542765e+00 1.34193078e-01
 5.65496758e-02 3.22915688e-02 2.49301232e-02 9.58009735e-02
 2.26717278e-01 4.64339495e-01 2.15269346e-02 1.97452396e-01
 1.18636534e-01 1.63476348e-01 2.06573889e-01 9.68911499e-02
 3.00848413e+00 7.16241151e-02 1.10835068e-01 2.44680509e-01
 7.89013207e-02 1.21995481e-02 2.01301239e-02 1.15176141e-01
 4.80430651e+00 5.45854941e-02 1.47866458e-01 3.23254406e-01
 2.12022349e-01 7.15254694e-02 1.94242492e-01 1.74521819e-01
 3.93635631e-01 1.57557443e-01 1.19036213e-01 1.96396068e-01
 5.82490712e-02 2.42628604e-02 7.93648958e-02 1.49992958e-01
 1.60585493e-01 2.87975848e-01 2.88755834e-01 5.86443394e-02
 1.71432048e-01 2.78980076e-01 1.41550258e-01 4.88085747e-02
 1.17267713e-01 1.35613903e-01 2.88516074e-01 1.63687691e-01
 3.04024601e+01 1.40920520e-01 1.34452194e-01 1.69169039e-01
 6.23023733e-02 4.90683854e-01 9.25730541e-02 4.37629789e-01
 1.48443729e-01 4.21122253e-01 2.62052488e+00 9.18537751e-02
 1.12259537e-01 9.81187373e-02 1.85234085e-01 2.19819903e-01
 9.29877520e-01 1.31371588e-01 1.29410684e-01 1.16941243e-01
 9.16159675e-02 3.25276643e-01 2.51064032e-01 1.05331695e+00
 9.01879445e-02 1.23291716e-01 2.75439739e-01 9.92537737e-01
 4.04695943e-02 1.95092022e-01 5.05721331e-01 1.10911034e-01
 1.44444942e-01 8.96353871e-02 6.80929375e+00 1.72036678e-01
 9.94832963e-02 1.26805440e-01 1.68760180e+00 1.08368985e-01
 7.06872791e-02 3.50769997e-01 1.24329537e-01 1.04308240e-01
 1.20342061e-01 1.52447373e-01 1.57698363e-01 2.87962437e-01
 6.26584947e-01 1.32615849e-01 1.64017856e-01 2.39372864e-01
 8.04131180e-02 1.30056322e-01 1.56978071e-01 1.34769738e-01
 1.03466526e-01 1.49892658e-01 1.50571167e-01 5.61563969e-01
 1.10064588e-01 8.29896259e+00 1.26871675e-01 2.47702584e-01
 2.17285335e-01 4.02866416e-02 1.04355412e+01 1.25103086e-01
 1.33428574e-01 1.82155550e-01 5.68205453e-02 1.41888961e-01
 1.27993569e-01 7.25454092e-02 1.55158624e-01 1.46228820e-01
 7.19095767e-02 6.77497536e-02 2.57698059e-01 1.26386732e-01
 3.93073976e-01 1.76161215e-01 3.08432430e-01 1.11373529e-01
 2.48993903e-01 5.17356777e+00 1.79797411e-01 8.89389366e-02
 1.38814762e-01 1.64239213e-01 3.31906378e-01 1.29851088e-01
 2.11574912e-01 1.75898933e+00 2.25441217e+00 2.29968858e+00
 7.62079284e-02 6.06710725e-02 3.50141978e+00 1.11636050e-01
 1.38895109e-01 3.37745118e+00 1.87371626e-01 1.04651958e-01
 2.60319352e-01 6.38932288e-01 1.78150952e-01 3.27972561e-01
 5.17642260e-01 1.28834784e-01 1.88686132e-01 3.79395604e-01
 2.08837375e-01 1.39806289e-02 2.79704124e-01 1.63407981e-01
 1.12707391e-01 1.53139532e-01 1.24838606e-01 8.37017223e-02
 1.97900623e-01 9.77272689e-02 3.53738880e+00 1.46433443e-01
 2.91152358e-01 7.51305446e-02 1.46991178e-01 4.64053512e-01
 5.59247658e-03 1.16364285e-01 1.83457926e-01 2.01792166e-01
 2.20346436e-01 2.28957921e-01 9.04690623e-02 7.99720436e-02],0.9433855,[1.85203582e-01 1.03951752e+00 1.45294607e-01 1.35849193e-01
 8.09732628e+00 1.14118978e-01 9.77488309e-02 9.25726986e+00
 2.34966964e-01 1.74025726e+00 3.36141050e-01 1.35821730e-01
 5.66971712e-02 2.21032456e-01 2.15061933e-01 7.62469321e-02
 2.47138709e-01 5.88524751e-02 2.38868549e-01 8.55635703e-02
 1.72980249e-01 1.33767709e-01 5.29771224e-02 4.99712020e-01
 1.48033440e-01 1.63614482e-01 2.99416661e-01 2.79635221e-01
 2.05590069e-01 3.14003415e-02 2.22045392e-01 2.00276986e-01
 2.03302830e-01 2.47043252e-01 3.03144485e-01 1.32108092e-01
 9.52754915e-02 7.98686370e-02 1.39642090e-01 1.69383407e-01
 2.63243651e+00 2.04530641e-01 2.95250360e-02 9.08166766e-02
 1.21116683e-01 1.20695338e-01 1.03187397e-01 1.70088730e+01
 1.45481527e-01 1.74727231e-01 3.63323465e-02 3.61311615e-01
 2.62463748e-01 1.60971433e-01 1.24764219e-01 1.26357213e-01
 1.25905678e-01 1.62705377e-01 3.51325870e-01 7.94784650e-02
 1.93791956e-01 1.71915829e-01 4.77573089e-02 2.11331040e-01
 1.17798004e+01 1.13369381e+00 5.22182100e-02 1.15846157e-01
 2.91728187e+00 2.53605135e-02 6.42877698e-01 1.30323038e-01
 6.87477663e-02 5.18022180e-02 2.38247178e-02 9.75190997e-02
 2.23615795e-01 5.01429319e-01 2.44797245e-02 2.45201215e-01
 1.25550330e-01 1.37455225e-01 2.14926779e-01 3.92602906e-02
 4.60011053e+00 9.43758190e-02 1.09925240e-01 2.48198539e-01
 7.77916983e-02 1.20098237e-02 2.11953372e-02 1.12120047e-01
 5.14989185e+00 6.16916306e-02 1.44205689e-01 2.92638779e-01
 1.22167870e-01 5.95345087e-02 1.55946657e-01 1.77396953e-01
 3.50874275e-01 1.15109622e-01 1.17708467e-01 5.84073551e-02
 6.37253374e-02 2.84461454e-02 1.06477790e-01 1.19704157e-01
 2.78722852e-01 2.88903058e-01 3.42717394e-02 6.11978807e-02
 1.75466269e-01 2.16900989e-01 1.39938846e-01 1.98030565e-02
 1.17470063e-01 1.30323440e-01 5.33206820e-01 1.68053672e-01
 6.34578371e+00 1.31870776e-01 1.31871253e-01 1.61672175e-01
 1.07412070e-01 5.48374116e-01 8.67425948e-02 5.20428240e-01
 1.97500348e-01 4.31138575e-01 4.38845730e+00 7.64944255e-02
 3.40068936e-01 8.33352804e-02 1.79727316e-01 2.34892055e-01
 9.13055360e-01 1.33444220e-01 1.27577439e-01 1.07007504e-01
 9.48320329e-02 3.10778946e-01 2.15400755e-01 8.70516896e-01
 9.28126648e-02 1.12517908e-01 2.68005282e-01 1.97884905e+00
 3.46103832e-02 3.11474472e-01 4.64118898e-01 1.12853378e-01
 1.40192091e-01 8.80713239e-02 3.51979065e+00 1.70072943e-01
 1.01969421e-01 8.61059055e-02 4.91995955e+00 7.91918561e-02
 7.93913156e-02 3.34838867e-01 1.08310647e-01 1.40883967e-01
 1.17399201e-01 1.39573723e-01 1.43045187e-01 2.61056304e-01
 4.83333945e-01 1.83503672e-01 1.66619942e-01 1.26886934e-01
 8.12916458e-02 1.28121555e-01 1.60929248e-01 1.46826938e-01
 1.02661915e-01 1.64693832e-01 1.54620796e-01 5.65083623e-01
 1.12484351e-01 5.55728674e-01 1.18288532e-01 3.22638214e-01
 1.98329911e-01 5.36753498e-02 4.23360252e+00 5.57629243e-02
 1.41032428e-01 1.63594499e-01 5.01200035e-02 1.34037435e-01
 1.26089334e-01 7.41151422e-02 1.49953529e-01 1.46804526e-01
 8.26585740e-02 6.17053844e-02 2.43080989e-01 1.43780857e-01
 3.39437962e-01 2.21275568e-01 3.02595079e-01 1.05282009e-01
 3.34567785e-01 1.58381081e+00 1.56459719e-01 9.08660144e-02
 1.38611764e-01 1.71121031e-01 3.29987407e-01 1.75502330e-01
 2.37245411e-01 8.51210952e-01 2.51657981e-02 2.19507742e+00
 7.31583536e-02 6.00663647e-02 3.07355285e-01 1.06757306e-01
 1.40393943e-01 2.68070698e+00 1.86409101e-01 1.09865583e-01
 6.83778673e-02 4.07138020e-01 1.74094290e-01 3.26125920e-01
 5.52165747e-01 1.86586514e-01 2.40463868e-01 4.65506434e-01
 2.09815115e-01 1.63867846e-02 7.38969445e-02 1.54983282e-01
 1.03332959e-01 1.50526509e-01 1.22168198e-01 6.08060732e-02
 2.01239243e-01 3.34615931e-02 2.17801243e-01 1.43269718e-01
 2.86184251e-01 7.29594380e-02 1.41726255e-01 4.29091543e-01
 5.55591984e-03 9.01053548e-02 1.30173698e-01 2.02617660e-01
 2.29350477e-01 2.31353983e-01 9.12912935e-02 8.54919627e-02],-97.01259,-109.841324,-246.87912,1.1038032,2.7231889,0.983611,0.9313828,11.93545,-17.293839,125.105125,148.2852,6.717813,0.30615553,0.4546298,-138.50583,138.50583,[1.58878183e+01 2.51900708e+03 1.23299736e+02 7.54575506e-02
 5.14079475e+01 8.17992973e+00 1.48367529e+01 2.78987007e+01
 5.55933228e+02 2.33464233e+02 6.41168289e+01 2.66749438e+03
 2.79463196e+01 5.64780273e+01 2.15051308e+01 5.34543945e+02
 5.13252525e+01 3.27835007e+01 1.96148396e+01 2.12730408e+01
 2.22305603e+02 3.43727837e+01 2.68894995e+03 7.36945007e+02
 2.90916602e+03 4.00281181e+01 3.58030090e+01 2.45178280e+01
 3.03684998e+00 1.28652458e-03 6.36121559e+01 1.34937057e+02
 2.10941803e+02 1.50211370e+00 1.29316292e+01 2.00458362e+03
 6.66531420e+00 2.97235756e+01 1.54644043e+02 5.41544113e+01
 8.30929794e+01 8.80448627e+00 3.45220108e+01 1.66809654e+01
 2.67191277e+01 4.67712708e+01 7.67109833e+01 5.62925186e+01
 4.91810226e+00 3.24774055e+01 1.30020943e+01 1.43934746e+04
 2.21277771e+01 4.98373566e+01 4.00046814e+02 9.51355972e+01
 2.77574182e+00 1.58800316e+01 4.75583878e+01 5.01967049e+00
 8.66447144e+01 1.28309534e+03 1.88447188e+04 5.20874453e+00
 8.13761139e+00 4.09716835e+01 1.87042087e-01 3.90442619e+01
 4.23869446e+02 8.47996235e+00 1.03098936e+01 3.68275513e+02
 4.20425171e+02 3.06690903e+01 7.52704096e+00 1.74488617e+02
 2.97144341e+00 9.84892464e+00 1.12341130e+00 1.02739887e+01
 1.56563721e+01 9.64944124e-01 2.64735794e+01 2.68993835e+02
 4.68105202e+01 8.68728760e+02 3.86017344e+04 5.13507202e+02
 1.31920376e+01 2.10836875e+04 4.60172546e+02 5.66606827e+01
 3.31691870e+03 2.96604500e+01 1.35787323e+02 1.42547607e+00
 4.47917595e+01 2.36406364e+01 3.60322437e+03 8.19303320e+03
 1.88078259e+03 7.02499771e+01 4.35433235e+01 6.90642014e+01
 1.98774529e+01 2.28816433e+01 1.85961876e+01 1.14016953e+02
 8.56919250e+02 5.42811157e+02 2.56525593e+01 5.29267639e+02
 1.59498779e+03 1.27478361e+01 5.14695883e+00 1.62939072e+02
 1.10979290e+01 1.44497910e+01 4.78997116e+01 4.76193085e+01
 3.30004196e+01 3.33233154e+02 1.41335039e+01 5.22027344e+02
 3.18769348e+02 1.17653732e+01 1.19624069e+02 1.78773462e+03
 4.90907440e+01 2.83531006e+02 9.82084106e+02 2.56871548e+01
 2.26536621e+03 2.15952396e+01 4.42803421e+01 7.56853180e+01
 1.15151758e+01 4.78489456e+01 2.17165813e+01 2.53880768e+01
 2.64490991e+03 1.09879712e+03 7.45115234e+02 1.19378543e+00
 3.11051154e+00 2.60533028e+01 4.74605225e+02 5.78831177e+01
 4.42234741e+02 3.78061646e+02 4.96400528e+01 1.99459625e+02
 4.41444302e+00 1.84505291e+01 2.59153328e+01 8.49168243e+01
 3.80665817e+01 5.04717112e+00 1.05477679e+00 4.90921021e+02
 1.90860855e+02 7.63772021e+03 1.05487442e+02 5.82790279e+00
 8.60133886e-01 1.99886765e+02 1.94316006e+01 1.34457684e+01
 1.85441086e+02 1.47900562e+01 2.27557011e+01 5.24030151e+01
 7.68267059e+00 2.33010387e+01 3.91922379e+01 4.51895874e+02
 6.81712914e+00 6.35502005e+00 1.37400232e+03 1.32296572e+01
 1.75540352e+01 8.42090988e+00 2.96704221e+00 3.91495490e+00
 8.62810449e+03 1.72101898e+01 1.33630195e+04 7.27916479e+00
 4.84611389e+02 2.81763496e+01 2.07826367e+04 1.25572464e+02
 2.48050781e+03 2.29047668e+02 6.88903442e+02 3.10939255e+01
 1.95984421e+01 1.47318811e+03 2.78222332e+01 6.75694656e+01
 1.15192509e+01 2.08541919e+03 3.00048645e+02 1.00046655e+03
 4.11190796e+00 8.14943695e+01 2.64749969e+02 6.30373926e+03
 2.99935589e+01 3.01719971e+01 4.23909225e+01 1.51924890e+03
 6.31015503e+02 9.06979065e+02 5.43012161e+01 8.77667160e+01
 1.17610672e+02 8.70361145e+02 1.80869942e+01 4.77309961e+03
 9.78278809e+03 8.50380516e+00 3.73242331e+00 4.97877295e+03
 2.71450317e+02 7.11129028e+02 3.20659018e+00 5.85633564e+00
 1.11857281e+01 1.57966137e+01 3.62189827e+01 1.50127068e+01
 6.50847931e+01 1.81857861e+03 1.01698950e+03 3.20521698e+01
 1.53173950e+02 3.67333946e+01 4.60169029e+01 3.25641022e+01
 1.61636267e+03 1.25579155e+02 5.17382431e+01 2.26997986e+02
 3.19840832e+01 1.54270233e+02 1.00512016e+02 8.37960739e+01
 8.70091476e+01 6.57664551e+02 6.33599777e+01 1.61559296e+02
 6.59050465e+00 2.94586253e+00 4.18094711e+01 8.63978577e+01],1059.408,[4.04479265e-01 1.36815173e+03 1.08506069e+01 3.15091051e-02
 2.15603943e+02 7.06021488e-03 6.29516678e+01 6.22880936e+00
 4.23152679e+02 4.95102158e+01 6.14207458e+00 2.53914209e+03
 8.20862103e+00 6.51424599e+00 3.32000771e+01 1.36973389e+03
 1.89747711e+02 9.87615108e-01 1.75214405e+01 9.79043808e+01
 1.35764801e+02 2.16571674e+01 7.41091003e+02 5.45344238e+01
 4.82834863e+03 1.99301147e+01 6.90694046e+00 9.42347908e+00
 2.91800385e+01 1.40749672e-02 1.15610184e+02 2.82290649e+00
 3.35537323e+02 3.10912971e+01 1.00763426e+01 5.65251526e+02
 1.43121014e+01 9.63816106e-01 1.80272644e+02 3.98746643e+01
 2.61750088e+01 4.71382713e+00 5.28189611e+00 1.40353317e+01
 1.61561928e+01 1.30782497e+00 1.77241859e+01 4.80432701e+00
 5.11767244e+00 1.26368341e+01 7.29277229e+00 7.47587891e+03
 2.84373927e+00 4.28248444e+01 6.67365479e+02 1.04289856e+03
 3.51065397e+00 4.50964260e+00 4.95648537e+01 1.67232144e+00
 3.00128059e+01 5.92201729e+01 1.00258835e+02 2.24086237e+00
 1.88421702e+00 3.33305664e+01 2.84783745e+01 1.61572590e+01
 7.25644043e+02 6.65283823e+00 3.57278490e+00 1.76217236e+03
 6.05283325e+02 7.51758718e+00 1.29397831e+01 1.84819773e-01
 3.95048218e+01 4.19235438e-01 1.14983606e+00 2.52026558e+01
 1.45879469e+01 3.39309835e+00 1.32088747e+01 1.99773254e+02
 1.27161942e+01 7.62752075e+02 1.16695400e+04 5.73993408e+02
 3.10922623e-01 4.54612503e+01 1.09303503e+03 3.14079666e+00
 1.36796631e+03 1.40031452e+01 2.25013550e+02 1.04044600e+01
 2.99098396e+01 3.91170096e+00 2.37186182e+03 7.85582080e+03
 1.97846161e+02 5.85712738e+01 7.56754333e+02 1.99097595e+01
 1.25483856e+01 6.76239443e+00 2.01440358e+00 1.67666035e+01
 7.20317444e+02 8.39589539e+01 5.27949858e+00 3.87935211e+02
 1.36633386e+03 2.19356461e+01 7.46563101e+00 5.34930134e+00
 1.07461662e+02 3.14422436e+01 9.12775955e+01 7.16029644e+00
 1.29145708e+01 3.99746094e+02 3.85727882e+01 1.04758057e+02
 3.39900543e+02 2.44628176e-01 1.60635147e+02 3.87612030e+02
 2.83263798e+01 2.73425018e+02 1.08655835e+03 5.46177816e+00
 1.62823926e+03 1.14307699e+01 1.57307386e+01 2.42680939e+02
 5.75927198e-01 3.02971100e+02 1.06292086e+01 1.71306591e+01
 2.18484546e+03 9.34285767e+02 8.60571003e+00 7.02626266e+01
 6.76549625e+00 4.73047447e+00 4.39982872e+01 1.45372429e+01
 4.30801239e+02 7.08108215e+01 6.01086693e+01 1.23843832e+01
 3.62176687e-01 5.96362839e+01 3.45883822e+00 9.57744980e+01
 7.68581924e+01 2.92112756e+00 3.68434072e+00 9.31982605e+02
 5.78004112e+01 9.55860742e+03 6.14972782e+00 2.84509430e+01
 5.92816234e-01 1.13734344e+02 2.49766827e+00 1.98942438e-01
 1.33072311e+02 1.48800077e+01 4.02017069e+00 5.21746750e+01
 8.61306381e+00 3.21905251e+01 3.06201172e+00 6.81808594e+02
 2.00253468e+01 3.05851960e+00 1.12302197e+03 3.94109583e+00
 9.36193180e+00 3.67221527e+01 2.44407635e+01 2.56519866e+00
 3.96903174e+03 1.43608971e+01 7.75205933e+02 2.64702511e+01
 4.66660339e+02 6.08048344e+00 6.89214307e+03 7.93148346e+01
 2.63886597e+03 3.29432281e+02 7.08312988e+02 8.38648701e+00
 2.08189201e+01 3.41904346e+03 1.41266022e+02 7.55896118e+02
 1.06496763e+01 3.28918115e+03 5.40105835e+02 2.49084253e+03
 6.47068501e+00 2.24537067e+01 3.08101215e+01 6.18935938e+03
 1.61278572e+01 5.89585876e+00 2.30227737e+01 5.78950745e+02
 6.50255493e+02 6.59792297e+02 7.10138397e+01 4.88366470e+01
 1.02618065e+02 1.56019150e+02 9.03303719e+00 1.83781680e+04
 8.13947510e+03 2.56986380e+00 1.74802895e+01 9.28722461e+03
 3.90752289e+02 7.58403076e+02 3.44713902e+00 1.29258800e+00
 1.75702839e+01 3.50267670e+02 2.48925171e+01 8.64440250e+00
 4.41066284e+01 9.09932861e+01 6.93335533e+00 1.06642189e+01
 5.77187622e+02 2.15641785e+01 3.54003830e+01 2.35351028e+01
 4.31047089e+02 7.83016205e+01 1.71608067e+01 1.42872989e+00
 7.57731018e+01 2.00233093e+02 4.80130539e+01 1.19094040e+02
 1.24755774e+01 6.56640320e+01 5.31317759e+00 1.70084351e+02
 2.33293228e+01 2.12441206e+00 7.46180344e+00 1.61991825e+01],-78.386,-148.30756,-300.26562,2.3755405,16.091272,0.97626656,0.95277256,0.01711682213783264,7846.21405506134,0.0,0.0,0.018821020756542708,-0.0016772714196791468,0.01869211524100614,0.005132679422763814,36.10967441881521,37.59999999999999,0.0,474750.0,-2.0,-864.0,750.0,11.612682104110718,475000
102.58714,0.043602075,0.047735095,0.00082197244,-102.06619,102.06619,[7.50239938e-03 6.07330538e-03 1.83866965e-03 9.92617663e-03
 2.09453721e-02 6.39178383e-04 6.21819735e+00 2.50523686e-02
 9.40807387e-02 1.67905376e-03 2.21998505e-02 9.29856822e-02
 5.20778541e-03 2.28688330e-03 1.17097963e-02 6.29012054e-03
 1.12473150e-03 6.31381804e-03 9.31991788e-04 1.93307921e-02
 1.80398330e-01 5.92201203e-03 3.32599990e-02 4.70277760e-03
 3.76803591e-03 4.19232249e-03 2.48956773e-03 3.35719660e-02
 2.12309211e-02 1.26837613e-02 1.02767590e-02 2.13233358e-03
 2.44615749e-01 2.59404071e-02 5.68514038e-03 1.56435430e-01
 3.11243311e-02 2.32825894e-03 7.37332692e-03 4.43711318e-03
 6.62189268e-04 6.46686298e-04 9.00290161e-03 1.62433684e-02
 2.20429242e-01 1.37092561e-01 2.83007063e-02 3.53207858e-03
 4.72141802e-03 1.41518423e-03 1.03383631e-01 1.11239660e-03
 2.48007420e-02 4.19262089e-02 1.05809812e-02 3.35187651e-02
 1.83208752e+00 1.05734756e-02 3.49652693e-02 5.80685446e-06
 2.57553591e-04 3.88648435e-02 2.16748789e-02 8.65434557e-02
 1.59435906e-02 2.32018173e-01 7.78883230e-03 3.07412803e-01
 3.75323859e-03 4.35176957e-03 2.31251400e-03 3.31445038e-03
 7.28604126e+01 3.21683707e-03 3.06001259e-03 2.18641246e-03
 4.95654205e-03 6.26629949e-01 1.28547168e+00 1.00595374e-02
 2.23137774e-02 3.72193009e-03 1.37500989e-03 4.78005828e-03
 1.56334322e-02 9.69093526e-04 1.94931496e-02 2.33030901e-03
 1.57248712e+00 9.69919201e-04 6.66713761e-03 2.57876426e-01
 1.20732291e-02 1.02352336e-01 2.49405541e-02 5.47333946e-03
 1.13312271e-03 7.16842769e-04 3.62130031e-02 3.61320795e-04
 1.19775161e-02 8.21899809e-03 2.76927976e-03 6.34243013e-03
 8.05812608e-03 1.36258546e-03 1.51846334e-02 1.77406613e-03
 1.32452007e-02 2.88464185e-02 3.27391992e-03 6.03241101e-03
 1.65840369e-02 1.15623295e+00 3.85720842e-02 7.00002257e-03
 7.53445365e-03 3.79031189e-02 9.52639058e-03 2.39045564e-02
 3.29449102e-02 1.70465447e-02 2.98977946e-03 1.03365345e+01
 1.12181092e-02 1.81157514e-02 1.50256837e-03 1.20458007e-02
 1.54249044e-03 2.93470046e-04 7.94101972e-03 1.32620223e-02
 4.26668394e-03 6.62240339e-03 3.22798733e-03 2.73029134e-02
 2.11894531e-02 4.95392270e-02 2.13541929e-03 2.46946095e-03
 1.76222865e-02 4.69137520e-01 1.57582965e-02 2.86872778e-03
 4.61137667e-03 3.41619889e-04 1.09886029e-03 2.61541903e-02
 1.64630357e-02 1.78347379e-02 5.58835790e-02 7.35681504e-03
 4.51029395e-04 1.03419013e-02 1.69382229e-01 1.98107474e-02
 2.57458212e-03 1.56656038e-02 1.33393947e-02 6.59090430e-02
 1.08765513e-02 2.50729509e-02 5.37168980e-03 7.11689442e-02
 4.37478352e+00 2.65637226e-02 2.92686722e-03 4.66364995e-03
 1.46957576e-01 3.12146962e-01 2.73097605e-01 8.53603240e-03
 7.67291039e-02 3.28978151e-03 2.32137111e-03 4.30661626e-03
 2.61935368e-02 5.44116981e-02 6.88254647e-03 4.77178546e-04
 3.83253433e-02 1.60953496e-05 4.85025486e-03 1.25565454e-02
 1.28403986e-02 1.36051234e-02 4.00456134e-03 9.20295063e-03
 4.09015036e+00 3.18345521e-03 1.10145556e-02 1.40737800e-03
 8.69439356e-03 1.43085301e-01 2.11436697e-03 1.18862139e-02
 1.45154782e-02 5.85721321e-02 7.36937020e-03 2.24535680e+00
 7.28417840e-03 2.30028271e-03 2.51607038e-02 6.23825490e-02
 2.62543224e-02 5.19605637e-01 1.26859266e-02 1.20877683e-01
 4.83009624e+00 7.32770935e-03 2.55681369e-02 1.02504413e-03
 4.53103900e-01 9.99091472e-03 1.91648565e-02 3.34469415e-03
 3.17182504e-02 1.09505607e-03 1.20281754e-03 2.31668167e-03
 4.71827108e-03 1.11797010e-03 2.39591934e-02 4.58188774e-03
 1.82320178e-02 5.22056129e-03 1.44953351e-03 1.46280602e-02
 1.21700726e-02 2.14920612e-03 9.77117685e-04 4.67564501e-02
 1.70760974e-02 1.45082520e-02 1.03607289e-02 5.70960976e-02
 4.31753434e-02 5.89819218e-04 3.01378444e-02 3.31094977e-03
 7.57571906e-02 4.47817438e-04 3.58856888e-03 5.41490763e-02
 7.91752897e-03 4.32767533e-02 2.39400449e-03 1.43792272e-01
 1.14765838e-01 6.91173784e-03 3.81609462e-02 3.83856299e-04
 1.28323293e+00 1.19114481e-02 7.02665653e-03 1.63317658e-04],0.7654776,[1.20957363e-02 1.31879211e-03 1.76707725e-03 1.49847358e-03
 4.44196630e-03 4.29211708e-04 2.12647247e+00 2.60264110e-02
 2.50485670e-02 2.54707993e-05 1.43547039e-02 5.74473403e-02
 8.86811933e-04 2.16517854e-03 3.43366351e-04 1.17225125e-02
 4.23842110e-03 1.85838789e-02 4.23302129e-03 1.26891444e-03
 2.53908515e-01 5.72535023e-03 2.10490916e-03 1.23361545e-03
 4.40348778e-03 7.68096978e-03 2.41674995e-03 1.10116964e-02
 1.77993649e-03 1.16343517e-03 3.47100571e-03 1.78710604e-03
 2.54689008e-01 6.44790940e-03 1.55571625e-02 7.15770870e-02
 1.30479382e-02 3.70141165e-03 3.82719631e-03 2.18348717e-03
 3.55954398e-04 9.55946743e-03 1.23935724e-02 1.95321478e-02
 8.35153982e-02 3.82367149e-02 7.90855475e-03 8.85485788e-04
 3.93065624e-03 8.69493058e-04 1.10782743e-01 1.13735092e-04
 1.08754952e-02 5.57255894e-02 9.26506822e-04 4.29741070e-02
 5.94096470e+00 1.38414069e-03 1.25823781e-01 2.04411452e-04
 1.30326860e-03 6.41598273e-03 3.71219241e-04 1.03423454e-01
 6.24561217e-03 6.44433722e-02 2.12457869e-03 1.60166044e-02
 2.61906208e-03 2.67692353e-03 5.44793089e-04 2.75201455e-04
 1.08186249e+02 3.06586409e-03 1.29609201e-02 7.64807046e-04
 5.35345916e-03 7.73654431e-02 1.63716865e+00 3.11127095e-03
 4.20624914e-04 3.34961619e-03 2.15329975e-03 1.17387529e-03
 8.95212498e-03 3.03164416e-04 2.44197566e-02 3.78614897e-03
 5.44488525e+00 2.56402884e-03 6.77202037e-03 3.47655863e-02
 1.63557548e-02 1.16166193e-02 1.67947728e-02 2.63742474e-03
 1.66292526e-02 2.92882929e-03 8.22634064e-03 1.57312048e-03
 7.12182373e-03 5.16284863e-03 4.97928355e-03 4.41259053e-03
 6.26036199e-03 3.41148837e-03 7.32312445e-03 1.49591239e-02
 3.61851789e-02 1.46917086e-02 3.75521625e-03 3.72970221e-03
 8.52100085e-03 6.14233911e-01 2.48447880e-02 5.64445648e-03
 8.21055903e-04 4.53969017e-02 3.79865640e-04 9.07009188e-03
 1.56380851e-02 7.73725379e-03 3.09865293e-03 3.50942874e+00
 1.42379971e-02 1.83926779e-03 9.91780311e-04 2.60796212e-03
 4.86192585e-04 2.36329832e-03 7.96384085e-03 2.78012641e-03
 1.65941217e-03 5.82243409e-03 5.01463655e-04 5.10685332e-03
 3.63211744e-02 2.76819021e-02 2.49499455e-03 8.42898269e-04
 7.80925853e-03 2.88784122e+00 8.43027700e-03 2.33660010e-03
 1.40158087e-03 3.06367222e-03 2.01862119e-03 5.14369421e-02
 2.67666019e-02 2.22469289e-02 5.69939613e-02 1.76145835e-03
 2.22138653e-04 2.18462013e-03 2.01346725e-02 3.81406434e-02
 1.84044917e-03 1.01508573e-02 1.45632159e-02 1.97491609e-02
 5.11595840e-03 2.79086828e-02 4.44183871e-03 8.23522061e-02
 2.31164050e+00 5.00658005e-02 1.49329309e-03 1.38890021e-03
 1.90897919e-02 3.72130603e-01 2.60020733e-01 9.19105601e-04
 5.92549192e-03 1.78814051e-03 3.69492476e-03 2.09992239e-03
 1.05927736e-02 2.64066998e-02 2.03332165e-04 5.83794434e-04
 3.58694978e-02 5.70511911e-05 1.97144528e-03 1.04866298e-02
 1.09466407e-02 4.03583236e-03 1.30803147e-02 8.21085870e-02
 1.42657173e+00 6.66281034e-04 9.63123329e-03 1.83659489e-03
 4.49729525e-03 5.72925806e-02 9.02639423e-03 3.26342136e-03
 1.94501062e-03 2.24477779e-02 6.61975285e-03 1.46658254e+00
 2.49018613e-02 2.17713439e-03 6.04553074e-02 1.19532654e-02
 7.51147978e-03 9.00790170e-02 2.50611827e-02 2.16876253e-01
 9.39006448e-01 1.04325181e-02 1.73462853e-02 1.79513777e-03
 4.77453358e-02 7.08125997e-03 3.42537474e-04 2.03860574e-04
 1.26523916e-02 1.13325929e-02 1.69883389e-03 3.79002444e-03
 1.42913475e-03 2.24976102e-04 1.50532806e-02 1.07706198e-02
 6.83873147e-02 2.88286689e-03 3.12337885e-03 9.83672217e-03
 4.17043269e-03 4.59197443e-03 5.03149629e-02 1.77707076e-02
 4.57087867e-02 1.77755691e-02 6.36473764e-04 3.20560336e-02
 1.72834098e-02 2.55690247e-04 3.25602889e-02 1.00263832e-02
 3.44828106e-02 3.87979602e-03 1.00483326e-02 1.30375093e-02
 4.72675310e-06 5.54999628e-04 1.98171474e-04 9.92941260e-02
 3.91458161e-02 1.13515300e-03 2.73705758e-02 2.78251828e-04
 1.32169962e+00 2.78523639e-02 2.33879546e-03 4.97419038e-04],-96.24155,-107.903946,-248.62057,1.0990908,2.7160707,0.9905531,0.9312016,3.1680865,-3.9720526,75.27228,146.72607,6.5763564,0.332211,0.486339,-136.8276,136.8276,[1.49320126e+01 8.78440857e+02 1.02303735e+03 3.02497620e+02
 2.32559967e+01 1.09394102e+01 1.67209358e+01 1.62938660e+02
 9.03201538e+02 3.71483612e+01 8.41002808e+01 8.76941071e+01
 2.57014551e+03 7.14807081e+00 1.80861584e+03 7.31605911e+01
 5.22337036e+02 2.16600571e+01 1.36916625e+00 2.64825073e+02
 6.97773743e+01 6.05238770e+02 3.65957184e+01 1.76378143e+02
 5.68073130e+00 7.40454102e+00 8.94220123e+01 1.44134082e+04
 1.91927433e+01 2.80066071e+02 1.32362280e+01 7.27829742e+01
 1.46875610e+03 1.12950793e+03 6.06680527e+01 9.73464050e+01
 5.05356720e+02 1.79590790e+02 2.60160156e+02 2.60410881e+01
 3.58073425e+01 4.97187958e+01 3.39371063e+02 2.97808887e+03
 7.40103607e+01 4.02998566e+02 9.96397827e+02 5.61400391e+02
 6.14555779e+01 1.70352692e+02 2.58331013e+00 8.71228600e+00
 3.51212654e+01 4.60520668e+01 3.74687622e+02 3.49129715e+01
 1.26837775e-01 7.88439691e-01 2.51039600e+01 6.48410568e+01
 7.11857147e+01 8.44455433e+00 1.78117722e+02 2.14038945e+04
 5.35745239e+01 2.10929413e+01 2.28783676e+02 1.40795441e+01
 3.48599365e+03 5.86757507e+01 2.49946875e+03 4.27167320e+01
 1.47665970e+02 3.02004356e+01 1.34815559e+01 3.80106997e+00
 5.04171509e+02 2.61595039e+01 9.77165833e+01 7.52566576e+00
 9.93505418e-01 2.34817886e+00 6.66357327e+00 1.42272396e+01
 1.98268281e+04 9.70004463e+00 1.33782101e+00 4.38089828e+01
 2.54735432e+01 1.97805786e+02 1.58362836e-01 9.41853455e+02
 1.79186306e+01 2.63816833e+02 6.93458366e+00 1.32721527e+02
 1.58318863e+02 8.93242264e+01 1.45531006e+03 7.74118896e+02
 1.47140344e+03 4.29663239e+01 9.19523010e+02 7.24422646e+00
 4.64008598e+01 2.06028809e+03 3.70303583e+00 2.21226196e+01
 7.12807983e+02 6.09630432e+02 1.79644934e+03 2.84979858e+02
 3.37973900e+01 1.69952305e+04 4.79548950e+01 7.26910889e-01
 1.24989977e+01 2.13064556e+01 1.25435524e+02 2.23232193e+01
 7.97531891e+01 1.31528458e+02 6.84587463e+02 9.58220978e+01
 2.20673193e+03 1.83899040e+01 4.67457352e+01 2.20533768e+02
 1.94487625e+02 4.15084381e+01 2.01393852e+01 7.45190334e+00
 4.77829803e+02 1.26037240e+00 5.50683716e+02 2.66960602e+02
 5.14082825e+02 6.24387283e+01 9.67634888e+01 7.56953320e+03
 3.05857601e+01 5.40867920e+01 1.11129941e+04 2.10606556e+01
 6.07399902e+01 5.47843552e+01 3.10177422e+00 6.45932531e+00
 2.99482479e+01 2.92605988e+02 4.83132124e+00 1.64191208e+01
 1.54084579e+02 5.83856888e+01 3.96097534e+02 1.07018204e+02
 2.50838089e+02 4.16141167e+01 3.33341919e+03 4.81781578e+01
 3.70709503e+02 9.28875427e+01 4.68288574e+01 1.49803715e+01
 1.58022583e+03 3.18025574e+02 1.55838196e+02 1.14433386e+03
 1.02788839e+01 6.11693420e+02 4.71079111e+00 4.36305466e+01
 1.16245224e+02 1.72985382e+02 3.12021484e+02 5.62856712e+01
 2.12758684e+00 2.35094185e+01 4.99079132e+00 1.85248718e+01
 3.09949219e+02 9.26649570e+00 7.43347595e+02 9.25460739e+01
 2.14106922e+01 7.25131152e+03 5.22051659e+01 1.61210299e-02
 3.10918827e+01 1.36044073e+01 9.97509644e+02 5.52418900e+00
 1.73577087e+03 1.20534916e+01 4.49542908e+02 5.88306808e+01
 1.11508359e+04 9.77493042e+02 1.82489258e+03 2.65076280e+00
 3.70236084e+03 1.68584375e+03 1.42317004e+03 3.52897797e+02
 1.12388298e+02 1.11515222e+03 4.13754731e-01 1.38039619e-01
 2.34757739e+03 9.47297573e+00 6.71569092e+02 1.34038792e+01
 1.05064294e+03 1.80885986e+02 6.85534821e+01 5.22485781e+00
 1.23864574e+01 2.08146458e+01 1.04969269e+02 7.07766390e+00
 2.48890991e+01 3.29476891e+01 1.19043016e+01 5.19186172e+01
 1.01900146e+02 1.93783936e+02 8.91423706e+02 3.86784229e+03
 1.91659412e+01 2.90091813e-01 4.72593613e+01 1.18676620e+02
 2.53121586e+01 1.82869107e-01 2.92168694e+01 1.71976917e+03
 2.97128886e-01 2.35153076e+02 6.13699158e+02 3.08023167e+01
 4.35187073e+01 1.05250397e+01 1.06996450e+01 6.75304184e+01
 1.79084206e+01 1.54352531e+01 6.95096817e+01 6.06823608e+02
 3.10820410e+03 6.18918724e+01 4.98071480e+01 4.76618910e+00
 1.77531995e+03 5.40842533e+00 8.73349304e+02 1.01397205e+03],880.3987,[2.37502956e+00 5.70933594e+02 1.75314236e+00 1.94689941e+02
 9.77038097e+00 5.23002625e-01 4.90828247e+01 2.33965973e+02
 2.35368213e+03 5.60864220e+01 2.13580990e+01 2.24405117e+01
 2.39261963e+03 7.01821756e+00 2.63761230e+02 3.79443169e+01
 1.88573380e+01 2.72579575e+01 1.24956179e+00 5.25642151e+02
 2.53710403e+01 8.46589127e+01 2.62151642e+01 1.61429749e+02
 4.40954447e+00 1.53729534e+01 3.47702675e+01 6.00225098e+03
 4.65797901e+00 3.90482831e+00 1.18299971e+01 4.19512558e+01
 1.46206567e+03 1.89311060e+03 2.45118052e-01 2.48078461e+01
 1.76557190e+03 3.70855011e+02 8.15320053e+01 4.39164782e+00
 2.16226006e+01 5.18453255e+01 3.04229858e+02 3.44924774e+02
 2.48764496e+02 7.59742554e+02 2.48002411e+02 4.42340027e+02
 1.08508736e+02 2.10877808e+02 1.33784380e+01 1.51207483e+00
 7.21219778e+00 2.21317124e+00 1.34525232e+03 7.16595411e+00
 7.01701880e-01 6.43659234e-01 1.75374908e+01 7.84317474e+01
 2.86964455e+01 1.15615215e+01 8.60336121e+02 9.18029492e+03
 1.39674133e+02 3.02507000e+01 2.59340790e+02 1.03047161e+01
 4.43501270e+03 3.85075493e+01 5.29239600e+03 1.61046350e+00
 1.69396324e+01 8.05904484e+00 1.04331741e+01 6.07584381e+01
 4.74004639e+02 4.97250319e+00 9.89245758e+01 4.69096303e-02
 6.33396578e+00 2.37795258e+01 6.58480215e+00 9.41733360e+00
 1.14110275e+02 9.11166954e+00 7.85194039e-01 1.94670143e+01
 4.83468151e+00 1.45973999e+02 3.06306541e-01 2.37058398e+03
 1.93390388e+01 7.25478577e+02 5.61648130e-01 1.98628788e+01
 1.77770233e+02 4.58265038e+01 2.87674744e+02 4.33140076e+02
 1.45617981e+02 9.27749515e-01 2.80974731e+02 6.99025273e-01
 1.07316643e+02 3.75571289e+03 1.05333042e+01 7.84621298e-01
 1.14728317e+02 3.76882111e+02 2.10560278e+03 2.52092361e+02
 7.77361917e+00 8.71337598e+03 8.73643417e+01 4.41644058e+01
 4.50888710e+01 2.49554482e+01 8.30128956e+00 1.32429037e+01
 4.75100594e+01 9.68628616e+01 3.44190643e+02 8.61893158e+01
 2.04330457e+03 7.24499893e+00 1.35427713e+00 1.00786354e+02
 7.82725143e+00 2.00108576e+00 5.62351084e+00 9.98736471e-02
 5.91561035e+02 1.08692837e+01 9.87980408e+02 7.38583740e+02
 7.22318115e+01 6.08030548e+01 1.25978851e+01 3.85161475e+03
 1.40593739e+01 3.83754272e+01 8.73059375e+03 3.87702656e+00
 2.49095325e+01 3.29423828e+01 8.71988010e+00 1.18330193e+01
 1.04537392e+01 5.08700134e+02 8.96881294e+00 5.41335821e-01
 5.80167694e+01 3.24870300e+01 1.01959200e+01 1.64598282e+02
 4.00150085e+02 2.38789597e+01 5.00291406e+03 1.68663216e+00
 1.91672058e+02 7.04241104e+01 1.45400019e+01 5.78971386e+00
 1.24543262e+03 1.05553567e+00 1.11809456e+02 9.79627441e+02
 8.51456547e+00 5.31388611e+02 5.41169548e+01 1.04803093e+02
 2.12586365e+02 1.13416725e+02 5.28470703e+02 3.57572937e+01
 8.72917175e+00 1.26279755e+01 4.71609354e+00 8.52197266e+00
 4.97879395e+02 4.50196654e-01 2.93011871e+02 5.88539467e+01
 1.46236801e+01 5.78244324e+02 1.20623657e+02 4.77093197e-02
 2.11979914e+00 1.71143138e+00 1.73568823e+03 3.49148369e+01
 8.05264343e+02 4.05776596e+01 3.39539001e+02 4.15517235e+01
 7.95006055e+03 9.69647522e+02 4.39023094e+01 4.98982334e+00
 4.03041772e+03 9.23858337e+02 8.09477539e+02 2.93267422e+01
 5.37674179e+01 1.02252832e+03 4.02024746e-01 5.36918602e+01
 2.98567822e+03 1.30702972e+01 3.66415291e+01 6.01911354e+00
 5.90692932e+02 3.46656151e+01 4.24938126e+01 3.41977620e+00
 8.31099510e+00 4.06224918e+00 7.57778072e+00 8.73985577e+00
 4.87286282e+00 3.38474345e+00 5.78913784e+00 4.00292778e+01
 1.40012846e+01 9.29779148e+00 1.45144043e+03 3.71934302e+03
 3.79533577e+00 1.00226557e+00 6.59903870e+01 1.83526325e+01
 2.44750854e+02 1.30546033e-01 1.91313763e+01 4.86604645e+02
 1.11717815e+01 1.74308586e+01 4.09207581e+02 4.44784546e+01
 4.91626930e+00 1.41005754e+00 4.72402960e-01 2.42096844e+01
 3.09625874e+01 7.85288315e+01 3.19408112e+01 2.60801208e+02
 1.27686328e+03 1.20832710e+02 1.79812794e+01 9.64175701e+00
 2.66989355e+03 4.33350658e+00 1.43381067e+03 5.46078247e+02],-61.067184,-150.24928,-337.80807,2.6901994,56.14691,0.91433394,0.9543085,0.015789641485214233,8240.955126523972,0.5,0.5,-0.19292807766255143,0.0004004784501290728,-0.19291288350242605,0.0008331557026149404,35.54495150803497,37.59999999999999,0.0,499500.0,-1.0,-755.0,750.0,13.548019886016846,500000
103.41602,0.03954963,0.049530584,0.0017372094,-102.881165,102.881165,[3.05879489e-02 1.92011683e-03 1.85713954e-02 8.06032331e-04
 9.89279943e-05 2.14410154e-03 3.17797959e-02 8.95817066e-04
 1.60198007e-03 9.84095596e-03 1.00821545e-02 9.12028272e-03
 6.12951256e-03 2.26395205e-03 5.43350019e-02 9.55032557e-03
 1.87899405e-03 6.38993740e+00 4.24752012e-02 8.97895661e-04
 8.84812295e-01 4.34983149e-03 1.45136425e-03 3.68191232e-03
 3.67576629e-02 2.53794831e-03 6.59334706e-04 4.60533332e-03
 1.19251478e-02 7.84660876e-03 1.42249251e-02 5.96768036e-02
 1.95625222e+00 2.38964465e-02 2.95991451e-03 7.56661000e-04
 5.63341789e-02 2.27334094e-03 1.08366751e-03 3.57648882e-04
 1.91935897e-02 4.68044728e-02 2.54291343e-03 4.99009788e-02
 8.96293670e-03 7.85270408e-02 2.49664821e-02 1.98468124e-03
 4.09062544e-04 1.58265531e-01 1.67968726e+00 1.34298555e-03
 1.32490128e-01 1.55643940e+00 2.14644782e-02 5.05282835e-04
 1.18619852e-01 3.58845573e-03 1.40346056e-02 4.44246747e-04
 5.17505482e-02 4.63067219e-02 1.17836439e-03 3.01247113e-03
 4.83662635e-03 8.17467868e-01 1.64217607e-04 5.47565520e-03
 1.99087039e-02 4.44835611e-02 1.44711672e-03 6.05954751e-02
 5.13773935e-04 2.99543905e+00 6.90375408e-03 8.45095366e-02
 6.43949956e-02 1.86728430e-04 2.61221491e-02 1.24997618e-02
 8.56725092e-04 6.08630013e-03 1.14538092e-02 4.22210712e-03
 9.95458290e-03 2.79132836e-02 2.45554876e-02 8.07611942e-02
 1.91810320e-03 8.97687301e-03 1.54110700e-01 8.33956748e-02
 3.57522839e-03 7.32361898e-03 1.69303571e-03 7.48622417e-03
 6.17351755e-02 1.36933522e-04 1.62328333e-02 4.81036026e-03
 5.97972888e-04 4.69096994e-04 2.67299730e-03 2.01770179e-02
 5.53335175e-02 6.78258948e-03 7.22915307e-02 1.37292896e-04
 1.76319713e-03 8.38515349e-03 8.20149761e-03 1.67850144e-02
 1.66928321e-01 3.75129692e-02 9.57834069e-03 2.08894998e-01
 2.89323866e-01 5.64401627e+00 2.75076367e-04 3.50315869e-03
 1.55865448e-03 1.64051390e+00 1.40680056e-02 1.93845131e-03
 4.67021823e-01 4.88968519e-03 1.84140075e-03 5.62802795e-03
 5.45325922e-03 3.46908160e-03 1.64372101e-03 2.55375472e-03
 1.90616918e+00 6.18134718e-03 3.27734393e-03 2.28096754e-03
 3.93460970e-03 1.10242721e-02 1.02155730e-02 8.13154221e-01
 1.23888589e-02 2.70182150e-03 1.33331895e+00 8.72386852e-04
 9.20494203e-04 2.01019328e-02 9.28138383e-03 3.07576489e-02
 1.26624620e-02 1.71346869e-02 3.13905217e-02 2.81275567e-02
 7.86976237e-03 2.74333451e-03 3.29766460e-02 5.47886565e-02
 1.31634828e-02 4.96820081e-04 2.85500241e-03 2.64259316e-02
 2.66919672e-01 1.14763342e-02 1.09855551e-03 7.60560203e-03
 9.24015045e-03 2.40848330e-03 1.43775949e-03 1.15511380e-03
 1.10305815e+01 5.01519907e-03 1.41068327e+00 2.69507570e-03
 3.24187847e-03 3.98810673e+00 5.62806800e-03 1.71973780e-02
 4.37294431e-02 6.25108406e-02 8.84584151e-03 8.50569978e-02
 2.59023788e-03 1.28593946e+00 1.52245164e-04 2.48913467e-03
 2.03978177e-03 3.60597949e-03 3.66348207e-01 7.77479727e-05
 1.36812599e-02 2.53412686e-02 5.50903496e-05 1.32698123e-03
 3.43316458e-02 2.73770541e-02 8.05449039e-02 1.12969428e-03
 5.29445428e-03 6.20704796e-03 4.36279699e-02 1.22379452e-01
 1.94889039e-01 5.43768751e-04 1.20587023e-02 7.89187698e+01
 5.31217689e-03 1.36112096e-04 1.26998918e-02 3.23904969e-04
 1.21910265e-02 2.57860017e+00 1.53920770e-01 1.25938747e-03
 7.06377253e-02 3.32765803e-02 1.47776735e+00 2.81447798e-01
 2.62370724e-02 1.79629261e-03 3.49564031e-02 6.06740185e-04
 1.62248760e-02 2.35337345e-03 1.82987761e+00 1.26926065e-03
 3.20483930e-03 6.59915851e-04 1.50306639e-03 1.15198391e-02
 3.55330412e-04 1.61435995e-02 3.39719513e-03 2.58132100e+00
 1.15530873e-02 1.60825178e-02 5.66927576e-03 2.67171916e-02
 1.12715345e-02 6.23322278e-03 1.25468150e-03 2.27620685e-03
 1.27349675e-01 1.83105357e-02 4.85895574e-03 6.66519776e-02
 7.13653304e-03 9.87501629e-03 3.69412899e-01 9.04516876e-03
 1.25170909e-02 1.18885306e-03 2.68712570e-03 1.50808236e-02
 8.38316325e-03 7.65461698e-02 6.08117739e-03 1.58224050e-02],0.5882249,[1.5367670e-02 7.0607252e-03 4.1821189e-03 7.5891637e-04 9.0325793e-04
 2.7122686e-03 2.9479790e-02 4.5940964e-03 5.7243305e-04 2.0370942e-03
 8.7818569e-03 2.7414397e-03 1.3478114e-03 3.8385994e-03 7.0941687e-02
 4.2373990e-04 1.3939033e-03 2.4180434e+00 3.0471701e-03 9.9785486e-04
 1.2911519e+00 8.4748529e-03 4.4338231e-04 1.2050179e-04 1.2427200e-02
 2.5299764e-03 1.6439682e-02 4.9199383e-03 1.3455576e-02 1.4308600e-02
 1.4216313e-02 4.7945734e-02 1.6229850e+00 1.5266983e-02 3.2204813e-03
 7.2371645e-04 6.7585200e-02 1.5130197e-04 5.1398859e-03 8.4232725e-03
 7.7485004e-03 8.6321058e-03 2.7387645e-03 6.5856546e-02 1.8557338e-02
 4.5104944e-03 7.2172895e-02 1.2457764e-02 3.8180716e-04 3.4127706e-01
 1.7697048e+00 1.6840797e-02 1.7826712e-01 1.5542248e+00 3.7680298e-02
 1.6289935e-01 7.5278105e-03 3.2860469e-03 1.0934541e-02 1.0049166e-03
 4.9413092e-02 5.3504934e-03 1.1049318e-03 9.9824527e-03 2.9091663e-03
 1.4010035e-01 7.8006397e-04 6.7168169e-02 4.5358252e-02 4.3619562e-02
 1.6295935e-03 4.3803435e-02 1.0357616e-03 2.8538439e-02 5.2853068e-03
 7.4683905e-01 6.8356402e-02 8.2261191e-04 3.7196483e-02 4.7031783e-02
 4.2533902e-03 1.6068367e-03 1.3238784e-02 5.1786336e-03 1.1589238e-03
 9.1762329e-03 2.3039973e-03 6.4088264e-04 3.1670788e-07 7.7403253e-03
 1.7374940e-02 1.8966494e-02 9.5137628e-03 1.1850504e-02 1.6714439e-03
 2.1251165e-03 2.1462739e-02 1.5666431e-03 6.6346694e-03 6.4015370e-03
 9.6543925e-03 1.8411845e-02 2.0465199e-03 3.5987098e-02 9.6820936e-02
 6.9980661e-04 6.5266892e-02 6.3259937e-03 3.0077309e-03 1.3009950e-02
 9.3956068e-03 1.9122165e-02 1.7792071e-01 1.4816136e-02 1.8149065e-02
 2.2804471e-02 9.2697792e-02 1.7069596e+00 9.8541344e-04 2.5228283e-03
 2.5583708e-03 1.0923553e+00 1.7249446e-02 1.7087004e-04 4.6798289e-02
 1.5820423e-03 1.0297849e-03 6.4978991e-03 5.4250662e-03 4.7218567e-03
 1.0524845e-02 1.2058955e-02 1.9402621e+00 1.1808841e-02 4.6517788e-03
 4.9711461e-03 8.8902228e-03 7.1308245e-03 1.4516819e-02 3.6191753e-01
 2.5401264e-03 1.0131078e-04 8.4566107e+00 8.8429369e-04 1.9295188e-02
 1.7368490e-02 2.9895952e-02 1.8793419e-02 2.7700153e-04 3.2240525e-03
 2.3535371e-02 1.3502695e-02 2.7330266e-03 3.9831275e-04 1.9041946e-02
 6.7477465e-02 4.8869319e-04 1.0532385e-03 5.3832034e-04 2.3757201e-02
 3.1862953e-01 6.0100323e-03 9.4703829e-04 1.4753186e-02 5.2054585e-03
 4.1506439e-04 4.4275942e-04 1.9733000e-03 3.9660757e+00 7.5702701e-04
 5.0963420e-01 2.1955580e-03 2.2905227e-02 2.2139397e+00 5.2586701e-03
 4.1838251e-03 3.2498628e-02 8.3553188e-02 8.4280372e-03 8.8124052e-02
 9.4085245e-04 4.2859426e+00 1.7452636e-05 8.6446526e-04 1.4774622e-03
 2.3419464e-02 7.3204768e-01 1.3690812e-03 6.5908637e-03 3.1798035e-02
 5.3328054e-05 4.3731584e-04 1.3721979e-02 2.2579186e-02 1.3419662e-01
 1.9387651e-04 2.7598767e-03 5.4250676e-03 1.3404065e-03 2.5584319e-01
 2.1910499e-01 6.0329738e-04 4.7689164e-03 3.1448174e+01 6.5562233e-02
 4.1066675e-04 1.7827475e-02 5.1442627e-04 1.3956640e-02 2.4950553e-01
 1.5091506e-01 4.0767627e-04 4.0124781e-02 5.8640479e-03 5.6086855e+00
 3.0181354e-01 3.3927495e-03 9.1848831e-04 2.3929982e-02 1.4342237e-03
 3.4137938e-02 1.4590636e-03 9.4594342e-01 3.5883073e-04 1.5280268e-03
 4.7886750e-04 9.1845002e-03 2.5042508e-02 3.8617221e-04 2.1414647e-03
 1.7083415e-03 6.3367062e+00 8.6375577e-03 1.2103562e-02 3.8381408e-03
 2.5892487e-02 7.5372803e-04 4.8182127e-03 1.3845735e-03 1.5518917e-02
 6.0520414e-03 1.5103778e-02 2.2426192e-02 9.0057001e-02 4.4025537e-03
 9.4757630e-03 4.4798422e+00 3.7939013e-03 5.0530331e-03 1.0782229e-03
 2.5269412e-02 7.1868494e-02 5.7315513e-02 8.3712358e-03 4.4376259e-03
 2.7026851e-02],-95.87949,-108.23255,-257.67664,1.1172812,2.1945977,0.91991407,0.93212867,3.6628544,-6.1155353,60.036762,148.02065,7.4032526,0.36154076,0.460682,-137.00198,137.00198,[2.11044418e+02 2.87381348e+02 5.14354897e+00 4.36441374e+00
 6.12063706e-01 2.19003876e+02 5.88968849e+01 2.02495209e+02
 4.49046440e+01 4.86108594e+03 1.09403577e+03 1.07885151e+01
 2.96234741e+01 1.09411670e+03 1.84167719e+00 8.80080719e+01
 4.09015283e+03 8.55650513e+02 3.25656738e+02 2.30792065e+01
 9.88165379e+00 3.86377754e+01 6.25190735e+00 4.99615234e+02
 8.87842941e+01 5.09777689e+00 8.21212769e-01 2.52049685e+00
 8.76626282e+02 1.90041809e+01 8.64804230e+01 8.18968964e+01
 3.77683792e+01 2.80204182e+01 6.59195557e+03 1.00783358e+01
 2.63663513e+02 1.67188629e+02 1.09477310e+02 7.06288513e+02
 2.59309196e+01 3.92819763e+02 3.98305435e+01 1.24079704e+02
 3.28617516e+01 2.81181679e+01 3.28789473e+00 7.24730062e+00
 1.03261538e+01 1.64222168e+02 2.72178411e+00 9.68118668e+01
 2.08796043e+01 1.52916550e+02 1.08781952e+02 1.16396133e+02
 7.27874231e+00 9.82543701e+02 8.55175793e-01 1.56035278e+02
 8.26109238e+01 2.63236328e+03 3.45775085e+02 1.12778625e+03
 1.49404850e+01 1.55767371e+03 2.01180668e+01 3.11629057e+00
 1.53293793e+02 4.81516037e+01 1.72813988e+01 1.28292189e+01
 2.76752067e+00 1.38259828e+00 4.30067749e+02 6.14233322e+01
 4.84301472e+00 1.60275420e+04 9.96024316e+03 2.02857712e+02
 1.92904930e+01 1.37722534e+02 6.88338013e+01 3.05431767e+01
 4.05531073e+00 3.93817406e+01 1.91478896e+00 4.75803070e+01
 1.56659088e+02 5.35842037e+00 9.14091370e+02 8.84225368e+00
 1.10427139e+02 9.81279590e+03 2.72360779e+02 5.81741028e+01
 4.49837863e-01 8.52894020e+00 2.01855335e+01 7.71610794e+01
 8.54750781e+03 6.44690735e+02 4.09216881e+00 4.26233597e+01
 3.50163639e-01 1.14378557e+01 3.20241508e+01 2.34866982e+01
 2.68568115e+02 7.59015179e+00 3.99438095e+00 8.35824394e+00
 1.08055542e+03 2.18609953e+00 4.03302490e+03 1.26086890e+03
 4.57851868e+01 1.97402725e+01 2.76304199e+03 2.98527490e+03
 2.14113721e+03 8.98930957e+03 5.47893982e+02 1.95625782e+01
 1.07872632e+03 3.90525757e+02 2.48620850e+02 1.57146423e+02
 1.13828171e+02 6.78414001e+01 5.30502014e+01 7.36199951e+01
 1.55953228e+00 1.66612091e+02 3.12852440e+01 1.77331543e+02
 1.24312573e+03 5.76634502e+00 1.05215137e+03 1.66578674e+01
 6.72521912e+02 2.35054913e+01 1.17230003e+02 9.04683960e+02
 9.54423828e+01 3.11127224e+01 3.04536316e+02 6.59173355e+01
 9.86450348e+01 1.41443283e+02 1.70610218e+01 2.95081749e+01
 7.81318512e+01 1.49076185e+01 7.03687439e+01 5.69469299e+01
 8.73814964e+00 3.42890869e+03 3.61787033e+01 7.41494980e+01
 2.15778168e+02 1.42402983e+01 3.44716113e+03 6.99745178e+02
 7.30157623e+01 8.45576000e+00 1.51559677e+02 1.16475899e+02
 1.13139977e+02 3.06164722e+01 1.99403931e+02 2.75128021e+02
 2.06580715e+01 2.30553665e+01 3.80171295e+02 6.48067688e+02
 1.60964880e+03 1.02073660e+01 3.62186279e+01 7.19161530e+01
 6.34909592e+01 1.57386597e+02 2.08689575e+01 1.35437531e+02
 2.20146973e+02 1.10455948e+02 7.63953705e+01 1.38803749e+01
 8.95728577e+02 6.32799149e+00 9.42317352e+01 5.15046768e+01
 4.03133774e+01 1.12526587e+03 7.47185287e+01 3.15107886e+03
 8.04799902e+03 1.94560471e+01 7.55044632e+01 3.44736557e+01
 3.26603546e+01 1.97309448e+02 3.34389839e+01 6.25069923e+01
 2.22724648e+01 8.11625214e+01 5.69444122e+01 1.79033451e+01
 2.41688557e+01 6.33636322e+01 7.76175690e+00 3.28400326e+00
 1.46956970e+02 3.34599304e+01 9.70313549e+00 2.11838806e+02
 2.67504215e+00 3.54021167e+03 4.78001617e+02 5.94019842e+00
 5.86819534e+01 5.22455101e+01 6.68629990e+01 8.42624187e+00
 6.83263321e+01 7.72199402e+01 9.59275055e+00 3.05211277e+01
 1.77391410e+00 4.04884766e+02 1.03434814e+02 3.77816803e+02
 3.58396881e+02 4.99201019e+02 2.14250122e+02 1.50821899e+03
 2.79437927e+02 8.65610361e-01 8.39941406e+00 1.16628036e+02
 7.41337967e+00 4.20270538e+01 2.55668335e+01 5.72166565e+02
 2.51736374e+01 2.03165741e+02 2.95844841e+01 1.27353287e+01
 3.27644691e+01 2.32709122e+00 1.37022437e+03 6.66454029e+00
 5.87605518e+03 1.02445335e+01 2.06436653e+01 1.86943665e+02],764.20276,[2.35720627e+02 2.28986282e+02 1.29607697e+02 3.97607574e+01
 5.22643745e-01 2.35200974e+02 8.47007446e+01 3.59857300e+02
 3.37504768e+01 1.31611816e+03 6.34854797e+02 3.49763536e+00
 3.17338161e+01 2.15820023e+02 5.81654906e-01 1.61486740e+01
 1.85272476e+02 2.24465845e+03 3.23653320e+02 8.66085587e+01
 1.68715870e+00 1.80070915e+01 1.62541313e+01 2.75839966e+02
 1.59885666e+02 3.91856730e-01 1.42517929e+01 3.91524768e+00
 6.80421600e+01 3.75465727e+00 1.20041420e+02 3.10814590e+01
 6.31928384e-01 2.09671736e+00 6.89411963e+03 3.19115305e+00
 2.56131958e+02 5.78145256e+01 2.77211273e+02 1.34035400e+03
 4.59214497e+00 3.59251587e+02 3.73586197e+01 1.46360149e+01
 1.89533508e+02 1.79792309e+01 1.11370468e+01 8.22886229e-01
 4.41333723e+00 5.41391716e+01 2.87075195e+01 3.02371613e+02
 7.54606366e-01 7.78450394e+01 1.13083862e+02 3.56999451e+02
 4.02389884e-01 1.01556374e+02 3.36935768e+01 4.79919556e+02
 8.91908798e+01 1.38382812e+03 1.98461121e+02 2.09127905e+03
 7.98344421e+01 4.91944061e+02 1.04351707e+02 6.47967682e+01
 1.04211372e+02 1.29567394e+01 1.27447376e+01 2.76400414e+01
 5.82845497e+00 2.02369308e+00 2.77928467e+02 2.96007233e+01
 8.37440681e+00 7.31612012e+03 1.60939170e+04 1.64746353e+02
 2.53798313e+01 1.62754488e+00 1.44672409e+02 1.43595238e+01
 9.75703597e-02 7.62235413e+01 4.98735048e-02 9.46005154e+00
 2.49067566e+02 4.16723251e+00 5.23828796e+02 4.63706493e-01
 6.40257263e+00 7.50975098e+03 3.64303741e+02 1.66576557e+01
 2.74466476e+01 1.02031202e+01 3.35167480e+00 5.21868347e+02
 1.98459729e+03 3.40124451e+02 2.27691960e+00 1.65117474e+01
 4.68080521e-01 1.41220264e+01 5.35856485e+00 7.66730404e+00
 2.36286469e+01 5.12743473e+00 4.47674255e+01 1.61094589e+01
 2.06788452e+02 1.76983833e+00 3.69369336e+03 2.41407568e+03
 1.36422024e+01 7.69869995e+00 2.91982788e+03 3.00675830e+03
 9.10701599e+02 5.51722510e+03 1.02248932e+02 2.54105425e+00
 1.61478882e+03 2.29039047e+02 1.38541748e+02 7.77477417e+01
 1.42257675e+02 6.71977081e+01 7.43587570e+01 7.67492676e+00
 9.87336636e-01 1.78962753e+02 1.99869194e+01 1.07470390e+02
 2.70931152e+02 9.59606826e-01 1.52755640e+03 5.15612459e+00
 1.77061386e+02 1.35109161e+02 1.67219315e+01 8.26367859e+02
 1.84596748e+01 4.91559362e+00 1.39367126e+02 4.88599930e+01
 2.86045990e+02 1.25683936e+03 2.29049587e+01 5.53755226e+01
 1.46534920e+01 8.55508387e-01 3.19129448e+01 8.86872406e+01
 3.16254520e+01 2.87525452e+02 7.94142151e+00 9.23226395e+01
 3.74412537e+02 3.56924286e+02 3.66206055e+03 1.36681921e+03
 1.22261553e+01 7.70064259e+00 1.13623795e+02 2.24507156e+02
 8.57115051e+02 2.65936508e+01 5.00433350e+02 2.88770813e+02
 2.55526423e+00 8.58250046e+00 1.80217712e+02 5.91740356e+02
 1.79224585e+03 1.17205153e+01 6.41839027e+00 1.12054070e+02
 2.65453362e+00 1.26128792e+02 2.25515532e+00 4.65539474e+01
 1.24478973e+02 2.67165356e+01 1.29380369e+01 1.37846222e+01
 1.10674231e+03 2.72083068e+00 5.93861572e+02 2.09001503e+01
 1.02905521e+01 4.22705841e+02 4.18398209e+01 5.87184473e+03
 5.64664111e+03 2.30875087e+00 5.01458092e+01 2.46167641e+01
 1.41723986e+01 9.38818054e+01 1.69553337e+01 2.79800301e+01
 1.66604507e+00 2.96581001e+01 5.95699263e+00 2.70383644e+01
 5.38038483e+01 2.74361362e+01 2.32942969e+03 2.25005402e+02
 7.76510696e+01 1.84581387e+00 1.92644227e+00 2.23900543e+02
 1.74057732e+01 2.67376050e+03 2.76703430e+02 1.76663609e+01
 6.18382416e+01 1.51453137e+00 3.59945145e+01 2.29027081e+00
 6.37677193e+01 3.13399696e+01 4.24392432e-01 2.40683594e+01
 1.97555101e+00 1.03130722e+02 7.72128677e+01 1.00655937e+02
 3.15200226e+02 2.01198425e+03 3.46774170e+02 1.40692245e+02
 5.97431274e+02 5.91207657e+01 4.00242043e+00 7.41148148e+01
 4.90400505e+01 8.42598343e+00 1.08097588e+02 2.68546722e+02
 9.21582937e-01 3.89484009e+02 5.86897802e+00 6.53577499e+01
 3.58614540e+00 1.95877266e+01 2.23270264e+03 9.52463374e-02
 5.29960449e+02 9.08032179e-01 4.14119291e+00 1.22385696e+02],-77.56993,-150.83348,-316.3583,2.7757788,25.78392,0.51625997,0.95552695,0.01782591402053833,8686.603014945984,0.5,0.5,-0.011605107984219654,-0.002043698492887556,-0.011622374757511373,-6.173494147732946e-05,35.925240462674495,37.59999999999999,0.0,525000.0,-1.0,-760.0,750.0,12.234143733978271,525000
103.21532,0.042670205,0.062315512,0.0010229363,-102.54949,102.54949,[4.82321717e-03 1.43682258e-03 1.42561160e-02 1.77419744e-03
 8.29132739e-04 4.06256691e-03 1.01032406e-01 1.05401492e-02
 2.15223655e-02 8.54175072e-03 1.51717782e-01 2.00990945e-01
 1.11526154e-01 4.84619141e-02 3.02704098e-03 9.67649650e-03
 2.30505620e-03 1.12225739e-02 3.22196423e-03 4.39877110e-03
 3.92831862e-01 7.68179912e-03 1.14107653e-02 1.28993602e-03
 3.11733061e-03 9.05490108e-03 8.45249277e-03 2.63558491e-03
 2.07799673e-03 1.31138954e-02 8.86999294e-02 4.70473804e-03
 7.01566809e-04 5.82727939e-02 1.06783463e-02 2.87445844e-04
 9.38528741e-04 2.53612990e-03 2.87604947e-02 4.69531640e-02
 5.28363325e-03 2.81851385e-02 3.50969546e-02 1.26595050e-02
 2.40295916e-03 2.31369981e-04 3.05440712e+00 9.38221160e-03
 3.47677246e-02 9.75171804e-01 7.98130035e-02 1.63980797e-02
 2.31355131e-02 6.44810451e-03 1.67708233e-01 1.56067964e-02
 4.82947648e-01 5.29480679e-03 1.04501564e-02 4.52824458e-02
 5.22151180e-02 8.96554947e-01 5.44512086e-03 4.57618311e-02
 8.85268860e-03 5.12257637e-03 1.27551686e-02 1.09877381e-02
 2.08583206e-01 2.03586090e-03 1.79613262e-01 5.76204993e-03
 3.44037962e+00 9.51186114e-04 1.07380655e-03 1.89550444e-02
 4.75754496e-03 1.56388013e-03 3.13607161e-03 5.36151640e-02
 1.29418168e-02 5.43837342e-03 2.04067142e-03 1.52936256e+00
 7.22772069e-03 2.65984610e-03 7.42581300e-03 2.68037915e+00
 4.05146042e-03 1.18376620e-01 3.54810525e-03 8.93459655e-04
 2.30451929e-03 3.08166491e-04 3.55576456e-04 1.49828673e-04
 3.89831839e-03 5.19376714e-03 4.75790799e-02 1.40426517e-03
 5.21608448e+00 3.12869344e-03 4.44786681e-04 6.76407479e-03
 2.28034370e-02 1.00203976e-03 3.34993713e-02 5.61241200e-03
 5.40041178e-03 5.09774964e-03 3.85301650e-01 1.91224851e-02
 3.84223810e-03 5.06282318e-03 5.34523744e-03 1.80782461e+00
 2.00374145e-03 3.85374017e-03 6.77510817e-03 9.99290776e-03
 7.60163367e-02 1.55669195e-03 8.88111889e-02 8.57636258e-02
 8.89660418e-03 1.34799227e-01 6.51532039e-03 2.97668934e+00
 2.88749696e-03 4.30283472e-02 1.11821864e-04 5.73746487e-03
 4.20564897e-02 4.11663856e-03 2.73298137e-02 2.30900501e-03
 1.66366193e-02 6.38747215e-02 1.80765707e-02 8.72271601e-03
 4.35943808e-03 1.36366323e-01 1.18900172e-01 1.71542120e+00
 7.25511648e-03 6.84281171e-04 6.10906631e-03 3.32811964e-03
 6.04547095e-03 3.98494909e-03 2.38843203e+00 2.40505463e-03
 3.80047932e-02 1.73082459e-03 1.74521461e-01 1.12356348e-02
 1.97878527e-03 3.38200426e+00 5.05898194e-03 7.86623359e-03
 1.65703380e-03 1.43191637e-03 2.19770633e-02 3.41906026e-02
 3.91012478e+00 3.73067409e-02 5.59359905e-05 3.62381944e-03
 2.57048607e+00 7.68348947e-02 4.45233006e-03 1.43761281e-04
 8.07952788e-03 8.52793083e-03 1.98994243e+00 2.00586510e-04
 5.88890610e+01 5.47628403e-02 5.36305681e-02 3.94496368e-03
 5.81263471e-03 2.03101989e-03 5.90130314e-02 6.89471199e-04
 4.98707232e-04 1.13055944e-01 9.91673209e-04 2.99276132e-03
 8.40466470e-03 2.27466808e-04 1.31721748e-03 1.18144107e+00
 9.62175243e-03 8.34855735e-01 2.33302973e-02 2.38053873e-01
 7.37371668e-02 1.23559544e-02 9.43292260e-01 3.86486091e-02
 3.61675858e-01 1.78747345e-03 7.43211107e-03 1.14123886e-02
 1.13369301e-02 3.82985950e+00 1.08401718e+01 3.24078428e-04
 2.22295662e-03 7.19051110e-04 7.18458276e-03 2.64938222e-04
 1.80775858e-02 2.33389810e-02 2.07025073e-02 2.06501889e+00
 1.35507481e-02 1.94674730e-03 3.75327375e-03 1.99946351e-02
 6.50450134e+00 9.93936509e-02 3.83693501e-02 3.75003815e-02
 1.64201558e-02 5.16537055e-02 1.94134773e-04 1.71863683e-03
 3.65448836e-03 3.39732564e-04 2.83979535e-01 9.39847087e-05
 2.65534949e+00 1.95025485e-02 2.65441486e-04 3.69223580e-03
 7.58236367e-03 1.69411593e-04 1.13615766e-02 1.22907301e-02
 4.64547314e-02 2.56619066e-01 1.67148188e-02 6.51197648e-03
 1.83720887e-02 6.12963736e-03 2.48061180e-01 2.53451653e-02
 5.86477760e-03 5.37642717e-01 4.88753896e-03 4.42160144e-02
 1.07143226e-03 2.43031397e-03 1.19693968e-02 2.40166225e-02],0.5050273,[9.54652298e-03 2.63673067e-03 1.17269829e-02 5.25977986e-04
 4.22765152e-05 3.28893517e-03 4.56672832e-02 3.53111066e-02
 1.25914253e-02 8.14703852e-03 2.53298461e-01 1.13718823e-01
 7.56438226e-02 2.57831309e-02 2.29188055e-03 6.77835383e-03
 5.52896061e-04 2.54561305e-02 6.84020966e-02 6.69836625e-03
 4.21872616e-01 9.54141666e-04 3.12378462e-02 6.09371904e-03
 1.58715178e-03 2.35640048e-03 4.20597084e-02 3.72713269e-03
 5.65443770e-05 6.18449710e-02 8.22115988e-02 2.04311088e-02
 7.23534264e-04 9.50871482e-02 7.95064773e-03 2.25601392e-03
 1.38357049e-03 2.16667634e-03 1.76791362e-02 1.98929198e-02
 9.32142604e-03 9.28815827e-03 3.64973247e-02 2.11253539e-02
 3.78862256e-03 2.85303732e-03 4.36258256e-01 8.94971751e-03
 3.49451452e-02 1.28878698e-01 3.63731563e-01 8.46218131e-03
 2.95326654e-02 5.68186305e-03 1.51507765e-01 5.40574193e-02
 4.56761312e+00 2.89184332e-04 1.68530587e-02 2.73674335e-02
 2.85899937e-02 7.79372871e-01 5.06627560e-03 4.02796566e-02
 1.56309977e-02 2.25843899e-02 1.79404989e-02 8.54959362e-05
 1.38441217e-03 2.32592039e-03 9.97368991e-03 3.03697097e-03
 7.38658905e-02 2.25853466e-04 1.22628920e-03 2.51697050e-03
 3.86026525e-03 2.52481573e-03 8.88380036e-03 5.16396202e-02
 1.72733422e-02 5.50009310e-03 1.18792313e-03 2.35701704e+00
 4.63331491e-03 2.75342236e-03 4.63622808e-03 5.56280279e+00
 1.45234996e-02 2.28731602e-01 7.87612284e-04 1.30062643e-03
 2.06734613e-03 1.51865475e-04 1.14947069e-03 2.57336360e-04
 3.75961792e-03 3.53153981e-03 2.16736905e-02 3.07478220e-03
 3.55246758e+00 4.26575029e-03 6.91330805e-03 4.20139171e-03
 1.31299961e-02 4.79469448e-03 9.19353589e-03 3.21431737e-03
 9.20176227e-03 2.48841755e-03 2.50903875e-01 7.22589437e-03
 2.70703528e-03 1.17905121e-02 2.85887462e-03 4.62879038e+00
 2.78124399e-03 4.89817653e-03 8.80576149e-02 2.18765181e-03
 1.09025147e-02 9.82735492e-03 1.22587783e-02 4.49931324e-02
 2.37772353e-02 1.23376451e-01 3.60404665e-04 3.09311599e-02
 1.92748960e-02 8.53303671e-02 5.64116810e-04 2.06990633e-03
 4.39335257e-02 3.79533693e-02 2.06711441e-02 1.29539100e-03
 2.73343548e-02 1.61182523e-01 1.22421393e-02 3.73458629e-03
 1.61487106e-02 5.14822528e-02 1.03027955e-01 1.23401785e+00
 7.56919570e-03 1.60164130e-03 1.35801383e-03 3.06382519e-03
 9.77850612e-03 1.72215253e-02 1.15838856e-01 3.19563132e-03
 3.85389030e-02 9.42172075e-04 5.75047493e-01 2.40161386e-03
 6.35667064e-04 2.12579608e+00 1.08053777e-02 7.99892657e-03
 1.32611976e-03 4.44832549e-04 6.03944017e-03 4.41759229e-02
 4.26362067e-01 2.75399256e-03 1.40161254e-04 3.90834035e-03
 2.94732523e+00 3.93985122e-01 1.18900808e-02 9.02245112e-04
 2.23533176e-02 2.78253071e-02 4.43441719e-01 5.44666545e-04
 2.54074574e+01 2.98183300e-02 4.06466238e-02 5.53731865e-04
 9.84183513e-04 2.19395198e-03 1.38048287e-02 9.21095081e-04
 8.75586295e-04 6.52817667e-01 4.11821203e-03 7.55450735e-03
 5.78605104e-03 9.46747605e-07 4.14533773e-03 3.81293148e-01
 1.01601994e-02 9.96573567e-02 7.03001628e-03 2.15362310e-01
 2.66332448e-01 2.09210403e-02 8.84477854e-01 3.48982848e-02
 1.42757869e+00 1.46929640e-04 1.79623216e-02 2.58215633e-03
 9.75153297e-02 2.03529453e+00 7.24930167e-02 5.50285564e-04
 8.51191767e-03 2.01283977e-03 4.75291722e-02 4.44618054e-05
 9.47640836e-02 8.27039964e-03 1.86976534e-03 2.66129285e-01
 1.68942641e-02 3.21277650e-03 5.81214391e-03 9.71321017e-03
 2.60465629e-02 6.65733516e-02 6.43289611e-02 6.77165156e-03
 6.05664216e-03 8.62962306e-02 3.22724809e-05 2.61329231e-03
 1.02261612e-02 1.63153745e-04 3.84236634e-01 9.31543123e-04
 1.18414068e+00 5.04650138e-02 1.99235277e-03 9.75978840e-03
 1.11618685e-03 1.61848054e-03 3.20142857e-03 1.21279024e-02
 7.47626740e-03 7.27254450e-02 1.97943933e-02 7.77406199e-03
 1.43645015e-02 1.01161329e-03 9.76327062e-02 4.43173237e-02
 1.30388588e-02 3.37034285e-01 3.26246780e-04 5.58993313e-03
 6.70726784e-03 5.98735688e-03 3.20017189e-02 3.21662845e-03],-96.46501,-109.71482,-259.02823,1.0903589,1.7718558,0.97471356,0.93114054,9.053604,-11.355392,89.49331,150.46808,6.6166053,0.36210167,0.46726876,-140.23045,140.23045,[1.83221710e+02 7.97834587e+00 2.60199280e+01 2.43999146e+03
 6.61654968e+01 7.98975468e+00 2.24097672e+01 2.61787781e+02
 2.95727441e+03 6.15134766e+03 3.35833397e+01 1.98204100e+00
 1.20372345e+02 2.67345398e+02 7.03434863e+03 2.14056969e+01
 9.76638565e+01 3.30687622e+02 8.33971329e+01 5.84357786e+00
 2.16869308e+02 2.07092648e+01 7.41038269e+02 4.27572571e+02
 1.44193555e+03 4.02094412e+00 7.66837921e+01 3.55804138e+01
 1.84612335e+02 1.99384937e+01 5.37576771e+00 4.75742340e+00
 7.05581360e+01 4.35013477e+03 4.17074646e+02 1.44614840e+01
 2.52210293e+01 4.77244873e+01 1.55556137e+02 6.31925440e+00
 4.87288330e+02 4.48702927e+01 6.01879740e+00 1.77451897e+01
 2.28462658e+01 9.14396240e+02 3.06120361e+02 1.63346054e+02
 2.31750336e+02 1.56291180e+01 5.12145996e+01 1.83639030e+01
 3.61948853e+02 1.32890732e+02 1.66042194e+01 5.15204353e+01
 1.72305566e+03 5.29846436e+02 1.29811371e+02 4.17637539e+00
 3.23278522e+00 3.78909424e+03 1.16238770e+04 5.52447891e+01
 9.50153923e+00 7.03918915e+01 7.51373901e+02 2.88124683e+03
 1.23388525e+03 1.67989807e+01 1.11334286e+01 5.65288365e-01
 7.67343628e+02 1.37738190e+02 6.13993168e+00 3.47083817e+01
 3.60082016e+01 7.71905899e+00 2.38900318e+01 2.24071360e+00
 2.24320557e+03 9.77244568e+02 4.23711914e+02 4.26178703e+01
 6.61608353e+01 5.49167824e+01 3.67841454e+01 2.52998734e+01
 5.49944824e+02 6.08586349e+01 5.86283607e+01 5.12908697e+00
 2.79860046e+02 7.84418793e+01 7.84355164e+02 2.71397161e+00
 1.52001428e+03 6.74470329e+00 1.56549845e+01 8.69883594e+03
 1.55937210e+02 1.06368202e+02 4.72677917e+01 5.68313904e+01
 2.36481667e+01 1.26891127e+01 1.25717525e+01 1.18377333e+01
 3.78290649e+02 1.73368140e+03 1.33522537e+02 4.62784912e+02
 8.02286301e+01 7.72395945e+00 1.25626688e+01 1.58439941e+03
 2.68266022e+02 5.45896094e+04 5.70227127e+01 7.82491760e+02
 1.65748779e+02 8.86028671e+00 6.33312402e+03 8.60384705e+02
 1.28019707e+04 4.05710022e+02 1.27988289e+02 1.06305020e+04
 1.08567947e+02 5.82003593e+01 3.10603642e+00 3.12172794e+00
 6.10761285e-01 1.98625317e+03 7.22391963e-01 9.48754785e+03
 2.72297388e+03 3.74149933e+02 8.31669903e+00 1.61089401e+01
 4.59505349e-01 2.19981079e+01 2.93756012e+02 1.95646000e+01
 8.24599743e-01 7.07900314e+01 1.02939781e+02 1.42310371e+01
 4.27124609e+03 9.97364502e+01 5.88071156e+00 2.05938858e+02
 1.18092888e+02 8.39618286e+02 3.34136719e+03 1.45682861e+03
 1.36598034e+01 9.91132080e+02 1.14225365e+02 1.31055817e+02
 4.88203278e+01 5.55155706e+00 4.45134926e+01 2.10914658e+02
 4.77764209e+03 7.47435608e+01 3.86383350e+03 1.98150959e+01
 2.37622650e+02 3.03489282e+03 3.87873039e+01 5.89663162e+01
 2.12030172e+00 8.54013916e+02 4.06412315e+01 6.03322029e+01
 3.87829132e+02 3.22293433e+03 3.67598152e+01 1.30560684e+00
 1.45795174e+01 2.63661011e+02 2.35020294e+02 4.16819096e+00
 4.26317558e+01 1.99431267e+01 1.82408009e+01 4.88748646e+00
 7.21294403e+01 1.83788033e+01 7.64406128e+01 2.37495880e+01
 2.70782983e+03 6.16961621e+03 2.99481220e+01 7.50970215e+03
 9.36216699e+03 5.76327454e+02 3.99222473e+02 3.11786079e+01
 3.00520821e+01 1.54653816e+01 8.27686977e+00 7.32206726e+01
 1.81351929e+01 5.94434547e+00 4.33736038e+00 9.62098083e+02
 1.41532227e+03 4.63108873e+00 4.64132734e+04 6.42417765e+00
 7.45357666e+01 1.39060339e+03 8.87499878e+02 7.80600537e+03
 1.28021057e+02 1.30326965e+03 6.75844238e+03 6.43844910e+01
 1.06022839e+03 4.36731873e+01 6.77000046e+01 4.88281012e-01
 7.31313324e+00 3.61010229e+03 4.70853418e+03 4.37903671e+01
 1.12604016e+03 5.54219818e+01 8.66211304e+02 1.11210352e+03
 2.68692725e+03 5.36564636e+01 4.13185072e+00 2.54520660e+02
 6.40637131e+01 3.03053833e+02 1.00466599e+02 1.51511133e+03
 3.81624939e+02 6.61119775e+03 3.69834492e+04 2.71489160e+03
 2.57367344e+01 1.05000586e+03 2.85516205e+01 1.98134241e+03
 1.49460175e+02 6.38875671e+02 1.80230980e+01 2.85853043e+01
 1.25685319e-01 6.06192703e+01 1.57801697e+03 9.14885376e+02],1925.4211,[2.9175081e+00 3.4521742e+00 1.8468958e+00 4.4786865e+03 9.6022270e+01
 2.5654030e+00 2.9120321e+00 1.6582974e+02 1.3776037e+00 2.2832195e+03
 7.4820123e+00 2.1343589e+00 3.1295283e+00 2.1849829e+02 6.2798701e+03
 1.9979567e+01 3.2056641e+01 8.2293182e+01 1.7313993e+01 4.4128105e+01
 4.9450946e+02 1.8104346e+00 1.7627889e+03 2.0740126e+02 1.8753119e+02
 5.0366702e+00 6.5027253e-04 1.9002353e+02 1.6567065e+02 1.5607117e+00
 4.3001106e+01 5.0577598e+00 9.9757833e+00 4.9455527e+03 8.2202751e+01
 2.5620389e+00 6.0954580e+00 7.8624411e+00 4.0037000e+02 8.3913879e+00
 5.3882111e+02 1.2957149e+00 3.0034969e+00 9.2728100e+00 8.5560989e-01
 2.8101599e+03 6.9224426e+02 1.8375704e+01 2.6532406e+01 3.2407933e-01
 1.9305109e+01 3.3749138e+01 4.4029889e+02 1.8171709e+02 2.3951397e+01
 3.4235939e+01 9.8349756e+03 5.1099890e+02 3.3550198e+01 2.3574204e+00
 4.8937364e+00 3.0165938e+03 8.1054976e+03 2.1467373e+01 2.8229000e+01
 6.8942490e+01 2.7481904e+03 3.9532031e+03 1.0304813e+03 1.0345731e+01
 6.0848265e+00 3.3701032e-01 2.8088684e+02 1.7432228e+02 2.6748590e+02
 3.3068562e+00 5.1043730e+00 7.1676793e+00 3.6320505e+00 1.5075926e+00
 3.5876958e+03 1.1201820e+03 1.0203033e+02 3.6405630e+00 4.4647018e+01
 3.6663928e+02 1.0039860e+02 3.0341158e+01 2.8171240e+02 2.0735800e+01
 2.8651413e+01 1.9063580e+01 5.5919521e+01 2.3779881e+01 1.8743430e+03
 2.6941946e+00 2.2564949e+03 1.7120501e+00 1.0884750e+00 8.7073105e+03
 1.3439585e+03 9.1034889e+01 1.2014449e+02 2.0375067e+01 1.9899773e+01
 2.9695926e+00 9.6408310e+01 1.0483055e+01 6.5560205e+02 1.9058860e+03
 1.1021816e+01 5.8968414e+02 1.7662535e+02 7.7782354e+00 1.7615273e+01
 2.3512515e+03 2.4950845e+02 3.0247717e+04 8.9729332e+01 5.8059729e+02
 6.1598535e+02 2.3140016e+00 3.9056145e+01 1.2419609e+02 1.4820394e+04
 1.7753955e+02 8.2182007e+00 1.9835664e+04 8.7403580e+01 8.7826897e+01
 7.1540591e-03 2.1012863e+01 2.4597092e-01 9.4381973e+03 5.1663656e+00
 5.4549004e+03 2.9476223e+03 1.3657302e+03 8.3429394e+00 5.5598154e+00
 8.3089561e+00 5.8341284e+00 1.5073267e+02 2.5825266e+01 8.8714474e-01
 2.1290827e+00 7.7051773e+01 2.1826265e+01 1.0679409e+03 5.5627522e+00
 6.2242641e+00 4.8320490e+02 3.1180988e+01 1.8617800e+03 5.7617188e+02
 4.0349454e+02 1.2228547e+00 7.1906476e+02 4.9381003e+02 1.7901143e+02
 4.9639416e+01 1.2137457e+01 1.6143717e+01 3.8620338e+01 5.7973276e+03
 2.9716051e+01 8.8937305e+02 7.8901589e-01 2.8200859e+01 3.5266538e+03
 1.0687152e+02 7.0637183e+00 1.0191195e-01 1.7563054e+02 1.2646366e+01
 1.2147671e+02 1.3402480e+02 2.1207751e+03 6.3900757e+00 1.3222270e+00
 1.5593612e+01 3.9586880e+02 6.8919907e+00 8.7494478e+00 1.2794256e+01
 2.8236324e+01 2.5671597e+01 3.9934736e-01 3.6216087e+01 1.0349955e+01
 1.1907442e+02 8.3755608e+00 3.2933789e+02 7.4729644e+03 1.0998168e+00
 4.9750527e+03 6.5982104e+03 4.2726404e+02 1.2273118e+02 1.2116970e+00
 1.4925691e+00 1.2550361e+01 9.8618209e-02 6.9616087e-02 4.8733540e+00
 4.0270238e+00 1.0376321e+01 1.4507281e+03 9.6923010e+02 6.7694983e+00
 1.4410830e+04 1.3494887e+00 1.5930899e+00 1.2288766e+03 3.7046550e+03
 1.1431845e+04 4.2979712e+00 9.8589819e+02 4.7677480e+03 9.6484888e-01
 2.7701707e+03 3.6341774e+01 2.2294704e+02 3.2285646e-01 9.9784260e+00
 4.5213662e+03 4.8412588e+03 1.5965060e+01 1.2232596e+03 4.0299072e+01
 6.5533221e+02 3.4391096e+03 2.6535632e+03 2.9331846e+01 5.4511538e+00
 5.1885327e+02 1.3290406e+01 9.4016595e+02 2.1893938e+02 3.2048511e+03
 1.2864595e+03 9.8862207e+03 1.7297939e+04 6.2961680e+03 2.0299330e+01
 1.2876641e+03 2.6498318e+01 2.0534875e+03 5.9193719e+02 4.6038214e+02
 4.1043992e+00 3.6677654e+00 2.0629309e-01 5.9647732e+00 5.1399746e+03
 3.4982135e+02],-56.74736,-153.38062,-300.87268,3.5760047,43.673317,0.63009155,0.958132,0.015964940433502196,9085.726544380188,0.5,0.5,-0.17997990919229015,-0.000723165901662544,-0.1799613836113427,0.0014483701083464792,35.553367315382914,37.59999999999999,0.0,549750.0,-1.0,-762.0,750.0,11.883804321289062,550000
104.94245,0.057508796,0.07473511,0.0009869531,-104.13759,104.13759,[5.35316858e-03 2.91964561e-02 3.11373413e-01 3.07000754e-03
 2.87874490e-02 2.21864553e-03 1.90333207e-03 4.96333558e-03
 9.85205173e-03 8.45528860e-03 5.86633235e-02 5.08929184e-03
 1.09830787e-02 9.34772752e-03 7.94839673e-03 1.71518289e-02
 4.03836090e-03 1.75165042e-01 5.85760549e-03 1.06380217e-01
 7.47071058e-02 4.12257202e-03 8.76987586e-04 3.03273113e-03
 8.86799023e-03 1.05830327e-01 2.91623292e-03 5.20322286e-03
 9.92527325e-03 2.87806476e-03 1.50799947e-02 3.14249401e-03
 8.62571970e-03 1.38488156e-03 2.14038417e-03 2.35643331e-02
 1.70249958e-02 1.23805944e-02 6.38069678e-03 2.69349944e-03
 4.22154889e-02 3.07043549e-03 1.10465782e-02 7.11192237e-03
 6.85166288e-03 1.02329571e-02 2.11330247e-04 3.09642428e-03
 1.18450122e-02 5.77307958e-03 6.65246174e-02 6.79140911e-03
 5.65783237e-04 4.97814193e-02 6.30744093e-04 8.35001841e-02
 4.54720072e-02 9.98312607e-03 1.61705092e-02 3.41627747e-02
 7.80270435e-03 7.60215381e-03 1.89756274e-01 1.41381342e-02
 2.09727213e-02 2.51237955e-03 6.16233470e-03 1.91132957e-03
 2.63785087e-02 5.23190536e-02 9.93104745e-03 1.01061106e-01
 6.10274356e-03 1.03758210e-02 9.14424378e-03 4.01666090e-02
 1.09839290e-02 1.70068759e-02 3.24805873e-03 6.16753288e-03
 2.08143871e-02 6.08716113e-03 6.98276563e-03 2.15439405e-02
 7.20844120e-02 4.70449682e-03 3.41892987e-03 6.18489087e-03
 5.20759463e-01 4.59443033e-03 4.51346263e-02 2.38604192e-02
 2.59028822e-02 1.16617516e-01 5.57604339e-03 7.98646361e-02
 1.99282356e-02 5.33181429e-02 2.94997811e+00 2.07919860e-03
 1.39771309e-03 4.26071465e-01 6.09499495e-03 1.61232986e-02
 2.13296176e-03 3.11609544e-02 5.53738233e-03 2.48711575e-02
 1.33832619e-01 1.98953059e-02 3.75835039e-02 9.42000672e-02
 3.79318185e-03 1.84533745e-03 5.02168201e-03 7.98033357e-01
 3.11362580e-03 4.02879727e-04 5.24276216e-03 3.72647820e-03
 6.64742012e-03 1.14128478e-01 7.64940958e-03 9.50058736e-03
 1.09387442e-01 1.85395423e-02 4.47735973e-02 8.51995125e-03
 9.65424441e-03 1.03638787e-03 2.49006674e-02 1.24559152e+00
 6.26418646e-03 8.75723641e-03 5.10181487e-03 1.18254878e-01
 5.43325782e-01 1.25106975e-01 6.69005680e+00 8.91550817e-03
 5.21106943e-02 1.19420225e-02 5.05487919e-01 1.66026466e-02
 5.95509522e-02 1.08309388e-02 8.17619078e-03 1.33508686e-02
 4.58817258e-02 2.81352520e+00 1.76185802e-01 3.55022363e-02
 2.46959529e-03 5.50041907e-03 2.36899965e-02 2.13899091e-02
 5.23755141e-03 1.15638841e-02 5.70922084e-02 1.11418581e-02
 4.28792695e-03 1.99151989e-02 2.06798530e+00 4.21284027e-02
 3.81526537e-02 1.79604348e-02 9.04854969e-04 2.26712298e+00
 3.37253630e-01 2.17283480e-02 4.54034307e-05 2.00023317e+00
 3.78422700e-02 9.73841269e-03 2.20194422e-02 2.41987333e-02
 1.07513284e-02 5.87731227e-03 6.74442947e-03 6.82622474e-03
 4.23501432e-02 1.52866160e-02 4.86809621e-03 1.71690173e-02
 3.87325101e-02 7.25950766e-03 6.13437966e-02 1.68198813e-03
 5.65369308e-01 5.46321273e-03 3.93531006e-03 1.90969542e-01
 1.39206588e-01 1.26584712e-02 2.22108699e-02 3.40385810e-02
 1.01360194e-02 4.67403140e-03 3.70322959e-03 1.57740619e-02
 5.65179158e-03 1.02107543e-02 4.24576551e-03 8.54982715e-03
 2.92049488e-03 4.84648533e-03 1.05566625e-02 7.78097868e+00
 3.13839410e-04 1.94849446e-02 2.63959840e-02 1.66693330e-02
 2.89134141e-02 6.20513409e-03 1.37946522e-02 2.80031785e-02
 1.20095666e-02 1.47553440e-02 9.73869339e-02 4.35343795e-02
 4.40706778e-03 7.76482187e-03 3.01116649e-02 7.90912658e-03
 6.13735057e-03 6.69620410e-02 7.86074530e-03 1.43512208e-02
 1.01526268e-02 2.31762975e-02 2.09656811e+00 3.31647433e-02
 2.99347239e-03 7.87748024e-03 1.10183917e-02 1.67806307e-03
 8.05757998e-04 1.54145760e-02 1.33144623e-02 2.87815072e-02
 4.25028950e-02 1.66939870e-01 8.66875499e-02 1.84948407e-02
 1.38713028e-02 9.73323453e-03 4.87717846e-03 3.76474001e-02
 5.59777394e-03 3.59820843e+00 6.44371379e-03 2.09744477e+00
 9.33751017e-02 1.11047532e-02 2.67045889e-02 1.62395332e-02],0.14801311,[1.17777998e-03 3.82453538e-02 3.07718873e-01 7.70854391e-03
 1.16607919e-01 3.25356307e-03 4.40704264e-03 2.82580266e-03
 1.13539258e-02 6.18604571e-03 1.93377256e-01 7.88514875e-03
 3.32804658e-02 1.82560878e-03 3.65013559e-03 1.80061497e-02
 8.72180797e-03 7.84941316e-02 7.93370884e-03 1.88905578e-02
 7.56309256e-02 1.04204267e-02 5.89189236e-04 3.89641384e-03
 1.36069637e-02 9.97193456e-02 3.93896038e-03 1.00000855e-02
 1.63216423e-02 6.37412164e-03 1.01506904e-01 7.48479785e-03
 1.56651828e-02 2.66015180e-04 2.00994406e-03 6.23229751e-03
 1.36466902e-02 2.60089636e-02 7.71473069e-03 3.12937144e-03
 7.14944229e-02 5.05468622e-03 5.94340498e-03 7.13440869e-03
 4.91685607e-03 2.06764601e-03 6.07973197e-04 1.67048676e-03
 5.36570605e-03 5.85687440e-03 8.96590129e-02 6.11522514e-03
 5.39588556e-03 9.05673020e-03 1.10125216e-03 9.78674144e-02
 3.72982323e-02 1.51047157e-02 1.46662947e-02 4.12916280e-02
 8.54564458e-03 4.18428890e-03 1.06357723e-01 1.57517288e-02
 2.98497006e-02 1.82615276e-02 5.40072564e-03 1.26554882e-02
 2.83743031e-02 5.14576919e-02 4.66654636e-03 1.54963166e-01
 1.43148005e-02 1.46297300e-02 9.45302006e-03 2.42568878e-03
 9.10317525e-03 1.46838613e-02 8.32422753e-04 5.74168004e-03
 2.09252723e-02 5.14469203e-03 5.39305760e-03 3.66114452e-02
 4.48862836e-02 6.94151502e-03 2.53093336e-03 9.76169598e-04
 4.29325253e-01 8.00182112e-03 1.07481582e-02 7.77097885e-03
 4.35176715e-02 8.27152655e-02 1.60329347e-03 4.82544675e-02
 5.50270006e-02 1.88916549e-02 1.58356225e+00 1.10468268e-03
 4.57678502e-03 3.29661250e-01 8.23777448e-03 2.46417616e-02
 2.09869642e-04 1.43893017e-02 1.84036400e-02 2.20377073e-02
 2.76359394e-02 4.01148200e-02 3.51368599e-02 1.02472678e-01
 1.26685342e-02 1.11916754e-02 3.18402541e-03 1.95710495e-01
 1.60034783e-02 6.34834869e-03 1.33117782e-02 5.77464001e-03
 1.22633316e-02 6.16029389e-02 2.31575221e-03 9.62936506e-03
 2.02129185e-02 2.60019563e-02 5.34987673e-02 3.99929145e-03
 1.00734737e-02 1.85990259e-02 2.79105809e-02 6.05662227e-01
 6.21742290e-03 1.32802757e-03 1.59105076e-03 3.39639932e-02
 7.42865443e-01 9.06318545e-01 1.07526228e-01 3.73083749e-03
 1.05190715e-02 2.09068954e-02 1.41173795e-01 8.44903756e-03
 2.86956728e-02 5.39766904e-03 4.69802471e-04 7.28036556e-03
 4.64220978e-02 9.22258735e-01 4.36483091e-03 1.68590266e-02
 1.83859058e-02 8.09960254e-03 3.74075472e-02 4.99219401e-03
 2.14505638e-03 1.54107623e-02 2.26660278e-02 9.10137687e-03
 6.04616525e-03 9.94989928e-03 1.14332473e+00 6.38900176e-02
 4.21118885e-02 1.25713218e-02 3.64001666e-04 4.31050777e-01
 6.47642761e-02 2.45543779e-03 1.63362874e-03 2.30996042e-01
 1.56488270e-02 1.64700877e-02 2.70823259e-02 1.78078488e-02
 9.22874827e-03 5.49963256e-03 3.28350905e-03 8.35269981e-04
 5.13946638e-02 1.42197432e-02 4.28553857e-03 1.58813633e-02
 2.35917903e-02 9.88988765e-03 2.79321568e-03 2.18837580e-04
 3.11168998e-01 5.01562282e-03 1.81716308e-03 6.80750310e-02
 5.28034270e-02 1.40248453e-02 3.23651992e-02 1.84471309e-01
 1.21191610e-02 4.36380878e-03 2.76429951e-03 1.32975308e-02
 5.60540613e-03 1.76109932e-02 2.46184366e-03 6.37465529e-03
 3.50619061e-03 3.47184110e-03 7.65364245e-03 1.52623558e+00
 5.32789447e-04 2.20848657e-02 1.89410802e-02 2.22769640e-02
 4.60543204e-03 5.98315708e-03 6.18541520e-03 2.62450427e-02
 1.11976238e-02 1.59568321e-02 3.25049907e-02 1.19409580e-02
 3.48571339e-04 1.74797848e-02 1.77664444e-01 5.67100430e-03
 6.86129136e-03 5.55960312e-02 2.64128647e-03 1.59283541e-02
 1.43115986e-02 2.64231078e-02 6.15913391e-01 2.77309678e-02
 3.88499768e-03 3.16006178e-03 3.06909271e-02 3.95705574e-04
 1.72819197e-03 1.19894091e-02 2.01369133e-02 7.39150494e-03
 1.86735950e-02 7.19670206e-04 1.11865506e-01 1.02313198e-02
 1.82603486e-03 4.80034156e-03 5.54222707e-03 3.43202278e-02
 4.54617292e-03 3.50778550e-01 7.75003387e-03 1.58025801e+00
 3.84584516e-02 1.39548304e-02 8.20783246e-03 6.70765480e-03],-97.15593,-111.80728,-330.57965,1.0841599,1.5721596,1.0080092,0.93081534,1.9185398,-1.5506966,31.194387,148.693,4.9859085,0.35828456,0.52500635,-140.12424,140.12424,[1.89278915e+02 1.08683716e+03 7.42623806e+00 1.17273340e+01
 9.56118774e+01 2.64243317e+01 3.18411957e+02 4.78938179e+01
 1.99693756e+01 7.30877914e+01 8.60938034e+01 3.78048308e-02
 4.37056313e+01 6.92088745e+02 8.19701309e+01 1.11413780e+02
 5.35573730e+01 9.71387329e+01 2.12940566e+04 2.97908325e+01
 2.59000269e+03 6.30028229e+01 7.87669067e+01 1.37254288e+02
 6.06761208e+01 4.75584183e+01 3.04611084e+02 7.02156494e+02
 1.37403688e+01 7.64318237e+02 3.17193317e+01 4.82098961e+01
 2.89342560e+02 2.43052750e+01 8.45993958e+01 1.41706810e+01
 1.66728611e+01 7.08788910e+01 3.43459717e+03 2.83806763e+02
 4.77583046e+01 2.13302185e+02 5.00473938e+02 8.18095215e+02
 2.41903442e+02 5.39098406e+00 2.18255981e+03 9.97241306e+00
 1.84876221e+02 2.66467094e+00 5.87826920e+00 9.45544815e+00
 1.89275055e+02 1.48642664e+03 1.18476315e+01 3.61760068e+00
 1.65914709e+03 4.89564687e-01 2.25112877e+01 2.56675366e+03
 1.20106754e+01 5.90654144e+01 2.13299492e+04 7.12245026e+01
 8.85961533e+01 1.27377173e+03 7.15923386e+01 1.14374736e+04
 1.06039629e+01 3.22451439e+01 3.00883276e+03 5.63424072e+01
 3.39527222e+02 2.17558899e+01 1.65813452e+03 9.93026161e+00
 2.66371593e+01 4.71133881e+01 2.47928497e+02 2.87078857e+00
 2.02628906e+02 1.33037109e+01 5.39354630e+01 5.99462433e+01
 3.86295441e+02 9.57275696e+02 4.24398470e+00 4.09047461e+00
 1.62990829e+02 4.44402588e+02 8.97119324e+02 8.95694733e+01
 1.51226020e+00 8.02052917e+01 2.16370925e-01 7.46958557e+02
 2.09739563e+02 7.33104086e+00 3.04563599e+02 4.95985079e+00
 1.39518738e+00 2.15804348e+01 1.40816307e+01 1.85786633e+03
 8.11249072e+03 4.79101515e+00 2.49228052e+03 1.28472260e+02
 4.29553369e+03 1.95480824e+01 1.83116875e+01 7.94291401e+00
 3.74805908e+01 5.95365620e+00 1.30982685e+00 3.23353729e+01
 2.80919006e+02 7.04463899e-01 2.22120224e+02 5.86548401e+02
 1.97920670e+02 5.66876450e+01 4.08604004e+02 1.37401810e+01
 1.10047394e+02 9.79229164e+00 1.05904106e+02 1.19955492e+01
 4.59283676e+01 2.32095718e+01 3.98831100e+01 1.09938257e+03
 1.26027307e+03 2.42685947e+01 1.53306335e+02 8.92301178e+01
 8.65543365e+00 5.06199312e+00 2.16535873e+01 5.53989502e+02
 3.60253528e-02 5.85846008e+02 9.41008224e+01 9.22214203e+01
 1.85242386e+01 1.05070572e+01 7.74588318e+01 2.15212669e+01
 4.34481934e+02 2.16769314e+00 1.22594854e+04 5.21144791e+01
 6.48525524e+00 9.91195261e-01 2.24028763e+02 1.78473618e+02
 7.15616655e+00 3.98229675e+02 1.02413742e+02 5.55287886e+00
 8.70712524e+02 2.17083588e+02 6.98712341e+02 1.03990860e+01
 3.32707886e+02 3.17345306e+02 1.48949146e+01 3.29479462e+02
 2.51920242e+01 1.78197070e+03 6.45199814e+01 2.46718907e+00
 7.74751759e+00 3.73846649e+02 1.89482101e+02 1.30923438e+03
 1.25349030e+02 1.66487045e+01 2.17300064e+02 1.11022198e+00
 3.46351395e+01 2.98413301e+00 2.51584301e+01 2.06991602e+03
 1.98112450e+01 1.69570522e+01 2.10589504e+01 2.35878638e+03
 1.62847176e+01 8.78439140e+00 1.50190697e+01 7.60256653e+01
 1.16066675e+03 1.67745654e+03 6.54729004e+02 5.24594188e-01
 3.97928955e+02 3.99921303e+01 9.99061203e+01 4.18202858e+01
 4.26815002e+02 2.50353966e+01 1.36164551e+03 5.33432068e+02
 3.57293463e+00 4.77751318e+03 5.91253845e+02 8.09460907e+01
 1.38100830e+03 1.10120460e-01 5.19098616e+00 1.60069714e+01
 1.46066864e+02 7.10383545e+03 9.15556335e+00 2.65132886e+03
 2.37629013e+01 1.05177905e+03 2.16917500e+04 2.41492081e+01
 7.00766220e+01 5.24979820e+01 1.67706432e+01 1.36635107e+03
 1.23998680e+01 3.56096954e+01 2.71768951e+01 5.53556763e+02
 1.62381042e+02 4.92912445e+01 2.52567749e+03 8.57979126e+02
 5.42804642e+01 2.07397644e+02 2.35140781e+04 2.80796289e+03
 2.57321167e+01 1.27709068e+02 8.65908325e+02 3.35527832e+03
 1.33999405e+01 1.82135590e+02 2.43319054e+01 2.29045658e+01
 2.04849438e+03 3.67591629e+01 1.15202885e+01 1.47539734e+02
 1.97580493e+03 2.82155731e+02 1.88429169e+02 1.26968937e+01
 8.37049133e+02 2.14300659e+02 1.59552087e+03 4.06764488e+01],1100.2787,[2.51217789e+02 5.69789734e+02 3.65083742e+00 9.85728145e-01
 4.15056992e+01 1.31193867e+01 5.74541168e+01 2.33282089e+01
 1.06917305e+01 5.99823425e+02 2.22908478e+01 1.56318235e+00
 1.18000765e+01 7.88604248e+02 1.04720230e+01 6.56956787e+01
 4.19812126e+01 5.83681154e+00 3.20974326e+00 8.37370605e+01
 5.59353662e+03 1.24171036e+02 1.48592739e+01 4.75306091e+01
 3.35441742e+01 2.15725117e+01 1.58128143e+02 4.61424561e+02
 7.67964840e-01 8.75100159e+02 1.01402254e+01 7.12582092e+01
 4.98790405e+02 3.04527435e+01 6.99034424e+01 4.33778524e+00
 7.24341536e+00 8.99329529e+01 2.33117871e+03 3.51745635e-01
 4.66744804e+01 1.09466324e+01 9.70410889e+02 4.05772133e+01
 4.64952850e+00 7.47465658e+00 5.00799658e+03 1.10525475e+01
 1.31653976e+02 6.00209045e+00 4.36365455e-02 4.79813290e+00
 2.91103630e+01 7.93457842e+00 4.15380287e+00 7.19486771e+01
 2.81061670e+03 7.02544451e-01 6.23375177e+00 5.16402832e+03
 1.55996549e+00 3.74926910e+01 1.59668672e+00 1.20984314e+02
 8.18095703e+01 1.82912170e+03 5.14394474e+00 2.94567041e+03
 3.34676399e+01 7.60748148e+00 2.86685571e+03 6.33111334e+00
 4.73462463e+02 3.37548923e+00 9.32039368e+02 2.92487526e+00
 3.91269379e+01 2.06175137e+01 5.36814209e+02 2.09651299e+01
 1.35535431e+02 8.59013051e-02 1.22463562e+02 6.98346939e+01
 1.45370972e+03 4.00481689e+03 5.40518224e-01 4.93355703e+00
 2.34363213e+01 1.06455774e+03 1.76221936e+03 8.47703018e+01
 1.46902390e+01 5.53659210e+01 4.65817526e-02 7.56119080e+02
 1.93306671e+02 1.93415928e+00 4.32859135e+00 2.90424919e+00
 1.50087178e+00 2.24535608e+00 2.60872459e+01 3.42424365e+03
 8.45549902e+03 8.56531754e+01 7.47619751e+02 1.61230965e+01
 6.61321350e+02 2.82332134e+01 2.88581066e+01 2.78326759e+01
 9.20827484e+00 6.02840126e-01 9.36856329e-01 1.86908972e+00
 2.60057678e+02 2.00540466e+01 1.50417603e+02 7.77961475e+03
 1.58044952e+02 5.19057999e+01 3.41368988e+02 2.17958117e+00
 1.88270844e+02 4.71782541e+00 1.23730118e+02 4.15191603e+00
 1.88034967e-01 1.00654545e+01 2.13743401e+01 6.42983765e+02
 1.14837219e+02 3.40102410e+00 5.96407715e+02 3.18065529e+01
 3.52343292e+01 1.02852225e+00 7.66310513e-01 5.25958984e+02
 3.75634357e-02 1.79767590e+03 4.94350395e+01 1.17604685e+01
 6.68754101e+00 6.90634689e+01 1.16503830e+01 2.47378302e+00
 4.99723975e+03 1.32277908e+01 1.74738145e+04 2.94353218e+01
 2.71203756e+00 3.09932995e+00 3.96961090e+02 7.20516281e+01
 5.11577225e+00 5.23919640e+01 9.28672638e+01 1.94734573e+01
 1.50170752e+03 2.79168518e+02 1.63881946e+03 9.98137665e+00
 1.68232742e+02 1.86878723e+02 9.30325747e-01 1.46607695e+01
 1.57605429e+01 6.32058838e+03 1.02889948e+01 1.34944177e+00
 2.89589226e-01 1.44813828e+02 1.26914421e+02 2.33685059e+02
 4.96251583e+00 6.54077291e+00 1.08819409e+03 5.23083353e+00
 1.94865334e+00 9.50300217e+00 1.06449142e+02 7.28388611e+02
 1.18951868e+03 7.49987125e-01 2.93625393e+01 3.43938867e+03
 3.00519276e+01 1.35928240e+01 2.72526054e+01 3.88719025e+01
 1.52555835e+03 5.77183777e+02 7.15400457e+00 1.40723152e+01
 4.88985046e+02 7.03106070e+00 3.97299538e+01 1.56786032e+01
 3.55555115e+02 6.31732941e+00 1.65699976e+03 6.22771339e+01
 2.53661942e+00 7.03512305e+03 1.92414970e+01 1.18763588e+02
 7.91049500e+02 6.36399269e-01 6.52926016e+00 1.61651592e+01
 5.62706146e+01 9.60834570e+03 3.57509106e-01 5.10537506e+02
 8.53093624e+00 1.68490930e+03 5.83419323e+00 3.28629417e+01
 3.05479279e+01 7.68152847e+01 1.52919683e+01 5.58609253e+02
 5.93371034e-01 2.97410160e-01 3.80722427e+01 4.18598480e+02
 8.16909607e+02 2.06234035e+01 2.75441309e+03 4.24289742e+01
 1.01110748e+02 4.45113297e+01 1.82043320e+04 2.09949316e+03
 1.28621697e+00 1.37655579e+02 7.37283752e+02 8.06224731e+02
 1.12883177e+01 4.92837410e+01 4.24556160e+01 9.50096190e-01
 2.33778931e+02 1.70937595e+01 3.73647118e+00 1.33988098e+02
 4.02510693e+03 2.48520477e+02 2.12179737e+01 2.49198869e-01
 8.39786560e+02 3.20750397e+02 3.31803613e+03 3.86201660e+02],-97.825745,-151.98935,-303.46466,2.9469032,19.730436,0.9377998,0.9566609,0.017819598579406737,9531.216540813446,0.5,0.5,-0.17758089430666288,0.0006172612510099508,-0.17754309794285233,0.0006353921983694157,-0.6159541528351982,37.59999999999999,0.0,574500.0,-1.0,-757.0,750.0,11.492393016815186,575000
103.2181,0.04585781,0.055487465,0.0009393375,-102.61737,102.61737,[3.96482080e-01 9.52775881e-04 8.98160273e-04 8.30799458e-04
 6.88120909e-03 1.33969560e-02 6.80825207e-03 1.60973985e-04
 1.50452461e-03 4.41118609e-03 1.33438054e-02 1.48528768e-03
 2.25356594e-02 2.09977641e-03 1.98162091e+00 6.62740041e-03
 6.12319820e-03 6.80849236e-03 2.29703169e-03 3.71365666e-01
 2.15955645e-01 3.80111625e-03 3.79694812e-02 1.20743781e-01
 1.31459096e-02 5.75444195e-03 1.17546376e-02 8.68856162e-02
 2.11358573e-02 7.76454806e-03 2.05280376e-03 1.33347632e-02
 2.17760378e-03 7.25401612e-03 1.94179658e-02 3.20178922e-03
 3.64541635e-02 4.10710182e-03 3.32882861e-03 1.75713794e-03
 1.06934365e-02 3.21430690e-03 3.77905034e-02 1.52319856e-03
 3.92344296e-02 1.40869081e-01 1.64206892e-01 4.40048939e-03
 6.39687013e-03 2.15391722e-03 8.70136078e-03 1.21947029e-03
 2.75702905e-02 4.26809937e-02 4.69406135e-03 2.70024547e-03
 7.15261046e-03 2.12884116e+00 8.79924372e-03 3.82945418e+00
 1.22188255e-02 7.71117210e-03 3.69923608e-03 3.97154782e-03
 3.77047854e-03 4.74696653e-03 5.32975011e-02 1.06402393e-02
 3.63583001e-03 3.04941065e-03 4.27398039e-03 6.10831054e-03
 1.14081521e-03 1.40648158e-02 4.42091189e-03 1.30878361e-02
 5.81520703e-03 8.10607709e-03 1.25236521e-02 7.66516849e-03
 2.56392965e-03 4.05263714e-03 2.33947441e-01 3.20512742e-01
 1.56684332e-02 2.87076458e-03 5.44988751e-01 3.69957946e-02
 1.92085113e-02 3.49151716e-02 1.75386481e-02 2.26098346e-03
 2.40916386e-02 3.24966968e-03 6.44844258e-03 2.77144462e-03
 1.17984330e-02 1.13364439e-02 3.40900430e-03 1.75573185e-01
 9.88477189e-03 3.23010087e-02 1.25556369e-03 2.95924991e-02
 6.89504808e-03 8.70362041e-04 1.44325737e-02 3.35625431e-04
 1.18070310e-02 2.12036516e-03 2.71756784e-04 6.79088803e-03
 5.23372646e-03 1.07884862e-01 3.13834287e-02 7.65598845e-03
 8.49879463e-04 9.00719780e-03 2.18625600e-03 1.10138278e-03
 1.32132182e-02 2.46880716e-03 1.02309627e-03 2.36474443e-05
 4.66268836e-03 4.02176082e-01 1.90913342e-02 2.12662276e-02
 1.14966612e-02 1.08633889e-02 2.74301413e-03 2.43809186e-02
 6.81993738e-03 1.65733807e-02 2.60038231e-03 3.49568785e-04
 5.18997386e-02 7.69378319e-02 2.98545696e-02 1.16632581e-01
 1.99477910e-03 8.90220981e-03 1.27933668e-02 5.67357242e-02
 1.53080989e-02 1.22634029e+00 5.65128459e-04 2.02239826e-02
 3.89651489e-03 2.72600190e-03 1.10137342e-02 2.73834122e-03
 3.49862203e-02 7.12554716e-03 2.31169676e-03 7.99421500e-03
 5.78181410e+00 2.15496123e-03 4.68463413e-02 8.70607910e-04
 8.65088031e-03 3.53029463e-06 2.99770609e-02 1.21649646e-04
 1.10884281e-02 1.97601598e-02 8.72301869e-03 1.49048626e+00
 1.21678808e-03 1.38032436e-01 3.49955261e-02 3.45462991e-04
 1.94323529e-03 3.05549824e-03 4.45020013e-03 6.17552623e-02
 8.20097793e-03 2.31209155e-02 5.15905721e-03 7.60493100e-01
 6.14824612e-03 1.35984374e-02 2.59083569e-01 1.90992672e-02
 6.44902140e-03 1.66775436e+01 1.55005287e-02 4.59560938e-03
 1.94825744e-03 3.46874376e-03 2.11295951e-03 6.53630169e-03
 2.99573131e-03 7.01849163e-03 1.66778527e-02 2.97362995e+00
 6.26731617e-03 9.03753191e-03 9.40615137e-04 9.66311276e-01
 8.05548020e-03 5.75108267e-03 1.43551275e-01 5.61636989e-04
 3.75191728e-03 6.59142761e-03 1.10214877e+00 4.00643982e-03
 1.38600230e-01 7.62691628e-03 5.38254902e-02 4.36624978e-04
 8.40136036e-03 6.04066765e-03 5.51171694e-03 3.95217910e-03
 3.94104887e-03 3.44283471e-04 2.51548178e-03 1.82057265e-04
 1.90196279e-03 9.99021530e-03 1.34828147e-02 6.42711017e-03
 1.13846585e-02 2.22988296e-02 2.44672992e-03 6.24427805e-04
 5.59798628e-03 2.69647799e-02 8.48014206e-02 9.16941324e-04
 6.12451322e-03 1.36617571e-03 4.77098562e-02 1.37961552e-01
 3.08227763e-02 2.01568045e-02 4.57902579e-03 4.03795950e-03
 1.02741905e-02 1.21871717e-01 2.35546976e-02 3.89415678e-03
 2.00310070e-02 3.81851709e-03 4.82825702e-03 8.92668124e-03
 2.59311078e-03 3.00678716e-04 2.30333535e-03 1.17252596e-01
 1.81297492e-03 6.88587502e-03 1.14631280e-02 4.72119136e-04],0.18011433,[1.09531569e+00 9.33675619e-04 1.51341269e-03 3.15786828e-03
 1.74692133e-03 9.71000735e-03 1.02681676e-02 9.90264816e-04
 9.01662861e-04 1.25868362e-03 2.13836646e-03 1.82961188e-02
 7.15599488e-03 2.74755899e-03 3.40994567e-01 4.80705698e-04
 2.27458961e-03 7.33703282e-03 1.34365098e-03 4.31471974e-01
 1.31219625e-01 2.41028960e-03 2.96867564e-02 4.65947181e-01
 2.88520614e-03 1.01110479e-02 8.44192924e-04 3.17616835e-02
 9.99215152e-03 9.75621678e-03 7.12213223e-04 8.17857683e-03
 2.82135746e-03 4.35823109e-03 1.80970691e-02 5.35656000e-06
 1.83320791e-02 1.73091481e-04 7.22041819e-04 6.01765350e-05
 7.16905296e-03 5.51083358e-04 7.08422884e-02 2.27051135e-03
 1.92010626e-02 1.44012317e-01 1.72637165e-01 2.03949865e-03
 2.25465046e-05 2.97938474e-03 5.63383056e-03 1.00192195e-03
 4.44458472e-03 2.80744255e-01 1.04088080e-03 1.10145193e-03
 2.20198976e-03 7.27086440e-02 1.64350751e-03 5.23694754e-01
 1.34297907e-02 4.67564911e-03 4.97294241e-04 1.06470333e-03
 6.44152635e-04 7.31930975e-03 1.84566074e-04 1.19683184e-02
 2.98989145e-03 2.84675602e-03 3.04202456e-03 3.98597913e-03
 3.43127467e-04 3.34686227e-03 1.57751818e-03 3.77991563e-03
 2.95203505e-03 1.09504769e-03 1.06059322e-02 1.04586715e-02
 5.32859191e-03 2.76106270e-03 7.75327459e-02 4.42771703e-01
 2.04030834e-02 5.07115619e-05 6.24205709e-01 1.57019440e-02
 2.94077806e-02 2.49722395e-02 3.01730470e-03 7.33092485e-04
 1.11726671e-02 3.64473322e-03 1.04737328e-02 3.42742191e-03
 4.18016128e-03 1.84922833e-02 1.20413592e-02 3.99604869e+00
 1.25713432e-02 1.51803782e-02 1.43283338e-04 1.41105689e-02
 9.66750667e-05 1.11599569e-03 4.66246903e-03 1.02679851e-03
 3.25707672e-03 4.67259530e-03 6.35207223e-04 2.78815744e-04
 4.92483471e-03 1.16830328e-02 1.67674702e-02 2.10161833e-03
 4.31151921e-03 4.28820448e-03 1.49315409e-03 2.34839115e-02
 1.91184636e-02 5.40054985e-04 8.68294970e-04 2.21020309e-03
 1.75244524e-03 2.84646749e-01 3.58956195e-02 1.37297446e-02
 1.57360604e-03 1.10946232e-02 1.18492469e-02 4.11061384e-02
 8.32645409e-03 9.80450399e-03 5.99992112e-04 1.08079717e-03
 3.73494416e-03 3.66376974e-02 1.32700950e-02 2.42071715e-03
 1.80307729e-03 2.27660090e-02 1.46531677e-02 2.98313908e-02
 4.61132340e-02 1.73639083e+00 8.72725912e-04 8.05531815e-03
 1.72492396e-02 7.68190715e-03 7.14981696e-03 7.93289044e-04
 7.75418291e-03 1.80326216e-03 2.10723747e-03 9.75577533e-03
 5.70452660e-02 1.21150981e-03 2.95714736e-02 1.12355570e-03
 7.02786841e-04 2.05115648e-05 4.55708094e-02 7.88000470e-04
 1.02567235e-02 7.41112279e-03 1.48710608e-03 2.33959138e-01
 7.39563373e-04 8.93103257e-02 5.15033603e-02 1.07916328e-03
 1.99299701e-03 1.23270880e-03 1.58964680e-03 2.24081762e-02
 4.86664940e-03 2.41254177e-02 1.46362828e-02 9.44407940e-01
 1.50728715e-03 8.93169735e-03 2.98245586e-02 1.56238740e-02
 2.62891059e-04 1.36400807e+00 5.68880606e-03 3.31628462e-03
 5.14062704e-04 1.13479025e-03 6.59274519e-04 9.74545721e-03
 2.60995724e-03 1.28370039e-02 2.27036532e-02 7.57407725e-01
 1.02551538e-03 2.44867126e-03 3.29611008e-04 4.01352048e-01
 9.62211285e-04 3.74907837e-03 3.54760736e-02 4.90265491e-04
 1.59598775e-02 5.97018749e-03 2.22108901e-01 1.68607989e-03
 7.51212388e-02 9.09332372e-03 2.45540645e-02 1.11858547e-03
 7.78705720e-03 3.94628011e-03 3.07162851e-03 4.27385140e-03
 1.04012527e-03 3.18734732e-04 3.13637406e-03 5.57369785e-03
 3.42408381e-03 7.22301705e-03 1.38789639e-02 2.93250335e-03
 2.72196392e-03 3.86827136e-03 2.76787300e-03 4.09698405e-04
 4.68984433e-03 2.70258114e-02 2.01743059e-02 2.98210070e-04
 2.95004458e-03 1.26530742e-03 4.30388786e-02 2.62828827e+00
 1.93042308e-02 1.35630872e-02 1.08335465e-02 4.44481429e-03
 1.27202424e-04 4.36623842e-02 3.78692732e-03 6.72861608e-03
 2.10795738e-03 2.99404096e-03 1.42789970e-04 6.54029613e-03
 1.80690810e-02 4.98118403e-04 2.01521860e-03 6.37833309e+00
 2.07256228e-02 1.19812344e-03 1.55806709e-02 3.08329822e-04],-96.283295,-107.20717,-301.89926,1.0700505,2.165585,1.0045907,0.9298603,1.6317388,-0.9350378,17.371437,150.4421,5.697435,0.36762393,0.495414,-141.06842,141.06842,[3.50147064e+02 1.46925461e+00 4.45108910e+01 1.12252557e+00
 5.78386841e+01 4.67567474e+02 2.54774316e+03 2.80005121e+00
 3.31274872e+01 3.13848038e+01 5.52618313e+00 1.60756874e+00
 2.16745453e+01 1.37805615e+03 9.46795508e+03 5.16297150e+00
 1.37929564e+01 8.26441193e+00 2.26917667e+01 2.72795448e+01
 1.22395538e+02 2.14852966e+02 4.59375763e+00 3.39850082e+01
 5.47951416e+02 1.28951477e+02 6.55191528e+02 9.25411377e+01
 7.15685959e+01 2.11667656e+04 6.30631638e+01 1.87104645e+01
 3.82785980e+02 1.26618421e+00 7.50431641e+02 6.95451689e+00
 1.27219048e+02 1.03350082e+02 1.58678162e+02 6.64898987e+01
 1.60702835e+02 9.03155334e+02 2.13374359e+02 8.85802612e+01
 4.14873075e+00 1.87913475e+01 1.43068641e-01 1.20740869e+03
 2.18663864e+01 7.13950920e+00 4.49963226e+02 6.55835438e+00
 1.48610260e+02 9.34385223e+01 1.31287933e+02 5.26018600e+01
 1.14936111e+02 2.93184009e+03 2.35460968e+02 5.60597515e+00
 3.49650688e+01 1.16805748e+02 2.45694434e+03 3.88888062e+02
 2.33674824e+04 2.95506775e+02 1.04299736e+02 4.57970312e+03
 1.27247124e+01 2.24465485e+01 1.03374573e+03 2.75786926e+02
 4.67665436e+02 3.00038116e+02 5.73351402e+01 3.22099915e+01
 3.03393127e+02 2.53863098e+02 5.00781891e+02 4.91842188e+03
 1.27008781e-01 5.05073738e+01 4.34665451e+01 1.78801575e+02
 1.35513902e+00 4.04655710e-02 9.18558289e+02 1.55937988e+02
 8.06833172e+00 4.60429474e+02 2.95236549e+01 9.22463989e+01
 2.65049170e+03 2.94454834e+02 5.70506821e+01 6.14091919e+02
 5.30508545e+02 8.87341499e+00 8.88217316e+01 5.37823524e+01
 7.35355663e+00 1.23708410e+01 1.12744198e+01 4.66745529e+01
 4.72740059e+01 1.09999414e+03 4.04874756e+02 2.98445526e+02
 3.83562073e+02 2.25630463e+02 1.61627884e+01 1.01992844e+02
 1.90597015e+02 4.70381409e+02 1.39140587e+01 6.03324219e+02
 2.80006641e+03 1.09186111e+02 1.20076904e+01 9.54823074e+01
 1.72839951e+02 1.18599327e+02 4.05187645e+01 3.91751945e-01
 1.53917862e+02 1.50760712e+02 3.89554214e+00 1.40169621e+01
 3.53346901e+01 4.68544483e-01 3.79694023e+01 1.91651764e+02
 7.76620361e+02 4.82760986e+02 3.26731071e+01 1.89791317e+01
 1.56798232e+00 4.58070801e+02 4.60451782e+02 5.50948669e+02
 2.05945972e+03 2.21829987e+01 2.01927872e+01 1.38571457e+02
 1.17278336e+02 5.37192969e+03 3.09114151e+01 8.04431438e+00
 5.81075897e+01 3.95053749e+01 3.87931274e+02 1.33169270e+01
 6.11681404e+01 1.24030296e+02 4.87058487e+01 6.98454142e-01
 5.19214844e+02 6.48382263e+01 2.55384750e+01 2.39753056e+00
 3.00291687e+02 5.38248535e+03 1.99180860e-02 8.76250553e+00
 2.34801514e+03 6.24471307e-01 2.15522480e+01 2.55731297e+00
 3.04728770e+00 1.20072601e+02 1.84823471e+02 3.92019141e+03
 2.28492012e+01 5.81598694e+02 2.35552940e+01 9.22534287e-01
 2.77831909e+02 7.27526245e+01 6.72982931e+00 3.69840271e+02
 7.48280640e+01 9.14601288e+01 7.82223328e+02 4.73675766e+01
 2.17870544e+02 1.14229271e+02 7.96653824e+01 2.29226136e+00
 1.10220772e+02 2.87437305e+01 6.04617578e+03 3.40652881e+03
 7.20174713e+01 9.74828735e+02 6.22283816e-01 1.37512009e+02
 1.23568058e+00 1.67264328e+02 3.66395264e+01 5.09232880e+02
 9.23893890e+01 3.55733643e+01 8.43876004e-01 6.74950790e+01
 4.62652295e+03 3.03450104e+02 2.53448868e+01 9.55834274e+01
 7.78380249e+02 2.30548187e+02 1.67872124e+01 6.56536377e+03
 7.49511292e+02 5.61044273e+01 7.83653259e+01 1.75372238e+01
 9.39500671e+02 1.52716492e+02 6.21212540e+01 5.26908302e+01
 1.93737679e+01 2.18056793e+02 1.39333374e+02 1.54640585e-01
 1.01651573e+02 9.14509735e+01 4.89231529e+01 2.49160568e+02
 2.46400040e+02 3.07324772e+01 4.36887402e+03 4.41346705e-01
 2.51990337e+01 2.22048613e+04 8.42769241e+00 5.99422216e-01
 2.84518814e+01 3.23678833e+02 5.49860840e+02 3.05126076e+01
 1.83545952e+01 1.91405869e+02 9.64610863e+00 3.39880664e+03
 1.74080048e+02 9.74432468e-01 9.55522266e+03 1.21937323e+01
 1.79890112e+03 3.39379590e+03 2.67858009e+01 4.30710754e+01
 3.28790169e+01 7.68283691e+01 2.13225441e+01 3.05851078e+01],962.5875,[5.07977600e+01 1.63226509e+00 4.15651169e+01 4.81237793e+00
 3.16528809e+02 1.19953949e+02 2.42360498e+03 5.45815229e+00
 8.19790459e+00 4.53407402e+01 1.36307611e+01 7.38055229e-01
 1.34290695e+01 1.31701660e+03 3.50341260e+03 1.42274485e+01
 1.42572601e+02 3.87347317e+00 6.60169792e+00 1.08369980e+01
 6.28563070e+00 4.80387268e+02 6.80604815e-01 3.96476250e+01
 1.34195679e+02 2.64414917e+02 2.41439545e+02 4.89994240e+01
 1.32888336e+01 3.60552162e-01 6.23271599e+01 2.12835932e+00
 3.79401817e+01 1.16800508e+01 9.40339355e+01 2.76575546e+01
 5.76457214e+01 6.54817581e+01 3.30182343e+02 1.65346355e+01
 9.24875488e+01 1.80467725e+03 3.22040558e+02 2.41571075e+02
 2.83847809e+00 4.93428183e+00 8.60614598e-01 4.04640869e+02
 1.40796089e+01 6.72193222e+01 5.49041138e+02 8.02325189e-01
 6.27040367e+01 1.47728992e+00 1.85298050e+02 3.00797701e+00
 6.10373596e+02 4.37904053e+03 4.64323608e+02 7.83574772e+00
 1.79764347e+01 1.97693817e+02 4.62591553e+03 4.62294525e+02
 2.98366016e+04 1.92005615e+01 5.23967400e+01 2.38630156e+04
 1.30698700e+01 5.98491478e+00 4.15842804e+02 6.98447189e+01
 5.62656433e+02 3.74860596e+02 4.71809502e+01 7.45712090e+00
 5.57853271e+02 2.54936829e+02 5.99964478e+02 4.17880566e+03
 1.49825171e-01 1.61649628e+01 2.80124207e+02 1.63128189e+02
 2.68362021e+00 1.84774384e-01 1.16089746e+03 8.54831238e+01
 2.58682966e+00 4.52265015e+02 8.52448559e+00 4.05615044e+01
 4.82747266e+03 1.20334680e+03 1.11724300e+01 3.74482513e+02
 6.26727905e+02 1.65185680e+01 7.45527420e+01 1.37737000e+00
 9.35381472e-01 8.34757423e+00 9.92160988e+00 2.09983788e+01
 4.45741981e-01 1.18154953e+02 1.91235519e+02 9.08210068e+01
 1.25244873e+03 3.85320831e+02 6.95999908e+00 5.14255219e+01
 1.64966705e+02 8.03402954e+02 3.08442612e+01 6.92936890e+02
 7.66615915e+00 8.99417572e+01 6.26344347e+00 2.51961956e+01
 2.95707893e+00 7.12571106e+01 1.65580521e+01 8.20536804e+00
 1.33038269e+02 6.56994080e+02 1.17410386e+00 4.65611696e+00
 9.93609619e+00 7.69312978e-01 4.42365379e+01 9.09795151e+01
 8.40799988e+02 4.55839600e+02 2.11449337e+00 4.21195364e+00
 2.14914494e+01 4.78600098e+02 2.48774734e+02 2.82306061e+02
 1.52063037e+03 1.31588564e+01 4.59963322e+00 1.20915051e+01
 5.36804138e+02 6.49541748e+03 2.07864857e+00 1.75224864e+00
 2.75512052e+00 3.93517914e+01 2.82643860e+02 1.13549032e+01
 4.65481834e+01 8.74981384e+01 8.01506710e+00 1.34359951e+01
 2.69249649e+01 3.47702560e+01 4.84803021e-02 1.94407310e+01
 5.90998962e+02 1.87248914e+03 4.58797105e-02 1.64353538e+00
 2.14118088e+02 1.18708019e+01 1.11266031e+01 3.59028473e+01
 1.79080296e+01 1.00812744e+03 1.72252563e+02 4.97571826e+03
 1.43644455e+02 2.00623401e+03 3.45821114e+01 1.01073980e+01
 2.77777710e+02 1.82951870e+01 1.13561316e+01 1.04658966e+02
 8.13842010e+01 2.59166138e+02 4.30287964e+02 2.40547028e+01
 1.26559158e+02 3.69644547e+01 4.71460342e+01 6.64780200e-01
 7.76676788e+01 4.59727144e+00 7.75349707e+03 5.93360938e+03
 1.23396139e+01 1.11480725e+03 1.23755944e+00 1.34360077e+02
 9.45496750e+00 6.95880661e+01 9.02698822e+01 7.76348877e+02
 2.62121277e+02 2.68225365e+01 1.28439069e+00 3.52105942e+01
 1.55626144e+02 3.27947906e+02 1.56517401e+01 3.50788269e+01
 1.57881958e+03 1.86193878e+02 6.65371299e-01 3.04714893e+03
 7.53024414e+02 1.90473747e+01 4.81751823e+00 5.24953651e+00
 1.94511032e+02 5.74244499e+01 2.21799827e+00 4.73809547e+01
 1.61361587e+00 2.16055862e+02 6.08637199e+01 1.04294017e-01
 9.38438721e+01 1.53154449e+01 1.82987328e+01 3.38513069e+01
 4.53286499e+02 8.95883262e-01 2.08030945e+02 5.30340254e-01
 7.69250336e+01 3.73882568e+02 1.33534622e+01 1.92780629e-01
 1.55660076e+01 2.17903656e+02 5.81754150e+02 4.84862709e+00
 1.77822208e+01 6.64675049e+02 3.17518711e+00 6.92500000e+02
 7.18188705e+01 6.45255127e+01 3.18199921e+02 4.04016495e+00
 7.52726929e+02 2.91935596e+03 2.60919266e+01 3.93168449e+01
 3.17368088e+01 4.57159729e+01 1.45629787e+01 1.05659180e+01],-101.02261,-154.19685,-327.9338,2.5003839,20.574484,0.8733456,0.9532369,0.01601838804244995,9931.676273822784,0.5,0.5,-0.08385989746476269,0.0012672799029270574,-0.08375528515201061,0.0020438896364590453,35.42644167847153,37.59999999999999,0.0,600000.0,-1.0,-759.0,750.0,12.259566307067871,600000
103.98691,0.023424415,0.06582148,0.00083256356,-103.30527,103.30527,[5.40819950e-03 4.89617139e-03 1.49970548e-03 5.14614768e-03
 7.96576403e-03 1.03174810e+01 7.26971868e-03 8.48340918e-04
 8.89282115e-03 7.59369414e-03 1.57259405e-03 8.33094120e-03
 6.17080741e-03 3.18827462e+00 2.42044730e-03 1.92188434e-02
 6.34957626e-02 8.03420413e-03 1.14289811e-02 1.62608479e-03
 6.14300661e-04 8.46411847e-03 4.21897974e-03 1.08320117e-02
 9.89929587e-03 2.82787234e-02 3.22627202e-02 3.92271459e-01
 2.55701155e-03 2.34576520e-02 5.26098593e-04 1.19331907e-02
 2.16829684e-02 2.73240171e-03 2.32556313e-01 4.01749741e-03
 3.31337899e-01 1.04853893e-02 1.22047053e-03 2.21020589e-03
 7.60570616e-02 1.31677426e-02 6.21990301e-03 8.53680912e-03
 1.43164769e-03 1.59879588e-02 2.44862717e-02 1.57988048e-03
 9.97451367e-04 3.31330784e-02 1.19440798e-02 5.84506430e-03
 9.66087100e-04 7.91652687e-03 1.40990224e-02 4.02507000e-03
 8.90032970e-05 2.80676992e-03 1.50521388e-02 6.22511059e-02
 2.88484199e-03 1.38354450e-02 1.79076627e-01 1.15576154e-02
 1.33856721e-02 7.97415711e-03 1.40967211e-02 2.26799957e-02
 3.84364335e-04 2.53639128e-02 2.30879104e-03 3.39532904e-02
 4.09821831e-02 2.55090326e-01 3.89194209e-03 3.06064147e-03
 6.10362133e-03 2.65634432e-03 1.57293640e-02 6.58507925e-03
 2.09769344e+00 1.06782299e-02 2.33927043e-03 3.29541741e-03
 1.13365864e-02 5.28788865e-02 6.98739337e-03 8.54505133e-03
 7.01006921e-03 1.04977679e-03 7.96299335e-03 3.35005021e+00
 1.37023665e-02 2.47042142e-02 2.22911648e-02 5.58198895e-03
 5.28675556e+00 2.61993846e-03 2.56019318e-03 2.18852703e-03
 7.19145313e-02 6.18525362e-03 3.18928659e-02 1.04832398e-02
 5.75696863e-03 1.55579159e-02 8.02715030e-03 2.62292236e-01
 8.47328901e-01 1.16312550e-03 5.19619929e-03 3.11547890e-03
 2.25172743e-01 8.14892538e-03 1.88219056e-01 4.19888785e-03
 2.66916752e-02 8.67659599e-03 5.21816649e-02 1.22130262e-02
 5.17276768e-03 2.95554346e-04 3.88225056e-02 2.27899289e+00
 1.81520022e-02 4.02406603e-02 1.09700672e-02 1.24704763e-02
 7.06129521e-03 3.95752043e-02 4.06755447e-01 9.77288559e-03
 2.16599787e-04 1.83997992e-02 5.92460744e-02 2.13003214e-02
 1.24716945e-02 4.21744306e-03 3.71693564e-03 6.41553197e-03
 1.31237488e-02 3.80142964e-03 3.77256260e-03 1.61712663e-03
 7.27111027e-02 1.92140322e-03 5.91138983e-03 3.75679275e-03
 3.09708584e-02 1.31194308e-01 6.69322861e-03 9.54657979e-03
 3.24234436e-03 3.89504153e-03 2.41087638e-02 5.26160374e-02
 1.41797289e-02 1.10389637e-02 2.86720283e-02 1.06743565e-02
 2.34364271e+00 5.65016689e-03 2.33939234e-02 9.48295236e-01
 9.21572223e-02 1.44267250e-02 4.28434908e-02 1.65800322e-02
 1.55242467e-02 6.26741350e-03 4.23005253e-01 3.24100547e-04
 9.90048982e-03 6.87326491e-03 4.81618335e-03 2.74293590e-04
 5.40602922e-01 4.53847833e-02 9.12037585e-03 1.22774467e-02
 7.35040801e-03 5.86345699e-03 1.18721072e-02 2.39830650e-03
 9.39371064e-03 3.76847433e-03 4.12709499e-03 1.99248735e-03
 3.17627013e-01 2.73780618e-03 1.66457444e-01 4.86501784e-04
 5.41086262e-03 2.41652131e-04 1.88183319e-02 9.70127352e-04
 7.32595205e-01 2.15497196e-01 1.20947454e-02 5.36138192e-03
 2.50321394e-03 5.54228202e-03 8.38265382e-03 2.64250441e-03
 4.35918849e-03 2.65249424e-02 3.19325761e-03 2.38430239e-02
 1.21820783e-02 4.65117674e-03 1.58972025e-01 8.67975131e-03
 7.26121571e-03 2.81325541e-03 2.72508562e-02 2.73069576e-03
 5.14919572e-02 5.58179291e-03 8.38735700e-03 1.05761178e-02
 3.10183736e-03 2.35499674e-03 3.15083726e-03 2.79835635e-03
 1.55708492e-01 3.57973427e-02 8.64088361e-04 2.10102983e-02
 8.15980975e-03 4.61644866e-03 1.28965359e-03 2.68269509e-01
 2.09940057e-02 2.25576889e-02 2.86613367e-02 5.41266426e-03
 1.66028999e-02 1.76835572e-03 2.40241200e-01 1.98890548e-03
 1.23393675e-02 1.04098880e+00 8.68937373e-03 1.59732886e-02
 5.93340881e-02 3.52325803e-03 5.44470560e-04 1.12781860e-02
 1.24318218e-02 2.40730727e-03 4.11407324e-03 3.80017213e-03
 3.52881034e-05 4.09396645e-03 2.03783177e-02 1.40958000e-04],0.22074436,[8.28193128e-03 4.43076342e-03 1.34024001e-03 5.03775664e-03
 1.04976408e-02 1.51357579e+00 2.65604933e-03 1.96137489e-03
 6.22078078e-03 2.11227834e-02 4.03877301e-03 1.49189848e-02
 9.43721831e-03 5.44411993e+00 1.01227500e-02 1.24243386e-02
 2.26424299e-02 5.22389496e-03 1.11748204e-02 3.92892538e-03
 7.81651400e-03 6.42666419e-04 6.12834608e-03 1.31526636e-02
 5.43040223e-03 5.27233072e-02 5.71083985e-02 1.54445088e+00
 9.09821130e-03 1.88309904e-02 7.28881266e-03 1.28087895e-02
 1.65647063e-02 3.83454934e-03 3.87148917e-01 1.31563749e-02
 6.37813732e-02 1.60756148e-02 1.37081300e-03 6.72125444e-03
 8.99061561e-02 1.22831389e-02 9.80553217e-03 6.40767301e-03
 1.03762336e-02 2.90052816e-02 5.42774983e-03 1.01364106e-02
 6.44792430e-03 5.45836240e-03 2.69026053e-03 9.21362825e-03
 1.11533552e-02 7.03771040e-03 4.84912470e-03 3.66149331e-03
 5.26495976e-03 6.56719692e-03 1.52066480e-02 1.28719909e-02
 2.24103429e-03 3.01447511e-03 1.88300043e-01 6.72235573e-03
 5.74341696e-03 1.65430456e-02 1.07362662e-02 2.49439217e-02
 8.40580615e-04 2.00001989e-02 7.82544352e-03 8.72591697e-03
 2.58269683e-02 8.38786364e-02 1.25585012e-02 4.22214670e-03
 5.61936479e-03 6.07825629e-03 5.46063809e-03 6.90882187e-03
 4.93135661e-01 1.80625226e-02 6.15904806e-03 6.10609539e-03
 1.81114697e-03 9.50562675e-03 6.45227090e-04 1.31349778e-02
 1.04322918e-02 1.39679601e-02 8.04304052e-03 2.50877237e+00
 1.03286225e-02 5.65015152e-03 2.10873000e-02 7.69750681e-03
 4.34056377e+00 9.23232082e-03 1.01727638e-02 9.69219860e-03
 2.17582542e-03 1.63683861e-01 1.96548942e-02 1.66022293e-02
 3.72864981e-03 1.98978148e-02 2.14996599e-02 1.13743269e+00
 1.77893892e-01 1.54240541e-02 5.04474388e-03 2.47924440e-02
 2.23025888e-01 3.04423622e-03 1.71641558e-01 2.18386645e-03
 1.14560332e-02 1.15306685e-02 4.56566596e-03 1.08160563e-02
 1.24272117e-02 5.06826816e-03 9.25722346e-03 2.80987120e+00
 2.80427048e-03 2.81534493e-02 1.41951675e-02 2.32225098e-03
 9.24164522e-03 4.18988348e-04 1.61891565e-01 1.90355539e-01
 1.07843336e-02 2.78368331e-02 2.27851700e-03 1.66134201e-02
 3.87053774e-03 2.83194194e-03 8.78257304e-03 9.32637691e-01
 7.46073946e-03 3.73914535e-03 1.13001736e-02 1.46458512e-02
 2.94182245e-02 5.45418402e-03 9.03237239e-03 7.03269755e-03
 5.30125387e-02 8.44658539e-03 2.02857301e-01 8.24648514e-03
 7.33753713e-03 4.80591878e-03 1.13892844e-02 2.42008511e-02
 4.16248851e-03 1.01917461e-02 2.16022171e-02 8.87749046e-02
 8.45940173e-01 5.59245050e-03 7.82143418e-03 6.24559927e+00
 4.58522923e-02 6.14396483e-03 1.44919595e-02 8.97376239e-03
 4.67967652e-02 6.36501191e-03 1.46233904e+00 1.35836508e-02
 1.68758235e-03 6.88175485e-03 2.19151191e-03 1.02272993e-02
 3.24406815e+00 4.27652560e-02 4.63798782e-03 5.76544646e-03
 1.06713530e-02 3.45841958e-03 3.40729300e-03 4.67764260e-03
 4.55601420e-03 3.69934738e-03 8.71454924e-03 6.53705001e-03
 7.63871312e-01 7.43645616e-03 1.68169558e-01 6.29238132e-03
 1.18853683e-02 3.78129329e-03 2.46053040e-02 5.27951773e-03
 5.65085471e-01 5.45263849e-03 5.92135685e-03 4.64552362e-03
 1.10219838e-02 1.40822791e-02 5.71699347e-03 3.56853241e-03
 4.56579402e-03 1.09094940e-02 6.01906003e-03 3.47421458e-03
 1.77235138e-02 4.46579345e-02 7.49917775e-02 1.47665692e-02
 6.10927772e-03 6.72009028e-03 4.86003468e-03 2.57713557e-03
 4.34716493e-02 1.43538862e-02 2.72558816e-03 8.20949487e-03
 6.57179393e-03 6.86725508e-03 3.32285627e-03 2.86510936e-03
 5.32405153e-02 4.66506416e-03 7.35580362e-03 3.55931581e-03
 3.57775297e-03 4.90587391e-03 6.32499298e-03 1.26269355e-01
 2.97764111e-02 2.60002930e-02 1.40399430e-02 5.57392137e-03
 4.49073734e-03 1.91752464e-02 7.52601624e-02 4.94911987e-03
 4.97680437e-03 4.67392445e-01 3.66614317e-03 7.24969339e-03
 1.82238296e-02 7.51246978e-03 1.65789155e-03 8.50365497e-03
 7.42473081e-03 1.99629227e-03 8.24457966e-03 3.85653344e-03
 4.55864239e-03 1.15065947e-02 5.17771989e-02 2.21580663e-03],-96.98012,-107.004456,-241.74112,1.0851802,2.0028665,0.99627554,0.9305918,4.831855,-5.0747833,45.794968,163.06522,6.226284,0.4272433,0.5415152,-152.5665,152.5665,[2.37047559e+03 1.09597893e+02 1.71951618e+01 7.62280121e+01
 1.45326416e+02 3.70047394e+02 2.20673721e+02 2.16288071e+01
 1.82215862e+01 3.59783739e-01 1.60796494e+02 1.00051788e+02
 1.00974838e+02 9.62191162e+02 8.53308350e+02 8.70503540e+01
 6.70402527e+02 2.71226978e+01 6.31967583e+01 3.25600815e+01
 4.45234741e+02 1.75453150e+00 2.98146875e+03 1.70104993e+03
 3.57846527e+01 1.66440352e+04 3.25400772e+01 8.46110306e+01
 3.65124146e+02 2.19030094e+00 8.13989520e-01 7.45403767e+00
 5.70817810e+02 8.44585449e+02 1.73504961e+00 1.39399767e+01
 2.21645336e+01 3.76064262e+01 8.62508488e+00 6.58582886e+02
 1.98928528e+01 1.37893734e+01 4.18542725e+02 1.13789597e+01
 4.77749443e+00 1.77812748e+01 5.91920700e+01 1.03044080e+03
 2.98278008e+01 9.88338501e+02 4.86791945e+00 4.58521271e+01
 6.89604797e+01 1.29583582e+03 1.40150862e+01 4.47296476e+00
 1.95783295e+02 4.06498222e+01 3.69283497e-01 1.64016022e+02
 3.95074425e+01 1.17881726e+03 2.49611168e+01 5.47660780e+00
 1.41386841e+03 1.05952644e+02 1.94573906e+04 1.46087723e+02
 1.20673538e+02 6.55972839e+02 3.06550217e+01 2.23234619e+03
 1.21155182e+02 1.20122385e+01 4.79016991e+01 4.24369385e+02
 6.85030136e+01 7.14717480e+03 8.70308838e+01 6.78997681e+02
 2.02096954e+02 4.78822441e+01 4.12368736e+01 5.63621643e+02
 6.79170799e+00 1.94450436e+01 2.35647241e+03 4.99414539e+00
 6.38935432e+01 8.30125504e+01 1.25100006e+02 1.01120399e+02
 4.66056538e+00 2.04103661e+01 1.10800562e+01 3.54743225e+02
 2.88340340e+01 1.65458313e+03 9.39634037e+00 5.49091797e+01
 6.31815369e+02 1.77652046e-01 1.66411953e+01 8.62519592e+02
 8.45099945e+01 8.96985840e+02 1.07629512e+04 1.93811452e+00
 3.36561489e+00 2.90021790e+02 1.34863541e+02 3.02861237e+02
 1.25871979e+02 1.16002588e+03 1.10017529e+03 1.01234749e+02
 2.03562292e+03 1.01194220e+01 1.59937973e+02 5.38983154e+02
 1.22298438e+03 1.88497742e+02 2.73994141e+01 2.83975720e-01
 4.69906769e+02 3.53077049e+01 3.21805542e+02 1.20447495e+02
 8.67689590e+01 5.36581726e+01 2.53889084e+01 7.63517094e+00
 2.71655960e+01 8.04053589e+02 2.27085419e+01 2.03256321e+01
 2.25186914e+03 1.80696606e+03 9.33219376e+01 3.87225769e+02
 4.55595055e+01 1.50457840e+02 8.53893005e+02 4.26661835e+01
 3.53762894e+01 1.34474014e+02 1.77750225e+01 6.18841400e+01
 2.12962930e+04 1.23454674e+02 6.59937317e+02 6.02415771e+03
 1.28474365e+02 4.25540967e+03 8.15810776e+01 4.55895376e+00
 1.07278662e+04 9.71370316e+01 3.47088318e+01 3.29247093e+00
 2.13581635e+02 1.40721216e+03 1.74364975e+02 3.01461792e+02
 3.03965740e+01 1.90819263e+03 6.37624168e+00 1.53384689e+02
 1.59766448e+00 2.67706776e+00 3.90968848e+03 2.12583771e+02
 1.35349939e+03 4.40873901e+02 3.22970386e+03 1.22745476e+02
 6.51443665e+02 2.00217773e+02 1.46781097e+02 2.43051483e+02
 3.51078367e+00 2.52413406e+01 1.15484207e+02 2.45868988e+01
 3.15523338e+01 5.74620514e+01 4.87090576e+02 3.62856567e+02
 6.43539124e+01 1.18407354e+01 1.76587610e+03 2.35372877e+00
 1.56613750e+01 1.73990686e+03 2.12647919e+02 1.84520764e+03
 2.19509201e+01 7.92815704e+01 1.05127235e+02 3.04407593e+02
 6.01966286e+01 8.56202930e+03 2.75931454e+01 7.76881104e+02
 7.45272217e+02 3.21345836e-01 1.10854397e+01 1.91896469e+02
 1.75952930e+03 1.86750717e+01 3.66510376e+02 8.47580322e+02
 1.44921637e+00 6.19133911e+01 3.23833883e-01 6.37629471e+01
 2.12781010e+01 4.82700012e+02 5.28577698e+02 1.02081006e+04
 8.59297943e+00 2.27269821e+02 3.78926849e+01 1.62326245e+03
 4.26641922e+01 1.12613735e+01 1.17219330e+02 1.93954411e+01
 4.06915649e+02 2.30353455e+02 2.52569542e+01 2.44492149e+00
 1.28905764e+01 1.34498482e+01 1.54550427e+03 1.76904150e+03
 2.37859421e+01 2.99129438e+00 4.67472763e+01 3.46181917e+00
 4.76060733e-02 1.70716591e+01 1.13204895e+03 6.22273016e+00
 1.73209998e+03 5.27820473e+01 1.18788309e+01 6.48987579e+01
 7.75515320e+02 1.46777832e+03 6.64972916e+01 3.94077576e+02
 1.51517086e+01 1.24592908e+03 3.49830615e+03 5.29527855e+00],1038.1028,[5.80719727e+02 1.39833765e+03 6.24774742e+01 9.74501848e-01
 1.50625778e+02 8.27560547e+02 1.63767975e+02 1.03127686e+02
 2.58531876e+01 8.32566381e-01 8.75662327e+00 3.91217407e+02
 4.38628807e+01 2.20761871e+02 8.22497925e+02 1.07084991e+02
 2.92167854e+01 1.07871628e+01 5.42957954e+01 6.19538736e+00
 2.62067627e+02 1.72328949e+00 1.10264502e+04 4.44633789e+02
 9.05566025e+01 5.44544385e+03 7.08721256e+00 2.12894379e+02
 6.16214417e+02 4.07556839e+01 1.24104261e+00 2.21062708e+00
 7.20302582e+01 3.62786194e+02 3.26841652e-01 6.93072224e+00
 3.03486395e+00 5.61392288e+01 4.92144203e+00 1.77618677e+03
 6.65081930e+00 3.64993954e+00 6.05662918e+01 1.32727242e+01
 3.77746773e+00 9.99645805e+00 1.35048843e+02 9.66802185e+02
 4.55087042e+00 3.06078491e+03 6.47955894e+00 8.78561096e+01
 9.42303181e-01 5.18091675e+02 2.88623638e+01 1.35966368e+01
 2.47019775e+02 1.56021147e+01 3.63062501e-01 4.71716827e+02
 2.88066978e+01 2.16336578e+02 9.59631252e+00 1.68341461e+02
 1.13746423e+03 2.69484937e-01 1.54298789e+04 2.02161545e+02
 4.27389860e+00 3.00786934e+01 4.59599853e-01 1.48339462e+02
 2.35240753e+02 3.34005260e+00 9.32963333e+01 2.55323257e+02
 2.06111097e+00 9.51455957e+03 1.66468048e+02 1.89535004e+02
 1.21378914e+02 2.68980045e+01 1.49612656e+02 8.30033016e+00
 1.25169265e+00 5.66942501e+00 2.48593823e+03 4.62485218e+00
 9.49725819e+00 1.94938850e+00 1.41156952e+02 5.51986465e+01
 3.96737456e+00 5.84521389e+00 1.70109534e+00 1.12988754e+02
 3.27566192e-02 1.81938904e+03 2.74465084e+00 8.60012150e+00
 5.07722626e+02 1.22461283e+00 9.63514924e-01 1.87854446e+02
 3.66819787e+00 2.73632422e+03 2.34834082e+03 1.28181671e+02
 1.13005142e+01 1.58452816e+01 5.69704819e+00 1.20073330e+00
 1.45186218e+02 1.83340857e+03 9.23000977e+02 5.57681389e+01
 2.84650879e+03 3.64522266e+00 2.45640854e+02 4.15456848e+02
 5.93600293e+03 3.11788135e+03 3.04384804e+00 9.98066187e-01
 6.22291016e+02 1.73610992e+01 4.77097969e+01 4.72021484e+01
 1.82668686e+01 3.79456787e+01 3.30123291e+01 5.45737410e+00
 8.01405182e+01 3.47972260e+01 7.38681221e+00 2.90754765e-01
 3.19991699e+03 1.84535889e+03 1.01920639e+02 1.04899006e+01
 4.73519278e+00 3.29959412e+02 2.58821747e+02 1.51810274e+01
 9.47653294e+00 9.56009674e+01 1.06817758e+00 6.62246084e+00
 3.89393494e+02 2.42013779e+01 1.24929565e+03 2.14643115e+03
 6.13444424e+00 2.55330908e+03 6.59976044e+01 6.46067715e+00
 7.95510449e+03 2.43065300e+01 2.47370386e+00 4.72414732e+00
 8.23436813e+01 2.86382129e+03 9.65693970e+01 2.38864502e+02
 6.76110697e+00 2.96308887e+03 8.21919203e-01 1.10057213e+02
 2.23847351e+01 1.28933921e-01 5.27337219e+02 1.01272652e+02
 1.85477820e+03 3.71960754e+02 7.40247168e+03 3.39923096e+01
 6.66329590e+02 2.31459061e+02 1.64176178e+02 1.06260681e+01
 1.31393528e+01 5.08446503e+00 2.94607056e+02 1.01001778e+01
 1.05197897e+01 8.93597107e+01 8.20122314e+02 6.02771034e+01
 1.21618471e+01 5.05629826e+00 1.91627112e+03 2.67857695e+00
 2.93269539e+00 1.35204590e+03 1.07484106e+03 2.38738480e+01
 3.56142521e+00 5.75978943e+02 3.13015594e+02 2.63215088e+02
 2.48747501e+01 7.86084375e+03 5.57956982e+00 4.93835236e+02
 2.42015100e+00 1.89194965e+00 9.09551430e+00 2.60806671e+02
 1.89308643e+03 9.35642815e+00 8.49155701e+02 4.16924988e+02
 1.79437459e+00 1.04109764e+01 1.92886621e-01 4.00675468e+01
 2.64376593e+00 3.47338135e+02 5.89159870e+00 2.41386133e+03
 3.84856720e+02 3.58266083e+02 1.46394520e+01 5.38998718e+02
 1.13060427e+01 1.89857845e+01 7.03961563e+01 9.64076042e+00
 6.82154419e+02 2.04690475e+02 1.03636799e+01 2.40148277e+01
 2.59409142e+01 4.34881115e+00 1.34856519e+03 2.59736646e+03
 5.02208948e+00 3.23678041e+00 6.92425766e+01 2.23627892e+01
 2.97388762e-01 3.58593392e+00 6.08003113e+02 6.03364334e+01
 3.06628711e+03 4.98715668e+01 7.87712574e-01 1.28434858e+01
 1.15448438e+03 5.67310242e+02 1.37016449e+02 2.43670068e+03
 7.57665539e+00 2.02432141e+03 5.14988086e+03 6.42131424e+00],-88.09123,-163.76761,-339.8267,2.982102,39.49082,0.9080994,0.9577645,0.01714969994544983,10360.418802022934,0.5,0.5,-0.15546664823078576,0.0010567089984506613,-0.155427673298752,0.0008371152641403423,-0.5548139784789229,37.59999999999999,0.0,624750.0,-1.0,-760.0,750.0,11.000751972198486,625000
104.32476,0.032331772,0.08224117,0.0008132363,-103.47002,103.47002,[1.58771779e-03 1.91929750e-02 1.71545940e-03 2.34571286e-04
 7.25233089e-03 4.07482870e-03 1.82549004e-03 2.35694414e-03
 2.18941793e-02 4.95066196e-02 5.53478673e-03 7.65755586e-03
 1.63021415e-01 7.34607363e+00 8.10519218e-01 3.96259464e-02
 7.80508062e-03 8.23405629e-04 6.50701165e-01 3.96847026e-04
 5.87987434e-03 3.64936143e-02 1.34449787e-02 1.38385566e-02
 4.14188951e-03 1.81457866e-02 3.88703588e-03 2.02264003e-02
 4.51434078e-03 3.82626755e-03 1.72235128e-02 6.12344267e-03
 1.64176092e-01 4.98162024e-02 3.88044259e-03 2.58722133e-03
 1.57595500e-02 3.62545587e-02 1.41316533e-01 3.52970837e-03
 2.40146415e-03 3.55913155e-02 7.44449496e-02 1.55135412e-02
 1.67984534e-02 8.82805232e-03 1.65330246e-02 1.17870956e-03
 3.55448164e-02 8.80085863e-03 4.12312243e-03 2.84852926e-02
 1.02825696e-02 5.24285920e-02 6.20143535e-03 1.60936285e-02
 6.19773706e-03 5.04347542e-03 1.69080645e-02 4.41379100e-02
 3.50865861e-03 4.81920317e-03 1.29304896e-03 2.12163217e-02
 4.45079535e-01 2.87343311e+00 1.37710441e-02 8.08589011e-02
 6.02041036e-02 4.50987602e-03 6.42848026e-04 2.14741938e-03
 1.73900947e-02 6.45236205e-03 1.64832659e-02 1.69643238e-02
 8.64046574e-01 2.37595085e-02 1.02218501e-02 5.50224259e-03
 1.05371354e-02 8.15217495e-02 6.87551320e-01 9.79428925e-03
 4.86673340e-02 1.31721217e-02 1.75395813e-02 2.15853099e-03
 1.56537688e-04 2.69061085e-02 1.22948876e-02 5.90406870e-03
 7.78991077e-03 1.23050787e-01 9.53651778e-03 7.64857745e-03
 4.38828545e-04 1.15784137e-02 8.79881962e-04 1.19528264e-01
 1.89764122e-03 2.12164887e-04 2.34880187e-02 1.99357804e-04
 2.55842623e-03 4.39425139e-03 3.19486819e-02 1.19514251e-03
 7.72118382e-03 3.63967055e-03 2.98058335e-02 4.30854484e-02
 2.93922378e-03 1.19756302e-02 2.24977033e-03 7.11251982e-03
 1.92841500e-01 8.96496326e-03 5.77354617e-03 9.90835950e-04
 5.89026557e-03 4.63585602e-03 3.43953109e+00 3.20791528e-02
 7.97300227e-03 3.87958367e-03 3.50246206e-04 2.94176154e-02
 1.08602643e-02 7.64147379e-03 6.24311864e-02 3.31927575e-02
 1.71186924e-02 4.98790992e-03 2.22912412e-02 1.51029378e-02
 1.03550572e-02 1.75643414e-02 9.63458046e-03 2.47342959e-02
 1.30186754e-03 6.32976694e-03 1.07057076e-02 3.12300399e-04
 6.95926696e-03 1.32946195e-02 2.12588906e-02 7.13472255e-03
 7.28733977e-03 2.66721882e-02 1.78315514e-03 2.21262779e-02
 1.37189388e-01 4.31313459e-03 1.55019257e-02 5.78754640e-04
 3.83446109e-03 6.99295476e-03 1.71011314e-02 3.34263220e-02
 2.02892069e-02 1.40701141e-02 1.65582951e-02 8.94097611e-03
 2.99156574e-03 3.48402234e-03 1.09288674e-02 7.03945430e-03
 8.03114939e-03 4.13653965e-04 4.08067927e-02 1.74647663e-03
 8.57111905e-03 1.22536207e-02 5.02666179e-03 8.79074819e-03
 1.95981920e+00 1.66248754e-02 1.32190511e-02 1.03318617e-02
 5.85274398e-03 1.40106194e-02 1.73771009e-03 3.72271938e-03
 1.01725925e-02 3.36421281e-03 1.09588029e-03 3.05243605e-03
 1.46956369e-02 1.55085418e-03 1.56895816e-02 4.20570467e-03
 9.95348766e-03 4.55129240e-03 3.19172163e-03 3.50411283e-04
 1.03448601e-02 3.35219391e-02 4.01766825e+00 2.41027493e-03
 5.46203647e-03 1.11709628e-02 1.90498237e-03 1.00822604e+00
 1.85272493e-03 3.41374576e-02 9.69081558e-03 7.92909600e-03
 3.15075764e-03 1.83248334e-02 6.68608397e-02 1.31678917e-02
 7.12447707e-03 4.69824951e-03 2.14936280e+00 3.50023247e-02
 1.22821522e+00 9.44914669e-03 4.19633288e-04 5.67739923e-03
 3.38713787e-02 3.45649421e-02 4.42801332e+00 4.13487479e-03
 1.16582960e-02 3.46138026e-03 8.45115259e-03 7.45628146e-04
 7.31643243e-03 2.42850447e+00 1.77379185e-03 1.95057654e+00
 1.21320207e-02 1.36482865e-02 1.22362538e-03 5.96419349e-03
 7.05329254e-02 1.93016720e-03 1.01573262e-02 2.26795319e-02
 3.25568672e-03 5.12670726e-03 9.26238596e-02 2.93583386e-02
 1.23739187e-02 8.32684163e-04 3.78690481e-01 6.89052651e-03
 1.35454377e-02 4.18925798e-03 9.19466838e-03 3.46661359e-01
 3.83465314e+00 2.86002364e-03 1.93578601e+00 5.86951303e+00],0.17039582,[2.26420723e-03 1.19215986e-02 3.58205987e-03 6.92823622e-03
 9.63868387e-03 1.05354553e-02 1.49119599e-03 8.73399153e-03
 1.69095807e-02 8.83548148e-03 5.90969482e-03 6.54798746e-03
 9.24309865e-02 3.14708710e-01 2.34524399e-01 1.36807386e-03
 9.60331131e-03 9.73266736e-03 7.14018524e-01 4.50561615e-03
 4.50584944e-03 8.67537130e-03 1.01565644e-02 1.73308942e-02
 3.31486249e-03 1.86678302e-02 2.05979235e-02 4.41724574e-03
 7.82905798e-03 4.82388260e-03 5.03574498e-03 6.63165841e-03
 1.19803930e-02 1.28714815e-02 1.39978519e-02 4.04630788e-03
 6.40790258e-03 2.07015406e-02 1.02869660e-01 2.05128882e-02
 5.26654348e-03 1.00451842e-01 9.09205526e-02 1.90298073e-02
 7.62005989e-03 1.03558544e-02 2.96552069e-02 1.77784404e-03
 8.48568510e-03 1.54839531e-02 3.30158556e-03 2.16744021e-02
 1.68305356e-02 1.37848631e-02 7.16874842e-03 4.78773285e-03
 7.53625017e-03 2.97882245e-03 9.78171732e-03 4.07485552e-02
 6.73323171e-03 3.14734434e-03 4.49753087e-03 1.52509967e-02
 9.35452104e-01 1.57538652e-01 1.27225630e-02 9.27160233e-02
 5.43891042e-02 9.38035920e-03 8.03528726e-03 1.94867398e-03
 2.88939686e-03 5.62541606e-03 1.96353067e-02 1.51794441e-02
 7.03266263e-01 2.72132363e-02 2.32747290e-03 1.42329708e-02
 1.24924174e-02 1.09165668e-01 1.51281142e+00 7.46036740e-03
 2.48915717e-01 3.16057354e-03 1.34619512e-02 3.01955733e-02
 1.17987916e-02 1.61449242e+00 2.17105038e-02 1.04343230e-02
 7.26602785e-03 1.51947848e-02 9.20184050e-03 3.06107868e-02
 1.93280503e-02 1.59015395e-02 8.62134341e-03 1.47910081e-02
 3.98221053e-03 2.60313936e-02 2.22866572e-02 5.55910228e-04
 2.82901386e-03 4.83211549e-03 2.02106088e-02 8.49050703e-04
 5.63850766e-03 4.35103476e-03 1.47659751e-02 8.54618475e-03
 4.80973441e-03 9.05631203e-03 5.37589099e-03 7.89669342e-04
 1.81444079e-01 1.69298090e-02 1.11366054e-02 1.00441487e-03
 9.19361226e-03 4.50779032e-03 4.18484062e-01 9.68286395e-02
 1.17056724e-02 1.42610678e-02 2.37771496e-03 6.87423628e-03
 1.90601498e-03 1.08002480e-02 8.75187740e-02 7.42714703e-02
 1.21734124e-02 6.09105825e-03 1.30743952e-02 1.92849562e-02
 5.50968666e-03 1.27090998e-02 4.45052562e-03 1.51250847e-02
 1.12912087e-02 1.15167927e-02 9.77234636e-03 4.32495996e-02
 5.29096834e-03 1.01239495e-02 3.38247232e-02 6.65504113e-03
 8.98540020e-03 2.63586733e-02 9.00874473e-03 2.23101210e-02
 8.82757455e-02 3.31312008e-02 3.69690964e-03 7.62480218e-03
 5.58658177e-03 2.54577538e-03 1.32841161e-02 4.34819050e-02
 1.74755864e-02 2.66268641e-01 1.27209090e-02 6.28172467e-03
 7.76887592e-03 4.21234965e-02 1.99267808e-02 1.32351518e-02
 3.94222792e-03 2.86422262e-04 1.07394950e-02 3.30671133e-03
 1.39423953e-02 1.19194072e-02 2.58100731e-03 1.54166259e-02
 4.27540779e-01 6.15076162e-03 4.01566795e-04 1.36556765e-02
 6.27700053e-03 1.96823962e-02 1.22707458e-02 3.48801678e-03
 4.21941951e-02 3.73341888e-03 8.89194943e-03 1.80411688e-03
 1.19446386e-02 8.21408408e-04 1.51290530e-02 3.89390765e-03
 2.14697840e-03 1.20061208e-02 4.91779763e-03 1.44605921e-03
 3.23276618e-03 2.23211385e-02 9.24906582e-02 2.08722055e-02
 1.59673728e-02 2.53254455e-02 4.00780514e-03 1.35204363e+00
 3.91702773e-03 1.24583049e-02 3.45396250e-03 1.94609689e-04
 2.06307159e-03 1.63110066e-02 3.22622582e-02 1.62305348e-02
 3.79488543e-02 1.02665024e-02 3.24259788e-01 6.50749356e-02
 3.45731050e-01 9.99254175e-03 4.11213282e-03 6.81722537e-03
 2.06291117e-02 2.88445167e-02 5.68429455e-02 1.38042374e-02
 7.03426357e-03 4.22858074e-03 5.27258590e-02 7.88355828e-05
 5.11611858e-03 6.06552482e-01 5.25110122e-03 6.49606764e-01
 1.08826794e-02 1.37760900e-02 1.01546356e-02 4.00210731e-03
 1.42014865e-02 1.85202970e-03 5.18362364e-03 1.85333211e-02
 4.98198578e-03 2.01403722e-02 6.73206821e-02 1.58446915e-02
 5.72021119e-03 3.01161595e-03 5.26806831e-01 5.90012781e-03
 1.36182252e-02 4.45525907e-03 2.28028148e-02 8.40821043e-02
 3.20053101e+00 2.33342464e-04 6.78017437e-01 7.03078389e-01],-95.928116,-109.41409,-327.9171,1.0746351,1.9492424,0.9472544,0.93000865,2.7264504,-2.5572472,31.657753,166.61058,5.490063,0.40132418,0.47058207,-157.10727,157.10727,[3.23642006e+01 3.46278015e+02 7.20951614e+01 3.77387822e-01
 7.54456665e+02 6.87385132e+02 1.39770874e+02 1.46502409e+01
 7.16228699e+02 1.41566406e+03 1.28299841e+03 1.40536880e+02
 1.37960571e+02 7.02698242e+03 1.58951691e+02 2.21193695e+00
 8.38880615e+02 2.70542107e+01 1.55775490e+01 1.92400761e+01
 2.10282148e+04 2.60350342e+02 2.70633453e+02 1.35648535e+03
 1.02510090e+01 1.38384201e+02 1.12492504e+01 1.71551224e+02
 6.59258301e+02 1.10269531e+02 9.90088284e-01 3.68543976e+02
 5.85202637e+02 4.88847160e+01 2.43273945e+01 2.44947006e+02
 4.63638382e+01 2.29093292e+02 9.61715851e+01 3.14577423e+02
 4.28908936e+02 8.08820190e+02 1.97362691e-01 1.75880768e+02
 1.59559741e+03 4.49078705e+02 1.30053358e+01 2.40328809e+03
 2.74422852e+02 4.01601124e+00 4.90991936e+01 5.47172546e+00
 1.09325333e+02 1.99134424e+03 5.98912506e+01 2.81163452e+03
 4.72692735e-02 1.02543892e+02 1.06436987e+03 1.18703232e+02
 8.53421509e+02 2.98535583e+02 3.93935913e+02 3.30780244e+00
 1.77968616e+01 1.55745834e+02 3.27387744e+03 1.19711885e+01
 3.01464272e+00 3.54216113e+03 9.63047600e+00 6.20991699e+02
 9.79826050e+01 3.61412781e+02 5.80551758e+01 2.57580776e+01
 1.21218359e+03 4.08927795e+02 1.56869031e+03 5.74714394e+01
 1.16230690e+02 2.13484543e+02 3.23869843e+02 1.31340424e+02
 3.19952297e+00 5.16629517e+02 8.09344578e+00 1.26140137e+02
 5.50690796e+02 5.30843124e+01 4.48081970e+00 4.35393945e+03
 3.82580070e+01 1.12301483e+01 3.11610432e+01 2.03396328e+04
 8.67874908e+00 7.93570099e+01 7.65582561e-01 2.94749826e-01
 1.87969284e+01 3.36259308e+01 2.43226204e+01 3.42108231e+01
 5.33530579e+01 1.11239197e+03 1.29469719e+01 3.44823956e+00
 5.05852966e+01 6.31339133e-01 7.80689240e+01 3.34762036e+03
 1.21477570e+02 2.13838770e+04 3.51552343e+00 5.08087196e+01
 6.52261276e+01 4.34992310e+02 1.30672043e+02 1.11158653e+02
 2.15103821e+02 1.19410791e+03 3.28373840e+02 1.01822495e+00
 9.82151855e+02 3.40582471e+03 1.58185577e+01 2.10846602e+04
 5.35297012e+01 7.87202072e+01 6.02675867e+00 6.27394287e+02
 3.86473602e+02 4.01269226e+01 1.91651758e+03 4.84216690e+01
 2.26447124e+01 2.97277985e+01 6.51989075e+02 1.57230457e+03
 1.42420593e+03 1.39380997e+02 1.19281292e+01 3.15225677e+02
 1.00786993e+03 8.00056152e+02 3.84826355e+01 1.65926465e+03
 3.97820557e+02 2.13144609e+04 5.01232529e+01 2.06797058e+02
 1.28066269e+02 5.09839966e+02 4.30840424e+02 5.35281055e+03
 1.62381506e+00 3.76342773e+02 3.66706085e+01 6.07156250e+02
 1.02300777e+01 3.41629715e+01 2.23381113e+04 2.17514221e+02
 2.44784668e+02 2.86439018e+01 4.99453068e+00 6.90497742e+01
 6.04612671e+02 1.55337051e+02 3.11820953e+02 3.25788193e+01
 1.58390846e+01 1.60027756e+02 7.24361191e+01 9.01766300e-01
 7.70047607e+02 1.08285110e+02 6.49109180e+03 3.95849426e+02
 1.12680311e+01 9.20707932e+01 6.28199097e+02 7.31167316e+00
 2.05659424e+02 2.56117630e+01 1.97323706e+03 2.69580841e+02
 3.39865608e+01 2.77329651e+02 2.65661736e+01 8.80860672e+01
 5.45699585e+02 2.20367985e+01 2.87392065e+03 9.70228424e+01
 5.68010864e+01 5.06643116e-01 1.30553574e+02 1.44238983e+02
 1.31634570e+03 2.19093047e+04 2.71031628e+01 2.25364331e+03
 3.85449910e+00 8.24465866e+01 2.35260696e+01 3.86474731e+02
 3.23768506e+03 2.29097023e+01 4.64308853e+01 1.73892170e-01
 4.64214945e+00 5.44612808e+01 2.13560608e+02 4.05039734e+02
 1.45499695e+03 8.66734009e+01 4.97634811e+01 5.52349805e+03
 5.00358124e+01 1.07602287e+02 1.11735382e+02 1.11878088e+03
 1.59254138e+03 1.46533692e+00 1.81420822e+02 1.91734360e+02
 6.06874657e+00 6.36541138e+02 2.03558769e+01 3.73646545e+02
 2.15404327e+02 5.01818008e+01 3.92828613e+02 1.58591204e+01
 1.50058899e+02 2.89952888e+01 5.18500290e+01 6.22427082e+00
 1.57719513e+02 3.66815948e+00 1.05946617e+01 2.97749146e+02
 3.46729767e+02 7.81306565e-01 4.59219933e+00 9.62882629e+02
 3.44625969e+01 1.44357433e+01 4.60599631e-01 5.49868164e+01
 1.97212616e+02 2.35334682e+01 2.92115234e+02 5.66670895e+00],1213.5194,[7.30418701e+01 1.12396497e+03 1.37448792e+02 1.43265305e+01
 6.37412231e+02 3.35197632e+02 5.97176437e+01 4.13031616e+01
 1.05811401e+03 2.93007373e+03 1.92077185e+03 5.02086449e+01
 5.50826302e+01 6.61369922e+03 2.42876160e+02 1.40691531e+00
 1.10346204e+03 2.34028046e+02 3.77603436e+00 8.72463608e+00
 6.29521084e+00 3.57791962e+02 1.70108490e+02 5.74644409e+02
 6.87752295e+00 3.61771912e+02 1.02391396e+01 1.07276878e+02
 1.16139636e+03 3.01706715e+01 7.56988883e-01 8.82729650e-01
 1.09575842e+03 4.45372314e+01 4.59832726e+01 3.77119408e+01
 1.12033310e+01 2.51671696e+01 8.63346338e-01 1.68659241e+02
 8.67178726e+00 4.69866608e+02 1.77350998e-01 1.85750214e+02
 2.24848953e+02 2.21229950e+02 9.13374901e+00 2.81229810e+03
 1.64374084e+02 1.55671206e+01 3.61474466e+00 1.99762249e+00
 1.17481641e+03 4.60473926e+03 2.83381596e+01 2.06417358e+03
 1.24612644e-01 3.07357117e+02 5.90869019e+02 7.05983505e+01
 4.66034821e+02 6.37451416e+02 7.28320923e+02 7.83425045e+00
 1.10149145e+01 1.86947429e+00 6.17723291e+03 1.21415005e+01
 1.88686037e+00 2.76345020e+03 1.30656421e+00 4.27774124e+01
 5.50717392e+01 8.41294373e+02 1.58995895e+01 1.43336754e+01
 1.55480847e+03 1.26701575e+03 2.84220557e+03 1.40514431e+01
 5.20613861e+01 7.51537621e-01 9.07645264e+02 4.41375208e+00
 3.52886230e-01 1.01473395e+03 9.90258312e+00 1.07995430e+02
 1.67043877e+01 7.03110352e+01 5.09774446e-01 5.14550439e+03
 1.02169815e+02 1.25684280e+02 8.55142288e+01 8.12641797e+03
 1.26761758e+00 1.67911625e+00 2.25121574e+01 3.72547302e+01
 6.08740616e+00 3.40172157e+01 1.95008377e+02 1.73720840e+02
 1.90841019e+02 9.17451782e+01 6.73877859e+00 2.01953650e+00
 1.60021362e+01 2.83118362e+01 1.10544693e+02 3.37860742e+03
 3.43005676e+01 1.00048615e+02 8.11832809e+00 1.94595394e+01
 8.89277573e+01 6.71039429e+01 2.49560471e+01 7.29552307e+01
 3.32868134e+02 9.47986603e+00 3.24794067e+02 7.81471920e+00
 4.30622314e+02 2.85338208e+03 1.65953362e+00 4.47350645e+00
 2.21698853e+02 1.45779129e+02 2.03301754e+01 5.73202820e+02
 4.09555969e+01 4.14868021e+00 1.56330249e+03 3.62769413e+00
 3.28692436e+00 4.08977747e+00 5.37753845e+02 1.22820837e+03
 1.37613354e+03 4.06901703e+02 5.82519197e+00 5.98405273e+02
 1.88338184e+03 2.98051465e+03 4.91633148e+01 3.78871558e+03
 5.33585892e+01 2.15553125e+03 2.92264080e+00 1.76123001e+02
 3.26119652e+01 8.18362549e+02 1.26038094e+02 7.15877002e+03
 4.03369308e-01 2.31341479e+03 9.84926319e+00 3.85993347e+02
 1.41528988e+00 2.83577037e+00 2.19745586e+04 8.19923401e+02
 5.47721710e+01 4.69926643e+00 5.14760351e+00 1.21699287e+02
 1.76518250e+02 4.03637619e+01 2.95039825e+02 8.55725956e+00
 1.01705521e+02 2.07597275e+01 1.01322159e+02 4.62184095e+00
 9.24263489e+02 1.49513748e+02 7.18405469e+03 2.86352234e+02
 5.03549039e-01 3.65124390e+02 8.86629517e+02 9.20639133e+00
 1.71053674e+03 2.15468063e+01 2.05318530e+03 2.52401199e+02
 4.68599617e-01 9.47944927e+00 1.38942599e+00 3.29023514e+01
 2.08805762e+03 3.83351231e+00 3.61286328e+03 1.08143482e+01
 4.55452576e+01 6.42591119e-01 4.74214935e+01 3.02236576e+01
 1.81526172e+03 1.67062740e+01 7.06382799e+00 9.38487671e+02
 2.94239283e+00 1.60723602e+02 3.51381073e+01 3.06876587e+02
 3.67690381e+03 5.12490692e+01 1.14950113e+01 2.35234171e-01
 5.48100519e+00 4.57561302e+01 2.29201241e+01 2.21532410e+02
 2.29851074e+03 1.35153152e+02 5.20403862e+00 2.59893677e+03
 2.56170845e+01 2.27579010e+02 1.87826729e+01 1.35916836e+04
 1.83401086e+03 1.03708196e+00 3.24982208e+02 8.73661621e+02
 1.88628852e+00 7.40529541e+02 8.02212238e+00 4.25186768e+02
 1.33248749e+02 1.62802863e+00 1.63782666e+03 8.16971436e+01
 7.76923828e+01 4.43044167e+01 6.15209389e+01 4.65148258e+00
 2.54943848e+01 8.35431862e+00 1.89441795e+01 4.54207581e+02
 3.91482727e+02 3.61927062e-01 4.78730965e+00 3.78050879e+03
 5.33792830e+00 2.55650196e+01 7.12017179e-01 6.27456360e+01
 1.45601456e+02 8.50234451e+01 1.63310852e+02 2.39681721e+00],-102.27321,-167.68355,-333.5374,2.7129722,29.068316,0.92780983,0.9577662,0.01601453399658203,10760.782185316086,0.5,0.5,-0.07191764630084468,-0.0010822192745456617,-0.07194085221747924,-6.007130865013707e-06,36.00876526581402,37.59999999999999,0.0,649500.0,-1.0,-759.0,750.0,11.233148336410522,650000
105.2477,0.0357878,0.04757687,0.0012480703,-104.736145,104.736145,[3.91827524e-03 5.70996761e+00 3.17914598e-02 2.81499512e-02
 3.31835113e-02 5.22536933e-01 1.04233827e-02 4.52838987e-02
 6.66162297e-02 3.27910185e-02 1.58993546e-02 1.59572829e-02
 1.79604441e-02 1.37629379e-02 2.61734007e-03 7.03591853e-02
 3.67702879e-02 1.70537289e-02 4.38501053e-02 1.29976869e-02
 6.63828151e-03 6.73119631e-03 1.94716826e-02 7.17336126e-03
 2.91105825e-02 3.07542435e-03 2.85027958e-02 4.39793319e-02
 2.50634179e-02 2.10052598e-02 6.34580180e-02 7.05703860e-03
 1.00018904e-02 1.26519704e+00 4.66610715e-02 3.76179218e-02
 2.60069259e-02 2.24378794e-01 3.06353960e-02 1.13527523e-02
 4.56321388e-02 5.38614914e-02 3.00741270e-02 1.36752082e-02
 1.17386416e-01 1.88268237e-02 1.63160950e-01 7.54090166e-03
 1.25950435e-02 3.11610405e-03 7.29969982e-03 4.56902711e-03
 1.25290612e-02 1.89466868e-02 4.28746603e-02 4.96729946e+00
 3.27507034e-03 4.93778207e-04 1.65590718e-02 1.97142735e-02
 4.90606874e-02 8.01588595e-03 4.61874492e-02 3.37190777e-02
 6.72897929e-03 2.52205841e-02 4.33412427e-03 1.44847194e-02
 6.09918647e-02 2.98225582e-02 7.00390041e-02 9.41793434e-03
 2.02684682e-02 1.59192160e-02 2.66079511e-02 2.88809896e-01
 2.41003186e-02 7.67064281e-03 7.58001627e-03 4.18546274e-02
 3.02535966e-02 8.19126703e-03 7.47496858e-02 2.40001343e-02
 2.91434936e-02 2.48655938e-02 2.10802659e-01 4.84450310e-02
 1.90031361e-02 2.41393559e-02 1.15734804e-02 1.08369865e-01
 1.45067060e-02 3.65772620e-02 4.48083244e-02 2.95645231e-03
 1.38275679e-02 4.24382612e-02 8.57681967e-04 1.02833688e+00
 4.09872318e-03 9.35519580e-03 1.67682450e-02 2.19802130e-02
 1.33652845e-02 1.09269395e-01 2.24328674e-02 1.20676802e-02
 2.61676908e-02 5.19012928e+00 1.85479969e-02 1.09895682e-02
 4.27932453e+00 6.53027045e-03 2.77961269e-02 3.50574195e-01
 7.29141533e-02 3.06507945e-02 3.67298780e-04 1.11279786e-02
 1.01242466e-02 1.06634926e-02 1.20703038e-02 8.66417121e-03
 2.82514095e-02 7.69639388e-03 1.11249555e-02 9.68419667e-03
 3.13841514e-02 5.70058450e-02 1.60952397e-02 3.22866067e-02
 6.68648928e-02 2.55614836e-02 1.55398703e+00 3.76987108e-03
 1.29999071e-02 2.05466338e-02 1.55394124e-02 1.27786892e-02
 3.31560001e-02 2.30723657e-02 2.05382723e-02 1.46974832e-01
 1.63078122e-02 4.66273166e-03 1.91931671e-04 5.33771291e-02
 1.57977995e-02 7.95139931e-03 1.81440394e-02 1.59755591e-02
 4.72573712e-02 1.57251600e-02 5.93262166e-03 6.47426117e-03
 3.50280143e-02 1.70352217e-02 1.44237559e-02 9.94000770e-03
 2.88493279e-03 5.44191785e-02 1.15953507e-02 2.39986330e-02
 1.39652379e-02 2.92745028e-02 2.32659047e-03 1.03515303e-02
 4.04213667e-02 4.94878948e-01 5.50325215e-03 2.50403453e-02
 2.05046851e-02 2.36607119e-02 2.29138229e-02 7.90666696e-03
 1.39785511e-02 3.83148938e-02 2.04518717e-02 4.74967808e-03
 3.88003252e-02 1.07069900e-02 9.49324965e-02 2.20025368e-02
 3.80344838e-02 1.68917924e-02 1.70476250e-02 2.74523962e-02
 2.18424667e-02 4.17641886e-02 1.15146460e-02 2.19834130e-02
 1.72340535e-02 6.69707265e-03 1.95550248e-02 2.09497679e-02
 5.95871685e-03 2.95982510e-02 1.40768127e-03 1.51007287e-02
 1.46951005e-02 2.79319752e-02 3.93254906e-02 5.04990458e-01
 4.37495299e-03 1.09735737e+01 4.50421497e-02 8.21621045e-02
 1.14195636e-02 3.77732366e-02 2.13859193e-02 2.51539014e-02
 1.00675561e-01 2.44763643e-02 3.67374346e-02 2.68730931e-02
 2.06174962e-02 4.13523242e-02 3.32904533e-02 5.00772521e-02
 4.55217250e-02 5.11917248e-02 8.53046961e-03 2.40335613e-02
 1.30293258e-02 4.74189892e-02 1.41206514e-02 2.30902676e-02
 1.45033412e-02 1.85973682e-02 2.79496331e-02 2.80048735e-02
 1.19306929e-02 1.18351936e+01 7.78326243e-02 5.18125892e-02
 1.10212479e+01 3.06263510e-02 1.98882449e+00 3.24348137e-02
 1.76241696e+00 2.32191272e-02 1.96687654e-02 5.82749248e-02
 4.55485955e-02 4.24400344e-02 1.05026346e-02 1.89623516e-02
 2.38232389e-02 2.78657579e+00 2.14636791e-02 5.70999691e-03
 1.15564615e-02 1.17258988e-02 2.05221027e-02 2.87721828e-02],0.33203784,[7.30342232e-03 1.33912182e+00 2.31106468e-02 1.75378509e-02
 1.58040430e-02 3.58249366e-01 1.19105149e-02 1.42083978e-02
 8.20713863e-03 3.16096507e-02 1.87699646e-02 1.50880329e-02
 2.09307335e-02 2.77425889e-02 2.48869183e-03 4.40885350e-02
 1.30010508e-02 1.16822906e-02 2.67643332e-02 1.87641494e-02
 4.00216458e-03 6.65503228e-03 1.49014648e-02 1.48285395e-02
 7.21625760e-02 1.33743435e-02 1.86756663e-02 3.75596620e-02
 5.13202138e-03 1.08284801e-02 5.37255686e-03 9.22442321e-03
 1.06793046e-02 7.59705603e-01 7.44004101e-02 1.85883306e-02
 1.47566786e-02 2.34560538e-02 3.69699225e-02 6.17452338e-03
 1.45259239e-02 1.85783729e-02 2.52546137e-03 1.58700515e-02
 2.62911916e-01 1.65322646e-02 2.88899511e-01 1.13207195e-02
 3.29159647e-02 9.37764905e-03 1.55586060e-02 2.05923989e-02
 1.89024024e-02 2.62470618e-02 7.51003716e-03 1.37788601e+01
 2.21902300e-02 8.94435868e-03 4.95492108e-02 1.37419524e-02
 2.70415246e-02 2.95098894e-03 3.93901505e-02 2.57314183e-02
 4.63570841e-03 3.15926969e-02 1.48505978e-02 1.71558335e-02
 7.72806350e-04 4.11677063e-02 2.28545442e-02 2.38779448e-02
 1.52251264e-02 1.33853257e-02 9.70160589e-03 2.10646152e+00
 2.71603651e-02 3.06725539e-02 3.84394545e-03 4.57526408e-02
 1.19323209e-02 1.00315548e-04 3.78832296e-02 1.44064603e-02
 1.53614610e-01 1.23715289e-02 8.92821923e-02 4.21169400e-02
 2.39534676e-02 1.80543363e-02 1.58079732e-02 3.13275610e-03
 1.85449235e-02 2.56230310e-02 2.16498017e-01 1.01629496e-02
 8.92444421e-03 2.83945240e-02 4.14600596e-03 6.85266733e-01
 1.01486268e-02 1.95399914e-02 1.64951701e-02 2.63001882e-02
 1.93581614e-03 2.66381919e-01 4.08570319e-02 1.91854984e-02
 4.78579290e-02 1.27407780e+01 9.93310008e-03 1.56738609e-02
 2.10321456e-01 4.67267707e-02 3.11173350e-02 2.44374418e+00
 5.28928824e-02 2.11960240e-03 9.12417099e-03 1.62941441e-02
 2.00116914e-02 3.18949074e-02 1.08944094e-02 1.53675620e-02
 8.11581127e-03 1.61984582e-02 1.90726668e-02 1.11113358e-02
 3.10556293e-02 4.84923348e-02 1.53694488e-02 6.37564866e-04
 7.33081698e-02 3.36283520e-02 2.16124988e+00 7.41098356e-03
 1.90026797e-02 2.02854350e-02 2.45842859e-02 3.31182107e-02
 1.88710898e-01 2.26624422e-02 5.20212227e-04 5.55459857e-02
 8.79084319e-03 3.60207842e-03 4.14512586e-03 3.03761661e-03
 2.15862989e-02 2.75980085e-02 1.22477757e-02 3.75980721e-03
 1.16407061e-02 2.35220008e-02 2.13157870e-02 6.94745965e-03
 3.36806923e-02 1.74524374e-02 1.51755218e-03 2.58744638e-02
 3.20032472e-03 3.04848403e-01 2.00985856e-02 1.24329319e-02
 1.70419738e-02 2.59774420e-02 5.89541718e-03 1.38144940e-02
 3.44319977e-02 4.41141129e-01 8.48045852e-03 2.98795905e-02
 1.24325734e-02 1.31405564e-02 1.45387929e-02 8.24009925e-02
 1.31719429e-02 1.25734210e-01 2.29629949e-02 1.52225327e-02
 2.91338731e-02 7.37546384e-03 3.63636352e-02 2.19109561e-02
 3.65309119e-02 1.19270012e-02 1.27914250e-02 3.64504941e-02
 2.85651274e-02 3.66122276e-02 1.45054897e-02 6.13930961e-03
 9.91354976e-03 1.56670772e-02 2.26149224e-02 1.99136976e-02
 2.96346704e-03 6.57502096e-03 1.64995808e-02 1.59889646e-02
 1.71070569e-03 1.59702189e-02 3.87902893e-02 2.37027794e-01
 6.37248904e-03 2.44892073e+00 4.10670135e-03 2.42784992e-02
 2.41869818e-02 2.96163280e-02 2.65796259e-02 1.34156132e-02
 5.08627966e-02 2.19219439e-02 4.04042043e-02 6.80304598e-03
 1.76843852e-02 4.39286754e-02 1.85370222e-02 2.38042139e-02
 4.57339268e-03 1.64559186e-02 9.30309482e-03 4.17380407e-02
 3.10152806e-02 7.59855434e-02 1.25520853e-02 1.25929927e-02
 4.26208973e-03 1.73521899e-02 4.53661233e-02 4.10797223e-02
 2.71721906e-03 1.44514382e+00 2.42398530e-02 2.71133240e-02
 2.17998266e+00 1.48658426e-02 2.89129210e+00 2.13477276e-02
 2.33794719e-01 2.71860491e-02 1.42319128e-02 1.03458297e-02
 5.74751012e-02 8.18240456e-03 1.63963027e-02 2.97025144e-02
 4.34464440e-02 1.01103760e-01 1.78212970e-02 7.08349934e-03
 2.47402973e-02 1.74846295e-02 2.93252505e-02 5.67858405e-02],-96.28547,-110.78349,-291.63138,1.0705057,1.9584662,0.99628067,0.9297539,7.375037,-7.475983,67.27576,160.05972,6.5659356,0.5077223,0.6175794,-148.41656,148.41656,[6.40736485e+00 3.73354416e+01 5.03081848e+02 3.10474586e+01
 1.57393856e+01 4.41664062e+04 1.73637680e+02 4.69071686e+02
 1.51603134e+02 2.83158234e+02 3.34568501e+00 5.35864983e+01
 3.15640664e+00 2.84467506e+01 3.13646431e+01 7.51294678e+02
 4.39034473e+03 8.01533985e+00 4.44938818e+03 2.44384003e+01
 2.50898407e+02 8.63611984e+00 2.10871250e+04 3.57593036e+00
 1.62792244e+01 1.87209663e+01 1.07123175e+01 2.64002724e+01
 1.13567993e+02 1.38523773e+02 6.94950256e+01 6.01225138e-01
 2.13552246e+02 6.74563551e+00 8.83173065e+01 5.16415596e+00
 6.93973450e+02 3.16330032e+01 8.51259518e+00 1.90014404e+02
 2.21123734e+01 7.35316101e+02 2.19910164e+01 8.53546143e+01
 3.88467102e+02 8.86452393e+02 1.70563259e+01 1.22657556e+03
 3.39872650e+02 4.35541115e+01 1.75139709e+03 7.15409756e+00
 4.03831816e+00 1.23212242e+01 4.22752228e+02 3.96603333e+02
 1.21018066e+03 1.90436386e+02 4.72391357e+01 5.82930851e+00
 5.34628525e+01 1.34763016e+02 2.62542458e+01 1.03769989e+01
 6.24788895e+01 1.64498940e-01 3.05988739e+02 2.21393402e+02
 1.08954163e+03 4.55382423e+01 2.61508911e+02 3.39291382e+02
 1.62987022e+01 8.41420898e+02 1.27183867e+01 1.88309402e+02
 3.03839661e+02 2.96606770e+01 3.54770203e+01 2.17859883e+04
 5.52624607e+00 8.96160698e+00 1.53029602e+03 1.69934113e+02
 3.76980811e+03 1.86890686e+02 6.22229187e+02 1.57677622e+01
 4.69018974e+01 1.22638702e+02 2.69771996e+01 1.01063262e+04
 5.56526221e+03 1.03631970e+03 4.11651154e+01 2.14192627e+02
 3.02422180e+01 5.28611267e+02 2.11334381e+01 6.65228027e+02
 1.36569373e+03 7.88390732e+00 2.10804459e+02 1.27906018e+03
 5.90996826e+02 1.38564392e+02 1.68715442e+03 3.51819580e+02
 1.27704193e+02 3.77024002e+01 8.47237091e+01 9.09445343e+01
 4.73851166e+01 6.27711535e+00 2.42583823e+00 1.39533119e+01
 1.49106627e+01 2.36629353e+01 5.13833847e+01 2.13829212e+01
 9.21044727e+03 8.04042114e+02 1.29076662e+01 9.67375088e+00
 2.11534405e+01 6.40739441e+02 4.10742569e+01 4.80988350e+01
 2.45695953e+02 3.07289181e+01 1.97211426e+02 1.46280624e+02
 2.23524805e+04 2.71553001e+01 6.57106934e+02 8.34981537e+01
 2.91145477e+02 1.89633102e+01 6.92044907e+01 3.80480537e+01
 2.09183407e+01 3.67617378e+01 5.37227974e+01 1.87516003e+01
 7.62691895e+02 5.40414307e+02 6.86374023e+02 6.56679230e+01
 2.64838829e+01 1.66952057e+02 2.66350746e+00 3.27665894e+02
 3.11880360e+01 1.52149097e+03 1.28142761e+02 2.31720032e+02
 1.45121069e+01 1.17996436e+04 2.20237780e+00 1.11495285e+02
 1.97568481e+02 6.59336319e+01 2.98251553e+01 3.39386978e+01
 1.59424347e+02 1.23917542e+03 8.65342045e+00 6.46235901e+02
 3.30343361e+01 2.15678960e-01 2.20567520e+02 9.74939819e+02
 4.79816017e+01 5.65001202e+00 2.18548262e+04 2.60889931e+01
 4.07647095e+01 2.00282230e+01 4.22824493e+02 1.05305603e+03
 1.55029221e+02 2.09554052e+00 5.47475357e+01 1.54216187e+02
 2.46276489e+02 4.61195984e+01 5.77284050e+01 7.14944649e+00
 4.40517807e+00 1.28675365e+01 4.28533752e+02 5.47132568e+01
 2.26915161e+02 5.70988321e+00 6.17475662e+01 3.35505676e+00
 6.41993561e+01 6.67421387e+02 2.17542847e+03 2.23928711e+02
 1.93305511e+01 7.40737247e+00 3.45744400e+01 7.17119751e+01
 5.34169350e+01 2.57917738e+00 2.10020477e+02 4.79691963e+01
 1.64726776e+02 9.53459930e+01 6.76008911e+01 3.91821442e+01
 5.62906380e+01 2.35748901e+03 7.98460436e+00 1.06821960e+02
 3.42111359e+01 2.70344505e+01 5.17361946e+01 3.82332659e+00
 2.29308374e+03 2.21479626e+01 7.03151474e+01 5.49831665e+02
 2.76290874e+01 2.34263623e+03 5.35033008e+03 1.75738907e+00
 8.72079372e+00 5.09931564e+00 4.38635254e+01 4.14542285e+03
 1.73259354e+02 1.03658180e+02 2.37221718e+00 2.16120630e+03
 6.79454468e+02 1.66389389e+01 2.15419126e+00 5.94480515e+01
 1.80122162e+02 3.55362793e+02 4.00128540e+03 5.21288696e+02
 2.73732208e+02 9.55219269e-02 1.58790039e+02 4.79556885e+02
 5.19878809e+03 8.16214783e+02 4.00670654e+02 6.27879295e+01
 1.48505383e+01 5.42491341e+01 5.26924491e-01 9.59621048e+00],1003.9284,[3.35434824e-01 1.02127242e+00 1.25575012e+03 1.68247967e+01
 3.95742369e+00 8.46717090e+03 9.15834885e+01 7.07559143e+02
 2.52933064e+01 2.19219955e+02 6.55351830e+00 3.69130363e+01
 2.73132935e+01 2.47013855e+00 1.71877243e+02 7.92190491e+02
 1.08237297e+02 2.06396732e+01 4.76220068e+03 8.69724274e+00
 5.82458763e+01 2.89735436e+00 1.86553841e+01 1.23018956e+00
 3.84457040e+00 2.31508327e+00 3.05376267e+00 6.37222576e+00
 3.48287354e+01 6.70666170e+00 2.58449554e+02 1.07296724e+01
 3.32962250e+02 1.66256218e+01 1.50331850e+01 4.33506060e+00
 2.32172031e+01 3.32815337e+00 1.57989550e+00 1.00548927e+02
 3.50321293e+00 1.80288452e+02 8.94472694e+00 1.79232292e+01
 3.77734192e+02 3.92236670e+03 9.05106506e+01 3.74961609e+02
 9.77219772e+00 4.94870987e+01 1.34451270e+03 7.35082579e+00
 1.68559659e+00 5.28111124e+00 3.51013153e+02 5.01141113e+02
 4.51809998e+02 4.41271439e+01 4.50497856e+01 2.18852253e+01
 7.20825672e+00 1.92894440e+02 9.89919472e+00 1.97828865e+01
 3.82874374e+01 1.20470083e+00 9.80200806e+01 1.62171051e+02
 4.14857880e+02 2.33708134e+01 2.08616142e+01 1.06961578e+02
 8.65509605e+00 5.06901123e+02 2.16604233e+01 1.71179276e+02
 3.55884338e+02 2.58943462e+01 2.67814088e+00 1.64502518e+02
 6.46736717e+00 1.72120166e+00 1.47757080e+03 1.55661545e+02
 4.62538428e+03 9.16046997e+02 1.96462512e+03 1.60359871e+00
 2.06717892e+01 8.16802368e+01 1.39984369e+01 1.04616055e+04
 2.07666675e+03 1.44663651e+02 1.05464334e+01 1.27425819e+02
 1.52548580e+01 3.24344055e+02 1.07196674e+01 4.75908417e+02
 1.21421234e+02 2.74798628e-02 6.49876099e+02 1.12847676e+04
 1.41173725e+01 4.23929993e+02 1.36973499e+03 1.48043671e+02
 3.57110321e+02 1.49033594e+01 4.17052879e+01 8.94036102e+00
 1.05701196e+00 8.72709656e+00 8.09446633e-01 6.94370449e-01
 4.58035040e+00 1.66926823e+01 5.77669716e+00 3.18039060e-01
 1.08850312e+04 8.16314026e+02 9.51556969e+00 6.89870682e+01
 1.64612854e+02 5.74673767e+02 1.51837263e+01 1.68212891e+02
 5.29544556e+02 1.85970068e+00 7.01892242e+01 5.01655426e+01
 3.83967896e+01 1.18995495e+01 1.24098120e+01 4.32684250e+01
 2.76702362e+02 9.28455448e+00 2.30515790e+00 7.18450394e+01
 1.16640768e+01 9.75323963e+00 8.29307709e+01 1.61305847e+02
 4.60483643e+02 1.53745972e+02 7.20046509e+02 6.52801371e+00
 8.57247338e-02 5.38418503e+01 3.09518909e+00 3.78637207e+02
 1.79694786e+01 2.06023218e+03 5.21941528e+02 1.59409363e+02
 2.64363408e-01 1.09414980e+04 6.54446125e+00 2.00445694e+02
 1.10618805e+02 7.66827774e+01 3.29094720e+00 2.97882156e+01
 4.63805450e+02 1.23220802e+02 2.60056229e+01 1.99657761e+02
 8.14193535e+00 8.97623138e+01 1.95308731e+02 3.11781982e+02
 2.20309792e+01 8.61047516e+01 2.65255096e+02 1.26481283e+00
 1.55198889e+01 1.46616068e+01 1.93133224e+02 2.95539886e+02
 2.90046783e+02 9.54842567e+00 1.02627897e+00 1.35848570e+01
 5.03269882e+01 5.33957529e+00 1.84612179e+01 4.57673950e+01
 2.38649445e+01 1.82727075e+00 1.05337051e+02 1.94027882e+01
 8.60234909e+01 3.67079258e+00 3.59448700e+01 3.80157948e+00
 3.33810139e+00 4.62306183e+02 1.57934460e+03 4.85784245e+00
 2.16115799e+01 2.38518190e+00 1.19307175e+01 6.67891169e+00
 1.36154755e+02 2.89100575e+00 6.10026550e+00 5.74281311e+01
 3.70878677e+01 2.62654816e+02 7.65427094e+01 3.19408875e+01
 3.07115889e+00 2.42755835e+03 6.46539688e+00 2.71550629e+02
 1.07265701e+01 3.94579468e+01 2.40900459e+01 1.36898708e+00
 1.14003772e+03 7.36249208e-01 4.59544220e+01 3.80466766e+01
 5.54639130e+01 4.83308441e+02 6.28963867e+03 1.07211733e+00
 3.56211739e+01 6.58596039e-01 4.58257751e+01 2.68129443e+03
 1.07500656e+02 1.57895660e+01 7.70647573e+00 2.39815454e+03
 9.49195117e+03 1.12306118e+01 1.63398135e+00 8.24556732e+00
 5.53737526e+01 1.08088348e+02 6.11512939e+03 5.64731262e+02
 5.61806702e+02 2.41839790e+00 6.83316879e+01 1.71902298e+02
 8.11544617e+02 1.43438757e+03 8.31811829e+02 7.87979126e+01
 4.11218500e+00 2.31929779e+01 1.69597893e+01 2.00012856e+01],-102.034645,-157.85849,-333.82278,2.6785018,32.41079,0.92306155,0.9551252,0.01779424572944641,11205.638362646103,0.5,0.5,-0.1352118242822864,0.0038797852294817164,-0.13501213081255797,0.003555321030290085,-0.6227412929479001,37.59999999999999,0.0,675000.0,-1.0,-760.0,750.0,11.239860534667969,675000
103.21514,0.032682426,0.034715246,0.0007866299,-102.835304,102.835304,[1.56451249e-04 3.62919224e-03 2.67787836e-03 1.09137865e-02
 1.16292266e-02 2.21869769e-03 2.04635728e-02 1.45060681e-02
 1.96705125e-02 4.01970409e-02 6.89718453e-03 1.90007836e-02
 1.34337815e-02 8.68896674e-03 4.67907824e-03 9.03050415e-03
 9.89225809e-04 3.38763418e-03 1.36919450e-02 7.75812566e-03
 1.59210176e-03 5.47598302e-03 7.76606333e-03 2.17378663e-04
 4.35247738e-03 5.48546910e-02 2.32804045e-02 2.06718221e-03
 3.41720472e-04 3.75279342e-03 5.51350927e-03 1.44755924e-02
 1.60765965e-02 1.92551175e-03 3.55079323e-02 6.43039793e-02
 3.85643751e-03 5.92314173e-03 2.19232559e+00 2.34249979e-01
 8.29368178e-03 1.62116159e-02 1.71996700e-03 1.21423714e-02
 2.76448834e-03 4.19998765e-02 4.49691296e-01 3.88229801e-03
 1.10914260e-02 3.44660110e-03 1.36693968e-02 4.00922507e-01
 4.17693481e-02 1.00771489e-04 4.85431030e-02 1.82539914e-02
 8.66788812e-03 2.24332064e-02 6.71390723e-03 2.04964913e-03
 4.77205636e-03 1.04185718e-04 1.35522336e-02 1.07039297e-02
 1.46834906e-02 1.65764708e-03 5.58524281e-02 1.16927559e-02
 8.92866217e-03 1.09938774e-02 2.72098556e-02 3.12032141e-02
 2.84413975e-02 1.74419992e-02 2.27228459e-02 3.21895466e-03
 5.80396503e-03 5.09356298e-02 3.22131265e-04 3.03969383e-02
 8.73993244e-03 1.20537698e-01 2.94935284e-03 8.72103125e-03
 5.31056989e-03 2.91992240e-02 1.03296502e-03 1.30442088e-04
 3.41826887e-03 1.38101727e-01 2.45373547e-01 1.39352074e-03
 1.04423985e-03 3.62080075e-02 1.65977165e-01 4.47226409e-03
 7.83445686e-02 6.86706335e-04 3.28127923e-03 1.72669464e-03
 1.18326638e-02 2.98685163e-01 6.19483925e-03 1.98182720e-03
 8.05635937e-03 3.31171905e-03 6.31741993e-03 4.30329237e-03
 3.44623090e-03 2.63660331e-04 2.51797512e-02 6.62897294e-03
 1.01314317e-02 1.32631254e-03 1.11178844e-03 1.58588775e-03
 2.17822865e-02 8.70092958e-03 6.98071253e-03 1.21747032e-01
 1.80421933e-03 4.17900011e-02 9.58140288e-03 1.47525640e-03
 2.56889928e-02 2.44200754e-04 1.63496975e-02 8.55888333e-03
 6.56633684e-03 2.04480533e-02 9.15205944e-03 9.66533739e-03
 5.35729015e-03 7.89939053e-03 6.08699396e-03 3.25979143e-02
 6.06468022e-02 7.31113646e-03 3.48493224e-03 8.05181451e-03
 7.93428160e-03 3.04763252e-03 4.63871285e-03 1.00969225e-02
 2.01161385e-01 8.85761902e-03 6.70153834e-03 8.80829431e-03
 1.84335756e+00 8.85734707e-03 1.71687957e-02 1.26632228e-02
 6.56166580e-03 1.47035584e-01 1.06228162e-02 1.09182252e-02
 2.00682133e-02 2.05919915e-03 1.28795251e-01 3.41072096e-03
 3.19336541e-02 8.76678340e-03 2.25977041e-03 2.79243160e-02
 1.87822757e-03 7.21781421e-03 3.82055668e-03 4.72760294e-03
 4.28304169e-03 9.04216804e-03 6.61952794e-03 7.47570634e-01
 6.09722268e-03 4.31362391e-01 1.62055204e-03 2.18252768e-03
 9.97948926e-03 2.78254841e-02 3.36643234e-02 2.29312317e-03
 3.65794695e-04 9.06192290e-04 2.46032067e-02 8.66448600e-03
 5.31648519e-03 1.63137019e-02 8.87955446e-03 1.00118704e-02
 6.08832017e-03 3.73369157e-02 2.97959917e-03 3.63823771e-03
 1.01100430e-02 4.34606627e-04 1.10683404e-03 1.21421004e-02
 5.20559214e-03 4.23648357e-02 3.35824734e-04 9.05068882e-04
 1.67815723e-02 5.64648062e-02 1.11537625e-03 5.33115235e-04
 7.35458452e-04 1.52052389e-02 2.21156748e-03 8.71897954e-03
 4.26905882e-03 1.41674895e-02 9.49583016e-03 2.60905683e-01
 2.18728166e-02 1.53240496e-02 5.23991957e-02 5.88852167e-03
 1.21690938e-03 1.85879203e-03 1.54692819e-02 3.46336770e-03
 1.91196473e-03 3.31730321e-02 1.41471718e-03 3.35535267e-03
 8.48274119e-03 1.40391581e-03 1.43802539e-03 5.07804751e-02
 1.72283743e-02 1.76548050e-03 2.26544812e-02 6.18036138e-03
 2.90958909e-03 6.96921581e-03 2.53359089e-03 1.16302283e-04
 1.37543250e-02 6.17316284e-04 8.68994370e-03 2.51043234e-02
 4.43268746e-01 4.67152242e-03 7.69920647e-04 1.71459396e-03
 1.10336235e-02 1.37410853e-02 2.20671203e-03 9.97208618e-03
 1.24788815e-02 2.84796394e-03 1.68795362e-02 3.58108319e-02
 5.30332606e-03 1.99386962e-02 4.00622971e-02 1.09865665e-02],0.06264352,[3.3550386e-03 4.8323115e-03 3.0291281e-03 1.1934668e-02 1.8504523e-03
 1.6068784e-04 1.1136716e-03 1.6883017e-02 1.3567621e-02 4.8981793e-02
 3.2105800e-03 8.3076740e-03 3.5180021e-03 2.9119910e-03 1.6141953e-03
 7.6046828e-03 4.9722294e-04 1.0333078e-02 6.1107259e-03 1.0138933e-02
 1.8527484e-03 4.3178918e-03 3.0966103e-03 9.1781199e-05 4.3375189e-03
 2.0777658e-02 2.2059832e-02 1.3881524e-03 1.4945690e-05 4.2842245e-03
 1.4082430e-02 1.2767761e-02 9.3865329e-03 2.5880991e-03 6.1007543e-03
 5.8342088e-02 1.6520997e-03 1.6619994e-03 7.5265282e-01 1.2296510e-01
 4.5456574e-03 1.5897414e-02 5.9183437e-04 5.8363737e-03 5.2097300e-03
 1.5847862e-03 3.4745294e-01 4.8145619e-03 8.5227229e-03 1.1346964e-03
 5.3573879e-03 3.7260622e-01 3.5937876e-03 6.2790257e-04 6.5455362e-03
 5.6310114e-03 4.1055609e-05 2.8771704e-02 8.7366728e-03 1.3194457e-03
 5.4701380e-03 1.0953313e-03 6.6303863e-04 2.2382236e-03 6.0200021e-03
 1.5364073e-03 1.5026757e-01 1.1746332e-02 4.8043444e-03 9.2841014e-03
 4.2033900e-02 7.7638417e-03 4.4039577e-02 7.1034497e-03 8.3886442e-04
 2.1072358e-03 4.7482755e-03 2.6288932e-02 6.8207749e-04 4.8709828e-03
 2.8775493e-03 3.0189367e-02 1.2913124e-03 1.6653664e-02 7.0652347e-03
 2.4666525e-02 5.5157295e-03 1.9699745e-03 9.3990238e-04 1.2105549e-01
 1.9459748e-01 8.4811688e-04 1.0779506e-04 2.7601739e-02 2.2000301e-01
 1.6540727e-03 1.1118466e-01 1.6495521e-04 4.5147939e-03 2.8596898e-03
 3.6625231e-03 2.6725358e-01 5.2079526e-03 5.2753353e-04 2.7150316e-03
 6.7068322e-04 4.8060119e-03 1.0628568e-02 2.8877653e-02 2.9785029e-04
 2.6435547e-02 4.4574393e-03 6.4478740e-03 1.2575225e-03 5.6328980e-04
 8.9525577e-04 6.9926511e-03 2.9771794e-02 8.1338128e-03 2.1681468e-01
 1.6172874e-03 5.1232856e-02 1.8812078e-03 1.4419286e-03 2.4451973e-02
 3.1739869e-04 4.6851598e-03 6.8834708e-03 9.7005730e-03 1.5713932e-02
 6.1248918e-03 4.2990036e-03 6.0391409e-04 3.9909093e-04 7.1596159e-03
 4.1384436e-02 6.0801703e-02 1.1878175e-02 1.4129353e-03 8.2575679e-03
 7.9243481e-03 2.9146303e-03 1.9009835e-03 1.3916377e-02 1.8392977e-01
 4.7965082e-03 4.8245587e-03 7.7078212e-03 1.5246177e+00 6.6473391e-03
 7.3083006e-03 3.7973423e-03 2.1421518e-03 4.3428171e-02 1.0511033e-02
 2.5402224e-03 1.1704403e-02 2.6507030e-04 1.9161861e-02 3.5641403e-03
 2.0741662e-02 1.7958991e-03 1.9420041e-03 1.7805640e-02 4.2744158e-03
 4.7572842e-03 1.3625002e-03 1.6152703e-03 2.6008120e-02 1.9438967e-02
 6.2522925e-03 2.0732155e-01 2.4094926e-01 1.2206525e+00 2.5813149e-03
 2.5821100e-03 1.1619704e-04 9.7158179e-03 1.8142415e-03 1.9157885e-03
 1.1698343e-03 5.4509849e-03 4.4076558e-02 2.4215154e-02 5.7940912e-03
 1.5539797e-02 7.5285314e-03 1.0176755e-02 5.1732785e-03 2.0119220e-02
 4.4380646e-04 1.0257524e-03 5.2701887e-03 8.1572321e-04 1.6000473e-03
 7.3836418e-03 6.5429630e-03 9.7478619e-03 1.4011806e-05 1.7801956e-03
 1.3210538e-02 2.6020704e-02 4.5120162e-03 3.9941078e-04 9.0727146e-04
 9.9520655e-03 2.7089112e-03 1.3524654e-03 4.0292777e-03 5.5319183e-03
 2.6512463e-03 2.6755838e+00 3.2332172e-03 1.9870434e-02 1.9850612e-02
 3.6446019e-03 8.1844890e-04 1.9517587e-04 2.2714123e-02 9.6039526e-04
 2.1887072e-03 1.9430580e-02 6.5749336e-05 1.0688911e-03 5.0760964e-03
 1.3277542e-03 1.9562468e-03 1.7031666e-02 6.8447050e-03 3.3066310e-03
 2.1930255e-02 1.1513550e-03 3.5039503e-03 6.5492354e-03 2.5340030e-03
 3.9003848e-04 4.1156714e-03 2.5418849e-04 5.6545241e-03 1.5220147e-02
 4.5217991e-01 2.9326421e-03 1.0930591e-03 4.6641924e-03 1.5831664e-03
 2.6611361e-04 7.8703981e-04 1.5880784e-02 1.6993806e-03 2.1598914e-03
 1.6816786e-02 2.9845092e-02 3.5001077e-03 1.1526646e-02 5.3511076e-02
 9.7851157e-03],-97.06175,-105.56082,-234.6932,1.054466,2.836287,0.9953544,0.92885995,0.8502389,-1.1737719,11.42403,165.06969,5.729622,0.47508153,0.5395116,-154.58925,154.58925,[4.21931458e+01 2.34829063e+01 1.03349060e+03 2.18408371e+02
 8.27609940e+01 6.43708706e+00 4.72957134e+00 6.17327637e+02
 4.22966957e+01 2.81118604e+03 2.80483723e+01 4.18954803e+02
 9.81002998e+00 1.79507874e+02 7.39077091e+00 1.17250290e+02
 1.50294235e+02 1.44463673e+01 7.13351369e-01 2.70015850e+01
 3.54267700e+03 2.33005211e-01 4.69921678e-01 2.44737167e+02
 4.58013000e+02 1.02725243e+02 4.09862946e+02 2.26705952e+01
 2.43427277e+01 4.47419662e+01 2.95380341e+02 1.73937378e+03
 1.75770264e+01 3.74164276e+01 5.44658775e+01 1.64796185e+00
 2.28628708e+02 1.08329268e+01 1.05621490e+01 4.99397736e+01
 5.84994202e+02 2.15489273e+02 4.23582794e+02 6.13668311e+03
 7.59454102e+02 1.32760391e+02 7.02248154e+01 5.95407391e+00
 4.60940186e+02 1.12461433e+01 2.26215897e+02 1.33435913e+03
 5.12409961e+03 1.15788000e+03 4.85338545e+00 6.58466291e+00
 2.76874504e+01 2.07163696e+02 4.45751724e+01 2.10160873e+02
 6.84665375e+01 1.02672485e+03 7.03679466e+00 3.51285057e+01
 3.91584930e+01 7.74574127e+01 4.13041016e+02 1.04275467e+02
 1.03581352e+01 5.03852814e+02 4.87456116e+02 3.58165812e+00
 2.86027954e+02 2.41720333e+01 5.64309937e+02 1.39001318e+03
 4.20721388e+00 1.32596802e+02 8.66983509e+00 1.80862541e+01
 1.77351487e+00 6.27916489e+01 1.34232922e+01 1.79703461e+02
 7.53284058e+02 1.37566621e+04 6.84045410e+02 4.59045143e+01
 4.14098740e+01 7.34307404e+01 2.81230286e+02 1.06386597e+03
 1.33904209e+01 7.33540726e+01 2.33290024e+01 2.85377289e+02
 7.46199703e+00 1.31625854e+02 4.14352074e+01 2.11132908e+00
 6.61469221e+00 3.90556717e+01 6.55081177e+00 3.26856766e+01
 3.79913807e+00 1.93293579e+02 7.01485291e+01 1.72912891e+03
 5.42365356e+02 1.00844278e+01 2.58736176e+02 1.85690051e+03
 3.96043060e+02 9.39579010e+00 3.33925751e+02 8.18055176e+02
 6.43981934e+02 1.03432959e+03 5.51004524e+01 2.02611256e+01
 3.07710107e+03 6.55437866e+02 3.99303699e+00 5.46002808e+01
 1.21435871e+01 4.28301788e+02 4.52010223e+02 3.44618568e+01
 4.57557587e+02 1.37624374e+02 2.08113575e+01 1.23178434e+00
 1.00071680e+03 4.24626758e+03 4.53891064e+03 2.94124908e+02
 4.35378342e+01 1.31502051e+03 8.48489075e+02 3.24798355e+01
 7.98682404e+00 1.16935816e+01 2.79868335e+03 1.80216217e+02
 1.23893223e+01 3.97465332e+02 9.08902771e+02 2.43569901e+02
 3.68665833e+02 1.18840523e+02 3.25274467e+00 3.78349457e+02
 8.63119698e+00 4.67475372e+02 1.92678604e+01 4.35728645e+01
 1.78055359e+02 6.85000305e+01 7.86599060e+02 7.74103955e+03
 1.73192520e+01 2.48308643e+03 3.22273804e+02 8.20211121e+02
 9.63422585e+00 2.34815788e+01 4.96562012e+02 1.71785370e+02
 7.43122911e+00 9.54261414e+02 6.92856140e+01 2.12919570e+04
 6.69340439e+01 1.08281755e+01 3.39888000e+01 7.79470596e+01
 1.14357933e+02 7.55624771e+01 1.34051456e+01 7.02707886e+02
 1.00609955e+02 1.04828784e+03 1.18548012e+01 1.22134358e-01
 7.57481613e+01 5.88187065e+01 1.91260559e+02 8.47487610e+02
 7.99886780e+02 7.59894753e+00 8.65681915e+01 4.90000153e+00
 9.63287506e+01 1.15711426e+02 2.85261631e+01 3.11370316e+01
 4.82253296e+02 2.53280258e+02 4.99064445e+01 4.92821899e+02
 5.82735352e+02 2.09826889e+01 3.02115204e+02 1.78998047e+02
 3.84367249e+02 7.33897781e+00 2.14205977e+04 6.52311646e+02
 3.85667328e+02 3.63370061e-01 1.06461868e+02 7.98680115e+02
 1.13279321e+03 1.33722205e+03 1.50277157e+01 3.18934727e+01
 4.81313477e+01 9.46603477e-01 2.62118555e+03 7.49399109e+01
 6.24442482e+00 4.40513134e+00 3.22627831e+01 1.14674873e+02
 1.07320789e+03 3.13604767e+02 1.91000992e+02 8.82112312e+00
 3.08971191e+03 1.00745917e+03 2.08375053e+01 9.24477615e+01
 1.65482373e+03 1.89239578e+02 9.67024078e+01 5.81038208e+02
 8.58954144e+00 1.01501337e+03 1.42148018e+01 6.74688965e+02
 1.73507195e+01 4.82380463e+02 1.36690659e+02 2.28681335e+02
 6.39663994e-01 6.74682083e+01 1.38901230e+02 1.14002686e+02
 6.84759912e+03 1.37036328e+03 2.90632401e+01 1.06081762e+01
 6.55684229e+03 1.09252853e+02 1.97149789e+00 5.23900146e+01],784.6039,[2.04526272e+01 2.60319829e+00 2.14689404e+03 2.13256668e+02
 5.99701042e+01 9.11199474e+00 4.89151287e+00 3.22833618e+02
 3.12667618e+01 1.66807910e+03 1.89871240e+00 6.37018860e+02
 9.18422699e+00 1.79512344e+02 1.82920623e+00 1.59199028e+01
 2.73997650e+02 5.06997049e-01 8.57852840e+00 2.27773010e+02
 1.74432297e+01 2.98233032e-01 6.39827585e+00 6.04949402e+02
 5.19099593e-01 3.31944847e+01 7.44518616e+02 3.84360671e+00
 9.98446198e+01 7.46928253e+01 7.26746704e+02 1.99466016e+03
 3.66084576e-01 3.18886890e+01 1.22220596e+02 4.47956753e+00
 3.56016235e+01 1.77685909e+01 1.52618003e+00 3.08359933e+00
 7.72301941e+02 9.68610916e+01 5.50431480e+01 3.55091003e+02
 7.93518686e+00 5.49643173e+01 2.21897125e+00 1.73070788e+00
 8.66986694e+01 4.70813274e+00 1.85997299e+02 1.49937036e+03
 9.15480896e+02 4.29214996e+02 3.45887947e+01 9.13687134e+00
 1.94365845e+01 2.26510086e+02 3.04343323e+02 1.64437134e+02
 2.73285706e+02 7.68962036e+02 2.38632965e+01 2.01138229e+01
 2.65711522e+00 5.99024239e+01 4.12565269e+01 5.28477440e+01
 2.71965103e+01 1.53328259e+03 2.36397217e+03 4.73755264e+00
 2.34176697e+02 3.90422583e+00 4.95385132e+01 6.80035461e+02
 1.96974354e+01 2.92075470e+02 1.01413059e+01 7.74071991e-01
 4.80270672e+00 7.36765747e+01 1.70603824e+00 4.56090965e+01
 8.02301819e+02 1.48643564e+04 1.59381018e+03 3.02776489e+01
 5.63118477e+01 2.33357334e+01 1.73510986e+02 9.22626221e+02
 1.88305187e+00 1.22065987e+02 3.27459030e+01 2.72524200e+02
 1.21193135e+00 6.06121155e+02 2.12709355e+00 3.62452850e+01
 4.07188892e+00 1.07828403e+00 1.52397757e+01 1.57604063e+00
 6.80499601e+00 1.12237644e+01 2.01845779e+01 2.18201318e+03
 8.92695068e+02 1.22391491e+01 1.40393295e+02 8.88368652e+02
 7.76151276e+01 1.68797565e+00 1.48280334e+03 1.97225549e+03
 2.72914844e+03 5.68064026e+02 5.97479105e+00 5.93792391e+00
 2.21755783e+02 3.85531250e+02 3.51168966e+00 1.45084114e+01
 5.36033106e+00 4.15429657e+02 7.76480331e+01 4.92389965e+00
 3.49272888e+02 2.93966357e+03 1.11990585e+01 2.17695427e+00
 2.05064793e+01 5.99066345e+02 4.54566406e+03 6.59399780e+02
 1.13785904e+02 2.07591455e+03 6.01047705e+03 3.89169617e+01
 2.31267639e+02 4.17214699e+01 2.62007910e+03 1.80190678e+01
 1.45824957e+00 2.48402863e+01 4.71599701e+02 1.84985580e+02
 6.78634415e+01 2.50402847e+02 4.05630684e+00 1.32352014e+03
 9.66099977e-01 9.06635742e+02 2.84401608e+01 6.73569012e+00
 1.49373520e+02 6.10980988e+01 8.52375488e+02 5.07570605e+03
 1.27292747e+01 2.13060181e+03 2.57019745e+02 7.23917847e+02
 2.77348900e+00 1.39061260e+01 1.48167432e+03 2.63727570e+02
 4.00782814e+01 1.70861853e+03 7.81967926e+00 7.64041138e+00
 3.38389168e+01 5.00350952e+00 8.89668369e+00 8.19439545e+01
 2.46998672e+01 5.78838959e+01 5.83763075e+00 1.71820886e+03
 1.07984940e+02 3.06584597e+00 3.35299444e+00 2.03584746e-01
 6.80645142e+01 1.42408819e+01 6.94163055e+01 5.20381348e+02
 1.01291064e+03 3.42845678e+00 6.98334122e+01 8.39902954e+01
 1.87239113e+01 2.50323105e+01 1.54679084e+00 7.19422388e+00
 1.17234833e+02 2.34235336e+02 2.06879692e+01 8.21928223e+02
 1.39143323e+03 1.74204369e+01 9.33177002e+02 1.30326111e+02
 1.06288849e+02 4.91136074e+00 2.22186971e+00 1.47199072e+03
 2.45063210e+01 4.60888445e-01 3.90689850e+01 4.51407227e+02
 6.03845787e+01 1.90491956e+03 1.03147869e+01 2.23278534e+02
 6.43460617e+01 1.56091905e+00 3.01071045e+02 8.34154358e+01
 1.80453253e+00 4.83736753e+00 4.58810387e+01 2.30478630e+01
 1.42252380e+03 5.93961121e+02 2.07009964e+02 3.85787225e+00
 2.21693408e+03 1.29697540e+02 4.83754301e+00 1.32548981e+02
 8.53235168e+02 1.83185516e+02 1.87952942e+02 3.85694946e+02
 9.54396248e+00 6.45776428e+02 1.53353357e+01 2.58303558e+02
 3.19148426e+01 4.15798645e+02 7.45288773e+01 8.12672882e+01
 1.07061915e-01 1.21465349e+00 2.71527901e+01 1.26146708e+01
 1.89443091e+03 2.65546362e+03 1.90667915e+00 1.18879280e+01
 1.07999548e+03 2.00406433e+02 1.99002337e+00 2.95380669e+01],-102.98891,-163.22214,-334.33057,2.970796,39.023937,0.97090554,0.958302,0.016147844972610473,11609.334521770477,0.5,0.5,-0.0983584044287514,0.0026158961872133103,-0.09817199005083309,0.0033631896566446028,-0.4721812688597674,37.59999999999999,0.0,699750.0,-1.0,-755.0,750.0,10.764580488204956,700000
104.28974,0.043070346,0.059156965,0.001073197,-103.6551,103.6551,[3.84570681e-03 2.56918743e-02 3.80024593e-03 1.29311055e-01
 1.00973458e-03 3.82289216e-02 2.85212509e-02 5.03594354e-02
 2.77357781e-03 4.42830101e-02 5.89178922e-03 3.46269668e-03
 1.38504542e-02 4.57724044e-03 2.44546635e-03 4.92826616e-03
 4.33476642e-03 6.77677395e-04 2.23023049e-03 4.21633292e-03
 2.73279869e-03 3.01661459e-03 1.90000935e-03 6.47295266e-03
 4.95357532e-03 8.14908650e-03 4.74365987e-03 5.54195466e-03
 4.02986165e-03 2.28663146e-01 8.91541690e-03 8.38885084e-03
 2.14280048e-03 1.37340939e-02 4.78814691e-02 3.29270889e-03
 4.08972520e-03 2.53852438e-02 8.51191953e-02 1.93722606e-01
 4.59959870e-03 8.90066382e-03 8.86780769e-03 1.18748872e-02
 8.42273980e-03 9.64754634e-03 6.70938287e-03 1.42114088e-02
 1.44016057e-01 1.23639703e+00 1.82403950e-03 2.41286634e-03
 1.19633577e-03 4.24367655e-03 5.15582692e-03 1.35369198e-02
 1.50322379e-03 5.05061646e-04 6.10022107e-04 3.88320200e-02
 1.92603022e-02 9.73419905e-01 1.15749203e-02 5.12547884e-03
 1.22388649e+00 1.48978364e-03 8.22332501e-03 1.21641178e+01
 1.61517896e-02 2.69956025e-03 2.49992758e-02 4.35242755e-03
 4.44920547e-03 5.36442548e-03 8.74691550e-03 1.44938221e-02
 2.59890389e+00 1.28025841e-03 7.74307782e-03 2.72830692e-03
 1.13400922e-04 1.92631339e-03 1.16175599e-02 1.39040174e-03
 5.32817002e-03 1.27636595e-03 6.95733819e-03 7.78327743e-03
 6.04587281e-03 2.96326037e-02 4.02135104e-01 3.24442820e-03
 1.87493246e-02 1.30497981e-02 3.11566843e-03 2.73556425e-03
 1.00866556e-02 6.36825198e-03 1.36792213e-02 8.54642421e-04
 4.46559675e-02 1.36553979e+00 5.77113824e-04 6.80926591e-02
 8.28005522e-02 7.77887180e-05 7.15334248e-03 9.10251215e-03
 1.23090502e-02 3.82417887e-02 3.14026810e-02 1.23202872e+00
 1.34363081e-02 1.49827432e-02 1.21163321e-03 2.37475127e-01
 4.55825143e-02 3.75490356e-03 8.62013176e-03 3.47794220e-02
 1.28579382e-02 2.90444121e-02 8.08122009e-03 4.19501122e-03
 2.14262530e-02 4.05523926e-03 3.59213948e-02 1.14355385e-02
 1.37102306e-02 3.54698133e+00 1.15162658e-03 1.96899986e-03
 3.04414183e-01 1.76939424e-02 8.53957329e-03 1.62484869e-02
 1.83841400e-02 4.12233919e-03 1.94991612e+00 1.09372437e+00
 1.80829363e-03 1.24347582e-02 1.67079736e-04 3.69767323e-02
 1.41643453e-03 7.25732148e-02 2.26904918e-03 5.09107858e-03
 4.70809266e-03 2.24671476e-02 3.28733176e-02 5.36901057e-02
 5.05444920e-03 1.25348777e-01 1.22448262e-02 1.48100033e-03
 7.21566845e-03 7.52365333e-04 1.12900743e-02 6.37061521e-03
 5.03829122e-03 3.23942117e-02 3.01356241e-03 5.55828027e-03
 3.36800586e-03 6.89857919e-03 9.49903727e-01 1.14675332e-02
 1.71162048e-03 2.23322734e-02 1.12227704e-02 1.70996264e-02
 8.49123113e-03 5.18474868e-03 5.26466500e-03 7.54678622e-02
 1.06951641e-02 9.34879296e-03 8.21650773e-03 4.51573450e-03
 2.50129215e-03 1.34451847e+01 1.11109912e-02 2.92170839e-03
 1.86081277e-03 2.24835915e-03 5.43565527e-02 1.07895685e-02
 8.37896205e-03 1.20048359e-01 4.23987978e-04 1.75027922e-02
 3.05804424e-02 1.32663897e-03 2.89735532e+00 2.39132717e-03
 1.62093225e-03 3.91464792e-02 8.66194814e-03 9.58780292e-05
 5.85327204e-03 1.74977303e+00 3.82923812e-04 1.72290672e-03
 3.90722379e-02 3.65487218e-01 6.96657132e-03 1.15072378e-03
 1.32731413e-02 5.25693269e-03 1.17561799e-02 6.04537036e-03
 2.51450557e-02 5.46922050e-02 3.80225837e-01 1.17718261e-02
 2.34883018e-02 3.95984016e-03 4.05658921e-03 1.27769113e-02
 2.08316138e-03 2.61518103e-03 3.42266308e-03 1.28641725e-02
 1.56972185e-02 1.15377389e-01 5.28717320e-03 1.52014196e-03
 1.01693231e-03 5.09533240e-03 9.85932816e-03 4.49762903e-02
 2.33554747e-03 5.43102145e-01 5.50966673e-02 3.63124385e-02
 1.62424780e-02 8.54004547e-03 1.21582579e-03 3.29566181e-01
 2.65658018e-03 1.08578764e-02 6.39584148e-04 9.20728315e-03
 1.62966223e-03 4.19910904e-03 1.81504642e-04 1.28521081e-02
 5.82563784e-03 1.79066584e-02 8.99678886e-01 5.54938754e-03
 2.05122102e-02 2.39674293e-04 4.50327387e-03 4.80017718e-03],0.23642012,[6.09550858e-03 1.78191122e-02 3.58002773e-03 9.32665728e-03
 8.14299658e-03 3.86786088e-02 2.86717284e-02 6.52305782e-02
 4.24517784e-03 2.60090753e-02 5.42957569e-03 2.12469720e-04
 9.37283039e-03 7.97980838e-03 2.68100295e-03 9.59990174e-03
 1.13976495e-02 2.87081720e-03 6.71135494e-03 1.08911851e-02
 5.69798937e-03 8.29656201e-04 4.04912792e-03 8.69103766e-04
 4.87220194e-03 5.80661045e-03 8.54208041e-03 2.81353015e-03
 3.69497132e-03 7.60261491e-02 1.23559106e-02 1.52370790e-02
 4.56372090e-03 4.53880709e-03 1.67945982e-03 2.47075083e-03
 6.00599824e-03 6.85447361e-03 5.52696139e-02 2.95365691e-01
 1.09495558e-02 9.99367423e-03 1.10911496e-03 3.82250035e-03
 3.55137885e-03 2.00058287e-03 8.38383287e-03 2.98335124e-03
 1.78480133e-01 1.08485615e+00 3.22080986e-03 2.48428970e-03
 1.60595938e-03 1.08138975e-02 7.46870064e-04 1.10847438e-02
 5.79631538e-04 8.16391688e-03 6.62556384e-04 3.30287777e-02
 6.46331999e-03 1.57217950e-01 3.34597426e-03 7.81250373e-03
 3.11334944e+00 2.20440375e-03 5.16803004e-03 3.21125329e-01
 7.76577136e-03 5.64518617e-03 3.50762904e-02 5.10562956e-03
 3.10272654e-03 6.70455489e-03 2.63508782e-03 2.00987724e-03
 1.44184947e-01 4.08515800e-03 1.04532028e-02 4.33073519e-03
 1.82086253e-04 2.50661327e-03 1.22087114e-02 1.08082639e-03
 6.35235012e-03 1.42455706e-03 5.59251010e-03 5.54659264e-03
 5.08917216e-03 7.59555551e-04 1.52039602e-01 5.66475652e-03
 1.99264400e-02 8.74479022e-03 3.52940708e-03 2.66596582e-03
 2.15818472e-02 4.80220933e-03 2.10251901e-02 1.03716971e-03
 7.77977519e-03 7.23671734e-01 1.20741315e-03 3.67428586e-02
 3.05429325e-02 1.01384299e-04 1.40734762e-03 3.44788516e-03
 1.03885541e-05 4.57064994e-02 2.55352817e-02 1.05101633e+00
 1.20271575e-02 4.15276270e-03 3.05456552e-03 8.37807823e-03
 1.27836138e-01 2.88203778e-03 2.02602372e-02 3.43816802e-02
 1.59812458e-02 2.04455876e-03 7.42621953e-03 7.87419826e-03
 5.96004166e-03 3.52733862e-03 2.69583147e-03 3.69441276e-03
 1.52025279e-02 5.38974591e-02 1.62142445e-04 3.29343416e-03
 3.85626405e-01 3.78613807e-02 1.62718873e-02 2.36170627e-02
 6.39484171e-03 3.74726253e-03 9.40974474e-01 1.80307579e+00
 5.49986539e-03 1.03163337e-02 8.69861396e-04 7.99980666e-03
 3.27135669e-03 2.21960200e-03 1.05080218e-03 2.05474929e-03
 6.42882800e-03 1.61447246e-02 3.18784937e-02 3.34491506e-02
 9.97378863e-03 1.01510979e-01 2.37753857e-02 1.27941826e-02
 9.16147698e-03 2.28784629e-03 2.31135590e-03 2.49439874e-03
 1.00383966e-03 1.46711906e-02 3.08970595e-03 5.05360216e-03
 1.37546156e-02 5.85658895e-03 1.27842891e+00 1.52586512e-02
 9.90007073e-04 1.01231840e-02 5.67529490e-03 6.67893738e-02
 9.47565492e-03 2.49016937e-03 1.60887395e-03 8.68352056e-02
 8.29274394e-03 8.54275189e-03 5.26981102e-03 7.71025475e-03
 7.26898946e-03 2.11241698e+00 5.06531913e-03 3.29070189e-03
 3.09321377e-03 1.41049561e-03 4.35630418e-02 1.98307242e-02
 1.27086127e-02 7.08114952e-02 1.44078303e-03 2.09196862e-02
 5.72730787e-04 6.81487436e-04 1.56390572e+01 5.20972023e-03
 7.66586571e-04 3.95273864e-02 1.75963575e-03 2.24401359e-04
 8.48092139e-03 6.82000756e-01 4.57645440e-03 2.80325254e-03
 2.39742920e-02 1.71224833e+00 7.51824724e-03 1.88390887e-03
 1.12988129e-02 3.54438461e-03 2.68154056e-03 7.03328056e-03
 6.75008520e-02 3.39940116e-02 6.58541083e-01 1.42362351e-02
 1.02591179e-02 4.03615739e-03 8.65621958e-04 1.31902713e-02
 4.32270672e-03 2.76760967e-03 3.88749782e-03 1.06083956e-02
 1.52074788e-02 2.93335617e-02 3.03240237e-03 1.91321317e-03
 4.30928776e-05 8.71842913e-03 9.82064568e-03 5.56903109e-02
 1.99667388e-03 1.42606318e-01 3.46377492e-02 1.42770419e-02
 1.09792342e-02 9.54835024e-03 5.53760910e-04 3.28577340e-01
 2.99414876e-03 1.54433306e-03 6.93963957e-05 5.39034931e-03
 2.03205855e-04 3.34722805e-03 7.46074249e-04 4.43377392e-03
 1.27392467e-02 2.60435138e-02 1.08032393e+00 4.87281196e-03
 3.07087488e-02 3.49216745e-04 9.80389956e-03 4.50650603e-03],-96.92319,-109.14261,-312.51483,1.0686684,2.4920282,0.9629879,0.9295311,1.9141848,-5.1140056,32.09102,156.41312,5.5913844,0.43875954,0.54603815,-146.43414,146.43414,[8.96515250e-02 6.31399170e+02 6.79533691e+01 9.97075195e+01
 3.90351257e+01 2.19917148e+04 1.35510027e+00 2.36136780e+01
 6.05684280e+01 6.54134979e+01 1.36562180e+02 7.74282837e+01
 1.20982003e+00 1.42098022e+02 4.06066990e+00 2.43899593e+01
 3.18800354e+01 2.62497852e+03 3.62906036e+01 2.18110901e+02
 4.73108292e+01 1.83814774e+01 2.45900317e+03 2.89656315e+01
 2.94737685e-02 4.65501514e+03 4.26953430e+02 1.01681641e+02
 7.62471619e+01 1.75120560e+02 6.26322746e+00 2.49006939e+00
 1.71604340e+02 3.43634758e+01 2.84259949e+01 1.08475928e+03
 1.32124847e+02 9.88867035e+01 2.28946320e+02 1.52683754e+01
 5.96063385e+01 2.11235046e+00 3.36975928e+03 2.82263966e+01
 6.68548889e+01 2.44027637e+03 7.57559586e+01 5.95236957e-01
 4.74907455e+01 3.85819183e+02 1.00785284e+03 1.58783875e+02
 9.74577881e+02 8.29264164e+00 3.02635742e+02 1.27597790e+01
 1.28098724e+02 2.32493477e+01 2.26809101e+01 3.39119202e+02
 8.28802948e+01 1.77634552e+02 9.30690002e+01 3.49426365e+00
 2.36050928e+03 3.40005035e+01 1.76389103e+01 2.22351624e+02
 7.09095240e+00 1.58860767e+03 5.10614729e+00 7.41501927e-01
 1.28711441e+02 7.75083862e+02 6.36995411e+00 8.24671860e+01
 1.59641056e+01 3.52950058e+01 4.99232712e+01 1.93883085e+00
 4.67496681e+01 5.58739648e+03 6.28554260e+02 5.76562023e+00
 6.52673569e+01 8.26268768e+00 1.81889111e+03 7.67240845e+02
 2.61453949e+02 3.18978024e+01 5.70564003e+01 1.28872131e+02
 5.12634766e+02 1.07024048e+03 2.19486771e+02 3.77838770e+03
 3.15683197e+02 1.04522815e+03 6.76383057e+01 5.37614059e+00
 8.48640442e+01 1.50407440e+02 5.60676765e+01 2.97402496e+01
 5.97488928e+00 1.33028355e+01 9.62019531e+02 1.73564739e+01
 1.64703922e+01 2.63859367e+01 8.44903660e+00 7.33036995e+00
 1.99440332e+03 2.91345024e+01 8.29921055e+00 5.22761475e+03
 8.21338425e+01 5.87069893e+00 5.54184303e+01 3.18119755e+01
 6.32314529e+01 6.95774902e+02 5.25151777e+00 2.05295181e+01
 4.12116547e+01 2.92010727e+01 5.79802170e+01 5.24459791e+00
 1.56067786e+03 6.69544525e+01 4.36565666e+01 1.56092273e+03
 4.90315056e+00 1.52932458e+03 3.63781433e+01 2.10871055e+04
 1.81814022e+01 3.08309326e+02 5.82606544e+01 7.68490967e+02
 1.45049365e+03 2.99819374e+01 7.24426117e+01 2.67808502e+02
 1.21235428e+01 2.32722187e+01 3.08404121e+01 8.00587654e+00
 5.36834277e+03 3.72621765e+02 4.36163849e+02 1.14135580e+01
 2.13425121e+01 1.06414014e+03 1.76226453e+03 7.74074402e+01
 1.13614471e+02 3.37837296e+01 5.66073322e+00 8.84813499e+00
 1.17164874e+00 9.10448456e+00 3.55664897e+00 1.33017853e-01
 5.84454102e+02 2.35197334e+01 1.24677124e+01 2.73006134e+02
 2.89490929e+01 5.86004492e+03 5.06054726e+01 5.46516514e+00
 4.08109093e+01 2.88065128e+01 5.75349464e+01 1.65358643e+02
 5.50066233e+00 2.64315987e+01 4.95646524e+00 4.11333389e+01
 2.04072189e+02 1.02097362e-01 3.42603760e+01 2.74484314e+02
 3.99690933e+01 2.50709648e+01 1.90198166e+02 6.20448074e+01
 4.22692108e+01 1.49864087e+03 6.13922548e+00 1.49422474e+01
 1.98978004e+01 2.30992966e+02 7.09639206e+01 8.98562546e+01
 1.72060852e+02 3.06329708e+01 8.86717377e+01 1.28523397e+01
 2.06443125e+04 9.04319946e+02 4.53884077e+00 1.08256042e+00
 2.71867767e+02 5.46006851e+01 3.96482483e+02 5.48300095e+01
 8.11224937e+00 6.93935490e+00 7.01325684e+02 1.46911974e+01
 1.86668616e+03 3.48817673e+01 1.38612381e+02 3.39479468e+03
 3.54795837e+00 1.27765918e+00 1.71919422e+01 4.22986145e+01
 2.17149585e+03 2.26248749e+02 1.01646595e+01 7.02727985e+00
 7.58272827e+02 6.38997841e+01 5.78835449e+02 1.24815197e+01
 3.33333466e+02 5.69782593e+02 2.75485229e+02 1.36414905e+03
 2.23571796e+01 2.30451141e+02 1.41488477e+03 8.85283089e+00
 3.31423889e+02 1.54367847e+01 4.49415741e+01 8.32676544e+01
 1.99651737e+01 2.64004883e+02 8.32937622e+02 3.59099197e+01
 1.80256069e+00 4.90682465e+02 3.40570953e+02 3.99172187e-01
 7.09882965e+01 1.35521338e+03 2.39162121e+01 1.04493912e+02
 2.02373276e+02 3.24790573e+01 4.18743229e+00 1.33552933e+01],774.45483,[1.10314693e+01 3.35523102e+02 2.28020973e+01 7.28607941e+01
 5.43475342e+00 7.36278534e-01 4.45776987e+00 4.75825214e+00
 8.68812439e+02 2.53761864e+01 8.21752472e+01 1.21087479e+02
 1.09443259e+00 3.05542267e+02 9.70012546e-01 1.06515245e+01
 5.87127972e+00 2.26292822e+03 5.03624201e+00 9.73597229e+02
 1.32226076e+01 1.12207091e+00 2.05540015e+03 1.84571609e+01
 1.70502111e-01 3.23358984e+03 3.72148193e+02 1.01002441e+02
 3.59519005e+01 9.92445526e+01 2.68929064e-01 2.22625122e+01
 5.64192688e+02 1.11864037e+02 1.16017208e+01 2.22951935e+02
 7.30763550e+01 4.52895927e+01 2.69714630e+02 1.20379410e+01
 2.03864498e+01 9.17334175e+00 1.36358447e+03 1.08191118e+01
 3.90358276e+01 1.54700525e+03 3.44646912e+01 2.37669563e+01
 1.79615955e+01 9.01713379e+02 1.16784473e+03 6.58475876e+01
 4.19720688e+01 4.01941776e+00 2.15599670e+01 1.55035567e+00
 4.69415436e+01 1.14170980e+00 3.61167679e+01 3.04213013e+02
 1.92917618e+02 2.25622606e+00 9.30459976e+01 4.64129305e+00
 9.09238525e+02 1.13917236e+01 2.15617895e+00 3.22882507e+02
 6.59799099e-01 1.06951408e+01 5.96543980e+00 7.07964778e-01
 4.50099854e+03 1.40917041e+03 5.79320335e+00 7.16999531e+00
 2.73541093e+00 8.69622612e+00 1.83746262e+01 3.60921555e+01
 2.55417847e+02 3.31848877e+03 5.10106354e+02 4.01943636e+00
 8.38503113e+01 1.61122310e+00 8.52166992e+02 1.17367468e+03
 1.25494316e+02 5.99581242e+00 4.55181074e+00 3.77833138e+01
 1.94108673e+02 7.77993347e+02 2.85671631e+02 3.87514160e+03
 3.00750519e+02 9.09710693e+02 2.28294735e+01 1.13756599e+01
 8.75139534e-01 1.66070847e+02 1.63385559e+02 1.16938686e+01
 3.98840256e+01 1.03337479e+00 1.06232300e+03 4.08084249e+00
 3.54375243e+00 1.60642982e+00 5.06140053e-01 9.17340040e-01
 1.16949890e+03 2.91316295e+00 2.97381938e-01 2.20839014e+03
 1.11880684e+02 1.58464324e+00 4.75770386e+02 1.40722443e+02
 1.08299751e+01 3.58551559e+01 3.42783127e+01 1.25369158e+01
 8.06796265e+00 8.55245399e+00 9.04634247e+01 3.93291891e-01
 2.09110889e+03 9.36352081e+01 8.26149368e+00 2.27195117e+03
 8.54837036e+00 3.38403638e+03 8.24450493e+00 3.42124102e+04
 8.01253915e-02 2.79407690e+03 1.80314217e+01 1.99308289e+02
 1.39984167e+03 1.75277119e+01 1.55629929e+02 5.83495667e+02
 7.77788544e+00 2.99613857e+00 1.88304043e+01 1.41588402e+00
 5.88959427e+01 7.52164364e+00 1.79595245e+02 2.60295334e+01
 2.28358889e+00 7.55284058e+02 1.90607861e+03 2.06764908e+01
 4.12248278e+00 1.42275801e+01 9.09808278e-01 2.75269008e+00
 1.36401758e-01 9.16049576e+00 9.73726501e+01 1.05173290e-01
 5.08403320e+02 1.81828728e+01 5.65696812e+00 1.07742004e+02
 7.76865578e+00 3.81185059e+03 2.03256302e+01 2.55556256e-01
 1.74381218e+01 5.60939598e+00 4.40444260e+01 6.56386337e+01
 9.18839097e-01 1.03386717e+01 1.14004459e+01 1.33442755e+01
 5.76072845e+01 6.57685547e+01 8.67455292e+00 7.04662323e+01
 2.15155029e+01 1.11752977e+01 1.45631165e+03 3.71798611e+00
 1.41819954e+01 1.68510791e+03 4.01215553e+00 2.15582829e+01
 2.64909816e+00 1.63366180e+02 2.25173569e+02 1.66794250e+03
 1.04156540e+02 3.21038818e+01 7.27875757e+00 6.28112733e-01
 6.49635742e+02 1.31523148e+02 2.11555624e+00 1.00378287e+00
 9.95025940e+01 5.67791443e+01 6.14519165e+02 3.77550507e+01
 4.90421200e+00 2.01796979e-01 1.46166199e+02 6.01315422e+01
 2.49790479e+03 1.99836655e+01 3.23066902e+00 3.93791333e+03
 3.69705367e+00 1.11060813e-01 7.45817089e+00 7.77706242e+00
 1.96399927e+03 8.21623917e+01 1.90020657e+00 9.01682281e+00
 5.70870605e+02 1.66877804e+01 5.00649834e+00 1.23068737e-02
 9.04320526e+00 2.62626862e+02 4.39447612e-01 3.70949036e+02
 1.67704463e+00 1.90243195e+02 1.27886829e+03 2.14632010e+00
 2.25657864e+01 1.63516700e+00 1.29418350e+02 3.82444525e+00
 1.50065088e+01 2.39197206e+00 1.07584160e+02 9.81363068e+01
 9.38825321e+00 4.79298645e+02 1.92871078e+02 1.82642341e+00
 1.34565935e+01 1.28370075e+01 5.00738144e+00 2.53551216e+01
 4.65168701e+02 1.00745478e+01 2.19737351e-01 8.96564102e+00],-100.79762,-155.90634,-322.0791,2.732008,21.901861,0.95017993,0.95419425,0.0181139462184906,12062.183215618134,0.5,0.5,-0.027470949629255798,-0.0002892131532568889,-0.02749673969296774,-0.0004551085587328198,36.031150644764935,37.59999999999999,0.0,724500.0,-1.0,-758.0,750.0,14.422247648239136,725000
103.8237,0.039938733,0.043604087,0.0010537936,-103.34772,103.34772,[4.28565778e-03 1.12421960e-02 1.33467708e-02 7.65332999e-03
 4.80477652e-03 1.07781412e-02 2.84516159e-03 3.06018367e-02
 4.26133573e-02 2.40458269e-02 1.31980758e-02 1.78263150e-02
 1.34113608e-02 9.42276269e-02 4.22129594e-03 3.63485932e-01
 1.33606046e-02 2.76396256e-02 3.73141110e-01 5.07845450e-03
 2.46381778e-02 1.16438661e-02 8.18915572e-03 7.83795305e-03
 8.56252108e-03 7.66748469e-03 1.94859076e-02 4.10163812e-02
 1.77431107e-02 3.20336533e+00 9.27162543e-03 4.24174100e-01
 1.32120885e-02 7.04795122e-02 1.44303907e-02 2.61792634e-03
 3.37265462e-01 1.13040172e-02 1.17079988e-02 1.50653999e-02
 4.77758329e-03 1.26430206e-02 7.74689578e-03 8.92411638e-03
 1.30843639e+00 8.10085144e-03 6.62221806e-03 4.22442053e-03
 6.07092446e-03 1.86713617e-02 4.19854745e-02 3.76792951e-03
 2.04763580e-02 1.89182907e-02 4.79222834e-02 2.88126245e-03
 1.54152606e-02 1.71616301e-03 2.18582034e-01 7.84544647e-03
 4.15921248e-02 1.01228077e-02 5.44943285e+00 1.85215414e-01
 1.65011436e-02 2.16393396e-02 3.05326581e-02 1.01214172e-02
 5.12448885e-03 3.93870361e-02 3.53590809e-02 6.76853955e-02
 3.83581296e-02 4.21761721e-03 5.94507298e-03 1.48501601e-02
 7.96120241e-03 5.68305608e-03 2.26544682e-03 1.97737087e-02
 7.42041878e-03 3.60069126e-02 7.32990447e-03 1.01233227e-02
 7.94654433e-03 3.34867183e-03 9.35590186e-04 1.29972603e-02
 5.20270914e-02 3.59638245e-03 2.26758420e-01 6.90828077e-03
 1.58903211e-01 2.38804966e-02 4.80774827e-02 9.33681801e-03
 7.23835360e-03 1.33376336e-02 1.83952611e-03 2.95050666e-02
 8.12219921e-03 6.62358254e-02 1.40036587e-02 1.34727787e-02
 1.31581001e+01 2.20471472e-02 2.50781002e-03 1.86326285e-03
 3.84182297e-03 1.22384792e-02 7.55859213e-03 2.63565476e-03
 5.50677255e-03 1.76986217e-01 6.41870778e-03 2.65503884e-03
 4.36901115e-03 5.66253997e-03 3.79966572e-02 6.81027130e-04
 3.14086452e-02 3.00201103e-02 6.44010259e-03 2.18740087e-02
 1.32331895e-02 1.24251479e-02 1.62861288e-01 5.29862791e-02
 6.05628453e-02 1.61418896e-02 2.15996051e+00 3.97989392e-01
 2.01680720e-01 2.04926595e-01 6.95893541e-02 1.45983975e-02
 9.43362340e-03 1.58781484e-02 3.19321174e-03 2.17975825e-02
 1.59320198e-02 3.93281364e+00 1.45486491e-02 1.94390258e-03
 1.23523660e-02 1.29272633e+01 4.86267498e-03 1.41064795e-02
 1.72068663e-02 1.85621809e-02 5.91126867e-02 1.31741622e-02
 5.74865052e-03 4.88453917e-03 3.84767936e-03 4.65469295e-03
 5.48206456e-03 9.26876354e+00 4.37514596e-02 2.03711726e-02
 8.02670699e-03 3.18590775e-02 1.88235268e-02 6.95933402e-02
 2.39649811e-03 1.49994744e-02 1.33870868e-02 7.35511491e-03
 1.48894763e+00 8.91896725e-01 1.95476830e-01 2.10762490e-03
 1.28026307e-02 4.38427162e+00 8.05159286e-02 2.23529115e-02
 1.38839846e-02 2.43992209e-02 6.59570983e-03 8.66809249e-01
 5.41014411e-03 6.66844726e-01 3.19512584e-03 1.30407028e-02
 2.25734077e-02 3.03568101e+00 1.11141698e-02 2.31649429e-02
 7.63383810e-04 1.13681844e-02 1.40947569e-02 1.76918749e-02
 2.40460783e-02 4.39911969e-02 7.90801458e-03 9.89903323e-03
 2.84839645e-02 4.68461122e-03 8.08201358e-03 7.25661069e-02
 2.92321835e-02 1.62149400e-01 2.28366330e-02 9.92664415e-03
 2.26551771e+00 3.23778540e-02 1.75225101e-02 2.84691919e-02
 5.99041656e-02 2.43815337e-03 2.01292068e-01 7.89506640e-03
 1.32428855e-02 9.91711160e-04 4.51325066e-02 1.15610613e-02
 1.51711758e-02 4.86205257e-02 3.51744052e-03 1.67257041e-02
 6.33817911e-03 1.46232948e-01 7.86441192e-03 2.01420859e-04
 4.13892902e-02 1.05524771e-02 1.20548643e-02 8.71120468e-02
 1.36993984e-02 2.65855882e-02 9.24630556e-03 1.00931444e-04
 1.11758430e-02 1.50107086e-01 1.78410709e-02 1.52839534e-02
 1.34900481e-01 1.08124418e-02 3.47160473e-02 5.25327679e-03
 9.90494713e-03 1.03965681e-02 7.89368227e-02 3.93164977e-02
 5.04139764e-03 5.48373051e-02 2.55812076e-03 1.10195447e-02
 1.43800341e-02 2.49259025e-02 1.76432386e-01 4.71609347e-02
 7.52908885e-02 1.20326849e-02 4.50439705e-03 1.02607049e-01],0.30482313,[1.4364180e-02 1.4234493e-02 1.5648702e-02 7.3932172e-03 1.1833299e-02
 9.4847418e-03 7.1496181e-03 5.8407197e-03 3.1322727e-03 1.6408145e-02
 9.2143752e-04 3.4089051e-02 1.0238463e-02 7.3372796e-02 2.9267330e-02
 2.5184292e-01 9.2154443e-03 2.2780646e-02 4.2618346e-01 1.4513785e-02
 7.0686396e-03 1.0138527e-02 1.1642073e-02 4.6332018e-03 9.9994764e-03
 1.0018550e-02 1.0379481e-02 5.9073335e-03 7.6487921e-03 2.4092968e+00
 3.2591193e-03 6.5775000e-02 7.0669553e-03 8.0773145e-02 1.6337892e-02
 5.5187927e-03 4.5379120e-01 9.2202630e-03 1.3139680e-02 1.7521573e-02
 7.7171023e-03 9.4563961e-03 4.8307981e-03 2.0367838e-02 2.8979522e-01
 2.0516371e-02 2.7727464e-03 1.5145035e-02 1.6241891e-02 1.1426984e-02
 4.3867674e-02 1.1531670e-03 1.5529465e-02 1.0195525e-02 2.5306242e-03
 8.5529629e-03 1.0200009e-02 4.1339551e-03 6.5902883e-01 5.5996282e-03
 1.7667109e-02 8.4911045e-03 1.9464740e-01 7.6461446e-01 2.0129342e-02
 2.0735735e-02 1.2966143e-02 4.9623679e-03 2.0831656e-02 9.1698073e-02
 6.0567446e-02 1.1732458e-02 2.9111654e-03 5.5575809e-03 4.2830566e-03
 1.9133292e-02 8.0083022e-03 7.4266950e-03 1.5476607e-03 1.5246020e-02
 8.3624786e-03 3.2800216e-02 1.1746399e-02 6.4183841e-03 7.6147676e-03
 1.1934146e-02 1.6684104e-03 1.6385088e-02 2.3948260e-02 7.6193530e-03
 3.3353122e-03 3.0551171e-03 2.2887047e-01 5.5841524e-03 2.1395303e-02
 1.2530528e-02 1.4837163e-02 1.5693033e-02 1.6528482e-03 1.0625651e-02
 1.2443251e-02 4.5470241e-02 1.8703738e-02 9.6665742e-03 2.8440597e+00
 2.7815975e-02 7.5523844e-03 8.3576776e-03 3.6952358e-03 1.1094293e-02
 2.5334884e-03 4.4131279e-03 6.3969186e-03 3.1947958e-01 9.3764905e-03
 1.9612536e-03 8.9314925e-03 1.5017692e-02 3.3674531e-02 7.0146704e-04
 8.2649719e-03 1.6213205e-02 1.4537840e-02 6.8512699e-03 8.0334507e-03
 8.0296416e-03 4.7848061e-01 9.0764225e-02 2.6318734e-03 4.9498109e-03
 2.4850976e+00 4.3929663e-01 3.2381263e-01 5.5516928e-02 3.9112221e-02
 1.3925616e-02 1.2341481e-02 2.1139752e-02 4.6390374e-03 1.7074093e-02
 1.3539360e-03 1.0774317e+00 9.8458119e-03 7.9422109e-03 8.0982633e-03
 1.0212617e+01 7.8216754e-03 1.6097240e-02 1.9950740e-02 1.6058493e-02
 1.7790373e-02 1.0992802e-02 6.9307378e-03 3.1829851e-03 8.2824016e-03
 2.3991985e-03 5.3111548e-03 9.2912847e-01 1.9234989e-03 2.1358398e-03
 2.5863992e-02 2.9173959e-02 1.5999360e-02 1.3009265e-01 9.7814109e-03
 8.3711520e-03 1.0618847e-02 6.9785258e-03 1.1253729e+01 4.1909614e-01
 1.1274925e-01 1.4066015e-02 3.7122663e-04 1.3340957e+00 8.4803432e-02
 4.7581885e-03 2.4776314e-03 1.1564755e-02 1.2799563e-02 1.6030433e-02
 9.2935720e-03 3.3436778e-01 3.4347996e-03 1.5390836e-02 2.4444548e-02
 7.5642928e-02 7.2842212e-03 1.5796646e-02 6.6204807e-03 6.4235544e-03
 5.7707462e-03 5.0707171e-03 1.8745445e-02 1.6556184e-01 9.5606679e-03
 1.4556529e-02 2.2927457e-02 4.9132453e-03 7.3679397e-03 1.0206868e-01
 1.9767795e-02 3.8024631e-01 3.2141499e-02 1.5607945e-02 1.7327693e+00
 2.8400466e-02 1.5338229e-02 7.0103332e-02 9.7143814e-02 9.2302468e-03
 5.2466971e-01 3.9364893e-02 5.2223844e-03 4.4269129e-03 5.7352493e-03
 9.9853892e-03 3.5146896e-03 5.2889284e-02 9.8421834e-03 2.3431968e-02
 6.3207638e-03 9.8607667e-02 2.3558736e-02 3.1531346e-03 7.8039408e-02
 1.4459467e-02 1.5220875e-02 6.1272126e-02 9.6085425e-03 1.3664139e-02
 1.0873637e-02 3.6781563e-03 2.3600737e-02 2.4557499e-02 6.1227195e-03
 5.8785155e-03 6.4559653e-02 3.9060023e-03 1.9628067e-02 9.9445060e-03
 9.6662994e-03 1.1461433e-02 7.3767275e-02 5.1582169e-02 3.9585996e-03
 4.9723323e-02 6.5416195e-03 1.6252834e-02 1.8546974e-02 1.5760520e-03
 4.5566518e-02 4.6283182e-02 2.4878938e-02 5.6005530e-03 7.9613952e-03
 9.2055649e-02],-96.674255,-106.60492,-302.88666,1.0877502,2.2881572,1.001432,0.93052363,3.4330506,-4.7888303,37.33989,157.90683,6.384901,0.48294607,0.60445136,-146.69247,146.69247,[1.20351434e+00 9.26118286e+02 6.36975293e+03 4.72947845e+01
 2.98776207e+01 8.93277588e+01 5.74627319e+02 1.98437519e+01
 1.08547043e+02 4.39731689e+03 2.62720261e+01 4.80217361e+01
 3.03505993e+01 8.54884262e+01 1.99582672e+01 1.78346069e+02
 1.59697046e+01 1.45653069e+00 2.03599052e+01 1.33399597e+03
 5.13808918e+00 1.30168200e-01 1.93704300e+02 1.18595551e+02
 5.72356812e+02 5.74114952e+01 4.86715889e+01 7.21971054e+01
 8.29162292e+01 8.00401794e+02 5.82716751e+01 4.78380463e+02
 8.75911560e+01 1.38265723e+03 4.77236023e+01 1.11730949e+02
 3.05253239e+01 7.76224670e+01 1.40816288e+01 3.47613335e+01
 7.40078545e+00 1.11690712e+01 3.72001495e+01 1.57213135e+02
 2.05412582e+02 4.82813965e+02 2.47803650e+01 1.66963855e+03
 7.15415716e-01 6.51808167e+02 1.36366602e+03 1.26815155e+02
 1.05476685e+02 1.86868179e+02 3.51317863e+01 1.10099243e+02
 2.25774288e+01 1.96980000e+01 9.28961029e+01 1.06100327e+02
 1.53185959e+02 6.43595657e+01 3.40256378e+02 1.25048246e+01
 1.18362526e+02 5.67606888e+01 5.35334900e+02 3.19424591e+01
 6.75197067e+01 1.72501236e+02 1.44822609e+00 5.93323135e+01
 4.23185444e+00 5.02403164e+00 1.28586250e+04 3.56914755e-03
 9.92215958e+01 3.55076103e+01 3.79089551e+03 8.48737183e+01
 2.74704170e+01 1.04402466e+03 2.20410213e+01 5.28240723e+02
 2.61608704e+02 6.37803497e+01 2.71568481e+02 1.32429676e+01
 6.05480408e+02 1.09330750e+03 1.70106773e+01 1.38165482e+02
 2.30061092e+01 1.57981014e+01 1.80237885e+01 6.27689331e+02
 6.43733063e+01 2.47834969e+01 4.66854715e+00 9.27050903e+02
 1.10568909e+02 9.03272247e+01 2.55335156e+03 2.14182080e+03
 3.19054508e+01 1.61293518e+02 1.41495630e+03 9.72247620e+01
 1.03824072e+01 1.04038363e+01 4.28878403e+01 7.75532837e+01
 6.90055908e+02 5.89508324e+01 2.39819794e+01 1.67519341e+01
 7.22169876e+01 5.26324997e+01 1.16489735e+01 5.31951318e+03
 7.91001038e+02 2.66037811e+02 6.03589050e+02 1.86726227e+02
 2.30988359e+00 1.89496124e+02 4.87846146e+01 9.87272400e+02
 2.58415375e+02 2.32875957e+01 1.61495399e+01 1.44880991e+01
 2.92504978e+01 5.84354095e+01 9.54215164e+01 6.10666626e+02
 3.97694092e+01 9.09294224e+00 7.32870850e+02 4.15032244e+00
 3.22803955e+02 1.11185962e+03 6.79614258e+02 7.56539345e+00
 2.43150421e+02 2.04823792e+02 2.47480957e+02 2.59038605e+02
 2.23555740e+02 3.18798309e+02 4.24215851e+01 7.25407410e+01
 8.36124707e+03 1.94305084e+02 7.23017693e+00 1.12870209e+02
 1.04681568e+01 2.18345871e+01 8.69575806e+01 8.68890667e+00
 1.61791694e+00 2.32869156e+02 2.22950764e+01 1.09730273e+03
 2.18472229e+02 9.81485291e+01 6.49213943e+01 1.97408972e+03
 2.61268234e+01 7.31687012e+01 2.12358813e+03 1.06707573e+02
 8.11633423e+02 3.93246956e+01 1.38862076e+01 1.42333221e+02
 1.00206573e+02 1.93703575e+01 5.88281288e+01 2.27877588e+03
 1.87572891e+02 6.44556503e+01 4.74394501e+02 4.95364456e+01
 8.55217041e+02 4.45790577e+00 4.61222992e+01 7.38177338e+01
 4.33153381e+01 3.87895813e+01 9.38653717e+01 3.57624245e+01
 2.82594177e+02 8.54944706e+00 3.59640541e+01 3.54926147e+01
 3.81530151e+01 2.76126404e+01 1.38586349e+02 1.32311218e+02
 1.02239408e+01 2.56971375e+02 7.31731934e+02 1.94439220e+01
 1.75861557e+02 1.95981102e+01 2.83751904e+03 2.26988010e+01
 2.75687370e+01 2.47897827e+02 4.34280052e+01 9.93226166e+01
 1.34400635e+02 7.54554844e+00 8.60265198e+01 1.29999283e+02
 9.34821129e+00 1.24225960e+01 6.99321213e+01 5.00689087e+01
 4.42444214e+02 3.36147232e+01 3.03080597e+02 5.85600436e-01
 1.81609402e+01 1.11308746e+02 3.38873434e+00 1.26723640e+02
 4.85836563e+01 2.13416758e+04 6.81076813e+01 2.15748825e+01
 7.07763000e+02 7.10259323e+01 1.10331459e+01 1.06699158e+03
 1.77145508e+02 3.12757349e+00 1.95086174e+01 2.08752632e+00
 2.16122742e+02 3.69605446e+01 4.95433643e+03 2.06781006e+02
 5.87479614e+02 3.09532471e+01 3.67051300e+02 1.57494860e+01
 1.37493591e+01 4.89292412e+01 1.86846371e+01 2.99404472e-01
 1.50816147e+02 4.42888574e+03 1.63572107e+03 1.97832298e+01],632.88416,[1.43815815e-01 4.79736404e+01 1.35713074e+03 1.06117134e+01
 1.22493172e+01 2.89364929e+01 5.49053421e+01 1.29586658e+01
 7.15856323e+01 9.39108008e+03 1.51695862e+01 6.62946749e+00
 1.78379860e+01 5.29640388e+01 5.15060090e-02 1.12972469e+01
 3.96149874e-01 1.03137851e+00 9.24176979e+00 7.74726639e+01
 7.88500130e-01 1.44855544e-01 9.75911102e+01 4.27515793e+01
 4.09221497e+01 5.82167473e+01 1.92402058e+01 2.38792542e+02
 1.74759659e+02 5.39393127e+02 2.50944161e+00 4.20880127e+02
 5.04977760e+01 5.30555359e+02 2.35777527e+02 2.21579987e+02
 2.62234473e+00 4.43382874e+01 4.13277969e+01 6.12010002e+01
 4.57938671e+00 2.02959943e+00 9.93047714e+00 1.28416077e+02
 8.22527313e+01 3.82856674e+01 2.07654324e+01 6.14658569e+02
 1.02044678e+00 2.01881079e+03 3.91415332e+03 3.64913597e+01
 6.99548721e+01 6.94118164e+02 2.80417609e+00 1.13316455e+03
 1.00728855e+01 4.71020103e-01 8.03413162e+01 1.32951965e+01
 1.73527496e+02 1.28495765e+00 3.78859985e+02 2.53496284e+01
 5.14662514e+01 5.77852173e+01 9.27043640e+02 9.76306152e+00
 7.58641357e+01 7.38979416e+01 9.88461590e+00 7.60393858e+00
 4.79241371e+00 1.08015060e+00 7.90001465e+03 8.69158749e-03
 4.93709793e+01 2.45633736e+01 4.70865967e+03 5.62570143e+00
 1.12443533e+01 3.86475586e+02 2.20571480e+01 9.15366882e+02
 1.00062988e+02 2.34868526e+01 2.50062988e+02 1.17633419e+01
 2.43118848e+03 2.60618774e+03 2.25421166e+00 1.97419174e+02
 1.78730202e+01 8.83153381e+01 1.87735977e+01 1.47788940e+02
 1.65801201e+01 7.03959465e-01 5.76655054e+00 2.43607346e+02
 2.82474766e+01 4.69263344e+01 8.86635864e+02 3.43338477e+03
 1.68119011e+01 1.96589630e+02 1.00258618e+03 2.99654083e+02
 2.14141473e-01 1.25850077e+01 2.32533193e+00 1.37829895e+01
 1.29490051e+02 1.20364046e+01 2.17030964e+01 1.02935028e+00
 2.82633114e+01 7.19241257e+01 5.18220186e-01 3.02091211e+03
 1.93914627e+02 4.63675354e+02 2.22611914e+03 7.50562592e+01
 6.66037130e+00 1.07961416e+01 4.72714615e+01 6.09165726e+01
 1.73085815e+02 1.27340126e+02 5.90190887e+00 6.42104769e+00
 1.44004297e+01 2.03266888e+01 1.08025694e+01 1.67750183e+02
 1.64503937e+01 7.00108171e-01 4.33391052e+02 3.13465454e+02
 2.87629211e+02 1.31920203e+03 5.55706665e+02 4.50200510e+00
 1.17284096e+02 5.67680321e+01 8.00918865e+00 5.35158119e+01
 5.46190987e+01 2.78207092e+02 5.07509172e-01 1.67603210e+02
 3.19346680e+03 1.71212845e+01 4.29125309e+00 1.63554077e+01
 1.79816803e+02 3.39571548e+00 3.65672646e+01 5.03352165e-01
 1.47508698e+01 3.91827148e+02 6.82292128e+00 5.56085022e+02
 3.46568848e+02 1.72834625e+02 4.05986176e+01 1.45606311e+03
 1.71946138e-01 2.74837475e+01 3.08368652e+03 7.24075546e+01
 3.45006676e+01 3.26591492e+01 4.31703854e+00 7.21120834e+01
 3.92121935e+00 5.82389183e+01 2.42522392e+01 2.34293823e+03
 1.95789230e+02 4.19314206e-01 1.31449304e+03 1.18498540e+00
 3.38575165e+02 7.90271461e-01 1.64047241e+01 1.01644821e+01
 1.28111706e+01 4.80651855e+00 1.57259245e+01 5.19314706e-02
 2.83196411e+02 1.09168444e+01 2.14598179e+00 1.02438030e+01
 4.54438782e+01 1.19092087e+02 3.54651337e+02 2.40695763e+01
 3.24077159e-01 2.97918911e+01 1.85782605e+03 5.57454729e+00
 5.10806084e+01 1.74656010e+01 2.52213477e+03 9.44492912e+00
 1.50348244e+01 5.90941223e+02 1.44584866e+01 1.46992004e+02
 1.91048782e+02 1.77804146e+01 4.99335022e+01 1.73712654e+01
 9.84985828e+00 7.53201342e+00 2.91130333e+01 5.74629440e+01
 2.13095688e+02 7.01881981e+00 1.18653831e+02 4.84279785e+01
 3.73536224e+01 9.06731491e+01 8.27541542e+00 1.48486109e+01
 7.69886856e+01 2.75912595e+00 1.46768560e+01 3.37378540e+01
 9.41390015e+02 3.00374908e+01 4.18704319e+00 7.10486694e+02
 5.92419777e+01 1.60006500e+02 2.31487732e+01 8.94982338e-01
 1.45223246e+01 6.50869675e+01 5.27644836e+02 1.92834290e+02
 4.61799756e+03 2.53779602e+01 5.89282715e+02 1.60058296e+00
 1.95777893e+01 2.14035187e+01 4.14172745e+01 9.00508836e-02
 2.15462723e+02 8.77344238e+03 1.20079761e+03 3.32659836e+01],-101.078476,-155.31335,-327.82214,2.3172083,14.865245,0.94943863,0.95308554,0.016378946857452392,12471.656924247742,0.5,0.5,-0.013741140830471715,-0.0035020360295155797,-0.013799990721841375,-0.0005070766289811884,35.96117019033941,37.59999999999999,0.0,750000.0,-1.0,-760.0,750.0,12.191794395446777,750000
102.66579,0.023214271,0.037966166,0.0006775275,-102.26291,102.26291,[6.39008638e-03 3.54084516e+00 7.12895440e-03 1.81305930e-02
 1.16195753e-01 4.08152910e-03 6.86664646e-03 2.78226333e-04
 7.03775836e-03 4.61592386e-03 2.99756378e-02 1.75522454e-02
 1.08932100e-01 5.21422327e-02 4.78287973e-03 2.38366574e-02
 1.43806795e-02 6.25092303e-03 3.68005484e-02 2.00014608e-03
 2.09261198e-03 3.33483750e-03 1.81157105e-02 1.66018726e-04
 4.80959238e-03 2.06318195e-03 1.73207760e+00 2.21109111e-02
 1.19729238e-02 1.85707794e-03 3.50771248e-02 2.90372339e-03
 2.16199970e-03 7.87468720e-03 4.68530692e-03 2.20370255e-02
 4.55669081e-03 5.54058515e-03 1.01881719e+00 7.84431119e-03
 1.49710895e-03 3.62587394e-03 4.44873422e-03 6.33521155e-02
 8.07245541e-03 1.44601464e-02 1.72393564e-02 7.72465706e-01
 1.66877583e-02 7.64819095e-03 3.91749293e-03 4.06891108e-02
 1.47120710e-02 3.89481569e-03 7.37138849e-04 2.22757575e-04
 4.36381251e-03 1.10119686e-01 6.46664994e-04 1.05341114e-02
 9.01558343e-03 9.58027691e-02 1.65204387e-02 1.96828879e-02
 8.65076575e-03 2.16085988e-04 1.30386828e-02 1.92799326e-03
 2.75259232e-03 5.79423830e-03 5.20205498e-03 1.07677216e-02
 1.00604224e-03 7.58626014e-02 2.31899903e-03 6.79294253e-03
 1.60124619e-03 1.86829288e-02 2.35909689e-03 4.90230229e-03
 3.04852629e+00 8.86274781e-03 2.44086306e-03 1.43198706e-02
 8.90653639e-04 2.50327662e-02 3.12729995e-03 1.41095035e-02
 2.58121290e-04 2.02024221e+00 2.07027221e+00 1.78618655e-02
 1.79518200e-03 1.49415666e-02 3.57281528e-02 2.25992948e-02
 4.30543236e-02 9.90944915e-03 6.98095246e-04 5.78920869e-03
 4.63872962e-03 1.51995244e-02 1.76629350e-02 9.17083770e-03
 7.93800224e-03 2.99627753e-03 1.18837552e-03 3.78615409e-02
 1.63535308e-03 4.19066660e-03 2.92769459e-04 1.30171738e+01
 1.23884464e-02 3.07651353e-05 4.90063522e-03 1.58195617e-03
 1.47614684e-02 6.99894596e-03 2.57987343e-02 2.00133845e-02
 8.20626784e-03 3.57493316e-03 7.72546139e-03 3.49680195e-03
 6.96174614e-03 3.33394334e-02 1.66557962e-03 2.03094748e-03
 6.30485080e-03 5.82889514e-03 1.22479396e-03 6.04244554e-03
 3.08797066e-03 1.37379672e-02 7.23048672e-02 1.88373178e-02
 2.58041382e+00 3.30199325e-03 1.38906632e-02 8.65624810e-04
 9.08764836e-04 6.65805582e-03 4.36860370e-03 1.58371613e-03
 1.59087092e-01 3.04228187e-01 3.45158880e-03 2.81019602e-05
 2.17509307e-02 7.66976923e-03 2.23805197e-03 6.64056325e-03
 1.23440489e-01 1.90526806e-03 7.31015392e-03 4.64056712e-03
 1.60315214e-03 1.23446714e-03 6.55574317e-04 3.25773202e-04
 1.26149431e-01 3.78527911e-04 6.20368123e-03 2.30265222e-03
 1.61606167e-03 2.89572612e-03 1.74115628e-01 3.58598791e-02
 1.80315459e-04 1.51768401e-02 7.55609944e-05 6.36240293e-04
 9.02298023e-04 2.17850180e-03 6.06509112e-03 3.37179285e-03
 6.90161623e-03 1.75865181e-02 3.57939629e-03 4.91326489e-03
 1.77280158e-02 9.28113889e-03 6.69286912e-03 8.28321371e-03
 7.73991738e-03 1.65520236e-03 3.42835346e-03 1.81272510e-03
 4.21219738e-03 2.14024484e-02 4.76533175e-03 3.41906585e-02
 1.04181729e-02 6.90138806e-03 6.17592558e-02 1.22316265e+01
 7.87308812e-03 4.14190348e-03 2.42129955e-02 1.10105122e-03
 1.22580037e-04 1.00372538e-01 9.64687113e-03 3.76509177e-03
 3.71939642e-03 2.86659859e-02 1.07642449e-02 9.39340051e-03
 1.43740908e-03 1.22704217e-03 1.50205856e-02 2.33021425e-03
 9.27808287e-04 3.79093662e-02 1.87231097e-02 1.59371309e-02
 1.34466039e-02 1.30626447e-02 8.02819268e-04 1.78570841e-02
 3.72438342e-04 4.25250083e-03 2.14226991e-01 3.85480821e-01
 1.70493554e-02 1.08924173e-02 5.98657236e-04 2.06671767e-02
 3.65796536e-02 6.36372864e-02 7.77588412e-03 1.43728834e-02
 3.60163511e-04 3.22514353e-03 1.67874023e-02 5.55411587e-03
 2.60103610e-03 6.05374854e-03 2.42682621e-01 2.69165379e-04
 1.27646199e-04 9.80790332e-03 1.53926257e-02 7.45868823e-03
 1.79789867e-03 2.39604115e-02 5.44566428e-03 1.44615136e-02
 5.98572671e-01 1.76361552e-03 1.08749886e+01 5.81896456e-04
 1.34988483e-02 1.17100705e-03 1.69622898e-02 5.91621781e-03],0.34394187,[1.34539828e-02 5.85864782e-01 2.92889983e-03 1.22015262e-02
 7.83781409e-02 7.15339137e-03 1.74604971e-02 2.83715315e-03
 4.38370602e-03 3.66245257e-03 2.48984601e-02 2.03437116e-02
 1.18786201e-01 6.79159909e-02 3.19821062e-03 8.60454887e-03
 8.72189924e-03 9.02355940e-04 3.71884704e-02 1.89771503e-03
 4.01568646e-03 4.18912712e-03 1.23261036e-02 2.41163303e-04
 1.27151776e-02 2.99344363e-04 2.01056197e-01 6.68587582e-03
 8.57940968e-03 1.68795837e-03 1.41347237e-02 5.87460212e-03
 1.23225618e-03 6.30442938e-03 5.48567064e-03 2.29213443e-02
 2.94567551e-03 7.71032088e-03 7.00578499e+00 1.01865521e-02
 6.89353852e-04 4.30204719e-03 5.98569168e-03 5.11517860e-02
 7.02049211e-03 2.06405949e-02 6.76769996e-03 7.46670902e-01
 3.75485839e-03 9.54780355e-03 3.34775564e-03 8.36041644e-02
 1.30767431e-02 2.17679031e-02 8.86643771e-04 3.88064072e-04
 5.49990823e-03 8.82116482e-02 8.11681384e-05 1.71258803e-02
 5.49775641e-03 8.37863982e-02 5.14017418e-03 1.63743384e-02
 1.09106014e-02 1.95971271e-03 4.02019359e-04 1.51135516e-03
 1.34376017e-03 7.46625848e-03 2.13765446e-03 1.00737205e-02
 5.68726240e-03 4.37738374e-02 4.05381434e-03 6.66496623e-03
 1.68866757e-03 1.08795473e-03 2.68519041e-03 1.05614737e-02
 3.00978243e-01 9.58238821e-03 7.07774656e-03 2.04142723e-02
 1.06323278e-02 2.30155659e+00 2.43400829e-03 9.16629191e-03
 9.92182642e-04 7.43772447e-01 9.76029575e-01 3.50858532e-02
 2.19897833e-03 1.85959078e-02 1.04801171e-02 2.61663701e-02
 5.76666370e-02 1.49381552e-02 4.14947572e-04 3.10998363e-03
 7.62461219e-03 6.85745524e-03 3.73418396e-03 1.18761053e-02
 9.48272459e-03 2.42801420e-02 4.52586915e-03 5.14972489e-03
 1.01284357e-03 3.87420543e-02 8.16958491e-04 2.01539063e+00
 1.79521926e-02 4.65883058e-04 4.26637521e-03 2.80349143e-03
 4.62932885e-03 1.31622683e-02 1.01548620e-04 2.23030373e-02
 4.16292669e-03 4.44609113e-03 8.58433777e-05 3.42746382e-03
 6.96861232e-03 3.20197828e-02 1.20688160e-03 5.72182937e-03
 6.47247303e-03 1.54180154e-02 1.30116520e-03 6.34371443e-03
 5.64652169e-03 1.34326629e-02 9.47371721e-02 3.88916372e-03
 2.59079957e+00 8.63981550e-04 2.81590633e-02 1.16304145e-05
 1.14775542e-03 2.47256830e-02 4.68786852e-03 6.59071747e-03
 4.16911729e-02 2.46116146e-01 2.54289433e-03 1.91306754e-04
 1.48189031e-02 2.31977226e-03 3.83326109e-03 3.90144554e-03
 3.61535139e-02 6.49053836e-05 2.66362308e-03 9.22678038e-03
 1.53907062e-03 3.36611876e-03 1.76198501e-03 3.51130555e-04
 1.81082487e-01 3.96339642e-03 7.91888125e-03 4.86488687e-04
 6.08518079e-04 2.10877112e-03 1.86104193e-01 2.93983333e-02
 1.06291636e-03 1.42852440e-02 7.91187631e-05 8.32825154e-03
 2.32139346e-03 2.14846851e-03 4.78179194e-03 4.54072468e-03
 1.38688451e-02 1.06027834e-02 2.32202327e-03 3.73493810e-03
 1.84758138e-02 1.35455187e-03 9.51337535e-03 3.56353866e-03
 1.08186128e-02 1.44188455e-03 1.09347831e-02 3.27958516e-03
 5.17633092e-03 3.21125612e-02 1.16908168e-02 2.53255386e-02
 9.44141299e-03 9.08106752e-03 3.60527933e-02 4.13630943e+01
 7.37551320e-03 9.35490429e-03 2.26936545e-02 1.18728983e-03
 1.51987048e-03 5.50617017e-02 6.87438250e-03 1.49799092e-03
 3.88593134e-03 2.65515652e-02 2.02329513e-02 9.41871293e-03
 1.79399946e-03 3.87091236e-03 1.94593854e-02 3.35602439e-03
 3.88157112e-03 3.28447931e-02 2.78166793e-02 1.01664113e-02
 4.31313142e-02 8.50267243e-03 1.31002022e-03 6.51243562e-03
 2.98382074e-04 8.42808094e-03 2.28682026e-01 4.99447882e-01
 1.36729311e-02 5.35539165e-03 1.29626156e-03 5.68239838e-02
 2.26787236e-02 2.38675103e-02 8.62633623e-03 8.80884286e-03
 1.35461683e-03 4.99000028e-03 1.65019222e-02 6.78364746e-03
 1.43822865e-03 5.93942497e-03 3.72029133e-02 1.99552029e-02
 2.28025019e-05 9.79611091e-03 1.12005193e-02 1.04253031e-02
 2.86059594e-03 9.76547506e-03 4.69809957e-03 1.62768047e-02
 4.30558205e-01 2.95255543e-03 2.54403710e-01 3.58053716e-04
 1.08042415e-02 1.53373601e-03 1.23426411e-02 1.81769952e-02],-97.10459,-104.86992,-248.55934,1.066984,2.5229821,1.0088365,0.92948514,5.366884,-3.9982839,33.28864,153.32835,5.836408,0.48481146,0.6158359,-142.64383,142.64383,[5.73626272e-02 4.28581772e+01 6.57358246e+01 4.53535169e-01
 1.48793518e+02 5.56052979e+02 1.16407290e+01 1.26845951e+01
 3.62643585e+01 2.37269096e+01 3.31896667e+01 5.37421692e+02
 4.74472952e+00 7.70340347e+00 9.38999329e+01 4.31842575e+01
 2.69218998e+01 5.10676613e+01 8.58053131e+01 5.32642250e+01
 6.48884705e+02 3.40279236e+01 2.49752274e+01 3.22543411e+01
 7.84870605e+02 3.72820093e+03 1.36011414e+03 8.30000916e+01
 7.11262360e+01 1.00267609e+02 2.71266899e+01 9.72006683e+01
 8.07189636e+01 2.45413086e+02 1.09303150e+01 4.40480919e+01
 2.96998633e+03 3.70668335e+01 2.18049502e+00 1.80706711e+02
 2.06246628e+02 2.66181885e+02 3.98522003e+02 1.30740013e+01
 1.20698051e+01 1.00781000e+03 4.31333542e+01 1.46717033e+01
 4.19798803e+00 1.11398169e+03 1.73728149e+02 6.41663696e+02
 4.51083679e+01 3.45979065e+02 9.37498474e+00 1.83426456e+01
 6.92262173e+00 4.50073547e+01 4.97820663e+01 2.23714023e+04
 1.88060684e+01 1.16118555e+04 3.50816089e+03 3.08904541e+02
 2.58222752e+01 7.88007629e+02 6.54576416e+01 9.16192169e+01
 9.28649063e+01 3.75049782e+00 2.94905472e+01 1.44620288e+03
 2.13619904e+02 1.31283234e+02 4.88456348e+03 8.82330469e+03
 2.31259460e+01 9.57639771e+01 1.73632812e+01 3.25536156e+01
 2.33842896e+03 8.96395187e+01 2.21877003e+00 1.35355118e+02
 7.63654236e+02 4.30124130e+01 7.95183838e+02 3.35304794e+01
 3.20325584e+01 2.02318935e+01 1.74050323e+02 7.10940308e+02
 5.75923777e+00 1.23958630e+03 4.16984484e-02 1.90105743e+02
 7.46462250e+01 2.36985550e+01 8.83633041e+01 3.34320465e+02
 5.65200508e-01 6.42279968e+01 3.29080772e+01 1.74947758e+01
 2.21042891e+04 8.32704735e+00 2.17766553e+03 5.09387131e+01
 2.06915359e+01 1.17329010e+02 2.00374180e+04 3.49036255e+01
 2.63182182e+01 6.91116409e+01 4.76803925e+02 3.58757385e+02
 4.97719269e+01 1.19737368e+01 3.97458954e+02 4.33455696e+01
 3.54366608e+01 9.10451904e+02 1.16979401e+02 7.58934814e+02
 4.08723259e+01 1.75263405e+00 2.30775562e+03 2.32150854e+03
 8.31822777e+00 5.90852966e+02 6.42147217e+01 7.61311157e+02
 3.42535019e+01 7.68352509e-01 8.40159988e+00 2.45110229e+02
 4.49964142e+01 9.19579327e-01 8.81781387e+01 1.55258617e+01
 2.73279816e+02 4.14100838e+01 2.61188469e+01 5.86071094e+03
 1.88009766e+02 1.48791227e+01 1.58192968e+01 1.25753040e+01
 3.94357202e+03 3.83197823e+01 5.83066654e+00 3.32048309e+02
 2.84994110e+02 7.92775345e+01 9.84882050e+01 1.48230076e+01
 1.13394272e+02 2.35264282e+02 3.71000061e+02 4.98866119e+01
 2.44408965e+00 2.05248394e+01 7.09269562e+01 3.04315369e+02
 2.19638633e+04 3.47490907e-01 2.46781006e+02 5.53227051e+02
 5.53534355e+01 3.72335339e+00 2.97247829e+01 8.80419388e+01
 3.65420491e-01 1.56890979e+03 3.17423706e+01 5.60076118e-01
 1.03593111e+01 5.62189150e+00 4.64222908e+01 2.46395004e+02
 1.55483765e+02 1.13906708e+01 5.62384148e+01 4.48794136e+01
 3.94614220e+01 2.07891703e+00 4.95281143e+01 8.62680359e+01
 3.90710938e+02 5.63974237e+00 8.64182281e+00 4.66615230e-01
 4.69909088e+02 5.68675659e+02 1.07934036e+02 1.86780109e+01
 3.40628204e+01 1.97261581e+01 6.54017868e+01 5.21315346e+01
 2.96453896e+01 9.40930786e+01 6.50377197e+01 2.28433685e+01
 2.20895947e+03 1.17978516e+02 6.95906067e+01 6.82770081e+01
 4.28036011e+02 2.19130591e-01 4.05818787e+02 1.42735176e+01
 8.50744019e+02 1.76296478e+02 6.34574036e+02 2.92929554e+01
 3.22626114e+01 1.61881302e+02 3.00892487e+01 7.47035885e+00
 5.41557732e+01 1.85124985e+02 2.87058430e+01 1.03126478e+01
 1.55560236e+01 2.66908539e+02 4.99980240e+01 1.69803528e+02
 3.17363987e+01 6.03268213e+03 1.55651131e+01 5.43585052e+01
 4.10487946e+02 7.50428238e+01 7.71148224e+01 5.56885529e+01
 3.30224548e+02 5.72082367e+01 7.50762793e+03 8.88829346e+02
 1.78194702e+02 4.79070485e-01 1.03503510e+02 2.48471161e+02
 1.09564905e+01 1.28434658e-01 1.42218971e+01 2.39700737e+01
 6.34356567e+02 1.09592752e+01 7.96296692e+02 2.36378632e+02
 4.51852303e+01 1.68371983e+01 8.45582809e+01 3.54131546e+01],1006.98346,[6.21063169e-03 4.14967060e+00 1.22411362e+02 8.31514299e-01
 8.46566925e+01 8.69369080e+02 2.75404930e+00 3.38482094e+00
 8.57882595e+00 9.22662430e+01 4.41028625e+02 5.05149261e+02
 3.79315168e-01 4.41688251e+00 8.59414978e+01 8.39278030e+00
 1.59967375e+01 3.04985409e+01 9.67939301e+01 2.53158398e+01
 5.37158569e+02 3.31697197e+01 2.43392801e+00 1.40054691e+00
 3.75754404e+00 1.59278259e+02 6.52878723e+02 3.27638779e+01
 1.97290535e+01 3.24846230e+01 1.51511507e+01 4.82951851e+01
 2.68182778e+00 1.25693115e+03 1.60546327e+00 1.51417284e+01
 1.07170677e+01 5.98615980e+00 9.18463707e-01 1.85592392e+02
 2.76618225e+02 2.96658731e+00 2.23394165e+02 1.20368791e+00
 1.68091431e+01 1.03338489e+03 1.59076300e+01 7.97786617e+00
 3.85145998e+00 4.78968201e+01 4.64932489e+00 6.97117126e+02
 5.58764076e+00 4.17478561e+01 7.23957777e+00 5.19291565e+02
 4.82419617e-02 3.80489993e+00 1.18659077e+01 2.08926504e+04
 9.03370953e+00 1.65647327e+03 6.32743555e+03 2.44987646e+03
 4.83704224e+01 8.37328186e+02 4.11175194e+01 2.46820045e+00
 5.21084412e+02 3.40951355e+02 4.01540565e+01 2.47953516e+03
 2.60367157e+02 3.74246063e+01 1.28495977e+04 1.69990173e+02
 9.27647705e+01 5.46977081e+01 2.41521645e+00 1.22754583e+01
 3.50137354e+03 1.24922972e+01 3.34578931e-01 3.12237682e+01
 7.75509521e+02 1.40195408e+01 5.71805054e+02 1.83341351e+01
 1.74660931e+01 9.20138264e+00 5.07086395e+02 2.02172314e+03
 3.26300883e+00 4.15532666e+03 1.32063031e-01 2.79437482e-01
 2.68613625e+01 1.19609690e+01 2.32190304e+01 1.01648605e+02
 1.62221203e+01 2.17519512e+01 2.99578609e+01 2.08716440e+00
 3.12671738e+04 3.03303051e+00 1.87855164e+03 9.76379967e+00
 3.65753031e+00 2.11629219e+01 3.64150146e+03 1.12826490e+01
 6.33392477e+00 7.93940811e+01 6.30911987e+02 1.53718281e+01
 1.26842125e+02 2.73931003e+00 1.11529144e+02 1.06560583e+01
 7.76478243e+00 5.21614258e+02 1.84033600e+02 2.75061462e+02
 7.98573875e+00 1.35146646e+01 3.97825781e+03 1.30192715e+04
 5.13859444e+01 5.42947510e+02 2.12759514e+01 6.76095764e+02
 6.96924114e+00 5.00652075e-01 3.46793442e+01 5.44652214e+01
 2.29618645e+01 1.63404846e+01 4.18959427e+01 6.13498306e+01
 2.72347839e+02 2.44291801e+01 2.35549469e+01 1.11394268e+04
 2.84361847e+02 1.20722837e+01 2.85458708e+00 4.50200272e+00
 1.46196423e+03 2.57720032e+01 4.92891222e-01 3.82961798e+00
 1.22348038e+02 9.65157604e+00 2.01612434e+01 4.15913439e+00
 2.10639191e+01 2.85117874e+01 4.12547821e+02 1.45138283e+01
 1.40085724e+02 8.84816456e+00 1.46822965e+00 2.35658157e+02
 7.27035370e+01 4.19105142e-01 1.51087195e+03 1.00578741e+03
 1.10656042e+03 7.23875332e+00 2.12846737e+01 2.32371796e+02
 3.80022764e-01 1.60389206e+02 8.31824684e+00 4.23947954e+00
 1.14612141e+01 2.47493172e+01 7.36382437e+00 1.44778946e+02
 1.30198273e+02 2.32219200e+01 5.90650826e+01 8.48830032e+00
 3.26375580e+01 4.41084366e+01 2.36669216e+01 2.44543591e+01
 6.65133728e+02 2.54859596e-01 4.94004393e+00 3.12367350e-01
 1.24054065e+03 6.47846497e+02 2.44587593e+01 1.86046238e+01
 2.11215734e+00 7.97736359e+00 9.21601677e+00 3.53675041e+01
 1.00954018e+01 3.16159821e+01 3.19460125e+01 4.80368710e+00
 4.60807556e+02 9.97497253e+01 3.38622055e+01 2.82263432e+01
 8.38759155e+02 4.62925434e+00 6.81826599e+02 6.40506821e+01
 3.39109955e+01 8.88084106e+01 6.24002625e+02 7.83799057e+01
 2.74424028e+00 2.51784851e+02 1.37824402e+01 1.28656473e+01
 7.76010895e+00 2.47717010e+02 3.72364187e+00 3.72475529e+00
 2.61716156e+01 1.11911934e+02 1.30470619e+01 1.80283789e+03
 2.62714815e+00 7.33909961e+03 2.03072326e-03 1.28192654e+01
 5.96077026e+02 1.50736809e+01 3.20985222e+01 1.04180403e+01
 1.17640454e+03 2.36249304e+00 2.35458472e+03 5.77124878e+02
 2.44935532e+01 2.73032150e+01 7.09547806e+00 1.15467117e+02
 1.29372225e+01 2.26923168e-01 8.00011158e+00 1.75646400e+01
 5.14815430e+02 3.61229935e+01 5.68251709e+02 1.35873886e+02
 1.43591022e+01 2.97917056e+00 1.42012825e+01 1.91197133e+00],-102.611374,-152.66728,-325.6032,2.7757013,41.408875,0.8081971,0.9529537,0.017908428440093993,12919.367664813995,0.5,0.5,-0.1083515339425689,0.0012644171420342616,-0.10826035720260906,0.001687506250906627,-0.5994625886805375,37.59999999999999,0.0,774750.0,-1.0,-953.0,750.0,10.860278844833374,775000
102.38801,0.031916138,0.046458755,0.000771281,-101.8915,101.8915,[1.27686653e-05 2.60352250e-03 3.18041211e-03 5.60296886e-03
 1.08343665e-04 2.23543383e-02 1.45519618e-03 1.71332136e-01
 1.97029710e-02 1.97607186e-03 5.25737740e-03 3.19111645e-02
 8.26219155e-04 1.21540586e-02 2.41535576e-03 4.54157451e-03
 2.78356974e-03 3.44223452e+00 4.62530181e-03 2.68438621e-03
 3.31064593e-03 5.39282896e-03 1.19197788e-03 1.92784481e-02
 3.89996974e-04 1.50128938e-02 1.73400389e-03 2.70145416e+00
 6.67201029e-03 2.33424716e-02 2.48463498e-03 2.81703915e-03
 8.56566057e-03 7.57612428e-03 5.85856056e-03 6.37923431e+00
 7.53427576e-03 1.19196046e-02 1.13584902e-02 8.80465202e-04
 2.59907753e-03 1.84070785e-03 6.72381662e-04 2.77454872e-03
 6.61151018e-03 2.90525164e-02 1.83493853e-01 5.34300366e-03
 3.83331557e-03 3.80811375e-03 1.59145868e-03 6.34010183e-03
 1.48534589e-03 6.65844418e-03 1.53587312e-02 1.24139432e-03
 1.18045509e-03 1.39484252e-03 3.88884768e-02 5.57550881e-03
 1.40878092e-02 5.10249007e-03 7.14749750e-03 6.51205704e-03
 1.75804749e-01 6.56337440e-02 5.39096072e-03 1.66049656e-02
 1.24600679e-02 2.40153447e-03 6.20805798e-03 1.08620534e-02
 1.11728953e-02 6.00362197e-03 1.86128600e-04 1.16971934e+00
 4.56671324e-03 1.16993673e-02 1.43669453e-02 3.51837091e-02
 5.65091800e-03 4.72048763e-03 8.26870557e-03 7.71565421e-04
 1.73873268e-02 6.56340411e-03 1.45340590e-02 8.98139784e-04
 8.82629596e-04 6.66352082e-03 1.06743440e-01 1.97956339e-03
 9.19881046e-01 5.40338680e-02 4.94107325e-03 3.64926532e-02
 2.05573067e-03 1.40851480e-05 4.86520957e-03 2.47988701e-02
 1.78652126e-02 2.12105334e-01 6.19367044e-03 2.33391626e-03
 4.77027195e-03 1.30892411e-01 1.79329840e-03 2.45616245e+00
 8.28108564e-03 3.12978332e-03 1.03260539e-02 1.04821217e+00
 4.34552319e-03 9.61494744e-01 6.14770614e-02 5.30673517e-03
 3.72814806e-03 1.12111052e-03 4.61331289e-03 3.57599044e-03
 1.28357168e-02 2.52045062e-03 3.06811910e-02 9.67819393e-01
 2.82427669e-03 1.19271269e-03 5.25129633e-03 2.44719279e-03
 9.33921803e-03 1.63570140e-02 3.59955302e-04 1.07105414e-04
 8.71320255e-04 4.48949933e-02 1.94565430e-02 7.54056149e-04
 4.08877525e-03 1.14826323e-03 7.03756185e-03 5.96883222e-02
 8.64014146e-05 8.79750878e-04 1.73779055e-02 8.82502347e-02
 7.33585283e-03 8.87159072e-03 2.42652185e-03 1.08755403e-03
 1.42931547e-02 1.41718332e-03 1.97320315e-03 8.53800797e-04
 2.11191643e-03 1.65179446e-02 8.07483587e-03 5.05852792e-03
 3.05144209e-03 3.17695783e-03 3.23990732e-03 1.05925603e-02
 4.31792345e-03 8.54534376e-03 2.67502647e-02 6.05767127e-03
 6.77683856e-03 9.88936245e-01 2.02740077e-02 8.80873948e-03
 1.42700900e-03 6.67435874e-04 3.28747742e-02 3.22058541e-03
 7.78839365e-03 2.09494948e-01 1.86169911e-02 3.63698369e-03
 2.87111290e-02 9.51558724e-03 6.29324187e-03 3.64240562e-03
 2.36695819e-03 4.62456979e-02 1.51365530e-03 2.84445588e-04
 1.42951601e-03 3.29131773e-03 3.89692700e-03 5.27835451e-03
 7.44774996e-04 2.02211067e-01 7.34290946e-03 3.79545279e-02
 3.60443704e-02 1.46746892e-03 8.27373657e-03 3.89462383e-03
 7.71833071e-03 4.81524598e-03 1.68488808e-02 1.42395985e-03
 4.49967310e-02 1.70293683e-03 2.87413560e-02 3.19298194e-03
 6.59746118e-03 9.94983595e-04 3.06989133e-01 3.05011193e-03
 3.05563249e-02 6.82228990e-03 9.44914762e-03 3.05495746e-02
 7.79193477e-04 2.45109259e-04 2.70625786e-03 2.51742266e-03
 1.17235752e-02 5.14871255e-03 5.88125456e-03 3.75265551e+00
 5.27361687e-03 8.32014680e-02 1.21081073e-03 1.97707769e-02
 1.27155697e+00 2.48328988e-02 6.98582456e-03 1.38826680e-03
 1.77129218e-03 1.88403606e-01 3.84411891e-03 5.97004825e-03
 3.37274047e-03 4.20149192e-02 1.05590327e-02 5.02433628e-03
 2.89695617e-02 1.02197984e-03 1.21266516e-02 5.03941264e-04
 9.18744598e-04 3.90834454e-03 8.40460474e-04 6.30551530e-03
 1.62077881e-03 5.59010683e-03 9.44138840e-02 5.83607610e-03
 2.49460433e-02 2.72601447e-03 1.28209242e-03 6.68838769e-02
 2.27175187e-03 6.01832289e-05 2.56508589e-02 2.78793536e-02],0.13100627,[5.03485848e-04 3.32432007e-03 3.14898719e-03 1.12631544e-02
 3.48450907e-04 4.28066999e-02 1.58889266e-03 1.05427906e-01
 2.51829848e-02 2.59641209e-04 8.12632032e-03 2.80063264e-02
 6.10696478e-03 8.17664620e-03 4.35492583e-03 9.99047514e-03
 1.15507434e-03 1.51804939e-01 1.51045751e-02 3.14055476e-03
 2.03231908e-03 2.75687291e-03 7.98259454e-04 2.25080010e-02
 4.66535147e-03 1.80267170e-02 3.46017908e-03 2.52479285e-01
 7.94640183e-03 2.42009480e-02 2.50461814e-03 4.39335220e-03
 2.21462920e-03 5.88113442e-03 6.14075782e-03 2.02052116e+00
 1.19488435e-02 1.02240024e-02 2.20711855e-03 7.74972665e-04
 2.96659861e-03 1.18868798e-03 2.57988786e-03 4.81777173e-03
 3.12552322e-03 5.08750752e-02 3.49419475e-01 3.64740985e-03
 2.10246351e-03 1.22768991e-02 6.90378807e-03 4.01555467e-03
 8.13836791e-03 9.14057530e-03 1.88368503e-02 5.93914185e-03
 1.46771036e-03 1.04418490e-03 6.71964437e-02 3.42697976e-03
 8.38580914e-03 7.18320627e-03 6.57251244e-03 2.49890261e-03
 3.02911222e-01 7.77960569e-02 4.29656496e-03 1.74697931e-03
 1.38550531e-02 6.11016434e-03 2.41432642e-03 3.20474524e-03
 7.44699920e-03 5.78339724e-03 4.05421539e-04 1.84188396e-01
 1.76725746e-03 1.44858845e-02 5.77606168e-03 1.61468759e-02
 4.69859783e-03 2.07618019e-03 6.79966342e-03 1.61627447e-03
 1.88266411e-02 4.87956963e-03 2.66384566e-03 3.60796286e-04
 2.57911556e-03 5.89550473e-06 5.10267466e-02 3.86200729e-03
 8.90918970e-01 4.43077683e-02 5.65805472e-03 2.80050375e-02
 4.06780886e-03 8.88606347e-03 2.47672666e-03 2.43043862e-02
 6.71581598e-03 2.42549434e-01 5.67368744e-03 4.24639182e-03
 5.19941188e-03 6.42526746e-02 1.13768992e-03 9.34658796e-02
 7.05482066e-03 5.22313546e-03 3.75049375e-03 3.65393549e-01
 2.29983702e-02 7.98124671e-01 1.02650682e-02 3.29505675e-03
 4.45983000e-03 2.32224679e-03 2.83494010e-03 8.38263240e-03
 2.58583529e-03 1.50284427e-03 3.51207927e-02 2.58594245e-01
 1.67924934e-03 5.28654084e-03 7.24971807e-03 1.41044438e-04
 6.33765897e-03 1.53148528e-02 6.69986615e-03 1.93899323e-04
 4.59259003e-03 2.69093364e-02 5.42900350e-04 8.65334005e-04
 1.46228925e-03 2.77190050e-03 7.18627498e-03 2.90591232e-02
 1.72771979e-04 1.14473817e-03 6.28549512e-03 1.98582202e-01
 2.29749014e-03 1.16216931e-02 3.76185868e-03 1.13412971e-03
 1.89317297e-03 7.93954823e-03 3.01365182e-03 4.73606924e-04
 5.98076452e-03 5.03677092e-02 7.98724685e-03 1.60026969e-03
 1.50469346e-02 8.62475857e-03 4.32902761e-03 8.20267852e-03
 3.60982749e-03 1.99604966e-03 2.56291535e-02 1.36902733e-02
 4.06131940e-03 6.19326293e-01 2.11656280e-02 1.10743623e-02
 3.64095438e-03 6.54211792e-04 4.56079990e-02 2.28326209e-03
 4.47923597e-03 2.16104522e-01 5.23448596e-03 5.67872496e-03
 6.12433441e-03 9.70077049e-03 6.57549407e-03 3.25236120e-03
 2.81387684e-03 3.77646387e-02 2.25107605e-03 1.16718234e-03
 1.88216078e-03 8.39432993e-04 6.82211947e-03 5.74372103e-03
 5.73818397e-04 9.57983360e-02 7.67148379e-03 4.70814481e-02
 4.89590839e-02 1.15954713e-03 2.66995616e-02 5.58857166e-04
 9.63029452e-04 7.18039600e-03 2.03034766e-02 5.83595887e-04
 1.02598377e-01 2.23392854e-03 2.29174905e-02 4.57916316e-03
 1.05219497e-03 1.56287709e-03 2.17592090e-01 8.83687101e-03
 4.01148666e-03 3.39944428e-03 1.12086935e-02 4.36894558e-02
 1.00464432e-03 1.80351324e-02 5.60969347e-04 1.54429376e-02
 5.71840536e-03 1.12429459e-03 5.94167411e-03 5.76970387e+00
 7.82602746e-03 1.04613967e-01 3.56433657e-03 9.11339652e-03
 6.86899945e-02 8.00599251e-03 6.22910541e-03 2.88957637e-03
 2.36159563e-03 4.41465616e+00 4.90629952e-03 3.94356810e-03
 1.21997474e-02 1.98677368e-02 1.22203557e-02 4.53783572e-03
 1.32265389e-02 1.51096610e-03 7.19130738e-03 3.66706122e-03
 2.56811827e-03 5.59185399e-03 4.17453516e-03 2.44514411e-03
 2.74935784e-03 1.92655474e-02 3.08057904e-01 4.64167260e-03
 2.97171250e-02 6.10668794e-05 2.02631485e-03 1.09139103e-02
 1.38699100e-03 2.53022939e-04 4.08016285e-03 1.70858521e-02],-97.611046,-105.61177,-263.68054,1.0644037,2.873291,1.0076916,0.92937255,2.401747,-2.5803075,29.250927,155.50363,5.8866496,0.47919217,0.55514693,-144.82506,144.82506,[8.48823547e+00 5.73395615e+01 2.29964798e+02 1.94717804e+02
 2.85901129e-01 4.07558346e+00 5.64259521e+02 3.76910278e+02
 6.51936188e+01 7.70780273e+02 5.15521765e+00 2.97145176e+00
 1.02712852e+04 1.31956329e+02 3.52965775e+01 1.22500687e+01
 8.23573608e+02 3.79981461e+01 3.73961067e+00 1.01302254e+02
 8.17804413e+01 2.01987877e+01 2.38046005e+02 7.40848083e+02
 2.11986908e+02 1.29001318e+03 1.16875885e+02 3.50271910e-01
 3.72537537e+01 1.79984455e+01 1.22660446e+01 4.12423682e+03
 2.82873039e+01 2.12190132e+01 1.22866928e+02 1.38959549e+02
 2.61622864e+02 3.03922729e+01 1.52941467e+03 1.73120975e+01
 4.73839455e+01 1.07208958e+01 1.31015274e+02 4.82996559e+00
 1.99584961e+01 1.30917969e+02 1.95457160e+00 5.55917480e+03
 3.53983081e+03 7.99030685e+01 6.10343323e+02 5.18044329e+00
 1.85430710e+02 3.85533714e+01 3.35626740e+02 1.05729218e+02
 5.43597679e+01 1.21120701e+01 6.86814423e+01 2.50680298e+02
 1.97830353e+02 1.17571960e+02 1.19366486e+02 1.52508633e+04
 4.65986919e+00 7.37934723e+01 2.84924731e+03 4.03707466e+01
 2.26908398e+01 6.43880320e+00 4.31351662e+01 2.83220100e+00
 1.15759729e+03 1.76094341e+01 1.02219162e+02 1.58378963e+01
 2.32956142e+01 1.17053230e+02 5.96457715e+03 2.06755390e+01
 8.55765839e+01 4.05488953e+02 2.78275635e+02 2.18316680e+04
 4.70362793e+02 1.85242958e+01 6.05396414e+00 1.91178757e+02
 1.26998865e+03 1.02854279e+02 4.82748489e+01 3.51348495e+01
 8.95124054e+00 2.12555771e+01 7.07527344e+02 3.27889557e+01
 2.24891724e+02 1.58194165e+03 2.46452446e+01 1.63428604e+02
 2.44434619e+00 1.09958061e+02 5.85647559e+03 2.46597871e-01
 1.92956436e+02 2.89493504e+01 4.85119896e+01 4.32080765e+01
 6.94028473e+00 4.81075745e+01 2.04893684e+01 4.36732407e+01
 3.06302124e+02 3.31623474e+02 1.07573669e+02 6.90908527e+00
 3.86409569e+00 2.34372787e+02 1.42777452e+01 5.28630737e+02
 8.58835449e+01 5.74880859e+03 1.95094337e+01 5.41547318e+01
 1.28313457e+04 5.62985420e+00 1.10691652e+01 3.65012109e+03
 2.18233711e+04 3.46549146e+03 2.70709962e-01 1.14656299e+03
 7.84516357e+02 3.99205200e+03 3.04170512e-02 1.42610687e+02
 2.92486450e+02 1.08290413e+02 1.06117630e+01 2.73049374e+01
 4.97589783e+02 6.42314758e+01 1.79432678e+03 2.44762054e+02
 1.53338423e+01 7.49342218e-02 3.77784920e+00 2.30663891e+01
 3.78176613e+01 1.62373398e+02 8.60760880e+00 2.01727104e+01
 2.20724375e+04 6.90824805e+03 1.28885422e+02 9.88757324e+00
 7.96952286e+01 2.41046906e+01 3.69882837e+03 1.31058750e+01
 3.20137329e+02 7.45803406e+02 5.01761093e+01 2.45265541e+01
 2.90061523e+02 7.46750879e+00 1.77233032e+02 9.52620468e+01
 2.12556038e+01 6.04953880e+01 1.14223154e+04 2.04266641e+04
 1.28077295e+03 3.71577441e+03 3.52056847e+01 5.26180229e+01
 7.51617050e+00 3.73663521e+01 4.75828552e+01 6.48924789e+01
 5.17614441e+01 1.31319342e+01 1.66951966e+00 7.43612528e+00
 3.16978035e+01 2.52264868e+03 3.73877068e+01 7.74485931e+01
 1.16003258e+02 1.37628841e+00 8.18193115e+02 4.10818958e+00
 8.51433029e+01 1.66828167e+00 2.18160801e+01 1.87035580e+01
 3.35731995e+02 2.01781784e+02 2.22864551e+03 1.05080139e+03
 1.80481472e+01 4.94735565e+01 5.96548080e+00 2.81592178e+00
 1.08586664e+01 2.26899341e+03 9.67780209e+00 1.34706366e+00
 1.76213646e+01 8.12451744e+00 2.42574731e+03 1.00806046e+02
 3.17347687e+02 3.12551746e+01 5.40362968e+01 1.60979767e+01
 7.49359665e+01 4.88775101e+01 6.22102539e+02 6.85803375e+01
 2.02802410e+01 1.64123001e+01 7.73476183e-01 9.73799744e+01
 2.11024765e+02 2.91030312e+01 3.16662846e+01 1.87786774e+02
 2.23821564e+01 7.96551636e+02 8.32780701e+02 4.86218214e+00
 2.51097889e+01 4.34250586e+03 1.78017750e+01 1.24325119e+02
 2.48540527e+03 2.42833424e+00 1.07645302e+02 3.37455482e+01
 1.26925731e+00 1.42916901e+02 1.88186523e+02 2.15325890e+01
 1.18587370e+01 9.45494202e+02 1.64049089e-01 1.02389191e+03
 3.82364655e+01 1.43514267e+02 5.75177197e+03 3.96098747e+01
 2.04292145e+01 7.58438538e+02 3.53310198e-01 3.59663849e+02],1198.2981,[2.01521897e+00 1.21860209e+01 5.61095314e+01 8.57630432e+02
 3.54472905e-01 8.52266252e-01 2.03837616e+02 1.04303076e+03
 6.64015121e+01 7.16561279e+02 2.79241538e+00 3.25920153e+00
 7.89098877e+02 7.22716599e+01 4.29967117e+00 6.38555574e+00
 1.76715298e+01 6.29833698e+00 5.46273270e+01 2.64076538e+02
 3.75873108e+01 5.71379519e+00 1.51647754e+03 9.67241516e+02
 4.52931854e+02 2.33422012e+01 1.10404358e+02 4.62008655e-01
 1.49713318e+02 3.59295750e+00 7.31602383e+00 3.51331836e+03
 1.71844826e+01 3.29945707e+00 2.47857780e+01 4.11192291e+02
 4.21838379e+03 8.22528839e+00 1.22825330e+03 8.61693726e+01
 1.63542480e+01 1.59301701e+01 1.39409119e+02 1.08331709e+01
 2.68316460e+00 5.38039878e-02 3.77832747e+00 2.17134448e+03
 9.08524121e+03 9.91924381e+00 9.46138489e+02 1.19159806e+00
 1.17666664e+02 1.47539597e+01 1.68126587e+03 1.67275391e+02
 6.95466232e+00 1.09029608e+01 3.10846481e+01 9.33603227e-01
 6.28078857e+02 7.96883535e+00 1.64778388e+00 1.01632538e+02
 3.78703270e+01 4.80019836e+01 6.18570801e+02 7.27361603e+01
 4.25682343e+02 1.14269376e+00 3.64817810e+01 1.94549012e+00
 1.15026465e+03 4.78962326e+00 2.60668039e+00 6.30117378e+01
 1.09451797e+02 1.13637802e+02 2.63358057e+03 3.93762898e+00
 7.00265408e+00 4.85445480e+01 1.35317907e+01 3.59163789e+04
 4.07635925e+02 1.99809017e+01 1.05833321e+01 2.02961426e+02
 3.60409448e+03 6.50159302e+01 4.24752502e+01 1.16969452e+01
 3.96622515e+00 6.61941528e+00 5.12411438e+02 2.33137846e+00
 1.18498267e+03 3.01172241e+02 3.41335464e+00 7.77518234e+01
 2.10152054e+00 5.99857368e+01 8.24676953e+03 3.37161452e-01
 5.53799486e+00 2.56872106e+00 2.49431488e+02 9.97779560e+00
 6.15451904e+02 1.00248003e+00 7.97585472e-02 5.22103500e+01
 3.07210999e+02 3.32069740e+01 4.57678452e+01 1.12629433e+01
 2.71738052e-01 1.68394821e+02 5.30266285e-01 3.54145508e+02
 9.83315735e+01 5.99832617e+03 7.13768721e+00 1.46491379e+02
 1.35321660e+04 9.14741084e-02 9.31300640e+00 3.56854419e+03
 6.76952344e+03 7.27799072e+02 5.53632307e+00 1.38388565e+02
 1.25442188e+03 2.43788550e+03 2.45173573e-02 2.74561367e+01
 3.54553040e+02 2.02964554e+01 1.73840797e+00 3.23609680e-01
 3.97126656e+01 4.91478968e+00 9.47812256e+02 2.31840851e+02
 3.17582011e+00 1.69822406e-02 2.52213058e+01 1.31583242e+01
 3.31498337e+00 6.72558212e+01 1.86590052e+00 1.62794323e+01
 3.31352600e+02 9.76561621e+03 1.12956631e+00 3.94707012e+00
 3.87727618e+00 4.61753786e-01 3.72323273e+02 1.03404415e+00
 1.55400330e+02 2.99603735e+03 2.52100983e+01 2.39467502e+00
 4.19424225e+02 4.64570904e+00 3.26934204e+01 7.43605423e+01
 2.71550155e+00 7.59872665e+01 4.41279736e+03 4.40646912e+02
 6.49191528e+02 4.21470020e+03 1.43772593e+01 1.37806253e+01
 3.72064662e+00 5.85286903e+00 5.60596180e+00 1.72307190e+02
 6.29799461e+00 1.27154312e+01 4.41003889e-02 1.33728485e+01
 5.29900055e+01 1.11189512e+04 1.30885124e+01 1.52401642e+02
 3.57189107e+00 1.15072004e-01 2.19617383e+03 1.31164484e+01
 3.52950500e+02 5.75045681e+00 9.20750999e+00 5.36298275e+00
 7.70541138e+02 4.89015656e+01 2.56504944e+02 5.79175842e+02
 7.56303596e+00 6.09529602e+02 9.21182919e+00 2.90827990e+00
 5.20366192e+00 2.98661652e+02 1.04700861e+01 3.49860907e+00
 5.23571873e+00 3.58292907e-02 2.09382007e+03 2.47409534e+01
 2.81549896e+02 3.25597458e+01 2.95365262e+00 1.41018081e+00
 3.05163231e+01 1.90217209e+01 3.59353699e+02 7.93460548e-01
 3.21776611e+02 1.58114834e+01 5.96926332e-01 1.03017708e+02
 9.71333771e+01 2.42952686e-02 1.36756191e+01 5.63320084e+01
 2.83829556e+01 8.59719238e+01 1.40952206e+01 1.43571997e+01
 2.05469856e+01 2.04213574e+03 1.08058758e+01 1.95943634e+02
 6.73614844e+03 1.63713288e+00 6.45192032e+01 4.22080803e+00
 2.24728346e+00 3.23608093e+01 6.56765930e+02 1.08577948e+01
 1.80586014e+01 2.85899372e+01 5.87617779e+00 1.45011243e+03
 2.37003479e+01 1.51317093e+02 3.07970898e+03 3.93776016e+01
 7.78437424e+01 3.62378174e+02 5.65786648e+00 3.15440643e+02],-102.2782,-153.9715,-328.7539,2.9541073,34.186752,0.9256901,0.9554604,0.016396848974227905,13329.288912773132,0.5,0.5,-0.1539044725370994,-0.0004904467745714833,-0.1539161046264663,-0.00012867045493909627,35.54407209073731,37.59999999999999,0.0,799500.0,-1.0,-763.0,750.0,15.535797119140625,800000
102.857895,0.041266367,0.03456087,0.0005742221,-102.47102,102.47102,[2.86416640e-03 8.05622339e-03 1.19513618e-02 3.57020763e-05
 1.54467560e-02 1.94199523e-03 2.17073001e-02 9.57733253e-04
 1.27810892e-02 1.32639753e-02 9.26753320e-03 3.11215990e-03
 3.90880518e-02 3.98709700e-02 6.85051735e-03 3.10358754e-03
 7.99918547e-03 6.97886944e-02 9.00430977e-03 4.52756584e-02
 1.76104773e-02 1.35481954e-02 6.62782714e-02 5.92730418e-02
 4.48207371e-03 1.58845540e-03 4.40805033e-03 3.59289944e-02
 1.24506792e-03 3.72344375e+00 6.31138420e+00 1.14968279e-05
 4.08112584e-03 7.85887428e-03 3.70815545e-02 2.97363591e-03
 1.10738883e-02 3.16873821e-03 1.28689557e-01 2.66047567e-02
 4.84827207e-03 1.39188170e-02 6.67577842e-05 4.17217752e-03
 4.24560010e-02 9.17729139e-01 5.53017807e+00 2.15104152e-03
 2.61655077e-03 3.16547812e-03 1.35329496e-02 2.47297506e-03
 4.92194928e-02 3.69772431e-03 5.33825310e-04 1.48829930e-02
 1.99707095e-02 2.40428257e-03 1.90802217e-02 9.10334229e-01
 3.28828720e-03 4.77292202e-03 1.31325573e-02 2.78855599e-02
 3.39547917e-02 1.19743511e-01 1.70786753e-02 4.17661807e-03
 8.27984791e-03 7.98314996e-03 4.44224151e-03 1.59934610e-02
 1.27304345e-02 2.51971418e-03 3.51550318e-02 8.01903343e+00
 5.72474208e-03 1.25757698e-02 1.73209012e-02 6.03022277e-01
 1.47324265e-03 1.14013534e-03 1.84947555e-03 1.24027543e-02
 6.05339780e-02 1.08093047e-03 1.53765589e-01 8.53450317e-03
 1.77387465e-02 2.40007229e-02 7.54629040e+00 3.04513931e-01
 9.75704938e-03 1.85831934e-02 6.31264746e-02 3.64687759e-03
 3.96741461e-03 2.11111289e-02 1.17899561e-02 1.62203629e-02
 2.09494866e-02 6.76707365e-03 4.69351001e-03 6.88190851e-03
 1.33928582e-02 7.46460538e-03 4.46045119e-03 4.36882814e-03
 1.33233657e-03 1.65131576e-02 4.88212390e-04 1.57934551e+01
 2.78842542e-03 5.88846765e-03 1.11261860e-03 2.68650074e-02
 3.21491156e-03 7.74459988e-02 1.25898905e-02 3.17102075e-02
 4.87376936e-03 5.33792749e-03 3.59611877e-04 1.50668225e-03
 1.20603051e-02 6.35256588e-01 9.64750350e-03 8.96294881e-03
 4.10502926e-02 3.78542803e-02 4.17962763e-03 5.15991263e-03
 6.90908283e-02 1.10426405e-02 1.86318271e-02 1.36377867e-02
 2.68686354e-01 3.29951979e-02 4.78468835e-01 3.16172489e-03
 4.35170643e-02 2.21991492e-03 3.30244303e-02 9.27483756e-03
 1.37614347e-02 1.11975335e-03 3.75859439e-03 3.76464128e-02
 1.11057479e-02 4.65079490e-03 2.72623007e-03 4.80519868e-02
 2.08645687e-03 8.57513398e-03 1.82440653e-02 4.26143669e-02
 3.25225890e-02 4.90414910e-02 6.84288563e-03 6.93893642e-04
 3.52210104e-02 2.38046348e-02 1.36514660e-02 1.05794205e-03
 7.45747238e-02 1.96147934e-02 9.86202853e-04 1.74688571e-03
 1.97627842e-02 3.41889868e-03 9.43990890e-03 5.81669249e-02
 1.97641947e-03 5.89338224e-03 1.47676487e-02 7.75954500e-03
 3.53084807e-03 4.02789786e-02 3.42601649e-02 1.84670202e-02
 1.29057989e-02 2.66564414e-02 1.57935601e-02 8.71748745e-01
 8.77352059e-03 2.21257471e-03 8.31040144e-02 1.91313326e-02
 3.70651134e-04 1.11842053e-02 2.10218737e-03 1.28735155e-02
 1.04430993e-03 9.73043125e-03 3.45179602e-03 5.13237081e-02
 9.62890277e-04 1.10355746e-02 4.66723321e-03 2.82712672e-02
 5.02187992e-03 7.93148298e-03 3.50003317e-02 1.67523809e-02
 4.85841073e-02 2.87772203e-03 1.52209271e-02 3.37515511e-02
 5.95376730e-01 2.58602947e-02 2.39734836e-02 3.45530249e-02
 5.81188276e-02 1.06720300e-03 3.50937806e-03 2.30447073e-02
 7.32714636e-03 2.20407128e-01 1.70842803e-04 6.70100152e-02
 1.09719485e-02 1.91122782e-03 4.66901634e-04 9.78493690e-03
 2.16082111e-03 7.03083933e-05 7.88691104e-05 8.65846220e-03
 7.10508972e-03 1.09010162e-02 8.21391866e-03 4.88709658e-03
 9.80358571e-04 2.62847580e-02 1.44434881e+00 1.51667058e-01
 4.75868247e-02 2.61797458e-02 1.11156213e-03 4.66345111e-03
 3.08963731e-02 4.19272063e-03 5.09770866e-03 1.05444016e-02
 6.15694076e-02 6.52608741e-03 2.68370495e-03 2.22487282e-03
 8.92243406e-04 1.38306897e-03 3.31092216e-02 7.91573152e-03
 1.73444697e-03 1.33210812e-02 4.41821404e-02 5.27436752e-03],0.18465777,[7.9267258e-03 1.3353070e-02 6.0971593e-03 7.0050824e-05 1.7100599e-02
 1.8758625e-02 4.3984409e-02 6.5386394e-04 1.3307331e-02 7.9633500e-03
 4.5602024e-02 2.2960666e-03 5.5705741e-02 1.8911485e-02 2.4417418e-03
 2.7043619e-03 6.9578877e-03 5.4303326e-02 1.0664243e-02 6.6846780e-02
 2.0344177e-02 6.2116544e-04 5.7523850e-02 4.1621532e-02 3.4505338e-03
 2.0602159e-03 3.8850002e-03 2.7741522e-02 1.0292325e-03 4.3857722e+00
 1.3194364e+00 1.4463619e-03 7.2983867e-03 8.0026500e-03 1.5732368e-02
 1.9562519e-03 4.7734370e-03 2.0400228e-03 1.1376921e-01 3.0959576e-02
 1.2854459e-02 1.1829701e-02 4.1776584e-03 1.2325589e-03 3.4813643e-02
 8.0339342e-01 2.2933397e+00 2.2715591e-03 3.5473632e-03 1.1228099e-02
 1.0263491e-02 1.6530412e-03 4.6005741e-02 4.2909929e-03 1.8337034e-03
 1.0387846e-02 8.1827883e-03 5.0083343e-03 1.7177518e-02 7.6573360e-01
 3.5820450e-03 2.1514967e-03 1.0794714e-02 2.3071384e-02 4.7445092e-02
 5.1183186e-02 2.2002703e-02 6.6565876e-03 4.5623099e-03 2.0399645e-02
 4.0556309e-03 3.2793083e-03 1.0864247e-02 4.4447300e-03 4.2319037e-02
 3.4803993e-01 4.1584973e-03 2.2384211e-02 1.8990865e-02 2.6872325e-01
 1.8102751e-04 1.3134787e-03 1.7129502e-03 1.0422731e-02 8.5138693e-02
 1.2219563e-03 2.1549869e-01 9.1851549e-03 2.0602550e-02 1.1841900e-02
 1.3695757e+00 1.5402199e-01 4.6023550e-03 3.4979288e-03 5.2066375e-02
 2.6899208e-03 2.5278972e-03 2.2670588e-02 9.2061134e-03 1.1702055e-02
 1.0012966e-03 8.3532706e-03 4.3279827e-03 8.3922427e-03 1.4423234e-02
 5.3524165e-03 2.4249281e-03 2.6026727e-03 1.6170901e-03 1.7151358e-02
 5.1885017e-04 1.5236135e+00 5.5440292e-03 6.2288309e-05 4.4155942e-04
 5.3534011e-04 4.9480833e-03 2.1650381e-01 4.6944739e-03 7.2751916e-03
 6.8455157e-03 1.0079483e-02 3.1373143e-04 1.5759140e-03 5.7135606e-03
 2.1603680e-01 2.2299853e-03 3.7119493e-03 1.0746125e-02 5.8656279e-02
 5.1189167e-03 3.4017444e-03 8.2465306e-02 8.6875632e-03 3.3143933e-03
 3.0056616e-02 7.1748294e-02 2.8664900e-02 3.7708545e-01 1.4700577e-02
 8.1241436e-02 1.1354593e-03 1.2001397e-02 9.3711801e-03 1.7319165e-02
 1.0237616e-03 1.9642990e-03 5.4756228e-02 9.9716987e-03 1.5759342e-03
 2.5441702e-03 5.5879623e-02 1.3694754e-03 4.9718223e-03 1.3935758e-02
 4.5581348e-02 1.3389421e-02 5.0882977e-02 3.8828687e-03 1.1037069e-03
 3.3392377e-02 1.8888492e-02 7.7100624e-03 5.8528390e-03 7.6804698e-02
 2.2162221e-02 7.8996789e-04 1.9649905e-03 1.7020999e-02 4.2199269e-03
 2.0547571e-02 5.9676230e-02 2.5629094e-03 7.9592485e-03 3.4092464e-02
 4.3990277e-02 3.1347200e-03 1.5788428e-02 4.2759798e-02 2.3642953e-02
 1.6111204e-02 3.3993300e-02 8.7236641e-03 1.0469171e+00 1.2878334e-02
 1.5336761e-02 7.4538678e-02 1.8022789e-02 1.8842467e-03 1.1842822e-02
 5.9234034e-03 1.4427682e-02 1.0556427e-03 2.4882706e-03 6.1060684e-03
 4.2308338e-02 1.7407688e-03 7.3027788e-03 2.4011306e-02 2.8362686e-02
 3.6887629e-03 5.0498578e-03 2.1973675e-02 1.6828900e-02 4.5374192e-02
 3.3117426e-03 1.5570308e-02 4.2656519e-02 3.1684041e-01 2.0654872e-02
 3.2938633e-02 3.7543900e-02 7.4261628e-02 1.2524286e-03 1.3484573e-02
 1.6287286e-03 2.3451289e-03 5.2977008e-01 4.9371202e-04 8.1872120e-02
 1.0188728e-02 3.6321534e-03 4.4534245e-04 2.4385128e-02 2.6677365e-03
 1.7006753e-04 9.7345666e-04 4.5482735e-03 7.4149454e-03 2.7022101e-02
 1.4721658e-02 8.5279737e-03 8.2386681e-04 1.1219385e-02 4.6279368e-01
 3.7338850e-01 7.9637900e-02 2.7790226e-02 3.4263940e-04 4.6459194e-03
 2.0749912e-02 5.2753408e-03 8.0340804e-04 5.3325715e-03 2.0224977e-02
 1.0831856e-02 2.4535751e-03 1.3866955e-03 8.6057308e-04 4.9694618e-03
 1.7375447e-02 4.8605138e-03 2.5817833e-03 1.1408040e-02 5.3077571e-02
 5.0409865e-03],-97.04788,-105.80478,-226.55116,1.0518038,1.7080454,0.99764544,0.92889786,4.577736,-2.6832445,39.457577,167.55206,6.171781,0.45257846,0.5666852,-156.85449,156.85449,[2.94835091e+01 1.04007446e+02 1.12990585e+02 1.91909596e-01
 7.03697357e+01 3.98550842e+02 6.79380188e+01 3.24140053e+01
 3.10353298e+01 2.76557129e+02 1.04227661e+02 1.01931601e+01
 1.68378784e+02 4.82696962e+00 6.97494411e+00 1.89151230e+02
 1.19726753e+01 4.11200409e+02 1.41487451e+03 3.66884499e+01
 9.17849541e+00 9.48497986e+02 4.72054504e+02 8.70651306e+02
 3.08685693e+03 1.72001896e+01 4.11624451e+02 1.26473637e+01
 9.55251465e+01 7.49696729e+03 9.91712034e-01 4.10155957e+03
 4.98771515e+01 6.71141296e+02 4.72007523e+01 5.44200562e+02
 7.01460419e+01 4.72177658e+01 6.92376614e-01 3.80701538e+02
 9.34866965e-01 5.75912158e+03 7.80956879e+01 9.20282822e+01
 1.01756812e+03 2.23696686e+02 3.94984741e+02 2.23256953e+04
 8.31238464e+02 2.45712830e+02 1.27697206e+00 2.89385498e+02
 2.93500061e+01 9.41503067e+01 2.72392154e+00 2.45565078e+04
 1.45419922e+03 6.36451538e+02 1.90363274e+01 1.32037907e+01
 3.98877625e+02 1.73455469e+04 6.89915161e+02 2.29813690e+02
 1.24720619e+02 1.65459232e+01 4.02173615e+00 1.49720410e+03
 1.23995377e+02 3.14242725e+01 1.37884692e+03 5.51459169e+00
 2.26296680e+03 1.55163403e+03 4.04980164e+01 2.16547684e+02
 1.49664583e+01 9.37478638e+00 4.34613838e+01 2.63912720e+03
 1.26330025e+02 1.31002865e+01 5.39869629e+02 6.80225220e+01
 1.14617493e+03 2.32536896e+02 7.09500885e+01 4.85711479e+01
 2.93219757e+01 1.77561462e+02 6.23066711e+00 5.25157394e+01
 9.30519409e+01 2.33619614e+02 7.73059692e+01 1.41342306e+00
 2.06020832e+00 5.40785645e+02 9.72013702e+01 1.26102100e+03
 2.09622406e+02 1.04167229e+02 1.01638260e+01 4.66587842e+03
 1.44814883e+04 3.66211662e+01 1.04793987e+01 2.17886758e+00
 1.49484863e+02 1.92218170e+02 3.36739769e+01 6.98914337e+01
 4.57356796e+01 1.06092480e+03 1.48083588e+02 1.56543350e+02
 3.07541534e+02 6.26389275e+01 6.46257758e-01 4.44731812e+02
 2.09290543e+01 6.52461014e+01 2.58064938e+00 3.46910477e+01
 5.78646183e+00 5.17364807e+01 2.13463501e+02 3.30646149e+02
 2.09467930e+04 8.52313232e+01 1.54157724e+01 3.23135254e+02
 5.40096931e+01 7.41731450e-02 6.44452362e+01 5.65920776e+02
 6.41906311e+02 8.67689551e+03 8.98348389e+02 5.64569550e+01
 1.16761971e+01 2.58443756e+01 1.10087097e+02 2.59712354e+03
 2.13156055e+04 2.48327075e+03 1.59264877e+02 3.82486057e+00
 2.23165703e+04 1.11474243e+02 9.55942993e+01 3.18545013e+02
 5.77346436e+02 6.72319717e+01 8.56955528e+00 4.82818451e+01
 1.04465100e+03 3.03534985e-01 5.16283989e+01 2.82056065e+01
 5.20605392e+01 4.18865395e+00 3.84772729e+03 1.05718811e+02
 1.63339935e+02 2.65185608e+02 3.53828644e+02 5.88364315e+00
 5.14367859e+02 1.63961792e+01 6.44419403e+01 1.75581856e+01
 8.86671524e+01 7.51961899e+01 6.26114746e+03 1.49011804e+03
 7.20660210e+00 2.13098535e+03 2.28734909e+02 9.75046921e+01
 1.04214554e+02 6.28360901e+02 2.80897164e+00 7.12912598e+03
 1.24937939e+03 9.08375183e+02 4.55608978e+01 1.58472753e+00
 4.49841919e+01 5.88860016e+01 9.14866992e+03 4.57792969e+02
 2.04335079e+01 1.90519806e+02 6.98693848e+00 1.02768822e+01
 1.23809183e+00 4.78673926e+03 7.43298435e+00 5.03505669e+01
 5.05165637e-01 1.69723709e+02 6.68533643e+03 1.70908112e+02
 1.54043884e+02 2.44542065e+03 1.89928735e+03 3.38475220e+03
 2.23683340e+04 5.46033630e+01 4.10592621e+02 2.35394716e+00
 1.01031675e+01 8.98518127e+02 2.68172951e+01 1.20001984e+01
 2.49655411e+02 7.17326641e+00 3.94726830e+01 1.15153442e+03
 1.65928781e-01 5.16217407e+02 6.01299763e+00 2.34097314e+00
 3.00695682e+00 6.65972168e+02 1.18757416e+02 1.07279831e+02
 2.47884384e+02 1.53429708e+01 8.02405371e+03 6.03783340e+01
 6.43774841e+02 5.87825623e+02 5.90453644e+01 1.41262314e+02
 4.40637054e+01 5.57452679e+00 9.97139206e+01 4.62057304e+01
 7.11913879e+02 3.82331482e+02 1.61200829e+01 5.73496246e+00
 2.26222839e+02 1.58984482e+02 1.82697695e+04 2.27751114e+02
 5.60385132e+02 3.53408699e+01 2.43339676e+02 3.63742065e+01
 1.23879509e+02 9.97489471e+01 5.15167847e+01 8.03311157e+01],1280.8744,[1.04815502e+01 2.77179909e+01 1.01439621e+02 2.70907462e-01
 6.16820002e+00 2.34475574e+01 2.45916862e+01 2.07518625e+00
 6.68143616e+01 1.73475891e+02 4.27253494e+01 5.63587685e+01
 3.17726257e+02 2.07022429e+00 1.72284897e+02 4.50045990e+02
 9.20994663e+00 4.29147369e+02 1.45484024e+02 1.26408911e+00
 1.75239964e+01 1.67208948e+03 4.36711060e+02 6.53499695e+02
 7.57740601e+02 8.24448013e+00 4.05269089e+01 1.51957064e+01
 1.68598083e+02 2.65455396e+03 4.50490456e+01 5.33471558e+02
 1.15519819e+01 1.15897754e+03 1.97591078e+00 1.19265999e+02
 3.75485626e+02 3.01410465e+01 4.15293980e+00 1.86252609e+02
 7.87099063e-01 1.40824731e+03 1.15742142e+02 6.06492400e-01
 2.61648779e+03 2.41760425e+03 1.52504234e+01 1.43741272e+02
 6.26817551e+01 1.12189429e+03 3.46219325e+00 4.65352173e+02
 1.74085026e+01 3.15140106e+02 9.79499054e+01 1.06758076e+04
 1.69920215e+03 5.23043518e+02 9.89656544e+00 3.96326375e+00
 6.92592529e+02 7.97012842e+03 3.02117798e+03 3.59245667e+02
 6.14233215e+02 3.54272437e+00 1.18386621e+01 2.20207910e+03
 6.18803062e+01 1.44936876e+01 9.36461563e+01 1.00780973e+01
 1.07076324e+02 8.59371338e+01 4.38728104e+01 1.51872729e+03
 1.70259399e+01 1.37807167e+00 1.50638552e+01 4.68592432e+03
 5.93006973e+01 1.23117185e+00 5.68485779e+02 3.65102310e+01
 5.19810364e+02 1.18750015e+02 1.12648916e+01 6.07565522e-01
 1.35614014e+00 1.84201569e+02 1.97653425e+00 2.95507164e+01
 4.36364502e+02 1.34739990e+03 1.05281876e+02 2.74303589e+01
 3.19663501e+00 2.09832367e+02 1.85276245e+02 6.54438171e+01
 4.61081696e+02 6.82185516e+01 1.51578465e+01 3.16665192e+01
 6.09310986e+03 2.75664997e+01 3.87876053e+01 2.14161086e+00
 3.41823158e+01 3.30860443e+02 3.45946808e+01 5.21525078e+01
 4.72516327e+01 1.10711533e+02 9.78274170e+02 1.75690094e+02
 2.19446152e+02 5.95249138e+01 7.12354600e-01 2.09148804e+02
 2.70645714e+00 3.44050026e+01 3.05042839e+00 9.89686871e+00
 2.02190323e+02 7.43910828e+01 4.85243134e+02 8.08305786e+02
 3.74594498e+00 3.64690933e+01 5.76677799e+00 3.08314392e+02
 4.64494476e+01 4.30090092e-02 4.35925934e+02 9.98344040e+00
 9.17741821e+02 2.20003555e+04 1.27451447e+02 8.12738609e+00
 3.16537189e+00 1.57520103e+01 9.74506226e+01 3.13618813e+01
 1.07938251e+01 9.12652588e+01 1.96187531e+02 5.08105373e+00
 1.98338828e+04 1.17187515e+02 1.81809814e+02 3.51356735e+01
 3.51106445e+02 1.81025772e+01 8.04416537e-01 2.36528702e+01
 8.90877747e+02 2.67589867e-01 1.01167213e+02 4.04957924e+01
 2.74503064e+00 4.84701395e+00 1.41874133e+03 1.31851349e+01
 1.77684036e+02 8.29577732e+00 1.94691315e+02 4.55291138e+01
 1.28083179e+03 9.30582905e+00 2.71386757e+01 8.47900677e+00
 1.29561722e+02 1.62004871e+01 7.43166748e+03 1.72800385e+02
 2.10550552e+02 1.21596138e+02 8.65889709e+02 2.02537781e+02
 1.06284760e+02 1.10220270e+01 2.38230729e+00 1.35332227e+03
 5.17446167e+02 2.24437280e+03 5.81188202e+01 1.75163984e+00
 8.24206829e+00 8.85108566e+00 5.01825635e+03 3.68345184e+01
 3.20799994e+00 2.14545166e+02 2.43748741e+01 7.31728017e-01
 1.89763439e+00 1.00437250e+03 3.35986328e+00 2.65991135e+01
 7.55950332e-01 6.43432236e+01 5.08654834e+03 2.33210163e+01
 5.54415627e+01 4.55750397e+02 3.64015063e+03 5.21665137e+03
 1.33236945e+00 7.02879095e+00 1.38136365e+03 1.90144688e-01
 3.60259628e+00 1.47351562e+03 5.08561325e+00 8.84823918e-01
 2.39287994e+02 1.38363361e-01 5.48350220e+01 1.87364392e+03
 2.81011810e+01 8.38599731e+02 2.19741516e+01 9.77460003e+00
 1.31036377e+00 2.60421191e+03 2.42706323e+00 7.39042759e+00
 1.54961319e+02 1.87222630e-01 1.27965796e+03 2.24782219e+01
 8.02195557e+02 4.46916161e+01 2.22568359e+01 1.31976135e+03
 3.37204361e+01 4.46362381e+01 3.67428780e+01 4.44752007e+01
 4.36679497e+01 1.19892627e+03 3.96371651e+01 1.47041309e+00
 4.86428894e+02 3.12091389e+01 2.49072290e+03 4.40520752e+02
 3.78739563e+02 3.17116761e+00 4.52256042e+02 1.44206505e+01
 1.55060837e+02 1.07994378e+00 8.58511353e+00 4.10333633e+01],-102.10005,-169.36409,-329.92715,3.0284874,22.24986,0.88996446,0.95796186,0.01751232931137085,13767.097175121307,0.5,0.5,-0.07396988813958454,-0.0002973582241897605,-0.07401821058842513,-0.0008148567480670861,35.683692608501254,37.59999999999999,0.0,825000.0,-1.0,-759.0,750.0,11.366848707199097,825000
102.27717,0.01997378,0.034552064,0.000698837,-101.911674,101.911674,[2.24465691e-02 2.75337696e-03 4.75853294e-01 1.10576730e-02
 1.08621262e-01 6.93688542e-02 8.56260955e-02 2.52123594e-01
 6.43512839e-03 3.43740471e-02 2.23144628e-02 8.97098631e-02
 5.48400544e-03 3.34759764e-02 1.20339207e-02 3.85357067e-02
 6.26297891e-02 1.00038685e-02 1.31747695e-02 1.28161283e-02
 6.20428361e-02 1.64610166e-02 7.72340270e-03 2.03390382e-02
 2.37354990e-02 2.27483381e-02 4.63084318e-03 7.90650174e-02
 3.24291177e-02 1.32704014e-03 1.30870081e-02 6.69759884e-02
 2.26094648e-02 2.68097550e-01 3.10187563e-02 1.24572173e-01
 4.39509898e-02 5.45633584e-02 1.45311260e+00 6.62603676e-02
 7.98364729e-03 3.36226523e-02 2.96001583e-02 2.93886419e-02
 4.08602524e+00 6.10266812e-02 6.39400482e-02 3.52332480e-02
 3.07853743e-02 3.51434201e-02 2.15720553e-02 6.65127262e-02
 8.29623342e-02 1.50947466e-01 1.07865678e-02 3.68595980e-02
 2.54064091e-02 9.34037417e-02 5.99331781e-02 3.31893563e-02
 3.89514044e-02 2.18951516e-02 6.70396024e-03 1.37121961e-01
 9.53110531e-02 7.80381262e-02 3.79695088e-01 1.09498668e-02
 4.08814959e-02 4.35064197e-01 5.66898026e-02 9.93581396e-03
 5.83349913e-02 2.19233930e-01 3.41581181e-03 1.56450570e-02
 2.94143297e-02 3.33123654e-01 3.22863087e-02 1.47407483e-02
 9.47988927e-02 8.26792093e-05 4.20922823e-02 1.02984428e+00
 2.76917648e-02 4.40596193e-02 9.25514251e-02 1.21213160e-02
 7.25693181e-02 1.73587158e-01 3.26916836e-02 3.73046398e-02
 2.16809977e-02 7.03016669e-02 6.14649504e-02 3.30570191e-02
 1.50272911e-02 4.36018944e+00 1.37504190e-02 4.19231430e-02
 7.09042072e-01 1.78196691e-02 1.30711263e-02 4.85509522e-02
 4.85807136e-02 6.54449999e-01 9.32167172e-01 2.72386428e-02
 1.05246186e-01 1.65385753e-02 7.16667110e-03 2.21930668e-02
 1.52806239e-02 1.36847375e-02 1.44408932e-02 1.17541254e-02
 2.40778346e-02 4.59321117e+00 1.47265479e-01 3.25408131e-02
 1.36245759e-02 3.06531396e-02 8.31884444e-02 7.24997930e-03
 4.78195027e-02 5.22528253e-02 1.30282324e-02 1.03209443e-01
 2.87203491e-02 8.32952037e-02 4.55261990e-02 1.76875181e-02
 3.11864197e-01 2.02830546e-02 4.43230867e-02 8.15625582e-03
 2.19951272e-01 5.79811811e-01 1.98408887e-02 1.12523139e-02
 4.41496000e-02 1.09161558e-02 2.76783705e-02 2.66681351e-02
 6.91221416e-01 4.60761739e-03 2.59248586e-03 7.59199917e-01
 1.22180302e-02 1.51734185e+00 1.93123192e-01 9.64753628e-01
 3.88204977e-02 2.37955123e-01 1.06212720e-02 2.62947798e+00
 3.81574705e-02 5.72509877e-03 1.04183227e-01 3.10984820e-01
 1.28922629e+00 2.75157485e-03 2.14946326e-02 2.53005903e-02
 4.18279171e-02 4.91628981e+00 1.60832554e-02 4.32068221e-02
 1.36045096e-02 9.10316128e-04 4.94954586e-02 6.45642774e-03
 1.33108590e-02 6.57946840e-02 5.81823140e-02 5.96059822e-02
 2.96491198e-02 2.68325508e-02 1.83231831e-02 2.17360184e-02
 2.12242883e-02 2.94741297e+00 4.18002568e-02 1.10257141e-01
 1.04851454e-01 1.16644055e-02 3.18199247e-02 1.99741793e+00
 3.40609252e-01 2.09545884e-02 3.69034037e-02 2.35261507e-02
 3.73485535e-02 8.02302081e-03 3.58889028e-02 6.42402470e-02
 8.02589953e-02 2.61418149e-02 4.66151163e-02 1.72115080e-02
 4.94039953e-02 9.46486518e-02 5.39351348e-03 2.73636673e-02
 7.49330223e-02 1.95816593e+01 3.40011418e-02 1.34065524e-02
 1.79058127e-02 8.61321203e-03 3.46412882e-02 7.44690970e-02
 2.35325843e-02 1.53255519e-02 5.19126616e-02 5.10994077e-01
 1.57766700e-01 2.19238400e-01 9.55425873e-02 9.22502205e-03
 1.43001396e-02 1.84902418e-02 1.06868586e-02 1.35551655e+00
 5.78953251e-02 2.97979191e-02 1.19787268e-02 3.38404067e-02
 2.16363110e-02 5.69408387e-02 1.01115584e+00 8.39547068e-03
 1.60343349e-02 7.57303694e-03 1.91107262e-02 5.05536161e-02
 2.33820118e-02 2.42785625e-02 3.17697087e-03 1.67649034e-02
 1.42303541e-01 2.48620331e-01 2.35806480e-02 7.00767990e-03
 6.10383302e-02 1.94289967e-01 4.22822163e-02 1.63098201e-02
 2.12668013e-02 2.13029198e-02 5.80361485e-02 9.28267092e-02
 2.33833380e-02 1.18475902e+00 3.14399630e-01 4.53797504e-02],0.47605428,[2.31972951e-02 9.32522875e-04 3.99374866e+00 1.39716882e-02
 8.70075226e-02 4.37550731e-02 8.72753933e-02 3.86135221e-01
 4.07081097e-03 3.61215100e-02 7.83447269e-03 1.57348320e-01
 9.60118324e-03 3.73025872e-02 1.23672448e-02 2.96391230e-02
 2.21296716e-02 1.28200576e-02 1.84302814e-02 2.10443866e-02
 3.11631188e-02 1.94232687e-02 1.41792523e-04 3.06935720e-02
 1.97193865e-02 1.96328647e-02 6.18252344e-03 6.43357784e-02
 5.84296845e-02 1.71533972e-02 2.03737393e-02 6.43445551e-02
 3.17789800e-02 3.42096090e-01 2.87160631e-02 1.18261196e-01
 2.26243827e-02 5.13087027e-02 6.49141550e-01 6.37980103e-02
 1.39833456e-02 4.46553528e-02 5.29486388e-02 3.37460339e-02
 2.31746054e+00 3.23532820e-02 8.10175017e-02 2.67597418e-02
 1.83138829e-02 3.42325792e-02 2.20212173e-02 2.43418515e-02
 7.59704551e-03 5.21894805e-02 1.63440034e-02 2.81193592e-02
 3.82154360e-02 7.12992698e-02 2.58001015e-02 2.41318624e-02
 5.29910401e-02 3.28806937e-02 9.19366442e-03 1.07207686e-01
 7.64268339e-02 1.01515211e-01 2.70543545e-01 9.43205785e-03
 4.39192168e-02 3.25561613e-01 5.44368625e-02 1.35210771e-02
 6.82250708e-02 1.36222705e-01 2.25739600e-03 1.32960575e-02
 3.60539593e-02 2.35231325e-01 1.49535015e-02 7.53343105e-03
 4.63876091e-02 4.84586926e-04 4.75587882e-02 1.45461649e-01
 3.30184475e-02 6.42105341e-02 6.03304431e-02 1.21802827e-02
 4.67231683e-02 1.74730182e-01 3.75976898e-02 4.07146513e-02
 3.11182197e-02 5.85162006e-02 6.96397647e-02 2.46754847e-02
 6.67790603e-03 1.68102741e+00 1.85551420e-02 4.40703593e-02
 1.41029322e+00 1.49859590e-02 1.89694986e-02 2.03921031e-02
 4.74091619e-02 7.07357764e-01 4.25419927e-01 3.77028696e-02
 9.74806249e-02 1.95514187e-02 7.90428929e-03 2.98020542e-02
 1.94001831e-02 1.02347797e-02 1.83323119e-02 2.85848603e-03
 3.98729108e-02 1.56628790e+01 1.99021682e-01 4.81839739e-02
 1.18486416e-02 3.28006744e-02 8.07847083e-02 1.34382658e-02
 2.28610709e-02 6.82630837e-02 2.05102563e-02 5.33665717e-02
 2.88297776e-02 4.62885015e-02 4.83915620e-02 2.75454894e-02
 3.33375812e-01 1.94345172e-02 4.39900197e-02 1.01929624e-02
 9.04358625e-02 3.81986594e+00 2.11357884e-02 1.42216021e-02
 4.32196595e-02 4.71419934e-03 1.59112420e-02 3.33731323e-02
 4.44708765e-01 8.59903265e-03 8.38929135e-03 9.60256219e-01
 2.40799114e-02 6.62899315e-01 1.43224925e-01 4.55207169e-01
 3.46097462e-02 2.63691664e-01 4.54637334e-02 1.36148345e+00
 7.86176473e-02 1.36007741e-02 4.46357280e-02 1.95070013e-01
 1.67273450e+00 5.24196355e-03 2.33677402e-02 3.61573957e-02
 4.51977216e-02 5.08267069e+00 3.05148233e-02 4.75227199e-02
 1.55256279e-02 3.33093619e-03 4.38668169e-02 1.10596465e-02
 1.55234989e-02 6.71650320e-02 1.02426797e-01 5.01424037e-02
 3.05085406e-02 2.58832537e-02 2.52182689e-02 2.50778999e-02
 2.68847309e-02 7.30285931e+00 4.43639606e-02 1.92128971e-01
 1.12562977e-01 1.23256128e-02 4.87133302e-02 4.97764796e-01
 1.94579467e-01 3.69292535e-02 3.77725735e-02 3.07821818e-02
 3.69975232e-02 7.13862758e-03 6.58794940e-02 7.37346783e-02
 7.08995387e-02 3.23616527e-02 3.46147828e-02 2.57134344e-02
 4.32790667e-02 1.44051444e-02 6.90707238e-03 2.76483931e-02
 5.92289194e-02 1.83614540e+01 6.66867122e-02 1.98765863e-02
 1.47286477e-02 8.96187685e-03 4.29237336e-02 4.06071134e-02
 1.82869239e-03 1.65746734e-02 4.78489250e-02 1.06689510e+01
 1.22575998e-01 2.03980938e-01 3.52803245e-02 1.31318746e-02
 1.70160271e-02 1.64607801e-02 3.47585268e-02 1.27551162e+00
 6.31405553e-03 2.45510247e-02 1.49616776e-02 3.01453378e-02
 2.68024858e-02 5.39696217e-02 6.73259616e-01 8.10684264e-03
 1.30410921e-02 9.17340815e-03 2.21297499e-02 7.29637593e-02
 4.34292518e-02 2.87620425e-02 5.09132724e-03 2.49173287e-02
 1.79766327e-01 7.74048567e-02 1.99284162e-02 1.03330165e-02
 3.56006548e-02 5.29320575e-02 2.70771421e-02 4.26602773e-02
 3.20216045e-02 2.55971905e-02 3.79347503e-02 8.48517865e-02
 3.41336019e-02 8.53290617e-01 2.64150053e-01 3.37690897e-02],-98.123184,-107.24534,-258.80713,1.0694777,2.1440926,0.99150217,0.9296241,33.182655,-23.209787,128.71454,152.98087,6.519645,0.55226165,0.63211113,-140.9386,140.9386,[9.87503891e+01 6.79811707e+01 9.60762691e+00 3.18253398e-01
 3.66530365e+02 3.06927025e-01 2.66762329e+02 1.94190540e+03
 2.16128178e+01 9.92031555e+01 3.25417862e+01 3.55187416e+01
 2.08073212e+02 5.26017094e+00 5.25404854e+01 2.29432148e+04
 6.44093704e+00 1.99031591e+00 2.30110596e+03 3.84477425e+00
 1.20482312e+03 2.77106438e+01 1.15233116e+02 3.54995300e+02
 4.42194824e+01 1.55197897e+01 1.74774055e+01 7.75980301e+01
 1.40251007e+02 2.80993390e+00 1.92571213e+02 6.93195801e+02
 1.00161804e+02 2.11365173e+02 2.01987061e+02 7.31875153e+01
 5.28606796e+01 9.05930233e+00 1.53224060e+02 1.67121490e+02
 1.36581946e+03 8.73533325e+01 1.55432930e+01 2.67137280e+03
 3.05702295e+03 5.95346375e+01 8.65707779e+00 1.22983475e+01
 2.46985226e+01 4.58206207e+02 1.19389029e+01 1.12561844e+02
 1.91867695e+01 3.12023335e+01 6.98884949e+02 5.59031029e+01
 2.65886505e+02 6.38864937e+01 7.27468414e+01 1.33083264e+03
 2.65156784e+01 5.08679533e+00 2.10184375e+04 2.99648991e+01
 6.28300896e+01 1.39498901e+02 4.01249771e+01 1.43226654e+02
 8.94936275e+00 1.06900047e+02 3.70298645e+02 4.32788086e+00
 7.71516541e+02 4.52357750e+01 2.90552273e+01 1.52113013e+03
 3.84693260e+01 2.68949394e+01 2.48327896e+02 9.13891220e+01
 1.85850235e+02 9.42223358e+01 2.16773984e+04 3.92176590e+01
 7.50904083e+01 5.02866211e+01 3.64587799e+02 7.46262283e+01
 1.31856873e+02 1.19940138e+01 7.57360992e+01 3.65187988e+01
 5.77234387e-01 1.70927734e+01 3.86418152e+01 6.28271790e+01
 3.05183075e+02 1.10644501e+02 1.15515232e+01 5.24539452e+01
 2.19769336e+03 2.88749075e+00 1.94806232e+01 1.63118591e+01
 2.23990211e+01 3.25367432e+01 3.27097631e+00 1.08684063e+00
 6.82052002e+01 2.43019501e+02 1.83190393e+00 1.50574923e+01
 3.19331017e+01 5.32740164e+00 7.84360718e+02 1.39266083e+02
 8.57787323e+01 5.62118073e+01 2.35262909e+02 4.23345451e+01
 3.54149933e+01 3.25698586e+01 1.39554062e+01 1.75806465e+01
 6.63769073e+01 6.64568665e+02 3.28034399e+03 3.10123940e+01
 1.38610855e+02 7.55953932e+00 3.58978348e+01 2.46036743e+02
 5.03034897e+01 5.70105820e+01 5.45475159e+02 7.86554277e-01
 8.43148651e+01 1.21145905e+02 2.84589825e+01 2.28294163e+01
 1.20457878e+02 2.14886157e+03 5.26745300e+01 1.88938934e+02
 1.76260319e+01 1.80434082e+03 1.18699818e+01 1.35055518e+03
 3.67173370e+02 6.99936157e+02 5.23760834e+01 1.56237106e+01
 1.80283960e+03 1.22109595e+03 1.80793625e+02 1.41301785e+01
 4.50621338e+01 3.16180058e+01 9.90069199e+01 4.62941818e+01
 3.40264487e+00 2.55495381e+00 7.67418091e+02 2.48325157e+01
 1.85110950e+01 2.14893932e+01 1.11998701e+00 7.22124040e-01
 1.38109884e+01 7.73605423e+01 9.70511017e+01 3.61447525e+01
 1.59263840e+01 3.44335327e+01 7.40380287e-01 1.31933737e+01
 7.03520060e-01 3.62399435e+00 2.77518349e+01 1.92847153e+02
 8.01094360e+01 1.19811316e+03 7.13155212e+01 2.37983150e+01
 3.40187721e+01 4.13675461e+01 2.54855347e+01 3.54160643e+00
 8.73919678e+02 1.22964622e+02 2.81270337e+00 3.29509735e+02
 2.22426102e+02 2.14857254e+02 9.32881470e+01 1.63854721e+02
 4.13308573e+00 9.22089600e+02 7.65379333e+01 3.84292679e+01
 5.02589035e+01 1.65246936e+03 1.75965454e+02 3.34976692e+01
 1.35183167e+02 3.23881989e+01 3.93231262e+02 1.50630436e+01
 1.27203798e+00 2.75274170e+02 5.56418085e+00 2.46197300e+01
 6.26707178e+03 2.51492262e-01 3.77280121e+02 2.72938194e+01
 7.41198486e+03 4.19835815e+01 4.00725632e+01 1.87832546e+01
 2.21044702e+03 1.14775215e+02 1.60981415e+02 2.68019962e+00
 1.01673199e+03 3.02217090e+03 5.51509094e+01 2.81553711e+02
 1.18963074e+02 5.26043167e+01 3.46917496e+01 6.10495472e+00
 1.02572832e+01 6.10142803e+00 2.06396141e+01 5.81853752e+01
 5.73713264e+01 1.46809094e+03 2.80064812e+01 1.85442657e+02
 2.83824425e+01 2.27168164e+04 3.64946625e+02 4.57944260e+01
 1.18063164e+00 4.02229500e+01 5.06836939e+00 2.24311572e+03
 3.30088257e+02 1.12232742e+01 5.35704384e+01 1.00474319e+01
 3.57575798e+01 1.22263250e+01 5.63731155e+01 4.29751923e+02],771.20715,[9.25319366e+01 3.00496674e+01 8.55012894e+00 9.45427362e-03
 2.84398895e+02 5.05082786e-01 1.94959625e+02 2.49554590e+03
 1.14968811e+02 3.74296951e+01 1.11253235e+02 1.05678511e+01
 1.04633923e+01 2.77328253e+00 6.86518729e-01 1.76438242e+04
 5.48539124e-02 5.38522229e-02 9.74569550e+01 1.75245449e-01
 1.40135660e+01 1.11910095e+02 9.18069839e+01 4.92185089e+02
 4.49538116e+01 2.30044308e+01 6.10702395e-01 1.03021049e+02
 6.31088501e+02 1.31512613e+01 1.50011002e+02 7.11345642e+02
 4.83371315e+01 2.68721848e+01 7.90863953e+01 7.16705246e+01
 1.01506577e+01 6.28370810e+00 2.99276764e+02 4.37466087e+01
 1.20516891e+02 4.91333557e+02 8.93071365e+00 2.45848682e+03
 6.47461328e+03 1.19579048e+01 1.46680129e+00 1.32452072e+02
 1.57679625e+01 3.41514832e+02 1.06023226e+01 7.41321850e+00
 8.24694138e+01 7.18215561e+00 6.82654968e+02 8.73496399e+01
 2.49034195e+01 8.22890568e+00 9.03265305e+01 1.73765121e+02
 2.12213535e+01 3.59521580e+00 1.22204895e+01 4.36925030e+00
 2.90132236e+01 5.61009445e+01 2.88574600e+01 3.08423119e+01
 5.03972626e+00 6.91373749e+01 6.08317810e+02 4.10621881e+00
 1.91641919e+03 1.32816124e+01 2.18283653e+01 1.74953979e+03
 2.75727196e+01 1.61976986e+01 4.76406189e+02 1.07194395e+01
 6.37764099e+02 9.44102707e+01 1.15175895e-01 3.49809685e+01
 2.91877403e+01 1.00457634e+02 7.49833755e+01 2.73432751e+01
 5.54056396e+02 9.13817692e+00 4.21933823e+01 1.84076500e+01
 3.51849377e-01 1.60178995e+00 1.45468922e+01 3.20331879e+01
 1.26408867e+02 2.08641068e+02 1.05924015e+01 1.88937688e+00
 1.09249353e+03 1.71053767e+00 1.34601564e+01 2.87811136e+00
 1.38231850e+01 2.45069551e+00 6.91572723e+01 1.05625153e+00
 5.08467445e+01 1.50678818e+02 3.16703677e+00 5.55785036e+00
 7.07311392e+00 3.66850233e+00 6.57990417e+01 2.89107156e+00
 7.23044968e+01 4.47719002e+01 4.72602478e+02 2.40700703e+01
 8.97390442e+01 2.36375904e+00 8.50003123e-01 6.09685402e+01
 1.13416162e+03 1.16010742e+03 3.76264221e+02 5.95408669e+01
 4.60445213e+00 8.83278847e-01 2.29489498e+01 4.93252539e+03
 1.15756664e+01 7.62193527e+01 7.89746704e+01 2.45064411e+01
 4.53980713e+01 2.55047321e+01 1.15337219e+01 4.31861687e+00
 1.97409119e+02 4.97352936e+02 1.10336847e+01 2.58703918e+01
 3.58544111e+00 2.60908765e+03 9.58566093e+00 9.69251404e+01
 3.23169785e+01 1.53238586e+02 1.36672201e+01 3.71920586e+01
 3.93791357e+03 1.67170502e+02 6.80631790e+01 5.70040512e+00
 1.62258320e+01 1.00083380e+01 7.34118042e+01 9.36318588e+01
 2.61758417e-01 1.25398340e+01 6.04448669e+02 5.07893324e+00
 1.15659351e+01 5.94474745e+00 2.66831589e+00 3.18190742e+00
 5.70858097e+00 1.85585332e+00 1.02530706e+00 5.65258741e+00
 4.63413811e+00 9.21947956e+00 2.23811328e-01 5.47894716e+00
 2.77710795e+00 2.38712940e+01 1.74819012e+01 6.22076950e+01
 1.27666794e+02 2.10029272e+03 2.78059330e+01 3.74831533e+00
 1.83421097e+01 2.58787346e+01 2.85012394e-01 2.66611314e+00
 5.34040909e+01 1.87903549e+02 1.12045155e+01 4.34736084e+02
 2.35986450e+02 2.73237076e+01 5.42483978e+01 1.32610580e+02
 1.66115224e+00 2.49607178e+03 1.15159159e+01 8.84839773e-01
 3.04590740e+01 2.08674438e+03 4.83373291e+02 2.60406189e+01
 1.05244861e+03 2.59465146e+00 9.51877441e+01 1.25486259e+01
 1.47892559e+00 3.15065259e+03 2.37831383e+01 1.25842695e+01
 7.17389893e+03 2.00710714e-01 8.10114075e+02 1.61985855e+01
 6.14172070e+03 5.62192869e+00 1.45521545e+02 6.51278229e+01
 2.11683081e+03 1.69885117e+02 1.76083145e+01 1.12720461e+01
 4.07785339e+02 2.61794604e+03 2.29354599e+02 3.48767090e+02
 2.99402539e+03 5.69741678e+00 9.15315533e+00 5.91466784e-01
 3.76929355e+00 6.16002417e+00 2.25434113e+00 1.05446259e+02
 1.05164230e+02 1.52405872e+03 9.18599248e-01 4.94416809e+02
 4.22467089e+00 1.84165703e+04 7.41947266e+02 1.72742233e+01
 4.94163418e+00 1.51351252e+01 2.66857834e+01 8.93474304e+02
 2.66125519e+02 6.44892836e+00 4.48560238e+00 5.15914559e-01
 9.24808502e+01 8.42802048e+00 2.75253944e+01 5.55098999e+02],-101.836075,-153.41037,-340.13556,2.6493516,23.900175,0.97582793,0.95216596,0.01643173752784729,14177.890653848648,0.5,0.5,-0.006717141959012467,-0.00042658973249422885,-0.006727516988740427,-0.00023389119779989592,35.982647581456106,37.59999999999999,0.0,849750.0,-1.0,-759.0,750.0,12.63063907623291,850000
103.22709,0.030324144,0.033566166,0.0010583217,-102.86111,102.86111,[3.15471888e-02 1.32115614e-02 9.66444844e-04 1.32161975e-02
 2.33094364e-01 9.42620821e-03 1.02628004e-02 4.58624971e-04
 2.09914614e-03 2.66095973e-03 8.00613966e-03 7.23536089e-02
 7.58123770e-03 1.15846884e+00 8.24477747e-02 2.83018104e-03
 4.03881259e-03 1.00070902e-03 3.61782014e-02 1.93198733e-02
 3.14987451e-02 1.05881048e-02 8.52079713e-04 9.58617684e-03
 1.19694718e-03 4.02592961e-03 1.39860623e-03 1.22015283e-03
 2.71679973e-03 2.36241170e-03 1.48213189e-02 1.37977283e-02
 8.42431094e-03 5.20541612e-03 1.05821285e-02 1.59665942e-03
 6.90359399e-02 9.05682333e-03 7.32997025e-04 3.29517899e-03
 5.94537426e-03 3.93103287e-02 3.20517153e-01 1.46689081e+00
 8.49975459e-03 2.29795761e-02 9.69463680e-03 4.82705468e-03
 1.11186947e-03 2.14022081e-02 1.22225685e-02 3.33970739e-03
 1.44510465e-02 1.35830254e-03 2.31939275e-03 5.61754266e-03
 5.27626649e-03 8.47049523e-04 7.87993800e-03 2.34995991e-01
 8.10276368e-04 6.67363591e-03 6.09683385e-03 2.25309992e+00
 1.50198294e-02 7.08540902e-03 1.21074924e-02 1.56172812e+00
 1.77707914e-02 1.18368734e-02 8.02848302e-03 6.04716712e-04
 1.34971226e-02 4.34564659e-03 3.62432445e-03 7.06401421e-03
 1.09856646e-03 6.75359741e-02 9.30973561e-04 2.57327268e-03
 6.78323023e-03 2.64472365e-02 4.08847481e-02 3.78752616e-03
 4.31115692e-03 5.61251491e-03 1.04892151e-02 6.11928198e-03
 1.04372986e-01 8.14125873e-03 2.06395821e-03 1.26056839e-03
 1.11784963e-02 1.87350720e-01 9.53755993e-03 5.32212518e-02
 1.08199663e-01 8.81190971e-03 1.32843047e-01 2.08225727e-01
 9.27405339e-03 1.64740777e-04 5.46909332e-01 1.97044946e-02
 3.04783657e-02 4.59752828e-02 2.85312198e-02 3.04055144e-03
 3.02157402e+00 3.04348720e-03 1.32261636e-02 6.99151726e-03
 2.26192083e-02 9.64332465e-03 6.63077366e-03 1.19691538e-02
 1.44412518e-02 8.49491544e-03 5.24525996e-03 9.22619191e-04
 2.24550627e-02 1.35337114e+00 3.72253195e-03 8.91104806e-03
 1.71948550e-03 1.23927509e-02 6.66889315e-03 3.07512144e-03
 4.91127698e-03 5.48628392e-03 4.20077518e-03 3.15365978e-02
 1.49242417e-03 2.77126171e-02 1.16842063e-02 8.16417783e-02
 2.63954140e-02 3.95096513e-03 3.78466793e-03 9.04018618e-03
 5.77102974e-02 1.78667270e-02 6.39092475e-02 3.13426647e-03
 4.50333022e-03 1.06977904e-03 7.27146678e-03 1.13966605e-02
 1.40536167e-02 3.68308742e-03 8.42923019e-03 1.76278315e-02
 6.65957034e-02 7.20282551e-03 4.46097984e-04 5.18818572e-03
 1.96638759e-02 4.20949548e-01 2.22660657e-02 1.47796748e-03
 9.32276994e-03 8.47221911e-03 5.83884539e-04 2.57507376e-02
 7.05881864e-02 2.25526057e-02 7.56976253e-04 1.86479352e-02
 2.44739242e-02 1.18695991e-03 1.46565914e+00 2.52707619e-02
 3.18916608e-03 1.15828589e-03 1.33396620e-02 1.31167364e+00
 2.17885375e+00 1.18204327e-02 1.27065349e-02 2.02204343e-02
 9.90459509e-03 2.22830847e-03 1.93711612e-02 4.45212394e-01
 8.64366908e-03 3.02546727e-03 1.17667634e-02 3.89701612e-02
 1.02987522e-02 3.26231052e-03 6.01744570e-04 2.38651782e-02
 4.73996513e-02 1.18484497e-02 4.30012122e-03 2.03446448e-02
 6.71967149e-01 4.47441684e-03 3.88398021e-03 3.91816022e-03
 4.33454430e-03 1.60946138e-02 1.05747439e-01 2.33808920e-01
 1.82885770e-02 5.15230373e-03 2.24464595e-01 1.06296092e-02
 2.67135445e-02 8.88857245e-03 8.58932400e+00 7.65196443e-01
 2.49868305e-03 2.39579531e-04 8.80410708e-03 3.39628272e-02
 2.34515142e+00 1.80129427e-02 1.41901914e-02 7.74570554e-03
 1.28252781e-03 2.61023967e-03 3.60760139e-03 7.47942459e-03
 4.61646989e-02 5.58910465e+00 5.11652939e-02 8.30279663e-03
 1.96265732e-03 1.89045724e-03 3.16355750e-02 6.22614659e-03
 2.13537458e-03 4.54046670e-03 4.91943471e-02 1.01771625e-03
 2.68666744e-01 7.08641261e-02 2.49376823e-03 1.67703163e-03
 2.35913750e-02 7.10308226e-03 9.87378694e-03 3.85823101e-03
 1.76876634e-01 4.59747529e-03 1.85916312e-02 2.46625040e-02
 1.99713977e-03 2.88597774e-02 7.02249492e-03 1.08185392e-02
 2.72489642e-03 1.38122123e-03 1.63895845e+00 4.20978852e-03],0.20758617,[1.89462281e-03 2.21614577e-02 7.52238929e-03 1.17988670e-02
 9.36959758e-02 3.37349041e-03 4.44645248e-03 2.34384136e-03
 8.36173445e-03 4.42061620e-03 5.53321559e-03 3.24595496e-02
 2.88864085e-03 7.24446416e-01 5.76041579e-01 7.47728068e-03
 7.35997641e-03 6.68703858e-03 2.89536472e-02 9.84474085e-03
 2.15161778e-02 1.87876951e-02 6.69484632e-03 5.78939868e-03
 9.95863229e-04 6.89667463e-03 5.70304692e-03 2.43993918e-03
 7.90827163e-03 3.53826559e-03 1.80869345e-02 3.87578551e-03
 2.88562682e-02 8.50196090e-03 6.77916128e-03 1.69540115e-03
 5.81645221e-02 1.07952915e-02 6.30870927e-03 5.62612945e-03
 5.44980448e-03 1.71609819e-02 4.20174932e+00 1.92148507e+00
 6.26767846e-03 1.60550028e-02 2.68485327e-03 2.27731653e-03
 1.11128073e-02 3.19611840e-02 5.94447041e-03 1.47432275e-02
 4.19963337e-03 4.11340781e-03 3.99621716e-03 6.49116933e-03
 6.09227549e-03 4.29005129e-03 1.75039433e-02 2.89042860e-01
 1.25186611e-03 5.85728278e-03 1.28687900e-02 4.37124634e+00
 9.45156813e-03 1.01037929e-03 6.34311058e-04 1.38821554e+00
 1.56406090e-02 1.28786797e-02 7.87573308e-03 6.43902086e-03
 5.59050962e-03 2.05083215e-03 1.62764341e-02 7.97281787e-03
 5.66290412e-03 3.90839614e-02 2.94729159e-03 8.02967511e-03
 8.26585665e-03 3.98484394e-02 1.31406218e-01 6.86964137e-04
 7.98260048e-03 3.40113929e-03 2.36582626e-02 2.30095163e-03
 1.22759737e-01 1.87539235e-02 4.69694054e-03 4.91487654e-03
 1.71106905e-02 2.68875957e-01 8.50707572e-03 4.10306640e-03
 1.32573545e-01 1.59367342e-02 1.18794188e-01 7.10851699e-02
 1.42213032e-02 1.73944863e-03 4.02567005e+00 1.58598237e-02
 1.16849001e-02 1.32766012e-02 2.89085787e-02 6.63303258e-03
 7.93810248e-01 3.94065911e-03 3.04805618e-02 1.44234691e-02
 3.60748582e-02 1.14806257e-02 8.46494548e-03 8.03346280e-03
 1.24972425e-02 2.96813808e-02 1.27777401e-02 4.23732307e-03
 9.18309391e-03 9.19375956e-01 1.28299491e-02 2.21355576e-02
 3.58827133e-03 5.14653325e-03 9.02816653e-03 5.70195168e-03
 4.82888892e-03 2.65702158e-02 6.40105410e-03 4.77788784e-02
 2.89702555e-03 9.04487353e-03 3.63205699e-03 7.79455602e-02
 2.60371827e-02 2.47604703e-03 4.57146671e-03 1.50326584e-02
 6.54496774e-02 7.23107066e-03 7.66088068e-02 9.17447917e-03
 5.97133115e-03 2.95787724e-03 7.64475577e-03 7.85582047e-03
 1.17394663e-02 1.34636275e-02 4.58372850e-03 2.31079236e-02
 1.11687258e-01 8.14114325e-03 8.73026997e-03 1.02281403e-02
 1.91125069e-02 2.88294375e-01 1.66951157e-02 2.31306953e-03
 1.23514691e-02 7.99670257e-03 3.46659333e-04 5.95851894e-03
 3.77582870e-02 1.32739367e-02 4.71215788e-03 6.14260836e-03
 4.03614864e-02 1.47886947e-03 6.57267034e-01 2.79990546e-02
 1.03779305e-02 1.03887822e-02 1.33614847e-03 2.05317307e+00
 2.38822150e+00 8.84957705e-03 9.69612822e-02 4.01517488e-02
 3.83506948e-03 2.48881336e-03 8.65603145e-03 1.75122881e+00
 2.39141029e-03 4.11465764e-03 1.62417125e-02 1.84458755e-02
 8.70995689e-03 3.20028630e-04 5.32899238e-03 4.38231975e-02
 2.03854050e-02 6.99791405e-03 6.77398592e-03 1.85973160e-02
 7.45143235e-01 1.84324826e-03 5.09871729e-03 7.76525494e-03
 8.20742734e-03 2.69552730e-02 7.81479627e-02 1.20382667e-01
 1.60831846e-02 6.31978549e-03 3.69624555e-01 1.34832347e-02
 4.85263988e-02 2.25195009e-02 1.09845266e-01 6.40804112e-01
 2.20550690e-03 1.98469614e-03 3.53134726e-03 4.51015830e-02
 6.45140946e-01 1.83969811e-02 6.53871987e-03 2.26764241e-03
 2.74134893e-03 2.78064655e-03 1.07172998e-02 2.86961743e-03
 1.15112159e-02 3.24928075e-01 5.03670834e-02 6.14777813e-03
 2.15932447e-02 3.36902705e-03 8.68582819e-03 2.10567024e-02
 2.58590491e-03 6.80624507e-03 1.03307003e-02 1.33402096e-02
 1.23354226e-01 4.57868725e-02 2.41980015e-04 2.54017347e-03
 3.41531709e-02 4.43868525e-03 1.13218848e-04 2.66888104e-02
 5.31663120e-01 2.19471939e-03 2.58041136e-02 3.23366784e-02
 4.42694221e-03 1.69576816e-02 3.96947283e-03 9.86636989e-03
 4.20566509e-03 6.70136278e-03 1.04116237e+00 9.58612561e-03],-96.63622,-107.7912,-302.85724,1.0810561,2.117484,0.9814241,0.9302058,2.6828406,-2.9449008,30.09251,161.42107,6.129638,0.49702296,0.57012284,-150.3212,150.3212,[5.79910889e+02 3.11325378e+01 2.97133362e+02 8.43566513e+01
 1.98904370e+03 1.59812332e+02 9.20977936e+01 1.04475014e+02
 1.68467865e+02 8.96370544e+01 1.34127185e+03 6.52415619e+01
 2.83553944e+01 5.31445984e+02 9.11699371e+01 3.52123032e+01
 3.54308691e+03 6.66976868e+02 2.16654510e+01 3.39514771e+01
 3.85678749e+01 1.18969666e+03 1.63312221e+00 3.35457062e+02
 1.45475941e+01 6.47712402e+01 1.74979630e+01 1.23859701e+01
 3.99263733e+02 7.90621567e+01 1.42924604e+01 2.19982567e+01
 1.18674576e+00 7.90459656e+02 2.77877064e+01 4.78001074e+03
 2.30323059e+02 6.12627563e+01 2.22972488e+02 1.10994177e+01
 5.92548866e+01 2.09001251e+02 1.97855129e+01 2.03978481e+01
 1.24701500e+01 2.01132412e+01 3.23010223e+02 6.32238281e+02
 6.09421234e+01 2.17737015e+02 7.64206648e-02 7.00315857e+01
 3.84485703e+01 4.86478767e+01 5.22431519e+02 4.32217026e+01
 1.26618357e+01 3.16786995e+01 3.27497053e+00 1.29012477e+00
 1.73183984e+03 3.27270460e+00 4.03377190e+01 6.60310449e+03
 1.65623077e+02 8.13831234e+00 1.28280121e+02 1.48003235e+02
 1.96251602e+01 3.15085739e-01 7.71095825e+02 1.37621857e+02
 3.24596329e+01 2.98429737e+01 1.32369049e+02 9.42713165e+01
 5.44840813e+00 1.74710037e+02 1.19996956e+02 3.48622589e+01
 4.62263550e+02 4.23092920e+03 1.75313293e+02 1.46089340e+02
 1.12803259e+01 1.77947164e+00 1.57650566e+01 2.27948780e+01
 3.67678490e+01 1.09458649e+00 2.23000984e+01 5.77218094e+01
 1.04515015e+03 2.74857121e+01 7.25386429e+01 4.06992493e+02
 2.22929316e+04 4.06076935e+02 3.29779220e+00 1.99076614e+01
 1.68177783e+00 4.94515762e+01 7.92389214e-01 1.98575115e+00
 2.56911438e+02 2.74649353e+02 1.55475146e+03 1.10457092e+02
 2.40452328e+01 2.22469540e+01 4.10785059e+03 3.78664899e+00
 2.89210644e+01 8.18614120e+01 2.44266777e+01 2.62664355e+03
 9.18890503e+02 1.23029089e+01 3.33768311e+02 2.28402214e+01
 1.94335098e+02 4.25431557e+01 4.08226562e+02 6.34657631e+01
 4.12148972e+01 9.84994049e+01 2.87766790e+00 6.99862915e+02
 1.81332493e+01 5.83887148e+00 2.38297081e+01 3.59229469e+01
 2.11613808e+01 2.25271344e-01 2.38169830e+02 6.04191772e+02
 1.09581429e+02 4.85900452e+02 1.52165489e+01 2.19186287e+01
 2.42572800e+02 6.13843750e+03 1.24554947e+02 1.14324737e+00
 1.27025757e+02 1.76854229e+00 1.59468842e+01 3.76577072e+01
 7.82177687e+00 4.30388031e+01 9.60713577e+00 3.45416504e+02
 1.21315956e+01 9.28304749e+01 2.24702418e-01 3.15775719e+01
 8.50122333e-01 1.77682104e+03 1.30278503e+03 2.09892631e+00
 9.39348030e+00 8.93774796e+00 8.35785866e+00 5.32675586e+03
 3.19228088e+02 3.90991173e+01 2.52888229e+02 2.83010986e+03
 1.07012671e+03 1.02105110e+02 6.65212860e+01 4.48935449e+03
 2.33554016e+02 3.82226868e+02 4.48647614e+01 5.99665165e+00
 4.08336487e+01 2.23258740e+03 1.59090027e+03 2.25320988e+01
 6.92361164e+00 1.06686258e+01 9.52751367e+03 1.06023022e+03
 1.19370312e+03 7.23783493e+00 7.40749073e+00 6.60492229e+00
 4.35223770e+01 2.02464508e+02 1.91843147e+01 1.71502934e+01
 5.35359116e+01 1.61132782e+02 4.60643845e+01 3.09440674e+03
 2.05044708e+02 1.60862103e+01 5.28044800e+02 1.18601370e+01
 4.20541077e+01 1.10948217e+00 4.80221405e+01 6.63346680e+02
 4.09162402e-01 2.86142883e+01 8.63169189e+02 4.42397888e+02
 4.61908508e+02 1.92937164e+02 6.09954651e+02 1.76052499e+00
 5.34291382e+01 2.82926819e+02 4.87860504e+02 1.62999420e+01
 4.42726707e+00 1.21699707e+02 1.82046509e+02 4.23972321e+02
 2.29935944e+02 2.17300898e+04 1.51143379e+01 2.19520172e+02
 6.48686816e+03 4.81089966e+02 1.61188202e+01 2.91348267e+03
 4.21468213e+03 1.94107914e+00 3.21955261e+01 1.83901215e+02
 1.36292831e+02 2.97356915e+00 2.07857971e+01 7.55333099e+01
 1.26275269e+03 4.25967377e+02 2.94971460e+03 2.39269753e+01
 5.29575317e+02 3.89491245e-02 3.47132416e+01 2.54488672e+03
 9.23053955e+02 6.91623917e+01 1.19892418e+02 7.18307877e+01
 2.31020756e+01 6.84110449e+03 1.20862465e+01 7.10817814e+00
 4.06195211e+00 1.97134185e+00 3.05576668e+01 6.26988068e+01],830.3512,[7.31551575e+02 1.67336044e+01 1.53649948e+02 5.69140739e+01
 6.70849512e+03 5.52295189e+01 4.97850494e+01 3.94499741e+01
 7.16116791e+01 2.91924591e+02 4.11128815e+02 2.41880341e+01
 1.57734337e+01 9.82095566e+01 2.54263794e+02 2.09377408e+00
 1.20259961e+03 1.78998450e+03 7.48612976e+00 1.21503201e+01
 4.66149235e+00 3.11079346e+03 9.74278033e-01 1.00139685e+01
 5.56063721e+02 5.53850555e+00 3.19968319e+00 1.13846743e+00
 9.46967468e+01 5.72211218e+00 4.59197474e+00 1.18774443e+01
 1.18859398e+00 3.03169556e+02 1.62207966e+01 2.47001123e+03
 1.76130619e+01 2.46775703e+01 6.36109734e+01 2.47325826e+00
 1.27690039e+01 6.09804993e+01 7.84180756e+01 7.32623863e+00
 4.36310244e+00 2.54047346e+00 1.16818066e+03 1.11446179e+03
 2.01555588e+02 1.31476395e+02 8.59839022e-02 6.97578144e+00
 3.78384924e+00 1.04460342e+02 1.08514801e+02 2.29893112e+01
 1.09829533e+00 2.08886017e+02 3.03139448e-01 7.69810438e-01
 1.27854016e+03 4.40164757e+00 9.28521633e+00 8.09299072e+02
 1.93322937e+02 2.45757084e+01 8.75284042e+01 9.38439178e+01
 1.43335354e+00 9.70487595e+00 3.21982941e+02 1.48703156e+01
 2.24752617e+01 7.81942320e+00 2.32322357e+02 5.99969559e+01
 6.25931644e+00 5.04109894e+02 7.05098724e+01 9.07148933e+00
 4.08251251e+02 4.13439746e+03 8.10063629e+01 9.55154877e+01
 1.84341085e+00 7.37319142e-02 2.60077782e+01 4.14773047e-01
 1.77684498e+01 5.03495026e+00 1.04211645e+01 1.15452232e+01
 1.02507202e+03 1.17735920e+01 1.57140063e+03 3.54030212e+02
 1.32156133e+04 1.37931750e+03 2.87723351e+01 1.36992636e+01
 5.15235281e+00 6.00530005e+00 9.36474144e-01 2.95254397e+00
 1.40070374e+02 9.05475647e+02 4.88125397e+02 1.07720398e+02
 1.30549335e+01 1.16230377e+02 3.99114233e+03 2.39461823e+01
 6.11872711e+01 5.44984016e+01 2.29633598e+01 1.96487036e+03
 4.64838501e+02 5.62246752e+00 4.96051636e+02 2.54229317e+01
 2.77999756e+02 4.85307922e+01 9.75838928e+01 4.67475815e+01
 1.20173998e+01 1.76997238e+02 1.59218454e+00 2.32625293e+03
 1.06664257e+01 2.10520315e+00 1.14524758e+00 1.54481792e+00
 3.60932922e+02 9.35819969e-02 3.68506088e+01 3.86686172e+01
 3.36797241e+02 9.46876099e+02 8.32720637e-01 5.43998337e+00
 1.56798447e+02 3.81293872e+03 1.57624847e+02 6.72697008e-01
 1.29894073e+02 9.19554520e+00 6.86183167e+01 4.75225687e+00
 1.34207129e+00 2.59527445e+00 2.95751095e+01 4.63957275e+02
 1.77122593e+01 1.30036926e+02 1.86636925e-01 1.21850252e+01
 1.09893627e-01 1.01945410e+03 4.10931305e+02 6.28341827e+01
 6.03903151e+00 4.36108360e+01 2.98882532e+00 4.44265430e+03
 2.46815796e+03 1.00620708e+01 4.23670837e+02 1.62364600e+03
 1.59472656e+03 1.43421051e+02 4.56915550e+01 6.43888379e+03
 1.21873856e+02 3.68052155e+02 1.06557884e+01 6.77602720e+00
 1.10337412e+00 3.21195679e+02 1.61726257e+03 9.57591438e+00
 9.16495609e+00 1.89535415e+00 1.38696704e+03 2.63242090e+03
 1.36867767e+02 6.15040398e+00 3.55615463e+01 3.26272511e+00
 1.05749527e+02 1.13036240e+02 6.54329014e+00 1.19646776e+00
 1.04792728e+01 9.57049255e+01 3.68797302e+00 1.62343872e+02
 1.68456299e+02 4.46585989e+00 8.61405106e+01 4.50214577e+00
 1.63325939e+01 1.03115059e-01 1.16366596e+01 1.42172754e+03
 3.38665152e+00 9.26627922e+00 1.01063806e+03 4.81950165e+02
 6.98375092e+01 1.88338348e+02 2.94778979e+03 4.55019206e-01
 8.87982483e+01 1.07363594e+02 3.90983704e+02 1.41293490e+00
 5.13243866e+00 7.39838257e+01 9.36252880e+00 3.03612640e+02
 4.29349594e+01 2.18271164e+02 9.68776762e-01 2.51855499e+02
 3.45805566e+03 3.59845605e+03 1.59530230e+01 3.99052344e+03
 3.35470874e+03 1.46717901e+01 3.44911289e+00 1.71337799e+02
 1.89204758e+02 2.75380045e-01 5.28662415e+01 1.27422684e+02
 4.04390678e+01 2.81372559e+02 3.84791626e+03 7.97819555e-01
 2.41786606e+02 9.80789736e-02 2.09384155e+01 2.61438013e+03
 2.95109283e+02 6.25535316e+01 1.84282475e+01 7.88779736e+00
 1.00538559e+01 6.45521680e+03 2.33872795e+00 1.75790806e+01
 1.25725007e+00 1.43316352e+00 1.50332098e+01 3.32457771e+01],-101.87059,-157.3935,-330.547,3.1211023,28.281063,0.37955424,0.95563537,0.01797579469680786,14627.285559177399,0.5,0.5,0.049394996674716335,-0.013729436020646234,0.04944980456489485,0.001128512628853024,36.032333798368796,37.59999999999999,0.0,874500.0,-1.0,-756.0,750.0,12.470093250274658,875000
103.28586,0.038158387,0.04252872,0.0013209783,-102.82241,102.82241,[7.13157188e-03 1.52929854e-02 2.51241424e-03 3.09804711e-03
 5.55770844e-03 1.46683827e-02 2.33603083e-02 3.92205501e-03
 3.65442899e-03 6.43022358e-05 8.05770829e-02 6.84476458e-03
 4.34197718e-05 1.65957212e-02 3.55066732e-07 1.04529476e-02
 8.72707888e-02 6.91040792e-03 2.20834464e-02 2.73456052e-03
 4.63383179e-03 3.17854865e-04 2.96010971e-02 7.67504389e-04
 4.10582696e-04 2.76655192e-04 4.61972225e-03 2.86690448e-03
 6.37710188e-03 7.99676991e+00 9.14909542e-02 2.58123328e-04
 6.38934970e-03 4.36774548e-03 3.81618040e-04 3.51499987e+00
 4.19659028e-03 5.10264486e-02 4.02838029e-02 6.14642352e-03
 1.43642398e-03 1.35839172e-03 1.54452864e-05 1.09187858e-02
 8.84016335e-04 3.57138272e-03 2.18513697e-01 4.94429143e-03
 3.94706847e-04 5.46133891e-03 4.91231773e-03 2.50870921e-03
 1.24420798e+00 8.24144401e-04 1.70798786e-02 1.37447752e-03
 1.04099261e-02 6.80567289e-04 6.96457108e-04 3.75656635e-02
 7.51043415e+00 5.34717369e+00 8.72493547e-04 5.24357297e-02
 2.04773946e-03 5.23801334e-03 1.02656335e-03 4.12713457e-03
 2.82175001e-03 3.48047465e-02 9.32393502e-03 5.35340048e-04
 4.44078958e-03 3.36317462e-04 1.64624974e-02 7.26664186e-01
 1.92697383e-02 7.60313415e-04 4.12519462e-03 1.10938423e-03
 1.39421318e-03 3.40832048e-04 3.17355734e-05 4.02995665e-03
 1.32341229e-04 2.23547081e-03 1.85674559e-02 1.19640883e-02
 3.92163575e-01 9.10768360e-02 1.18992347e-02 2.41862088e-02
 6.71584010e-01 2.76012870e-04 2.90502179e-02 1.34334317e-03
 2.61256238e-03 8.46417621e-03 2.95726303e-03 4.69571096e-05
 1.51549995e+00 9.64762934e-04 1.39920565e-04 1.52206058e-02
 2.71881104e+00 6.42024279e-02 9.04480112e-04 2.61884765e-03
 9.70597670e-04 7.89031014e-03 9.63477418e-03 5.25550731e-03
 3.94161837e-03 4.52330895e-03 5.15852775e-03 2.39366724e-04
 5.27764112e-03 2.70945998e-03 1.70722464e-03 1.06700580e-03
 3.17436419e-02 1.46244303e-04 3.17298807e-03 8.07247125e-03
 1.88963814e-03 1.75940767e-02 6.94030430e-03 4.57112910e-05
 1.95073104e-03 1.26835075e-03 1.49724986e-02 5.00036217e-02
 1.39919226e-03 5.75448480e-03 3.51269264e-04 3.50276381e-02
 3.45594948e-03 1.47764036e-03 1.94957503e-03 5.17994922e-04
 4.37355693e-03 5.67297358e-03 2.28540460e-03 3.92047456e-03
 1.29143968e-02 1.32998475e-03 4.68640262e-03 1.23792421e-02
 8.01936549e-04 5.02776727e-02 9.87094175e-03 1.10850856e-03
 2.05539237e-03 4.58499999e-04 7.78232701e-04 5.56188752e-05
 7.14696536e-04 2.10759742e-03 1.05794519e-01 2.72667734e-03
 7.72685930e-02 4.64928942e-03 1.33485161e-03 3.05538927e-03
 1.81227806e-03 2.94470228e-03 6.47973083e-03 3.38791218e-03
 2.05540517e-03 1.45558594e-03 8.63231719e-03 1.57836467e-01
 1.23784877e-03 2.31935692e+00 3.38061037e-03 1.02169556e-03
 8.18915386e-03 3.29387980e-03 2.61223793e-01 3.06488527e-03
 2.15138332e-03 1.87803712e-03 8.27390759e-04 3.21002735e-04
 7.70334713e-03 7.04640672e-02 4.64351028e-02 7.94731313e-04
 2.70373141e-03 7.65555131e-04 1.17850141e-03 2.57603437e-01
 9.57154762e-03 3.12587305e-04 8.82047508e-03 1.11453526e-03
 5.72169013e-03 1.37233706e-02 3.73039907e-03 1.58883035e-01
 8.68835312e-04 1.22167636e-03 3.44740343e-04 5.66661730e-03
 1.91788044e+01 2.86366008e-02 2.63963884e-04 2.04810174e-03
 2.51405127e-03 2.34443985e-04 3.29463258e-02 1.61603093e-04
 1.57803344e-03 1.77403037e-02 3.57237570e-02 1.63152348e-03
 6.22009583e+01 8.64434813e-04 2.46826205e-02 1.20529649e-03
 4.82041202e-02 7.64099693e+00 5.86344302e-03 2.21693609e-03
 5.61740324e-02 1.53655130e-02 2.17534893e-04 1.15592964e-04
 8.11375678e-04 7.62935169e-03 6.33383461e-04 9.82837752e-04
 3.45510896e-03 1.57092162e-03 1.10809389e-03 6.57021813e-03
 2.50411606e+00 7.00426772e-02 5.33760153e-02 1.75200980e-02
 1.59399840e-03 1.12209376e-03 1.31233799e+00 2.83395443e-02
 1.40242362e-02 4.62004449e-03 6.57200872e-04 1.03931292e-03
 4.49804403e-02 8.74881819e-03 7.74236862e-03 3.51184234e-02
 7.23489560e-03 2.31115706e-03 5.14471030e-04 1.43044326e-03],0.60999835,[2.69057485e-03 3.68658511e-04 3.86242336e-03 3.18155810e-03
 2.73517240e-03 1.72868781e-02 1.84327997e-02 3.11145671e-02
 2.40937900e-03 1.32257515e-03 1.25746280e-01 7.39474222e-03
 5.42627007e-04 9.09545459e-03 6.22645603e-05 9.62820742e-03
 7.85022229e-02 7.61221629e-03 1.02714170e-02 3.81780602e-03
 3.54333571e-03 1.22848246e-03 5.90964267e-03 2.02512834e-04
 4.39545326e-03 2.39078014e-04 2.19963561e-03 2.83953850e-03
 4.89666872e-03 1.32904434e+00 1.23097263e-01 2.88658496e-03
 8.90961289e-03 1.61323056e-04 4.86810226e-04 1.87940800e+00
 3.89171811e-03 3.76442168e-03 1.56896852e-03 1.50417350e-03
 4.63632541e-03 1.17158424e-03 2.70721619e-04 1.44993071e-03
 2.88491556e-03 4.87475703e-03 2.24039465e-01 6.62522530e-03
 3.22244363e-04 5.48313046e-03 1.38336830e-02 4.59106639e-03
 4.27588820e-02 8.07992474e-04 1.67875476e-02 3.04174330e-03
 6.51793834e-03 1.85687677e-05 3.63411033e-04 1.30753424e-02
 2.20773792e+00 1.74274981e+00 1.14079169e-03 1.91410929e-02
 2.43143481e-03 1.72143476e-03 1.02914055e-05 2.56724015e-04
 9.62175801e-03 5.12871630e-02 6.19378686e-03 3.64368607e-04
 2.64719035e-03 1.25382515e-03 2.99429079e-03 7.09694386e-01
 4.04540971e-02 2.13335559e-04 8.42433982e-03 2.45815725e-03
 1.17706694e-03 1.85247720e-03 2.41304399e-04 3.73384659e-03
 5.36440685e-03 1.06924935e-03 5.38098067e-03 4.84546926e-03
 2.38776565e-01 3.82749513e-02 1.76386982e-02 6.64997206e-04
 1.57610923e-01 9.87492967e-07 3.48983891e-02 2.56070029e-03
 1.74527103e-03 1.84993073e-03 2.37558992e-03 7.04668276e-03
 6.45819724e-01 2.86942767e-03 2.12556799e-03 2.41629593e-02
 5.59130218e-03 1.01384195e-02 7.07895611e-04 1.47815747e-03
 2.38434644e-04 3.06236418e-03 8.81035998e-03 6.92787115e-04
 3.07110883e-03 4.40146774e-03 4.62395512e-03 7.35531794e-04
 3.71114979e-03 1.13917934e-03 1.69598637e-03 1.10631413e-03
 7.55603015e-02 6.21804094e-04 3.20350309e-03 1.00273797e-02
 2.25282507e-03 1.31107837e-01 1.41115021e-03 2.66958051e-03
 2.78286031e-03 5.18779852e-04 2.08059158e-02 9.12300032e-03
 4.20521770e-04 1.85448141e-03 4.28458909e-04 6.80652857e-02
 1.11638848e-03 1.78675074e-03 2.62980931e-03 4.50042135e-04
 1.41772488e-03 3.29415593e-03 2.12969189e-03 3.66787496e-03
 1.18286274e-02 1.07978331e-03 1.23021845e-02 3.32870265e-03
 1.05556764e-03 4.49451730e-02 7.53263831e-02 1.56770367e-03
 3.92670790e-03 8.98050203e-04 7.54868204e-04 7.26669678e-05
 1.17029820e-04 1.68958995e-02 2.86846727e-01 2.52357125e-03
 1.07202511e-02 3.51269729e-03 3.00720916e-03 3.15523054e-03
 1.34003162e-03 7.90613994e-04 3.13839712e-03 6.12429623e-03
 3.09908588e-04 2.50620884e-03 5.85062709e-03 1.57219350e-01
 1.67610124e-03 8.88653278e+00 3.50247719e-05 4.13931906e-04
 1.51037285e-03 1.21299997e-02 1.80666077e+00 8.25869106e-03
 1.06397290e-02 2.47940002e-03 1.00991887e-03 6.53459923e-04
 3.56585858e-03 5.88854551e-02 5.34802675e-02 1.86404237e-03
 3.34475189e-03 1.57356150e-02 1.43511361e-03 8.15132678e-01
 1.83252239e+00 3.49482638e-04 7.49215297e-03 2.68087315e-04
 4.83857701e-03 3.79406987e-03 1.19503494e-03 7.55646676e-02
 5.84403891e-03 5.22612652e-04 1.53033528e-03 7.08572625e-04
 2.31694221e+01 4.86711087e-03 1.56769296e-03 1.12864003e-03
 1.29900314e-03 1.31414563e-04 3.45784798e-02 8.13632505e-06
 1.07496371e-03 1.73645932e-02 3.70837301e-02 1.61843374e-03
 4.46763725e+01 6.59524580e-04 4.12763268e-01 5.14305255e-04
 5.54907024e-02 4.49054050e+00 1.69874146e-03 1.90032320e-03
 2.98028886e-02 2.12660525e-04 3.61487328e-04 8.99135426e-04
 4.62936703e-04 3.84335639e-04 3.27289861e-04 1.55304256e-03
 1.40325576e-02 1.58702629e-03 1.05192140e-03 7.01784901e-03
 1.51013231e+00 5.06099723e-02 2.04173829e-02 1.17645320e-03
 1.17110088e-03 1.18247699e-03 2.47781372e+00 6.40648752e-02
 9.77766467e-04 2.85495538e-04 4.00615681e-04 3.04765021e-03
 1.17493337e-02 1.13662137e-02 1.06524155e-02 7.40263090e-02
 3.02666379e-03 4.40858630e-03 2.67027505e-03 6.58165105e-03],-97.14603,-109.342804,-364.06726,1.0690476,2.1301005,0.982736,0.9296695,11.399358,-14.050827,108.0213,166.38521,6.9577546,0.5443931,0.6096991,-153.98352,153.98352,[4.26564331e+01 4.77930260e+01 2.43600807e+01 3.28367493e+02
 2.65696120e+00 1.97494476e+02 3.16985547e+03 2.68786011e+02
 3.68650246e+01 6.55411224e+01 5.53162346e+01 2.61682617e+03
 2.25638332e+01 7.79070496e+02 9.46845245e+00 2.33234844e+01
 3.75591302e+00 1.87181555e+03 4.37314339e+01 2.30713291e+01
 1.78096130e+02 1.78750885e+02 3.47366295e+01 2.24711792e+03
 1.28031494e+02 6.75129318e+01 5.01469803e+01 2.65931072e+01
 2.00707794e+02 7.20084076e+01 1.07269409e+03 1.24030602e+02
 2.92870898e+03 2.87113619e+00 1.02973358e+02 1.68940918e+02
 5.42761688e+01 3.43677177e+01 4.34835739e+01 1.30992358e+03
 1.44719788e+02 8.43329163e+01 3.62849945e+02 9.05846558e+01
 1.10823372e+02 4.97851639e+01 2.67088776e+01 8.78092194e+00
 2.60799789e+01 7.88330200e+02 4.64460022e+02 4.13941895e+02
 1.72981958e+03 2.40485565e+02 1.32032990e+02 1.64834499e+01
 1.39112835e+01 5.78987579e+01 5.74042053e+01 2.53632339e+02
 6.12506775e+02 1.05084877e+02 1.40741472e+01 4.49979645e+02
 3.84988632e+01 1.62640705e+01 1.09459229e+02 8.83893677e+02
 1.74609661e+01 1.25235090e+01 2.00260574e+02 3.66925240e+01
 2.41454346e+03 4.46240578e+01 3.71644409e+02 1.13531738e+02
 3.13697235e+02 2.10845528e+01 1.58317780e+02 5.06090164e+01
 2.47048645e+01 5.07739449e+00 9.85105820e+01 1.57944984e+01
 2.61809673e+01 9.85602344e+03 1.14157280e+02 7.24514160e+01
 3.21704369e+01 1.83798790e+01 1.52772274e+01 3.40290802e+02
 8.10898743e+01 1.98968542e+03 7.12539291e+00 8.78606262e+01
 3.11202789e+02 3.13251343e+01 2.01091385e+02 8.74406128e+01
 3.67554779e+01 4.03998138e+02 2.64368765e-02 8.85071640e+01
 5.12951736e+01 2.59134277e+02 5.38067341e+00 2.28275032e+01
 4.56701584e+01 3.52545435e+03 3.53490189e-02 1.67905566e+03
 3.47708368e+00 7.58092728e+01 3.55239725e+00 2.00720459e+03
 3.60030317e+00 9.06199570e+01 1.14509163e+01 3.76724510e+01
 2.11712378e+03 1.96993195e+02 5.19468689e+01 7.37689793e-01
 6.67528687e+01 6.47579834e+02 1.28553256e-01 6.77187294e-02
 2.66509171e+01 1.27858877e+01 1.25624283e+02 1.12028246e+01
 2.65345898e+01 8.67735004e+00 5.68694824e+02 6.20753574e+00
 5.15060730e+01 2.24273658e+00 3.48503937e+02 1.86426773e+01
 6.87141562e+00 2.32892090e+03 4.46219025e+01 2.26284542e+01
 1.33768433e+03 4.89197693e+01 6.26134460e+02 1.89166946e+01
 4.77408838e+03 2.57690338e+02 2.54698753e+00 2.16928883e+01
 1.56623337e+02 1.18134674e+02 3.32232356e+00 2.31134491e+01
 1.77120850e+03 1.14973010e+03 6.96727276e-01 1.77569495e+03
 1.29028564e+02 2.03019981e+01 1.20663342e+03 7.32328735e+02
 1.53575394e+02 2.99257874e+02 2.55032166e+02 1.44675690e+02
 6.30289853e-01 1.91756210e+01 8.06349487e+02 7.48473358e+00
 8.13492676e+02 4.99981384e+02 1.23539543e+01 4.31253738e+01
 8.89790726e+00 7.31264038e+02 7.05201187e+01 1.97760284e+02
 1.21332779e+02 2.06617432e+01 4.34796143e+03 7.48455405e-01
 2.98522339e+02 1.07760847e+00 9.98390427e+01 5.23434570e+03
 4.00412079e+02 4.32419205e+00 1.02784888e+03 5.22608566e+01
 2.08105202e+01 3.55380430e+04 7.52030420e+00 8.87848587e+01
 4.51367912e+01 4.03225327e+01 4.99076939e+00 1.57098651e+00
 1.65653061e+02 1.06349449e+01 1.15158901e+01 9.76683197e+01
 2.04338516e+02 6.04078560e+01 1.38545914e+02 1.11933121e+02
 7.50818634e+00 2.97339111e+02 1.95214348e+01 1.87100928e+03
 1.11932556e+03 1.25236130e+02 1.46273756e+01 4.58385658e+00
 1.77533752e+03 4.23564034e+01 7.90319519e+01 4.87354492e+03
 2.55358203e+03 4.04812889e+01 2.49087960e-01 1.07991406e+03
 2.69762604e+02 1.02436668e+02 1.10518360e+01 4.41887093e+01
 2.92834912e+03 4.35752449e+01 5.90261658e+02 7.97314758e+01
 2.31233551e+02 5.20659714e+01 2.21074961e+04 9.10160370e+01
 4.91965210e+02 5.14097333e-01 4.56338120e+01 8.59725830e+02
 2.20654907e+02 3.82686005e+02 5.54924250e+00 1.68043610e+02
 6.66303162e+02 2.53405190e+01 9.84174728e+01 1.21461034e+00
 7.28559082e+02 2.32543793e+01 2.25398493e+00 5.09197418e+02
 1.09417519e+02 2.85591675e+02 6.28297485e+02 4.45581770e+00],832.47577,[4.75919247e+00 2.34336224e+01 4.94197941e+00 4.71296387e+02
 1.25224514e+01 3.34806085e+00 5.16406445e+03 2.20385767e+03
 6.90739975e+01 2.22979331e+00 1.99194794e+01 3.27272314e+03
 8.22675991e+00 1.08778271e+03 6.32072353e+00 6.20727062e-01
 3.05544615e-01 9.08539551e+02 2.48768341e+02 7.86681652e+00
 9.91503830e+01 1.54976471e+02 1.93827240e+02 6.43213501e+02
 2.53523727e+02 1.25162554e+01 6.48181629e+00 1.17433081e+01
 2.46697906e+02 3.48450098e+03 1.10694421e+03 1.25623276e+02
 2.26083472e+03 3.91753912e-01 1.76593151e+01 5.27094555e+00
 4.59780037e-01 5.43274927e+00 3.45098534e+01 1.69780835e+03
 1.33116150e+02 1.03822594e+02 2.46644363e+01 6.90566227e-02
 1.29983688e+02 1.95794239e+01 1.34839690e+00 8.15750003e-01
 1.88803558e+01 2.77263379e+03 5.97978638e+02 1.56569538e+01
 8.59599805e+03 1.70425003e+02 4.66393547e+01 1.74623451e+01
 3.95182228e+00 9.53785717e-01 1.22620354e+01 8.41384399e+02
 5.94920044e+02 6.20774040e+01 1.02307472e+01 3.30665741e+01
 3.19691868e+01 2.84059238e+00 4.47065048e+01 1.28214102e+01
 2.11793494e+00 4.42442656e+00 1.95166445e+00 6.38078785e+00
 4.93747009e+02 1.13371964e+01 1.25825763e+00 2.91131840e+01
 3.46118896e+02 4.14681721e+00 1.03409424e+01 7.87755966e-01
 1.09369874e+00 7.97653046e+01 8.61050415e+01 2.95098448e+00
 3.19389164e-01 8.95658020e+02 9.95287628e+01 4.01055527e+01
 2.83375244e+01 2.81471539e+00 6.53970718e+00 9.47821472e+02
 8.08080387e+00 3.00758496e+03 5.24887562e-01 4.73438110e+02
 1.85830490e+02 4.30132329e-01 4.06386688e+02 6.69905090e+01
 4.28838730e+00 1.94368305e+01 3.47559303e-02 4.95070410e+00
 3.71821938e+01 2.18591843e+02 1.57443523e+00 2.96386194e+00
 4.62784338e+00 7.39193573e+01 3.28042428e-03 1.63095447e+03
 9.42761421e+00 4.76929626e+01 5.87459564e-01 1.64726453e+03
 1.78907275e+00 1.25880722e+02 1.30770817e+01 1.90028992e+01
 7.22829053e+03 1.63800952e+03 3.10503793e+00 1.34568529e+01
 1.42228155e+01 8.48728516e+02 3.06664205e+00 5.59344254e-02
 3.96286201e+01 6.89634122e-03 2.95595367e+02 1.73852921e+01
 5.89145756e+00 3.23696584e-01 3.86888611e+02 1.43035626e+00
 9.12264938e+01 2.54092598e+00 1.84986298e+02 9.63464966e+01
 9.08432579e+00 2.24929321e+03 7.39135027e+00 1.46895399e+01
 1.22377417e+03 4.43708305e+01 4.31747055e+01 1.81542416e+01
 3.28759644e+03 1.57831497e+02 1.63332119e+01 3.93918762e+01
 1.31471497e+02 2.94565487e+01 2.45516729e+00 1.77858400e+00
 4.80766388e+02 2.93637915e+03 3.38525593e-01 1.15795435e+03
 2.01504196e+02 1.06729422e+01 3.71060211e+02 1.79619789e+01
 4.30164871e+01 1.14583411e+03 1.40869690e+02 4.65008888e+01
 5.97398639e-01 1.31245434e-01 1.48353503e+03 1.33335361e+01
 5.54460945e+01 3.20313187e+01 4.72516012e+00 1.76992935e+02
 3.12014818e-01 1.91389984e+02 2.40878029e+01 2.09592117e+02
 3.27110252e+01 1.02060556e+00 5.56989014e+03 9.40885603e-01
 3.90240601e+02 5.73603272e-01 3.20189743e+01 8.99114990e+02
 4.60113892e+02 9.07008362e+00 1.66158752e+03 2.55290794e+01
 6.92789018e-01 1.49104355e+04 3.39016390e+00 1.37444107e+02
 4.28869400e+01 6.74803696e+01 3.05515814e+00 1.99415874e+00
 2.02268295e+02 4.64961891e+01 1.39112606e+01 3.57661972e+01
 6.20112114e+01 1.37490494e+02 2.07212276e+01 8.19635544e+01
 8.71180344e+00 9.76270065e+01 2.52305222e+00 7.55712585e+01
 4.72248383e+01 2.04215279e+01 1.28608599e+01 8.93500090e-01
 3.07328027e+03 1.50933332e+01 4.92062569e+01 3.91196851e+03
 3.00602368e+03 2.69050884e+01 1.29831225e-01 8.52933350e+01
 1.08575020e+02 1.19543488e+02 1.08787079e+01 4.41297646e+01
 1.63235879e+04 2.32482929e+01 5.88737549e+02 2.15901520e+02
 4.33156464e+02 3.38903313e+01 2.87138329e+01 5.27102776e+01
 7.30585632e+01 1.18734989e+01 7.41100883e+00 1.73769577e+02
 6.26323557e+00 3.00414581e+02 1.10073280e+01 2.19489193e+01
 1.85095657e+02 3.46416306e+00 1.77465942e+02 6.55810452e+00
 8.04366455e+02 3.79349971e+00 7.69738770e+01 5.04981995e+01
 3.03225757e+03 3.14085663e+02 3.76895660e+02 3.45876575e+00],-101.85002,-165.22556,-343.4406,2.5907583,17.54981,0.84237444,0.95413893,0.016111815099716188,15030.080974578857,0.5,0.5,-0.050173475508712394,-0.0013690819917695264,-0.05020967693921316,-0.0009930392089205877,36.08358762212571,37.59999999999999,0.0,900000.0,-1.0,-757.0,750.0,11.104808807373047,900000
103.65476,0.017504524,0.051903475,0.0008720374,-103.118225,103.118225,[1.3240532e-02 1.6757280e-02 9.2161476e-04 2.5640306e+00 5.8430305e-04
 5.9757624e-03 1.1796008e-02 1.2393822e-03 6.9885794e-03 7.1930010e-03
 8.9364126e-04 1.4386384e-03 3.6696456e-02 6.8282168e-03 4.0675602e-03
 1.8328923e-04 9.3500465e-03 1.1363706e-02 3.5811478e-04 3.2301203e-03
 1.8844422e-02 1.1993055e-02 5.9199205e-04 4.5931297e-03 1.5822251e-04
 3.5769916e-03 3.1522126e-03 6.0521998e-04 7.7654181e+00 6.6698166e-03
 4.3980442e-03 6.2131891e-03 5.5044220e-04 7.2403636e-04 3.0214989e-03
 2.0635866e-02 9.2763046e-04 3.2287731e+00 3.5526177e-03 2.5944188e-03
 5.1717611e-04 4.3311482e-03 1.6234795e-02 1.8230744e-02 1.0592586e-02
 4.1978978e-02 4.0459313e-04 2.8403378e-03 1.2845941e+00 8.0778301e-03
 5.1846206e-03 1.8109393e-03 5.0018942e-01 1.5829096e-04 7.7467907e-04
 1.5317704e-01 1.4877818e-02 1.6091522e-03 1.2020813e-04 3.0350955e-03
 2.3094904e-02 1.3078173e-04 2.4673793e+00 8.1553366e-03 1.0203635e-02
 2.2391321e-02 4.3391464e-03 1.3421841e-02 3.7643155e-03 2.0718135e-01
 1.3660863e-03 2.1104261e-02 3.1965585e+00 4.4017620e-02 7.1511423e-04
 2.9769321e-03 1.1130394e-03 4.3764494e-02 2.5189342e-03 7.5482694e-04
 3.5333581e-02 8.5255456e-01 9.0573030e-03 4.9387338e-05 4.7122864e-03
 2.1645010e-03 2.9791007e-03 4.7913998e-02 6.0147559e-03 5.8128625e-01
 1.0267170e-03 1.0602106e-04 1.1077948e-03 9.5730107e-03 4.0149364e+00
 4.3230248e-03 2.4014218e-02 5.4566166e-03 2.7474428e-03 3.4781749e+00
 9.6516665e-03 3.4663477e-04 1.5751295e+00 3.8173911e-03 7.7787437e-04
 1.7919063e-03 3.0777514e-01 1.7704968e-03 8.5542095e-04 2.1679924e+00
 3.6133394e-02 7.6657685e-04 1.8158898e-02 2.8146140e-02 1.9820705e-02
 1.7692983e-02 2.7845525e-03 1.4738442e+00 4.1064713e-03 1.5001479e-03
 3.1699748e-03 1.4203251e-04 4.3599401e-04 5.4814637e-02 9.7459578e-04
 4.7286055e-03 1.3722684e-03 3.2436264e+00 3.9497488e-03 4.3428661e-03
 7.7463233e-01 2.0826360e-02 6.2509731e-04 4.1623244e-01 1.5251727e-03
 9.9508394e-04 6.8475492e-04 1.0584302e-02 2.3839716e-03 2.6504588e-03
 3.1545130e-03 5.1427563e-04 1.1191014e-03 1.5616799e-02 6.4238265e-02
 3.4303232e-03 8.4246686e-03 5.7944853e-04 2.3505662e-04 9.7299286e-04
 9.2110736e-03 1.2045512e-03 2.2747577e-03 1.1354876e-03 4.7534939e-02
 4.4407016e-03 4.1649672e-03 3.0156621e-03 1.9997628e-03 8.7639401e-03
 1.6604937e-03 3.0951088e-03 8.3035615e-04 4.2591966e-03 2.2334146e+00
 3.7863544e-01 4.7884583e-03 1.8532726e-03 1.7228895e-01 1.2432642e-03
 5.6173303e-04 2.4461851e-02 2.9135579e-03 7.3481357e-04 3.5438854e-02
 2.1498718e-03 3.6512338e-02 2.6653061e-04 7.8470707e+00 1.6929630e-02
 3.6507309e-03 5.2159195e+00 4.3562090e-01 3.6132897e-03 2.0432230e-03
 5.8561405e-03 1.3046040e-02 7.7960925e-04 5.9945002e-04 7.3858496e-04
 2.0093694e-03 2.9794464e-03 6.5340387e-04 5.8013247e-04 1.3743949e-03
 2.5473873e-04 1.6243599e-03 1.3479062e-03 1.1333083e-02 2.5430644e+00
 1.3740616e-01 1.8890111e-02 1.5327562e-02 6.2618824e-03 6.1996171e-04
 6.2728213e-04 3.6837640e-03 4.4788292e-05 4.8341304e-03 1.7826953e-03
 1.3611735e-02 1.4382750e-03 5.4095901e-04 9.6293744e-03 8.8186199e-03
 2.5346670e-02 1.7793532e-03 1.3062386e-03 3.3227387e-03 1.5076818e-03
 1.0285993e-02 1.0160507e-03 1.9213213e-03 5.6850691e-03 2.4924609e-03
 1.1419135e-03 1.2818170e-03 2.5580002e-03 2.3968896e-04 4.4879112e-03
 4.3896318e-04 8.3227701e-02 6.4033554e-03 9.7150076e-03 5.0480739e-04
 5.6218081e-03 1.2795641e-01 2.0114098e-02 1.5072061e-03 2.5870835e-03
 5.2267667e-03 4.0540630e-03 2.0968743e-02 2.1502802e+00 3.5193778e-04
 1.1974666e-02 5.9806672e-04 1.5557213e-03 3.8675950e-03 3.3312682e-03
 8.5379940e-04 2.1110480e-03 9.1565838e-03 1.9924012e-03 6.3754460e-03
 1.3589050e-02],0.21720615,[1.8013928e-02 1.0598620e-02 4.6805898e-03 3.8332739e-01 9.2058966e-04
 1.9771052e-03 6.7837276e-03 3.2615329e-03 1.8332368e-03 5.5339868e-04
 9.9537242e-04 2.0384525e-03 5.2974761e-02 1.2714532e-05 1.8472346e-03
 5.9588638e-04 9.3358858e-03 1.4599390e-02 9.5683523e-04 3.3056887e-05
 1.3858052e-03 1.1908473e-02 1.3815127e-03 5.2715242e-03 1.2150459e-04
 7.7154586e-04 1.8973533e-02 2.0489194e-03 5.8478576e-01 7.1002636e-04
 6.8846941e-03 2.4881079e-03 6.6731242e-04 8.5609645e-04 6.3130923e-04
 2.5109854e-03 9.9003001e-04 1.1919102e-01 2.4066402e-03 2.2046270e-03
 6.7198707e-04 2.1872162e-03 1.1802010e-02 9.9997558e-03 1.6205210e-02
 4.5164950e-02 3.0417659e-04 4.9983645e-03 1.2116036e+00 3.6751202e-03
 2.2223513e-03 3.2809749e-04 6.1881757e-01 5.3413457e-04 1.7613062e-04
 1.4101587e-01 2.0964213e-02 1.4521165e-03 1.2112211e-03 3.2701986e-03
 3.5123799e-03 5.4107048e-05 3.4431428e-01 1.2138868e-03 9.3810130e-03
 7.3650666e-03 4.9473438e-03 2.2026908e-02 2.6941537e-03 1.4437181e-01
 1.8118044e-03 4.7223745e-03 1.3371283e-01 1.1464134e-02 9.2011556e-04
 3.9879757e-04 7.4958411e-04 4.6887498e-02 3.3942601e-03 2.0107869e-03
 1.9420339e-02 1.2583168e-01 7.3927507e-04 3.4722761e-04 3.9706668e-03
 2.0249756e-03 4.5252056e-04 2.8709311e-02 5.0735343e-03 1.0322032e+00
 3.3662468e-04 2.2174616e-05 2.5294826e-04 3.6111057e-02 3.9868283e-01
 3.7464136e-03 1.1106888e-02 1.4089332e-03 3.3585127e-03 2.7352937e-02
 7.3022237e-03 3.2520322e-03 1.2202021e-01 2.7357135e-03 3.1106942e-04
 4.1516833e-03 3.3734801e-01 9.5162686e-04 1.4589499e-03 5.0415626e+00
 2.3516128e-02 1.3957894e-03 3.3221111e-02 5.3595412e-03 1.6542362e-02
 1.2004037e-02 3.4405675e-03 6.8834198e-01 3.8318990e-03 9.1288623e-04
 4.6315286e-03 8.0121594e-04 6.2009844e-04 4.6849295e-02 8.6924323e-04
 4.4340864e-03 9.3887403e-04 1.6992348e-01 3.3412315e-03 4.1137105e-03
 4.7959673e-01 3.3516683e-02 1.7279529e-03 7.6167285e-01 5.5454264e-04
 1.7275487e-03 1.9335153e-04 2.7973503e-03 2.9556688e-03 1.4872249e-04
 2.0490756e-04 4.5686599e-04 2.5819364e-04 1.6278367e-02 4.9108849e-03
 3.0894608e-03 1.0940735e-02 4.9804739e-04 4.5127096e-04 2.6352089e-03
 5.8134375e-03 1.9784414e-03 3.3410175e-03 8.7406603e-04 3.1387050e-02
 3.6708224e-03 1.5859387e-03 2.1822780e-04 5.4050295e-04 9.4191860e-03
 2.2102983e-03 3.7055188e-03 1.2033370e-03 3.0465096e-03 5.3041215e+00
 4.8971683e-02 2.1687290e-02 1.1224740e-03 5.4963566e-02 1.4000274e-03
 5.9028913e-04 2.2205913e-02 2.0301756e-03 5.4160797e-04 4.0843830e-02
 2.0608145e-03 7.5893244e-03 1.4218094e-04 8.3471262e-01 1.9600237e-02
 3.9817225e-03 3.1629534e+00 9.0695018e-01 2.3929609e-03 2.6476569e-03
 3.7204796e-03 4.4293227e-03 1.7561018e-04 4.3629698e-04 9.0462866e-04
 1.7468403e-03 4.0692431e-03 1.1882293e-03 1.5210514e-03 6.9513527e-04
 1.0864489e-04 1.8102913e-03 3.0427298e-04 2.9410759e-04 1.9184961e+00
 5.1478591e-02 1.2155383e-02 5.6578894e-04 9.8807449e-03 1.3471956e-03
 5.6397833e-04 1.7020188e-03 2.3515164e-03 8.2967412e-03 2.0798927e-03
 1.6397953e-02 1.3773413e-03 3.3386733e-04 7.4031330e-03 3.0159813e-03
 2.6273189e-02 1.7427038e-03 8.6295680e-04 9.9923648e-04 4.2101095e-04
 6.3247271e-03 3.9649103e-04 4.7222042e-04 1.0154569e-02 2.6357858e-03
 1.7768252e-03 1.0244839e-03 3.0557142e-04 1.1372613e-03 3.9748731e-03
 6.2191166e-04 4.7246777e-02 1.2268840e-02 3.1223711e-02 7.3212676e-04
 9.2188886e-04 2.9274829e-02 2.1718930e-02 3.3748947e-04 3.0377696e-03
 2.6031411e-03 8.0035126e-04 2.6638953e-02 8.8041127e-01 3.1629700e-04
 1.6704883e-04 6.8109774e-04 9.4545726e-03 7.8176055e-03 2.2263280e-03
 5.5685412e-04 1.5447256e-03 1.9828309e-03 2.3573462e-04 1.0416699e-03
 1.6507797e-02],-97.72497,-107.74939,-318.55725,1.0752591,2.6552334,0.9755601,0.9298026,2.6394117,-2.0058658,29.184454,160.34016,5.9357896,0.45848903,0.559309,-149.81949,149.81949,[9.39092896e+02 6.40409698e+01 1.85324402e+02 5.05490837e+01
 3.27482522e-01 8.79302139e+01 1.93613281e+01 1.22648954e+01
 5.23692856e+01 1.62090731e+00 1.38835114e+02 2.99503727e+01
 6.87718567e+02 1.04341858e+03 1.93328476e+01 2.29657593e+02
 9.44060211e+01 6.93430481e+02 2.81911106e+01 3.97361176e+02
 3.45356567e+03 8.49551163e+01 3.11831570e+01 2.97122900e+03
 8.03344177e+02 5.25332985e+01 3.07698441e+01 1.16856992e+00
 3.95807076e+01 6.80389023e+01 2.32186604e+01 8.61807632e+01
 1.69104401e+02 1.23905544e+01 9.04709530e+00 1.28447144e+03
 5.04993744e+02 1.37859448e+03 1.22614202e+01 4.22629242e+01
 1.72345740e+03 1.07986708e+01 3.72437334e+00 6.68592501e+00
 4.85740448e+02 9.90009827e+02 2.98854517e+03 1.95290070e+02
 7.37451599e+02 3.85439682e+01 4.16794128e+01 5.38533745e+01
 1.25691650e+03 3.25180092e+01 1.59112854e+02 2.26727798e+02
 6.64010696e+01 7.97724199e+00 4.77446795e+00 9.53657568e-01
 2.08530188e+00 1.88135376e+01 3.31079330e+01 1.10187092e+01
 8.54757080e+02 2.40787646e+03 1.72192917e+01 2.15543671e+01
 2.90637878e+02 1.53364807e+02 1.47879810e+03 1.59760408e+01
 1.49142395e+02 3.11569166e+00 2.56904526e+01 3.59704094e+01
 1.09620239e+02 1.96044540e+01 1.31781006e+00 3.63899384e+02
 2.59875441e+00 1.27885559e+02 9.90004959e+01 3.62507538e+02
 6.65943298e+01 6.46348038e+01 2.14096973e+03 1.93799496e+00
 1.38415125e+03 3.80390968e+01 1.32429108e+02 2.78128418e+03
 1.50989428e+01 3.79954437e+02 1.48993994e+03 6.84449310e+01
 5.11186707e+02 1.76959570e+04 7.42986298e+00 6.39635132e+02
 1.35214758e+01 9.17693710e+01 6.14867163e+00 1.99765732e+02
 5.88245964e+00 3.30568838e+00 2.15637422e+04 7.58022785e+00
 1.78950745e+02 5.57948112e+01 3.55137610e+00 1.45618866e+02
 2.81883488e+01 1.50509949e+02 3.33286896e+01 3.87687645e+01
 1.54189774e+02 1.81318302e+01 1.26997688e+02 2.53215683e+02
 1.12606677e+03 1.13206682e+01 3.57840729e+01 2.75393581e+01
 6.02081108e+01 4.84102753e+02 1.46115761e+01 6.38256958e+02
 8.26832294e-01 7.78516998e+01 2.96975136e+01 2.12726631e+01
 6.26359253e+02 1.10506649e+01 1.09706984e+01 2.86806927e+01
 7.22660637e+00 1.14944019e+01 8.32256222e+00 1.70257530e+01
 1.83487606e+01 3.00610428e+01 7.62408590e+00 3.58463287e+00
 3.43150878e+00 6.03290161e+02 1.93066120e+01 1.60480255e+02
 1.08414270e+03 6.72353134e+01 2.47787266e+01 1.86017700e+02
 2.18316016e+04 4.27245445e+01 4.19339981e+01 2.60053955e+02
 7.10579681e+01 4.61624765e+00 2.34817334e+03 1.57405071e+01
 2.22219734e+01 4.28696918e+00 4.42286713e+02 9.95824242e+00
 3.40497009e+02 1.44139547e+01 2.67084408e+01 1.28531609e+01
 1.58606094e+02 9.50928192e+01 2.13228394e+03 8.02500244e+02
 3.83785934e+01 3.09394002e+00 6.57813721e+01 4.28791275e+01
 6.91658081e+02 7.35326815e+00 2.13441211e+03 3.44441284e+02
 3.14769630e+01 1.64690552e+03 1.32414099e+03 1.71592285e+02
 4.80672302e+01 7.77424866e+02 2.78312225e+02 4.99218475e+02
 1.46800976e+01 4.35144472e+00 6.97888489e+01 1.27609663e+01
 1.18567123e+01 1.25802422e+00 6.77674830e-01 7.30793945e+03
 6.22455688e+02 6.36510010e+02 5.67229271e+00 1.95776825e+01
 1.23903870e+02 9.64235077e+01 2.74493506e+03 1.00396217e+02
 1.55180038e+02 8.33342102e+02 1.65338898e+01 1.23522168e+03
 4.78325615e+01 5.19302025e+01 5.94025726e+01 4.79972852e+03
 1.17912655e+01 3.04960510e+02 2.69698334e+01 1.57553452e+02
 3.55906281e+02 1.02503883e+02 2.65872467e+02 4.42533541e+00
 3.61250336e+02 2.41063747e+01 4.15287304e+00 3.30247726e+01
 2.05805603e+02 2.26647949e+01 1.15858097e+01 2.88536163e+02
 3.57801110e-01 1.87080956e+01 3.30353455e+02 2.53418465e+01
 5.33514137e+01 3.83429443e+02 6.61840527e+03 7.62445605e+03
 5.98530083e+01 4.60036814e-01 2.08815234e+03 2.83837795e-01
 5.82504158e+01 2.37452736e+01 6.79767395e+02 4.96989517e+01
 4.42508268e+00 3.55452156e+00 9.17478561e-01 3.13961304e+02
 1.85888233e+01 2.98680878e+01 4.15132666e+03 1.28618431e+01
 1.30458374e+03 7.99710770e+01 3.58628387e+01 1.01401550e+03],767.8236,[1.03645520e+03 4.24818277e+00 4.67348480e+02 8.52665043e+00
 1.25934124e+01 2.08116245e+01 1.78546143e+00 3.49291873e+00
 2.10962486e+01 1.91597290e+01 3.11876923e+02 3.51260719e+01
 2.06464136e+03 2.54573685e+02 3.97100592e+00 4.17891663e+02
 1.52649391e+00 3.54680939e+02 2.80573387e+01 2.73847107e+02
 9.75630112e+01 2.24068008e+02 1.69667578e+00 4.39413867e+03
 7.95619995e+02 6.37765236e+01 1.35888958e+00 1.53602111e+00
 1.19131721e+02 6.27665329e+00 1.87730322e+03 7.37926712e+01
 1.78864594e+02 2.69654226e+00 3.49604154e+00 1.05914412e+01
 5.11449707e+02 7.12381226e+02 6.46654892e+00 2.63638353e+00
 2.30256445e+03 9.11978722e+00 1.33234234e+01 2.51263714e+01
 3.61513281e+03 7.53213623e+02 2.23980664e+03 8.05285568e+01
 4.33663635e+02 2.07158585e+01 2.69183044e+01 1.33152023e+02
 2.78448755e+03 3.98357178e+02 1.18028793e+02 1.52189038e+03
 3.70460968e+01 6.95232391e-01 1.11859286e+00 1.07888269e+00
 5.86299479e-01 1.21858209e-01 8.19524860e+00 1.66127276e+00
 6.46102051e+02 7.30820679e+02 1.47612786e+00 3.56094627e+01
 3.98993774e+02 3.18711761e+02 1.31746167e+03 1.28883314e+01
 4.14959259e+01 2.30169535e-01 5.87097883e+00 1.17459612e+01
 1.66860275e+02 1.25409603e+00 1.59733936e-01 4.58786926e+01
 3.55987072e+00 3.22209244e+01 2.10226784e+01 5.31726074e+02
 1.58774157e+01 6.45421371e+01 1.05650342e+03 1.72707844e+01
 2.48033496e+03 2.13204613e+01 4.63555908e+00 2.92367188e+03
 6.23298979e+00 3.57250061e+02 3.63564453e+02 3.76621962e+00
 3.58314362e+01 6.50120410e+03 5.58332396e+00 6.42919067e+02
 4.41520959e-01 3.95176163e+01 2.19136381e+00 2.58586395e+02
 1.09337263e+01 7.25360107e+00 8.15119743e+00 1.99660516e+00
 6.75219965e+00 6.16486549e+01 3.27635132e+02 8.95026245e+02
 2.10820270e+00 5.60807838e+01 2.94459808e+02 3.77141685e+01
 9.65060234e+00 1.72836637e+00 9.71719589e+01 2.10980728e+02
 8.61129395e+02 3.98109703e+01 3.95437384e+00 2.15597553e+01
 1.56644607e+00 2.66582375e+01 9.82835484e+00 8.07637817e+02
 5.87269366e-01 3.60421829e+01 6.86771107e+00 5.45594311e+00
 1.39923553e+01 9.21612549e+00 4.03132324e+01 3.11888485e+01
 3.70719223e+01 1.49540894e+02 3.60508537e+01 1.13947237e+00
 5.17967892e+00 7.53620148e+00 1.93555880e+00 1.64287877e+00
 3.92824888e+00 2.06721893e+02 1.19301262e+01 4.13612137e+01
 5.94693176e+02 1.38393341e+02 1.84734058e+01 1.26173389e+03
 1.02194490e+01 3.00527222e+02 2.73625164e+01 2.40073547e+02
 2.36263351e+01 2.66808558e+00 3.06019824e+03 1.86031783e+00
 2.19264239e-01 7.32688618e+00 1.12477429e+03 7.94979095e+00
 3.39139069e+02 2.85887299e+01 3.17493305e+01 7.05943823e+00
 1.87985059e+03 1.66147293e+02 4.58113379e+03 2.19761206e+03
 1.18436918e+01 7.41480865e+01 3.34007050e+02 4.22825775e+01
 3.33631226e+02 3.38066578e-01 1.66844922e+03 2.83120203e+00
 2.69881287e+02 4.94540771e+03 1.68372192e+03 1.73199783e+02
 4.08021622e+01 1.30138000e+02 6.93766541e+02 1.07555164e+03
 1.96687245e+00 4.04891253e-01 5.69984093e+01 2.76932806e-01
 9.90663223e+01 3.48750085e-01 5.02349995e-02 3.79251282e+02
 6.84717529e+02 5.23738586e+02 1.62109280e+00 3.55545211e+00
 5.72076721e+01 2.44660130e+01 2.81159210e+02 2.49755402e+02
 1.58056900e+02 9.60184937e+02 1.90118771e+01 4.83643896e+03
 1.08005730e+02 1.06114655e+01 1.05641830e+02 2.12801343e+03
 1.29693995e+01 1.83036423e+01 1.78111398e+00 1.34498718e+02
 1.55035317e+00 4.17651329e+01 3.14422852e+02 1.97053375e+01
 5.33211731e+02 4.80698013e+00 3.52904987e+00 1.61791821e+01
 2.07694992e+02 1.01951303e+01 4.11412239e+00 1.66842239e+02
 4.69312400e-01 8.67206192e+00 7.64578934e+01 5.12402630e+00
 1.33532019e+01 9.95542908e+01 7.92211133e+03 4.61897363e+03
 1.35878143e+02 8.50245595e-01 1.52412338e+02 1.30062014e-01
 1.43980827e+01 6.78775024e+00 2.79700195e+03 1.20029434e+02
 7.31308460e-01 2.18119550e+00 1.89106702e-03 1.28144739e+03
 6.30043983e+00 9.78053665e+00 3.44387817e+03 4.84644623e+01
 2.86953857e+03 1.88178116e+02 3.09975362e+00 1.00534229e+03],-103.02351,-160.04312,-335.3438,3.2338824,45.67859,0.9296412,0.95673066,0.01779535969734192,15474.965003728867,0.5,0.5,-0.01821960984256998,0.0006881449464560757,-0.01823578046649588,-0.0016366763545375411,36.07741518011594,37.59999999999999,0.0,924750.0,-1.0,-755.0,750.0,11.477012395858765,925000
103.20303,0.025255933,0.02734921,0.000546745,-102.90429,102.90429,[9.71049741e-02 2.99154548e-03 9.27115791e-03 1.17220869e-03
 9.54561774e-03 1.10322027e-03 1.05472305e-03 2.22007860e-04
 1.03586102e-02 3.16475658e-03 1.16994902e-02 3.03083984e-03
 1.70778763e-03 2.86307209e-03 9.51821543e-03 1.21398037e-03
 1.50152445e-02 3.13045681e-02 1.21727902e-02 2.47525307e-03
 5.92390727e-03 2.01049596e-02 8.25310708e-04 2.20426451e-03
 1.13141779e-02 4.24694503e-04 7.45132798e-03 7.20104724e-02
 1.07136583e-02 9.07742942e-04 7.06366729e-03 2.57881079e-03
 6.77925127e-04 4.19931300e-03 3.63860861e-03 3.16521479e-03
 2.41216924e-03 1.08883241e-02 7.13648796e-02 3.69245943e-04
 6.19094120e-03 1.26064122e-02 1.56111689e-03 2.16870848e-03
 8.12917762e-03 2.18366340e-01 9.49304644e-03 1.01236859e-02
 1.69231137e-03 8.25993717e-03 2.10471498e-03 3.58953714e+00
 1.05706258e-02 7.49528734e-03 1.24000688e-03 7.52251625e-01
 6.01791501e-01 8.70408956e-03 1.93948019e-03 6.48544403e-03
 4.52738313e-04 5.84948212e-02 1.99624244e-02 1.04863846e+00
 4.29073900e-01 1.64501425e-02 1.99159179e-02 4.99515934e-03
 1.79477315e-02 1.54988281e-02 8.90415628e-03 1.05695017e-02
 2.26181513e-03 4.12812689e-03 1.39733870e-02 1.86469674e+00
 3.35143006e-04 1.73312854e-02 4.75959433e-03 4.10899753e-03
 1.70288049e-02 1.21564255e-03 7.35186636e-02 2.86012590e-02
 5.15141152e-03 1.21904957e+00 2.07829420e-02 1.57868699e-03
 1.63235259e-03 1.88747905e-02 4.20109741e-03 2.65702661e-02
 2.42658565e-03 5.22807706e-03 1.76293217e-03 6.96764619e-04
 8.78886692e-03 3.38707662e+00 2.09876932e-02 2.20916991e-04
 1.65958330e-03 1.03327073e-03 5.43202180e-03 2.97735892e-02
 6.08275738e-03 3.13335680e-04 6.23508776e-03 6.06112706e-04
 5.60174510e-03 1.18042633e-03 7.89737795e-03 9.69469838e-04
 1.67177245e-02 3.11177340e-03 7.16685504e-03 4.71701100e-02
 2.59148329e-03 1.06800664e-02 9.17211175e-03 2.06803228e-03
 1.06373876e-02 2.16280539e-02 1.29490584e-01 1.04581546e-02
 3.46932141e-03 2.83557009e-02 4.18598019e-03 1.25396661e-02
 2.11862870e-03 7.54212663e-02 2.22523883e-03 5.66131109e-03
 8.59141164e-03 6.26711175e-03 1.64663553e-01 1.01780426e-03
 2.86640762e-03 1.08452514e-04 1.57400081e-03 2.59102678e+00
 3.57408193e-03 7.57912931e-04 2.13844571e-02 6.81689195e-03
 3.95979406e-03 2.31129706e-01 2.12453329e-03 8.95020552e-03
 2.11959763e-04 2.01223884e-03 9.91525594e-04 5.07508311e-03
 3.61863852e+00 5.74675668e-03 6.54832181e-03 9.61952144e-04
 4.65799682e-03 1.04447198e+00 8.19655973e-03 1.47368191e-02
 8.16440582e-03 7.77575700e-03 8.36956874e-02 1.29634817e-03
 3.03318317e-04 1.03274884e-04 5.89558994e-03 5.26545942e-03
 1.08047063e-03 1.01526978e-03 1.66671295e-02 2.07891129e-02
 2.56019784e-03 4.09172177e-02 8.50026554e-04 6.37854077e-03
 2.72005354e-03 4.88148108e-02 2.12000534e-02 2.64251954e-03
 2.01653782e-03 1.23007456e-03 6.10660389e-03 9.39985830e-03
 9.87506122e-04 1.16841868e-03 1.81043078e-03 8.22802819e-03
 2.93174060e-04 1.64312005e+00 9.72682901e-04 2.63880065e-04
 8.35755654e-03 1.19513297e-03 3.49256843e-02 1.32587785e-02
 1.01994891e-02 3.15785897e-03 6.25037414e-04 1.65804115e-04
 4.51464264e-04 2.35127434e-02 3.01427441e-03 1.14549631e-02
 9.31468094e-04 1.80484168e-03 2.66867294e-03 1.12252980e-02
 1.04164844e-03 1.32654961e-02 8.99177336e-04 1.42313438e-02
 2.83672251e-02 1.64303458e+00 9.06196947e-04 1.00976480e-02
 9.92472377e-03 3.48359172e-04 1.48442574e-02 2.70463352e-04
 2.80405628e-04 1.21327979e-03 1.01679172e-02 7.06670107e-04
 9.40399803e-03 1.71947642e-03 1.47605594e-03 1.02995476e-02
 8.37268541e-04 1.17330598e-02 6.75276387e-04 1.93343051e-02
 1.38056219e-01 5.01792971e-03 4.82905284e-03 2.03798595e-03
 3.11412872e-03 2.17670063e-03 2.29532897e-01 1.30526749e-02
 5.05807111e-06 4.93157515e-03 4.28308174e-03 1.03843771e-03
 2.49910029e-03 2.71902187e-03 5.03534731e-03 2.87612574e-03
 4.33277991e-03 1.59670645e-03 4.30158898e-03 7.79022127e-02
 1.46908164e-02 4.07263860e-02 2.36679055e-03 7.99378206e-04],0.14433311,[1.26949791e-02 2.99186748e-03 6.57997560e-03 1.16646755e-04
 1.03184744e-03 1.66114245e-04 1.67059666e-03 1.24071958e-05
 1.05456752e-03 2.95020454e-03 7.60955224e-03 5.75348095e-04
 8.73336394e-04 3.89336096e-03 5.05795749e-03 1.18578458e-03
 1.47253629e-02 2.83095501e-02 2.98522487e-02 3.64057743e-03
 5.44533832e-03 4.11213469e-03 1.12787820e-04 1.49327097e-03
 1.07719554e-02 2.09480117e-04 7.70603679e-03 1.28691673e-01
 8.88748094e-03 1.26902305e-04 6.63375773e-04 5.34519646e-03
 3.83713807e-04 3.64217558e-05 2.81754695e-03 1.04726888e-02
 1.26682166e-02 1.09410556e-02 8.10581259e-03 3.29250062e-04
 1.77404587e-03 1.86713808e-03 2.04740069e-03 6.03024103e-03
 8.41634162e-03 2.33657271e-01 1.10315997e-03 4.94063646e-03
 1.59759098e-03 4.44064429e-03 2.16454710e-03 2.30087981e-01
 1.45156868e-04 8.44186544e-03 9.10937437e-04 2.80902207e-01
 1.27498484e+00 6.04323065e-03 1.60830421e-03 3.53078754e-03
 3.37165606e-04 6.86780661e-02 1.13425620e-01 8.06617677e-01
 3.16507697e-01 1.49556333e-02 2.72682961e-02 5.55853453e-03
 1.03684589e-02 2.98468885e-03 7.62070203e-03 1.23587064e-02
 7.55667279e-04 3.12513532e-03 4.90074884e-03 1.87180305e+00
 8.71925149e-05 1.05033899e-02 6.62772509e-04 3.97039810e-04
 5.98630589e-03 1.91870239e-03 7.11199362e-03 2.07912344e-02
 7.27047026e-03 4.18379545e+00 1.61561612e-02 1.10200304e-03
 1.58447516e-03 5.14803920e-03 6.10758318e-03 2.44304296e-02
 2.92703765e-03 8.45995266e-03 1.42146391e-03 8.12679355e-04
 5.43344358e-04 5.64107537e-01 6.83623645e-03 6.01660053e-04
 1.96470367e-03 2.59408588e-03 3.57109751e-03 1.83245018e-02
 2.47303210e-03 3.16937570e-04 3.89668648e-03 1.41281681e-03
 6.96785981e-03 2.38610024e-04 5.41842822e-03 1.57655356e-03
 2.29132101e-02 3.76746943e-03 4.71314834e-03 1.68229733e-02
 3.77460453e-03 1.43529680e-02 1.40383858e-02 1.64895016e-03
 2.29357160e-03 1.61124654e-02 1.83130711e-01 9.32123885e-03
 2.40532355e-03 1.34350080e-02 3.61406361e-03 1.85543690e-02
 6.12710649e-03 4.16241214e-02 1.44858100e-03 7.59129692e-03
 1.18466048e-02 5.43181226e-03 5.87680861e-02 7.68296013e-04
 3.91978258e-03 5.16925298e-04 1.79318804e-03 2.37404466e+00
 3.78922885e-03 1.68954139e-05 1.28453067e-02 5.59624424e-03
 5.76975616e-03 1.63163871e-01 1.89835578e-03 1.14360964e-03
 2.38698267e-04 1.90111855e-03 4.48789040e-04 6.56559831e-03
 3.00395012e-01 1.53094390e-02 3.38879824e-02 7.70279730e-04
 5.84503775e-03 1.20982623e+00 2.10546404e-02 2.07752027e-02
 1.80880856e-02 6.32048119e-03 3.34325396e-02 2.97662616e-03
 3.59806058e-04 4.08836466e-04 1.58915110e-03 8.68824311e-03
 9.60230420e-04 6.45827793e-04 1.34893255e-02 1.02998521e-02
 1.17071508e-03 3.36109078e-03 3.86723608e-04 5.26391016e-03
 3.09062446e-03 2.05774792e-02 3.32143754e-02 7.04795588e-03
 1.46027445e-03 3.01444866e-02 3.75242729e-04 9.74813197e-03
 9.22373321e-04 2.34304229e-03 1.66609278e-03 5.35154343e-03
 1.40164094e-03 7.48436987e-01 2.67748255e-03 6.06314105e-04
 3.61684989e-03 1.40132441e-04 5.17840497e-03 8.81544407e-03
 7.58185983e-03 3.74469650e-03 3.97060823e-04 2.04420241e-04
 4.09975240e-04 2.40994319e-02 3.61040747e-03 5.34682162e-03
 1.55045185e-03 8.51494260e-04 2.89951079e-03 1.46156293e-03
 1.17981085e-03 1.49894804e-02 7.60836643e-04 1.25139151e-02
 1.55546144e-02 8.75694370e+00 1.06743583e-03 1.22525711e-02
 2.67322920e-03 3.51869792e-04 1.05021149e-02 1.11092464e-03
 9.36715165e-04 2.24200194e-05 1.93790323e-03 2.71144160e-03
 9.17541608e-03 8.31396552e-04 4.87223559e-04 2.33762362e-03
 4.11527057e-04 1.80356624e-03 3.78918205e-03 3.31517821e-03
 1.10932969e-01 1.73101318e-03 2.89928680e-03 1.76198082e-03
 1.80089660e-03 1.97448139e-03 3.11130792e-01 1.85710452e-02
 2.97644292e-05 3.02106421e-03 4.75720549e-03 1.52465794e-03
 1.36789680e-03 1.52391591e-03 6.23414014e-03 1.51015073e-03
 5.06765966e-04 1.20630278e-03 3.44279711e-03 6.76884428e-02
 2.79668905e-02 1.81369968e-02 3.79765220e-03 1.06482592e-04],-97.67705,-105.53249,-317.8457,1.0583545,1.737602,0.97054636,0.92915547,1.084232,-2.3055103,16.598236,163.73553,6.264239,0.4759327,0.5850463,-152.71198,152.71198,[1.68129539e+01 7.53915100e+01 2.61762817e+02 2.21959297e+04
 2.33606682e+01 7.67918491e+00 2.90782288e+02 1.47513342e+01
 6.78372681e+02 6.01944351e+01 1.04523041e+02 4.61347847e+01
 1.58432522e+01 5.42816162e+01 1.37493057e+02 2.77330859e+03
 4.03831390e+02 1.63327885e+01 3.78526993e+01 7.81308105e+02
 3.60308528e+00 4.54026855e+03 1.10949051e+02 8.01162720e+00
 5.80212021e+01 1.18764587e+03 6.39764404e+03 1.62687230e+00
 6.40057182e+00 8.03119141e+03 2.05556732e+02 7.97102585e+01
 4.93223572e+02 1.03209790e+03 5.08273315e+01 7.12020935e+02
 3.72407684e+02 4.11842682e+02 1.62987328e+01 3.58561798e+02
 1.03903174e+03 3.43705591e+03 4.49651575e+00 1.81625513e+03
 4.19517746e+01 1.38760090e+01 1.06507473e+01 2.82096767e+00
 7.72312069e+00 2.52253857e+01 1.32236588e+02 4.47884655e+00
 1.74129913e+02 1.47889757e+00 5.56524658e+02 3.55664703e+02
 7.35566635e+01 7.28338318e+01 4.44552574e+01 4.00679810e+02
 2.69964027e+00 2.44019890e+01 7.87423172e+01 4.91600132e+00
 1.76515488e+02 1.26238555e-01 4.30549347e+02 1.85539746e+00
 7.95137253e+01 1.28390645e+04 7.91916455e+03 2.00586414e+03
 6.49442444e+02 2.68772068e+01 2.87777252e+02 1.17660933e+01
 1.02595886e+02 3.52981329e+00 9.99718285e+00 4.83468323e+02
 1.52181793e+02 1.00772991e+01 6.10313721e+02 6.42887268e+01
 5.38701270e+03 3.88902164e+00 2.13371849e+01 2.76472748e+02
 1.24119824e+03 4.37715950e+01 2.39382422e+03 2.17152145e+02
 2.56213989e+01 1.47952032e+01 3.33431488e+02 5.72777939e+00
 3.82399330e+01 5.98769287e+02 3.31005192e+00 8.66642334e+02
 4.06616116e+00 2.15947647e+01 2.24179077e+01 1.25299512e+03
 2.61512500e+03 2.69316597e+01 2.09203267e+00 2.57598572e+01
 1.16206934e+03 1.76051865e+01 3.12693634e+02 2.57791382e+02
 1.25327652e+02 1.80229053e+01 7.02306824e+01 1.06406708e+01
 3.78891182e+01 8.60294800e+01 1.53233087e+00 8.80435228e-01
 8.15696869e+01 4.81064758e+01 6.22710724e+01 3.67606430e+01
 2.59634066e+00 1.92282009e+01 4.09005371e+02 8.06046143e+02
 2.86537750e+02 2.89528775e+00 2.74334424e+03 2.76576347e+01
 7.83079834e+03 8.00356522e+01 4.93892517e+01 1.65753125e+03
 7.74048996e+00 3.57974205e+01 2.52540016e+01 3.36241302e+01
 8.50763123e+02 1.51636124e+01 1.57530319e+02 3.05936933e-01
 1.30295086e+01 1.66552002e+02 1.40448511e+03 2.56194472e-01
 2.92974892e+01 6.22433838e+02 3.35859795e+01 1.98161185e+00
 2.03230444e+03 3.12713575e+00 1.88416290e+02 3.71850662e+01
 1.07505512e+01 4.74442413e+02 1.52791016e+02 3.12805084e+02
 2.29976395e+02 3.50156421e+03 1.41484100e+02 5.13497238e+01
 1.47210032e-01 2.66618395e+00 6.25942383e+01 2.85886780e+02
 5.15580933e+02 1.70969940e+02 1.63479599e+02 5.86361008e+01
 2.79127560e+01 9.73615112e+02 5.63934265e+02 2.80150757e+01
 3.63451318e+03 5.49977734e+03 7.68125343e+00 1.89077283e+03
 2.22528735e+03 9.88335938e+02 1.93111646e+03 4.20260040e+02
 9.28696752e-01 4.08625513e+03 1.14800591e+02 3.55035522e+02
 3.26339508e+02 1.00200863e+01 8.25232625e-01 4.09953552e+02
 9.68494568e+01 4.05142517e+01 8.58719826e+00 1.46709824e+01
 1.95806702e+03 8.86010010e+02 2.43902187e+01 2.44198029e+02
 3.95724640e+01 1.28680618e+02 1.47246981e+01 9.22412842e+02
 2.12345108e+02 1.75570488e+01 8.95273560e+02 1.37533691e+03
 1.10213600e-01 5.62606055e+03 1.34304409e+01 4.41619682e+00
 3.46186829e+01 1.28782739e+03 1.01548529e+00 4.51159393e+02
 6.72540512e+01 1.06907341e+02 1.20565605e+02 8.09161911e+01
 1.95818677e+03 6.67031174e+01 1.25269756e+01 1.15830984e+01
 3.41813087e+00 2.47782707e+01 7.09326935e+00 1.78530310e+03
 1.01807877e+02 8.65994629e+02 3.34987695e+03 2.80390576e+03
 1.02140913e+01 7.48301744e+00 2.01026875e+04 1.06996849e+02
 1.29228468e+01 8.44041504e+02 1.74990821e+00 1.45832092e+03
 2.38278656e+02 9.16715698e+01 2.23180762e+03 1.44487244e+02
 9.59665833e+01 6.12286224e+01 2.06370869e+01 9.61088965e+03
 5.53832703e+01 5.30487793e+03 1.67217789e+01 6.42694336e+02
 2.48933582e+01 2.02093649e+00 3.59185107e+03 1.85862660e-01],1023.8866,[9.87589240e-01 1.93639336e+01 1.45402710e+02 1.02632645e+02
 6.39197016e+00 8.97614288e+01 3.69657654e+02 1.58564434e+01
 6.01796692e+02 2.22529602e+01 9.62722015e+00 1.20538063e+01
 2.87576256e+01 1.93628712e+01 7.00590706e+00 3.30216431e+03
 1.13342953e+01 1.20285387e+01 6.37746048e+00 1.34229382e+03
 1.62187042e+01 1.79361304e+03 7.24809265e+01 2.48108840e+00
 7.12684097e+01 2.94577545e+02 7.92735156e+03 2.92542343e+01
 2.90410034e+02 9.60896851e+02 1.36546143e+02 4.00173044e+00
 6.67204285e+02 8.20478897e+01 6.42656555e+01 1.92154251e+02
 2.54605255e+02 7.32326233e+02 1.12736492e+01 1.54374161e+02
 2.44641705e+01 4.25514603e+01 9.63129234e+00 1.34542114e+02
 1.57810089e+02 8.04985583e-01 1.52450883e+00 8.47321796e+00
 1.31819439e+00 3.22380127e+02 2.14776367e+02 5.72844086e+01
 4.03885345e+02 3.45716476e-01 7.02051697e+02 6.50038696e+02
 4.47220879e+01 3.04499170e+03 1.12997787e+02 1.51854782e+02
 1.34522371e+01 2.23649645e+00 3.85402069e+01 7.33165359e+00
 2.30484543e+02 2.52233624e-01 4.98657776e+02 3.96636772e+00
 2.05308075e+01 1.58738062e+03 6.55614648e+03 1.14942627e+03
 7.39041443e+02 1.17644615e+01 2.21271420e+00 6.03780365e+01
 1.57621094e+02 1.51988554e+00 1.79057777e+00 1.33196472e+02
 8.15003204e+01 2.14155602e+00 9.88816528e+01 2.57013202e-01
 2.39502441e+03 9.53222752e+00 8.82976532e-01 2.16641541e+02
 1.78038623e+03 4.01617126e+01 1.02424670e+03 4.14036804e+02
 5.06643448e+01 3.28317451e+00 1.42574203e+02 3.12625551e+00
 3.09867725e+01 4.79606552e+01 2.41215539e+00 1.62569321e+02
 1.27974415e+00 1.45544119e+01 1.03853292e+01 2.83346875e+03
 2.84476001e+03 3.01034393e+01 2.62255698e-01 1.07494533e+00
 1.09369092e+03 8.45976448e+00 2.19561417e+02 2.06602808e+03
 8.05425964e+02 2.32508965e+01 2.55920620e+01 5.89654207e+00
 3.72229652e+01 1.20490822e+02 2.13478994e+00 6.53723240e-01
 5.12425995e+01 5.49076614e+01 4.29452515e+01 1.93086205e+01
 1.59389343e+01 2.39645910e+00 1.49785779e+03 1.59686157e+03
 5.81680450e+01 6.48308372e+00 4.04420557e+03 9.26965809e+00
 2.58555603e+02 6.08523293e+01 1.75343361e+01 4.24250221e+01
 4.42835331e-01 2.85487862e+01 7.70324326e+00 3.02315998e+00
 7.81779297e+02 1.72615588e-01 1.26189529e+02 1.96185951e+01
 2.42854023e+00 1.81771240e+02 1.79352783e+03 3.57483387e-01
 2.50479746e+00 1.75764740e+02 9.75813370e+01 1.87592804e+00
 2.50450049e+03 5.08183098e+00 1.39562119e+02 1.09675875e+01
 4.51822186e+00 1.99092725e+03 1.29313339e+02 9.21339355e+02
 1.64359604e+02 6.87932568e+03 8.22475281e+01 2.30724392e+01
 1.56031743e-01 8.38776112e+00 3.36906700e+01 1.20167980e+01
 6.00287292e+02 2.92346535e+01 1.44110203e+01 5.59969521e+00
 1.47805834e+01 5.34318909e+02 6.53379700e+02 1.21131683e+02
 1.18214929e+03 2.71006012e+02 1.89042721e+01 6.21299255e+02
 6.60453516e+03 2.48196851e+03 1.13879626e+03 4.09807556e+02
 1.53125648e+01 6.63531934e+03 6.62161255e+01 1.30433801e+03
 4.37808563e+02 4.69345093e+00 8.05049360e-01 2.23561249e+02
 2.23539619e+01 2.75304909e+01 3.79947891e+01 3.17027283e+00
 7.90867981e+02 8.47429993e+02 1.48921661e+01 3.03868225e+02
 4.59417820e+00 4.14208008e+02 2.47483959e+01 6.22165466e+02
 2.03965347e+02 1.14259853e+01 1.31622192e+03 1.19724648e+02
 8.30266103e-02 2.23885669e+03 1.11610234e+00 1.74460125e+01
 1.01700485e+00 2.68303589e+03 1.27316332e+00 5.33244629e+02
 1.56940281e+00 9.86150360e+01 3.89712753e+01 7.21153355e+00
 8.84963379e+02 8.16200924e+00 6.62884140e+00 7.26928043e+00
 9.61991847e-02 8.18258286e+01 2.03810291e+01 1.50179248e+03
 5.61038208e+01 8.63232178e+02 2.26076440e+03 3.48776917e+02
 6.07255316e+00 5.78960180e+00 1.31406064e+04 1.07209297e+02
 2.34285045e+00 7.29152985e+01 3.37318611e+01 3.11232324e+03
 8.49600037e+02 1.25763618e+02 1.62050671e+03 3.40919739e+02
 5.09181738e-01 3.57691979e+00 4.73477844e+02 6.53121387e+03
 6.69307375e+00 1.04341777e+04 2.02901707e+01 6.60672119e+02
 2.14625859e+00 8.09196711e-01 2.72294922e+03 2.07404077e-01],-101.916916,-163.16742,-332.17517,2.8815312,48.837547,0.8947914,0.9554762,0.01614138628959656,15878.499699354172,0.5,0.5,-0.1287221414046253,-0.00036039306335955423,-0.12870854446951643,0.00014735736888763355,-0.5585476710587824,37.59999999999999,0.0,949500.0,-1.0,-772.0,750.0,10.899275779724121,950000
102.94999,0.029737478,0.030365685,0.00062430947,-102.61659,102.61659,[1.56687051e-01 1.06002027e-02 4.80671935e-02 1.12490542e-03
 1.33629709e-01 3.83166189e-04 4.02404480e-02 1.03543419e-03
 6.43249601e-02 2.28415746e-02 8.62478372e-03 1.72584243e-02
 4.09926381e-03 2.31891740e-02 2.51417994e-01 3.96203771e-02
 2.67536920e-02 2.19247267e-02 1.37654925e-03 9.58478737e+00
 5.63478768e-02 2.30685808e-04 3.27632837e-02 1.78633258e-02
 3.46824676e-02 1.06796399e-02 3.63004982e-01 2.52493378e-02
 1.13412039e-02 3.21494937e-02 4.65313941e-02 2.40024589e-02
 1.44571606e-02 1.08962387e-01 8.31291545e-04 2.14627329e-02
 4.78064641e-03 1.38572399e-02 4.25084785e-04 6.09328598e-03
 1.66749284e-02 6.98697853e+00 1.59654487e-03 3.31402123e-02
 2.97996737e-02 1.67304897e+00 6.55295933e-03 3.77213247e-02
 3.96114540e+00 5.87622169e-03 8.12137686e-03 1.25242338e-01
 1.50366640e-02 5.37447911e-03 2.73672968e-01 4.05222774e-02
 1.78941973e-02 2.53435951e-02 1.36278093e-01 2.19663163e-03
 4.31437232e-02 2.01076150e-01 2.48306438e-01 1.50234280e-02
 3.43706855e-03 2.98494548e-02 6.80887327e-03 8.34680051e-02
 6.15270529e-03 1.41219478e-02 1.32329798e+00 8.40737391e-03
 2.17021704e-02 2.24015047e-03 7.29054399e-03 2.81441584e-02
 1.46969203e-02 1.88638903e-02 2.79254466e-03 3.90351308e-03
 1.58667173e-02 4.40929644e-02 2.56463233e-03 1.75323803e-03
 8.33942555e-03 4.44604666e-05 9.39299539e-02 1.31214544e-01
 1.36842011e-02 2.77622249e-02 2.44778804e-02 2.30873644e-01
 9.08810738e-03 1.36624072e-02 2.29045097e-03 2.77516618e-03
 2.72979867e-02 7.97718912e-02 6.82416279e-03 2.04093959e-02
 7.38819083e-03 3.66726369e-02 1.65533982e-02 3.40375639e-02
 3.81050631e-02 4.53234100e+00 2.18814705e-03 2.19067149e-02
 2.81607155e-02 1.01537630e-02 1.05928004e-01 2.90907407e-03
 2.15709079e-02 2.00552866e-02 2.50460790e-03 1.51141267e-03
 3.03418503e+01 1.98823285e+00 4.25664056e-03 7.91148376e-03
 2.09947489e-03 1.40584512e-02 2.29514427e-02 5.49693182e-02
 1.06326328e-03 1.20817600e-02 1.03869680e-02 1.38953373e-01
 2.70753074e-02 1.22686280e-02 1.20751575e-01 4.59199324e-02
 3.46247107e-05 3.34269330e-02 3.80975306e-02 2.20300460e+00
 5.51805459e-02 3.06102782e-02 7.64541626e-02 5.33420622e-01
 1.43876057e-02 1.13729984e-02 1.97931305e-02 9.47031081e-02
 9.83980112e-03 3.43895657e-03 3.60189043e-02 1.08592018e-01
 1.24830484e-01 9.46478397e-02 7.78684858e-04 1.54048309e-01
 2.80888468e-01 3.57876811e-03 2.13964377e-02 7.37202400e-03
 2.89811008e-02 1.78275187e-03 1.74206905e-02 4.24168631e-02
 5.71074244e-03 6.82487758e-03 1.71518102e-02 1.56399943e-02
 2.33041085e-02 1.89047046e-02 2.95940685e+00 5.57322130e-02
 9.11813378e-02 9.86057706e-03 1.33655835e-02 1.12997005e-02
 2.40465207e-03 4.84557748e-02 1.43313512e-01 1.17036663e-02
 6.03952706e-02 1.80535540e-02 3.94749641e-02 5.71729653e-02
 4.03586477e-02 2.83705797e-02 4.60458398e-02 2.17385329e-02
 2.85449587e-02 3.44824120e-02 2.26092972e-02 1.14929350e-02
 3.05825323e-02 4.48860638e-02 7.14179754e+00 7.45184347e-03
 4.14996445e-02 3.26659307e-02 3.54920537e-03 2.59842686e-02
 7.92516232e+00 3.16684693e-02 1.17757022e-02 3.85552682e-02
 3.45180277e-04 6.79856092e-02 2.95387954e-02 6.26673102e-02
 6.42850820e-04 5.58980405e-02 1.12620011e-01 5.36456751e-03
 8.83887429e-03 4.32982111e+00 1.27845258e-02 1.82041898e-04
 1.32535473e-02 1.26853762e-02 3.21627446e-02 2.31921300e-03
 7.02490006e-03 1.93975940e-02 2.07028985e-02 4.44567156e+00
 3.13762315e-02 4.00622189e-03 4.89352122e-02 5.18100560e-02
 9.49110091e-02 9.69915185e-03 4.11035120e-03 6.93105161e-02
 1.03226030e+00 1.30757149e-02 1.54709965e-02 1.33780865e-02
 9.09045190e-02 3.38704325e-03 5.25295781e-03 2.34037451e-02
 4.67025442e-03 2.49746665e-02 3.90616581e-02 1.09903272e-02
 1.53688528e-02 2.24955231e-02 2.27622055e-02 6.56624383e-04
 3.19650373e-03 1.24050351e-02 2.57302467e-02 7.74537725e-03
 1.35666663e-02 6.53105509e-03 1.56647831e-01 4.39733192e-02
 1.83675941e-02 1.98362209e-02 7.03168809e-02 1.11092301e-02],0.41727304,[5.55758595e-01 8.35022237e-03 2.60018036e-02 4.89905768e-04
 5.45563579e-01 1.44478716e-02 4.84171733e-02 2.80894991e-03
 2.40166932e-01 2.03612819e-02 7.34758610e-03 1.33679640e-02
 1.18055018e-02 2.37046275e-02 3.39181811e-01 1.95682086e-02
 1.97932646e-02 2.50046775e-02 1.86860142e-03 7.57200289e+00
 5.16186729e-02 3.84135754e-04 5.46099395e-02 4.31933179e-02
 6.63040485e-03 5.33810444e-02 3.21546644e-01 2.48696692e-02
 1.98285487e-02 3.21930274e-02 5.79181798e-02 3.50092389e-02
 1.31930606e-02 7.32402429e-02 1.48515054e-03 1.17768738e-02
 5.31961164e-03 7.29888305e-03 2.07513804e-04 5.62517438e-03
 8.29161983e-03 9.82480049e+00 1.77558791e-03 3.91892307e-02
 4.32431176e-02 7.75095403e-01 3.25007038e-03 1.71151850e-02
 4.65663880e-01 2.94801742e-02 1.31905340e-02 3.04141581e-01
 6.70086080e-03 4.58460115e-03 3.60710353e-01 3.20786461e-02
 2.59318240e-02 1.94534138e-02 3.76373112e-01 5.70697431e-03
 4.33420353e-02 2.91001737e-01 3.09141725e-01 1.38110993e-02
 3.21718026e-03 4.83402498e-02 9.33729205e-03 6.63911551e-02
 5.88128343e-03 1.86692141e-02 2.56416976e-01 2.29369942e-03
 2.00537965e-02 1.26904519e-02 7.11938553e-03 3.47914994e-02
 1.21133756e-02 1.10720303e-02 3.47115588e-03 1.62659725e-03
 2.34856531e-02 3.62108797e-02 8.06377095e-04 4.34333039e-03
 9.94262286e-03 1.83628611e-02 4.60988209e-02 5.22663668e-02
 6.93056360e-03 3.56579758e-02 1.00082373e-02 1.17994294e-01
 1.22358259e-02 4.55030845e-03 5.14499657e-03 1.52116932e-04
 3.79685201e-02 1.22281939e-01 3.50155169e-03 2.69703008e-02
 1.29135260e-02 4.16528918e-02 1.76568367e-02 2.97730304e-02
 1.27965538e-02 1.69352973e+00 3.24513577e-03 2.82814037e-02
 2.68305615e-02 5.08261099e-03 8.61194581e-02 8.91545787e-04
 2.92280503e-02 4.67010587e-03 3.46359937e-03 1.96977239e-03
 1.36683025e+01 2.57172823e+00 2.29312712e-03 6.29758649e-03
 2.35973578e-03 1.22144679e-02 1.28617166e-02 4.76542488e-02
 1.09891698e-04 5.87284099e-03 7.99812470e-03 1.29358694e-01
 1.37554584e-02 1.45616634e-02 2.62288809e-01 4.05884534e-02
 5.67788782e-04 2.38105617e-02 7.87194744e-02 1.69573593e+00
 6.52666688e-02 3.48099917e-02 3.73546518e-02 1.73260793e-01
 2.29836963e-02 7.00896652e-03 2.17108317e-02 7.39737898e-02
 3.60780652e-03 9.02129454e-04 1.91793554e-02 1.03591099e-01
 1.20267160e-01 3.85489427e-02 3.93935305e-04 7.06941560e-02
 6.67563558e-01 5.06144157e-03 2.69052275e-02 1.77868251e-02
 3.83422524e-02 4.43512714e-03 1.68817528e-02 4.76705953e-02
 1.01961684e-03 5.22602722e-03 1.72085408e-02 3.19684036e-02
 4.60697562e-02 2.09054388e-02 1.20875612e-02 6.31916001e-02
 6.20076284e-02 8.32032692e-03 3.38074490e-02 1.03718042e-02
 1.15524363e-02 3.93205583e-02 1.43944114e-01 1.18375663e-02
 1.62442178e-02 1.36999134e-02 3.03889737e-02 8.26959834e-02
 6.64504319e-02 5.83722107e-02 3.02137248e-02 2.49488838e-02
 5.47040403e-02 4.65215445e-02 8.96590669e-03 1.40385777e-02
 3.40878218e-02 3.02358903e-02 4.98347208e-02 6.46861875e-03
 1.65601037e-02 2.93856621e+00 2.13169213e-03 2.64745839e-02
 9.71738935e-01 7.63509888e-05 2.87678912e-02 4.36826125e-02
 2.64423294e-03 3.55116762e-02 3.89593132e-02 6.73439950e-02
 2.33987183e-03 1.19069025e-01 1.52867809e-01 3.44025576e-03
 6.46504853e-03 1.18533158e+00 4.98556020e-03 1.18511054e-03
 1.05753690e-02 1.47882849e-02 5.96567616e-02 1.68137886e-02
 2.55864649e-03 2.12786365e-02 1.28335636e-02 6.64443636e+00
 3.38447243e-02 5.03191352e-03 2.19573081e-02 8.48669112e-02
 1.62686631e-01 2.11189538e-02 4.36179852e-03 5.11964634e-02
 1.48905361e+00 1.26531683e-02 3.37514952e-02 4.92179506e-02
 4.78952285e-03 5.54486178e-03 1.29864644e-02 2.17963066e-02
 1.41450786e-03 1.69884842e-02 5.03043644e-02 5.16657345e-03
 1.54414810e-02 1.70400850e-02 1.96740068e-02 8.12008977e-04
 1.26869362e-02 1.06825624e-02 2.94698030e-02 5.11562312e-03
 2.08991170e-02 5.08726388e-03 2.01752007e-01 3.35313901e-02
 1.97445285e-02 1.02048051e-02 1.11474678e-01 9.17603634e-03],-97.646835,-105.71827,-230.04573,1.065162,2.21871,0.982173,0.9292891,4.074274,-3.2902627,38.345215,154.36392,6.093276,0.47895995,0.6084556,-143.48105,143.48105,[5.43151672e+02 1.44676804e+02 8.38337305e+03 1.36373978e+02
 8.69997978e+00 3.44913483e+02 5.21197701e+00 8.72376251e+01
 8.45962646e+02 3.96966887e+00 9.03289604e+00 8.23557617e+02
 5.22353821e+02 4.85473709e+01 4.78996490e+02 9.73340576e+02
 1.69704418e+01 1.46265701e+02 7.36274958e-01 3.30569263e+03
 5.19378296e+02 4.72166824e+00 1.67090034e+01 5.67518387e+01
 1.65360077e+02 1.85044479e+02 7.25052023e+00 2.58018541e+00
 3.06397156e+02 8.05328369e+01 2.77103302e+02 5.07965607e+02
 1.42409897e+02 2.50592918e+01 3.79479957e+00 9.41437912e+00
 9.86134644e+02 1.01014509e+01 1.65673523e+02 3.73188744e+01
 1.15787317e+03 2.36106930e+01 1.78714417e+03 5.52925253e+00
 2.13506527e+01 7.28823709e+00 1.37594151e+00 9.58349609e+01
 1.05088477e+03 1.34750671e+01 1.97343597e+01 1.34004346e+03
 5.24276352e+00 2.64218712e+00 2.46005478e+01 6.70462952e+01
 2.58554707e+01 8.66611481e+00 4.92731537e+02 9.42295074e+00
 1.91043970e+03 6.09109688e+01 1.00399124e+02 9.42088013e+01
 5.52923012e+00 7.89259577e+00 8.51310486e+02 5.84339499e-01
 1.16500012e+03 4.07101154e+00 1.43234053e+01 1.69594040e+02
 1.98049713e+02 2.15859070e+02 1.09437523e+01 4.64445152e+01
 6.97967377e+01 7.13348532e+00 2.41369762e+01 3.27473412e+01
 2.56940575e+01 3.05573364e+03 3.31519867e+02 4.93915558e+01
 5.74666634e+01 2.79276142e+01 6.39287376e+00 7.29978485e+01
 2.14685307e+01 1.70431042e+00 6.40696182e+01 1.51893173e+02
 1.66698611e+00 3.19453345e+03 1.42149866e+00 3.50140332e+03
 3.88677002e+02 2.23461273e+02 6.61364603e+00 2.51200058e+02
 3.34935913e+01 7.04615860e+01 1.90512562e+01 1.98511467e+01
 4.12282898e+02 3.31759619e+03 2.53189659e+01 1.90621338e+02
 3.35351944e+01 6.96924591e+00 6.03185034e+00 1.78949170e+03
 5.19171028e+01 4.19556305e+02 4.34206734e+01 3.41162186e+01
 1.09215295e+03 2.64934479e+02 3.26998215e+01 6.93399715e+00
 8.76638916e+02 4.16600571e+01 8.90410095e+02 2.41290989e+01
 1.85659065e+01 2.70292606e+01 8.58866310e+00 3.20285980e+02
 2.84435577e+02 7.81734772e+01 3.01705353e+02 6.14641602e+02
 1.12028210e+03 2.05415192e+01 6.44081192e+01 1.54390335e+02
 2.87545872e+01 4.69169998e+01 7.04069443e+01 2.25793488e+02
 1.51845917e+02 1.28067737e+03 9.12804413e+01 7.56264400e+00
 1.45211548e+02 9.16006088e+01 7.37949085e+00 7.95991850e+00
 6.63683176e+00 3.61863647e+02 7.22287369e+01 5.82090073e+01
 7.50118017e+00 1.61815662e+01 2.82027393e+03 2.04287643e+01
 2.37723503e+01 5.16151352e+01 1.65057275e+03 1.82686780e+03
 2.95508331e+02 4.73965569e+01 4.53474579e+01 2.92538434e-01
 9.05435181e+01 2.14660095e+02 2.30471771e+02 1.49924335e+01
 3.43494759e+01 3.05540714e+01 1.59999666e+01 9.68661499e+00
 4.91985168e+02 2.50086651e+01 9.74449463e+01 4.69281921e+01
 1.57538406e+02 8.41726685e+00 2.29563660e+02 4.76411362e+01
 3.09650087e+00 3.79908333e+01 6.20933472e+02 5.55849075e+00
 6.54157495e+00 3.20496490e+02 1.89791794e+02 5.54616333e+02
 1.44219580e+01 1.34790710e+03 7.29996414e+01 2.45303680e+02
 2.56133976e+01 7.24503994e+00 8.69373657e+02 3.32973289e+01
 1.05870312e+04 6.61790848e+01 4.82271910e+00 9.81604309e+02
 3.48155365e+01 5.30246830e+00 1.96767082e+01 2.40450989e+02
 6.85867739e+00 2.37885681e+02 4.18343887e+01 4.31940460e+01
 4.22389618e+02 4.94858307e+02 2.35206177e+03 2.35454219e+04
 1.69384136e+01 9.41201782e+00 2.67132874e+01 5.86803760e+03
 9.12944317e+00 2.77829559e+02 3.48854584e+02 2.51910248e+01
 1.40804586e+01 4.29772675e-01 4.44418030e+02 1.16642041e+03
 8.34333344e+01 9.70230637e+01 4.23431778e+00 3.14205566e+02
 9.62405371e+03 1.42940674e+02 1.49499298e+02 5.73043335e+02
 8.06962776e+00 2.57841644e+01 8.29927521e+01 4.82450545e-01
 2.93365265e+02 3.38218164e+03 2.56874695e+02 1.38075562e+03
 1.02117683e+02 8.39590149e+01 4.10156536e+00 5.71703271e+03
 1.98314362e+02 2.53178497e+02 5.18655078e+03 6.24202871e+00
 2.07863579e+01 2.76287460e+01 1.37237946e+02 4.35887390e+02
 1.52786148e+02 2.19157928e+02 2.06214355e+03 6.32409515e+01],859.25604,[4.26103271e+02 1.51835999e+02 8.90000195e+03 7.18611755e+01
 7.15096664e+00 3.46594086e+02 3.49849820e-01 8.53422403e-01
 1.03485449e+03 9.09364641e-01 1.84089136e+00 2.72725586e+03
 7.83647079e+01 8.19695950e+00 9.25428162e+01 1.08080273e+03
 1.42386570e+01 1.96700439e+02 3.14956874e-01 2.20965503e+03
 3.30371063e+02 3.83237213e-01 7.52260256e+00 1.72600193e+01
 8.54111694e+02 5.47880630e+01 4.52375114e-02 2.35180402e+00
 2.30300430e+02 1.97755837e+00 8.52319702e+02 2.94569873e+03
 1.40379868e+01 2.21479940e+00 9.52690811e+01 3.50479774e+01
 8.02756226e+02 7.07337022e-01 2.42470291e+02 4.46028900e+00
 2.13184546e+03 7.72338104e+00 2.49125293e+03 4.05729437e+00
 1.11935568e+00 6.97306991e-01 2.34231424e+00 3.50245976e+00
 1.57786226e+01 1.84834290e+01 4.15299339e+01 1.62000220e+03
 2.06595764e-01 2.67893052e+00 4.94374180e+00 8.27913361e+01
 1.06507139e+01 6.58282697e-01 3.89988129e+02 4.75313282e+00
 1.14359351e+03 5.04464951e+01 1.80898132e+02 1.37392883e+02
 3.48173046e+00 9.50376034e-01 6.09389551e+03 3.71707077e+01
 1.94253430e+03 1.54630775e+01 4.82962084e+00 5.81070042e+00
 2.73575043e+02 2.45746231e+01 2.75845909e+01 1.92376728e+01
 7.43585815e+01 1.40365152e+01 6.51126003e+00 3.03002334e+00
 4.07205772e+01 2.45113477e+03 3.53006500e+02 1.63625431e+01
 4.58405972e+00 4.25014557e+02 2.37143755e+00 4.42181549e+01
 1.20356178e+01 1.79629111e+00 2.00890141e+01 2.36856613e+01
 1.85285282e+01 2.79484717e+03 1.35323906e+00 4.67812073e+02
 7.63600845e+01 3.31158600e+02 4.24456298e-02 2.02720428e+02
 1.05147141e+02 3.51268845e+01 7.32798996e+01 1.09495087e+01
 2.94559265e+02 4.09028320e+03 1.93223991e+01 1.27142212e+03
 5.49557190e+02 1.14744365e-01 5.66731870e-01 8.60251587e+02
 9.43339729e+00 1.21543335e+03 2.76047573e+01 1.03190845e+03
 8.21331787e+01 3.27347961e+02 6.20751524e+00 8.40429664e-02
 1.40844070e+02 6.95899248e+00 1.72518774e+03 6.93260479e+00
 1.33766937e+00 9.48695946e+00 1.51366396e+01 6.21327454e+02
 4.72280235e+01 3.97004852e+01 3.77545349e+02 4.92546289e+03
 8.09889954e+02 3.49480557e+00 7.10749054e+01 2.09482895e+02
 1.75458336e+01 3.80914378e+00 1.19465904e+01 4.02977600e+02
 4.39482788e+02 1.22892505e+03 4.33193245e+01 2.62095737e+00
 1.18130486e+02 4.32831802e+01 3.69445572e+01 1.71163521e+01
 3.04506636e+00 1.29125107e+02 1.00162163e+01 6.38095856e+01
 2.45822251e-01 1.19226036e+01 3.23931909e+03 1.85719795e+01
 9.63915646e-01 3.29445160e+02 1.40988452e+03 2.92888525e+03
 1.23320825e+03 6.35537052e+00 4.19973469e+00 3.15657139e-01
 2.42144318e+01 6.70747833e+01 4.66730743e+02 5.81087494e+01
 1.50860491e+01 1.85678196e+01 7.78579855e+00 1.12565815e+00
 7.16197998e+02 5.20671749e+00 7.75470520e+02 4.20950603e+00
 2.83478821e+02 2.81863594e+00 2.04281570e+02 3.01798487e+00
 1.27098769e-01 9.60031796e+00 2.42748032e+01 9.20128942e-01
 6.90412331e+00 2.72883739e+01 1.62023430e+01 3.45385162e+02
 6.25100994e+00 8.35330627e+02 2.28840675e+01 2.86988621e+01
 5.28712540e+01 1.55727243e+00 1.97647400e+03 3.36863060e+01
 1.12033281e+04 1.74195385e+01 1.17863393e+00 2.79393042e+03
 6.66020012e+00 5.20568132e-01 2.03680630e+01 1.94793518e+02
 8.30209851e-02 6.35154953e+01 2.33060169e+00 1.45496798e+01
 3.44015564e+02 7.57937744e+02 2.37526562e+03 3.83327255e+01
 1.82614105e+02 3.93843830e-01 1.49674501e+01 1.17559219e+04
 1.49799395e+01 3.83373535e+02 2.44228088e+02 1.71221673e+00
 6.42946899e-01 1.44499226e+01 2.39422272e+02 1.18832117e+03
 5.24506073e+01 4.74370880e+01 3.05741501e+00 9.10246811e+01
 4.81539014e+03 7.76086578e+01 1.35223404e+02 4.10780884e+02
 1.79658818e+00 1.68301048e+01 7.81337976e+00 7.16500044e-01
 2.01420074e+02 4.69900098e+03 1.47655420e+03 8.78879028e+02
 1.09592857e+02 6.05859470e+00 2.97410131e+00 1.34971123e+04
 2.25489826e+01 7.79137650e+01 3.29973999e+03 5.15336037e+01
 6.82633877e+00 3.54050922e+00 1.80034073e+02 2.00158276e+03
 1.50229446e+02 3.76875763e+02 2.33606494e+03 6.16023102e+01],-101.8982,-151.61786,-328.20557,2.748393,32.07875,0.9201626,0.9540033,0.017012927112579346,16303.822903633118,0.5,0.5,-0.008029081741464984,-0.00021812057251163882,-0.00805093202902869,-0.00026407939769887054,35.93654871894406,37.59999999999999,0.0,975000.0,-1.0,-760.0,750.0,11.796289443969727,975000
103.53109,0.05116976,0.048794687,0.00069726113,-102.991974,102.991974,[1.63713144e-03 1.53310597e-03 7.83769041e-03 3.76804126e-03
 7.70043873e-04 2.68510114e-02 5.52377813e-02 3.41043342e-05
 2.00453494e-03 4.65883175e-04 1.26493839e-03 1.93067943e-04
 7.61621224e-04 4.70683444e-04 1.07549736e-03 6.27510622e-03
 1.65774673e-02 7.85031181e-04 2.30769743e-03 4.39591380e-03
 7.06698140e-03 3.45923763e-04 1.49936816e-02 5.69156930e-03
 1.07218651e-03 1.82317384e-03 2.14647991e-03 1.60691817e-03
 7.25957286e-03 2.17056950e-04 1.68487895e-06 1.70989055e-03
 1.18908659e-02 1.50133949e-03 2.32194841e-04 7.99310952e-03
 1.78243723e-02 2.07765959e-03 6.13498595e-03 1.63970627e-02
 6.47017732e-03 1.13362540e-03 6.89094712e-04 8.66843970e-04
 1.03834039e-02 1.06517235e-02 1.58847542e-03 2.17583147e-03
 3.16133834e-02 3.11777520e-04 5.47273350e+00 1.66661665e-01
 7.38557894e-04 2.57048559e+00 8.32873583e-01 8.21801648e-03
 1.46285677e-03 1.95492641e-04 1.95391127e-04 2.00666934e-02
 3.09289806e-03 6.57897675e-04 2.61283851e+00 1.60990574e-04
 2.80315347e-04 5.91345318e-03 1.90530904e-03 2.32571852e-03
 4.39785374e-03 1.13105178e-02 1.34154242e-02 1.91328872e-04
 3.70269758e-04 3.16892527e-02 5.87762333e-04 1.74070196e-03
 1.54579477e-02 1.91201107e-04 2.25808218e-01 6.45455439e-03
 2.73729931e-03 1.48243845e-01 5.14868088e-03 4.51116869e-03
 8.97819176e-03 1.13174114e-02 1.20708125e-03 3.83703329e-04
 1.51507370e-03 3.16902017e-03 1.03117703e-02 3.74090858e-04
 2.73020030e-03 5.42690232e-02 3.88502900e-04 1.10536702e-02
 1.20666448e-03 2.29886484e+00 2.14971733e+00 1.95739651e-03
 2.82153813e-03 1.78783387e-02 1.15450129e-01 8.87604337e-03
 3.86838161e-04 1.27196545e-04 2.08770018e-03 5.27107017e-03
 3.37228458e-03 5.57683669e-02 3.77104338e-03 1.44585618e-04
 3.51017807e-04 8.09289631e-04 7.31824548e-04 4.10071202e-03
 5.64256385e-02 1.39702670e-03 2.43413635e-02 5.90094900e+00
 1.57222152e-03 1.12760857e-01 6.79951310e-01 8.11526645e-03
 4.01563568e+01 3.51467872e+00 1.05395362e-01 1.20563991e-02
 1.28895314e-02 1.02456298e-03 2.95396969e-02 1.92330382e-03
 1.08988606e-03 2.62163901e+00 2.25112610e-03 2.61976500e-03
 4.14673472e-04 2.26187916e-03 4.28722322e-01 3.62929003e-03
 1.20822643e-03 6.53561112e-03 2.42086360e-04 3.05089680e-03
 1.57994975e-03 1.60851832e-02 6.57827873e-03 2.16238461e-02
 7.34746605e-02 3.51030077e-03 3.58763919e-03 1.97480479e-03
 2.46580923e-04 8.23014067e-04 3.55149154e-03 3.12164903e-01
 2.67250021e-03 6.66244654e-03 3.56233835e+00 3.88627150e-03
 7.21211685e-03 3.57218843e-04 1.30966003e-03 4.61544900e-04
 3.35511868e-03 6.76311506e-03 1.45458356e-02 5.64270187e-03
 4.28399653e-04 1.47620402e-02 7.45637459e-04 5.80688938e-03
 8.34804308e-03 2.82530230e-03 2.44074855e-02 8.42269161e-04
 1.19314063e-04 6.00215793e-03 9.70762223e-03 1.59161643e-03
 6.80200115e-04 1.10318488e-03 2.39231903e-02 1.06389844e-03
 7.20746815e-04 2.43672892e-03 2.07958364e+00 8.55092192e-04
 3.90062388e-03 1.20623561e-04 4.22709621e-04 1.83465122e-03
 1.06731495e-02 4.47958428e-03 1.05900755e-02 6.88812375e-01
 5.73752914e-04 2.91526830e-03 6.32183626e-04 3.44004645e-03
 1.44260786e-02 2.65434384e-02 2.68590229e-04 4.76116431e-04
 1.71439908e-03 1.46733594e+00 1.30456174e-04 6.98526390e-03
 7.24593643e-04 1.14894181e-01 2.10613087e-02 1.11599062e-02
 3.30465497e-04 5.24073199e-04 3.35605908e-03 7.33460486e-01
 1.39701040e-03 2.48520961e-03 4.63512959e-04 2.98452796e-05
 3.73746268e-03 4.00971202e-03 1.72134722e-04 7.51013518e-04
 1.90909021e-03 1.30518479e-03 1.20449020e-02 4.49338974e-03
 1.83579163e-04 2.26096308e-04 2.58957334e-02 5.21719048e-04
 1.26362881e-02 4.26304806e-03 7.00448290e-04 1.67074785e-01
 3.19300033e-02 1.49965403e-04 4.32186853e-03 2.45268946e-03
 5.18456772e-02 7.82083953e-04 4.62665549e-03 3.37345991e-03
 4.47299518e-03 1.09047845e-01 1.18308235e-03 1.05237449e-03
 6.17942831e-04 1.11372361e-03 3.20618105e+00 1.21014914e-03
 2.04769941e-03 8.24141433e-04 3.36191733e-04 1.83539605e-03],0.25928473,[9.84707964e-04 1.04307022e-03 3.72837204e-03 2.38054292e-03
 8.42946640e-04 1.41139831e-02 2.28178978e-04 1.38773175e-04
 1.10449758e-03 3.70579166e-03 6.80283876e-04 1.95992179e-04
 4.23673191e-05 2.45649426e-04 6.27471367e-03 4.34849132e-03
 3.24588493e-02 6.87246269e-04 9.75819305e-04 3.58039746e-03
 1.79655035e-05 1.22570340e-03 2.51871087e-02 1.77677372e-03
 1.38437049e-03 1.44220341e-03 1.09411357e-03 1.04700215e-04
 1.13845821e-02 3.73297371e-04 7.31255161e-04 1.69855100e-03
 4.70759952e-03 1.94030371e-03 2.58478394e-04 1.21406112e-02
 2.00257660e-03 1.20841851e-03 4.64940956e-03 7.58527778e-03
 1.42524056e-02 1.89800677e-03 6.66140695e-04 9.05177207e-04
 1.23596285e-04 1.45595265e-03 4.30002250e-03 4.26347647e-03
 7.47118518e-03 3.52279865e-04 2.28110522e-01 3.60468566e-01
 1.15805515e-03 1.36307430e+00 5.33357374e-02 4.16096859e-03
 9.27713816e-04 1.39916781e-04 2.19503418e-04 1.78699754e-02
 1.50893396e-03 4.12502559e-04 3.10197878e+00 2.37432832e-04
 3.26948822e-04 6.63817720e-03 4.01792408e-04 6.20715437e-05
 7.46880774e-04 4.53370437e-03 1.12909041e-02 1.79843535e-03
 1.78063114e-04 5.19788265e-02 6.06254209e-04 7.23350851e-04
 1.61006413e-02 1.20473374e-03 2.98730254e-01 7.89091364e-03
 1.02480280e-03 4.55952361e-02 4.32535633e-03 3.95535398e-03
 1.47465360e-03 1.28190555e-02 1.38897938e-03 8.96847923e-05
 2.35610479e-03 9.94437188e-03 8.49594176e-03 1.18567259e-03
 1.49620068e-03 2.53349217e-03 5.11423685e-03 8.74471106e-03
 2.50191730e-03 1.87594086e-01 2.63998926e-01 4.11045924e-03
 4.06014640e-03 5.33361873e-03 1.48710892e-01 4.49982006e-03
 3.37124802e-04 1.53451459e-04 2.71019270e-03 2.17155763e-03
 8.12241109e-04 1.51625238e-02 1.44565594e-04 3.03496199e-04
 6.26418274e-03 1.34358183e-03 6.24466338e-04 1.30696129e-03
 3.08613554e-02 5.13448671e-04 2.31569968e-02 2.19515014e+00
 2.00273236e-03 3.18230577e-02 7.17675090e-01 4.46858443e-03
 9.58422184e+00 6.03139102e-02 1.91495158e-02 2.55616894e-03
 5.79402149e-02 1.08176703e-03 2.54960358e-02 9.03032778e-04
 6.96891220e-05 1.05418158e+00 2.71982281e-03 8.55349761e-04
 2.53953226e-03 1.10245706e-03 1.50252938e+00 9.59163997e-03
 1.49937440e-03 2.23841344e-04 6.86396961e-05 5.75733429e-04
 1.03832874e-02 2.12893151e-02 2.95958761e-03 4.24249656e-03
 2.13238187e-02 9.61921085e-03 4.04717866e-07 4.19084739e-04
 3.10030591e-04 1.51652424e-03 6.82593137e-03 4.87655848e-02
 2.13561533e-03 1.87005196e-03 1.01436806e+00 2.39194324e-03
 4.91235871e-03 6.79427758e-05 1.25958887e-03 1.07280631e-03
 4.04456747e-04 1.01098523e-03 4.35217097e-03 2.90349335e-03
 1.18902815e-03 1.38933901e-02 8.53326754e-04 1.18990662e-03
 5.96860703e-03 3.28546041e-03 5.07710278e-02 1.24809491e-02
 2.60296103e-04 7.20942486e-03 3.81036941e-03 2.07076222e-03
 2.84522539e-03 1.06584537e-03 1.98580697e-02 1.58591033e-03
 4.93118598e-04 3.72545468e-03 2.41021976e-01 6.20015955e-04
 2.37049954e-03 1.33913127e-03 1.51847606e-03 2.11578328e-04
 2.27206089e-02 2.01468472e-04 2.09727660e-02 1.54402685e+00
 3.84238374e-04 6.09607494e-04 4.57227521e-04 2.61037890e-03
 6.89032255e-03 4.38536480e-02 1.24063808e-05 6.52419985e-04
 4.68291808e-04 3.82856280e-01 2.92868412e-04 6.64319657e-03
 1.73265114e-03 1.52563661e-01 1.93532463e-03 2.61679627e-02
 2.33056780e-04 6.63213257e-04 4.84777847e-04 1.81482941e-01
 1.50750065e-03 4.95562889e-03 2.51771009e-04 4.38141928e-04
 1.01379352e-03 5.36913425e-03 7.92495441e-03 1.35701732e-03
 2.05904967e-03 1.32119865e-03 1.25942919e-02 9.02164634e-03
 2.65237736e-03 1.63447589e-03 5.46179805e-03 3.16354563e-04
 1.16365049e-02 1.41808414e-05 3.60986451e-05 1.54461324e-01
 5.31324521e-02 3.93140363e-05 1.20094232e-03 1.22705533e-03
 2.16857530e-03 2.90238531e-04 2.33961595e-03 4.05400386e-03
 6.40715053e-03 4.04362679e-02 9.78596625e-04 2.67014839e-05
 5.01834438e-04 3.34197888e-04 1.83153999e+00 7.24959373e-03
 3.65372398e-04 9.97396652e-04 2.51137477e-04 2.26103794e-03],-97.39331,-107.6589,-338.39404,1.0590487,2.0457273,0.9239385,0.92911637,3.13304,-2.440533,29.953915,158.43604,5.887456,0.47754535,0.5585695,-147.77313,147.77313,[1.69248313e-01 1.59239594e+02 3.56713428e+03 7.96579834e+03
 4.78301001e+00 2.19403828e+04 3.77394638e+01 1.01057762e+02
 6.23860779e+01 9.51189899e+00 8.30884933e+00 7.18071699e+00
 4.96824837e+01 9.51129150e+01 5.85590027e+02 1.41427374e+01
 2.85375061e+02 2.80296167e+03 3.19390991e+02 3.89020882e+01
 3.93033051e+02 5.59603043e+01 9.49350662e+01 3.14323792e+02
 2.63213135e+02 1.76893902e+01 1.28401909e+01 7.78434525e+01
 9.20363086e+03 2.33022099e+01 8.33306961e+01 1.07916107e+01
 4.73038788e+01 3.56322174e+01 2.16270294e+01 1.97914001e+03
 3.61674547e+00 7.25880518e+03 5.56294441e+01 3.34529152e+01
 4.34072070e+03 1.88746414e+01 1.03951172e+02 2.22403145e+01
 7.39109268e+01 1.70945630e+03 4.78641223e-03 6.52474548e+02
 2.71040680e+02 1.10583092e+02 2.17396584e+01 4.58612175e+01
 9.11393982e+02 8.77006292e-01 1.28967133e+01 1.20643151e+00
 7.01166821e+00 1.84197159e+01 3.36215973e+02 2.68853333e+02
 1.07370913e+00 4.12665100e+01 5.72676544e+01 3.50109894e+02
 3.11671997e+02 1.62554062e+02 2.35881882e+01 8.32141800e+01
 6.32747116e+01 6.21320229e+01 4.50658894e+00 1.77734356e+01
 1.11960609e+02 2.34735779e+02 5.79076719e+00 3.22191894e-01
 6.29257629e+02 1.22812744e+02 1.02740545e+01 9.05941101e+02
 4.66585754e+02 8.49661865e+01 5.42142334e+01 1.60068802e+02
 2.99600525e+01 1.54056082e+01 1.63111292e+03 3.66421165e+01
 4.75129051e+01 3.15476120e-01 2.31360588e-02 2.76370239e+01
 4.04048729e+01 1.99645538e+02 7.20533550e-01 1.97704353e+01
 5.87309326e+02 1.66228447e+01 1.70953350e+01 2.00192780e+02
 2.62614014e+02 3.22644119e+01 4.12003906e+02 5.54617249e+02
 1.97656612e+01 7.10344727e+02 1.01950745e+02 2.23877588e+03
 2.15054264e+01 7.98464478e+02 7.64838638e+01 4.56321640e+01
 7.16726990e+01 2.75093018e+02 3.77336884e+01 2.46189743e+02
 4.21517581e-01 2.24916096e+01 6.95215464e+00 1.62023220e+01
 9.14347458e+00 4.08127480e+01 3.75821800e+01 2.52422571e+00
 8.86047058e+01 3.31268730e+01 4.69689274e+00 2.12752223e-02
 6.45054281e-02 3.83662262e+01 5.01426163e+01 2.25110077e+02
 6.80312576e+01 4.73474762e+02 2.69720840e+01 1.90470886e+02
 2.59630241e+01 1.41425829e+01 2.31816406e+01 3.05015106e+01
 2.19299812e+01 2.30672943e+02 3.01708252e+02 7.80312439e+02
 2.19799927e+02 1.76207962e+01 2.78602486e+01 1.82811222e+01
 8.55123672e+01 4.18080322e+02 1.27954216e+01 1.61380829e+02
 6.50325012e+02 2.60355091e+00 1.88662308e+02 4.03781223e+00
 4.01956848e+02 2.39474983e+01 2.05571930e+02 2.88851135e+02
 1.44286102e+02 8.48008728e+01 7.70167160e+01 4.69976562e+02
 2.71110779e+02 2.77605171e+01 2.00013638e+01 2.41003275e+00
 2.98466553e+02 2.05839453e+03 2.12909073e+02 9.87053585e+00
 3.60024353e+02 9.47334595e+02 2.78545094e+01 3.56330795e+01
 1.37839722e+02 2.09359074e+01 3.33442712e+00 1.00192795e+02
 2.73836174e+01 3.49064667e+02 9.13381348e+02 1.12952400e+02
 2.90478935e+01 1.47214909e+01 1.42890975e-01 7.94322433e+01
 4.49730453e+01 2.15168726e+03 1.14705212e+03 3.65605316e+02
 8.91884041e+00 1.44910431e+01 1.08396423e+02 2.73445862e+02
 8.23346233e+00 3.04508996e+00 1.01822603e+00 4.25494003e+01
 2.06405449e+01 9.39077301e+01 8.17140732e+01 7.86600685e+00
 1.56952219e+01 2.03366582e+04 1.59921356e+02 3.56162323e+02
 1.07234589e+02 3.98087524e+02 7.28076744e+00 2.22840860e-01
 4.49074249e+01 4.11131787e+03 9.08413696e+01 2.94496735e+02
 1.10772232e+02 1.89698761e+02 4.33000374e+00 2.49809189e+01
 7.11799438e+02 1.36389179e+01 3.94759979e+01 8.79230347e+01
 1.98088799e+01 1.19522141e+02 3.43746452e+01 3.98402154e-01
 2.25921555e+01 1.82808838e+02 6.69284286e+01 1.16487074e+00
 1.32091579e+01 3.79836464e+01 6.73447037e+01 1.24433298e+01
 5.83533144e+00 4.32430762e+03 3.63545380e+01 2.23460693e+01
 1.41521912e+02 3.68253876e+02 1.14363270e+01 6.32212029e+01
 6.70834780e+00 2.11098785e+01 3.79010510e+00 2.92454437e+02
 8.21611694e+02 5.98044800e+02 7.66339188e+01 2.63472481e+01
 7.43136024e+00 1.65283775e+01 2.77551060e+01 1.07115112e+03],630.99713,[3.77032638e-01 1.50968307e+02 2.30820898e+03 7.60087793e+03
 5.10719757e+01 2.28793368e-01 2.71639271e+01 5.02887077e+01
 3.56769485e+01 1.24811029e+00 6.01176643e+00 2.12468696e+00
 2.03579521e+01 1.98628750e+01 5.37775330e+02 6.96442642e+01
 1.04095667e+03 2.43477686e+03 4.71959734e+00 9.36877632e+00
 7.87023926e+01 2.08854389e+00 1.30319061e+01 2.53952820e+02
 2.87040100e+02 5.30347824e+00 6.55776024e+00 3.35898933e+01
 3.72629639e+02 5.61480856e+00 6.41786499e+01 2.18153548e+00
 4.17631769e+00 2.43256302e+02 3.05622149e+00 2.02271130e+03
 1.18232746e+01 1.36054531e+04 1.16679878e+01 2.79048271e+01
 2.78310352e+03 2.40041161e+01 5.92025986e+01 1.54816449e+00
 2.72093582e+01 1.64415552e+03 1.41552519e-02 1.32407959e+02
 4.34423401e+02 5.08642614e-01 2.32705617e+00 1.58031683e+01
 7.14840775e+01 2.67949271e+00 9.60348320e+00 1.41682184e+00
 2.33557568e+01 4.76813745e+00 6.13473877e+02 2.13464502e+03
 9.26775837e+00 6.87751889e-01 1.40162430e+01 1.66445679e+02
 2.95975769e+02 2.03579590e+02 6.73822820e-01 1.42109561e+00
 5.31861305e+01 3.64801865e+01 2.35101223e+00 2.67085338e+00
 1.96745926e+02 4.28402740e+02 7.09079742e+00 6.25787020e-01
 5.75699951e+02 2.25946331e+01 5.94543362e+00 3.40026093e+01
 1.24817688e+02 9.65041161e+00 1.69124353e+00 6.83591080e+01
 1.42198744e+01 2.48191872e+01 1.48707166e+03 9.80530071e+00
 1.21377459e+01 3.80242407e-01 4.71271016e-02 5.93040609e+00
 1.09037094e+01 2.03175934e+02 4.59025085e-01 1.07091198e+01
 5.95727615e+01 1.86400833e+01 8.97199535e+00 2.29610779e+02
 2.03272873e+02 5.65427742e+01 4.57556641e+02 4.70328033e+02
 3.31077957e+01 8.21440430e+02 1.80539160e+03 6.45670166e+01
 1.43659592e+00 6.40960083e+02 3.53202248e+01 4.41992569e+00
 2.00252670e+02 4.28243561e+02 2.59483833e+01 1.08218445e+02
 2.25580006e+01 4.19251900e+01 1.75434625e+00 4.05165792e-01
 3.19847775e+00 3.43335190e+01 3.61145020e+01 7.92367663e-03
 2.64169617e+01 1.33187256e+02 7.29218543e-01 2.05538559e+00
 1.50267420e+01 7.40370026e+01 5.83494711e+00 1.23687904e+02
 1.05665810e+02 5.43283813e+02 2.86611438e+00 4.90389347e+00
 7.33193254e+00 1.76001320e+01 1.85118246e+00 1.40710020e+01
 4.59317654e-01 1.19053540e+03 1.48348579e+01 1.04627063e+03
 3.99664617e+00 7.74842501e+00 1.34903900e+02 3.89844149e-01
 2.91356831e+01 2.40480919e+01 3.03300560e-01 1.59004211e+02
 1.41506210e+02 2.61696601e+00 1.16310074e+02 2.39801979e+00
 4.98586761e+02 5.84780645e+00 3.41388208e+03 2.41204910e+01
 2.55249710e+02 4.46124191e+01 9.09907990e+01 3.14954773e+02
 1.57030411e+02 3.50706291e+00 3.75789618e+00 5.21955204e+00
 1.15850281e+02 4.01005322e+03 4.15800591e+01 1.00942212e+03
 1.66022369e+02 8.41860107e+02 2.41283531e+01 6.09988308e+00
 1.35239229e+01 2.29333901e+00 1.44610703e+00 6.32360954e+01
 4.23847923e+01 2.32668594e+02 1.51467383e+03 1.30613875e+00
 1.32326706e+02 2.89948273e+01 1.01744261e+01 2.06562304e+00
 1.79946613e+01 3.90084106e+02 2.97374512e+02 1.27125290e+02
 5.62395172e+01 9.21187162e-01 4.01987076e+01 2.08794678e+02
 4.34166098e+00 2.19374409e+01 5.91127396e-01 1.13945122e+01
 2.07247162e+01 2.53764763e+01 2.05619030e+01 9.80155087e+00
 2.12161922e+00 2.38352910e+04 1.51646709e+00 9.24823242e+02
 9.33296753e+02 6.55458755e+01 2.51990199e-01 1.33009888e+02
 2.57827734e+03 2.51654272e+03 5.40382080e+01 1.89229462e+02
 4.78978996e+01 2.66809978e+01 4.11158562e-01 2.27702579e+01
 3.36488581e+00 4.34457302e+00 8.54837341e+01 4.99131622e+01
 7.62037430e+01 1.24859095e+01 1.32163324e+01 4.86485124e-01
 4.71438599e+00 4.69774292e+02 9.77536869e+00 3.38857174e-01
 1.15658653e+00 4.21535778e+00 3.01812148e+00 9.08256626e+00
 1.55699480e+00 1.40598535e+03 2.16391724e+02 6.71320486e+00
 6.27860527e+01 4.04394318e+02 5.14732647e+00 9.19726193e-01
 6.31510544e+00 8.39944839e+00 1.08288879e+01 1.89145874e+02
 3.00079834e+02 6.33213844e+01 2.00148712e+02 6.30556059e+00
 2.53591132e+00 1.50200977e+01 4.43290174e-02 4.63631989e+02],-101.36717,-156.68445,-331.85938,2.4108758,27.481987,0.7078757,0.9517778,0.015842756996154787,16699.89186024666,0.5,0.5,-0.06509474219247996,-0.00039162838044466463,-0.06512543541418434,-0.0005826142487778673,-0.36658452902104305,37.59999999999999,0.0,999750.0,-1.0,-762.0,750.0,10.9901864528656,1000000
